EAN,Produto_Original,Status,Preço_De_Tabela,Preço_Pix,Preço_Cartão,Farmácia
7.89624E+12,"Drenison 0,125mg/g Creme 30g",Disponível,47.86,40.01,42.12,Vera Cruz
7.89862E+12,Glargilin 100ui/ml 1 caneta descartável preenchida com 3ml de solução injetável,Disponível,76.63,64.06,67.43,Vera Cruz
7.89609E+12,Naprix 5mg 90 comprimidos,Disponível,188.01,135.75,71.45,Vera Cruz
7.89671E+12,"Fluidificante Nasal Neosoro 0,9% Fluid Spray 50ml",Esgotado,32.14,30.53,32.14,Vera Cruz
7.89652E+12,Cimegripe 20 cápsulas,Disponível,29.43,13.21,13.9,Vera Cruz
7.89295E+12,"OSTEOTEC - 150mg, 1 comprimido revestido",Esgotado,96.77,79.98,84.19,Vera Cruz
7.89843E+12,"Suplemento Vitamínico Unizinco 17,60mg/ml Sabor Tutti Frutti 100ml",Disponível,34.74,29.71,31.27,Vera Cruz
7.89633E+12,Calotrat Hertz Solução 5ml,Disponível,17.9,14.62,15.39,Vera Cruz
7.89611E+12,Venaflon 900mg + 100mg 60 comprimidos,Disponível,270.29,102.71,54.06,Vera Cruz
7.89666E+12,Montelair 4mg Sabor Cereja 30 comprimidos mastigáveis,Disponível,78.9,62.22,65.49,Vera Cruz
7.896E+12,Hormoskin Creme Dermatológico 15g,Disponível,100.48,89.73,94.45,Vera Cruz
7.89666E+12,Esalerg 5mg 10 comprimidos revestidos,Disponível,70.48,58.25,61.32,Vera Cruz
7.89295E+12,Flodin Duo 150mg 10 comprimidos de liberação controlada,Esgotado,62.83,48.94,51.52,Vera Cruz
7.89623E+12,Óleo Mineral ADV Farma 100% Puro 100ml,Disponível,14.9,12.04,12.67,Vera Cruz
7.89671E+12,Pepsamar Sabor Menta 10 comprimidos mastigáveis,Disponível,9,7.95,8.37,Vera Cruz
7.89132E+12,Tâmisa 30 75mcg + 30mcg 21 drágeas,Disponível,39.79,31.38,33.03,Vera Cruz
7.89803E+12,Diamicron MR 60mg 60 comprimidos de liberação prolongada,Disponível,211.69,160.88,56.45,Vera Cruz
7.89172E+12,"Concor 1,25mg 30 comprimidos revestidos",Disponível,77.14,57.16,60.17,Vera Cruz
7.89111E+12,Gyno - Icaden 10mg/g Creme Vaginal 40g + 7 aplicadores,Esgotado,100.91,83.4,87.79,Vera Cruz
7.89492E+12,Neutrofer 500mg 30 comprimidos revestidos,Disponível,93.25,75.3,79.26,Vera Cruz
7.89603E+12,Laxol Sabor Hortelã 60ml,Esgotado,29.9,25.56,26.91,Vera Cruz
7.89111E+12,Icaden 10mg/g Creme Dermatológico 20g,Disponível,52.34,46.25,48.68,Vera Cruz
7.89807E+12,Spidufen 1155mg Sabor Damasco com 10 Envelopes de 3g cada,Disponível,55.37,45.76,48.17,Vera Cruz
7.89104E+12,Pastilhas para Garganta Strepsils Sabor Mel e Limão 8 pastilhas,Disponível,17.49,14.13,14.87,Vera Cruz
7.89586E+12,Emla 5%  Creme 5g + 2 bandagens oclusivas,Esgotado,31.44,26.89,28.3,Vera Cruz
7.89618E+12,Cordarex 10mg 30 comprimidos,Disponível,61.03,48.12,50.65,Vera Cruz
7.89633E+12,Resfenol Xarope Sabor Laranja 100ml,Disponível,32.87,31.23,32.87,Vera Cruz
7.896E+12,Capy Solução Capilar 50mg/ml 2 frascos de 50ml cada,Esgotado,103.21,98.05,51.61,Vera Cruz
7.89601E+12,Doxaprost 4mg 30 comprimidos,Disponível,74.65,34.04,35.83,Vera Cruz
7.89666E+12,"Feminique Conti 3mg + 0,03mg 28 comprimidos",Disponível,70.23,56.04,58.99,Vera Cruz
7.89664E+12,Retemic 5mg 30 comprimidos,Disponível,45.29,37.43,39.4,Vera Cruz
7.89295E+12,Pyridium 100mg 25 Drágeas,Disponível,29.9,22.44,23.62,Vera Cruz
7.89652E+12,"Loratadina 1mg/ml, Cimed 100ml",Disponível,35.8,14.96,15.75,Vera Cruz
7.89611E+12,"Vonau Flash 8mg, Sabor Menta 10 comprimidos de desintegração oral",Disponível,97.38,63.83,67.19,Vera Cruz
7.89666E+12,Mirtax 5mg 30 comprimidos revestidos,Esgotado,0,0,0,Vera Cruz
7.89609E+12,Stanglit 15mg 30 comprimidos,Disponível,94.97,68.57,72.18,Vera Cruz
7.89664E+12,Mesacol 250mg 15 supositórios,Disponível,82.27,64.87,68.28,Vera Cruz
7.89734E+12,Singulair 10mg 30 comprimidos,Disponível,94.53,72.74,76.57,Vera Cruz
7.89666E+12,Bravan Duo 160mg/5mg 30 comprimidos,Disponível,70.68,55.73,58.66,Vera Cruz
7.89732E+12,Vitamina D3 Addera D3 50.000UI 10 comprimidos revestidos,Esgotado,298.77,283.83,99.59,Vera Cruz
7.89609E+12,Siblima 60mcg + 15mcg 24 comprimidos revestidos,Disponível,46.62,34.54,36.36,Vera Cruz
7.89741E+12,Loxonin 60mg 30 comprimidos,Disponível,81.54,63.52,66.86,Vera Cruz
7.89611E+12,Doss Zinco 2000UI + 20mg 60 cápsulas gelatinosas moles,Disponível,72.5,68.88,72.5,Vera Cruz
7.89666E+12,Cefalium One 750mg 20 Comprimidos,Disponível,32.46,26.21,27.59,Vera Cruz
7.89132E+12,Piemonte10mg 30 comprimidos revestidos,Disponível,76.5,58.87,61.97,Vera Cruz
7.89623E+12,Calicida Solução ADV 10ml,Disponível,25.9,24.61,25.9,Vera Cruz
7.89734E+12,Microdiol 150mcg + 30mcg 21 comprimidos,Disponível,52.41,34.35,36.16,Vera Cruz
7.89668E+12,Funtyl 250mg 14 comprimidos,Esgotado,158.46,150.54,52.82,Vera Cruz
7.89664E+12,Unoprost 2mg 30 comprimidos,Disponível,36.48,30.15,31.74,Vera Cruz
7.89608E+12,"Imunoflan 307,39mg/ml Xarope 120ml",Esgotado,136.96,113.2,59.58,Vera Cruz
7.89492E+12,Propranolol 10mg 30 comprimidos,Disponível,10.82,8.43,8.87,Vera Cruz
7.89611E+12,"Press Plus 2,5mg + 10mg 30 cápsulas",Disponível,78.95,75,78.95,Vera Cruz
7.89609E+12,"Iziz 2,5mg + 1,5mg 28 Comprimidos Revestidos",Disponível,59.61,45.31,47.69,Vera Cruz
7.89345E+12,"Dermosalic 0,5mg/ml + 20,0mg/ml 30ml",Disponível,53.06,22.69,23.88,Vera Cruz
7.89132E+12,Tâmisa 30 Sem Parar 75mcg + 30mcg 28 drágeas,Disponível,51.68,40.75,42.89,Vera Cruz
7.89609E+12,"Nesina Met* 12,5mg + 1000mg 60 comprimidos revestidos",Esgotado,191.75,182.16,63.92,Vera Cruz
7.89623E+12,Endofolin 5mg 30 comprimidos revestidos,Disponível,47.26,38.61,40.64,Vera Cruz
7.89626E+12,Tanakan 120mg 30 comprimidos revestidos,Disponível,367.35,275.7,96.74,Vera Cruz
7.89666E+12,Decongex Plus 4 comprimidos,Disponível,10.76,9.41,9.9,Vera Cruz
7.89172E+12,Euthyrox 200mcg 50 comprimidos,Disponível,74.87,54.06,56.9,Vera Cruz
7.89626E+12,Diovan 160mg 28 comprimidos revestidos,Disponível,151.14,143.58,50.38,Vera Cruz
7.89586E+12,Zyloric 100mg 30 comprimidos,Disponível,23.65,19.77,20.81,Vera Cruz
7.89652E+12,Leite de Magnésia 80mg/ml Sem Sabor 120ml,Esgotado,12.9,6.62,6.97,Vera Cruz
7.89618E+12,DERMOMAX - 40mg/g 1 bisnaga com 5g de creme de uso dermatológico,Esgotado,31.23,29.67,31.23,Vera Cruz
7.89609E+12,Neosaldina 4 drágeas,Disponível,9.2,7.08,7.45,Vera Cruz
7.89623E+12,Tamiflu 75mg 10 cápsulas,Esgotado,388.52,369.09,129.51,Vera Cruz
7.89132E+12,Primera 20 150mcg + 20mcg 63 comprimidos,Disponível,94.63,72.82,76.65,Vera Cruz
7.89608E+12,Prostatal 160mg 30 cápsulas moles,Disponível,168.34,142.33,74.91,Vera Cruz
7.89655E+12,Solução Oftálmica Simbrinza 10mg/ml + 2mg/ml 8ml,Disponível,164.17,155.96,54.72,Vera Cruz
7.89623E+12,Salonpas Air Aerosol 80ml,Disponível,52.61,43.48,45.77,Vera Cruz
7.89114E+12,Predsim 5mg 20 comprimidos,Disponível,27.77,23.22,24.44,Vera Cruz
7.89652E+12,Loratamed 10mg Cimed 12 comprimidos,Disponível,22.44,4.84,5.09,Vera Cruz
7.89671E+12,Torsilax Neo Química 30 comprimidos,Disponível,36.13,15.45,16.26,Vera Cruz
7.89666E+12,Diosmin 450mg + 50mg 30 comprimidos revestidos,Disponível,70.37,66.85,70.37,Vera Cruz
7.89803E+12,"ARCALION - 200mg, 60 drágeas",Esgotado,173.41,149.91,52.6,Vera Cruz
7.89492E+12,Neutrofer Fólico 150mg + 5mg 30 comprimidos revestidos,Esgotado,46.94,39.69,41.78,Vera Cruz
7.89172E+12,Floralyte 45 Sabor Guaraná 500ml,Esgotado,23.12,21.96,23.12,Vera Cruz
7.89611E+12,"Embo 2,5mg 20 comprimidos revestidos",Disponível,78.92,56.23,59.19,Vera Cruz
7.89741E+12,"Cutisanol 3mg/g + 1,5mg/g + 93,33mg/g Pó 150g",Disponível,56.5,46.7,49.16,Vera Cruz
7.89609E+12,Ondif 8mg 10 filmes,Disponível,92.65,80.98,85.24,Vera Cruz
7.89803E+12,Vastarel MR 35mg 60 comprimidos de liberação prolongada,Disponível,203.68,154.79,54.31,Vera Cruz
7.89664E+12,Lonium 40mg 60 comprimidos revestidos,Disponível,143.94,121.7,64.06,Vera Cruz
7.89642E+12,Zinpass 10mg 30 comprimidos revestidos,Disponível,68.71,52.88,55.66,Vera Cruz
7.89295E+12,"Tecnomet 2,5mg 20 comprimidos",Disponível,44.94,32.87,34.6,Vera Cruz
7.89492E+12,Somalgin Cardio 200mg 32 comprimidos revestidos de dupla camada,Disponível,31.67,25.57,26.92,Vera Cruz
7.89618E+12,Lotar 5mg + 50mg 30 cápsulas,Disponível,88.06,68.6,72.21,Vera Cruz
7.89295E+12,"Condroflex 1,5g + 1,2g 30 sachês com pó para solução oral",Disponível,157.65,104.84,55.18,Vera Cruz
7.89664E+12,Miosan 5mg 10 comprimidos revestidos,Disponível,20.4,10.66,11.22,Vera Cruz
7.89664E+12,Lactosil 10.000 FCC contém 30 Sachês 2g cada,Disponível,94.9,78.43,82.56,Vera Cruz
7.89101E+12,Analgésico Tylenol 500mg 20 comprimidos revestidos,Disponível,37.44,28.1,29.58,Vera Cruz
7.89601E+12,Neocopan Composto Gotas 10ml,Disponível,16.23,15.42,16.23,Vera Cruz
7.89609E+12,Doril Enxaqueca 4 comprimidos revestidos,Disponível,10.71,9.05,9.53,Vera Cruz
7.89627E+12,Valtrex 500mg 42 comprimidos revestidos,Esgotado,802.95,762.8,267.65,Vera Cruz
7.89666E+12,Cefaliv Aché 12 comprimidos,Disponível,22.78,20.13,21.19,Vera Cruz
7.89609E+12,Lisador Dip 1g 8 comprimidos,Disponível,19.82,17.7,18.63,Vera Cruz
7.89611E+12,Ecasil 81 81mg 90 comprimidos revestidos,Disponível,51.37,40.99,43.15,Vera Cruz
8.90222E+12,Rosucor 10mg 30 comprimidos revestidos,Disponível,44.79,31.07,32.7,Vera Cruz
7.89732E+12,Maxsulid 400mg 10 Comprimidos,Disponível,51.01,43.13,45.4,Vera Cruz
7.89664E+12,"Xafac 2,5mg 30 comprimidos",Disponível,95.32,62.48,65.77,Vera Cruz
7.89666E+12,"Adinos 0,5mg/g Gel Creme 15g",Disponível,22.2,18.98,19.98,Vera Cruz
7.89172E+12,Glifage XR 850mg 30 comprimidos de liberação prolongada,Disponível,42.48,32.28,33.98,Vera Cruz
7.89666E+12,Domped 5ml/ml Gotas 20ml,Esgotado,61.83,58.74,61.83,Vera Cruz
7.89609E+12,Pomada Dermatológico Nebacetin 15g,Disponível,31.99,27.35,28.79,Vera Cruz
7.89804E+12,Complexo Homeopático Almeida Prado N 46 60 Comprimidos,Disponível,42.26,31.31,32.96,Vera Cruz
7.89111E+12,Allurene 2mg 28 comprimidos,Esgotado,242.74,184.48,64.73,Vera Cruz
7.896E+12,"Hormoskin 40mg/g + 0,5mg/g + 0,1mg/g Creme Dermatológico 30g",Disponível,180.86,161.51,56.67,Vera Cruz
7.89602E+12,Sal de Frutas Eno Laranja 100g,Disponível,30.73,23.66,24.9,Vera Cruz
7.89664E+12,Proctyl 50mg/g + 10mg/g Pomada 10 bisnagas com 3g cada + 10 aplicadores,Disponível,95.69,79.09,83.25,Vera Cruz
7.89804E+12,"Solução Nasal Maresis 0,9% Spray Jato Contínuo 100ml",Disponível,55.34,48.9,51.47,Vera Cruz
7.89633E+12,Emulsão Sanasar 250mg/ml 100ml,Disponível,25.51,19.14,20.15,Vera Cruz
7.89609E+12,Caltren 10mg 30 comprimidos,Disponível,86.57,64.97,68.39,Vera Cruz
7.896E+12,Dermobene 10mg/ml 20ml,Esgotado,35.28,21.12,22.23,Vera Cruz
7.89671E+12,Neo Fólico 5mg Neo Química 20 comprimidos revestidos,Disponível,13.71,8.85,9.32,Vera Cruz
7.896E+12,Esomex 40mg 56 comprimidos revestidos de liberação retardada,Disponível,166.4,158.08,55.47,Vera Cruz
7.89816E+12,"Pediderm 0,2mg/ml  Loção 100ml",Disponível,27.97,22.58,23.77,Vera Cruz
7.89626E+12,Diovan 320mg 28 comprimidos revestidos,Esgotado,151.14,143.58,50.38,Vera Cruz
7.89666E+12,Betadine XR 48mg 30 comprimidos,Disponível,87.46,68.13,71.72,Vera Cruz
7.89114E+12,"Antialérgico Polaramine Xarope 0,4mg/ml Sabor de Frutas 120ml",Disponível,39.98,35.32,37.18,Vera Cruz
7.89609E+12,Antiácido Pó Efervescente Estomazil Sabor Sem Sabor 6 envelopes com 5g cada,Disponível,15.49,11.92,12.55,Vera Cruz
7.89609E+12,Neosaldina 20 drágeas,Disponível,35.99,26.67,28.07,Vera Cruz
7.89664E+12,"Colchis 0,5mg 30 comprimidos",Disponível,84.69,38.62,40.65,Vera Cruz
7.89747E+12,"Adacne 0,1% Gel 30g",Esgotado,54.42,51.7,54.42,Vera Cruz
7.89804E+12,"Adoless 3 0,060mg + 0,015mg 84 comprimidos revestidos",Disponível,131.65,100.05,52.66,Vera Cruz
7.89666E+12,Diosmin SDU 900mg + 100mg Sabor Laranja / Limão 30 sachês com 5g cada,Esgotado,198.62,188.69,66.21,Vera Cruz
7.89132E+12,Primera 30 150mcg + 30mcg 21 comprimidos,Disponível,45.05,35.52,37.39,Vera Cruz
7.89732E+12,Solução Oftálmica Relestat 5mg/ml 5ml,Disponível,82.88,74.01,77.91,Vera Cruz
7.89127E+12,Ponstan 500mg 24 comprimidos,Disponível,47.38,39.16,41.22,Vera Cruz
7.89652E+12,Valerimed 50mg 20 comprimidos revestidos,Esgotado,27.34,19.74,20.78,Vera Cruz
7.89609E+12,Atroveran Dip 1g 20 comprimidos,Disponível,27.49,23.5,24.74,Vera Cruz
7.89611E+12,Xefo 8mg 30 comprimidos revestidos,Disponível,54.33,43.87,46.18,Vera Cruz
7.89741E+12,Hirudoid 300 Gel 3mg/g 40g,Disponível,42.39,40.27,42.39,Vera Cruz
7.89114E+12,"Diprosone 0,5mg/ 30ml",Disponível,55.36,47.86,50.38,Vera Cruz
7.89807E+12,Xarope Seki 120ml,Disponível,32.49,27.46,28.91,Vera Cruz
7.89609E+12,Benegrip Multi Dia 20 comprimidos,Disponível,45.99,41.07,43.23,Vera Cruz
7.89603E+12,Laxante Dulcolax 5mg 20 drágeas,Disponível,20.47,17.38,18.29,Vera Cruz
7.89626E+12,"Diovan HCT 160mg + 12,5mg Novartis 28 comprimidos revestidos",Disponível,157.14,149.28,52.38,Vera Cruz
7.89611E+12,Ferronil 40mg 50 comprimidos revestidos,Disponível,15.15,9.06,9.54,Vera Cruz
7.89492E+12,Enavo 8mg 10 comprimidos EMS,Disponível,59.85,43.78,46.08,Vera Cruz
7.89609E+12,Lisador Cólica 20 comprimidos revestidos,Disponível,27.97,24.98,26.29,Vera Cruz
7.89734E+12,Nites 50mcg/automatizção Spray 120 dose 17ml,Esgotado,70.44,60.23,63.4,Vera Cruz
7.89795E+12,Creme de Arnica Cimed com Mentol 60g,Esgotado,14.9,9.62,10.13,Vera Cruz
7.89132E+12,"Holmes H 40mg + 12,5mg 30 comprimidos revestidos",Disponível,90.04,65.86,69.33,Vera Cruz
7.89642E+12,Respiratus 7mg/m Xarope Aroma Artificial de Cereja 100ml,Disponível,40.63,34.35,36.16,Vera Cruz
7.89666E+12,Bravan 80mg 30 comprimidos revestidos,Disponível,51.91,49.31,51.91,Vera Cruz
7.89664E+12,Eniagor 50mg/ml Solução Capilar 2 frascos 50ml cada,Esgotado,111.29,65.55,69,Vera Cruz
7.89637E+12,Castanha da Índia Atalaia 30 drágeas,Disponível,60.21,50.91,53.59,Vera Cruz
7.89713E+12,"Verrux 0,20g/ml + ,015ml/ml Solução 10ml",Disponível,78.9,68.86,72.48,Vera Cruz
7.89609E+12,Cebralat 100mg 60 comprimidos,Esgotado,94.72,67.49,71.04,Vera Cruz
7.89858E+12,"Belarina 2mg + 0,02mg 28 comprimidos revestidos",Disponível,68.01,51.69,54.41,Vera Cruz
7.89132E+12,Coltrax 4mg 20 comprimidos,Disponível,71.46,57.7,60.74,Vera Cruz
7.89962E+12,Xarope Specdera Sabor Cereja 100ml,Esgotado,27.19,22.99,24.2,Vera Cruz
7.89666E+12,Prolive 30 cápsulas,Disponível,129.9,123.41,64.95,Vera Cruz
7.89609E+12,Antiácido Pó Efervescente Estomazil Sabor Guaraná 5g,Disponível,3.48,2.75,2.89,Vera Cruz
7.89127E+12,Viagra 50mg 2 Comprimidos,Disponível,76.29,63.05,66.37,Vera Cruz
7.89116E+12,Vitamina D Sof D 7.000 UI 8 cápsulas gelatinosas moles,Disponível,35.55,29.04,30.57,Vera Cruz
7.89633E+12,Ritmoneuran RTM Solução Oral 100ml,Esgotado,29.9,22.15,23.32,Vera Cruz
7.89492E+12,Vynaxa 10mg 30 Comprimidos Revestidos,Disponível,53.39,42.09,44.31,Vera Cruz
7.89602E+12,Camomila Composta Catarinense Solução Oral 150ml,Disponível,39.9,28.8,30.32,Vera Cruz
7.89127E+12,"Xalatan 50mcg/ml Colírio 2,5ml",Disponível,253,211.51,74.21,Vera Cruz
7.89106E+12,"Laxante Guttalax 7,5mg/ml 30ml",Disponível,47.22,44.86,47.22,Vera Cruz
7.89666E+12,Nisulid Dispersível 100mg 12 comprimidos dispersíveis,Disponível,74.89,60.48,63.66,Vera Cruz
7.89633E+12,Xarope Glyteol 200mg/15ml com Mentol 100ml,Esgotado,28.68,19.08,20.08,Vera Cruz
7.89609E+12,Vabam 20mg 30 comprimidos revestidos,Esgotado,190.72,181.18,63.57,Vera Cruz
7.89172E+12,"Diclin 2mg + 0,035mg 21 comprimidos revestidos",Disponível,25.39,19.54,20.57,Vera Cruz
7.89106E+12,"Clexane 40mg/0,4ml 2 seringas preenchidas com 0,4ml com sistema de segurança",Disponível,178.78,107,56.32,Vera Cruz
7.89667E+12,Bamifix 600mg 20 drágeas,Disponível,73.02,60.35,63.53,Vera Cruz
7.89664E+12,"Colchis 0,5mg 20 comprimidos",Disponível,56.4,23.58,24.82,Vera Cruz
7.89795E+12,Lactolínea 667mg/ml Sabor Ameixa 120ml,Disponível,23.99,16.63,17.51,Vera Cruz
7.89667E+12,Clenil Compositum A 400mcg/ml + 800mcg/ml 10 flaconetes com 2ml cada,Disponível,92.46,77.29,81.36,Vera Cruz
7.89618E+12,Busonid Caps 400mcg Refil 60 cápsulas para inalação,Disponível,94.72,75.58,79.56,Vera Cruz
7.89114E+12,Predsim 20mg 10 comprimidos,Disponível,40.42,33.79,35.57,Vera Cruz
7.89664E+12,Dexilant 30mg Takeda 30 cápsulas de liberação retardada,Disponível,129.76,104.79,55.15,Vera Cruz
7.89611E+12,Ibupril 300mg 20 comprimidos,Disponível,20.3,8.1,8.53,Vera Cruz
7.89603E+12,Trayenta 5mg 30 comprimidos revestidos,Disponível,327.33,310.96,109.11,Vera Cruz
7.89602E+12,Naldecon Noite 24 comprimidos,Disponível,60.99,49.25,51.84,Vera Cruz
7.89671E+12,Antialérgico Xarope Histamin 2mg/5ml 100ml,Disponível,26.9,21.97,23.13,Vera Cruz
7.89621E+12,Motilium 1mg/ml Suspensão Oral 100ml,Esgotado,83.52,72.2,76,Vera Cruz
7.89611E+12,"Pressat 2,5mg 30 comprimidos",Disponível,42.32,32.57,34.28,Vera Cruz
7.89666E+12,Resist 500mg 90 cápsulas,Disponível,197.89,178.6,62.67,Vera Cruz
7.89603E+12,Jardiance 10mg 30 comprimidos revestidos,Disponível,321.27,305.21,107.09,Vera Cruz
7.89492E+12,Tropinal 20 comprimidos,Disponível,26.39,21.81,22.96,Vera Cruz
7.89492E+12,Esomex 40mg 28 comprimidos revestidos,Esgotado,104,98.8,52,Vera Cruz
7.89671E+12,Fluxon 75mg 30 comprimidos,Disponível,21.25,20.19,21.25,Vera Cruz
7.89106E+12,Analgésico Dorflex Gotas 20ml,Disponível,27.55,23.56,24.8,Vera Cruz
7.89609E+12,Nesina Pio 25mg + 30mg 30 comprimidos revestidos,Esgotado,279.27,265.31,93.09,Vera Cruz
7.89601E+12,"Metrexato 2,5mg 24 comprimidos",Disponível,42.41,29.01,30.54,Vera Cruz
7.89132E+12,"Trok 20mg/g + 0,64mg/g Pomada Dermatológico 10g",Disponível,20.05,17.15,18.05,Vera Cruz
7.89671E+12,Neolefrin Neo Química 20 comprimidos,Disponível,19.97,12.89,13.57,Vera Cruz
7.89101E+12,Tylenol 750mg 10 comprimidos revestidos,Disponível,24.59,18.22,19.18,Vera Cruz
7.89934E+12,"Protopic 0,1% Pomada Dermatológica 30g",Esgotado,213.99,168.73,59.2,Vera Cruz
5.41379E+12,Zyxem 5mg 10 comprimidos revestidos,Esgotado,79.55,63.48,66.82,Vera Cruz
7.89664E+12,Litocit 540mg 60 comprimidos de liberação prolongada,Disponível,68.8,56.21,59.17,Vera Cruz
7.89611E+12,Novanlo 5mg 30 comprimidos,Disponível,153.09,116.35,61.24,Vera Cruz
7.89633E+12,Gel Hidratante Intravaginal VagiSoft 30g + 10 Aplicadores Descartáveis,Disponível,55.9,47.79,50.31,Vera Cruz
7.89666E+12,"Flogoral 1,5mg/ml Sabor Laranja 250ml",Esgotado,47.61,45.23,47.61,Vera Cruz
7.89603E+12,"Spiriva Respimat 2,5mcg/dose 4ml + inalador Respimat (60 doses)",Disponível,518.4,492.48,172.8,Vera Cruz
7.89114E+12,Oximax 400mcg 30 cápsulas de pó para inalação + inalador,Disponível,113.75,86.45,91,Vera Cruz
7.896E+12,Bálsamo Bengué Pomada 60g,Disponível,48.15,39.34,41.41,Vera Cruz
7.89114E+12,Predsim 5mg 10 comprimidos,Disponível,13.82,11.69,12.3,Vera Cruz
7.89609E+12,Caltren 20mg 30 comprimidos,Disponível,163.82,122.95,64.71,Vera Cruz
7.89608E+12,"Sinustrat 9,0mg/ml Solução Nasal Forte 10ml",Disponível,23.66,18.2,19.16,Vera Cruz
7.89671E+12,"Picbam 2,5mg 60 comprimidos revestidos",Esgotado,291.9,277.31,97.3,Vera Cruz
7.89602E+12,"Avamys Spray Nasal 27,5mg 120 doses 9,1ml",Disponível,75.2,63.58,66.93,Vera Cruz
7.89813E+12,Xarope Polaradex 100ml,Esgotado,22.99,21.84,22.99,Vera Cruz
7.89111E+12,Gyno - Icaden Óvulo 600mg 1 óvulo + 1 dedeira,Esgotado,117.83,111.94,58.92,Vera Cruz
7.89793E+12,Epiduo 1mg/g + 25mg/g Gel 30g,Disponível,142.65,113.84,59.92,Vera Cruz
7.89609E+12,Minian 150mcg + 20mcg 63 comprimidos revestidos,Disponível,111.91,79.73,83.93,Vera Cruz
7.89621E+12,Brilinta 90mg 60 comprimidos revestidos,Disponível,521.42,401.23,140.78,Vera Cruz
7.89732E+12,Acular LS 4mg/ml Solução Oftálmica 10ml,Disponível,155.51,122.62,64.54,Vera Cruz
7.89621E+12,Resolor 1mg 14 comprimidos revestidos,Disponível,165.07,144.27,50.62,Vera Cruz
7.89666E+12,"Decadron 0,5mg 20 comprimidos",Disponível,12.44,10.4,10.95,Vera Cruz
7.89602E+12,Sal de Andrews Efervescente 1 envelope com 5g,Disponível,2.2,1.99,2.09,Vera Cruz
7.89664E+12,Inibina 10mg 30 comprimidos,Disponível,169.96,150.16,52.69,Vera Cruz
7.89132E+12,Tãmisa 15 60mcg + 15mcg 28 comprimidos revestidos,Disponível,30.25,23.28,24.5,Vera Cruz
7.89492E+12,Penvir 500mg 21 comprimidos revestidos,Disponível,710.3,566.82,198.88,Vera Cruz
7.89608E+12,Gamaline V 900mg 30 cápsulas moles,Disponível,184.01,155.58,54.59,Vera Cruz
7.89602E+12,Melagrião Própolis e Gengibre Spray Sabor Limão 30ml,Disponível,21.99,16.71,17.59,Vera Cruz
7.89111E+12,Qlaira Bayer 26 comprimidos ativos + 2 comprimidos inativos,Disponível,74.29,62.81,66.12,Vera Cruz
7.89172E+12,Glifage 850mg 30 comprimidos revestidos,Disponível,40.81,32.18,33.87,Vera Cruz
7.8981E+12,Arflex Retard 200mg 6 cápsulas de ação prolongada,Disponível,51.3,39.47,41.55,Vera Cruz
7.89492E+12,"OLMY ANLO - 20mg + 5mg, 30 comprimidos revestidos",Esgotado,64.52,44.75,47.1,Vera Cruz
7.89132E+12,BetaTrinta 5mg/ml + 2 mg/ml Suspensão Injetável 1ml + seringa,Disponível,31.66,26.16,27.54,Vera Cruz
7.89655E+12,"Solução Oftálmica Patanol S 2,22mg/ml 2,5ml",Esgotado,82.63,78.5,82.63,Vera Cruz
7.89492E+12,Vynaxa 20mg 28 Comprimidos Revestidos,Esgotado,51.77,49.18,51.77,Vera Cruz
7.89664E+12,Zanidip 10mg 30 comprimidos revestidos,Disponível,153.93,119.91,63.11,Vera Cruz
7.89586E+12,Leite de Magnésia Phillips Original  350ml,Disponível,36.8,31.11,32.75,Vera Cruz
7.89626E+12,Diovan Amlo Fix 80mg + 5mg 28 comprimidos revestidos,Esgotado,176.33,167.51,58.78,Vera Cruz
7.89132E+12,Neo B 100mg + 100mg + 5000mcg 60 comprimidos revestidos,Disponível,169.75,130.63,68.75,Vera Cruz
7.896E+12,"Emistin 1mg/g + 0,05mg/g Creme Dermatológico 20g",Disponível,47.72,35.36,37.22,Vera Cruz
7.89864E+12,Suplemento Hidroeletrolítico Sorox Sabor Uva 550ml,Esgotado,12.9,11.28,11.87,Vera Cruz
7.89492E+12,Impere 10mg 30 comprimidos revestidos,Esgotado,187.82,146.31,51.34,Vera Cruz
7.89609E+12,Ondif 4mg 10 filmes,Disponível,49.18,44.38,46.72,Vera Cruz
7.89603E+12,Pradaxa 150mg 60 cápsulas,Disponível,418.48,318.04,111.59,Vera Cruz
7.89283E+12,Sepurin 120mg + 20mg 20 drágeas,Disponível,50.55,45.62,48.02,Vera Cruz
7.89891E+12,Tiorfan 10mg 18 sachês com 1g de granulado,Disponível,61.49,52.57,55.34,Vera Cruz
7.89492E+12,Propranolol 40mg 30 comprimidos,Disponível,17.28,13.79,14.52,Vera Cruz
7.89623E+12,Suplemento Vitamínico Vitergan Zinco PL 30 comprimidos revestidos,Disponível,127.3,99.17,52.2,Vera Cruz
7.89666E+12,Dorilax DT 12 Comprimidos,Disponível,15.65,13.53,14.24,Vera Cruz
7.89132E+12,Regulador Intestinal 20 Bí 30 Cápsulas com 335mg,Disponível,243.9,231.71,81.3,Vera Cruz
7.89309E+12,Previgrip Weleda 50ml,Disponível,103.5,91.45,96.26,Vera Cruz
7.8976E+12,Puran T4 75mcg 30 comprimidos,Disponível,22.26,15.44,16.25,Vera Cruz
7.89664E+12,Reuquinol 400mg 30 comprimidos revestidos,Disponível,120.05,101.5,53.42,Vera Cruz
7.89603E+12,Glyxambi 10mg/ 5mg 30 Comprimidos Revestidos,Disponível,500.5,475.48,166.83,Vera Cruz
7.89633E+12,Pomada Calotrat Plantar 200mg/g Kley Hertz 20g,Disponível,34.9,28.84,30.36,Vera Cruz
7.89664E+12,Dexilant 30mg Takeda 60 cápsulas de liberação retardada,Disponível,259.52,219.42,76.99,Vera Cruz
7.89106E+12,Daonil 5mg 30 comprimidos,Disponível,25.59,19.21,20.22,Vera Cruz
7.89172E+12,Euthyrox 150mcg 50 comprimidos,Disponível,60.5,44.26,46.59,Vera Cruz
7.89664E+12,Miosan CAF 5mg + 30mg 15 comprimidos revestidos,Disponível,31.66,25.56,26.91,Vera Cruz
7.89746E+12,Transamin 250mg 12 comprimidos,Disponível,86.39,67.3,70.84,Vera Cruz
7.89732E+12,Lisador 24 comprimidos,Esgotado,67.48,64.11,67.48,Vera Cruz
7.89609E+12,"Descongestionante Nasal Salsep 0,9% Spray 50ml",Esgotado,26.6,22.74,23.94,Vera Cruz
7.89609E+12,Doril Enxaqueca 18 comprimidos revestidos,Esgotado,41.99,35.1,36.95,Vera Cruz
7.89626E+12,Vibral 30mg/ml Gotas 10ml,Disponível,25.63,22.4,23.58,Vera Cruz
7.89804E+12,Belpele 3mg/g Gel 30g,Disponível,128.54,109.91,57.85,Vera Cruz
7.89666E+12,Zior 250mg 14 comprimidos,Disponível,83.87,67.73,71.29,Vera Cruz
7.89105E+12,Nordette 150mcg / 30mcg 21 comprimidos revestidos,Disponível,13.76,10.46,11.01,Vera Cruz
7.89609E+12,Ebatz 4mg 30 comprimidos revestidos,Disponível,170.16,126.08,66.36,Vera Cruz
7.89492E+12,Bramicar 80mg 30 comprimidos,Disponível,99.56,76.61,80.64,Vera Cruz
7.89734E+12,Meticorten 5mg 20 comprimidos,Disponível,26.2,21.65,22.79,Vera Cruz
7.89609E+12,Stanglit 15mg 60 comprimidos,Disponível,146.43,102.94,54.18,Vera Cruz
7.89623E+12,Monaless 600mg 60 cápsulas gelatinosas moles,Esgotado,163.93,119.92,63.12,Vera Cruz
7.89671E+12,Fluxon 25mg 30 comprimidos,Disponível,14.18,13.47,14.18,Vera Cruz
7.89607E+12,Fenergan 50mg/2ml Solução Injetável 25 ampolas com 2ml cada,Esgotado,122.1,99.76,52.51,Vera Cruz
7.89666E+12,Xarope Leucogen Sabor Caramelo 120ml,Disponível,118.12,95.38,50.2,Vera Cruz
7.89609E+12,"Cardilol 3,125mg 30 comprimidos",Disponível,50.03,38.02,40.02,Vera Cruz
7.89804E+12,"Solução Nasal Spray Maresis Ar 0,9% 100ml",Disponível,64.12,56.65,59.63,Vera Cruz
7.89666E+12,Mirtax 10mg 15 comprimidos revestidos,Disponível,18.83,16.1,16.95,Vera Cruz
7.896E+12,Folifolin 5mg EMS 30 comprimidos,Disponível,19.96,14.22,14.97,Vera Cruz
7.89611E+12,"Tantin 0,060mg + 0,015mg 84 comprimidos revestidos",Disponível,90.64,70.6,74.32,Vera Cruz
7.89104E+12,Pastilhas para Garganta Strepsils Sabor Mel e Limão 16 pastilhas,Disponível,31.99,25.83,27.19,Vera Cruz
7.89803E+12,Procoralan 5mg 56 comprimidos revestidos,Disponível,192.9,155.77,54.66,Vera Cruz
7.89611E+12,Ibupril 400mg 10 comprimidos,Disponível,26.82,8.41,8.85,Vera Cruz
7.89609E+12,Doril 6 comprimidos,Disponível,13.59,11.11,11.69,Vera Cruz
7.89626E+12,"Exforge HCT 160mg + 12,5mg + 5mg 28 comprimidos revestidos",Disponível,202.06,191.96,67.35,Vera Cruz
7.89611E+12,Óleo de Prímula 500mg Bionatus 45 Cápsulas,Esgotado,59.9,39.83,41.93,Vera Cruz
7.89601E+12,Andriodermol 50ml,Disponível,26.32,21.76,22.9,Vera Cruz
7.89111E+12,Aspirina 500mg 10 comprimidos,Disponível,12,10.83,11.4,Vera Cruz
7.89603E+12,Micardis 40mg 30 comprimidos,Esgotado,242.09,229.99,80.7,Vera Cruz
7.89813E+12,Laxante L-Enema 130ml,Esgotado,0,18.51,0,Vera Cruz
7.89732E+12,Solução Oftálmica Pilocarpina 2% 10ml,Esgotado,45.45,35.41,37.27,Vera Cruz
7.89621E+12,Symbicort Spray 6/100 mcg 60 doses de pó de uso inalatório,Esgotado,207.6,197.22,69.2,Vera Cruz
7.896E+12,Solução Nasal Naridrin Pediátrico 15ml,Disponível,23.13,13.84,14.57,Vera Cruz
7.89666E+12,Tormiv SL 10mg Sabor Limão 10 comprimidos sublinguais,Disponível,36.34,30.38,31.98,Vera Cruz
7.89603E+12,Micardis Anlo 80mg + 5mg 30 comprimidos,Disponível,169.72,135.43,71.28,Vera Cruz
7.89111E+12,"Neovlar 0,25mg + 0,05mg 21 drágeas",Disponível,9.76,6.95,7.32,Vera Cruz
7.89611E+12,Otiblock Spray 45ml,Esgotado,105.9,100.61,52.95,Vera Cruz
7.89858E+12,"Belara 2mg + 0,03mg 21 comprimidos revestidos",Disponível,68.01,51.04,53.73,Vera Cruz
7.89652E+12,Spray Ciflogex Sabor Menta 30ml,Disponível,32.18,18.34,19.31,Vera Cruz
7.89804E+12,"Ginesse 0,075mg + 0,02mg 63 comprimidos",Disponível,90.33,66.07,69.55,Vera Cruz
7.89666E+12,"Candicort 20mg + 0,64mg Creme Dermatológica 30g",Disponível,46.35,40.51,42.64,Vera Cruz
7.89114E+12,Alivium Infantil 50mg/ml Sabor Tutti Frutti 30ml,Disponível,52.99,45.31,47.69,Vera Cruz
7.89603E+12,Glyxambi 25mg + 5mg 30 comprimidos revestidos,Disponível,500.5,475.48,166.83,Vera Cruz
7.89611E+12,Novanlo 5mg 90 comprimidos,Disponível,302.21,229.68,80.59,Vera Cruz
7.89603E+12,Descongestionante Penetro 45ml,Disponível,35.28,30.5,32.1,Vera Cruz
7.89601E+12,Uniprazol 20mg 56 cápsulas,Esgotado,46.55,44.22,46.55,Vera Cruz
7.89132E+12,Perivasc 450mg + 50mg 30 comprimidos revestidos,Disponível,78.6,60.49,63.67,Vera Cruz
7.89492E+12,Rusovas 10mg 60 comprimidos revestidos,Disponível,121.59,115.51,60.8,Vera Cruz
7.89626E+12,Diovan Amlo Fix 160mg + 10mg 28 comprimidos revestidos,Esgotado,208.15,197.74,69.38,Vera Cruz
7.89803E+12,"Acertanlo 3,5mg + 2,5mg 30 comprimidos",Disponível,65.61,62.33,65.61,Vera Cruz
5.00046E+12,Edistride 10mg 30 comprimidos,Disponível,236.94,225.09,78.98,Vera Cruz
7.89603E+12,Berotec 100mcg/ml 200 doses 10ml,Disponível,35.13,29.71,31.27,Vera Cruz
7.89609E+12,Lavagem Nasal Rinosoro Alto Volume 30 sachês,Disponível,79.72,58.31,61.38,Vera Cruz
7.89623E+12,Salonpas Gel 20g,Esgotado,20.77,16.58,17.45,Vera Cruz
7.89106E+12,Anador 500mg/ml Gotas 20ml,Esgotado,28.37,26.95,28.37,Vera Cruz
7.89609E+12,Apracur Duo 20 comprimidos,Esgotado,25.21,22.28,23.45,Vera Cruz
7.89666E+12,Bravan 320mg 30 comprimidos revestidos,Disponível,63.81,60.62,63.81,Vera Cruz
7.89609E+12,"Iumi ES 3mg + 0,02mg 30 comprimidos revestidos",Disponível,77.87,62.67,65.97,Vera Cruz
7.89803E+12,"Triplixam 10mg + 2,5mg + 10mg 30 comprimidos revestidos",Disponível,143.03,135.88,71.52,Vera Cruz
7.89666E+12,Decadron 4mg 10 comprimidos,Disponível,26.03,21.76,22.91,Vera Cruz
7.89609E+12,Atrofem 400mg 2 cápsulas,Esgotado,7.03,5.95,6.26,Vera Cruz
7.89602E+12,Sal de Frutas Eno Guaraná 2 envelopes com 5g,Disponível,4.98,3.88,4.08,Vera Cruz
7.89664E+12,Kaloba 825mg/ml Gotas 20ml,Disponível,105.13,85.89,90.41,Vera Cruz
7.89626E+12,Analgésico CataflamPRO Emugel 150g,Esgotado,89.68,70.71,74.43,Vera Cruz
7.89804E+12,Complexo Homeopático Almeida Prado N 28 60 Comprimidos,Disponível,28.9,27.46,28.9,Vera Cruz
7.89795E+12,Lactolínea 667mg/ml Sabor Salada de Frutas 120ml,Esgotado,23.99,18.91,19.91,Vera Cruz
7.89132E+12,"Ártico 1,5g + 1,2g 30 sachês com 5g de pó para solução oral",Disponível,259.3,189.68,66.55,Vera Cruz
7.89106E+12,Antialérgico Allegra 180mg 10 comprimidos revestidos,Disponível,89.9,72.6,76.42,Vera Cruz
7.89734E+12,Cerazette 75mcg 84 comprimidos revestidos,Disponível,148.36,94.43,99.4,Vera Cruz
7.89824E+12,Motix FQM 50 Comprimidos,Esgotado,107.9,95.33,50.18,Vera Cruz
7.89106E+12,Analgésico Novalgina 500mg 30 comprimidos,Disponível,46.94,41.47,43.65,Vera Cruz
7.89609E+12,AAS Protect 100mg 30 comprimidos revestidos de liberação entérica,Disponível,23.27,20.12,21.18,Vera Cruz
7.89492E+12,"DEFLAIMMUN - 7,5mg, 20 comprimidos",Disponível,67.28,54.33,57.19,Vera Cruz
7.89611E+12,Dozoito 25mg 30 comprimidos,Disponível,36.78,20.26,21.33,Vera Cruz
7.89602E+12,Eliquis 5mg 60 comprimidos revestidos,Esgotado,401.32,381.25,133.77,Vera Cruz
7.89666E+12,Pant Sec 50mg/ml Refil 50ml,Disponível,63.96,60.76,63.96,Vera Cruz
7.896E+12,Linadib 5mg 30 comprimidos revestidos,Disponível,142.5,135.38,71.25,Vera Cruz
7.89611E+12,Nebilet 5mg 60 comprimidos,Disponível,248.17,235.76,82.72,Vera Cruz
7.89626E+12,Duspatalin 200mg 30 cápsulas gelatinosas duras de liberação prolongada,Esgotado,214.8,204.06,71.6,Vera Cruz
7.89106E+12,Antialérgico Allegra D 60mg + 120mg 10 comprimidos revestidos de camada dupla,Disponível,72.95,58.91,62.01,Vera Cruz
7.89586E+12,Benestare 625mg 30 comprimidos revestidos,Disponível,71.93,62.87,66.18,Vera Cruz
7.89666E+12,Artrosil 320mg 20 cápsulas duras de liberação prolongada,Disponível,64.46,53.28,56.08,Vera Cruz
7.89132E+12,Proflam 100mg 12 comprimidos,Disponível,81.26,64.08,67.45,Vera Cruz
7.89609E+12,"Libiam 2,5mg 28 comprimidos",Disponível,100.64,76.48,80.51,Vera Cruz
7.89609E+12,Quenzor 100mg 30 cápsulas duras de liberação prolongada,Esgotado,72.25,68.64,72.25,Vera Cruz
7.89618E+12,Corus 50mg 30 comprimidos revestidos,Esgotado,15.12,4.6,4.84,Vera Cruz
7.89609E+12,Sumax 100mg 6 comprimidos revestidos,Disponível,119.36,98.65,51.92,Vera Cruz
7.896E+12,Vitafer 109mg 50 comprimidos revestidos,Disponível,16.88,16.04,16.88,Vera Cruz
7.89895E+12,Androgel 50mg 30 envelopes com 5g de gel de uso dermatológico,Disponível,343.94,287.54,100.89,Vera Cruz
7.89611E+12,Digestil 4mg/ml Sabor Menta 20ml,Esgotado,21.8,20.71,21.8,Vera Cruz
7.89611E+12,Lipless 100mg 60 comprimidos,Esgotado,185.52,176.24,61.84,Vera Cruz
7.89623E+12,Adesivos Salonpas Pequeno 10un,Disponível,11.17,9.23,9.72,Vera Cruz
7.89633E+12,Proctocaps 20 cápsulas,Esgotado,34.09,28.5,30,Vera Cruz
7.89609E+12,"Iumi 3mg + 0,02mg 72 comprimidos revestidos",Disponível,184.68,121.06,63.72,Vera Cruz
7.89669E+12,Suplemento Vitamínico Imunoglucan DS 30 Cápsulas,Disponível,110.9,97.98,51.57,Vera Cruz
7.89609E+12,"Libiam 1,25mg 28 comprimidos revestidos",Disponível,69.72,54.31,57.17,Vera Cruz
7.89638E+12,"Insulina Humalog 300UI Refil para Caneta Eli Lilly, 2un com 3ml de solução de uso subcutâneo",Disponível,138.52,111.85,58.87,Vera Cruz
7.89671E+12,Neolefrin Dia Neo Química 20 comprimidos,Disponível,19.97,12.33,12.98,Vera Cruz
7.89602E+12,Ginkgo Biloba Catarinense 80mg 30 comprimidos,Disponível,26.9,22.23,23.4,Vera Cruz
7.89666E+12,Bravan Duo 160mg/10mg 30 comprimidos,Disponível,70.68,55.06,57.96,Vera Cruz
7.89609E+12,Neosaldina Dip 1g 20 comprimidos,Disponível,39.98,29.24,30.78,Vera Cruz
7.89609E+12,Buclina 25mg 30 comprimidos,Disponível,21.15,18.49,19.46,Vera Cruz
7.89713E+12,Vitacid XT 1mg/g Creme 25g,Disponível,80.71,60.57,63.76,Vera Cruz
7.89891E+12,Óleo de Girassol Skinage 200ml,Disponível,41.1,35.53,37.4,Vera Cruz
7.89804E+12,Fledoid 500 Pomada 40g,Disponível,36.6,29.91,31.48,Vera Cruz
7.89172E+12,Glifage XR 1g 30 comprimidos de liberação prolongada,Disponível,57.5,43.7,46,Vera Cruz
7.89602E+12,Naldecon Pack 2 comprimidos Noite e 4 comprimidos Dia,Disponível,19.9,16.25,17.11,Vera Cruz
7.89666E+12,"Biofenac 11,6mg/g Gel 30g",Disponível,20.62,17.63,18.56,Vera Cruz
7.89603E+12,Solução Antisséptica Malvatricin Spray 50ml,Esgotado,54.1,44.72,47.07,Vera Cruz
7.89785E+12,Divelol 25mg 60 comprimidos,Disponível,77.69,53.14,55.94,Vera Cruz
7.89345E+12,Probiótico Culturelle Saúde Digestiva 10 Cápsulas,Disponível,90.9,86.36,90.9,Vera Cruz
7.89602E+12,Elixir Paregórico 30ml,Disponível,28.01,16.5,17.37,Vera Cruz
7.89664E+12,Tebonin 80mg 30 comprimidos,Disponível,201.22,191.16,67.07,Vera Cruz
7.89804E+12,"Ginesse 0,075mg + 0,02mg 21 comprimidos revestidos",Disponível,42.16,31.64,33.31,Vera Cruz
7.89667E+12,Clenil HFA Spray 50mcg 200 doses 10ml,Disponível,49.99,32.77,34.49,Vera Cruz
7.89609E+12,Pastilhas Vick Drops Sabor Artificial de Mentol 10g,Esgotado,4.9,4.28,4.51,Vera Cruz
7.89623E+12,"Vecasten 26,7mg 30 comprimidos",Disponível,149.63,110.87,58.36,Vera Cruz
7.89671E+12,"Neodia 1,5mg Neo Química 1 comprimido",Esgotado,26.39,3.76,3.96,Vera Cruz
7.89652E+12,Pastilha Ciflogex Sabor Menta e Limão 12un,Disponível,22.63,18.28,19.24,Vera Cruz
7.89492E+12,Enavo ODT 4mg 10 comprimidos EMS,Disponível,32.32,24.87,26.18,Vera Cruz
7.89609E+12,Escabin Pro 4% Emulsão Capilar 100ml,Disponível,42.9,37.91,39.9,Vera Cruz
7.89492E+12,Sucrafilm 1g 30 comprimidos mastigáveis,Disponível,77.13,63.01,66.33,Vera Cruz
7.89609E+12,Gel Nenê Dent N 10g,Disponível,27.18,25.82,27.18,Vera Cruz
7.89111E+12,Aspirina C 2 Sabor Limão comprimidos efervescentes,Disponível,9.99,8.73,9.19,Vera Cruz
7.89741E+12,"BENICAR HCT - 20 + 12,5mg, 30 comprimidos revestidos",Disponível,95.29,68.8,72.42,Vera Cruz
7.89132E+12,"Melocox 10mg/ml Solução Injetável 5 ampolas com 1,5ml cada",Disponível,55.86,46.7,49.16,Vera Cruz
7.896E+12,Restaurador da Flora Intestinal Repoflor 100mg 12 cápsulas duras,Esgotado,63.64,40.51,42.64,Vera Cruz
7.89666E+12,Nebitah 5mg 30 comprimidos,Esgotado,55.87,45.65,48.05,Vera Cruz
7.89492E+12,Tropinal 15ml,Disponível,28.41,23.75,25,Vera Cruz
7.89626E+12,Synthroid 200mcg 30 comprimidos,Disponível,76.42,56.63,59.61,Vera Cruz
7.89101E+12,Pastilha Benalet Sabor Menta 4un,Disponível,15.33,14.56,15.33,Vera Cruz
7.89601E+12,Bisalax 5mg 20 drágeas,Disponível,9.48,9.01,9.48,Vera Cruz
7.896E+12,Laxante Natural Glicerin Lactantes 6 supositórios,Esgotado,11.84,11.25,11.84,Vera Cruz
7.89655E+12,Mydriacyl 10mg/ml Solução Oftálmica 5ml,Disponível,22.43,19.18,20.19,Vera Cruz
7.89618E+12,Formocaps 12mcg Refil 30 cápsulas com pó para inalação,Disponível,70.63,57.04,60.04,Vera Cruz
7.8976E+12,Puran T4 50mcg 30 comprimidos,Disponível,20.4,13.96,14.69,Vera Cruz
7.89807E+12,Spidufen 770mg Sabor Damasco 10 envelopes com 3g,Disponível,37.12,32.09,33.78,Vera Cruz
7.89611E+12,Bionginkgo 120mg Bionatus 30 comprimidos,Esgotado,60.65,54.74,57.62,Vera Cruz
7.89609E+12,Buscopan Composto 4 comprimidos revestidos,Disponível,6.89,5.69,5.99,Vera Cruz
7.89666E+12,Tandrilax Aché 15 comprimidos,Disponível,20.18,17.83,18.77,Vera Cruz
7.89667E+12,Clenil A 400mcg/ml 10 flaconetes com 2ml cada,Disponível,92.46,72.03,75.82,Vera Cruz
7.89624E+12,Propilracil 100mg 30 comprimidos,Disponível,34.09,26.23,27.61,Vera Cruz
7.89732E+12,Vitamina D3 Addera D3 10.000UI 4 Comprimidos Revestidos,Disponível,68.54,52.74,55.52,Vera Cruz
7.89618E+12,Flutinol1mg/ml Suspensão Oftálmica 5ml,Disponível,39.65,33.15,34.89,Vera Cruz
7.59E+12,Vaporizante Descongestionante Vick VapoRub Unguento 50g,Disponível,78.76,69.59,73.25,Vera Cruz
7.89732E+12,"Solução Oftálmica Lumigan 0,3% 3ml",Disponível,205.96,156.53,54.92,Vera Cruz
7.89611E+12,Endofer 50mg 30ml,Disponível,35.7,30.18,31.77,Vera Cruz
7.89803E+12,Vastarel MR 35mg 30 comprimidos de liberação prolongada,Disponível,101.84,77.4,81.47,Vera Cruz
7.89609E+12,Vitamina D3 Addera D3 2.000 U.I. 30 cápsulas gelatinosas,Esgotado,72.75,69.11,72.75,Vera Cruz
7.89807E+12,Fluimucil 600mg Sabor Limão 16 comprimidos efervescentes,Esgotado,76.38,62.41,65.69,Vera Cruz
7.89611E+12,Afopic 5mg 20 comprimidos,Disponível,13.44,7.15,7.53,Vera Cruz
7.89601E+12,Scalid 100mg 12 comprimidos,Esgotado,25.85,24.56,25.85,Vera Cruz
5.41379E+12,Zyxem 5mg/ml Gotas 20ml,Disponível,100.07,80.81,85.06,Vera Cruz
7.89621E+12,Sporanox 100mg 4 cápsulas,Esgotado,128.01,121.61,64.01,Vera Cruz
7.89132E+12,Lugano 12mcg + 250mcg 60 cápsulas com pó para inalação + inalador,Disponível,132.16,104.21,54.85,Vera Cruz
7.89843E+12,Dprev 14.000ui 04 comprimidos revestidos,Disponível,45.45,32.39,34.09,Vera Cruz
7.89666E+12,Combiron Fólico 120mg 45 comprimidos,Disponível,48.17,42.56,44.8,Vera Cruz
7.89114E+12,Antialérgico Polaramine Creme 10mg/g 30g,Disponível,26.99,23.85,25.1,Vera Cruz
7.89106E+12,Apidra Solostar 100UI/ml 1 carpule com 3ml + 1 sistema de aplicação,Esgotado,48.59,39.7,41.79,Vera Cruz
7.89803E+12,"Natrilix 2,5mg 30 drágeas",Disponível,62.18,49.03,51.61,Vera Cruz
7.89618E+12,Tamarine 6mg 20 cápsulas,Disponível,100.99,76.75,80.79,Vera Cruz
7.89891E+12,"Dunia 35 2mg + 0,035mg 21 comprimidos",Disponível,29.79,24.62,25.92,Vera Cruz
7.89746E+12,Gaballon 50mg + 50mg + 2mg + 4mg + 4mg 20 comprimidos,Disponível,48.53,40.57,42.71,Vera Cruz
7.89803E+12,"Triplixam 10mg + 2,5mg + 5mg 30 comprimidos revestidos",Disponível,129.83,123.34,64.92,Vera Cruz
7.89492E+12,"Niki 3mg + 0,02mg 72 comprimidos revestidos",Disponível,119.03,113.08,59.52,Vera Cruz
7.89609E+12,"Iumi ES 3mg + 0,02mg 120 comprimidos",Disponível,246.3,170.81,59.93,Vera Cruz
7.89652E+12,Vitamina D Cimed 7.000UI 4 Cápsulas Moles,Esgotado,13.41,12.74,13.41,Vera Cruz
7.89603E+12,Xarope Mucosolvan 15mg/5ml Pediátrico 120ml,Esgotado,47.03,40.21,42.33,Vera Cruz
7.8976E+12,Trilax 300mg + 125mg + 50mg + 30mg 12 comprimidos,Disponível,13.8,13.11,13.8,Vera Cruz
7.89106E+12,Lasix 40mg 20 comprimidos,Disponível,26.28,19.97,21.02,Vera Cruz
7.89666E+12,Biofenac Aerossol 85ml,Disponível,42.16,36.45,38.37,Vera Cruz
7.89666E+12,Brondilat 25mg/5ml Xarope Sabor Framboesa 120ml,Disponível,48.95,41.39,43.57,Vera Cruz
7.89602E+12,Sal de Frutas Eno Limão 2 envelopes com 5g,Disponível,4.98,3.83,4.03,Vera Cruz
7.89295E+12,"Liberfem 2mg + 0,03mg 21 comprimidos revestidos",Disponível,57.03,43.34,45.62,Vera Cruz
7.89132E+12,Filinar 25mg/5ml Xarope 120ml,Esgotado,32.4,30.78,32.4,Vera Cruz
7.89611E+12,"Cronobê 5.000mcg 2 ampolas com 2,5ml cada",Disponível,44.45,37.58,39.56,Vera Cruz
7.89132E+12,Ártico Caps 500mg + 400mg 30 cápsulas moles,Esgotado,122.91,93.41,98.33,Vera Cruz
7.89492E+12,"CONCÁRDIO - 1,25mg, 30 comprimidos revestidos",Disponível,82.26,78.15,82.26,Vera Cruz
7.89609E+12,"Solução Nasal Aturgyl 0,5mg/ml Spray 15ml",Disponível,19.02,16.63,17.5,Vera Cruz
7.89746E+12,Silimalon 140mg + 100mg 30 comprimidos,Disponível,131,102.05,53.71,Vera Cruz
7.89602E+12,"Avodart 0,5mg 30 cápsulas gelatinosas moles",Esgotado,160.35,152.33,53.45,Vera Cruz
7.89295E+12,"Fenazic 7,5mg 30 comprimidos revestidos de liberação prolongada",Disponível,161.8,127.58,67.15,Vera Cruz
7.89626E+12,Creon 25.000 30 cápsulas com minimicroesferas acidorresitentes,Disponível,181.13,137.66,72.45,Vera Cruz
7.89132E+12,"Andolba 4,5mg/g + 0,5mg/g + 0,5mg/g 43g",Disponível,41.29,36.09,37.99,Vera Cruz
7.89804E+12,Dolamin 125mg 16 comprimidos revestidos,Disponível,35.95,30.06,31.64,Vera Cruz
7.89608E+12,Hipérico Herbarium 100mg 45 cápsulas duras,Esgotado,66.9,58.47,61.55,Vera Cruz
7.89609E+12,"Naprix 2,5mg 30 comprimidos",Disponível,85.05,60.6,63.79,Vera Cruz
7.89809E+12,Gel Dersani Hidrogel 30g,Disponível,45.9,39.24,41.31,Vera Cruz
7.89609E+12,Gel Nasal Maxidrate 6mg/g 30g,Disponível,57.62,48.72,51.28,Vera Cruz
7.89664E+12,Spasmex 30mg 90 comprimidos revestidos,Disponível,188.03,157.2,55.16,Vera Cruz
7.89666E+12,Resist 500mg 30 cápsulas,Disponível,73.57,62.21,65.48,Vera Cruz
7.89746E+12,Silimalon 70mg + 100mg 30 Drágeas,Disponível,75.9,62.73,66.03,Vera Cruz
7.89624E+12,"Norestin 0,35mg 35 comprimidos",Disponível,15.73,12.55,13.21,Vera Cruz
7.89664E+12,Suplemento Alimentar Probid 5 Cápsulas,Disponível,33.3,26.87,28.28,Vera Cruz
7.89611E+12,Xefo 8mg 20 comprimidos revestidos,Disponível,36.28,29.98,31.56,Vera Cruz
7.89664E+12,Pomada Proctyl 30g + 10 aplicadores,Disponível,95.69,77.27,81.34,Vera Cruz
7.89609E+12,Gestinol 28 75mcg +30mcg 28 comprimidos revestidos,Disponível,69.32,52.69,55.46,Vera Cruz
7.89642E+12,Zinpass Eze 20mg + 10mg 30 comprimidos revestidos,Disponível,128.09,102.22,53.8,Vera Cruz
7.89734E+12,Maxalt 10mg 2 comprimidos revestidos,Disponível,38.14,30.8,32.42,Vera Cruz
7.89602E+12,"Vitanol A 0,25mg/g 30g Creme Dermatológico",Disponível,59.57,48.67,51.23,Vera Cruz
7.89633E+12,Sabonete Sanasar 80g,Esgotado,14.9,14.16,14.9,Vera Cruz
7.89664E+12,Miosan CAF 10mg + 60mg 15 comprimidos revestidos,Disponível,35.23,28.45,29.95,Vera Cruz
7.89626E+12,Diovan HCT 160mg + 25mg Novartis 28 comprimidos revestidos,Esgotado,180.74,171.7,60.25,Vera Cruz
7.89608E+12,Ginkgo 40mg Herbarium 60 cápsulas duras,Disponível,66.7,53.23,56.03,Vera Cruz
7.89623E+12,Prolopa HBS 100/25mg 30 cápsulas,Disponível,97.56,73.22,77.07,Vera Cruz
7.89666E+12,"Untral 2,5mg Aché 90 cápsulas",Disponível,330.6,314.07,110.2,Vera Cruz
7.89666E+12,Avide 100mg 9 cápsulas duras,Disponível,56.27,48.65,51.21,Vera Cruz
7.89856E+12,Tilatil 20mg 10 comprimidos revestidos,Disponível,103.39,82.51,86.85,Vera Cruz
7.89626E+12,Cataflam Sport Ice Aerossol 60g,Disponível,48.9,40.41,42.54,Vera Cruz
7.89652E+12,"Xarope Cimetosse 13,33mg/ml Sabor Mel e Menta 120ml",Disponível,28.83,18.35,19.32,Vera Cruz
7.89172E+12,Alginac Retard 10 comprimidos revestidos de liberação retardada,Disponível,74.11,57.73,60.77,Vera Cruz
7.8976E+12,Atlansil 100mg 20 comprimidos,Disponível,25.93,19.7,20.74,Vera Cruz
7.89804E+12,Utrogestan 100mg 30 cápsulas,Disponível,86.2,70.42,74.13,Vera Cruz
7.89609E+12,Nesina 25mg 30 comprimidos revestidos,Disponível,184.73,175.49,61.58,Vera Cruz
7.89626E+12,Diovan Amlo Fix 160mg + 5mg 28 comprimidos revestidos,Disponível,176.33,167.51,58.78,Vera Cruz
7.89132E+12,AltaD 50.000UI 4 cápsulas moles,Disponível,96.36,79.64,83.83,Vera Cruz
7.89622E+12,LuftaFEM 200mg + 500mg 6 comprimidos revestidos,Disponível,17.89,13.94,14.67,Vera Cruz
7.89603E+12,Malvona Solução Oral 100ml,Disponível,28.24,23.61,24.85,Vera Cruz
7.89626E+12,Ultibro 110mg + 50mcg 30 cápsulas com pó para inalação + 1 inalador,Esgotado,376.11,357.3,125.37,Vera Cruz
7.89611E+12,Vênula 200mg 60 cápsulas duras,Disponível,91.07,73.54,77.41,Vera Cruz
7.89611E+12,Suplemento Capilar Pantogar Neo 60 Cápsulas,Disponível,160.4,152.38,53.47,Vera Cruz
7.896E+12,"Celergin 0,25mg + 2mg 20 comprimidos",Disponível,27.93,22.55,23.74,Vera Cruz
7.89603E+12,Solução Malvatricin 100ml,Disponível,45.53,38.07,40.07,Vera Cruz
7.89668E+12,Duoflam 5mg/ml + 2mg/ml Suspensão Injetável com 1ml + seringa,Disponível,33.36,27.57,29.02,Vera Cruz
7.896E+12,Dorilen Gotas 15ml,Disponível,42.14,28.82,30.34,Vera Cruz
7.89609E+12,Suplemento Alimentar Engov After Sabor Tangerina 250ml,Disponível,12.9,9.41,9.9,Vera Cruz
7.89655E+12,"Solução Oftálmica Patanol 1,11mg/ml 5ml",Disponível,82.63,65.94,69.41,Vera Cruz
7.89111E+12,Flanax 275mg 2 Comprimidos Revestidos,Disponível,5.62,5.34,5.62,Vera Cruz
7.89132E+12,Tâmisa 20 75mcg + 20mcg 63 comprimidos revestidos,Disponível,94.6,72.8,76.63,Vera Cruz
7.89804E+12,"Actifedrin 6mg/ml + 0,25mg/ml Xarope 100ml",Esgotado,16.15,14.27,15.02,Vera Cruz
7.89934E+12,"Omnic Ocas 0,4mg 30 comprimidos de liberação prolongada",Disponível,145.68,114.86,60.46,Vera Cruz
7.89601E+12,"Solução Oftálmica Glaub MD 0,1% 5ml",Disponível,38.63,29.73,31.29,Vera Cruz
7.89601E+12,Dews 5mg/ml Solução Oftálmica 10ml,Disponível,57.08,46.09,48.52,Vera Cruz
7.896E+12,Tepev 500mg 100 cápsulas duras,Esgotado,392.31,372.69,130.77,Vera Cruz
7.89586E+12,Indocid 50mg 30 cápsulas,Disponível,55.78,47.69,50.2,Vera Cruz
7.89664E+12,"FLANCOX - 300mg, 14 comprimidos revestidos",Disponível,32.63,26.97,28.39,Vera Cruz
7.89623E+12,Salonpas Gel 40g,Esgotado,40.69,32.86,34.59,Vera Cruz
7.89666E+12,Oxotron 60mg 30 comprimidos,Esgotado,81.54,65.84,69.31,Vera Cruz
7.89601E+12,Naxotec Naproxeno 500mg 10 Comprimidos,Disponível,20.07,19.07,20.07,Vera Cruz
7.89609E+12,"Fluidificante e Descongestionante Nasal Rinosoro XT Gotas 0,9% 30ml",Disponível,28.49,25.18,26.5,Vera Cruz
7.89132E+12,Dexfer 100mg/ml Gotas Sabor doce de Leite 30ml,Disponível,58.11,49.69,52.3,Vera Cruz
7.89633E+12,Solução Spray Desaftan Aftas e Afecções Bucais 25ml,Esgotado,18.6,17.67,18.6,Vera Cruz
7.89652E+12,Pastilha Ciflogex Sabor Laranja 12un,Disponível,22.63,18.49,19.46,Vera Cruz
7.89828E+12,Suplemento Alimentar Sulfato Ferroso 125mg/ml Arte Nativa Sabor Framboesa 30ml,Esgotado,9.9,6.49,6.83,Vera Cruz
7.89671E+12,Blumel Hedera Xarope 15mg/ml 100ml,Disponível,39.9,34.49,36.31,Vera Cruz
7.89741E+12,Loxonin 60mg 15 comprimidos,Disponível,42.94,35.08,36.93,Vera Cruz
7.89897E+12,"Evra 0,6mg + 6mg 3 adesivos transdérmicos",Disponível,148.16,111.2,58.53,Vera Cruz
7.89601E+12,Colact 667mg/ml Sabor Ameixa 120ml,Disponível,29.77,19.23,20.24,Vera Cruz
7.89632E+12,Dexador 5mg + 100mg + 100mg + 4mg Solução Injetável 3 ampolas A (2ml) + 3 ampolas B (1ml),Disponível,50.85,42.51,44.75,Vera Cruz
7.89864E+12,Suplemento Hidroeletrolítico Sorox Sabor Tangerina 550ml,Disponível,12.9,11.52,12.13,Vera Cruz
7.89609E+12,Gestinol 30mcg + 75mcg 84 comprimidos revestidos,Disponível,165.01,109.73,57.76,Vera Cruz
7.89652E+12,Nevralgex Cimed 10 comprimidos,Disponível,8.13,4.09,4.31,Vera Cruz
7.89621E+12,"SELOKEN - 100mg, 30 comprimidos",Disponível,61.68,48.05,50.58,Vera Cruz
7.89626E+12,Synthroid 112mcg 30 comprimidos,Disponível,55.85,41.91,44.12,Vera Cruz
7.89106E+12,"Dermatop 2,5mg/g Creme Dermatológico 20g",Disponível,85.69,69.2,72.84,Vera Cruz
7.89295E+12,Pyridium 200mg 18 Drágeas,Disponível,35.9,26.6,28,Vera Cruz
7.89492E+12,"Dalyne 3,0mg + 0,3mg 21 comprimidos revestidos",Disponível,64.37,50.14,52.78,Vera Cruz
7.896E+12,Nidue 100mg + 20mg 12 comprimidos,Disponível,62.38,59.26,62.38,Vera Cruz
7.89114E+12,Antialérgico Polaramine 2mg 20 Comprimidos,Disponível,32.99,29.15,30.68,Vera Cruz
7.89804E+12,"Floratil AT 250mg 10 envelopes de 1,25g",Disponível,75,59.85,63,Vera Cruz
7.89601E+12,Analgésico Advil 400mg 16 cápsulas líquidas,Disponível,42.26,29.71,31.27,Vera Cruz
7.89601E+12,Óleo Mineral União Química 100ml,Disponível,15.9,11.33,11.93,Vera Cruz
7.89891E+12,Tiorfan 100mg 9 cápsulas,Disponível,56.27,48.11,50.64,Vera Cruz
7.89132E+12,"TUNTÁ - 300mg, com 30 comprimidos revestidos",Esgotado,105.63,77.27,81.34,Vera Cruz
7.89666E+12,Femina 150mcg + 20mcg 21 comprimidos revestidos,Disponível,46.09,35.9,37.79,Vera Cruz
7.89807E+12,Fluimucil D 600mg 16 envelopes com 5g cada,Disponível,84.86,66.11,69.59,Vera Cruz
7.89106E+12,Analgésico Dorflex 10 comprimidos,Disponível,8.51,7.28,7.66,Vera Cruz
7.89741E+12,Benicar Anlo 20mg + 5mg 30 comprimidos revestidos,Disponível,91.9,66.35,69.84,Vera Cruz
7.89668E+12,"Terolac 0,5% Solução Oftálmica 5ml",Disponível,56.96,47.61,50.12,Vera Cruz
7.89982E+12,Folifer Gotas 30ml,Disponível,57.9,55.01,57.9,Vera Cruz
7.89609E+12,"Alektos PED 2,5mg/ml Sabor Framboesa 120ml",Disponível,90.71,75.83,79.82,Vera Cruz
7.89664E+12,"Kaloba 111,111mg 21 comprimidos revestidos",Disponível,121.63,99.37,52.3,Vera Cruz
7.89127E+12,Feldene 20mg 15 cápsulas,Disponível,70.73,55.77,58.71,Vera Cruz
7.89132E+12,Vast 20mg 30 comprimidos revestidos,Disponível,97.6,69.54,73.2,Vera Cruz
7.89664E+12,Miosan 10mg 10 comprimidos revestidos,Disponível,22.72,10.57,11.13,Vera Cruz
7.89732E+12,Solução Oftálmica Atropina 1% 5ml,Disponível,13.99,13.29,13.99,Vera Cruz
7.89609E+12,Naprix 5mg 30 comprimidos,Disponível,85.05,61.41,64.64,Vera Cruz
7.89702E+12,Protetor Ocular Oftam Pequeno Colorido 20un,Disponível,33.7,28.81,30.33,Vera Cruz
7.89611E+12,"Ablok Plus 25mg + 12,5mg 60 comprimidos",Disponível,52.45,39.86,41.96,Vera Cruz
7.89345E+12,Benerva 300mg 30 comprimidos revestidos,Disponível,35.2,30.43,32.03,Vera Cruz
7.89601E+12,"Solução Oftálmica Britens 0,2% + 0,5% 5ml",Disponível,126.83,93.98,98.93,Vera Cruz
7.89132E+12,Melocox 15mg 10 comprimidos,Disponível,53.29,43.54,45.83,Vera Cruz
7.89602E+12,Sal de Frutas Eno Tônica 2 envelopes com 5g cada,Disponível,4.94,3.85,4.05,Vera Cruz
7.89601E+12,Cetrolac SL 10mg 20 comprimidos sublinguais,Disponível,66.81,48.24,50.78,Vera Cruz
7.89804E+12,Complexo Homeopático Almeida Prado N 18 60 Comprimidos,Disponível,28.9,27.46,28.9,Vera Cruz
7.89625E+12,"Xarope Vibral 1,5mg/ml Sabor Framboesa 120ml",Disponível,30.77,26.89,28.31,Vera Cruz
7.89132E+12,Pomada Bucal Mud Oral 1mg/g 10g,Disponível,23.56,19.25,20.26,Vera Cruz
7.89626E+12,Femoston Conti 1mg + 5mg 28 comprimidos revestidos,Disponível,98.44,76.68,80.72,Vera Cruz
7.89652E+12,"Narix 0,5mg/ml Cimed 30ml",Disponível,9.94,5.39,5.67,Vera Cruz
7.89664E+12,Mesacol MMX 1200mg 30 comprimidos revestidos de liberação prolongada,Esgotado,448.05,425.65,149.35,Vera Cruz
7.89652E+12,Maleato de Dexclorfeniramina 2mg/5ml Cimed 120ml,Disponível,21.24,14.73,15.51,Vera Cruz
7.89132E+12,Ésio 40mg 28 comprimidos revestidos,Disponível,203.68,156.73,54.99,Vera Cruz
7.89934E+12,Myrbetric 50mg 30 comprimidos revestidos de liberação prolongada,Disponível,329.24,265.86,93.28,Vera Cruz
7.89609E+12,Lisador Dip 1g 20 comprimidos,Disponível,45.99,39.32,41.39,Vera Cruz
7.50044E+12,Xarope Vick 44E 240ml,Disponível,81.31,71.07,74.81,Vera Cruz
7.89626E+12,Synthroid 137mcg 30 comprimidos,Disponível,60.93,46.3,48.74,Vera Cruz
7.89601E+12,Teflan 20mg 10 comprimidos revestidos,Disponível,57.47,44.22,46.55,Vera Cruz
7.89804E+12,"Reduclim 1,25mg 35 comprimidos",Esgotado,98.46,93.54,98.46,Vera Cruz
7.89732E+12,"Solução Oftálmica Combigan 0,2% + 0,5% 10ml",Disponível,249.36,189.52,66.5,Vera Cruz
7.89803E+12,Daflon 1000mg FFPM 30 comprimidos revestidos,Disponível,189.2,152.78,53.61,Vera Cruz
7.896E+12,Suplemento Vitamínico Apevitin BC Xarope 240ml,Disponível,58.76,15.46,16.27,Vera Cruz
7.89609E+12,Antiácido Pó Efervescente Estomazil Sem Sabor 5g,Disponível,3.48,2.77,2.92,Vera Cruz
7.89619E+12,Bendita Cânfora 8 tabletes,Disponível,25.9,21.65,22.79,Vera Cruz
7.89609E+12,Cebralat 50mg 60 comprimidos,Disponível,47.18,34.96,36.8,Vera Cruz
7.89652E+12,Nevralgex 300mg + 50mg + 35mg 30 comprimidos,Disponível,25.62,13.14,13.83,Vera Cruz
7.89795E+12,Gel Hidratante Cicatrimed 30g,Esgotado,24.99,18.99,19.99,Vera Cruz
7.89609E+12,Atroveran Dip 1g 10 comprimidos,Disponível,16.9,13.8,14.53,Vera Cruz
7.89609E+12,Sumaxpro 50mg + 500mg 2 comprimidos revestidos,Disponível,46.26,36.48,38.4,Vera Cruz
7.89492E+12,Isordil Sublingual 5mg 30 comprimidos sublinguais,Disponível,14.58,11.36,11.96,Vera Cruz
7.89734E+12,Renitec 5mg 30 comprimidos,Disponível,42.29,32.95,34.68,Vera Cruz
7.89664E+12,"RETEMIC - 1mg/mL, 1 frasco com 120mL xarope",Disponível,60.15,50.85,53.53,Vera Cruz
7.89651E+12,Supositório de Glicerina Granado Infantil 12un,Disponível,31.9,27.27,28.71,Vera Cruz
7.89652E+12,Pasta D'Água Calamed Cimed 250mg/g 100g,Esgotado,17.5,14.14,14.88,Vera Cruz
7.89626E+12,Cataflam 50mg 20 drágeas,Disponível,56.22,46.46,48.91,Vera Cruz
7.89492E+12,Somalgin Cardio 100mg 60 comprimidos revestidos de dupla camada,Disponível,49.94,39.85,41.95,Vera Cruz
7.89638E+12,Humulin N NPH 100UI/ml 2 Refis de 3ml cada,Esgotado,94.67,53.96,56.8,Vera Cruz
7.89666E+12,Mirtax 5mg 15 comprimidos revestidos,Disponível,18.83,16.82,17.7,Vera Cruz
7.89804E+12,Xarope Sedavan 3mg/ml Infantil Sabor Framboesa 100ml,Disponível,21.79,15.11,15.91,Vera Cruz
7.89666E+12,Descongestionante Nasal Sorine H 3% Spray 50ml,Disponível,33.09,28.29,29.78,Vera Cruz
7.89601E+12,Solução Oftálmica Ster 10mg/ml 5ml,Esgotado,32.7,26.41,27.8,Vera Cruz
7.89666E+12,Trezor 10mg 30 comprimidos revestidos,Disponível,42.34,33.38,35.14,Vera Cruz
7.89702E+12,Protetor Ocular Oftam Pequeno Bege 20un,Disponível,33.9,28.98,30.51,Vera Cruz
7.89666E+12,Prelone 3mg/ml Sabor Cereja 60ml + 1 pipeta dosadora,Disponível,35.13,29.36,30.91,Vera Cruz
7.89847E+12,Xarope Vick 44E 120ml,Disponível,45.23,39.53,41.61,Vera Cruz
7.89664E+12,"Postec 2,5mg/g + 150UTR/g Pomada 20g",Disponível,150.74,131.75,69.34,Vera Cruz
7.89746E+12,Ginkoba 80mg 30 comprimidos revestidos,Disponível,73.05,56.21,59.17,Vera Cruz
7.89666E+12,ProVance Aché Sabor Morango 10 Comprimidos Mastigáveis,Disponível,49.5,47.03,49.5,Vera Cruz
7.89611E+12,"Novanlo 2,5mg 60 comprimidos",Esgotado,149.07,113.3,59.63,Vera Cruz
7.89864E+12,Solução Oftálmica Liris 5mg/ml 10ml,Disponível,42.99,35.53,37.4,Vera Cruz
7.89626E+12,Betaserc 24mg 30 comprimidos,Disponível,73.42,55.8,58.74,Vera Cruz
7.89106E+12,Allegra 120mg 2 comprimidos,Disponível,19.06,16.11,16.96,Vera Cruz
7.89813E+12,Suplemento Hidroeletrolítico Hidralyte Uva 500ml,Esgotado,17.5,11.81,12.43,Vera Cruz
7.89666E+12,Fisioton 400mg 30 comprimidos revestidos,Disponível,128.16,107.14,56.39,Vera Cruz
7.89608E+12,"Solução Nasal Sinustrat Vasoconstritor 0,5mg/ml 10ml",Disponível,19.07,14.68,15.45,Vera Cruz
7.89114E+12,Velunid 450mg + 50mg 30 comprimidos revestidos,Esgotado,86.58,74.85,78.79,Vera Cruz
7.89611E+12,Spirulina 380mg Bionatus 45 Cápsulas,Esgotado,45.9,43.61,45.9,Vera Cruz
7.89621E+12,Daktarin 20mg/g Gel Oral 40g,Esgotado,48.91,42.28,44.51,Vera Cruz
7.89106E+12,Calcort 6mg 20 comprimidos,Esgotado,102.16,84.44,88.88,Vera Cruz
7.89621E+12,"ATACAND COMB - 16mg + 2,5mg, 30 comprimidos de liberação prolongada",Esgotado,132.62,125.99,66.31,Vera Cruz
7.89741E+12,Hirudoid 500 Gel 5mg/g 40g,Disponível,47.65,45.27,47.65,Vera Cruz
7.89106E+12,Analgésico Novalgina 50mg/ml Sabor Framboesa 100ml + Seringa Dosadora,Disponível,49.03,41.92,44.13,Vera Cruz
7.89295E+12,"Dutam 0,5mg + 0,4mg 30 cápsulas gelatinosas duras de liberação prolongada",Disponível,122.8,93.33,98.24,Vera Cruz
7.89609E+12,Plenance EZE 5mg+10mg 30 Cápsulas,Disponível,84.14,63.15,66.47,Vera Cruz
7.89664E+12,Xantinon Complex flaconete com 10ml,Disponível,3.89,3.36,3.54,Vera Cruz
7.89602E+12,Naldecon Noite 4 comprimidos,Disponível,14.99,12.39,13.04,Vera Cruz
7.89732E+12,"Fibras Tamarine sem Sabor 10 Sachês de 5,7g cada",Esgotado,47.9,38.68,40.72,Vera Cruz
7.89732E+12,"Triplenex 0,01% + 0,15% + 0,5% Solução Oftálmica Estéril 5ml",Disponível,269.24,225.08,78.98,Vera Cruz
7.89609E+12,Albocresil 18mg/ml Gel 50g + Aplicador,Disponível,43.99,39.7,41.79,Vera Cruz
7.89664E+12,Flancox 600mg 14 comprimidos,Disponível,65.29,49,51.58,Vera Cruz
7.89891E+12,Traumeel S 30ml,Disponível,120.25,106.24,55.92,Vera Cruz
7.89671E+12,Neo Fedipina 10mg 30 comprimidos,Disponível,23.34,22.17,23.34,Vera Cruz
7.89666E+12,Decadron Injetável 2mg/ml 2 ampolas com 1ml cada,Esgotado,18.14,15.16,15.96,Vera Cruz
7.89638E+12,Humulin N NPH 100UI/ml 1 ampola com 10ml,Disponível,87.81,67.57,71.13,Vera Cruz
7.89664E+12,Eniagor 50mg/ml Solução Capilar Refil 50ml,Disponível,55.35,34.7,36.53,Vera Cruz
7.89804E+12,Arnica Montana 6CH Almeida Prado Gotas 15ml,Disponível,32.9,31.26,32.9,Vera Cruz
7.89609E+12,Neosaldina Dip 1g 4 comprimidos,Esgotado,9.99,29.24,8.09,Vera Cruz
7.89603E+12,"Micardis HCT 80mg + 12,5mg 30 comprimidos",Esgotado,260.3,247.29,86.77,Vera Cruz
7.89627E+12,Zovirax 50mg/g Creme Dermatológico 10g,Disponível,72.29,59.75,62.89,Vera Cruz
7.89668E+12,Afrat 150mg 1 comprimido,Esgotado,43.71,41.52,43.71,Vera Cruz
7.89666E+12,Suplemento Alimentar de Lactase Levty 30 comprimidos com  10.000 U.FCC cada,Disponível,70.3,61.45,64.68,Vera Cruz
7.89621E+12,Motilium 1mg/ml Suspensão Oral 60ml,Esgotado,50.12,47.61,50.12,Vera Cruz
7.89609E+12,Coledue R 10mg + 20mg 30 cápsulas duras,Disponível,115.65,93.39,98.3,Vera Cruz
7.89807E+12,Spidufen 770mg 6 comprimidos revestidos,Esgotado,24.79,18.37,19.34,Vera Cruz
7.89132E+12,Domperix 10mg 30 comprimidos,Disponível,31.4,25.95,27.32,Vera Cruz
7.89666E+12,Pant Sec 50mg/ml 1 válvula spray 50ml,Disponível,76.77,72.93,76.77,Vera Cruz
7.89785E+12,Amiobal 30 comprimidos 100mg,Disponível,26.52,20.91,22.01,Vera Cruz
7.89666E+12,Flagass 40mg 20 comprimidos,Esgotado,36.23,31.66,33.33,Vera Cruz
7.89621E+12,"Pulmicort 0,5mg/ml Suspensão para Nebulização 5 frascos com 2ml cada",Disponível,73.39,58.57,61.65,Vera Cruz
7.89647E+12,Buprovil 600mg 20 Comprimidos Revestidos,Esgotado,28.06,26.66,28.06,Vera Cruz
7.89871E+12,Acetilcisteína 600mg + Imuno Katiguá 16 cápsulas,Esgotado,38.5,24.87,26.18,Vera Cruz
7.89652E+12,Pastilha Ciflogex Sabor Mel e Limão 12un,Disponível,22.63,18.28,19.24,Vera Cruz
7.89621E+12,Analgésico Tylenol Gotas 200mg/ml Sabor Frutas 15ml,Disponível,45.18,33.48,35.24,Vera Cruz
7.89609E+12,Ancoron 100mg 60 comprimidos revestidos,Esgotado,40.77,30.21,31.8,Vera Cruz
7.89623E+12,Prolopa 100/25mg 30 comprimidos dispersíveis,Esgotado,97.56,76.92,80.97,Vera Cruz
7.8981E+12,Winter Ap 6mg + 120mg 8 cápsulas,Disponível,38.62,30.82,32.44,Vera Cruz
7.89609E+12,"Hexomedine 1mg/ml + 0,5mg/ml Spray 50ml",Disponível,73.34,62.01,65.27,Vera Cruz
7.89732E+12,Vitamina D3 Addera D3 7.000UI 10 comprimidos revestidos,Disponível,91.54,80.87,85.13,Vera Cruz
7.89101E+12,Tylenol Sinus 1g + 60mg 36 comprimidos revestidos,Disponível,36.27,30.32,31.92,Vera Cruz
7.89603E+12,Micardis Anlo 80mg + 10mg 30 comprimidos,Disponível,169.72,135.43,71.28,Vera Cruz
7.89662E+12,Antiácido Pó Efervescente Gastrol Limão 1 envelope com 5g,Disponível,4.13,3.33,3.51,Vera Cruz
7.89802E+12,"Nitrato de Prata Bastão 90,0% Ifal 0,8g",Disponível,52.5,49.88,52.5,Vera Cruz
7.89172E+12,Glivance XR 500mg + 30mg 30 Comprimidos de Liberação Prolongada,Disponível,57.37,44.15,46.47,Vera Cruz
7.89618E+12,Cordarex 5mg 30 comprimidos,Disponível,38.69,31.98,33.66,Vera Cruz
7.89111E+12,Primogyna 1mg 28 drágeas,Esgotado,57.4,45.26,47.64,Vera Cruz
7.89652E+12,Cimegripe 10 Cápsulas,Esgotado,15.25,22.33,9.61,Vera Cruz
7.89609E+12,Analgésico Advil 400mg 3 cápsulas líquidas,Disponível,9.99,6.45,6.79,Vera Cruz
3.49932E+12,Soolantra 10mg/g Creme Dermatológico 30g,Disponível,165.98,130.87,68.88,Vera Cruz
7.89624E+12,Tapazol 10mg 50 comprimidos,Esgotado,38.73,36.79,38.73,Vera Cruz
7.89618E+12,Alenia 12mcg + 400mcg 60 cápsulas inalatórias + 1 inalador,Disponível,201.78,191.69,67.26,Vera Cruz
7.89655E+12,Solução Oftálmica Florate 1mg/ml 5ml,Esgotado,40.61,34.33,36.14,Vera Cruz
7.89652E+12,Sedamed 300mg + 30mg + 30mg 20 comprimidos revestidos,Esgotado,28.4,12.68,13.35,Vera Cruz
7.89609E+12,Vabam 15mg 15 comprimidos revestidos,Esgotado,95.33,90.56,95.33,Vera Cruz
7.89771E+12,Rybelsus 3mg 30 comprimidos,Disponível,1,860.17,301.81,Vera Cruz
7.89132E+12,"Trok 20mg/g + 0,64mg/g Creme Dermatológico 10g",Disponível,20.65,17.26,18.17,Vera Cruz
7.89803E+12,"Triplixam 5mg + 1,25mg + 10mg 30 comprimidos revestidos",Disponível,100.11,95.1,50.06,Vera Cruz
7.89607E+12,"SECNIDAL - 1000mg, 2 comprimidos revestidos",Disponível,51.97,41.47,43.65,Vera Cruz
7.8976E+12,Beserol 12 comprimidos,Disponível,26.31,18.5,19.47,Vera Cruz
7.89295E+12,Codroflex 500mg + 400mg 90 cápsulas,Disponível,208.78,158.67,55.67,Vera Cruz
7.89804E+12,Floratil AT 250mg 10 cápsulas,Disponível,75,59.85,63,Vera Cruz
7.89804E+12,Motix Pomada 50g,Disponível,93.5,81.72,86.02,Vera Cruz
5.00046E+12,Xigduo XR 5mg + 1000mg 60 comprimidos revestidos de liberação prolongada,Disponível,262.04,211.59,74.24,Vera Cruz
7.89664E+12,Xantinol Complex 12 flaconetes com 10ml cada,Disponível,45.06,42.81,45.06,Vera Cruz
7.89666E+12,Famox 40mg 10 comprimidos,Disponível,57.05,47.69,50.2,Vera Cruz
7.89611E+12,Endofer 100mg 30 comprimidos mastigáveis,Esgotado,56.74,53.9,56.74,Vera Cruz
7.89741E+12,"Benicar HCT 40 + 12,5mg 30 comprimidos revestidos",Disponível,108.55,79.4,83.58,Vera Cruz
7.89492E+12,Toragesic 10mg 20 comprimidos sublinguais,Disponível,39.54,31.93,33.61,Vera Cruz
7.89626E+12,Analgésico CataflamPRO Emugel 30g,Disponível,32.46,26.83,28.24,Vera Cruz
7.89671E+12,Neo Fedipina 20mg 30 comprimidos,Disponível,36.1,16.46,17.33,Vera Cruz
7.89132E+12,Alta D 15.000UI 4 Cápsulas Moles,Disponível,59.4,50.79,53.46,Vera Cruz
7.89626E+12,Diovan 40mg 28 comprimidos revestidos,Esgotado,151.14,143.58,50.38,Vera Cruz
7.89603E+12,"Trayenta Duo 2,5mg + 850mg 60 comprimidos revestidos",Disponível,319.19,248.65,87.25,Vera Cruz
7.89633E+12,Elixir Galenogal 150ml,Esgotado,55.9,44.08,46.4,Vera Cruz
7.89132E+12,"Trok - N 20mg/g + 0,64mg/g + 2,5mg/g Pomada Dermatológica 30g",Disponível,42.63,36.04,37.94,Vera Cruz
7.89623E+12,Permear 300mg 30 comprimidos revestidos,Esgotado,256.1,243.3,85.37,Vera Cruz
7.89623E+12,Vicog 5mg 90 comprimidos,Disponível,96.95,71.84,75.62,Vera Cruz
7.89609E+12,Amome 50mcg Spray Nasal 120 acionamentos,Disponível,72.33,61.15,64.37,Vera Cruz
7.89666E+12,"Fentizol 0,02g/g Creme Ginecológico 40g + 7 aplicadores de 5g cada",Disponível,50.61,44.23,46.56,Vera Cruz
7.89642E+12,OsteoNutri 600mg + 400UI 30 comprimidos revestidos,Disponível,97.5,92.63,97.5,Vera Cruz
7.89666E+12,Pant 50mg/ml Refil 50ml,Disponível,72.76,69.12,72.76,Vera Cruz
7.89804E+12,Floratil 100mg 12 cápsulas,Disponível,57.27,48.42,50.97,Vera Cruz
7.89623E+12,Mel Rosado ADV 30ml,Disponível,14.8,11.81,12.43,Vera Cruz
7.89609E+12,Analgésico Aerossol Gelol 60ml,Disponível,51.7,42.24,44.46,Vera Cruz
7.89132E+12,Dexalgen NF Solução Injetável 3 ampolas I (1 ml) e 3 ampolas II (2 ml),Disponível,53.51,46.26,48.69,Vera Cruz
7.89621E+12,Atacand 8mg 30 comprimidos,Esgotado,182.84,173.7,60.95,Vera Cruz
7.896E+12,"Celerg Xarope 0,4mg/ml + 0,05mg/ml 120ml",Esgotado,37.74,30.84,32.46,Vera Cruz
7.89642E+12,OsteoNutri 600mg + 400UI 60 comprimidos revestidos,Disponível,161.5,153.43,53.83,Vera Cruz
7.89618E+12,Busonid Aquoso Nasal 100mcg 120 doses 6ml,Disponível,95.02,76.73,80.77,Vera Cruz
7.89611E+12,Contractubex Gel 20g,Disponível,142.5,123.2,64.84,Vera Cruz
7.90813E+12,Slinda 4mg 28 comprimidos revestidos,Disponível,130.81,100.66,52.98,Vera Cruz
7.89601E+12,"DIGESTINA - 4mg/mL, 1 frasco gotejador com 20mL de solução de uso oral",Disponível,23.88,14.52,15.28,Vera Cruz
7.89116E+12,Suplemento Hidroeletrolítico Pedialyte Max Coco 500ml,Disponível,23.9,15.67,16.49,Vera Cruz
7.89618E+12,Solução Oftálmica Maxilerg 1mg/ml 5ml,Disponível,43.22,33.26,35.01,Vera Cruz
7.89666E+12,Pant 50mg/ml 2 frascos de 50ml cada,Esgotado,137.29,112.17,59.04,Vera Cruz
7.89132E+12,"Letrozol 2,5mg Eurofarma 30 comprimidos revestidos",Disponível,909.92,328.48,115.26,Vera Cruz
7.89111E+12,"Diane 35 2mg + 0,035mg 21 drágeas",Disponível,42.77,33.73,35.5,Vera Cruz
7.89947E+12,Kalonat 10ml,Disponível,18.99,13.71,14.43,Vera Cruz
7.89621E+12,Atacand 16mg 30 comprimidos,Esgotado,181.97,172.87,60.66,Vera Cruz
7.89611E+12,Aradois 100mg 30 comprimidos revestidos,Disponível,155.71,112.42,59.17,Vera Cruz
7.89611E+12,"Aradois H 50mg + 12,5mg 90 comprimidos revestidos",Disponível,191.86,149.46,52.44,Vera Cruz
7.89106E+12,"Puran T4 37,5mcg 30 comprimidos",Disponível,11.67,8.21,8.64,Vera Cruz
7.89664E+12,"Moment 0,25mg/ml 60ml",Disponível,70.98,62.04,65.3,Vera Cruz
7.89734E+12,Pérola 75mcg 28 comprimidos revestidos,Esgotado,49.93,38.42,40.44,Vera Cruz
7.89611E+12,"Gestrelan 0,15mg + 0,03mg 63 comprimidos",Esgotado,47.53,34.77,36.6,Vera Cruz
7.89172E+12,Alginac 5.000mcg + 100mg + 100mg + 75mg 3 ampolas com 1ml + 3 ampolas com 2ml,Disponível,37.41,30.21,31.8,Vera Cruz
7.89132E+12,Zina 5mg 10 comprimidos,Disponível,60.16,49.72,52.34,Vera Cruz
7.89732E+12,Mioflex A 125mg + 50mg + 300mg + 30mg 30 Comprimidos,Disponível,66.23,57.88,60.93,Vera Cruz
7.89666E+12,Decongex Plus 12 comprimidos,Disponível,33.91,26.91,28.33,Vera Cruz
7.89664E+12,Riopan Plus 80mg/ml + 10mg/ml 240ml,Esgotado,55.89,48.32,50.86,Vera Cruz
7.8976E+12,Sinvastacor 10mg 30 comprimidos revestidos,Disponível,29.9,6.82,7.18,Vera Cruz
7.89771E+12,Insulina Fiasp 100U FlexTouch 3ml Com 1 Caneta,Disponível,66.52,54.35,57.21,Vera Cruz
7.89664E+12,Labirin 24mg 30 comprimidos,Disponível,34.57,16.43,17.29,Vera Cruz
4.26009E+12,Icacort 1mg/g + 10mg/g Creme Dermatológico 30g,Disponível,45.41,40.56,42.69,Vera Cruz
7.89283E+12,Hidrion 40mg + 100mg 30 comprimidos,Disponível,42.04,34.34,36.15,Vera Cruz
7.89611E+12,Kit Solução Estéril para Lentes Bio Lent 360ml + 120ml + Estojo para Lentes,Disponível,46.25,37.79,39.78,Vera Cruz
7.89374E+12,Enxak 12 comprimidos,Disponível,22.58,19.73,20.77,Vera Cruz
7.89283E+12,Hidrion 40mg + 100mg 20 comprimidos,Disponível,29.35,23.98,25.24,Vera Cruz
7.89106E+12,AAS Infantil 100mg com 10 comprimidos,Esgotado,9.16,8.7,9.16,Vera Cruz
7.89803E+12,Diamicron MR 30mg 30 comprimidos de liberação prolongada,Disponível,52.92,41.72,43.92,Vera Cruz
7.89667E+12,Bamifix 300mg 20 drágeas,Disponível,45.76,36.96,38.9,Vera Cruz
7.89934E+12,"Omnic Ocas 0,4mg 60 comprimidos de liberação prolongada",Disponível,233.11,179.38,62.94,Vera Cruz
7.89741E+12,Effient 10mg 30 comprimidos revestidos,Disponível,480.56,346.97,121.74,Vera Cruz
7.50101E+12,Chá Vick Pyrena Sabor Maçã e Canela 5g,Disponível,5.67,5.39,5.67,Vera Cruz
7.89621E+12,Motilium 10mg 60 comprimidos,Esgotado,71.49,60.45,63.63,Vera Cruz
20800750165,"Metamucil Sabor Laranja 10 sachês com 5,85g",Disponível,73.23,64,67.37,Vera Cruz
7.89609E+12,Buscofem 400mg 10 cápsulas,Disponível,34.97,27.25,28.68,Vera Cruz
7.89611E+12,"Pressat 2,5mg 60 comprimidos",Disponível,80.19,60.18,63.35,Vera Cruz
7.89104E+12,Protetor Ocular Nexcare Grande 12un,Disponível,37.9,30.61,32.22,Vera Cruz
7.89805E+12,Lorasliv 10mg 12 comprimidos,Disponível,16.55,2.67,2.81,Vera Cruz
7.89492E+12,Suplemento Vitamínico Neutrofer Prev 60ml,Disponível,89.5,77.38,81.45,Vera Cruz
7.89611E+12,Venaflon 900mg + 100mg 30 comprimidos,Disponível,151.37,66.15,69.63,Vera Cruz
7.89609E+12,Dramin B6 30ml,Disponível,24.35,21.52,22.65,Vera Cruz
7.89492E+12,"Bramicar HCT 40mg + 12,5mg 30 comprimidos",Disponível,107.54,87.86,92.48,Vera Cruz
7.89627E+12,"Psorex 0,5mg/g Solução Capilar 50ml",Disponível,73.82,58.21,61.27,Vera Cruz
7.896E+12,EMS Expector Sabor Caramelo 120ml,Disponível,31.77,30.18,31.77,Vera Cruz
7.89114E+12,Milgamma 150mg 30 drágeas,Esgotado,95.61,81.75,86.05,Vera Cruz
7.89132E+12,Torante 15mg/ml Xarope 100ml,Disponível,65.96,56.39,59.36,Vera Cruz
7.89809E+12,Loção Oleosa Dersani 200ml,Disponível,61.9,52.92,55.71,Vera Cruz
7.89601E+12,Digestina 10mg  20 comprimidos,Disponível,30.83,17.28,18.19,Vera Cruz
7.89621E+12,Symbicort Turbuhaler 6/200 mcg por inalação 60 doses de pó para inalação,Esgotado,138.56,131.63,69.28,Vera Cruz
7.89666E+12,Gaeso 40mg 28 comprimidos,Disponível,193.56,156.3,54.84,Vera Cruz
7.89611E+12,Pantogar Biolab 30 cápsulas,Esgotado,115.29,96.39,50.73,Vera Cruz
7.89666E+12,"Nienza 3,125mg 30 comprimidos",Esgotado,16.45,11.72,12.34,Vera Cruz
7.89618E+12,Vasogard 50mg 60 comprimidos,Disponível,46.67,37.24,39.2,Vera Cruz
7.89732E+12,Magnopyrol 500mg/ml Gotas 20ml,Disponível,50.99,44.56,46.91,Vera Cruz
7.89666E+12,Tormiv SL 10mg Sabor Limão 20 comprimidos sublinguais,Disponível,49.41,39.9,42,Vera Cruz
7.89652E+12,Xarope Ambroxmel Sabor Mel 120ml,Disponível,26.39,16.55,17.42,Vera Cruz
7.89609E+12,"Fluidificante e Descongestionante Nasal Blusoro Jet Infantil 0,9% 100ml",Disponível,48.51,42.85,45.11,Vera Cruz
7.89111E+12,Xarelto 15mg 28 comprimidos revestidos,Esgotado,395.24,375.48,131.75,Vera Cruz
7.89611E+12,Suplemento Alimentar Doss 2.000UI Vitamina D3 30 cápsulas gelatinosas moles,Disponível,39.9,37.91,39.9,Vera Cruz
7.89667E+12,Clenil Compositum HFA Spray 50mcg + 100mcg 200 doses 10ml,Disponível,65.98,53.9,56.74,Vera Cruz
7.896E+12,Quicard 35mg 60 Comprimidos Revestidos De Liberação Prolongada,Esgotado,143.68,120.12,63.22,Vera Cruz
7.89664E+12,"Yomax 5,4mg 60 comprimidos",Disponível,109.83,93.91,98.85,Vera Cruz
7.89625E+12,Xarope Vibral 3mg/ml Sabor Framboesa 120ml,Disponível,33.34,29.14,30.67,Vera Cruz
7.89652E+12,Paracetamol 200mg/ml Cimed 15ml,Esgotado,13.09,5.35,5.63,Vera Cruz
7.896E+12,Rivaroxabana 20mg EMS 30 comprimidos revestidos,Esgotado,242.26,27.62,29.07,Vera Cruz
7.89671E+12,Flavonid 450mg + 50mg 60 comprimidos revestidos,Disponível,187.97,92.85,97.74,Vera Cruz
7.89601E+12,Suplemento Alimentar para Gestantes Mega Mater 30 cápsulas,Disponível,121.5,105.04,55.29,Vera Cruz
3.40097E+12,Flebodia 600mg 30 comprimidos revestidos,Disponível,165.46,130.46,68.67,Vera Cruz
7.89804E+12,Marevan 5mg 30 comprimidos,Disponível,35.24,27.11,28.54,Vera Cruz
7.89609E+12,Nesina Pio 25mg + 15mg 30 comprimidos revestidos,Esgotado,282.02,267.92,94.01,Vera Cruz
7.89666E+12,Trezor 20mg 30 comprimidos revestidos,Disponível,71.61,56.47,59.44,Vera Cruz
7.89609E+12,"Fluidificante e Descongestionante Nasal Rinosoro Jet XT Infantil 0,9% 100ml",Disponível,65.38,57.76,60.8,Vera Cruz
7.89734E+12,"Sandrena 0,5mg Gel 28 sachês com 0,5g",Disponível,51.84,36.94,38.88,Vera Cruz
7.89664E+12,Miosan 5mg 30 comprimidos,Disponível,63.57,44.69,47.04,Vera Cruz
7.89611E+12,Venaflon 450mg + 50mg 30 comprimidos revestidos,Disponível,105.37,32.03,33.72,Vera Cruz
7.89666E+12,Motore 250mg 120 cápsulas,Esgotado,287.95,273.55,95.98,Vera Cruz
7.89492E+12,"Somalgin Cardio 81mg, 60 Comprimidos Revestidos de Dupla Camada",Disponível,32.28,25.76,27.12,Vera Cruz
7.89611E+12,Dacxi 20mg 28 comprimidos revestidos,Esgotado,41.84,39.75,41.84,Vera Cruz
7.89664E+12,Meclin 25mg 15 comprimidos,Disponível,29.65,23.94,25.2,Vera Cruz
7.89618E+12,Alenia Refil 6mcg + 200mcg 60 cápsulas inalatórias,Disponível,118.83,112.89,59.42,Vera Cruz
7.89627E+12,Zyrtec 10mg 12 comprimidos revestidos,Esgotado,90.03,72.7,76.53,Vera Cruz
7.89664E+12,Suplemento Alimentar Probid 30 Cápsulas,Disponível,88.9,84.46,88.9,Vera Cruz
7.89666E+12,Osteoban 150mg 3 comprimidos,Disponível,156.62,126.47,66.57,Vera Cruz
7.89626E+12,Synthroid 88mcg 30 comprimidos,Disponível,52.49,39.4,41.47,Vera Cruz
7.89627E+12,"Naramig 2,5mg 4 comprimidos revestidos",Disponível,28.11,23.5,24.74,Vera Cruz
7.89671E+12,Vertigium 10mg 50 comprimidos,Disponível,16.29,15.48,16.29,Vera Cruz
7.89601E+12,Vodol 20mg/g Pó 30g,Disponível,43.81,34.54,36.36,Vera Cruz
7.89896E+12,Teste de Gravidez Fast Test Semanas 1un,Esgotado,29.99,18.8,19.79,Vera Cruz
7.896E+12,Maleato de Dexclorfeniramina 2mg/5ml EMS 120ml,Disponível,22.82,11.92,12.55,Vera Cruz
7.89732E+12,Acular LS 4mg/ml Solução Oftálmica 5ml,Disponível,77.8,61.34,64.57,Vera Cruz
7.89624E+12,"Drenison 0,125mg/g Pomada 30g",Disponível,48.23,40.77,42.92,Vera Cruz
7.89114E+12,"Celestamine 0,05mg/ml + 0,4mg/ml Xarope 120ml",Disponível,70.6,59.69,62.83,Vera Cruz
7.89609E+12,Suplemento Alimentar Engov After Sabor Citrus 250ml,Disponível,12.25,10.59,11.15,Vera Cruz
7.89609E+12,Antiácido Pó Efervescente Estomazil Sabor Abacaxi 100g,Disponível,28.49,22.47,23.65,Vera Cruz
7.89713E+12,Micolamina 80mg/mg Esmalte 8% 6g + 24 lixas,Disponível,255.91,199.36,69.95,Vera Cruz
7.89602E+12,Leite de Magnésia Eno Tradicional 120ml,Disponível,21.9,16.44,17.3,Vera Cruz
7.89601E+12,Acetilcisteína 10mg/ml União Química Uso Endovenoso/Inalatório 5 ampolas de 3ml,Disponível,22.68,21.55,22.68,Vera Cruz
7.89668E+12,"Pomada Kollagenase 0,6U/g 30g",Disponível,74.8,60.4,63.58,Vera Cruz
7.50044E+12,Suplemento Alimentar Femibion 1 28 comprimidos,Disponível,103.5,98.33,51.75,Vera Cruz
7.89608E+12,Espinheira Santa 380mg Herbarium 45 Cápsulas Duras,Disponível,45.9,39.24,41.31,Vera Cruz
7.89623E+12,Prolopa BD 100/25mg 60 comprimidos,Esgotado,131.36,98.58,51.89,Vera Cruz
7.89172E+12,Euthyrox 112mcg 50 comprimidos,Disponível,56.85,41.05,43.21,Vera Cruz
7.89732E+12,CafiLisador 500mg + 65mg 16 comprimidos,Esgotado,49.65,43.86,46.17,Vera Cruz
7.89652E+12,Cimelide 50mg/ml Cimed Suspensão Oral 15ml,Disponível,27.51,12.54,13.2,Vera Cruz
7.8976E+12,Digesan 4mg Gotas 20ml,Esgotado,48.68,40.23,42.35,Vera Cruz
7.896E+12,Lacday 10.000 U.FCC EMS 8 comprimidos mastigáveis,Disponível,26.5,17.12,18.02,Vera Cruz
7.89741E+12,Lactulona 667mg/ml Xarope Sabor Salada de Frutas 120ml,Disponível,62.02,53.62,56.44,Vera Cruz
7.89611E+12,"Aradois H 50mg + 12,5mg 60 comprimidos revestidos",Disponível,158.3,150.39,52.77,Vera Cruz
7.89609E+12,Melhoral Infantil 8 comprimidos,Disponível,10.88,9.3,9.79,Vera Cruz
7.89666E+12,"Descongestionante Nasal Sorine SSC 0,9% Spray 50ml",Disponível,33.23,28.73,30.24,Vera Cruz
7.89609E+12,Eparema Tradicional Sabor Hortelã 10ml,Disponível,5.26,4,4.21,Vera Cruz
7.89732E+12,"Solução Oftálmica Combigan 0,2% + 0,5% 5ml",Esgotado,158.37,117.35,61.77,Vera Cruz
7.89652E+12,Spray Nasal Cimed 50ml,Esgotado,16.99,11.3,11.89,Vera Cruz
7.89609E+12,Stanglit 30mg 30 comprimidos,Disponível,126.71,90.28,95.03,Vera Cruz
7.89964E+12,Permese 5mg/ml + 2mg/ml Solução Intramuscular com 1ml + seringa,Disponível,31.66,25.87,27.23,Vera Cruz
7.89106E+12,"Puran T4 12,5mcg 30 comprimidos",Disponível,3.87,2.72,2.86,Vera Cruz
7.89601E+12,"Tess 2,0mg + 0,035mg 21 comprimidos revestidos",Esgotado,28.35,26.93,28.35,Vera Cruz
7.89132E+12,"Amora 2mg + 0,03mg 21 comprimidos revestidos",Disponível,49.55,37.66,39.64,Vera Cruz
7.89111E+12,Flanax 550mg 2 comprimidos revestidos,Disponível,7.8,7.41,7.8,Vera Cruz
7.89609E+12,Slinda 4mg 3 blísteres com 28 comprimidos revestidos cada,Disponível,311.61,233.86,82.06,Vera Cruz
7.89667E+12,Clenil HFA 250mcg Jet Solução Aerossol 200 doses 10ml,Disponível,80.69,53.66,56.48,Vera Cruz
7.896E+12,Bálsamo Bengué Gel 20g,Disponível,26.99,20.25,21.32,Vera Cruz
7.89611E+12,"Novanlo 2,5mg 90 comprimidos",Disponível,151.36,119.35,62.82,Vera Cruz
7.89609E+12,Vabam 15mg 30 comprimidos revestidos,Esgotado,190.72,181.18,63.57,Vera Cruz
7.89609E+12,Sumaxpro 85mg + 500mg 2 Comprimidos Revestidos,Disponível,75.43,60.19,63.36,Vera Cruz
7.89172E+12,Euthyrox 100mcg 50 comprimidos,Disponível,50.45,36.42,38.34,Vera Cruz
7.89132E+12,"Rehidrat 50 Sabor Natural 4 envelopes de 7,34g",Disponível,37.86,33.09,34.83,Vera Cruz
7.89667E+12,Clenil HFA 200mcg Spray 200 doses + 1 dispositivo em L para administração oral,Disponível,81.81,64.51,67.9,Vera Cruz
7.89628E+12,Artrodar 50mg 30 cápsulas,Disponível,267.05,175.05,61.42,Vera Cruz
7.89492E+12,Neutrofer 300mg 30 comprimidos revestidos,Disponível,62.65,52.37,55.13,Vera Cruz
7.89666E+12,Antux 30mg/5ml Sabor Cereja 120ml,Disponível,49.23,42.56,44.8,Vera Cruz
7.89803E+12,Acertil 5mg 30 comprimidos revestidos,Disponível,81.36,77.29,81.36,Vera Cruz
7.89114E+12,Antialérgico Claritin 10mg 6 comprimidos,Disponível,12.99,11.23,11.82,Vera Cruz
7.89621E+12,SeloZok 25mg 60 comprimidos revestidos de liberação controlada,Disponível,84.69,63.56,66.91,Vera Cruz
7.89295E+12,"Tamsulon 0,4mg 30 cápsulas",Disponível,293.46,278.79,97.82,Vera Cruz
7.89666E+12,Rubia 75mcg 28 comprimidos revestidos,Disponível,39.97,31.52,33.18,Vera Cruz
7.896E+12,Itralex 100mg 15 cápsulas,Esgotado,118.03,59.43,62.56,Vera Cruz
7.89666E+12,"Liberaflux 7,5mg/ml Sabor Cereja 100ml",Esgotado,43.92,22.53,23.72,Vera Cruz
7.89114E+12,Suplemento Alimentar Bifilac Sii 30 cápsulas,Esgotado,139.9,132.91,69.95,Vera Cruz
7.89804E+12,Gengimin 160mg 15 Comprimidos Revestidos,Disponível,49,42.36,44.59,Vera Cruz
7.89623E+12,Tenag 40mg 20 comprimidos revestidos,Esgotado,113.13,107.47,56.57,Vera Cruz
7.89132E+12,Equitam 80mg 30 Comprimidos Revestidos,Disponível,83.05,68.64,72.25,Vera Cruz
7.89114E+12,Alivium 600mg 10 cápsulas líquidas,Disponível,49.84,39.78,41.87,Vera Cruz
7.89609E+12,Suplemento Alimentar Gestamax Plus 60 cápsulas gelatinosas moles,Esgotado,137.99,131.09,69,Vera Cruz
7.89132E+12,Algie 150mg 10 comprimidos revestidos de liberação prolongada,Disponível,55.42,44.22,46.55,Vera Cruz
7.89345E+12,Mestinon 60mg 60 comprimidos,Disponível,57.4,47.44,49.94,Vera Cruz
7.89671E+12,"Colírio Clanistil 0,25mg/mm + 3mg/ml 15ml",Disponível,15.35,13.13,13.82,Vera Cruz
7.89609E+12,Lisador Dip 500mg/ml Gotas 20ml,Disponível,29.69,25.94,27.31,Vera Cruz
7.89601E+12,"Primosiston 2mg + 0,01mg 30 comprimidos",Disponível,57,49.28,51.87,Vera Cruz
7.89127E+12,Olmetec Anlo 40mg + 5mg 30 comprimidos revestidos,Esgotado,186.91,177.56,62.3,Vera Cruz
7.89172E+12,Roxflan 5mg 30 comprimidos,Disponível,31.4,24.76,26.06,Vera Cruz
7.89666E+12,Allestra 30 75mcg + 30mcg 63 drágeas,Esgotado,93.84,74,77.89,Vera Cruz
7.89172E+12,Concor 10mg 30 comprimidos revestidos,Disponível,123.13,87.73,92.35,Vera Cruz
7.89804E+12,"Adoless 0,060mg + 0,015mg 28 comprimidos revestidos",Disponível,52.65,40.01,42.12,Vera Cruz
7.89609E+12,"Pozato Uni 1,5mg 1 comprimido revestido",Disponível,37.96,26.69,28.09,Vera Cruz
7.89666E+12,Nisulid 100mg 12 comprimidos,Disponível,67.79,56.68,59.66,Vera Cruz
8.90386E+12,Azukon MR 30mg 100 comprimidos de liberação prolongada,Disponível,69.29,48.05,50.58,Vera Cruz
7.89105E+12,Nordette 150/30mcg 63 drágeas,Disponível,38.39,33.18,34.93,Vera Cruz
7.89664E+12,Fitoscar 60mg/g Pomada 20g,Disponível,96.79,80.92,85.18,Vera Cruz
7.89869E+12,Vitamina D 500UI Althaia Gotas 20ml,Esgotado,49.89,32.23,33.93,Vera Cruz
7.89804E+12,Daraprim 25mg 30 comprimidos,Disponível,4.13,3.41,3.59,Vera Cruz
7.89609E+12,Artroflan 150mg 60 comprimidos revestidos,Disponível,289.98,234.16,82.16,Vera Cruz
7.89808E+12,Pomada Lidopass 50mg/g Cimed Sabor Laranja 25g,Esgotado,24.14,14.68,15.45,Vera Cruz
7.89172E+12,Glifage 500mg 30 comprimidos revestidos,Disponível,30.34,23.92,25.18,Vera Cruz
7.89741E+12,"Benicar Triplo 40mg/12,5mg/5mg 30 comprimidos revestidos",Disponível,178.64,135.76,71.46,Vera Cruz
7.89132E+12,Pantocal 20mg 28 comprimidos revestidos de liberação retardada,Esgotado,53.4,50.73,53.4,Vera Cruz
7.8976E+12,Sinvastacor 40mg 30 comprimidos revestidos,Disponível,39.61,10.16,10.69,Vera Cruz
7.89111E+12,Flanax 550mg 10 comprimidos revestidos,Disponível,28.99,26.16,27.54,Vera Cruz
7.89626E+12,Cataflam 50mg 10 drágeas,Disponível,28.02,23.43,24.66,Vera Cruz
7.89602E+12,Antigases Luftal Gotas 75mg/ml Sabor Cereja 15ml,Disponível,31.99,25.22,26.55,Vera Cruz
7.89666E+12,Diosmin SDU 900mg + 100mg Sabor Abacaxi 30 sachês com 5g cada,Disponível,198.62,188.69,66.21,Vera Cruz
7.89492E+12,Tenadren 40mg + 25mg 30 comprimidos,Disponível,16.05,12.35,13,Vera Cruz
7.89611E+12,AtivB 1000mcg 30 comprimidos sublinguais,Disponível,98.91,61.08,64.29,Vera Cruz
7.89622E+12,LuftaFEM 200mg + 500mg 12 comprimidos revestidos,Disponível,32.99,27.89,29.36,Vera Cruz
7.896E+12,Solução Oftálmica Toragesic Ofta 5mg/ml 5ml,Disponível,53.92,43.54,45.83,Vera Cruz
7.89741E+12,Loxonin Flex 100mg 7 adesivos,Disponível,123.64,108.59,57.16,Vera Cruz
7.89172E+12,Euthyrox 137mcg 50 comprimidos,Disponível,60,43.32,45.6,Vera Cruz
7.89609E+12,Ancoron 100mg 30 comprimidos revestidos,Disponível,29.72,22.02,23.18,Vera Cruz
7.89172E+12,Concor Anlo 5/5 mg 30 comprimidos,Disponível,98.73,74.1,78,Vera Cruz
7.89713E+12,"Vitacid Plus 0,1mg/g + 40mg/g + 0,5mg/g Creme 15g",Disponível,149.1,116.15,61.13,Vera Cruz
7.89626E+12,Betaserc 16mg 30 comprimidos,Disponível,48.8,38.02,40.02,Vera Cruz
7.89601E+12,Solução Oftálmica Drusolol 2% + 5% 5ml,Disponível,104.01,79.05,83.21,Vera Cruz
7.89803E+12,"Natrilix SR 1,5mg 60 comprimidos revestidos de liberação prolongada",Disponível,87.91,65.14,68.57,Vera Cruz
7.89106E+12,Probiótico Enterogermina Plus 5 frascos de 5ml,Disponível,63.5,42.66,44.9,Vera Cruz
7.896E+12,Restaurador da Flora Intestinal Repoflor 200mg 6 cápsulas duras,Disponível,53.74,28.59,30.09,Vera Cruz
7.89611E+12,Vonaugasmax 250mg 10 cápsulas moles,Disponível,28.22,24.93,26.24,Vera Cruz
7.89804E+12,Flebon 50mg 30 comprimidos,Disponível,89.23,68.67,72.28,Vera Cruz
7.89105E+12,Suplemento Vitamínico Nestlé Materna 30 comprimidos revestidos,Disponível,75.9,65.62,69.07,Vera Cruz
7.89858E+12,Noripurum 10mg/ml Xarope 120ml,Disponível,36.1,31.55,33.21,Vera Cruz
7.89114E+12,Alivium Infantil 100mg/ml Sabor Frutas 20ml,Disponível,49.41,42.25,44.47,Vera Cruz
7.89638E+12,Livalo 4mg 30 comprimidos revestidos,Disponível,269.55,184.38,64.69,Vera Cruz
7.89609E+12,Topison 1mg/g Pomada 20g,Disponível,75.51,59.54,62.67,Vera Cruz
7.89757E+12,Januvia 50mg 28 comprimidos revestidos,Disponível,174.44,129.26,68.03,Vera Cruz
7.89132E+12,Crevagin 30mg/g + 20mg/g Creme Ginecológico 40g + 7 aplicadores,Disponível,52.69,44.05,46.37,Vera Cruz
7.89609E+12,Neosaldina Solução Oral 15ml,Disponível,50.48,36.93,38.87,Vera Cruz
7.89757E+12,Janumet XR 100mg/1000mg 30 comprimidos revestidos de liberação prolongada,Disponível,360.72,267.29,93.79,Vera Cruz
7.89666E+12,Decongex Plus Xarope 120ml,Disponível,28.22,22.5,23.68,Vera Cruz
7.89655E+12,"TRAVATAN - 0,04mg/mL, 1 frasco gotejador com 2,5mL de solução de uso oftalmológico",Esgotado,190.47,180.95,63.49,Vera Cruz
7.89609E+12,Neosaldina 30 drágeas,Disponível,47.98,36.01,37.9,Vera Cruz
7.89132E+12,"Selene 0,035mg + 2mg 21 comprimidos revestidos",Disponível,36.95,28.08,29.56,Vera Cruz
7.89106E+12,Beserol 4 comprimidos,Esgotado,8.48,6.04,6.36,Vera Cruz
7.8976E+12,Puran T4 175mcg 30 comprimidos,Disponível,34.62,24.01,25.27,Vera Cruz
7.89132E+12,Noex 32mcg Spray Nasal 120 doses,Disponível,46.48,39.74,41.83,Vera Cruz
7.89666E+12,"Flogoral 1,5mg/ml Sabor Menta 250ml",Esgotado,47.97,42.38,44.61,Vera Cruz
7.89633E+12,"Rapilax 7,5mg/ml Gotas 30ml",Disponível,21.96,19.82,20.86,Vera Cruz
7.89666E+12,"Volare 20mg/0,2ml 2 seringas preenchidas de 0,2ml com sistema de segurança",Esgotado,85.84,66.05,69.53,Vera Cruz
7.89609E+12,Apracur Duo 12 comprimidos,Disponível,16.19,14.31,15.06,Vera Cruz
7.89667E+12,"Fluibron A 7,5mg/ml 10 flaconetes com 2ml cada",Disponível,65.3,58.94,62.04,Vera Cruz
7.89106E+12,Probiótico Enterogermina Adulto Sabor Laranja 9 sachês,Esgotado,83.9,68.54,72.15,Vera Cruz
7.89609E+12,Suplemento Alimentar Ofolato G 15ml,Esgotado,0,0,0,Vera Cruz
7.89732E+12,"Umma 20mg/g Creme Ginecológico 6,5g + 1 aplicador",Disponível,116.77,98.73,51.97,Vera Cruz
7.8981E+12,Deocil SL 10mg 10 comprimidos sublinguais,Disponível,42.1,33.19,34.94,Vera Cruz
7.89804E+12,Xarope Sedavan 6mg/ml Sabor Framboesa 100ml,Disponível,26.98,25.63,26.98,Vera Cruz
7.89618E+12,Angipress 25mg 30 comprimidos,Disponível,24.72,20.43,21.51,Vera Cruz
7.8976E+12,Atlansil 200mg 20 comprimidos,Esgotado,49.48,35.72,37.6,Vera Cruz
7.89664E+12,Unoprost 4mg 30 comprimidos,Esgotado,56.36,46.58,49.03,Vera Cruz
7.89732E+12,Laxante Fitoterápico Tamarine Geléia Zero Açúcar 150g,Disponível,99.99,76.82,80.86,Vera Cruz
7.89638E+12,Caneta para Aplicação de Insulina HumaPen Savvio,Esgotado,279.9,265.91,93.3,Vera Cruz
7.89741E+12,BenicarAnlo 40mg/10mg 30 comprimidos revestidos,Disponível,103.89,76,80,Vera Cruz
7.89172E+12,Flexive CDM Creme 50g,Disponível,94.75,77.42,81.49,Vera Cruz
7.89609E+12,Analgésico Pomada Gelol 20g,Disponível,29.78,24.61,25.91,Vera Cruz
7.89127E+12,"OLMETEC ANLO - 20mg + 5mg, 30 comprimidos revestidos",Esgotado,165.38,157.11,55.13,Vera Cruz
7.89609E+12,Rizi 5mg 30 comprimidos revestidos,Esgotado,178.48,154.3,54.14,Vera Cruz
7.89172E+12,Euthyrox 75mcg 50 comprimidos,Disponível,48.8,35.24,37.09,Vera Cruz
7.89601E+12,"Solução Oftálmica Glaucotrat 0,5% 5ml",Disponível,16.82,12.94,13.62,Vera Cruz
7.89609E+12,Lacto - Purga 6 comprimidos revestidos,Disponível,6.2,5.24,5.52,Vera Cruz
7.89611E+12,Press Plus 5mg + 20mg 60 cápsulas,Disponível,244.87,179.12,62.85,Vera Cruz
7.89713E+12,Hixizine 25mg 30 comprimidos,Disponível,63.14,50.39,53.04,Vera Cruz
7.89732E+12,Cafilisador 4 comprimidos,Esgotado,12.58,11.95,12.58,Vera Cruz
7.89132E+12,Noex 50mcg Spray Nasal 200 doses,Disponível,80.87,62.99,66.31,Vera Cruz
7.89666E+12,Adipept 20mg 28 comprimidos revestidos,Disponível,61.2,51.17,53.86,Vera Cruz
7.89807E+12,Spidufen 770mg 10 comprimidos revestidos,Disponível,37.76,28.7,30.21,Vera Cruz
7.89602E+12,Sal de Frutas Eno Tradicional 100g,Disponível,30.73,22.77,23.97,Vera Cruz
7.89934E+12,Vesicare 5mg 30 comprimidos revestidos,Disponível,230.36,188.2,66.04,Vera Cruz
5.70219E+12,"Daivobet 50mcg/g + 0,5mg/g Pomada Dermatológico 30g",Disponível,158.8,129.74,68.29,Vera Cruz
7.8976E+12,Clorana 25mg 30 comprimidos,Disponível,15.61,12.16,12.8,Vera Cruz
7.89664E+12,"Inpruv DK 50.000UI + 100mcg Apsen, 4 Comprimidos",Disponível,112.24,71.44,75.2,Vera Cruz
7.89664E+12,"Inpruv D 7.000UI Apsen, 10 Comprimidos",Disponível,30.34,21.62,22.76,Vera Cruz
7.89295E+12,"Condroflex 1,5g + 1,2g Sabor Abacaxi 30 sachês com pó para solução oral",Disponível,157.65,106.33,55.97,Vera Cruz
7.89804E+12,Suplemento Alimentar Calcitran D3 1000ui 30 comprimidos revestidos,Disponível,38.9,36.96,38.9,Vera Cruz
7.89732E+12,Cromolerg 2% Solução Oftálmica 5ml,Disponível,17.16,14.35,15.1,Vera Cruz
7.89671E+12,Laxante Fitoterápico Naturetti 16 cápsulas,Disponível,75.95,59.17,62.28,Vera Cruz
7.89633E+12,Antiácido Gastrobion Sabor Cereja 240ml,Disponível,28.3,26.89,28.3,Vera Cruz
7.89111E+12,Claritin 10mg 12 comprimidos,Disponível,22.98,20.3,21.37,Vera Cruz
7.89609E+12,"Natifa Pro UBD 0,5mg + 0,1mg 28 comprimidos revestidos",Disponível,98.17,69.95,73.63,Vera Cruz
7.89626E+12,"Iruxol Mono 1,2U Pomada 15g",Disponível,75.82,62.66,65.96,Vera Cruz
7.89132E+12,"Melocox 7,5mg 10 comprimidos",Esgotado,28.64,20.41,21.48,Vera Cruz
7.89611E+12,Solução Nasal Sinusec Spray 30ml,Disponível,68.25,57.06,60.06,Vera Cruz
7.89114E+12,Alivium Infantil 30mg/ml Sabor Frutas 100ml,Esgotado,72.49,61.98,65.24,Vera Cruz
7.89686E+12,Solaquin 40mg/g Creme Dermatológico 30g,Esgotado,94.51,89.78,94.51,Vera Cruz
7.89667E+12,"Trimbow 100/6/12,5 mcg 120 Doses",Disponível,470.05,446.55,156.68,Vera Cruz
7.89982E+12,Jofix 8mg 10 comprimidos orodispersíveis,Esgotado,97.34,73.06,76.9,Vera Cruz
7.89891E+12,"Óleo Sachet Pielsana 7,5cm X 15cm 5ml",Disponível,8.5,6.46,6.8,Vera Cruz
7.89804E+12,Ixium 50mg/g 12 sachês de Creme Dermatológico com 250mg cada,Disponível,353.21,335.55,117.74,Vera Cruz
7.89132E+12,DUOMO HP Eurofarma 60 Cápsulas Duras,Disponível,205.55,165.98,58.24,Vera Cruz
7.89655E+12,"Solução Oftálmica Azorga 10mg/ml + 6,8mg/ml 6ml",Disponível,134.5,127.78,67.25,Vera Cruz
7.89132E+12,Tâmisa 20 75mcg + 20mcg 21 comprimidos revestidos,Disponível,39.79,30.24,31.83,Vera Cruz
7.89611E+12,Flavenos 900mg + 100mg 30 comprimidos revestidos,Disponível,131.1,107.11,56.38,Vera Cruz
7.89666E+12,Nienza 25mg 30 comprimidos,Esgotado,31.92,24.57,25.86,Vera Cruz
7.89609E+12,Plenance 10mg 30 comprimidos revestidos,Disponível,96.44,69.63,73.29,Vera Cruz
7.89666E+12,Motore 250mg 60 cápsulas,Esgotado,179.38,170.41,59.79,Vera Cruz
7.89132E+12,Piemonte 5mg 30 comprimidos mastigáveis,Disponível,76.5,58.14,61.2,Vera Cruz
7.89667E+12,Cicladol 20mg 5 comprimidos,Disponível,51.03,42.18,44.4,Vera Cruz
8.90386E+12,Azukon MR 30mg 60 Comprimidos,Disponível,42.97,29.8,31.37,Vera Cruz
7.89666E+12,Flogoral 5mg/g Creme Dental Sabor Menta 70g,Disponível,41.37,35.37,37.23,Vera Cruz
7.89666E+12,Betadine XR 32mg 30 comprimidos,Disponível,65.5,52.9,55.68,Vera Cruz
7.89132E+12,"Trok - N 20mg/g + 0,64mg/g + 2,5mg/g Pomada Dermatológica 10g",Disponível,21.11,18.05,19,Vera Cruz
7.89601E+12,Caltrate Ca 600mg + D3 200 UI 30 comprimidos revestidos,Disponível,82.3,65.67,69.13,Vera Cruz
7.89492E+12,"Artemidis 35 0,035mg + 2mg 21 comprimidos revestidos",Disponível,23.72,22.53,23.72,Vera Cruz
7.89626E+12,Ritmonorm 300mg 60 comprimidos revestidos,Esgotado,304.99,289.74,101.66,Vera Cruz
7.89611E+12,Vasopril 20mg 30 comprimidos,Disponível,117.22,85.75,90.26,Vera Cruz
7.89982E+12,Suplemento Alimentar Zirvit Pré 30 cápsulas,Disponível,77.25,73.39,77.25,Vera Cruz
7.89666E+12,Femina 150mcg + 20mcg 63 comprimidos revestidos,Disponível,101.32,79.9,84.1,Vera Cruz
7.89602E+12,Sal de Frutas Eno Guaraná 100g,Disponível,30.73,22.77,23.97,Vera Cruz
7.89856E+12,Lactulife Sabor Artificial Salada de Frutas 120ml,Esgotado,36.2,29.23,30.77,Vera Cruz
7.896E+12,Restaurador da Flora Intestinal Repoflor Pediátrico 200mg 4 envelopes com 1g cada,Disponível,46.21,21.87,23.02,Vera Cruz
7.89666E+12,Suplemento Alimentar de Lactase Levty 8 comprimidos com  10.000 U.FCC cada,Esgotado,24.9,21.05,22.16,Vera Cruz
7.89603E+12,Atrovent N 20mcg/dose 10ml + 1 bocal (200 doses),Disponível,42.5,33.92,35.7,Vera Cruz
7.89664E+12,Dobeven 500mg 30 cápsulas,Disponível,103.82,86.79,91.36,Vera Cruz
7.89607E+12,Creme Dermatológico Fenergan 20mg/g 30g,Esgotado,29.2,27.74,29.2,Vera Cruz
7.89601E+12,Regulador Intestinal Leiba 200 12 Cápsulas,Esgotado,35.35,33.58,35.35,Vera Cruz
7.89609E+12,Plenance EZE 10mg+10mg 30 cápsulas,Disponível,96.81,72.66,76.48,Vera Cruz
7.89609E+12,"Fluidificante e Descongestionante Nasal Rinosoro Jet XT 0,9% 100ml",Disponível,65.38,57.76,60.8,Vera Cruz
7.89618E+12,Busonid Aquoso Nasal 32mcg 120 doses 6ml,Disponível,32.18,25.98,27.35,Vera Cruz
7.89664E+12,Labirin 16mg 30 comprimidos,Esgotado,26.17,19.14,20.15,Vera Cruz
7.89804E+12,Helioral 250mg 60 cápsulas,Disponível,210.85,174.27,61.15,Vera Cruz
7.89895E+12,Utrogestan 200mg 14 cápsulas,Disponível,80.5,65.77,69.23,Vera Cruz
7.89618E+12,Hemax Eritron 4.000UI Aché 1 ampola com pó liofilizado e 1 ampola com 2ml de diluente,Esgotado,260.76,195.7,68.67,Vera Cruz
7.89893E+12,Oscillococcinum 30 Tubos,Disponível,273.5,252.04,88.43,Vera Cruz
7.89609E+12,Suplemento Alimentar Ofalato 90 comprimidos,Disponível,175.9,150.39,52.77,Vera Cruz
7.8981E+12,Xarope Phitóss 7mg/ml Sabor Framboesa 100ml,Disponível,36.73,11.87,12.49,Vera Cruz
7.89671E+12,Antialérgico Histamin 2mg 20 comprimidos,Disponível,18.73,11.74,12.36,Vera Cruz
7.90813E+12,Librene Diu Cobre e Prata Tamanho Normal TCU380AG,Esgotado,600.03,570.03,200.01,Vera Cruz
8.90222E+12,Rosucor 20mg 30 comprimidos revestidos,Disponível,76.61,53.13,55.93,Vera Cruz
7.89611E+12,Dexason Elixir 100ml,Esgotado,17.87,16.98,17.87,Vera Cruz
7.8981E+12,Biovicerin 6 flaconetes com 5ml cada,Disponível,48.87,38.53,40.56,Vera Cruz
7.89804E+12,"Annita 500mg, 6 comprimidos revestidos",Disponível,80.34,65.64,69.09,Vera Cruz
7.89666E+12,Bravan HCT 160mg + 25mg 30 comprimidos,Disponível,84.94,68.59,72.2,Vera Cruz
7.89609E+12,Engov 12 comprimidos,Disponível,20.99,16.95,17.84,Vera Cruz
7.89601E+12,Apresolina 25mg 20 drágeas,Disponível,10.53,8.41,8.85,Vera Cruz
7.89668E+12,Solução Oftálmica Oftpred 10mg/ml 5ml,Disponível,52.59,43.97,46.28,Vera Cruz
7.89295E+12,Condroflex 500mg + 400mg 60 cápsulas,Disponível,150.19,101.3,53.32,Vera Cruz
7.89609E+12,"Descongestionante Nasal Salsep 0,9% 360° Bebê e Criança 50ml",Esgotado,30.67,26.22,27.6,Vera Cruz
7.8976E+12,Trilax 300mg + 125mg + 50mg + 30mg 30 comprimidos,Esgotado,32.03,25.56,26.91,Vera Cruz
7.89132E+12,Pivast 2mg 30 comprimidos revestidos,Disponível,106.93,84.31,88.75,Vera Cruz
7.89106E+12,Antialérgico Allegra Pediátrico 6mg/ml 1 frasco de 60ml de suspensão de uso oral,Disponível,40.1,34.67,36.49,Vera Cruz
7.89609E+12,AAS Infantil 100mg com 30 comprimidos,Disponível,28.49,24.9,26.21,Vera Cruz
7.89804E+12,Gynomax Creme Vaginal 35g + 7 aplicadores descartáveis,Esgotado,107.43,86.75,91.32,Vera Cruz
7.89345E+12,Aceratum 100mg/ml Solução Otológica 10ml,Disponível,24.01,18.25,19.21,Vera Cruz
7.89132E+12,"Laxante Minilax 7 bisnagas com 6,5g",Disponível,57.28,50.07,52.7,Vera Cruz
78911222,Vaporizante Descongestionante Vick VapoRub Unguento 12g,Disponível,23.21,22.05,23.21,Vera Cruz
7.89609E+12,Engov 24 comprimidos,Disponível,35.16,26.72,28.13,Vera Cruz
7.89132E+12,"Trok 20mg/g + 0,64mg/g Creme Dermatológico 30g",Disponível,41.06,34.71,36.54,Vera Cruz
7.89603E+12,Jardiance 25mg 30 comprimidos revestidos,Disponível,321.27,305.21,107.09,Vera Cruz
7.89666E+12,Prelone 11mg/ml Gotas Sabor Cereja 20ml,Disponível,43.55,36.82,38.76,Vera Cruz
7.89666E+12,Allestra 15 60mcg + 15mcg 28 comprimidos,Disponível,29.57,23.6,24.84,Vera Cruz
7.89602E+12,Sal de Frutas Eno Abacaxi 2 envelopes com 5g cada,Disponível,4.98,3.83,4.03,Vera Cruz
7.89492E+12,Risedross 35mg 4 comprimidos revestidos,Disponível,80.33,63.34,66.67,Vera Cruz
7.89713E+12,"Vitacid 0,25mg/g Gel 25g",Disponível,45.52,36.76,38.69,Vera Cruz
7.89374E+12,Laringex Sabor Menta 16 pastilhas,Disponível,20.55,14.25,15,Vera Cruz
7.89982E+12,Nevrix 100mg + 100mg + 5mg 60 comprimidos revestidos,Esgotado,166.92,125.28,65.94,Vera Cruz
7.89623E+12,Fibras Normaten Fit 10 Sachês,Esgotado,62.8,59.66,62.8,Vera Cruz
7.89132E+12,Musculare 5mg 15 comprimidos,Disponível,20.62,17.43,18.35,Vera Cruz
7.89647E+12,Emulsão Keltrina Plus 5% Fragrância de Erva Doce 60ml,Disponível,50.28,22.45,23.63,Vera Cruz
7.89734E+12,Renitec 10mg 30 comprimidos,Disponível,27.21,21.19,22.31,Vera Cruz
7.89609E+12,"Descongestionante Nasal Salsep Jet 0,9% Jato Contínuo 100ml",Esgotado,43.32,37.04,38.99,Vera Cruz
7.89609E+12,"Venzer HCT 16mg + 12,5mg 30 comprimidos",Disponível,96.18,69.45,73.1,Vera Cruz
7.89611E+12,Ellura 200mg 30 cápsulas,Disponível,194.91,161.09,56.52,Vera Cruz
7.89602E+12,"Eliquis 2,5mg 60 comprimidos revestidos",Esgotado,401.32,381.25,133.77,Vera Cruz
7.89601E+12,Xantinon 10 comprimidos revestidos,Disponível,6.11,5.23,5.5,Vera Cruz
7.89757E+12,Janumet 50mg + 1000mg 56 comprimidos revestidos,Disponível,339.79,322.8,113.26,Vera Cruz
7.89611E+12,Suplemento Alimentar Doss 1.000UI Vitamina D3 30 cápsulas gelatinosas moles,Disponível,40.9,38.86,40.9,Vera Cruz
7.89609E+12,Laxante Muvinlax Sabor Limão 20 sachês com 14g,Esgotado,63.62,53.79,56.62,Vera Cruz
7.89101E+12,Tylenol DC 1g 20 comprimidos revestidos,Disponível,40.65,33.21,34.96,Vera Cruz
7.89618E+12,Alenia Refil 12mcg + 400mcg 60 cápsulas inalatórias,Disponível,159.89,151.9,53.3,Vera Cruz
5.00046E+12,Xigduo XR 10mg + 1000mg 30 comprimidos revestidos de liberação prolongada,Disponível,262.18,211.71,74.28,Vera Cruz
7.89609E+12,Coledue R 10mg + 10mg 30 cápsulas duras,Disponível,80.94,65.36,68.8,Vera Cruz
7.89633E+12,Chá Stilgrip Sabor Mel e Limão 5g,Disponível,3.35,1.94,2.04,Vera Cruz
7.89982E+12,Folifer 5mg + 150mg 30 comprimidos revestidos,Disponível,84.5,74.66,78.59,Vera Cruz
7.8981E+12,Arflex Retard 200mg 12 cápsulas de ação prolongada,Disponível,97.38,73.08,76.93,Vera Cruz
7.89609E+12,Finalop 1mg 30 Comprimidos Revestidos,Disponível,89.18,70.32,74.02,Vera Cruz
20800750158,Fibra Metamucil Sabor Laranja 174g,Disponível,141.26,122.12,64.28,Vera Cruz
7.89609E+12,Natifa 1mg 28 comprimidos revestidos,Disponível,76.13,55.69,58.62,Vera Cruz
7.89601E+12,Ciclo 21 União Química 21 comprimidos,Disponível,11.05,10.5,11.05,Vera Cruz
7.89611E+12,Gel Hidratante Intravaginal Provagin 30g,Disponível,104.95,99.7,52.48,Vera Cruz
7.89671E+12,Renalapril 5mg 30 comprimidos,Esgotado,31.2,29.64,31.2,Vera Cruz
7.89611E+12,Stele 1mg/g Creme Ginecológico 50g + 5 aplicadores,Esgotado,69.76,56.34,59.3,Vera Cruz
7.89601E+12,Perfenol 20 cápsulas,Disponível,25.42,10.36,10.9,Vera Cruz
3.0065E+11,Solução Oftálmica TriSorb 15ml,Esgotado,32.19,30.58,32.19,Vera Cruz
7.89816E+12,"Pediderm 0,2mg/ml  Shampoo 100ml",Esgotado,27.97,26.57,27.97,Vera Cruz
7.89609E+12,Albocresil 90mg Óvulo 6un,Disponível,28.49,27.07,28.49,Vera Cruz
7.89627E+12,Betnovate 1mg/g Pomada 30g,Disponível,60.31,51,53.68,Vera Cruz
7.8981E+12,Biovicerin 12 flaconetes com 5ml cada,Disponível,95.22,66.94,70.46,Vera Cruz
7.896E+12,Cystex 24 drágeas,Disponível,38.9,36.96,38.9,Vera Cruz
7.89609E+12,Nactali 75mcg 28 comprimidos revestidos,Disponível,50.54,36.97,38.92,Vera Cruz
7.89609E+12,Stanglit 30mg 60 comprimidos,Disponível,195.37,139.2,73.27,Vera Cruz
7.89132E+12,"Molièri 20 3mg + 0,02mg 24 comprimidos revestidos",Disponível,73.93,56.18,59.14,Vera Cruz
7.89111E+12,"Microvlar 0,15mg + 0,03mg 63 drágeas",Disponível,30.23,21.54,22.67,Vera Cruz
7.89942E+12,Promim 10mg/g Creme Ginecológico 30g + 20 aplicadores,Disponível,102.73,79.05,83.21,Vera Cruz
7.89664E+12,Riopan 80mg/ml 240ml,Esgotado,41.38,35.78,37.66,Vera Cruz
7.89732E+12,Mioflex A 125mg + 50mg + 300mg + 30mg 12 Comprimidos,Disponível,26.47,23.39,24.62,Vera Cruz
7.89655E+12,Suspensão Oftálmica Nevanac 1mg/ml 5ml,Disponível,95.64,76.32,80.34,Vera Cruz
7.89734E+12,Janumet XR 50mg/1000mg 60 comprimidos revestidos de liberação prolongada,Disponível,336.69,249.49,87.54,Vera Cruz
7.89492E+12,Concárdio 10mg 30 comprimidos revestidos,Esgotado,131.21,124.65,65.61,Vera Cruz
7.89114E+12,Celestone 4mg/ml 1 ampola com 1ml de solução de uso intramuscular ou intravenoso,Disponível,12.35,9.85,10.37,Vera Cruz
7.89785E+12,Sinvascor 40mg 30 comprimidos revestidos,Disponível,44.02,30.94,32.57,Vera Cruz
7.89747E+12,Deriva Micro 1mg/g Gel de Liberação Controlada 30g,Disponível,113.97,97.44,51.29,Vera Cruz
7.896E+12,Allexofedrin D 60mg + 120mg 10 comprimidos revestidos,Disponível,62.59,59.46,62.59,Vera Cruz
7.89132E+12,"Rehidrat 90 Sabor Natural 4 envelopes de 13,95g",Esgotado,47.42,45.05,47.42,Vera Cruz
7.89673E+12,Olina 60ml,Disponível,39.9,32.22,33.92,Vera Cruz
7.89632E+12,Nevrix IM 100mg/2ml + 100mg/2ml + 5mg/2ml Solução Injetável 3 ampolas com 2ml cada,Disponível,26.63,20.75,21.84,Vera Cruz
7.89632E+12,"Dexador 5mg + 100mg + 100mg + 0,5mg 20 comprimidos revestidos",Disponível,79.65,62.8,66.11,Vera Cruz
4.98719E+12,Bye Bye Fever para Crianças 2 unidades,Disponível,16.5,14.58,15.35,Vera Cruz
7.89841E+12,Imecap Hair Cabelos e Unhas 30 Cápsulas,Disponível,26.3,22.49,23.67,Vera Cruz
7.89626E+12,Synthroid 75mcg 30 comprimidos,Disponível,51.57,38.7,40.74,Vera Cruz
7.89609E+12,Venzer 32mg 30 comprimidos,Disponível,99.54,70.93,74.66,Vera Cruz
7.89626E+12,Voltaren 75mg/3ml Solução Injetável 5 ampolas com 3ml cada,Esgotado,28.2,23.58,24.82,Vera Cruz
7.89607E+12,Profenid 50mg 24 cápsulas duras,Disponível,69.91,57.78,60.82,Vera Cruz
7.89804E+12,Floratil AT 250mg 6 cápsulas,Esgotado,0,0,0,Vera Cruz
7.89283E+12,"Etna 2,5mg + 1,5mg + 1,0mg 50 cápsulas",Disponível,158.54,134.05,70.55,Vera Cruz
7.89666E+12,Artrolive 500mg + 400mg 30 cápsulas,Esgotado,122.75,116.61,61.38,Vera Cruz
7.89172E+12,Mesidox 4mg 30 comprimidos,Disponível,87.27,68.81,72.43,Vera Cruz
7.89809E+12,Gel Dersani Hidrogel com Alginato 85g,Disponível,72.9,62.33,65.61,Vera Cruz
7.89611E+12,Xifaxan 550mg 28 comprimidos revestidos,Esgotado,905.46,619.33,217.31,Vera Cruz
7.89609E+12,Naprix A 10mg + 10mg 30 cápsulas,Disponível,79.28,56.49,59.46,Vera Cruz
7.50044E+12,Xarope Vick Pediátrico 120ml,Disponível,45.23,39.1,41.16,Vera Cruz
7.89667E+12,Fostair DPI 100mcg/6mcg por inalação 1 Dispositivo Next DPI com 120 doses,Disponível,211.03,200.48,70.34,Vera Cruz
7.89611E+12,Bivolet 5mg Biolab 90 comprimidos,Esgotado,159.23,111.94,58.92,Vera Cruz
7.89626E+12,Synthroid 100mcg 30 comprimidos,Disponível,53.39,40.07,42.18,Vera Cruz
7.89713E+12,Micolamina 10mg/g Creme 20g,Disponível,59.17,47.22,49.7,Vera Cruz
7.89172E+12,Floralyte 45 Sabor Laranja 500ml,Esgotado,23.12,21.96,23.12,Vera Cruz
7.89127E+12,"Xalacom 50mcg/ml + 5mg/ml Solução Oftálmica 2,5ml",Disponível,284.26,237.64,83.38,Vera Cruz
7.89309E+12,Arnica Weleda 80 comprimidos,Disponível,98.5,93.58,98.5,Vera Cruz
7.89666E+12,Meritor 4mg + 1000mg 30 comprimidos revestidos,Disponível,89.46,68.84,72.46,Vera Cruz
7.89655E+12,Solução Oftálmica Maxidex 1mg/ml 5ml,Disponível,11.74,9.81,10.33,Vera Cruz
7.89741E+12,Hirudoid 300 Pomada 3mg/g 40g,Disponível,43.8,41.61,43.8,Vera Cruz
7.89621E+12,Symbicort Spray 6/200 mcg 60 doses de pó de uso inalatório,Disponível,173.9,165.21,57.97,Vera Cruz
7.89666E+12,"Nienza 12,5mg 30 comprimidos",Esgotado,23.47,16.95,17.84,Vera Cruz
7.89902E+12,Cueca para Hérnia Inguinal Dupla Dilepé Cor Preta Tamanho P,Disponível,94.5,83.5,87.89,Vera Cruz
7.89106E+12,Anador 1g 4 comprimidos,Esgotado,7.2,6.84,7.2,Vera Cruz
7.89114E+12,Predsim 3mg/ml 60ml + dosador,Disponível,36.3,30.69,32.31,Vera Cruz
7.89843E+12,"Venolise 26,7mg 30 comprimidos revestidos",Disponível,127.04,102.58,53.99,Vera Cruz
7.89101E+12,Analgésico Tylenol 750mg Liberação Imediata 20 comprimidos revestidos,Disponível,47.07,34.87,36.71,Vera Cruz
7.89609E+12,Xarope Benegrip Multi Sabor Frutas Vermelhas 240ml,Disponível,44.99,39.75,41.84,Vera Cruz
7.89603E+12,"Atrovent 0,250mg/ml Gotas 20ml",Esgotado,31.7,26.8,28.21,Vera Cruz
7.89804E+12,Sustrate 10mg 50 comprimidos,Esgotado,39.74,30.58,32.19,Vera Cruz
7.89857E+12,Vitamina D3 Althaia 7.000 UI 8 cápsulas moles,Disponível,21.09,14.83,15.61,Vera Cruz
7.89664E+12,Mesacol 800mg 30 comprimidos revestidos,Disponível,274.86,206.28,72.38,Vera Cruz
7.89806E+12,Novoprazol 20mg 56 Cápsulas,Disponível,26.13,10.17,10.71,Vera Cruz
7.89492E+12,Risedross 150mg 1 comprimido revestido,Esgotado,221.12,210.06,73.71,Vera Cruz
7.89172E+12,Euthyrox 175mcg 50 comprimidos,Esgotado,68.02,50.41,53.06,Vera Cruz
7.89632E+12,DPrev 5.000UI 30 comprimidos revestidos,Disponível,91.15,63.21,66.54,Vera Cruz
7.89666E+12,Solução Nasal Sorine Jet Baby Jato Suave Contínuo 100ml,Esgotado,47.89,40.95,43.1,Vera Cruz
7.89664E+12,Dobeven 500mg 60 cápsulas gelatinosas duras,Esgotado,186.92,158.04,55.45,Vera Cruz
7.89666E+12,Suplemento Vitamínico Combi AD 30ml + Seringa Dosadora,Disponível,64.5,55.15,58.05,Vera Cruz
7.89111E+12,"Cicloprimogyna (2mg) + (2mg + 0,25mg) 21 drágeas",Disponível,15.21,11.56,12.17,Vera Cruz
7.50044E+12,Vaporizante Descongestionante Vick VapoRub Unguento 100g,Disponível,126.54,103.38,54.41,Vera Cruz
7.89603E+12,"Trayenta Duo 2,5mg + 500mg 60 comprimidos revestidos",Disponível,319.19,248.65,87.25,Vera Cruz
7.89611E+12,Venaflon 450mg + 50mg 60 comprimidos revestidos,Disponível,184.77,54.42,57.28,Vera Cruz
7.89732E+12,Lisador 16 comprimidos,Disponível,49.98,43.68,45.98,Vera Cruz
7.89611E+12,Press Plus 5mg + 10mg 30 cápsulas,Disponível,119.3,113.34,59.65,Vera Cruz
7.89111E+12,Analgésico Cafiaspirina 4 comprimidos,Disponível,7.8,6.75,7.1,Vera Cruz
7.89106E+12,Anador 1g 20 comprimidos,Esgotado,30.63,22.41,23.59,Vera Cruz
7.89609E+12,Pomada Dermatológico Nebacetin 50g,Disponível,57.99,49.03,51.61,Vera Cruz
7.89734E+12,Cerazette 75mcg 28 comprimidos revestidos,Disponível,61.8,41.1,43.26,Vera Cruz
7.89626E+12,Synthroid 50mcg 30 comprimidos,Disponível,46.03,35.85,37.74,Vera Cruz
7.89633E+12,Gotas Preciosas 30ml,Disponível,23.5,16.3,17.16,Vera Cruz
7.89813E+12,Maxalgina 500mg/ml Gotas Sabor Abacaxi 20ml,Disponível,7.01,5.2,5.47,Vera Cruz
7.89602E+12,Relvar Ellipta 100mcg + 25mcg 30 doses de pó para inalação,Esgotado,211.05,200.5,70.35,Vera Cruz
7.896E+12,Maleato de Dexclorfeniramina 2mg EMS 20 comprimidos,Disponível,15.29,10.02,10.55,Vera Cruz
7.89664E+12,Labirin 8mg 30 comprimidos,Esgotado,39.33,31.01,32.64,Vera Cruz
7.89626E+12,Trombofob 200U Gel 40g,Disponível,42.87,37.06,39.01,Vera Cruz
7.89666E+12,Oxotron 60mg 15 comprimidos,Disponível,40.77,34.09,35.88,Vera Cruz
7.89605E+12,"Arulatan 50mcg/ml Solução Oftálmica 2,5ml",Disponível,172.34,132.62,69.8,Vera Cruz
7.89732E+12,Vitamina D3 Addera D3 7.000UI 4 comprimidos revestidos,Disponível,43.95,41.75,43.95,Vera Cruz
7.89621E+12,Stugeron 75mg 30 comprimidos,Disponível,38.86,30.64,32.25,Vera Cruz
7.89666E+12,ProVance Mini 360 mg Aché 5 sachês,Disponível,35.9,25.58,26.93,Vera Cruz
7.89666E+12,"Flogoral 1,5mg/ml Spray Sabor Menta 30ml",Disponível,42.79,37.4,39.37,Vera Cruz
7.89609E+12,Antiácido Estomazil Pastilhas Sabor Abacaxi 20 comprimidos mastigáveis,Disponível,19.9,17.01,17.91,Vera Cruz
7.89666E+12,Prelone 5mg 10 comprimidos,Esgotado,11.06,9.24,9.73,Vera Cruz
7.89669E+12,Gamax 30 Cápsulas Gelatinosas,Disponível,168.15,132.58,69.78,Vera Cruz
7.89601E+12,"AdviPro 11,6mg Gel 60g",Esgotado,53.35,46.12,48.55,Vera Cruz
7.89609E+12,Dramin CapsGel 50mg 10 Cápsulas Mole,Disponível,24.03,21.69,22.83,Vera Cruz
7.89172E+12,Euthyrox 88mcg 50 comprimidos,Disponível,44.63,32.22,33.92,Vera Cruz
7.89611E+12,PANTOGAR - 60 cápsulas gelatinosas duras?,Disponível,230.61,219.08,76.87,Vera Cruz
7.89655E+12,"Solução Oftálmica Azorga 10mg/ml + 6,8mg/ml 5ml",Esgotado,112.08,93.7,98.63,Vera Cruz
7.89106E+12,"Toujeo 300U/ml 1 caneta descartável com 1,5ml de solução injetável",Disponível,301.1,225.98,79.29,Vera Cruz
7.89602E+12,Analgésico Sonridor Caf 2 comprimidos efervescentes,Disponível,10.27,9.76,10.27,Vera Cruz
7.89111E+12,Primogyna 2mg 28 drágeas,Disponível,114.76,88.31,92.96,Vera Cruz
7.89609E+12,Alektos 20mg 30 comprimidos,Disponível,142.05,122.81,64.64,Vera Cruz
7.89624E+12,"Vonau Flash 8mg Biolab, 10 comprimidos de desintegração oral",Disponível,97.38,65.68,69.14,Vera Cruz
7.89664E+12,"PlantaBen 3,5g Sabor Artificial Laranja Pó Efervescente 10 envelopes com 5g cada",Disponível,74.25,63.49,66.83,Vera Cruz
7.89734E+12,Singulair 4mg 30 comprimidos mastigáveis,Disponível,94.53,73.63,77.51,Vera Cruz
7.896E+12,Repoflor 250mg 10 cápsulas duras,Disponível,68.87,45.14,47.52,Vera Cruz
7.89626E+12,Sirdalud 2mg 30 comprimidos,Esgotado,70.23,57.38,60.4,Vera Cruz
7.896E+12,"Repopil 35 - 2mg + 0,035mg 21 comprimidos revestidos",Disponível,27.55,14.92,15.7,Vera Cruz
7.89609E+12,Lavagem Nasal Rinosoro Alto Volume 30 sachês + frasco aplicador,Disponível,95.63,64.51,67.9,Vera Cruz
7.89843E+12,Suplemento Alimentar Pealiv 300mg 30 comprimidos,Disponível,122.9,92.24,97.09,Vera Cruz
7.89609E+12,Engov 6 comprimidos,Disponível,11.99,9.45,9.95,Vera Cruz
7.89667E+12,Clenil HFA 250mcg Spray 200 doses + 1 dispositivo em L para administração oral,Disponível,80.69,42.93,45.19,Vera Cruz
7.89116E+12,Rubenti 200mg 60 cápsulas duras de liberação prolongada,Esgotado,264.28,215.92,75.76,Vera Cruz
7.89602E+12,Antiácido Eno Pastilhas Mastigáveis 500mg Sabor Menta 8un,Disponível,14.9,11.32,11.92,Vera Cruz
7.89106E+12,"AlleNasal Spray Nasal Antialérgico 120 Doses 16,5ml",Disponível,75.81,58.34,61.41,Vera Cruz
7.89618E+12,Formocaps 12mcg 30 cápsulas com pó para inalação + 1 inalador,Disponível,86.68,74.94,78.88,Vera Cruz
7.89652E+12,"Loratadina 10mg Cimed, 12 comprimidos",Disponível,21.54,5.12,5.39,Vera Cruz
7.89666E+12,"Xarope Notuss 1,5mg/ml Sabor Morango 120ml",Disponível,28.37,24.53,25.82,Vera Cruz
7.89609E+12,Topison 1mg/g Creme 20g,Disponível,75.51,59.54,62.67,Vera Cruz
7.89671E+12,Corticorten 20mg 20 comprimidos,Disponível,31.81,16.02,16.86,Vera Cruz
7.89172E+12,Euthyrox 125mcg 50 comprimidos,Disponível,56.38,40.71,42.85,Vera Cruz
7.89666E+12,Nautex 8mg 10 Comprimidos,Disponível,70.91,58.61,61.69,Vera Cruz
7.89106E+12,"Clexane 40mg/0,4ml 6 seringas preenchidas com 0,4ml com sistema de segurança",Disponível,536.41,280.28,98.34,Vera Cruz
7.89734E+12,Meticorten 20mg 10 comprimidos,Disponível,35.32,29.19,30.73,Vera Cruz
7.89132E+12,"Molièri 30 3mg + 0,03mg 21 comprimidos revestidos",Disponível,73.93,55.48,58.4,Vera Cruz
7.89609E+12,"Naprix A 2,5mg + 5mg 30 cápsulas",Disponível,79.28,57.24,60.25,Vera Cruz
7.89621E+12,Motilium 1mg/ml Suspensão Oral 200ml,Esgotado,103.37,98.2,51.69,Vera Cruz
7.89666E+12,Allestra 20 75mcg + 20mcg 21 drágeas,Esgotado,41.29,32.17,33.86,Vera Cruz
7.89132E+12,Proflam 15mg/g Creme 30g,Disponível,52.76,45.11,47.48,Vera Cruz
7.89601E+12,Solução Oftálmica Cetrolac 5mg/ml 5ml,Disponível,71.57,55.76,58.69,Vera Cruz
7.89609E+12,"Tarfic 0,03% Pomada Dermatológica 10g",Disponível,101.75,78.3,82.42,Vera Cruz
7.89626E+12,Entresto 49mg + 51mg 60 comprimidos revestidos,Esgotado,433.52,411.84,144.51,Vera Cruz
7.89611E+12,Pressat 5mg 60 comprimidos,Esgotado,115.21,109.45,57.61,Vera Cruz
7.89609E+12,"Natifa Pro 1mg + 0,5mg 28 comprimidos revestidos",Disponível,98.17,69.02,72.65,Vera Cruz
7.89609E+12,Eparema Sabor Laranja 10ml,Disponível,5.26,4.15,4.37,Vera Cruz
7.89116E+12,Vitamina D Sof D 50.000 UI 4 cápsulas gelatinosas moles,Disponível,84.15,69.55,73.21,Vera Cruz
7.89666E+12,Soanza XR 35mg 60 comprimidos,Disponível,98.22,80.25,84.47,Vera Cruz
7.89626E+12,Lipidil 160mg 30 comprimidos revestidos,Esgotado,160.07,152.07,53.36,Vera Cruz
7.896E+12,Creme Dermatológico Maleato de Dexclorfeniramina 10mg/g EMS 30g,Disponível,16.69,12.53,13.19,Vera Cruz
7.89111E+12,Mesigyna 50mg/ml + 5mg/ml Solução Injetável 1 ampola com 1ml,Disponível,48.03,37.87,39.86,Vera Cruz
7.89618E+12,Alenia 6mcg + 200mcg 60 cápsulas inalatórias + 1 inalador,Esgotado,139.27,101.88,53.62,Vera Cruz
7.89609E+12,Buscoduo 20 comprimidos revestidos,Disponível,39.98,32.66,34.38,Vera Cruz
7.89627E+12,"Aerolin 100mcg/dose 200 doses 14,6 ml",Disponível,26.9,22.23,23.4,Vera Cruz
7.89804E+12,Ultrafer 100mg 30 comprimidos revestidos,Disponível,75.5,61.68,64.93,Vera Cruz
7.89106E+12,"Clexane 60mg, 2 seringas preenchidas com 0,6mL de solução de uso subcutâneo ou intramuscular + sistema de segurança",Esgotado,274.14,140.64,74.02,Vera Cruz
7.89626E+12,"Cataflam Pro XT 23,2mg/g Emugel 100g",Disponível,93.39,71.87,75.65,Vera Cruz
7.89666E+12,ProVance Aché Sabor Limão 30 Comprimidos Mastigáveis,Esgotado,135.9,113.61,59.8,Vera Cruz
7.89666E+12,"Esalerg 0,5mg/ml Xarope Sabor Tutti Frutti 100ml",Esgotado,103.41,98.24,51.71,Vera Cruz
7.89611E+12,"Tantin 0,060mg + 0,015mg 28 comprimidos revestidos",Disponível,30.23,23.27,24.49,Vera Cruz
7.89664E+12,"Inpruv D 10.000UI Apsen, 10 Comprimidos",Esgotado,61.72,45.14,47.52,Vera Cruz
7.89132E+12,Duomo 2mg 30 comprimidos,Disponível,43.93,35.47,37.34,Vera Cruz
7.89666E+12,Levoid 112mcg 30 comprimidos,Disponível,34.41,26.81,28.22,Vera Cruz
7.89601E+12,Solução Oftálmica Ocupress 2% 5ml,Disponível,112.21,84.22,88.65,Vera Cruz
7.89666E+12,"Sorine 0,9% Nebulizador 45ml",Disponível,31.51,27.24,28.67,Vera Cruz
7.89652E+12,Colujet 1mg/g Pasta de Uso Bucal 10g,Esgotado,20.83,11.68,12.29,Vera Cruz
7.89671E+12,Antialérgico em Creme Histamin 10mg/g 30g,Disponível,23.45,18.49,19.46,Vera Cruz
7.89609E+12,Lacto - Purga 16 comprimidos revestidos,Disponível,15.49,13.69,14.41,Vera Cruz
7.89602E+12,Advil 600mg 12 Horas 2 comprimidos revestidos de liberação prolongada,Disponível,8.64,6.16,6.48,Vera Cruz
7.89666E+12,Flogoral 3mg Pastilhas Sabor Menta 12un,Disponível,20.85,18.02,18.97,Vera Cruz
7.89666E+12,Levoid 88mcg 30 comprimidos,Disponível,27.48,21.93,23.08,Vera Cruz
7.89732E+12,Lisador 8 comprimidos,Disponível,24.22,21.39,22.52,Vera Cruz
7.89666E+12,Bravan Duo 80mg 5mg 30 comprimidos,Esgotado,70.68,55.73,58.66,Vera Cruz
7.89652E+12,Pralívio 400mg 10 cápsulas moles,Disponível,23.76,13.55,14.26,Vera Cruz
7.89609E+12,Nactali 75mcg 84 comprimidos revestidos,Disponível,124.97,89.04,93.73,Vera Cruz
7.89624E+12,Aradois 25mg 30 comprimidos revestidos,Esgotado,58.07,44.69,47.04,Vera Cruz
7.89801E+12,Solução de Manitol 20% 250ml,Disponível,29.99,20.23,21.29,Vera Cruz
7.89804E+12,"Actifedrin 2,5mg + 60mg 20 comprimidos",Disponível,15.57,13.31,14.01,Vera Cruz
7.89801E+12,Colic Calm Suspensão Oral 59ml,Disponível,141.9,113.24,59.6,Vera Cruz
7.89618E+12,Busonid Aquoso Nasal 64mcg 120 doses 6ml,Disponível,36.95,31.25,32.89,Vera Cruz
7.89741E+12,Benicar Triplo 40mg/25mg/10mg 30 comprimidos revestidos,Esgotado,192.67,183.04,64.22,Vera Cruz
7.89732E+12,"Solução Oftálmica Alphagan Z 0,1% 5ml",Disponível,72.18,57.6,60.63,Vera Cruz
7.89618E+12,Lotar 5mg + 100mg 30 cápsulas,Disponível,92.68,71.32,75.07,Vera Cruz
7.89856E+12,"PlantaBen 3,5g Sabor Artificial Laranja Pó Efervescente 30 envelopes com 5g cada",Disponível,196.97,160.92,56.46,Vera Cruz
7.89664E+12,Flancox 400mg 10 comprimidos revestidos,Esgotado,31.04,17.69,18.62,Vera Cruz
7.89132E+12,Pietra ED 2mg 30 comprimidos revestidos,Disponível,69.06,57.08,60.08,Vera Cruz
7.89732E+12,Solução Oftálmica Cromolerg 4% 5ml,Disponível,21.73,18.16,19.12,Vera Cruz
7.89623E+12,Aplause 20mg 30 comprimidos revestidos,Disponível,150.54,128.72,67.75,Vera Cruz
7.89804E+12,Dolamin Flex 125mg + 5 mg 12 comprimidos revestidos,Disponível,54.25,51.54,54.25,Vera Cruz
7.89624E+12,"DRENIFÓRMIO - 0,125mg/g + 30mg/g, 1 bisnaga com 30g de creme de uso dermatológico",Esgotado,46.3,43.99,46.3,Vera Cruz
7.89666E+12,Bravan 160mg 30 comprimidos revestidos,Disponível,51.91,49.31,51.91,Vera Cruz
7.89609E+12,Ammy 4mg 28 comprimidos revestidos,Disponível,130.81,124.27,65.41,Vera Cruz
7.89609E+12,Eparema Sabor Hortelã 12 flaconetes de 10ml cada,Disponível,59.49,46.91,49.38,Vera Cruz
7.89601E+12,Advil Mulher 400mg 10 Cápsulas Líquidas,Disponível,32.06,22.53,23.72,Vera Cruz
7.89633E+12,ABC Creme 10mg/g 20g,Disponível,19.24,13.35,14.05,Vera Cruz
7.89114E+12,Coristina D Pro 4 comprimidos,Disponível,13.19,11.66,12.27,Vera Cruz
7.89621E+12,Stugeron 25mg 30 comprimidos,Disponível,27.86,21.96,23.12,Vera Cruz
7.89622E+12,Luftal Gel Caps 125mg - 20 Cápsulas Gelatinosas,Disponível,55.99,43.08,45.35,Vera Cruz
7.896E+12,Bálsamo Bengué Gel 60g,Disponível,45.81,34.38,36.19,Vera Cruz
7.89664E+12,Siilif 100mg 30 comprimidos revestidos,Disponível,108.71,88.82,93.49,Vera Cruz
7.89666E+12,Artrosil 320mg 10 cápsulas duras de liberação prolongada,Disponível,136.53,110.25,58.03,Vera Cruz
7.89624E+12,Ablok Plus 100mg 25mg 30 comprimidos,Disponível,78.08,55.63,58.56,Vera Cruz
7.89732E+12,"Fluidificante e Descongestionante Nasal Rinosoro SIC Infantil Spray Suave 0,9%  50ml",Disponível,37.49,33.13,34.87,Vera Cruz
7.89732E+12,Vitamina D3 Addera D3 7.000UI 30 comprimidos revestidos,Disponível,175.28,139.88,73.62,Vera Cruz
7.89609E+12,Venalot 15mg + 90mg 60 comprimidos,Disponível,137.63,108.52,57.12,Vera Cruz
7.89132E+12,Primera 30 150mcg + 30mcg 63 comprimidos,Disponível,94.63,71.92,75.7,Vera Cruz
7.89626E+12,Diovan 80mg 28 comprimidos revestidos,Esgotado,151.14,143.58,50.38,Vera Cruz
7.89172E+12,"Diclin 2mg + 0,035mg 63 comprimidos revestidos",Disponível,61.31,48.35,50.89,Vera Cruz
7.89114E+12,Coristina D Pro 16 comprimidos,Disponível,44.48,38.87,40.92,Vera Cruz
7.8981E+12,Deocil SL 10mg 20 comprimidos,Disponível,77.47,58.14,61.2,Vera Cruz
7.89601E+12,Carverol 250mg 20 comprimidos,Disponível,34.5,32.78,34.5,Vera Cruz
7.89114E+12,Alivium 400mg 10 cápsulas líquidas,Disponível,33.48,28.62,30.13,Vera Cruz
7.89111E+12,"Diane 35 2mg + 0,035mg 63 drágeas",Disponível,91.14,70.13,73.82,Vera Cruz
7.89626E+12,Synthroid 125mcg 30 comprimidos,Disponível,58.56,43.95,46.26,Vera Cruz
7.89626E+12,Diovan Amlo Fix 320mg + 10mg 28 comprimidos revestidos,Disponível,208.15,197.74,69.38,Vera Cruz
7.89666E+12,"Esalerg D12 2,5mg + 120mg 10 comprimidos de liberação modificada",Esgotado,65.72,54.94,57.83,Vera Cruz
7.89623E+12,Fluidificante e Descongestionante Nasal Wash In 100ml,Esgotado,7.5,5.78,6.08,Vera Cruz
7.89623E+12,Dozemast 1.000mcg 30 comprimidos sublinguais,Disponível,104.46,79.39,83.57,Vera Cruz
7.89603E+12,"Spiolto 2,5mcg + 2,5mcg 1 Frasco com 4ml de Solução, 60 Acionamentos + Inalador Respimat",Esgotado,396.83,376.99,132.28,Vera Cruz
7.89666E+12,Vertix 5mg/ml Sabor Baunilha 30ml,Disponível,14.05,11.34,11.94,Vera Cruz
7.89611E+12,Profergan 25mg 20 comprimidos revestidos,Disponível,12.82,7.43,7.82,Vera Cruz
7.89669E+12,Florax SM 100milhões/ml Sabor Framboesa 5 flaconetes com 5ml cada,Disponível,55.03,46.01,48.43,Vera Cruz
7.89104E+12,LuftaGastroPro Sachê 10ml,Disponível,4.79,3.82,4.02,Vera Cruz
7.89602E+12,Leite de Magnésia Eno Hortelã 350ml,Disponível,27.9,20.67,21.76,Vera Cruz
7.89666E+12,Levoid 25mcg 30 comprimidos,Disponível,18.68,14.73,15.5,Vera Cruz
7.89609E+12,Alektos 20mg 20 comprimidos,Disponível,74.6,65.2,68.63,Vera Cruz
7.89106E+12,Analgésico Novalgina 1g 10 comprimidos efervescentes,Disponível,37.61,35.73,37.61,Vera Cruz
7.89609E+12,Benegrip Multi Febre e Dor Pediatrico 15ml,Disponível,22.98,19.65,20.68,Vera Cruz
7.89732E+12,"Solução Oftálmica Pred Mild 0,12% 10ml",Disponível,59.25,56.29,59.25,Vera Cruz
7.89621E+12,SeloZok 50mg 30 comprimidos revestidos de liberação controlada,Disponível,85.05,80.8,85.05,Vera Cruz
7.89603E+12,Xarope Bisolvon Expectorante Pediátrico 4mg/5ml 1 frasco com 120mL,Disponível,32.54,27.21,28.64,Vera Cruz
7.89666E+12,Biofenac DI 50mg 10 comprimidos dispersíveis,Disponível,21.48,18.16,19.12,Vera Cruz
7.89611E+12,Bivolet 5mg Biolab 30 comprimidos,Disponível,64.59,53.38,56.19,Vera Cruz
7.89492E+12,Vynaxa 15mg 28 Comprimidos Revestidos,Esgotado,51.77,49.18,51.77,Vera Cruz
7.89895E+12,Utrogestan 200mg com 42 cápsulas,Disponível,241.69,192.87,67.67,Vera Cruz
7.8976E+12,Puran T4 150mcg 30 comprimidos,Disponível,27.36,18.97,19.97,Vera Cruz
7.89666E+12,NovaCort Creme 30g,Disponível,48.24,42.62,44.86,Vera Cruz
7.89172E+12,Euthyrox 25mcg 50 comprimidos,Disponível,38.58,28.22,29.71,Vera Cruz
7.89602E+12,Sal de Frutas Eno Laranja 2 envelopes com 5g,Disponível,4.98,3.83,4.03,Vera Cruz
7.89621E+12,Motilium 10mg 30 comprimidos,Disponível,37.7,32.95,34.68,Vera Cruz
7.89666E+12,Brondilat 50mg/5ml Xarope Sabor Framboesa 120ml,Disponível,62.33,50.92,53.6,Vera Cruz
7.89603E+12,Xarope Mucosolvan 30mg/5ml Sabor Morango 120ml,Disponível,65.33,55.86,58.8,Vera Cruz
7.89602E+12,Sal de Frutas Eno Tradicional 2 envelopes com 5g,Disponível,4.98,3.71,3.9,Vera Cruz
7.89621E+12,Imosec 2mg 12 comprimidos,Disponível,12.23,10.69,11.25,Vera Cruz
7.89804E+12,Suplemento Alimentar Lipomax Cromo 60 cápsulas,Disponível,49.5,44.2,46.53,Vera Cruz
7.89611E+12,Ibupril 400mg 8 cápsulas gelatinosas moles,Disponível,23.61,7.18,7.56,Vera Cruz
7.89132E+12,"Dexfer 400mg, Eurofarma 30 comprimidos revestidos",Disponível,68.05,56.89,59.88,Vera Cruz
7.89666E+12,Levoid 50mcg 30 comprimidos,Disponível,20.94,16.31,17.17,Vera Cruz
7.89627E+12,Valtrex 500mg 10 comprimidos revestidos,Disponível,212.91,202.26,70.97,Vera Cruz
7.89804E+12,"Solução Nasal Maresis Baby 0,9% Spray Jato Suave Contínuo 100ml",Disponível,57.83,51.09,53.78,Vera Cruz
7.89132E+12,Zart 50mg 30 comprimidos revestidos,Disponível,14.7,4.75,5,Vera Cruz
78905108,Pomada Minancora 30g,Disponível,20.97,18.13,19.08,Vera Cruz
7.89732E+12,Amplium G 30mg/g + 20mg/g Creme Ginecológico 40g + 7 aplicadores,Esgotado,42.19,36.07,37.97,Vera Cruz
7.89609E+12,"Elani Ciclo 3mg + 0,03mg 21 comprimidos revestidos",Disponível,72.66,53.84,56.67,Vera Cruz
7.89934E+12,"Vesomni 6mg + 0,4mg 30 comprimidos revestidos de liberação modificada",Disponível,230.36,188.2,66.04,Vera Cruz
7.89609E+12,Vatis 150mg 90 comprimidos revestidos,Disponível,137.51,104.51,55.01,Vera Cruz
7.89586E+12,Leite de Magnésia Phillips Original 120ml,Esgotado,23.5,17.64,18.57,Vera Cruz
7.89624E+12,Ablok 25mg 30 comprimidos,Disponível,15.85,2.56,2.69,Vera Cruz
7.89666E+12,Allestra 20 75mcg + 20mcg 63 drágeas,Disponível,94.02,75.92,79.92,Vera Cruz
7.89603E+12,Pradaxa 110mg 30 cápsulas,Disponível,209.27,163.02,57.2,Vera Cruz
7.89611E+12,Nebilet 5mg 30 comprimidos,Disponível,166.89,120.5,63.42,Vera Cruz
7.89804E+12,Promensil 100mg 30 comprimidos revestidos,Disponível,159.98,133.74,70.39,Vera Cruz
7.8981E+12,Loncord 20mg 20 cápsulas,Esgotado,31.46,21.82,22.97,Vera Cruz
7.89666E+12,Artrolive 1500mg + 1200mg Sabor Laranja 30 envelopes com 4g de granulado cada,Disponível,141.29,134.23,70.65,Vera Cruz
7.89804E+12,Arnica Montana 6CH Almeida Prado Frasco com 13g,Disponível,32.9,31.26,32.9,Vera Cruz
7.89824E+12,"Motix Solução Injetável 10 ampolas com 2,2ml cada",Disponível,244,210.94,74.01,Vera Cruz
7.89492E+12,Indux 50mg 10 comprimidos,Disponível,78.67,62.78,66.08,Vera Cruz
7.89492E+12,Itraspor 100mg 4 cápsulas,Disponível,39.92,31.47,33.13,Vera Cruz
7.89624E+12,"Drenison 4mcg/cm² Oclusivo 1 Rolo com 7,5cm x 200cm",Disponível,144.29,116.52,61.33,Vera Cruz
7.89611E+12,Suplemento Alimentar DOSS 1.000UI Vitamina D3 90 Cápsulas Gelatinosas,Disponível,97.9,86.5,91.05,Vera Cruz
7.896E+12,Lacday 10.000 U.FCC EMS 30 comprimidos mastigáveis,Disponível,64.9,61.66,64.9,Vera Cruz
5.00046E+12,Forxiga 10mg 30 comprimidos revestidos,Disponível,236.96,168.83,59.24,Vera Cruz
7.89132E+12,Duomo HP 2mg + 5 mg 30 cápsulas,Disponível,163.97,132.4,69.69,Vera Cruz
7.89114E+12,Predsim 11mg/ml Gotas 20ml,Disponível,46.49,39.31,41.38,Vera Cruz
7.89621E+12,Atacand Comb 16mg + 5mg 30 comprimidos + 30 comprimidos de liberação prolongada,Esgotado,132.62,125.99,66.31,Vera Cruz
7.89652E+12,Dimetigass Gotas 75mg 15ml,Disponível,6.99,3.71,3.91,Vera Cruz
7.89601E+12,Florastor 12 cápsulas,Esgotado,25.9,24.61,25.9,Vera Cruz
7.89803E+12,Daflon 1000mg FFPM 60 comprimidos revestidos,Disponível,338.17,266.65,93.56,Vera Cruz
7.89895E+12,"Oestrogel 0,6mg/g Gel 80g",Disponível,84.56,68.29,71.88,Vera Cruz
7.8976E+12,Puran T4 200mcg 30 comprimidos,Disponível,59.89,41.53,43.72,Vera Cruz
7.89611E+12,Creme Dermatológico Profergan 20mg/g 30g,Disponível,25.93,20.44,21.52,Vera Cruz
7.89804E+12,Marevan 5mg 10 comprimidos,Esgotado,11.68,9.1,9.58,Vera Cruz
7.89172E+12,Zimiex 10mg 30 comprimidos,Esgotado,73.26,54.28,57.14,Vera Cruz
5.00046E+12,Qtern 5mg/10mg 30 comprimidos revestidos,Disponível,309.73,241.28,84.66,Vera Cruz
7.8976E+12,Diclac SR 75mg 20 comprimidos,Disponível,51.39,35.63,37.51,Vera Cruz
7.89621E+12,SeloZok 100mg 30 comprimidos revestidos de liberação controlada,Esgotado,139.39,132.42,69.7,Vera Cruz
7.89655E+12,"Maxidex Pomada Oftálmica 1mg/g 3,5g",Disponível,40.34,35.64,37.52,Vera Cruz
7.89603E+12,"Trayenta Duo 2,5mg / 1000mg 60 comprimidos revestidos",Disponível,319.19,242.58,85.12,Vera Cruz
7.89114E+12,"Diprosalic 0,5mg/ml + 20mg/ml Solução Dermatológica 30ml",Disponível,56.69,49.01,51.59,Vera Cruz
7.89602E+12,Antigases Luftal Gotas 75mg/ml Sabor Cereja 30ml,Disponível,59.99,46.73,49.19,Vera Cruz
7.89618E+12,Angipress 50mg 30 comprimidos,Disponível,39.95,31.5,33.16,Vera Cruz
7.89601E+12,Analgésico Advil 400mg 20 cápsulas líquidas,Disponível,51.91,36.49,38.41,Vera Cruz
7.89132E+12,"Duomo 4mg Eurofarma, 30 comprimidos",Disponível,67.92,54.84,57.73,Vera Cruz
7.89666E+12,Montelair 5mg Sabor Cereja 60 comprimidos mastigáveis,Disponível,126.47,86.51,91.06,Vera Cruz
7.89609E+12,Pastilhas Vick Drops Sabor Artificial de Cereja 10g,Esgotado,4.5,3.76,3.96,Vera Cruz
7.89664E+12,Xantinon Complex 100ml,Disponível,18.78,16.06,16.9,Vera Cruz
7.89899E+12,Teste de Gravidez Fast Test Plus 1un,Disponível,13.35,11.42,12.02,Vera Cruz
7.89664E+12,Reparil 10mg/g + 50mg/g Gel 100g,Esgotado,99.33,79.27,83.44,Vera Cruz
7.50044E+12,Teste de Gravidez Clearblue Plus,Disponível,26.5,19.89,20.94,Vera Cruz
7.89601E+12,Diamox 250mg 30 comprimidos,Esgotado,27.97,20.46,21.54,Vera Cruz
7.89492E+12,Toragesic 10mg 10 comprimidos sublinguais,Disponível,36.61,29.56,31.12,Vera Cruz
7.89666E+12,Osteotrat 35mg 4 comprimidos revestidos,Esgotado,106.28,100.97,53.14,Vera Cruz
7.89611E+12,Listo 4mg 10 comprimidos de desintegração oral,Esgotado,30.3,28.79,30.3,Vera Cruz
7.896E+12,"Drenatan 0,05mg/ml Solução Oftálmica 2,5ml",Esgotado,0,155.94,0,Vera Cruz
7.89106E+12,Apidra 100UI/ml 1 ampola com 10ml,Disponível,161.91,130.74,68.81,Vera Cruz
7.89114E+12,Cizax 5mg 30 comprimidos,Esgotado,62.82,52.52,55.28,Vera Cruz
7.89734E+12,Januvia 100mg 28 comprimidos revestidos,Disponível,348.91,331.46,116.3,Vera Cruz
7.89132E+12,"Holmes H 20mg + 12,5mg 30 comprimidos revestidos",Disponível,79.09,57.86,60.9,Vera Cruz
7.89771E+12,"Xultophy 100UI/ml + 3,6mg/ml 1 sistema de aplicação com 3ml de solução",Esgotado,322.53,306.4,107.51,Vera Cruz
7.896E+12,"Nociclin 0,15mg + 0,03mg 21 comprimidos",Disponível,12.99,6.05,6.37,Vera Cruz
7.89793E+12,"Clob - X 0,5mg/g Pomada Dermatológica 30g",Disponível,54.84,44.28,46.61,Vera Cruz
7.89609E+12,Fluviral Dia 20 comprimidos,Esgotado,34.26,30.92,32.55,Vera Cruz
7.896E+12,Sulfato de Hidroxicloroquina 400mg EMS 30 comprimidos revestidos,Disponível,95.19,90.43,95.19,Vera Cruz
7.89633E+12,Xarope Glyteol 200mg/15ml Sabor Morango 100ml,Disponível,28.68,19.34,20.36,Vera Cruz
7.89982E+12,Enax 200mg 30 comprimidos revestidos,Disponível,99.42,77.44,81.52,Vera Cruz
7.89734E+12,Xarope Desalex 100ml,Disponível,96.73,80.86,85.12,Vera Cruz
7.89671E+12,Magnostase 2mg 12 comprimidos,Disponível,10.61,6.25,6.58,Vera Cruz
7.89666E+12,Artrolive 500mg + 400mg 90 cápsulas,Disponível,345.69,328.41,115.23,Vera Cruz
7.89666E+12,"Esalerg 1,25mg/ml Gotas 20ml",Disponível,57.01,47.66,50.17,Vera Cruz
7.89734E+12,Janumet 50mg + 500mg 56 comprimidos revestidos,Esgotado,339.79,322.8,113.26,Vera Cruz
7.89623E+12,"Bicarbonato de Sódio ADV 10 Sachês de 2,5g cada",Disponível,7.5,5.99,6.3,Vera Cruz
7.89601E+12,"Solução Oftálmica Octifen 0,25mg/ml 5ml",Disponível,38.53,30.01,31.59,Vera Cruz
7.89608E+12,Androsten 94mg 30 comprimidos,Disponível,151.17,120.63,63.49,Vera Cruz
7.89816E+12,Desodalina 600mg 60 cápsulas,Disponível,83.5,71.39,75.15,Vera Cruz
7.89666E+12,Steaton 200mg 60 cápsulas moles,Disponível,189.84,160.51,56.32,Vera Cruz
7.89101E+12,Pastilhas Benalet Sabor Mel e Limão 4un,Disponível,15.33,13.4,14.1,Vera Cruz
7.89602E+12,"Eliquis 2,5mg 20 comprimidos revestidos",Esgotado,133.74,127.05,66.87,Vera Cruz
7.89741E+12,Benicar HCT 40mg/25mg 30 comprimidos revestidos,Disponível,108.55,79.4,83.58,Vera Cruz
7.89106E+12,Antialérgico Allegra 60mg 10 comprimidos revestidos,Esgotado,29.9,24.99,26.31,Vera Cruz
7.89732E+12,Lisador 4 comprimidos,Disponível,12.55,10.97,11.55,Vera Cruz
7.89601E+12,Colact 667mg/ml Sabor Salada de Frutas 120ml,Disponível,29.77,19.23,20.24,Vera Cruz
7.89666E+12,"Fentizol 0,02g/g Creme Dermatológico 20g",Disponível,44.63,38.58,40.61,Vera Cruz
7.89627E+12,"Psorex 0,5mg/g Pomada Dermatológica 30g",Esgotado,51.33,48.76,51.33,Vera Cruz
7.89804E+12,Probiatop 30 sachês com 1g,Disponível,137.5,130.63,68.75,Vera Cruz
7.89662E+12,Antiácido Gastrol Blister 20 Pastilhas,Disponível,23.99,18.91,19.91,Vera Cruz
7.89106E+12,Analgésico Dorflex 24 comprimidos,Disponível,19.52,17.43,18.35,Vera Cruz
7.89603E+12,Pradaxa 150mg 30 cápsulas,Disponível,209.27,165.01,57.9,Vera Cruz
7.89671E+12,Laxante Fitoterápico Naturetti Geleia Sabor Ameixa 130g,Esgotado,95.04,74.94,78.88,Vera Cruz
7.89601E+12,Solução Oftálmica Cetrolac MD 4mg/ml 10ml,Disponível,109.6,82.25,86.58,Vera Cruz
7.89666E+12,Betadine 24mg 30 comprimidos,Disponível,43.13,35.24,37.09,Vera Cruz
7.89626E+12,Synthroid 150mcg 30 comprimidos,Disponível,63.12,47.37,49.86,Vera Cruz
7.89611E+12,Dacxi 10mg 30 comprimidos revestidos,Esgotado,44.83,42.59,44.83,Vera Cruz
7.89626E+12,Galvus Met 50mg + 850mg 56 comprimidos revestidos,Esgotado,261.38,248.31,87.13,Vera Cruz
7.89626E+12,Synthroid 25mcg 30 comprimidos,Disponível,40.59,30.47,32.07,Vera Cruz
7.89843E+12,"Lavagem Nasal Nasoar XT 5,0% Refil 15 sachês",Disponível,85.5,69.85,73.53,Vera Cruz
7.89666E+12,Diosmin SDU 900mg + 100mg Sabor Laranja / Limão 15 sachês com 5g cada,Esgotado,87.7,83.32,87.7,Vera Cruz
7.89771E+12,Levemir Flexpen 100U/ml com 1 sistema de aplicação preenchido 3ml,Esgotado,137.15,130.29,68.58,Vera Cruz
7.89666E+12,"Adinos 0,5mg/g Gel Creme 30g",Disponível,44.4,37.96,39.96,Vera Cruz
7.50044E+12,Metamucil Pó Sabor Original 210g,Disponível,132.25,125.64,66.13,Vera Cruz
7.89858E+12,"Noripurum Fólico 100mg + 0,35mg 30 comprimidos mastigáveis",Disponível,78.03,65.98,69.45,Vera Cruz
7.89618E+12,"Cordarex 2,5mg 30 comprimidos",Disponível,39.25,31.32,32.97,Vera Cruz
5.70219E+12,Advantan 1mg/g Loção 20g,Disponível,112.13,87.35,91.95,Vera Cruz
7.89609E+12,Suplemento Alimentar Ofolato SOP Sabor Tangerina 30 sachês,Esgotado,149.9,131.01,68.96,Vera Cruz
7.89626E+12,Ritmonorm 300mg 30 comprimidos revestidos,Esgotado,152.48,144.86,50.83,Vera Cruz
7.89132E+12,Equitam 120mg 30 comprimidos revestidos,Disponível,116.68,96.43,50.76,Vera Cruz
7.896E+12,Lacday 10.000 FCC ALU EMS 60 comprimidos mastigáveis,Disponível,92.9,75.02,78.97,Vera Cruz
7.896E+12,Itralex 100mg 4 Cápsulas Duras,Esgotado,50.76,41.95,44.16,Vera Cruz
7.50044E+12,Descongestionante em Jato Contínuo Vick Vapo Spray 100ml,Esgotado,49.3,46.84,49.3,Vera Cruz
7.89666E+12,Prelone 5mg 20 comprimidos,Disponível,26.1,21.82,22.97,Vera Cruz
7.89664E+12,Labirin 24mg 60 comprimidos,Disponível,66.46,46.72,49.18,Vera Cruz
7.89611E+12,Vonaugasmax 250mg 20 cápsulas moles,Esgotado,55.58,52.8,55.58,Vera Cruz
7.89609E+12,Antiácido Pó Efervescente Estomazil Sabor Abacaxi 6 envelopes com 5g cada,Disponível,15.49,12.22,12.86,Vera Cruz
7.8976E+12,Puran T4 88mcg 30 comprimidos,Disponível,26.82,18.34,19.31,Vera Cruz
7.896E+12,Infralax 15 comprimidos,Disponível,17.88,10.7,11.26,Vera Cruz
7.89295E+12,Symdulor SL 10mg 10 comprimidos sublinguais,Esgotado,36.58,28.15,29.63,Vera Cruz
7.89666E+12,Rubia 75mcg 84 comprimidos revestidos,Disponível,110.76,89.44,94.15,Vera Cruz
7.89666E+12,Gaeso 20mg 28 comprimidos,Esgotado,96.8,78.17,82.28,Vera Cruz
7.89747E+12,"Halobex 0,05% Creme Dermatológico 30g",Disponível,23.01,20.11,21.17,Vera Cruz
7.89858E+12,Noripurum 100mg 30 comprimidos mastigáveis,Disponível,75.63,66.1,69.58,Vera Cruz
7.89172E+12,Glucovance 500 + 5mg 30 comprimidos revestidos,Disponível,57.84,44.51,46.85,Vera Cruz
7.89172E+12,Concor 5mg 30 comprimidos revestidos,Disponível,108.07,77,81.05,Vera Cruz
7.89982E+12,Minel 200mg 30 comprimidos revestidos,Disponível,179.71,131.46,69.19,Vera Cruz
7.89101E+12,Pastilhas Benalet Sabor Mel e Limão 12un,Disponível,42.03,33.94,35.73,Vera Cruz
7.89671E+12,Torsilax Neo Química 12 comprimidos,Disponível,17.99,9.4,9.89,Vera Cruz
7.89732E+12,Solução Oftálmica Pilocarpina 4% 10ml,Esgotado,66.44,48.6,51.16,Vera Cruz
7.89601E+12,Solução Oral Nasaliv Sabor Cereja 60ml,Esgotado,18.55,17.62,18.55,Vera Cruz
7.89111E+12,Solução Spray Canesten 10mg/ml 30ml,Disponível,66.99,57.91,60.96,Vera Cruz
7.89626E+12,Galvus Met 50mg + 1000mg 56 comprimidos revestidos,Esgotado,261.38,248.31,87.13,Vera Cruz
7.89666E+12,"Lubrificante Ocular Laxime 0,15% 10ml",Esgotado,60.34,53.88,56.72,Vera Cruz
7.89804E+12,"Annita 20mg/ml, 1 frasco com 45ml de pó para suspensão de uso oral",Esgotado,32.83,27.76,29.22,Vera Cruz
7.89609E+12,"Tarfic 0,1% Pomada Dermatológica 30g",Disponível,190.62,144.88,50.83,Vera Cruz
7.89664E+12,"Arpadol 400mg, 60 Comprimidos",Disponível,226.48,215.16,75.49,Vera Cruz
7.89132E+12,Ventus Spray 50mcg 60 Acionamentos 9ml,Esgotado,48.01,37.86,39.85,Vera Cruz
7.89111E+12,Gino Canesten 3 Dias 100mg/5g Creme Vaginal 20g + 3 aplicador,Disponível,94.98,79.4,83.58,Vera Cruz
7.89624E+12,"Drenison N 0,125mg/g + 0,35mg/g Creme 30g",Esgotado,45.06,37.67,39.65,Vera Cruz
7.89602E+12,Advil 600mg 12 Horas 6 comprimidos revestidos de liberação prolongada,Esgotado,25.18,19.38,20.4,Vera Cruz
7.89609E+12,Sumax 50mg 2 comprimidos revestidos,Disponível,33.81,26.98,28.4,Vera Cruz
7.89609E+12,"Fluidificante e Descongestionante Nasal Rinosoro Jet Infantil 0,9% 100ml",Disponível,50.14,44.3,46.63,Vera Cruz
7.89668E+12,Funtyl 10mg/g Creme 20g,Disponível,38.76,30.93,32.56,Vera Cruz
7.896E+12,Loratadina 1mg/ml EMS Sabor Cereja 100ml,Disponível,40.69,20.1,21.16,Vera Cruz
7.89626E+12,Analgésico CataflamPRO XT Emulgel 50g,Disponível,69.27,59.89,63.04,Vera Cruz
7.89671E+12,"Picbam 2,5mg 20 comprimidos revestidos",Esgotado,105.22,99.96,52.61,Vera Cruz
7.8981E+12,"Glicel 1,5g Pediátrico 6 supositórios de glicerina",Disponível,24.46,11.62,12.23,Vera Cruz
7.89803E+12,Acertil 10mg 60 Comprimidos Revestidos,Disponível,217.06,206.21,72.35,Vera Cruz
7.89611E+12,"Flux SR 1,5mg 30 comprimidos revestidos",Disponível,38.41,29.19,30.73,Vera Cruz
7.89768E+12,Funchicórea Pó 3g,Disponível,52.5,44.39,46.73,Vera Cruz
7.89492E+12,Aglucose 50mg 30 comprimidos,Disponível,44.36,37.51,39.48,Vera Cruz
7.89603E+12,Gotas Binelli 30mg/ml 10ml,Disponível,25.13,21.25,22.37,Vera Cruz
7.89609E+12,Sumax 100mg 2 comprimidos revestidos,Disponível,59.75,47.68,50.19,Vera Cruz
7.89741E+12,Lixiana 30mg 30 comprimidos revestidos,Disponível,148.85,125.86,66.24,Vera Cruz
7.89602E+12,Melagrião Própolis e Gengibre Spray Sabor Laranja 30ml,Disponível,21.99,16.71,17.59,Vera Cruz
7.89602E+12,"Combodart 0,5mg + 0,4mg 30 cápsulas gelatinosas duras de liberação prolongada",Disponível,160.25,152.24,53.42,Vera Cruz
7.89666E+12,Flogoral 3mg Pastilhas Sabor Cereja 12un,Disponível,20.85,18.02,18.97,Vera Cruz
7.89609E+12,Tamarine 12mg 20 cápsulas,Disponível,103.99,82.98,87.35,Vera Cruz
7.89666E+12,"Candicort 20mg + 0,64mg Pomada Dermatológica 30g",Disponível,46.35,41.39,43.57,Vera Cruz
7.89492E+12,"Tenadren 40mg + 12,5mg 30 comprimidos",Disponível,15.57,11.84,12.46,Vera Cruz
7.89652E+12,Loratamed D Loratadina 1mg/ml + Sulfato de Pseudoefedrina 12mg/ml Xarope 60ml,Esgotado,32.41,30.79,32.41,Vera Cruz
7.89618E+12,Busonid Caps 200mcg 60 cápsulas para inalação + 1 inalador,Disponível,68.03,54.29,57.15,Vera Cruz
7.89609E+12,Eparema Sabor Tradicional Hortelã 200ml,Disponível,79.47,61.91,65.17,Vera Cruz
7.89893E+12,Xarope Stodal 150ml,Disponível,76.9,67.94,71.52,Vera Cruz
7.89609E+12,Coledue R 10mg + 5mg 30 cápsulas duras,Esgotado,70.8,57.17,60.18,Vera Cruz
7.89283E+12,Etna Injetável 3 frascos ampolas com pó + 3 ampolas com de diluente,Disponível,100.52,79.26,83.43,Vera Cruz
7.89602E+12,Naldecon Pack Dia e Noite 24 comprimidos,Disponível,59.99,56.99,59.99,Vera Cruz
7.896E+12,Dorspan Composto Gotas 20ml,Esgotado,29.79,26.89,28.3,Vera Cruz
7.89793E+12,"Rozex 7,5mg/g Gel 30g",Disponível,116.35,99.48,52.36,Vera Cruz
7.89804E+12,Solução Nasal Maresis Jato Forte 100ml,Disponível,65.58,57.94,60.99,Vera Cruz
7.89638E+12,Cialis 20mg 2 comprimidos revestidos,Disponível,167.98,129.26,68.03,Vera Cruz
7.89626E+12,Regulador Intestinal Duphalac 667mg/ml Sem Sabor Artificial 200ml,Disponível,62.66,55.96,58.9,Vera Cruz
7.89621E+12,SeloZok 25mg 30 comprimidos revestidos de liberação controlada,Disponível,42.39,40.27,42.39,Vera Cruz
7.89891E+12,Traumeel S 50 comprimidos sublinguais,Disponível,107.9,95.33,50.18,Vera Cruz
7.89601E+12,Foldan 50mg/g Pomada 45g,Disponível,43.77,30.77,32.39,Vera Cruz
7.89492E+12,Suplemento Alimentar Kollis Solução Oleosa Gotas 8ml,Disponível,147.9,140.51,73.95,Vera Cruz
7.89621E+12,Analgésico Tylenol DC Liberação Imediata 20 comprimidos revestidos,Esgotado,38,31.41,33.06,Vera Cruz
7.89893E+12,Sédatif PC Boiron 60 Comprimidos Revestidos,Disponível,101.25,81.76,86.06,Vera Cruz
7.89609E+12,Plenance 20mg 30 comprimidos revestidos,Disponível,160.72,116.04,61.08,Vera Cruz
7.89771E+12,Novolin R 100UI/ml 1 ampola com 10ml,Esgotado,67.36,63.99,67.36,Vera Cruz
7.89132E+12,Noex 100mcg Spray Nasal 100 doses,Disponível,80.87,63.76,67.12,Vera Cruz
5.06063E+12,"Stezza 2,5mg + 1,5mg 28 comprimidos revestidos",Disponível,60.8,51.4,54.11,Vera Cruz
7.89172E+12,"Glucovance 500 + 2,5mg 30 comprimidos revestidos",Disponível,44.51,34.25,36.05,Vera Cruz
7.89666E+12,"Volare 40mg/0,4ml 2 seringas preenchidas de 0,4ml",Disponível,174.8,124.55,65.55,Vera Cruz
7.89106E+12,Dorflex Dip 1g 10 comprimidos,Disponível,17.43,14.91,15.69,Vera Cruz
7.89624E+12,"Ablok Plus 25mg + 12,5mg 30 comprimidos",Esgotado,26.19,20.15,21.21,Vera Cruz
7.89804E+12,Complexo Homeopático Almeida Prado N 48 60 Comprimidos,Disponível,28.9,27.46,28.9,Vera Cruz
7.89626E+12,Creon 10.000 30 cápsulas com minimicroesferas acidorresitentes,Disponível,90.41,69.57,73.23,Vera Cruz
5.70219E+12,"Daivobet 50mcg/g + 0,5mg/g Gel Dermatológico 30g",Disponível,149.43,122.08,64.26,Vera Cruz
7.89651E+12,Supositório de Glicerina Granado Adulto 12un,Disponível,31.9,25.76,27.12,Vera Cruz
7.89855E+12,Monessa 90 cápsulas,Disponível,345.94,269.49,94.56,Vera Cruz
8.90222E+12,Olmecor 40mg 30 comprimidos revestidos,Disponível,57.66,42.18,44.4,Vera Cruz
7.89132E+12,"Ginna 0,02g/g Creme Ginecológico 40g + 7 aplicadores de 5g cada",Disponível,49.47,41.35,43.53,Vera Cruz
7.89623E+12,Prolopa DR 200/50mg 30 comprimidos de liberação modificada,Disponível,131.36,99.84,52.55,Vera Cruz
7.89802E+12,Cloreto de Magnésio PA Ifal 33g,Disponível,10.15,8,8.42,Vera Cruz
7.89172E+12,Dexa Citoneurin NFF Injetável 6 ampolas: 3 com 1ml intramuscular + 3 com 2ml de diluente,Disponível,53.51,45.24,47.62,Vera Cruz
7.89492E+12,Propranolol 80mg 30 comprimidos,Disponível,28.05,21.32,22.44,Vera Cruz
7.89106E+12,Plasil 10mg 20 comprimidos,Disponível,14.45,12.36,13.01,Vera Cruz
7.89667E+12,"Broncho - Vaxom 3,5mg 10 cápsulas",Disponível,74.73,59.63,62.77,Vera Cruz
7.89664E+12,Dexilant 60mg Takeda 60 cápsulas de liberação retardada,Disponível,259.52,207.1,72.67,Vera Cruz
7.89111E+12,"Miranova 0,10mg + 0,02mg 21 drágeas",Esgotado,30.5,28.98,30.5,Vera Cruz
7.89172E+12,"Concor HCT 5mg + 12,5mg 30 comprimidos revestidos",Disponível,148.41,91.65,96.47,Vera Cruz
7.89666E+12,Montelair 4mg Sabor Cereja 60 comprimidos mastigáveis,Disponível,126.47,100.92,53.12,Vera Cruz
7.89732E+12,Fluidificante e Descongestionante Nasal Rinosoro SIC Spray 3%  50ml,Esgotado,36.19,31.98,33.66,Vera Cruz
7.89611E+12,"Aradois H 50mg + 12,5mg 30 comprimidos revestidos",Disponível,106.94,78.22,82.34,Vera Cruz
7.89132E+12,Musculare 10mg 30 comprimidos revestidos,Disponível,45.93,38.4,40.42,Vera Cruz
7.89609E+12,Suplemento Alimentar Gestamax Plus 30 cápsulas gelatinosas moles,Esgotado,94.9,84.75,89.21,Vera Cruz
7.89602E+12,Onglyza 5mg 28 comprimidos revestidos,Esgotado,179.23,136.21,71.69,Vera Cruz
7.89611E+12,"Vonau Flash 8mg Biolab, 30 comprimidos de desintegração oral",Disponível,241.42,153.66,53.92,Vera Cruz
7.89611E+12,Fly 250mg 10 cápsulas moles,Disponível,34.5,28.19,29.67,Vera Cruz
7.89638E+12,Humalog 1000UI 1 ampola com 10ml,Esgotado,173.43,164.76,57.81,Vera Cruz
7.89732E+12,Solução Oftálmica Pilocarpina 1% 10ml,Esgotado,32.27,26.06,27.43,Vera Cruz
7.89626E+12,Slow - K 600mg 20 drágeas,Disponível,19.29,15.94,16.78,Vera Cruz
7.89624E+12,Aradois 25mg 60 comprimidos revestidos,Disponível,101.9,78.41,82.54,Vera Cruz
7.89111E+12,"Femiane 0,075mg + 0,020mg 21 drágeas",Esgotado,63.66,60.48,63.66,Vera Cruz
7.89621E+12,Symbicort Turbuhaler 12/400 mcg por inalação 60 doses de pó para inalação,Esgotado,218.67,207.74,72.89,Vera Cruz
7.89172E+12,"Concor 2,5mg 30 comprimidos revestidos",Disponível,88.84,63.3,66.63,Vera Cruz
7.89626E+12,Synthroid 175mcg 30 comprimidos,Disponível,69.41,52.75,55.53,Vera Cruz
7.59E+12,Vaporizante Descongestionante Vick VapoRub Unguento 30g,Disponível,52.59,47.46,49.96,Vera Cruz
7.89633E+12,Resfenol 20 cápsulas,Disponível,26.74,20.58,21.66,Vera Cruz
4.98719E+12,Bye Bye Fever para Adultos 2 unidades,Disponível,13.9,11.62,12.23,Vera Cruz
7.89106E+12,Analgésico Novalgina 500mg/ml 10ml,Disponível,17.64,15.09,15.88,Vera Cruz
7.89611E+12,Suplemento Alimentar Doss Zinco + Vitamina D3 2.000UI + 20mg 30 cápsulas gelatinosas,Disponível,57.5,54.63,57.5,Vera Cruz
7.89857E+12,Suplemento Alimentar Althaia Vitamina D3 5.000UI 30 cápsulas moles,Disponível,80.55,33.67,35.44,Vera Cruz
7.89345E+12,Tanderalgin Delta 15 Comprimidos,Disponível,24.36,7.41,7.8,Vera Cruz
7.89666E+12,Leucogen 80mg 30 cápsulas,Disponível,167.34,133.54,70.29,Vera Cruz
7.89666E+12,"Xarope Notuss 3,0mg/ml Sabor Mel 120ml",Disponível,32.14,27.79,29.25,Vera Cruz
7.896E+12,Ibuliv 400mg 8 cápsulas moles,Esgotado,30.71,29.17,30.71,Vera Cruz
7.89132E+12,Bicerto 150mg 10 comprimidos de liberação prolongada,Disponível,55.42,46.33,48.77,Vera Cruz
7.89666E+12,Xarope Transpulmin 100mg/15ml Pediátrico Sabor Mel 150ml,Disponível,40.9,34.97,36.81,Vera Cruz
7.89603E+12,Micardis 80mg 30 comprimidos,Disponível,270.13,256.62,90.04,Vera Cruz
7.89111E+12,Angeliq 1mg + 2mg 28 comprimidos revestidos,Esgotado,143.69,110.57,58.2,Vera Cruz
7.89106E+12,Dorflex Max 8 comprimidos,Disponível,17.67,14.94,15.73,Vera Cruz
7.89891E+12,Vertigoheel 50 comprimidos,Disponível,101.9,85.19,89.67,Vera Cruz
7.89732E+12,Vitamina D3 Addera D3 5.000UI 30 comprimidos revestidos,Esgotado,136.47,112.79,59.37,Vera Cruz
7.89666E+12,Levoid 125mcg 30 comprimidos,Disponível,27.51,21.95,23.11,Vera Cruz
7.89601E+12,Dexaneurin Injetável 3 Ampolas A de 2mL e 3 Ampolas B de 1mL,Esgotado,45.66,36.43,38.35,Vera Cruz
7.89601E+12,Creme Dermatológico Vodol 20mg/g 28g,Disponível,33.23,25.59,25.59,Vera Cruz
7.89618E+12,Busonid Caps 400mcg 60 cápsulas para inalação + 1 inalador,Disponível,118.18,94.31,99.27,Vera Cruz
7.89741E+12,Lactulona 667mg/ml Xarope Sabor Ameixa 120ml,Disponível,62.02,53.62,56.44,Vera Cruz
7.896E+12,Capy 50mg/ml Solução Capilar 5% 50ml,Disponível,53.5,50.83,53.5,Vera Cruz
7.89664E+12,"Inpruv DK 7.000UI + 100mcg Apsen, 8 Comprimidos",Disponível,46.2,32.04,33.73,Vera Cruz
7.89611E+12,Aradois H 100mg + 25mg 30 comprimidos revestidos,Disponível,176.48,130.77,68.83,Vera Cruz
7.89626E+12,Voltaren 50mg 20 comprimidos revestidos,Disponível,56.74,46.89,49.36,Vera Cruz
7.89492E+12,Nivux 100mg + 20mg 12 Comprimidos,Esgotado,62.38,59.26,62.38,Vera Cruz
8.90222E+12,"Indapen SR 1,5mg 30 comprimidos revestidos de liberação prolongada",Disponível,40.55,28.51,30.01,Vera Cruz
7.89813E+12,Suplemento Hidroeletrolítico Hidralyte Laranja 500ml,Esgotado,19.9,18.91,19.9,Vera Cruz
7.896E+12,"Celerg 0,25mg + 2mg 20 comprimidos",Disponível,26.82,20.13,21.19,Vera Cruz
7.89132E+12,Noex 64mcg Spray Nasal 120 doses,Disponível,82.23,64.84,68.25,Vera Cruz
7.89609E+12,Melhoral Adulto 8 comprimidos,Disponível,14.49,12.53,13.19,Vera Cruz
7.89603E+12,Antiácido Droxaine 240ml,Disponível,46.74,38.63,40.66,Vera Cruz
7.89732E+12,Vitamina D3 Addera D3 10.000UI 10 cápsulas moles,Disponível,120.61,96.24,50.66,Vera Cruz
7.89618E+12,Corus 25mg 30 comprimidos revestidos,Disponível,56.5,53.68,56.5,Vera Cruz
7.89114E+12,Predsim 40mg 7 comprimidos,Disponível,69,58.34,61.41,Vera Cruz
7.89732E+12,Laxante Fitoterápico Tamarine Geléia Zero Açúcar 250g,Disponível,131.99,107.83,56.76,Vera Cruz
7.89793E+12,"Clob - X 0,5mg/ml Emulsão Dermatológica 59ml",Disponível,104.62,83.49,87.88,Vera Cruz
8.90222E+12,Olmecor 20mg 30 comprimidos revestidos,Esgotado,54.83,40.11,42.22,Vera Cruz
7.89127E+12,Antiácido Mylanta Plus Sabor Morango 240ml,Disponível,60.02,51.89,54.62,Vera Cruz
7.89804E+12,Fledoid 500 Gel 40g,Disponível,37.84,30.91,32.54,Vera Cruz
7.89623E+12,Probiótico ZincoPro Marjan 6 Cápsulas,Esgotado,46.9,44.56,46.9,Vera Cruz
7.89132E+12,"Trok 20mg/g + 0,64mg/g Pomada Dermatológico 30g",Disponível,41.06,34.71,36.54,Vera Cruz
7.50044E+12,Solução Nasal em Spray Vick Primeira Proteção 15ml,Esgotado,51.9,46.35,48.79,Vera Cruz
7.89622E+12,Antigases Luftal Infantil Gotas 75mg/ml Sabor Cereja 15ml,Disponível,39.99,31.53,33.19,Vera Cruz
7.89609E+12,"Nesina Met* 12,5mg + 850mg 60 comprimidos revestidos",Esgotado,191.75,182.16,63.92,Vera Cruz
7.89345E+12,Tandene 30 comprimidos,Disponível,30.98,14.13,14.87,Vera Cruz
7.89609E+12,Chá Vick Pyrena Sabor Mel e Limão 5g,Disponível,5.67,4.96,5.22,Vera Cruz
7.89662E+12,Antiácido Gastrol Pó Efervescente Sabor Laranja 5g,Disponível,4.13,3.3,3.47,Vera Cruz
7.89652E+12,Cimegripe Gotas Pediátrico Sabor Laranja 20ml,Disponível,25.72,19.06,20.06,Vera Cruz
7.8991E+12,Flexalgin 300mg + 125mg + 50mg + 30mg 30 comprimidos,Disponível,32.1,17.09,17.99,Vera Cruz
7.89621E+12,Nizoral 20mg/g Creme Dermatológico 30g,Esgotado,60.38,52.77,55.55,Vera Cruz
7.89106E+12,Analgésico Dorflex Uno 1g 10 comprimidos efervescente,Esgotado,34.68,27.17,34.68,Vera Cruz
7.89934E+12,Vesicare 10mg 30 comprimidos revestidos,Disponível,281.88,230.3,80.81,Vera Cruz
7.89114E+12,Fluir 12mcg 60 cápsulas de pó para inalação,Esgotado,119.42,95.29,50.16,Vera Cruz
7.50044E+12,Xarope Vick Mel 100ml,Disponível,45.23,38.67,40.71,Vera Cruz
7.89609E+12,Atroveran Dip 500mg/ml 20ml,Disponível,24.39,20.16,21.22,Vera Cruz
7.89626E+12,Analgésico CataflamPRO Aerossol 85ml,Disponível,56.57,44.6,46.95,Vera Cruz
7.90813E+12,Gynpro 100mg 30 cápsulas moles,Disponível,80.72,62.11,65.38,Vera Cruz
7.89666E+12,Probiótico ProHN 30 cápsulas,Disponível,113.5,107.83,56.75,Vera Cruz
7.89626E+12,Voltaren SR 75mg 20 comprimidos revestidos de liberação prolongada,Disponível,62.57,51.72,54.44,Vera Cruz
7.89626E+12,Cataflam D 50mg 20 comprimidos dispersíveis,Disponível,55.24,46.7,49.16,Vera Cruz
7.89609E+12,Buscopan Composto 20 comprimidos revestidos,Disponível,29.49,23.53,24.77,Vera Cruz
7.89114E+12,"Diprosone 0,5mg/g Pomada 30g",Disponível,58.74,50.78,53.45,Vera Cruz
7.89601E+12,Cetrolac MD 4mg/ml 5ml,Disponível,60.14,46.27,48.71,Vera Cruz
7.89894E+12,"Vagicand 0,02g/g Creme Ginecológico 40g + 7 aplicadores de 5g cada",Disponível,46.35,38.3,40.32,Vera Cruz
7.89652E+12,Loratamed Loratadina 1mg/ml Sabor Uva 100ml,Disponível,27.78,21.38,22.5,Vera Cruz
7.89623E+12,Vicog 5mg 30 comprimidos,Disponível,35.41,27.59,29.04,Vera Cruz
7.89666E+12,Acheflan 5mg/g Aerossol 75ml,Disponível,92.29,74.53,78.45,Vera Cruz
7.89664E+12,Flancox 400mg 20 comprimidos revestidos,Disponível,62.27,52.06,54.8,Vera Cruz
7.89586E+12,Aldomet 250mg 30 comprimidos revestidos,Disponível,46.2,37.31,39.27,Vera Cruz
7.89666E+12,Flagass 75mg/ml Sabor Laranja 10ml,Disponível,28.9,25.54,26.88,Vera Cruz
7.89666E+12,"Descongestionante Nasal Sorine SSC 0,9% Spray Suave Jato Contínuo 100ml",Disponível,47.89,40.49,42.62,Vera Cruz
7.89624E+12,Vasopril Plus 10mg + 25mg 30 comprimidos,Disponível,65.23,49.57,52.18,Vera Cruz
7.89172E+12,Euthyrox 50mcg 50 comprimidos,Disponível,44.16,31.88,33.56,Vera Cruz
7.89804E+12,Suplemento Alimentar Calcitran D3 1000ui 60 comprimidos revestidos,Disponível,69.9,66.41,69.9,Vera Cruz
7.89666E+12,Decongex Plus Gotas 20ml,Disponível,19.17,17.3,18.21,Vera Cruz
7.89609E+12,Neosaldina 10 drágeas,Disponível,19.24,14.44,15.2,Vera Cruz
7.89621E+12,Analgésico Tylenol Criança 32mg/ml Sabor Frutas 60ml,Disponível,56.33,41.74,43.94,Vera Cruz
7.89843E+12,Myrafer 400mg 30 comprimidos revestidos,Disponível,66.14,55.92,58.86,Vera Cruz
7.89618E+12,Vasogard 50mg 30 comprimidos,Disponível,32.09,25.3,26.63,Vera Cruz
7.89741E+12,Hirudoid 500 Pomada 5mg/g 40g,Disponível,46.41,44.09,46.41,Vera Cruz
7.89609E+12,Benegrip Multi Noite 20 comprimidos,Disponível,45.99,41.07,43.23,Vera Cruz
7.89655E+12,"Solução Oftálmica Glautimol 6,8mg/ml 5ml",Esgotado,16.35,15.53,16.35,Vera Cruz
7.89609E+12,Plurair 50mcg/dose Spray 60 doses 6ml,Esgotado,46.22,36.88,38.82,Vera Cruz
7.89666E+12,"Dastene 0,5mg 30 cápsulas moles",Disponível,130.54,111.62,58.75,Vera Cruz
7.89785E+12,Amiobal 200MG 30 Comprimidos,Disponível,46.86,31.16,32.8,Vera Cruz
7.89601E+12,Cetrolac SL 10mg 10 comprimidos sublinguais,Disponível,37.12,28.57,30.07,Vera Cruz
7.89132E+12,Ebastel 1mg/ml Xarope 60ml,Disponível,79.82,65.97,69.44,Vera Cruz
7.89664E+12,Meclin 50mg 15 comprimidos,Disponível,53.39,42.61,44.85,Vera Cruz
7.89813E+12,Maxalgina 500mg/ml Gotas Sabor Abacaxi 10ml,Esgotado,5.42,5.15,5.42,Vera Cruz
5.06063E+12,Actonel Chronos 35mg 4 comprimidos revestidos de liberação retardada,Disponível,271.82,206.59,72.49,Vera Cruz
7.89607E+12,Fenergan 25mg 20 comprimidos revestidos,Disponível,19.97,17.07,17.97,Vera Cruz
7.89172E+12,Flexive CDM Creme 25g,Disponível,56.58,48.92,51.49,Vera Cruz
7.89804E+12,Abrilar 7mg/ml Xarope 100ml,Disponível,49.77,42.09,44.3,Vera Cruz
7.89611E+12,Triazol 150mg 1 cápsula,Disponível,38.64,31.94,33.62,Vera Cruz
7.89734E+12,"Solução Oftálmica Timoptol 0,5% 5ml",Disponível,24.04,20.79,21.88,Vera Cruz
7.89813E+12,Varivax 100mg 30 comprimidos,Disponível,35.9,30.69,32.31,Vera Cruz
7.89624E+12,Lipless 100mg 30 comprimidos,Disponível,126.8,120.46,63.4,Vera Cruz
7.89897E+12,"Atensina 0,150mg 30 comprimidos",Disponível,12.99,10.36,10.91,Vera Cruz
7.89602E+12,Sal de Frutas Eno Tônica 100g,Esgotado,30.73,22.77,24.28,Vera Cruz
8.90222E+12,Azukon MR 30mg 30 Comprimidos,Disponível,22.6,15.88,16.72,Vera Cruz
7.89132E+12,Primera 20 150mcg + 20mcg 21 comprimidos,Disponível,45.05,34.67,36.49,Vera Cruz
7.89624E+12,"Drenison N 0,125mg/g + 0,35mg/g Pomada 30g",Disponível,45.36,36.63,38.56,Vera Cruz
7.89101E+12,Tylenol DC 1g Multiplas Dores 4 comprimidos,Esgotado,9.4,8.4,8.84,Vera Cruz
7.89116E+12,Rubenti 200mg 30 cápsulas duras de liberação prolongada,Disponível,152.77,120.46,63.4,Vera Cruz
7.89638E+12,Basaglar 100UI/ml 5 refis de 3ml,Disponível,304.59,240.17,84.27,Vera Cruz
7.89632E+12,Folacin Sabor Laranja Gotas 30ml,Disponível,73.15,56.98,59.98,Vera Cruz
7.89626E+12,Duphaston 10mg 28 comprimidos revestidos,Disponível,83.79,67.66,71.22,Vera Cruz
3.66204E+12,Gel para Higiene dos Olhos Blephagel 40g,Disponível,133.25,112.66,59.3,Vera Cruz
7.89896E+12,Suplemento para Gestantes Regenesis 30 Cápsulas Moles,Esgotado,84.9,80.66,84.9,Vera Cruz
7.89609E+12,Ceci 2mg + 1mg 28 comprimidos revestidos,Disponível,103.71,77.83,81.93,Vera Cruz
7.89652E+12,Loção Pediletan 1% 60ml + Pente Fino,Disponível,31.14,19.52,20.55,Vera Cruz
7.89127E+12,Lípitor 20mg 30 comprimidos revestidos,Esgotado,254.48,241.76,84.83,Vera Cruz
7.89803E+12,Acertanlo 14mg + 10mg 30 comprimidos,Disponível,154.44,146.72,51.48,Vera Cruz
7.89611E+12,"Novanlo 2,5mg 30 comprimidos",Disponível,78.79,60.63,63.82,Vera Cruz
7.89843E+12,Suplemento Alimentar UroCran Cranberry 500mg 30 Cápsulas,Disponível,107.9,102.51,53.95,Vera Cruz
7.89492E+12,Somalgin Cardio 325mg 32 comprimidos revestidos de dupla camada,Disponível,48,36.48,38.4,Vera Cruz
7.89666E+12,ProVance Aché Sabor Limão 10 Comprimidos Mastigáveis,Disponível,47.9,45.51,47.9,Vera Cruz
7.89655E+12,"Solução Oftálmica Claroft 0,12mg/ml 15ml",Esgotado,14.6,12.48,13.14,Vera Cruz
7.89671E+12,Ibufran 400mg 8 cápsulas líquidas,Disponível,25.19,10.29,10.83,Vera Cruz
7.89608E+12,Cáscara Sagrada 75mg 45 Cápsulas Duras,Disponível,58.9,55.96,58.9,Vera Cruz
7.8976E+12,Clorana 50mg 20 comprimidos,Disponível,16.15,12.58,13.24,Vera Cruz
7.89741E+12,"Cutisanol 1,5mg/g + 45mg/g Gel 100g",Disponível,73.73,57.44,60.46,Vera Cruz
7.89111E+12,Aspirina Prevent 100mg 30 comprimidos revestidos,Disponível,24.47,19.76,20.8,Vera Cruz
7.89666E+12,Levoid 75mcg 30 comprimidos,Disponível,21.55,17.2,18.1,Vera Cruz
8.90222E+12,Neblock 5mg 60 comprimidos,Disponível,109.22,75.74,79.73,Vera Cruz
7.89602E+12,Advil 600mg 12 Horas 12 comprimidos revestidos de liberação prolongada,Disponível,40.31,27.96,29.43,Vera Cruz
7.89655E+12,Solução Oftálmica Azopt 10mg/ml 5ml,Disponível,111.22,87.69,92.31,Vera Cruz
7.89734E+12,Mercilon 150mcg + 20mcg 21 comprimidos,Disponível,65.51,43.57,45.86,Vera Cruz
7.89609E+12,Fluviral Noite 20 comprimidos,Disponível,35.11,31.68,33.35,Vera Cruz
7.89671E+12,Peridal 10mg 60 comprimidos,Disponível,53.56,47.83,50.35,Vera Cruz
7.89664E+12,Colchis 1mg 30 comprimidos,Disponível,98.46,78.57,82.71,Vera Cruz
7.89632E+12,"Cyclofemina 25mg + 5mg Solução Injetável 1 ampola com 0,5ml",Esgotado,45.47,34.99,36.83,Vera Cruz
7.89609E+12,"Descongestionante Inalante Vick Bastão 0,5g",Disponível,22.98,21.83,22.98,Vera Cruz
7.89804E+12,Floratil 200mg 4 envelopes com 1g cada,Disponível,39.75,33.61,35.38,Vera Cruz
7.89586E+12,Zyloric 300mg 30 comprimidos,Disponível,69.83,59.04,62.15,Vera Cruz
7.89621E+12,Crestor 20mg 30 comprimidos revestidos,Disponível,404.06,383.86,134.69,Vera Cruz
7.89609E+12,Buscopan 10mg 20 drágeas,Disponível,28.49,23.55,24.79,Vera Cruz
7.89803E+12,"Natrilix SR 1,5mg 30 comprimidos revestidos de liberação prolongada",Disponível,60.69,45.55,47.95,Vera Cruz
7.89804E+12,Dolamin Flex 125mg + 5 mg 15 comprimidos revestidos,Disponível,67.86,56.73,59.72,Vera Cruz
7.89647E+12,Multigrip 20 cápsulas gelatinosas duras,Disponível,31.26,20.49,21.57,Vera Cruz
7.89621E+12,Invokana 100mg 30 comprimidos revestidos,Disponível,232.96,179.27,62.9,Vera Cruz
7.89795E+12,Cimegripe Muc 600mg + 1g 10 comprimidos efervescentes,Esgotado,26.17,22.33,26.17,Vera Cruz
7.89621E+12,Analgésico Tylenol Bebê 100mg/ml Sabor Frutas 15ml + Seringa Dosadora,Disponível,57.61,42.69,44.94,Vera Cruz
7.89172E+12,Glifage 1g 30 comprimidos revestidos,Disponível,57.97,44.06,46.38,Vera Cruz
7.89132E+12,Probiótico 20 Bí 10 Cápsulas com 335mg,Disponível,118.9,90.36,95.12,Vera Cruz
7.89132E+12,Kóide D Xarope 120ml + copo medidor,Disponível,52.41,45.81,48.22,Vera Cruz
7.89132E+12,Gázia 40mg 28 comprimidos gastrorresistentes,Disponível,53.4,44.14,46.46,Vera Cruz
7.89114E+12,Coristina D Pro 8 comprimidos,Disponível,25.49,22.52,23.71,Vera Cruz
7.89664E+12,Arpadol 400mg 30 comprimidos revestidos,Disponível,116.69,99.77,52.51,Vera Cruz
7.89858E+12,Ferinject 50mg/ml 1 ampola com 10ml,Disponível,823.86,618.31,216.95,Vera Cruz
7.89623E+12,Bonviva 150mg 1 comprimido revestido,Disponível,360.9,277.71,97.44,Vera Cruz
7.89609E+12,Gel Hidratante Intravaginal Lubrinat 1 Bisnaga 30g + 10 Aplicadores Descartáveis,Esgotado,116.9,97.73,51.44,Vera Cruz
7.89623E+12,Adesivos Salonpas Pequeno 4un,Esgotado,4.98,4.11,4.33,Vera Cruz
7.89822E+12,Elprazol 20mg 56 cápsulas duras de liberação retardada,Esgotado,45.29,43.03,45.29,Vera Cruz
7.896E+12,"Micropil 0,075mg + 0,030mg 63 comprimidos revestidos",Disponível,86.8,67.62,71.18,Vera Cruz
7.89664E+12,Kaloba 825mg/ml Gotas 50ml,Disponível,164.85,136.25,71.71,Vera Cruz
7.89609E+12,Vabam 20mg 15 comprimidos revestidos,Esgotado,95.33,90.56,95.33,Vera Cruz
7.89602E+12,Antiácido Sonrisal Sabor Tradicional 2 comprimidos efervescentes,Disponível,3.22,2.41,2.54,Vera Cruz
7.89962E+12,Novoprazol 20mg 28 cápsulas,Disponível,15.52,6.78,7.14,Vera Cruz
7.89618E+12,Vasogard 100mg 60 comprimidos,Disponível,93.67,70.3,74,Vera Cruz
7.89609E+12,Lenços Nasais Umedecidos Salsep Kids 30un,Esgotado,25.9,22.39,23.57,Vera Cruz
7.89666E+12,Tandrilax Aché 30 comprimidos,Disponível,37.16,32.13,33.82,Vera Cruz
7.89732E+12,"Solução Oftálmica Lumigan RC 0,01% 5ml",Esgotado,277.18,263.32,92.39,Vera Cruz
7.89708E+12,Succinato de Solifenacina 10mg Ranbaxy 30 comprimidos revestidos,Esgotado,170.66,124.84,65.71,Vera Cruz
7.89602E+12,Antiácido Eno Pastilhas Mastigáveis 500mg Sabor Menta 4un,Disponível,8.9,6.42,6.76,Vera Cruz
7.89624E+12,"Ablok Plus 50mg + 12,5mg 30 comprimidos",Disponível,48.41,37.25,39.21,Vera Cruz
7.89807E+12,Spidufen 1155mg Sabor Menta Anis com 10 Envelopes de 3g cada,Disponível,55.37,45.76,48.17,Vera Cruz
7.89671E+12,Flavonid 450mg + 50mg 30 comprimidos revestidos,Disponível,109.88,46.98,49.45,Vera Cruz
7.89666E+12,Acheflan 5mg/g Creme 30g,Disponível,73.42,69.75,73.42,Vera Cruz
7.89621E+12,"Atacand HCT 16mg + 12,5mg 30 comprimidos",Esgotado,180.86,171.82,60.29,Vera Cruz
7.89106E+12,Analgésico Novalgina 500mg/ml 20ml,Disponível,32.44,27.74,29.2,Vera Cruz
7.89896E+12,Suplemento Vitamínico Regenesis Para Gestantes 60 Cápsulas Moles,Disponível,149.9,132.44,69.71,Vera Cruz
7.89668E+12,Helleva 80mg 2 comprimidos,Disponível,64.48,53.9,56.74,Vera Cruz
7.89601E+12,Topcoid 500 Gel 5mg/ml 40g,Disponível,36.06,34.26,36.06,Vera Cruz
7.89111E+12,Flanax 275mg 8 comprimidos,Disponível,14.98,13.38,14.08,Vera Cruz
7.89611E+12,Flavenos 450mg + 50mg 30 comprimidos revestidos,Disponível,92.05,69.96,73.64,Vera Cruz
7.89106E+12,Antialérgico Allegra 120mg 10 comprimidos revestidos,Disponível,59.9,48.37,50.92,Vera Cruz
7.89608E+12,"Solução Nasal Sinustrat 9,0mg/ml 30ml",Disponível,31.76,23.24,24.46,Vera Cruz
7.89666E+12,"Trezete 10mg + 10mg Aché, 30 comprimidos",Disponível,94.4,74.43,78.35,Vera Cruz
7.89804E+12,Gynopac 4 comprimidos + Creme Ginecológico 35g + 7 aplicadores,Disponível,134.51,111.17,58.51,Vera Cruz
7.89611E+12,Listo 8mg 10 comprimidos de desintegração oral,Esgotado,56.89,54.05,56.89,Vera Cruz
7.89652E+12,Ambroxmel 30mg/5ml Xarope Sabor Mel e Eucalipto 120ml,Disponível,27.94,17.52,18.44,Vera Cruz
7.89757E+12,"Sandrena 0,1mg Gel 28 sachês com 1g",Disponível,94.72,63.89,67.25,Vera Cruz
7.89106E+12,Anador 500mg 24 comprimidos,Disponível,29.98,24.49,25.78,Vera Cruz
7.89893E+12,Spray Nasal Aquoso Nasonex 120 doses 17ml,Disponível,70.46,57.57,60.6,Vera Cruz
7.89895E+12,Vagifem 10mcg 18 comprimidos vaginais com aplicadores individuais,Disponível,156.12,126.07,66.35,Vera Cruz
7.89172E+12,Citoneurin 5.000 100mg + 100mg + 5.000mcg 60 drágeas,Disponível,199.85,142.4,74.95,Vera Cruz
7.89609E+12,Venzer 16mg 30 comprimidos,Disponível,89.79,64.83,68.24,Vera Cruz
7.89618E+12,Betalor 5mg + 50mg 30 cápsulas,Disponível,89.76,68.22,71.81,Vera Cruz
7.89803E+12,Vastarel Caps LP 80mg 30 cápsulas duras de liberação prolongada,Disponível,218.34,207.42,72.78,Vera Cruz
7.89609E+12,Vatis 150mg 60 comprimidos revestidos,Disponível,91.71,69.7,73.37,Vera Cruz
7.89804E+12,"Reduclim 2,5mg 35 comprimidos",Esgotado,131.2,98.47,51.83,Vera Cruz
7.89652E+12,Spray Ciflogex Sabor Mel 30ml,Disponível,32.18,18.34,19.31,Vera Cruz
7.89111E+12,Gino Canesten 1 Dia 500mg 1 comprimido vaginal + 1 aplicador,Disponível,104.9,88.69,93.36,Vera Cruz
7.89106E+12,Anador 500mg 4 comprimidos,Disponível,5.64,4.5,4.74,Vera Cruz
8.90222E+12,"Iccor 2,5mg 30 comprimidos revestidos",Disponível,61.42,42.01,44.22,Vera Cruz
7.89664E+12,Siilif 100mg 60 comprimidos revestidos,Disponível,197.5,150.1,52.67,Vera Cruz
7.89891E+12,Traumeel S Pomada 50g,Disponível,97.9,82.77,87.13,Vera Cruz
7.8981E+12,Gripalcê Uno Bebê Sabor Cereja 15ml,Esgotado,36.54,34.71,36.54,Vera Cruz
7.89627E+12,Seretide Spray 25mcg + 125mcg/dose Suspensão Aerossol 120 doses + válvula dosadora,Disponível,194.05,184.35,64.68,Vera Cruz
7.89666E+12,"Decadron 0,5mg/5ml Elixir Sabor Cereja e Menta 120ml",Disponível,36.19,30.6,32.21,Vera Cruz
7.89732E+12,"Pred Mild 0,12% 5ml",Esgotado,29.63,28.15,29.63,Vera Cruz
7.89335E+12,Buscoveran Composto 10ml,Esgotado,14.88,14.14,14.88,Vera Cruz
7.89669E+12,Gamax 980mg 15 cápsulas,Esgotado,103.74,81.8,86.1,Vera Cruz
7.89132E+12,Regulador Intestinal 20 Bí 5 Cápsulas com 335mg,Disponível,69.9,53.12,55.92,Vera Cruz
7.89609E+12,Buscofem 400mg 20 cápsulas,Disponível,57.48,44.77,47.13,Vera Cruz
7.89804E+12,Varicell Phyto 500mg 30 cápsulas,Disponível,63.44,44.6,46.95,Vera Cruz
7.89603E+12,"Micardis HCT 40mg + 12,5mg 30 comprimidos",Disponível,233.15,221.49,77.72,Vera Cruz
7.89666E+12,"Nienza 6,25mg 30 comprimidos",Esgotado,22.41,15.97,16.81,Vera Cruz
7.89132E+12,Percof 6mg/ml 120ml,Disponível,46.63,39.43,41.5,Vera Cruz
7.89132E+12,Ésio 20mg 28 comprimidos revestidos,Disponível,97.41,75.89,79.88,Vera Cruz
7.89611E+12,"Ablok Plus 50mg + 12,5mg 60 comprimidos",Disponível,96.85,71.76,75.54,Vera Cruz
7.89609E+12,Atrofem 10 cápsulas moles,Esgotado,31.6,26.12,27.49,Vera Cruz
7.89609E+12,Diminut 75mcg + 20mcg 63 comprimidos revestidos,Disponível,126.19,89.91,94.64,Vera Cruz
7.89804E+12,Creme Dermatológico Clotrimix 10mg/g 20g,Disponível,33.05,22.3,23.47,Vera Cruz
7.89713E+12,Hixizine 2mg/ml Xarope 120ml,Disponível,64.32,50.72,53.39,Vera Cruz
7.89627E+12,Seretide Spray 25mcg + 250mcg/dose Suspensão Aerossol 120 doses + válvula dosadora,Disponível,315.29,299.53,105.1,Vera Cruz
7.89132E+12,Kóide Elixir 120ml + copo medidor,Esgotado,26.56,21.95,23.11,Vera Cruz
7.896E+12,Bálsamo Bengué Pomada 20g,Disponível,28.41,21.05,22.16,Vera Cruz
7.89132E+12,"Selene 0,035mg + 2mg 63 comprimidos revestidos",Disponível,76.32,58.73,61.82,Vera Cruz
7.89601E+12,Histadin D 5mg + 120mg 12 comprimidos revestidos,Disponível,58.55,47.28,49.77,Vera Cruz
7.896E+12,Suavicid Legrand Bisnaga com 30g,Disponível,224.52,202.63,71.1,Vera Cruz
7.89132E+12,Musculare 5mg 30 comprimidos,Esgotado,41.24,34.09,35.88,Vera Cruz
7.89492E+12,Isordil 10mg 30 comprimidos,Disponível,13.91,10.84,11.41,Vera Cruz
7.89607E+12,Profenid Entérico 100mg 20 comprimidos revestidos,Disponível,84.77,69.26,72.9,Vera Cruz
7.89666E+12,Diosmin 450mg + 50mg 60 comprimidos revestidos,Disponível,148.35,140.93,74.18,Vera Cruz
7.89713E+12,Aloxidil 50mg/ml Spray Capilar 50ml,Esgotado,87.33,82.96,87.33,Vera Cruz
4.98719E+12,Bye Bye Fever para Bebês 0 a 2 Anos 2 unidades,Disponível,15.9,12.08,12.72,Vera Cruz
7.89624E+12,Vaslip 10mg 30 comprimidos revestidos,Disponível,28.33,20.72,21.81,Vera Cruz
7.89638E+12,Livalo 2mg 30 comprimidos revestidos,Disponível,148.66,98.86,52.03,Vera Cruz
7.89624E+12,"Level 0,10mg + 0,02mg 21 comprimidos revestidos",Disponível,30.52,22.9,24.11,Vera Cruz
8.90222E+12,Rosucor 10mg 60 comprimidos revestidos,Disponível,84.36,56.1,59.05,Vera Cruz
7.89626E+12,Teolong 100mg 30 cápsulas com microgrânulos de liberação prolongada,Disponível,26.04,21.27,22.39,Vera Cruz
7.89686E+12,Deltametril D 4% Emulsão Capilar 100ml,Disponível,35.9,22.85,24.05,Vera Cruz
7.89947E+12,Buscoplex Composto Gotas 20ml,Disponível,15.44,14.67,15.44,Vera Cruz
7.89106E+12,Analgésico Novalgina 500mg 10 comprimidos,Disponível,16.64,14.71,15.48,Vera Cruz
7.89602E+12,Luftal 40mg 20 comprimidos,Disponível,44.99,36.33,38.24,Vera Cruz
7.89785E+12,Capilarema 75mg 60 comprimidos,Disponível,119.66,90.94,95.73,Vera Cruz
7.89623E+12,Prolopa 200/50mg 30 comprimidos,Disponível,131.36,104.82,55.17,Vera Cruz
7.89671E+12,Doralgina Neo Química 20 drágeas,Disponível,36.46,18.35,19.32,Vera Cruz
7.89807E+12,Fluimucil 100mg/ml Solução Injetável 5 ampolas com 3ml cada,Disponível,37.71,30.45,32.05,Vera Cruz
7.89859E+12,Flucetil 600mg 16 Envelopes de 5g,Esgotado,35.99,34.19,35.99,Vera Cruz
7.89602E+12,Leite de Magnésia Eno Tradicional 350ml,Disponível,27.9,21.47,22.6,Vera Cruz
7.89652E+12,"Diad 1,5mg 1 comprimido",Disponível,22.82,3.47,3.65,Vera Cruz
7.89114E+12,Diprospan 5mg/ml + 2mg/ml 1 ampola com 1ml + seringa dosadora,Disponível,50.6,43.26,45.54,Vera Cruz
7.89114E+12,Coristina D Congest Xarope Sabor Uva 120ml,Disponível,21.99,19.85,20.89,Vera Cruz
7.89609E+12,"Naprix D 5mg + 12,5mg 30 cápsulas duras",Disponível,77.47,55.2,58.1,Vera Cruz
7.89671E+12,Neolefrin Xarope Sabor Cereja Neo Química 60ml,Disponível,26.08,20.81,21.91,Vera Cruz
7.89106E+12,Lantus Solostar 100UI/ml 1 carpule com 3ml + 1 sistema aplicador,Disponível,125.06,98.61,51.9,Vera Cruz
7.89666E+12,Xarope Transpulmin 200mg/15ml Sabor Menta 150ml,Disponível,47.82,40.89,43.04,Vera Cruz
7.89172E+12,Mesidox 2mg 30 comprimidos,Esgotado,43.91,35.87,37.76,Vera Cruz
7.89803E+12,Acertanlo 7mg + 5mg 30 comprimidos,Disponível,89.22,84.76,89.22,Vera Cruz
7.89609E+12,Pastilhas Vick Drops Sabor Artificial de Laranja 10g,Esgotado,3.9,3.52,3.71,Vera Cruz
7.89611E+12,Beneum 300mg 30 comprimidos revestidos,Disponível,35.19,26.74,28.15,Vera Cruz
7.89132E+12,Holmes H 40mg + 25mg 30 comprimidos,Disponível,90.04,65.86,69.33,Vera Cruz
7.89605E+12,Epitegel 50mg/g Gel Oftálmico 10g,Disponível,58.81,41.9,44.11,Vera Cruz
7.89492E+12,Neutrofer 150mg 30 comprimidos revestidos,Disponível,35.76,29.9,31.47,Vera Cruz
7.89804E+12,Floratil 200mg 6 envelopes com 1g cada,Disponível,51.86,43.85,46.16,Vera Cruz
7.89172E+12,"Elpenzo 10mg, 30 Comprimidos Revestidos",Esgotado,61.56,43.27,45.55,Vera Cruz
7.896E+12,Solução Nasal Naridrin 15ml,Disponível,24.01,14.15,14.89,Vera Cruz
7.89111E+12,"Microvlar 0,15mg + 0,03mg 21 drágeas",Disponível,11.07,7.99,8.41,Vera Cruz
7.89114E+12,Alivium GC 200mg/ml Sabor Tutti Frutti 20ml,Disponível,62.39,55.12,58.02,Vera Cruz
7.89713E+12,"Therapsor 0,5mg/ml Solução Capilar 25ml",Disponível,44.9,34.98,36.82,Vera Cruz
7.89608E+12,Isoflavine 150mg 30 comprimidos,Disponível,150.82,121.79,64.1,Vera Cruz
7.89492E+12,"Concárdio 2,5mg 30 comprimidos revestidos",Disponível,69.66,66.18,69.66,Vera Cruz
7.90813E+12,Suplemento para Gestantes Regenesis Premium 60 Cápsulas Moles,Esgotado,115.9,110.11,57.95,Vera Cruz
7.89857E+12,Vitamina D3 50.000UI Althaia 10 Cápsulas Moles,Disponível,143.01,54.34,57.2,Vera Cruz
7.89666E+12,Allestra 30 75mcg + 30mcg 21 comprimidos,Disponível,40.3,32.16,33.85,Vera Cruz
7.8981E+12,Tyflen 200mg/ml 15ml,Esgotado,10.82,10.28,10.82,Vera Cruz
7.89609E+12,"Ivevi 2,5mg 28 comprimidos revestidos",Esgotado,242.87,184.59,64.77,Vera Cruz
7.90813E+12,Librene Diu Cobre e Prata Tamanho Mini TCU380AG,Esgotado,600.03,570.03,200.01,Vera Cruz
7.89611E+12,Triazol 150mg 4 cápsula,Esgotado,126.65,104.68,55.1,Vera Cruz
7.89664E+12,Inzelm 10mg 30 comprimidos revestidos,Disponível,234.11,186.82,65.55,Vera Cruz
7.89843E+12,Lavagem Nasal Nasoar XT 15 sachês + frasco aplicador,Disponível,72.9,59.56,62.69,Vera Cruz
7.89114E+12,Cizax 5mg 10 comprimidos,Esgotado,20.93,17.1,18,Vera Cruz
7.89671E+12,"Neosoro 0,5mg/ml 30ml",Disponível,12.14,4.62,4.86,Vera Cruz
7.89803E+12,Daflon Flex 1000mg FFPM 30 envelopes,Disponível,189.2,179.74,63.07,Vera Cruz
7.89664E+12,"Moment 0,25mg/g Creme 50g",Disponível,96.09,82.16,86.48,Vera Cruz
7.89627E+12,Betnovate 1mg/g Creme Dermatológico 30g,Disponível,57.44,54.57,57.44,Vera Cruz
7.89638E+12,Humulin R 1000UI 10ml,Esgotado,87.81,83.42,87.81,Vera Cruz
7.89803E+12,Diamicron MR 30mg 60 comprimidos de liberação prolongada,Disponível,105.3,77.03,81.08,Vera Cruz
7.89734E+12,Desalex 5mg 10 comprimidos revestidos,Esgotado,84.49,68.23,71.82,Vera Cruz
7.89734E+12,Xarope Desalex 60ml,Disponível,67.6,58.44,61.52,Vera Cruz
7.89955E+12,Orlistate 120mg Prati 42 cápsulas duras,Disponível,193.36,106.54,56.08,Vera Cruz
7.89116E+12,Lipidil 200mg 30 cápsulas,Disponível,200.1,148.28,52.03,Vera Cruz
7.89609E+12,Fibras Tamarine Kids Sabor Morango 240ml,Esgotado,76.9,62.1,65.37,Vera Cruz
7.89671E+12,Pepsamar 230mg Sabor Menta 50 comprimidos mastigáveis,Disponível,41.89,37.01,38.96,Vera Cruz
7.89611E+12,Diurix 25mg 30 comprimidos,Disponível,4.89,1.86,1.96,Vera Cruz
7.89605E+12,Liposic Gel Oftálmico Estério 10g,Disponível,57.11,43.41,45.69,Vera Cruz
7.89609E+12,Stanglit 45mg 30 comprimidos,Disponível,245.52,170.27,59.74,Vera Cruz
5.70219E+12,Advantan 1mg/ml Solução Capilar 20ml,Esgotado,119.89,97.95,51.56,Vera Cruz
7.896E+12,Allexofedrin 180mg 10 comprimidos revestidos,Disponível,92.55,52.75,55.53,Vera Cruz
7.89652E+12,"Fluidificante e Descongestionante Nasal Narix Spray 0,9% 50ml",Esgotado,17.99,10.25,10.79,Vera Cruz
7.89609E+12,"Descongestionante Nasal Salsep Jet Kids 0,9% Spray Jato Contínuo 100ml",Esgotado,45.38,38.37,40.39,Vera Cruz
7.89492E+12,Brasart HCT 320mg + 25mg 30 comprimidos revestidos,Disponível,114.74,109,57.37,Vera Cruz
7.89492E+12,"Neutrofer Fólico 250mg/ml + 0,2mg/ml Gotas 30ml",Disponível,64.36,55.64,58.57,Vera Cruz
7.89603E+12,Micardis HCT 80mg + 25mg 30 comprimidos,Esgotado,260.3,247.29,86.77,Vera Cruz
7.89132E+12,Holmes 20mg 30 comprimidos revestidos,Disponível,51.18,38.89,40.94,Vera Cruz
7.896E+12,Xarope Expec Sabor Framboesa e Caramelo 120ml,Disponível,51.79,23.2,24.42,Vera Cruz
7.89104E+12,Protetor Ocular Nexcare Pequeno 20un,Disponível,45.45,39.72,41.81,Vera Cruz
7.89609E+12,Lisador Dip 1g 4 comprimidos,Disponível,10.9,10.36,10.9,Vera Cruz
7.89611E+12,"Level 0,10mg + 0,02mg 63 comprimidos revestidos",Disponível,91.64,67.03,70.56,Vera Cruz
7.89771E+12,Saxenda 6mg/ml 3 carpules com 3ml + 3 sistemas de aplicação,Esgotado,1058.13,1005.22,352.71,Vera Cruz
7.89492E+12,Penvir 125mg 10 comprimidos revestidos,Disponível,126.63,99.85,52.55,Vera Cruz
7.89603E+12,Xarope Bisolvon 8mg/5ml Adulto Sabor Cereja 120ml,Disponível,39.75,32.1,33.79,Vera Cruz
7.89666E+12,Kalist 2mg 28 comprimidos,Disponível,66.7,63.37,66.7,Vera Cruz
7.89132E+12,Alurax 2mg 30 Comprimidos,Disponível,69.06,57.08,60.08,Vera Cruz
7.89741E+12,"Benicar Triplo 20mg/12,5mg/5mg 30 comprimidos revestidos",Esgotado,155.56,147.78,51.85,Vera Cruz
7.89172E+12,"Biconcor 5 5mg + 6,25mg 30 comprimidos revestidos",Esgotado,148.4,104.33,54.91,Vera Cruz
7.89132E+12,Perlatte 9.000 fcc 10 comprimidos,Disponível,20.6,17.61,18.54,Vera Cruz
7.89609E+12,Naprix 10 mg 30 comprimidos,Disponível,85.05,61.41,64.64,Vera Cruz
7.89111E+12,"Yaz Flex 3mg + 0,02mg 30 comprimidos revestidos",Disponível,145.97,106.78,56.2,Vera Cruz
7.89858E+12,Noripurum 50mg/ml Gotas 30ml,Disponível,47.54,42.46,44.69,Vera Cruz
7.89601E+12,Betaprospan 5mg/ml 2mg/ml Suspenção Injetável 1 ampola 1ml + seringa + agulha,Esgotado,29.72,25.7,27.05,Vera Cruz
7.89114E+12,"Diprosalic 0,5mg/g + 30mg/g Pomada Dermatológica 30g",Disponível,45.6,41.15,43.32,Vera Cruz
7.89626E+12,Diovan Amlo Fix 320mg + 5mg 28 comprimidos revestidos,Disponível,176.33,167.51,58.78,Vera Cruz
7.89666E+12,Trezete 20mg + 10mg 30 Comprimidos Revestidos,Disponível,133.48,105.25,55.4,Vera Cruz
7.8981E+12,Xarope Ambrol Pediátrico Sabor Framboesa e Baunilha 100ml,Esgotado,22.6,21.47,22.6,Vera Cruz
7.89734E+12,"Nuvaring 11,7mg + 2,7mg 1 sachê com 1 anel de uso ginecológico",Disponível,121.24,77.17,81.23,Vera Cruz
7.89666E+12,Levoid 38mcg 30 comprimidos,Disponível,12.26,9.79,10.3,Vera Cruz
7.8976E+12,Puran T4 112mcg 30 comprimidos,Disponível,34.09,23.31,24.54,Vera Cruz
7.89734E+12,Zetia 10mg 30 comprimidos,Disponível,125.44,91.76,96.59,Vera Cruz
7.896E+12,Ibuflex 400mg Legrand 8 cápsulas gelatinosas moles,Disponível,29.02,10.75,11.32,Vera Cruz
7.89666E+12,"Flogoral 1,5mg/ml Sabor Menta 150ml",Esgotado,35.08,30.32,31.92,Vera Cruz
7.89609E+12,Xarope Benetosse 15mg/ml Sabor Cereja 100ml,Disponível,36.98,31.62,33.28,Vera Cruz
7.89283E+12,"Etna 2,5mg + 1,5mg + 1,0mg 20 cápsulas",Disponível,63.38,51.78,54.51,Vera Cruz
7.89172E+12,Clinfar 10mg 30 comprimidos revestidos,Disponível,30.28,18.41,19.38,Vera Cruz
7.89611E+12,Embo 5mg 20 comprimidos revestidos,Disponível,78.92,56.23,59.19,Vera Cruz
7.89416E+12,Suplemento Hidroeletrolítico Hidrali 45 Laranja 500ml,Esgotado,13.9,8.59,9.04,Vera Cruz
7.89609E+12,"Elani 28 3mg + 0,03mg 84 comprimidos revestidos",Disponível,232.28,154.47,54.2,Vera Cruz
7.89624E+12,Vaslip 20mg 30 comprimidos revestidos,Disponível,48.04,37.88,39.87,Vera Cruz
7.89713E+12,"Vitacid 0,5mg/g Creme 25g",Disponível,65.1,53.19,55.99,Vera Cruz
7.89652E+12,Pastilha Ciflogex Sabor Cereja 12un,Disponível,22.63,18.28,19.24,Vera Cruz
7.89734E+12,Renitec 20mg 30 comprimidos,Disponível,83.03,62.31,65.59,Vera Cruz
7.89611E+12,Bioginkgo 80mg 45 comprimidos,Esgotado,56.49,50.99,53.67,Vera Cruz
7.36533E+11,Bye Bad 4 cápsulas,Disponível,20.9,17.47,18.39,Vera Cruz
7.89664E+12,Suplemento Alimentar Probid 15 Cápsulas,Disponível,51.9,46.39,48.83,Vera Cruz
7.8991E+12,Omenax 20mg 56 cápsulas gelatinosas duras,Disponível,27.6,8.91,9.38,Vera Cruz
7.896E+12,Migraliv 12 comprimidos,Disponível,21.96,19.19,20.2,Vera Cruz
7.89626E+12,"Exforge HCT 160mg + 12,5mg + 10mg 28 comprimidos revestidos",Esgotado,237.79,225.9,79.26,Vera Cruz
7.89893E+12,Spray Nasal Aquoso Nasonex 60 doses 9ml,Disponível,50.57,41.32,43.49,Vera Cruz
7.89652E+12,Leite de Magnésia 80mg/ml Sabor Hortelã 120ml,Esgotado,12.9,6.86,7.22,Vera Cruz
7.89891E+12,"Óleo Sachet Pielsana 7,5cm X 7,5cm 3ml",Disponível,6.5,5.13,5.4,Vera Cruz
7.89623E+12,Suplemento Vitamínico Vitergan Zinco 30 comprimidos revestidos,Disponível,108.28,85.38,89.87,Vera Cruz
7.89666E+12,Prelone 3mg/ml Sabor Cereja 120ml + 1 pipeta dosadora,Disponível,58.44,48.86,51.43,Vera Cruz
7.89817E+12,Creme Dermatológico Cetobeta 30g,Disponível,41.17,14.47,15.23,Vera Cruz
7.89734E+12,Zetsim 10mg + 20mg 30 comprimidos,Disponível,115.79,84.7,89.16,Vera Cruz
7.89627E+12,Betnovate N 1mg/g + 5mg/g Pomada Dermatológica 30g,Esgotado,51.3,41.43,43.61,Vera Cruz
7.89667E+12,"Broncho - Vaxom 3,5mg 30 sachês de granulado",Disponível,214.61,169.22,59.38,Vera Cruz
7.89732E+12,"Fluidificante e Descongestionante Nasal Rinosoro Jet 0,9% 100ml",Disponível,50.14,44.3,46.63,Vera Cruz
7.89609E+12,Vabam 10mg 30 comprimidos revestidos,Esgotado,204.35,194.13,68.12,Vera Cruz
7.89652E+12,Pastilha Ciflogex Diet Sabor Menta e Limão 12un,Disponível,25.19,21.54,22.67,Vera Cruz
7.89809E+12,Pílulas de Lussen 20mg + 10mg + 10mg + 30mg + 8mg 36 comprimidos revestidos,Disponível,49.06,40.08,42.19,Vera Cruz
7.89669E+12,Imunoglucan DS 60 cápsulas,Disponível,168.5,160.08,56.17,Vera Cruz
7.89601E+12,Leiba Sabor Laranja 6 Sachês de 4g cada,Esgotado,30.99,29.44,30.99,Vera Cruz
7.89668E+12,Laxante Phosfoenema 130ml,Disponível,20.95,18.51,19.48,Vera Cruz
7.89602E+12,Xarope Melagrião 150ml,Disponível,20.9,16.06,16.9,Vera Cruz
7.89793E+12,Differin 3mg/g Gel 30g,Disponível,128.77,106.43,56.02,Vera Cruz
7.89804E+12,Cistitemed 30 comprimidos,Esgotado,39.9,35.25,37.11,Vera Cruz
7.89617E+12,"Picoprep 10mg + 3,5g + 12g 2 sachês com 16,1g cada Sabor Laranja",Disponível,53.34,46.11,48.54,Vera Cruz
7.89627E+12,Betnovate N 1mg/g + 5mg/g Creme Dermatológica 30g,Esgotado,49.2,41.6,43.79,Vera Cruz
7.89611E+12,Kit Solução para Lentes Bio Soak Olhos Sensíveis 360ml+120ml + Estojo para Lentes,Disponível,54.5,46.6,49.05,Vera Cruz
7.8981E+12,Salicetil Infantil 100mg 10 comprimidos,Disponível,2.32,1.08,1.14,Vera Cruz
7.89492E+12,Esomex 20mg 28 comprimidos revestidos,Esgotado,90.49,85.97,90.49,Vera Cruz
7.89601E+12,Doxaprost 2mg 30 comprimidos,Disponível,37.28,9.57,10.07,Vera Cruz
7.89626E+12,Exforge HCT 320mg + 25mg + 10mg 28 comprimidos revestidos,Esgotado,237.79,225.9,79.26,Vera Cruz
7.89345E+12,Tanderalgin 30 comprimidos,Disponível,47.6,13.11,13.8,Vera Cruz
7.89804E+12,Fumasil 60 Comprimidos Orodispersíveis,Disponível,73.9,64.59,67.99,Vera Cruz
7.89609E+12,Albocresil 360mg/g Solução Concentrada 12ml,Disponível,44.48,40.15,42.26,Vera Cruz
7.89668E+12,Parkidopa 250mg + 25mg 30 comprimidos,Disponível,60.04,46.2,48.63,Vera Cruz
7.89492E+12,Concárdio 5mg 30 comprimidos revestidos,Esgotado,81.12,77.06,81.12,Vera Cruz
7.89602E+12,Sal de Frutas Eno Limão 100g,Disponível,30.73,22.48,23.66,Vera Cruz
7.89667E+12,Fostair 100/6mcg Suspensão Aerossol 120 doses 8ml,Disponível,211.03,200.48,70.34,Vera Cruz
7.89732E+12,Vitamina D3 Addera D3 50.000UI 4 cápsulas moles,Esgotado,142.88,112.66,59.3,Vera Cruz
7.89732E+12,Vitamina D3 Addera D3 10.000UI 4 Cápsulas Moles,Disponível,68.54,61.85,65.11,Vera Cruz
7.89864E+12,Lomecan 2% Creme Vaginal com 3 aplicadores descartáveis 20g,Disponível,69.71,61.59,64.83,Vera Cruz
7.89664E+12,"INIBINA - 10mg, 20 comprimidos",Esgotado,119.26,105.36,55.46,Vera Cruz
7.89666E+12,"Solução Nasal Sorine 0,5mg/ml 30ml",Disponível,27.51,23,24.21,Vera Cruz
7.89611E+12,Triazol 150mg 2 cápsulas,Disponível,63.32,52.34,55.09,Vera Cruz
7.89732E+12,Magnopyrol 500mg/ml Gotas 10ml,Esgotado,26.48,23.14,24.36,Vera Cruz
7.89626E+12,Entresto 24mg + 26mg 28 comprimidos revestidos,Disponível,202.28,192.17,67.43,Vera Cruz
7.89114E+12,Alivium 400mg 8 cápsulas líquidas,Disponível,27.49,23.5,24.74,Vera Cruz
7.89686E+12,Oxipelle 10mg/ml Solução Tópica 20ml,Disponível,59.91,51.79,54.52,Vera Cruz
7.89664E+12,Broncho - Vaxom 7mg 30 cápsulas,Disponível,317.91,256.71,90.07,Vera Cruz
7.89732E+12,Vitamina D3 Addera D3 7.000UI 4 cápsulas moles,Disponível,43.95,39.66,41.75,Vera Cruz
7.89702E+12,Protetor Ocular Oftam Grande Bege 20un,Disponível,33.9,27.69,29.15,Vera Cruz
7.89896E+12,Naldecon Multi 4 comprimidos,Disponível,10.99,8.87,9.34,Vera Cruz
7.89652E+12,Cimegripe Dia 12 comprimidos,Esgotado,21.58,22.33,21.58,Vera Cruz
7.89608E+12,Clifemin 160mg 30 comprimidos,Disponível,153.8,124.19,65.37,Vera Cruz
7.89628E+12,"Hyaludermin 0,2% Creme Uso Dermatologico 10g",Esgotado,42.46,33.08,34.82,Vera Cruz
7.89611E+12,Bhena 5mg 30 comprimidos revestidos,Disponível,86.18,64.68,68.08,Vera Cruz
7.89804E+12,"Marevan 7,5mg 30 comprimidos",Disponível,52.79,39.62,41.7,Vera Cruz
7.89734E+12,Gracial 25mcg + 40mcg +125mcg + 30mcg 22 comprimidos,Disponível,61.16,37.76,39.75,Vera Cruz
7.89803E+12,Daflon 500mg FFPM 30 comprimidos revestidos,Disponível,133.3,105.11,55.32,Vera Cruz
7.89803E+12,Daflon 500mg FFPM 60 comprimidos revestidos,Disponível,227.81,179.63,63.03,Vera Cruz
7.89106E+12,Analgésico Dorflex 36 comprimidos,Disponível,23.74,18.04,18.99,Vera Cruz
7.89666E+12,Flogoral 3mg Pastilhas Sabor Laranja 12un,Disponível,20.85,18.02,18.97,Vera Cruz
7.89132E+12,Tâmisa 30 75mcg + 30mcg 63 drágeas,Disponível,94.6,72.8,76.63,Vera Cruz
7.89858E+12,"Zomig OD 2,5mg 2 comprimidos orodispersíveis",Esgotado,76.78,59.81,62.96,Vera Cruz
7.89114E+12,Oximax 400mcg Refil 30 cápsulas de pó para inalação,Esgotado,89.46,67.99,71.57,Vera Cruz
7.89652E+12,Pomada Dermatológica Nebacimed 50g,Disponível,37.01,19.34,20.36,Vera Cruz
7.89492E+12,"Bramicar HCT 80mg + 12,5mg 30 comprimidos",Disponível,107.54,91.95,96.79,Vera Cruz
7.89627E+12,"Psorex 0,5mg/g Creme Dermatológico 30g",Esgotado,49.95,47.45,49.95,Vera Cruz
7.89671E+12,Lidogel 20mg/g Neo Química Geleia 2% 30g,Disponível,24.68,16.64,17.52,Vera Cruz
7.89609E+12,Buscofem 400mg 2 cápsulas,Disponível,7.96,6.28,6.61,Vera Cruz
7.89652E+12,Cimegripe Dor e Febre 750mg 20 comprimidos,Disponível,20.44,19.42,20.44,Vera Cruz
7.89804E+12,Gynopac 2 comprimidos + Creme Ginecológico 35g + 7 aplicadores,Disponível,121.24,100.21,52.74,Vera Cruz
7.89172E+12,Glifage XR 500mg 30 comprimidos de liberação prolongada,Disponível,11.95,7.27,7.65,Vera Cruz
7.89132E+12,Ebastel 10mg 10 comprimidos,Esgotado,77.8,73.91,77.8,Vera Cruz
7.89666E+12,Vertizine D - 10mg + 3mg 20 comprimidos,Esgotado,95.32,71.54,75.3,Vera Cruz
7.89741E+12,BenicarAnlo 40mg/5mg 30 comprimidos revestidos,Disponível,103.89,75.01,78.96,Vera Cruz
7.89601E+12,Demedrox 150mg/ml Suspensão Injetável 1 seringa + 1agulha,Esgotado,45.62,27.74,29.2,Vera Cruz
7.89623E+12,Óleo de Rícino ADV Farma 30ml,Esgotado,9.3,7.6,8,Vera Cruz
7.8976E+12,Puran T4 100mcg 30 comprimidos,Disponível,17.36,12.04,12.67,Vera Cruz
7.89666E+12,NovaCort Pomada 30g,Disponível,48.24,39.42,41.49,Vera Cruz
7.89309E+12,Previgrip Weleda 20g,Disponível,99.9,86.36,90.91,Vera Cruz
7.89611E+12,Embo 5mg 60 comprimidos revestidos,Disponível,235.24,178.78,62.73,Vera Cruz
7.89741E+12,Lixiana 60mg 30 Comprimidos Revestidos,Disponível,148.85,128.68,67.73,Vera Cruz
7.89492E+12,Impere 5mg 30 comprimidos revestidos,Disponível,156.68,125.03,65.81,Vera Cruz
7.89624E+12,Vonau Flash 4mg Biolab 10 comprimidos de desintegração oral,Disponível,49.45,34.76,36.59,Vera Cruz
7.89623E+12,Prolopa BD 100/25mg 30 comprimidos,Disponível,65.72,48.7,51.26,Vera Cruz
7.89627E+12,Beclosol 50mcg/mg Spray Nasal Aquoso com 200 doses 24ml,Disponível,91.84,74.16,78.06,Vera Cruz
7.89492E+12,Neutrofer 250mg/ml Gotas 30ml,Disponível,65.29,55.2,58.11,Vera Cruz
7.89172E+12,Citoneurin 5.000 20 drágeas,Esgotado,71.89,68.3,71.89,Vera Cruz
7.89618E+12,"Solução Oftálmica Maxibell 0,5mg/m + 4mg/ml 10ml",Esgotado,18.24,13.69,14.41,Vera Cruz
7.89809E+12,Loção Oleosa Dersani 100ml,Esgotado,39.9,34.11,35.91,Vera Cruz
7.89618E+12,"Lotar 2,5mg + 50mg 30 cápsulas",Esgotado,88.06,68.6,72.21,Vera Cruz
7.89609E+12,"Elani Ciclo 3mg + 0,03mg 63 comprimidos revestidos",Disponível,174.08,124.03,65.28,Vera Cruz
7.89664E+12,Lactosil Flora 30 cápsulas,Disponível,57.9,55.01,57.9,Vera Cruz
7.8976E+12,Doxuran 2mg 30 comprimidos,Disponível,26.32,16,16.84,Vera Cruz
7.89601E+12,Analgésico Advil 400mg 8 cápsulas líquidas,Disponível,25.64,17.78,18.72,Vera Cruz
7.89586E+12,Magnésia Bisurada Sabor Menta 10 pastilhas,Disponível,13.49,12.05,12.68,Vera Cruz
7.89741E+12,Benicar 20mg 30 comprimidos revestidos,Disponível,84.47,61.79,65.04,Vera Cruz
7.89611E+12,Dacxi 15mg 28 comprimidos revestidos,Esgotado,124.35,94.51,99.48,Vera Cruz
7.89611E+12,Aradois 50mg 30 comprimidos revestidos,Disponível,57.29,4.9,5.16,Vera Cruz
7.89127E+12,Citalor 20mg 30 comprimidos revestidos,Disponível,159.59,119.78,63.04,Vera Cruz
7.89609E+12,Plenance 10mg 90 comprimidos revestidos,Disponível,138.66,100.11,52.69,Vera Cruz
7.89611E+12,"VASOPRIL PLUS - 10mg + 25mg, 60 comprimidos",Disponível,116.56,86.37,90.92,Vera Cruz
7.89664E+12,Inilok 40mg Apsen 60 comprimidos,Disponível,132.95,87.15,91.74,Vera Cruz
7.89609E+12,Buscopan Gotas 10mg 20ml,Disponível,29.49,24.38,25.66,Vera Cruz
7.89609E+12,AAS Infantil 100mg com 120 comprimidos,Disponível,100.99,95.94,50.5,Vera Cruz
7.89732E+12,"Fluidificante e Descongestionante Nasal Rinosoro Gotas 0,9% 30ml",Disponível,23.78,21.01,22.12,Vera Cruz
7.89817E+12,Pomada Dermatológico Cetobeta 30g,Disponível,41.17,14.86,15.64,Vera Cruz
7.89671E+12,Picbam 5mg 20 comprimidos revestidos,Esgotado,105.22,99.96,52.61,Vera Cruz
7.89666E+12,"Flogoral 1,5mg/ml Spray Sabor Cereja 30ml",Disponível,42.79,36.99,38.94,Vera Cruz
7.89708E+12,"ALTIVA - 120mg, 10 comprimidos",Disponível,65.81,54.39,57.25,Vera Cruz
7.89666E+12,Artrosil 160mg 10 cápsulas duras de liberação prolongada,Disponível,39.18,32.76,34.48,Vera Cruz
7.89664E+12,Retemic UD 10mg 30 comprimidos de liberação controlada,Esgotado,136.09,129.29,68.05,Vera Cruz
7.89623E+12,Suplemento Vitamínico Caldê 60 comprimidos mastigáveis,Disponível,115.75,109.96,57.88,Vera Cruz
7.89741E+12,Benicar 40mg 30 comprimidos revestidos,Disponível,88.79,64.95,68.37,Vera Cruz
7.89295E+12,Mitrul 15mg 10 cápsulas gelatinosas duras de liberação prolongada,Disponível,63.19,51.02,53.71,Vera Cruz
7.89666E+12,Digeplus 7mg + 40mg + 50mg Aché 30 Cápsulas,Disponível,55.8,47.71,50.22,Vera Cruz
7.89116E+12,Suplemento Hidroeletrolítico Pedialyte Max Morango 500ml,Disponível,23.9,21.12,22.23,Vera Cruz
7.89671E+12,Mirador 1g 10 comprimidos,Disponível,25.89,17.96,18.9,Vera Cruz
7.89804E+12,Suplemento Alimentar Calcitran Triflex 30 comprimidos,Disponível,68.9,65.46,68.9,Vera Cruz
7.89713E+12,Micolamina 10mg/ml Loção Spray 50ml,Disponível,98.8,78.84,82.99,Vera Cruz
7.89666E+12,Zior 250mg 28 comprimidos,Disponível,145.31,118.72,62.49,Vera Cruz
7.89127E+12,Feldene SL 20mg 10 comprimidos de dissolução instantânea,Esgotado,93.25,72.65,76.47,Vera Cruz
8.90222E+12,Olmecor 20mg 60 comprimidos revestidos,Disponível,103.96,71.11,74.85,Vera Cruz
7.89492E+12,"Bramicar HCT 80mg + 12,5mg 60 comprimidos",Disponível,137.64,107.22,56.43,Vera Cruz
7.89771E+12,Novorapid Flexpen 100U/ml 1 carpule com 3ml + 1 sistema de aplicação,Disponível,66.52,54.98,57.87,Vera Cruz
7.89586E+12,Aldomet 500mg 30 comprimidos revestidos,Disponível,89.98,69.24,72.88,Vera Cruz
7.89652E+12,Vitamina D Cimed 7.000UI 8 Comprimidos,Esgotado,22.3,10.17,10.7,Vera Cruz
7.89611E+12,Pantogar Biolab 90 Cápsulas,Disponível,345.95,328.65,115.32,Vera Cruz
7.89666E+12,"Decadron 0,75mg 20 comprimidos",Disponível,15.5,12.82,13.49,Vera Cruz
7.89732E+12,"Solução Oftálmica Still 0,1% 5ml",Disponível,22.78,18.83,19.82,Vera Cruz
7.89982E+12,Nevrix 100mg + 100mg + 5000mcg 20 comprimidos revestidos,Disponível,73.63,57.36,60.38,Vera Cruz
7.89666E+12,Meritor 2mg + 1000mg 30 comprimidos revestidos,Disponível,66.38,52.35,55.1,Vera Cruz
7.89666E+12,Prelone 20mg 10 comprimidos,Disponível,36.66,30.3,31.89,Vera Cruz
7.89626E+12,"Iruxol Mono 1,2U Pomada 30g",Disponível,118.36,95.58,50.31,Vera Cruz
7.89666E+12,Betadine 24mg 60 comprimidos,Disponível,85.83,65.23,68.66,Vera Cruz
7.89623E+12,Permear 300mg 20 comprimidos revestidos,Esgotado,172.85,164.21,57.62,Vera Cruz
7.89127E+12,Feldene 20mg 10 cápsulas,Disponível,45.98,37.56,39.54,Vera Cruz
7.89609E+12,"Nesina 12,5mg 30 comprimidos revestidos",Disponível,163.66,155.48,54.55,Vera Cruz
7.89666E+12,Fentizol 20mg/ml Spray 30ml,Disponível,70.12,58.62,61.71,Vera Cruz
7.8981E+12,Xarope Ambrol Sabor Pêssego e Baunilha 100ml,Esgotado,33.03,31.38,33.03,Vera Cruz
7.89624E+12,Pressat 5mg 30 comprimidos,Esgotado,80.01,57.01,60.01,Vera Cruz
7.89609E+12,Suplemento Alimentar Ofolato D Fer 1000UI 30 comprimidos,Esgotado,0,0,0,Vera Cruz
7.89132E+12,Naire 20mg 15 comprimidos,Disponível,68.24,55.1,58,Vera Cruz
7.896E+12,Xarope Clopê Sabor Coco 120ml,Disponível,43.76,41.57,43.76,Vera Cruz
78909700,Melagrião Própolis e Gengibre Spray Sabor Menta 30ml,Disponível,21.99,15.04,15.83,Vera Cruz
7.89621E+12,"SPORANOX - 100mg, 15 cápsulas gelatinosas",Esgotado,335.95,319.15,111.98,Vera Cruz
7.89609E+12,Ebatz 2mg 30 comprimidos revestidos,Disponível,113.41,85.11,89.59,Vera Cruz
7.89295E+12,Fenazic 15mg 30 comprimidos revestidos de liberação prolongada,Disponível,197.99,152.35,53.46,Vera Cruz
7.89623E+12,Adesivos Salonpas Grande 2un,Disponível,9.9,8.08,8.51,Vera Cruz
7.89114E+12,Fluir 12mcg 30 cápsulas de uso inalatório por via oral,Esgotado,0,0,0,Vera Cruz
7.89732E+12,"Solução Oftálmica Alphagan 0,2% 5ml",Disponível,137.72,107.28,56.47,Vera Cruz
7.89132E+12,Musculare 10mg 15 comprimidos revestidos,Disponível,22.97,19.42,20.44,Vera Cruz
7.89611E+12,Livalo 2mg 60 comprimidos revestidos,Disponível,207.91,158.01,55.44,Vera Cruz
7.89618E+12,DERMOMAX - 40mg/g 1 bisnaga com 30g de creme de uso dermatológico,Esgotado,138.76,131.82,69.38,Vera Cruz
7.89609E+12,Neosaldina Dip 1g 10 comprimidos,Disponível,24.99,18.52,19.49,Vera Cruz
7.89609E+12,Dramin B6 30 comprimidos revestidos,Disponível,25.51,22.05,23.21,Vera Cruz
7.89309E+12,Sinudoron Weleda 80 comprimidos,Disponível,97.5,85.22,89.7,Vera Cruz
7.89111E+12,Triquilar 21 drágeas,Disponível,13.42,9.57,10.07,Vera Cruz
7.89127E+12,Antiácido Mylanta Plus Sabor Menta 240ml,Disponível,60.02,51.32,54.02,Vera Cruz
7.89601E+12,Analgésico Advil Mulher 400mg 2 Cápsulas Líquidas,Disponível,6.63,3.52,3.71,Vera Cruz
7.89609E+12,Sumax 25mg 6 comprimidos revstidos,Disponível,39.88,31.83,33.5,Vera Cruz
7.89804E+12,Suplemento Alimentar Calcitran MDK Sabor Menta 30 comprimidos mastigáveis,Disponível,64.2,47.58,50.08,Vera Cruz
7.89624E+12,Ablok 50mg 30 comprimidos,Disponível,39.07,30.07,31.65,Vera Cruz
3.10119E+11,Solução para Lentes Rígidas Boston Simplus Multiação 120ml,Disponível,93.5,73.73,77.61,Vera Cruz
7.896E+12,Dienogeste 2mg EMS 30 comprimidos,Disponível,74.64,33.33,35.08,Vera Cruz
7.89666E+12,Divena 40mg 30 comprimidos,Disponível,75.04,62.74,66.04,Vera Cruz
7.89101E+12,Tylenol 750mg 4 comprimidos revestidos,Disponível,10.58,9.04,9.52,Vera Cruz
7.89734E+12,Desalex 5mg 30 comprimidos revestidos,Disponível,131.17,105.92,55.75,Vera Cruz
7.89671E+12,Fluidificante e Descongestionante Nasal Neosoro Infantil 30ml,Disponível,13.35,8.37,8.81,Vera Cruz
7.89602E+12,Sal de Frutas Eno Abacaxi 100g,Disponível,30.73,22.48,23.66,Vera Cruz
5.70219E+12,Azelan Gel 150mg/g 30g,Disponível,93.73,77.47,81.55,Vera Cruz
7.89793E+12,"Avicis 0,25mg/ml Solução Capilar 100ml",Esgotado,243.01,193.92,68.04,Vera Cruz
7.89492E+12,Suplemento Vitamínico Neutrofer Poli 30ml,Disponível,77.5,73.63,77.5,Vera Cruz
7.89172E+12,Roxflan 10mg 30 comprimidos,Disponível,62.04,46.56,49.01,Vera Cruz
7.89621E+12,"Atacand HCT 8mg + 12,5mg 30 comprimidos",Esgotado,180.74,171.7,60.25,Vera Cruz
7.89627E+12,"Flutivate 0,5mg/g Creme 15g",Disponível,63.23,51.66,54.38,Vera Cruz
7.89626E+12,Seebri 50mcg 30 cápsulas com pó para inalação + 1 inalador,Esgotado,297.11,282.25,99.04,Vera Cruz
7.8976E+12,Doxuran 4mg 30 comprimidos,Disponível,52.52,27.45,28.89,Vera Cruz
7.89664E+12,Inilok 40mg Apsen 30 Comprimidos,Disponível,73.85,45.6,48,Vera Cruz
7.89793E+12,"Clob - X 0,5mg/g Creme Dermatológico 30g",Disponível,53.15,43.42,45.71,Vera Cruz
7.89666E+12,Artrosil 160mg 20 cápsulas duras de liberação prolongada,Disponível,83,67.02,70.55,Vera Cruz
7.89106E+12,"Puran T4 62,5mcg 30 comprimidos",Disponível,19.42,13.47,14.18,Vera Cruz
7.89605E+12,Solução Multiuso Renu Fresh 355ml + 120ml + Estojo para Lentes,Disponível,42.9,37.91,39.9,Vera Cruz
7.89603E+12,Micardis Anlo 40mg + 5mg 30 comprimidos,Disponível,132.52,105.75,55.66,Vera Cruz
7.89609E+12,Sumax 25mg 4 comprimidos revestidos,Disponível,34.69,27.68,29.14,Vera Cruz
7.89104E+12,Nuromol 200mg + 500mg 6 comprimidos revestidos,Disponível,17.89,13.25,13.95,Vera Cruz
7.89492E+12,Penvir Lábia 10mg/g Creme Dermatológico 5g,Esgotado,67.13,52.3,55.05,Vera Cruz
7.89625E+12,Betaserc 24mg 60 comprimidos,Disponível,125.98,94.54,99.52,Vera Cruz
7.89626E+12,Voltaren Retard 100mg 10 comprimidos  revestidos de liberação prolongada,Esgotado,54.84,45.32,47.71,Vera Cruz
7.89869E+12,Suplemento Alimentar Althaia Vitamina D3 2.000UI 30 cápsulas gel,Disponível,22.9,21.76,22.9,Vera Cruz
7.89633E+12,Ritmoneuran RTM 20 Cápsulas,Disponível,26.5,21.65,22.79,Vera Cruz
7.896E+12,Dorilen 12 comprimidos,Disponível,25.49,17.92,18.86,Vera Cruz
7.89623E+12,Probiótico ZincoPro Marjan Farma 30 cápsulas,Disponível,138.6,131.67,69.3,Vera Cruz
7.89664E+12,Litocit 1080mg 60 comprimidos de liberação prolongada,Esgotado,86.36,73.02,76.86,Vera Cruz
7.89586E+12,Imuran 50mg 50 comprimidos revestidos,Disponível,289.86,223.05,78.26,Vera Cruz
7.89492E+12,Suplemento Alimentar Neutrofer Folato D 90 comprimidos revestidos,Disponível,152.9,145.26,50.97,Vera Cruz
7.89623E+12,Bicarbonato de Sódio ADV 100g,Disponível,10.5,7.69,8.09,Vera Cruz
7.89608E+12,Androsten UNO 280mg 15 comprimidos revestidos,Disponível,215.63,176.17,61.81,Vera Cruz
7.89652E+12,Xarope Dexmine 120ml,Disponível,32.66,16.76,17.64,Vera Cruz
7.89664E+12,Suplemento Alimentar de Vitamina D Inpruv D 1.000UI 30 comprimidos mastigáveis,Esgotado,13.99,11.96,12.59,Vera Cruz
7.89732E+12,Vitamina D3 Addera D3 10.000UI 10 comprimidos revestidos,Disponível,120.89,95.32,50.17,Vera Cruz
7.89843E+12,DPrev 2.000UI 60 comprimidos revestidos,Disponível,73.35,50.87,53.55,Vera Cruz
7.89609E+12,Venalot 15mg + 90mg 30 drágeas,Disponível,76.17,60.06,63.22,Vera Cruz
7.89132E+12,"Versa 40mg/0,4ml Solução Injetável 6 seringas com 0,4ml com sistema de segurança",Disponível,508.88,367.41,128.92,Vera Cruz
7.89623E+12,"Sais para Reidratação Oral Hidroral Sabor Tradicional 4 unidades de 27,9g cada",Disponível,19.9,15.69,16.52,Vera Cruz
7.89633E+12,Ritmoneuran RTM Flaconete 10ml,Esgotado,4.9,3.91,4.12,Vera Cruz
7.89793E+12,"Esmalte Loceryl 50mg/ml 2,5ml",Disponível,232.92,192.51,67.55,Vera Cruz
7.89626E+12,Galvus 50mg 56 comprimidos,Esgotado,268.04,254.64,89.35,Vera Cruz
7.89859E+12,Cedur Retard 400mg 30 comprimidos revestidos de liberação prolongada,Esgotado,206.49,156.93,55.06,Vera Cruz
7.89106E+12,Anador 1g 10 comprimidos,Disponível,17.01,11.8,12.42,Vera Cruz
7.89132E+12,Diupress 25mg + 5mg 30 comprimidos,Disponível,46.27,35.17,37.02,Vera Cruz
7.89671E+12,Peridal 10mg 30 comprimidos,Disponível,28.12,24.04,25.31,Vera Cruz
7.896E+12,"Celergin 0,4mg/ml + 0,05mg/ml Xarope 120ml",Disponível,37.74,32.27,33.97,Vera Cruz
7.89609E+12,Minian 150mcg + 20mcg 21 comprimidos,Disponível,46.6,34.53,36.35,Vera Cruz
5.70219E+12,Daivonex 50mcg/g Pomada Dermatológica 30g,Disponível,137.35,108.3,57,Vera Cruz
7.89609E+12,Apracur Duo 6 comprimidos,Disponível,10.46,9.44,9.94,Vera Cruz
7.8989E+12,Teste de Gravidez Fast Test 1un,Disponível,7.99,2.36,2.48,Vera Cruz
7.89611E+12,Novanlo 5mg 60 comprimidos,Esgotado,282.1,182.24,63.94,Vera Cruz
7.89666E+12,Trezor 5mg 30 comprimidos,Disponível,34.73,27.39,28.83,Vera Cruz
7.89127E+12,Eliquis 5mg 20 Comprimidos Revestidos,Esgotado,133.74,127.05,66.87,Vera Cruz
7.89664E+12,Miosan 10mg 30 comprimidos,Disponível,70.74,49.73,52.35,Vera Cruz
7.89626E+12,"Diovan HCT 80mg + 12,5mg 28 comprimidos revestidos",Esgotado,157.14,149.28,52.38,Vera Cruz
7.89856E+12,Elidel 10mg/g Creme 15g,Esgotado,256.73,197.55,69.32,Vera Cruz
7.89803E+12,Acertil 10mg 30 comprimidos,Disponível,108.54,103.11,54.27,Vera Cruz
7.89611E+12,"Embo 2,5mg 60 comprimidos revestidos",Esgotado,235.24,149.73,52.54,Vera Cruz
7.89893E+12,Niquitin 21mg 7 adesivos transdérmicos transparentes,Disponível,139.06,105.08,55.31,Vera Cruz
7.89609E+12,"Elani 28 3mg + 0,03mg 28 comprimidos revestidos",Esgotado,96.92,69.06,72.69,Vera Cruz
7.89611E+12,"Gestrelan 0,15mg + 0,03mg 21 comprimidos revestidos",Disponível,13.74,9.53,10.03,Vera Cruz
7.89664E+12,Broncho - Vaxom 7mg 10 cápsulas,Disponível,110.72,86.25,90.79,Vera Cruz
7.89609E+12,Naprix A 10mg + 5mg 30 cápsulas,Disponível,79.28,57.24,60.25,Vera Cruz
7.89106E+12,Lantus 100UI/ml 1 carpule com 3ml,Disponível,113.21,89.26,93.96,Vera Cruz
7.89664E+12,Azulfin 500mg 60 comprimidos revestidos,Disponível,139.85,120.9,63.63,Vera Cruz
7.89664E+12,Mesacol 500mg 15 supositórios,Disponível,164.75,128.35,67.55,Vera Cruz
7.89106E+12,Suplemento Vitamínico Depura 500UI/Gota 10ml,Esgotado,99.4,94.43,99.4,Vera Cruz
7.89671E+12,Massageol Pomada 15g,Disponível,16.63,11.53,12.14,Vera Cruz
7.89793E+12,"Clob - X 0,5mg/ml Shampoo 125ml",Esgotado,198.85,156.8,55.02,Vera Cruz
7.89947E+12,Maxalgina 1g 10 Comprimidos,Disponível,27.96,9.83,10.35,Vera Cruz
7.896E+12,"Betametasona 0,1mg/ml sabor Framboesa 120ml",Esgotado,26.24,11.71,12.33,Vera Cruz
7.89666E+12,Montelair 5mg Sabor Cereja 30 comprimidos mastigáveis,Disponível,78.9,62.22,65.49,Vera Cruz
7.89608E+12,Isoflavine 75mg 30 comprimidos revestidos,Disponível,86.75,70.88,74.61,Vera Cruz
7.89609E+12,Plurair 50mcg/dose Spray 120 doses 12ml,Esgotado,72.92,57.49,60.52,Vera Cruz
7.89607E+12,Profenid 100mg/2ml Solução Injetável 6 ampolas com 2ml cada,Esgotado,41.93,34.66,36.48,Vera Cruz
7.89893E+12,Niquitin 14mg 7 adesivos transdérmicos transparentes,Disponível,133.12,104.97,55.25,Vera Cruz
7.89637E+12,Passajá 1 flaconete com 4ml,Esgotado,9.34,7.99,8.41,Vera Cruz
7.89666E+12,Montelair 10mg 30 comprimidos revestidos,Disponível,78.9,62.22,65.49,Vera Cruz
7.89611E+12,DTN-fol 400mcg + 10mg 90 cápsulas moles,Esgotado,190.72,181.18,63.57,Vera Cruz
7.896E+12,Bálsamo Bengué Aerossol 85ml,Disponível,28.41,21.05,22.16,Vera Cruz
7.89669E+12,Suplemento Vitamínico Imunoglucan DS Sabor Tutti-Frutti 150ml,Disponível,82.9,73.25,77.1,Vera Cruz
7.89602E+12,Ad-Muc 100mg Pomada Bucal 10g,Disponível,55.17,46.65,49.1,Vera Cruz
7.89864E+12,Suplemento Hidroeletrolítico Sorox Sabor Limão 550ml,Esgotado,12.9,11.28,11.87,Vera Cruz
7.89642E+12,Zanidip 20mg 30 comprimidos,Não Encontrado na Busca,0,0,0,Vera Cruz
7.89611E+12,Doss 7.000UI 30 cápsulas gelatinosas moles,Disponível,110.17,72.22,76.02,Vera Cruz
7.89607E+12,Bi-Profenid 150mg 10 comprimidos revestidos de liberação prolongada,Disponível,85.26,68.04,71.62,Vera Cruz
7.89671E+12,"Neocoflan 11,6mg/g Aerossol 85ml",Disponível,51.97,28.14,29.62,Vera Cruz
7.89805E+12,Ibupril 100mg/ml Sabor Tutti-Frutti 20ml,Não Encontrado na Busca,0,0,0,Vera Cruz
7.89664E+12,Oto-Xilodase Gotas 8ml,Disponível,27.65,24.96,26.27,Vera Cruz
5.70219E+12,Advantan 1mg/g Creme Dermatológico 15g,Disponível,87.52,72.33,76.14,Vera Cruz
5.70219E+12,"ICADEN - 10mg/mL, 1 frasco spray com 60mL de solução de uso dermatológico",Não Encontrado na Busca,0,0,0,Vera Cruz
7.89609E+12,Benegrip 20 comprimidos revestidos,Disponível,47.49,41.06,43.22,Vera Cruz
7.89813E+12,Suplemento Hidroeletrolítico Hidralyte Natulab Tutti-Frutti 500ml,Disponível,17.5,12.14,12.78,Vera Cruz
7.89732E+12,Doss 3.000UI Vitamina D3 30 cápsulas gelatinosas moles,Disponível,68.54,61.85,65.11,Vera Cruz
7.89127E+12,Depo-Medrol 40mg/ml 1 ampola de 2ml,Esgotado,29.75,22.33,23.5,Vera Cruz
7.89825E+12,Peg-Lax 17g Pó para Solução Sabor Limão 14 envelopes,Não Encontrado na Busca,0,0,0,Vera Cruz
7.89666E+12,Antux Gotas 20ml,Disponível,61.87,51.14,53.83,Vera Cruz
7.89633E+12,ABC Spray 10mg/ml 30ml,Disponível,49.11,26.59,27.99,Vera Cruz
7.89609E+12,Triancil 20mg/ml Solução Injetável 5 frascos-ampola com 1ml cada,Disponível,36.9,35.06,36.9,Vera Cruz
7.89132E+12,Pastilhas Angino-Rub Sabor Mel e Limão 16un,Disponível,21.44,12.63,13.29,Vera Cruz
7.89655E+12,Solução de Desinfecção Multipropósito Opti-Free Replenish 300ml + 120ml + Estojo de Lentes,Não Encontrado na Busca,0,0,0,Vera Cruz
7.89132E+12,"Trok-N 20mg/g + 0,64mg/g + 2,5mg/g Creme 10g",Disponível,22.2,18.98,19.98,Vera Cruz
7.89655E+12,Kit Solução para Lentes OPTI-FREE Express 355ml + 120ml + 1 Estojo para Lentes,Não Encontrado na Busca,0,0,0,Vera Cruz
7.89804E+12,Kelo-Cote Spray 100ml,Esgotado,244.5,232.28,81.5,Vera Cruz
7.89492E+12,Gynazole-1 20mg/g Creme Ginecológico 5g,Esgotado,105.1,86.87,91.44,Vera Cruz
7.89843E+12,"Peg-Lax 8,5g Pó para Solução Sem Sabor 14 envelopes",Disponível,47.85,40.46,42.59,Vera Cruz
7.89611E+12,"Ad-Muc Kids 0,2% Gel Bucal 10g",Esgotado,81.5,70.46,74.17,Vera Cruz
7.89132E+12,Enantato de Noretisterona + Valerato de Estradiol 50mg + 5mg Eurofarma 1 ampola com 1ml,Não Encontrado na Busca,0,0,0,Vera Cruz
7.89601E+12,Neocopan Composto 20 comprimidos revestidos,Não Encontrado na Busca,0,0,0,Vera Cruz
7.89669E+12,Kronel Gel Ginecológico 60g 10 aplicadores,Disponível,130.27,102.71,54.06,Vera Cruz
7.50044E+12,Vick Pyrena Grip-7 20 Cápsulas,Disponível,30.1,26.88,28.29,Vera Cruz
7.89611E+12,Doss 15.000UI 04 cápsulas gelatinosas moles,Disponível,41.28,28.23,29.72,Vera Cruz
7.50101E+12,Chá Vick Pyrena Sabor Camomila e Erva-Cidreira 5g,Disponível,5.67,5.39,5.67,Vera Cruz
7.89671E+12,Massageol Aerossol 120ml,Disponível,59.99,35.33,37.19,Vera Cruz
7.89609E+12,Probiótico Enterogermina 10 frascos de 5ml,Disponível,43.9,41.71,43.9,Vera Cruz
7.89813E+12,Suplemento Hidroeletrolítico Hidralyte Natulab Guaraná 500ml,Disponível,17.5,12.14,12.78,Vera Cruz
7.896E+12,Bismu-Jet 20ml,Disponível,42.12,31.61,33.27,Vera Cruz
7.89609E+12,Suplemento Alimentar Ofolato D 2.000 UI 30 comprimidos,Disponível,109.9,91.87,96.71,Vera Cruz
7.89843E+12,Myrafer 100mg/ml Sabor Doce de Leite 30ml,Disponível,56.21,48.06,50.59,Vera Cruz
7.89811E+12,Protetor Ocular Estéril Sancare Tamanho P 10 unidades,Disponível,23.49,19.42,20.44,Vera Cruz
7.89492E+12,Bexai 35mg 20 capsúlas,Disponível,147.53,116.33,61.23,Vera Cruz
7.89608E+12,Cognitus 225mg 60 comprimidos revestidos,Disponível,152.65,126.17,66.41,Vera Cruz
7.89795E+12,Suplemento Alimentar Lavitan Pré-Natal Multi 30 comprimidos revestidos,Disponível,87.5,49.05,51.63,Vera Cruz
7.89621E+12,Tylenol Sinus 500g + 30mg 24 comprimidos revestidos,Disponível,24.2,20.24,21.3,Vera Cruz
7.89114E+12,Suplemento Alimentar Bifilac GeFlora Probióticos 14 Sticks,Disponível,86.9,82.56,86.9,Vera Cruz
7.89609E+12,Analgésico Advil Extra Alivio ibuprofeno 400mg 8 cápsulas,Disponível,22.93,21.78,22.93,Vera Cruz
7.89611E+12,Doss 50.000UI 8 cápsulas gelatinosas moles,Disponível,166.5,101.23,53.28,Vera Cruz
7.50044E+12,Vick Pyrena Grip-7 5 Cápsulas,Disponível,10.58,9.15,9.63,Vera Cruz
7.89664E+12,Digeliv 400GaIU 30 sachês com 2g cada,Disponível,100.29,68.6,72.21,Vera Cruz
7.89114E+12,Calminex Diclo Aerossol 85ml,Disponível,37.99,32.12,33.81,Vera Cruz
7.89111E+12,Redoxon 2g Sabor Lima-Limão 10 comprimidos efervescentes,Esgotado,27.67,26.29,27.67,Vera Cruz
7.89855E+12,"Cor-Select 2,5mg 30 comprimidos Biolab",Disponível,78.79,56.89,59.88,Vera Cruz
7.89664E+12,Lactosil 10.000 FCC 30 Tabletes,Disponível,32.5,27.79,29.25,Vera Cruz
7.896E+12,Expectuss 15mg/5ml Pediátrico 100ml,Disponível,23.18,22.02,23.18,Vera Cruz
7.89627E+12,Rizi-M 5mg + 10mg 14 comprimidos revestidos,Disponível,341.13,324.07,113.71,Vera Cruz
7.89795E+12,Kit Lavitan Pré-Natal Multi 60 cápsulas moles + Ômega 3 DHA 30 comprimidos revestidos,Disponível,84.9,62.91,66.22,Vera Cruz
7.89855E+12,"Cor-Select 2,5mg 60 comprimidos",Disponível,99.19,75.38,79.35,Vera Cruz
7.89666E+12,"Solução Nasal Sorine Infantil 0,9% Gotas 30ml + 1 conta-gotas",Disponível,21.25,18.37,19.34,Vera Cruz
7.89891E+12,Tiorfan 30mg 38 sachês,Disponível,65.13,56.31,59.27,Vera Cruz
7.89732E+12,Doss 50.000UI 4 cápsulas gelatinosas moles,Disponível,43.95,39.66,41.75,Vera Cruz
7.896E+12,Bálsamo Bengué Aerossol 170ml,Disponível,73.38,52.29,55.04,Vera Cruz
7.89611E+12,"Ad-Muc 0,4% Soluçao Spray 30ml",Disponível,101.9,91,95.79,Vera Cruz
7.89602E+12,"Micropil R21 0,075 + 0,020mg 21 comprimidos revestidos",Disponível,166.61,158.28,55.54,Vera Cruz
7.89609E+12,Benegrip 6 comprimidos revestidos,Disponível,16.59,14.81,15.59,Vera Cruz
7.89811E+12,Protetor Ocular Estéril Sancare Tamanho M 10 unidades,Disponível,23.49,19.42,20.44,Vera Cruz
7.89652E+12,Pralívio 100mg/ml Sabor Tutti-Frutti 20ml,Disponível,25.03,11.65,12.26,Vera Cruz
7.896E+12,Xarope Expectuss 30mg/5ml Adulto 100ml,Disponível,33.7,30.42,32.02,Vera Cruz
7.89609E+12,Suplemento Vitamínico Ad-Til 20ml,Disponível,22.95,20.05,21.11,Vera Cruz
7.89895E+12,Ogestan Gold 90 cápsulas,Disponível,333.7,317.02,111.23,Vera Cruz
7.89618E+12,Uro-Vaxom 6mg 30 cápsulas,Disponível,100.99,76.75,80.79,Vera Cruz
7.89114E+12,Analgésico Calminex Ice Aerossol 170g,Disponível,86.99,70.24,73.94,Vera Cruz
7.89111E+12,Gino-Canesten 6 Dias Creme 35g + 6 aplicadores,Disponível,92.96,75.95,79.95,Vera Cruz
7.50044E+12,Vick Pyrena Grip-7 10 Cápsulas,Disponível,17.32,14.64,15.41,Vera Cruz
7.89609E+12,Gino-Canesten Balance 7 bisnagas aplicadoras 5ml cada,Disponível,36.9,35.06,36.9,Vera Cruz
3.00651E+11,Solução de Desinfecção Multipropósito Opti-Free Puremoist 300ml + 120ml + Estojo de Lentes,Disponível,86.45,69.25,72.89,Vera Cruz
7.89664E+12,Inzelm 20mg 30 Comprimidos Revestidos,Disponível,254.48,203.07,71.25,Vera Cruz
7.89664E+12,Meclin Jet 25mg 10 comprimidos mastigáveis,Disponível,18.93,16.01,16.85,Vera Cruz
7.89106E+12,"Clexane 20mg/0,2ml 2 seringas pré-enchidas de 0,2ml com sistema de segurança",Esgotado,92.02,57.69,60.73,Vera Cruz
7.89895E+12,Ogestan Pré 30 cápsulas,Disponível,73.9,63.89,67.25,Vera Cruz
7.89642E+12,Zinpass EZE 10mg + 10mg 30 comprimidos revestidos,Disponível,91.1,72.69,76.52,Vera Cruz
7.89609E+12,"Iziz 2,5mg + 1,5mg 84 Comprimidos Revestidos",Esgotado,158.17,115.7,60.9,Vera Cruz
7.89793E+12,Gel de tratamento Antiacne Dermotivin Benzac 10% 60g,Disponível,72.9,63.02,66.34,Vera Cruz
7.89114E+12,Analgésico Calminex Ice Aerossol 60g,Disponível,54.6,48.24,50.78,Vera Cruz
7.89811E+12,Protetor Ocular Estéril Sancare Tamanho G 10 unidades,Disponível,23.49,19.42,20.44,Vera Cruz
7.89609E+12,Lacto-Leve Sem Sabor 120ml,Esgotado,37.99,36.09,37.99,Vera Cruz
7.89132E+12,"Trok-N 20mg/g + 0,64mg/g + 2,5mg/g Creme 30g",Disponível,42.63,36.04,37.94,Vera Cruz
7.89111E+12,Primolut-Nor 10mg 30 comprimidos,Disponível,111.38,93.11,98.01,Vera Cruz
7.89611E+12,Pressat 5mg 90 comprimidos,Disponível,115.21,89.75,94.47,Vera Cruz
7.89809E+12,"Auris-Sedina 18,6mg/ml + 1,3mg/ml 10ml",Disponível,35.09,27,28.42,Vera Cruz
7.89666E+12,Clopin 75mg 30 comprimidos revestidos,Disponível,77.08,61.51,64.75,Vera Cruz
7.89106E+12,Coltrax 2mg/ml 3 ampolas com 2ml,Esgotado,19.77,16.53,17.4,Vera Cruz
7.89611E+12,Aerodine 100mcg Teuto Aerossol 200 doses + adaptador,Disponível,53.67,22.71,23.9,Vera Cruz
7.89664E+12,Meclin Jet 50mg 10 comprimidos mastigáveis,Disponível,34.13,28.53,30.03,Vera Cruz
7.89492E+12,Bexai 35mg 10 cápsulas duras,Disponível,79.97,63.81,67.17,Vera Cruz
7.89666E+12,"Esalerg 0,5mg/ml Xarope Sabor Tutti Frutti 60ml",Disponível,52.04,43.51,45.8,Vera Cruz
7.89655E+12,Solução Otológica Cerumin 8ml,Disponível,19.96,17.82,18.76,Vera Cruz
7.89622E+12,Naldecon Multi 16 comprimidos,Disponível,35.99,29.4,30.95,Vera Cruz
7.89586E+12,Leite de Magnésia Phillips Hortelã 350ml,Disponível,36.9,32.6,34.32,Vera Cruz
7.89771E+12,Insulina Humana Novolin N 100UI/ml 10ml,Disponível,67.36,44.79,47.15,Vera Cruz
7.89666E+12,Acheflan 5mg/g Creme 60g,Disponível,114.61,108.88,57.31,Vera Cruz
7.89601E+12,"Solução Oftálmica Glaub 0,2% 5ml",Disponível,77.28,60.2,63.37,Vera Cruz
7.89607E+12,"Clexane 40mg/0,4ml 10 seringas preenchidas com 0,4ml com sistema de segurança",Esgotado,894.19,518.19,181.82,Vera Cruz
7.89602E+12,"Combodart 0,5mg + 0,4mg 90 cápsulas gelatinosas duras de liberação prolongada",Esgotado,414.59,393.86,138.2,Vera Cruz
7.89732E+12,Vitamina D3 Addera D3 50.000UI 4 comprimidos revestidos,Disponível,141.85,113.19,59.58,Vera Cruz
7.89666E+12,"Bravan HCT 160mg + 12,5mg 30 comprimidos",Disponível,84.94,68.59,72.2,Vera Cruz
7.89609E+12,Pastilhas Vick Drops Sabor Artificial de Limão 10g,Esgotado,4.5,3.76,3.96,Vera Cruz
7.89856E+12,Lactulife Sabor Ameixa 120ml,Esgotado,23.5,22.33,23.5,Vera Cruz
7.8976E+12,Puran T4 25mcg 30 comprimidos,Disponível,18.44,12.79,13.46,Vera Cruz
7.89893E+12,Oscillococcinum 6 Tubos,Disponível,91.9,81.2,85.47,Vera Cruz
7.89662E+12,Antiácido Pó Efervescente Gastrol Abacaxi 1 envelope com 5g,Disponível,4.13,3.3,3.47,Vera Cruz
7.89623E+12,Takil 20mg + 30mg Creme Ginecológico 35g + 7 aplicadores,Disponível,104.98,89.76,94.48,Vera Cruz
7.89132E+12,Digesan 10mg 20 cápsulas,Disponível,55.7,46.57,49.02,Vera Cruz
7.89106E+12,Dorflex Max 4 comprimidos,Disponível,9.4,7.77,8.18,Vera Cruz
7.89607E+12,Profenid Retard 200mg 10 comprimidos revestidos,Disponível,70.41,57.52,60.55,Vera Cruz
7.89803E+12,Diamicron MR 60mg 30 comprimidos de liberação prolongada,Disponível,105.84,100.55,52.92,Vera Cruz
8.90222E+12,Iccor 5mg 30 comprimidos revestidos,Esgotado,72.33,50.16,52.8,Vera Cruz
7.90824E+12,Norvasc 5mg 30 comprimidos,Disponível,90.07,65.03,68.45,Vera Cruz
7.89686E+12,Oxipelle 10mg/g Creme 20g,Disponível,58.14,51.37,54.07,Vera Cruz
7.89492E+12,Neovangy MR 35mg EMS 30 comprimidos revestidos de liberação prolongada,Disponível,81.54,60.42,63.6,Vera Cruz
7.89609E+12,Buscofem Hot 2 adesivos térmicos descartáveis,Disponível,30.9,24.37,25.65,Vera Cruz
7.89609E+12,Antiácido Pó Efervescente Estomazil Sabor Abacaxi 5g,Disponível,3.48,2.77,2.92,Vera Cruz
7.89114E+12,Antialérgico Polaramine 6mg 12 Drágeas,Disponível,39.98,35.32,37.18,Vera Cruz
7.89105E+12,Magnésia Bisurada Sabor Menta 40 pastilhas,Disponível,53.95,47.66,50.17,Vera Cruz
7.89611E+12,"Carbidol 25mg + 250mg, 30 comprimidos",Esgotado,56.17,53.36,56.17,Vera Cruz
7.89638E+12,Humalog Kwikpen Caneta 100UI 1 carpule com 3ml + 1 sistema de aplicação,Disponível,63.52,52.5,55.26,Vera Cruz
7.89666E+12,Levoid 100mcg 30 comprimidos,Disponível,18.04,14.39,15.15,Vera Cruz
7.89785E+12,Ziprol 28 Comprimidos Revestidos 40mg,Disponível,75.87,61.99,65.25,Vera Cruz
7.89666E+12,Levoid 175mcg 30 comprimidos,Disponível,37.05,29.21,30.75,Vera Cruz
7.89101E+12,Nicorette 4mg Icemint 30 gomas mastigáveis,Disponível,112.98,88.01,92.64,Vera Cruz
7.89734E+12,Cozaar 50mg 30 comprimidos revestidos,Disponível,69.81,55.04,57.94,Vera Cruz
7.89106E+12,Analgésico Dorflex Uno 1g 4 comprimidos,Disponível,8.57,7.25,7.63,Vera Cruz
7.89603E+12,Gel Dersani Hidrogel com Alginato 30g,Disponível,50.9,43.52,45.81,Vera Cruz
7.89492E+12,"RISEDROSS - 150mg, 2 comprimidos revestidos",Esgotado,189.67,180.19,63.22,Vera Cruz
7.8911E+12,Apracur 6 comprimidos,Disponível,12.98,11.47,12.07,Vera Cruz
7.89664E+12,Retemic 5mg 60 comprimidos,Disponível,75.2,57.86,60.91,Vera Cruz
7.89609E+12,Naprix D 5mg + 25mg 30 cápsulas duras,Esgotado,77.47,55.94,58.88,Vera Cruz
7.89106E+12,Profenid 20mg/ml Sabor Morango 20ml,Disponível,45.54,38.5,40.53,Vera Cruz
7.89111E+12,Xarelto 20mg 28 comprimidos revestidos,Esgotado,395.24,375.48,131.75,Vera Cruz
7.89608E+12,Gel Arnica Montana 200mg/g Herbarium 30g,Esgotado,43.9,37.12,39.07,Vera Cruz
7.89891E+12,Óleo de Girassol Skinage 100ml,Disponível,27.9,23.32,24.55,Vera Cruz
7.89106E+12,Antialérgico Allegra Pediátrico 6mg/ml 150ml,Disponível,91.05,73.52,77.39,Vera Cruz
7.89609E+12,Lisador Dip 1g 10 comprimidos,Disponível,26.48,22.9,24.1,Vera Cruz
7.89492E+12,Tenadren 80mg + 25mg 30 comprimidos,Disponível,28.31,21.52,22.65,Vera Cruz
7.89603E+12,Solução Antisséptica Malvatricin 250ml,Esgotado,41.26,34.11,35.9,Vera Cruz
7.8981E+12,"Glicel 2,5g Adulto 6 supositórios de glicerina",Disponível,24.71,11.74,12.36,Vera Cruz
7.89492E+12,Toragesic Gotas 20mg/ml EMS 10ml,Esgotado,78.26,61.71,64.96,Vera Cruz
7.89602E+12,"Anoro Ellipta 62,5mcg/25mcg 30 doses de pó para inalação",Disponível,423.89,402.7,141.3,Vera Cruz
7.89132E+12,"Rehidrat 50 Sabor Laranja 4 envelopes de 7,625g",Esgotado,37.06,31.33,32.98,Vera Cruz
7.89664E+12,"Inpruv D 50.000UI Apsen, 4 Comprimidos",Esgotado,83.63,56.41,59.38,Vera Cruz
7.89734E+12,Singulair 5mg 30 comprimidos mastigáveis,Disponível,94.53,72.74,76.57,Vera Cruz
7.89609E+12,"Iumi 3mg + 0,02mg 24 comprimidos revestidos",Disponível,76.85,56.21,59.17,Vera Cruz
7.89602E+12,Luftal Gel Caps 125mg 10 cápsulas gelatinosas,Disponível,28.99,26.16,27.54,Vera Cruz
7.89843E+12,Lavagem Nasal Nasoar 30 sachês + frasco aplicador,Disponível,59.9,49.5,52.11,Vera Cruz
7.89609E+12,Lacto-Leve Sabor Ameixa 120ml,Esgotado,39.9,37.91,39.9,Vera Cruz
7.89803E+12,Arcalion 200mg 20 drágeas,Disponível,59.86,51.75,54.47,Vera Cruz
7.89624E+12,Suprema 2mg + 1mg 28 comprimidos revestidos,Disponível,50.35,38.27,40.28,Vera Cruz
7.50044E+12,Suplemento Alimentar Femibion 2 28 comprimidos + 28 cápsulas,Disponível,144.5,137.28,72.25,Vera Cruz
7.89609E+12,Plenance EZE 20mg+10mg 30 Cápsulas,Disponível,139.11,104.41,54.95,Vera Cruz
7.89734E+12,"Livial 2,5mg 84 comprimidos",Esgotado,324.03,224.71,78.85,Vera Cruz
7.89601E+12,"AdviPro 11,6mg Gel 30g",Esgotado,30.92,24.97,26.28,Vera Cruz
7.89666E+12,Prolive 15 cápsulas,Disponível,73.9,70.21,73.9,Vera Cruz
7.896E+12,Suavicid Legrand Bisnaga com 15g,Disponível,123.41,76.21,80.22,Vera Cruz
7.896E+12,Allexofedrin Pediátrico 6mg/ml EMS Sabor Framboesa 60ml,Disponível,41.6,39.52,41.6,Vera Cruz
7.89611E+12,Livalo 4mg 60 comprimidos revestidos,Disponível,316.21,234.31,82.21,Vera Cruz
7.89127E+12,"PROVERA - 10mg, 14 comprimidos",Esgotado,46.02,43.72,46.02,Vera Cruz
7.89132E+12,Perivasc 450mg + 50mg 60 Comprimidos Revestidos,Esgotado,146.77,110.15,57.98,Vera Cruz
7.89609E+12,Diminut 75mcg + 20mcg 21 comprimidos revestidos,Disponível,51.29,38.01,40.01,Vera Cruz
7.89602E+12,Pomada Omcilon-A Orabase 1mg/g Aspen 10g,Disponível,55.17,46.65,49.1,Vera Cruz
7.89955E+12,Ginkgo Vital 80mg 30 comprimidos,Disponível,55.66,25.38,26.72,Vera Cruz
7.89609E+12,Ancoron 200mg 30 comprimidos revestidos,Disponível,59.53,44.11,46.43,Vera Cruz
7.89666E+12,"Bravan HCT 80mg + 12,5mg 30 comprimidos",Disponível,84.94,68.59,72.2,Vera Cruz
7.89652E+12,Ginkomed 80mg 30 comprimidos revestidos,Disponível,38.08,23.51,24.75,Vera Cruz
7.89492E+12,Suplemento Alimentar Neutrofer Folato D 30 comprimidos revestidos,Disponível,98.9,80.8,85.05,Vera Cruz
7.89172E+12,Glifage XR 750mg 30 comprimidos de liberação prolongada,Disponível,41.33,31.81,33.48,Vera Cruz
7.89666E+12,Parasin 400mg Sabor Banan 1 comprimido mastigável,Esgotado,17.64,14.58,15.35,Vera Cruz
7.89627E+12,Seretide Diskus 50mcg + 250mcg 60 doses de pó para inalação,Esgotado,194.05,184.35,64.68,Vera Cruz
7.89626E+12,Piascledine 300 100mg + 200mg 30 cápsulas,Esgotado,344.78,327.54,114.93,Vera Cruz
7.89132E+12,Lugano 12mcg + 250mcg Refil 60 cápsulas com pó para inalação,Disponível,104.71,84.55,89,Vera Cruz
7.89492E+12,Sucrafilm 200mg/m 20 flaconetes com 10ml cada,Disponível,118,94.16,99.12,Vera Cruz
7.89671E+12,Picbam 5mg 60 comprimidos revestidos,Esgotado,291.9,277.31,97.3,Vera Cruz
7.89104E+12,Nuromol 200mg + 500mg 12 comprimidos revestidos,Disponível,32.99,24.44,25.73,Vera Cruz
7.89732E+12,"Fluidificante e Descongestionante Nasal Rinosoro SIC Spray 0,9%  50ml",Disponível,36.19,34.38,36.19,Vera Cruz
7.89132E+12,Antiácido Simeco Plus Sabor Hortelã 240ml,Disponível,63.8,60.61,63.8,Vera Cruz
7.89609E+12,Buscopan Pediátrico 10mg/ml Gotas 20ml,Disponível,31.99,26.44,27.83,Vera Cruz
7.89747E+12,Clotrigel 20mg/g Creme 20g + 3 aplicadores,Disponível,58.15,46.96,49.43,Vera Cruz
7.896E+12,Ibandronato de Sódio Monoidratado 150mg EMS 1 comprimido revestido,Disponível,91.68,30.49,32.09,Vera Cruz
7.89106E+12,Analgésico Dorflex Uno 1g com 10 comprimidos,Disponível,19.4,16.59,17.46,Vera Cruz
7.896E+12,"Solução Nasal Naridrin 12 Horas 1mg/ml + 0,2mg/ml + 5mg/ml 30ml",Disponível,38.53,18.91,19.9,Vera Cruz
7.89611E+12,Dozoito 50mg 30 comprimidos,Disponível,76.54,55.99,58.94,Vera Cruz
7.89664E+12,Eniagor 50mg/ml Solução Capilar 50ml,Disponível,87.02,41.33,43.51,Vera Cruz
7.89804E+12,Kelo-Cote Gel 15g,Esgotado,218.31,192.88,67.68,Vera Cruz
7.89132E+12,Piemonte 4mg 30 comprimidos mastigáveis,Disponível,76.5,58.87,61.97,Vera Cruz
7.89106E+12,Puran T4 125mcg 30 comprimidos,Disponível,3.87,2.72,2.86,Vera Cruz
7.89734E+12,"Livial 2,5mg 28 comprimidos",Disponível,125.73,83.61,88.01,Vera Cruz
7.89114E+12,"Diprosone 0,5mg/g Creme Dermatológico 30g",Disponível,56.19,48.57,51.13,Vera Cruz
7.89602E+12,Analgésico Sonridor 2 comprimidos efervescentes,Não Encontrado na Busca,0,0,0,Vera Cruz
7.89859E+12,"Akynzeo 0,56 + 300mg 1 cápsula dura",Esgotado,493.13,468.47,164.38,Vera Cruz
7.89666E+12,Clopin Duo 75mg + 100mg 30 comprimidos revestidos,Disponível,90.58,70.57,74.28,Vera Cruz
7.89132E+12,Pergo 2mg/ml 120ml,Esgotado,51.87,38.93,40.98,Vera Cruz
7.89601E+12,Caltrate Ca 600mg + D3 200 UI 60 comprimidos revestidos,Disponível,146.75,117.11,61.64,Vera Cruz
7.89106E+12,Analgésico Dorflex Uno 1g com 20 Comprimidos,Disponível,31.43,27.17,28.6,Vera Cruz
7.89626E+12,Teolong 200mg 30 cápsulas com microgrânulos de liberação prolongada,Disponível,41.34,32.99,34.73,Vera Cruz
7.89492E+12,Lanz 30mg 28 cápsulas duras de liberação retardada,Esgotado,143.7,99.66,52.45,Vera Cruz
7.89611E+12,Solução Tópica Pantogar Top 80ml,Disponível,208.9,166.71,58.49,Vera Cruz
7.89618E+12,Busonid Aquoso Nasal 50mcg 120 doses 6ml,Disponível,47.24,39.05,41.1,Vera Cruz
7.89621E+12,Antigases Mylicon 75mg/ml Gotas 15ml,Esgotado,37.87,33.82,35.6,Vera Cruz
7.89601E+12,Ecos 3mg/ml Xarope Sabor Caramelo 120ml,Disponível,32.89,24.99,26.31,Vera Cruz
7.89601E+12,Apresolina 50mg 60 drágeas,Disponível,42.33,32.97,34.71,Vera Cruz
7.89618E+12,Busonid Caps 200mcg Refil 60 cápsulas para inalação,Disponível,54.48,45.03,47.4,Vera Cruz
7.89732E+12,"Atropina 0,5% Solução Oftálmica 5ml",Disponível,12.42,11.8,12.42,Vera Cruz
7.89666E+12,Biofenac DI 50mg Sabor Cereja 20 comprimidos dispersíveis,Disponível,42.94,35.9,37.79,Vera Cruz
7.89603E+12,Pradaxa 75mg 30 cápsulas,Disponível,209.27,157.05,55.11,Vera Cruz
7.896E+12,Allexofedrin Pediátrico 6mg/ml EMS Sabor Framboesa 150ml,Disponível,86.5,82.18,86.5,Vera Cruz
7.89982E+12,Nevrix 100mg + 100mg + 5mg 90 comprimidos revestidos,Disponível,219.75,162.84,57.14,Vera Cruz
7.89746E+12,Ginkoba 120mg 30 comprimidos revestidos,Esgotado,108.01,81.06,85.33,Vera Cruz
7.89804E+12,Floratil 200mg 6 cápsulas,Disponível,51.86,43.85,46.16,Vera Cruz
7.89586E+12,Leite de Magnésia Phillips Hortelã 120ml,Disponível,23.5,20.54,21.62,Vera Cruz
7.89671E+12,Massageol Pomada 30g,Disponível,29.69,17.49,18.41,Vera Cruz
7.89843E+12,Lavagem Nasal Nasoar XT Refil 15 sachês,Disponível,69.5,56.13,59.08,Vera Cruz
7.89601E+12,"Solução Oftálmica Ster MD 1,2mg/ml 10ml",Disponível,53.81,42.94,45.2,Vera Cruz
7.89947E+12,Varivax 300mg 30 comprimidos,Disponível,60.9,48.6,51.16,Vera Cruz
8.90386E+12,"Indapen SR 1,5mg 60 comprimidos revestidos",Disponível,77.89,54.02,56.86,Vera Cruz
7.89666E+12,Trezor 40mg 30 comprimidos revestidos,Disponível,128.39,96.36,50.72,Vera Cruz
7.89664E+12,Pantozol 20mg 28 Comprimidos revestidos de liberação retardada,Esgotado,264.86,251.62,88.29,Vera Cruz
7.89666E+12,Remilev 250mg + 60mg 20 comprimidos revestidos,Disponível,82.73,70.74,74.46,Vera Cruz
7.89611E+12,Press Plus 5mg + 20mg 30 cápsulas,Esgotado,130.25,123.74,65.13,Vera Cruz
7.89666E+12,"Flogoral 1,5mg/ml Sabor Laranja 150ml",Esgotado,34.82,30.76,32.38,Vera Cruz
7.89609E+12,Naprix A 5mg + 5mg 30 cápsulas,Disponível,79.28,56.49,59.46,Vera Cruz
7.89602E+12,Leite de Magnésia Eno Hortelã 120ml,Disponível,18.9,15.8,16.63,Vera Cruz
7.89601E+12,"AdviPro 11,6mg Aerossol 85ml",Esgotado,53.87,44.53,46.87,Vera Cruz
7.89603E+12,Malvona Solução Oral 200ml,Disponível,45.17,37.34,39.3,Vera Cruz
7.89664E+12,Lonium 40mg 30 comprimidos revestidos,Disponível,82.74,68.38,71.98,Vera Cruz
7.89804E+12,"Annita 20mg/mL, 1 frasco com 100mL de Pó para Suspensão Oral",Disponível,74.05,60.5,63.68,Vera Cruz
7.89804E+12,Complexo Homeopático Almeida Prado N 16 60 Comprimidos,Disponível,28.9,26.09,27.46,Vera Cruz
7.89804E+12,"Marevan 2,5mg 60 comprimidos",Disponível,35.2,27.08,28.51,Vera Cruz
7.89492E+12,Itraspor 100mg 15 cápsulas duras,Esgotado,95.8,72.81,76.64,Vera Cruz
7.50634E+12,Teste De Gravidez Clearblue Digital,Disponível,62.8,54.89,57.78,Vera Cruz
7.89492E+12,Bramicar 40mg 30 comprimidos,Disponível,99.56,79.45,83.63,Vera Cruz
7.89666E+12,Levoid 150mcg 30 comprimidos,Disponível,29.45,23.5,24.74,Vera Cruz
7.89609E+12,Benegrip 12 comprimidos revestidos,Disponível,29.49,26.06,27.43,Vera Cruz
7.89416E+12,Xarope Fluive 120ml,Esgotado,33.9,32.21,33.9,Vera Cruz
7.89609E+12,Antiácido Pó Efervescente Estomazil Sem Sabor 100g,Disponível,28.49,22.73,23.93,Vera Cruz
7.89666E+12,Cipide 100mg 30 comprimidos,Disponível,56.96,54.11,56.96,Vera Cruz
7.89132E+12,Buona 150mg 30 cápsulas,Esgotado,172.7,164.07,57.57,Vera Cruz
7.89664E+12,Dexilant 60mg Takeda 30 cápsulas de liberação retardada,Disponível,129.76,104.79,55.15,Vera Cruz
7.89859E+12,DuploStat 800mg Abbott 60 Cápsulas Gelatinosas Moles,Disponível,121.9,103.07,54.25,Vera Cruz
7.89132E+12,Tâmisa 30 Sem Parar 75mcg + 30mcg 84 drágeas,Disponível,126.12,97.05,51.08,Vera Cruz
7.89618E+12,Dropropizina 3mg/ml Biosintética 120ml,Disponível,18.7,12.44,13.09,Vera Cruz
7.89621E+12,Symbicort Turbuhaler 6/100mcg 60 doses,Esgotado,218.67,207.74,72.89,Vera Cruz
7.89601E+12,Xantinon 30 comprimidos revestidos,Disponível,16.55,14.16,14.9,Vera Cruz
7.89804E+12,Besomed Almeida Prado 60 Comprimidos,Disponível,56.9,50.27,52.92,Vera Cruz
7.89626E+12,Analgésico CataflamPRO Emulgel 60g,Disponível,56.02,46.84,49.3,Vera Cruz
7.89803E+12,"Procoralan 7,5mg 56 comprimidos revestidos",Disponível,216.57,205.74,72.19,Vera Cruz
7.89627E+12,Flixotide Spray 250mcg 60 doses,Esgotado,160.43,152.41,53.48,Vera Cruz
7.89666E+12,Suplemento Probiótico Colidis 5ml,Disponível,103.9,90.58,95.35,Vera Cruz
7.89611E+12,Fly 250mg 20 cápsulas moles,Disponível,55.9,49.39,51.99,Vera Cruz
7.89611E+12,Doss 7.000UI 12 cápsulas gelatinosas moles,Disponível,48.06,32.87,34.6,Vera Cruz
7.89855E+12,Monessa 30 cápsulas,Disponível,115.29,89.81,94.54,Vera Cruz
7.89626E+12,Flotac 70mg 10 cápsulas,Disponível,37.45,31.31,32.96,Vera Cruz
7.89106E+12,Analgésico Novalgina 1g 10 comprimidos,Disponível,25.76,22.27,23.44,Vera Cruz
7.89664E+12,Flancox 500mg 14 comprimidos revestidos,Disponível,52.13,28.22,29.71,Vera Cruz
7.89666E+12,Fentizol Óvulo 600mg 1 óvulo + 1 aplicador,Disponível,93.2,77.92,82.02,Vera Cruz
7.89611E+12,"Vonau Flash 4mg, Sabor Menta 10 comprimidos de desintegração oral",Disponível,49.45,29.5,31.05,Vera Cruz
7.89669E+12,Florax SM 50milhões/ml Pediátrico Sabor Framboesa 5 flaconetes com 5ml cada,Disponível,42.52,35.95,37.84,Vera Cruz
7.89771E+12,"Ozempic 0,25mg 1 carpule de 1,5ml + 1 sistema para aplicação + 6 agulhas novofine",Disponível,1,1,433.23,Vera Cruz
