Farmácia,Status,Total Unidades Vendidas,Frequencia_Vendas,EAN_ou_SKU,Nome_do_Produto,Preco_Tabela,Preco_Cartao_Valor,Desconto_Cartao,Preco_Pix_Valor,Desconto_Pix
SãoJoão,Indisponível,1160.0,55,0.0,Busonid Suspensão Nasal 120 Doses,0,0,0,0,0
SãoJoão,Disponível,681.0,25,7891010256715.0,TYLENOL DC MÚLTIPLAS DORES PARACETAMOL 1G + CAFEÍNA 130MG 20 COMPRIMIDOS,"24,29","24,29",-,"24,29",-
SãoJoão,Disponível,632.0,27,7795320008821.0,Vitanol-A Creme Dermatológico 30g,"50,17","44,69",-10.9%,"44,69",-10.9%
SãoJoão,Disponível,596.0,29,7896004803463.0,Naridrin Solução Nasal 15ml,"17,90","17,90",-,"17,90",-
SãoJoão,Indisponível,564.0,16,0.0,Sulfato De Neomicina 5mg/g + Bacitracina Zíncica 250UI/g Genérico Prati Pomada 15g,0,0,0,0,0
SãoJoão,Disponível,560.0,25,7896658005176.0,Transpulmin Xarope 150ml,"40,40","36,39",-9.9%,"36,39",-9.9%
SãoJoão,Disponível,550.0,16,7891142981301.0,Predsim 5mg 20 Comprimidos Mantecorp,"27,43","24,29",-11.4%,"24,29",-11.4%
SãoJoão,Disponível,539.0,26,7896094206038.0,Pomada Dermatológica Tarfic 10g,"100,52","85,19",-15.3%,"85,19",-15.3%
SãoJoão,Disponível,538.0,17,7899547527681.0,Albendazol 400mg Genérico Prati 5 Comprimidos Mastigáveis,"46,31","27,90",-39.8%,"27,90",-39.8%
SãoJoão,Disponível,538.0,15,7898906376632.0,Keflex 1G 8 Drágeas Bago,"139,14","118,69",-14.7%,"118,69",-14.7%
SãoJoão,Disponível,536.0,15,7897076911131.0,Axetil de Cefuroxima Suspensão Oral 250mg/5ml 50ml Genérico Ranbaxy,"111,00","87,99",-20.7%,"87,99",-20.7%
SãoJoão,Disponível,536.0,16,7891317014162.0,Sinot Clav 875/125mg 14 Comprimidos Revestido Eurofarma,"74,22","65,29",-12.0%,"65,29",-12.0%
SãoJoão,Disponível,535.0,14,7896637032223.0,Probians 30 Cápsulas,"135,90","135,90",-,"135,90",-
SãoJoão,Disponível,527.0,16,7896004744360.0,Fluoxetina 20mg 28 Cápsulas Genérico Cimed (C1),"69,55","55,99",-19.5%,"55,99",-19.5%
SãoJoão,Disponível,526.0,16,7896523228419.0,Praalergia 120mg 6 Comprimidos Cimed,"19,90","17,59",-11.6%,"17,59",-11.6%
SãoJoão,Disponível,523.0,13,7896641812293.0,Nesina Pio 25mg + 15mg 30 Comprimidos Revestidos Hypera,"278,62","278,62",-,"278,62",-
SãoJoão,Disponível,521.0,15,7891317421434.0,Koide 120ml Momenta,"51,78","47,09",-9.1%,"47,09",-9.1%
SãoJoão,Disponível,520.0,15,7896523209128.0,Acebrofilina 120ml Infantil Genérico Cimed,"29,49","25,09",-14.9%,"25,09",-14.9%
SãoJoão,Disponível,519.0,15,7896523201535.0,Metoprolol 50mg 30 Comprimidos Revestidos Genérico Pharlab,"62,87","35,90",-42.9%,"35,90",-42.9%
SãoJoão,Disponível,516.0,16,7891317014957.0,Hominus 2+5Mg 30 Cápsulas Dura Momenta,"162,00","162,00",-,"162,00",-
SãoJoão,Disponível,515.0,15,7891317013585.0,Venlaxin XR 75mg 60 Cápsulas Eurofarma,"167,79","167,79",-,"167,79",-
SãoJoão,Disponível,514.0,15,7896261005723.0,CataflamPro Aerossol Solução Dermatológica 85ml,"55,89","55,89",-,"55,89",-
SãoJoão,Disponível,512.0,15,7898927111045.0,Oscillococcinum 200K 6 Tubos,"98,99","98,99",-,"98,99",-
SãoJoão,Disponível,511.0,13,7896004747620.0,Aripiprazol 10mg 30 Comprimidos Genérico EMS (C1),"296,69","139,90",-52.8%,"139,90",-52.8%
SãoJoão,Disponível,511.0,15,7894916500586.0,Azi 1g 1 Comprimido Sigma Pharma,"43,82","37,49",-14.4%,"37,49",-14.4%
SãoJoão,Disponível,505.0,13,7898158693617.0,Cataflexym Gel 10mg 60g Cifarma,"17,50","17,50",-,"17,50",-
SãoJoão,Disponível,504.0,16,7897473206861.0,Levolukast 10mg/5mg 14 Comprimidos Revestidos,"144,34","89,90",-37.7%,"89,90",-37.7%
SãoJoão,Indisponível,504.0,15,0.0,Gel Reparil Mylan 100g,0,0,0,0,0
SãoJoão,Disponível,504.0,14,7896004719597.0,Amoxicilina + Clavulanato De Potássio 875mg 14 Comprimidos Revestidos Genérico Germed,"194,22","138,89",-28.5%,"138,89",-28.5%
SãoJoão,Disponível,503.0,13,7896637022569.0,Retemic 5mg 60 Comprimidos,"74,30","62,29",-16.2%,"62,29",-16.2%
SãoJoão,Disponível,502.0,15,7891317465667.0,"Selene 0,035mg/2mg 21 Comprimidos Revestidos","36,51","33,09",-9.4%,"33,09",-9.4%
SãoJoão,Disponível,501.0,15,7896004715957.0,Azitromicina 500mg 2 Comprimidos Genérico EMS,"31,56","29,49",-6.6%,"29,49",-6.6%
SãoJoão,Disponível,498.0,14,7891058060336.0,Rifaldin Aventis 300mg 6 Cápsulas,"25,87","24,19",-6.5%,"24,19",-6.5%
SãoJoão,Disponível,497.0,16,7896658035289.0,Trezor 10mg 60 Comprimidos Revestidos Aché,"81,43","67,19",-17.5%,"67,19",-17.5%
SãoJoão,Disponível,497.0,15,7896112141655.0,Colírio Teuto Solução Oftalmológica 20ml,"15,49","15,49",-,"15,49",-
SãoJoão,Disponível,496.0,13,7891317432362.0,Musculare 10mg 15 Comprimidos Revestidos,"22,70","22,70",-,"22,70",-
SãoJoão,Disponível,496.0,14,7894916505673.0,Ceclor Bd 500Mg 10 Comprimidos Revestidos Sigma Pharma,"108,09","91,59",-15.3%,"91,59",-15.3%
SãoJoão,Disponível,495.0,14,7891158104657.0,Pedialyte Plus Active 500ml Guarana Abbott,"33,90","27,12",-20.0%,"27,12",-20.0%
SãoJoão,Disponível,494.0,15,7891142982469.0,Alivium Mantecorp 400mg 20 Cápsulas,"60,26","60,26",-,"60,26",-
SãoJoão,Disponível,492.0,14,7891058000103.0,Dorflex UNO Analgésico Contra Enxaqueca Dipirona Monoidratada 1g 10 Comprimidos,"31,04","31,04",-,"31,04",-
SãoJoão,Disponível,492.0,14,7891721044137.0,Glifage 1g 30 Comprimidos Revestidos Merck,"57,26","57,26",-,"57,26",-
SãoJoão,Disponível,492.0,14,7897337713399.0,Perola 75mcg 28 Comprimidos,"129,56","106,19",-18.0%,"106,19",-18.0%
SãoJoão,Disponível,491.0,14,7898029550216.0,Aldomet 500mg 30 Comprimidos Revestidos,"80,38","67,99",-15.4%,"67,99",-15.4%
SãoJoão,Disponível,489.0,15,7896658027703.0,Histamin 2mg 20 Comprimidos,"65,89","55,99",-15.0%,"55,99",-15.0%
SãoJoão,Disponível,489.0,14,7891317022044.0,Permese 1ml Injeção + Seringa Momenta,"29,78","27,39",-8.0%,"27,39",-8.0%
SãoJoão,Disponível,488.0,15,7896269900631.0,Pomada Dermatológica Psorex 30g GSK,"50,72","50,72",-,"50,72",-
SãoJoão,Disponível,487.0,14,7899547528459.0,Levofloxacino 500mg 10 Comprimidos Revestidos Genérico Prati-Donaduzzi,"97,19","46,09",-52.6%,"46,09",-52.6%
SãoJoão,Disponível,485.0,15,7898158691187.0,Doriless 500mg/5mg/10mg 12 Comprimidos,"18,54","17,09",-7.8%,"17,09",-7.8%
SãoJoão,Indisponível,485.0,15,0.0,Bismu-Jet Gotas Legrand 20ml,0,0,0,0,0
SãoJoão,Indisponível,483.0,13,0.0,Tratamento da candidíase Gino-Canesten® Comprimido Vaginal - 1 dia,0,0,0,0,0
SãoJoão,Disponível,483.0,15,7896637023115.0,Meclin 25mg 15 Comprimidos,"29,28","26,89",-8.2%,"26,89",-8.2%
SãoJoão,Disponível,482.0,15,7896094927797.0,Naturetti 16 Comprimidos Hypera Pharma,"28,64","28,64",-,"28,64",-
SãoJoão,Disponível,482.0,15,7891317010386.0,Ventus Spray 120 Doses Eurofarma,"70,24","61,09",-13.0%,"61,09",-13.0%
SãoJoão,Disponível,482.0,16,7891058002688.0,Trimetazidina 35mg 30 Comprimidos Revisado Genérico Medley,"65,40","65,40",-,"65,40",-
SãoJoão,Disponível,481.0,15,7891106908184.0,"Xarelto 2,5mg 30 Comprimidos Revestidos Bayer","209,26","209,26",-,"209,26",-
SãoJoão,Disponível,481.0,13,7896015521622.0,Eno Abacaxi Pó Efervescente 100g,"30,36","22,99",-24.3%,"22,99",-24.3%
SãoJoão,Disponível,481.0,16,5702150142368.0,Ebix 20mg 30 Comprimidos Lundbeck (C1),"408,62","408,62",-,"408,62",-
SãoJoão,Disponível,481.0,15,7896112121145.0,Tramadol 50mg 10 Cápsulas Genérico Teuto (A2),"37,51","19,90",-46.9%,"19,90",-46.9%
SãoJoão,Disponível,481.0,14,7896641806414.0,Siilif 100Mg 60 Comprimidos Revestidos Takeda,"195,13","156,10",-20.0%,"156,10",-20.0%
SãoJoão,Disponível,481.0,16,7896112427797.0,Aradois HCT 100+25mg 60 Comprimidos Revestidos Biolab,"214,75","171,80",-20.0%,"171,80",-20.0%
SãoJoão,Disponível,480.0,15,7896004709956.0,"Enalapril + Hidroclorotiazida Genérico EMS 20mg + 12,5mg 30 Comprimidos","99,78","99,78",-,"99,78",-
SãoJoão,Disponível,479.0,14,7898040320973.0,Xarope Abrilar 100ml FQM,"49,17","44,99",-8.5%,"44,99",-8.5%
SãoJoão,Disponível,477.0,27,7896083400935.0,Rinosoro SIC Spray Nasal 50ml,"64,40","51,52",-20.0%,"51,52",-20.0%
SãoJoão,Disponível,476.0,14,7896658039546.0,Algilive 160mg 10 Cápsulas Biosintética,"45,27","45,27",-,"45,27",-
SãoJoão,Disponível,476.0,17,7897595635181.0,Foraseq 12mcg+200mcg 120 Cápsulas com Inalador Sandoz,"180,92","180,92",-,"180,92",-
SãoJoão,Disponível,475.0,16,7891317034191.0,"Atrace 37,5 + 325mg 30 Comprimidos Revestidos Momenta (A2)","92,83","77,79",-16.2%,"77,79",-16.2%
SãoJoão,Disponível,473.0,15,7891317007614.0,Iban 150mg 1 Comprimido Revestido Eurofarma,"59,76","49,99",-16.3%,"49,99",-16.3%
SãoJoão,Disponível,472.0,14,7893595770457.0,Floral Therapi Preocupa Não 30ml,"36,90","36,90",-,"36,90",-
SãoJoão,Disponível,472.0,16,7891045008433.0,"Nordette 0,15mg/0,03mg 21 Drágeas","13,59","13,59",-,"13,59",-
SãoJoão,Disponível,472.0,14,7896094209275.0,Quenzor 50 mg 30 Cápsulas de Liberação Prolongada Libbs,"43,53","36,29",-16.6%,"36,29",-16.6%
SãoJoão,Disponível,472.0,15,7896094928046.0,Aas Protect 100Mg 30 Comprimidos Revestidos Medley,"22,99","20,99",-8.7%,"20,99",-8.7%
SãoJoão,Disponível,471.0,15,7891106915595.0,Firialta 10mg Caixa 28 Comprimidos Revestidos,"214,81","171,85",-20.0%,"171,85",-20.0%
SãoJoão,Disponível,470.0,14,7898962943144.0,Luftal Infantil 30ml Reckitt,"69,15","55,30",-20.0%,"55,30",-20.0%
SãoJoão,Disponível,469.0,16,7896523201542.0,Metoprolol 100mg 30 Comprimidos Revestidos Genérico Accord,"85,49","49,90",-41.6%,"49,90",-41.6%
SãoJoão,Disponível,468.0,14,7896422525541.0,Eficientus 10mg 30 Comprimidos Revestidos Medley (C1),"99,85","99,85",-,"99,85",-
SãoJoão,Disponível,468.0,14,7896004726908.0,Ciclobenzaprina 10mg 10 Comprimidos Genérico EMS,"15,08","15,08",-,"15,08",-
SãoJoão,Disponível,468.0,13,7897917000178.0,Deltametrina SH Deltapil Belfar 100ml,"26,12","26,12",-,"26,12",-
SãoJoão,Disponível,467.0,15,7896658030284.0,Montelair 4mg 60 Comprimidos Mast Aché,"124,93","103,59",-17.1%,"103,59",-17.1%
SãoJoão,Disponível,467.0,15,7896004725833.0,Hidroquinona 40mg/g 30g Gel Genérico Germed,"57,12","50,39",-11.8%,"50,39",-11.8%
SãoJoão,Disponível,467.0,16,7898430193477.0,"Nasoar Granulado para Solução Nasal 30 Envelopes de 2,160g + Frasco Aplicador 240ml","54,99","38,49",-30.0%,"38,49",-30.0%
SãoJoão,Disponível,467.0,15,7891268101812.0,Zoltec Wyeth 150mg 2 Cápsulas,"216,93","216,93",-,"216,93",-
SãoJoão,Disponível,466.0,15,7894916503792.0,"Micropil Sigma Pharma 0,075mg + 0,030mg 21 Comprimidos Revestidos","31,08","27,59",-11.2%,"27,59",-11.2%
SãoJoão,Disponível,466.0,14,7896658016691.0,Bravan 320mg 30 Comprimidos Revestidos Aché,"63,04","63,04",-,"63,04",-
SãoJoão,Indisponível,466.0,15,0.0,Riopan Plus Gel 240ml,0,0,0,0,0
SãoJoão,Disponível,466.0,16,7908020506997.0,Xarope Benatux 120ml Cifarma,"21,52","21,52",-,"21,52",-
SãoJoão,Disponível,466.0,17,5060632508478.0,Systen 25mcg/dia 8 Adesivos Theramex,"131,44","106,29",-19.1%,"106,29",-19.1%
SãoJoão,Indisponível,465.0,17,0.0,FLEDOID 300 40G GEL DIVCOM,0,0,0,0,0
SãoJoão,Disponível,465.0,14,7896269900372.0,Betnovate Pomada GSK 30g,"59,59","59,59",-,"59,59",-
SãoJoão,Disponível,465.0,15,7896094931664.0,Engov After Pink Lemonade 250ml Hypera Pharma,"14,99","11,99",-20.0%,"11,99",-20.0%
SãoJoão,Disponível,464.0,15,7896094210172.0,Plenance 5mg 90 Comprimidos Revestidos Libbs,"101,57","82,79",-18.5%,"82,79",-18.5%
SãoJoão,Disponível,464.0,13,7897411611030.0,Benicar Anlo 40+10mg 30 Comprimidos Revestidos Sankyo,"102,63","82,10",-20.0%,"82,10",-20.0%
SãoJoão,Disponível,464.0,13,7896641816758.0,Juneve 30mg 28 Cápsulas Takeda (A3),"371,08","296,86",-20.0%,"296,86",-20.0%
SãoJoão,Disponível,464.0,13,7896004780511.0,Rivaroxabana 20mg 30 Comprimidos Revestidos Genérico EMS,"256,86","49,90",-80.6%,"49,90",-80.6%
SãoJoão,Disponível,463.0,15,7896317909760.0,Climatrix 100Mg 30 Comprimidos Revestidos Myralis,"147,71","147,71",-,"147,71",-
SãoJoão,Disponível,463.0,15,7891721012884.0,Clinfár 20mg 30 Comprimidos Revestidos Merck,"57,25","57,25",-,"57,25",-
SãoJoão,Disponível,463.0,14,7891317013592.0,Venlaxin XR 150mg 60 Cápsulas Eurofarma (C1),"225,74","225,74",-,"225,74",-
SãoJoão,Disponível,463.0,15,7899551309266.0,Agud 500mg + 30mg 24 Comprimidos Biolab (A2),"65,92","65,92",-,"65,92",-
SãoJoão,Disponível,463.0,13,7898906376397.0,Trifamox BD 200/50mg 30ml Bago,"125,48","125,48",-,"125,48",-
SãoJoão,Disponível,463.0,13,7896422514460.0,Alenthus XR 150mg 30 Cápsulas,"145,47","116,38",-20.0%,"116,38",-20.0%
SãoJoão,Disponível,462.0,16,7898216367658.0,Lisvenx 30mg 30 Cápsulas Torrent (A3),"389,11","389,11",-,"389,11",-
SãoJoão,Disponível,462.0,13,7898968453104.0,"Atensina 0,150mg 30 Comprimidos","13,17","12,29",-6.7%,"12,29",-6.7%
SãoJoão,Disponível,461.0,14,7898569765521.0,Prednisolona 40mg 10 Comprimidos Revestidos Genérico Althaia,"53,71","46,59",-13.3%,"46,59",-13.3%
SãoJoão,Disponível,461.0,15,8903855078632.0,Toarip 15mg 30 Comprimidos Torrent (C1),"346,54","346,54",-,"346,54",-
SãoJoão,Disponível,461.0,14,7897917001342.0,Fenergan Creme Dermatológico 30g,"24,90","24,90",-,"24,90",-
SãoJoão,Disponível,460.0,15,7897595634894.0,Razapina 45mg 30 Comprimidos Revestidos Moksha8 (C1),"262,40","209,92",-20.0%,"209,92",-20.0%
SãoJoão,Disponível,460.0,16,7899095245686.0,"Colchicina 0,5mg Genérico Geolab 30 Comprimidos","54,37","38,99",-28.3%,"38,99",-28.3%
SãoJoão,Disponível,460.0,12,7896714292304.0,"Extrato Cannabis Sativa 79,14mg 30ml Mantecorp (B1)","917,62","917,62",-,"917,62",-
SãoJoão,Indisponível,459.0,15,0.0,Clenil HFA 250mcg Jet 200 Doses Chiesi,0,0,0,0,0
SãoJoão,Disponível,458.0,14,7500435199070.0,Vick Babyrub 50g,"84,99","76,49",-10.0%,"76,49",-10.0%
SãoJoão,Disponível,458.0,14,7896523227511.0,"Carvedilol 6,25mg 30 Comprimidos Genérico Cimed","31,24","9,99",-68.0%,"9,99",-68.0%
SãoJoão,Disponível,458.0,16,7896523201764.0,Sertralina 100mg 30 Comprimidos Revestidos Genérico Cimed,"193,45","25,49",-86.8%,"25,49",-86.8%
SãoJoão,Indisponível,458.0,17,0.0,Floripa 8ml,0,0,0,0,0
SãoJoão,Disponível,457.0,12,7896658046971.0,Zastat 3mg/mL 60ml Aché,"29,99","29,99",-,"29,99",-
SãoJoão,Disponível,457.0,14,7899547513202.0,Tadalafila 20mg Genérico Prati 2 Comprimidos Revestidos,"22,87","9,99",-56.3%,"9,99",-56.3%
SãoJoão,Disponível,457.0,16,8902220116214.0,Neblock 5mg 60 Comprimidos,"107,91","89,69",-16.9%,"89,69",-16.9%
SãoJoão,Disponível,457.0,14,7896181901631.0,"Cordarex 2,5mg 30 Comprimidos Aché","38,78","33,79",-12.9%,"33,79",-12.9%
SãoJoão,Disponível,456.0,15,7896226109831.0,Aplause 20mg 60 Comprimidos Marjan,"273,41","205,38",-24.9%,"205,38",-24.9%
SãoJoão,Disponível,456.0,14,7896523207803.0,Diclofenaco Dietilamônio Genérico Cimed Gel 60g,"20,70","10,59",-48.8%,"10,59",-48.8%
SãoJoão,Disponível,455.0,13,7896685303825.0,Florax Hydra45 500ml Natural Hebron,"26,75","19,90",-25.6%,"19,90",-25.6%
SãoJoão,Disponível,455.0,13,4987188568682.0,ByeBye-Fever Adulto 2 Unidades,"15,99","11,19",-30.0%,"11,19",-30.0%
SãoJoão,Disponível,455.0,15,7896094926622.0,Vabam 15mg 30 Comprimidos Mantecorp,"188,43","188,43",-,"188,43",-
SãoJoão,Disponível,455.0,14,7896523209142.0,Sulfato De Neomicina 5mg + Bacitracina 250UI Genérico Medley Pomada Dermatológica 50g,"13,32","12,39",-7.0%,"12,39",-7.0%
SãoJoão,Disponível,455.0,14,7896094932654.0,Neosaldina Muscular 30 Comprimidos Hypera Pharma,"15,71","15,71",-,"15,71",-
SãoJoão,Disponível,455.0,15,7896004705682.0,Torsilax 125mg/50mg/300mg/30mg 30 Comprimidos,"21,90","21,90",-,"21,90",-
SãoJoão,Disponível,455.0,14,7894916515719.0,Fixare Flex Suplemento Alimentar com 60 Comprimidos Revestidos,"209,00","209,00",-,"209,00",-
SãoJoão,Disponível,454.0,14,7896004712581.0,Cefalexina 1g 8 Comprimidos Revestidos Genérico EMS,"103,57","75,90",-26.7%,"75,90",-26.7%
SãoJoão,Disponível,453.0,14,7897698711003.0,Calmador 500mg + 30mg 4 Comprimidos Avulso,"8,37","4,80",-42.7%,"4,80",-42.7%
SãoJoão,Disponível,453.0,14,7898004840646.0,Paracetamol 500mg 10 Comprimidos Genérico Prati AV*,"8,68","6,99",-19.5%,"6,99",-19.5%
SãoJoão,Disponível,453.0,14,7891317488710.0,"Xarope LEG 0,5mg/ml 60ml","56,37","50,69",-10.1%,"50,69",-10.1%
SãoJoão,Disponível,453.0,14,7896083400935.0,Sinustrat Forte Spray Nasal 10ml,"64,40","51,52",-20.0%,"51,52",-20.0%
SãoJoão,Disponível,453.0,13,7896004789491.0,Miogesic Lis 125+5mg com 30 Comprimidos EMS,"61,48","53,59",-12.8%,"53,59",-12.8%
SãoJoão,Disponível,452.0,16,7896016807206.0,Naldecon Multi 16 comprimidos,"19,74","19,74",-,"19,74",-
SãoJoão,Disponível,452.0,14,7898040329761.0,Calcitran B12 Solução Oral 150ml,"48,81","48,81",-,"48,81",-
SãoJoão,Disponível,451.0,14,7896112155003.0,Dexametasona 4mg Genérico Teuto 10 Comprimidos,"16,70","13,90",-16.8%,"13,90",-16.8%
SãoJoão,Disponível,451.0,15,7896004708072.0,Itraconazol 100mg 15 Cápsulas Genérico EMS,"184,35","48,49",-73.7%,"48,49",-73.7%
SãoJoão,Disponível,450.0,15,7896046390020.0,Renu Fresh 60ml Bausch,"43,99","43,99",-,"43,99",-
SãoJoão,Disponível,450.0,14,7896112478256.0,Pressat 10mg 30 Comprimidos Biolab,"159,35","159,35",-,"159,35",-
SãoJoão,Disponível,450.0,15,7894916550031.0,Isordil Sublingual 5mg 30 Comprimidos Sigma Pharma,"14,41","14,41",-,"14,41",-
SãoJoão,Indisponível,450.0,13,0.0,Polaramine 20ml Anti-histamínico Hypera Pharma,0,0,0,0,0
SãoJoão,Disponível,449.0,13,7898968453104.0,Altiva 120mg 10 Comprimidos,"13,17","12,29",-6.7%,"12,29",-6.7%
SãoJoão,Disponível,449.0,13,7898079009214.0,Lyndavel Uno 25mg + 5mg Solução Injetável DKT,"44,92","36,00",-19.9%,"36,00",-19.9%
SãoJoão,Disponível,448.0,14,7896004710525.0,Bezafibrato Genérico EMS 200mg 20 Comprimidos,"42,19","36,39",-13.7%,"36,39",-13.7%
SãoJoão,Disponível,448.0,14,7896658025136.0,Provance 10 Comprimidos Ache,"61,12","61,12",-,"61,12",-
SãoJoão,Disponível,448.0,14,7898747480086.0,Floral Kids Therapi 30ml Espertim,"34,90","34,90",-,"34,90",-
SãoJoão,Disponível,447.0,13,7897076907615.0,Axetil Cefuroxima Genérico Ranbaxy 500mg 10 Comprimidos,"148,28","96,90",-34.7%,"96,90",-34.7%
SãoJoão,Disponível,447.0,14,7894916508513.0,Concárdio 5mg 30 Comprimidos Revestidos,"80,15","80,15",-,"80,15",-
SãoJoão,Disponível,447.0,16,7891317034047.0,Prednisolona 20ml Genérico Eurofarma,"29,86","27,99",-6.3%,"27,99",-6.3%
SãoJoão,Disponível,447.0,14,7896261000117.0,Tegretol Creme 400Mg 20 Comprimidos Novartis (C1),"36,73","36,73",-,"36,73",-
SãoJoão,Disponível,446.0,13,7897595635839.0,Neotiapim 25mg 30 Comprimidos Revestidos Sandoz (C1),"66,21","66,21",-,"66,21",-
SãoJoão,Disponível,446.0,14,7898906376403.0,Trifamox Bd 875Mg/125Mg 14 Comprimidos Revestidos Bago,"163,46","137,09",-16.1%,"137,09",-16.1%
SãoJoão,Disponível,446.0,15,7896112170310.0,Furosemida 40mg 20 Comprimidos Genérico Teuto,"12,11","12,11",-,"12,11",-
SãoJoão,Disponível,446.0,15,7899640810321.0,Assert 25mg 30 Comprimidos Revestidos Momenta (C1),"72,79","61,29",-15.8%,"61,29",-15.8%
SãoJoão,Disponível,446.0,13,7896094207769.0,Stanglit 30mg 30 Comprimidos,"125,18","101,39",-19.0%,"101,39",-19.0%
SãoJoão,Disponível,445.0,14,8902220106185.0,Oleptal 300mg 30 Comprimidos Torrent (C1),"82,55","82,55",-,"82,55",-
SãoJoão,Disponível,445.0,15,7899551307743.0,Paracetamol + Codeína 36 Comprimidos Genérico Biolab (A2),"80,84","66,59",-17.6%,"66,59",-17.6%
SãoJoão,Disponível,445.0,15,7898430191978.0,"Peg-Lax Pó para Solução Oral 14 Sachês de 8,5g","43,49","43,49",-,"43,49",-
SãoJoão,Disponível,445.0,13,7898244721118.0,"Maresis Protect 0,9% Solução Frasco 100ml FQM","59,59","52,19",-12.4%,"52,19",-12.4%
SãoJoão,Disponível,445.0,15,7896658001666.0,Tandrilax Aché 30mg + 125mg + 50mg + 300mg 30 Comprimidos,"36,70","33,89",-7.7%,"33,89",-7.7%
SãoJoão,Disponível,445.0,13,7898687730470.0,Nitazoxanida 20mg Genérico Althaia 45ml,"19,75","19,75",-,"19,75",-
SãoJoão,Disponível,445.0,15,7891317041816.0,Saliprevi 100mg 30 Comprimidos Eurofarma,"23,37","21,39",-8.5%,"21,39",-8.5%
SãoJoão,Disponível,444.0,14,7896658046872.0,Comfect 5 mg 30 Comprimidos Revestidos Aché (C1),"65,06","65,06",-,"65,06",-
SãoJoão,Disponível,444.0,13,7891317015954.0,Tavok 750mg 5 Comprimidos Revestidos,"88,85","77,09",-13.2%,"77,09",-13.2%
SãoJoão,Disponível,444.0,14,7897337716260.0,"Livial 2,5mg 84 Comprimidos","320,12","217,68",-32.0%,"217,68",-32.0%
SãoJoão,Disponível,444.0,14,7896004787534.0,Linadib 5mg 60 Comprimidos Revestidos Sigma Pharma,"252,09","203,49",-19.3%,"203,49",-19.3%
SãoJoão,Disponível,443.0,13,7896206402969.0,Nexium 40Mg 28 Comprimidos Revestidos Astrazeneca,"197,45","197,45",-,"197,45",-
SãoJoão,Disponível,443.0,15,7899095245631.0,Amiodarona 200mg 30 Comprimidos Genérico Geolab,"47,59","32,99",-30.7%,"32,99",-30.7%
SãoJoão,Disponível,442.0,12,7896094201538.0,Procimax 20mg 28 Comprimidos Revestidos,"100,95","81,29",-19.5%,"81,29",-19.5%
SãoJoão,Disponível,442.0,15,7896181920397.0,Crestor 5mg 60 Comprimidos Revestidos,"55,81","55,81",-,"55,81",-
SãoJoão,Disponível,442.0,13,7896658000393.0,Famox 40mg 10 Comprimidos,"56,36","49,09",-12.9%,"49,09",-12.9%
SãoJoão,Disponível,442.0,14,7898569764753.0,Desvenlafaxina Genérico Althaia 100mg 30 Comprimidos Revestidos (C1),"122,22","88,09",-27.9%,"88,09",-27.9%
SãoJoão,Disponível,442.0,13,7896261021600.0,Pasurta 70mg/ml Inj 1Ser Preenchido 1ml Novartis,"3078,60","3078,60",-,"3078,60",-
SãoJoão,Disponível,442.0,16,7896004715032.0,Dorilen 500mg/10mg/5mg 12 Comprimidos,"21,90","20,59",-6.0%,"20,59",-6.0%
SãoJoão,Disponível,441.0,14,7898040329648.0,Repoflor 100mg 12 Cápsulas,"56,58","48,09",-15.0%,"48,09",-15.0%
SãoJoão,Disponível,441.0,14,7896261015593.0,Exforge HCT 160+25+5mg 28 Comprimidos,"199,62","199,62",-,"199,62",-
SãoJoão,Indisponível,441.0,15,0.0,Pomada Fibrinase Supera 10G,0,0,0,0,0
SãoJoão,Disponível,441.0,16,7897004711062.0,Aripiprazol 10Mg 30 Comprimidos Genérico Neo Quimica (C1),"296,67","129,90",-56.2%,"129,90",-56.2%
SãoJoão,Disponível,440.0,13,7896637022729.0,Azulfin 500mg 60 Comprimidos Revestidos Apsen,"138,16","110,53",-20.0%,"110,53",-20.0%
SãoJoão,Disponível,440.0,14,7898687733990.0,Etodolaco 500mg 14 Comprimidos Revestidos Genérico Althaia,"34,96","32,19",-7.9%,"32,19",-7.9%
SãoJoão,Disponível,440.0,13,7896261018303.0,Cataflam Sport Ice 60g GSK,"52,99","52,99",-,"52,99",-
SãoJoão,Disponível,440.0,15,7898031310211.0,Leite de Magnésia 120ml Uniphar,"9,90","9,90",-,"9,90",-
SãoJoão,Disponível,439.0,13,7896676436129.0,Fiquezen 260mg 20 comprimidos Revestidos Medquimica,"14,13","12,89",-8.8%,"12,89",-8.8%
SãoJoão,Disponível,439.0,13,7891317125431.0,Trimebutina 200mg Genérico Eurofarma 30 Cápsulas,"163,52","132,29",-19.1%,"132,29",-19.1%
SãoJoão,Disponível,439.0,14,7896658040306.0,Nautex ODG 4mg 10 Envelopes Laranja Aché,"40,52","36,49",-9.9%,"36,49",-9.9%
SãoJoão,Disponível,439.0,12,7898582380572.0,Adorlan 50mg 20 Comprimidos Grünenthal (A2),"254,09","206,49",-18.7%,"206,49",-18.7%
SãoJoão,Disponível,439.0,13,7897595602572.0,Atenolol 25mg 30 Comprimidos Genérico Neo Química,"22,27","2,49",-88.8%,"2,49",-88.8%
SãoJoão,Disponível,439.0,15,7898908753097.0,Vertigoheel 50 Comprimidos Sublinguais,"89,99","89,99",-,"89,99",-
SãoJoão,Disponível,438.0,13,7896241293669.0,Novob 150mg 30 Comprimidos,"39,75","29,79",-25.1%,"29,79",-25.1%
SãoJoão,Disponível,438.0,14,7896523201863.0,Dexclorfeniramina 2mg Genérico Cimed 20 Comprimidos,"16,11","7,90",-51.0%,"7,90",-51.0%
SãoJoão,Disponível,438.0,14,7896004710860.0,Cloridrato De Amilorida e Hidroclorotiazida 5mg/50mg Genérico EMS 30 Comprimidos,"14,28","12,79",-10.4%,"12,79",-10.4%
SãoJoão,Disponível,438.0,13,7896094211445.0,Sumax 25mg 4 Comprimidos Revestidos,"39,40","34,59",-12.2%,"34,59",-12.2%
SãoJoão,Disponível,438.0,14,7897322709789.0,Tamarine Geleia 150g Zero Açúcar Hypera Pharma,"98,79","86,89",-12.0%,"86,89",-12.0%
SãoJoão,Disponível,438.0,14,7896206402020.0,"Pulmicort 0,50mg 5 Frascos FQM","72,51","61,59",-15.1%,"61,59",-15.1%
SãoJoão,Disponível,437.0,13,7896004782546.0,Dorflex Dipirona Dores e Febre 1g 10 Comprimidos,"23,74","12,90",-45.7%,"12,90",-45.7%
SãoJoão,Disponível,437.0,13,7891158105456.0,Lipidil 160mg 90 Comprimidos Revestidos Abbott,"384,35","384,35",-,"384,35",-
SãoJoão,Disponível,437.0,15,7891317013981.0,Aria 4mg 30 Comprimidos Mast Momenta,"74,91","74,91",-,"74,91",-
SãoJoão,Disponível,437.0,15,7896004702049.0,Benzoilmetronidazol 4% 120ml Genérico EMS,"18,23","18,23",-,"18,23",-
SãoJoão,Disponível,437.0,14,7896658002892.0,Flogo-Rosa 100Ml Aché,"41,05","37,19",-9.4%,"37,19",-9.4%
SãoJoão,Disponível,436.0,13,7897595602589.0,Atenolol 50mg 30 Comprimidos Genérico Prati,"27,40","6,99",-74.5%,"6,99",-74.5%
SãoJoão,Disponível,436.0,15,7896112406464.0,Embo 5mg 60 Comprimidos Revestidos Biolab,"232,41","232,41",-,"232,41",-
SãoJoão,Disponível,436.0,14,7896112406464.0,Dacxi 15mg 28 Comprimidos Revestidos Biolab,"232,41","232,41",-,"232,41",-
SãoJoão,Disponível,436.0,14,7896637023009.0,Levoxin 500mg 7 Comprimidos Revestidos Apsen,"123,91","104,89",-15.3%,"104,89",-15.3%
SãoJoão,Disponível,436.0,15,7896094927551.0,Alektos 20mg 20 Comprimidos Hypera,"73,70","63,89",-13.3%,"63,89",-13.3%
SãoJoão,Indisponível,436.0,12,0.0,Gastrol Digest Lactase 30 Cápsulas Hypera Pharma,0,0,0,0,0
SãoJoão,Disponível,436.0,15,7896261016422.0,Onbrize 300Mg 30 Comprimidos+Inalador Novartis,"195,81","195,81",-,"195,81",-
SãoJoão,Disponível,436.0,17,7891317118228.0,Versa 40mg Injetável 6 Seringas Preenchido Eurofarma,"502,74","402,19",-20.0%,"402,19",-20.0%
SãoJoão,Disponível,435.0,13,7896523200941.0,Escitalopram 15mg Genérico Cimed 30 Comprimidos Revestidos (C1),"121,79","19,90",-83.7%,"19,90",-83.7%
SãoJoão,Disponível,435.0,15,7897076910554.0,Allegra Antialérgico Cloridrato de Fexofenadina 120mg 2 Comprimidos,"65,02","56,89",-12.5%,"56,89",-12.5%
SãoJoão,Indisponível,435.0,14,0.0,Ondif 8mg 10 Filmes,0,0,0,0,0
SãoJoão,Disponível,434.0,14,7891045008440.0,"Nordette 0,15mg/0,03mg 63 Drágeas","37,92","34,69",-8.5%,"34,69",-8.5%
SãoJoão,Disponível,434.0,15,7891317014186.0,Atak Clav Suspensão Oral 70ml,"44,74","40,59",-9.3%,"40,59",-9.3%
SãoJoão,Disponível,434.0,13,7896658015427.0,Selozok 25mg 30 Comprimidos Revestidos,"70,75","58,99",-16.6%,"58,99",-16.6%
SãoJoão,Disponível,434.0,14,7896676401776.0,Phosfoenema Solução Retal 130ml,"20,70","20,70",-,"20,70",-
SãoJoão,Disponível,434.0,16,7898582382132.0,Palexis LP 100mg 30 Comprimidos Liberação Prolongada Grünenthal (A1),"178,66","142,93",-20.0%,"142,93",-20.0%
SãoJoão,Disponível,433.0,13,7892953003381.0,"Liberfem 2mg/0,03mg 21 Comprimidos Revestidos","56,33","47,19",-16.2%,"47,19",-16.2%
SãoJoão,Indisponível,433.0,14,0.0,"Xalacom Solução Oftálmica 2,5Ml Upjohn",0,0,0,0,0
SãoJoão,Disponível,433.0,15,7896015529086.0,"Anoro 62,5+25mcg 30 Doses GSK","418,78","335,02",-20.0%,"335,02",-20.0%
SãoJoão,Disponível,433.0,15,5702191027068.0,Fucidin 20mg 15g Pomada Leofarma,"85,60","85,60",-,"85,60",-
SãoJoão,Disponível,432.0,13,7897473207653.0,Salmeterol 25Mcg + 125Mcg Spray 120 Doses Genérico Glenmark,"124,61","92,49",-25.8%,"92,49",-25.8%
SãoJoão,Disponível,432.0,13,7899547534139.0,Harip 15mg 30 Comprimidos Prati RX (C1),"283,17","283,17",-,"283,17",-
SãoJoão,Disponível,432.0,15,7891317013905.0,"Xarope Aloff 0,5mg/ml 100ml Momenta","76,17","76,17",-,"76,17",-
SãoJoão,Disponível,431.0,13,7895296414012.0,Diclofenaco Sódico 100mg 10 Comprimidos Revestidos Genérico Nova Química,"35,24","32,19",-8.7%,"32,19",-8.7%
SãoJoão,Disponível,431.0,14,7896637032339.0,Inseris XR 300mg 30 Comprimidos Revestidos   (C1),"333,64","266,91",-20.0%,"266,91",-20.0%
SãoJoão,Disponível,431.0,14,7896015518486.0,Sal de Frutas Eno Limão 2 Envelopes Avulso 5G,"4,29","4,29",-,"4,29",-
SãoJoão,Disponível,431.0,14,7898560666957.0,Zeforus 80mg 2 Comprimidos Revestidos Upjohn,"46,32","41,59",-10.2%,"41,59",-10.2%
SãoJoão,Disponível,430.0,16,7898148298914.0,Amoxicilina 500mg 21 Cápsulas Genérico Prati,"32,47","29,90",-7.9%,"29,90",-7.9%
SãoJoão,Disponível,430.0,14,7896112402053.0,Sinustrat Hidrat Nasal 30ml Biolab,"63,99","63,99",-,"63,99",-
SãoJoão,Disponível,430.0,14,7896006222842.0,Ondset 4mg 100ml Genom,"83,58","73,59",-12.0%,"73,59",-12.0%
SãoJoão,Disponível,430.0,13,7896094200340.0,Sumax 100mg 2 Comprimidos Libbs,"59,03","50,49",-14.5%,"50,49",-14.5%
SãoJoão,Disponível,430.0,14,7896112432401.0,"Pressat 2,5mg 30 Comprimidos Biolab","41,81","35,79",-14.4%,"35,79",-14.4%
SãoJoão,Disponível,430.0,13,7896004712147.0,Dexametasona 4mg 10 Comprimidos Genérico EMS,"16,70","16,70",-,"16,70",-
SãoJoão,Disponível,429.0,14,7896658018800.0,"Brasart HCT 80+12,5mg 30 Comprimidos Revestidos Sigma","83,91","67,29",-19.8%,"67,29",-19.8%
SãoJoão,Disponível,429.0,15,7897337716567.0,"Nuvaring 11,7mg + 2,7mg 1 Anel Vaginal com Aplicador Organon","119,77","119,77",-,"119,77",-
SãoJoão,Disponível,429.0,15,7896004726724.0,Hormoskin CR Derm 30g Germed,"99,27","99,27",-,"99,27",-
SãoJoão,Disponível,428.0,13,7897595602572.0,Atenolol 25mg 30 Comprimidos Genérico Sandoz,"22,27","2,49",-88.8%,"2,49",-88.8%
SãoJoão,Disponível,427.0,14,7891058003159.0,Memantina 10mg 60 Comprimidos Revestidos Genérico Medley (C1),"53,74","53,74",-,"53,74",-
SãoJoão,Disponível,427.0,16,7896658034886.0,Inelatte 800DKM 30 Comprimidos Revestidos Ache,"116,64","116,64",-,"116,64",-
SãoJoão,Disponível,427.0,16,7896658014215.0,Montelair 10mg 30 Comprimidos Aché,"77,96","66,29",-15.0%,"66,29",-15.0%
SãoJoão,Disponível,427.0,13,7897595624642.0,Amoxicilina + Clavulanato De Potássio 500mg 14 Comprimidos Revestidos Genérico Sandoz,"167,05","99,90",-40.2%,"99,90",-40.2%
SãoJoão,Indisponível,427.0,14,0.0,Koide D 120ml,0,0,0,0,0
SãoJoão,Disponível,427.0,13,7896658053986.0,Pyloripac IBP 7 Cartelas+28 Comprimidos Cellera,"269,85","232,79",-13.7%,"232,79",-13.7%
SãoJoão,Disponível,427.0,14,7896112175858.0,Baclofeno 10mg Genérico Teuto 20 Comprimidos,"28,55","23,69",-17.0%,"23,69",-17.0%
SãoJoão,Disponível,427.0,14,7896094932654.0,Neosaldina DIP 20 Comprimidos Hypera Pharma,"15,71","15,71",-,"15,71",-
SãoJoão,Disponível,426.0,13,7898747480079.0,Floral Kids Therapi 30ml Coragenis,"34,90","34,90",-,"34,90",-
SãoJoão,Disponível,426.0,14,7899547527971.0,Prednisolona Genérico Prati 20mg 10 Comprimidos,"23,14","15,90",-31.3%,"15,90",-31.3%
SãoJoão,Indisponível,426.0,13,0.0,Rifamicina Spray 10mg/ml 20ml Genérico Medley,0,0,0,0,0
SãoJoão,Disponível,426.0,13,7896112123033.0,Clindamicina 300mg 16 Cápsulas Genérico Teuto,"104,08","46,19",-55.6%,"46,19",-55.6%
SãoJoão,Disponível,426.0,14,7896658011276.0,Prelone 11mg 20ml Aché,"43,02","37,59",-12.6%,"37,59",-12.6%
SãoJoão,Disponível,425.0,16,7891317191740.0,Escitalopram 20mg/ml 15ml Genérico Eurofarma (C1),"143,07","106,19",-25.8%,"106,19",-25.8%
SãoJoão,Disponível,425.0,15,7896094931619.0,Aturgyl Solução Nasal 15ml,"18,79","17,79",-5.3%,"17,79",-5.3%
SãoJoão,Disponível,425.0,15,7891142142290.0,Diprogenta Creme 30G Mantecorp,"51,11","45,19",-11.6%,"45,19",-11.6%
SãoJoão,Disponível,425.0,14,7894916509343.0,Cymbalta 30mg 30 Cápsulas Lilly (C1),"72,76","72,76",-,"72,76",-
SãoJoão,Disponível,425.0,15,8903855090702.0,Levetiracetam 500mg 30 Comprimidos Revestidos Genérico Torrent (C1),"106,00","106,00",-,"106,00",-
SãoJoão,Disponível,425.0,15,7891106914130.0,Yasmin 3 Blisters 21+7 Comprimidos Revestidos Bayer,"346,15","279,59",-19.2%,"279,59",-19.2%
SãoJoão,Disponível,424.0,15,7896006298830.0,Ondset 8mg 30 Comprimidos Genom,"165,95","165,95",-,"165,95",-
SãoJoão,Disponível,424.0,14,7896094210059.0,Plenance EZE 10mg/10mg 30 Cápsulas,"95,65","79,39",-17.0%,"79,39",-17.0%
SãoJoão,Disponível,424.0,14,7896261000445.0,Cataflam D 50mg 20 Comprimidos Novartis,"54,58","41,56",-23.9%,"41,56",-23.9%
SãoJoão,Disponível,424.0,13,7898945030427.0,"Drospirenona e Etinilestradiol 3mg/0,02mg Genérico Althaia 24 Comprimidos Revestidos","57,61","44,09",-23.5%,"44,09",-23.5%
SãoJoão,Disponível,424.0,15,7896422528726.0,Zinpass 10mg 60 Comprimidos Revestidos Medley,"122,15","98,39",-19.5%,"98,39",-19.5%
SãoJoão,Disponível,424.0,13,7898605330669.0,Resolor 1mg 14 Comprimidos,"163,08","137,79",-15.5%,"137,79",-15.5%
SãoJoão,Disponível,424.0,13,7894916516457.0,Toragesic SL 10mg Nova Apresentação 30 Comprimidos Sigma Pharma,"50,64","45,09",-11.0%,"45,09",-11.0%
SãoJoão,Disponível,423.0,14,7898216368051.0,Cimegripe Solução Oral 20ml,"13,89","12,69",-8.6%,"12,69",-8.6%
SãoJoão,Disponível,423.0,13,7891317446444.0,Diacqua 25mg 30 Comprimidos Momenta,"30,00","26,39",-12.0%,"26,39",-12.0%
SãoJoão,Disponível,423.0,16,7896641813351.0,Juneve 50mg 28 Cápsulas Takeda (A3),"449,99","359,99",-20.0%,"359,99",-20.0%
SãoJoão,Disponível,423.0,15,7891317412661.0,Proflam Creme 30 g Eurofarma,"52,13","46,09",-11.6%,"46,09",-11.6%
SãoJoão,Disponível,423.0,13,7898040322205.0,"Reducilim 2,5mg 35 Comprimidos FQM","129,62","129,62",-,"129,62",-
SãoJoão,Disponível,423.0,15,7899470807652.0,Seakalm 600mg 20 Comprimidos Revestidos,"44,90","44,90",-,"44,90",-
SãoJoão,Disponível,422.0,13,7896422504492.0,Diclofenaco Sódico 50mg Genérico Medley 20 Comprimidos Revestidos,"18,28","15,99",-12.5%,"15,99",-12.5%
SãoJoão,Disponível,422.0,14,7899640809684.0,Motraz 100mg 30 Comprimidos Momenta (C1),"76,49","61,19",-20.0%,"61,19",-20.0%
SãoJoão,Disponível,422.0,15,7898605330058.0,Keflex Gotas 30Ml Bago,"96,26","96,26",-,"96,26",-
SãoJoão,Disponível,422.0,15,7898158692238.0,Florent Pó para Suspensão Oral 4 Sachês de 1g,"24,90","24,90",-,"24,90",-
SãoJoão,Disponível,422.0,13,7896658048708.0,Prelone 40mg 7 Comprimidos Aché,"53,27","43,49",-18.4%,"43,49",-18.4%
SãoJoão,Disponível,422.0,13,7891317411923.0,Proflam Eurofarma 100mg 12 Comprimidos,"80,28","69,79",-13.1%,"69,79",-13.1%
SãoJoão,Disponível,422.0,17,7898582382118.0,Palexis LP 50mg 30 Comprimidos,"105,75","87,39",-17.4%,"87,39",-17.4%
SãoJoão,Disponível,422.0,15,7894164005444.0,Hidrali 500ml Natural,"19,90","12,29",-38.2%,"12,29",-38.2%
SãoJoão,Disponível,422.0,17,7891317025090.0,Xarope Aires 20mg/ml 120ml Momenta,"38,41","36,09",-6.0%,"36,09",-6.0%
SãoJoão,Disponível,421.0,13,7891317025007.0,Amato 50mg 60 Comprimidos Revestidos Eurofarma (C1),"310,08","248,06",-20.0%,"248,06",-20.0%
SãoJoão,Disponível,421.0,15,7897473207721.0,Ailuk 50mcg 200 Doses Glenmark,"36,34","36,34",-,"36,34",-
SãoJoão,Disponível,421.0,14,7896006221012.0,Dews Solução Oftálmica 10ml,"56,40","49,69",-11.9%,"49,69",-11.9%
SãoJoão,Disponível,421.0,14,7896523228426.0,Praalergia 180mg 6 Comprimidos,"14,90","12,59",-15.5%,"12,59",-15.5%
SãoJoão,Disponível,421.0,13,7896422524469.0,Osteonutri 600mg+400UI 30 Comprimidos Aspen,"79,99","79,99",-,"79,99",-
SãoJoão,Disponível,421.0,13,7896083400935.0,Rinospray Spray Nasal 100ml,"64,40","51,52",-20.0%,"51,52",-20.0%
SãoJoão,Disponível,420.0,13,7891158106453.0,Pedialyte Max 500ml Morango com Zinco Abbott,"29,22","23,38",-20.0%,"23,38",-20.0%
SãoJoão,Disponível,420.0,13,7897595605276.0,Amoxicilina + Clavulanato De Potássio 250mg 75ml Genérico Sandoz,"80,32","58,90",-26.7%,"58,90",-26.7%
SãoJoão,Disponível,420.0,13,7898040325664.0,Prefiss 75mg 30 Cápsulas Gel  (C1),"104,56","104,56",-,"104,56",-
SãoJoão,Disponível,420.0,12,7891142983015.0,Bifilac 250mg 30 Cápsulas,"136,76","136,76",-,"136,76",-
SãoJoão,Disponível,420.0,15,8903855082455.0,Azukon MR 30mg 100 Comprimidos Torrent,"68,46","56,29",-17.8%,"56,29",-17.8%
SãoJoão,Disponível,420.0,13,7891317023270.0,Umbi Gotas 8ml Momenta,"132,99","132,99",-,"132,99",-
SãoJoão,Disponível,419.0,14,7896112430063.0,Quinoflox 500Mg 14 Comprimidos Biolab,"107,30","107,30",-,"107,30",-
SãoJoão,Disponível,419.0,14,7896658038686.0,Pant Sec 50mg/ml Solução Capilar Frasco 50ml+1 Válvula Spray Ache,"75,85","67,89",-10.5%,"67,89",-10.5%
SãoJoão,Disponível,419.0,13,7894916507981.0,Bupium 150mg 30 Comprimidos Revestidos 12h Sigma Pharma (C1),"123,41","123,41",-,"123,41",-
SãoJoão,Disponível,419.0,15,7891721027451.0,Glifage XR 750mg 30 Comprimidos Merck,"40,84","40,84",-,"40,84",-
SãoJoão,Disponível,419.0,15,7896255762595.0,Depakote ER 250mg 60 Comprimidos Revestidos Abbott (C1),"83,93","67,14",-20.0%,"67,14",-20.0%
SãoJoão,Disponível,419.0,12,7896658047008.0,Zastat 5mg 20 Comprimidos Aché,"24,72","24,72",-,"24,72",-
SãoJoão,Disponível,418.0,15,7896658005312.0,Flogoral Creme Dental 70g Aché,"40,87","37,39",-8.5%,"37,39",-8.5%
SãoJoão,Disponível,418.0,13,7891317003128.0,Gesico Retard 100mg 10 Comprimidos Revestidos Eurofarma (A2),"100,07","84,69",-15.4%,"84,69",-15.4%
SãoJoão,Disponível,418.0,15,7891058020408.0,Praluent 75mg/ml Inj 1ser Preenc Sanofi,"1459,06","1459,06",-,"1459,06",-
SãoJoão,Disponível,418.0,15,7896658048630.0,Canabidiol 100mg/ml 30ml Aché (B1),"1215,47","1215,47",-,"1215,47",-
SãoJoão,Disponível,418.0,14,7896006290322.0,Maxinom Suspensão Oftamológica 5Ml Genom,"21,79","21,79",-,"21,79",-
SãoJoão,Disponível,418.0,15,7891106001045.0,Cipro Bayer 500mg 14 Comprimidos,"485,06","485,06",-,"485,06",-
SãoJoão,Disponível,418.0,13,7891317005863.0,Rusovas 10mg 30 Comprimidos Revestidos Germed,"57,00","48,59",-14.8%,"48,59",-14.8%
SãoJoão,Disponível,418.0,15,7897572020283.0,Januvia 100Mg 28 Comprimidos Merck,"86,21","68,97",-20.0%,"68,97",-20.0%
SãoJoão,Disponível,418.0,14,7898148290550.0,Captopril 50mg 30 Comprimidos Genérico Prati,"31,88","14,59",-54.2%,"14,59",-54.2%
SãoJoão,Disponível,418.0,14,7896094921207.0,Estomazil Abacaxi Pó Efervescente 6 Envelopes de 5g,"15,31","12,25",-20.0%,"12,25",-20.0%
SãoJoão,Disponível,418.0,14,7891058059149.0,Lorasliv 10mg 12 Comprimidos,"14,27","14,27",-,"14,27",-
SãoJoão,Disponível,417.0,13,7897411602359.0,Latuda Daiichi 40mg 30 Comprimidos (C1),"466,45","373,16",-20.0%,"373,16",-20.0%
SãoJoão,Disponível,417.0,12,7896714273785.0,Simeticona 125mg 10 Cápsulas Genérico Neo Química,"24,80","24,80",-,"24,80",-
SãoJoão,Disponível,417.0,15,7896637023641.0,Meclin 50mg 15 Comprimidos,"52,76","46,49",-11.9%,"46,49",-11.9%
SãoJoão,Disponível,417.0,13,7891058021740.0,Anador 500mg 4 Comprimidos,"5,74","5,74",-,"5,74",-
SãoJoão,Disponível,417.0,13,7891317489595.0,Trivagel N Creme Ginecológico 60g + 10 aplicadores,"48,87","44,19",-9.6%,"44,19",-9.6%
SãoJoão,Disponível,417.0,14,7896186002944.0,Alivik Pomada Dermatológico 12g,"4,99","4,99",-,"4,99",-
SãoJoão,Disponível,416.0,13,7896026170475.0,Enxaguante Bucal Malvatricin Plus 250ml,"40,77","38,49",-5.6%,"38,49",-5.6%
SãoJoão,Disponível,416.0,14,7898133139246.0,Hidralyte Guaraná Solução Oral 500ml,"18,90","18,90",-,"18,90",-
SãoJoão,Disponível,416.0,14,7896094210707.0,"Naprix 2,5mg 90 Comprimidos Libbs","185,74","148,59",-20.0%,"148,59",-20.0%
SãoJoão,Disponível,416.0,15,7896112435532.0,Vasopril 20mg 60 Comprimidos Biolab,"164,31","164,31",-,"164,31",-
SãoJoão,Disponível,416.0,14,7898133136757.0,Arlivry 100ml Sabor Mel Natulab,"17,90","17,90",-,"17,90",-
SãoJoão,Disponível,416.0,14,7896112411413.0,Novanlo 5Mg 60 Comprimidos Biolab,"89,58","89,58",-,"89,58",-
SãoJoão,Disponível,415.0,12,7899420502316.0,Aval 80mg 30 Comprimidos Revestidos Supera,"60,58","60,58",-,"60,58",-
SãoJoão,Disponível,415.0,16,7896094210929.0,Lakos 50mg 30 Comprimidos Revestidos Libbs (C1),"87,60","70,39",-19.6%,"70,39",-19.6%
SãoJoão,Indisponível,415.0,14,0.0,Otomixyn Gts 5ml Ems,0,0,0,0,0
SãoJoão,Disponível,415.0,14,7899547535686.0,Ivermectina Genérico Prati-Donaduzzi 6mg 2 Comprimidos,"19,09","13,99",-26.7%,"13,99",-26.7%
SãoJoão,Disponível,415.0,13,7894916503488.0,"Artogloco 1,5g 30 Sachês 3,5g Sigma","161,15","128,92",-20.0%,"128,92",-20.0%
SãoJoão,Disponível,415.0,13,7898040329655.0,Floratil 200mg 6 Cápsulas,"51,24","43,55",-15.0%,"43,55",-15.0%
SãoJoão,Disponível,415.0,14,7896658025532.0,Zyad 20mg 2 Comprimidos Revestidos Aché,"72,08","62,89",-12.7%,"62,89",-12.7%
SãoJoão,Disponível,415.0,14,7896004762227.0,Azitromicina 500mg 3 Comprimidos Revestidos Genérico Eurofarma,"61,82","24,49",-60.4%,"24,49",-60.4%
SãoJoão,Disponível,415.0,13,7897595635105.0,Anafranil SR Sandoz 75mg 20 Comprimidos (C1),"126,05","126,05",-,"126,05",-
SãoJoão,Disponível,415.0,13,7896004713588.0,Pentoxifilina 400mg 30 Comprimidos Revestidos Genérico Germed,"76,49","65,09",-14.9%,"65,09",-14.9%
SãoJoão,Disponível,415.0,12,7896241277935.0,Bioflac 15mg 10 Comprimidos Supera,"79,04","79,04",-,"79,04",-
SãoJoão,Disponível,415.0,14,7897337716550.0,Nasonex 50mcg Spray Nasal com 60 doses,"49,96","44,59",-10.7%,"44,59",-10.7%
SãoJoão,Disponível,414.0,12,7897337716239.0,"Gracial 0,25mg/0,040mg/0,125mg/0,030mg 22 Comprimidos","60,43","39,28",-35.0%,"39,28",-35.0%
SãoJoão,Disponível,414.0,14,7897322710785.0,Deciprax 10mg 60 Comprimidos Revestidos Mantecorp (C1),"214,47","214,47",-,"214,47",-
SãoJoão,Disponível,414.0,14,7896165600055.0,"DDAVP 0,2mg 30 Comprimidos Ferring","290,12","266,91",-8.0%,"266,91",-8.0%
SãoJoão,Disponível,414.0,14,7896026120012.0,Droxaíne Suspensão Oral 240ml,"46,17","42,89",-7.1%,"42,89",-7.1%
SãoJoão,Disponível,414.0,15,7891010256432.0,Mylanta Plus Morango 240Ml,"59,29","54,69",-7.8%,"54,69",-7.8%
SãoJoão,Disponível,414.0,15,7899640808373.0,Mobale 75mg 30 Cápsulas Momenta (C1),"67,59","56,59",-16.3%,"56,59",-16.3%
SãoJoão,Disponível,414.0,13,7896004789552.0,"Lefor 2,5mg 60 Comprimidos EMS","75,89","75,89",-,"75,89",-
SãoJoão,Disponível,414.0,16,7896658015380.0,Trezor 10mg 30 Comprimidos Revestidos Aché,"41,85","36,19",-13.5%,"36,19",-13.5%
SãoJoão,Disponível,414.0,13,7898029552258.0,Diatarcom MR 30 mg 60 comprimidos Servier,"48,82","48,82",-,"48,82",-
SãoJoão,Disponível,414.0,14,7899420507748.0,Passare 900+100mg 60 Comprimidos Revestidos Germed,"157,92","127,29",-19.4%,"127,29",-19.4%
SãoJoão,Disponível,414.0,13,7896004715032.0,"Sonrisal 1644mg/400mg/325mg/1507,8mg 10 Comprimidos","21,90","20,59",-6.0%,"20,59",-6.0%
SãoJoão,Disponível,414.0,13,7898906376410.0,Tiorfan 100mg 9 Cápsulas Duras,"55,60","50,89",-8.5%,"50,89",-8.5%
SãoJoão,Disponível,414.0,16,7899095201910.0,"Alphabrin 1,0mg/ml Solução Oftálmica 5ml Gbió","45,61","39,39",-13.6%,"39,39",-13.6%
SãoJoão,Disponível,414.0,15,7896094207585.0,Zider 10mg 60 Comprimidos Revestidos Libbs (C1),"102,19","83,19",-18.6%,"83,19",-18.6%
SãoJoão,Disponível,414.0,14,7893595771041.0,Floral Thérapi Serenide 30ml,"36,90","29,90",-19.0%,"29,90",-19.0%
SãoJoão,Disponível,413.0,13,7898906376755.0,"Tranquinal SL 0,5mg 30 Comprimidos Bago (B1)","71,46","60,69",-15.1%,"60,69",-15.1%
SãoJoão,Disponível,413.0,15,7896112411512.0,Ablok Plus 100mg+25mg 30 Comprimidos Biolab,"95,68","78,69",-17.8%,"78,69",-17.8%
SãoJoão,Disponível,413.0,14,7899547536201.0,Canabidiol 50mg/ml 30ml Prati RX (B1),"554,72","554,72",-,"554,72",-
SãoJoão,Disponível,413.0,16,7896094906594.0,Tamarine 12mg 20 Cápsulas Hypera Pharma,"102,74","83,69",-18.5%,"83,69",-18.5%
SãoJoão,Disponível,413.0,14,7896094211131.0,Reconter 15mg 60 Comprimidos Revestidos Libbs (C1),"201,42","161,14",-20.0%,"161,14",-20.0%
SãoJoão,Disponível,413.0,14,7898148297269.0,Glibenclamida 5mg Genérico Prati 30 Comprimidos,"10,35","6,29",-39.2%,"6,29",-39.2%
SãoJoão,Disponível,413.0,14,7891142983534.0,Evortia 20mg 60 Comprimidos Revestidos Hypera (C1),"519,24","519,24",-,"519,24",-
SãoJoão,Disponível,412.0,14,7896094927155.0,Aviv 100mg 60 Comprimidos Revestidos Hypera Pharma (C1),"157,99","129,69",-17.9%,"129,69",-17.9%
SãoJoão,Disponível,412.0,13,7896523201542.0,Metoprolol 100mg Genérico Cimed 30 Comprimidos Revestidos,"85,49","49,90",-41.6%,"49,90",-41.6%
SãoJoão,Disponível,412.0,14,7896112126225.0,Enalapril 10mg 30 Comprimidos Genérico Teuto,"16,93","16,93",-,"16,93",-
SãoJoão,Disponível,412.0,17,7898586630024.0,"Targin 5+2,5mg 28 Comprimidos Mundipharma (A1)","223,54","223,54",-,"223,54",-
SãoJoão,Disponível,412.0,15,7896658024207.0,Foxis 200Mg 10 Cápsulas Dura Ache (C1),"213,49","171,89",-19.5%,"171,89",-19.5%
SãoJoão,Indisponível,412.0,15,0.0,Gastrol Digest Lactase 8 Cápsulas Hypera Pharma,0,0,0,0,0
SãoJoão,Disponível,412.0,12,7896180300275.0,Ecofilm 5mg/ml Solução Oftálmica 5ml,"21,96","21,96",-,"21,96",-
SãoJoão,Disponível,412.0,13,7896004801902.0,Emistin EMS 20 Comprimidos,"42,90","38,29",-10.7%,"38,29",-10.7%
SãoJoão,Disponível,412.0,14,7896015529284.0,Vanisto Pó Inalante 30 Doses + Inalador,"226,92","181,54",-20.0%,"181,54",-20.0%
SãoJoão,Disponível,412.0,16,7899547508086.0,Cetotifeno Xarope 120ml Genérico Prati-Donaduzzi,"31,41","27,99",-10.9%,"27,99",-10.9%
SãoJoão,Disponível,412.0,13,7891317001964.0,Bicerto 150mg 10 Comprimidos Eurofarma,"54,74","49,39",-9.8%,"49,39",-9.8%
SãoJoão,Disponível,412.0,16,7896094928664.0,Ammy 4mg 28 Comprimidos Revestidos,"129,24","129,24",-,"129,24",-
SãoJoão,Disponível,412.0,14,7891104193353.0,Humectol D 5mg/60mg 20 Comprimidos Revestidos,"19,73","18,29",-7.3%,"18,29",-7.3%
SãoJoão,Disponível,411.0,15,7891317002190.0,"Ceftriaxona 1g 3,5ml Injetável IM 5 Ampolas Genérico Eurofarma","216,93","116,99",-46.1%,"116,99",-46.1%
SãoJoão,Disponível,411.0,13,7898962943366.0,Naldecon Febre 750mg 20 Comprimido Reckitt,"39,41","39,41",-,"39,41",-
SãoJoão,Disponível,411.0,13,7896112411529.0,"Ablok Plus 25+12,5mg 60 Comprimidos Biolab","51,82","43,99",-15.1%,"43,99",-15.1%
SãoJoão,Disponível,411.0,13,7896180300152.0,Maxiflox Colirio 5Ml Latinofarma,"46,05","41,19",-10.6%,"41,19",-10.6%
SãoJoão,Disponível,411.0,14,7908134200392.0,Gynpro 100mg 30 Cápsulas Exeltis,"79,74","79,74",-,"79,74",-
SãoJoão,Disponível,411.0,15,7896026307826.0,"Atrovent Solução Inalatória Boehringer 0,25mg/ml 20ml","31,31","28,69",-8.4%,"28,69",-8.4%
SãoJoão,Disponível,411.0,15,7896004711423.0,Clotrimazol Creme Vaginal Genérico EMS 10mg/g 35g 6 Aplicadores,"63,79","39,59",-37.9%,"39,59",-37.9%
SãoJoão,Disponível,410.0,14,8901148255852.0,Deprasil 30mg 30cap Cristalia (C1),"64,68","53,09",-17.9%,"53,09",-17.9%
SãoJoão,Disponível,410.0,15,7896094928268.0,"Persur 2,5mg 30 Comprimidos Hypera","51,36","44,89",-12.6%,"44,89",-12.6%
SãoJoão,Disponível,409.0,13,7898962943373.0,Naldecon Febre 750mg 4 Comprimido Reckitt,"8,78","8,78",-,"8,78",-
SãoJoão,Disponível,409.0,14,7891058002664.0,Hidroclorotiazida 50mg Genérico Medley 20 Comprimidos,"5,06","5,06",-,"5,06",-
SãoJoão,Disponível,409.0,12,7899547514193.0,"Pramipexol 0,25mg 30 Comprimidos Genérico Prati-Donaduzzi (C1)","56,67","39,90",-29.6%,"39,90",-29.6%
SãoJoão,Disponível,409.0,15,7897595901439.0,Atlansil Sanofi 100mg 20 Comprimidos,"25,62","25,62",-,"25,62",-
SãoJoão,Disponível,409.0,12,7896006298526.0,Vodol Creme Dermatológica 28g,"33,99","33,99",-,"33,99",-
SãoJoão,Disponível,409.0,13,8903855086583.0,Lacosamida 100mg 30 Comprimidos Revestidos Genérico Torrent (C1),"222,96","153,99",-30.9%,"153,99",-30.9%
SãoJoão,Disponível,409.0,14,7896094922341.0,Eparema 10ml Frasco Guaraná Hypera Pharma,"5,19","5,19",-,"5,19",-
SãoJoão,Disponível,409.0,15,7896112401605.0,Vonau Flash 8mg 10 Cápsulas Menta Biolab,"96,20","96,20",-,"96,20",-
SãoJoão,Indisponível,408.0,14,0.0,DTN-Fol 90 Cápsulas Novo,0,0,0,0,0
SãoJoão,Disponível,408.0,15,7897595620644.0,Rosuvastatina 20mg 60 Comprimidos Revestidos Genérico Sandoz,"128,73","42,99",-66.6%,"42,99",-66.6%
SãoJoão,Disponível,408.0,14,7896006203124.0,Zolpaz SL 5mg 30 Cápsulas Revestidas União Química (B1),"48,62","48,62",-,"48,62",-
SãoJoão,Disponível,408.0,12,7896094200357.0,Sumax 6mg 1 Seringa Libbs,"85,89","69,69",-18.9%,"69,69",-18.9%
SãoJoão,Disponível,408.0,15,7896026305310.0,Micardis Anlo Telmisartana 80mg + Besilato De Anlodipino 5mg Boehringer Com 30 Comprimidos,"167,68","134,14",-20.0%,"134,14",-20.0%
SãoJoão,Disponível,408.0,13,7897473200012.0,Combiwave 25+50mcg Spray 120 Doses Glenmark,"104,91","104,91",-,"104,91",-
SãoJoão,Indisponível,408.0,13,0.0,DDAVP Sol Nasal 01mg 2apl Ferring,0,0,0,0,0
SãoJoão,Disponível,408.0,13,7896004715964.0,"Azitromicina Suspensão Oral Genérico EMS 900mg/22,5ml","97,60","82,09",-15.9%,"82,09",-15.9%
SãoJoão,Disponível,408.0,13,7896548111727.0,Maxidex Suspensão Oftálmica Novartis 5ml,"11,60","11,60",-,"11,60",-
SãoJoão,Disponível,408.0,13,7897411601567.0,Pomada Hirudoid 500 40g Sankyo,"45,85","41,79",-8.9%,"41,79",-8.9%
SãoJoão,Disponível,408.0,14,605.0,"Vacina HPV Nonavalente Gardasil AD/PED 0,5 ml MSD + Aplicação","869,90","849,90",-2.3%,"849,90",-2.3%
SãoJoão,Disponível,408.0,13,7899420502378.0,Aval 320mg 30 Comprimidos Revestidos Supera,"60,58","60,58",-,"60,58",-
SãoJoão,Disponível,408.0,13,7896658018763.0,"Brasart HCT 160mg/12,5mg 30 Comprimidos Revestidos","83,91","67,99",-19.0%,"67,99",-19.0%
SãoJoão,Disponível,407.0,13,7891058001599.0,Novalgina 500Mg 10 Comprimidos Opella Avulso,"17,43","15,39",-11.7%,"15,39",-11.7%
SãoJoão,Disponível,407.0,13,7897473206403.0,Halobex CR Derm 30g Mantecorp,"22,72","21,29",-6.3%,"21,29",-6.3%
SãoJoão,Disponível,407.0,14,7894916500746.0,Sucrafilm Suspensão Oral 10ml,"116,57","97,79",-16.1%,"97,79",-16.1%
SãoJoão,Disponível,407.0,13,7899547539639.0,Canabidiol 20mg/ml 10ml Prati RX (B1),"78,84","78,84",-,"78,84",-
SãoJoão,Disponível,407.0,13,7896004763576.0,Sulfato De Hidroxicloroquina 400mg Genérico EMS 30 Comprimidos Revestidos,"100,93","79,29",-21.4%,"79,29",-21.4%
SãoJoão,Disponível,407.0,13,7899547523201.0,Moxifloxacino 400mg 7 Comprimidos Revestidos Genérico Prati,"222,16","94,39",-57.5%,"94,39",-57.5%
SãoJoão,Disponível,407.0,13,7898040323899.0,Junno 100mg 30 Comprimidos FQM,"82,16","67,99",-17.2%,"67,99",-17.2%
SãoJoão,Disponível,407.0,14,7896004777535.0,Fexofenadina 120mg 10 Comprimidos Revestidos Genérico EMS,"57,19","35,19",-38.5%,"35,19",-38.5%
SãoJoão,Disponível,407.0,16,7893595770457.0,Floral Thérapi Foco Fit 30ml,"36,90","36,90",-,"36,90",-
SãoJoão,Disponível,407.0,14,7898569763633.0,Ibandronato de Sódio 150mg 1 Comprimido Revestido Genérico Althaia,"56,43","44,49",-21.2%,"44,49",-21.2%
SãoJoão,Disponível,407.0,17,7896637028219.0,Olmy 40mg 60 Comprimidos Revestidos Germed,"142,21","115,29",-18.9%,"115,29",-18.9%
SãoJoão,Indisponível,407.0,14,0.0,"Oestrogel 0,6mg/g Gel Dermatológico 80g com Válvula Dosadora",0,0,0,0,0
SãoJoão,Disponível,407.0,14,7898430194139.0,"Tilestal 37,5+325mg 30 Comprimidos Myralis (A2)","79,28","79,28",-,"79,28",-
SãoJoão,Disponível,406.0,16,7894916509541.0,Risedross 35mg 12 Comprimidos Revestidos,"244,32","244,32",-,"244,32",-
SãoJoão,Disponível,406.0,15,7896094203068.0,"Gestinol 0,030mg/0,075mg 84 Comprimidos Revestidos","163,02","114,11",-30.0%,"114,11",-30.0%
SãoJoão,Disponível,406.0,14,7897930760516.0,"Pomada Clob-X 0,05% 30g Galderma","54,18","54,18",-,"54,18",-
SãoJoão,Disponível,406.0,15,7894916510127.0,Osteoform 70mg 4 Comprimidos Sigma Pharma,"79,37","79,37",-,"79,37",-
SãoJoão,Disponível,406.0,14,7896090611645.0,Leite de Magnésia ENO Sabor Hortelã 120ml GSK,"3,60","3,60",-,"3,60",-
SãoJoão,Disponível,406.0,14,7891317004163.0,Digesan 20ml Gotas Eurofarma,"41,42","41,42",-,"41,42",-
SãoJoão,Disponível,406.0,14,7896004789545.0,Tylex 30mg 12 Comprimidos,"60,30","60,30",-,"60,30",-
SãoJoão,Disponível,406.0,13,7891317123994.0,"Olmesartana + Hidroclorotiazida 40mg + 12,5mg 30 Comprimidos Revestidos Genérico Eurofarma","72,30","56,49",-21.9%,"56,49",-21.9%
SãoJoão,Disponível,406.0,14,7896006221012.0,Adaptis Solução Oftálmica 1% 10ml Adapt,"56,40","49,69",-11.9%,"49,69",-11.9%
SãoJoão,Disponível,406.0,13,7896523206806.0,Ciflogex Diet Menta e Limão 3mg 12 Pastilhas,"19,90","16,49",-17.1%,"16,49",-17.1%
SãoJoão,Disponível,406.0,14,7897411610750.0,Lactuliv Ameixa Xarope 120ml,"61,26","54,89",-10.4%,"54,89",-10.4%
SãoJoão,Disponível,406.0,13,7896181911784.0,Alenia 60 Cápsulas de Pó Inalatório + Inalador,"157,97","157,97",-,"157,97",-
SãoJoão,Disponível,406.0,13,7891317019044.0,Medato 10mg 30 Comprimidos Momenta (A3),"49,11","40,49",-17.6%,"40,49",-17.6%
SãoJoão,Disponível,406.0,12,7896658019531.0,Montelair 4mg 30 Sachês 350g Ache,"98,90","82,09",-17.0%,"82,09",-17.0%
SãoJoão,Disponível,406.0,13,7891317124281.0,"Holmes H 40+12,5mg 30 Comprimidos Revestidos Eurofarma","88,96","73,09",-17.8%,"73,09",-17.8%
SãoJoão,Disponível,406.0,14,7891317496760.0,Plaq 75mg 30 Comprimidos Eurofarma,"74,43","60,19",-19.1%,"60,19",-19.1%
SãoJoão,Disponível,405.0,15,7897572004306.0,Deksametasona Supera 50mg 30 Cápsulas Revestidas Supera (A3),"172,34","172,34",-,"172,34",-
SãoJoão,Disponível,405.0,14,7896094917897.0,Maxsulid 400mg 30 Comprimidos,"120,98","103,09",-14.8%,"103,09",-14.8%
SãoJoão,Disponível,405.0,15,7898581711193.0,Buscopan Composto 250mg 20 Comprimidos Revestidos,"10,02","10,02",-,"10,02",-
SãoJoão,Disponível,405.0,13,7896658051081.0,"Nienza 3,125mg 30 Comprimidos Aché","31,63","31,63",-,"31,63",-
SãoJoão,Disponível,405.0,13,7897411610941.0,Loxonin 60mg 15 Comprimidos Sankyo,"42,43","37,89",-10.7%,"37,89",-10.7%
SãoJoão,Disponível,405.0,14,7896637033961.0,Atentah 25mg 30 Cápsulas Apsen (C1),"81,86","68,49",-16.3%,"68,49",-16.3%
SãoJoão,Disponível,405.0,13,7896004706795.0,Losartana 50mg 30 Comprimidos Revestidos Genérico EMS,"21,73","3,90",-82.1%,"3,90",-82.1%
SãoJoão,Disponível,405.0,14,7897595636553.0,Desogestrel Genérico Novartis 84 Comprimidos Revestidos,"66,36","29,90",-54.9%,"29,90",-54.9%
SãoJoão,Disponível,404.0,14,7896523214351.0,Pantoprazol 20mg Genérico Cimed 28 comprimidos Revestidos,"65,14","18,35",-71.8%,"18,35",-71.8%
SãoJoão,Disponível,404.0,12,7896004756431.0,Paracetamol + Codeína 36 Comprimidos Genérico EMS (A2),"78,81","59,90",-24.0%,"59,90",-24.0%
SãoJoão,Disponível,404.0,16,7896658038884.0,Irritratil 200mg 60 Cápsulas Gel Aché,"173,85","139,59",-19.7%,"139,59",-19.7%
SãoJoão,Disponível,404.0,14,7896261012608.0,Diovan Amlo Fix 320mg + 10mg 28 Comprimidos FQM,"205,65","205,65",-,"205,65",-
SãoJoão,Disponível,404.0,13,7899095238299.0,"Latanoprosta Solução Oftalmica 2,5ml Genérico Geolab","162,47","83,89",-48.4%,"83,89",-48.4%
SãoJoão,Disponível,404.0,14,7897411650978.0,Lactulona 667mg/ml Xarope Salada de Frutas 120ml,"67,38","60,29",-10.5%,"60,29",-10.5%
SãoJoão,Disponível,403.0,14,7896422522687.0,Bisoprolol 10mg 30 Comprimidos Revestidos Genérico Medley,"71,18","49,90",-29.9%,"49,90",-29.9%
SãoJoão,Disponível,403.0,14,7896004715674.0,Dipirona Solução Oral Genérico EMS 100ml,"21,01","18,59",-11.5%,"18,59",-11.5%
SãoJoão,Disponível,403.0,15,7897076909121.0,"Irbesartana + HCT 300 mg + 12,5mg 30 comprimidos Genérico Ranbaxy","152,39","152,39",-,"152,39",-
SãoJoão,Disponível,403.0,14,7896261005198.0,Tegretol CR Novartis 200mg 60 Comprimidos Revestidos (C1),"96,77","96,77",-,"96,77",-
SãoJoão,Disponível,403.0,13,7896658040160.0,"Lubris Carmelose Sódica 0,5% 10ml Ache","45,24","45,24",-,"45,24",-
SãoJoão,Disponível,403.0,14,7897705203095.0,Wegovy 1mg 3ml Novo Nordisk,"1284,04","1284,04",-,"1284,04",-
SãoJoão,Disponível,403.0,14,7896004700656.0,Dipropionato de Betametasona + Ácido Salicílico Pomada Dermatológica 30g Genérico EMS,"28,51","26,09",-8.5%,"26,09",-8.5%
SãoJoão,Disponível,403.0,14,7896004787336.0,"Tramadol + Paracetamol 37,5mg + 325mg 20 Comprimidos Genérico EMS (A2)","58,54","50,79",-13.2%,"50,79",-13.2%
SãoJoão,Disponível,403.0,13,7891317002862.0,"Pondera XR 12,5mg 30 Comprimidos Revestidos Eurofarma (C1)","98,53","79,89",-18.9%,"79,89",-18.9%
SãoJoão,Disponível,403.0,12,7891142158130.0,Meticorten 5mg 20 Comprimidos Organon,"25,88","22,89",-11.6%,"22,89",-11.6%
SãoJoão,Disponível,403.0,13,7894916514903.0,Bexai 35mg 20 Cápsulas Sigma Pharma,"145,75","105,90",-27.3%,"105,90",-27.3%
SãoJoão,Disponível,403.0,14,7896226109053.0,Vecasten Gel Marjan 150G,"109,14","85,99",-21.2%,"85,99",-21.2%
SãoJoão,Disponível,403.0,15,7891317016326.0,Bilastina 20mg 15 Comprimidos Genérico Eurofarma,"46,58","40,79",-12.4%,"40,79",-12.4%
SãoJoão,Disponível,403.0,13,7897473207646.0,Seretide Spray 25mcg + 50mcg 120 Doses,"104,60","84,49",-19.2%,"84,49",-19.2%
SãoJoão,Disponível,402.0,15,7896112406570.0,Pressat 5mg 90 Comprimidos Biolab,"113,83","93,09",-18.2%,"93,09",-18.2%
SãoJoão,Disponível,402.0,14,7897411610620.0,Benicar 40mg 30 Comprimidos Sankyo,"87,73","70,18",-20.0%,"70,18",-20.0%
SãoJoão,Disponível,402.0,14,7896112422525.0,Press Plus 5mg/10mg 60 Cápsulas Duras,"216,65","216,65",-,"216,65",-
SãoJoão,Disponível,402.0,14,7891317432447.0,Imussuprex 50mg 50 Comprimidos Revestidos,"20,36","20,36",-,"20,36",-
SãoJoão,Disponível,401.0,14,7896006216483.0,Xantinon 100mg + 20mg 30 Comprimidos Revestidos,"16,35","16,35",-,"16,35",-
SãoJoão,Disponível,401.0,14,7896641809033.0,Dexilant 60mg 60 Cápsulas,"256,39","205,11",-20.0%,"205,11",-20.0%
SãoJoão,Disponível,401.0,14,7896523209111.0,Acebrofilina Xarope Adulto 120ml Genérico Cimed,"40,89","35,69",-12.7%,"35,69",-12.7%
SãoJoão,Disponível,401.0,12,20800750165.0,"Metamucil Laranja Pó para Solução Oral 10 Envelopes de 5,85g","72,35","72,35",-,"72,35",-
SãoJoão,Disponível,401.0,15,7896016801655.0,Sustrate 10mg 30 Comprimidos FMQ,"39,26","34,29",-12.7%,"34,29",-12.7%
SãoJoão,Disponível,401.0,14,7898029552135.0,Diamicron MR 30mg 60 Comprimidos Servier,"104,03","84,59",-18.7%,"84,59",-18.7%
SãoJoão,Disponível,401.0,13,7896269900983.0,"Naramig 2,5mg 4 Comprimidos GSK","27,76","24,99",-10.0%,"24,99",-10.0%
SãoJoão,Disponível,401.0,16,7895296449830.0,"Naratriptana 2,5mg 20 Comprimidos Revestidos Genérico Nova Química","83,03","44,90",-45.9%,"44,90",-45.9%
SãoJoão,Disponível,401.0,14,7896227800041.0,Malvona Solução Dermatológica 100ml,"51,98","51,98",-,"51,98",-
SãoJoão,Disponível,401.0,15,7896676404241.0,Nausedron Cristália 8mg 10 Comprimidos,"87,64","87,64",-,"87,64",-
SãoJoão,Disponível,401.0,14,7896422506731.0,Lisinopril Genérico Medley 5mg 30 Comprimidos,"39,92","39,92",-,"39,92",-
SãoJoão,Disponível,401.0,14,7896004731674.0,Xarope Expectamin 120ml Legrand,"31,90","29,49",-7.6%,"29,49",-7.6%
SãoJoão,Disponível,401.0,15,7896422506434.0,Clotrimazol Creme Vaginal Genérico Medley 20mg/g 20g 3 Aplicadores,"74,72","39,99",-46.5%,"39,99",-46.5%
SãoJoão,Disponível,401.0,14,7898430194528.0,Nasoar XT 5% 15 Envelopes+Frasco Myralis,"102,99","102,99",-,"102,99",-
SãoJoão,Disponível,401.0,13,7896006201687.0,"Neovlar  0,25mg + 0,05mg 21 Drágeas","9,65","9,65",-,"9,65",-
SãoJoão,Disponível,400.0,13,7896181915034.0,Carvedilol 25mg 30 Comprimidos Genérico Biosintética,"38,34","38,34",-,"38,34",-
SãoJoão,Indisponível,400.0,16,0.0,"Glanigan RC 0,1mg/ml 3ml Legrand",0,0,0,0,0
SãoJoão,Disponível,400.0,14,7896714290874.0,"Tramadol + Paracetamol 37,5mg + 325mg 30 Comprimidos Genérico Neo Química (A2)","85,09","69,39",-18.5%,"69,39",-18.5%
SãoJoão,Disponível,400.0,14,7896046381004.0,Kit Renu Fresh 355ml + 120ml + Estojo para Lentes,"68,99","54,99",-20.3%,"54,99",-20.3%
SãoJoão,Disponível,400.0,12,7896637033589.0,Arpadol 400mg 30 Comprimidos Apsen,"115,29","92,99",-19.3%,"92,99",-19.3%
SãoJoão,Disponível,400.0,14,7896685304594.0,Bromelin Própolis 12 Pastilhas Hebron,"24,44","24,44",-,"24,44",-
SãoJoão,Disponível,400.0,13,7896422519793.0,Ibuprofeno 50mg/ml Genérico Medley Suspensão Oral 30ml,"19,46","19,46",-,"19,46",-
SãoJoão,Disponível,400.0,13,7899547524482.0,Sildenafil 25mg 4 Comprimidos Revestidos Genérico Prati-Donaduzzi,"32,38","13,09",-59.6%,"13,09",-59.6%
SãoJoão,Disponível,400.0,13,7896112414971.0,Vasopril 10mg 60 Comprimidos Biolab,"75,73","63,89",-15.6%,"63,89",-15.6%
SãoJoão,Disponível,400.0,13,7897595635648.0,Sinvastacor 40mg 30 Comprimidos Revestidos Sinvastatina Sandoz,"120,02","64,90",-45.9%,"64,90",-45.9%
SãoJoão,Disponível,400.0,13,7896523214658.0,Ciclobenzaprina 10mg 30 Comprimidos Revestidos Genérico Cimed,"29,30","15,11",-48.4%,"15,11",-48.4%
SãoJoão,Disponível,400.0,14,7894916507066.0,Lipiblock 120mg 42 Cápsulas Germed,"230,21","230,21",-,"230,21",-
SãoJoão,Disponível,400.0,14,7897595633316.0,Amoxicilina + Clavulanato De Potássio 500mg 18 Comprimidos Revestidos Genérico Sandoz,"142,96","142,96",-,"142,96",-
SãoJoão,Disponível,399.0,14,7897572004306.0,Nimegon 50mg 28 Cápsulas Revestidos Supera,"172,34","172,34",-,"172,34",-
SãoJoão,Disponível,399.0,14,20800750165.0,"Hidraplex Guaraná Pó para Solução Oral 4 Envelopes de 27,9g","72,35","72,35",-,"72,35",-
SãoJoão,Disponível,399.0,13,7894916517461.0,Bexai 35mg 10 Cápsulas Sigma Pharma,"79,02","57,90",-26.7%,"57,90",-26.7%
SãoJoão,Disponível,399.0,13,7893093016354.0,Previgrip 50ml Weleda,"113,99","113,99",-,"113,99",-
SãoJoão,Disponível,399.0,13,7896112405986.0,"Cronocor 3,125mg 30 Comprimidos Biolab","25,29","25,29",-,"25,29",-
SãoJoão,Disponível,399.0,14,7897411610750.0,Lactulona 667mg/ml Xarope Ameixa 120ml,"61,26","54,89",-10.4%,"54,89",-10.4%
SãoJoão,Disponível,399.0,14,7898948648377.0,Vagifem Intravaginal 10mcg 18 Comprimidos,"154,24","128,69",-16.6%,"128,69",-16.6%
SãoJoão,Disponível,399.0,13,7898158693693.0,Varicoss 20 Drágeas Cifarma,"34,90","26,39",-24.4%,"26,39",-24.4%
SãoJoão,Disponível,398.0,13,7891058001612.0,Ciprofibrato 100mg 30 Comprimidos Genérico Medley,"62,07","62,07",-,"62,07",-
SãoJoão,Disponível,398.0,13,7896212424184.0,Invega Sustenna 150mg Injeção Janssen (C1),"3042,27","2398,89",-21.1%,"2398,89",-21.1%
SãoJoão,Disponível,398.0,14,7891317488765.0,Leg 5mg 10 Comprimidos Revestidos Eurofarma,"69,92","69,92",-,"69,92",-
SãoJoão,Disponível,398.0,14,7896004705682.0,Infralax 300mg/30mg/125mg/50mg 30 Comprimidos,"21,90","21,90",-,"21,90",-
SãoJoão,Disponível,398.0,15,7896658035968.0,"Adoless 0,060mg/0,015mg 84 Comprimidos Revestidos","83,75","83,75",-,"83,75",-
SãoJoão,Disponível,398.0,15,7892953208618.0,Symdulor Sl Adium 10mg 10 Comprimidos,"36,14","14,46",-60.0%,"14,46",-60.0%
SãoJoão,Disponível,398.0,13,7899824400928.0,Colpist MT Creme Vaginal Arese 40g com Aplicador,"49,73","49,73",-,"49,73",-
SãoJoão,Disponível,398.0,13,7896094999978.0,Doril Enxaqueca 18 Comprimidos Revestidos Hypera Pharma,"25,22","25,22",-,"25,22",-
SãoJoão,Indisponível,398.0,14,0.0,Gelmax Papaya EMS 24 Comprimidos,0,0,0,0,0
SãoJoão,Disponível,398.0,16,7891721015007.0,Euthyrox 137mcg 50 Comprimidos Merck,"59,28","51,09",-13.8%,"51,09",-13.8%
SãoJoão,Disponível,398.0,13,7896637037617.0,Zanidip Apsen 10mg 30 Comprimidos Revestidos,"152,08","152,08",-,"152,08",-
SãoJoão,Disponível,398.0,13,7898049790944.0,Flunarizina 10mg 50 Comprimidos Genérico Vitamedic,"15,51","15,51",-,"15,51",-
SãoJoão,Disponível,398.0,13,7896641804441.0,Xantinon Complex 100ml,"18,55","18,55",-,"18,55",-
SãoJoão,Disponível,397.0,15,7891317189884.0,Perlatte 9 000FCC 30 Comprimidos,"58,90","58,90",-,"58,90",-
SãoJoão,Disponível,397.0,14,7897595639288.0,Comtan 200mg 30 Comprimidos Sandoz (C1),"298,70","238,96",-20.0%,"238,96",-20.0%
SãoJoão,Disponível,397.0,16,7899337000202.0,Vesicare 10Mg 30 Comprimidos Revestidos Astellasfarma,"278,49","222,79",-20.0%,"222,79",-20.0%
SãoJoão,Disponível,397.0,13,7891142982100.0,Coristina D Congest 12 Comprimidos Hypera Pharma,"43,95","43,95",-,"43,95",-
SãoJoão,Disponível,397.0,14,7891317455736.0,Crevagin Creme 40g,"52,06","46,89",-9.9%,"46,89",-9.9%
SãoJoão,Disponível,397.0,15,7891058431037.0,Coltrax 4Mg 20 Comprimidos Aventis,"25,96","23,19",-10.7%,"23,19",-10.7%
SãoJoão,Disponível,397.0,15,7899547520880.0,Meloxicam 15mg 10 Comprimidos Genérico Prati,"31,56","17,49",-44.6%,"17,49",-44.6%
SãoJoão,Indisponível,397.0,15,0.0,Pomada Nebacetin Baby 60g Prevenção Hypera Pharma Hypera Pharma,0,0,0,0,0
SãoJoão,Indisponível,397.0,14,0.0,Venvanse Shire  30mg 28 Cápsulas,0,0,0,0,0
SãoJoão,Disponível,397.0,13,7896658007309.0,Albocresil 90mg/g 6 Óvulos Ginecológicos,"92,08","79,69",-13.5%,"79,69",-13.5%
SãoJoão,Disponível,397.0,13,7896658028175.0,ProVance Morango 100 000 000UFC 10 Comprimidos Mastigáveis,"54,99","54,99",-,"54,99",-
SãoJoão,Disponível,397.0,14,7896094210639.0,Voextor 10mg 30 Comprimidos Libbs (C1),"159,66","130,09",-18.5%,"130,09",-18.5%
SãoJoão,Disponível,397.0,13,7891158000898.0,Depakene 500mg 50 Comprimidos Revestidos Abbott (C1),"107,21","85,77",-20.0%,"85,77",-20.0%
SãoJoão,Disponível,397.0,15,7896112407119.0,Bhena 5mg 90 Comprimidos Revestidos Biolab,"215,86","174,49",-19.2%,"174,49",-19.2%
SãoJoão,Disponível,397.0,14,7891317431358.0,Espironolactona 25mg 30 Comprimidos Genérico Eurofarma,"30,28","26,99",-10.9%,"26,99",-10.9%
SãoJoão,Disponível,396.0,14,7898029551787.0,Daflon 450mg/50mg 60 Comprimidos Revestidos,"225,06","177,09",-21.3%,"177,09",-21.3%
SãoJoão,Indisponível,396.0,14,0.0,Beserol Megalabs 12 Comprimidos,0,0,0,0,0
SãoJoão,Disponível,396.0,15,7896422506236.0,Dipirona Solução Oral Genérico Medley 500mg/ml 20ml,"19,41","14,90",-23.2%,"14,90",-23.2%
SãoJoão,Disponível,396.0,14,7894916550086.0,Isordil 10mg 30 Comprimidos Sigma Pharma,"13,74","12,69",-7.6%,"12,69",-7.6%
SãoJoão,Disponível,396.0,14,7896714223841.0,Nimesulida 100mg 12 Comprimidos Genérico Nova Química,"26,17","26,17",-,"26,17",-
SãoJoão,Disponível,396.0,16,7896658005442.0,Ciflogex Laranja 3mg 12 Pastilhas,"20,59","20,59",-,"20,59",-
SãoJoão,Disponível,396.0,15,7896637037624.0,Zanidip 20mg 30 Comprimidos Revestidos Aspen,"257,87","206,30",-20.0%,"206,30",-20.0%
SãoJoão,Disponível,396.0,13,7896676440034.0,Labrea Duo 10mg+10mg 7 Comprimidos Cristalia (C1),"44,50","44,50",-,"44,50",-
SãoJoão,Disponível,396.0,13,7896672201882.0,Bamifix 600mg 20 Comprimidos Chiesi,"72,14","58,79",-18.5%,"58,79",-18.5%
SãoJoão,Disponível,396.0,15,7591257004697.0,Blephagel 40g 100 Compressas,"164,85","164,85",-,"164,85",-
SãoJoão,Disponível,396.0,12,7896004789828.0,Desloratadina 5mg Genérico EMS 10 Comprimidos Revestidos,"74,20","16,99",-77.1%,"16,99",-77.1%
SãoJoão,Disponível,396.0,15,7896004713120.0,Levofloxacino 500mg 10 Comprimidos Revestidos Genérico EMS,"117,58","59,90",-49.1%,"59,90",-49.1%
SãoJoão,Disponível,396.0,14,735201084091.0,Floral Therapi Destriste 30ml,"36,90","36,90",-,"36,90",-
SãoJoão,Disponível,396.0,13,7896112125358.0,Fenobarbital 100mg 20 Comprimidos Genérico Teuto (B1),"8,68","8,68",-,"8,68",-
SãoJoão,Disponível,396.0,13,7896714274126.0,Axetil Cefuroxima 500Mg 14 Comprimidos Genérico Neo Quimica,"179,50","179,50",-,"179,50",-
SãoJoão,Disponível,396.0,14,7898029556539.0,Natrilix 30 Drágeas Servier,"61,42","50,59",-17.6%,"50,59",-17.6%
SãoJoão,Disponível,396.0,13,7891721029974.0,Tylenol DC 500mg + 65mg 4 Comprimidos Avulso,"97,54","79,29",-18.7%,"79,29",-18.7%
SãoJoão,Disponível,396.0,12,7896523213224.0,Norfloxacino 400mg Genérico Cimed 14 comprimidos Revestidos,"37,67","34,99",-7.1%,"34,99",-7.1%
SãoJoão,Indisponível,396.0,14,0.0,Mlix CR 1mg 20g Mantecorp,0,0,0,0,0
SãoJoão,Disponível,395.0,12,7897337716260.0,Klev 20mg 28 Comprimidos,"320,12","217,68",-32.0%,"217,68",-32.0%
SãoJoão,Disponível,395.0,13,7896015516703.0,Clavulin Es 600Mg 50Ml Gsk,"161,17","161,17",-,"161,17",-
SãoJoão,Disponível,395.0,14,7896006207665.0,Cetrolac MD 4mg/ml 10ml União Química,"108,29","90,49",-16.4%,"90,49",-16.4%
SãoJoão,Disponível,395.0,13,7898605330690.0,Resolor 2mg 28 Comprimidos Revestidos,"377,34","301,87",-20.0%,"301,87",-20.0%
SãoJoão,Disponível,395.0,15,7896094928466.0,Gastrol 6 Envelopes Laranja Hypera Pharma,"18,75","18,75",-,"18,75",-
SãoJoão,Disponível,395.0,14,7891058003159.0,Memantina 10mg 30 Comprimidos Revestidos Genérico Medley (C1),"53,74","53,74",-,"53,74",-
SãoJoão,Disponível,395.0,13,735201084206.0,Floral Therapi 30Ml Mudanca De Vida,"36,90","36,90",-,"36,90",-
SãoJoão,Disponível,395.0,12,7891106915168.0,Cafiaspirina Bayer 650mg + 65mg 4 Comprimidos,"7,82","7,82",-,"7,82",-
SãoJoão,Disponível,395.0,15,7896083412525.0,Arnica Gel Herbarium 30g,"49,99","39,99",-20.0%,"39,99",-20.0%
SãoJoão,Disponível,395.0,12,7891317487553.0,Duxxen 60mg 30 Cápsulas Hypera (C1),"145,74","118,49",-18.7%,"118,49",-18.7%
SãoJoão,Disponível,395.0,14,7891317477202.0,Piemonte 4mg 30 Comprimidos Eurofarma,"77,10","65,29",-15.3%,"65,29",-15.3%
SãoJoão,Disponível,394.0,15,7897705200322.0,Novolin N Penfill Novo Nordisk 5x3ml,"166,36","166,36",-,"166,36",-
SãoJoão,Disponível,394.0,15,7896004701967.0,Omeprazol 40mg 28 Cápsulas Lozeprel EMS,"33,94","12,90",-62.0%,"12,90",-62.0%
SãoJoão,Disponível,394.0,14,7896023756801.0,Figatil Flaconete 10ml,"2,49","2,19",-12.0%,"2,19",-12.0%
SãoJoão,Disponível,394.0,15,7896004711850.0,Betametasona Creme Dermatológico 30g Genérico Germed,"35,99","32,49",-9.7%,"32,49",-9.7%
SãoJoão,Disponível,394.0,13,7899824400386.0,"Flenus 22,25mg 30 Comprimidos Arese","127,50","127,50",-,"127,50",-
SãoJoão,Disponível,394.0,13,7896094916289.0,Lisador Dip 1g 8 Comprimidos Farmasa AV*,"10,77","9,19",-14.7%,"9,19",-14.7%
SãoJoão,Indisponível,394.0,15,0.0,Syntocinon Spray Mylan 5ml,0,0,0,0,0
SãoJoão,Disponível,394.0,13,7896714290867.0,"Tramadol + Paracetamol 37,5mg + 325mg 20 Comprimidos Genérico Neo Química (A2)","61,80","53,59",-13.3%,"53,59",-13.3%
SãoJoão,Disponível,394.0,13,7896015525002.0,Niquitin 7mg 7 Adesivos Transparente,"125,61","125,61",-,"125,61",-
SãoJoão,Disponível,394.0,13,7891317010478.0,Ebastel 10mg 30 Comprimidos,"216,30","174,39",-19.4%,"174,39",-19.4%
SãoJoão,Disponível,393.0,15,7899420506987.0,Asea 40mg 30 Comprimidos Revestidos Supera,"51,94","51,94",-,"51,94",-
SãoJoão,Disponível,393.0,12,7896637024525.0,Maresis Solução Nasal 100ml,"212,66","170,13",-20.0%,"170,13",-20.0%
SãoJoão,Disponível,393.0,14,7898216371020.0,Gliclazida Genérico Pharlab 30mg 30 Comprimidos,"30,08","24,90",-17.2%,"24,90",-17.2%
SãoJoão,Disponível,393.0,14,7896094208124.0,Nactali 75mcg 84 Comprimidos Revestidos,"123,47","86,43",-30.0%,"86,43",-30.0%
SãoJoão,Disponível,393.0,15,7896094916524.0,Tamarine Fibras Kids 240ml Hypera Pharma,"88,99","88,99",-,"88,99",-
SãoJoão,Disponível,393.0,13,7896181911784.0,Alenia Refil 12mcg/400mcg 60 Cápsulas de Pó Inalatório,"157,97","157,97",-,"157,97",-
SãoJoão,Disponível,393.0,13,7898906376380.0,Trifamox Ibl Bd 200/50Mg 60Ml Bago,"207,93","207,93",-,"207,93",-
SãoJoão,Disponível,393.0,14,7896004775449.0,Clazi XR 60mg 60 Comprimidos Revestidos Germed,"159,80","159,80",-,"159,80",-
SãoJoão,Disponível,393.0,14,7891317027179.0,Dualgi 200mg + 500mg 12 Comprimidos Revestidos Eurofarma,"34,81","32,29",-7.2%,"32,29",-7.2%
SãoJoão,Disponível,393.0,14,7896637023122.0,"Moment 0,025% 60ml Roll-On Apsen","70,13","70,13",-,"70,13",-
SãoJoão,Disponível,393.0,13,7894916508179.0,Lipistat 20mg 60 Comprimidos Revestidos EMS-Sigma,"167,33","167,33",-,"167,33",-
SãoJoão,Disponível,393.0,15,7896422507271.0,Diclofenaco Colestiramina 70mg 20 Cápsulas Genérico Medley,"40,17","40,17",-,"40,17",-
SãoJoão,Disponível,393.0,13,7896004822587.0,Dimesilato de Lisdexanfetamina Genérico EMS 70mg 30 Cápsulas (A3),"352,34","352,34",-,"352,34",-
SãoJoão,Disponível,393.0,13,7891317005191.0,Subtrax 800/160mg 10 Comprimidos Eurofarma,"26,99","26,99",-,"26,99",-
SãoJoão,Disponível,392.0,14,7896269900594.0,Neocoflan Solução Dermatológica 85ml,"72,94","72,94",-,"72,94",-
SãoJoão,Disponível,392.0,14,7896676413762.0,Mytedom 5mg 20 Cápsulas Cristália (A1),"26,13","22,79",-12.8%,"22,79",-12.8%
SãoJoão,Disponível,392.0,13,300651507775.0,Systane Ultra Alcon Sem Conservantes 10Ml,"69,99","69,99",-,"69,99",-
SãoJoão,Disponível,392.0,12,7896023701948.0,Posdrink Vibe 250ml Tangerina,"8,99","8,99",-,"8,99",-
SãoJoão,Disponível,392.0,15,7896422519373.0,"Atelop 2,5mg 30 Comprimidos Germed","49,92","49,92",-,"49,92",-
SãoJoão,Disponível,392.0,14,7898605330683.0,Resolor 2mg 14 Comprimidos,"188,68","161,89",-14.2%,"161,89",-14.2%
SãoJoão,Disponível,392.0,13,7896009498459.0,Onegripe 400mg 20 Cápsulas,"50,80","33,00",-35.0%,"33,00",-35.0%
SãoJoão,Disponível,392.0,12,7897411602205.0,Lixiana 60mg 30 Comprimidos Revestidos,"147,06","123,49",-16.0%,"123,49",-16.0%
SãoJoão,Disponível,392.0,15,7896004728261.0,"Travoprosta 0,04mg 2,5ml Solução Oftálmica Genérico EMS","119,89","119,89",-,"119,89",-
SãoJoão,Disponível,392.0,14,7896658046780.0,Venoxide 500mg 30 Comprimidos Biosintética,"149,98","149,98",-,"149,98",-
SãoJoão,Disponível,392.0,14,7896714292496.0,Levetiracetam 750Mg 30 Comprimidos Revestidos Genérico Neo Quimica (C1),"266,35","266,35",-,"266,35",-
SãoJoão,Disponível,391.0,16,7898166040847.0,Dipirona 500mg Genérico Farmace Gotas 10ml,"4,99","4,99",-,"4,99",-
SãoJoão,Disponível,391.0,15,7898244721019.0,Unitram 15mg 30 Comprimidos Revestidos FQM (C1),"124,09","124,09",-,"124,09",-
SãoJoão,Disponível,391.0,14,7896212425150.0,"Tylex Cellera 7,5mg 12 Comprimidos (A2)","124,37","107,69",-13.4%,"107,69",-13.4%
SãoJoão,Disponível,391.0,14,7894916208833.0,Tropinal Solução 15ml,"28,08","25,89",-7.8%,"25,89",-7.8%
SãoJoão,Indisponível,391.0,14,0.0,Spiolto Spray 4ml,0,0,0,0,0
SãoJoão,Disponível,391.0,12,7891317014988.0,Hominus 2+5mg 60cap Dura Momenta,"203,08","162,46",-20.0%,"162,46",-20.0%
SãoJoão,Disponível,391.0,13,8902220109520.0,Rosucor 20mg 30 Comprimidos Revestidos Torrent,"75,69","62,29",-17.7%,"62,29",-17.7%
SãoJoão,Disponível,391.0,13,7896004710860.0,"Cloridrato De Amilorida e Hidroclorotiazida 2,5/25mg Genérico EMS 30 Comprimidos","14,28","12,79",-10.4%,"12,79",-10.4%
SãoJoão,Disponível,391.0,14,7897337714471.0,Vytorin 10+10mg 30 Comprimidos Organon,"204,26","111,99",-45.2%,"111,99",-45.2%
SãoJoão,Disponível,391.0,13,7897595634160.0,Zinnat 250mg 10 Comprimidos Sandoz,"180,22","180,22",-,"180,22",-
SãoJoão,Disponível,391.0,14,7898040322328.0,"Ginesse 0,075mg + 0,02mg 63 Comprimidos FQM","89,24","74,59",-16.4%,"74,59",-16.4%
SãoJoão,Disponível,391.0,14,7896637022804.0,Triancil 20mg/ml Frasco/Ampola 5ml Injetável Apsen,"151,90","122,79",-19.2%,"122,79",-19.2%
SãoJoão,Disponível,391.0,13,7896094206113.0,Plenance 10mg 30 Comprimidos Revestidos Libbs,"95,28","79,29",-16.8%,"79,29",-16.8%
SãoJoão,Disponível,391.0,13,7898258951136.0,Mel Mônica Baldoni  Sabor Silvestre 40g,"5,99","5,99",-,"5,99",-
SãoJoão,Disponível,391.0,14,7897337716321.0,Mercilon Conti 150mcg/20mcg 28 Comprimidos Revestidos,"63,94","43,48",-32.0%,"43,48",-32.0%
SãoJoão,Indisponível,390.0,13,0.0,Buscopan Pediátrico 10mg/ml 20ml,0,0,0,0,0
SãoJoão,Disponível,390.0,13,7899547528442.0,Levofloxacino 500mg 7 Comprimidos Revestidos Genérico Prati-Donaduzzi,"61,49","39,90",-35.1%,"39,90",-35.1%
SãoJoão,Disponível,390.0,13,7896004794174.0,Fexofenadina 6mg 60ml Genérico Nova Química,"41,10","24,90",-39.4%,"24,90",-39.4%
SãoJoão,Indisponível,390.0,16,0.0,Benegrip Multi Noite 800mg/20mg 20 Comprimidos,0,0,0,0,0
SãoJoão,Disponível,390.0,13,7898687734485.0,Vortioxetina 15mg 30 Comprimidos Revestidos Genérico Althaia (C1),"178,08","136,69",-23.2%,"136,69",-23.2%
SãoJoão,Disponível,390.0,13,7896094999992.0,Neosaldina 30 Drágeas Hypera Pharma,"38,49","37,93",-1.5%,"37,93",-1.5%
SãoJoão,Disponível,390.0,12,7891317125431.0,Trimeb 200mg 60 Cápsulas Eurofarma,"163,52","132,29",-19.1%,"132,29",-19.1%
SãoJoão,Disponível,390.0,14,7891721023965.0,Alginac Retard 10 Comprimidos Procter,"73,21","62,99",-14.0%,"62,99",-14.0%
SãoJoão,Disponível,390.0,14,7898040324049.0,Rusovas 10mg 90 Comprimidos Revestidos,"49,82","42,39",-14.9%,"42,39",-14.9%
SãoJoão,Disponível,390.0,14,7896637031219.0,Alois Duo 10+20mg 30 Comprimidos Revestidos Apsen (C1),"206,47","165,89",-19.7%,"165,89",-19.7%
SãoJoão,Disponível,390.0,15,7896004715933.0,Aciclovir 10g Creme Genérico EMS,"32,09","27,49",-14.3%,"27,49",-14.3%
SãoJoão,Disponível,390.0,14,7898146821633.0,Succinato De Sumatriptana 50mg Genérico Biolab 2 Comprimidos Revestidos,"30,22","25,49",-15.7%,"25,49",-15.7%
SãoJoão,Disponível,390.0,14,7896094928114.0,Sulpan 20 Cápsulas Hypermarcas (B1),"43,77","35,59",-18.7%,"35,59",-18.7%
SãoJoão,Disponível,390.0,13,7896004722467.0,Lidocaína 50mg Genérico EMS Pomada Dermatológica 25g,"19,49","19,49",-,"19,49",-
SãoJoão,Disponível,389.0,14,7896523200972.0,Escitalopram 20mg 30 Comprimidos Revestidos Genérico Biosintética (C1),"96,49","13,63",-85.9%,"13,63",-85.9%
SãoJoão,Disponível,389.0,15,7898560663482.0,Elidel Creme Biolab 15g,"253,64","202,49",-20.2%,"202,49",-20.2%
SãoJoão,Disponível,389.0,14,7897316800300.0,Pred Solução Oftálmica 5ml,"56,53","49,89",-11.7%,"49,89",-11.7%
SãoJoão,Disponível,389.0,15,7891158101687.0,Revoc 100mg 30 Comprimidos Revestidos Abbott (C1),"279,50","279,50",-,"279,50",-
SãoJoão,Disponível,389.0,13,7896658017704.0,Axonium 10mg 30 Comprimidos Aché (C1),"157,58","126,06",-20.0%,"126,06",-20.0%
SãoJoão,Disponível,389.0,14,7896422507295.0,Cetoprofeno 150mg Genérico Medley 10 Comprimidos Revestidos,"45,22","30,59",-32.4%,"30,59",-32.4%
SãoJoão,Disponível,389.0,15,7897076909077.0,Cloridrato De Tizanidina 2mg Genérico Ranbaxy 30 Comprimidos,"45,01","38,29",-14.9%,"38,29",-14.9%
SãoJoão,Disponível,389.0,14,7896004716497.0,Dicloridrato De Hidroxizina 2mg/ml Solução Oral Genérico Germed 120ml,"22,70","7,99",-64.8%,"7,99",-64.8%
SãoJoão,Disponível,389.0,14,7896658027703.0,Kalist 2mg 28 Comprimidos,"65,89","55,99",-15.0%,"55,99",-15.0%
SãoJoão,Disponível,389.0,14,7896004705682.0,Miorrelax 300mg/50mg/35mg 10 Comprimidos,"21,90","21,90",-,"21,90",-
SãoJoão,Disponível,389.0,14,7896658016653.0,Bravan 80mg 30 Comprimidos Revestidos Aché,"51,29","42,99",-16.2%,"42,99",-16.2%
SãoJoão,Disponível,389.0,13,7896004731582.0,Escitalopram 20mg 30 Comprimidos Revestidos Genérico EMS (C1),"169,07","28,90",-82.9%,"28,90",-82.9%
SãoJoão,Disponível,388.0,15,7896004712673.0,Alergaliv Loratadina Legrand 10mg 15 Comprimidos,"15,90","11,19",-29.6%,"11,19",-29.6%
SãoJoão,Disponível,388.0,12,7899420502330.0,Aval 160mg 30 Comprimidos Revestidos Supera,"60,58","60,58",-,"60,58",-
SãoJoão,Disponível,388.0,14,7896015530327.0,Flutivate Creme 30g,"124,90","124,90",-,"124,90",-
SãoJoão,Disponível,388.0,12,7896094927551.0,Alevo 500mg 10 Comprimidos Supera,"73,70","63,89",-13.3%,"63,89",-13.3%
SãoJoão,Disponível,388.0,15,7896658035784.0,Inzelm 20mg 30 Comprimidos,"220,78","220,78",-,"220,78",-
SãoJoão,Indisponível,388.0,14,0.0,Fenaflan Ice Aerossol Teuto 150ml,0,0,0,0,0
SãoJoão,Disponível,388.0,13,7891721028595.0,Janumet 50+850Mg 56 Comprimidos Merck,"43,62","38,49",-11.8%,"38,49",-11.8%
SãoJoão,Disponível,388.0,13,7896658024979.0,Bravan Duo 160+10mg 30 Comprimidos Revestidos Aché,"69,84","69,84",-,"69,84",-
SãoJoão,Disponível,388.0,13,7896004706382.0,Amoxicilina 875mg 14 Comprimidos Revestidos Genérico EMS,"82,67","44,90",-45.7%,"44,90",-45.7%
SãoJoão,Disponível,388.0,14,7898569762858.0,Telmisartana 80mg Genérico Althaia 30 Comprimidos,"106,49","89,90",-15.6%,"89,90",-15.6%
SãoJoão,Disponível,388.0,14,7899547513219.0,Tadalafila 20mg Genérico Prati 4 Comprimidos Revestidos,"30,11","12,99",-56.9%,"12,99",-56.9%
SãoJoão,Disponível,388.0,14,7897337705806.0,Cosopt Solução Oftálmica 5ml Mundipharma,"189,78","151,82",-20.0%,"151,82",-20.0%
SãoJoão,Indisponível,388.0,14,0.0,Gel Reparil Mylan 30g,0,0,0,0,0
SãoJoão,Disponível,388.0,14,7500435231527.0,Cebion Zinco + Vitamina D 1g + 10 + 10mg 30 Comprimidos Efervescentes Procter,"57,90","49,79",-14.0%,"49,79",-14.0%
SãoJoão,Disponível,388.0,14,7898148300556.0,Azitromicina 1g 1 Comprimido Revestido Genérico Prati,"28,41","25,89",-8.9%,"25,89",-8.9%
SãoJoão,Disponível,387.0,14,7896015591847.0,Sonrisal Limão 2 Comprimidos GSK AV*,"15,86","12,99",-18.1%,"12,99",-18.1%
SãoJoão,Disponível,387.0,15,7896016801655.0,Sustrate 10mg 50 Comprimidos FQM,"39,26","34,29",-12.7%,"34,29",-12.7%
SãoJoão,Disponível,387.0,16,7891058003890.0,Anador 1g 10 Comprimidos,"16,81","16,81",-,"16,81",-
SãoJoão,Disponível,387.0,13,7896112411413.0,Livalo 2mg 60 Comprimidos Biolab,"89,58","89,58",-,"89,58",-
SãoJoão,Disponível,387.0,13,7896241270400.0,Drenison N Creme Biolab 30g,"44,52","39,89",-10.4%,"39,89",-10.4%
SãoJoão,Indisponível,387.0,13,0.0,"Zeel Composto Solução Injetável 10 Ampolas 2,0ml Heel",0,0,0,0,0
SãoJoão,Disponível,387.0,13,7894916516198.0,Konduz 75mg 56 Cápsulas Sigma Pharma (C1),"100,60","80,48",-20.0%,"80,48",-20.0%
SãoJoão,Disponível,387.0,14,7897337714488.0,Vytorin 10+20mg 30 Comprimidos Organon,"204,26","111,99",-45.2%,"111,99",-45.2%
SãoJoão,Disponível,387.0,13,7896658020605.0,Ekson 200+50mg 30 Comprimidos Aché,"123,88","123,88",-,"123,88",-
SãoJoão,Disponível,387.0,14,7896685303290.0,Florax SM Adulto Uva Solução Oral 5 Flaconetes de 5ml,"54,37","45,90",-15.6%,"45,90",-15.6%
SãoJoão,Disponível,387.0,14,7896026170475.0,Enxaguante Bucal Malvatricin PPU 250ml,"40,77","38,49",-5.6%,"38,49",-5.6%
SãoJoão,Disponível,387.0,13,7898700410488.0,Fexofenadina 6mg/ml 60ml Vitamedic,"26,04","26,04",-,"26,04",-
SãoJoão,Indisponível,387.0,13,0.0,Cibex 200mg 10cap Supera (C1),0,0,0,0,0
SãoJoão,Disponível,387.0,13,7896269900617.0,Trok G Creme Dermatológico 30g,"49,35","49,35",-,"49,35",-
SãoJoão,Disponível,387.0,14,7896548115299.0,"Pomada Oftálmica Tobrex 3,5g Novartis","50,22","44,69",-11.0%,"44,69",-11.0%
SãoJoão,Disponível,387.0,16,7891142128638.0,Celestone Soluspan 1x1ml Ampola Mantecorp,"33,44","28,89",-13.6%,"28,89",-13.6%
SãoJoão,Disponível,387.0,13,7896046300036.0,Artelac Solução Oftálmica 10ml,"26,57","24,79",-6.7%,"24,79",-6.7%
SãoJoão,Disponível,387.0,14,7891317025564.0,"Cetoconazol 20mg + Dipropionato De Betametasona 0,64mg + Sulfato De Neomicina 2,5mg Genérico Medley","20,39","20,39",-,"20,39",-
SãoJoão,Disponível,386.0,13,7891721022579.0,Glifage XR 1g 30 Comprimidos Merck,"56,79","56,79",-,"56,79",-
SãoJoão,Disponível,386.0,14,7898133134234.0,Ibuprotrat Solução Oral 50mg 30ml Framboesa Natulab,"9,99","9,99",-,"9,99",-
SãoJoão,Disponível,386.0,13,7899547501483.0,Azitromicina 600mg 15ml Genérico Prati,"67,01","58,69",-12.4%,"58,69",-12.4%
SãoJoão,Indisponível,386.0,12,0.0,Ambroxmel 3mg 120ml Infantil Cimed,0,0,0,0,0
SãoJoão,Disponível,386.0,14,7897076921680.0,Succi Solifenacina 10mg 30 Comprimidos Revestidos Genérico Ranbaxy,"180,94","180,94",-,"180,94",-
SãoJoão,Disponível,386.0,14,7897595621177.0,Cloridrato De Sotalol 160mg Genérico Sandoz 30 Comprimidos,"104,43","59,90",-42.6%,"59,90",-42.6%
SãoJoão,Disponível,386.0,12,7896523210070.0,Hidroclorotiazida 25mg Genérico Cimed 30 Comprimidos,"6,53","3,69",-43.5%,"3,69",-43.5%
SãoJoão,Disponível,386.0,15,7896637035637.0,Duepoli 500mg 30 Comprimido  Apsen (C1),"58,23","58,23",-,"58,23",-
SãoJoão,Disponível,386.0,13,7896004725420.0,Nistatina Genérico EMS Solução Oral 50ml,"20,18","16,39",-18.8%,"16,39",-18.8%
SãoJoão,Disponível,386.0,16,7899420508448.0,Biquiz 10mg 30 Comprimidos Revestidos Supera (C1),"66,50","55,69",-16.3%,"55,69",-16.3%
SãoJoão,Disponível,386.0,15,7908134200552.0,Slinda Exeltis 4mg 72 Comprimidos + 12 Placebos,"307,85","244,19",-20.7%,"244,19",-20.7%
SãoJoão,Disponível,386.0,14,7896004706764.0,Xarope Dexclor Mais Betametasona 120ml Celergin EMS,"29,90","27,49",-8.1%,"27,49",-8.1%
SãoJoão,Disponível,386.0,13,7898609960565.0,Prolia 60mg 1ml Inj 1Ser Preench Amgen,"1193,59","1193,59",-,"1193,59",-
SãoJoão,Disponível,385.0,13,7896015520298.0,Clavulin 250Mg 100Ml Gsk,"134,33","134,33",-,"134,33",-
SãoJoão,Disponível,385.0,13,7898430194009.0,Cod Supera 30mg 30 Comprimidos (A2),"142,90","142,90",-,"142,90",-
SãoJoão,Disponível,385.0,14,7896523216812.0,Histadin D 5mg/120mg 12 Comprimidos,"19,90","19,90",-,"19,90",-
SãoJoão,Disponível,385.0,13,7896637031608.0,Inilok 40mg 90 Comprimidos Revestidos,"154,89","125,09",-19.2%,"125,09",-19.2%
SãoJoão,Disponível,385.0,15,7896112406402.0,"Level Biolab 0,1mg + 0,02mg 21 Comprimidos Revestidos","77,97","77,97",-,"77,97",-
SãoJoão,Disponível,385.0,12,7896094209503.0,"Iziz 2,5mg/1,5mg 28 Comprimidos","58,89","50,19",-14.8%,"50,19",-14.8%
SãoJoão,Disponível,385.0,15,7896523200286.0,Mirtazapina 30mg 30 Comprimidos Orodispersíveis Genérico Cimed (C1),"173,61","89,90",-48.2%,"89,90",-48.2%
SãoJoão,Disponível,385.0,15,7896026304245.0,"Micardis Hct 80+12,5Mg 30 Comprimidos Boehringer","239,18","192,49",-19.5%,"192,49",-19.5%
SãoJoão,Disponível,385.0,15,7896226500614.0,"Rocefin IM 1G Injeção 1X3,5Ml Roche","115,90","115,90",-,"115,90",-
SãoJoão,Disponível,385.0,14,7908020507314.0,"Desloratadina 1,25mg/ml 20ml Genérico Cifarma","33,01","30,39",-7.9%,"30,39",-7.9%
SãoJoão,Disponível,385.0,12,7896226503721.0,Prolopa 100mg/25mg 30 Comprimidos,"96,38","78,79",-18.3%,"78,79",-18.3%
SãoJoão,Disponível,385.0,14,7896422504652.0,Zinpass Eze 40mg/10mg 30 Comprimidos Revestidos,"183,70","149,79",-18.5%,"149,79",-18.5%
SãoJoão,Disponível,384.0,16,7896004791111.0,Olmesartana Genérico EMS 40mg 30 Comprimidos Revestidos,"57,01","41,90",-26.5%,"41,90",-26.5%
SãoJoão,Disponível,384.0,14,7896241225530.0,Ablok 100mg 30 Comprimidos Biolab,"63,16","52,99",-16.1%,"52,99",-16.1%
SãoJoão,Disponível,384.0,13,7896658006043.0,Olmy Anlo 40mg/5mg 30 Comprimidos Revestidos,"69,53","69,53",-,"69,53",-
SãoJoão,Disponível,384.0,14,7896004701820.0,Diclofenaco Potássico Genérico Teuto 50mg 20 Comprimidos,"28,48","16,39",-42.5%,"16,39",-42.5%
SãoJoão,Disponível,384.0,12,7896004729640.0,Rosuvastatina 10mg 30 Comprimidos Revestidos Genérico EMS,"113,61","19,90",-82.5%,"19,90",-82.5%
SãoJoão,Disponível,384.0,15,7891317412708.0,Antara 750mg 30 Comprimidos Revestidos Eurofarma (C1),"25,73","23,59",-8.3%,"23,59",-8.3%
SãoJoão,Disponível,384.0,12,7897595633675.0,Bissulfato De Clopidogrel 75mg Genérico Novartis 28 Comprimidos Revestidos,"67,46","29,99",-55.5%,"29,99",-55.5%
SãoJoão,Disponível,383.0,12,7896004767130.0,Zolpidem 10mg 30 Comprimidos Revestidos Genérico Cimed (B1),"80,49","19,90",-75.3%,"19,90",-75.3%
SãoJoão,Disponível,383.0,14,7896004746029.0,Ibuprofeno 400mg 4 Cápsulas Ibuliv SEM Avulso,"9,90","8,39",-15.3%,"8,39",-15.3%
SãoJoão,Disponível,383.0,14,7899420506307.0,Carlit XR 450mg 30 Comprimidos Supera (C1),"73,52","73,52",-,"73,52",-
SãoJoão,Disponível,383.0,14,7898109240099.0,Bacfar F 100ml Elofar,"38,86","38,86",-,"38,86",-
SãoJoão,Disponível,383.0,13,7896255766906.0,Piascledine 300Mg 30 Cápsulas Abbott,"340,64","340,64",-,"340,64",-
SãoJoão,Disponível,383.0,14,7899337000653.0,Myrbetric 50mg 30 Comprimidos Revestidos,"271,99","271,99",-,"271,99",-
SãoJoão,Disponível,383.0,13,7899547524772.0,Sildenafila Genérico Prati 50mg 2 Comprimidos Revestidos,"15,56","5,99",-61.5%,"5,99",-61.5%
SãoJoão,Disponível,383.0,14,7896094209527.0,Reconter 10mg 60 Comprimidos Revestidos,"118,09","97,29",-17.6%,"97,29",-17.6%
SãoJoão,Disponível,383.0,14,7896658034435.0,Gaeso 40mg 28 Comprimidos,"191,23","154,09",-19.4%,"154,09",-19.4%
SãoJoão,Disponível,383.0,13,7896004761299.0,Cilostazol 100mg 30 Comprimidos Genérico EMS,"43,33","37,79",-12.8%,"37,79",-12.8%
SãoJoão,Disponível,383.0,13,7896094932654.0,Neosaldina Muscular 20 Comprimidos Hypera Pharma,"15,71","15,71",-,"15,71",-
SãoJoão,Disponível,383.0,13,7896004766997.0,Xanev Rivaroxabana 10mg 30 Comprimidos Revestidos Mylan,"271,97","59,90",-78.0%,"59,90",-78.0%
SãoJoão,Indisponível,383.0,12,0.0,"Strepsils Mel e Limão 8,75mg 8 Pastilhas",0,0,0,0,0
SãoJoão,Disponível,383.0,14,7896261000261.0,Voltaren Retard 100mg 10 Comprimidos Novartis,"54,18","41,25",-23.9%,"41,25",-23.9%
SãoJoão,Disponível,383.0,13,7896023707872.0,Fitocalm 20 Comprimidos Revestidos,"44,90","44,90",-,"44,90",-
SãoJoão,Disponível,383.0,14,7894916516648.0,Rohydorm 1mg 30 Comprimidos Revestidos Sigma Pharma (B1),"28,98","25,39",-12.4%,"25,39",-12.4%
SãoJoão,Disponível,383.0,13,7891045031455.0,Elifore 50mg 28 Comprimidos Revestidos Pfizer (C1),"177,19","106,31",-40.0%,"106,31",-40.0%
SãoJoão,Indisponível,383.0,13,0.0,Calminex Ice Gel Instantâneo Hypera Pharma 170g,0,0,0,0,0
SãoJoão,Disponível,383.0,14,7896004705088.0,Piroxicam 20mg 10 Comprimidos Genérico EMS,"23,83","22,29",-6.5%,"22,29",-6.5%
SãoJoão,Disponível,383.0,13,7898244720135.0,Lidosporin Solução Otológica FQM 10ml,"16,71","16,71",-,"16,71",-
SãoJoão,Disponível,383.0,15,7896015520533.0,Sonrisal GSK 2 Comprimidos Efervescentes,"3,18","2,69",-15.4%,"2,69",-15.4%
SãoJoão,Disponível,383.0,13,7896641810510.0,Sabonete Líquido Íntimo Proctoderm 100ml,"63,62","63,62",-,"63,62",-
SãoJoão,Disponível,383.0,14,7891317177645.0,"Primera 20 0,150mg/0,020mg 21 Comprimidos","44,50","38,49",-13.5%,"38,49",-13.5%
SãoJoão,Disponível,383.0,14,7896637031509.0,Invokana 300mg 30 Comprimidos Janssen,"72,96","72,96",-,"72,96",-
SãoJoão,Disponível,382.0,13,7896094917637.0,Lipanon 250mg 60 Comprimidos Liberação Retardada Hypermarcas,"268,83","215,06",-20.0%,"215,06",-20.0%
SãoJoão,Disponível,382.0,16,7891317444952.0,Tâmisa 20 75mcg/20mcg 63 Comprimidos Revestidos,"93,45","77,49",-17.1%,"77,49",-17.1%
SãoJoão,Disponível,382.0,14,7891317006938.0,Pondera 20mg 30 Comprimidos Revestidos,"221,30","177,04",-20.0%,"177,04",-20.0%
SãoJoão,Disponível,382.0,14,7896004703381.0,Diclofenaco Resinato Solução Oral 20ml Genérico EMS,"20,27","20,27",-,"20,27",-
SãoJoão,Disponível,382.0,12,7898109241645.0,Secfar 1000Mg 2 Comprimidos Elofar,"32,76","32,76",-,"32,76",-
SãoJoão,Disponível,382.0,14,7896004711690.0,Creme Dipropionato de Betametasona + Sulfato de Gentamicina 30g Genérico EMS,"33,15","29,39",-11.3%,"29,39",-11.3%
SãoJoão,Disponível,382.0,13,7896004769028.0,Doralgina 30mg/300mg/30mg 4 Comprimidos,"19,90","19,90",-,"19,90",-
SãoJoão,Disponível,382.0,14,7896658035340.0,Pant 50mg/ml Sol Capi 3 frascos 50ml+1 válvula spray,"191,01","158,09",-17.2%,"158,09",-17.2%
SãoJoão,Disponível,382.0,12,7896181921363.0,Betaistina 24mg 30 Comprimidos Genérico Biosintética,"42,22","35,99",-14.8%,"35,99",-14.8%
SãoJoão,Disponível,382.0,14,7896094999510.0,Nesina Pio 25+30Mg 30 Comprimidos Revestidos Takeda,"275,90","275,90",-,"275,90",-
SãoJoão,Disponível,382.0,13,7897705203224.0,Novolin N U-100 10 mL Novo Nordisk,"66,56","66,56",-,"66,56",-
SãoJoão,Disponível,382.0,14,7899095238671.0,Escitalopram 20mg 30 Comprimidos Revestidos Genérico Novartis (C1),"69,32","29,90",-56.9%,"29,90",-56.9%
SãoJoão,Disponível,382.0,14,7891317000134.0,Paco 500mg/30mg 36 Comprimidos,"79,59","69,59",-12.6%,"69,59",-12.6%
SãoJoão,Disponível,382.0,13,7896004700533.0,Enalapril 10mg 30 Comprimidos Genérico EMS,"25,13","7,09",-71.8%,"7,09",-71.8%
SãoJoão,Disponível,382.0,14,7896331708844.0,Pilocarpina 2% Solução Oftálmica 10ml,"39,99","39,99",-,"39,99",-
SãoJoão,Disponível,382.0,13,7891158101830.0,Divalcon ER 500mg 30 Comprimidos Revestidos Abbott (C1),"114,54","93,09",-18.7%,"93,09",-18.7%
SãoJoão,Disponível,382.0,13,7896523201887.0,Dipirona 1g Genérico Cimed 10 Comprimidos,"27,67","5,99",-78.4%,"5,99",-78.4%
SãoJoão,Disponível,382.0,15,7898169080642.0,Dermacerium 30G Silvestre,"70,86","60,99",-13.9%,"60,99",-13.9%
SãoJoão,Disponível,382.0,13,7896006226208.0,Britens 5ml União Química,"125,30","101,89",-18.7%,"101,89",-18.7%
SãoJoão,Disponível,382.0,14,7896094999497.0,Lacto-Purga 5mg 6 Comprimidos Revestidos,"11,85","11,85",-,"11,85",-
SãoJoão,Disponível,382.0,13,7896714217093.0,"Meloxicam 7,5mg 10 Comprimidos Genérico Nova Química","4,66","4,66",-,"4,66",-
SãoJoão,Disponível,381.0,15,7896806601243.0,Canabidiol 100mg/ml 30ml Ease Labs (B1),"1142,00","1142,00",-,"1142,00",-
SãoJoão,Disponível,381.0,15,7897595635198.0,Aciclovir 200mg 50 Comprimidos Genérico Sandoz,"169,72","84,90",-50.0%,"84,90",-50.0%
SãoJoão,Disponível,381.0,14,7896714267241.0,Hidroclorotiazida 25mg Genérico Neo Química 30 Comprimidos,"6,94","4,99",-28.1%,"4,99",-28.1%
SãoJoão,Disponível,381.0,15,7891721029974.0,Concor Anlo 5mg/5mg 30 Comprimidos,"97,54","79,29",-18.7%,"79,29",-18.7%
SãoJoão,Disponível,381.0,13,7898040320768.0,Dolamin 125mg 16 Comprimidos Revestidos FQM,"35,52","31,89",-10.2%,"31,89",-10.2%
SãoJoão,Disponível,381.0,12,7896336601119.0,Castanha da Índia Composta 30 Drágeas,"39,99","39,99",-,"39,99",-
SãoJoão,Disponível,381.0,15,5060632508515.0,"Systen Sequi 3,2+11,2mg 4 Adesivos Theramex","154,76","123,81",-20.0%,"123,81",-20.0%
SãoJoão,Indisponível,381.0,13,0.0,Fiber Mais Laranja 170g Nestle,0,0,0,0,0
SãoJoão,Disponível,381.0,15,7896422521710.0,Prazol 30mg 28 Cápsulas Cellera,"116,76","116,76",-,"116,76",-
SãoJoão,Disponível,381.0,14,5413787002795.0,Keppra 250mg 30 Comprimidos Revestidos,"78,99","60,29",-23.7%,"60,29",-23.7%
SãoJoão,Disponível,381.0,14,7896658005299.0,Flogoral Spray Cereja 30ml Aché,"42,28","39,29",-7.1%,"39,29",-7.1%
SãoJoão,Disponível,381.0,13,7891317004170.0,Preni Solução 3mg/ml 120ml Eurofarma,"49,45","49,45",-,"49,45",-
SãoJoão,Disponível,381.0,13,7894916512718.0,Impere 5mg 30 Comprimidos Revestidos EMS,"154,80","154,80",-,"154,80",-
SãoJoão,Disponível,381.0,13,7894916503358.0,Azi Suspensão Oral Sigma Pharma 600mg,"36,11","36,11",-,"36,11",-
SãoJoão,Disponível,381.0,13,7898907313858.0,"Ciproterona + Etinilestradiol 2 + 0,35 mg 21 Comprimidos Revestidos Genérico Biosintética","27,48","24,39",-11.2%,"24,39",-11.2%
SãoJoão,Disponível,381.0,16,7898430194122.0,"Nasoar Lota 0,9% 15 Envelopes Myralis","89,99","89,99",-,"89,99",-
SãoJoão,Disponível,381.0,13,7896004730981.0,Citalopram 20mg 30 Comprimidos Revestidos Genérico EMS (C1),"64,06","26,90",-58.0%,"26,90",-58.0%
SãoJoão,Disponível,381.0,13,7896685302880.0,Bromelin Z 100ml Hebron,"75,23","67,39",-10.4%,"67,39",-10.4%
SãoJoão,Disponível,381.0,14,7896714291895.0,"Picbam 2,5mg 60 Comprimidos Revestidos Mantecorp","288,38","288,38",-,"288,38",-
SãoJoão,Disponível,381.0,14,7897411602311.0,Livalo 2mg 30 Comprimidos Revestidos,"233,23","186,58",-20.0%,"186,58",-20.0%
SãoJoão,Disponível,380.0,13,7896006237372.0,Fenobarbital 100mg 30 Comprimidos Genérico União Química,"12,99","7,39",-43.1%,"7,39",-43.1%
SãoJoão,Disponível,380.0,12,7899420501647.0,Senes 10mg 30 Comprimidos Revestidos Supera (C1),"123,15","123,15",-,"123,15",-
SãoJoão,Disponível,380.0,14,7894164005727.0,Magmilk 350ml Tradicional,"12,90","12,90",-,"12,90",-
SãoJoão,Disponível,380.0,12,7892953001837.0,Multi-Bi 335mg 10 Cápsulas,"62,42","53,49",-14.3%,"53,49",-14.3%
SãoJoão,Disponível,380.0,13,7891158101809.0,Divalcon ER 250mg 30 Comprimidos Revestidos Abbott (C1),"56,86","56,86",-,"56,86",-
SãoJoão,Disponível,380.0,14,7896658048203.0,"Feminique 20 3+0,02mg 24 Comprimidos Revestidos Ache","69,38","69,38",-,"69,38",-
SãoJoão,Disponível,380.0,13,7892953207956.0,Xumer 90mg 7 Comprimidos Revestidos Adium (C1),"68,61","51,46",-25.0%,"51,46",-25.0%
SãoJoão,Disponível,380.0,12,7896331702583.0,ABC Spray Hertz Clotrimazol 30ml,"39,90","39,90",-,"39,90",-
SãoJoão,Disponível,380.0,13,7896004775043.0,Aciclovir 400mg 30 Comprimidos Genérico EMS,"207,20","99,00",-52.2%,"99,00",-52.2%
SãoJoão,Disponível,380.0,13,7896676436129.0,Fenergan 25mg 20 Comprimidos Revestidos,"14,13","12,89",-8.8%,"12,89",-8.8%
SãoJoão,Disponível,380.0,13,7896112492740.0,Triazol Biolab 150mg 1 Cápsula,"38,17","33,99",-11.0%,"33,99",-11.0%
SãoJoão,Disponível,379.0,15,7896523214047.0,Sildenafil 50mg 4 Comprimidos Revestidos Genérico Cimed,"19,75","15,29",-22.6%,"15,29",-22.6%
SãoJoão,Disponível,379.0,15,7896006290070.0,Cetrolac Solução Oftalmológica 5ml,"70,70","61,39",-13.2%,"61,39",-13.2%
SãoJoão,Disponível,379.0,14,7896261020801.0,Zofran 2mg/ml Sol Inj 5Amp 2ml Sandoz,"735,00","735,00",-,"735,00",-
SãoJoão,Disponível,379.0,13,7897316805442.0,Zypred Suspensão Oftamológica 6Ml Allergan,"94,96","80,79",-14.9%,"80,79",-14.9%
SãoJoão,Indisponível,379.0,14,0.0,Fentizol CR 20g Aché,0,0,0,0,0
SãoJoão,Disponível,379.0,12,7891317122027.0,Tunta 300mg 30 Comprimidos Revestidos Eurofarma,"60,36","49,49",-18.0%,"49,49",-18.0%
SãoJoão,Disponível,379.0,13,7898549750615.0,Bio 5 30 Sachês Genom,"209,90","209,90",-,"209,90",-
SãoJoão,Disponível,379.0,16,7896658038440.0,Soanza XR 35mg 60 Comprimidos Aché,"51,80","51,80",-,"51,80",-
SãoJoão,Disponível,379.0,12,7896094201477.0,"Natifa 1mg/0,5mg 28 Comprimidos","96,98","78,59",-19.0%,"78,59",-19.0%
SãoJoão,Disponível,379.0,15,7892953003558.0,"Dutam 0,5mg/0,4mg 30 Cápsulas","121,32","103,12",-15.0%,"103,12",-15.0%
SãoJoão,Disponível,379.0,13,7896658048265.0,Kalist Dienogeste 2mg 84 Comprimidos Aché,"163,87","133,09",-18.8%,"133,09",-18.8%
SãoJoão,Disponível,379.0,13,8903855090931.0,Leps ER 250mg 30 Comprimidos Revestidos Torrent (C1),"32,60","28,89",-11.4%,"28,89",-11.4%
SãoJoão,Indisponível,379.0,15,0.0,Hidrocin 20Ml Ache,0,0,0,0,0
SãoJoão,Disponível,379.0,15,7896714291437.0,Bilastina 20Mg 30 Comprimidos Genérico Neo Quimica,"93,27","73,59",-21.1%,"73,59",-21.1%
SãoJoão,Disponível,379.0,16,7897337716345.0,"Minian 0,150mg/0,02mg 21 Comprimidos Revestidos","51,79","35,21",-32.0%,"35,21",-32.0%
SãoJoão,Disponível,379.0,12,7896206402426.0,"Atacand Hct 8+12,5Mg 30 Cápsulas Astrazeneca","178,57","178,57",-,"178,57",-
SãoJoão,Disponível,379.0,15,7896658005145.0,Prelone 20mg 10 Comprimidos Aché,"36,22","32,09",-11.4%,"32,09",-11.4%
SãoJoão,Disponível,378.0,13,7894916509343.0,Gabaneurin 400mg 30 Cápsulas Sigma Pharma (C1),"72,76","72,76",-,"72,76",-
SãoJoão,Disponível,378.0,12,7891035001109.0,Nuromol Analgésico 200mg/500mg 12 Comprimidos,"32,59","32,59",-,"32,59",-
SãoJoão,Disponível,378.0,13,7891106915076.0,Aspirina Microativa 500mg 4 Comprimidos Revestidos Bayer Avulso,"72,61","61,49",-15.3%,"61,49",-15.3%
SãoJoão,Disponível,378.0,15,7891317450700.0,Sibus 10mg 30 Cápsulas Dura Eurofarma,"59,67","49,99",-16.2%,"49,99",-16.2%
SãoJoão,Disponível,378.0,13,7896658047022.0,Zastat 20mg 10 Comprimidos Aché,"26,92","25,09",-6.8%,"25,09",-6.8%
SãoJoão,Disponível,378.0,13,7898060132600.0,Loperamida 2mg 12 Comprimidos Genérico Globo,"6,88","6,39",-7.1%,"6,39",-7.1%
SãoJoão,Disponível,378.0,12,7891317425869.0,Viagra 50mg 2 Comprimidos Revestidos,"14,53","14,53",-,"14,53",-
SãoJoão,Disponível,378.0,14,7896112425496.0,Pantogar 60 Cápsulas,"341,78","341,78",-,"341,78",-
SãoJoão,Disponível,378.0,12,5702191007947.0,Pomada Daivonex Roche 30g Leofarma,"135,70","117,29",-13.6%,"117,29",-13.6%
SãoJoão,Disponível,378.0,14,7896422506786.0,Dexclorfeniramina 120ml Genérico Medley,"17,75","17,75",-,"17,75",-
SãoJoão,Disponível,378.0,14,7896112114413.0,Ipratrópio Genérico Prati 20ml,"13,49","11,79",-12.6%,"11,79",-12.6%
SãoJoão,Disponível,378.0,15,7896422505970.0,Bromazepam 6mg Genérico Medley 30 Comprimidos (B1),"33,37","19,99",-40.1%,"19,99",-40.1%
SãoJoão,Disponível,378.0,16,7896641808227.0,Kaloba 111mg 21 Comprimidos Revestidos,"120,17","102,09",-15.0%,"102,09",-15.0%
SãoJoão,Disponível,378.0,13,5413787005796.0,Keppra 750mg 60 Comprimidos Revestidos UCB (C1),"819,53","819,53",-,"819,53",-
SãoJoão,Disponível,378.0,18,7896658024993.0,Bravan Duo 320+5mg 30 Comprimidos Revestidos Aché,"103,79","103,79",-,"103,79",-
SãoJoão,Disponível,378.0,13,7896026171328.0,Fisiocrem Active 30ml,"46,57","46,57",-,"46,57",-
SãoJoão,Disponível,377.0,13,8902220108370.0,Epez 5mg 30 Comprimidos Revestidos Torrent (C1),"71,82","58,49",-18.6%,"58,49",-18.6%
SãoJoão,Disponível,377.0,13,7894916514637.0,Entresto 49mg/51mg 60 Comprimidos Revestidos,"129,55","103,69",-20.0%,"103,69",-20.0%
SãoJoão,Disponível,377.0,13,7897595634153.0,Zinnat 250mg 70ml Sandoz,"175,87","151,29",-14.0%,"151,29",-14.0%
SãoJoão,Disponível,377.0,15,8903855083391.0,"Olmecor Triplo 20+5+12,5mg 30 comprimidos revestidos Torrent","142,10","142,10",-,"142,10",-
SãoJoão,Disponível,377.0,15,7896004704999.0,Dexclorfeniramina Xarope 120ml Genérico EMS,"24,20","18,59",-23.2%,"18,59",-23.2%
SãoJoão,Disponível,377.0,14,8903855086668.0,Lacosamida 200mg 30 Comprimidos Revestidos Genérico Torrent (C1),"435,36","435,36",-,"435,36",-
SãoJoão,Disponível,377.0,14,7896004726403.0,"Xarope Desloratadina 0,5mg/ml 60ml Genérico EMS","47,53","38,39",-19.2%,"38,39",-19.2%
SãoJoão,Disponível,377.0,16,7896255763233.0,Depakote SPR 125mg 60 Cápsulas Abbott (C1),"98,56","78,85",-20.0%,"78,85",-20.0%
SãoJoão,Disponível,377.0,13,7891317004088.0,Preni 5mg 10 Comprimidos Eurofarma,"22,42","20,29",-9.5%,"20,29",-9.5%
SãoJoão,Disponível,377.0,15,7896094206380.0,Naprix 10mg 30 Comprimidos,"84,02","69,19",-17.7%,"69,19",-17.7%
SãoJoão,Disponível,377.0,13,7896637031219.0,Alois 20mg 30 Comprimidos Revestidos Apsen (C1),"206,47","165,89",-19.7%,"165,89",-19.7%
SãoJoão,Disponível,377.0,15,7896226500416.0,Bactrim 400mg/80mg 20 Comprimidos,"38,31","27,50",-28.2%,"27,50",-28.2%
SãoJoão,Disponível,377.0,14,7899095236400.0,Ibuprofeno 100mg 20ml Genérico Germed,"21,08","10,49",-50.2%,"10,49",-50.2%
SãoJoão,Disponível,377.0,13,7896094907119.0,Maracugina Pi 420mg 20 Comprimidos,"40,50","38,09",-6.0%,"38,09",-6.0%
SãoJoão,Disponível,377.0,12,7898318250551.0,Piroxicam 20mg 10 Comprimidos Genérico Germed,"22,87","16,90",-26.1%,"16,90",-26.1%
SãoJoão,Disponível,377.0,13,7895858010362.0,Imuran 50mg 50 Comprimidos Revestidos Aspen,"286,36","229,09",-20.0%,"229,09",-20.0%
SãoJoão,Disponível,377.0,13,7896523228150.0,Xarope Cimetosse 120ml Mel e Menta Cimed,"24,90","24,90",-,"24,90",-
SãoJoão,Disponível,377.0,13,7898040329341.0,"Simbioflora Multi 15 Sachês X 6,7g FMQ","114,49","101,39",-11.4%,"101,39",-11.4%
SãoJoão,Disponível,377.0,12,7897337704984.0,Arcoxia 90mg 7 Comprimidos Supera (C1),"84,71","73,89",-12.8%,"73,89",-12.8%
SãoJoão,Disponível,377.0,14,7898040323844.0,Probiatop Pó para Solução Oral 30 Sachês de 1g,"179,96","155,79",-13.4%,"155,79",-13.4%
SãoJoão,Disponível,376.0,12,7896658048821.0,Infoc 75mg 30 Comprimidos Biosintética (C1),"48,98","39,79",-18.8%,"39,79",-18.8%
SãoJoão,Disponível,376.0,12,7896004715650.0,Dipirona 100ml Solução Genérico Germed,"20,78","19,59",-5.7%,"19,59",-5.7%
SãoJoão,Disponível,376.0,12,7898244720791.0,Hedd 10mg 30 Comprimidos FQM (C1),"193,18","193,18",-,"193,18",-
SãoJoão,Disponível,376.0,15,7896676429145.0,"Quera 0,25mg 30 Comprimidos Cristália (C1)","45,41","37,39",-17.7%,"37,39",-17.7%
SãoJoão,Disponível,376.0,16,7891317031275.0,20BI 10 Cápsulas Momenta Novo,"109,99","109,99",-,"109,99",-
SãoJoão,Disponível,376.0,14,7896083400171.0,Espinheira Santa 380mg 45 Cápsulas,"61,53","52,30",-15.0%,"52,30",-15.0%
SãoJoão,Disponível,376.0,14,7896637032728.0,Digeliv Apsen 400FCC 30 Comprimidos Mastigáveis,"107,90","97,79",-9.4%,"97,79",-9.4%
SãoJoão,Disponível,376.0,15,7896094917033.0,Aipri 10mg 30 Comprimidos Revestidos Mantecorp (C1),"294,72","294,72",-,"294,72",-
SãoJoão,Disponível,376.0,14,7896004714295.0,Emistin Creme EMS 20g,"35,90","33,09",-7.8%,"33,09",-7.8%
SãoJoão,Disponível,376.0,13,7896422511728.0,Albendazol Comprimido Mastigável Genérico Prati 400mg 1 Unidade,"9,76","4,99",-48.9%,"4,99",-48.9%
SãoJoão,Disponível,376.0,13,7899640808571.0,Quepsia LP 300mg 30 Comprimidos Momenta (C1),"397,79","397,79",-,"397,79",-
SãoJoão,Disponível,376.0,14,7896004747880.0,Celecoxibe 200mg 10 Cápsulas Genérico EMS (C1),"52,64","26,99",-48.7%,"26,99",-48.7%
SãoJoão,Disponível,376.0,14,7501007447285.0,Vick Pyrena 5g Envelope Camomila AV*,"5,61","5,61",-,"5,61",-
SãoJoão,Disponível,376.0,14,7896004705118.0,Cetoconazol + Betametasona Pomada Dermatológica 30g Genérico Medley,"32,60","29,49",-9.5%,"29,49",-9.5%
SãoJoão,Disponível,376.0,14,7896094915992.0,Novotram 100mg 10ml Gotas Hypermarchas (A2),"113,06","113,06",-,"113,06",-
SãoJoão,Disponível,376.0,14,7891317031039.0,Quelatus Mind 60 Cápsulas Momenta,"189,99","189,99",-,"189,99",-
SãoJoão,Disponível,375.0,14,7896016801501.0,Luftal 40mg 20 Comprimidos Reckitt,"44,45","41,19",-7.3%,"41,19",-7.3%
SãoJoão,Disponível,375.0,12,7896004706313.0,Prednisona 20mg 10 Comprimidos Genérico EMS,"27,79","10,21",-63.3%,"10,21",-63.3%
SãoJoão,Disponível,375.0,12,7896676433951.0,Vellana 100mg 30 Comprimidos Cristália (C1),"149,33","120,29",-19.4%,"120,29",-19.4%
SãoJoão,Disponível,375.0,14,7898430194757.0,Myrafer C 30mg + 80mg 30 Comprimidos Revestidos Myralis,"80,90","48,79",-39.7%,"48,79",-39.7%
SãoJoão,Disponível,375.0,15,7896004773339.0,Pregabalina 75mg 30 Cápsulas Genérico Eurofarma (C1),"110,08","36,90",-66.5%,"36,90",-66.5%
SãoJoão,Disponível,375.0,14,7893454714905.0,Culturelle Probiótico Maxx 7 Cápsulas Cellera,"90,99","90,99",-,"90,99",-
SãoJoão,Disponível,375.0,13,7896658029318.0,Dispetic 40mg 30 Comprimidos Revestidos Aché,"79,95","79,95",-,"79,95",-
SãoJoão,Disponível,375.0,13,7898565164250.0,"Apixabana 2,5mg Genérico NatcoFarma 60 Comprimidos Revestidos","167,16","167,16",-,"167,16",-
SãoJoão,Disponível,375.0,13,7896004731285.0,"Carvedilol 6,25mg 30 Comprimidos Genérico EMS","60,51","19,79",-67.3%,"19,79",-67.3%
SãoJoão,Disponível,375.0,13,7898216365166.0,Doxiciclina 100mg 15 Comprimidos Revestidos Genérico Pharlab,"44,35","37,69",-15.0%,"37,69",-15.0%
SãoJoão,Disponível,375.0,13,7896094915381.0,Atroveran Dip 1g 20 Comprimidos,"27,15","27,15",-,"27,15",-
SãoJoão,Disponível,375.0,14,7891010255909.0,Tylenol Bebê Suspensão Oral 15ml,"56,84","51,90",-8.7%,"51,90",-8.7%
SãoJoão,Disponível,375.0,13,7899420506185.0,Amoxicilina 400mg/ml + Clavulanato De Potássio 57mg/ml Genérico União Quimica 70ml,"86,06","86,06",-,"86,06",-
SãoJoão,Disponível,375.0,13,7896658000577.0,Pomada Motix Dermatológica 50g,"47,66","43,19",-9.4%,"43,19",-9.4%
SãoJoão,Disponível,375.0,13,7896261015609.0,"Exforge HCT 160+12,5+10mg 28 Comprimidos","234,93","234,93",-,"234,93",-
SãoJoão,Disponível,375.0,12,7893595770747.0,Óleo Essencial Therapi 10ml Lavabo,"49,90","49,90",-,"49,90",-
SãoJoão,Disponível,375.0,13,7896269900334.0,Betnovate N Creme GSK 30g,"48,61","48,61",-,"48,61",-
SãoJoão,Disponível,375.0,14,7898906376656.0,Keflex Bago 100mg/ml 15ml Gotas,"48,14","48,14",-,"48,14",-
SãoJoão,Disponível,375.0,15,7896004751641.0,Desogestrel 28 Comprimidos Revestidos Genérico EMS,"37,52","9,99",-73.4%,"9,99",-73.4%
SãoJoão,Indisponível,375.0,12,0.0,Prolive 1 000 000 000UFC 15 Cápsulas,0,0,0,0,0
SãoJoão,Disponível,375.0,12,7899420501791.0,Promim CR 30g 20 Aplicações Supera,"101,50","84,89",-16.4%,"84,89",-16.4%
SãoJoão,Disponível,375.0,12,7896070603271.0,Nootropil UCB 800mg 30 Comprimidos Revestidos,"47,57","39,89",-16.1%,"39,89",-16.1%
SãoJoão,Disponível,375.0,12,7894916507738.0,Clo 10mg 30 Comprimidos Revestidos Sigma Pharma (C1),"78,88","78,88",-,"78,88",-
SãoJoão,Disponível,375.0,13,7894916515801.0,Viagra 100mg 4 Comprimidos Revestidos,"69,88","69,88",-,"69,88",-
SãoJoão,Disponível,375.0,13,7896094206410.0,"Venzer HCT 16+12,5mg 30 Comprimidos Revestidos Libbs","95,02","76,99",-19.0%,"76,99",-19.0%
SãoJoão,Disponível,375.0,13,7896004713618.0,Algésico + Estradiol 150mg + 10mg Injeção Genérico EMS,"16,92","16,92",-,"16,92",-
SãoJoão,Disponível,375.0,13,7899337000080.0,Vesicare 5mg 30 Comprimidos Revestidos,"227,58","182,06",-20.0%,"182,06",-20.0%
SãoJoão,Disponível,375.0,14,7898179710096.0,AAS Infantil 100mg 10 Comprimidos Genérico EMS,"1,99","1,99",-,"1,99",-
SãoJoão,Disponível,375.0,14,7896004791104.0,Olmesartana + HCT 40 + 25mg 30 Comprimidos Revestidos Genérico EMS,"54,18","37,90",-30.0%,"37,90",-30.0%
SãoJoão,Disponível,375.0,13,7896523216621.0,Aciclovir 200mg 30 Comprimidos Genérico Cimed,"125,72","30,79",-75.5%,"30,79",-75.5%
SãoJoão,Indisponível,375.0,14,0.0,Benzetacil Solução Injetável 1 Frasco-ampola de 4ml,0,0,0,0,0
SãoJoão,Disponível,375.0,12,7896006219590.0,Algicod 500+30mg 12 Comprimidos Momenta (A2),"29,57","27,29",-7.7%,"27,29",-7.7%
SãoJoão,Disponível,374.0,12,7899095202313.0,Optilar 5mg/ml Solução Oftálmica 5ml Gbió,"41,49","38,09",-8.2%,"38,09",-8.2%
SãoJoão,Disponível,374.0,14,7899470807430.0,Floratil 250mg em Pó 6 Envelopes,"51,24","43,55",-15.0%,"43,55",-15.0%
SãoJoão,Disponível,374.0,13,7896006290216.0,Lacrifilm Solução Oftálmica 15ml,"47,65","40,79",-14.4%,"40,79",-14.4%
SãoJoão,Disponível,374.0,13,7898029559332.0,Agoxom 25mg 56 Comprimidos Servier (C1),"405,30","405,30",-,"405,30",-
SãoJoão,Disponível,374.0,13,7896523201382.0,Esomeprazol 20mg 28 Comprimidos Revestidos Cimed,"262,84","109,90",-58.2%,"109,90",-58.2%
SãoJoão,Disponível,374.0,13,7896004755519.0,Lacday 10 000U Fcc Enzima Lactase 30 Comprimidos Mastigáveis,"75,08","75,08",-,"75,08",-
SãoJoão,Disponível,374.0,15,7897595635013.0,Sirdalud 2mg 30 Comprimidos Sandoz,"69,38","59,69",-14.0%,"59,69",-14.0%
SãoJoão,Disponível,374.0,12,7896523210865.0,Ducodil 5mg 20 Comprimidos Revestidos,"11,11","11,11",-,"11,11",-
SãoJoão,Disponível,374.0,15,7891317020460.0,Spark solução 100mg/ml 150ml Momenta (C1),"129,48","129,48",-,"129,48",-
SãoJoão,Disponível,374.0,13,7896658049590.0,Zastat 40mg 7 Comprimidos Aché,"49,70","49,70",-,"49,70",-
SãoJoão,Disponível,374.0,13,7896422516945.0,Captopril 50mg 30 Comprimidos Genérico Germed,"36,00","36,00",-,"36,00",-
SãoJoão,Indisponível,374.0,15,0.0,Plantaben 30 Envelopes de 5g,0,0,0,0,0
SãoJoão,Indisponível,374.0,15,0.0,"Lur 0,5mg 60ml Biosintética",0,0,0,0,0
SãoJoão,Indisponível,374.0,13,0.0,Descon 120ml,0,0,0,0,0
SãoJoão,Disponível,374.0,13,7500435231534.0,Cebion Zinco + Vitamina D 1g + 10 + 10mg 10 Comprimidos Efervescentes Procter,"25,99","22,35",-14.0%,"22,35",-14.0%
SãoJoão,Disponível,374.0,14,7891317016333.0,Bilastina 20mg 30 Comprimidos Genérico Eurofarma,"93,27","77,79",-16.6%,"77,79",-16.6%
SãoJoão,Disponível,374.0,14,7896714200699.0,Corticorten 20mg 20 Comprimidos,"31,42","27,89",-11.2%,"27,89",-11.2%
SãoJoão,Disponível,374.0,13,7896004788968.0,Dorzal Legrand Solução Oftalmológica 2% 5ml,"16,90","16,90",-,"16,90",-
SãoJoão,Disponível,374.0,12,7896083412082.0,Colicaliv Solução Oral 30ml,"104,99","89,24",-15.0%,"89,24",-15.0%
SãoJoão,Disponível,374.0,13,7896658008788.0,Levoid 75mcg 30 Comprimidos Aché,"21,29","19,39",-8.9%,"19,39",-8.9%
SãoJoão,Disponível,374.0,15,7894916513050.0,Risedross 150Mg 1 Comprimido Sigma-Pharma,"187,38","154,69",-17.4%,"154,69",-17.4%
SãoJoão,Disponível,374.0,15,7891158042430.0,Klaricid 25mg/ml Suspensão Oral 60ml Abbott,"115,53","115,53",-,"115,53",-
SãoJoão,Disponível,374.0,14,78905023.0,Leite de Magnésia Original Suspensão Oral 350ml,"35,99","35,99",-,"35,99",-
SãoJoão,Disponível,374.0,12,7896637022644.0,"Yomax 5,4mg 60 Comprimidos","108,50","91,09",-16.0%,"91,09",-16.0%
SãoJoão,Disponível,374.0,14,7891142142283.0,Pomada Diprogenta 30G Mantecorp,"53,10","47,29",-10.9%,"47,29",-10.9%
SãoJoão,Disponível,374.0,14,7896094901582.0,Pomada Gelol Dermatológica 20g Hypera Pharma,"29,42","29,42",-,"29,42",-
SãoJoão,Disponível,373.0,14,7891317010218.0,Bup Xl 300mg 30 Comprimidos Eurofarma (C1),"140,18","112,79",-19.5%,"112,79",-19.5%
SãoJoão,Disponível,373.0,15,7899420502682.0,Asea 20mg 30 Comprimidos Revestidos Supera,"49,39","40,59",-17.8%,"40,59",-17.8%
SãoJoão,Disponível,373.0,13,7896004718460.0,Cetoconazol Creme Dermatológico 30g Genérico EMS,"32,18","15,69",-51.2%,"15,69",-51.2%
SãoJoão,Disponível,373.0,14,7896094928459.0,Gastrol 6 Envelopes Abacaxi Hypera Pharma,"18,75","18,75",-,"18,75",-
SãoJoão,Disponível,373.0,14,7891317412708.0,Astro 500mg 3 Comprimidos Revestidos Eurofarma,"25,73","23,59",-8.3%,"23,59",-8.3%
SãoJoão,Disponível,373.0,15,7896658049064.0,Frontlev 100mg/ml 100ml Ache (C1),"65,21","65,21",-,"65,21",-
SãoJoão,Disponível,373.0,13,7896548115251.0,"Patanol 0,1% 5ml Novartis","81,63","69,89",-14.4%,"69,89",-14.4%
SãoJoão,Disponível,373.0,14,7896422505680.0,Secnidazol 1000mg 2 Comprimidos Genérico Medley,"26,25","19,99",-23.8%,"19,99",-23.8%
SãoJoão,Disponível,373.0,15,7896112414971.0,Semtri 100mg 60 Comprimidos Biolab (C1),"75,73","63,89",-15.6%,"63,89",-15.6%
SãoJoão,Disponível,373.0,12,7896015560300.0,Eno Tradicional Pó Efervescente 100g,"30,36","22,99",-24.3%,"22,99",-24.3%
SãoJoão,Disponível,373.0,14,7894916510554.0,"Niki Conect 3mg + 0,02mg 90 Comprimidos Revestidos EMS","53,36","45,89",-14.0%,"45,89",-14.0%
SãoJoão,Disponível,373.0,15,7898907313803.0,"Dunia 35 2+0,035mg 63 Comprimidos Ache","67,93","67,93",-,"67,93",-
SãoJoão,Indisponível,372.0,13,0.0,Tioconazol 20mg/g + Tinidazol 30mg/g Genérico Prati Creme 35g + 7 Aplicadores,0,0,0,0,0
SãoJoão,Disponível,372.0,15,7896023788796.0,Xarope Guaco 150ml G500 Balsâmico Catarinense,"9,99","9,99",-,"9,99",-
SãoJoão,Disponível,372.0,13,7896004705330.0,Simeticona 15ml Genérico EMS,"17,65","10,90",-38.2%,"10,90",-38.2%
SãoJoão,Disponível,372.0,12,7898074616042.0,Dividol 36 Cápsulas Zambon (A1),"57,10","57,10",-,"57,10",-
SãoJoão,Indisponível,372.0,13,0.0,Novalgina Dipirona Dor e Febre Gotas Sanofi 500mg/ml 20ml,0,0,0,0,0
SãoJoão,Disponível,372.0,14,7896261020184.0,Seebri 50mcg 30 Cápsulas,"293,53","293,53",-,"293,53",-
SãoJoão,Disponível,372.0,13,735201084169.0,Floral Kids Therapy 30ml Pesadelos,"36,90","29,90",-19.0%,"29,90",-19.0%
SãoJoão,Disponível,372.0,13,7891268101799.0,Depo-Provera 150mg Injetável 1ml,"49,21","43,99",-10.6%,"43,99",-10.6%
SãoJoão,Disponível,372.0,16,7898029552210.0,Diamicron MR 60mg 60 Comprimidos,"209,15","209,15",-,"209,15",-
SãoJoão,Disponível,372.0,15,7897595636539.0,Desogestrel 75mcg Genérico Novartis 28 Comprimidos Revestidos,"24,62","9,90",-59.8%,"9,90",-59.8%
SãoJoão,Indisponível,372.0,13,0.0,Jogger 1500+1200mg 30 Envelopes Biosintética,0,0,0,0,0
SãoJoão,Disponível,372.0,15,7897595634221.0,Zinnat 250mg 14 Comprimidos Revestidos Sandoz,"252,27","252,27",-,"252,27",-
SãoJoão,Disponível,372.0,14,7898014560176.0,Sorinan Science AD 30ml,"8,99","4,45",-50.5%,"4,45",-50.5%
SãoJoão,Disponível,372.0,14,7898586630246.0,Oxycontin 10Mg 28 Comprimidos Mundipharma (A1),"743,57","743,57",-,"743,57",-
SãoJoão,Disponível,372.0,14,7897930760486.0,"Clob-X Creme 0,05% 30g Galderma","52,52","46,49",-11.5%,"46,49",-11.5%
SãoJoão,Disponível,372.0,12,7898586630345.0,Restiva 10mg 4 Adesivos Transdérmicos Mundipharma (A1),"370,71","370,71",-,"370,71",-
SãoJoão,Disponível,372.0,15,7897595612397.0,Alopurinol 100mg Genérico Sandoz 30 Comprimidos,"20,92","19,59",-6.4%,"19,59",-6.4%
SãoJoão,Disponível,372.0,13,8903855082875.0,Menelat ODT 45mg 30 Comprimidos Torrent (C1),"244,25","206,89",-15.3%,"206,89",-15.3%
SãoJoão,Disponível,372.0,13,7894916513029.0,Imense 100mg 60 Comprimidos Revestidos,"151,20","125,09",-17.3%,"125,09",-17.3%
SãoJoão,Disponível,372.0,14,7894916515559.0,Patz SL 5mg 20 Comprimidos Sigma Pharma (B1) Nova Embalagem,"101,87","101,87",-,"101,87",-
SãoJoão,Disponível,372.0,12,7896112408734.0,Lide Nimesulida Betaciclodextrina 400mg 30 Comprimidos Biolab,"97,62","81,89",-16.1%,"81,89",-16.1%
SãoJoão,Disponível,371.0,14,7896422524827.0,Ciprofibrato 100mg 60 Comprimidos Genérico Medley,"99,29","99,29",-,"99,29",-
SãoJoão,Disponível,371.0,18,7898029550216.0,Alergomine 2mg 20 Comprimidos Revestidos,"80,38","67,99",-15.4%,"67,99",-15.4%
SãoJoão,Disponível,371.0,14,7898943707703.0,Vagicand 40G+7 Aplicadores Supera,"45,78","45,78",-,"45,78",-
SãoJoão,Disponível,371.0,13,7894916512923.0,Restitue 40Mg 30 Comprimidos,"77,12","64,99",-15.7%,"64,99",-15.7%
SãoJoão,Disponível,371.0,14,7891268107210.0,Tramal 50mg/ml Injeção 5x2ml Grünenthal (A2),"103,60","103,60",-,"103,60",-
SãoJoão,Disponível,371.0,14,7897473206854.0,Levolukast 10mg/5mg 7 Comprimidos Revestidos,"72,14","49,90",-30.8%,"49,90",-30.8%
SãoJoão,Disponível,371.0,13,7893454714882.0,Culturelle Probiótico Bebê 6ml Cellera,"139,99","139,99",-,"139,99",-
SãoJoão,Disponível,371.0,13,7896637023764.0,Levoxin 500mg 14 Comprimidos Revestidos Apsen,"238,29","238,29",-,"238,29",-
SãoJoão,Disponível,371.0,13,7896658035784.0,Paxtrat 20mg 30 Comprimidos,"220,78","220,78",-,"220,78",-
SãoJoão,Disponível,371.0,13,7896112406457.0,Cronobe Complex 90 Comprimidos Revestidos Biolab,"77,97","77,97",-,"77,97",-
SãoJoão,Disponível,371.0,14,7896658005053.0,Allegra D 60mg/120mg 10 Comprimidos Revestidos,"92,71","77,19",-16.7%,"77,19",-16.7%
SãoJoão,Disponível,371.0,13,7896641813351.0,Venvanse 50mg com 28 Cápsulas (A3),"449,99","359,99",-20.0%,"359,99",-20.0%
SãoJoão,Disponível,371.0,14,7897322705415.0,Formocaps 12mcg 30 Cápsulas Gelatinosas,"142,88","142,88",-,"142,88",-
SãoJoão,Disponível,371.0,13,7896094928329.0,Kelac 10mg 20 Comprimidos Hypera Pharma,"50,09","44,79",-10.6%,"44,79",-10.6%
SãoJoão,Indisponível,371.0,13,0.0,Eno Tônica Pó 100g,0,0,0,0,0
SãoJoão,Disponível,371.0,14,7896206402037.0,Budecort Aqua 32Mcg 120 Doses Johnson &amp; Johnson,"34,10","34,10",-,"34,10",-
SãoJoão,Disponível,371.0,14,7891058001032.0,"Dulcolax Gotas 7,5mg/ml 30ml","39,04","34,99",-10.4%,"34,99",-10.4%
SãoJoão,Disponível,371.0,13,7896004769028.0,Doralgina 30mg/300mg/30mg 20 Comprimidos,"19,90","19,90",-,"19,90",-
SãoJoão,Disponível,371.0,13,7897595602206.0,Doxiciclina Genérico Sandoz 100mg 20 Comprimidos,"72,20","39,89",-44.8%,"39,89",-44.8%
SãoJoão,Disponível,371.0,14,7897316804735.0,Solução Oftálmica Acular LS 5ml Allergan,"76,86","65,59",-14.7%,"65,59",-14.7%
SãoJoão,Disponível,371.0,13,7896112403456.0,Carbonato De Lítio Genérico Biolab 300mg 60 Comprimidos (C1),"39,68","35,99",-9.3%,"35,99",-9.3%
SãoJoão,Disponível,370.0,13,7896658040177.0,Pantomix 40mg 28 Comprimidos Ache,"57,61","57,61",-,"57,61",-
SãoJoão,Indisponível,370.0,13,0.0,Benedesc Plus Sol 120ml Sabor Uva Hypera Pharma,0,0,0,0,0
SãoJoão,Disponível,370.0,13,7896658040177.0,Pantozol 40mg 28 Comprimidos Takeda,"57,61","57,61",-,"57,61",-
SãoJoão,Indisponível,370.0,14,0.0,Bifilac Geflora 6 Sticks Pó Mantecorp,0,0,0,0,0
SãoJoão,Disponível,370.0,12,7896004761640.0,Etodolaco 400mg 20 Comprimidos Revestidos Genérico Germed,"39,92","35,99",-9.8%,"35,99",-9.8%
SãoJoão,Disponível,370.0,13,7894916510288.0,"Iumi 3mg/0,02mg 72 Comprimidos Revestidos","117,59","96,99",-17.5%,"96,99",-17.5%
SãoJoão,Disponível,370.0,13,7897705203088.0,"Wegovy 0,5mg 1,5ml Novo Nordisk","1284,04","1284,04",-,"1284,04",-
SãoJoão,Disponível,370.0,14,7896004768687.0,Desogestrel 84 Comprimidos Revestidos Genérico EMS,"95,25","27,99",-70.6%,"27,99",-70.6%
SãoJoão,Disponível,370.0,13,7898148291373.0,Cloridrato De Tetraciclina 500mg Genérico Prati 12 Cápsulas,"34,66","29,39",-15.2%,"29,39",-15.2%
SãoJoão,Disponível,370.0,14,7891058005498.0,"Naratriptana 2,5mg 10 Comprimidos Genérico Medley","45,15","45,15",-,"45,15",-
SãoJoão,Disponível,370.0,12,7898109241706.0,Bio Vagin Creme Vaginal Adium 40g com 10 Aplicadores,"78,81","68,89",-12.6%,"68,89",-12.6%
SãoJoão,Disponível,370.0,15,7896658018763.0,"Brasart HCT 160+12,5mg 90 Comprimidos Revestidos Sigma","83,91","67,99",-19.0%,"67,99",-19.0%
SãoJoão,Disponível,370.0,14,7896016806261.0,Naldecon Noite 400mg/20mg/400mg/4mg 24 Comprimidos,"60,26","50,99",-15.4%,"50,99",-15.4%
SãoJoão,Disponível,370.0,13,7896181924173.0,Rivastigmina 3mg 30 Cápsulas Genérico Biosintética (C1),"22,74","19,90",-12.5%,"19,90",-12.5%
SãoJoão,Disponível,370.0,13,7896094201378.0,"Libiam Libbs 1,25mg 28 Comprimidos","68,89","57,39",-16.7%,"57,39",-16.7%
SãoJoão,Disponível,369.0,13,7896676406184.0,Dimorf 30mg 50 Comprimidos Cristália (A1),"156,53","125,22",-20.0%,"125,22",-20.0%
SãoJoão,Disponível,369.0,12,7891317487638.0,Alta D 2000UI 30 Cápsulas Eurofarma,"73,19","62,39",-14.8%,"62,39",-14.8%
SãoJoão,Disponível,369.0,13,7896094915374.0,Atroveran Dip 1g 10 Comprimidos,"16,70","16,70",-,"16,70",-
SãoJoão,Disponível,369.0,16,7896658019036.0,Osteoban 150Mg 1 Comprimido Ache,"60,18","50,79",-15.6%,"50,79",-15.6%
SãoJoão,Disponível,369.0,12,7897705203101.0,"Wegovy 1,7mg 3ml Novo Nordisk","1923,36","1923,36",-,"1923,36",-
SãoJoão,Disponível,369.0,13,7896026305600.0,"Jardiance Duo 12,5+1000mg 60 comprimidos Boehringer","315,34","315,34",-,"315,34",-
SãoJoão,Disponível,369.0,12,7896112114413.0,Ipratrópio 20ml Genérico EMS,"13,49","11,79",-12.6%,"11,79",-12.6%
SãoJoão,Disponível,369.0,17,7891317014377.0,Buona 150mg 30 Cápsulas,"170,62","136,50",-20.0%,"136,50",-20.0%
SãoJoão,Disponível,369.0,12,7894916208154.0,Tropinal 20 Comprimidos Sigma Pharma,"26,06","24,49",-6.0%,"24,49",-6.0%
SãoJoão,Disponível,369.0,14,7892953209677.0,Prebictal 75mg 60 Cápsulas Adium (C1),"143,48","117,09",-18.4%,"117,09",-18.4%
SãoJoão,Disponível,369.0,13,7899420508448.0,Andes 100mg 60 Comprimidos Revestidos Supera (C1),"66,50","55,69",-16.3%,"55,69",-16.3%
SãoJoão,Disponível,369.0,15,7896422519793.0,Ibuprofeno 50mg/ml Solução Oral Genérico Geolab 30ml,"19,46","19,46",-,"19,46",-
SãoJoão,Disponível,369.0,15,7899420502378.0,Brasart 320mg 30 Comprimidos Revestidos Sigma,"60,58","60,58",-,"60,58",-
SãoJoão,Disponível,369.0,15,7896862993627.0,Gastrogel 153mg/200mg/25mg 20 Comprimidos Mastigáveis,"23,90","23,90",-,"23,90",-
SãoJoão,Disponível,369.0,13,7896658005978.0,Mirtax Aché 5mg 30 Comprimidos Revestidos,"37,27","37,27",-,"37,27",-
SãoJoão,Disponível,369.0,15,7896026305327.0,Micardis Anlo Telmisartana 40mg + Besilato De Anlodipino 5mg Boehringer Com 30 Comprimidos,"130,93","104,74",-20.0%,"104,74",-20.0%
SãoJoão,Disponível,369.0,13,7897705202753.0,Rybelsus 14mg 30 Comprimidos,"1277,92","1277,92",-,"1277,92",-
SãoJoão,Disponível,369.0,14,7896004756622.0,Dipirona Sódica 500mg Genérico Medley 10 Comprimidos,"24,45","14,90",-39.1%,"14,90",-39.1%
SãoJoão,Disponível,369.0,13,7891317014322.0,"Bart H 300+12,5mg 30 Comprimidos Momenta","149,97","119,98",-20.0%,"119,98",-20.0%
SãoJoão,Disponível,369.0,13,7896830500697.0,Passiflorine Pi 500mg 20 Comprimidos Revestidos Biochimico,"34,90","34,90",-,"34,90",-
SãoJoão,Disponível,369.0,14,7896637022767.0,Quicard 35mg 60 Comprimidos Revestidos Germed,"61,13","52,09",-14.8%,"52,09",-14.8%
SãoJoão,Disponível,369.0,14,7896658016394.0,Aristab 30mg 30 Comprimidos Aché (C1),"669,05","669,05",-,"669,05",-
SãoJoão,Disponível,369.0,14,5702150154286.0,Clopixol Depot 200mg 1ml Lundbeck (C1),"119,97","101,39",-15.5%,"101,39",-15.5%
SãoJoão,Disponível,369.0,13,7896004771403.0,Nebivolol 5mg 60 Comprimidos Genérico EMS,"121,35","77,19",-36.4%,"77,19",-36.4%
SãoJoão,Disponível,369.0,13,7896112125839.0,Venaflon450mg+50mg 60 Comprimidos Revestidos,"119,90","91,39",-23.8%,"91,39",-23.8%
SãoJoão,Disponível,369.0,14,7896181922377.0,Dropropizina 3mg 120ml Adulto Genérico Biosintética,"19,83","19,83",-,"19,83",-
SãoJoão,Disponível,369.0,14,8903855090450.0,Alcytam 20mg 30 Comprimidos Torrent (C1),"205,76","205,76",-,"205,76",-
SãoJoão,Indisponível,369.0,13,0.0,Vick Primeira Proteção Procter Spray Nasal 15ml,0,0,0,0,0
SãoJoão,Indisponível,368.0,13,0.0,Esalerg 100ml Aché,0,0,0,0,0
SãoJoão,Disponível,368.0,13,7897595636010.0,Anlodipino 10mg 30 Comprimidos Genérico Novartis,"15,04","15,04",-,"15,04",-
SãoJoão,Disponível,368.0,15,8903855081335.0,Oleptal 300mg 60 Comprimidos Torrent (C1),"160,16","160,16",-,"160,16",-
SãoJoão,Disponível,368.0,13,7898096577031.0,Deocil SL 10mg 10 Comprimidos Sublinguais,"41,58","41,58",-,"41,58",-
SãoJoão,Disponível,368.0,12,7896116814104.0,Mirena 52mg 1 Endoceptivo com Inseridor Bayer,"1650,22","1219,50",-26.1%,"1219,50",-26.1%
SãoJoão,Disponível,368.0,14,7896004705071.0,Piroxicam 20mg Genérico EMS 15 Cápsulas Gelatinosas,"32,58","29,59",-9.2%,"29,59",-9.2%
SãoJoão,Disponível,368.0,13,7891317477172.0,Perosteo Eurofarma 30 Comprimidos,"77,10","63,59",-17.5%,"63,59",-17.5%
SãoJoão,Disponível,368.0,13,7891058005542.0,"Stilnox CR 6,25mg 28 Comprimidos Sanofi (B1)","76,46","61,79",-19.2%,"61,79",-19.2%
SãoJoão,Disponível,368.0,14,7896658036057.0,Cefalium One 750mg 20 Comprimidos Revestidos,"32,06","29,69",-7.4%,"29,69",-7.4%
SãoJoão,Disponível,368.0,15,607.0,"Vacina Hexavalente Hexaxim 0,5 ml Injetável 1 Seringa Preenchida Sanofi + Aplicação","234,99","234,99",-,"234,99",-
SãoJoão,Disponível,368.0,15,7897595604729.0,Glimepirida 2mg 30 Comprimidos Genérico Sandoz,"26,90","26,90",-,"26,90",-
SãoJoão,Disponível,368.0,14,7897595632623.0,Sinvastatina 40mg 30 Comprimidos Revestidos Genérico Novartis,"35,85","15,99",-55.4%,"15,99",-55.4%
SãoJoão,Disponível,368.0,13,75075644.0,Vick Babyrub 12g,"25,99","23,39",-10.0%,"23,39",-10.0%
SãoJoão,Disponível,368.0,13,7896658005466.0,Flogoral Cereja 12 Pastilhas Aché,"20,59","20,59",-,"20,59",-
SãoJoão,Disponível,368.0,14,7896658000379.0,Famox 20Mg 10 Comprimidos Ache,"34,57","30,49",-11.8%,"30,49",-11.8%
SãoJoão,Disponível,367.0,14,7896004744957.0,"Drospirenona + Etinilestradiol 3mg + 0,02mg 24 Comprimidos Revestidos Genérico EMS","75,03","29,90",-60.1%,"29,90",-60.1%
SãoJoão,Disponível,367.0,14,7896181927846.0,Runner EZE 20+10mg 60 Comprimidos Biosintética,"74,56","59,65",-20.0%,"59,65",-20.0%
SãoJoão,Disponível,367.0,13,7896015591960.0,Leite de Magnésia Hortelã Suspensão Oral 350ml,"34,99","34,99",-,"34,99",-
SãoJoão,Disponível,367.0,13,7896261018310.0,Cataflampro Emulgel Gel Dermatológico 150g,"88,60","80,39",-9.3%,"80,39",-9.3%
SãoJoão,Disponível,367.0,13,8903855076096.0,"Indapen SR 1,5mg 60 Comprimidos Revestidos Libbs Prolongado Torrent","71,46","59,99",-16.1%,"59,99",-16.1%
SãoJoão,Disponível,367.0,14,7898216367696.0,Lisvenx 70mg 30 Cápsulas Torrent (A3),"471,86","471,86",-,"471,86",-
SãoJoão,Disponível,367.0,14,7897473207103.0,Dipropionato de Beclometasona Spray Nasal 250mcg 200 Doses Genérico Glenmark,"74,71","44,90",-39.9%,"44,90",-39.9%
SãoJoão,Disponível,367.0,14,7896006219590.0,Cod Par 500mg+30mg 24 Comprimidos Supera (A2),"29,57","27,29",-7.7%,"27,29",-7.7%
SãoJoão,Disponível,367.0,14,7898953165234.0,Questran Light 50 Envelopes 4G Bristol,"570,30","490,09",-14.1%,"490,09",-14.1%
SãoJoão,Disponível,367.0,13,7891317016340.0,Piemonte 4mg 60 Comprimidos Eurofarma,"116,94","116,94",-,"116,94",-
SãoJoão,Disponível,366.0,12,7897595903365.0,Puran T4 88mcg 30 Comprimidos Sanofi,"23,39","23,39",-,"23,39",-
SãoJoão,Disponível,366.0,14,7896641800016.0,Albocresil Gel 50g Com Aplicador Hypera,"43,46","39,29",-9.6%,"39,29",-9.6%
SãoJoão,Disponível,366.0,13,7899420506864.0,Okotico 100mg 30 Comprimidos Supera (C1),"247,84","198,27",-20.0%,"198,27",-20.0%
SãoJoão,Disponível,366.0,12,7898907313780.0,"Dunia 35 2+0,035mg 21 Comprimidos Revestidos Aché","29,43","26,39",-10.3%,"26,39",-10.3%
SãoJoão,Disponível,366.0,13,7896672202766.0,Fostair Dpi Chiesi 200mcg + 6mcg 120 Doses,"251,34","251,34",-,"251,34",-
SãoJoão,Disponível,366.0,15,7891317015923.0,Tavok 500Mg 7 Comprimidos Revestidos Momenta,"101,66","101,66",-,"101,66",-
SãoJoão,Disponível,366.0,14,7891317001445.0,Hormus 250mg/ml Solução Injetável 1 Ampola 4ml Eurofarma (C5),"555,12","444,10",-20.0%,"444,10",-20.0%
SãoJoão,Disponível,366.0,14,7896004723570.0,Domperidona 10mg 60 Comprimidos Genérico Germed,"45,86","39,89",-13.0%,"39,89",-13.0%
SãoJoão,Disponível,366.0,13,7899547511338.0,Aciclovir 400mg 30 Comprimidos Genérico Prati-Donaduzzi,"129,00","55,62",-56.9%,"55,62",-56.9%
SãoJoão,Disponível,366.0,15,7898687734409.0,Vortioxetina 5mg 30 Comprimidos Revestidos Genérico Althaia (C1),"80,55","65,19",-19.1%,"65,19",-19.1%
SãoJoão,Disponível,366.0,13,7896658040221.0,"Feminique Conti 3+0,03mg 28 comprimidos revestidos Ache","69,38","69,38",-,"69,38",-
SãoJoão,Disponível,366.0,13,7896006217626.0,Cefadroxila 500mg 10 Cápsulas Genom,"35,51","35,51",-,"35,51",-
SãoJoão,Disponível,366.0,13,7896672203909.0,"Broncho-Vaxom Infantil Chiesi 3,5mg 10 Cápsulas","73,84","63,79",-13.6%,"63,79",-13.6%
SãoJoão,Disponível,366.0,15,7899420507854.0,Pomada Dbriz Uno 10g,"24,17","22,69",-6.1%,"22,69",-6.1%
SãoJoão,Disponível,366.0,13,7896676410877.0,Parkidopa 250mg + 25mg 30 Cápsulas,"59,31","45,69",-23.0%,"45,69",-23.0%
SãoJoão,Disponível,366.0,13,7896676410198.0,Duoflam Injetável 1 Ampola + Seringa Supera,"32,96","29,69",-9.9%,"29,69",-9.9%
SãoJoão,Disponível,366.0,12,7896261023109.0,Norvasc Viatris Upjohn 5mg 30 Comprimidos,"1399,78","1399,78",-,"1399,78",-
SãoJoão,Disponível,366.0,13,7891317023898.0,Gazia 40mg 28 Cápsulas Revestidos Momenta,"52,77","45,29",-14.2%,"45,29",-14.2%
SãoJoão,Disponível,366.0,14,7896006201649.0,"Miranova  0,10mg + 0,02mg 21 Drágeas","30,14","26,89",-10.8%,"26,89",-10.8%
SãoJoão,Disponível,366.0,13,7897595636195.0,Ciprofloxacino 500mg 14 Comprimidos Genérico Novartis,"36,59","22,90",-37.4%,"22,90",-37.4%
SãoJoão,Disponível,365.0,15,7896637022811.0,Triancil 20mg/ml 5 Frascos/Ampolas 1ml Injetável Apsen,"151,90","119,99",-21.0%,"119,99",-21.0%
SãoJoão,Disponível,365.0,13,7896658038709.0,Pant Sec 50mg/ml Solução Capilar 3 Frascos 50ml + 1 Válvula Spray Aché,"109,13","95,19",-12.8%,"95,19",-12.8%
SãoJoão,Disponível,365.0,16,7896658006760.0,Flogoral Colutório Aché Menta 150ml,"34,65","34,65",-,"34,65",-
SãoJoão,Disponível,365.0,13,7896094210240.0,Stanglit 30mg 60 Comprimidos,"193,02","154,42",-20.0%,"154,42",-20.0%
SãoJoão,Disponível,365.0,14,5702150152183.0,Rexulti 3mg 30 Comprimidos Lundbeck (C1),"669,12","669,12",-,"669,12",-
SãoJoão,Disponível,365.0,14,7896004713120.0,Levofloxacino 750mg 7 Comprimidos Revestidos Genérico Eurofarma,"117,58","59,90",-49.1%,"59,90",-49.1%
SãoJoão,Disponível,365.0,14,7896006219590.0,Algicod 500+30mg 24 Comprimidos Momenta (A2),"29,57","27,29",-7.7%,"27,29",-7.7%
SãoJoão,Disponível,365.0,12,7897930011281.0,Alcachofra 200mg 60 Comprimidos Vidora,"69,90","69,90",-,"69,90",-
SãoJoão,Disponível,365.0,14,7899420508646.0,Multi-Bi 495mg 10 Cápsulas Blíster Supera,"103,75","103,75",-,"103,75",-
SãoJoão,Disponível,365.0,14,7898587901529.0,Cedur Retard 400Mg 30 Comprimidos Roche,"204,00","204,00",-,"204,00",-
SãoJoão,Disponível,365.0,14,7896006210771.0,Doxaprost 2mg 30 Comprimidos,"24,90","22,39",-10.1%,"22,39",-10.1%
SãoJoão,Disponível,365.0,15,7896548112793.0,Solução Oftálmica Ciloxan 5ml Novartis,"33,59","31,39",-6.5%,"31,39",-6.5%
SãoJoão,Disponível,365.0,15,7899547503296.0,Dexclorfeniramina Xarope 100ml Genérico Prati-Donaduzzi,"16,81","16,81",-,"16,81",-
SãoJoão,Disponível,365.0,16,7899095239487.0,"Stomaliv 0,50g/g + 2,15g/g + 2,15g/g Abacaxi 5g","1,50","1,50",-,"1,50",-
SãoJoão,Disponível,365.0,13,7896006298632.0,"Respir Kids 0,9% 15 Envelopes + Frasco 120ml","55,38","55,38",-,"55,38",-
SãoJoão,Indisponível,365.0,15,0.0,Transamin Injetável Nikkho 50mg/ml,0,0,0,0,0
SãoJoão,Disponível,365.0,14,7899095234192.0,"Tansulosina 0,4mg 20 Cápsulas Genérico Geolab","101,73","81,19",-20.2%,"81,19",-20.2%
SãoJoão,Indisponível,365.0,14,0.0,Fosfato de Codeína 30mg 2 Blisters Genérico Nova Química (A2),0,0,0,0,0
SãoJoão,Disponível,365.0,13,7896523227450.0,Tadalafila 5mg 30 Comprimidos Genérico Cimed,"170,77","15,87",-90.7%,"15,87",-90.7%
SãoJoão,Disponível,365.0,15,7896658046513.0,Totti SL 10mg 20 Comprimidos Aché,"43,92","36,49",-16.9%,"36,49",-16.9%
SãoJoão,Disponível,365.0,14,7891317132453.0,Lugano Inala 12/250mcg 60 Cápsulas Gelatinosas,"134,48","107,59",-20.0%,"107,59",-20.0%
SãoJoão,Disponível,365.0,14,7897851250530.0,Rusovas 20mg 90 Comprimidos Revestidos,"23,10","23,10",-,"23,10",-
SãoJoão,Disponível,365.0,14,7896523201382.0,Esomeprazol 40mg 28 Comprimidos Revestidos,"262,84","109,90",-58.2%,"109,90",-58.2%
SãoJoão,Disponível,365.0,13,7896026170635.0,Guttalax Solução Oral 30ml,"39,90","39,90",-,"39,90",-
SãoJoão,Disponível,364.0,13,7896658034251.0,Mefex 250mg 10 Comprimidos Revestidos Aché,"94,03","94,03",-,"94,03",-
SãoJoão,Disponível,364.0,12,8903855083100.0,Seizla 200mg 30 Comprimidos Revestidos Torrent (C1),"261,53","261,53",-,"261,53",-
SãoJoão,Disponível,364.0,14,7898216368037.0,Deller 100mg 30 Comprimidos,"13,51","12,19",-9.8%,"12,19",-9.8%
SãoJoão,Disponível,364.0,14,7896253903013.0,Luvox 50mg 30 Comprimidos Abbott (C1),"183,83","147,06",-20.0%,"147,06",-20.0%
SãoJoão,Disponível,364.0,14,7896676439229.0,Terocoxi 60mg 7 Comprimidos Cristália (C1),"54,36","48,69",-10.4%,"48,69",-10.4%
SãoJoão,Disponível,364.0,13,7896676420111.0,Afrat 150mg 1 Comprimido Cristália,"43,19","35,79",-17.1%,"35,79",-17.1%
SãoJoão,Disponível,364.0,12,7891317001445.0,Cetoprofeno 50mg/ml Solução Injetável 2ml (100 Ampolas),"555,12","444,10",-20.0%,"444,10",-20.0%
SãoJoão,Disponível,364.0,13,7896637024525.0,Alois Solução Oral 50ml,"212,66","170,13",-20.0%,"170,13",-20.0%
SãoJoão,Indisponível,364.0,13,0.0,Clenil Compositium HFA 50mcg 200 Doses Chiesi,0,0,0,0,0
SãoJoão,Disponível,364.0,13,7891317121983.0,Vartaz 160mg 30 Comprimidos Revestidos Eurofarma,"60,36","49,69",-17.7%,"49,69",-17.7%
SãoJoão,Disponível,364.0,13,7896658038440.0,Soanza XR 35mg 30 Comprimidos Aché,"51,80","51,80",-,"51,80",-
SãoJoão,Disponível,364.0,13,7896714291857.0,Picbam 5mg 60 Comprimidos Revestidos Mantecorp,"288,38","230,70",-20.0%,"230,70",-20.0%
SãoJoão,Disponível,364.0,13,7897473206106.0,Dipropionato de Beclometasona 50Mcg Aerosol 200 Doses Genérico Glenmark,"59,49","49,90",-16.1%,"49,90",-16.1%
SãoJoão,Disponível,364.0,12,7896676414653.0,Ana-Flex 10 Comprimidos Cristália AV*,"21,49","21,49",-,"21,49",-
SãoJoão,Disponível,363.0,15,7891317139544.0,Limiar 75mg 30 Cápsulas Eurofarma (C1),"67,59","55,99",-17.2%,"55,99",-17.2%
SãoJoão,Disponível,363.0,13,7891317015961.0,Tavok 750mg 7 Comprimidos Revestidos Momenta,"124,35","103,59",-16.7%,"103,59",-16.7%
SãoJoão,Disponível,363.0,13,7898948648698.0,"Androgel Pump Gel Transdérmico 16,2mg/g 88g Besins","322,93","266,59",-17.4%,"266,59",-17.4%
SãoJoão,Disponível,363.0,15,618231026241.0,Nutra Vitta Lactase 10 000FCC 10 Cápsulas Sorocaps,"34,90","34,90",-,"34,90",-
SãoJoão,Disponível,363.0,12,7896714219318.0,Xarope Histamin 2mg/5ml 100ml Neoquímica,"23,90","23,90",-,"23,90",-
SãoJoão,Disponível,363.0,13,7896023722721.0,Catuama Uso Oral 500ml,"41,90","37,29",-11.0%,"37,29",-11.0%
SãoJoão,Disponível,363.0,17,7898572401829.0,Firmacal 1000mg + Vit D 90 Comprimidos,"24,90","24,90",-,"24,90",-
SãoJoão,Disponível,363.0,14,7896094208933.0,Vatis 150mg 60 Comprimidos Revestidos,"90,61","73,89",-18.5%,"73,89",-18.5%
SãoJoão,Disponível,363.0,13,7894916512442.0,Janumet XR 100mg + 1000mg 30 Comprimidos Revestidos de Liberação Prolongada,"87,37","74,39",-14.9%,"74,39",-14.9%
SãoJoão,Disponível,363.0,15,7897572020238.0,Janumet 50+1000Mg 56 Comprimidos Merck,"332,63","266,10",-20.0%,"266,10",-20.0%
SãoJoão,Disponível,363.0,13,7891058000103.0,Dorflex UNO Analgésico Contra Enxaqueca Dipirona Monoidratada 1g 4 Comprimidos,"31,04","31,04",-,"31,04",-
SãoJoão,Disponível,363.0,13,7896112147152.0,Nistatina Creme Vaginal Genérico Medley 60g,"24,01","24,01",-,"24,01",-
SãoJoão,Disponível,363.0,15,7897460401934.0,Silimalon 70 + 100mg 10 Comprimidos Rev Zydus,"26,95","26,95",-,"26,95",-
SãoJoão,Disponível,363.0,15,7896641808456.0,Tecta 40Mg 60 Comprimidos Revestido Takeda,"577,62","577,62",-,"577,62",-
SãoJoão,Disponível,363.0,13,7898605845002.0,NutraVitta Magnazil 16 Cápsulas Sorocaps,"39,90","39,90",-,"39,90",-
SãoJoão,Disponível,363.0,16,7896261012523.0,Diovan Amlo Fix 160+10mg 28 Comprimidos Revestidos FQM,"205,65","205,65",-,"205,65",-
SãoJoão,Disponível,363.0,14,7896004821153.0,Bupropiona 150mg 30 Comprimidos Revestidos Genérico Prati-Donaduzzi (C1),"130,45","49,90",-61.7%,"49,90",-61.7%
SãoJoão,Disponível,363.0,15,7898687730487.0,Nitazoxanida 20mg Genérico Althaia 100ml,"45,77","41,09",-10.2%,"41,09",-10.2%
SãoJoão,Disponível,363.0,14,7896658049378.0,Leucogen 80mg 90 cápsulas Ache,"347,23","277,78",-20.0%,"277,78",-20.0%
SãoJoão,Disponível,363.0,14,7898655096768.0,MinoxiHard Loção para Barba 80ml,"89,99","19,99",-77.8%,"19,99",-77.8%
SãoJoão,Disponível,363.0,14,7897917004008.0,Diclofenaco Sódico 50mg 20 Comprimidos Genérico Belfar,"33,23","9,90",-70.2%,"9,90",-70.2%
SãoJoão,Disponível,363.0,12,7896523226323.0,Pantoprazol 40mg 42 Comprimidos Revestidos Genérico Cimed,"148,31","27,99",-81.1%,"27,99",-81.1%
SãoJoão,Disponível,363.0,13,7898244721002.0,Unitram 10mg 30 Comprimidos Revestidos FQM (C1),"82,66","67,89",-17.9%,"67,89",-17.9%
SãoJoão,Disponível,363.0,14,7899640808441.0,Mobale 150mg 30 Cápsulas Momenta (C1),"103,78","83,39",-19.6%,"83,39",-19.6%
SãoJoão,Disponível,363.0,13,7896382703331.0,Humalog U-100 Insulina Eli Lilly 2x3ml,"136,85","136,85",-,"136,85",-
SãoJoão,Disponível,363.0,13,7896004707310.0,Verapamil 80mg 30 Comprimidos Revestidos Genérico EMS,"36,58","32,39",-11.5%,"32,39",-11.5%
SãoJoão,Disponível,362.0,12,7896658024153.0,Foxis 200Mg 30 Cápsulas Dura Ache (C1),"115,09","94,99",-17.5%,"94,99",-17.5%
SãoJoão,Disponível,362.0,12,7897076918857.0,Axetil Cefuroxima 500mg 14 Comprimidos Genérico Ranbaxy,"207,59","111,68",-46.2%,"111,68",-46.2%
SãoJoão,Disponível,362.0,13,7894916515641.0,Konduz 35mg 28 Cápsulas Sigma Pharma (C1),"79,38","65,49",-17.5%,"65,49",-17.5%
SãoJoão,Disponível,362.0,13,7891158038860.0,Klaricid Ud 500Mg 7 Comprimidos Abbott,"195,46","157,29",-19.5%,"157,29",-19.5%
SãoJoão,Disponível,362.0,13,7891317004163.0,Preni 20ml Gotas Eurofarma,"41,42","41,42",-,"41,42",-
SãoJoão,Disponível,362.0,12,7897337716345.0,"Gestrelan 0,15mg/0,03mg 21 Comprimidos Revestidos","51,79","35,21",-32.0%,"35,21",-32.0%
SãoJoão,Disponível,362.0,13,7896026300155.0,Dulcolax Opella 20 Drágeas,"20,22","18,99",-6.1%,"18,99",-6.1%
SãoJoão,Disponível,362.0,13,7896658039270.0,"Nienza 6,25mg 30 Comprimidos Aché","47,25","39,99",-15.4%,"39,99",-15.4%
SãoJoão,Disponível,362.0,13,7898927111090.0,Oscillococcinum Glóbulos 30 Tubos de 1g,"320,99","320,99",-,"320,99",-
SãoJoão,Disponível,362.0,13,735201084091.0,Floral Therapi 30 ml Come Certo,"36,90","36,90",-,"36,90",-
SãoJoão,Disponível,362.0,12,7896637031516.0,Inilok 40mg 60 Comprimidos,"131,36","131,36",-,"131,36",-
SãoJoão,Disponível,362.0,13,7898040329785.0,Varicell Proct Pomada 25g c/ 6 Aplicadores,"43,40","36,89",-15.0%,"36,89",-15.0%
SãoJoão,Disponível,362.0,13,7891158101755.0,Divalproato de Sódio 500mg 30 Comprimidos Revestidos Genérico Abbott (C1),"101,39","71,39",-29.6%,"71,39",-29.6%
SãoJoão,Disponível,362.0,15,7896094201385.0,"Naprix A 2,5mg+5mg 30 Cápsulas Libbs","78,33","64,59",-17.5%,"64,59",-17.5%
SãoJoão,Disponível,362.0,12,7897460401293.0,Ginkoba 120mg 30 Comprimidos Revestidos,"106,71","74,69",-30.0%,"74,69",-30.0%
SãoJoão,Disponível,362.0,13,7894916514415.0,Suplemento Alimentar Fixare 30 Comprimidos,"141,75","141,75",-,"141,75",-
SãoJoão,Disponível,362.0,14,7896658015106.0,Fisioton 400mg 30 Comprimidos Aché,"126,62","102,53",-19.0%,"102,53",-19.0%
SãoJoão,Disponível,362.0,14,8902220109292.0,Espran 10mg 30 Comprimidos Torrent (C1),"76,96","76,96",-,"76,96",-
SãoJoão,Disponível,362.0,13,8902220106079.0,Azukon MR 30mg 30 Comprimidos Torrent,"22,33","20,29",-9.1%,"20,29",-9.1%
SãoJoão,Disponível,362.0,14,7896004722337.0,Paracetamol + Pseudoefedrina 24 Comprimidos Revestidos Genérico EMS,"15,48","15,48",-,"15,48",-
SãoJoão,Disponível,361.0,15,7891142115614.0,Xarope Celestamine 120ml Sem Açúcar Mantecorp,"69,76","62,49",-10.4%,"62,49",-10.4%
SãoJoão,Disponível,361.0,14,7896181909538.0,Bromazepam 3mg 30 Comprimidos Genérico Biosintética (B1),"25,62","25,62",-,"25,62",-
SãoJoão,Indisponível,361.0,13,0.0,Fostair DPI Pó Inalante 120 Doses,0,0,0,0,0
SãoJoão,Disponível,361.0,16,7896658022098.0,Livepax 500mg 7 Comprimidos Revestidos,"131,01","131,01",-,"131,01",-
SãoJoão,Disponível,361.0,14,7894916508292.0,Orlipid 120mg 84 Cápsulas Sigma Pharma,"378,19","378,19",-,"378,19",-
SãoJoão,Disponível,361.0,15,7896714273815.0,Axetil Cefuroxima 500Mg 10 Comprimidos Genérico Neo Quimica,"143,61","98,69",-31.3%,"98,69",-31.3%
SãoJoão,Disponível,361.0,13,7896523215273.0,Sinvastatina 40mg Genérico Cimed 30 Comprimidos Revestidos,"62,71","9,49",-84.9%,"9,49",-84.9%
SãoJoão,Indisponível,361.0,15,0.0,Permetrina 10 mg/ml 60 ml Kaodine Geolab,0,0,0,0,0
SãoJoão,Disponível,361.0,12,7896206401627.0,"Pulmicort Nebulizador FQM 0,50mg 20 Unidades","290,59","290,59",-,"290,59",-
SãoJoão,Disponível,361.0,13,7896015592769.0,Advil 600mg 12h 12 Comprimidos GSK,"39,83","37,59",-5.6%,"37,59",-5.6%
SãoJoão,Disponível,361.0,13,7896006219811.0,Stele CR Vag 1mg/g 50g + 5 Aplicações Biolab,"68,92","59,79",-13.2%,"59,79",-13.2%
SãoJoão,Disponível,361.0,14,7896006290988.0,Ster 10mg 5ml Genom,"32,30","29,49",-8.7%,"29,49",-8.7%
SãoJoão,Disponível,361.0,13,7896523216812.0,"Poslov Mabra 1,5mg 1 comprimido","19,90","19,90",-,"19,90",-
SãoJoão,Disponível,361.0,14,7896004766997.0,Rivaroxabana 10mg 10 Comprimidos Revestidos Genérico EMS,"271,97","59,90",-78.0%,"59,90",-78.0%
SãoJoão,Disponível,361.0,14,7896382706448.0,Insulina Humalog Mix 50 Kwikpen 3Ml Lilly,"80,28","80,28",-,"80,28",-
SãoJoão,Disponível,361.0,14,7896004727882.0,Bromoprida 10mg 20 Cápsulas Genérico EMS,"31,63","28,79",-9.0%,"28,79",-9.0%
SãoJoão,Disponível,361.0,15,7896094904989.0,Digedrat 200mg 60 Comprimidos Farmasa Mantecorporal,"148,26","148,26",-,"148,26",-
SãoJoão,Disponível,361.0,13,7896637023092.0,Levoxin Apsen 500mg 3 Comprimidos Revestidos,"53,07","53,07",-,"53,07",-
SãoJoão,Disponível,360.0,14,7896112408871.0,Fluvoxamina 50mg 30 Comprimidos Revestidos Genérico Biolab (C1),"119,43","92,69",-22.4%,"92,69",-22.4%
SãoJoão,Disponível,360.0,13,7896006222620.0,"Octifen Colírio 0,25mg/ml 5ml Genom","38,06","34,69",-8.9%,"34,69",-8.9%
SãoJoão,Disponível,360.0,15,7891317002497.0,Pomada Cetoconazol + Betametasona + Neomicina 30g Genérico EMS,"29,45","26,49",-10.1%,"26,49",-10.1%
SãoJoão,Disponível,360.0,13,7896658036347.0,Levofloxacino 750mg 5 Comprimidos Revestidos Genérico Aché,"85,34","43,49",-49.0%,"43,49",-49.0%
SãoJoão,Disponível,360.0,12,7896382707742.0,"Trulicity Solução Injetável 2 Seringas de 0,05ml + 2 Canetas Aplicadora","396,93","325,99",-17.9%,"325,99",-17.9%
SãoJoão,Disponível,360.0,13,7896261014268.0,Cataflampro Emulgel 60g,"55,35","51,69",-6.6%,"51,69",-6.6%
SãoJoão,Disponível,360.0,14,7896523207780.0,Cimecort Creme 15g Cimed,"16,90","14,79",-12.5%,"14,79",-12.5%
SãoJoão,Disponível,360.0,13,7898919603152.0,Colpotrofine 20 Cápsulas Vaginais Theramex,"101,31","83,29",-17.8%,"83,29",-17.8%
SãoJoão,Disponível,360.0,13,7896023743009.0,Ginkgo 80mg 30 Cápsulas,"23,90","23,90",-,"23,90",-
SãoJoão,Disponível,360.0,14,7899547537208.0,Dipirona Genérico Prati 500mg 30 Comprimidos,"6,50","4,99",-23.2%,"4,99",-23.2%
SãoJoão,Disponível,360.0,14,7896004787725.0,"Naratriptana 2,5mg 4 Comprimidos Revestidos Genérico EMS","18,08","16,79",-7.1%,"16,79",-7.1%
SãoJoão,Disponível,360.0,14,7891317007478.0,Rehidrat 90 4 Envelopes Supera,"46,86","46,86",-,"46,86",-
SãoJoão,Disponível,360.0,14,7896094929081.0,Pomada Nebacetin Baby Regeneração 60g Hypera Pharma,"33,99","33,99",-,"33,99",-
SãoJoão,Disponível,360.0,15,7896094922228.0,Eparema 10ml 4 Frascos Hortelã Hypera Pharma,"20,23","20,23",-,"20,23",-
SãoJoão,Disponível,360.0,13,7896422511902.0,Oxcarbazepina 300mg 30 Comprimidos Revisado Genérico Medley (C1),"51,25","51,25",-,"51,25",-
SãoJoão,Disponível,360.0,13,7891058005665.0,Prednisona 20mg 10 Comprimidos Genérico Germed,"22,13","12,90",-41.7%,"12,90",-41.7%
SãoJoão,Disponível,360.0,13,7896083412037.0,Alcachofra 20 Comprimidos Revestidos Herbarium,"38,02","30,42",-20.0%,"30,42",-20.0%
SãoJoão,Disponível,360.0,13,7896261000025.0,Voltaren SR 75mg 20 Comprimidos Novartis,"61,81","47,06",-23.9%,"47,06",-23.9%
SãoJoão,Disponível,360.0,15,7896658015380.0,Selozok 100mg 30 Comprimidos Revestidos,"41,85","36,19",-13.5%,"36,19",-13.5%
SãoJoão,Disponível,360.0,14,7898040320782.0,Actifedrin 20 Comprimidos,"15,39","15,39",-,"15,39",-
SãoJoão,Disponível,359.0,13,7896015592011.0,Zinnat 500mg 10 Comprimidos Sandoz,"232,07","232,07",-,"232,07",-
SãoJoão,Disponível,359.0,13,7892953001745.0,Flodin Duo 150mg 10 Comprimidos Adium,"62,07","62,07",-,"62,07",-
SãoJoão,Disponível,359.0,14,7899420501579.0,Senes 5mg 30 Comprimidos Revestidos Supera (C1),"123,15","123,15",-,"123,15",-
SãoJoão,Disponível,359.0,14,7897316801154.0,Atropina Solução Oftálmica Allergan 1% 5ml,"13,82","13,82",-,"13,82",-
SãoJoão,Disponível,359.0,14,7896226109701.0,Pasalix 60 Comprimidos Revestidos Marjan Farma,"151,12","151,12",-,"151,12",-
SãoJoão,Disponível,359.0,12,7896004781402.0,Etoricoxibe 90Mg 14 Comprimidos Genérico Neo Quimica (C1),"98,06","81,99",-16.4%,"81,99",-16.4%
SãoJoão,Disponível,359.0,13,7896523228426.0,Ressaliv Pré 10 Comprimidos Cimed,"14,90","12,59",-15.5%,"12,59",-15.5%
SãoJoão,Disponível,359.0,14,8901148239104.0,Clopidogrel 75mg Genérico Cimed 28 Comprimidos,"295,95","59,90",-79.8%,"59,90",-79.8%
SãoJoão,Disponível,359.0,15,7896422515023.0,Clonazepam 2mg Genérico Medley 60 Comprimidos (B1),"34,31","19,90",-42.0%,"19,90",-42.0%
SãoJoão,Disponível,359.0,14,7899095250901.0,Itraconazol 100mg 15 Cápsulas Genérico Geolab,"180,09","69,90",-61.2%,"69,90",-61.2%
SãoJoão,Disponível,359.0,13,7894916516396.0,Vognus 10mg 60 Comprimidos Revestidos EMS (C1),"248,24","248,24",-,"248,24",-
SãoJoão,Disponível,359.0,14,7896181918424.0,Pantoprazol 20mg 28 Comprimidos Revestidos Genérico Biosint,"40,04","40,04",-,"40,04",-
SãoJoão,Disponível,359.0,14,7899095239838.0,Ciprofibrato 100mg 30 Comprimidos Genérico Geolab,"87,21","87,21",-,"87,21",-
SãoJoão,Disponível,359.0,14,7891317016333.0,"Cabergolina 0,5mg 8 Comprimidos Genérico Eurofarma","93,27","77,79",-16.6%,"77,79",-16.6%
SãoJoão,Disponível,359.0,13,7898148296552.0,Prednisolona Solução Oral 3mg/ml 60ml Genérico Cimed,"19,24","12,04",-37.4%,"12,04",-37.4%
SãoJoão,Disponível,359.0,13,7896004725536.0,"Travamed Solução Oftálmica 2,5Ml Legrand","154,49","123,59",-20.0%,"123,59",-20.0%
SãoJoão,Disponível,359.0,12,7896658017643.0,Axonium 5mg 30 Comprimidos Aché (C1),"149,98","119,98",-20.0%,"119,98",-20.0%
SãoJoão,Disponível,359.0,12,7896112405818.0,Pitavastatina 2mg 30 Comprimidos Genérico Biolab,"108,75","64,99",-40.2%,"64,99",-40.2%
SãoJoão,Disponível,359.0,13,7891317922535.0,Olmy 40mg 30 Comprimidos Revestidos Germed,"53,17","44,79",-15.8%,"44,79",-15.8%
SãoJoão,Indisponível,359.0,13,0.0,Seretide 50mcg + 500mcg 60 Doses,0,0,0,0,0
SãoJoão,Indisponível,358.0,15,0.0,Neosaldina 15ml,0,0,0,0,0
SãoJoão,Disponível,358.0,13,7896685302880.0,Bromelin S 100ml Frasco Hebron,"75,23","67,39",-10.4%,"67,39",-10.4%
SãoJoão,Indisponível,358.0,14,0.0,Provance Mini 30 Sachês Ache,0,0,0,0,0
SãoJoão,Disponível,358.0,14,7898148296552.0,Prednisolona 3mg/ml Genérico Prati Solução Oral 60ml,"19,24","12,04",-37.4%,"12,04",-37.4%
SãoJoão,Disponível,358.0,13,7896658039478.0,Runner 10mg 30 Comprimidos Revestidos Ache,"31,74","31,74",-,"31,74",-
SãoJoão,Disponível,358.0,13,7896015517106.0,Sonridor CAF 4 Comprimidos GSK AV*,"10,14","10,14",-,"10,14",-
SãoJoão,Disponível,358.0,15,7891317005863.0,Ruva 10mg 30 Comprimidos Revestidos Eurofarma,"57,00","48,59",-14.8%,"48,59",-14.8%
SãoJoão,Disponível,358.0,12,7897705202715.0,Rybelsus 7mg 30 Comprimidos,"1277,92","1277,92",-,"1277,92",-
SãoJoão,Disponível,358.0,14,7898149934910.0,"Acetato de Desmopressina 0,1mg Solução Nasal 2,5ml Genérico Bergamo","258,77","246,60",-4.7%,"246,60",-4.7%
SãoJoão,Disponível,358.0,13,7896523206714.0,Xarope Dexmine 120ml Cimed,"24,90","23,39",-6.1%,"23,39",-6.1%
SãoJoão,Disponível,358.0,14,7896685300657.0,Kronel Gel Vaginal 60g 10 Aplicadores Hebron,"128,70","128,70",-,"128,70",-
SãoJoão,Disponível,358.0,13,7896004719597.0,Amoxicilina + Clavulanato de Potássio 875mg 14 Comprimidos Revestidos Genérico EMS,"194,22","138,89",-28.5%,"138,89",-28.5%
SãoJoão,Disponível,358.0,14,7896070601703.0,Profenid 50mg 24 Cápsulas Aventis,"69,07","63,89",-7.5%,"63,89",-7.5%
SãoJoão,Disponível,358.0,12,7894916514712.0,Gaudy 8mg 28 Cápsulas Liberação Prolongada Sigma Pharma,"228,74","228,74",-,"228,74",-
SãoJoão,Disponível,358.0,14,7891317438975.0,"Melocox 15mg 5x1,5ml Eurofarma","55,20","46,29",-16.1%,"46,29",-16.1%
SãoJoão,Disponível,358.0,13,7894916509343.0,Gabaneurin 300mg 30 Cápsulas Sigma Pharma (C1),"72,76","72,76",-,"72,76",-
SãoJoão,Disponível,358.0,13,7899824400911.0,Tericin AT Creme Vaginal Arese 45g com 10 Aplicadores,"79,68","72,69",-8.8%,"72,69",-8.8%
SãoJoão,Disponível,358.0,13,7899547536171.0,Canabidiol 20mg/ml 30ml Prati RX (B1),"238,57","238,57",-,"238,57",-
SãoJoão,Disponível,358.0,13,7896676431667.0,"Quera 1,5mg 30 Cápsulas Cristália (C1)","330,96","330,96",-,"330,96",-
SãoJoão,Disponível,358.0,13,7896094919068.0,Apracur Duo 6 Comprimidos Revestidos Envase Hypera Pharma AV*,"10,85","9,89",-8.8%,"9,89",-8.8%
SãoJoão,Disponível,358.0,13,7896004713021.0,Topiramato 25mg 60 Comprimidos Revestidos Genérico EMS (C1),"108,41","21,86",-79.8%,"21,86",-79.8%
SãoJoão,Indisponível,358.0,12,0.0,"Therapsor 0,5mg/ml 25ml",0,0,0,0,0
SãoJoão,Disponível,358.0,12,7896112405986.0,Cronocor 25mg 60 Comprimidos Biolab,"25,29","25,29",-,"25,29",-
SãoJoão,Disponível,358.0,14,7896026120401.0,Malvatricin Gel Dental 50G Daudt,"29,56","29,56",-,"29,56",-
SãoJoão,Disponível,358.0,14,7891317002503.0,Cetoconazol + Betametasona + Neomicina Creme Genérico Eurofarma 30g,"31,55","27,59",-12.6%,"27,59",-12.6%
SãoJoão,Disponível,358.0,13,300651361070.0,Opti-Free Puremoist 300Ml+120Ml+Estojo,"101,71","101,71",-,"101,71",-
SãoJoão,Disponível,358.0,15,7896094929036.0,Pomada Nebacetin Baby Prevenção 30g Hypera Pharma,"19,99","19,99",-,"19,99",-
SãoJoão,Disponível,357.0,14,7896094930407.0,Rinosoro Alto Volume 30 Sachês Farmasa,"34,46","34,46",-,"34,46",-
SãoJoão,Disponível,357.0,13,7896112122432.0,Diurix Teuto 25mg 30 Comprimidos,"4,25","4,25",-,"4,25",-
SãoJoão,Disponível,357.0,13,7891317020675.0,Monax 50mcg Spray Nasal 60 Doses Momenta,"47,43","42,19",-11.0%,"42,19",-11.0%
SãoJoão,Disponível,357.0,13,7896004784076.0,Bilastina 20mg 15 Comprimidos Revestidos Genérico EMS,"46,58","29,15",-37.4%,"29,15",-37.4%
SãoJoão,Disponível,357.0,14,7899785200698.0,Ambroxmel Gengibre Spray 30ml,"11,90","11,90",-,"11,90",-
SãoJoão,Disponível,357.0,12,7896004759678.0,"Azitromicina Suspensão Oral 1500mg/37,5ml Genérico EMS","48,16","43,69",-9.3%,"43,69",-9.3%
SãoJoão,Disponível,357.0,13,7891158105074.0,"Livanel 0,120mg + 0,015mg 1 Anel Vaginal Abbott","89,32","89,32",-,"89,32",-
SãoJoão,Disponível,357.0,15,7896112401810.0,Cogit 8mg 30 Cápsulas Biolab (C1),"148,51","148,51",-,"148,51",-
SãoJoão,Disponível,357.0,14,7896658038129.0,Tormiv SL 10mg 20 Comprimidos Aché,"48,81","43,59",-10.7%,"43,59",-10.7%
SãoJoão,Disponível,357.0,12,7896083402557.0,Cran B CR 30 Compimidos  Herbarium,"181,80","147,69",-18.8%,"147,69",-18.8%
SãoJoão,Disponível,357.0,13,7897411610507.0,Loxonin Sankyo 60mg 30 Comprimidos,"80,55","68,09",-15.5%,"68,09",-15.5%
SãoJoão,Disponível,357.0,14,7898258951549.0,Composto de Mel e Própolis Chico Bento Morango 30ml,"18,90","18,90",-,"18,90",-
SãoJoão,Disponível,357.0,12,7891142158161.0,Meticorten 20mg 10 Comprimidos Organon,"34,89","31,69",-9.2%,"31,69",-9.2%
SãoJoão,Disponível,357.0,13,7896004719597.0,Amoxicilina + Clavulanato Potássico 500mg 14 Comprimidos Revestidos,"194,22","138,89",-28.5%,"138,89",-28.5%
SãoJoão,Disponível,357.0,13,7894916503082.0,Lanz 30mg 28 Cápsulas Sigma Pharma,"141,98","113,58",-20.0%,"113,58",-20.0%
SãoJoão,Disponível,357.0,17,7896015593506.0,Lamictal Disp 100mg 30 Comprimidos GSK (C1),"214,83","214,83",-,"214,83",-
SãoJoão,Disponível,357.0,12,7896637022910.0,Unoprost 2mg 30 Comprimidos Apsen,"36,04","36,04",-,"36,04",-
SãoJoão,Disponível,357.0,13,7896658049095.0,Zyad Diário 5mg 60 Comprimidos Ache,"114,65","96,99",-15.4%,"96,99",-15.4%
SãoJoão,Disponível,357.0,14,7891317013660.0,Betatrinta 6 Ampolas 1ml Injetável Eurofarma,"160,83","128,66",-20.0%,"128,66",-20.0%
SãoJoão,Disponível,357.0,14,7894916501477.0,Sigma-Clav BD Sigma Pharma 400mg + 57mg/5ml 70ml,"38,32","38,32",-,"38,32",-
SãoJoão,Disponível,357.0,13,7899095243866.0,Quetiapina 25mg 30 Comprimidos Revestidos Genérico Novartis (C1),"70,66","31,39",-55.6%,"31,39",-55.6%
SãoJoão,Disponível,357.0,13,7896658040627.0,Tolrest 75mg 60 Comprimidos Ache (C1),"281,15","224,92",-20.0%,"224,92",-20.0%
SãoJoão,Disponível,357.0,13,7891317031787.0,Spark XR 750mg 30 Comprimidos Momenta (C1),"201,46","201,46",-,"201,46",-
SãoJoão,Disponível,357.0,14,7896658020582.0,Exodus 15mg 60 Comprimidos Revestidos Aché (C1),"192,78","192,78",-,"192,78",-
SãoJoão,Disponível,357.0,13,7891268130065.0,Zitromax 500Mg 3 Comprimidos Revestidos Pfizer,"48,16","48,16",-,"48,16",-
SãoJoão,Disponível,357.0,13,7896269900631.0,Pomada Dermatológica Trok-N 30g,"50,72","50,72",-,"50,72",-
SãoJoão,Disponível,357.0,14,7896637024525.0,Neosoro Solução Nasal 30ml,"212,66","170,13",-20.0%,"170,13",-20.0%
SãoJoão,Disponível,357.0,13,7896637033350.0,Meclin Jet 50mg 10 Comprimidos,"33,71","29,99",-11.0%,"29,99",-11.0%
SãoJoão,Disponível,357.0,13,7896523201771.0,Pralivio 400mg 10cap Cimed,"14,90","14,90",-,"14,90",-
SãoJoão,Disponível,356.0,15,7896206406769.0,Selozok 100mg 60 Comprimidos Libbs Prolongado AstraZeneca,"275,49","220,39",-20.0%,"220,39",-20.0%
SãoJoão,Disponível,356.0,12,7893595770662.0,Floral Therapi Fase Femme 30ml,"36,90","29,90",-19.0%,"29,90",-19.0%
SãoJoão,Disponível,356.0,13,7896658002953.0,Novamox 2X 400/57Mg 100Ml Aché,"169,98","169,98",-,"169,98",-
SãoJoão,Disponível,356.0,16,7896094925397.0,Melatonum Mantecorp Menta Gotas 30ml,"78,76","78,76",-,"78,76",-
SãoJoão,Disponível,356.0,14,7896658003523.0,"Decadron 0,75mg 20 Comprimidos Aché","15,30","14,49",-5.3%,"14,49",-5.3%
SãoJoão,Disponível,356.0,13,7899420509124.0,Tam XR 750mg 30 Comprimidos Revestidos Supera,"201,43","201,43",-,"201,43",-
SãoJoão,Disponível,356.0,12,7898569760502.0,Rosuvastatina 20mg 60 Comprimidos Revestidos Genérico Althaia,"120,16","69,90",-41.8%,"69,90",-41.8%
SãoJoão,Disponível,356.0,14,4260747720746.0,Pariet 10Mg 14 Comprimidos Revestidos Janssen,"154,68","133,09",-14.0%,"133,09",-14.0%
SãoJoão,Disponível,356.0,13,7896004821153.0,Bupropiona 150mg 30 Comprimidos Revestidos Genérico Germed (C1),"130,45","49,90",-61.7%,"49,90",-61.7%
SãoJoão,Disponível,356.0,13,7896641804588.0,Pomada Nebacetin 5mg/g + 250UI/g 15g HYPERA PHARMA,"31,62","31,62",-,"31,62",-
SãoJoão,Disponível,356.0,12,7896226109459.0,Vecasten 60 Comprimidos Marjan,"283,32","212,82",-24.9%,"212,82",-24.9%
SãoJoão,Disponível,356.0,14,7896637024525.0,Aloxidil Solução Capilar 50ml,"212,66","170,13",-20.0%,"170,13",-20.0%
SãoJoão,Disponível,356.0,13,7896714228389.0,Guaifenesina Xarope 120ml Cer Gen Neoquímica,"34,51","34,51",-,"34,51",-
SãoJoão,Disponível,356.0,13,7896658005763.0,Haldol Janssen 5mg 20 Comprimidos (C1),"25,78","22,29",-13.5%,"22,29",-13.5%
SãoJoão,Disponível,356.0,13,8903855092782.0,Rosucor Eze 10 + 10mg 30 Cápsulas Torrent,"73,42","60,19",-18.0%,"60,19",-18.0%
SãoJoão,Disponível,356.0,15,7893454714813.0,Culturelle Saúde Digestiva 30 Cápsulas Cellera,"207,99","207,99",-,"207,99",-
SãoJoão,Disponível,356.0,13,7896094210936.0,Lakos 50mg 60 Comprimidos Revestidos Libbs (C1),"155,49","124,39",-20.0%,"124,39",-20.0%
SãoJoão,Disponível,356.0,14,7896269900617.0,Trok Creme Dermatológico 30g,"49,35","49,35",-,"49,35",-
SãoJoão,Disponível,356.0,13,7898169080123.0,Dermazine Creme  Silvestre 50G,"61,48","54,79",-10.9%,"54,79",-10.9%
SãoJoão,Disponível,356.0,14,7896714234564.0,Furosemida 40mg 30 Comprimidos Genérico Neo Química,"23,89","9,99",-58.2%,"9,99",-58.2%
SãoJoão,Disponível,356.0,13,7898943707086.0,Ateroma 20mg 30 Comprimidos Revestidos Supera,"96,41","79,19",-17.9%,"79,19",-17.9%
SãoJoão,Disponível,356.0,13,7896658049668.0,Fusor 20mg 30 Comprimidos Biosintética (C1),"53,85","53,85",-,"53,85",-
SãoJoão,Disponível,356.0,13,7896181905271.0,Alenia 6+200mcg 60 Cápsulas + Inalador,"116,40","96,79",-16.8%,"96,79",-16.8%
SãoJoão,Disponível,356.0,14,7896112170310.0,Furosemida 40mg Genérico Cimed 20 Comprimidos,"12,11","12,11",-,"12,11",-
SãoJoão,Disponível,356.0,14,7500435188067.0,Vick Pyrena Grip-7 20 Cápsulas Procter,"29,74","25,28",-15.0%,"25,28",-15.0%
SãoJoão,Disponível,356.0,14,7892953208052.0,Condroflex Mix de Sabores 30 Envelopes Zodiac,"155,76","124,61",-20.0%,"124,61",-20.0%
SãoJoão,Disponível,356.0,13,7896658037221.0,Volare 40mg Injetável 6 Seringas Ache,"518,03","518,03",-,"518,03",-
SãoJoão,Indisponível,355.0,13,0.0,Pepsogel 240ml Legrand,0,0,0,0,0
SãoJoão,Disponível,355.0,13,7896112408727.0,Lide Nimesulida Betaciclodextrina 400mg 10 Comprimidos Biolab,"40,68","36,19",-11.0%,"36,19",-11.0%
SãoJoão,Disponível,355.0,13,7891268100716.0,Caverject 20mcg,"162,84","132,49",-18.6%,"132,49",-18.6%
SãoJoão,Disponível,355.0,12,7896015525231.0,Fixare Pro 30 Comprimidos Efervescentes Sigma Pharma,"3,18","2,79",-12.3%,"2,79",-12.3%
SãoJoão,Disponível,355.0,15,7896658021749.0,Adipept 40mg 42 Comprimidos Revestidos,"73,62","61,79",-16.1%,"61,79",-16.1%
SãoJoão,Disponível,355.0,13,7893595770723.0,Floral Thérapi To tranquilo 30ml,"36,90","29,90",-19.0%,"29,90",-19.0%
SãoJoão,Disponível,355.0,13,7896094201644.0,"Pozato Uni 1,5mg 1 Comprimido Libbs","37,51","22,90",-38.9%,"22,90",-38.9%
SãoJoão,Disponível,355.0,15,7896637022446.0,Flancox 400mg 20 Comprimidos Revestidos Apsen,"61,50","53,59",-12.9%,"53,59",-12.9%
SãoJoão,Disponível,355.0,12,7898687734454.0,Vortioxetina 10mg 60 Comprimidos Revestidos Genérico Althaia (C1),"238,90","182,09",-23.8%,"182,09",-23.8%
SãoJoão,Disponível,355.0,13,7896523228822.0,Leite de Magnésia Hortelã 120ml,"12,90","9,69",-24.9%,"9,69",-24.9%
SãoJoão,Disponível,355.0,14,7896637023658.0,Miosan 5mg 10 Comprimidos Revestidos,"20,15","20,15",-,"20,15",-
SãoJoão,Disponível,355.0,12,7897322710457.0,Lisador Farmasa 500mg + 5mg + 10mg 4 Comprimidos,"12,98","11,39",-12.2%,"11,39",-12.2%
SãoJoão,Disponível,355.0,12,7896026170390.0,Creme Dental Daudt Malvatrikids F-Infantil 70g,"22,11","22,11",-,"22,11",-
SãoJoão,Disponível,355.0,14,7891142177162.0,Predsim Solução Oral 60ml,"35,86","33,79",-5.8%,"33,79",-5.8%
SãoJoão,Disponível,355.0,14,7896658034534.0,"Clilon Solução Oftálmica 0,4% 5ml Aché","46,20","41,09",-11.1%,"41,09",-11.1%
SãoJoão,Disponível,355.0,14,7894916514927.0,Arpejo 20mg 30mg Gotas Sigma Pharma (C1),"483,37","483,37",-,"483,37",-
SãoJoão,Disponível,355.0,13,8903855084961.0,VeePi 250mg 60 Comprimidos Torrent (C1),"87,79","71,79",-18.2%,"71,79",-18.2%
SãoJoão,Disponível,355.0,13,7896658011924.0,Clopin Duo 75+100mg 30 Comprimidos Revestidos Aché,"76,14","61,99",-18.6%,"61,99",-18.6%
SãoJoão,Disponível,355.0,12,7898948648292.0,Utrogestan 200mg 42 Cápsulas Moles,"238,78","192,19",-19.5%,"192,19",-19.5%
SãoJoão,Disponível,355.0,13,7898216368044.0,Gardenal 50mg 20 Comprimidos Sanofi (B1),"11,16","10,29",-7.8%,"10,29",-7.8%
SãoJoão,Indisponível,355.0,12,0.0,"Ceftriaxona Sódica Solução Intramuscular 1 Frasco-ampola De 3,5ml",0,0,0,0,0
SãoJoão,Disponível,355.0,12,7896523226811.0,Azitromicina Genérico Cimed 500mg 5 Comprimidos Revestidos,"46,62","14,90",-68.0%,"14,90",-68.0%
SãoJoão,Disponível,355.0,12,7896241261248.0,Drenison Oclusivo 1 Rolo,"142,55","120,19",-15.7%,"120,19",-15.7%
SãoJoão,Disponível,355.0,12,7896004728858.0,Rosuvastatina 20mg 30 Comprimidos Revestidos Genérico EMS,"210,55","24,90",-88.2%,"24,90",-88.2%
SãoJoão,Disponível,355.0,15,7898029559318.0,Agoxom 25mg 28 Comprimidos Servier (C1),"278,49","278,49",-,"278,49",-
SãoJoão,Disponível,355.0,13,7896862993535.0,Paracetamol 750mg 20 Comprimidos Genérico Medquímica,"16,50","9,90",-40.0%,"9,90",-40.0%
SãoJoão,Disponível,354.0,12,7896112480709.0,Xefo 8mg 20 Comprimidos Revestidos Biolab,"35,84","32,69",-8.8%,"32,69",-8.8%
SãoJoão,Disponível,354.0,13,7891058001681.0,Amiodarona 200mg Genérico Medley 30 Comprimidos,"38,29","38,29",-,"38,29",-
SãoJoão,Disponível,354.0,14,7896112406532.0,Riscard 500Mg 60 Comprimidos Biolab,"153,13","153,13",-,"153,13",-
SãoJoão,Disponível,354.0,12,7896422516990.0,"Alprazolam 0,25mg 30 Comprimidos Genérico Medley (B1)","14,05","14,05",-,"14,05",-
SãoJoão,Disponível,354.0,13,7896015568115.0,"Clavulin BD 200mg+28,5mg Suspensão 70ml GSK","103,46","103,46",-,"103,46",-
SãoJoão,Indisponível,354.0,14,0.0,Naldecon Multi 4 comprimidos,0,0,0,0,0
SãoJoão,Disponível,354.0,14,7896658004148.0,Novocilin 875mg 14 Comprimidos,"62,96","55,39",-12.0%,"55,39",-12.0%
SãoJoão,Disponível,354.0,15,7896004777559.0,Fexofenadina 180mg 10 Comprimidos Revestidos Genérico EMS,"82,08","50,59",-38.4%,"50,59",-38.4%
SãoJoão,Disponível,354.0,13,7896658026195.0,Avide 100mg 9 Cápsulas Duras,"55,60","49,49",-11.0%,"49,49",-11.0%
SãoJoão,Disponível,354.0,15,7891104193353.0,"Olmy HCT 40+12,5mg 60 Comprimidos Revestidos Germed","19,73","18,29",-7.3%,"18,29",-7.3%
SãoJoão,Disponível,354.0,14,7896422505673.0,Simeticona Gotas 15ml Genérico Medley,"10,90","9,99",-8.3%,"9,99",-8.3%
SãoJoão,Disponível,354.0,12,7896094202719.0,Procimax 40mg 28 Comprimidos Libbs (C1),"193,58","154,86",-20.0%,"154,86",-20.0%
SãoJoão,Disponível,354.0,13,7896004704623.0,Dexclorfeniramina + Betametasona Xarope 120ml Genérico EMS,"24,28","22,89",-5.7%,"22,89",-5.7%
SãoJoão,Disponível,354.0,15,7891106915960.0,"Kyleena 19,5mg DIU com Insertor Bayer","1650,22","1209,99",-26.7%,"1209,99",-26.7%
SãoJoão,Disponível,354.0,14,7896658030260.0,Montelair 4Mg 60 Saches 350G Ache,"179,50","179,50",-,"179,50",-
SãoJoão,Disponível,354.0,12,7891268101188.0,Celebra Ad 100mg 20 Cápsulas Upjohn (C1),"119,86","102,19",-14.7%,"102,19",-14.7%
SãoJoão,Disponível,354.0,13,7891317011284.0,Sonic 100mg 30 Comprimidos Eurofarma (C1),"76,49","61,09",-20.1%,"61,09",-20.1%
SãoJoão,Disponível,354.0,13,7896422519373.0,"Carvedilol 12,5mg 30 Comprimidos Genérico Medley","49,92","49,92",-,"49,92",-
SãoJoão,Disponível,354.0,12,7896026302999.0,Spiriva Respimat 4Ml 60 Doses Boehringer,"512,15","512,15",-,"512,15",-
SãoJoão,Disponível,353.0,15,7896676442717.0,Codeína 60mg 30 Comprimidos Cristália,"114,20","92,09",-19.4%,"92,09",-19.4%
SãoJoão,Disponível,353.0,15,7897595602527.0,Doxazosina 4mg 30 Comprimidos Genérico Neo Química,"79,64","79,64",-,"79,64",-
SãoJoão,Disponível,353.0,14,7891045031493.0,Elifore 100mg 28 Comprimidos Revestidos Pfizer (C1),"195,02","117,01",-40.0%,"117,01",-40.0%
SãoJoão,Disponível,353.0,15,7898146823804.0,Paracetamol + Codeína 12 Comprimidos Genérico Biolab (A2),"27,22","25,69",-5.6%,"25,69",-5.6%
SãoJoão,Disponível,353.0,14,7898029550254.0,Acertil 10mg 60 Comprimidos Servier,"214,44","176,19",-17.8%,"176,19",-17.8%
SãoJoão,Indisponível,353.0,13,0.0,Fledoid 300 40g Pomada Fqm,0,0,0,0,0
SãoJoão,Disponível,353.0,14,7891317017378.0,Cloridrato De Sertralina 25mg Genérico Eurofarma 30 Comprimidos Revestidos (C1),"80,69","42,09",-47.8%,"42,09",-47.8%
SãoJoão,Disponível,353.0,12,7891317097483.0,Don 5mg 30 Comprimidos Revestidos Eurofarma (C1),"100,10","81,89",-18.2%,"81,89",-18.2%
SãoJoão,Disponível,353.0,13,7896360001138.0,Dorflex Solução Oral Opella 20ml,"63,60","63,60",-,"63,60",-
SãoJoão,Disponível,353.0,14,7893595770907.0,Óleo Essencial Therapi 10ml com Perfume de Flor,"39,90","39,90",-,"39,90",-
SãoJoão,Disponível,353.0,14,7896026307048.0,"Trajenta Duo 2,5mg+500mg 60 Comprimidos Boehringer","315,34","315,34",-,"315,34",-
SãoJoão,Disponível,353.0,13,7896112408895.0,Fluvoxamina 100mg 60 Comprimidos Revestidos Genérico Biolab (C1),"414,07","278,69",-32.7%,"278,69",-32.7%
SãoJoão,Disponível,353.0,13,7893454714783.0,Culturelle Junior 30 Sachês Cellera,"200,99","200,99",-,"200,99",-
SãoJoão,Disponível,353.0,13,7898040321345.0,Utrogestan 200mg 14 Cápsulas Moles,"79,53","68,49",-13.9%,"68,49",-13.9%
SãoJoão,Disponível,353.0,12,7891268101188.0,Celebra AD 200mg 15 Cápsulas Upjohn (C1),"119,86","102,19",-14.7%,"102,19",-14.7%
SãoJoão,Disponível,353.0,15,7897595900722.0,Mestinon Cellera 60mg 60 Comprimidos,"15,95","14,59",-8.5%,"14,59",-8.5%
SãoJoão,Disponível,353.0,15,7896637032261.0,Lactosil Flora 8 Cápsulas,"33,90","33,90",-,"33,90",-
SãoJoão,Disponível,353.0,12,7896523210759.0,Maleato De Enalapril 10mg Genérico Cimed 30 Comprimidos,"21,17","3,99",-81.2%,"3,99",-81.2%
SãoJoão,Disponível,352.0,14,7896658003554.0,Decadron 120ml Elixir Aché,"35,76","33,29",-6.9%,"33,29",-6.9%
SãoJoão,Disponível,352.0,14,7896004725222.0,"Glamigan 0,3mg/ml 3 mL Colírio Legrand","132,20","132,20",-,"132,20",-
SãoJoão,Disponível,352.0,15,7896422518697.0,Moratus 20mg 30 Comprimidos Revestidos Medley (C1),"112,07","112,07",-,"112,07",-
SãoJoão,Disponível,352.0,12,7896422501675.0,Tadalafila 5mg 28 Comprimidos Revestidos Genérico Neo Química,"32,42","14,90",-54.0%,"14,90",-54.0%
SãoJoão,Indisponível,352.0,13,0.0,Daktarin Gel Oral 40g Johnson &amp; Johnson,0,0,0,0,0
SãoJoão,Disponível,352.0,14,7896006219545.0,Slow-K Genom 600mg 20 Drágeas,"19,05","19,05",-,"19,05",-
SãoJoão,Disponível,352.0,14,7898947385693.0,Succinato De Metoprolol 25mg Genérico Medley 30 Comprimidos Revestidos,"27,18","27,18",-,"27,18",-
SãoJoão,Disponível,352.0,16,7896422519830.0,Ibuprofeno Suspensão Oral 100mg/5ml 20ml Genérico Geolab,"19,12","10,79",-43.6%,"10,79",-43.6%
SãoJoão,Disponível,352.0,13,7896006219583.0,Algicod 500+30mg 36 Comprimidos Momenta (A2),"59,17","51,79",-12.5%,"51,79",-12.5%
SãoJoão,Disponível,352.0,13,7898582382217.0,"Zomig Grünenthal 2,5mg 2 Cápsulas","75,85","75,85",-,"75,85",-
SãoJoão,Disponível,352.0,13,7896261020306.0,Entresto 97mg/103mg 60 Comprimidos Revestidos,"428,30","428,30",-,"428,30",-
SãoJoão,Disponível,352.0,13,7896422507288.0,Cetoprofeno 50mg Genérico Medley 24 Cápsulas,"32,43","24,99",-22.9%,"24,99",-22.9%
SãoJoão,Disponível,352.0,12,7896004756424.0,Paracetamol + Codeína 24 Comprimidos Genérico Eurofarma (A2),"58,26","39,90",-31.5%,"39,90",-31.5%
SãoJoão,Disponível,352.0,14,7896658048340.0,HPMix 40mg 125ml Suspensão Oral + Seringa Dosadora Aché,"117,29","99,89",-14.8%,"99,89",-14.8%
SãoJoão,Disponível,352.0,13,7891317124465.0,Praiva 400mg 5 Comprimidos Revestidos Eurofarma,"171,45","141,59",-17.4%,"141,59",-17.4%
SãoJoão,Disponível,352.0,13,7500435245357.0,Vick Drops Sabor Mentol 5 Pastilhas,"17,99","15,29",-15.0%,"15,29",-15.0%
SãoJoão,Disponível,352.0,12,7891058020958.0,Soliqua 10-40 Solostar 3Ml Sanofi,"240,44","240,44",-,"240,44",-
SãoJoão,Disponível,352.0,14,7897460401750.0,Silimalon 140 100 + 140mg 60 Comprimidos Zydus,"197,86","197,86",-,"197,86",-
SãoJoão,Disponível,352.0,14,7896004713922.0,"Losartana + Hidroclorotiazida 50mg + 12,5mg 30 Comprimidos Revestidos Genérico Sandoz","70,73","32,49",-54.1%,"32,49",-54.1%
SãoJoão,Disponível,352.0,14,7896004713014.0,Topiramato 50mg 60 Comprimidos Revestidos Genérico EMS (C1),"197,04","38,24",-80.6%,"38,24",-80.6%
SãoJoão,Disponível,352.0,13,7894164005437.0,Hidrali 500ml Tutti-Frutti,"19,90","19,90",-,"19,90",-
SãoJoão,Disponível,352.0,12,7898040321253.0,Dolamin Flex 125+5mg 15 Comprimidos Revestidos FQM,"67,05","58,29",-13.1%,"58,29",-13.1%
SãoJoão,Indisponível,352.0,14,0.0,Bio GG 10BI/1 000UI 30 Cápsulas,0,0,0,0,0
SãoJoão,Disponível,351.0,12,7891142198464.0,Zetia 10mg 30 Comprimidos Supera,"108,51","88,19",-18.7%,"88,19",-18.7%
SãoJoão,Disponível,351.0,12,7894916510028.0,Bramicar HCT 80mg+25mg 30 Comprimidos Sigma Pharma,"106,25","85,00",-20.0%,"85,00",-20.0%
SãoJoão,Disponível,351.0,16,7896015556990.0,Amoxil TID 500mg 21 Cápsulas GSK,"69,72","69,72",-,"69,72",-
SãoJoão,Disponível,351.0,12,7897411610682.0,Benicar HCT 40mg+25mg 30 Comprimidos Sankyo,"107,25","85,80",-20.0%,"85,80",-20.0%
SãoJoão,Disponível,351.0,13,7896637031905.0,Litocit 15 Meq 60 Comprimidos,"157,26","126,29",-19.7%,"126,29",-19.7%
SãoJoão,Disponível,351.0,13,7896006298014.0,"Neovlar  0,25mg + 0,05mg 63 comprimidos","28,24","26,49",-6.2%,"26,49",-6.2%
SãoJoão,Disponível,351.0,13,7896094209541.0,Reconter 20mg 60 Comprimidos Revestidos,"265,06","212,05",-20.0%,"212,05",-20.0%
SãoJoão,Disponível,351.0,14,7896015517106.0,Sonridor Caf 2 Comprimidos Avulso,"10,14","10,14",-,"10,14",-
SãoJoão,Disponível,351.0,14,7894164005321.0,NasoneW Aires Jato Forte Spray 100ml Airela,"39,90","39,90",-,"39,90",-
SãoJoão,Disponível,351.0,12,7908134200620.0,"Exelring 11mg + 3,474mg 1 Anel Vaginal","88,28","88,28",-,"88,28",-
SãoJoão,Disponível,351.0,16,7891058003210.0,Clexane Safety Lock 40mg Injetável 2 Seringas Sanofi,"176,62","145,93",-17.4%,"145,93",-17.4%
SãoJoão,Disponível,351.0,13,7896181915034.0,"Carvedilol 3,125mg 30 Comprimidos Genérico Biosintética","38,34","38,34",-,"38,34",-
SãoJoão,Indisponível,351.0,14,0.0,Prolive 1 000 000 000UFC 30 Cápsulas,0,0,0,0,0
SãoJoão,Indisponível,351.0,15,0.0,Novalgina Infantil Opella 5 Supositórios,0,0,0,0,0
SãoJoão,Disponível,351.0,13,7899547521276.0,Escitalopram Oxalato Genérico Prati C1 30 Comprimidos Revestidos 10 mg,"52,48","24,89",-52.6%,"24,89",-52.6%
SãoJoão,Disponível,351.0,14,7891317016258.0,"Amora 2,0 + 0,030mg 63 Comprimidos Revestidos Eurofarma","56,21","47,99",-14.6%,"47,99",-14.6%
SãoJoão,Disponível,351.0,16,7897595627049.0,Aripiprazol 15mg 30 Comprimidos Genérico Sandoz (C1),"434,89","247,59",-43.1%,"247,59",-43.1%
SãoJoão,Disponível,351.0,14,7898216360727.0,Secnidazol 1000mg Genérico Pharlab 2 Comprimidos,"22,94","14,90",-35.0%,"14,90",-35.0%
SãoJoão,Disponível,351.0,14,7891058008635.0,Novalgina Dipirona  Dor e Febre 500mg 30 Comprimidos,"46,37","40,69",-12.2%,"40,69",-12.2%
SãoJoão,Disponível,350.0,12,7898582380527.0,"Belara 2 + 0,03mg 21 + 7 Comprimidos Gedeon","67,19","56,49",-15.9%,"56,49",-15.9%
SãoJoão,Disponível,350.0,15,7898040324728.0,Prosoy 30mg 6 comprimidos revestidos FQM (Controlado 1),"61,15","52,49",-14.2%,"52,49",-14.2%
SãoJoão,Disponível,350.0,13,7894916505147.0,Ceclor Solução Oral 100ml,"167,93","140,39",-16.4%,"140,39",-16.4%
SãoJoão,Disponível,350.0,13,7896094203280.0,Reconter 15mg 30 Comprimidos Revestidos,"130,00","106,49",-18.1%,"106,49",-18.1%
SãoJoão,Disponível,350.0,13,7896046300067.0,Vidisic Gel Gel Oftálmico 10g,"57,20","49,69",-13.1%,"49,69",-13.1%
SãoJoão,Disponível,350.0,13,7896004709567.0,Amitriptilina 75mg 30 Comprimidos Revestidos Genérico EMS (C1),"75,27","39,90",-47.0%,"39,90",-47.0%
SãoJoão,Disponível,350.0,13,7898040329693.0,Fly250 250mg 20 Cápsulas,"74,10","59,28",-20.0%,"59,28",-20.0%
SãoJoão,Indisponível,350.0,12,0.0,TYLENOL 750MG MULTIPLAS DORES BLISTER (4cp x 25),0,0,0,0,0
SãoJoão,Disponível,350.0,14,7894916515344.0,Clabat 25mg/mL (125mg/5 mL) Sigma Pharma,"80,85","80,85",-,"80,85",-
SãoJoão,Disponível,350.0,14,7894916510004.0,"Bramicar HCT 40mg+12,5mg 30 Comprimidos Sigma Pharma","106,25","106,25",-,"106,25",-
SãoJoão,Disponível,350.0,13,7896676426601.0,Literata 300mg 60 Comprimidos Cristália (C1),"46,06","46,06",-,"46,06",-
SãoJoão,Disponível,350.0,14,7896004705330.0,Simeticon Solução Oral Morango 15ml,"17,65","10,90",-38.2%,"10,90",-38.2%
SãoJoão,Disponível,350.0,13,7896009498411.0,Advil 400mg 3 Cápsulas Moles,"9,86","9,86",-,"9,86",-
SãoJoão,Disponível,350.0,13,7891317013912.0,"Xarope Aloff 0,5mg/ml 60ml Momenta","51,47","51,47",-,"51,47",-
SãoJoão,Disponível,349.0,14,7896094208902.0,Vatis 300mg 90 Comprimidos Libbs,"271,65","217,32",-20.0%,"217,32",-20.0%
SãoJoão,Disponível,349.0,14,7897595634917.0,Valsartana + Anlodipino 160mg + 5mg 28 Comprimidos Revestidos Genérico Sandoz,"83,00","61,89",-25.4%,"61,89",-25.4%
SãoJoão,Disponível,349.0,13,7891317457266.0,Dicloridrato De Levocetirizina 5mg Genérico Eurofarma 10 Comprimidos Revestidos,"48,32","39,99",-17.2%,"39,99",-17.2%
SãoJoão,Disponível,349.0,13,7896382703300.0,Humulin R Insulina Lilly 2 Refis de 3ml,"93,52","93,52",-,"93,52",-
SãoJoão,Disponível,349.0,13,7899420507823.0,Nazzo Inf 120ml+30 Sachês Supera,"68,67","68,67",-,"68,67",-
SãoJoão,Disponível,349.0,13,7896658008740.0,Synthroid 25mcg 30 Comprimidos,"18,46","16,99",-8.0%,"16,99",-8.0%
SãoJoão,Disponível,349.0,13,7897322701738.0,Maxsulid 400mg 10 Comprimidos Farmasa,"50,40","44,39",-11.9%,"44,39",-11.9%
SãoJoão,Disponível,349.0,14,7896094211353.0,Aymee 40mg 30 Comprimidos Revestidos Libbs (C1),"300,62","240,50",-20.0%,"240,50",-20.0%
SãoJoão,Disponível,349.0,13,7896023700118.0,Figatil Solução Oral Concentrada 150ml,"27,90","27,90",-,"27,90",-
SãoJoão,Disponível,349.0,13,7891721029998.0,Concor Anlo 10+5mg 30 Comprimidos Merck,"108,77","108,77",-,"108,77",-
SãoJoão,Disponível,349.0,12,7898216368051.0,Gardenal Solução Oral 20ml,"13,89","12,69",-8.6%,"12,69",-8.6%
SãoJoão,Disponível,349.0,13,7891268148350.0,Besilato De Anlodipino 5mg Genérico Novartis 30 Comprimidos,"88,97","88,97",-,"88,97",-
SãoJoão,Disponível,349.0,12,7896382703973.0,Cialis 20mg 4 Comprimidos Revestidos Lilly,"331,98","267,79",-19.3%,"267,79",-19.3%
SãoJoão,Disponível,349.0,13,7898569760410.0,Rosuvastatina 5mg 30 Comprimidos Revestidos Genérico Biosintética,"48,01","24,90",-48.1%,"24,90",-48.1%
SãoJoão,Disponível,349.0,13,7896422504812.0,Clotrimazol Creme Dermatológico 10mg 20g Genérico Medley,"18,70","14,90",-20.3%,"14,90",-20.3%
SãoJoão,Disponível,349.0,13,7891058003975.0,Dorflex Analgésico Relaxante Muscular Max Dipirona Dor no Corpo Intensa 600mg + 70mg + 100mg 8 Compr,"31,50","31,50",-,"31,50",-
SãoJoão,Disponível,349.0,14,7896004709833.0,Lansoprazol 30mg 28 Cápsulas Genérico Germed,"136,07","89,90",-33.9%,"89,90",-33.9%
SãoJoão,Disponível,349.0,15,7896006291398.0,Lacrifilm Solução Oftalmológica 10ml,"37,95","34,79",-8.3%,"34,79",-8.3%
SãoJoão,Disponível,349.0,13,7898216363445.0,Claritromicina 500mg 14 Comprimidos Revestidos Genérico Pharlab,"158,80","114,59",-27.8%,"114,59",-27.8%
SãoJoão,Disponível,349.0,12,7896523206547.0,Probenxil 50mg 20 Comprimidos Cimed,"24,90","23,49",-5.7%,"23,49",-5.7%
SãoJoão,Disponível,349.0,14,7896094211049.0,Reconter ODT 15mg 30 Comprimidos Libbs (C1),"134,21","134,21",-,"134,21",-
SãoJoão,Disponível,349.0,12,7896004737225.0,Orlistate 120mg 84 Cápsulas Genérico EMS,"428,81","206,19",-51.9%,"206,19",-51.9%
SãoJoão,Indisponível,349.0,12,0.0,Tratamento da Vaginose Bacteriana Gino-Canesten Balance,0,0,0,0,0
SãoJoão,Indisponível,349.0,13,0.0,Penetro Gel 30 g Megalabs,0,0,0,0,0
SãoJoão,Disponível,349.0,14,7896004700274.0,Tenoxicam 20mg 10 Comprimidos Genérico EMS,"56,29","48,29",-14.2%,"48,29",-14.2%
SãoJoão,Disponível,348.0,14,7896009498459.0,Advil 400mg 20 Cápsulas Moles,"50,80","33,00",-35.0%,"33,00",-35.0%
SãoJoão,Disponível,348.0,13,7896181921363.0,Betalor Biosintética 5mg + 25mg 30 Comprimidos,"42,22","35,99",-14.8%,"35,99",-14.8%
SãoJoão,Disponível,348.0,14,7898040329303.0,Isoy 10mg 30 Comprimidos Revestidos FQM (B1),"53,08","53,08",-,"53,08",-
SãoJoão,Disponível,348.0,15,7898040320942.0,Otosporin Solução Farmoquímica 10Ml,"17,97","17,97",-,"17,97",-
SãoJoão,Disponível,348.0,13,7891317022600.0,Divalproato de Sódio 250mg 30 Comprimidos Revestidos Genérico Eurofarma (C1),"182,50","133,59",-26.8%,"133,59",-26.8%
SãoJoão,Disponível,348.0,13,7899547504521.0,Furosemida 40mg 20 Comprimidos Genérico Prati-Donaduzzi,"8,86","4,90",-44.7%,"4,90",-44.7%
SãoJoão,Disponível,348.0,14,7896181915072.0,Jogger 500+400mg 90 Cápsulas Biosintética,"87,00","70,59",-18.9%,"70,59",-18.9%
SãoJoão,Disponível,348.0,13,7899824400478.0,"Lacass 66,66mg 14 Comprimidos Arese","74,59","66,29",-11.1%,"66,29",-11.1%
SãoJoão,Disponível,348.0,13,7896641808982.0,Dexilant 30mg 30 Cápsulas,"128,20","103,89",-19.0%,"103,89",-19.0%
SãoJoão,Disponível,348.0,14,7896255764384.0,Ritmonorm 300Mg 30 Comprimidos Revestidos Abbott,"150,64","120,51",-20.0%,"120,51",-20.0%
SãoJoão,Disponível,348.0,15,7897322714271.0,Tamarine Fibras Pó para Solução Oral 250g,"129,99","129,99",-,"129,99",-
SãoJoão,Disponível,348.0,13,7896004734026.0,"Repopil 2+0,035mg 63 Comprimidos Revestidos Legrand","59,90","54,29",-9.4%,"54,29",-9.4%
SãoJoão,Indisponível,348.0,13,0.0,Striverdi Respimat Boehringer  4Ml,0,0,0,0,0
SãoJoão,Disponível,348.0,12,7894916372770.0,Loratadina Xarope 100ml Genérico EMS,"46,40","21,89",-52.8%,"21,89",-52.8%
SãoJoão,Disponível,348.0,16,7896004706795.0,Losartana + HCT 100mg + 25mg 30 Comprimidos Revestidos Genérico EMS,"21,73","3,90",-82.1%,"3,90",-82.1%
SãoJoão,Disponível,348.0,12,7899420509452.0,Amytril 25mg 60 Comprimidos Supera (C1),"108,51","108,51",-,"108,51",-
SãoJoão,Disponível,348.0,16,7892953001820.0,Mitrul 15Mg 5 Cápsulas Adium,"31,19","31,19",-,"31,19",-
SãoJoão,Disponível,348.0,13,7898014567410.0,Colic Calm Suspensão Oral 59ml,"188,57","188,57",-,"188,57",-
SãoJoão,Disponível,348.0,14,7896676406177.0,Dry 5mg 60 Comprimidos Cristália,"58,23","49,79",-14.5%,"49,79",-14.5%
SãoJoão,Disponível,348.0,13,7891142981356.0,Predsim 20mg 20 Comprimidos Mantecorp,"77,04","67,19",-12.8%,"67,19",-12.8%
SãoJoão,Disponível,348.0,13,7896004791104.0,Olmesartana Genérico EMS 20mg 30 Comprimidos Revestidos,"54,18","37,90",-30.0%,"37,90",-30.0%
SãoJoão,Disponível,348.0,12,7896714232966.0,Diazepam 5mg 30 Comprimidos Genérico Neo Química (B1),"16,27","14,99",-7.9%,"14,99",-7.9%
SãoJoão,Disponível,348.0,14,7896422514460.0,Dorene 150mg 30 Cápsulas Aché (C1),"145,47","116,38",-20.0%,"116,38",-20.0%
SãoJoão,Disponível,348.0,14,7892953001837.0,Mitrul 15Mg Adium com 10 Cápsulas,"62,42","53,49",-14.3%,"53,49",-14.3%
SãoJoão,Disponível,348.0,13,7897473207653.0,Seretide Spray 25mcg + 125mcg 120 Doses,"124,61","92,49",-25.8%,"92,49",-25.8%
SãoJoão,Disponível,348.0,12,7897460402085.0,Silimalon 70 + 100mg 4 Comprimidos Zydus Av,"10,78","10,78",-,"10,78",-
SãoJoão,Disponível,348.0,15,7896016807206.0,Naldecon Pack Dia e Noite 6 Comprimidos,"19,74","19,74",-,"19,74",-
SãoJoão,Disponível,348.0,13,7897337716260.0,"Libiam 2,5mg 84 Comprimidos","320,12","217,68",-32.0%,"217,68",-32.0%
SãoJoão,Disponível,348.0,14,78911239.0,Vick Inalador Procter,"22,71","22,71",-,"22,71",-
SãoJoão,Disponível,347.0,13,7897316805671.0,Zymar XD Solução Oftálmica 3ml Allergan,"54,66","48,99",-10.4%,"48,99",-10.4%
SãoJoão,Disponível,347.0,15,7896658036019.0,Osteoban 150mg 3 Comprimidos Revestidos,"154,74","123,79",-20.0%,"123,79",-20.0%
SãoJoão,Disponível,347.0,13,7896181908302.0,Isossorbida 20mg 30 Comprimidos Genérico Biosintética,"14,61","13,09",-10.4%,"13,09",-10.4%
SãoJoão,Disponível,347.0,12,7896512901408.0,Supositório de Glicerina Infantil 12 Unidades,"28,99","28,99",-,"28,99",-
SãoJoão,Disponível,347.0,14,7896006298144.0,"Mirugell 4mg/ml + 3mg/ml + 1,8mg/ml Solução Oftálmica 5ml","95,37","79,39",-16.8%,"79,39",-16.8%
SãoJoão,Disponível,347.0,12,7894916509503.0,Clo 25mg 30 Comprimidos Revestidos Sigma Pharma (C1),"88,68","71,19",-19.7%,"71,19",-19.7%
SãoJoão,Disponível,347.0,12,7896658051081.0,Manivasc 20mg 28 Comprimidos Chiesi,"31,63","31,63",-,"31,63",-
SãoJoão,Disponível,347.0,15,7896658008825.0,Synthroid 100mcg 30 Comprimidos,"17,82","16,49",-7.5%,"16,49",-7.5%
SãoJoão,Disponível,347.0,15,7898148292806.0,"Sulfato De Neomicina 3,5mg/g Genérico Prati Creme Dermatológico 20g","18,75","18,75",-,"18,75",-
SãoJoão,Disponível,347.0,14,7891721025105.0,Concor 5mg 30 Comprimidos Revestidos Merck,"106,77","85,89",-19.6%,"85,89",-19.6%
SãoJoão,Disponível,347.0,12,7896637025225.0,Primid 100mg 100 Comprimidos Apsen (C1),"98,29","79,09",-19.5%,"79,09",-19.5%
SãoJoão,Disponível,347.0,13,7896004706306.0,Prednisona Genérico EMS 5mg 20 Comprimidos,"19,01","13,90",-26.9%,"13,90",-26.9%
SãoJoão,Disponível,347.0,14,8903855083452.0,Olmecor Triplo 40+10+25mg 30 comprimidos revestidos Torrent,"178,62","178,62",-,"178,62",-
SãoJoão,Indisponível,347.0,13,0.0,Anador 500mg 20ml,0,0,0,0,0
SãoJoão,Disponível,347.0,13,7896637033022.0,Rahime 8mg 10 Comprimidos Revestidos Apsen (C1),"37,24","37,24",-,"37,24",-
SãoJoão,Disponível,347.0,12,7893595770655.0,Floral Thérapi Sonho Bom 30ml,"36,90","29,90",-19.0%,"29,90",-19.0%
SãoJoão,Disponível,347.0,12,7896523214627.0,Ciclobenzaprina 5mg 30 Comprimidos Revestidos Genérico Cimed,"25,46","15,99",-37.2%,"15,99",-37.2%
SãoJoão,Disponível,347.0,13,7899095238671.0,Escitalopram 10mg 30 Comprimidos Revestidos Genérico Geolab (C1),"69,32","29,90",-56.9%,"29,90",-56.9%
SãoJoão,Disponível,346.0,13,7896658036316.0,Levty 8 Comprimidos Mastigáveis Ache,"24,60","24,60",-,"24,60",-
SãoJoão,Disponível,346.0,14,7896714205182.0,Propranolol 40mg 30 Comprimidos Genérico Neo Química,"6,86","4,99",-27.3%,"4,99",-27.3%
SãoJoão,Disponível,346.0,13,7896658011863.0,Flogoral Colutório Menta 250ml Aché,"47,39","44,09",-7.0%,"44,09",-7.0%
SãoJoão,Disponível,346.0,15,7896094903289.0,Epocler Hypera Pharma 10ml,"4,68","4,68",-,"4,68",-
SãoJoão,Disponível,346.0,13,7896658046575.0,"Combfix 37,5/325mg 30 Comprimidos Biosintética (A2)","79,56","79,56",-,"79,56",-
SãoJoão,Disponível,346.0,14,7896004789576.0,Lefor 5mg 30 Comprimidos EMS,"117,12","95,79",-18.2%,"95,79",-18.2%
SãoJoão,Disponível,346.0,14,7898687734812.0,Vildagliptina + Metformina 50mg + 500mg 60 Comprimidos Revestidos Genérico Althaia,"143,33","143,33",-,"143,33",-
SãoJoão,Disponível,346.0,12,7896023725999.0,Sal Amargo Purificado Avulso 15g,"2,99","2,99",-,"2,99",-
SãoJoão,Disponível,346.0,14,7896255767149.0,Duphalac Xarope 200ml,"61,90","54,69",-11.6%,"54,69",-11.6%
SãoJoão,Disponível,346.0,13,7896165600802.0,Pentasa 2g 30saches Ferring,"1286,57","1286,57",-,"1286,57",-
SãoJoão,Disponível,346.0,12,7896523227573.0,Loratadina 10mg 12 Comprimidos Genérico Neo Química,"22,83","5,99",-73.8%,"5,99",-73.8%
SãoJoão,Disponível,346.0,14,7891317013523.0,Polaramine Solução Oral 120ml,"51,24","46,19",-9.9%,"46,19",-9.9%
SãoJoão,Disponível,346.0,12,7896227800034.0,Gelol Gel Dermatológico 60g,"40,19","40,19",-,"40,19",-
SãoJoão,Indisponível,346.0,12,0.0,Magnazia 240mL Cimed,0,0,0,0,0
SãoJoão,Indisponível,346.0,14,0.0,Analgésico Flanax 550mg Bayer  Dores Intensas  com 2 comprimidos,0,0,0,0,0
SãoJoão,Disponível,346.0,15,7897076923943.0,Oxcarbazepina 300mg 60 Comprimidos Revestidos Genéricos Ranbaxy (C1),"104,44","79,79",-23.6%,"79,79",-23.6%
SãoJoão,Disponível,346.0,13,7897595604927.0,Cefadroxila 500mg 8 Cápsulas Genérico Sandoz,"52,56","23,59",-55.1%,"23,59",-55.1%
SãoJoão,Disponível,346.0,14,7891058005481.0,"Naratriptana 2,5mg 4 Comprimidos Genérico Medley","18,04","18,04",-,"18,04",-
SãoJoão,Disponível,346.0,13,7896382702648.0,Keflex 500Mg 100Ml Bago,"266,78","266,78",-,"266,78",-
SãoJoão,Disponível,346.0,14,7896422519342.0,"Carvedilol 6,25mg 30 Comprimidos Genérico Medley","43,09","43,09",-,"43,09",-
SãoJoão,Indisponível,346.0,13,0.0,Buscopan 10mg 20 Drágeas,0,0,0,0,0
SãoJoão,Disponível,346.0,13,7896094930407.0,Rinosoro Alto Volume Infantil 15 Sachês Farmasa,"34,46","34,46",-,"34,46",-
SãoJoão,Disponível,346.0,14,7891158101656.0,Rivacrist 15mg 14 Comprimidos Revestidos Abbott,"145,18","145,18",-,"145,18",-
SãoJoão,Disponível,346.0,12,7896004790923.0,Glunac Duo 850mg 60 Comprimidos Brace Pharma,"140,79","112,63",-20.0%,"112,63",-20.0%
SãoJoão,Disponível,346.0,12,7894916500869.0,Sucrafilm 1g 30 Comprimidos Sigma,"76,21","65,19",-14.5%,"65,19",-14.5%
SãoJoão,Disponível,346.0,13,7896004821467.0,Sitglu Met 1000mg 56 Comprimidos Brace Pharma,"109,24","88,46",-19.0%,"88,46",-19.0%
SãoJoão,Disponível,346.0,13,7896004821467.0,Sitglu 50mg 30 Comprimidos Brace Pharma,"109,24","88,46",-19.0%,"88,46",-19.0%
SãoJoão,Disponível,346.0,14,7894916514637.0,Restitue 40mg 60 Comprimidos Revestidos,"129,55","103,69",-20.0%,"103,69",-20.0%
SãoJoão,Disponível,346.0,13,7892953000359.0,Restiva 5mg Adesivos Transdérmicos 2 Unidades,"151,95","151,95",-,"151,95",-
SãoJoão,Disponível,345.0,15,7894916516716.0,Bramicar 40mg 60 Comprimidos Sigma Pharma,"125,91","125,91",-,"125,91",-
SãoJoão,Disponível,345.0,13,7898593052932.0,Glutezym Protease 6 Cápsulas Maxinutri,"19,90","19,90",-,"19,90",-
SãoJoão,Disponível,345.0,14,7891317425869.0,Viagra 50mg 4 Comprimidos Revestidos,"14,53","14,53",-,"14,53",-
SãoJoão,Disponível,345.0,13,7896004759609.0,Amoxicilina + Clavulanato de Potássio 875mg 20 Comprimidos Revestidos Genérico EMS,"131,51","89,90",-31.6%,"89,90",-31.6%
SãoJoão,Disponível,345.0,15,7896512918796.0,Supositório Granado 12 Suspensórios Glicerina Lactentes,"26,99","26,99",-,"26,99",-
SãoJoão,Disponível,345.0,13,7896004742007.0,Diclofenaco Sódico Genérico EMS 50mg 20 Comprimidos,"31,09","27,69",-10.9%,"27,69",-10.9%
SãoJoão,Disponível,345.0,12,7898216360864.0,Lidocaína Gel 2% 30g Genérico Pharlab,"24,07","22,39",-7.0%,"22,39",-7.0%
SãoJoão,Disponível,345.0,12,7891317489731.0,Vast 40mg 30 Comprimidos Revestidos Eurofarma,"192,84","192,84",-,"192,84",-
SãoJoão,Disponível,345.0,13,7896422524766.0,Oxcarbazepina 300mg 60 Comprimidos Revestidos Genérico Medley (C1),"99,40","99,40",-,"99,40",-
SãoJoão,Indisponível,345.0,13,0.0,Pomada Lidocaína 5% 25g Lidopass Laranja Cimed,0,0,0,0,0
SãoJoão,Disponível,345.0,14,7898029556812.0,Natrilix SR 60 Comprimidos Revestidos Servier,"86,84","70,59",-18.7%,"70,59",-18.7%
SãoJoão,Disponível,345.0,12,5000456070386.0,Crestor 40mg 30 Comprimidos Revestidos Astrazeneca,"434,25","434,25",-,"434,25",-
SãoJoão,Disponível,345.0,15,7896094200173.0,Ancoron Libbs 200mg 30ml,"90,43","90,43",-,"90,43",-
SãoJoão,Disponível,345.0,15,7891158106446.0,Pedialyte Max 500ml Uva com Zinco Abbott,"29,22","23,38",-20.0%,"23,38",-20.0%
SãoJoão,Disponível,345.0,15,7894916513135.0,"Bramicar HCT 80mg+12,5mg 60 Comprimidos Sigma Pharma","135,98","135,98",-,"135,98",-
SãoJoão,Disponível,345.0,13,7899095201255.0,Flexalgin 30 Comprimidos,"24,90","19,99",-19.7%,"19,99",-19.7%
SãoJoão,Disponível,345.0,12,7896004768366.0,Toragesic Oftálmico 5mg/ml 5ml Legrand,"53,27","53,27",-,"53,27",-
SãoJoão,Disponível,345.0,14,7897337716208.0,Cerazette 75mcg 84 Comprimidos Revestidos,"146,57","99,66",-32.0%,"99,66",-32.0%
SãoJoão,Disponível,345.0,14,7894916513661.0,Nivux 100mg+20mg 12 Comprimidos Sigma Pharma,"61,63","53,79",-12.7%,"53,79",-12.7%
SãoJoão,Disponível,345.0,12,7896658006050.0,Dramin B6 50mg/10mg 30 Comprimidos Revestidos,"146,55","146,55",-,"146,55",-
SãoJoão,Disponível,345.0,14,7896658005305.0,Ciflogex Menta Spray 30ml,"42,28","39,19",-7.3%,"39,19",-7.3%
SãoJoão,Disponível,345.0,12,7897076912275.0,Nortriptilina 25mg 30 Cápsulas Genérico Ranbaxy (C1),"42,77","35,69",-16.6%,"35,69",-16.6%
SãoJoão,Disponível,345.0,12,7897076914088.0,Esomeprazol Magnésico 40mg Genérico Ranbaxy 28 Comprimidos Revestidos,"298,41","99,90",-66.5%,"99,90",-66.5%
SãoJoão,Disponível,345.0,13,7896006201588.0,Femiane 75mgc 21 Drágeas,"62,89","62,89",-,"62,89",-
SãoJoão,Disponível,345.0,14,7896422518673.0,Ramipril 5mg 30 Comprimidos Genérico Medley,"81,67","81,67",-,"81,67",-
SãoJoão,Disponível,345.0,12,7896004716343.0,Finasterida 1mg 60 Comprimidos Revestidos Genérico EMS,"167,95","121,09",-27.9%,"121,09",-27.9%
SãoJoão,Disponível,345.0,13,7896083411634.0,Gamatop 30G Herbarium,"109,99","109,99",-,"109,99",-
SãoJoão,Disponível,344.0,13,7898947385693.0,Metoprolol 25mg 30 Comprimidos Genérico Neo Química,"27,18","27,18",-,"27,18",-
SãoJoão,Disponível,344.0,14,7896382706370.0,Cialis Diario 5mg 30 Comprimidos Lilly,"311,21","250,19",-19.6%,"250,19",-19.6%
SãoJoão,Disponível,344.0,14,7908020507246.0,Florent 100mg 12 Cápsulas Duras,"29,90","28,19",-5.7%,"28,19",-5.7%
SãoJoão,Disponível,344.0,14,7891317446505.0,Diacqua 50mg 30 Comprimidos,"47,24","40,59",-14.1%,"40,59",-14.1%
SãoJoão,Disponível,344.0,16,7893093067196.0,Sinudoron 80 Comprimidos Weleda,"108,90","108,90",-,"108,90",-
SãoJoão,Disponível,344.0,12,7896261019331.0,Cataflam Pro XT Emulgel 50g GSK,"68,44","61,89",-9.6%,"61,89",-9.6%
SãoJoão,Disponível,344.0,16,7896006299820.0,Cetorolaco Sublingual 10mg 10 Comprimidos Genérico União Química,"34,82","27,90",-19.9%,"27,90",-19.9%
SãoJoão,Disponível,344.0,14,7896269900303.0,Betnovate Creme GSK 30g,"56,74","56,74",-,"56,74",-
SãoJoão,Disponível,344.0,14,7892953003381.0,"Liberfem 2mg + 0,03mg 63 Comprimidos Revestidos Adium","56,33","47,19",-16.2%,"47,19",-16.2%
SãoJoão,Disponível,344.0,14,7896004747002.0,Escitalopram 15mg 30 Comprimidos Revestidos Genérico EMS (C1),"193,79","49,90",-74.3%,"49,90",-74.3%
SãoJoão,Disponível,344.0,12,7896004737225.0,Orlistate 120mg Genérico Prati 84 Cápsulas Gelatinosas Duras,"428,81","206,19",-51.9%,"206,19",-51.9%
SãoJoão,Disponível,344.0,15,7896094921375.0,Amome 50mg Suspensão Oral 120ml Mantecorp,"71,46","62,39",-12.7%,"62,39",-12.7%
SãoJoão,Disponível,344.0,14,7891317018559.0,Amalfi 20mg 30 Cápsulas Eurofarma (C2),"131,43","131,43",-,"131,43",-
SãoJoão,Disponível,344.0,13,7896548197219.0,Nevanac 5ml Novartis,"94,49","80,29",-15.0%,"80,29",-15.0%
SãoJoão,Disponível,344.0,14,7898586630246.0,Oxycontin 10mg 14 Comprimidos Revestidos Mundipharma (A1),"743,57","743,57",-,"743,57",-
SãoJoão,Disponível,344.0,13,7896004706559.0,Hedera Xarope 150ml,"31,90","29,89",-6.3%,"29,89",-6.3%
SãoJoão,Disponível,344.0,13,7896226500614.0,Rocefin IV Injetável Roche 1g 10ml,"115,90","115,90",-,"115,90",-
SãoJoão,Disponível,344.0,14,7896094201071.0,"Naprix 2,5Mg 30 Comprimidos Libbs","84,02","69,49",-17.3%,"69,49",-17.3%
SãoJoão,Disponível,344.0,13,7898581711247.0,Neuleptil Adulto 20ml Gotas Aventis (C1),"29,05","25,89",-10.9%,"25,89",-10.9%
SãoJoão,Disponível,344.0,13,7896677701615.0,Nervocalm 250mg 60 Comprimidos,"79,90","79,90",-,"79,90",-
SãoJoão,Disponível,344.0,12,7897595635112.0,Anlodipino Genérico Sandoz 5mg 60 Comprimidos,"27,65","16,90",-38.9%,"16,90",-38.9%
SãoJoão,Disponível,344.0,14,7896641804380.0,Maxalgina Solução Oral 20ml,"103,87","90,09",-13.3%,"90,09",-13.3%
SãoJoão,Disponível,344.0,13,7896658034398.0,Mefex 500mg 10 Comprimidos Revestidos Aché,"140,11","140,11",-,"140,11",-
SãoJoão,Disponível,344.0,14,7899547508437.0,Memantina 10mg 60 Comprimidos Revestidos Genérico Prati-Donaduzzi (C1),"87,29","31,04",-64.4%,"31,04",-64.4%
SãoJoão,Disponível,344.0,13,7896523200491.0,Loratamed Xarope 100ml,"24,90","18,89",-24.1%,"18,89",-24.1%
SãoJoão,Disponível,344.0,13,7894916513166.0,Bupium XL 150mg 30 Comprimidos Revestidos,"104,15","85,89",-17.5%,"85,89",-17.5%
SãoJoão,Disponível,344.0,13,7891317029685.0,Melocox 15mg 10 Comprimidos Eurofarma,"52,64","47,19",-10.4%,"47,19",-10.4%
SãoJoão,Indisponível,344.0,13,0.0,Mel Orgânico 300g Bisnaga Baldoni,0,0,0,0,0
SãoJoão,Disponível,344.0,14,7898495602327.0,Benatux 12 Pastilhas Mel E Limão Cifarma,"19,90","19,90",-,"19,90",-
SãoJoão,Disponível,343.0,12,7898040321390.0,Oto Betnovate Solução Otológica 10ml,"37,21","34,39",-7.6%,"34,39",-7.6%
SãoJoão,Disponível,343.0,14,7896004822563.0,Dimesilato de Lisdexanfetamina Genérico EMS 30mg 30 Cápsulas (A3),"290,56","290,56",-,"290,56",-
SãoJoão,Disponível,343.0,13,7896714296340.0,Nebivolol 5mg 28 Comprimidos Revestidos Genérico Neo Química,"210,21","148,49",-29.4%,"148,49",-29.4%
SãoJoão,Disponível,343.0,13,7899547523195.0,Moxifloxacino 400mg 5 Comprimidos Revestidos Genérico Prati-Donaduzzi,"158,70","85,90",-45.9%,"85,90",-45.9%
SãoJoão,Disponível,343.0,12,7896902210813.0,Mel Rosado Farmax 30ml,"9,99","9,99",-,"9,99",-
SãoJoão,Disponível,343.0,14,7897851250530.0,Sinvascor 20mg 30 Comprimidos Revestidos,"23,10","23,10",-,"23,10",-
SãoJoão,Disponível,343.0,16,7896523227542.0,Finasterida 1mg 30 Comprimidos Revestidos Genérico Cimed,"79,56","20,99",-73.6%,"20,99",-73.6%
SãoJoão,Disponível,343.0,14,7898054580332.0,"Vivencia Patch 10cm 18mg 9,5mg  30 Adesivos Aché (C1)","514,83","514,83",-,"514,83",-
SãoJoão,Disponível,343.0,14,7896094928404.0,Abretia 30mg 30 Cápsulas Liberação Retardada FQM (C1),"58,46","50,29",-14.0%,"50,29",-14.0%
SãoJoão,Disponível,343.0,13,7898109241638.0,Secfar 1000Mg 4 Comprimidos Elofar,"60,09","60,09",-,"60,09",-
SãoJoão,Disponível,343.0,12,7896070601796.0,Profenid Retard Aventis 200mg 10 Comprimidos,"69,55","60,59",-12.9%,"60,59",-12.9%
SãoJoão,Disponível,343.0,13,7891317005351.0,Ebastel Eurofarma 10mg 10 Comprimidos,"76,87","66,29",-13.8%,"66,29",-13.8%
SãoJoão,Disponível,343.0,13,7891721201660.0,Glivance XR 500+30mg 60 Comprimidos Merck,"113,41","90,89",-19.9%,"90,89",-19.9%
SãoJoão,Disponível,343.0,13,7894916508940.0,Bramicar 80mg 30 Comprimidos Sigma Pharma,"98,37","98,37",-,"98,37",-
SãoJoão,Disponível,343.0,13,7896004713762.0,Bromazepam 6mg 30 Comprimidos Genérico EMS (B1),"40,69","25,90",-36.3%,"25,90",-36.3%
SãoJoão,Disponível,343.0,15,7891317015237.0,Mud Oral Pom 1mg 10g Momenta,"23,27","23,27",-,"23,27",-
SãoJoão,Disponível,343.0,15,7898216367610.0,Dimesilato de Lisdexanfetamina 50mg 30 Cápsulas Genérico Pharlab (A3),"367,49","254,90",-30.6%,"254,90",-30.6%
SãoJoão,Disponível,343.0,13,7896637022903.0,Labirin 16mg 30 Comprimidos Apsen,"25,86","25,86",-,"25,86",-
SãoJoão,Disponível,343.0,12,7891317007829.0,Ceftriaxona Injetável Genérico Eurofarma 500mg 2ml IM,"32,06","19,90",-37.9%,"19,90",-37.9%
SãoJoão,Disponível,343.0,14,7896512920355.0,Gel Granado 45g Calos E Bolhas Pink,"59,99","59,99",-,"59,99",-
SãoJoão,Disponível,342.0,14,7891721026676.0,Concor HCT 10+25mg 30 Comprimidos Merck,"148,58","148,58",-,"148,58",-
SãoJoão,Disponível,342.0,13,7898605843312.0,Condflex 500mg 60 Cápsulas,"79,90","79,90",-,"79,90",-
SãoJoão,Disponível,342.0,12,7899547521214.0,Azitromicina Di-Hidratada 500mg Genérico Prati 5 Comprimidos Revestidos,"41,68","24,90",-40.3%,"24,90",-40.3%
SãoJoão,Disponível,342.0,16,7896004711485.0,"Dexclorfeniramina + Betametasona 2mg + 0,25mg 20 Comprimidos Genérico EMS","25,76","23,39",-9.2%,"23,39",-9.2%
SãoJoão,Disponível,342.0,13,7896714290850.0,"Tramadol + Paracetamol 37,5mg + 325mg 10 Comprimidos Genérico Neo Química (A2)","35,48","35,48",-,"35,48",-
SãoJoão,Disponível,342.0,12,7894916515351.0,Clabat 50mg/ml (250mg/5ml) Sigma Pharma,"160,90","160,90",-,"160,90",-
SãoJoão,Disponível,342.0,13,7897076909121.0,Minociclina Genérico Ranbaxy 100mg 30 Comprimidos,"152,39","152,39",-,"152,39",-
SãoJoão,Disponível,342.0,13,7897337713399.0,Perola 75mg 84 Comprimidos,"129,56","106,19",-18.0%,"106,19",-18.0%
SãoJoão,Disponível,342.0,14,7896015517014.0,Sal De Fruta Eno Sabor Guaraná 2 Envelopes com 5g cada,"4,29","4,29",-,"4,29",-
SãoJoão,Indisponível,342.0,17,0.0,Penetro Spray 50 ml Megalabs,0,0,0,0,0
SãoJoão,Disponível,342.0,13,7896658021732.0,Adipept 40mg 28 Comprimidos Revestidos,"59,04","49,69",-15.8%,"49,69",-15.8%
SãoJoão,Disponível,342.0,13,7891268148725.0,Olmetec 20Mg 30 Comprimidos Pfizer,"191,88","153,50",-20.0%,"153,50",-20.0%
SãoJoão,Disponível,342.0,13,7896181915034.0,"Carvedilol 6,25mg 30 Comprimidos Genérico Biosintética","38,34","38,34",-,"38,34",-
SãoJoão,Disponível,342.0,13,7891106908191.0,"Xarelto 2,5mg 60 Comprimidos Revestidos Bayer","418,51","418,51",-,"418,51",-
SãoJoão,Disponível,342.0,14,7896658050404.0,Desenvo 50mg 60 Comprimidos Revestidos Biosintética (C1),"122,15","122,15",-,"122,15",-
SãoJoão,Disponível,342.0,14,7891317922580.0,Olmy 20mg 30 Comprimidos Revestidos Germed,"50,57","42,59",-15.8%,"42,59",-15.8%
SãoJoão,Disponível,342.0,16,7896658005336.0,Flogo-Rosa 10 Envelopes Aché,"55,52","50,09",-9.8%,"50,09",-9.8%
SãoJoão,Disponível,342.0,14,7896004785653.0,Xakilis 5mg 20 Comprimidos Revestidos EMS,"48,65","41,39",-14.9%,"41,39",-14.9%
SãoJoão,Disponível,342.0,13,7896206402778.0,Vannair 6+200mcg 120 Doses AstraZeneca,"216,05","172,84",-20.0%,"172,84",-20.0%
SãoJoão,Disponível,342.0,12,7891158103346.0,Divalcon ER 500mg 60 Comprimidos Revestidos Abbott (C1),"175,12","140,10",-20.0%,"140,10",-20.0%
SãoJoão,Disponível,342.0,14,7896658039706.0,Oxene 4mg 30 Sachês Biosintética,"98,90","98,90",-,"98,90",-
SãoJoão,Disponível,342.0,13,7896255762595.0,Depakote ER 250mg 30 Comprimidos Abbott (C1),"83,93","67,14",-20.0%,"67,14",-20.0%
SãoJoão,Disponível,342.0,13,7896112405986.0,"Cronocor 6,25mg 30 Comprimidos Biolab","25,29","25,29",-,"25,29",-
SãoJoão,Indisponível,342.0,14,0.0,Verrux Solução Dermatológica 10ml,0,0,0,0,0
SãoJoão,Disponível,342.0,15,7896004728612.0,Venlafaxina 150mg 30 Cápsulas Genérico EMS (C1),"205,72","74,90",-63.6%,"74,90",-63.6%
SãoJoão,Disponível,342.0,12,7896026305280.0,"Micardis HCT 40mg/12,5mg 30 Comprimidos","167,68","134,14",-20.0%,"134,14",-20.0%
SãoJoão,Disponível,342.0,12,7896637029032.0,Insit 25mg 30 Cápsulas Apsen (C1),"34,53","30,99",-10.3%,"30,99",-10.3%
SãoJoão,Disponível,342.0,12,7896004762227.0,Azitromicina 500mg 5 Comprimidos Revestidos Genérico Eurofarma,"61,82","24,49",-60.4%,"24,49",-60.4%
SãoJoão,Disponível,342.0,15,7891045029070.0,Dicoxibe 200mg 15 Cápsulas Upjohn (C1),"97,84","97,84",-,"97,84",-
SãoJoão,Disponível,342.0,13,7898919603152.0,Colpotrofine CR Vaginal 30g + 20 Aplicações Theramex,"101,31","83,29",-17.8%,"83,29",-17.8%
SãoJoão,Disponível,342.0,13,7896241228203.0,Aradois 100mg 60 Comprimidos Biolab,"201,96","201,96",-,"201,96",-
SãoJoão,Disponível,342.0,14,7896637035965.0,Verical 60 cápsulas Apsen,"219,90","219,90",-,"219,90",-
SãoJoão,Disponível,341.0,14,7891268101621.0,Zoltec Wyeth 150mg 1 Cápsula,"108,40","108,40",-,"108,40",-
SãoJoão,Disponível,341.0,14,7896181924173.0,Prednisona 20mg 10 Cápsulas Genérico Biosintética,"22,74","19,90",-12.5%,"19,90",-12.5%
SãoJoão,Disponível,341.0,12,7898430195099.0,Mytro SL 10mg 20 Comprimidos Myralis,"37,39","18,90",-49.5%,"18,90",-49.5%
SãoJoão,Disponível,341.0,13,7896004706528.0,Celerg 20 Comprimidos,"24,90","23,19",-6.9%,"23,19",-6.9%
SãoJoão,Indisponível,341.0,14,0.0,Suplemento Alimentar Melatonina Vitasay Laranja Orodispersíveis 90 Comprimidos,0,0,0,0,0
SãoJoão,Disponível,341.0,14,7896094211445.0,Sumax 25mg 6 Comprimidos Revestidos Libbs,"39,40","34,59",-12.2%,"34,59",-12.2%
SãoJoão,Disponível,341.0,15,7891058020316.0,Colírio Moura Brasil 20ml Opella,"28,72","19,90",-30.7%,"19,90",-30.7%
SãoJoão,Disponível,341.0,12,7896512901392.0,Supositório Granado Glicerina Adulto 12 Unidades,"31,99","31,99",-,"31,99",-
SãoJoão,Disponível,341.0,14,7896112106470.0,Celecoxibe 200mg 10 Cápsulas Genérico Sandoz (C1),"47,49","41,79",-12.0%,"41,79",-12.0%
SãoJoão,Disponível,341.0,12,7898148297542.0,Mupirocina Genérico Prati Pomada Dermatológica 15g,"52,24","26,99",-48.3%,"26,99",-48.3%
SãoJoão,Disponível,341.0,14,7896658034008.0,Zior Aché 250mg 28 Comprimidos,"143,55","117,09",-18.4%,"117,09",-18.4%
SãoJoão,Disponível,341.0,14,7896112440246.0,"Vasopril Plus 20mg+12,5mg 30 Comprimidos Biolab","175,18","140,14",-20.0%,"140,14",-20.0%
SãoJoão,Disponível,341.0,13,7891317022600.0,Divalproato de Sódio 500mg 30 Comprimidos Revestidos Genérico Eurofarma (C1),"182,50","133,59",-26.8%,"133,59",-26.8%
SãoJoão,Disponível,341.0,14,7896015516697.0,Clavulin Es 600Mg 100Ml Gsk,"272,04","272,04",-,"272,04",-
SãoJoão,Disponível,341.0,14,7898040322700.0,"Belpele Gel 0,3% 30g FMQ","126,99","106,59",-16.1%,"106,59",-16.1%
SãoJoão,Disponível,341.0,13,7896255700054.0,Synthroid 125mcg 30 Comprimidos Abbott,"57,86","57,86",-,"57,86",-
SãoJoão,Disponível,341.0,13,7897337716468.0,Hetori 60mg 14 Comprimidos Grunenthal (C1),"150,44","150,44",-,"150,44",-
SãoJoão,Disponível,341.0,13,7896714211275.0,Naproxeno 550mg 20 Comprimidos Genérico Neo Química,"27,63","18,59",-32.7%,"18,59",-32.7%
SãoJoão,Disponível,341.0,14,7896331702057.0,Calotrat Solução Dermatológica 5ml,"23,90","23,90",-,"23,90",-
SãoJoão,Disponível,341.0,12,7896094918658.0,Gastrol Envelope Sabor Limão Hypera Pharma 5g AV*,"4,07","3,59",-11.8%,"3,59",-11.8%
SãoJoão,Disponível,341.0,13,7898655096751.0,MinoxiHard Loção Capilar 100ml,"99,99","19,99",-80.0%,"19,99",-80.0%
SãoJoão,Disponível,341.0,14,7896112402497.0,Benicar 20mg 30 Comprimidos Revestidos,"85,15","71,19",-16.4%,"71,19",-16.4%
SãoJoão,Disponível,341.0,13,7899420503276.0,"Asea HCT 40+12,5mg 30 Comprimidos Revestidos Supera","91,14","73,79",-19.0%,"73,79",-19.0%
SãoJoão,Disponível,341.0,13,7896658034879.0,"Clilon Solução Oftálmica 0,5% 5ml Aché","63,41","55,09",-13.1%,"55,09",-13.1%
SãoJoão,Disponível,341.0,13,7896227800867.0,Salonpas Grande Adesivos Transdérmicos 4 Unidades,"17,61","17,61",-,"17,61",-
SãoJoão,Disponível,341.0,16,7898029550216.0,Acertil 5mg 30 Comprimidos Revestidos,"80,38","67,99",-15.4%,"67,99",-15.4%
SãoJoão,Disponível,341.0,12,7896006220503.0,Apresolina 50mg 60 Dragés Novartis,"41,82","35,69",-14.7%,"35,69",-14.7%
SãoJoão,Disponível,341.0,12,7896004708706.0,Acetilcisteína 200mg 16 Envelopes Genérico EMS,"45,40","32,99",-27.3%,"32,99",-27.3%
SãoJoão,Disponível,341.0,13,7896658018084.0,Exodus 20mg 30 Comprimidos Revestidos Aché (C1),"176,50","141,20",-20.0%,"141,20",-20.0%
SãoJoão,Disponível,341.0,12,7896920305669.0,Ecoflux Propolis Spray Laranja Gengibre Mel 30ml,"5,99","5,99",-,"5,99",-
SãoJoão,Disponível,341.0,13,7896181901150.0,Ciclobenzaprina 5mg 15 Comprimidos Revestidos Genérico Biosintética,"18,97","17,79",-6.2%,"17,79",-6.2%
SãoJoão,Disponível,340.0,13,7896004723365.0,Fenofibrato 200mg 30 Cápsulas Genérico EMS,"128,50","99,19",-22.8%,"99,19",-22.8%
SãoJoão,Disponível,340.0,14,7896641800030.0,Albocresil 12ml Solução Hypera,"43,95","40,29",-8.3%,"40,29",-8.3%
SãoJoão,Disponível,340.0,14,7898029557154.0,"Procoralan Ivabradina 7,5mg 56 Comprimidos Servier","213,95","171,16",-20.0%,"171,16",-20.0%
SãoJoão,Disponível,340.0,13,7896094207820.0,"Cardilol 6,25mg 60 Comprimidos Libbs","121,43","121,43",-,"121,43",-
SãoJoão,Disponível,340.0,14,7898577810770.0,Emprol XR 50mg 30 Comprimidos Revestidos Hypermarcas,"70,62","58,29",-17.5%,"58,29",-17.5%
SãoJoão,Disponível,340.0,12,7897337716871.0,Zetsim 10+20mg 30 Comprimidos Supera,"101,03","80,82",-20.0%,"80,82",-20.0%
SãoJoão,Disponível,340.0,12,7897705202364.0,Xultophy Inj 1sist 3ml Novo Nordisk,"318,64","318,64",-,"318,64",-
SãoJoão,Disponível,340.0,13,7896658004308.0,Omepramix 7 Cartelas Ache,"276,89","276,89",-,"276,89",-
SãoJoão,Disponível,340.0,13,7896004727806.0,Xarope EMS Expector 120ml Dexclor EMS,"29,90","29,90",-,"29,90",-
SãoJoão,Disponível,340.0,13,7897411600386.0,Benegrip Multi Noite 800mg + 20mg + 4mg 12 Comprimidos,"153,69","122,95",-20.0%,"122,95",-20.0%
SãoJoão,Disponível,340.0,14,8903855084978.0,VeePi 750mg 30 Comprimidos Torrent (C1),"129,49","129,49",-,"129,49",-
SãoJoão,Disponível,340.0,14,7896004705132.0,Tioconazol + Tinidazol Creme Vaginal 35g Genérico EMS,"75,93","64,19",-15.5%,"64,19",-15.5%
SãoJoão,Disponível,340.0,12,8902220114944.0,Neblock 5mg 100 Comprimidos,"175,06","143,99",-17.7%,"143,99",-17.7%
SãoJoão,Disponível,340.0,15,7896637032032.0,Insit 100mg 30 Cápsulas Apsen (C1),"161,43","131,69",-18.4%,"131,69",-18.4%
SãoJoão,Disponível,340.0,12,7896112400370.0,Levonorgestrel + Etinilestradiol 21 Comprimidos Genérico Mabra,"13,58","13,58",-,"13,58",-
SãoJoão,Disponível,340.0,12,7896317913309.0,"Peg-Lax Limão Pó para Solução Oral 14 Sachês de 17,5g","54,49","54,49",-,"54,49",-
SãoJoão,Disponível,340.0,13,7896523226798.0,Meloxicam 15mg Genérico Cimed 10 Comprimidos,"42,72","18,29",-57.2%,"18,29",-57.2%
SãoJoão,Disponível,340.0,16,7896523212319.0,Simeticona 75mg/ml Genérico Biosintética Gotas 10ml,"5,99","5,19",-13.4%,"5,19",-13.4%
SãoJoão,Disponível,340.0,13,7899420509100.0,Trol 100mg 10 Comprimidos Revestidos Supera (A2),"134,31","108,09",-19.5%,"108,09",-19.5%
SãoJoão,Indisponível,340.0,12,0.0,Buscopan 10mg/ml 20ml,0,0,0,0,0
SãoJoão,Disponível,340.0,14,7896255713368.0,Gyno Iruxol Pomada Abbott 30g,"87,05","87,05",-,"87,05",-
SãoJoão,Disponível,340.0,14,7897076907608.0,Axetil de Cefuroxima 250mg 10 Comprimidos Genérico Ranbaxy,"108,69","108,69",-,"108,69",-
SãoJoão,Disponível,340.0,13,7896641804397.0,Kaloba Solução Oral 50ml,"162,87","136,19",-16.4%,"136,19",-16.4%
SãoJoão,Disponível,339.0,12,7897595638618.0,Amoxicilina + Clavulanato De Potássio 500mg 18 Comprimidos Revestidos Genérico Novartis,"117,19","100,89",-13.9%,"100,89",-13.9%
SãoJoão,Disponível,339.0,13,7896094210905.0,Lakos 200mg 60 Comprimidos Revestidos Libbs (C1),"536,32","536,32",-,"536,32",-
SãoJoão,Disponível,339.0,14,7897411601529.0,Pomada Hirudoid 300 40g Sankyo,"43,26","39,59",-8.5%,"39,59",-8.5%
SãoJoão,Disponível,339.0,14,7896015527242.0,Clavulin Bd 400Mg 140Ml Gsk,"163,40","163,40",-,"163,40",-
SãoJoão,Disponível,339.0,13,7896004737119.0,Paroxetina 20mg Genérico Cimed 30 comprimidos Revestidos (C1),"60,52","29,90",-50.6%,"29,90",-50.6%
SãoJoão,Disponível,339.0,13,7896004763453.0,Pomada Atobach 1mg 10g Germed,"72,69","72,69",-,"72,69",-
SãoJoão,Disponível,339.0,13,7896181926757.0,Montelucaste Sódico 4mg 30 Comprimidos Genérico Biosintética,"78,25","62,59",-20.0%,"62,59",-20.0%
SãoJoão,Disponível,339.0,12,7891317010478.0,Inzelm 10mg 30 Comprimidos,"216,30","174,39",-19.4%,"174,39",-19.4%
SãoJoão,Disponível,339.0,13,7891268101188.0,Celebra AD 200mg 10 Cápsulas Upjohn (C1),"119,86","102,19",-14.7%,"102,19",-14.7%
SãoJoão,Indisponível,339.0,13,0.0,Analgésico Flanax 550mg  Bayer Dores Intensas com  15 comprimidos (embalagem econômica),0,0,0,0,0
SãoJoão,Disponível,339.0,13,7896181915041.0,"Carvedilol 12,5mg 30 Comprimidos Genérico Biosintética","53,74","53,74",-,"53,74",-
SãoJoão,Disponível,339.0,12,7896658028175.0,ProVance Limão 100 000 000UFC 30 Comprimidos Mastigáveis,"54,99","54,99",-,"54,99",-
SãoJoão,Disponível,339.0,12,7896181901150.0,Ciclobenzaprina 10mg 15 Comprimidos Revestidos Genérico Biosintético,"18,97","17,79",-6.2%,"17,79",-6.2%
SãoJoão,Disponível,339.0,13,7897595901033.0,Puran T4 100mcg 30 Comprimidos Sanofi,"15,69","15,69",-,"15,69",-
SãoJoão,Disponível,339.0,15,7898599096145.0,Figavit 500mg Com 60 Cápsulas Praiamar,"50,66","50,66",-,"50,66",-
SãoJoão,Indisponível,339.0,13,0.0,"Mirugell 4mg/ml + 3mg/ml + 1,8mg/ml Solução Oftálmica 15ml",0,0,0,0,0
SãoJoão,Disponível,339.0,14,7896658033421.0,"Esalerg D12 2,5mg+120mg 10 Comprimidos Aché","64,93","64,93",-,"64,93",-
SãoJoão,Disponível,339.0,15,7891317922580.0,Olmy 20mg 60 Comprimidos Revestidos Germed,"50,57","42,59",-15.8%,"42,59",-15.8%
SãoJoão,Disponível,339.0,13,7896181927846.0,Ravuma 100mg 30 Comprimidos Biosintética,"74,56","59,65",-20.0%,"59,65",-20.0%
SãoJoão,Disponível,339.0,13,7897076910974.0,Fexofenadina 180mg 10 Comprimidos Genérico Ranbaxy,"88,09","22,69",-74.2%,"22,69",-74.2%
SãoJoão,Disponível,339.0,13,7896181904175.0,Amoxicilina 875mg 14 Comprimidos Revestidos Genérico Biosintética,"73,52","63,49",-13.6%,"63,49",-13.6%
SãoJoão,Disponível,339.0,15,7896004757353.0,Levocetirizina 5mg 10 Comprimidos Revestidos Genérico EMS,"50,60","32,49",-35.8%,"32,49",-35.8%
SãoJoão,Disponível,339.0,12,7891317452230.0,Cilostazol 100mg 60 Comprimidos Genérico Eurofarma,"60,84","60,84",-,"60,84",-
SãoJoão,Disponível,339.0,14,7896112145776.0,Sulfametoxazol + Trimetoprima 400mg/80mg 20 Comprimidos Genérico Teuto,"19,60","18,39",-6.2%,"18,39",-6.2%
SãoJoão,Disponível,339.0,13,7898049790586.0,Ritalina 10mg 60 Comprimidos,"14,90","14,90",-,"14,90",-
SãoJoão,Disponível,339.0,13,7896004716176.0,Hidroclorotiazida 25mg 30 Comprimidos Genérico EMS,"9,94","1,25",-87.4%,"1,25",-87.4%
SãoJoão,Disponível,339.0,12,7898040329655.0,Repoflor 200mg 6 Cápsulas,"51,24","43,55",-15.0%,"43,55",-15.0%
SãoJoão,Disponível,339.0,15,7896004790947.0,Glunac 5 mg 30 comprimidos Brace Pharma,"140,79","114,00",-19.0%,"114,00",-19.0%
SãoJoão,Disponível,339.0,13,7896637025478.0,Dobeven 500Mg 30 Comprimidos Apsen,"102,57","85,09",-17.0%,"85,09",-17.0%
SãoJoão,Disponível,338.0,12,7895296250016.0,Glicosamina 30 Sachês Genérico Nova Química,"196,86","99,90",-49.3%,"99,90",-49.3%
SãoJoão,Disponível,338.0,14,7896255762649.0,Depakote Sprinkle 125mg 30 Cápsulas Abbot (C1),"49,31","39,49",-19.9%,"39,49",-19.9%
SãoJoão,Disponível,338.0,13,7896112129295.0,Doxazosina 2mg 30 Comprimidos Genérico Teuto,"46,86","38,49",-17.9%,"38,49",-17.9%
SãoJoão,Disponível,338.0,12,7896083412198.0,Petamig 30 Cápsulas Herbarium,"134,51","107,61",-20.0%,"107,61",-20.0%
SãoJoão,Disponível,338.0,13,7891058002589.0,Allegra Antialérgico Pediátrico Cloridrato de Fexofenadina 6mg/ml Suspenção Oral 60ml,"39,61","36,99",-6.6%,"36,99",-6.6%
SãoJoão,Disponível,338.0,13,7896226103037.0,Permear 300mg 30 Comprimidos,"253,01","253,01",-,"253,01",-
SãoJoão,Disponível,338.0,14,7896112166221.0,Nitrofurantoína 100mg Genérico Teuto 28 Cápsulas Duras,"11,09","11,09",-,"11,09",-
SãoJoão,Disponível,338.0,15,7896714241289.0,Sildenafila 50mg 2 Comprimidos Genérico Neo Química,"82,41","39,90",-51.6%,"39,90",-51.6%
SãoJoão,Disponível,338.0,12,7896658034688.0,Livepax 750mg 7 Comprimidos Revestidos Aché,"101,87","86,39",-15.2%,"86,39",-15.2%
SãoJoão,Disponível,338.0,13,7898074616073.0,Fluimucil Solução Injetável 5 Ampola de 3ml,"37,25","31,90",-14.4%,"31,90",-14.4%
SãoJoão,Disponível,338.0,15,7896714205823.0,Enalapril 10mg 30 Comprimidos Genérico Neo Química,"9,68","9,68",-,"9,68",-
SãoJoão,Disponível,338.0,13,7897595602114.0,Alopurinol 300mg Genérico Sandoz 30 Comprimidos,"41,21","31,39",-23.8%,"31,39",-23.8%
SãoJoão,Disponível,338.0,13,7896226109688.0,Pasalix 20 Comprimidos Marjan,"72,07","72,07",-,"72,07",-
SãoJoão,Disponível,338.0,13,7891317124182.0,"Olmy HCT 20+12,5mg 30 Comprimidos Revestidos Germed","78,14","64,49",-17.5%,"64,49",-17.5%
SãoJoão,Disponível,338.0,13,7894916500371.0,Penvir 500mg 21 Comprimidos Revestidos,"701,74","701,74",-,"701,74",-
SãoJoão,Disponível,338.0,12,3662042000058.0,Hyabak Solução Oftálmica 10ml,"80,06","80,06",-,"80,06",-
SãoJoão,Disponível,338.0,12,7898060131504.0,Bromexina 120ml Adulto Genérico Globo,"28,17","23,19",-17.7%,"23,19",-17.7%
SãoJoão,Disponível,338.0,13,7896004721323.0,Paracetamol + Cafeína 20 Comprimidos Revestidos Genérico EMS,"28,99","25,49",-12.1%,"25,49",-12.1%
SãoJoão,Disponível,338.0,15,7896261012486.0,Diovan Amlo Fix 160mg + 5mg 28 Comprimidos FQM,"174,20","174,20",-,"174,20",-
SãoJoão,Disponível,338.0,14,7891317010126.0,"Molieri 30 3 mg + 0,03 mg 63 Comprimidos Eurofarma","182,83","148,69",-18.7%,"148,69",-18.7%
SãoJoão,Disponível,338.0,13,7896112107880.0,Celecoxibe 200mg 30 Cápsulas Genérico Teuto (C1),"126,23","100,79",-20.2%,"100,79",-20.2%
SãoJoão,Disponível,338.0,14,7896658035319.0,Trezor 5mg 60 Comprimidos Revestidos Aché,"66,01","55,19",-16.4%,"55,19",-16.4%
SãoJoão,Disponível,338.0,14,7896004720746.0,Amoxicilina + Clavulanato de Potássio 400mg 70ml Suspensão Oral Genérico EMS,"102,04","59,90",-41.3%,"59,90",-41.3%
SãoJoão,Disponível,338.0,15,7897595635631.0,Sitagliptina Genérico Sandoz 25mg 30 Comprimidos Revestidos,"60,03","45,90",-23.5%,"45,90",-23.5%
SãoJoão,Disponível,338.0,12,7896523209418.0,"Maleato De Dexclorfeniramina 0,4mg/mL Genérico Cimed Solução Oral 120ml","22,51","16,39",-27.2%,"16,39",-27.2%
SãoJoão,Disponível,338.0,12,7896004729688.0,Cloridrato De Hidroxizina 25mg Genérico EMS 30 Comprimidos,"41,89","37,69",-10.0%,"37,69",-10.0%
SãoJoão,Disponível,338.0,14,7894916509497.0,Daforin 20mg 60 Comprimidos Revestidos,"170,47","136,89",-19.7%,"136,89",-19.7%
SãoJoão,Disponível,338.0,12,5702157108411.0,Clopixol 10mg 20 Comprimidos Lundbeck (C1),"59,76","59,76",-,"59,76",-
SãoJoão,Disponível,338.0,17,7896014668946.0,MTX Metotrexato 25mg/ml Solução Injetável 2ml Blau,"50,93","50,93",-,"50,93",-
SãoJoão,Disponível,338.0,14,7891317489663.0,Vast 10mg 30 Comprimidos Revestidos Eurofarma,"96,43","78,99",-18.1%,"78,99",-18.1%
SãoJoão,Disponível,338.0,13,7897595622037.0,Alopurinol 300mg 60 Comprimidos Genérico Sandoz,"55,46","39,90",-28.1%,"39,90",-28.1%
SãoJoão,Disponível,337.0,13,7892953001370.0,Pyridium Adium 100mg 25 Comprimidos,"29,54","26,59",-10.0%,"26,59",-10.0%
SãoJoão,Disponível,337.0,13,7896004756622.0,Dipirona Sódica 500mg Genérico Medley Genérico Medley 30 Comprimidos,"24,45","14,90",-39.1%,"14,90",-39.1%
SãoJoão,Disponível,337.0,13,7899470807430.0,Floratil 200mg em Pó 6 Envelopes,"51,24","43,55",-15.0%,"43,55",-15.0%
SãoJoão,Disponível,337.0,13,7896658000805.0,Colpistatin Creme Vaginal Aché 40g com Aplicador,"60,07","53,29",-11.3%,"53,29",-11.3%
SãoJoão,Disponível,337.0,12,7898962943342.0,Naldecon Febre 750mg 10 Comprimido Reckitt,"20,63","20,63",-,"20,63",-
SãoJoão,Disponível,337.0,12,7896004723570.0,Domperidona 10mg Genérico Ranbaxy 60 Comprimidos,"45,86","39,89",-13.0%,"39,89",-13.0%
SãoJoão,Disponível,337.0,15,7896672201875.0,Bamifix 300mg 20 Comprimidos Chiesi,"45,21","37,79",-16.4%,"37,79",-16.4%
SãoJoão,Disponível,337.0,14,7899095202856.0,Solução Oftalmica Visiopred 10mg/ml Geolab 5ml,"26,06","26,06",-,"26,06",-
SãoJoão,Disponível,337.0,13,7891010970871.0,Nicorette 2mg Ice Menta 30 Gomas,"101,74","101,74",-,"101,74",-
SãoJoão,Disponível,337.0,12,7896023745904.0,Laxsotrin 120ml Salada de Frutas Catarinense,"26,90","22,59",-16.0%,"22,59",-16.0%
SãoJoão,Disponível,337.0,14,7896006247302.0,Dexaneurin Injetável 3 Ampolas A + 3 Ampolas B,"45,11","40,39",-10.5%,"40,39",-10.5%
SãoJoão,Indisponível,337.0,13,0.0,Bifilac Geflora 14 Sticks Pó Mantecorp,0,0,0,0,0
SãoJoão,Indisponível,337.0,12,0.0,"Trol Par 37,5+325mg 10 Cápsulas Supera (A2)",0,0,0,0,0
SãoJoão,Disponível,337.0,14,7896637023580.0,Uro-Vaxom 6mg 30 Cápsulas,"167,16","135,29",-19.1%,"135,29",-19.1%
SãoJoão,Disponível,337.0,14,610.0,Vacina Meningocócica ACWY Nimenrix AD/PED 0.5 ml Pfizer + Aplicação,"331,85","330,90",-0.3%,"330,90",-0.3%
SãoJoão,Disponível,337.0,15,7891058002589.0,Allegra Antialérgico Pediátrico Cloridrato de Fexofenadina Suspensão Oral 60ml,"39,61","36,99",-6.6%,"36,99",-6.6%
SãoJoão,Disponível,337.0,15,7896004705118.0,Cetoconazol + Betametasona Pomada Dermatológica 30g Genérico Eurofarma,"32,60","29,49",-9.5%,"29,49",-9.5%
SãoJoão,Disponível,337.0,12,7891317129781.0,Tada Diario 5mg 30 Comprimidos Eurofarma,"256,51","199,89",-22.1%,"199,89",-22.1%
SãoJoão,Disponível,337.0,12,7899547505252.0,Losartana Potássica 50mg Genérico Germed 30 Comprimidos Revestidos,"10,34","7,89",-23.7%,"7,89",-23.7%
SãoJoão,Disponível,337.0,12,7896094207493.0,Egide 25mg 60 Comprimidos Revestidos Libbs (C1),"60,34","50,39",-16.5%,"50,39",-16.5%
SãoJoão,Disponível,337.0,14,7896004705477.0,Amoxicilina Suspensão Oral Genérico EMS 500mg/5ml 150ml,"82,14","71,09",-13.5%,"71,09",-13.5%
SãoJoão,Disponível,337.0,12,7896637025232.0,Primid 250mg 20 Comprimidos Apsen (C1),"46,38","37,49",-19.2%,"37,49",-19.2%
SãoJoão,Disponível,337.0,13,7896181906582.0,Furosemida 40mg Genérico Cimed 30 Comprimidos,"23,78","7,43",-68.8%,"7,43",-68.8%
SãoJoão,Disponível,337.0,13,7894916325769.0,Minoxidil 50mg/ml 50ml Allovita Legrand,"59,90","55,59",-7.2%,"55,59",-7.2%
SãoJoão,Disponível,337.0,12,7891058016159.0,Actonel Chronos 35mg 4 Comprimidos Revestidos Theramex,"268,54","214,83",-20.0%,"214,83",-20.0%
SãoJoão,Disponível,337.0,13,7896331704808.0,Rapilax Gotas Laxante Hertz 30ml,"20,90","20,90",-,"20,90",-
SãoJoão,Disponível,337.0,12,7896261016385.0,Onbrize 150Mg 30 Comprimidos+Inalador Novartis,"195,81","195,81",-,"195,81",-
SãoJoão,Disponível,337.0,12,7896112403630.0,Dacxi 20mg 28 Comprimidos Revestidos Biolab,"41,34","41,34",-,"41,34",-
SãoJoão,Disponível,337.0,12,7896094209299.0,Quenzor 100mg 30 Cápsulas Liberação Prolongada Libbs,"71,38","71,38",-,"71,38",-
SãoJoão,Indisponível,337.0,14,0.0,LuftaGastro Sachê Líquido 10ml,0,0,0,0,0
SãoJoão,Disponível,337.0,12,7897322710761.0,Lune 10mg 30 Comprimidos Revestidos Mantecorp (B1),"126,85","126,85",-,"126,85",-
SãoJoão,Disponível,336.0,13,7899551303868.0,Nebivolol 5mg 30 Comprimidos Genérico Biolab,"60,04","36,99",-38.4%,"36,99",-38.4%
SãoJoão,Disponível,336.0,15,7898152460444.0,Arnica Do Mato Spray 150ml As Ervas Curam,"49,99","49,99",-,"49,99",-
SãoJoão,Disponível,336.0,13,7896112125822.0,Venaflon 450mg/50mg 30 Comprimidos Revestidos,"69,90","58,59",-16.2%,"58,59",-16.2%
SãoJoão,Disponível,336.0,14,7896862926120.0,Doricin 10 Comprimidos Avulso EMS,"4,99","4,99",-,"4,99",-
SãoJoão,Disponível,336.0,12,7899420502965.0,Atip XR 200mg 30 Comprimidos Revestidos Supera (C1),"419,92","419,92",-,"419,92",-
SãoJoão,Disponível,336.0,13,7891317464905.0,Paco 500 + 30mg 24 Comprimidos Revestidos Eurofarma (A2),"60,81","54,29",-10.7%,"54,29",-10.7%
SãoJoão,Disponível,336.0,14,7896094930780.0,Rinosoro Alto Volume Baby Frasco + Seringa 20ml Hypera,"57,60","52,89",-8.2%,"52,89",-8.2%
SãoJoão,Disponível,336.0,14,7896004822570.0,Dimesilato de Lisdexanfetamina Genérico EMS 50mg 30 Cápsulas (A3),"352,34","352,34",-,"352,34",-
SãoJoão,Disponível,336.0,15,7896658029516.0,Inelatte 60 Tabletes Sabor Chocolate Zero Açúcar Aché,"123,55","123,55",-,"123,55",-
SãoJoão,Disponível,336.0,14,7896112430063.0,Semtri 50mg 30 Comprimidos Biolab (C1),"107,30","107,30",-,"107,30",-
SãoJoão,Disponível,336.0,13,7896714207551.0,Dipirona 1g 10 Comprimidos Genérico Neo Química,"25,42","11,89",-53.2%,"11,89",-53.2%
SãoJoão,Disponível,336.0,14,7891317036973.0,Bup XL 300mg 60 Comprimidos Revestidos Liberação Prolongada 24H Eurofarma (C1),"215,88","177,69",-17.7%,"177,69",-17.7%
SãoJoão,Disponível,336.0,14,7896637032919.0,Xafac 20mg Apsen 28 Comprimidos Revestidos,"94,17","78,19",-17.0%,"78,19",-17.0%
SãoJoão,Disponível,336.0,14,7894916514613.0,Fixare Pro+ Suplemento Alimentar com cálcio - 60 Comprimidos,"255,99","255,99",-,"255,99",-
SãoJoão,Disponível,336.0,12,7896658021688.0,Adipept 20Mg 28 Comprimidos Revestidos Ache,"60,45","50,49",-16.5%,"50,49",-16.5%
SãoJoão,Disponível,336.0,14,7896070600607.0,Flagyl 250Mg 20 Comprimidos Sanofi-Aventis,"28,20","26,29",-6.8%,"26,29",-6.8%
SãoJoão,Disponível,336.0,14,7896548199855.0,Azorga 6Ml Novartis,"132,87","132,87",-,"132,87",-
SãoJoão,Disponível,336.0,13,7896094200470.0,"Ginesse 0,075mg/0,02mg 21 Comprimidos Revestidos","50,67","42,99",-15.2%,"42,99",-15.2%
SãoJoão,Disponível,336.0,12,7891058020941.0,Dorflex Analgésico e Relaxante Muscular 300mg + 35mg + 50mg Sanofi 50 Comprimidos,"29,43","29,43",-,"29,43",-
SãoJoão,Disponível,336.0,14,7896112119609.0,Cimetidina 200mg 20 Comprimidos Genérico Teuto,"32,92","29,29",-11.0%,"29,29",-11.0%
SãoJoão,Disponível,336.0,13,7898907313872.0,"Ciproterona + Etinilestradiol 2mg + 0,35mg 63 Comprimidos Revestidos Genérico Biosintética","58,53","48,99",-16.3%,"48,99",-16.3%
SãoJoão,Disponível,336.0,12,7898037080286.0,Complexo Homeopático Almeida Prado 28 60 Comprimidos,"33,99","33,99",-,"33,99",-
SãoJoão,Disponível,336.0,13,7899420503801.0,Neumosin 400Mg 7 Comprimidos Revestidos Supera,"227,80","227,80",-,"227,80",-
SãoJoão,Disponível,336.0,13,7894916510288.0,"Niki 3mg/0,02mg 72 Comprimidos Revestidos","117,59","96,99",-17.5%,"96,99",-17.5%
SãoJoão,Disponível,336.0,12,7898430194009.0,Pealiv 300Mg Com 30 Comprimidos,"142,90","142,90",-,"142,90",-
SãoJoão,Disponível,336.0,12,7892953000410.0,Restiva 20mg 2 Adesivos Transdérmicos Mundipharma (A1),"290,74","232,59",-20.0%,"232,59",-20.0%
SãoJoão,Disponível,336.0,12,7896658018800.0,"Brasart HCT 320mg/12,5mg 30 Comprimidos Revestidos","83,91","67,29",-19.8%,"67,29",-19.8%
SãoJoão,Disponível,336.0,15,7893454714752.0,Culturelle Junior 10 Comprimidos Mastigáveis Cellera,"189,99","189,99",-,"189,99",-
SãoJoão,Disponível,336.0,13,7896676406351.0,Lidocaína Gel 2% 30g Genérico Cristália,"26,00","22,39",-13.9%,"22,39",-13.9%
SãoJoão,Disponível,336.0,14,7896672202452.0,Lipidil 200mg 30 Cápsulas Abbott,"197,69","197,69",-,"197,69",-
SãoJoão,Disponível,336.0,15,7501006718065.0,Vick Pyrena 5g Envelope Maçã/Canela AV*,"5,61","5,61",-,"5,61",-
SãoJoão,Disponível,336.0,13,7897917004169.0,Supositório Glicerina Infantil 6 Supositórios Glicerilax Belfar,"14,90","14,90",-,"14,90",-
SãoJoão,Disponível,336.0,13,7893454714806.0,Culturelle Saúde Digestiva 10 Cápsulas Cellera,"85,99","85,99",-,"85,99",-
SãoJoão,Disponível,336.0,12,7896523227191.0,Omeprazol 20mg 56 Cápsulas Genérico Cimed,"42,88","13,67",-68.1%,"13,67",-68.1%
SãoJoão,Disponível,336.0,13,7896677704883.0,Forteviron 250mg 20 Comprimidos Waldemiro Pereira,"49,99","49,99",-,"49,99",-
SãoJoão,Disponível,336.0,15,7896658026171.0,Biofenac Gel 30g Aché,"40,81","40,81",-,"40,81",-
SãoJoão,Disponível,336.0,13,7898040324483.0,Onua 75mcg 28 Comprimidos Revestidos FQM,"35,31","30,99",-12.2%,"30,99",-12.2%
SãoJoão,Disponível,335.0,12,7896641807404.0,Tebonin 120mg 30 Comprimidos Herbarium,"284,94","227,95",-20.0%,"227,95",-20.0%
SãoJoão,Indisponível,335.0,13,0.0,Xarope Expec Pulmon Plus 120ml Guaco e Menta Prevent,0,0,0,0,0
SãoJoão,Disponível,335.0,13,7896094209251.0,Quenzor 25 mg 30 Cápsulas de Liberação Prolongada Libbs,"21,15","16,49",-22.0%,"16,49",-22.0%
SãoJoão,Disponível,335.0,13,7896094210981.0,Ancoron 100mg 60 Comprimidos Revestidos,"40,27","34,99",-13.1%,"34,99",-13.1%
SãoJoão,Disponível,335.0,13,7896658034695.0,Livepax 750mg 5 Comprimidos Revestidos Aché,"75,81","64,49",-14.9%,"64,49",-14.9%
SãoJoão,Disponível,335.0,14,7896523226675.0,Simeticona 125mg Genérico Cimed 10 Cápsulas Gelatinosas,"9,49","4,99",-47.4%,"4,99",-47.4%
SãoJoão,Disponível,335.0,13,7898169080611.0,Dermacerium 50G Silvestre,"98,62","83,49",-15.3%,"83,49",-15.3%
SãoJoão,Disponível,335.0,14,7896004722160.0,"Bisoprolol 1,25mg 30 Comprimidos Genérico EMS","86,06","50,29",-41.6%,"50,29",-41.6%
SãoJoão,Disponível,335.0,14,7899640809127.0,Ducox 200mg 30 Cápsulas Momenta (C1),"132,73","132,73",-,"132,73",-
SãoJoão,Disponível,335.0,13,7899547503418.0,Mesalazina 400mg 30 Comprimidos Revestidos Genérico Prati-Donaduzzi,"108,07","84,19",-22.1%,"84,19",-22.1%
SãoJoão,Disponível,335.0,13,7898037080163.0,Complexo Homeopático Almeida Prado 16 60 Comprimidos,"33,99","33,99",-,"33,99",-
SãoJoão,Disponível,335.0,14,7898075317955.0,Fexx 180mg 10 Comprimidos Revestidos Cimed,"39,90","36,79",-7.8%,"36,79",-7.8%
SãoJoão,Disponível,335.0,14,7896004791111.0,"Olmesartana + HCT 40 + 12,5mg 30 Comprimidos Revestidos Genérico EMS","57,01","41,90",-26.5%,"41,90",-26.5%
SãoJoão,Disponível,335.0,13,7896004789439.0,Olmy Anlo 40mg+10mg 60 Comprimidos Revestidos Brace Pharma,"106,14","106,14",-,"106,14",-
SãoJoão,Disponível,335.0,13,7896663300204.0,Extrato de Própolis 30ml,"29,90","29,90",-,"29,90",-
SãoJoão,Disponível,335.0,12,7898216360635.0,Gliclazida 60mg 30 Comprimidos Liberação Prolongada Genérico Pharlab,"58,44","41,89",-28.3%,"41,89",-28.3%
SãoJoão,Disponível,335.0,13,7891010255862.0,Tylenol DC Múltiplas Dores 4 Comprimidos Revestidos Johnson &amp; Johnson Avulso,"9,28","8,49",-8.5%,"8,49",-8.5%
SãoJoão,Disponível,335.0,14,7891058003975.0,Dorflex Analgésico Relaxante Muscular Max Dipirona Dor no Corpo Intensa 600mg + 70mg + 100mg 16 Comp,"31,50","31,50",-,"31,50",-
SãoJoão,Disponível,335.0,14,7896714217093.0,Glibenclamida 5mg 30 Comprimidos Genérico Neo Química,"4,66","4,66",-,"4,66",-
SãoJoão,Disponível,335.0,13,7896920305669.0,Ecoflux Propolis Spray Menta Gengibre Mel 30ml,"5,99","5,99",-,"5,99",-
SãoJoão,Indisponível,335.0,14,0.0,Tratamento da candidíase Gino-Canesten® Creme Vaginal - 6 dias,0,0,0,0,0
SãoJoão,Disponível,335.0,13,8903855082493.0,Desduo 50mg 60 Comprimidos Revestidos Liberação Prolongada Torrent (C1),"154,50","128,09",-17.1%,"128,09",-17.1%
SãoJoão,Disponível,335.0,13,7896637024365.0,Colchis 1mg 30 Comprimidos Apsen,"97,27","79,69",-18.1%,"79,69",-18.1%
SãoJoão,Disponível,335.0,13,7899420507359.0,Lanico 875/125mg 14 Comprimidos Supera,"67,69","67,69",-,"67,69",-
SãoJoão,Disponível,335.0,14,7896269900037.0,Carverol 250mg 20 Comprimidos,"7,33","7,33",-,"7,33",-
SãoJoão,Disponível,335.0,12,7896261019348.0,Cataflampro XT Emulgel Gel Dermatológico 100g,"92,27","82,19",-10.9%,"82,19",-10.9%
SãoJoão,Disponível,335.0,13,7898581710455.0,Alivium Suspensão Oral 20ml,"31,41","31,41",-,"31,41",-
SãoJoão,Disponível,335.0,13,7894916513173.0,Bupium XL 150mg 60 Comprimidos Revestidos,"163,58","133,39",-18.5%,"133,39",-18.5%
SãoJoão,Disponível,334.0,13,7896261012561.0,Diovan Amlo Fix 320mg/5mg 28 Comprimidos Revestidos,"174,20","174,20",-,"174,20",-
SãoJoão,Disponível,334.0,13,7896015516642.0,"Avodart 0,5mg 30 Cápsulas Gelatinosas","158,41","158,41",-,"158,41",-
SãoJoão,Disponível,334.0,14,7896226500386.0,Calman 100mg + 30mg + 100mg 20 Comprimidos,"37,61","26,99",-28.2%,"26,99",-28.2%
SãoJoão,Disponível,334.0,13,7896004725420.0,"Brometo De Ipratrópio 0,25mg/ml Genérico Teuto Solução Inalatória 20ml","20,18","16,39",-18.8%,"16,39",-18.8%
SãoJoão,Disponível,334.0,13,7896255765466.0,"Pomada Iruxol 0,6UI/g 15g Sem Espátula Abbott","55,68","55,68",-,"55,68",-
SãoJoão,Disponível,334.0,12,7894916550055.0,Propranolol Ayerst 40mg 30 Comprimidos Sigma Pharma,"17,07","15,59",-8.7%,"15,59",-8.7%
SãoJoão,Disponível,334.0,13,7897595901576.0,Puran T4 175mcg 30 Comprimidos Sanofi,"30,49","30,49",-,"30,49",-
SãoJoão,Disponível,334.0,12,7896658030291.0,Montelair 5mg 60 Comprimidos Mast Aché,"124,93","103,79",-16.9%,"103,79",-16.9%
SãoJoão,Disponível,334.0,14,7896004703404.0,Amoxicilina + Clavulanato de Potássio 500mg 12 Comprimidos Genérico EMS,"111,72","54,90",-50.9%,"54,90",-50.9%
SãoJoão,Disponível,334.0,13,7896658033445.0,Trezor 40mg 30 Comprimidos Revestidos Aché,"126,84","102,59",-19.1%,"102,59",-19.1%
SãoJoão,Disponível,334.0,13,7896083411764.0,Imunoflan Zero 200Ml Herbarium,"193,75","161,39",-16.7%,"161,39",-16.7%
SãoJoão,Indisponível,334.0,13,0.0,Diprospan Suspensão Injetável 1 Ampola de 1ml + Seringa Dosadora,0,0,0,0,0
SãoJoão,Disponível,334.0,13,7896637022569.0,Sonic 50mg 60 Comprimidos,"74,30","62,29",-16.2%,"62,29",-16.2%
SãoJoão,Disponível,334.0,13,7898586630321.0,Restiva 5mg 4 Adesivos Transdérmicos Mundipharma (A1),"291,18","291,18",-,"291,18",-
SãoJoão,Disponível,334.0,13,7896004769028.0,Neosaldina 30mg/300mg/30mg 4 Comprimidos,"19,90","19,90",-,"19,90",-
SãoJoão,Disponível,334.0,13,7896004749655.0,Tadalafila 20mg 1 Comprimido Revestido Genérico EMS,"34,37","34,37",-,"34,37",-
SãoJoão,Disponível,334.0,12,7896006220534.0,Apresolina 25mg 20 Drágeas Novartis,"10,41","9,69",-6.9%,"9,69",-6.9%
SãoJoão,Disponível,334.0,13,7897411603158.0,Loxonin Flex 100mg 3 Adesivos,"86,12","77,29",-10.3%,"77,29",-10.3%
SãoJoão,Disponível,334.0,12,7896658003516.0,"Decadron Aché 0,5mg 20 Comprimidos","12,29","12,29",-,"12,29",-
SãoJoão,Disponível,334.0,13,7896181925170.0,Maxapran 20mg 60 Comprimidos Revestidos,"153,85","123,69",-19.6%,"123,69",-19.6%
SãoJoão,Disponível,334.0,13,8902220115569.0,Olmecor 20mg 60 Comprimidos Revestidos Torrent,"102,70","86,09",-16.2%,"86,09",-16.2%
SãoJoão,Disponível,334.0,16,7896006227601.0,Viverdal 3mg 30 Comprimidos Revestidos Genom (C1),"34,64","34,64",-,"34,64",-
SãoJoão,Disponível,334.0,13,7899420507861.0,Tam 250mg 30 Comprimidos Revestidos Supera (C1),"51,87","41,79",-19.4%,"41,79",-19.4%
SãoJoão,Disponível,334.0,13,7899547533118.0,Perlid Solução Oral 30ml,"65,58","54,09",-17.5%,"54,09",-17.5%
SãoJoão,Disponível,334.0,14,7891317038656.0,"Gesico Duo 37,5+325mg 30 Comprimidos Revestidos Eurofarma (A2)","92,83","79,69",-14.2%,"79,69",-14.2%
SãoJoão,Disponível,334.0,12,7897572020238.0,Nimegon Met 50+1000Mg 56 Comprimidos Revestidos Supera,"332,63","266,10",-20.0%,"266,10",-20.0%
SãoJoão,Disponível,334.0,12,7891142177155.0,Predsim Solução 100ml Mantecorp,"61,89","56,09",-9.4%,"56,09",-9.4%
SãoJoão,Disponível,334.0,12,7896023790324.0,Primia Acetix 600mg 16 Envelopes Acetilcisteína Catarinense,"54,90","54,90",-,"54,90",-
SãoJoão,Disponível,333.0,14,7891721028595.0,Euthyrox 50mcg 50 Comprimidos Merck,"43,62","38,49",-11.8%,"38,49",-11.8%
SãoJoão,Disponível,333.0,14,7896672203336.0,Fostair HFA 100/6mcg 120 Doses Com Contador Chiesi,"208,49","208,49",-,"208,49",-
SãoJoão,Disponível,333.0,14,7896637022835.0,Miosan 5Mg 30 Comprimidos Revestidos Apsen,"62,81","33,90",-46.0%,"33,90",-46.0%
SãoJoão,Disponível,333.0,12,7896004734392.0,"Drospirenona + Etinilestradiol 3mg + 0,03mg 21 Comprimidos Revestidos Genérico EMS","65,76","29,99",-54.4%,"29,99",-54.4%
SãoJoão,Disponível,333.0,12,7896004773117.0,"Drospirenona 3mg + Etinilestradiol 0,02mg 24 + 4 Comprimidos Revestidos Genérico EMS","75,00","39,90",-46.8%,"39,90",-46.8%
SãoJoão,Disponível,333.0,13,7899547507393.0,Metronidazol Gel Vaginal 100mg/g 50g Genérico Prati-Donaduzzi,"27,40","25,89",-5.5%,"25,89",-5.5%
SãoJoão,Disponível,333.0,14,7896641808777.0,Mesacol Takeda 250mg 15 Supositórios,"81,29","67,19",-17.3%,"67,19",-17.3%
SãoJoão,Indisponível,333.0,13,0.0,Bio GG 10BI+1 000UI 7 Cápsulas,0,0,0,0,0
SãoJoão,Disponível,333.0,12,7891721024986.0,"Concor 2,5mg 30 Comprimidos Revestidos Merck","87,76","71,59",-18.4%,"71,59",-18.4%
SãoJoão,Indisponível,333.0,14,0.0,Sorine Nebulizador 45ml Aché,0,0,0,0,0
SãoJoão,Disponível,333.0,13,7896261009554.0,Diovan 320mg 28 Comprimidos FQM,"149,32","149,32",-,"149,32",-
SãoJoão,Disponível,333.0,14,7896094208339.0,Coglive 8mg 30 Cápsulas Dura Liberação Prolongada Liberação LIBBS (C1),"149,14","119,31",-20.0%,"119,31",-20.0%
SãoJoão,Disponível,333.0,12,7891058002916.0,Dorflex Analgésico e Relaxante Muscular 300mg + 35mg + 50mg Sanofi 10 Comprimidos,"8,40","8,40",-,"8,40",-
SãoJoão,Disponível,333.0,16,7898029550827.0,"Triplixam 10mg/2,5mg/5mg 30 Comprimidos Revestidos","128,26","106,49",-17.0%,"106,49",-17.0%
SãoJoão,Disponível,333.0,14,7896261005372.0,Trileptal 300mg 60 Comprimidos Novartis (C1),"249,92","249,92",-,"249,92",-
SãoJoão,Disponível,333.0,14,7898049795017.0,Solução para Lentes Limp Lent 470ml,"59,90","59,90",-,"59,90",-
SãoJoão,Disponível,333.0,15,7897595635679.0,Sitagliptina Genérico Sandoz 100mg 60 Comprimidos Revestidos,"408,07","408,07",-,"408,07",-
SãoJoão,Disponível,333.0,14,7891058022778.0,"Allenasal Suspensão Nasal 16,5ml","74,90","64,59",-13.8%,"64,59",-13.8%
SãoJoão,Disponível,333.0,13,7898040321284.0,"Marevan 2,5mg 60 Comprimidos FQM","34,78","30,59",-12.0%,"30,59",-12.0%
SãoJoão,Disponível,333.0,15,7896637023665.0,Diovan 80mg 28 Comprimidos Revestidos,"22,44","22,44",-,"22,44",-
SãoJoão,Indisponível,333.0,13,0.0,Buscofem 400mg 20 Cápsulas,0,0,0,0,0
SãoJoão,Disponível,333.0,14,7896112427933.0,"Aradois HCT 50+12,5mg 60 Comprimidos Revestidos Biolab","156,39","125,11",-20.0%,"125,11",-20.0%
SãoJoão,Disponível,333.0,13,7896331705096.0,Hepatilon 10ml Hertz,"3,45","3,45",-,"3,45",-
SãoJoão,Disponível,333.0,13,7895858010331.0,Zyloric 300mg 30 Cápsulas Aspen,"68,98","58,29",-15.5%,"58,29",-15.5%
SãoJoão,Disponível,333.0,13,7896422524452.0,Osteonutri 600mg + 400UI 60 Comprimidos,"185,49","185,49",-,"185,49",-
SãoJoão,Indisponível,333.0,14,0.0,Pomada Hipoglós Transparente 30g,0,0,0,0,0
SãoJoão,Disponível,333.0,12,7896015592752.0,Advil 12h 600mg 6 Comprimidos Revestidos,"24,87","24,87",-,"24,87",-
SãoJoão,Disponível,332.0,13,7896658039546.0,Parzo 200mg 10 Cápsulas Biosintética,"45,27","45,27",-,"45,27",-
SãoJoão,Disponível,332.0,13,7897595605900.0,Alopurinol 100mg Genérico Prati 30 Comprimidos,"14,93","14,09",-5.6%,"14,09",-5.6%
SãoJoão,Disponível,332.0,13,7896094202900.0,"Elani Ciclo 3mg/0,03mg 21 Comprimidos Revestidos","71,79","60,09",-16.3%,"60,09",-16.3%
SãoJoão,Indisponível,332.0,14,0.0,Aerolin 10ml Solução Nebulização GSK,0,0,0,0,0
SãoJoão,Disponível,332.0,13,7896663301317.0,Propomax 30ml Extrato de Própolis Apis Flora,"34,90","34,90",-,"34,90",-
SãoJoão,Disponível,332.0,14,7893595770778.0,Óleo Essencial Therapi 10ml Ar das Montanhas,"39,90","39,90",-,"39,90",-
SãoJoão,Disponível,332.0,16,7898582380558.0,Adorlan 25mg/25mg 20 Comprimidos,"127,07","94,49",-25.6%,"94,49",-25.6%
SãoJoão,Disponível,332.0,12,7891317010201.0,Afetus 100mg 30 Comprimidos Eurofarma (C1),"111,81","90,59",-19.0%,"90,59",-19.0%
SãoJoão,Disponível,332.0,12,7896112115175.0,Naproxeno 500mg 20 Comprimidos Genérico Teuto,"48,23","38,90",-19.3%,"38,90",-19.3%
SãoJoão,Disponível,332.0,14,7896331703139.0,Hepatilon Solução Oral 150ml,"31,90","31,90",-,"31,90",-
SãoJoão,Disponível,332.0,13,7899547501469.0,"Azitromicina 900mg 22,5ml Genérico Prati","82,57","69,99",-15.2%,"69,99",-15.2%
SãoJoão,Disponível,332.0,13,7891317017880.0,Paco 500+30mg 48 Comprimidos Eurofarma (A2),"105,84","88,89",-16.0%,"88,89",-16.0%
SãoJoão,Disponível,332.0,13,7891317432461.0,Musculare 5mg 30 Comprimidos Revestidos,"40,74","36,39",-10.7%,"36,39",-10.7%
SãoJoão,Disponível,332.0,15,7891058005559.0,Stilnox 10mg 28 Comprimidos Sanofi (B1),"155,37","124,30",-20.0%,"124,30",-20.0%
SãoJoão,Disponível,332.0,12,7899547510928.0,"Cabergolina 0,5mg 8 Comprimidos Genérico Prati","318,28","222,39",-30.1%,"222,39",-30.1%
SãoJoão,Disponível,332.0,14,7896658005985.0,Mirtax 10mg 30 Comprimidos Revestidos Aché,"37,27","32,09",-13.9%,"32,09",-13.9%
SãoJoão,Disponível,332.0,13,7896004704036.0,Nimesulida 100mg 12 Comprimidos Genérico EMS,"22,46","9,99",-55.5%,"9,99",-55.5%
SãoJoão,Disponível,332.0,14,7896112162322.0,Alendronato de Sódio Genérico Teuto 70mg 4 Comprimidos,"38,31","18,90",-50.7%,"18,90",-50.7%
SãoJoão,Disponível,332.0,14,7896181916475.0,Siilif 100mg 30 Comprimidos Revestido Takeda,"197,15","157,72",-20.0%,"157,72",-20.0%
SãoJoão,Disponível,332.0,14,4987188521113.0,Salonpas Patch 5 Unidades,"34,77","28,90",-16.9%,"28,90",-16.9%
SãoJoão,Disponível,332.0,13,7891317481629.0,Sibutramina 15mg 30 Cápsulas Eurofarma (B2),"99,04","51,59",-47.9%,"51,59",-47.9%
SãoJoão,Disponível,332.0,12,7896658005091.0,Fentizol Creme Ginecológico 40g + 7 Aplicadores,"50,01","44,89",-10.2%,"44,89",-10.2%
SãoJoão,Disponível,332.0,13,7893454103921.0,Pioletal Plus Loção Dermatológica 60ml,"29,90","28,19",-5.7%,"28,19",-5.7%
SãoJoão,Disponível,332.0,13,7896004788968.0,"Latonan Solução Oftamológica 2,5Ml Legran","16,90","16,90",-,"16,90",-
SãoJoão,Disponível,332.0,12,7898040329693.0,Fly250 250mg 10 Cápsulas,"74,10","59,28",-20.0%,"59,28",-20.0%
SãoJoão,Disponível,332.0,13,7894916201353.0,Daforin 20ml Gotas Sigma Pharma (C1),"72,30","59,69",-17.4%,"59,69",-17.4%
SãoJoão,Disponível,332.0,12,7896112400394.0,Listo 8mg 30 Comprimidos Orod Morango Genérico Biolab,"42,29","42,29",-,"42,29",-
SãoJoão,Disponível,332.0,13,7891317002503.0,Cetoconazol + Betametasona + Neomicina Creme 30g Genérico EMS,"31,55","27,59",-12.6%,"27,59",-12.6%
SãoJoão,Disponível,332.0,14,8901148243637.0,Metoprolol 50mg 30 Comprimidos Genérico Biolab,"89,52","89,52",-,"89,52",-
SãoJoão,Disponível,331.0,14,7891158103599.0,Piascledine 300mg 90 Cápsulas Abbott,"560,91","448,73",-20.0%,"448,73",-20.0%
SãoJoão,Disponível,331.0,15,7896004716138.0,Espironolactona 100mg 30 Comprimidos Genérico EMS,"52,06","39,99",-23.2%,"39,99",-23.2%
SãoJoão,Disponível,331.0,12,7896422507318.0,Cetoconazol + Betametasona + Neomicina Pomada Genérico Medley 30g,"33,63","33,63",-,"33,63",-
SãoJoão,Disponível,331.0,14,7896658029561.0,Esalerg Aché 5mg 30 Comprimidos Revestidos,"85,86","71,09",-17.2%,"71,09",-17.2%
SãoJoão,Disponível,331.0,13,7898074617322.0,Fluimucil D Zambon 600mg 16 Envelopes,"83,83","73,59",-12.2%,"73,59",-12.2%
SãoJoão,Disponível,331.0,13,7891317020538.0,Gaba ER 500mg 30 Comprimidos Eurofarma (C1),"69,11","57,29",-17.1%,"57,29",-17.1%
SãoJoão,Disponível,331.0,14,7899420508943.0,Amytril 25mg 30 Comprimidos Supera (C1),"187,56","187,56",-,"187,56",-
SãoJoão,Disponível,331.0,12,7896112486787.0,Aradois 50mg 30 Comprimidos Revestidos,"56,60","5,80",-89.8%,"5,80",-89.8%
SãoJoão,Disponível,331.0,13,7908134200415.0,Gynpro 200mg 15 Cápsulas Exeltis,"79,79","69,99",-12.3%,"69,99",-12.3%
SãoJoão,Disponível,331.0,14,7891317425869.0,Viagra 50mg 1 Comprimido Revestido,"14,53","14,53",-,"14,53",-
SãoJoão,Disponível,331.0,14,7896676403923.0,Tempora 50mg 60 Comprimidos Revestidos Cristália (C1),"192,30","153,84",-20.0%,"153,84",-20.0%
SãoJoão,Disponível,331.0,12,7896004743936.0,Esomeprazol 20mg 14 Comprimidos Revestidos Genérico EMS,"80,24","65,19",-18.8%,"65,19",-18.8%
SãoJoão,Disponível,331.0,12,7891058059149.0,Patz SL 10mg 30 comprimidos,"14,27","14,27",-,"14,27",-
SãoJoão,Disponível,331.0,12,300653611784.0,Opti-Free Puremoist 90ml Alcon,"37,70","37,70",-,"37,70",-
SãoJoão,Disponível,331.0,13,7896206401610.0,"Pulmicort Nebulização 0,25mg x 20 FQM","232,49","232,49",-,"232,49",-
SãoJoão,Indisponível,331.0,12,0.0,Infoc 25mg/ml 60ml Biosintética (C1),0,0,0,0,0
SãoJoão,Disponível,331.0,13,7896422505789.0,Olmy Anlo 20+5mg 30 Comprimidos Germed,"25,56","25,56",-,"25,56",-
SãoJoão,Disponível,331.0,12,7896004756738.0,Inalajet 64mcg 120 doses Legrand,"39,90","39,90",-,"39,90",-
SãoJoão,Disponível,331.0,13,7897595602589.0,Atenolol Genérico Medley 50mg 30 Comprimidos,"27,40","6,99",-74.5%,"6,99",-74.5%
SãoJoão,Disponível,331.0,13,7891058002077.0,Rivaroxabana 10mg 30 Comprimidos Revestidos Genérico Medley,"204,52","204,52",-,"204,52",-
SãoJoão,Disponível,331.0,12,7896523201054.0,Domperidona 10mg Genérico Cimed 30 Comprimidos,"21,53","10,89",-49.4%,"10,89",-49.4%
SãoJoão,Disponível,331.0,12,7896006219590.0,Cod Par 500mg+30mg 12 Comprimidos Supera (A2),"29,57","27,29",-7.7%,"27,29",-7.7%
SãoJoão,Disponível,331.0,13,7891106915076.0,Aspirina Prevent 300mg 30 Comprimidos Revestidos Bayer,"72,61","61,49",-15.3%,"61,49",-15.3%
SãoJoão,Indisponível,331.0,13,0.0,Clenil A 10 Frascos Chiesi,0,0,0,0,0
SãoJoão,Disponível,331.0,13,7898430195082.0,Mytro SL 10mg 10 Comprimidos Myralis,"21,74","9,90",-54.5%,"9,90",-54.5%
SãoJoão,Disponível,331.0,13,7896714205182.0,Cloridrato De Nebivolol 5mg Genérico Pharlab 30 Comprimidos,"6,86","4,99",-27.3%,"4,99",-27.3%
SãoJoão,Disponível,331.0,12,7898943707024.0,Ateroma 10mg 30 Comprimidos Revestidos Supera,"96,41","96,41",-,"96,41",-
SãoJoão,Disponível,331.0,14,7896004711461.0,Maleato De Dexclorfeniramina 2mg Genérico Neo Química 20 Comprimidos,"16,20","14,29",-11.8%,"14,29",-11.8%
SãoJoão,Indisponível,331.0,14,0.0,Analgésico Flanax 275mg Bayer com 2 comprimidos,0,0,0,0,0
SãoJoão,Disponível,331.0,17,7896004709291.0,Deflazacorte 30mg 10 Comprimidos Genérico EMS,"156,37","119,69",-23.5%,"119,69",-23.5%
SãoJoão,Disponível,331.0,14,7891317465667.0,"Serenus 0,15mg/0,2mg/1,5mg 20 Comprimidos Revestidos","36,51","33,09",-9.4%,"33,09",-9.4%
SãoJoão,Disponível,331.0,13,7891317004095.0,Nidue 100+20mg 12 Comprimidos Germed,"28,95","26,69",-7.8%,"26,69",-7.8%
SãoJoão,Disponível,330.0,12,7891058025137.0,Lantus Solução Subcutânea 1 Carpule de 3ml,"111,84","90,79",-18.8%,"90,79",-18.8%
SãoJoão,Disponível,330.0,13,7891317010379.0,Ventus Spray 60 Doses Eurofarma,"47,43","42,59",-10.2%,"42,59",-10.2%
SãoJoão,Disponível,330.0,14,7898074613775.0,Xadago 50mg 30 Comprimidos Revestidos,"251,39","210,59",-16.2%,"210,59",-16.2%
SãoJoão,Disponível,330.0,13,7896004742076.0,Esomeprazol 40mg 28 Comprimidos Revestidos Genérico EMS,"298,41","67,99",-77.2%,"67,99",-77.2%
SãoJoão,Disponível,330.0,13,7894916516389.0,Vognus 10mg 30 Comprimidos Revestidos EMS (C1),"155,17","155,17",-,"155,17",-
SãoJoão,Disponível,330.0,13,7898569763015.0,Olmesartana 20mg 30 Comprimidos Revestidos Genérico Althaia,"46,46","27,90",-39.9%,"27,90",-39.9%
SãoJoão,Disponível,330.0,12,7898040321499.0,Ixium Creme Dermatológico 12 Sachês de 25g,"348,96","348,96",-,"348,96",-
SãoJoão,Disponível,330.0,13,615.0,"Vacina Pentavalente Infanrix DTPA HIB IPV Injetável Frasco + Seringa 0,5 ml GSK + Aplicação","259,38","199,56",-23.1%,"199,56",-23.1%
SãoJoão,Disponível,330.0,13,8902220114265.0,Iccor 5mg 30 Comprimidos Revestidos Torrent,"71,46","58,39",-18.3%,"58,39",-18.3%
SãoJoão,Indisponível,330.0,15,0.0,Famox 8mg Solução Oral + Kit Diluição Aché,0,0,0,0,0
SãoJoão,Disponível,330.0,15,7897595620750.0,Rosulib 20mg 30 Comprimidos Sandoz,"245,88","245,88",-,"245,88",-
SãoJoão,Disponível,330.0,14,7896004706573.0,"Celergin 2mg/0,25mg 20 Comprimidos","24,90","23,39",-6.1%,"23,39",-6.1%
SãoJoão,Disponível,330.0,13,7896685301234.0,Gamax 30 Cápsulas Hebron,"166,13","166,13",-,"166,13",-
SãoJoão,Disponível,330.0,12,7896004731704.0,Pioglitazona 30mg 15 Comprimidos Genérico EMS,"84,65","64,49",-23.8%,"64,49",-23.8%
SãoJoão,Disponível,330.0,13,7896094915886.0,Novotram 50mg 10 Cápsulas Hypermarcas (A2),"64,96","64,96",-,"64,96",-
SãoJoão,Disponível,330.0,14,7896083410323.0,Leukeran 2mg 25 Comprimidos Aspen,"213,02","171,79",-19.4%,"171,79",-19.4%
SãoJoão,Disponível,330.0,14,7896523200361.0,"Levonorgestrel 1,5mg 1 Comprimido Genérico Cimed","18,30","18,30",-,"18,30",-
SãoJoão,Disponível,330.0,14,7896523228822.0,Leite de Magnésia Cimed 80mg/ml,"12,90","9,69",-24.9%,"9,69",-24.9%
SãoJoão,Disponível,330.0,14,7896004751771.0,Desogestrel 75mcg Genérico Sandoz 28 Comprimidos Revestidos,"37,52","33,09",-11.8%,"33,09",-11.8%
SãoJoão,Disponível,330.0,14,7896006290162.0,Glaucotrat Solução Oftálmica 5ml,"16,62","15,59",-6.2%,"15,59",-6.2%
SãoJoão,Disponível,330.0,13,7890282801579.0,Triade Osso 30 Comprimidos Revestidos Gross,"118,90","118,90",-,"118,90",-
SãoJoão,Disponível,330.0,13,7896658026065.0,Tylenol 750mg 30 Comprimidos Revestidos J&amp;J,"34,31","29,69",-13.5%,"29,69",-13.5%
SãoJoão,Disponível,330.0,14,7896255762595.0,Depakote 250mg 30 Comprimidos Revestidos Abbott (C1),"83,93","67,14",-20.0%,"67,14",-20.0%
SãoJoão,Disponível,330.0,14,7896658034381.0,Mefex 250mg 14 Comprimidos Revestidos Aché,"194,36","194,36",-,"194,36",-
SãoJoão,Disponível,330.0,14,7896006290209.0,Ocupress 2% Solução Oftálmica 5ml Genom,"110,86","88,99",-19.7%,"88,99",-19.7%
SãoJoão,Disponível,330.0,15,7898100268184.0,Fontelax 10 Sachês Geyer,"64,99","64,99",-,"64,99",-
SãoJoão,Disponível,330.0,12,7898029557123.0,Procoralan 5mg 56 Comprimidos Revestidos,"190,58","152,46",-20.0%,"152,46",-20.0%
SãoJoão,Disponível,329.0,14,7896004713137.0,Levofloxacino 500mg 7 Comprimidos Revestidos Genérico EMS,"127,68","103,49",-18.9%,"103,49",-18.9%
SãoJoão,Disponível,329.0,14,7894916502856.0,Deflaimmun Sigma Pharma 6mg 20 Comprimidos,"54,97","54,97",-,"54,97",-
SãoJoão,Disponível,329.0,14,7896658003479.0,Levoid 200mcg 30 Comprimidos Aché,"41,31","41,31",-,"41,31",-
SãoJoão,Disponível,329.0,14,7897004708345.0,Yasmin 21+7 Comprimidos Revestidos Bayer,"115,41","94,99",-17.7%,"94,99",-17.7%
SãoJoão,Disponível,329.0,13,7898569762674.0,Ezetimiba 10mg 30 Comprimidos Revestidos Genérico Althaia,"93,02","44,90",-51.7%,"44,90",-51.7%
SãoJoão,Disponível,329.0,13,7891317001711.0,Perivasc 450mg + 50mg 30 Comprimidos,"77,64","65,09",-16.2%,"65,09",-16.2%
SãoJoão,Disponível,329.0,14,7896004710402.0,Desonida Creme 30g Genérico EMS,"43,40","37,69",-13.2%,"37,69",-13.2%
SãoJoão,Disponível,329.0,13,7896658016677.0,Bravan 160mg 30 Comprimidos Revestidos Aché,"51,29","41,49",-19.1%,"41,49",-19.1%
SãoJoão,Indisponível,329.0,12,0.0,Pen-Ve Oral 400 000 UI/5ml 60ml Supera,0,0,0,0,0
SãoJoão,Disponível,329.0,16,7898040329440.0,Junno 200mg 42 Cápsulas FQM,"208,88","167,10",-20.0%,"167,10",-20.0%
SãoJoão,Disponível,329.0,13,7898096577567.0,Winter AP 6+120mg 8 Cápsulas Diffucap,"38,16","38,16",-,"38,16",-
SãoJoão,Disponível,329.0,13,7899547543902.0,Paracetamol 750mg 10 Comprimidos Genérico Prati AV*,"8,26","7,99",-3.3%,"7,99",-3.3%
SãoJoão,Disponível,329.0,14,7896658020995.0,Motore 500mg 120 Comprimidos Ache,"284,47","284,47",-,"284,47",-
SãoJoão,Disponível,329.0,13,7896026171335.0,Fisiocrem Active 60ml,"72,10","72,10",-,"72,10",-
SãoJoão,Disponível,329.0,14,7896641802980.0,Mesacol 800mg 30 Comprimidos Revestidos,"271,54","217,23",-20.0%,"217,23",-20.0%
SãoJoão,Disponível,329.0,13,7896004730189.0,Ciclobenzaprina 10mg 30 Comprimidos Revestidos Genérico EMS,"45,30","39,89",-11.9%,"39,89",-11.9%
SãoJoão,Disponível,329.0,12,7891268148961.0,Olmetec Anlo 40 + 5mg 30 Comprimidos Pfizer,"184,65","184,65",-,"184,65",-
SãoJoão,Disponível,329.0,14,7896422513951.0,Venlafaxina 75mg 30 Cápsulas Genérico Medley (C1),"105,77","35,99",-66.0%,"35,99",-66.0%
SãoJoão,Disponível,329.0,16,7899547536775.0,Rivaroxabana 10mg 30 Comprimidos Revestidos Genérico Prati,"55,99","48,89",-12.7%,"48,89",-12.7%
SãoJoão,Disponível,329.0,14,7896015500016.0,Benegrip Imuno Energy 20 Comprimidos Efervecentes,"8,22","8,22",-,"8,22",-
SãoJoão,Indisponível,329.0,14,0.0,Haldol Decanoato 50mg 5 x 1 ml Janssen (C1),0,0,0,0,0
SãoJoão,Disponível,329.0,12,7896006231134.0,"Mylus 0,075mg 28 Comprimidos","48,88","41,99",-14.1%,"41,99",-14.1%
SãoJoão,Disponível,329.0,13,7896658005145.0,Clomid 50mg 10 Comprimidos Medley,"36,22","32,09",-11.4%,"32,09",-11.4%
SãoJoão,Disponível,329.0,14,7898037083560.0,Colírio De Euphrasia Officinalis 20ml Almeida Prado,"58,99","58,99",-,"58,99",-
SãoJoão,Disponível,329.0,13,7891142140555.0,Desalex 5mg 10 Comprimidos Revestidos,"83,47","83,47",-,"83,47",-
SãoJoão,Disponível,329.0,13,7893595770815.0,Óleo Essencial Therapi 10ml Menta Piperita,"49,90","49,90",-,"49,90",-
SãoJoão,Disponível,329.0,13,7896094211452.0,Sumax 50mg 6 Comprimidos Revestidos Libbs,"66,56","56,19",-15.6%,"56,19",-15.6%
SãoJoão,Disponível,329.0,14,7896206407902.0,Symbicort 12+400mcg 60 Doses FQM,"171,81","171,81",-,"171,81",-
SãoJoão,Disponível,329.0,13,7896094203044.0,"Elani 28 3mg/0,03mg 84 Comprimidos Revestidos","229,49","160,64",-30.0%,"160,64",-30.0%
SãoJoão,Disponível,329.0,14,7896422512145.0,Ciclopirox Olamina 10mg/ml Genérico Medley Solução Tópica 15ml,"27,63","17,90",-35.2%,"17,90",-35.2%
SãoJoão,Disponível,329.0,14,7897337709033.0,Fosamax D Organon 70mg + 5600UI 4 Comprimidos,"207,57","141,14",-32.0%,"141,14",-32.0%
SãoJoão,Disponível,329.0,14,7898037084901.0,Tossmed 120ml Almeida Prado,"29,99","29,99",-,"29,99",-
SãoJoão,Disponível,329.0,12,7896004782546.0,Dipirona 1g 10 Comprimidos Genérico EMS,"23,74","12,90",-45.7%,"12,90",-45.7%
SãoJoão,Disponível,328.0,13,7896523212319.0,Simeticona 75mg/ml Cereja Genérico Cimed Gotas 15ml,"5,99","5,19",-13.4%,"5,19",-13.4%
SãoJoão,Indisponível,328.0,12,0.0,Motilium 100Ml Janssen-Cilag,0,0,0,0,0
SãoJoão,Disponível,328.0,12,7896331707946.0,"Ritmoneuran 182,93mg 20 Cápsulas","28,90","28,90",-,"28,90",-
SãoJoão,Disponível,328.0,15,7898926572113.0,Nasonex 50mcg Spray Nasal com 120 doses,"69,61","61,49",-11.7%,"61,49",-11.7%
SãoJoão,Disponível,328.0,14,7898430194504.0,Nactil 600mg 30 Comprimidos Revestidos Myralis,"80,90","40,45",-50.0%,"40,45",-50.0%
SãoJoão,Disponível,328.0,13,7891317005832.0,Ruva 20mg 30 Comprimidos Revestidos Eurofarma,"98,87","80,89",-18.2%,"80,89",-18.2%
SãoJoão,Disponível,328.0,14,7896004706474.0,Glibenclamida 5mg 30 Comprimidos Genérico EMS,"16,11","16,11",-,"16,11",-
SãoJoão,Disponível,328.0,15,7899420508417.0,Andes 50mg 60 Comprimidos Revestidos Supera (C1),"66,51","56,99",-14.3%,"56,99",-14.3%
SãoJoão,Disponível,328.0,13,7896226109695.0,Pasalix Marjan 30 Comprimidos Revestidos,"80,57","80,57",-,"80,57",-
SãoJoão,Disponível,328.0,13,7896255717724.0,Teolong 200mg 30 Cápsulas Abbott,"40,84","35,29",-13.6%,"35,29",-13.6%
SãoJoão,Disponível,328.0,15,7896094208407.0,Maxidrate Gel Nasal 30g,"56,92","51,59",-9.4%,"51,59",-9.4%
SãoJoão,Disponível,328.0,12,7894164005932.0,Lactulose 120ml Colact Frutas,"25,90","25,90",-,"25,90",-
SãoJoão,Disponível,328.0,13,7896094999497.0,Lacto Purga 12 Comprimidos Revestidos,"11,85","11,85",-,"11,85",-
SãoJoão,Disponível,328.0,14,7896658034404.0,Mefex 500mg 14 Comprimidos Revestidos,"181,57","181,57",-,"181,57",-
SãoJoão,Disponível,328.0,12,7896714223841.0,Nimesulida 100mg 12 Comprimidos Genérico Neo Química,"26,17","26,17",-,"26,17",-
SãoJoão,Disponível,328.0,13,7898089300035.0,Pílulas De-Lussen 8mg/10mg/30mg/10mg 36 Drágeas,"48,47","44,49",-8.2%,"44,49",-8.2%
SãoJoão,Disponível,328.0,14,7896658054006.0,Pyloripac Cellera 14 Cartelas,"457,20","384,79",-15.8%,"384,79",-15.8%
SãoJoão,Disponível,328.0,12,7896112402275.0,Provagin Gel Hidratante Intravaginal 30g com 10 Aplicadores,"92,55","82,59",-10.8%,"82,59",-10.8%
SãoJoão,Indisponível,328.0,14,0.0,Valda Imune Infantil Sachê 30 Gomas Mastigáveis,0,0,0,0,0
SãoJoão,Disponível,328.0,15,7896658025013.0,Brasart BCC 320mg + 10mg 30 Comprimidos Revestidos Sigma,"114,71","114,71",-,"114,71",-
SãoJoão,Disponível,328.0,12,7893595770778.0,Óleo Essencial Therapi 10ml Limão Siciliano,"39,90","39,90",-,"39,90",-
SãoJoão,Disponível,328.0,13,7896658011276.0,Prelone 3mg 60ml Aché,"43,02","37,59",-12.6%,"37,59",-12.6%
SãoJoão,Disponível,328.0,12,7896006214687.0,Ondset Odt 8mg 10 Comprimidos Genom,"58,05","58,05",-,"58,05",-
SãoJoão,Disponível,328.0,13,7893595770617.0,Floral Thérapi Bach Thérapi 30ml,"36,90","36,90",-,"36,90",-
SãoJoão,Disponível,328.0,16,7896658016653.0,Brasart 80mg 30 Comprimidos Revestidos,"51,29","42,99",-16.2%,"42,99",-16.2%
SãoJoão,Disponível,327.0,13,7896112125617.0,Fluoxetina 20mg 30 Cápsulas Genérico Teuto (C1),"60,22","13,19",-78.1%,"13,19",-78.1%
SãoJoão,Disponível,327.0,13,7896658033421.0,"Desalex D12 2,5mg/120mg 10 Comprimidos","64,93","64,93",-,"64,93",-
SãoJoão,Disponível,327.0,13,7898687731743.0,Ondansetrona 8mg 30 Comprimidos Orodissolúveis Genérico Althaia,"136,50","83,89",-38.5%,"83,89",-38.5%
SãoJoão,Disponível,327.0,15,7898495602327.0,Ciflogex Mel e Limão 3mg 12 Pastilhas,"19,90","19,90",-,"19,90",-
SãoJoão,Disponível,327.0,12,7896676433029.0,Oftpred Colírio 5ml,"51,95","46,59",-10.3%,"46,59",-10.3%
SãoJoão,Disponível,327.0,13,7896422517041.0,Alprazolam 2mg 30 Comprimidos Genérico Medley (B1),"70,26","29,90",-57.4%,"29,90",-57.4%
SãoJoão,Disponível,327.0,15,7891158042423.0,Amome 50mg Suspensão Oral 60ml,"216,39","175,69",-18.8%,"175,69",-18.8%
SãoJoão,Disponível,327.0,12,7896637023566.0,Retemic UD 10mg 30 Comprimidos,"134,45","108,69",-19.2%,"108,69",-19.2%
SãoJoão,Disponível,327.0,13,7896094922068.0,Dramin Capsgel 25mg 10 Cápsulas Gelatinosas,"23,97","23,97",-,"23,97",-
SãoJoão,Disponível,327.0,13,7896422522663.0,"Bisoprolol 2,5mg 30 Comprimidos Revestidos Genérico Medley","51,33","29,90",-41.7%,"29,90",-41.7%
SãoJoão,Disponível,327.0,13,7891142115775.0,Oximax 400mcg 30 Comprimidos + Inal Mantecorp,"112,38","112,38",-,"112,38",-
SãoJoão,Disponível,327.0,13,7896094928350.0,Engov Up Morango e Kiwi 269ml,"9,99","9,99",-,"9,99",-
SãoJoão,Disponível,327.0,12,7894916512442.0,Imense 100mg 30 Comprimidos Revestidos de Liberação Prolongada EMS (C1),"87,37","74,39",-14.9%,"74,39",-14.9%
SãoJoão,Disponível,327.0,13,7896015520380.0,Clavulin 500Mg Com 30 Comprimidos Gsk,"217,03","217,03",-,"217,03",-
SãoJoão,Indisponível,327.0,12,0.0,Plantaben Mylan 5g 10 Envelopes,0,0,0,0,0
SãoJoão,Disponível,327.0,14,7896181920410.0,Corus 50mg 30 Comprimidos Revestidos,"14,94","5,70",-61.8%,"5,70",-61.8%
SãoJoão,Disponível,327.0,14,7896641808982.0,Lyberdia 30mg X 30 Cápsulas,"128,20","103,89",-19.0%,"103,89",-19.0%
SãoJoão,Disponível,327.0,12,7896015516802.0,Lamictal Dispersível 25mg 30 Comprimidos GSK (C1),"86,46","86,46",-,"86,46",-
SãoJoão,Disponível,327.0,14,7894916503389.0,"Tenadren 40+12,5mg 30 Comprimidos Sigma","15,37","14,29",-7.0%,"14,29",-7.0%
SãoJoão,Disponível,327.0,12,7897595632548.0,Sinvastatina 20mg 30 Comprimidos Revestidos Genérico Novartis,"18,08","10,99",-39.2%,"10,99",-39.2%
SãoJoão,Disponível,327.0,13,7896255700245.0,Synthroid 175mcg 30 Comprimidos Abbott,"68,57","68,57",-,"68,57",-
SãoJoão,Disponível,327.0,13,7898049790913.0,Metformina 850mg 30 Comprimidos Genérico Vitamedic,"12,87","7,39",-42.6%,"7,39",-42.6%
SãoJoão,Disponível,327.0,13,7896548133613.0,Claroft Solução Oftálmica 15ml,"14,42","14,42",-,"14,42",-
SãoJoão,Disponível,327.0,13,7891317010478.0,Seloken 100mg 30 Comprimidos,"216,30","174,39",-19.4%,"174,39",-19.4%
SãoJoão,Disponível,327.0,13,7898029550216.0,Andes 50mg 30 Comprimidos Revestidos,"80,38","67,99",-15.4%,"67,99",-15.4%
SãoJoão,Disponível,327.0,12,7896714205823.0,Enalapril 10mg 30 Comprimidos Genérico OneFarma,"9,68","9,68",-,"9,68",-
SãoJoão,Disponível,327.0,13,7896004705866.0,Atenolol 50mg 60 Comprimidos Genérico EMS,"69,32","29,90",-56.9%,"29,90",-56.9%
SãoJoão,Disponível,326.0,14,7896094207844.0,Ancoron 100mg 30 Comprimidos Revestidos,"29,36","26,49",-9.8%,"26,49",-9.8%
SãoJoão,Disponível,326.0,13,7891317154301.0,Piemonte 4mg 30 Sachês Eurofarma,"87,92","73,59",-16.3%,"73,59",-16.3%
SãoJoão,Disponível,326.0,13,7896269900808.0,Flixotide GSK 250mcg 60 Doses,"158,50","158,50",-,"158,50",-
SãoJoão,Disponível,326.0,12,7891142141293.0,Pomada Dermatológica Drenison 30g,"58,05","50,59",-12.9%,"50,59",-12.9%
SãoJoão,Disponível,326.0,13,7898040323844.0,Probiatop Pó para Solução Oral 15 Sachês de 1g,"179,96","155,79",-13.4%,"155,79",-13.4%
SãoJoão,Disponível,326.0,12,7896658008863.0,Levoid 125mcg 30 Comprimidos Aché,"27,18","24,39",-10.3%,"24,39",-10.3%
SãoJoão,Disponível,326.0,13,7896253902092.0,Duspatalin 200mg 30 Cápsulas,"212,21","174,49",-17.8%,"174,49",-17.8%
SãoJoão,Disponível,326.0,13,7896658005053.0,Allestra 20 75mcg/20mcg 63 Comprimidos Revestidos,"92,71","77,19",-16.7%,"77,19",-16.7%
SãoJoão,Disponível,326.0,15,7891317001926.0,Cetoprofeno 150mg 10 Comprimidos Genérico Eurofarma,"54,74","29,90",-45.4%,"29,90",-45.4%
SãoJoão,Disponível,326.0,13,7891158103438.0,Rubenti 200Mg 30 Cápsulas Abbott,"150,93","122,29",-19.0%,"122,29",-19.0%
SãoJoão,Disponível,326.0,12,7897473207646.0,Salmeterol 25Mcg + 50Mcg Spray 120 Doses Genérico Glenmark,"104,60","84,49",-19.2%,"84,49",-19.2%
SãoJoão,Disponível,326.0,14,7896422516624.0,Xarope Resiratus  100Ml Medley,"40,15","40,15",-,"40,15",-
SãoJoão,Disponível,326.0,15,7896094927841.0,Estomazil Pó 100g sem sabor Hypera Pharma,"28,16","28,16",-,"28,16",-
SãoJoão,Disponível,326.0,17,7891317457211.0,Zina 5mg 10 Comprimidos,"59,44","52,19",-12.2%,"52,19",-12.2%
SãoJoão,Disponível,326.0,13,7896004757353.0,Levocetirizina 5mg 10 Comprimidos Revestidos Genérico Neo Química,"50,60","32,49",-35.8%,"32,49",-35.8%
SãoJoão,Indisponível,326.0,13,0.0,Exodus 20mg 15ml solução oral Aché (C1),0,0,0,0,0
SãoJoão,Disponível,326.0,13,7896641813597.0,Juneve 70mg 28 Cápsulas Takeda (A3),"449,99","359,99",-20.0%,"359,99",-20.0%
SãoJoão,Disponível,326.0,12,7896004770222.0,Xarope Brondelix 100ml Ems,"33,90","31,59",-6.8%,"31,59",-6.8%
SãoJoão,Disponível,326.0,13,7891317475222.0,Síbus 15mg 60 Cápsulas Duras,"111,31","90,99",-18.3%,"90,99",-18.3%
SãoJoão,Disponível,326.0,15,7897076910929.0,Cinarizina 75mg 30 Comprimidos Genérico Ranbaxy,"24,79","22,89",-7.7%,"22,89",-7.7%
SãoJoão,Disponível,326.0,14,7891268149012.0,Olmetec Anlo 40 + 10mg 30 Comprimidos Wyeth,"184,65","184,65",-,"184,65",-
SãoJoão,Disponível,326.0,14,7891106913522.0,"Bepantol Derma Creme Hidratante Toque Seco Oil Free 30g, Pele Normal a Seca","49,99","49,99",-,"49,99",-
SãoJoão,Disponível,326.0,14,7896006227588.0,Viverdal 1mg 30 Comprimidos Revestidos Genom (C1),"31,82","27,19",-14.6%,"27,19",-14.6%
SãoJoão,Disponível,326.0,13,7891142981394.0,Predsim 40mg 7 Comprimidos,"68,17","60,79",-10.8%,"60,79",-10.8%
SãoJoão,Disponível,326.0,12,7896676414653.0,Ana-Flex 35 + 300 + 50mg 20ml Cristália,"21,49","21,49",-,"21,49",-
SãoJoão,Disponível,326.0,14,7896023752513.0,Melagrião Spray 30ml Menta Catarinense,"18,90","18,90",-,"18,90",-
SãoJoão,Disponível,326.0,12,7896523207643.0,Cloridrato De Ambroxol 3mg/ml Genérico Cimed Xarope 120ml,"23,76","14,19",-40.3%,"14,19",-40.3%
SãoJoão,Disponível,326.0,14,7898582380329.0,Tramal Retard 100mg 30 Comprimidos Revestidos Grünenthal (A2),"412,89","330,31",-20.0%,"330,31",-20.0%
SãoJoão,Disponível,326.0,13,7896083400928.0,Isoflavine 150mg 30 Comprimidos,"149,00","119,20",-20.0%,"119,20",-20.0%
SãoJoão,Disponível,326.0,14,7896004734361.0,Moxifloxacino 400mg 7 Comprimidos Revestidos Genérico EMS,"227,80","119,90",-47.4%,"119,90",-47.4%
SãoJoão,Disponível,326.0,12,7894916502900.0,Contracep Sigma Pharma 150mg 1ml Ampola,"33,59","30,59",-8.9%,"30,59",-8.9%
SãoJoão,Disponível,326.0,13,7896112158363.0,Ibuprofeno 600mg 20 Comprimidos,"20,90","20,90",-,"20,90",-
SãoJoão,Disponível,325.0,12,7898133131066.0,"Polaradex 0,4mg 100ml Natulab","9,90","9,90",-,"9,90",-
SãoJoão,Disponível,325.0,13,7894916510554.0,"Niki 3mg + 0,02mg 24 + 4 Comprimidos Revestidos EMS","53,36","45,89",-14.0%,"45,89",-14.0%
SãoJoão,Disponível,325.0,13,7896112466215.0,"Diane 35 2mg/0,035mg 21 Drágeas","28,02","25,49",-9.0%,"25,49",-9.0%
SãoJoão,Disponível,325.0,14,7896658004391.0,Artrolive 30 Sachês Ache,"341,53","341,53",-,"341,53",-
SãoJoão,Disponível,325.0,13,7897316800256.0,Lumigan RC Solução Oftálmica 5ml,"54,62","48,79",-10.7%,"48,79",-10.7%
SãoJoão,Disponível,325.0,12,7896658038983.0,Klev 20mg 14 Comprimidos,"76,52","76,52",-,"76,52",-
SãoJoão,Disponível,325.0,13,7898040320911.0,Marevan FQM 5mg 10 Comprimidos,"11,54","11,54",-,"11,54",-
SãoJoão,Disponível,325.0,14,7896181906322.0,Loratadina 10mg 12 Comprimidos Revestidos Genérico Biosintética,"19,48","18,19",-6.6%,"18,19",-6.6%
SãoJoão,Disponível,325.0,13,7891058020286.0,Enterogermina Probiótico Crianças e Adultos 5ml 10 Frascos,"49,00","39,99",-18.4%,"39,99",-18.4%
SãoJoão,Disponível,325.0,13,7896261013735.0,"Exelon Patch 9mg/5cm (4,6mg) 30 Adesivos  (C1)","412,37","412,37",-,"412,37",-
SãoJoão,Disponível,325.0,12,7897337710930.0,"Stezza 28 Comprimidos 2,5mg+1,5mg","60,06","50,49",-15.9%,"50,49",-15.9%
SãoJoão,Disponível,325.0,13,7891721202728.0,Levotiroxina Sódica 175mcg Genérico Merck 30 Comprimidos,"22,22","20,09",-9.6%,"20,09",-9.6%
SãoJoão,Disponível,325.0,14,7896714292069.0,Ecoxe 60mg 14 Comprimidos Hypera Pharma (C1),"132,96","132,96",-,"132,96",-
SãoJoão,Disponível,325.0,13,7896004718811.0,"Alprazolam 0,25mg 30 Comprimidos Genérico EMS (B1)","18,03","16,39",-9.1%,"16,39",-9.1%
SãoJoão,Disponível,325.0,12,7899547529616.0,Nimesulida 100mg 12 Comprimidos Genérico Prati-Donaduzzi,"17,39","9,99",-42.6%,"9,99",-42.6%
SãoJoão,Disponível,325.0,13,7896004752730.0,Gliclazida 60mg 30 Comprimidos de Liberação Prolongada Genérico EMS,"67,97","40,90",-39.8%,"40,90",-39.8%
SãoJoão,Disponível,325.0,12,7891317455569.0,Duomo 2mg 30 Comprimidos Eurofarma,"43,41","36,89",-15.0%,"36,89",-15.0%
SãoJoão,Disponível,325.0,14,7896658018800.0,"Bravan HCT 80mg+12,5mg 30 Comprimidos Revestidos Aché","83,91","67,29",-19.8%,"67,29",-19.8%
SãoJoão,Disponível,325.0,14,7896004701288.0,Hidróxido de Alumínio Suspensão Oral 240ml Genérico EMS,"29,90","29,90",-,"29,90",-
SãoJoão,Disponível,325.0,13,7898089300042.0,Imescard 10mg/10mg/10mg/30mg 36 Drágeas,"42,05","37,89",-9.9%,"37,89",-9.9%
SãoJoão,Indisponível,325.0,12,0.0,Ibuprofeno 100mg 30ml Ibuflex Legrand,0,0,0,0,0
SãoJoão,Disponível,325.0,16,7891010256722.0,Tylex 30Mg 24 Comprimidos Janssen (A2),"10,45","10,45",-,"10,45",-
SãoJoão,Disponível,325.0,13,3662042000058.0,Combigan Solução Oftálmica 10ml,"80,06","80,06",-,"80,06",-
SãoJoão,Disponível,325.0,12,7894916513029.0,Inzelm 10mg Revestidos 60 Comprimidos,"151,20","125,09",-17.3%,"125,09",-17.3%
SãoJoão,Disponível,325.0,12,7896112110347.0,Aminofilina 100mg Genérico Teuto 20 Comprimidos,"6,51","6,51",-,"6,51",-
SãoJoão,Disponível,325.0,14,7897595633309.0,Amoxicilina + Clavulanato De Potássio 500mg 12 Comprimidos Revestidos Genérico Sandoz,"95,32","95,32",-,"95,32",-
SãoJoão,Disponível,324.0,13,7898031312352.0,Permanganato de Potássio Envelope 10 Doses Uniphar AV*,"5,49","5,49",-,"5,49",-
SãoJoão,Disponível,324.0,13,7896523212524.0,Dimetigass 75mg 15ml Cimed,"8,99","8,99",-,"8,99",-
SãoJoão,Disponível,324.0,15,7896658003561.0,Decadron Solução Nasal 20ml,"41,83","37,39",-10.6%,"37,39",-10.6%
SãoJoão,Disponível,324.0,14,7897595635662.0,Sitagliptina Genérico Sandoz 50mg 60 Comprimidos Revestidos,"191,88","191,88",-,"191,88",-
SãoJoão,Disponível,324.0,13,7896006231127.0,Desogestrel 84 Comprimidos Genérico União Química,"91,78","46,90",-48.9%,"46,90",-48.9%
SãoJoão,Indisponível,324.0,14,0.0,"Strepsils 8,75mg 16 Pastilhas",0,0,0,0,0
SãoJoão,Disponível,324.0,12,7891058004217.0,Actonel Theramex 150mg 1 Comprimido Revestido,"258,03","206,42",-20.0%,"206,42",-20.0%
SãoJoão,Disponível,324.0,13,7896094929081.0,Pomada Nebacetin Baby Regeneração 30g Hypera Pharma,"33,99","33,99",-,"33,99",-
SãoJoão,Disponível,324.0,13,8903855083490.0,"Indapen SR 1,5mg 90 Comprimidos Revestidos de Liberação Prolongada Torrent","98,57","80,29",-18.5%,"80,29",-18.5%
SãoJoão,Disponível,324.0,12,7897337716512.0,Implanon Etonogestrel NXT 68mg 1 Aplicador/Implante Organon,"1175,74","873,99",-25.7%,"873,99",-25.7%
SãoJoão,Disponível,324.0,14,7891721023545.0,Mesidox 2mg 30 Comprimidos Merck,"43,37","43,37",-,"43,37",-
SãoJoão,Disponível,324.0,13,7896006280507.0,Topcoid Gel Dermatológico 40g,"33,90","31,49",-7.1%,"31,49",-7.1%
SãoJoão,Disponível,324.0,13,7894916508490.0,"Concardio 1,25mg 30 Comprimidos Revestidos Sigma Pharma","81,26","81,26",-,"81,26",-
SãoJoão,Disponível,324.0,13,7896004789507.0,Miogesic Lis 125+5mg com 15 Comprimidos EMS,"37,53","34,19",-8.9%,"34,19",-8.9%
SãoJoão,Disponível,324.0,12,7896015523398.0,"Combodart 0,5mg/0,4mg 90 Cápsulas","158,32","158,32",-,"158,32",-
SãoJoão,Disponível,324.0,13,7897595602589.0,Atenolol 50mg 30 Comprimidos Genérico Sandoz,"27,40","6,99",-74.5%,"6,99",-74.5%
SãoJoão,Indisponível,324.0,13,0.0,Neosoro Fluid 50ml Neoquimica,0,0,0,0,0
SãoJoão,Disponível,324.0,13,7896637022767.0,Donaren 50mg 60 Comprimidos Revestidos,"61,13","52,09",-14.8%,"52,09",-14.8%
SãoJoão,Disponível,324.0,12,7899420507410.0,Ibanuno 150mg 1 Comprimido Revestido Supera,"59,76","49,39",-17.4%,"49,39",-17.4%
SãoJoão,Disponível,324.0,15,7896026305600.0,"Trayenta Duo 2,5+1000Mg 60 Comprimidos Boehringer","315,34","315,34",-,"315,34",-
SãoJoão,Disponível,324.0,13,7896112425328.0,Monessa 90 Cápsulas Biolab,"113,90","96,69",-15.1%,"96,69",-15.1%
SãoJoão,Disponível,324.0,15,7896112401834.0,Cogit 16mg 30 Cápsulas Biolab (C1),"234,32","234,32",-,"234,32",-
SãoJoão,Disponível,324.0,15,7896714275390.0,Pepsamar Hypera Pharma 10 Comprimidos,"9,78","9,78",-,"9,78",-
SãoJoão,Disponível,324.0,15,7898158693129.0,Ciflogex Pastilhas Cimed Sabor Menta e Limão 12 Unidades,"19,90","19,90",-,"19,90",-
SãoJoão,Disponível,324.0,14,7896112471165.0,Press Plus 5mg + 20mg 30 Cápsulas Biolab,"128,68","128,68",-,"128,68",-
SãoJoão,Disponível,324.0,13,7895858005917.0,Aldomet 250mg 30 Comprimidos Revestidos Aspen,"45,65","39,19",-14.2%,"39,19",-14.2%
SãoJoão,Disponível,324.0,14,7898569761431.0,Propafenona 300mg 30 Comprimidos Revestidos Genérico Althaia,"88,68","64,79",-26.9%,"64,79",-26.9%
SãoJoão,Disponível,324.0,13,7898148300754.0,Ciclobenzaprina 10mg 15 Cápsulas Genérico Prati-Donaduzzi,"14,52","12,99",-10.5%,"12,99",-10.5%
SãoJoão,Disponível,324.0,13,7500435245357.0,Vick Drops 20 Pastilhas Mentol Procter,"17,99","15,29",-15.0%,"15,29",-15.0%
SãoJoão,Disponível,324.0,13,7896714292113.0,Ecoxe 90mg 14 Comprimidos Hypera Pharma (Controlado 1),"148,20","121,39",-18.1%,"121,39",-18.1%
SãoJoão,Disponível,324.0,13,7896658030208.0,Oxotron 60mg 30 Comprimidos Aché,"80,55","66,79",-17.1%,"66,79",-17.1%
SãoJoão,Disponível,324.0,13,5413787006793.0,Etira Solução Oral 100ml,"170,92","170,92",-,"170,92",-
SãoJoão,Disponível,323.0,12,7896046390051.0,Artelac Splash Solução Oftálmica 10mL Bausch &amp; Lomb,"59,99","59,99",-,"59,99",-
SãoJoão,Disponível,323.0,13,7896009498473.0,Advil Mulher 400mg 10 Cápsulas Moles,"6,57","6,57",-,"6,57",-
SãoJoão,Disponível,323.0,12,7897411610668.0,Benegrip 500mg/2mg/30mg 12 Comprimidos Revestidos,"94,14","75,31",-20.0%,"75,31",-20.0%
SãoJoão,Disponível,323.0,13,7897930761162.0,"Clob-X 0,05% 125ml Shampoo Galderma","196,46","164,49",-16.3%,"164,49",-16.3%
SãoJoão,Disponível,323.0,13,7896523213989.0,Glibenclamida 5mg Genérico Cimed 30 Comprimidos,"16,01","2,99",-81.3%,"2,99",-81.3%
SãoJoão,Disponível,323.0,13,7896006210795.0,Ondset ODT 4mg 10 Comprimidos Genom,"31,41","31,41",-,"31,41",-
SãoJoão,Indisponível,323.0,14,0.0,Vick Pyrena 5g Caixa 5 Unidades Mel/Limão,0,0,0,0,0
SãoJoão,Disponível,323.0,16,7897595620620.0,Rosuvastatina 10mg 60 Comprimidos Revestidos Genérico Sandoz,"78,85","44,90",-43.1%,"44,90",-43.1%
SãoJoão,Disponível,323.0,14,7896523216812.0,"Diad 1,5mg 1 Comprimido","19,90","19,90",-,"19,90",-
SãoJoão,Disponível,323.0,12,7891268101416.0,Dalacin C 300Mg 16 Cápsulas Pfizer,"196,82","161,29",-18.1%,"161,29",-18.1%
SãoJoão,Disponível,323.0,13,7896015593292.0,"Tansudart 0,4mg 30 cápsulas GSK","138,81","138,81",-,"138,81",-
SãoJoão,Disponível,323.0,14,7897129304804.0,Aloxidil 50mg/ml Sol Capi 60ml 2 Unidades Theraskin,"115,07","115,07",-,"115,07",-
SãoJoão,Disponível,323.0,12,7896862993269.0,Melleril Medquímica 100mg 20 Drágeas (C1),"59,68","59,68",-,"59,68",-
SãoJoão,Disponível,323.0,13,7899095201910.0,"Alphabrin 2,0mg/ml Solução Oftálmica 5ml Gbió","45,61","39,39",-13.6%,"39,39",-13.6%
SãoJoão,Disponível,323.0,12,7896637031509.0,Inilok 40mg 30 Comprimidos,"72,96","72,96",-,"72,96",-
SãoJoão,Disponível,323.0,13,7891106915809.0,Avelox 400Mg 5 Comprimidos Bayer,"282,81","282,81",-,"282,81",-
SãoJoão,Disponível,323.0,13,7896255767385.0,Duspatalin 200Mg 60 Cápsulas Abbott,"424,39","424,39",-,"424,39",-
SãoJoão,Disponível,323.0,16,7898037084918.0,Sinumed Almeida Prado Xarope 120ml,"29,99","29,99",-,"29,99",-
SãoJoão,Indisponível,323.0,14,0.0,Gastrol Pastilhas Hypera Pharma 20 Unidades,0,0,0,0,0
SãoJoão,Disponível,323.0,12,7896112121114.0,Quetiapina 100mg 30 Comprimidos Revestidos Genérico Teuto (C1),"153,45","62,89",-59.0%,"62,89",-59.0%
SãoJoão,Disponível,323.0,14,7892953001387.0,Pyridium 200mg 18 Comprimidos,"35,47","31,92",-10.0%,"31,92",-10.0%
SãoJoão,Disponível,323.0,12,7896261001145.0,"Diovan HCT FQM 80mg + 12,5mg 28 Comprimidos","155,25","155,25",-,"155,25",-
SãoJoão,Disponível,323.0,15,7896181905271.0,Alenia 6+200mcg 60 Cápsulas Refil,"116,40","96,79",-16.8%,"96,79",-16.8%
SãoJoão,Disponível,323.0,13,8903855084978.0,Cimegripe Dor e Febre 750mg 20 Comprimidos,"129,49","129,49",-,"129,49",-
SãoJoão,Disponível,323.0,12,7898049792351.0,Ivermectina 6mg Genérico Vitamedic 2 Comprimidos,"22,67","21,29",-6.1%,"21,29",-6.1%
SãoJoão,Disponível,323.0,13,7896422501651.0,Tadalafila 5mg Genérico Medley 30 Comprimidos Revestidos,"99,22","32,90",-66.8%,"32,90",-66.8%
SãoJoão,Disponível,323.0,12,7894916202671.0,Deposteron Solução Injetável Sigma Pharma 200mg 3 Ampolas (C5),"147,10","123,89",-15.8%,"123,89",-15.8%
SãoJoão,Disponível,323.0,13,7899547505108.0,"Desloratadina 0,5mg/ml Genérico Prati Xarope 60ml","39,32","32,99",-16.1%,"32,99",-16.1%
SãoJoão,Disponível,323.0,14,7891142983497.0,Evortia 15mg 60 Comprimidos Revestidos Hypera (C1),"441,31","441,31",-,"441,31",-
SãoJoão,Disponível,323.0,13,7899824400942.0,Dexador Injetável 6 Ampolas 3 Doses 1ml Arese,"50,25","45,59",-9.3%,"45,59",-9.3%
SãoJoão,Disponível,323.0,13,7896658008740.0,Levoid 25mcg 30 Comprimidos Aché,"18,46","16,99",-8.0%,"16,99",-8.0%
SãoJoão,Disponível,323.0,14,7898569762674.0,Ezetimiba 10mg 30 Comprimidos Revestidos Genérico Neo Química,"93,02","44,90",-51.7%,"44,90",-51.7%
SãoJoão,Disponível,323.0,12,7896004746920.0,Ezetimiba 10mg 60 Comprimidos Genérico EMS,"165,84","165,84",-,"165,84",-
SãoJoão,Disponível,323.0,14,7896112416135.0,Lipless 100mg 60 Comprimidos Biolab,"183,28","183,28",-,"183,28",-
SãoJoão,Disponível,323.0,12,7897595602572.0,Atenolol 25mg Genérico Prati 30 Comprimidos,"22,27","2,49",-88.8%,"2,49",-88.8%
SãoJoão,Disponível,323.0,12,7896026303057.0,Pradaxa 110Mg 30 Cápsulas Boehringer,"206,74","165,39",-20.0%,"165,39",-20.0%
SãoJoão,Disponível,322.0,12,7891317036768.0,Azox 20mg Suspensão 100ml,"64,36","55,79",-13.3%,"55,79",-13.3%
SãoJoão,Disponível,322.0,13,7897595605276.0,Amoxicilina + Clavulanato De Potássio 250mg 75ml Genérico União Química,"80,32","58,90",-26.7%,"58,90",-26.7%
SãoJoão,Disponível,322.0,14,7896112148494.0,"Ceftriaxona 1000mg 3,5ml IM Genérico Blau","47,42","38,69",-18.4%,"38,69",-18.4%
SãoJoão,Disponível,322.0,13,7896026304719.0,Pradaxa 150Mg 60 Cápsulas Boehringer,"413,43","330,74",-20.0%,"330,74",-20.0%
SãoJoão,Disponível,322.0,14,7898687730296.0,Metilfenidato 10mg 60 Comprimidos Genérico Althaia (A3),"67,97","60,19",-11.4%,"60,19",-11.4%
SãoJoão,Indisponível,322.0,14,0.0,"Sorine Jet Baby 0,9% Solução Nasal 100ml Aché",0,0,0,0,0
SãoJoão,Disponível,322.0,13,7894916325691.0,Ondansetrona Volig 4mg 10 Comprimidos Orod Legrand,"6,99","6,99",-,"6,99",-
SãoJoão,Disponível,322.0,14,7897572005419.0,Hetori 60mg 7 Comprimidos revestidos Grunenthal (C1),"65,82","65,82",-,"65,82",-
SãoJoão,Disponível,322.0,12,7896094918481.0,Rizi 5Mg 10 Comprimidos Farmasa,"58,78","50,89",-13.4%,"50,89",-13.4%
SãoJoão,Disponível,322.0,14,7896006217480.0,Neocopan 10ml União Química,"15,49","15,49",-,"15,49",-
SãoJoão,Disponível,322.0,14,7896015510015.0,Clavulin Bd 875Mg 20 Comprimidos Revestidos Gsk,"177,27","177,27",-,"177,27",-
SãoJoão,Disponível,322.0,12,7896676406177.0,Dimorf 10mg 50 Comprimidos Cristália (A1),"58,23","49,79",-14.5%,"49,79",-14.5%
SãoJoão,Disponível,322.0,12,7896094904989.0,Digedrat 200Mg 30 Comprimidos Farmasa Mantecorp,"148,26","148,26",-,"148,26",-
SãoJoão,Indisponível,322.0,15,0.0,Lyberdia Gotas 40mg X 50ml,0,0,0,0,0
SãoJoão,Disponível,322.0,13,7899620915039.0,Nimesulida 100mg Genérico Globo Pharma 12 Comprimidos,"23,47","20,59",-12.3%,"20,59",-12.3%
SãoJoão,Disponível,322.0,13,7898029558809.0,Vastarel MR 35mg 30 Comprimidos Revestidos Servier,"100,61","81,09",-19.4%,"81,09",-19.4%
SãoJoão,Disponível,322.0,14,7896658005084.0,Nisulid Aché 12 Comprimidos,"73,99","64,39",-13.0%,"64,39",-13.0%
SãoJoão,Disponível,322.0,12,7896083412365.0,Canabidiol 200mg/ml 30ml Herbarium (B1),"2184,05","1600,00",-26.7%,"1600,00",-26.7%
SãoJoão,Disponível,322.0,13,7896523212319.0,Simeticona 75ml Sabor Cereja Genérico Prati Gotas 15ml,"5,99","5,19",-13.4%,"5,19",-13.4%
SãoJoão,Disponível,322.0,15,8902220107793.0,Serenata 50mg 30 Comprimidos Torrent (C1),"110,64","91,49",-17.3%,"91,49",-17.3%
SãoJoão,Disponível,322.0,14,7897076912299.0,Nortriptilina 50mg 30 Comprimidos Genéricos Ranbaxy (C1),"62,47","51,89",-16.9%,"51,89",-16.9%
SãoJoão,Disponível,322.0,13,7896094927858.0,Estomazil Pó 100g Abacaxi Hypera Pharma,"28,16","28,16",-,"28,16",-
SãoJoão,Disponível,322.0,12,7896006290667.0,Ster Suspensão Oftálmico 10ml,"53,16","46,89",-11.8%,"46,89",-11.8%
SãoJoão,Disponível,322.0,12,7896658039430.0,Loratadina + Pseudoefedrina Xarope 60ml Genérico Biosintética,"49,74","45,39",-8.7%,"45,39",-8.7%
SãoJoão,Disponível,322.0,15,7896523201504.0,Figmed 200mg 30 Cápsulas Cimed,"49,90","26,79",-46.3%,"26,79",-46.3%
SãoJoão,Disponível,322.0,15,7896658024153.0,Regressa 16mg 30 Cápsulas Aché (C1),"115,09","94,99",-17.5%,"94,99",-17.5%
SãoJoão,Disponível,322.0,14,7898148291182.0,Prednisona Genérico Prati 20 Comprimidos 20 mg,"28,45","24,49",-13.9%,"24,49",-13.9%
SãoJoão,Disponível,322.0,13,7896658049361.0,Decongex Plus 12mg/15mg 12 Comprimidos Aché,"64,93","64,93",-,"64,93",-
SãoJoão,Disponível,322.0,14,7896658017582.0,"Axonium 2,5mg 30 Comprimidos Aché (C1)","74,98","60,99",-18.7%,"60,99",-18.7%
SãoJoão,Disponível,322.0,13,7896676403923.0,Revia 50mg 30 Comprimidos Revestidos Cristália (C1),"192,30","153,84",-20.0%,"153,84",-20.0%
SãoJoão,Disponível,322.0,13,7896548168745.0,Azopt 1% 5ml Colírio Alcon,"109,88","87,39",-20.5%,"87,39",-20.5%
SãoJoão,Disponível,322.0,13,7896637024525.0,Colidis Solução Oral 5ml,"212,66","170,13",-20.0%,"170,13",-20.0%
SãoJoão,Disponível,322.0,14,7897076923530.0,Sitagliptina 25mg 30 Comprimidos Revestidos Genérico Ranbaxy,"56,03","56,03",-,"56,03",-
SãoJoão,Disponível,322.0,14,7896112144816.0,Metoclopramida Solução Oral 10ml Genérico Teuto,"7,40","7,40",-,"7,40",-
SãoJoão,Indisponível,321.0,12,0.0,Pastilhas Mastigáveis Eno sabor Menta 8 pastilhas,0,0,0,0,0
SãoJoão,Disponível,321.0,13,7896004708607.0,Tramadol 100mg 10ml Genérico Neo Química (A2),"97,72","79,90",-18.2%,"79,90",-18.2%
SãoJoão,Disponível,321.0,16,7896637033954.0,Atentah 18mg 30 Cápsulas Apsen (C1),"58,93","50,49",-14.3%,"50,49",-14.3%
SãoJoão,Disponível,321.0,13,7896212425150.0,Pamelor 75mg 30 Comprimidos Cellera (C1),"124,37","107,69",-13.4%,"107,69",-13.4%
SãoJoão,Disponível,321.0,13,7890282800695.0,Hidrion 30 Comprimidos Gross,"41,53","35,59",-14.3%,"35,59",-14.3%
SãoJoão,Disponível,321.0,13,7896004784083.0,Bilastina 20mg Genérico EMS 30 Comprimidos,"90,64","49,90",-44.9%,"49,90",-44.9%
SãoJoão,Disponível,321.0,12,7891142156020.0,Fluir 12mcg 30 Cápsulas + Inalador Mantecorp Log d,"89,79","89,79",-,"89,79",-
SãoJoão,Disponível,321.0,14,7898430194115.0,"Refil Nasoar XT 0,9% 15 Envelopes","78,99","78,99",-,"78,99",-
SãoJoão,Disponível,321.0,12,7896676435658.0,Lumigan RC Solução Oftálmica 3ml,"56,64","50,29",-11.2%,"50,29",-11.2%
SãoJoão,Disponível,321.0,13,7899547520408.0,Clobetasol Solução 50g Genérico Prati,"49,75","42,29",-15.0%,"42,29",-15.0%
SãoJoão,Disponível,321.0,14,7897004711062.0,Aripiprazol 10mg Genérico Sandoz 30 Comprimidos (C1),"296,67","129,90",-56.2%,"129,90",-56.2%
SãoJoão,Disponível,321.0,14,7896112411413.0,"Novanlo 2,5mg 60 Comprimidos Biolab","89,58","89,58",-,"89,58",-
SãoJoão,Disponível,321.0,14,7896269900631.0,Pomada DermatológicaTrok  30g,"50,72","50,72",-,"50,72",-
SãoJoão,Disponível,321.0,13,7896112402497.0,Bhena 10mg 30 Comprimidos Revestidos Biolab,"85,15","71,19",-16.4%,"71,19",-16.4%
SãoJoão,Disponível,321.0,14,7899547544558.0,Anlodipino 5mg 60 Comprimidos Genérico Prati-Donaduzzi,"32,61","17,99",-44.8%,"17,99",-44.8%
SãoJoão,Disponível,321.0,13,619205443682.0,Extrato de Cannabis Sativa 200mg/ml 10ml Aura Pharma (B1),"279,00","279,00",-,"279,00",-
SãoJoão,Disponível,321.0,13,7898040329648.0,Zyloric 100mg 30 Cápsulas,"56,58","48,09",-15.0%,"48,09",-15.0%
SãoJoão,Disponível,321.0,13,7896094922037.0,Alektos 20Mg 30 Comprimidos Takeda,"134,29","113,29",-15.6%,"113,29",-15.6%
SãoJoão,Disponível,321.0,12,7896658049019.0,Frontlev 500mg 60 Comprimidos Revestidos Aché (C1),"152,00","152,00",-,"152,00",-
SãoJoão,Disponível,321.0,14,7897005870119.0,Eparema 10ml 12 Frascos Hypera Pharma,"5,19","4,79",-7.7%,"4,79",-7.7%
SãoJoão,Disponível,321.0,13,7891721000614.0,Glifage 500mg 30 Comprimidos Revestidos Merck,"29,99","29,99",-,"29,99",-
SãoJoão,Disponível,321.0,12,7896112141693.0,Baclofen 10Mg 20 Comprimidos Teuto,"24,90","21,09",-15.3%,"21,09",-15.3%
SãoJoão,Disponível,321.0,14,7896004785660.0,Rusovas 5mg 60 Comprimidos Revestidos Germed,"129,06","103,89",-19.5%,"103,89",-19.5%
SãoJoão,Disponível,321.0,12,7896094928411.0,Duxxen 30mg 60 Cápsulas Hypera (C1),"99,40","82,19",-17.3%,"82,19",-17.3%
SãoJoão,Disponível,321.0,14,7896004706795.0,Losartana 50mg Genérico Cimed 30 Comprimidos Revestidos,"21,73","3,90",-82.1%,"3,90",-82.1%
SãoJoão,Disponível,321.0,12,7892953208021.0,"Condroflex 1,5g + 1,2g Sabor Limão 60 Sachês","291,03","232,82",-20.0%,"232,82",-20.0%
SãoJoão,Disponível,321.0,13,7896523205335.0,Permetrina Pediletan Cimed 60ml,"27,90","27,90",-,"27,90",-
SãoJoão,Disponível,321.0,13,7896094201460.0,Natifa 1mg 28 Comprimidos Libbs,"75,20","62,09",-17.4%,"62,09",-17.4%
SãoJoão,Disponível,321.0,13,7896094920736.0,Aviv 100mg 30 Comprimidos Revestidos Hypera Pharma (C1),"90,27","90,27",-,"90,27",-
SãoJoão,Indisponível,320.0,14,0.0,Alurax 2mg 90ml Spray GSK,0,0,0,0,0
SãoJoão,Disponível,320.0,12,7896004715902.0,Neomicina + Bacitracina Pomada Dermatológica 15g Genérico EMS,"15,06","10,49",-30.3%,"10,49",-30.3%
SãoJoão,Disponível,320.0,13,7896094928909.0,Estomazil Leite de Magnésia 100ml Hypera Pharma,"15,31","12,25",-20.0%,"12,25",-20.0%
SãoJoão,Disponível,320.0,13,7898133139253.0,Hidralyte Água de Coco Solução Oral 500ml,"18,90","18,90",-,"18,90",-
SãoJoão,Disponível,320.0,14,7897411602205.0,Thioctacid HR 600mg 30 Comprimidos Revestidos Mylan,"147,06","123,49",-16.0%,"123,49",-16.0%
SãoJoão,Disponível,320.0,12,7891721202810.0,Levotiroxina Sódica 50mcg Genérico Merck 30 Comprimidos,"13,02","13,02",-,"13,02",-
SãoJoão,Disponível,320.0,13,7891317485313.0,Tamiram 750mg 5 Comprimidos Revestidos Eurofarma,"132,12","110,99",-16.0%,"110,99",-16.0%
SãoJoão,Disponível,320.0,12,7896015521684.0,Gastrol Abacaxi Pó Efervescente 1 Envelope de 5g,"4,29","4,29",-,"4,29",-
SãoJoão,Disponível,320.0,12,7894916509831.0,"Dalyne 3mg/0,03mg 63 Comprimidos Revestidos","121,67","100,89",-17.1%,"100,89",-17.1%
SãoJoão,Disponível,320.0,14,7896523227184.0,Omeprazol Genérico Cimed 20mg 28 Cápsulas,"29,69","10,99",-63.0%,"10,99",-63.0%
SãoJoão,Disponível,320.0,14,7896641809026.0,Dexilant 60mg 30 Cápsulas,"128,20","104,29",-18.7%,"104,29",-18.7%
SãoJoão,Disponível,320.0,13,7896112181729.0,Omeprazol 20mg 56 Cápsulas Genérico Teuto,"43,44","26,09",-39.9%,"26,09",-39.9%
SãoJoão,Disponível,320.0,13,7891317014155.0,Atak Clav 875+125mg 20 Comprimidos Momenta,"98,64","84,39",-14.4%,"84,39",-14.4%
SãoJoão,Disponível,320.0,16,7898040321291.0,"Marevan 7,5mg 30 Comprimidos FQM","52,15","43,69",-16.2%,"43,69",-16.2%
SãoJoão,Disponível,320.0,13,7896016807251.0,Onglyza 5mg 28 Comprimidos Revestidos AstraZeneca,"177,06","141,65",-20.0%,"141,65",-20.0%
SãoJoão,Disponível,320.0,16,7896658008764.0,Levoid 50mcg 30 Comprimidos Aché,"20,68","18,79",-9.1%,"18,79",-9.1%
SãoJoão,Indisponível,320.0,13,0.0,"Advipro 11,6mg 85ml Spray GSK",0,0,0,0,0
SãoJoão,Disponível,320.0,13,7891317025236.0,Pilox 50mg/ml Solução 50ml Momenta,"69,77","55,82",-20.0%,"55,82",-20.0%
SãoJoão,Disponível,320.0,16,7891317008994.0,Dipropionato de Betametasona + Fosfato Dissódico de Betametasona Injetável Genérico Eurofarma,"29,76","26,09",-12.3%,"26,09",-12.3%
SãoJoão,Indisponível,320.0,14,0.0,LuftaGastro Sachê Líquido - 12 Sachês de 10ml,0,0,0,0,0
SãoJoão,Disponível,320.0,12,7896637032209.0,Probid 30 Cápsulas,"135,90","135,90",-,"135,90",-
SãoJoão,Disponível,320.0,12,7896637022842.0,Jardiance 10mg 30 Comprimidos Revestidos,"69,89","40,90",-41.5%,"40,90",-41.5%
SãoJoão,Disponível,320.0,12,7891317010478.0,Edistride 10mg 30 Comprimidos,"216,30","174,39",-19.4%,"174,39",-19.4%
SãoJoão,Disponível,320.0,14,7896004726069.0,Drozolamina Solução Oftálmica 2% 5ml Genérico EMS,"81,37","63,99",-21.4%,"63,99",-21.4%
SãoJoão,Disponível,320.0,12,7896112411413.0,Livalo 4mg 60 Comprimidos Biolab,"89,58","89,58",-,"89,58",-
SãoJoão,Disponível,320.0,13,7892953208625.0,Symdulor Sl Adium 10mg 20 Comprimidos,"68,64","27,46",-60.0%,"27,46",-60.0%
SãoJoão,Disponível,320.0,14,7896015560034.0,Sal de Fruta Eno Laranja 2 Envelopes com 5g cada,"4,29","4,29",-,"4,29",-
SãoJoão,Disponível,320.0,13,7896004726151.0,Tobramicina 3mg/ml Genérico Germed,"25,73","25,73",-,"25,73",-
SãoJoão,Disponível,320.0,14,618231025725.0,Nutravitta Lino Plus 120 Cápsulas,"94,90","94,90",-,"94,90",-
SãoJoão,Disponível,320.0,12,7898074614857.0,Varicell 500mg 30 Comprimidos,"66,32","59,49",-10.3%,"59,49",-10.3%
SãoJoão,Disponível,320.0,14,7891317032401.0,Deksametasona Supera 30mg 30 Cápsulas Revestidas Supera (A3),"290,56","290,56",-,"290,56",-
SãoJoão,Disponível,320.0,13,7894916514538.0,Moriale ODT 10mg 60 Comprimidos Orodispersíveis Sigma Pharma (C1),"178,02","178,02",-,"178,02",-
SãoJoão,Disponível,320.0,14,7891010256401.0,Motilium 10mg 90 Comprimidos,"91,14","79,69",-12.6%,"79,69",-12.6%
SãoJoão,Disponível,320.0,14,7896548197608.0,Travatan Bak-Free 5Ml Novartis,"376,30","376,30",-,"376,30",-
SãoJoão,Disponível,320.0,13,7896658002212.0,Femina 150mcg/20mcg 63 Comprimidos Revestidos,"100,10","82,49",-17.6%,"82,49",-17.6%
SãoJoão,Disponível,320.0,13,7894916550062.0,Propranolol 80mg 30 Comprimidos Sigma,"27,72","24,19",-12.7%,"24,19",-12.7%
SãoJoão,Disponível,320.0,13,8903855083049.0,Seizla 100mg 30 Comprimidos Revestidos Torrent (C1),"145,37","145,37",-,"145,37",-
SãoJoão,Disponível,320.0,13,8902220114845.0,Olmecor 20mg 30 Comprimidos Revestidos Torrent,"54,16","45,09",-16.7%,"45,09",-16.7%
SãoJoão,Disponível,320.0,14,7896523206110.0,Manivasc 10Mg 28 Omprimidos Chiesi,"14,90","14,90",-,"14,90",-
SãoJoão,Disponível,320.0,12,7896083402625.0,Imunoflan Xarope 120ml,"135,31","114,49",-15.4%,"114,49",-15.4%
SãoJoão,Disponível,320.0,12,7898154460183.0,Dimetilpolisiloxane Sol 10ml Ophthalmos,"100,99","100,99",-,"100,99",-
SãoJoão,Disponível,319.0,13,7891268101782.0,Depo-Provera Suspensão Injetável 150mg 1x1ml com Seringa Preenchida Pfizer,"63,77","55,19",-13.5%,"55,19",-13.5%
SãoJoão,Disponível,319.0,16,7891317132453.0,Ritalina LP 10mg 30 Cápsulas Gelatinosas,"134,48","107,59",-20.0%,"107,59",-20.0%
SãoJoão,Disponível,319.0,13,7896181904441.0,Busonid 200mcg 60 Cápsulas Inalador Aché,"67,20","67,20",-,"67,20",-
SãoJoão,Disponível,319.0,14,7896261018860.0,Ultibro 110+50Mcg 30 Cápsulas+Inalador Novartis,"371,57","371,57",-,"371,57",-
SãoJoão,Disponível,319.0,13,7896094930391.0,Rinosoro Alto Volume 30 Sachês + Frasco 250ml Farmasa,"54,62","51,09",-6.5%,"51,09",-6.5%
SãoJoão,Disponível,319.0,14,7896004706375.0,"Clortalidona Genérico EMS 12,5mg 60 Comprimidos","21,81","19,19",-12.0%,"19,19",-12.0%
SãoJoão,Disponível,319.0,13,7896206401146.0,Atacand 16Mg 30 Cápsulas Astrazeneca,"179,79","179,79",-,"179,79",-
SãoJoão,Disponível,319.0,13,7896004727233.0,Ciclopirox Olamina 15ml Genérico EMS,"35,56","32,29",-9.2%,"32,29",-9.2%
SãoJoão,Disponível,319.0,12,7896004716176.0,Hidroclorotiazida 25mg Genérico Prati 30 Comprimidos,"9,94","1,25",-87.4%,"1,25",-87.4%
SãoJoão,Disponível,319.0,14,7897595611178.0,Candesartana Cilexetila 16mg Genérico Sandoz 30 Comprimidos,"115,86","77,99",-32.7%,"77,99",-32.7%
SãoJoão,Disponível,319.0,13,7899547514131.0,"Pramipexol 0,125mg 30 Comprimidos Genérico Prati-Donaduzzi (C1)","30,19","16,99",-43.7%,"16,99",-43.7%
SãoJoão,Disponível,319.0,15,7896070600799.0,Flagyl 400mg 24 Comprimidos Sanofi-Aventis,"38,69","35,39",-8.5%,"35,39",-8.5%
SãoJoão,Disponível,319.0,12,7898943707147.0,Ateroma 40mg 30 Comprimidos Revestidos Supera,"192,84","192,84",-,"192,84",-
SãoJoão,Disponível,319.0,14,7897322701486.0,Magnopyrol Farmasa 10ml,"26,17","26,17",-,"26,17",-
SãoJoão,Indisponível,319.0,16,0.0,Pantogar Resist Silício 10g 30 Sachês,0,0,0,0,0
SãoJoão,Disponível,319.0,14,7891158103155.0,Luvox 100mg 60 Comprimidos Revestidos Abbott (C1),"707,84","707,84",-,"707,84",-
SãoJoão,Disponível,319.0,13,7896226500362.0,Prolopa HBS 100mg/25mg 30 Cápsulas Duras,"96,38","79,19",-17.8%,"79,19",-17.8%
SãoJoão,Disponível,319.0,13,7896523210926.0,Glimepirida 2mg Genérico Cimed 30 Comprimidos,"36,48","19,90",-45.4%,"19,90",-45.4%
SãoJoão,Indisponível,319.0,13,0.0,Clenil HFA 50 mcg Spray 200 Doses Chiesi,0,0,0,0,0
SãoJoão,Indisponível,319.0,12,0.0,Nevralpro Gel 60g Cimed,0,0,0,0,0
SãoJoão,Disponível,319.0,14,7896026304245.0,Glyxambi 10+5mg 30 Comprimidos Boehringer,"239,18","192,49",-19.5%,"192,49",-19.5%
SãoJoão,Disponível,319.0,14,7891721012976.0,Roxflan 10mg 30 Comprimidos Merck,"61,30","61,30",-,"61,30",-
SãoJoão,Disponível,319.0,12,7896422502559.0,Pyloripac 7 Cartelas Medley,"262,61","262,61",-,"262,61",-
SãoJoão,Disponível,319.0,13,7891106905961.0,"Microvlar 0,15mg/0,03mg 21 Drágueas","10,95","10,95",-,"10,95",-
SãoJoão,Indisponível,319.0,14,0.0,"Condroflex Abacaxi Pó para Solução Oral 30 Sachês de 4,135g",0,0,0,0,0
SãoJoão,Disponível,319.0,12,7896004700038.0,Paracetamol Solução Oral 15ml Genérico EMS,"12,06","4,49",-62.8%,"4,49",-62.8%
SãoJoão,Disponível,319.0,13,7896714292496.0,Levetiracetam 250Mg 60 Comprimidos Revestidos Genérico Neo Quimica (C1),"266,35","266,35",-,"266,35",-
SãoJoão,Disponível,319.0,13,7896523212685.0,Nimesulida 100mg Genérico Cimed 12 Comprimidos,"25,22","5,69",-77.4%,"5,69",-77.4%
SãoJoão,Disponível,319.0,13,7896658003561.0,Decongex Plus Gotas 20ml Aché,"41,83","37,39",-10.6%,"37,39",-10.6%
SãoJoão,Disponível,319.0,12,7896269900631.0,Pomada Dermatológica Trok G  30g,"50,72","50,72",-,"50,72",-
SãoJoão,Disponível,319.0,13,7898916521923.0,Natucler 10ml Abacaxi Natulab Avulso,"1,99","1,99",-,"1,99",-
SãoJoão,Disponível,319.0,15,7898582382408.0,Nebido 250Mg/Ml Injetavel Ampola 4Ml Bayer (C5),"854,05","683,24",-20.0%,"683,24",-20.0%
SãoJoão,Disponível,319.0,14,7899824400935.0,Precol Intoliv Gotas 30ml Arese,"131,18","131,18",-,"131,18",-
SãoJoão,Disponível,319.0,12,7891317003067.0,"Tâmisa 0,06mg/0,015mg 28 Comprimidos Revestidos","30,48","26,99",-11.5%,"26,99",-11.5%
SãoJoão,Disponível,319.0,12,5702150142948.0,Lexapro 10mg 30 Comprimidos Lundbeck (C1),"306,07","254,99",-16.7%,"254,99",-16.7%
SãoJoão,Disponível,319.0,13,7896658016677.0,Brasart 160mg 30 Comprimidos Revestidos,"51,29","41,49",-19.1%,"41,49",-19.1%
SãoJoão,Disponível,319.0,14,7896094207516.0,"Elani 3mg/0,03mg 28 Comprimidos Revestidos","95,76","78,89",-17.6%,"78,89",-17.6%
SãoJoão,Disponível,319.0,13,7898216365449.0,"Pomada Aciclovir Oftálmica 4,5g Genérico Pharlab","90,01","74,39",-17.4%,"74,39",-17.4%
SãoJoão,Disponível,318.0,13,5702191025583.0,Advantan Creme Dermatológico 15g,"76,02","67,39",-11.4%,"67,39",-11.4%
SãoJoão,Disponível,318.0,12,7896004723020.0,Ácido Tranexâmico 250mg Genérico EMS 12 Comprimidos,"55,50","48,99",-11.7%,"48,99",-11.7%
SãoJoão,Disponível,318.0,13,7898996084707.0,"Extrato Cannabis Sativa Greencare 79,14mg/ml 30ml","989,00","989,00",-,"989,00",-
SãoJoão,Indisponível,318.0,13,0.0,Capy 50mg Solução 2 Frascos 50ml,0,0,0,0,0
SãoJoão,Disponível,318.0,14,7896112143659.0,Naproxeno Teuto 500mg 20 Comprimidos,"40,90","36,69",-10.3%,"36,69",-10.3%
SãoJoão,Disponível,318.0,12,7898549755627.0,"Cor-Select 2,5mg 30 Comprimidos Biolab","77,84","77,84",-,"77,84",-
SãoJoão,Disponível,318.0,13,7899095202351.0,Sensilacri 15ml,"24,13","24,13",-,"24,13",-
SãoJoão,Disponível,318.0,13,7896637033046.0,Rahime 8mg 30 Comprimidos Apsen (C1),"106,51","87,59",-17.8%,"87,59",-17.8%
SãoJoão,Disponível,318.0,12,7896015516659.0,"Avodart 0,5mg 90 Cápsulas GSK","428,57","428,57",-,"428,57",-
SãoJoão,Disponível,318.0,14,5702157141951.0,Brintellix 10mg 30 Comprimidos Lundbeck (C1),"377,71","377,71",-,"377,71",-
SãoJoão,Disponível,318.0,12,8903855085357.0,Lipitor 40mg 30 Comprimidos Upjohn,"208,22","208,22",-,"208,22",-
SãoJoão,Disponível,318.0,13,7897316806609.0,Ganfort UD 4Ml 30 Flaconetes Allergan,"110,67","110,67",-,"110,67",-
SãoJoão,Disponível,318.0,12,7898569763732.0,Irritratil 200mg 30 Cápsulas Gel,"88,79","74,19",-16.4%,"74,19",-16.4%
SãoJoão,Disponível,318.0,13,7896422504256.0,Diclofenaco Dietilamônio 10mg/g Gel Dermatológico Genérico Medley 60g,"22,31","16,99",-23.8%,"16,99",-23.8%
SãoJoão,Disponível,318.0,13,7896004715322.0,Alendronato de Sódio 70mg 4 Comprimidos Genérico Novartis,"100,50","8,07",-92.0%,"8,07",-92.0%
SãoJoão,Disponível,318.0,15,7896637024358.0,"Colchis 0,5mg 30 Comprimidos Apsen","83,67","83,67",-,"83,67",-
SãoJoão,Disponível,318.0,15,7899551301673.0,Zimiex 10mg 30 Comprimidos Merck,"52,36","52,36",-,"52,36",-
SãoJoão,Disponível,318.0,14,7896112148715.0,Omeprazol 20mg 28 Cápsulas Genérico Teuto,"33,16","28,39",-14.4%,"28,39",-14.4%
SãoJoão,Disponível,318.0,15,7896523201535.0,Succinato De Metoprolol 50mg Genérico Medley 30 Comprimidos Revestidos,"62,87","35,90",-42.9%,"35,90",-42.9%
SãoJoão,Disponível,318.0,13,7896090611508.0,Sonrisal Tradicional 10 Comprimidos Efervescentes,"15,86","12,99",-18.1%,"12,99",-18.1%
SãoJoão,Indisponível,318.0,13,0.0,Spidufen 600mg + 555mg Menta 3g 10 Envelopes,0,0,0,0,0
SãoJoão,Disponível,318.0,12,7898216371037.0,Manidipino 10mg 30 Comprimidos Genérico Pharlab,"52,67","36,59",-30.5%,"36,59",-30.5%
SãoJoão,Disponível,318.0,14,7896181927846.0,Oxene 10mg 30 Comprimidos Biosintética,"74,56","59,65",-20.0%,"59,65",-20.0%
SãoJoão,Disponível,318.0,13,7894916501804.0,Gynazole-1 Creme Ginecológico 5g,"103,84","90,89",-12.5%,"90,89",-12.5%
SãoJoão,Disponível,318.0,12,7896094921269.0,Coledue-R 10mg + 10mg 30 Cápsulas Dura,"79,96","65,89",-17.6%,"65,89",-17.6%
SãoJoão,Disponível,317.0,13,7899547501100.0,"Indapamida 1,5mg 30 Comprimidos Revestidos Genérico Prati-Donaduzzi","88,26","22,49",-74.5%,"22,49",-74.5%
SãoJoão,Disponível,317.0,15,7896004713007.0,Topiramato 100mg 60 Comprimidos Revestidos Genérico EMS (C1),"289,15","104,89",-63.7%,"104,89",-63.7%
SãoJoão,Indisponível,317.0,14,0.0,"Trol Par 37,5+325mg 20 Cápsulas Supera (A2)",0,0,0,0,0
SãoJoão,Disponível,317.0,12,7896094200968.0,Cebrilin 20mg 30 Comprimidos Liberação LIBBS (C1),"225,20","225,20",-,"225,20",-
SãoJoão,Disponível,317.0,15,7896004702452.0,Albendazol Suspensão Oral 40mg/ml 10ml Genérico EMS,"13,59","12,39",-8.8%,"12,39",-8.8%
SãoJoão,Disponível,317.0,13,7894916509190.0,Escilex 10Mg 60 Comprimidos Revestidos Sigma Pharma (C1),"120,54","100,49",-16.6%,"100,49",-16.6%
SãoJoão,Disponível,317.0,12,7891268148923.0,Olmetec Anlo 20 + 5mg 30 Comprimidos Pfizer,"163,39","163,39",-,"163,39",-
SãoJoão,Disponível,317.0,12,7896206402082.0,"Atacand HCT 16mg/12,5mg 30 Comprimidos","178,68","178,68",-,"178,68",-
SãoJoão,Disponível,317.0,14,7896181900115.0,"Corus H 50mg/12,5mg 30 Comprimidos Revestidos","76,95","76,95",-,"76,95",-
SãoJoão,Disponível,317.0,15,7898244720234.0,Marevan 5mg 30 Comprimidos FQM,"34,81","30,29",-13.0%,"30,29",-13.0%
SãoJoão,Disponível,317.0,13,7891317455040.0,Domperix 10mg 30 Comprimidos Eurofarma,"31,03","27,59",-11.1%,"27,59",-11.1%
SãoJoão,Disponível,317.0,12,7898577810817.0,Emprol XR 100mg 30 Comprimidos Revestidos Hypermarcas,"112,13","112,13",-,"112,13",-
SãoJoão,Disponível,317.0,13,7898687732863.0,Zolpidem 5mg 30 Comprimidos Sublinguais Genérico Althaia (B1),"72,15","54,90",-23.9%,"54,90",-23.9%
SãoJoão,Disponível,317.0,12,7896094931213.0,Nesina 25mg 60 Comprimidos Revestidos Hypera,"308,55","308,55",-,"308,55",-
SãoJoão,Disponível,317.0,13,7898040322441.0,Dolamin Flex 125 + 5mg 12 Comprimidos Revestidos FQM,"53,60","53,60",-,"53,60",-
SãoJoão,Disponível,317.0,12,7896637023979.0,Donaren 100mg 30 Comprimidos Apsen (C1),"132,71","132,71",-,"132,71",-
SãoJoão,Disponível,317.0,13,7891142982384.0,Alivium 400mg 8 Cápsulas Moles,"27,15","27,15",-,"27,15",-
SãoJoão,Disponível,317.0,15,7891142982407.0,Alivium 400mg 3 Cápsulas Mantecorp AV*,"33,08","33,08",-,"33,08",-
SãoJoão,Disponível,317.0,14,7891317024284.0,Rybelsus 3mg 30 Comprimidos,"87,89","87,89",-,"87,89",-
SãoJoão,Disponível,317.0,13,8902220114142.0,"Iccor 1,25mg 30 Comprimidos Revestidos Torrent","55,28","55,28",-,"55,28",-
SãoJoão,Disponível,317.0,13,7.0,"Vacina Meningocócica B Bexsero AD/PED Injetável 1 Seringa Preenchida 0,5 ml GSK + Aplicação","175,00","175,00",-,"175,00",-
SãoJoão,Disponível,317.0,12,7896269900617.0,Trok-N Creme Dermatológico 30g,"49,35","49,35",-,"49,35",-
SãoJoão,Disponível,317.0,13,7897316805688.0,Solução Oftálmica Zymar XD 5ml Allergan,"91,13","78,09",-14.3%,"78,09",-14.3%
SãoJoão,Disponível,317.0,13,7894916508506.0,"Concárdio 2,5mg 30 Comprimidos Revestidos","68,82","68,82",-,"68,82",-
SãoJoão,Disponível,317.0,14,7896227800041.0,Salonpas Aerossol Solução Dermatológica 80ml,"51,98","51,98",-,"51,98",-
SãoJoão,Disponível,317.0,14,7896548112229.0,"Drenatan Solução Oftálmica 2,5ml","22,17","19,69",-11.2%,"19,69",-11.2%
SãoJoão,Disponível,317.0,12,7896006297758.0,Depzel 10mg 30 Comprimidos Genérico GENOM (C1),"64,70","64,70",-,"64,70",-
SãoJoão,Disponível,317.0,12,7891317038878.0,Dimesilato de Lisdexanfetamina 50mg 30 Cápsulas Genérico Eurofarma (A3),"381,12","199,00",-47.8%,"199,00",-47.8%
SãoJoão,Disponível,317.0,14,7896094209633.0,Ansitec 10mg 60 Comprimidos Libbs (C1),"213,16","170,53",-20.0%,"170,53",-20.0%
SãoJoão,Disponível,317.0,14,7896523213408.0,Levofloxacino 500mg Genérico Cimed 7 Comprimidos Revestidos,"93,61","39,90",-57.4%,"39,90",-57.4%
SãoJoão,Disponível,317.0,13,7893093083882.0,PreviGrip 20g Weleda,"111,49","111,49",-,"111,49",-
SãoJoão,Disponível,317.0,15,7896658021527.0,Flagass 125Mg 10 Cápsulas Ache,"33,87","30,79",-9.1%,"30,79",-9.1%
SãoJoão,Disponível,317.0,12,7898927111014.0,Sédatif PC 60 Comprimidos,"105,49","105,49",-,"105,49",-
SãoJoão,Disponível,316.0,13,5702191025521.0,Acheflan Creme 60g Aché,"92,63","81,69",-11.8%,"81,69",-11.8%
SãoJoão,Disponível,316.0,13,7898037080019.0,Complexo Homeopático Almeida Prado 01 60 Comprimidos,"33,99","33,99",-,"33,99",-
SãoJoão,Disponível,316.0,13,7896676438277.0,Gino Dermazine 30G 6 Aplicações Silvestre,"52,63","52,63",-,"52,63",-
SãoJoão,Disponível,316.0,13,7897595635020.0,Estradot 100mcg 8 Sistemas Sandoz,"203,37","162,70",-20.0%,"162,70",-20.0%
SãoJoão,Disponível,316.0,13,7896094201811.0,Naprix A 10mg+5mg 30 Cápsulas Libbs,"78,33","63,49",-18.9%,"63,49",-18.9%
SãoJoão,Disponível,316.0,13,7896658035791.0,Flogoral Menta 8 Pastilhas Aché,"14,62","14,62",-,"14,62",-
SãoJoão,Disponível,316.0,13,7897337702089.0,Maxalt 10mg 2 Comprimidos Supera,"37,67","32,59",-13.5%,"32,59",-13.5%
SãoJoão,Disponível,316.0,12,7896004723570.0,Domperidona 10mg 60 Comprimidos Genérico EMS,"45,86","39,89",-13.0%,"39,89",-13.0%
SãoJoão,Disponível,316.0,12,7896004789576.0,Flebon 50mg 30 Comprimidos,"117,12","95,79",-18.2%,"95,79",-18.2%
SãoJoão,Indisponível,316.0,13,0.0,Pomada Esperson 20g Aventis,0,0,0,0,0
SãoJoão,Disponível,316.0,13,7896181901150.0,Ciclobenzaprina 10mg 30 Comprimidos Revestidos Genérico Biosintético,"18,97","17,79",-6.2%,"17,79",-6.2%
SãoJoão,Disponível,316.0,12,7896004791111.0,Olmesartana 40mg 30 Comprimidos Revestidos Genérico Eurofarma,"57,01","41,90",-26.5%,"41,90",-26.5%
SãoJoão,Disponível,316.0,13,7896658050572.0,Canabidiol 100mg/ml 10ml Aché (B1),"465,93","465,93",-,"465,93",-
SãoJoão,Disponível,316.0,13,7896006201564.0,Climene Genom 2+2+1mg 21 Drágeas,"42,21","36,09",-14.5%,"36,09",-14.5%
SãoJoão,Disponível,316.0,13,7896523200101.0,"Valsartana 320mg + 12,5mg 30 Comprimidos Revestidos Genérico Torrent","78,26","47,49",-39.3%,"47,49",-39.3%
SãoJoão,Disponível,316.0,13,7897129304811.0,Aloxidil 50mg/ml Sol Capi 60ml 3 Unidades Theraskin,"149,61","149,61",-,"149,61",-
SãoJoão,Disponível,316.0,12,7896112136385.0,Cetoprofeno 20mg/ml Genérico Teuto Solução Oral 20ml,"20,17","20,17",-,"20,17",-
SãoJoão,Disponível,316.0,13,7896004767130.0,Zolpidem Genérico EMS 10mg 30 Comprimidos Revestidos (B1),"80,49","19,90",-75.3%,"19,90",-75.3%
SãoJoão,Disponível,316.0,14,7896658025013.0,Bravan Duo 320+10mg 30 Comprimidos Revestidos Aché,"114,71","114,71",-,"114,71",-
SãoJoão,Disponível,316.0,13,7898040321512.0,Annita 500mg 6 Comprimidos,"79,37","68,19",-14.1%,"68,19",-14.1%
SãoJoão,Disponível,316.0,13,7891142982889.0,Predsim 10mg 10 Comprimidos Mantecorp,"22,17","20,39",-8.0%,"20,39",-8.0%
SãoJoão,Disponível,316.0,14,5702191025590.0,Advantan Gotas Leofarma 20ml,"97,37","85,39",-12.3%,"85,39",-12.3%
SãoJoão,Disponível,316.0,13,7896658036392.0,ProHN 50mg com 30 Cápsulas,"146,99","146,99",-,"146,99",-
SãoJoão,Indisponível,316.0,15,0.0,Florate 5Ml Mundipharma,0,0,0,0,0
SãoJoão,Disponível,316.0,14,7897595634887.0,Piotaz 30mg 30 Comprimidos Germed,"186,71","186,71",-,"186,71",-
SãoJoão,Disponível,316.0,12,7898906376663.0,Keflex 250Mg Suspensão 100Ml Bago,"116,58","104,39",-10.5%,"104,39",-10.5%
SãoJoão,Disponível,316.0,14,7898029551848.0,Flavenos 900mg + 100mg 30 Comprimidos Revestidos,"186,92","151,59",-18.9%,"151,59",-18.9%
SãoJoão,Disponível,316.0,13,7891268103243.0,Frontal XR Upjohn 1mg 30 Comprimidos (B1),"127,21","101,77",-20.0%,"101,77",-20.0%
SãoJoão,Disponível,316.0,13,7894916512992.0,Patz SL Sigma Pharma 5mg 30 Comprimidos (B1) Nova Embalagem,"152,80","152,80",-,"152,80",-
SãoJoão,Disponível,316.0,13,300651429374.0,Oftane Colírio 10mL Alcon,"72,99","72,99",-,"72,99",-
SãoJoão,Disponível,316.0,14,7896006214557.0,Cortigen  Creme 10mg 20g,"27,39","25,49",-6.9%,"25,49",-6.9%
SãoJoão,Disponível,316.0,13,7891142118073.0,Calminex Ice Aerossol 60g Hypera Pharma,"53,93","53,93",-,"53,93",-
SãoJoão,Disponível,315.0,12,7896658033582.0,Ekson Aché 100mg + 25mg 30 Comprimidos,"55,35","46,69",-15.6%,"46,69",-15.6%
SãoJoão,Disponível,315.0,12,7891317465650.0,Sedamed 30mg/300mg/30mg 20 Comprimidos Revestidos,"75,40","64,59",-14.3%,"64,59",-14.3%
SãoJoão,Disponível,315.0,13,7896004729435.0,Atorvastatina 20mg 30 Comprimidos Revestidos Genérico EMS,"87,01","26,90",-69.1%,"26,90",-69.1%
SãoJoão,Disponível,315.0,13,7897411602311.0,Jardiance 25mg 30 Comprimidos Revestidos,"233,23","186,58",-20.0%,"186,58",-20.0%
SãoJoão,Disponível,315.0,15,7891317466404.0,Forfig 200mg 20 Cápsulas Momenta,"141,24","141,24",-,"141,24",-
SãoJoão,Disponível,315.0,12,7896094207615.0,Reconter 20mg 30 Comprimidos Revestidos Libbs (C1),"232,02","186,59",-19.6%,"186,59",-19.6%
SãoJoão,Disponível,315.0,13,7896658015113.0,Fisioton 400mg 60 Comprimidos Aché,"217,88","198,49",-8.9%,"198,49",-8.9%
SãoJoão,Disponível,315.0,13,7896004716282.0,Paracetamol Bebê 100mg 15mL Genérico Germed,"24,62","20,50",-16.7%,"20,50",-16.7%
SãoJoão,Disponível,315.0,12,7896004712499.0,Doxazosina 2mg 30 Comprimidos Revestidos Genérico EMS,"54,07","24,90",-53.9%,"24,90",-53.9%
SãoJoão,Disponível,315.0,13,7894916502641.0,Azi 500mg 5 Comprimidos Revestidos Sigma Pharma,"45,40","40,09",-11.7%,"40,09",-11.7%
SãoJoão,Disponível,315.0,14,7896227800898.0,Salonpas Pequeno Adesivos Transdérmicos 10 Unidades,"11,04","11,04",-,"11,04",-
SãoJoão,Disponível,315.0,12,7891317017514.0,Lemont 10+5mg 7 Comprimidos Revestidos Eurofarma,"65,72","56,09",-14.7%,"56,09",-14.7%
SãoJoão,Disponível,315.0,12,7891317015992.0,Xarope Torante 200ml,"111,13","111,13",-,"111,13",-
SãoJoão,Disponível,315.0,17,7896004703275.0,Cefadroxila 500mg 8 Cápsulas Genérico Eurofarma,"69,83","58,39",-16.4%,"58,39",-16.4%
SãoJoão,Disponível,315.0,13,7898096578472.0,Deocil SL 10mg 30 Comprimidos Diffucap,"100,96","100,96",-,"100,96",-
SãoJoão,Disponível,315.0,12,7896094931428.0,Doril 10 Comprimidos Hypera Pharma,"26,86","23,11",-14.0%,"23,11",-14.0%
SãoJoão,Indisponível,315.0,13,0.0,Decongex Plus Xarope 120ml Aché,0,0,0,0,0
SãoJoão,Disponível,315.0,12,7898945030212.0,Maleato De Trimebutina 200mg Genérico Althaia 30 Cápsulas Gelatinosas Moles,"90,54","69,79",-22.9%,"69,79",-22.9%
SãoJoão,Disponível,315.0,13,7897316804742.0,Solução Oftálmica Acular LS 10ml Allergan,"153,63","153,63",-,"153,63",-
SãoJoão,Disponível,315.0,12,7896255766456.0,Vibral Gotas Abbott 10Ml,"25,32","23,29",-8.0%,"23,29",-8.0%
SãoJoão,Disponível,315.0,13,7896714291420.0,Bilastina 20mg 15 Comprimidos Revestidos Genérico Neo Química,"46,59","40,59",-12.9%,"40,59",-12.9%
SãoJoão,Disponível,315.0,12,7896004752228.0,Trazodona 100mg 30 Comprimidos Revestidos Genérico EMS (C1),"86,25","69,29",-19.7%,"69,29",-19.7%
SãoJoão,Disponível,315.0,12,7896112406617.0,Coedez 200mg 30 Cápsulas Biolab,"192,56","156,89",-18.5%,"156,89",-18.5%
SãoJoão,Disponível,315.0,15,7896658005763.0,Prelone 5mg 20 Comprimidos Aché,"25,78","22,29",-13.5%,"22,29",-13.5%
SãoJoão,Disponível,315.0,12,7896714291024.0,Analgésico Aspirina MicroAtiva Bayer caixa com 20 comprimidos,"17,90","17,90",-,"17,90",-
SãoJoão,Disponível,315.0,13,7896261000193.0,Voltaren 50mg 20 Comprimidos Novartis,"56,04","42,68",-23.8%,"42,68",-23.8%
SãoJoão,Indisponível,315.0,12,0.0,Eno Probiótico 10 Cápsulas GSK,0,0,0,0,0
SãoJoão,Disponível,315.0,14,7898074610453.0,Spidufen 770mg (ibuprofeno 400mg+ Arginina 370mg) Zambon 10 Comprimidos Revestidos,"31,34","29,90",-4.6%,"29,90",-4.6%
SãoJoão,Disponível,315.0,14,7896004726908.0,Ciclobenzaprina 5mg 30 Comprimidos Benziflex EMS,"15,08","15,08",-,"15,08",-
SãoJoão,Disponível,315.0,12,7500435201643.0,Sonozzz Melatonina 60 Cápsulas Procter,"102,65","92,39",-10.0%,"92,39",-10.0%
SãoJoão,Disponível,315.0,14,7894164009473.0,Hidralis Sais 45 4 Envelopes Guaraná Airela,"19,90","18,69",-6.1%,"18,69",-6.1%
SãoJoão,Disponível,315.0,13,7891317032425.0,Deksametasona Supera 70mg 30 Cápsulas Revestidas Supera (A3),"352,34","352,34",-,"352,34",-
SãoJoão,Disponível,315.0,13,7896006291732.0,Pomada Gelo-Bio 20g União Química,"16,90","16,90",-,"16,90",-
SãoJoão,Disponível,314.0,12,7896004743967.0,Esomeprazol Magnésico Tri-Hidratado 40mg Astrazeneca Genérico 28 Comprimidos Revestidos,"335,31","89,90",-73.2%,"89,90",-73.2%
SãoJoão,Disponível,314.0,14,7890282801333.0,"Etna 1,0mg/2,5mg/1,5mg 20 Cápsulas Duras","62,61","54,39",-13.1%,"54,39",-13.1%
SãoJoão,Disponível,314.0,12,7891058000103.0,Dorflex UNO Analgésico Contra Enxaqueca Dipirona Monoidratada 1g 20 Comprimidos,"31,04","31,04",-,"31,04",-
SãoJoão,Disponível,314.0,12,7896094920927.0,Coledue 10mg 30 Comprimidos Hypera Pharma,"68,85","68,85",-,"68,85",-
SãoJoão,Disponível,314.0,12,7896658008122.0,Artrosil 320mg 10 Cápsulas Aché,"63,69","54,89",-13.8%,"54,89",-13.8%
SãoJoão,Disponível,314.0,13,7896112402671.0,Forlut 50mg 30 Comprimidos Biolab (C1),"75,62","61,89",-18.2%,"61,89",-18.2%
SãoJoão,Disponível,314.0,14,7896094922426.0,"Nesina Met 12,5+1000Mg 60 Comprimidos Revestidos Takeda","189,44","189,44",-,"189,44",-
SãoJoão,Disponível,314.0,15,7894916512503.0,Concardio 5mg 100 Comprimidos Revestidos,"263,91","263,91",-,"263,91",-
SãoJoão,Disponível,314.0,12,7896902210226.0,Sal Amargo 30g,"4,99","4,99",-,"4,99",-
SãoJoão,Disponível,314.0,12,7898133136634.0,Arlivry 7mg/ml Xarope Cereja 100ml,"17,90","17,90",-,"17,90",-
SãoJoão,Disponível,314.0,12,7898146820582.0,Gabapentina 300mg 30 Cápsulas Genérico Biolab (C1),"96,68","73,29",-24.2%,"73,29",-24.2%
SãoJoão,Disponível,314.0,12,7898569760533.0,Rosuvastatina 40mg 30 Comprimidos Revestidos Genérico Althaia,"160,42","119,90",-25.3%,"119,90",-25.3%
SãoJoão,Disponível,314.0,12,7896523227535.0,Carvedilol Genérico Cimed 25mg 30 Comprimidos,"45,86","17,99",-60.8%,"17,99",-60.8%
SãoJoão,Disponível,314.0,13,7891058002046.0,Rivaroxabana 10mg 10 Comprimidos Revestidos Genérico Medley,"68,20","68,20",-,"68,20",-
SãoJoão,Disponível,314.0,13,735201084206.0,Floral Kids Therapi 30ml Teimosia,"36,90","36,90",-,"36,90",-
SãoJoão,Disponível,314.0,14,7897337705899.0,Renitec 5mg 30 Comprimidos Organon,"41,78","34,79",-16.7%,"34,79",-16.7%
SãoJoão,Disponível,314.0,13,7896658039027.0,Dispetic 40mg 60 Comprimidos Revestidos Aché,"152,00","152,00",-,"152,00",-
SãoJoão,Disponível,314.0,15,7891317011345.0,Alta D Cal 60 Comprimidos,"183,99","183,99",-,"183,99",-
SãoJoão,Disponível,314.0,13,7896637023771.0,Labirin 24mg 30 Comprimidos Apsen,"34,15","34,15",-,"34,15",-
SãoJoão,Disponível,314.0,12,7896255711005.0,Akineton Bago 2mg 80 Comprimidos (C1),"50,36","43,89",-12.8%,"43,89",-12.8%
SãoJoão,Disponível,314.0,12,7891317028800.0,Ketto 10mg 20 Comprimidos Momenta,"35,51","32,29",-9.1%,"32,29",-9.1%
SãoJoão,Disponível,314.0,13,7898040324551.0,Probiatop 30 Comprimidos FQM,"169,99","134,29",-21.0%,"134,29",-21.0%
SãoJoão,Disponível,314.0,13,7896422525848.0,Atorvastatina 10mg 30 Comprimidos Revestidos Genérico Medley,"180,51","180,51",-,"180,51",-
SãoJoão,Disponível,314.0,12,7897460401293.0,Finalop 1mg 30 Comprimidos Revestidos,"106,71","74,69",-30.0%,"74,69",-30.0%
SãoJoão,Disponível,314.0,12,7891058003586.0,Puran T4 300mcg 30 Comprimidos Sanofi,"92,06","92,06",-,"92,06",-
SãoJoão,Disponível,314.0,12,7898031310303.0,Bicarbonato De Sódio 50g,"6,49","6,49",-,"6,49",-
SãoJoão,Disponível,314.0,12,7897947617025.0,Acnezil Sabonete Barra 70g Pele Acneica Cimed,"9,99","9,99",-,"9,99",-
SãoJoão,Disponível,314.0,13,7897930030244.0,Baryta Composta Vidora 30ml,"29,90","29,90",-,"29,90",-
SãoJoão,Disponível,314.0,12,7891317140779.0,Pitavastatina Cálcica 2mg 30 Comprimidos Genérico Eurofarma,"108,75","108,75",-,"108,75",-
SãoJoão,Disponível,314.0,12,7896676402575.0,Pomada Kollagenase Com Cloranfenicol 50G Cristalia,"126,43","105,99",-16.2%,"105,99",-16.2%
SãoJoão,Disponível,314.0,14,7896676442403.0,"Diva 3 + 0,03Mg 21 Comprimidos Exeltis","62,48","62,48",-,"62,48",-
SãoJoão,Disponível,314.0,12,7899547524796.0,Sildenafil 50mg 8 Comprimidos Revestidos Genérico Prati-Donaduzzi,"27,35","19,99",-26.9%,"19,99",-26.9%
SãoJoão,Disponível,314.0,14,7896026304245.0,Micardis 40mg 30 Comprimidos Boehringer Ingelheim,"239,18","192,49",-19.5%,"192,49",-19.5%
SãoJoão,Disponível,314.0,13,7896261003705.0,Flotac 70mg 20 Comprimidos Novartis,"80,91","61,62",-23.8%,"61,62",-23.8%
SãoJoão,Disponível,314.0,13,7898031310303.0,Bicarbonato De Sódio 100g,"6,49","6,49",-,"6,49",-
SãoJoão,Disponível,313.0,13,7898029558816.0,Vastarel MR 35mg 60 Comprimidos Revestidos Servier,"201,21","160,97",-20.0%,"160,97",-20.0%
SãoJoão,Disponível,313.0,12,7896004703732.0,Sulfametoxazol + Trimetoprima Suspensão Oral 200mg/40mg 100ml Genérico Teuto,"19,76","19,76",-,"19,76",-
SãoJoão,Disponível,313.0,14,7891317477172.0,Piemonte 5mg 30 Comprimidos Eurofarma,"77,10","63,59",-17.5%,"63,59",-17.5%
SãoJoão,Disponível,313.0,13,7899640809745.0,Olsar 40mg 30 Comprimidos Revestidos Momenta,"53,17","45,69",-14.1%,"45,69",-14.1%
SãoJoão,Disponível,313.0,13,7898687733631.0,Propafenona 150mg 90 Comprimidos Revestidos Genérico Althaia,"87,30","70,89",-18.8%,"70,89",-18.8%
SãoJoão,Disponível,313.0,13,7898687733624.0,Propafenona 150mg 60 Comprimidos Revestidos Genérico Althaia,"58,17","49,39",-15.1%,"49,39",-15.1%
SãoJoão,Disponível,313.0,13,7896862910747.0,Nifedipress 20mg 30 Comprimidos,"22,90","20,29",-11.4%,"20,29",-11.4%
SãoJoão,Disponível,313.0,14,7896523214092.0,Diclofenaco Potássico 50mg Genérico Cimed 20 Comprimidos Revestidos,"16,16","14,39",-11.0%,"14,39",-11.0%
SãoJoão,Disponível,313.0,14,7896094207820.0,"Cardilol 12,5mg 30 Comprimidos Libbs","121,43","121,43",-,"121,43",-
SãoJoão,Disponível,313.0,12,7896676430080.0,Glya 150mg 30 Cápsulas Cristália (C1),"104,16","104,16",-,"104,16",-
SãoJoão,Disponível,313.0,12,7896523220239.0,Fexofenadina 60mg 10 Comprimidos Revestidos Genérico Cimed,"28,83","26,49",-8.1%,"26,49",-8.1%
SãoJoão,Disponível,313.0,13,7896658026645.0,Zirk 500mg 3 Comprimidos Revestidos Aché,"22,27","22,27",-,"22,27",-
SãoJoão,Disponível,313.0,12,7896004720869.0,Ácido Mefenâmico 500mg 24 Comprimidos Genérico EMS,"30,36","30,36",-,"30,36",-
SãoJoão,Disponível,313.0,15,3400970002146.0,Flebodia 30 Comprimidos Gross,"163,46","134,69",-17.6%,"134,69",-17.6%
SãoJoão,Disponível,313.0,13,7896094927797.0,Benegrip Multi Dia 800mg + 20mg 12 Comprimidos,"28,64","28,64",-,"28,64",-
SãoJoão,Disponível,313.0,12,7891317013998.0,Aria 5mg 30 Comprimidos Mast Momenta,"74,91","74,91",-,"74,91",-
SãoJoão,Disponível,313.0,15,7896015593223.0,Sal de Fruta Eno Tônica 2 Envelopes com 5g cada,"4,88","4,88",-,"4,88",-
SãoJoão,Disponível,313.0,13,7897337706605.0,Januvia 50mg 28 Comprimidos Revestidos Merck,"158,83","158,83",-,"158,83",-
SãoJoão,Disponível,313.0,12,7891268113013.0,Vibramicina Solúvel Pfizer 100mg 20 Comprimidos,"142,20","119,29",-16.1%,"119,29",-16.1%
SãoJoão,Disponível,313.0,12,7898582382156.0,Palexis LP 150mg 30 Comprimidos Grunenthal (A1),"248,69","248,69",-,"248,69",-
SãoJoão,Disponível,313.0,13,7896637031943.0,Flancox 600mg 14 Comprimidos Revestidos Apsen,"64,50","56,59",-12.3%,"56,59",-12.3%
SãoJoão,Disponível,313.0,13,7896658006043.0,Flavonid 450mg/50mg 30 Comprimidos Revestidos,"69,53","69,53",-,"69,53",-
SãoJoão,Disponível,313.0,13,7891058005986.0,Pantoprazol 40mg Genérico Medley 42 Comprimidos Revestidos,"108,98","108,98",-,"108,98",-
SãoJoão,Disponível,313.0,16,7896241293751.0,Posicor Sin 10mg+20mg 30 Comprimidos Biolab,"64,43","64,43",-,"64,43",-
SãoJoão,Disponível,313.0,12,7891317029890.0,Dore Eurofarma 500mg 14 Comprimidos Revestidos,"47,89","43,09",-10.0%,"43,09",-10.0%
SãoJoão,Disponível,313.0,14,7896004700441.0,Amoxicilina 500mg 15 Cápsulas Genérico EMS,"30,28","28,29",-6.6%,"28,29",-6.6%
SãoJoão,Disponível,313.0,13,7898609960138.0,Repatha 140mg Injeção 2 Seringas Preenchidas 1ml Amgen,"2426,88","2426,88",-,"2426,88",-
SãoJoão,Disponível,313.0,14,7896094928251.0,Persur 5mg 30 Comprimidos Hypera,"99,79","81,39",-18.4%,"81,39",-18.4%
SãoJoão,Disponível,313.0,13,7896094928053.0,Hexomedine Colutório Bucal 50ml,"72,45","63,29",-12.6%,"63,29",-12.6%
SãoJoão,Disponível,313.0,13,7899095201927.0,Visoptic 5mg/ml Solução Oftálmica 5ml Gbió,"24,19","22,19",-8.3%,"22,19",-8.3%
SãoJoão,Disponível,313.0,14,7896094203051.0,Elani Ciclo 3mg 63 Comprimido Revestido,"171,98","120,39",-30.0%,"120,39",-30.0%
SãoJoão,Disponível,313.0,14,7896070601895.0,Profenid 20mg/ml 20ml Gotas Sanofi,"44,98","41,09",-8.6%,"41,09",-8.6%
SãoJoão,Disponível,313.0,16,7891058003159.0,Olmesartana 20mg 30 Comprimidos Revestidos Genérico Medley,"53,74","53,74",-,"53,74",-
SãoJoão,Disponível,313.0,13,7896004713366.0,Acetilcisteína 120ml Adulto Genérico EMS,"52,76","23,90",-54.7%,"23,90",-54.7%
SãoJoão,Disponível,313.0,12,78905016.0,Leite de Magnésia Original Suspenção Oral 120ml Aspen,"22,99","22,99",-,"22,99",-
SãoJoão,Disponível,313.0,14,7899620913776.0,Paracetamol 750mg 20 Comprimidos Genérico Globo,"22,00","8,59",-61.0%,"8,59",-61.0%
SãoJoão,Disponível,313.0,13,7896181905851.0,Fluconazol 150mg 1 Cápsula Genérico Cimed,"14,38","9,90",-31.2%,"9,90",-31.2%
SãoJoão,Disponível,313.0,14,7896523200101.0,Valsartana 320mg Genérico Cimed 30 Comprimidos Revestidos,"78,26","47,49",-39.3%,"47,49",-39.3%
SãoJoão,Disponível,313.0,12,7891058015756.0,Novalgina 1G 10 Comprimidos Efervescentes Dipirona,"37,16","30,99",-16.6%,"30,99",-16.6%
SãoJoão,Disponível,313.0,13,7899420503177.0,Brasart HCT 320+25mg 30 Comprimidos Revestidos Sigma,"91,14","73,89",-18.9%,"73,89",-18.9%
SãoJoão,Disponível,312.0,13,7896094928916.0,Estomazil Leite de Magnésia 300ml Hypera Pharma,"26,67","21,34",-20.0%,"21,34",-20.0%
SãoJoão,Disponível,312.0,14,7896016808135.0,Xigduo XR 5mg+1000mg 60 Comprimidos Revestidos,"258,89","207,11",-20.0%,"207,11",-20.0%
SãoJoão,Disponível,312.0,14,7891721023576.0,Mesidox 4mg 30 Comprimidos Merck,"86,21","86,21",-,"86,21",-
SãoJoão,Disponível,312.0,13,7899547505160.0,"Desloratadina 0,5mg/ml Genérico Prati Xarope 100ml","62,10","44,90",-27.7%,"44,90",-27.7%
SãoJoão,Disponível,312.0,13,7896004818993.0,"Previane 0,075mg + 0,020mg 63 Comprimidos Revestidos Legrand","59,90","53,09",-11.4%,"53,09",-11.4%
SãoJoão,Disponível,312.0,13,7898148299317.0,Aciclovir 50mg/g Genérico Prati Creme Dermatológico 10g,"28,79","14,90",-48.2%,"14,90",-48.2%
SãoJoão,Disponível,312.0,13,7896676435108.0,Pomada Gino Kollagenase 30G Cristalia,"73,17","65,39",-10.6%,"65,39",-10.6%
SãoJoão,Disponível,312.0,13,7896004704210.0,Carbamazepina 400mg 20 Comprimidos Genérico EMS (C1),"37,33","28,99",-22.3%,"28,99",-22.3%
SãoJoão,Disponível,312.0,14,7896004729428.0,Atorvastatina 10mg 30 Comprimidos Revestidos Genérico EMS,"87,01","21,90",-74.8%,"21,90",-74.8%
SãoJoão,Disponível,312.0,13,7896004711744.0,Tramadol 50mg 10 Cápsulas Genérico EMS (A2),"35,35","12,05",-65.9%,"12,05",-65.9%
SãoJoão,Disponível,312.0,13,7896112427933.0,"Aradois H 50mg/12,5mg 90 Comprimidos Revestidos","156,39","125,11",-20.0%,"125,11",-20.0%
SãoJoão,Disponível,312.0,13,7898133137310.0,Hidraplex Pó 4 Envelopes Natural Natulab,"24,90","11,69",-53.1%,"11,69",-53.1%
SãoJoão,Disponível,312.0,13,7897076910554.0,Allegra Antialérgico Cloridrato de Fexofenadina 120mg 10 Comprimidos Revestidos,"65,02","56,89",-12.5%,"56,89",-12.5%
SãoJoão,Disponível,312.0,13,7898560664137.0,Dymista Suspensão Spray Inalatória 23g,"154,46","126,99",-17.8%,"126,99",-17.8%
SãoJoão,Disponível,312.0,14,7891317124182.0,"Holmes H 20+12,5mg 30 Comprimidos Revestidos Eurofarma","78,14","64,49",-17.5%,"64,49",-17.5%
SãoJoão,Disponível,312.0,13,7896523209845.0,Captopril 25mg Generico Cimed 30 Comprimidos,"15,48","1,99",-87.1%,"1,99",-87.1%
SãoJoão,Disponível,312.0,13,7898109240136.0,Elotin 5Ml Elofar,"13,33","13,33",-,"13,33",-
SãoJoão,Disponível,312.0,12,7898258951532.0,Extrato de Própolis Verde Baldoni Própion spray 30ml,"19,90","19,90",-,"19,90",-
SãoJoão,Disponível,312.0,13,5702191007985.0,Verutex 2% Creme 15G Roche,"85,60","73,39",-14.3%,"73,39",-14.3%
SãoJoão,Disponível,312.0,12,7896714231204.0,Alendronato de Sódio 70mg 4 Comprimidos Genérico Neo Química,"44,27","44,27",-,"44,27",-
SãoJoão,Disponível,312.0,15,7896658027611.0,Divena 40mg 60 Comprimidos Revestidos de Liberação Retardada,"121,80","98,09",-19.5%,"98,09",-19.5%
SãoJoão,Disponível,312.0,13,7896026302784.0,Berotec 100mcg 10ml Aerossol Boehringer,"34,71","29,79",-14.2%,"29,79",-14.2%
SãoJoão,Disponível,312.0,13,618231363346.0,Figavit Elixir Gaúcho 240ml Praiamar,"49,90","49,90",-,"49,90",-
SãoJoão,Disponível,312.0,13,7896422522632.0,Escitalopram Genérico Medley 15mg 30 Comprimidos Revestidos (C1),"153,38","59,90",-60.9%,"59,90",-60.9%
SãoJoão,Disponível,312.0,14,7896714241289.0,Valsartana 80mg 30 Comprimidos Genérico Neo Química,"82,41","39,90",-51.6%,"39,90",-51.6%
SãoJoão,Disponível,312.0,14,7891106913898.0,Androcur 100mg 20 Comprimidos Bayer,"461,25","461,25",-,"461,25",-
SãoJoão,Disponível,312.0,14,7896006290520.0,Tobracort Supensão Oftamológica 5Ml Genom,"40,49","37,49",-7.4%,"37,49",-7.4%
SãoJoão,Disponível,312.0,12,7897460401293.0,Equitam 120mg 30 Comprimidos Revestidos,"106,71","74,69",-30.0%,"74,69",-30.0%
SãoJoão,Disponível,312.0,13,7896006222897.0,Leiba 6 Sachês Laranja União Química,"17,90","17,90",-,"17,90",-
SãoJoão,Disponível,312.0,13,7896658046872.0,Comfect 10 mg 30 Comprimidos Revestidos Aché (C1),"65,06","65,06",-,"65,06",-
SãoJoão,Disponível,312.0,13,7898148295159.0,Ibuprofeno 600mg Genérico Prati 20 Comprimidos Revestidos,"22,99","10,19",-55.7%,"10,19",-55.7%
SãoJoão,Disponível,312.0,14,7898505091479.0,Noretisterona + Estradiol 50mg Genérico Cifarma,"29,65","25,69",-13.4%,"25,69",-13.4%
SãoJoão,Disponível,311.0,12,7892828001771.0,"Etna 1,0mg + 2,5mg + 1,5mg 180 Cápsulas","563,79","563,79",-,"563,79",-
SãoJoão,Disponível,311.0,14,7891142140593.0,Xarope Desalex 100ml Supera,"95,57","82,99",-13.2%,"82,99",-13.2%
SãoJoão,Disponível,311.0,14,310119033227.0,Renu Plus Solução para Lentes de Contato Sem Fricção 120ml,"54,99","54,99",-,"54,99",-
SãoJoão,Disponível,311.0,13,7896676436129.0,Polaramine 2mg 20 Comprimidos Revestidos,"14,13","12,89",-8.8%,"12,89",-8.8%
SãoJoão,Disponível,311.0,13,7891142128096.0,Celestone 2mg 10 Comprimidos Mantecorp Log d,"30,88","27,79",-10.0%,"27,79",-10.0%
SãoJoão,Disponível,311.0,13,7896004705989.0,Pantoprazol 40mg 28 Comprimidos Revestidos Genérico EMS,"33,10","20,89",-36.9%,"20,89",-36.9%
SãoJoão,Disponível,311.0,13,7896083402557.0,Gamaline V Herbarium 900mg 30 Comprimidos,"181,80","147,69",-18.8%,"147,69",-18.8%
SãoJoão,Disponível,311.0,14,7896658046780.0,Koprexx 5mg 30 Comprimidos Biosintética,"149,98","149,98",-,"149,98",-
SãoJoão,Indisponível,311.0,13,0.0,Tiras para Controle de Glicemia OneTouch Select Plus 50+10 Unidades,0,0,0,0,0
SãoJoão,Disponível,311.0,12,7896004777795.0,Ivermectina 6mg 2 Comprimidos Genérico Germed,"21,22","13,99",-34.1%,"13,99",-34.1%
SãoJoão,Indisponível,311.0,15,0.0,Valeriane 50mg 20 Drágeas Nikkho,0,0,0,0,0
SãoJoão,Disponível,311.0,13,7897411603141.0,Loxonin Flex 7 Adesivos Transdérmicos,"122,15","105,79",-13.4%,"105,79",-13.4%
SãoJoão,Disponível,311.0,12,7894916503983.0,Osteoform 70mg 8 Comprimidos Sigma Pharma,"158,70","158,70",-,"158,70",-
SãoJoão,Disponível,311.0,13,7896112435532.0,Vasopril Biolab 20mg 30 Comprimidos,"164,31","164,31",-,"164,31",-
SãoJoão,Disponível,311.0,13,7898430194603.0,Betrat 5000mcg+100mg+100mg 60 Comprimidos Revestidos Myralis,"171,95","137,56",-20.0%,"137,56",-20.0%
SãoJoão,Disponível,311.0,13,7896523220598.0,Cimegripe 400mg/4mg/4mg 20 Cápsulas Duras,"3,99","3,99",-,"3,99",-
SãoJoão,Disponível,311.0,13,7896637022842.0,Miosan 10mg 30 Comprimidos Revestidos,"69,89","40,90",-41.5%,"40,90",-41.5%
SãoJoão,Disponível,311.0,13,7894916500364.0,Penvir 125mg 10 Comprimidos Sigma Pharma,"125,10","103,89",-17.0%,"103,89",-17.0%
SãoJoão,Disponível,311.0,12,7896641812545.0,Fibernorm 10 Saches Original Takeda,"64,61","61,29",-5.1%,"61,29",-5.1%
SãoJoão,Disponível,311.0,14,7897411603103.0,"Daisan 37,5 + 325mg 20 Comprimidos Revestidos Daiichi (A2)","71,86","61,59",-14.3%,"61,59",-14.3%
SãoJoão,Disponível,311.0,12,7896094210325.0,Coglive 24mg 60 Cápsulas Dura Liberação Prolongada Liberação LIBBS (C1),"415,95","332,76",-20.0%,"332,76",-20.0%
SãoJoão,Disponível,311.0,14,7896006215943.0,Seth 150mg 60 Comprimidos Revestidos União Química (C1),"93,11","93,11",-,"93,11",-
SãoJoão,Disponível,311.0,13,7891058431037.0,Lasix 40mg 20 Comprimidos Aventis,"25,96","23,19",-10.7%,"23,19",-10.7%
SãoJoão,Disponível,311.0,13,7894916508360.0,Exforge HCT Valsartana 320mg + Hidroclorotiazida 25mg + Anlodipino 10mgcom 28 comprimidos,"113,36","91,59",-19.2%,"91,59",-19.2%
SãoJoão,Disponível,311.0,12,7896714292496.0,Levetiracetam 250Mg 30 Comprimidos Revestidos Genérico Neo Quimica (C1),"266,35","266,35",-,"266,35",-
SãoJoão,Disponível,311.0,13,7898158693112.0,Benatux Framboesa 5mg/50mg/10mg 12 Pastilhas,"19,90","19,90",-,"19,90",-
SãoJoão,Disponível,311.0,12,7896241277935.0,Pressat 5mg 30 Comprimidos Biolab,"79,04","79,04",-,"79,04",-
SãoJoão,Disponível,310.0,13,7898687734492.0,Vortioxetina 15mg 60 Comprimidos Revestidos Genérico Althaia (C1),"457,45","338,69",-26.0%,"338,69",-26.0%
SãoJoão,Disponível,310.0,12,7896004730981.0,Clomipramina 25mg 20 Comprimidos Revisado Genérico EMS (C1),"64,06","26,90",-58.0%,"26,90",-58.0%
SãoJoão,Disponível,310.0,12,7896001303119.0,Suplemento Alimentar de Fibras Fibermais Sem Sabor 260g,"144,89","115,91",-20.0%,"115,91",-20.0%
SãoJoão,Disponível,310.0,14,7898096578458.0,Nyteb 5mg Diffucap Chemobras 30 Comprimidos,"65,92","65,92",-,"65,92",-
SãoJoão,Disponível,310.0,13,7896004721125.0,Sibutramina 15mg 30 Cápsulas Genérico Biosintética (B2),"99,04","74,90",-24.4%,"74,90",-24.4%
SãoJoão,Disponível,310.0,12,7897411611016.0,Benicar Anlo 20+5mg 30 Comprimidos Revestidos Sankyo,"90,78","72,62",-20.0%,"72,62",-20.0%
SãoJoão,Disponível,310.0,12,7897595602473.0,Doxiciclina 100mg 15 Comprimidos Genérico Sandoz,"57,39","30,79",-46.3%,"30,79",-46.3%
SãoJoão,Disponível,310.0,12,7898148300785.0,Alopurinol 300mg 30 Comprimidos Genérico Prati-Donaduzzi,"42,94","32,90",-23.4%,"32,90",-23.4%
SãoJoão,Disponível,310.0,13,7896014669028.0,"Metrexato 2,5mg 24 Comprimidos Blausiegel","41,90","27,99",-33.2%,"27,99",-33.2%
SãoJoão,Disponível,310.0,13,7896269900617.0,Psorex Creme Dermatológico 30g,"49,35","49,35",-,"49,35",-
SãoJoão,Disponível,310.0,12,7896676412192.0,Roxetin XR 25mg 30 Comprimidos Revestidos Supera (C1),"77,22","77,22",-,"77,22",-
SãoJoão,Disponível,310.0,12,7896004747637.0,Aripiprazol 15mg 30 Comprimidos Genérico EMS (C1),"434,87","174,90",-59.8%,"174,90",-59.8%
SãoJoão,Disponível,310.0,12,7896658046520.0,Salicetil 100mg 10 Comprimidos,"29,57","25,59",-13.5%,"25,59",-13.5%
SãoJoão,Disponível,310.0,12,735201084206.0,Floral Therapi 30ml Motiva Mais,"36,90","36,90",-,"36,90",-
SãoJoão,Disponível,310.0,13,7898074610453.0,Spidufen 770mg (ibuprofeno 400mg+ Arginina 370mg) Zambon 20 Comprimidos Revestidos,"31,34","29,90",-4.6%,"29,90",-4.6%
SãoJoão,Disponível,310.0,13,7891045015080.0,Pristiq 50mg 28 Comprimidos Revestidos,"253,13","202,50",-20.0%,"202,50",-20.0%
SãoJoão,Disponível,310.0,15,7891058002336.0,OsCal Cálcio+ 500mg + Vitamina D 400UI 60 Comprimidos,"132,99","132,99",-,"132,99",-
SãoJoão,Disponível,310.0,13,7898074617612.0,Fluimucil 600mg Sabor Limão 16 Comprimidos Efervescentes,"75,46","64,79",-14.1%,"64,79",-14.1%
SãoJoão,Disponível,310.0,12,7896094207325.0,Stavigile 100mg 30 Comprimidos Libbs (B1),"169,71","135,77",-20.0%,"135,77",-20.0%
SãoJoão,Disponível,310.0,15,7891142137135.0,Pratium 140mg/ml 15ml Mantecorp,"39,51","39,51",-,"39,51",-
SãoJoão,Disponível,310.0,12,7896422505550.0,Simeticona 40mg Genérico Medley 20 Comprimidos,"11,61","8,90",-23.3%,"8,90",-23.3%
SãoJoão,Disponível,310.0,12,7896094211728.0,Jolik 20mg/ml 225ml Libbs (C1),"191,47","158,89",-17.0%,"158,89",-17.0%
SãoJoão,Disponível,310.0,13,7896637022552.0,Retemic 5mg 30 Comprimidos,"44,74","39,29",-12.2%,"39,29",-12.2%
SãoJoão,Disponível,310.0,14,7898906376465.0,Tiorfan 30Mg 18 Sachês Bago,"64,34","58,19",-9.6%,"58,19",-9.6%
SãoJoão,Disponível,310.0,14,7899095220928.0,Hylo Comod Solução Oftalmológica 10ml,"14,90","12,90",-13.4%,"12,90",-13.4%
SãoJoão,Disponível,310.0,13,7898430194757.0,Ressaliv Dor 30+300+30mg 10 Comprimidos Revestidos Cimed,"80,90","48,79",-39.7%,"48,79",-39.7%
SãoJoão,Disponível,310.0,12,7896422522687.0,Olmy Anlo 40+10mg 30 Comprimidos Revestidos Germed,"71,18","49,90",-29.9%,"49,90",-29.9%
SãoJoão,Disponível,310.0,15,7896015591960.0,Enomagno Leite de Magnésia Hortelã  350ml,"34,99","34,99",-,"34,99",-
SãoJoão,Disponível,310.0,14,7891142165794.0,Macrodantina 100Mg 144 Cápsulas Hypermarcas,"87,44","73,99",-15.4%,"73,99",-15.4%
SãoJoão,Disponível,310.0,14,7899420508486.0,Tynna 20mg 30 Comprimidos Supera,"67,59","67,59",-,"67,59",-
SãoJoão,Disponível,310.0,14,7896181927846.0,Venoxide 1g 30 Comprimidos Biosintética,"74,56","59,65",-20.0%,"59,65",-20.0%
SãoJoão,Disponível,310.0,13,7894916503914.0,Ceclor BD 750mg 14 Comprimidos Revestidos,"227,20","187,39",-17.5%,"187,39",-17.5%
SãoJoão,Disponível,310.0,13,7896094206021.0,"Pomada Dermatológica Tarfic 0,3 mg 30 g Libbs","188,33","155,09",-17.6%,"155,09",-17.6%
SãoJoão,Disponível,310.0,13,7896732600112.0,Lunera 10ml,"48,78","34,99",-28.3%,"34,99",-28.3%
SãoJoão,Disponível,309.0,12,7896006225010.0,"Pomada Oftamológica Cylocort 3,5G Genom","39,62","36,59",-7.6%,"36,59",-7.6%
SãoJoão,Disponível,309.0,14,7899095202580.0,"Salbutamol Xarope 0,4mg/ml 120ml Genérico Geolab","9,80","9,80",-,"9,80",-
SãoJoão,Disponível,309.0,13,7896006297369.0,"Femiane 0,075mg+0,02mg 63 Comprimidos Genom","141,59","141,59",-,"141,59",-
SãoJoão,Disponível,309.0,14,7896004758121.0,Mirtazapina ODT 30mg 30 Comprimidos Genérico EMS (C1),"219,50","94,39",-57.0%,"94,39",-57.0%
SãoJoão,Disponível,309.0,14,7898166043794.0,Paracetamol Genérico Farmace Gotas 15ml,"4,99","4,99",-,"4,99",-
SãoJoão,Disponível,309.0,13,7898148294381.0,Metronidazol 250mg Genérico Prati 20 Comprimidos Revestidos,"17,05","8,59",-49.6%,"8,59",-49.6%
SãoJoão,Disponível,309.0,13,7898700410471.0,Fexofenadina 6mg/ml 150ml Vitamedic,"60,66","53,49",-11.8%,"53,49",-11.8%
SãoJoão,Disponível,309.0,15,7896112408581.0,Benfotiamina 150mg 30 Comprimidos Genérico Biolab,"58,74","50,79",-13.5%,"50,79",-13.5%
SãoJoão,Disponível,309.0,15,7896676442380.0,Diva 20 (24+4) Comprimidos  Exeltis,"71,44","71,44",-,"71,44",-
SãoJoão,Disponível,309.0,13,7891317007508.0,"Rehidrat 50 Pó para Solução Oral 4 Envelopes de 7,625g","36,62","36,62",-,"36,62",-
SãoJoão,Disponível,309.0,12,7891317009267.0,"Artico 1,5+1,2g Gran Maracujá 30 Sachês Eurofarma","256,18","204,94",-20.0%,"204,94",-20.0%
SãoJoão,Disponível,309.0,12,7896676401776.0,Flexenema 160mg + 60mg Solução Retal 130ml,"20,70","20,70",-,"20,70",-
SãoJoão,Disponível,309.0,14,7896004721903.0,Dexametasona 10g Creme Genérico EMS,"14,09","14,09",-,"14,09",-
SãoJoão,Disponível,309.0,14,7897473206540.0,Dermotil Fusid Cr 10g Mantecorp,"81,01","81,01",-,"81,01",-
SãoJoão,Disponível,309.0,12,7896714232980.0,Etoricoxibe 60Mg 7 Comprimidos Genérico Neo Quimica (C1),"21,98","18,89",-14.1%,"18,89",-14.1%
SãoJoão,Disponível,309.0,12,7891317006938.0,Lípitor 20mg 30 Comprimidos Revestidos,"221,30","177,04",-20.0%,"177,04",-20.0%
SãoJoão,Disponível,309.0,13,7896658034466.0,Gaeso 20mg 28 Comprimidos Revestidos de Liberação Retardada Aché,"95,64","76,39",-20.1%,"76,39",-20.1%
SãoJoão,Disponível,309.0,12,7896422519908.0,"Alenthus XR 37,5mg 30 Cápsulas Cellera (C1)","52,59","44,89",-14.6%,"44,89",-14.6%
SãoJoão,Disponível,309.0,13,7896015591212.0,"Trelegy 100+62,5+25mg 30 Doses GSK","435,41","435,41",-,"435,41",-
SãoJoão,Disponível,309.0,12,7896261014244.0,Cataflampro Emulgel 30g,"32,07","32,07",-,"32,07",-
SãoJoão,Disponível,309.0,12,7898687732559.0,Melatonina em Gotas Fast Equaliv Sabor Menta 30ml,"55,90","55,90",-,"55,90",-
SãoJoão,Disponível,309.0,12,7896094207851.0,Ancoron 200mg 30 Comprimidos Revestidos,"58,81","49,89",-15.2%,"49,89",-15.2%
SãoJoão,Disponível,309.0,12,7891317016043.0,Triaxin 500Mg 1 Ampola 2Ml Injetável Momenta,"28,62","25,19",-12.0%,"25,19",-12.0%
SãoJoão,Indisponível,309.0,12,0.0,Xantinon Complex Avulso 10ml,0,0,0,0,0
SãoJoão,Disponível,309.0,13,7898569765347.0,Prednisolona 20mg Genérico Althaia 10 Comprimidos,"7,98","7,98",-,"7,98",-
SãoJoão,Disponível,309.0,12,7896094210691.0,Cebralat 100mg 120 Comprimidos Libbs,"144,85","115,88",-20.0%,"115,88",-20.0%
SãoJoão,Disponível,309.0,14,7899420503795.0,Neumosin 400mg 5 Comprimidos Revestidos Supera,"171,45","171,45",-,"171,45",-
SãoJoão,Disponível,309.0,13,7891317425869.0,Revoc 50mg 30 Comprimidos Revestidos,"14,53","14,53",-,"14,53",-
SãoJoão,Disponível,309.0,17,7896658039546.0,Parzo 200mg 15 Cápsulas Biosintética,"45,27","45,27",-,"45,27",-
SãoJoão,Disponível,309.0,14,7896255762595.0,Depakote ER 500mg 60 Comprimidos Revestidos Abbott (C1),"83,93","67,14",-20.0%,"67,14",-20.0%
SãoJoão,Disponível,309.0,12,7896004780191.0,Ácido Ursodesoxicólico 300mg 30 Comprimidos Genérico EMS,"202,07","136,49",-32.5%,"136,49",-32.5%
SãoJoão,Disponível,309.0,13,7896112427735.0,Aradois Hct 100+25Mg 30 Comprimidos Biolab,"174,35","174,35",-,"174,35",-
SãoJoão,Disponível,309.0,12,7891317485320.0,Tamiram 750mg 7 Comprimidos Revestidos Eurofarma,"185,05","155,99",-15.7%,"155,99",-15.7%
SãoJoão,Disponível,308.0,15,7896094208940.0,Vatis 150mg 90 Comprimidos Revestidos Libbs,"135,87","108,99",-19.8%,"108,99",-19.8%
SãoJoão,Disponível,308.0,12,300652439259.0,Systane Ul Alcon 10ml,"70,39","70,39",-,"70,39",-
SãoJoão,Indisponível,308.0,13,0.0,Artelac Rebalance Frasco 10Ml Bausch&amp;Lomb,0,0,0,0,0
SãoJoão,Disponível,308.0,13,7899337000509.0,"Pomada Protopic 0,03% 10g Leofarma","107,98","107,98",-,"107,98",-
SãoJoão,Disponível,308.0,12,7897595635259.0,Aclasta 5mg 100ml Sandoz,"3493,14","1129,80",-67.7%,"1129,80",-67.7%
SãoJoão,Disponível,308.0,13,7891142981318.0,Predsim 5mg 10 Comprimidos Mantecorp,"13,66","13,66",-,"13,66",-
SãoJoão,Disponível,308.0,14,7893595770518.0,Floral Thérapi Chora Não 30ml,"36,90","36,90",-,"36,90",-
SãoJoão,Disponível,308.0,14,7898148294596.0,Dexametasona 1mg/g Genérico Prati Creme Dermatológico 10g,"13,92","13,92",-,"13,92",-
SãoJoão,Disponível,308.0,12,7500435260541.0,Alginac 1000 30 Comprimidos Revestidos Procter,"74,62","64,29",-13.8%,"64,29",-13.8%
SãoJoão,Disponível,308.0,12,7896523227528.0,"Carvedilol 12,5mg 30 Comprimidos Genérico Cimed","31,24","8,90",-71.5%,"8,90",-71.5%
SãoJoão,Disponível,308.0,13,7893595770792.0,Óleo Essencial Therapi Eucalipto Globulus 10ml,"39,90","39,90",-,"39,90",-
SãoJoão,Disponível,308.0,13,7891317435462.0,Sinot Clav Suspensão Oral 70ml,"42,86","39,99",-6.7%,"39,99",-6.7%
SãoJoão,Disponível,308.0,12,7896641809149.0,"Nesina 12,5mg 30 Comprimidos Revestidos Hypera","161,69","161,69",-,"161,69",-
SãoJoão,Disponível,308.0,15,7891317498054.0,"Molieri 20 3mg + 0,02mg 24 Comprimidos Revestidos","73,03","61,29",-16.1%,"61,29",-16.1%
SãoJoão,Disponível,308.0,15,7896658049491.0,Runner EZE 10+10mg 30 Comprimidos Biosintética,"81,76","81,76",-,"81,76",-
SãoJoão,Disponível,308.0,13,7896004756622.0,Dipirona Sódica 500mg Genérico Prati 10 Comprimidos,"24,45","14,90",-39.1%,"14,90",-39.1%
SãoJoão,Disponível,308.0,12,7896094200968.0,Cebrilin 30mg 30 Comprimidos Liberação LIBBS (C1),"225,20","225,20",-,"225,20",-
SãoJoão,Disponível,308.0,13,7896523201924.0,Nevralgex DC 20 Comprimidos Revestidos Cimed,"14,90","11,99",-19.5%,"11,99",-19.5%
SãoJoão,Disponível,308.0,13,7896637023344.0,Flancox 400mg 10 Comprimidos Revestidos Apsen,"30,66","28,09",-8.4%,"28,09",-8.4%
SãoJoão,Disponível,308.0,12,7899547528626.0,Losartana 50mg 60 Comprimidos Revestidos Genérico Prati,"20,70","8,90",-57.0%,"8,90",-57.0%
SãoJoão,Disponível,308.0,13,7896658005442.0,Flogoral Laranja 12 Pastilhas Aché,"20,59","20,59",-,"20,59",-
SãoJoão,Disponível,308.0,12,7896094211001.0,Ancoron 200mg 60 Comprimidos Revestidos,"80,71","66,09",-18.1%,"66,09",-18.1%
SãoJoão,Disponível,308.0,13,7896112493440.0,Triazol 150mg 2 Cápsulas Biolab,"62,56","54,19",-13.4%,"54,19",-13.4%
SãoJoão,Disponível,308.0,12,7896523200118.0,Valsartana 160mg 30 Comprimidos Revestidos Genérico Cimed,"65,71","34,49",-47.5%,"34,49",-47.5%
SãoJoão,Disponível,308.0,13,7891158103384.0,Revoc 100mg 60 Comprimidos Revestidos,"431,23","431,23",-,"431,23",-
SãoJoão,Disponível,308.0,12,7899547532104.0,Elatium 8mg 30 Cápsulas Liberação Prolongada Prati RX (C1),"117,65","94,59",-19.6%,"94,59",-19.6%
SãoJoão,Disponível,308.0,14,7896658035975.0,"Allestra 15 0,015+0,06mg 28 Comprimidos Aché","29,21","26,09",-10.7%,"26,09",-10.7%
SãoJoão,Disponível,308.0,14,7896663302529.0,Propomax 30ml Própolis Zero Apis Flora,"17,90","17,90",-,"17,90",-
SãoJoão,Disponível,308.0,13,7898029550247.0,Acertil 10mg 30 Comprimidos Revestidos,"107,24","88,89",-17.1%,"88,89",-17.1%
SãoJoão,Disponível,308.0,13,7893595770457.0,Floral Thérapi Mau hábito 30ml,"36,90","36,90",-,"36,90",-
SãoJoão,Disponível,308.0,12,7896004722122.0,Aceclofenaco 100mg 12 Comprimidos Revestidos Genérico EMS,"49,78","29,90",-39.9%,"29,90",-39.9%
SãoJoão,Disponível,308.0,14,7891158101656.0,Rivacrist 20mg 14 Comprimidos Revestidos Abbott,"145,18","145,18",-,"145,18",-
SãoJoão,Disponível,308.0,13,7896641805905.0,Proctyl Supositório 15 Unidades,"101,48","86,89",-14.4%,"86,89",-14.4%
SãoJoão,Disponível,307.0,14,7891721014185.0,Euthyrox 175mcg 50 Comprimidos Merck,"67,20","57,19",-14.9%,"57,19",-14.9%
SãoJoão,Disponível,307.0,14,7896676418958.0,Escena 20mg 30 Comprimidos Cristália (C1),"114,39","114,39",-,"114,39",-
SãoJoão,Disponível,307.0,15,7896006203162.0,Cetrolac SL 10mg 20 comprimidos União Química,"66,01","66,01",-,"66,01",-
SãoJoão,Disponível,307.0,13,7896658048111.0,Prolive 6 Cápsulas ACHE,"51,40","51,40",-,"51,40",-
SãoJoão,Disponível,307.0,13,7896006207665.0,Cetrolac Md 4mg/ml 5ml União Química,"108,29","90,49",-16.4%,"90,49",-16.4%
SãoJoão,Disponível,307.0,15,7501006718065.0,Vick 5 Pastilhas Envelope Cereja AV*,"5,61","5,61",-,"5,61",-
SãoJoão,Disponível,307.0,12,7891317020439.0,Antara 100mg/mg Solução 150mg Eurofarma (C1),"129,48","129,48",-,"129,48",-
SãoJoão,Disponível,307.0,15,7896094927551.0,Alevo 500mg 7 Comprimidos Supera,"73,70","63,89",-13.3%,"63,89",-13.3%
SãoJoão,Disponível,307.0,13,7896523201900.0,Neuralgex Dip 1g 10 Comprimidos Cimed,"14,90","11,79",-20.9%,"11,79",-20.9%
SãoJoão,Indisponível,307.0,14,0.0,Clenil Nasal Aquoso Chiesi 50mcg 30ml 200 Doses,0,0,0,0,0
SãoJoão,Disponível,307.0,12,7896004720784.0,Maleato De Dexclorfeniramina 10mg/g Genérico EMS Creme Dermatológico 30g,"17,69","15,79",-10.7%,"15,79",-10.7%
SãoJoão,Disponível,307.0,12,7896641804830.0,Broncho-Vaxom 7mg 30 Cápsulas Chiesi,"109,38","91,09",-16.7%,"91,09",-16.7%
SãoJoão,Disponível,307.0,13,7893595770778.0,Óleo Essencial Therapi 10ml Capim Limão,"39,90","39,90",-,"39,90",-
SãoJoão,Disponível,307.0,14,7899547513042.0,Amoxilina + Clavulanato 400mg 70ml Policlavamoxil EMS,"68,32","41,19",-39.7%,"41,19",-39.7%
SãoJoão,Disponível,307.0,15,7897917002790.0,Gargojuice 30 ml spray Belfar,"12,99","12,99",-,"12,99",-
SãoJoão,Disponível,307.0,13,7897595620279.0,Loperamida 2mg 12 Comprimidos Genérico Sandoz,"7,78","7,29",-6.3%,"7,29",-6.3%
SãoJoão,Indisponível,307.0,12,0.0,Milmune Concentrado Mel e Limão Avulso 5g,0,0,0,0,0
SãoJoão,Disponível,307.0,13,7897595901316.0,Puran T4 50mcg 30 Comprimidos Sanofi,"17,99","17,99",-,"17,99",-
SãoJoão,Disponível,307.0,13,7899420508653.0,Multi-Bi 335mg 30 Cápsulas,"252,99","252,99",-,"252,99",-
SãoJoão,Disponível,307.0,14,7891045008396.0,Lorax 1mg 30 Comprimidos Pfizer,"38,09","32,69",-14.2%,"32,69",-14.2%
SãoJoão,Disponível,307.0,14,7893093067134.0,Arnica D3 80 Comprimidos Weleda,"110,90","110,90",-,"110,90",-
SãoJoão,Disponível,307.0,13,7899547531374.0,Suplemento Sensilatte Sabor Baunilha 9000FCC 30 Comprimidos Prati-Donaduzzi,"20,00","20,00",-,"20,00",-
SãoJoão,Disponível,307.0,13,7891317000608.0,Antara XR 500mg 30 Comprimidos Revestidos Liberação Prolongada Eurofarma (C1),"87,09","74,99",-13.9%,"74,99",-13.9%
SãoJoão,Disponível,307.0,15,7899620916715.0,Venlafaxina XR 75mg 30 Cápsulas Genérico Neo Química (C1),"96,02","69,90",-27.2%,"69,90",-27.2%
SãoJoão,Disponível,307.0,12,7899547501230.0,Olanzapina 5mg 30 Comprimidos Revestidos Genérico Prati-Donaduzzi (C1),"132,13","74,90",-43.3%,"74,90",-43.3%
SãoJoão,Disponível,307.0,14,7896523220598.0,Cimegripe 400mg/4mg/4mg 4 Cápsulas Duras,"3,99","3,99",-,"3,99",-
SãoJoão,Disponível,307.0,14,7897473204331.0,Clotrigel Creme 2% 20g Glenmark,"57,45","57,45",-,"57,45",-
SãoJoão,Disponível,307.0,15,7897411650879.0,Sintocalmy 600mg 30 Comprimidos Revestidos Aché,"337,65","337,65",-,"337,65",-
SãoJoão,Disponível,307.0,12,7898430194290.0,"Nasoar Infantil 0,9% Lavagem Nasal 15 Envelopes + Lavador Nasal 120mlMyralis","45,99","45,99",-,"45,99",-
SãoJoão,Disponível,307.0,12,7891317009717.0,Tâmisa 30 75mcg/30mcg 21 Drágeas,"39,30","34,89",-11.2%,"34,89",-11.2%
SãoJoão,Disponível,307.0,14,7894916515276.0,Patz SL 10mg 20 Comprimidos Sigma Pharma (B1),"101,87","101,87",-,"101,87",-
SãoJoão,Disponível,307.0,12,7898569767556.0,Desvenlafaxina 50mg 30 Comprimidos Revestidos Genérico Althaia (C1),"91,42","69,90",-23.5%,"69,90",-23.5%
SãoJoão,Disponível,307.0,13,7896241296523.0,Vonau Flash 4mg 10 Comprimidos Biolab,"48,85","48,85",-,"48,85",-
SãoJoão,Disponível,307.0,13,7891721022845.0,Flexive CDM Creme Dermatológico 50g,"93,61","79,59",-15.0%,"79,59",-15.0%
SãoJoão,Disponível,307.0,14,7899470807652.0,Seakalm 260mg 20 Comprimidos Revestidos,"44,90","44,90",-,"44,90",-
SãoJoão,Disponível,307.0,15,7891317009748.0,Tâmisa 30 75mcg/30mcg 28 Drágeas,"51,05","43,49",-14.8%,"43,49",-14.8%
SãoJoão,Disponível,307.0,13,7896523220291.0,Fexofenadina 120mg 10 Comprimidos Genérico Cimed,"49,89","12,69",-74.6%,"12,69",-74.6%
SãoJoão,Disponível,307.0,13,7896112401698.0,Xifaxan 550mg 28 Comprimidos Revestidos Biolab,"894,55","685,99",-23.3%,"685,99",-23.3%
SãoJoão,Disponível,307.0,12,7896004747057.0,Ezetimiba + Sinvastatina 10mg + 20mg 30 Comprimidos Genérico EMS,"113,36","78,29",-30.9%,"78,29",-30.9%
SãoJoão,Disponível,307.0,12,7896004715230.0,"Condroflex Pó para Solução Oral 30 Envelopes de 4,135g","39,90","27,90",-30.1%,"27,90",-30.1%
SãoJoão,Disponível,307.0,13,7896523207636.0,Cloridrato De Ambroxol 6mg/ml Adulto Genérico Cimed Xarope 120ml,"33,28","18,19",-45.3%,"18,19",-45.3%
SãoJoão,Disponível,307.0,13,7891317010362.0,Mometasona 50mcg 120 Doses Genérico Eurofarma,"57,51","48,99",-14.8%,"48,99",-14.8%
SãoJoão,Disponível,307.0,12,7898040324247.0,Kelo-Cote Spray 100ml FQM,"64,79","59,79",-7.7%,"59,79",-7.7%
SãoJoão,Disponível,307.0,13,7896658047718.0,Donila 10mg 60 Comprimidos Revestidos Aché (C1),"109,96","89,49",-18.6%,"89,49",-18.6%
SãoJoão,Disponível,307.0,12,7898908753141.0,"Motix 301,5mg 50 Comprimidos Sublinguais","94,99","75,99",-20.0%,"75,99",-20.0%
SãoJoão,Disponível,306.0,14,7898040329952.0,Sedavan Xarope Expectorante 6mg/ml 100ml,"26,65","26,65",-,"26,65",-
SãoJoão,Disponível,306.0,14,7899420502903.0,Pomada com Aplicador Dbriz Gino 30g Supera,"74,95","66,19",-11.7%,"66,19",-11.7%
SãoJoão,Disponível,306.0,13,7891721014642.0,Euthyrox 25mcg 50 Comprimidos Merck,"38,13","33,79",-11.4%,"33,79",-11.4%
SãoJoão,Disponível,306.0,13,7896112425496.0,Pantogar Neo 60 Cápsulas,"341,78","341,78",-,"341,78",-
SãoJoão,Disponível,306.0,14,7896658035708.0,Lutab 40mg 30 Comprimidos Ache (C1),"441,50","441,50",-,"441,50",-
SãoJoão,Disponível,306.0,12,300651481198.0,Systane Complete Alcon 10ml Gotas Oftálmicas Lubrificantes,"110,00","110,00",-,"110,00",-
SãoJoão,Disponível,306.0,13,7896004715049.0,Dorilen Solução Oral 15ml,"24,90","22,99",-7.7%,"22,99",-7.7%
SãoJoão,Disponível,306.0,13,7898074610453.0,Spidufen 770mg (ibuprofeno 400mg+ Arginina 370mg) Zambon 6 Comprimidos Revestidos,"31,34","29,90",-4.6%,"29,90",-4.6%
SãoJoão,Disponível,306.0,12,7898687732283.0,Vildagliptina 50mg 30 Comprimidos Genérico Althaia,"144,80","112,29",-22.5%,"112,29",-22.5%
SãoJoão,Disponível,306.0,13,7893595770754.0,Óleo Essencial Therapi 10ml Melaleuca,"49,90","49,90",-,"49,90",-
SãoJoão,Disponível,306.0,12,7898216361595.0,"Digoxina 0,25mg Genérico Pharlab 20 Comprimidos","13,35","12,49",-6.4%,"12,49",-6.4%
SãoJoão,Disponível,306.0,13,7896023701900.0,Posdrink Vibe 250ml Citrus,"8,99","8,99",-,"8,99",-
SãoJoão,Disponível,306.0,14,7896685300183.0,Florax Pediátrico 5 Flaconetes 5ml Hebron,"41,99","38,90",-7.4%,"38,90",-7.4%
SãoJoão,Disponível,306.0,14,7896112114185.0,Losartana Potássica 50mg Genérico Teuto 30 Comprimidos Revestidos,"10,13","9,29",-8.3%,"9,29",-8.3%
SãoJoão,Disponível,306.0,13,7898148298877.0,Amoxicilina 250mg Genérico Prati Suspensão Oral 150ml,"28,60","15,90",-44.4%,"15,90",-44.4%
SãoJoão,Disponível,306.0,13,7897930761568.0,"Avicis Solução Capilar Galderma 0,025% 100ml","240,07","240,07",-,"240,07",-
SãoJoão,Disponível,306.0,14,7896112405832.0,Pitavastatina Cálcica 4mg 30 Comprimidos Genérico Biolab,"183,83","126,39",-31.2%,"126,39",-31.2%
SãoJoão,Disponível,306.0,12,7896523208107.0,Amoxicilina 500mg Generico Cimed 21 Cápsulas Duras,"29,54","25,59",-13.4%,"25,59",-13.4%
SãoJoão,Disponível,306.0,13,7896004729442.0,Atorvastatina 40mg 30 Comprimidos Revestidos Genérico EMS,"174,77","34,90",-80.0%,"34,90",-80.0%
SãoJoão,Disponível,306.0,13,7899420502330.0,Brasart 160mg 60 Comprimidos Revestidos Sigma,"60,58","60,58",-,"60,58",-
SãoJoão,Disponível,306.0,14,7897595637512.0,Levofloxacino 750mg 7 Comprimidos Revestidos Genérico Sandoz,"91,30","59,90",-34.4%,"59,90",-34.4%
SãoJoão,Disponível,306.0,13,7896181908890.0,Lotar 5mg+100mg 30 Cápsulas Aché,"91,56","73,25",-20.0%,"73,25",-20.0%
SãoJoão,Disponível,306.0,12,7896004779713.0,Dienogeste 2mg 30 Comprimidos Genérico Althaia,"79,13","61,79",-21.9%,"61,79",-21.9%
SãoJoão,Disponível,306.0,13,7896658005459.0,Flogoral Pastilhas Aché Sabor Menta 12 Unidades,"20,59","20,59",-,"20,59",-
SãoJoão,Disponível,306.0,14,7896004768298.0,Donepezila 10mg 30 Comprimidos Revestidos Genérico EMS (C1),"197,36","92,29",-53.2%,"92,29",-53.2%
SãoJoão,Disponível,306.0,12,7896676439236.0,Terocoxi 90mg 14 Comprimidos Cristália (C1),"106,91","91,79",-14.1%,"91,79",-14.1%
SãoJoão,Disponível,305.0,15,7896714291932.0,"Apixabana 2,5mg 60 Comprimidos Genérico Neo Química","247,06","119,90",-51.5%,"119,90",-51.5%
SãoJoão,Indisponível,305.0,12,0.0,Suplemento Alimentar Melatonina Sublingual SonoZzz Sabor Menta 30 Comprimidos,0,0,0,0,0
SãoJoão,Disponível,305.0,13,7898687734522.0,Vortioxetina 20mg 30 Comprimidos Revestidos Genérico Althaia (C1),"333,13","242,79",-27.1%,"242,79",-27.1%
SãoJoão,Disponível,305.0,13,7891317134068.0,"Pisa 1,5mg 30 Comprimidos de Liberação Prolongada Eurofarma (C1)","361,98","289,58",-20.0%,"289,58",-20.0%
SãoJoão,Disponível,305.0,15,7897917001762.0,Belfaren Gel 60g Belfar,"36,04","36,04",-,"36,04",-
SãoJoão,Disponível,305.0,12,7896004701233.0,Bromoprida Solução Oral 20ml Genérico Cimed,"22,83","21,59",-5.4%,"21,59",-5.4%
SãoJoão,Disponível,305.0,15,7897129301186.0,Micolamina Creme 20G Theraskin,"58,46","51,59",-11.8%,"51,59",-11.8%
SãoJoão,Disponível,305.0,13,7896004715803.0,Cefalexina Genérico EMS 500mg 8 Comprimidos,"36,01","22,99",-36.2%,"22,99",-36.2%
SãoJoão,Disponível,305.0,14,7896637034067.0,Miosan Odt 10mg 10 Comprimidos Apsen,"23,21","21,89",-5.7%,"21,89",-5.7%
SãoJoão,Disponível,305.0,12,7896255766401.0,Betaserc 24mg 30 Comprimidos Abbott,"72,53","60,09",-17.2%,"60,09",-17.2%
SãoJoão,Disponível,305.0,12,7891317488833.0,Fenticonazol 40g Genérico Eurofarma,"58,50","49,09",-16.1%,"49,09",-16.1%
SãoJoão,Disponível,305.0,13,7896112432401.0,"Novanlo 2,5mg 30 Comprimidos Biolab","41,81","35,79",-14.4%,"35,79",-14.4%
SãoJoão,Disponível,305.0,12,7898040328542.0,Clotrimix Creme Clotrimazol 10mg/g 20g,"32,66","27,76",-15.0%,"27,76",-15.0%
SãoJoão,Disponível,305.0,12,7896004713007.0,Topamax 100mg 60 Comprimidos Revestidos Janssen (C1),"289,15","104,89",-63.7%,"104,89",-63.7%
SãoJoão,Disponível,305.0,14,7898029558564.0,Valdoxan 25mg 28 Comprimidos Revestidos Servier (C1),"148,32","148,32",-,"148,32",-
SãoJoão,Disponível,305.0,13,7896004715230.0,Repoflor Pó para Solução Oral 4 Envelopes de 1g,"39,90","27,90",-30.1%,"27,90",-30.1%
SãoJoão,Disponível,305.0,12,4260747720739.0,Losec Mups 20mg 14 Comprimidos Revestidos Biopas,"264,50","264,50",-,"264,50",-
SãoJoão,Disponível,305.0,13,7898029551848.0,Daflon 900mg/100mg 30 Comprimidos Revestidos,"186,92","151,59",-18.9%,"151,59",-18.9%
SãoJoão,Disponível,305.0,12,7898687730289.0,Metilfenidato 10mg 30 Comprimidos Genérico Althaia (A3),"33,97","31,39",-7.6%,"31,39",-7.6%
SãoJoão,Indisponível,305.0,13,0.0,Haldol 2mg 30 ml Gotas Cellera (C1),0,0,0,0,0
SãoJoão,Disponível,305.0,12,7891010256661.0,Tylenol Multiplas Dores 4 Comprimidos Revestidos,"8,50","8,50",-,"8,50",-
SãoJoão,Disponível,305.0,12,7897337716284.0,"Mercilon 0,15mg/0,02mg 63 Comprimidos","174,77","118,84",-32.0%,"118,84",-32.0%
SãoJoão,Disponível,305.0,14,7897917001342.0,Promergan Creme Dermatológico 30g,"24,90","24,90",-,"24,90",-
SãoJoão,Disponível,305.0,14,7896641815027.0,Alektos Solução Oral 120ml,"89,62","76,89",-14.2%,"76,89",-14.2%
SãoJoão,Disponível,305.0,13,7891058061562.0,Rifocina Spray  Aventis 20Ml,"44,80","44,80",-,"44,80",-
SãoJoão,Disponível,305.0,15,7891317420840.0,Astro 500mg 5 Comprimidos Revestidos,"42,88","38,99",-9.1%,"38,99",-9.1%
SãoJoão,Disponível,305.0,12,7896083412310.0,Hipersinus Herbarium Spray 3% 100ml,"71,30","71,30",-,"71,30",-
SãoJoão,Disponível,305.0,15,7896422519830.0,Ibuprofeno 100mg Genérico Medley Suspensão Oral 20ml,"19,12","10,79",-43.6%,"10,79",-43.6%
SãoJoão,Disponível,305.0,14,7898040324049.0,Rosa 10mg 30 Comprimidos Revestidos FQM,"49,82","42,39",-14.9%,"42,39",-14.9%
SãoJoão,Disponível,305.0,13,7896226506388.0,Prolopa BD 100mg/25mg 60 Comprimidos,"129,78","129,78",-,"129,78",-
SãoJoão,Disponível,305.0,12,7896094930551.0,Curc AOX+ 60 Comprimidos Revestidos Mantecorp,"329,99","329,99",-,"329,99",-
SãoJoão,Disponível,305.0,13,7896658001871.0,Artrosil 320mg 20 Cápsulas Aché,"134,88","111,99",-17.0%,"111,99",-17.0%
SãoJoão,Disponível,305.0,13,7896422520539.0,Zodel 50mg 30 Comprimidos Revestidos Medley (C1),"184,21","184,21",-,"184,21",-
SãoJoão,Disponível,305.0,14,7896004711461.0,Maleato De Dexclorfeniramina 2mg Genérico Germed 20 Comprimidos,"16,20","14,29",-11.8%,"14,29",-11.8%
SãoJoão,Disponível,305.0,13,7896004749624.0,Tadalafila 5mg 30 Comprimidos Revestidos Genérico EMS,"118,13","24,90",-78.9%,"24,90",-78.9%
SãoJoão,Disponível,305.0,13,5702150151186.0,Lexapro 10mg 60 Comprimidos Lundbeck (C1),"550,97","446,29",-19.0%,"446,29",-19.0%
SãoJoão,Indisponível,305.0,13,0.0,Dermomax Creme 4% 5g Ache,0,0,0,0,0
SãoJoão,Disponível,305.0,14,7896676440973.0,Etod 500mg 14 Comprimidos Revestidos Cristália,"33,48","30,39",-9.2%,"30,39",-9.2%
SãoJoão,Disponível,305.0,13,7891317013677.0,Zina ODT 5mg 10 Comprimidos Eurofarma,"57,84","51,39",-11.2%,"51,39",-11.2%
SãoJoão,Indisponível,305.0,13,0.0,"Estomazil Laranja 462mg + 90mg + 438mg, envelope com 5g de pó Efervescente",0,0,0,0,0
SãoJoão,Disponível,304.0,13,7897917001397.0,Buscopan Composto 10mg + 250mg 4 Comprimidos Revestidos,"18,53","18,53",-,"18,53",-
SãoJoão,Disponível,304.0,13,7896046302047.0,Liposic Gel Oftálmico 10g,"56,42","48,49",-14.1%,"48,49",-14.1%
SãoJoão,Disponível,304.0,13,8903855090962.0,Leps ER 500mg 30 Comprimidos Revestidos Torrent (C1),"71,61","71,61",-,"71,61",-
SãoJoão,Disponível,304.0,13,7896241225127.0,"Ablok Plus 50mg+12,5mg 30 Comprimidos Biolab","47,83","40,99",-14.3%,"40,99",-14.3%
SãoJoão,Disponível,304.0,13,7897595634146.0,Zinnat 250mg 50ml Sandoz,"130,61","115,79",-11.3%,"115,79",-11.3%
SãoJoão,Disponível,304.0,13,7896004762098.0,Lacday 10 000U Fcc Enzima Lactase 8 Comprimidos Mastigáveis,"29,00","29,00",-,"29,00",-
SãoJoão,Disponível,304.0,13,7898430194399.0,Peg-Lax 250ml Morango Myralis,"52,99","52,99",-,"52,99",-
SãoJoão,Disponível,304.0,12,7896637033978.0,Atentah 40mg 30 Cápsulas Apsen (C1),"130,98","108,39",-17.2%,"108,39",-17.2%
SãoJoão,Disponível,304.0,13,7891317420833.0,Astro 500mg 2 Comprimidos Revestidos Eurofarma,"17,17","17,17",-,"17,17",-
SãoJoão,Disponível,304.0,12,7899547505252.0,Losartana Potássica Genérico Prati-Donaduzzi 50mg 30 Comprimidos Revestidos,"10,34","7,89",-23.7%,"7,89",-23.7%
SãoJoão,Disponível,304.0,13,7891317498764.0,Pantocal 20mg 28 Comprimidos Eurofarma,"52,77","52,77",-,"52,77",-
SãoJoão,Disponível,304.0,13,7896004780504.0,Rivaroxabana 15mg 30 Comprimidos Revestidos Genérico EMS,"256,86","49,90",-80.6%,"49,90",-80.6%
SãoJoão,Disponível,304.0,12,7896714267241.0,Hidroclorotiazida 50mg 20 Cápsulas Genérico Neo Química,"6,94","4,99",-28.1%,"4,99",-28.1%
SãoJoão,Disponível,304.0,14,7898040324063.0,Rosa 20mg 30 Comprimidos Revestidos FQM,"82,35","67,79",-17.7%,"67,79",-17.7%
SãoJoão,Disponível,304.0,12,7896422504812.0,Clotrimazol Creme Genérico EMS 10mg/g 20g,"18,70","14,90",-20.3%,"14,90",-20.3%
SãoJoão,Disponível,304.0,13,7899640809806.0,"Olsar H 40mg+12,5mg 30 Comprimidos Revestidos Momenta","83,22","68,79",-17.3%,"68,79",-17.3%
SãoJoão,Disponível,304.0,12,7891142115799.0,Oximax 200mcg 30 Cápsulas Mantecorp,"88,38","88,38",-,"88,38",-
SãoJoão,Indisponível,304.0,12,0.0,Andrum 20mg/ml 5ml Aché,0,0,0,0,0
SãoJoão,Disponível,304.0,13,7896658017247.0,Osteotrat 35Mg 4 Comprimidos Revestidos Ache,"105,00","105,00",-,"105,00",-
SãoJoão,Disponível,304.0,13,7891106905886.0,Cicloprimogyna 21 Comprimidos Bayer,"15,03","15,03",-,"15,03",-
SãoJoão,Disponível,304.0,13,7896094207776.0,Stanglit 45mg 30 Comprimidos Libbs,"242,56","194,05",-20.0%,"194,05",-20.0%
SãoJoão,Disponível,304.0,13,7896261005181.0,Tylenol 750mg 20 Comprimidos,"96,77","77,42",-20.0%,"77,42",-20.0%
SãoJoão,Disponível,304.0,13,7891317490133.0,Antrofi CR 30g 20 Aplicações Eurofarma,"101,47","86,09",-15.2%,"86,09",-15.2%
SãoJoão,Disponível,304.0,13,7898040329570.0,Floratil 200mg em Pó 4 Envelopes,"39,27","33,39",-15.0%,"33,39",-15.0%
SãoJoão,Disponível,304.0,13,7898216361076.0,Escopen Composto 20 Comprimidos Revestidos Pharlab,"18,90","18,90",-,"18,90",-
SãoJoão,Disponível,304.0,12,7896422520546.0,Zodel 100mg 30 Comprimidos Revestidos Medley (C1),"211,83","211,83",-,"211,83",-
SãoJoão,Disponível,304.0,13,7891317489595.0,Ginna Creme Ginecológico 40g + 7 Aplicadores,"48,87","44,19",-9.6%,"44,19",-9.6%
SãoJoão,Disponível,304.0,13,7896241228142.0,Vaslip Biolab 20mg 30 Comprimidos Revestidos,"47,46","39,59",-16.6%,"39,59",-16.6%
SãoJoão,Disponível,304.0,13,7896004748214.0,Quetiapina 25mg 30 Comprimidos Revestidos Genérico EMS (C1),"59,87","15,10",-74.8%,"15,10",-74.8%
SãoJoão,Disponível,304.0,13,7896004728766.0,Creme Nitrato de Fenticonazol 40g Genérico EMS,"61,26","42,09",-31.3%,"42,09",-31.3%
SãoJoão,Disponível,304.0,15,7897705203071.0,"Wegovy 0,25mg 1,5ml Novo Nordisk","1284,04","1284,04",-,"1284,04",-
SãoJoão,Disponível,304.0,15,7891010256470.0,Benalet Menta 12 Pastilhas,"41,52","38,69",-6.8%,"38,69",-6.8%
SãoJoão,Disponível,304.0,13,7896015520311.0,Clavulin 500Mg 21 Comprimidos Gsk,"164,61","164,61",-,"164,61",-
SãoJoão,Disponível,304.0,12,7894916515832.0,"Vynaxa 2,5mg 30 Comprimidos Revestidos","69,88","69,88",-,"69,88",-
SãoJoão,Disponível,304.0,13,7892953208526.0,Iludral 500mg 30 Comprimidos Adium (C1),"87,77","71,19",-18.9%,"71,19",-18.9%
SãoJoão,Disponível,304.0,13,7891317134334.0,Quet XR 50mg 30 Comprimidos Revestidos Eurofarma (C1),"175,96","140,77",-20.0%,"140,77",-20.0%
SãoJoão,Indisponível,303.0,13,0.0,Culturelle Junior 6 Sachês Cellera,0,0,0,0,0
SãoJoão,Disponível,303.0,13,7896641801792.0,Pomada Proctyl 30g + 10 Aplicadores Takeda,"94,53","83,09",-12.1%,"83,09",-12.1%
SãoJoão,Disponível,303.0,14,7891721202889.0,Levotiroxina Sódica 125mcg Genérico Merck 30 Comprimidos,"16,31","14,89",-8.7%,"14,89",-8.7%
SãoJoão,Disponível,303.0,14,7897337716888.0,Zetsim 10+40mg 30 Comprimidos Supera,"165,92","165,92",-,"165,92",-
SãoJoão,Disponível,303.0,13,7896004792323.0,Levetiracetam 100mg 150ml Solução Oral Genérico EMS (C1),"111,10","85,89",-22.7%,"85,89",-22.7%
SãoJoão,Disponível,303.0,14,7896382705342.0,Cialis 20mg 1 Comprimido Revestido Lilly,"83,01","83,01",-,"83,01",-
SãoJoão,Disponível,303.0,12,7891058005566.0,Novalgina Dipirona Infanitl Dor e Febre Solução Oral 50mg/ml 100ml,"48,44","34,99",-27.8%,"34,99",-27.8%
SãoJoão,Disponível,303.0,14,7897411601505.0,Gel Hirudoid 300 40g Sankyo,"41,88","38,49",-8.1%,"38,49",-8.1%
SãoJoão,Disponível,303.0,14,7896637025553.0,Allexofedrin 120mg 10 Comprimidos Revestidos,"305,77","244,62",-20.0%,"244,62",-20.0%
SãoJoão,Disponível,303.0,12,7892953209400.0,Nusira 25mg + 25mg 30 Comprimidos Adium (A2),"135,93","108,74",-20.0%,"108,74",-20.0%
SãoJoão,Disponível,303.0,13,7898258951518.0,Própolis Propion 30ml Gotas Baldoni,"39,90","39,90",-,"39,90",-
SãoJoão,Disponível,303.0,14,7896422513951.0,Venlafaxina 75mg 30 Cápsulas Genérico Germed (C1),"105,77","35,99",-66.0%,"35,99",-66.0%
SãoJoão,Disponível,303.0,13,7896094209558.0,Velija 60mg 60 Cápsulas,"264,72","211,78",-20.0%,"211,78",-20.0%
SãoJoão,Disponível,303.0,13,7896004759975.0,Lacday EMS 10 000FCC 60 Comprimidos Mastigáveis,"129,90","129,90",-,"129,90",-
SãoJoão,Disponível,303.0,13,7896094922228.0,Eparema Hortelã Flaconete 10ml,"20,23","20,23",-,"20,23",-
SãoJoão,Disponível,303.0,13,7891268100228.0,Aldactone 50mg 30 Comprimidos Pfizer,"69,59","58,89",-15.4%,"58,89",-15.4%
SãoJoão,Disponível,303.0,12,7896009498459.0,Alivium 400mg 10 Cápsulas Moles,"50,80","33,00",-35.0%,"33,00",-35.0%
SãoJoão,Disponível,303.0,12,7896641804441.0,Xantinon Complex 10Ml Nova Embtakeda Avulso,"18,55","18,55",-,"18,55",-
SãoJoão,Disponível,303.0,12,7897572020283.0,Januvia 25mg 28 Comprimidos Revestidos,"86,21","68,97",-20.0%,"68,97",-20.0%
SãoJoão,Disponível,303.0,13,7896637024723.0,Labirin 24mg 60 Comprimidos Apsen,"65,65","65,65",-,"65,65",-
SãoJoão,Disponível,303.0,14,7896523207988.0,Dexclorfeniramina + Betametasona 120ml Genérico Cimed,"15,91","7,85",-50.7%,"7,85",-50.7%
SãoJoão,Disponível,303.0,12,7896094201354.0,Dioless 150mcg + 20mcg 21 Comprimidos Revestidos,"46,04","39,19",-14.9%,"39,19",-14.9%
SãoJoão,Disponível,303.0,12,7896317909760.0,Bioflan 250mg 30 Comprimidos Revestidos Myralis,"147,71","147,71",-,"147,71",-
SãoJoão,Disponível,303.0,12,7894916207546.0,Somalgin Cardio 325mg 32 Comprimidos Sigma,"47,42","40,19",-15.2%,"40,19",-15.2%
SãoJoão,Disponível,303.0,13,5702191007961.0,Verutex B Creme 15G Roche,"106,22","93,89",-11.6%,"93,89",-11.6%
SãoJoão,Disponível,303.0,12,7898962943144.0,Luftal Infantil 15ml Reckitt,"69,15","55,30",-20.0%,"55,30",-20.0%
SãoJoão,Disponível,303.0,13,7896637029155.0,Insit 150mg 30 Cápsulas Apsen (C1),"171,64","139,09",-19.0%,"139,09",-19.0%
SãoJoão,Disponível,303.0,13,7891106915649.0,Firialta 20mg Caixa 28 Comprimidos Revestidos,"214,81","171,85",-20.0%,"171,85",-20.0%
SãoJoão,Disponível,303.0,14,7896165600406.0,Pentasa 1g 28Sup Ferring,"884,82","884,82",-,"884,82",-
SãoJoão,Disponível,303.0,14,7894916512466.0,Quicard 35mg 30 Comprimidos Revestidos Liberação Prolongada Germed,"79,96","67,09",-16.1%,"67,09",-16.1%
SãoJoão,Disponível,303.0,13,7898700412567.0,Paracetamol 15ml Genérico União Química,"14,99","14,99",-,"14,99",-
SãoJoão,Disponível,303.0,12,7896658020995.0,Motore 250mg 120 Comprimidos Ache,"284,47","284,47",-,"284,47",-
SãoJoão,Disponível,303.0,12,7899420508639.0,Multi-Bi 495mg 5 Cápsulas Blíster Supera,"69,05","69,05",-,"69,05",-
SãoJoão,Disponível,303.0,13,7891317003067.0,"Siblima 0,015mg/0,060mg 24 Comprimidos Revestidos","30,48","26,99",-11.5%,"26,99",-11.5%
SãoJoão,Disponível,303.0,13,7898430194283.0,"Nasoar Infantil 0,9%, caixa com refil de 15 envelopes com 1,080g de granulado","37,99","28,49",-25.0%,"28,49",-25.0%
SãoJoão,Disponível,303.0,16,7895296449823.0,"Naratriptana 2,5mg 10 Comprimidos Revestidos Genérico Nova Química","41,00","21,90",-46.6%,"21,90",-46.6%
SãoJoão,Disponível,303.0,14,7891142142214.0,Pomada Diprosalic 30g Mantecorp,"45,05","40,29",-10.6%,"40,29",-10.6%
SãoJoão,Disponível,303.0,12,7896094930810.0,Rinosoro Alto Volume Baby 15 Sachês Hypera,"36,70","34,69",-5.5%,"34,69",-5.5%
SãoJoão,Disponível,302.0,14,7896382706493.0,Insulina Humalog Kwikpen Mix 25 3Ml Lilly,"80,28","63,59",-20.8%,"63,59",-20.8%
SãoJoão,Disponível,302.0,13,7896676408010.0,Tramadon 100mg 10 Cápsulas Duras,"93,40","78,99",-15.4%,"78,99",-15.4%
SãoJoão,Disponível,302.0,12,7896658034978.0,Pant 50mg/ml 50ml Refil Aché,"71,89","63,09",-12.2%,"63,09",-12.2%
SãoJoão,Disponível,302.0,13,7891058009205.0,Lantus Insulina Glargina Aventis 100UI/ml 1 Ampola 10ml,"347,06","277,65",-20.0%,"277,65",-20.0%
SãoJoão,Disponível,302.0,13,7896094206533.0,Venzer 8mg 30 Comprimidos,"98,33","78,59",-20.1%,"78,59",-20.1%
SãoJoão,Disponível,302.0,12,7896637022552.0,"Norestin 0,35mg 35 Comprimidos","44,74","39,29",-12.2%,"39,29",-12.2%
SãoJoão,Disponível,302.0,12,7891317439347.0,Noex 64mcg 120 Doses Eurofarma,"81,23","69,29",-14.7%,"69,29",-14.7%
SãoJoão,Disponível,302.0,13,7896331700459.0,Pomada Proctosan 20g Hertz,"35,90","33,29",-7.3%,"33,29",-7.3%
SãoJoão,Disponível,302.0,14,7896094927889.0,Eparema 10 Drágeas Hypera Pharma,"24,70","24,70",-,"24,70",-
SãoJoão,Disponível,302.0,15,7896004743424.0,Lipiblock 120mg 60 Cápsulas Germed,"283,34","283,34",-,"283,34",-
SãoJoão,Disponível,302.0,12,7897595634894.0,Razapina 45mg 28 Comprimidos Revestidos Moksha8 (C1),"262,40","209,92",-20.0%,"209,92",-20.0%
SãoJoão,Disponível,302.0,13,7896094921207.0,"Estomazil Abacaxi 462mg + 90mg + 438mg, envelope com 5g de pó Efervescente","15,31","12,25",-20.0%,"12,25",-20.0%
SãoJoão,Disponível,302.0,14,7896658046759.0,Edifican 150mg 3 Comprimidos Ache,"58,99","58,99",-,"58,99",-
SãoJoão,Disponível,302.0,12,7896269901195.0,Lamictal 25mg 30 Comprimidos GSK (C1),"193,24","193,24",-,"193,24",-
SãoJoão,Disponível,302.0,12,7896523227092.0,Aceclofenaco 100mg 12 Comprimidos Revestidos Genérico Cimed,"47,97","47,97",-,"47,97",-
SãoJoão,Disponível,302.0,14,7908134200422.0,Gynpro 200mg 30 Cápsulas Exeltis,"159,46","131,99",-17.2%,"131,99",-17.2%
SãoJoão,Disponível,302.0,14,7898029550810.0,"Triplixam 5 + 1,25 + 10mg 30 Comprimidos Revestidos Servier","98,91","83,19",-15.9%,"83,19",-15.9%
SãoJoão,Disponível,302.0,13,7896004700403.0,Diltiazem 60mg 50 Comprimidos Genérico EMS,"49,49","41,39",-16.4%,"41,39",-16.4%
SãoJoão,Disponível,302.0,13,7898216367955.0,Urbanil 10mg 20 Comprimidos,"19,81","17,29",-12.7%,"17,29",-12.7%
SãoJoão,Disponível,302.0,14,7896658053993.0,Alenthus XR 75mg 30 Cápsulas Cellera (C1),"117,11","94,69",-19.1%,"94,69",-19.1%
SãoJoão,Disponível,302.0,14,7891142115126.0,Alivium 600mg 10 Cápsulas Moles,"49,23","44,99",-8.6%,"44,99",-8.6%
SãoJoão,Disponível,302.0,13,7891317010478.0,Klev 10mg 30 Comprimidos,"216,30","174,39",-19.4%,"174,39",-19.4%
SãoJoão,Disponível,302.0,14,7896658053986.0,Omepramix Ibp 7 Cartelas 28 Comprimidos Ache,"269,85","232,79",-13.7%,"232,79",-13.7%
SãoJoão,Disponível,302.0,14,7897595901521.0,Clorana 25mg 30 Comprimidos Sanofi,"15,43","14,39",-6.7%,"14,39",-6.7%
SãoJoão,Disponível,302.0,12,7898133139277.0,Hidralyte Solução Oral Sabor Laranja 500ml,"18,90","18,90",-,"18,90",-
SãoJoão,Disponível,302.0,14,7897337709354.0,"Hyzaar 50mg+12,5mg 30 Comprimidos Organon","79,44","79,44",-,"79,44",-
SãoJoão,Disponível,302.0,12,7896637028202.0,Lonium 40mg 30 Comprimidos Revestidos,"81,75","69,19",-15.4%,"69,19",-15.4%
SãoJoão,Disponível,302.0,13,7899420507748.0,Passare 900+100mg 30 Comprimidos Revestidos Germed,"157,92","127,29",-19.4%,"127,29",-19.4%
SãoJoão,Disponível,302.0,13,7896658026904.0,Capy 50mg/ml Solução Capilar 50ml,"86,30","75,89",-12.1%,"75,89",-12.1%
SãoJoão,Disponível,301.0,14,7898582380350.0,Tramal 50mg 20 Cápsulas (A2),"169,62","141,69",-16.5%,"141,69",-16.5%
SãoJoão,Disponível,301.0,12,7891058226718.0,Sabril 500mg 60 Comprimidos Aventis (C1),"488,47","488,47",-,"488,47",-
SãoJoão,Disponível,301.0,13,7894916550123.0,Tenadren 80+25mg 30 Comprimidos Sigma Pharma,"27,97","24,79",-11.4%,"24,79",-11.4%
SãoJoão,Disponível,301.0,13,5060632500878.0,Estreva Gel 50g Farma Vision,"95,62","79,09",-17.3%,"79,09",-17.3%
SãoJoão,Disponível,301.0,12,7898148291984.0,Ciprofloxacino 500mg 14 Comprimidos Revestidos Genérico Prati,"44,40","34,90",-21.4%,"34,90",-21.4%
SãoJoão,Disponível,301.0,12,7891721201806.0,Glifage XR 500mg 30 Comprimidos,"11,81","8,49",-28.1%,"8,49",-28.1%
SãoJoão,Disponível,301.0,15,7896004742069.0,Esomeprazol 20mg 28 Comprimidos Revestidos Genérico EMS,"87,41","49,90",-42.9%,"49,90",-42.9%
SãoJoão,Disponível,301.0,13,7896004718446.0,Dipirona 500mg 20ml Genérico EMS,"16,59","10,09",-39.2%,"10,09",-39.2%
SãoJoão,Disponível,301.0,13,7896181900740.0,Busonid 200mcg 60 Cápsulas Aché,"53,83","46,49",-13.6%,"46,49",-13.6%
SãoJoão,Disponível,301.0,12,7891317460532.0,Noex 32mcg 120 Doses Eurofarma,"45,92","41,19",-10.3%,"41,19",-10.3%
SãoJoão,Disponível,301.0,12,7896004701233.0,Bromoprida Solução Oral Genérico Prati 20ml,"22,83","21,59",-5.4%,"21,59",-5.4%
SãoJoão,Disponível,301.0,12,7896658021725.0,Adipept 40mg 14 Comprimidos Revestidos Aché,"42,86","42,86",-,"42,86",-
SãoJoão,Disponível,301.0,12,7894916508162.0,Lipistat 10mg 60 Comprimidos Revestidos EMS-Sigma,"167,33","167,33",-,"167,33",-
SãoJoão,Disponível,301.0,14,7896004710464.0,Acebrofilina Xarope Infantil 120ml Genérico EMS,"30,83","28,49",-7.6%,"28,49",-7.6%
SãoJoão,Disponível,301.0,13,7896641807343.0,Mesacol MMX 1200mg 30 Comprimidos Revestidos Takeda,"442,64","354,11",-20.0%,"354,11",-20.0%
SãoJoão,Disponível,301.0,12,7896422506229.0,Dipirona Solução Oral Genérico Medley 500mg/ml 10ml,"13,67","7,99",-41.6%,"7,99",-41.6%
SãoJoão,Disponível,301.0,12,7899640807512.0,Torante 15mg/ml Xarope 100ml,"65,17","58,09",-10.9%,"58,09",-10.9%
SãoJoão,Disponível,301.0,12,7896186002944.0,Pomada DermatológicaTrok 10g,"4,99","4,99",-,"4,99",-
SãoJoão,Disponível,301.0,13,7891317485764.0,Duomo HP 2mg/5mg 60 Cápsulas Duras,"203,08","162,46",-20.0%,"162,46",-20.0%
SãoJoão,Indisponível,301.0,15,0.0,Buscofem 400mg 2 Cápsulas Avulsos,0,0,0,0,0
SãoJoão,Disponível,301.0,12,7896637018012.0,Artane Apsen 2mg 30 Comprimidos (B1),"15,87","14,49",-8.7%,"14,49",-8.7%
SãoJoão,Disponível,301.0,12,7896004716299.0,Paracetamol Bebê 100mg 15ml Solução Genérico EMS,"27,30","21,89",-19.8%,"21,89",-19.8%
SãoJoão,Disponível,301.0,12,7908733201578.0,Acetilcisteína 20mg/ml 100ml Momentos,"24,90","24,90",-,"24,90",-
SãoJoão,Disponível,301.0,13,7896658039287.0,Mensyva 200mg 30 Comprimidos Ache (C1),"237,14","237,14",-,"237,14",-
SãoJoão,Disponível,301.0,12,7896523226798.0,Meloxicam 15mg 10 Comprimidos Genérico Pharlab,"42,72","18,29",-57.2%,"18,29",-57.2%
SãoJoão,Disponível,301.0,14,7896181909248.0,Bromazepam 6mg 30 Comprimidos Genérico Biosintética (B1),"36,21","36,21",-,"36,21",-
SãoJoão,Disponível,301.0,15,7891142198464.0,Zetia 10mg 60 Comprimidos Supera,"108,51","88,19",-18.7%,"88,19",-18.7%
SãoJoão,Disponível,301.0,12,7896226506142.0,Tylenol 750mg 10 Comprimidos,"383,83","321,89",-16.1%,"321,89",-16.1%
SãoJoão,Disponível,301.0,12,7896382703614.0,Cialis Lilly 20mg 2 Comprimidos Revestidos,"165,96","137,99",-16.9%,"137,99",-16.9%
SãoJoão,Disponível,301.0,13,7896112406457.0,Embo 5mg 20 Comprimidos Revestidos Biolab,"77,97","77,97",-,"77,97",-
SãoJoão,Disponível,301.0,12,7898216365685.0,Azitromicina 600mg 15ml Genérico Pharlab,"36,22","33,69",-7.0%,"33,69",-7.0%
SãoJoão,Disponível,300.0,14,7896006219583.0,Codex 500mg + 30mg 36 Comprimidos Genom (A2),"59,17","51,79",-12.5%,"51,79",-12.5%
SãoJoão,Disponível,300.0,13,7891317023362.0,"Molieri 20 Sem Parar 3+0,02MG 30 Comprimidos Revestidos Eurofarma","73,03","61,59",-15.7%,"61,59",-15.7%
SãoJoão,Disponível,300.0,12,7898037080354.0,Complexo Homeopático Almeida Prado 35 60 Comprimidos,"33,99","33,99",-,"33,99",-
SãoJoão,Disponível,300.0,12,7896658002076.0,Levoid 38mcg 30 Comprimidos Aché,"12,11","11,39",-5.9%,"11,39",-5.9%
SãoJoão,Disponível,300.0,12,7896094201774.0,Pomada Topison 1mg 20g Libbs,"74,60","65,89",-11.7%,"65,89",-11.7%
SãoJoão,Disponível,300.0,13,7896004746937.0,Ezetimiba 10mg 30 Comprimidos Genérico EMS,"99,47","28,99",-70.9%,"28,99",-70.9%
SãoJoão,Disponível,300.0,15,7899547515022.0,Permetrina 10mg/g 60ml Genérico Prati,"25,97","23,69",-8.8%,"23,69",-8.8%
SãoJoão,Disponível,300.0,12,7896006206781.0,Demedrox 150Mg/Ml Injetavel 1 Ampola+Seringa Genom,"53,13","46,79",-11.9%,"46,79",-11.9%
SãoJoão,Indisponível,300.0,13,0.0,"Condroflex Tangerina Pó para Solução Oral 30 Sachês de 4,135g",0,0,0,0,0
SãoJoão,Disponível,300.0,13,7897322706528.0,Cafilisador 16 Comprimidos Farmasa,"49,06","49,06",-,"49,06",-
SãoJoão,Disponível,300.0,14,7896004781402.0,Etoricoxibe 60mg 14 Comprimidos Revestidos Genérico EMS (C1),"98,06","81,99",-16.4%,"81,99",-16.4%
SãoJoão,Disponível,300.0,12,7896676410228.0,Neural 50mg 30 Comprimidos Cristalia (C1),"55,39","45,29",-18.2%,"45,29",-18.2%
SãoJoão,Disponível,300.0,13,7896094999411.0,Dramin Capsgel 50mg 10 Cápsulas Moles,"23,74","23,74",-,"23,74",-
SãoJoão,Disponível,300.0,13,7899785200612.0,Ambroxmel Mel/Eucalipto 30ml,"11,90","11,90",-,"11,90",-
SãoJoão,Disponível,300.0,14,7896637032209.0,Eno Probiótico 30 Cápsulas,"135,90","135,90",-,"135,90",-
SãoJoão,Disponível,300.0,13,7896004789408.0,Brixag 2mg+5mg 5ml Legrand,"108,91","86,99",-20.1%,"86,99",-20.1%
SãoJoão,Disponível,300.0,12,7891317005832.0,Rusovas 20mg COM 30 Comprimidos Revestidos Germed,"98,87","80,89",-18.2%,"80,89",-18.2%
SãoJoão,Disponível,300.0,13,7896658049491.0,Runner EZE 20+10mg 30 Comprimidos Biosintética,"81,76","81,76",-,"81,76",-
SãoJoão,Disponível,300.0,13,7898948648087.0,Androgel Gel Transdérmico 50mg 10mg/g 30 Envelopes de 5g,"339,79","271,83",-20.0%,"271,83",-20.0%
SãoJoão,Disponível,300.0,14,7892953208304.0,Amytril 10mg 30 Cápsulas Supera (C1),"192,66","154,13",-20.0%,"154,13",-20.0%
SãoJoão,Indisponível,300.0,12,0.0,"Olina 0,18mL/ml + 4mg/ml Essência de Vida 60ml",0,0,0,0,0
SãoJoão,Disponível,300.0,12,7891317101961.0,"Azitromicina Genérico Eurofarma 1500mg 37,5ml","48,16","44,59",-7.4%,"44,59",-7.4%
SãoJoão,Disponível,300.0,13,7896255717717.0,Teolong 100mg 30 Cápsulas Abbott,"25,73","22,89",-11.0%,"22,89",-11.0%
SãoJoão,Disponível,300.0,13,7891045029094.0,Dicoxibe 200Mg 30 Cápsulas Upjohn (C1),"195,67","195,67",-,"195,67",-
SãoJoão,Disponível,300.0,13,7896523201573.0,Cimecort Creme Dermatológico 30g,"22,69","10,89",-52.0%,"10,89",-52.0%
SãoJoão,Disponível,300.0,13,7896676412246.0,Risperidona 3mg 30 Comprimidos Revestido Supera,"77,22","77,22",-,"77,22",-
SãoJoão,Disponível,300.0,13,7897337706384.0,Cozaar 50mg 30 Comprimidos Revestidos,"68,97","57,09",-17.2%,"57,09",-17.2%
SãoJoão,Disponível,300.0,14,7896523200491.0,Loratamed D Xarope 60ml,"24,90","18,89",-24.1%,"18,89",-24.1%
SãoJoão,Disponível,300.0,14,7896241248430.0,Sintezys 150mg 3 Comprimidos Biolab,"125,27","125,27",-,"125,27",-
SãoJoão,Indisponível,300.0,13,0.0,Vick VapoBanho 3 Pastilhas,0,0,0,0,0
SãoJoão,Disponível,300.0,14,7894916515801.0,Vynaxa 15mg 28 Comprimidos Revestidos,"69,88","69,88",-,"69,88",-
SãoJoão,Disponível,300.0,13,7896023701924.0,Posdrink Vibe 250ml Frutas Vermelhas,"8,99","8,99",-,"8,99",-
SãoJoão,Disponível,300.0,12,7898687731552.0,Ondansetrona 4mg 10 Comprimidos Orodispersíveis Genérico Althaia,"23,61","23,61",-,"23,61",-
SãoJoão,Disponível,299.0,14,7896016809002.0,Analgésico Nuromol 4 comprimidos - Ibuprofeno e Paracetamol,"12,04","12,04",-,"12,04",-
SãoJoão,Disponível,299.0,14,5702191025637.0,Azelan 30g Gel Leofarma,"83,36","75,39",-9.6%,"75,39",-9.6%
SãoJoão,Disponível,299.0,13,7891317013783.0,Aires 600mg 16env Momenta,"100,52","86,49",-14.0%,"86,49",-14.0%
SãoJoão,Disponível,299.0,13,7891317010751.0,Dexalgen Injetável 3 Ampolas 1ml + 3 Ampolas 2ml,"52,87","47,39",-10.4%,"47,39",-10.4%
SãoJoão,Disponível,299.0,13,7891268130072.0,Zitromax Pfizer 500mg 2 Comprimidos Revestidos,"45,04","45,04",-,"45,04",-
SãoJoão,Disponível,299.0,12,7898079009122.0,"Saya Control 1,5mg 1 Comprimido DKT","11,75","8,99",-23.5%,"8,99",-23.5%
SãoJoão,Disponível,299.0,13,7896422528771.0,Zinpass 20mg 60 Comprimidos Revestidos Medley,"214,46","214,46",-,"214,46",-
SãoJoão,Disponível,299.0,14,7896422528764.0,Zinpass 20mg 30 Comprimidos Revestidos Medley,"119,11","95,29",-20.0%,"95,29",-20.0%
SãoJoão,Disponível,299.0,13,7891058001155.0,Novalgina 1G 10 Comprimidos Dipirona,"25,43","19,99",-21.4%,"19,99",-21.4%
SãoJoão,Disponível,299.0,12,7896004768298.0,Donepezila + Memantina 10 + 20mg 30 Comprimidos Genérico EMS (C1),"197,36","92,29",-53.2%,"92,29",-53.2%
SãoJoão,Disponível,299.0,14,7891058002985.0,Insulina Apidra Solostar 3Ml Sanofi,"48,00","42,29",-11.9%,"42,29",-11.9%
SãoJoão,Disponível,299.0,13,7899420509100.0,"Roxetin XR 12,5mg 30 Comprimidos Revestidos Supera (C1)","134,31","108,09",-19.5%,"108,09",-19.5%
SãoJoão,Disponível,299.0,13,7896676407921.0,Tramodon 100Mg 10Ml Gotas Cristalia (A2),"98,43","83,69",-15.0%,"83,69",-15.0%
SãoJoão,Disponível,299.0,15,7896112110354.0,Aminofilina 200mg Genérico Teuto 20 Comprimidos,"7,37","6,79",-7.9%,"6,79",-7.9%
SãoJoão,Disponível,299.0,13,7897411650787.0,Benicar ODT 20mg 30 Comprimidos Sankyo,"83,42","66,74",-20.0%,"66,74",-20.0%
SãoJoão,Disponível,299.0,15,7896658005084.0,Nisulid Disp 12 comprimidos,"73,99","64,39",-13.0%,"64,39",-13.0%
SãoJoão,Disponível,299.0,12,7891106909495.0,Gynotran 750mg/200mg 7 Óvulos + 14 Dedeiras,"121,13","103,69",-14.4%,"103,69",-14.4%
SãoJoão,Disponível,299.0,12,7896658033582.0,Magnazia Abacaxi 153mg/200mg/25mg 30 Comprimidos,"55,35","46,69",-15.6%,"46,69",-15.6%
SãoJoão,Indisponível,299.0,13,0.0,"Gastrol 185mg + 231,5mg + 178mg 10 Pastilhas",0,0,0,0,0
SãoJoão,Disponível,299.0,12,7896523200057.0,HederaFlux 100ml Sabor Cereja Hertz,"24,90","24,90",-,"24,90",-
SãoJoão,Disponível,299.0,16,7896083412082.0,Colidis Solução Oral 10ml,"104,99","89,24",-15.0%,"89,24",-15.0%
SãoJoão,Disponível,299.0,12,7894916515337.0,Brasart BCC 320+5mg 60 Comprimidos Revestidos Sigma,"199,02","199,02",-,"199,02",-
SãoJoão,Disponível,299.0,12,7894916500715.0,Finastil Sigma Pharma 5mg 30 Comprimidos,"132,26","132,26",-,"132,26",-
SãoJoão,Disponível,299.0,12,7896685300497.0,Bromelin Spray Solucão Oral 50ml,"62,04","57,19",-7.8%,"57,19",-7.8%
SãoJoão,Disponível,299.0,12,7894916516228.0,Suplemento Alimentar Fixare Flex 120 Comprimidos,"332,56","332,56",-,"332,56",-
SãoJoão,Disponível,299.0,12,7896658028496.0,Steaton 200mg 60 Cápsulas,"140,87","121,19",-14.0%,"121,19",-14.0%
SãoJoão,Disponível,299.0,12,8903855084985.0,VeePi 750mg 60 Comprimidos Torrent (C1),"254,58","254,58",-,"254,58",-
SãoJoão,Disponível,299.0,14,7898133137358.0,Hidraplex Pó 4 Envelopes Uva Natulab,"21,90","21,90",-,"21,90",-
SãoJoão,Disponível,299.0,12,7896523214092.0,Diclofenaco Potássico 50mg Genérico EMS 10 Comprimidos Revestidos,"16,16","14,39",-11.0%,"14,39",-11.0%
SãoJoão,Disponível,299.0,13,300651429206.0,Oftane Colirio 15Ml Alcon,"97,65","97,65",-,"97,65",-
SãoJoão,Indisponível,299.0,12,0.0,Gargotricin Prevent Sabor Mel e Limão 12 Pastilhas,0,0,0,0,0
SãoJoão,Disponível,299.0,13,7793640000143.0,Aspirina Bayer 500mg 10 Comprimidos,"18,26","18,26",-,"18,26",-
SãoJoão,Disponível,299.0,14,7891317436148.0,"Astro 900mg Suspensão Oral 22,5ml Eurofarma","81,66","71,49",-12.5%,"71,49",-12.5%
SãoJoão,Disponível,298.0,13,7896637022316.0,Inibina 10Mg 20 Comprimidos Apsen,"117,82","117,82",-,"117,82",-
SãoJoão,Disponível,298.0,13,7898957806355.0,Blefos 120ml Higienizante Ocular,"65,61","65,61",-,"65,61",-
SãoJoão,Disponível,298.0,13,7891317004217.0,Preni Solução 3mg/ml 60ml Eurofarma,"28,35","28,35",-,"28,35",-
SãoJoão,Disponível,298.0,13,7793640000143.0,Analgésico Aspirina 500mg  Bayer 20 comprimidos,"18,26","18,26",-,"18,26",-
SãoJoão,Disponível,298.0,13,7896658023354.0,Montelair 5mg 30 Comprimidos Mast Aché,"77,96","66,39",-14.8%,"66,39",-14.8%
SãoJoão,Disponível,298.0,13,7896026300988.0,Anador Opella 500mg 24 Comprimidos,"29,62","27,69",-6.5%,"27,69",-6.5%
SãoJoão,Disponível,298.0,16,7897595634184.0,Zinnat 500mg 20 Comprimidos Sandoz,"451,99","451,99",-,"451,99",-
SãoJoão,Indisponível,298.0,13,0.0,"Advipro 11,6mg 60g Gel GSK",0,0,0,0,0
SãoJoão,Disponível,298.0,12,7896253902580.0,Betaserc 24mg 60 Comprimidos,"124,46","102,29",-17.8%,"102,29",-17.8%
SãoJoão,Disponível,298.0,12,7891106906005.0,Primogyna 1mg 28 Drágeas Bayer,"56,71","47,39",-16.4%,"47,39",-16.4%
SãoJoão,Disponível,298.0,13,7896112400387.0,Ondansetrona 4mg 10 Comprimidos Genérico Biolab,"25,99","25,99",-,"25,99",-
SãoJoão,Disponível,298.0,12,7896015591953.0,Enomagno Leite de Magnésia Tradicional 120ml,"21,99","21,99",-,"21,99",-
SãoJoão,Disponível,298.0,12,7896523227559.0,Finasterida 5mg 30 Comprimidos Revestidos Genérico Cimed,"126,13","32,49",-74.2%,"32,49",-74.2%
SãoJoão,Disponível,298.0,15,7896714291932.0,Apixabana 5mg 60 Comprimidos Genérico Neo Química,"247,06","119,90",-51.5%,"119,90",-51.5%
SãoJoão,Disponível,298.0,12,7898569760465.0,Rosuvastatina 10mg 60 Comprimidos Revestidos Genérico Althaia,"71,07","54,90",-22.8%,"54,90",-22.8%
SãoJoão,Disponível,298.0,12,7898037080828.0,Hemorroimed Pomada Almeida Prado 25g,"27,99","27,99",-,"27,99",-
SãoJoão,Disponível,298.0,14,7898040323769.0,Dolamin 250mg 12 Comprimidos Revestidos FQM,"51,73","45,09",-12.8%,"45,09",-12.8%
SãoJoão,Disponível,298.0,12,7897917001465.0,Belfaren 50mg 20 Comprimidos Revestidos,"11,86","10,99",-7.3%,"10,99",-7.3%
SãoJoão,Disponível,298.0,13,7897572004351.0,Nimegon 100Mg 28 Comprimidos Revestidos Supera,"344,71","344,71",-,"344,71",-
SãoJoão,Disponível,298.0,12,7891317007225.0,Desve 50mg 60 Comprimidos Eurofarma (C1),"142,53","119,79",-16.0%,"119,79",-16.0%
SãoJoão,Disponível,298.0,13,7896862991074.0,Gastrogel de Bolso Menta Solução Oral 10ml,"3,49","3,49",-,"3,49",-
SãoJoão,Disponível,298.0,12,7897595602527.0,Doxazosina Genérico Sandoz 4mg 30 Comprimidos,"79,64","79,64",-,"79,64",-
SãoJoão,Disponível,298.0,14,7896112409427.0,"Novanlo 2,5mg 90 Comprimidos Biolab","122,92","99,99",-18.7%,"99,99",-18.7%
SãoJoão,Disponível,298.0,12,7896714275499.0,Novalgina 1G 4 Comprimidos Blister,"5,49","5,49",-,"5,49",-
SãoJoão,Disponível,298.0,13,7896422503617.0,Claritromicina 500mg 14 Comprimidos Revisado Genérico Medley,"157,09","116,90",-25.6%,"116,90",-25.6%
SãoJoão,Disponível,298.0,13,7896094999497.0,Lacto-Purga 5mg 16 Comprimidos Revestidos,"11,85","11,85",-,"11,85",-
SãoJoão,Disponível,298.0,12,7896006213147.0,Lactulose Colact 120ml Frutas União Química,"22,90","22,90",-,"22,90",-
SãoJoão,Disponível,298.0,12,7896714209852.0,Creme Clobetasol 30g Genérico Neoquímica,"27,00","21,49",-20.4%,"21,49",-20.4%
SãoJoão,Disponível,298.0,14,7898040328573.0,Calcitran MDK 30 Comprimidos Mastigáveis Divcom,"76,43","64,99",-15.0%,"64,99",-15.0%
SãoJoão,Disponível,298.0,13,7896004713120.0,Levofloxacino 750mg 5 Comprimidos Revestidos Genérico Eurofarma,"117,58","59,90",-49.1%,"59,90",-49.1%
SãoJoão,Disponível,298.0,14,7891317020651.0,Pietra Ed 2mg 90 Comprimidos Eurofarma,"167,04","132,29",-20.8%,"132,29",-20.8%
SãoJoão,Disponível,298.0,13,7898054580363.0,"Exelon Patch 27mg/15cm (13,3mg) 30 Adesivos  (C1)","574,79","574,79",-,"574,79",-
SãoJoão,Disponível,298.0,12,7896112486886.0,Aradois 50mg 60 Comprimidos Revestidos Biolab,"99,12","82,79",-16.5%,"82,79",-16.5%
SãoJoão,Disponível,297.0,12,7896094211407.0,"Libiam 1,25mg 84 Comprimidos","165,67","132,79",-19.8%,"132,79",-19.8%
SãoJoão,Disponível,297.0,12,7896094208278.0,Sumaxpro 500mg/50mg 2 Comprimidos Revestidos,"45,70","38,99",-14.7%,"38,99",-14.7%
SãoJoão,Disponível,297.0,15,7896046303013.0,Epigel Gel 10g Bausch &amp; Lomb,"58,10","49,99",-14.0%,"49,99",-14.0%
SãoJoão,Disponível,297.0,12,7891058020286.0,Enterogermina Probiótico Crianças e Adultos 5ml 20 Frascos,"49,00","39,99",-18.4%,"39,99",-18.4%
SãoJoão,Disponível,297.0,13,7899640807345.0,Pivast 2mg 30 Comprimidos Revestidos,"105,64","105,64",-,"105,64",-
SãoJoão,Disponível,297.0,13,7896269900617.0,Novacort Creme Dermatológico 30g,"49,35","49,35",-,"49,35",-
SãoJoão,Disponível,297.0,13,7896523209647.0,Ciprofloxacino Genérico Cimed 500mg 14 Comprimidos Revestidos,"48,88","12,54",-74.3%,"12,54",-74.3%
SãoJoão,Disponível,297.0,12,7896004774534.0,Nitazoxanida 20mg/ml Pó para Suspensão 100ml Genérico Germed,"60,69","49,90",-17.8%,"49,90",-17.8%
SãoJoão,Disponível,297.0,14,7895858005962.0,Indocid Aspen 50mg 30 Cápsulas,"55,10","48,29",-12.4%,"48,29",-12.4%
SãoJoão,Disponível,297.0,13,7896226109565.0,Calde MDK 2000 UI 30 Comprimidos Revestidos,"126,93","116,99",-7.8%,"116,99",-7.8%
SãoJoão,Disponível,297.0,13,7898430194108.0,Pealiv 600Mg Com 30 Comprimidos,"267,90","267,90",-,"267,90",-
SãoJoão,Disponível,297.0,15,7896523220352.0,Fexofenadina Genérico Cimed 180mg 10 Comprimidos,"82,33","17,09",-79.2%,"17,09",-79.2%
SãoJoão,Disponível,297.0,13,7891317010171.0,Bupropiona LP 300mg 30 Comprimidos Revestidos Genérico Eurofarma (C1),"188,81","132,19",-30.0%,"132,19",-30.0%
SãoJoão,Disponível,297.0,15,7896714212098.0,Prednisona 20mg 10 Cápsulas Genérico Neo Química,"52,70","29,29",-44.4%,"29,29",-44.4%
SãoJoão,Disponível,297.0,13,7891142128546.0,Celestone 4mg 1x1ml Ampola Mantecorp Log d,"12,19","12,19",-,"12,19",-
SãoJoão,Disponível,297.0,13,7896523227108.0,Doxazosina Genérico Cimed 2mg 30 Comprimidos,"39,41","18,89",-52.1%,"18,89",-52.1%
SãoJoão,Disponível,297.0,13,7896206402013.0,"Pulmicort 0,25mg 5 Frascos FQM","57,99","52,09",-10.2%,"52,09",-10.2%
SãoJoão,Disponível,297.0,12,7896094206403.0,"Venzer HCT 8+12,5mg 30 Comprimidos Revestidos Libbs","95,02","76,59",-19.4%,"76,59",-19.4%
SãoJoão,Disponível,297.0,13,7896212420209.0,Risperdal Cellera 1mg 20 Comprimidos (C1),"166,49","166,49",-,"166,49",-
SãoJoão,Disponível,297.0,12,7896658026171.0,Biofenac Gel 60g Aché,"40,81","40,81",-,"40,81",-
SãoJoão,Disponível,297.0,13,7896112100539.0,Prometazina 25mg 20 Comprimidos Revestidos Genérico Teuto,"12,78","11,99",-6.2%,"11,99",-6.2%
SãoJoão,Disponível,297.0,15,7896004712413.0,Clobetasol Creme Dermatológico Genérico EMS 30g,"27,16","24,99",-8.0%,"24,99",-8.0%
SãoJoão,Disponível,297.0,16,7891317010928.0,Doril Enxaqueca 8 Comprimidos Revestidos,"82,89","69,29",-16.4%,"69,29",-16.4%
SãoJoão,Disponível,297.0,13,7896004701035.0,Terbinafina Creme Genérico EMS 20g,"42,08","27,19",-35.4%,"27,19",-35.4%
SãoJoão,Disponível,297.0,14,7894916550116.0,Tenadren Sigma Pharma 40mg + 25mg 30 Comprimidos,"15,86","14,59",-8.0%,"14,59",-8.0%
SãoJoão,Disponível,297.0,13,7891106907286.0,"Bepantol Derma Creme Hidratante Multirrestaurador 20g, Pele Extrasseca","39,99","39,99",-,"39,99",-
SãoJoão,Disponível,297.0,14,7898074615212.0,Monuril Solução Oral Granulado Tangerina 2 Envelopes Zambon,"145,02","125,19",-13.7%,"125,19",-13.7%
SãoJoão,Disponível,297.0,12,7897460400357.0,Transamin Nikkho 250mg 12 Comprimidos,"85,35","73,89",-13.4%,"73,89",-13.4%
SãoJoão,Disponível,297.0,12,7896658006760.0,Flogoral Colutório Laranja 150ml,"34,65","34,65",-,"34,65",-
SãoJoão,Disponível,297.0,12,7896004787343.0,"Tramadol + Paracetamol 37,5mg + 325mg 30 Comprimidos Genérico EMS (A2)","76,17","62,89",-17.4%,"62,89",-17.4%
SãoJoão,Disponível,296.0,14,7898040328290.0,Xarope Abrilar L Mentol 200ml FQM,"89,82","89,82",-,"89,82",-
SãoJoão,Disponível,296.0,14,7896112480709.0,Tapazol 10mg 100 Comprimidos Revestidos Biolab,"35,84","32,69",-8.8%,"32,69",-8.8%
SãoJoão,Disponível,296.0,13,735201084190.0,Floral Therapi 30ml Sete Chakras,"36,90","36,90",-,"36,90",-
SãoJoão,Disponível,296.0,13,7897698782256.0,Calmador Contradores Aerossol Efervescente 150ml,"36,99","36,99",-,"36,99",-
SãoJoão,Indisponível,296.0,13,0.0,Dorflex UNO Analgésico Contra Enxaqueca Dipirona 1g 10 Comprimidos Efervescentes,0,0,0,0,0
SãoJoão,Disponível,296.0,13,7896523210889.0,Cimegripe 10 Cápsulas,"12,90","12,90",-,"12,90",-
SãoJoão,Disponível,296.0,12,5702150152176.0,Rexulti 2mg 30 Comprimidos Lundbeck (C1),"519,33","418,09",-19.5%,"418,09",-19.5%
SãoJoão,Disponível,296.0,13,7896004715032.0,Doril 500mg/30mg 6 Comprimidos,"21,90","20,59",-6.0%,"20,59",-6.0%
SãoJoão,Disponível,296.0,13,7891317487348.0,Versa 80mg Injetável 2 Seringa Preenchidas Eurofarma,"340,66","340,66",-,"340,66",-
SãoJoão,Disponível,296.0,14,7896094206502.0,Venzer 16mg 30 Comprimidos,"88,71","73,09",-17.6%,"73,09",-17.6%
SãoJoão,Indisponível,296.0,14,0.0,Atrofem 2 Cápsulas Gel Hypera Pharma Avulso,0,0,0,0,0
SãoJoão,Disponível,296.0,12,7897076911766.0,Lamotrigina 25mg Genérico Ranbaxy 30 Comprimidos (C1),"36,57","30,19",-17.4%,"30,19",-17.4%
SãoJoão,Disponível,296.0,12,7897411600393.0,"Benicar Triplo 40mg + 12,5mg + 5mg 30 Comprimidos","176,50","141,20",-20.0%,"141,20",-20.0%
SãoJoão,Disponível,296.0,12,7896637026802.0,Lactosil 10 000FCC 30 Tabletes Dispersíveis,"49,90","49,90",-,"49,90",-
SãoJoão,Disponível,296.0,14,7896658001864.0,Artrosil 160mg 20 Cápsulas Aché,"81,99","68,89",-16.0%,"68,89",-16.0%
SãoJoão,Disponível,296.0,13,7896094921276.0,Coledue-R 10mg + 20mg 30 Cápsulas Dura,"114,25","92,69",-18.9%,"92,69",-18.9%
SãoJoão,Disponível,296.0,13,7891317448714.0,Riss 1mg 30 Comprimidos Eurofarma (C1),"60,56","49,89",-17.6%,"49,89",-17.6%
SãoJoão,Disponível,296.0,12,7891317472061.0,Heimer 10mg 60 Comprimidos Revestidos Eurofarma (C1),"94,96","75,39",-20.6%,"75,39",-20.6%
SãoJoão,Disponível,296.0,16,7896112406617.0,Ellura 200mg 30 Cápsulas,"192,56","156,89",-18.5%,"156,89",-18.5%
SãoJoão,Disponível,296.0,12,7899824401369.0,Flexone 60 Comprimidos Revestidos Arese,"233,75","208,69",-10.7%,"208,69",-10.7%
SãoJoão,Disponível,296.0,14,7897337716307.0,"Mercilon Organon 0,15mg + 0,02mg 21 Comprimidos","64,73","44,00",-32.0%,"44,00",-32.0%
SãoJoão,Disponível,296.0,14,7891142981363.0,Predsim Mantecorp 20mg 10 Comprimidos,"39,94","36,49",-8.6%,"36,49",-8.6%
SãoJoão,Disponível,296.0,13,7896094208995.0,Zetron XL 150mg 30 Comprimidos Liberação Prolongada Libbs (C1),"121,88","99,09",-18.7%,"99,09",-18.7%
SãoJoão,Indisponível,296.0,12,0.0,Kit Wegovy + Creatina,0,0,0,0,0
SãoJoão,Disponível,296.0,13,7896004720241.0,Bromexina 120ml Infantil Genérico EMS,"17,90","15,69",-12.3%,"15,69",-12.3%
SãoJoão,Disponível,296.0,12,7898216367672.0,Lisvenx 50mg 30 Cápsulas Torrent (A3),"471,86","471,86",-,"471,86",-
SãoJoão,Disponível,296.0,14,7898148294473.0,Loratadina 1mg/ml Genérico Prati Xarope 100ml,"22,62","17,89",-20.9%,"17,89",-20.9%
SãoJoão,Disponível,296.0,13,7896094919693.0,Engov After Citrus 250ml Hypera Pharma,"14,99","11,99",-20.0%,"11,99",-20.0%
SãoJoão,Disponível,296.0,12,7899640801381.0,Quepsia LP 50mg 30 Comprimidos Momenta (C1),"140,77","140,77",-,"140,77",-
SãoJoão,Disponível,296.0,14,7896658019562.0,Cipide 100mg 30 Comprimidos Aché,"56,27","48,19",-14.4%,"48,19",-14.4%
SãoJoão,Disponível,296.0,15,7896006218647.0,Ison 10mg 30 Cápsulas Moles Genom (C2),"106,85","106,85",-,"106,85",-
SãoJoão,Disponível,296.0,13,7891317036850.0,Equitam Momenta 80mg 30 Comprimidos,"82,06","69,89",-14.8%,"69,89",-14.8%
SãoJoão,Disponível,295.0,14,7896070605497.0,"Rovamicina 1,5M Ui 16 Cápsulas Aventis","106,42","106,42",-,"106,42",-
SãoJoão,Disponível,295.0,13,7896658030208.0,Zetron XL 300mg 60 Comprimidos,"80,55","66,79",-17.1%,"66,79",-17.1%
SãoJoão,Disponível,295.0,14,7894916508513.0,Concerta 36mg 30 Comprimidos Revestidos,"80,15","80,15",-,"80,15",-
SãoJoão,Disponível,295.0,13,7896658040405.0,"Lubrificante Oftálmico Carmelose Sódica 0,5% 15ml Aché","59,94","59,94",-,"59,94",-
SãoJoão,Indisponível,295.0,14,0.0,Permetrina 50 mg/ml 60 ml Kaodine Geolab,0,0,0,0,0
SãoJoão,Disponível,295.0,13,7897595634795.0,Apixabana 5mg 60 Comprimidos Revestidos Genérico Sandoz,"188,41","99,90",-47.0%,"99,90",-47.0%
SãoJoão,Disponível,295.0,14,7897595608161.0,Hemitartarato De Zolpidem 10mg Genérico Sandoz 30 Comprimidos Revestidos (B1),"94,93","29,90",-68.5%,"29,90",-68.5%
SãoJoão,Indisponível,295.0,12,0.0,Resfedryl Sachê 5g Pharmascience Avulso,0,0,0,0,0
SãoJoão,Disponível,295.0,12,7896676405651.0,Dimorf 10mg Solução 60ml Cristália (A1),"60,55","49,79",-17.8%,"49,79",-17.8%
SãoJoão,Disponível,295.0,13,7891721010026.0,"Diclin 2mg/0,035mg 21 Comprimidos Revestidos","25,08","23,09",-7.9%,"23,09",-7.9%
SãoJoão,Disponível,295.0,14,7896714291901.0,Picbam 5mg 20 Comprimidos Revestidos Mantecorp,"103,95","103,95",-,"103,95",-
SãoJoão,Indisponível,295.0,14,0.0,Coristina D Congest 120ml,0,0,0,0,0
SãoJoão,Indisponível,295.0,13,0.0,Perosteo KM 30 Tabletes Mastigáveis Eurofarma,0,0,0,0,0
SãoJoão,Disponível,295.0,14,7896006212584.0,Pomada Dermatológica Proctfis H 20g + 10 Aplicadores,"24,90","24,90",-,"24,90",-
SãoJoão,Disponível,295.0,13,7896658002946.0,Novamox 2x Suspensão Oral 70ml,"92,24","92,24",-,"92,24",-
SãoJoão,Disponível,295.0,13,8903855081465.0,Andes 100mg 30 Comprimidos Revestidos Liberação Prolongada Supera (C1),"93,58","76,49",-18.3%,"76,49",-18.3%
SãoJoão,Disponível,295.0,13,7891317000653.0,Epéz 10mg 30 Comprimidos Revestidos,"95,02","80,39",-15.4%,"80,39",-15.4%
SãoJoão,Disponível,295.0,14,7896004756424.0,Paracetamol + Codeína 24 Comprimidos Genérico EMS (A2),"58,26","39,90",-31.5%,"39,90",-31.5%
SãoJoão,Disponível,295.0,14,7896523200231.0,Waryz 30 Comprimidos Revestidos Cimed,"43,90","38,19",-13.0%,"38,19",-13.0%
SãoJoão,Disponível,295.0,12,7896255766371.0,Femoston Conti Abbott 28 Comprimidos Revestidos,"97,25","77,49",-20.3%,"77,49",-20.3%
SãoJoão,Disponível,295.0,12,7896422506649.0,Cetoprofeno Solução Oral Gotas 20ml Genérico Medley,"23,17","11,90",-48.6%,"11,90",-48.6%
SãoJoão,Disponível,295.0,15,8903855090733.0,Levetiracetam 1000mg 30 Comprimidos Revestidos Genérico Torrent (C1),"247,71","247,71",-,"247,71",-
SãoJoão,Disponível,295.0,13,7896004703565.0,Dexametasona Solução Oral 120ml Genérico EMS,"20,52","19,49",-5.0%,"19,49",-5.0%
SãoJoão,Disponível,295.0,13,7896241296400.0,Vonau Flash 8mg 10 Comprimidos Biolab,"96,20","85,39",-11.2%,"85,39",-11.2%
SãoJoão,Disponível,295.0,12,7897076921871.0,Divalproato de Sódio 500mg 30 Comprimidos Revestidos Genérico Ranbaxy (C1),"50,74","39,89",-21.4%,"39,89",-21.4%
SãoJoão,Disponível,295.0,12,7893093015692.0,Arnica D3 50ml Weleda,"114,49","114,49",-,"114,49",-
SãoJoão,Disponível,295.0,14,7891317922535.0,Holmes 40mg 30 Comprimidos Revestidos Eurofarma,"53,17","44,79",-15.8%,"44,79",-15.8%
SãoJoão,Disponível,295.0,15,7896637034852.0,Labirin XR 48mg 30 Comprimidos Apsen,"85,20","72,49",-14.9%,"72,49",-14.9%
SãoJoão,Disponível,295.0,14,7896676410761.0,Funtly 250mg 14 Cápsulas Cristalia,"156,55","156,55",-,"156,55",-
SãoJoão,Disponível,294.0,13,7894916508520.0,Concardio 10Mg 30 Comprimidos Revestidos Sigma Pharma,"129,63","129,63",-,"129,63",-
SãoJoão,Indisponível,294.0,13,0.0,Narix Spray Nasal 50ml,0,0,0,0,0
SãoJoão,Disponível,294.0,13,7896658005305.0,Flogoral Spray Menta 30ml Aché,"42,28","39,19",-7.3%,"39,19",-7.3%
SãoJoão,Disponível,294.0,12,7891317038861.0,Dimesilato de Lisdexanfetamina 30mg 30 Cápsulas Genérico Eurofarma (A3),"314,28","179,90",-42.8%,"179,90",-42.8%
SãoJoão,Disponível,294.0,13,7897595901323.0,Puran T4 75mcg 30 Comprimidos Sanofi,"19,59","19,59",-,"19,59",-
SãoJoão,Disponível,294.0,13,7896422525206.0,Citrato De Sildenafila 50mg Genérico Medley 8 Comprimidos Revestidos,"82,31","18,90",-77.0%,"18,90",-77.0%
SãoJoão,Disponível,294.0,13,7896658040610.0,Tolrest 100mg 60 Comprimidos Revestidos Aché (C1),"295,70","236,56",-20.0%,"236,56",-20.0%
SãoJoão,Disponível,294.0,13,7896181902386.0,Tolrest Aché 75mg 30 Comprimidos Revestidos (C1),"162,58","130,06",-20.0%,"130,06",-20.0%
SãoJoão,Disponível,294.0,16,7896269900235.0,Valtrex GSK 500mg 10 Comprimidos,"210,35","210,35",-,"210,35",-
SãoJoão,Disponível,294.0,14,7891317464004.0,Noex 100mcg 100 Doses Eurofarma,"79,91","68,99",-13.7%,"68,99",-13.7%
SãoJoão,Disponível,294.0,12,7896676437119.0,Etod 400mg 10 Comprimidos Revestidos Cristalia,"21,67","19,89",-8.2%,"19,89",-8.2%
SãoJoão,Disponível,294.0,12,7896523227191.0,Neprazol 20mg 56 Cápsulas,"42,88","13,67",-68.1%,"13,67",-68.1%
SãoJoão,Disponível,294.0,13,7896523227412.0,Sosseg 260mg 20 Comprimidos Revestidos,"29,90","26,89",-10.1%,"26,89",-10.1%
SãoJoão,Disponível,294.0,12,7896658007040.0,Biomag 15mg 30 Cápsulas Aché (B2),"61,92","52,09",-15.9%,"52,09",-15.9%
SãoJoão,Disponível,294.0,13,7896658026195.0,Betalor 5mg/50mg 30 Cápsulas Duras,"55,60","49,49",-11.0%,"49,49",-11.0%
SãoJoão,Indisponível,294.0,12,0.0,Flixotide Aerossol Solução Oral 120 Doses,0,0,0,0,0
SãoJoão,Disponível,293.0,14,7896676402544.0,Pomada Kollagenase Com Cloranfenicol 30G Cristalia,"75,86","65,79",-13.3%,"65,79",-13.3%
SãoJoão,Disponível,293.0,12,7891317140533.0,Pietra Ed 2mg 30 Comprimidos,"68,23","58,29",-14.6%,"58,29",-14.6%
SãoJoão,Disponível,293.0,12,78905108.0,Candicort Pomada Aché 30g,"20,73","20,73",-,"20,73",-
SãoJoão,Disponível,293.0,13,7896006290162.0,Ganfort Solução Oftálmica 5ml,"16,62","15,59",-6.2%,"15,59",-6.2%
SãoJoão,Disponível,293.0,15,7898430194009.0,Sedamed 30+300+30mg 10 Comprimidos Cimed,"142,90","142,90",-,"142,90",-
SãoJoão,Disponível,293.0,15,7891317003067.0,"Siblima 0,015mg/0,060mg 72 Comprimidos Revestidos","30,48","26,99",-11.5%,"26,99",-11.5%
SãoJoão,Indisponível,293.0,13,0.0,Luftal 30ml Reckitt,0,0,0,0,0
SãoJoão,Indisponível,293.0,12,0.0,Pomada Esperson N  20g Aventis,0,0,0,0,0
SãoJoão,Disponível,293.0,15,7898216360178.0,Bisolvon Xarope Expectorante Cloridrato de Bromexina 8mg/5ml Adulto 120ml,"22,00","22,00",-,"22,00",-
SãoJoão,Disponível,293.0,13,7896658026546.0,Dorilax DT 450+50+35mg 12 Comprimidos Aché,"15,47","15,47",-,"15,47",-
SãoJoão,Disponível,293.0,13,7896094930391.0,Rinosoro Alto Volume Infantil 15 Sachês + Frasco 120ml Farmasa,"54,62","51,09",-6.5%,"51,09",-6.5%
SãoJoão,Disponível,293.0,12,7897076923554.0,Sitagliptina 50mg 30 Comprimidos Revestidos Genérico Ranbaxy,"112,02","112,02",-,"112,02",-
SãoJoão,Disponível,293.0,12,7896116801609.0,"Triquilar 0,05mg + 0,03mg 21 Comprimidos","13,26","13,26",-,"13,26",-
SãoJoão,Disponível,293.0,12,7896226502434.0,Rohypnol 1mg 30 Comprimidos Revestidos,"33,08","28,79",-13.0%,"28,79",-13.0%
SãoJoão,Disponível,293.0,13,7891317016258.0,Azox 500mg 6 Comprimidos Revestidos Eurofarma,"56,21","47,99",-14.6%,"47,99",-14.6%
SãoJoão,Disponível,293.0,14,7500435188050.0,Vick Pyrena Grip-7 10 Cápsulas Procter,"17,12","14,55",-15.0%,"14,55",-15.0%
SãoJoão,Disponível,293.0,13,7896004700526.0,Enalapril Genérico EMS 5mg 30 Comprimidos,"26,28","10,99",-58.2%,"10,99",-58.2%
SãoJoão,Disponível,293.0,14,7896658046780.0,Oxcene 5mg 30 Comprimidos Biosintética,"149,98","149,98",-,"149,98",-
SãoJoão,Disponível,293.0,12,7896422505789.0,Anlodipino Genérico Medley 5mg 30 Comprimidos,"25,56","25,56",-,"25,56",-
SãoJoão,Disponível,293.0,12,7896006227564.0,Viverdal 2mg 30 Comprimidos Revestidos Genom (C1),"32,50","27,99",-13.9%,"27,99",-13.9%
SãoJoão,Disponível,293.0,13,7896004773957.0,Naproxeno 550mg 10 Comprimidos Revestidos Nexflen Legrand,"27,90","25,89",-7.2%,"25,89",-7.2%
SãoJoão,Disponível,293.0,13,7896261011106.0,Trileptal 6% suspensão 100ml Novartis (C1),"94,63","94,63",-,"94,63",-
SãoJoão,Disponível,293.0,14,7896281152018.0,Artrodar TRB Pharma 50mg 30 Comprimidos,"251,12","198,00",-21.2%,"198,00",-21.2%
SãoJoão,Disponível,293.0,13,7896331703443.0,Prebictal 75mg 30 Cápsulas Gelatinosas Duras,"21,90","21,90",-,"21,90",-
SãoJoão,Indisponível,293.0,12,0.0,Symbicort Suspensão Inalatória 120 Doses + Valvula Dosadora,0,0,0,0,0
SãoJoão,Disponível,293.0,16,7898560666872.0,Lipitor 80Mg 30 Comprimidos Upjohn,"99,91","80,69",-19.2%,"80,69",-19.2%
SãoJoão,Disponível,293.0,14,7894916510011.0,"Bramicar HCT 80mg+12,5mg 30 Comprimidos Sigma Pharma","106,25","106,25",-,"106,25",-
SãoJoão,Disponível,293.0,13,7896004710679.0,Meloxicam 15mg 10 Cápsulas Genérico EMS,"41,71","18,59",-55.4%,"18,59",-55.4%
SãoJoão,Disponível,293.0,12,7896658005985.0,Meritor 4+1000mg 30 Comprimidos Revestidos Aché,"37,27","32,09",-13.9%,"32,09",-13.9%
SãoJoão,Disponível,293.0,12,7896714205816.0,Captopril 25mg 30 Cápsulas Genérico Neo Química,"67,68","67,68",-,"67,68",-
SãoJoão,Indisponível,293.0,13,0.0,Plurair 50mcg 60 Doses Libbs,0,0,0,0,0
SãoJoão,Disponível,292.0,14,7896548113479.0,"Claril 0,25mg/ml + 3mg/ml Solução Oftálmica 15ml","28,02","28,02",-,"28,02",-
SãoJoão,Disponível,292.0,12,7896004792057.0,Nitazoxanida Genérico EMS Suspensão Oral 20mg/ml 100ml,"52,45","40,90",-22.0%,"40,90",-22.0%
SãoJoão,Disponível,292.0,14,7898216364367.0,Doxiciclina 100mg 20 Comprimidos Revestidos Genérico Pharlab,"28,87","25,89",-10.3%,"25,89",-10.3%
SãoJoão,Disponível,292.0,13,623.0,"Vacina Hepatite A/B AD/PED Twinrix Injetável 1 Seringa 0,5 GSK + Aplicação","292,30","292,30",-,"292,30",-
SãoJoão,Disponível,292.0,13,7898582380022.0,Tramal 50mg 10 Cápsulas Grünenthal (A2),"89,31","76,49",-14.4%,"76,49",-14.4%
SãoJoão,Indisponível,292.0,13,0.0,"Minilax 714mg/g + 7,70mg/g Pediatrico 7 Bisnagas",0,0,0,0,0
SãoJoão,Disponível,292.0,12,7896112110576.0,Propranolol Genérico Teuto 40mg 30 Comprimidos,"7,06","3,91",-44.6%,"3,91",-44.6%
SãoJoão,Disponível,292.0,13,7898216371037.0,Gliclazida Genérico Pharlab 30mg 60 Comprimidos,"52,67","36,59",-30.5%,"36,59",-30.5%
SãoJoão,Disponível,292.0,12,7898216360659.0,Gliclazida 60mg Genérico Pharlab 60 Comprimidos De Liberação Prolongada,"110,79","89,90",-18.9%,"89,90",-18.9%
SãoJoão,Disponível,292.0,14,7891317472375.0,Venlaxin XR 75mg 30 Cápsulas Eurofarma (C1),"100,99","100,99",-,"100,99",-
SãoJoão,Disponível,292.0,13,7896112425328.0,Monessa 30 Cápsulas Biolab,"113,90","96,69",-15.1%,"96,69",-15.1%
SãoJoão,Disponível,292.0,13,7898096577857.0,Arflex Retard 200mg 12 Cápsulas,"96,20","96,20",-,"96,20",-
SãoJoão,Disponível,292.0,13,7896658005763.0,Prelone 5mg 10 Comprimidos Aché,"25,78","22,29",-13.5%,"22,29",-13.5%
SãoJoão,Disponível,292.0,13,7898569760496.0,Rosuvastatina Althaia Genérico 20mg 30 Comprimidos Revestidos,"88,12","23,90",-72.9%,"23,90",-72.9%
SãoJoão,Indisponível,292.0,13,0.0,Analgésico Flanax 275mg Bayer com 20 comprimidos (embalagem econômica),0,0,0,0,0
SãoJoão,Disponível,292.0,14,7893093016439.0,Ansiodoron Weleda 50ml,"95,99","95,99",-,"95,99",-
SãoJoão,Disponível,292.0,14,7891317005207.0,Subtrax 100ml Eurofarma,"53,57","53,57",-,"53,57",-
SãoJoão,Disponível,292.0,15,7896004704692.0,Cefalexina 500mg 10 Comprimidos Genérico EMS,"33,21","25,90",-22.0%,"25,90",-22.0%
SãoJoão,Disponível,292.0,12,7896658008542.0,Mirtax Aché 5mg 15 Comprimidos Revestidos,"18,61","18,61",-,"18,61",-
SãoJoão,Disponível,292.0,12,7891317018177.0,Totacef 500mg 14 Comprimidos Eurofarma,"88,37","77,09",-12.8%,"77,09",-12.8%
SãoJoão,Disponível,292.0,16,7896006259701.0,Xarope Hytos Plus 100ml União Química,"29,69","27,09",-8.8%,"27,09",-8.8%
SãoJoão,Disponível,292.0,15,7896676416909.0,Pinazan 100mg 30 Comprimidos Cristalia (C1),"247,87","198,30",-20.0%,"198,30",-20.0%
SãoJoão,Disponível,292.0,12,7896004715841.0,Dipirona Solução Oral Genérico EMS 500mg/ml 10ml,"9,03","6,89",-23.7%,"6,89",-23.7%
SãoJoão,Disponível,292.0,14,7891142981271.0,Predsim 40mg 10 Comprimidos Mantecorp,"92,78","81,19",-12.5%,"81,19",-12.5%
SãoJoão,Disponível,292.0,14,5702191025576.0,Icaden Spray 1% 50Ml,"115,31","96,09",-16.7%,"96,09",-16.7%
SãoJoão,Disponível,292.0,13,7896116801609.0,"Triquilar 0,05mg + 0,03mg 63 Comprimidos","13,26","13,26",-,"13,26",-
SãoJoão,Disponível,292.0,12,7896637022439.0,Oto-Xilodase Solução 8ml Apsen,"27,31","27,31",-,"27,31",-
SãoJoão,Disponível,292.0,14,7896548111987.0,Maxitrol Suspensão Oftamológica 5Ml Mundipharma,"24,33","24,33",-,"24,33",-
SãoJoão,Disponível,292.0,14,7896269900945.0,Flutivate Creme 15g GSK,"62,47","53,89",-13.7%,"53,89",-13.7%
SãoJoão,Disponível,292.0,12,7896676419269.0,Labrea 5mg 30 Comprimidos Revestidos Cristália (C1),"104,68","104,68",-,"104,68",-
SãoJoão,Disponível,292.0,12,7896112416463.0,Ecasil 81mg 90 Comprimidos Revestidos Biolab,"50,75","43,19",-14.9%,"43,19",-14.9%
SãoJoão,Disponível,292.0,15,7891317029869.0,Larc 500mg 14 Comprimidos Revestidos Momenta,"47,89","43,19",-9.8%,"43,19",-9.8%
SãoJoão,Disponível,292.0,13,7891317476588.0,Ecoxe 60mg 7 Comprimidos Revestidos Hypera Pharma (C1),"88,66","74,59",-15.9%,"74,59",-15.9%
SãoJoão,Disponível,291.0,13,7891317024277.0,Prysma 2mg 20 Comprimidos Eurofarma (B1),"89,54","89,54",-,"89,54",-
SãoJoão,Disponível,291.0,12,7898919602391.0,Azilect 1mg 30 Comprimidos Teva (C1),"262,28","212,39",-19.0%,"212,39",-19.0%
SãoJoão,Disponível,291.0,12,78939608.0,Valda Friends Canela 25g,"6,99","6,99",-,"6,99",-
SãoJoão,Disponível,291.0,13,7896004792040.0,Nitazoxanida Suspensão Oral Genérico Eurofarma 20mg/ml 45ml,"23,25","18,90",-18.7%,"18,90",-18.7%
SãoJoão,Disponível,291.0,13,7891268103205.0,"Frontal XR Upjohn 0,5mg 30 Comprimidos (B1)","71,57","59,59",-16.7%,"59,59",-16.7%
SãoJoão,Disponível,291.0,12,7896422516877.0,Ácido Mefenâmico 500mg Genérico Medley 12 Comprimidos,"12,83","12,83",-,"12,83",-
SãoJoão,Disponível,291.0,12,7899640808106.0,Algie Momenta 150mg 10 Comprimidos,"54,74","49,49",-9.6%,"49,49",-9.6%
SãoJoão,Disponível,291.0,13,7896658011412.0,Candicort Creme 30g Aché,"52,87","47,79",-9.6%,"47,79",-9.6%
SãoJoão,Disponível,291.0,13,7891317451400.0,Zart H 100+25mg 30 Comprimidos Eurofarma,"98,31","81,89",-16.7%,"81,89",-16.7%
SãoJoão,Disponível,291.0,13,7896004787527.0,Linadib 5mg 30 Comprimidos Revestidos Sigma Pharma,"140,79","115,89",-17.7%,"115,89",-17.7%
SãoJoão,Disponível,291.0,13,7896637017190.0,Pomada Fitoscar 60mg/g 50g Apsen,"239,12","239,12",-,"239,12",-
SãoJoão,Disponível,291.0,14,7896658021640.0,"Esalerg 1,25mg/ml 20ml Gotas Aché","56,33","50,29",-10.7%,"50,29",-10.7%
SãoJoão,Indisponível,291.0,13,0.0,Atroveran Hot Adesivo,0,0,0,0,0
SãoJoão,Disponível,291.0,14,7896658038716.0,Pant Sec 50mg/ml Solução Capilar Frasco 50ml Refil Ache,"63,20","56,59",-10.5%,"56,59",-10.5%
SãoJoão,Disponível,291.0,14,7897705202548.0,"Ozempic 0,25mg + 0,5mg com 6 Agulhas NovoFine 4mm","1284,04","1284,04",-,"1284,04",-
SãoJoão,Disponível,291.0,14,7896004700458.0,Amoxicilina Suspensão Oral 250mg/5ml 150ml Genérico EMS,"34,23","21,99",-35.8%,"21,99",-35.8%
SãoJoão,Disponível,291.0,15,7896094928343.0,Engov Up Original 269ml,"9,99","9,99",-,"9,99",-
SãoJoão,Disponível,291.0,15,7891142983015.0,Bifilac Sii 30 Cápsulas,"136,76","136,76",-,"136,76",-
SãoJoão,Indisponível,291.0,13,0.0,Naldecon Febre Infantil 120ml Sabor Morango - Paracetamol 32mg/ml,0,0,0,0,0
SãoJoão,Disponível,291.0,12,8902220108585.0,Rosucor 20mg 100 Comprimidos Revestidos,"215,43","174,89",-18.8%,"174,89",-18.8%
SãoJoão,Disponível,291.0,13,7891317462468.0,Primera 30Mcg 63 Comprimidos Revestidos,"93,49","77,99",-16.6%,"77,99",-16.6%
SãoJoão,Disponível,291.0,13,7897337711029.0,Janumet XR 50+500mg 60 Comprimidos Revestidos Merck,"332,39","332,39",-,"332,39",-
SãoJoão,Disponível,291.0,13,4987188501115.0,Salonpas Gel-Patch com 3 Unidades Hisamitsu,"19,08","19,08",-,"19,08",-
SãoJoão,Disponível,291.0,14,7897473207653.0,Seretide Spray 25mcg + 250mcg 120 Doses,"124,61","92,49",-25.8%,"92,49",-25.8%
SãoJoão,Disponível,291.0,12,7894916510271.0,"Iumi 3mg/0,02mg 24 Comprimidos Revestidos","46,02","40,29",-12.5%,"40,29",-12.5%
SãoJoão,Disponível,291.0,14,7896331702958.0,Gastrobion Gel Cereja 240ml,"29,90","29,90",-,"29,90",-
SãoJoão,Disponível,291.0,14,7896112402480.0,Bhena 5mg 30 Comprimidos Revestidos Biolab,"85,15","70,89",-16.7%,"70,89",-16.7%
SãoJoão,Disponível,291.0,12,7891317482541.0,Bicalutamida 50mg 30 Comprimidos Revestidos Genérico Eurofarma,"1110,02","149,99",-86.5%,"149,99",-86.5%
SãoJoão,Disponível,291.0,12,7896637035651.0,Duepoli 500mg 60 Comprimido  Apsen (C1),"100,43","81,99",-18.4%,"81,99",-18.4%
SãoJoão,Indisponível,291.0,13,0.0,Provance Mini 5 Sachês,0,0,0,0,0
SãoJoão,Disponível,291.0,14,7896083411375.0,Laclev 9000Fcc 30 Comprimidos Abbott,"72,49","72,49",-,"72,49",-
SãoJoão,Disponível,291.0,12,8902220116115.0,Loredon 100mg 30 Comprimidos Torrent (C1),"74,75","60,99",-18.4%,"60,99",-18.4%
SãoJoão,Disponível,291.0,14,7891317004101.0,Preni 40mg 7 Comprimidos Eurofarma,"68,06","58,99",-13.3%,"58,99",-13.3%
SãoJoão,Disponível,291.0,15,7896658039263.0,Mensyva 100mg 30 Comprimidos Ache (C1),"129,24","129,24",-,"129,24",-
SãoJoão,Disponível,290.0,14,7897005870119.0,Eparema Flaconete Laranja 10ml,"5,19","4,79",-7.7%,"4,79",-7.7%
SãoJoão,Disponível,290.0,13,7896004724102.0,Isotretinoína 20mg 30 Cápsulas Genérico EMS (C2),"218,80","138,19",-36.8%,"138,19",-36.8%
SãoJoão,Disponível,290.0,12,7896006220510.0,Apresolina 50mg 20 Drágeas Novartis,"13,92","12,99",-6.7%,"12,99",-6.7%
SãoJoão,Disponível,290.0,12,7897595901309.0,Puran T4 25mcg 30 Comprimidos Sanofi,"16,59","16,59",-,"16,59",-
SãoJoão,Disponível,290.0,15,7896676436129.0,Qlaira 26 + 2 Comprimidos Revestidos,"14,13","12,89",-8.8%,"12,89",-8.8%
SãoJoão,Disponível,290.0,14,7894916503198.0,Sigma-Clav BD 875mg + 125mg 14 Comprimidos Revestidos Sigma,"106,72","93,69",-12.2%,"93,69",-12.2%
SãoJoão,Disponível,290.0,13,7896637034050.0,Miosan ODT 5mg 10 Comprimidos Orodispersíveis Apsen,"20,78","19,49",-6.2%,"19,49",-6.2%
SãoJoão,Indisponível,290.0,14,0.0,"Colírio Xalatan 0,005% 2,5Ml Upjohn",0,0,0,0,0
SãoJoão,Disponível,290.0,12,7896658046780.0,Nesta Diário 5mg 30 Comprimidos Biosintética,"149,98","149,98",-,"149,98",-
SãoJoão,Disponível,290.0,13,7896004706474.0,Gliclazida 30mg 30 Comprimidos Genérico EMS,"16,11","16,11",-,"16,11",-
SãoJoão,Disponível,290.0,12,7896637030823.0,Velus Magnésio 30 Comprimidos,"124,59","124,59",-,"124,59",-
SãoJoão,Disponível,290.0,13,7897595635181.0,Foraseq 12mcg+400mcg 120 Cápsulas com Inalador Sandoz,"180,92","180,92",-,"180,92",-
SãoJoão,Disponível,290.0,15,7896658034985.0,"Revange 37,5+325mg 30 Comprimidos Ache (A2)","79,56","79,56",-,"79,56",-
SãoJoão,Disponível,290.0,13,7891058061562.0,Malvatricin Spray 50ml,"44,80","44,80",-,"44,80",-
SãoJoão,Disponível,290.0,14,7896637031516.0,Inzelm 20mg 60 Comprimidos,"131,36","131,36",-,"131,36",-
SãoJoão,Disponível,290.0,12,7891317017729.0,Percoide 40mg 7 Comprimidos Momenta,"46,95","42,29",-9.9%,"42,29",-9.9%
SãoJoão,Disponível,290.0,13,7898216367634.0,Dimesilato de Lisdexanfetamina 70mg 30 Cápsulas Genérico Pharlab (A3),"367,49","254,90",-30.6%,"254,90",-30.6%
SãoJoão,Disponível,290.0,12,7896641803642.0,Proctyl Pomada Takeda 3g com 10 Aplicadores,"94,53","80,89",-14.4%,"80,89",-14.4%
SãoJoão,Disponível,290.0,12,7896331708844.0,Optocare UL Solução Oftálmica 10ml,"39,99","39,99",-,"39,99",-
SãoJoão,Disponível,290.0,13,7898049793310.0,Ivermectina Genérico Prati 4 Comprimidos 6 mg,"37,84","33,09",-12.6%,"33,09",-12.6%
SãoJoão,Disponível,290.0,14,7898565164526.0,Oseltamivir 45mg 10 Cápsulas Genérico Natcofarma,"149,70","149,70",-,"149,70",-
SãoJoão,Disponível,290.0,15,7899640809813.0,Olsar H 40mg+25mg 30 Comprimidos Revestidos Momenta,"83,22","67,29",-19.1%,"67,29",-19.1%
SãoJoão,Disponível,290.0,13,7898152460437.0,Arnica do Mato Gel Creme 65g Via Botanica,"31,99","31,99",-,"31,99",-
SãoJoão,Disponível,290.0,12,7891317446505.0,"Diublok 50+12,5mg 30 Comprimidos Momenta","47,24","40,59",-14.1%,"40,59",-14.1%
SãoJoão,Disponível,290.0,12,7892953000205.0,Osteotec 150mg 3 Comprimidos Revestidos Adium,"182,61","146,09",-20.0%,"146,09",-20.0%
SãoJoão,Disponível,290.0,14,7896112400691.0,Cloridrato De Nebivolol 5mg Genérico Pharlab 60 Comprimidos,"245,18","245,18",-,"245,18",-
SãoJoão,Disponível,290.0,13,7896112401551.0,Vonau Flash 4mg 30 Cápsulas Biolab,"121,13","121,13",-,"121,13",-
SãoJoão,Disponível,290.0,14,5702150153883.0,Vurtuoso 10mg 30 Comprimidos Lundbeck (C1),"225,04","190,79",-15.2%,"190,79",-15.2%
SãoJoão,Disponível,290.0,13,7897076910950.0,Fexofenadina 120mg 10 Comprimidos Genérico Ranbaxy,"57,70","24,39",-57.7%,"24,39",-57.7%
SãoJoão,Disponível,290.0,12,7891317004088.0,Preni 5mg 20 Comprimidos Eurofarma,"22,42","20,29",-9.5%,"20,29",-9.5%
SãoJoão,Disponível,290.0,12,7898581711193.0,Amplictil 25mg 20 Comprimidos Revestidos,"10,02","10,02",-,"10,02",-
SãoJoão,Disponível,290.0,13,7896004747880.0,Celecoxibe 200mg 10 Cápsulas Genérico Eurofarma (C1),"52,64","26,99",-48.7%,"26,99",-48.7%
SãoJoão,Disponível,290.0,13,7896181901747.0,Cordarex 5mg 30 Comprimidos,"38,22","32,89",-13.9%,"32,89",-13.9%
SãoJoão,Disponível,290.0,13,7898908753172.0,Pomada Dermatológico Traumeel S 50g,"93,99","75,19",-20.0%,"75,19",-20.0%
SãoJoão,Disponível,290.0,14,7896658000577.0,Pomada Dermatológica Novacort 30g Ache,"47,66","43,19",-9.4%,"43,19",-9.4%
SãoJoão,Disponível,290.0,12,7896004731704.0,Pioglitazona 15mg 15 Comprimidos Genérico EMS,"84,65","64,49",-23.8%,"64,49",-23.8%
SãoJoão,Disponível,290.0,14,7500435209786.0,"Xarope Vick 200mg/12,5ml Mel 100ml","44,68","44,68",-,"44,68",-
SãoJoão,Disponível,290.0,15,7898569762742.0,Acetato de Clormadinona + Etinilestradiol 21 Comprimidos Revestidos Genérico Althaia,"41,47","33,59",-19.0%,"33,59",-19.0%
SãoJoão,Disponível,289.0,12,7896637022644.0,4Flex 60 Comprimidos,"108,50","91,09",-16.0%,"91,09",-16.0%
SãoJoão,Disponível,289.0,12,7896094921214.0,Estomazil 5g 6 Envelopes Efervescentes Sem Sabor Hypera Pharma,"15,31","12,25",-20.0%,"12,25",-20.0%
SãoJoão,Disponível,289.0,12,7896676441055.0,Duoflam Injetável 12 Ampolas 1ml Supera,"276,99","276,99",-,"276,99",-
SãoJoão,Disponível,289.0,12,7896004753157.0,Tepev 500mg 100 Cápsulas EMS,"387,58","299,00",-22.9%,"299,00",-22.9%
SãoJoão,Disponível,289.0,13,7897337712606.0,Claritin 10mg 12 Comprimidos,"22,71","20,69",-8.9%,"20,69",-8.9%
SãoJoão,Disponível,289.0,13,7893093016422.0,Rinidon 50ml Weleda,"109,99","109,99",-,"109,99",-
SãoJoão,Disponível,289.0,13,7898216360741.0,Secnidazol 1000mg 4 Comprimidos Genérico Pharlab,"40,95","24,90",-39.2%,"24,90",-39.2%
SãoJoão,Disponível,289.0,12,7908020500483.0,Nimesulida 12 Comprimidos Dispersíveis Genérico Cifarma,"25,90","25,90",-,"25,90",-
SãoJoão,Disponível,289.0,12,7896658048395.0,"Allestra Conti 30 0,075+0,03mg 28 Drágeas Aché","46,60","46,60",-,"46,60",-
SãoJoão,Disponível,289.0,14,7897337705882.0,Renitec Organon 10mg 30 Comprimidos,"26,89","23,19",-13.8%,"23,19",-13.8%
SãoJoão,Disponível,289.0,14,7896663332687.0,Propomax Kids 30ml Própolis Tutti Frutti Apis Flora,"19,90","19,90",-,"19,90",-
SãoJoão,Disponível,289.0,12,7896094918443.0,Artroflan 150mg 40 Comprimidos Revestidos Mantecorp,"217,33","217,33",-,"217,33",-
SãoJoão,Indisponível,289.0,12,0.0,Neosaldina Avulso 10 Drágeas,0,0,0,0,0
SãoJoão,Disponível,289.0,13,7896641812552.0,Fibra Alimentar Fibernorm 225g,"153,86","153,86",-,"153,86",-
SãoJoão,Disponível,289.0,13,7896422504454.0,Neomicina + Bacitracina Pomada Genérico Medley 15g,"15,71","11,99",-23.7%,"11,99",-23.7%
SãoJoão,Disponível,289.0,13,7896112408611.0,Beneflora 6 Envelopes,"55,65","44,19",-20.6%,"44,19",-20.6%
SãoJoão,Disponível,289.0,14,7891058022730.0,Mobility Oscal D Opella 500mg + 1000UI 60 Comprimidos Revestidos,"151,49","151,49",-,"151,49",-
SãoJoão,Disponível,289.0,14,7891317020699.0,"Monax 0,5mcg Spray Nasal 120 doses","70,24","63,59",-9.5%,"63,59",-9.5%
SãoJoão,Disponível,289.0,14,7896422519403.0,"Atelop 2,5mg 60 Comprimidos Germed","83,83","83,83",-,"83,83",-
SãoJoão,Disponível,289.0,12,7896206402969.0,Nexium 20Mg 28 Comprimidos Revestidos Astrazeneca,"197,45","197,45",-,"197,45",-
SãoJoão,Disponível,289.0,13,7891317010218.0,Alpes Xl 300mg 30 Comprimidos Supera (C1),"140,18","112,79",-19.5%,"112,79",-19.5%
SãoJoão,Disponível,289.0,13,7896676406122.0,Tramodon 50Mg 10 Cápsulas Cristalia (A2),"51,25","47,29",-7.7%,"47,29",-7.7%
SãoJoão,Disponível,289.0,14,7898029550803.0,"Triplixam 5mg/1,25mg/5mg 30 Comprimidos Revestidos","87,80","74,39",-15.3%,"74,39",-15.3%
SãoJoão,Disponível,289.0,13,7898054580363.0,"Vivencia Patch 15cm 27mg 13,3mg 30 Adesivos Aché (C1)","574,79","574,79",-,"574,79",-
SãoJoão,Disponível,289.0,16,7896637026307.0,Lactosil 10000 FCC 30Saches Apsen,"69,90","69,90",-,"69,90",-
SãoJoão,Disponível,289.0,12,7891721202841.0,Levotiroxina Sódica 88mcg Genérico Merck 30 Comprimidos,"17,18","15,49",-9.8%,"15,49",-9.8%
SãoJoão,Disponível,289.0,14,7891058020286.0,Enterogermina Probiótico Plus Crianças e Adultos 5ml 10 Frascos,"49,00","39,99",-18.4%,"39,99",-18.4%
SãoJoão,Disponível,289.0,13,7896094206045.0,Pomada Dermatológica Tarfic 30g,"188,33","155,89",-17.2%,"155,89",-17.2%
SãoJoão,Disponível,289.0,12,7896637022583.0,Etoxin 50mg 120ml Apsen (C1),"84,18","67,34",-20.0%,"67,34",-20.0%
SãoJoão,Disponível,289.0,12,7891142141279.0,Diprosone Creme 30g Mantecorp,"55,52","49,09",-11.6%,"49,09",-11.6%
SãoJoão,Disponível,289.0,12,7891035010866.0,Strepsils Pastilhas Mel e Limão 24 Unidades Reckitt Benckiser,"31,60","24,99",-20.9%,"24,99",-20.9%
SãoJoão,Disponível,289.0,14,7896227800089.0,Salonpas Gel 20g,"20,51","20,51",-,"20,51",-
SãoJoão,Indisponível,289.0,12,0.0,Alergomine 120ml Cimed,0,0,0,0,0
SãoJoão,Disponível,289.0,14,7896181915072.0,Lotar 5+50mg 30 Cápsulas Biosintética,"87,00","70,59",-18.9%,"70,59",-18.9%
SãoJoão,Disponível,289.0,12,7891317008284.0,"Primera 30 0,150mg/0,030mg 21 Comprimidos","44,50","38,69",-13.1%,"38,69",-13.1%
SãoJoão,Disponível,289.0,14,7891317028749.0,Minti 20mg/ml 45ml Momenta,"555,12","444,10",-20.0%,"444,10",-20.0%
SãoJoão,Disponível,288.0,12,7891142982155.0,Coristina D Congest 4 Comprimidos Hypera Pharma,"25,18","25,18",-,"25,18",-
SãoJoão,Disponível,288.0,13,7896523207629.0,Aciclovir Pomada Genérico Cimed 10g,"31,90","10,35",-67.6%,"10,35",-67.6%
SãoJoão,Disponível,288.0,12,7896714230504.0,Pomada Hemofiss 30g,"24,90","24,90",-,"24,90",-
SãoJoão,Disponível,288.0,12,7896112406129.0,Endofer 50mg/ml 30ml Biolab,"35,27","32,49",-7.9%,"32,49",-7.9%
SãoJoão,Disponível,288.0,14,608.0,"Vacina Meningocócica ACWY Menveo Conj AD/PED Injetável 1 Frasco 0,5 ml GSK + Aplicação","432,06","330,90",-23.4%,"330,90",-23.4%
SãoJoão,Disponível,288.0,13,7896112402107.0,Bivolet 5mg 30 Comprimidos Biolab,"63,81","53,79",-15.7%,"53,79",-15.7%
SãoJoão,Disponível,288.0,14,7891142141286.0,Diprosone LC 30ml Mantecorp,"54,69","48,09",-12.1%,"48,09",-12.1%
SãoJoão,Disponível,288.0,14,7896094210714.0,Naprix 5mg 90 Comprimidos Libbs,"185,74","148,59",-20.0%,"148,59",-20.0%
SãoJoão,Disponível,288.0,14,7896094920453.0,Macrodantina 100mg 40 Cápsulas Hypermarcas,"24,26","22,29",-8.1%,"22,29",-8.1%
SãoJoão,Disponível,288.0,14,7896685300190.0,Florax Adt 5 Flaconetes Hebron,"54,37","39,90",-26.6%,"39,90",-26.6%
SãoJoão,Disponível,288.0,15,7896004711539.0,Diclofenaco Colestiramina 70mg 20 Cápsulas Genérico EMS,"36,76","32,59",-11.3%,"32,59",-11.3%
SãoJoão,Indisponível,288.0,12,0.0,Aquarela 1mg/ml 150ml + Ser Biosintética (C1),0,0,0,0,0
SãoJoão,Disponível,288.0,13,7891721015366.0,"Diclin 2mg/0,035mg 63 Comprimidos Revestidos","60,58","51,79",-14.5%,"51,79",-14.5%
SãoJoão,Disponível,288.0,14,7898569763916.0,Risedronato de Sódio 150mg 1 Comprimido Revestido Genérico Althaia,"78,45","58,59",-25.3%,"58,59",-25.3%
SãoJoão,Disponível,288.0,12,7898158692139.0,Nausilon B6 Solução Oral 20ml,"15,28","14,19",-7.1%,"14,19",-7.1%
SãoJoão,Disponível,288.0,13,7896637033992.0,Atentah 80mg 30 Cápsulas Apsen (C1),"261,99","212,89",-18.7%,"212,89",-18.7%
SãoJoão,Disponível,288.0,15,7894164005420.0,Hidrali 500ml de Laranja,"19,90","19,90",-,"19,90",-
SãoJoão,Disponível,288.0,14,7897316801130.0,"Atropina 0,5% 5ml Allergan","12,26","12,26",-,"12,26",-
SãoJoão,Disponível,288.0,15,7897129304781.0,Aloxidil 50mg/ml Sol Capi 60ml Com Válvula Theraskin,"86,27","77,39",-10.3%,"77,39",-10.3%
SãoJoão,Disponível,288.0,15,7891058005955.0,Pantoprazol Sódico Sesqui-Hidratado 20mg Genérico Medley 42 Comprimidos Revestidos,"30,84","30,84",-,"30,84",-
SãoJoão,Disponível,288.0,12,7896004732923.0,Valsartana 160mg 30 Comprimidos Revestidos Genérico Germed,"87,63","79,90",-8.8%,"79,90",-8.8%
SãoJoão,Disponível,288.0,13,7896094999527.0,"Nesina Met 12,5+850Mg 60 Comprimidos Revestidos Takeda","189,44","189,44",-,"189,44",-
SãoJoão,Disponível,288.0,12,7896112424147.0,Triazol 150mg 4 Cápsulas Biolab,"125,13","104,89",-16.2%,"104,89",-16.2%
SãoJoão,Disponível,288.0,14,7897460401743.0,Silimalon 140 100+140Mg 30 Comprimidos Zydus,"129,43","114,09",-11.9%,"114,09",-11.9%
SãoJoão,Disponível,288.0,12,7897076912312.0,Nortriptilina 75mg 30 Cápsulas Genérico Ranbaxy (C1),"84,49","69,49",-17.8%,"69,49",-17.8%
SãoJoão,Disponível,288.0,12,7891106915151.0,Aspirina C Efervescente Sabor Limão 2 Comprimidos,"10,01","10,01",-,"10,01",-
SãoJoão,Disponível,288.0,14,7896004754154.0,Metilfenidato Genérico EMS 10mg 30 Comprimidos (A3),"34,69","31,59",-8.9%,"31,59",-8.9%
SãoJoão,Disponível,288.0,14,7896676431704.0,Vensate LP 75mg 30 Cápsulas Cristália (C1),"110,57","88,46",-20.0%,"88,46",-20.0%
SãoJoão,Disponível,288.0,13,7891142126153.0,Celestamine 20ml Gotas Mantecorp,"58,14","58,14",-,"58,14",-
SãoJoão,Disponível,288.0,12,7899547510126.0,Betaistina 24mg 60 Comprimidos Genérico Prati-Donaduzzi,"66,09","44,90",-32.1%,"44,90",-32.1%
SãoJoão,Disponível,288.0,12,7896714207018.0,Pomada Clobetasol 30g Genérico Neoquímica,"27,39","21,99",-19.7%,"21,99",-19.7%
SãoJoão,Indisponível,288.0,13,0.0,Polaramine 6mg 12 Drágeas,0,0,0,0,0
SãoJoão,Disponível,288.0,12,7896181907626.0,Vasogard 50mg 60 Comprimidos Aché,"46,10","39,19",-15.0%,"39,19",-15.0%
SãoJoão,Disponível,288.0,13,7896422504355.0,Omeprazol 20mg 56 Cápsulas Genérico Geolab,"23,47","23,47",-,"23,47",-
SãoJoão,Disponível,288.0,13,7896658008023.0,Digeplus 7mg/40mg/50mg 30 Cápsulas Duras,"55,13","47,99",-13.0%,"47,99",-13.0%
SãoJoão,Disponível,288.0,13,7898430191916.0,"Tilestal 37,5+325Mg 10 Comprimidos Revestidos Myralis (A2)","28,70","28,70",-,"28,70",-
SãoJoão,Disponível,288.0,14,7896112400387.0,Ondansetrona Biolab 4mg 30 Comprimidos Sabor Morango,"25,99","25,99",-,"25,99",-
SãoJoão,Disponível,287.0,15,7896004721125.0,Sibutramina 10mg 30 Cápsulas Genérico Eurofarma (B2),"99,04","74,90",-24.4%,"74,90",-24.4%
SãoJoão,Disponível,287.0,14,7896241225523.0,Ablok 50mg 30 Comprimidos Biolab,"38,60","33,79",-12.5%,"33,79",-12.5%
SãoJoão,Disponível,287.0,13,7891317031268.0,20BI 5 Cápsulas Momenta Novo,"73,99","73,99",-,"73,99",-
SãoJoão,Disponível,287.0,13,7898927111113.0,Camilia 10 Frascos Boiron,"111,49","111,49",-,"111,49",-
SãoJoão,Disponível,287.0,12,7896026302432.0,Atrovent N 20mcg/200 Doses 10ml Boehringer,"41,98","36,29",-13.6%,"36,29",-13.6%
SãoJoão,Disponível,287.0,13,7891158028526.0,Klaricid Ud 500Mg 10 Comprimidos Abbott,"282,02","229,29",-18.7%,"229,29",-18.7%
SãoJoão,Disponível,287.0,14,7894916501927.0,Profloxacino 500mg 14 Comprimidos Revestidos Sigma Pharma,"51,98","45,69",-12.1%,"45,69",-12.1%
SãoJoão,Disponível,287.0,14,8903855078670.0,Toarip 30mg 30 Comprimidos Torrent (C1),"570,91","570,91",-,"570,91",-
SãoJoão,Disponível,287.0,14,8903855076393.0,Lamitor CD 100mg 60 Comprimidos Torrent (C1),"208,06","166,45",-20.0%,"166,45",-20.0%
SãoJoão,Disponível,287.0,13,7896658001666.0,Tandene 125mg + 50mg + 300mg + 30mg 30 Comprimidos,"36,70","33,89",-7.7%,"33,89",-7.7%
SãoJoão,Disponível,287.0,13,7894916550048.0,Cloridrato de Propranolol 10mg 30 Comprimidos,"10,69","10,69",-,"10,69",-
SãoJoão,Indisponível,287.0,12,0.0,Rinosoro Jet Infantil Solução Nasal 100ml,0,0,0,0,0
SãoJoão,Disponível,287.0,12,7894916509084.0,"Exforge HCT Valsartana 160mg + Hidroclorotiazida 12,5mg + Anlodipino 5mg 28 comprimidos","105,08","84,39",-19.7%,"84,39",-19.7%
SãoJoão,Disponível,287.0,14,7891317100933.0,Artico 500+400mg 30 Cápsulas Eurofarma,"121,43","97,14",-20.0%,"97,14",-20.0%
SãoJoão,Disponível,287.0,13,7896094209008.0,Zetron XL 300mg 30 Comprimidos Liberação Prolongada Libbs (C1),"153,46","122,77",-20.0%,"122,77",-20.0%
SãoJoão,Disponível,287.0,13,7898582382170.0,Palexis LP 200mg 30 Comprimidos Grunenthal (A1),"310,49","310,49",-,"310,49",-
SãoJoão,Indisponível,287.0,14,0.0,"Anestalcon 0,5% 5ml Alcon (C1)",0,0,0,0,0
SãoJoão,Disponível,287.0,14,7896714212098.0,Prednisona 20mg Genérico Neo Química 20 Comprimidos,"52,70","29,29",-44.4%,"29,29",-44.4%
SãoJoão,Disponível,287.0,13,7891317004330.0,Prednisolona 40mg 7 Comprimidos Revestidos Genérico Eurofarma,"45,34","29,90",-34.1%,"29,90",-34.1%
SãoJoão,Disponível,287.0,16,7891317010119.0,"Molièri 30 3mg/0,03mg 21 Comprimidos Revestidos","70,34","59,39",-15.6%,"59,39",-15.6%
SãoJoão,Disponível,287.0,12,7897851221141.0,"Divelol 6,25mg 60 Comprimidos Baldacci","57,56","57,56",-,"57,56",-
SãoJoão,Disponível,287.0,13,7896523200118.0,Valsartana 160mg + 25mg 30 Comprimidos Revestidos Genérico Torrent,"65,71","34,49",-47.5%,"34,49",-47.5%
SãoJoão,Disponível,287.0,12,7896523200002.0,Valsartana 80mg 30 Comprimidos Revestidos Genérico Cimed,"66,33","24,49",-63.1%,"24,49",-63.1%
SãoJoão,Disponível,287.0,12,7893454714752.0,Culturelle Junior 30 Comprimidos Mastigáveis Cellera,"189,99","189,99",-,"189,99",-
SãoJoão,Disponível,287.0,14,7896004724683.0,"Bimatoprosta 0,3mg/ml 5ml Genérico EMS","198,34","198,34",-,"198,34",-
SãoJoão,Disponível,287.0,13,7896181901150.0,Ciclobenzaprina 5mg 30 Comprimidos Revestidos Genérico Biosintética,"18,97","17,79",-6.2%,"17,79",-6.2%
SãoJoão,Disponível,287.0,14,7896658015427.0,Trezor 20mg 30 Comprimidos Revestidos Aché,"70,75","58,99",-16.6%,"58,99",-16.6%
SãoJoão,Disponível,287.0,13,7891317036751.0,Azox 20mg/ml Pó para Suspensão Oral 45ml,"31,03","28,29",-8.8%,"28,29",-8.8%
SãoJoão,Disponível,287.0,14,7896226506142.0,Tamiflu 75Mg 10 Comprimidos,"383,83","321,89",-16.1%,"321,89",-16.1%
SãoJoão,Disponível,287.0,12,7891142142214.0,Pomada Dermatológica Massageol 30g Neoquimica,"45,05","40,29",-10.6%,"40,29",-10.6%
SãoJoão,Indisponível,286.0,14,0.0,Buscofem 200mg 20ml,0,0,0,0,0
SãoJoão,Disponível,286.0,13,7896206402211.0,Symbicort Turbuhaler Pó Inalante 60 Doses,"136,89","136,89",-,"136,89",-
SãoJoão,Disponível,286.0,13,7897851220779.0,Divelol 25mg 60 Comprimidos Baldacci,"76,75","62,59",-18.4%,"62,59",-18.4%
SãoJoão,Disponível,286.0,14,7897337716840.0,Zetsim 10+10mg 30 Comprimidos Supera,"101,03","101,03",-,"101,03",-
SãoJoão,Disponível,286.0,14,7897917001465.0,Benestare 625mg 30 Comprimidos Revestidos,"11,86","10,99",-7.3%,"10,99",-7.3%
SãoJoão,Disponível,286.0,12,7896094929746.0,Zella 150mg 30g Gel Hypera,"82,81","82,81",-,"82,81",-
SãoJoão,Disponível,286.0,12,7891317132392.0,Lugano 12mcg/250mcg 60 Cápsulas Inalatórias,"106,55","84,79",-20.4%,"84,79",-20.4%
SãoJoão,Disponível,286.0,13,7896112470281.0,Vasopril Plus 10+25mg 60 Comprimidos Biolab,"115,16","115,16",-,"115,16",-
SãoJoão,Disponível,286.0,13,7897076911148.0,Axetil Cefuroxima 250mg 70ml Genérico Ranbaxy,"155,41","120,59",-22.4%,"120,59",-22.4%
SãoJoão,Disponível,286.0,13,7896004703275.0,Cefadroxila 500mg 8 Cápsulas Genérico EMS,"69,83","58,39",-16.4%,"58,39",-16.4%
SãoJoão,Disponível,286.0,13,7899547510010.0,Betaistina Genérico Prati 16mg 60 Comprimidos,"57,88","39,90",-31.1%,"39,90",-31.1%
SãoJoão,Disponível,286.0,15,7896422517195.0,Ácido Mefenâmico 500mg Genérico Medley 24 Comprimidos,"25,67","25,67",-,"25,67",-
SãoJoão,Disponível,286.0,12,7896004711232.0,Glimepirida 4mg 30 Comprimidos Genérico EMS,"70,44","20,89",-70.3%,"20,89",-70.3%
SãoJoão,Disponível,286.0,12,7891317124038.0,Olmesartana + Hidroclorotiazida 40mg + 25mg 30 Comprimidos Revestidos Genérico Eurofarma,"72,30","56,69",-21.6%,"56,69",-21.6%
SãoJoão,Disponível,286.0,12,7891317140885.0,Piemonte 10mg 30 Comprimidos Revestidos Eurofarma,"77,10","63,59",-17.5%,"63,59",-17.5%
SãoJoão,Disponível,286.0,12,7896658004018.0,Flagass 75mg/mL 1 frasco 10ml,"28,55","24,85",-13.0%,"24,85",-13.0%
SãoJoão,Disponível,286.0,12,7896641802850.0,Nene-Dent Gel Hypera Pharma 10g,"26,84","23,59",-12.1%,"23,59",-12.1%
SãoJoão,Disponível,286.0,13,7898582380206.0,Toperma 700mg 10 Emplastos,"197,91","165,69",-16.3%,"165,69",-16.3%
SãoJoão,Disponível,286.0,12,7894916513029.0,Promensil 100mg 30 Comprimidos Revestidos,"151,20","125,09",-17.3%,"125,09",-17.3%
SãoJoão,Disponível,286.0,12,7891058005825.0,Minergi 0750mg 30 Comprimidos de Liberação Prolongada Supera (C1),"129,38","98,29",-24.0%,"98,29",-24.0%
SãoJoão,Disponível,286.0,12,7897705203484.0,Tresiba Flextouch 100U/ml 5 Ampolas Novo Nordisk,"1090,86","1090,86",-,"1090,86",-
SãoJoão,Disponível,286.0,13,7891317011390.0,Naire 20mg 15 Comprimidos,"67,41","59,49",-11.7%,"59,49",-11.7%
SãoJoão,Disponível,286.0,12,7896004710419.0,Rifamicina Spray Dermatológico 20ml Genérico EMS,"28,96","25,99",-10.3%,"25,99",-10.3%
SãoJoão,Disponível,286.0,13,7896006209027.0,Baclofeno 10mg 20 Comprimidos Revestidos Genérico União Química,"28,64","23,69",-17.3%,"23,69",-17.3%
SãoJoão,Disponível,286.0,15,7896004794068.0,Bupropiona 150mg 60 Comprimidos Genérico EMS (C1),"190,36","102,99",-45.9%,"102,99",-45.9%
SãoJoão,Disponível,286.0,15,7896004726014.0,Diclofenaco Dietilamonio Aero 60g Legrand,"28,28","28,28",-,"28,28",-
SãoJoão,Disponível,286.0,13,7897473207097.0,Ailuk 250mcg 200 Doses Glenmark,"74,71","74,71",-,"74,71",-
SãoJoão,Disponível,286.0,12,7896422506755.0,Lisinopril 10mg 30 Comprimidos Genérico Medley,"64,09","34,90",-45.5%,"34,90",-45.5%
SãoJoão,Disponível,286.0,15,7896094922150.0,Eparema Hortelã Solução Oral 200ml,"78,52","69,69",-11.2%,"69,69",-11.2%
SãoJoão,Disponível,286.0,12,7893736010053.0,Enxak 1mg/350mg/100mg 12 Comprimidos,"22,31","22,31",-,"22,31",-
SãoJoão,Disponível,285.0,12,7898060131146.0,Bromexina 120ml Infantil Genérico Globo,"20,99","19,69",-6.2%,"19,69",-6.2%
SãoJoão,Disponível,285.0,12,7892953002377.0,"Suprahyal Duo Injeção 1 Seringa Pré-enchida 2,5ml Adium","1912,65","926,99",-51.5%,"926,99",-51.5%
SãoJoão,Disponível,285.0,12,4987188568712.0,ByeBye-Fever Bebês 2 Unidades,"15,99","15,99",-,"15,99",-
SãoJoão,Disponível,285.0,12,7891142156235.0,Fluir 12mcg 60 Cápsulas Inalatórias,"117,98","94,38",-20.0%,"94,38",-20.0%
SãoJoão,Disponível,285.0,12,7896004704043.0,Nimesulida Suspensão Oral Genérico EMS 50mg/15ml,"34,80","31,89",-8.4%,"31,89",-8.4%
SãoJoão,Disponível,285.0,12,7896269900037.0,Camomilina C 20 Comprimidos,"7,33","7,33",-,"7,33",-
SãoJoão,Disponível,285.0,13,7896016806247.0,Naldecon Noite 4 Comprimidos,"14,80","14,80",-,"14,80",-
SãoJoão,Disponível,285.0,12,7899547501483.0,Azitromicina 600mg 15ml Genérico EMS,"67,01","58,69",-12.4%,"58,69",-12.4%
SãoJoão,Disponível,285.0,12,7896714292229.0,"Levanlodipino 2,5Mg 60 Comprimidos Genérico Neo Quimica","96,65","72,89",-24.6%,"72,89",-24.6%
SãoJoão,Disponível,285.0,14,7891317124236.0,Holmes H 40+25mg 30 Comprimidos Revestidos Eurofarma,"88,96","72,79",-18.2%,"72,79",-18.2%
SãoJoão,Disponível,285.0,12,7896094211704.0,Emgality 120mg Injeção 1 Seringa Preenchida 1ml Libbs,"1509,38","1509,38",-,"1509,38",-
SãoJoão,Disponível,285.0,12,7896015517045.0,Eno Guaraná Pó Efervescente 100g,"30,36","22,99",-24.3%,"22,99",-24.3%
SãoJoão,Disponível,285.0,12,7500435246866.0,Citoneurin Complexo B 60 Cápsulas Procter,"69,90","55,92",-20.0%,"55,92",-20.0%
SãoJoão,Disponível,285.0,13,7891317014261.0,"Atrace 37,5+325mg 10 Comprimidos Revestidos Momenta (A2)","37,94","35,09",-7.5%,"35,09",-7.5%
SãoJoão,Disponível,285.0,14,8903855090511.0,VeePi 500mg 60 Comprimidos Torrent (C1),"148,14","118,51",-20.0%,"118,51",-20.0%
SãoJoão,Indisponível,285.0,14,0.0,Pantogar Top LC Antiqueda 80ml Biolab,0,0,0,0,0
SãoJoão,Disponível,285.0,13,7899337000813.0,Vesomni 6mg 30 Comprimidos Revestidos,"227,58","182,06",-20.0%,"182,06",-20.0%
SãoJoão,Disponível,285.0,13,7897076910554.0,Allegra Antialérgico Cloridrato de Fexofenadina 120mg 20 Comprimidos,"65,02","56,89",-12.5%,"56,89",-12.5%
SãoJoão,Disponível,285.0,13,7896658024993.0,Bravan Duo 160+5mg 30 Comprimidos Revestidos Aché,"103,79","103,79",-,"103,79",-
SãoJoão,Disponível,285.0,13,7897595605429.0,Atenolol 50mg 60 Comprimidos Revestidos Genérico Sandoz,"28,80","11,99",-58.4%,"11,99",-58.4%
SãoJoão,Disponível,285.0,13,7896382708183.0,Basaglar KwikPen 100UI/ml 5carp 3ml+5sis,"304,16","248,49",-18.3%,"248,49",-18.3%
SãoJoão,Disponível,285.0,15,7898569760267.0,Lamotrigina 50mg Genérico Althaia 30 Comprimidos (C1),"40,38","24,19",-40.1%,"24,19",-40.1%
SãoJoão,Disponível,285.0,13,7897595634160.0,Tilatil 20mg 10 Comprimidos Mylan,"180,22","180,22",-,"180,22",-
SãoJoão,Disponível,285.0,15,7896004728827.0,"Indapamida 1,5mg Genérico EMS 30 Comprimidos Revestidos","41,40","19,90",-51.9%,"19,90",-51.9%
SãoJoão,Disponível,285.0,12,7898037080323.0,Complexo Homeopático Almeida Prado 32 60 Comprimidos,"33,99","33,99",-,"33,99",-
SãoJoão,Disponível,285.0,12,7896422501187.0,Pregabalina 75mg 30 Cápsulas Genérico Medley (C1),"110,06","59,90",-45.6%,"59,90",-45.6%
SãoJoão,Disponível,284.0,13,7894916517829.0,Arpejo 15mg 30 Comprimidos EMS (C1),"266,09","266,09",-,"266,09",-
SãoJoão,Disponível,284.0,12,7891058005559.0,Stilnox 10mg 20 Comprimidos Revestidos Sanofi (B1),"155,37","124,30",-20.0%,"124,30",-20.0%
SãoJoão,Disponível,284.0,15,7897337704120.0,Ezetrol 10mg 30 Comprimidos Organon,"233,69","149,90",-35.9%,"149,90",-35.9%
SãoJoão,Disponível,284.0,13,7896422514644.0,"Clonazepam 0,5mg Genérico Medley 30 Comprimidos (B1)","10,09","8,99",-10.9%,"8,99",-10.9%
SãoJoão,Disponível,284.0,13,7891317028107.0,Vascor MR 35mg 60 Comprimidos Revestidos Eurofarma,"103,34","81,06",-21.6%,"81,06",-21.6%
SãoJoão,Disponível,284.0,14,7896181906384.0,Isossorbida 40mg 30 Comprimidos Genérico Biosintética,"28,98","24,39",-15.8%,"24,39",-15.8%
SãoJoão,Disponível,284.0,13,7896422519403.0,Captopril 25mg 30 Comprimidos Genérico Medley,"83,83","83,83",-,"83,83",-
SãoJoão,Disponível,284.0,13,7896523206271.0,Ciflogex Mel Spray 30ml,"19,90","16,09",-19.1%,"16,09",-19.1%
SãoJoão,Disponível,284.0,12,7897851260041.0,Divelol 25mg 30 Comprimidos Baldacci,"43,81","43,81",-,"43,81",-
SãoJoão,Disponível,284.0,14,7894916512510.0,"Concárdio 2,5mg 100 Comprimidos Revestidos","241,44","241,44",-,"241,44",-
SãoJoão,Disponível,284.0,12,7896004746388.0,Venlafaxina 75mg Genérico EMS 30 Cápsulas De Liberação Prolongada (C1),"105,74","64,90",-38.6%,"64,90",-38.6%
SãoJoão,Indisponível,284.0,13,0.0,Salsep Jet Kids Spray Nasal 100ml,0,0,0,0,0
SãoJoão,Disponível,284.0,14,7898586630017.0,"Targin 5+2,5mg 14 Comprimidos Mundipharma (A1)","111,76","94,79",-15.2%,"94,79",-15.2%
SãoJoão,Disponível,284.0,12,7894916508537.0,Sigma-Clav Bd 875/125mg 20 Comprimidos Sigma,"130,42","113,59",-12.9%,"113,59",-12.9%
SãoJoão,Disponível,284.0,13,8903855067841.0,Rosucor 5mg 60 Comprimidos Revestidos Torrent,"65,42","54,29",-17.0%,"54,29",-17.0%
SãoJoão,Disponível,284.0,14,7896658034237.0,Nautex 8mg 10 Comprimidos Aché,"70,05","70,05",-,"70,05",-
SãoJoão,Disponível,284.0,13,7896548139585.0,"Vigamox 5,45mg/ml Solução Oftálmica 5ml","54,51","48,59",-10.9%,"48,59",-10.9%
SãoJoão,Disponível,284.0,14,7896112421498.0,Solly 5mg 30 Comprimidos Revestidos Biolab,"53,68","47,09",-12.3%,"47,09",-12.3%
SãoJoão,Disponível,284.0,12,7896181900085.0,Corus H 100+25Mg 30 Comprimidos Revestidos Ache,"154,43","154,43",-,"154,43",-
SãoJoão,Disponível,284.0,13,7899547513042.0,Amoxicilina + Clavulanato De Potássio 400mg 70ml Genérico Prati,"68,32","41,19",-39.7%,"41,19",-39.7%
SãoJoão,Disponível,284.0,12,7898996084714.0,"Canabidiol 23,75mg/ml 10ml Greencare Pharma (B1)","187,00","187,00",-,"187,00",-
SãoJoão,Disponível,284.0,14,7896181906582.0,Furosemida 40mg 30 Comprimidos Genérico Biosintética,"23,78","7,43",-68.8%,"7,43",-68.8%
SãoJoão,Disponível,284.0,12,7896658001741.0,Novocilin 250Mg/5Ml 150Ml Ache,"28,30","28,30",-,"28,30",-
SãoJoão,Disponível,284.0,13,7896004703343.0,Fluconazol 150mg 2 Cápsulas Genérico EMS,"25,04","15,59",-37.7%,"15,59",-37.7%
SãoJoão,Disponível,284.0,13,7894916206853.0,Sinvalip 10mg 30 Comprimidos Revestidos Sigma,"27,79","23,99",-13.7%,"23,99",-13.7%
SãoJoão,Disponível,284.0,13,7896637023795.0,Levoxin 750mg 7 Comprimidos Revestidos Apsen,"89,43","78,09",-12.7%,"78,09",-12.7%
SãoJoão,Disponível,284.0,13,8902220105676.0,"Indapen SR 1,5mg 30 Comprimidos Revestidos Torrent","40,06","34,59",-13.7%,"34,59",-13.7%
SãoJoão,Disponível,284.0,12,7891721014796.0,Euthyrox 200mcg 50 Comprimidos Merck,"73,97","63,39",-14.3%,"63,39",-14.3%
SãoJoão,Indisponível,284.0,13,0.0,Clenil HFA 250 mcg Spray 200 Doses Chiesi,0,0,0,0,0
SãoJoão,Disponível,284.0,13,7896004715957.0,Azitromicina 500mg 3 Comprimidos Genérico EMS,"31,56","29,49",-6.6%,"29,49",-6.6%
SãoJoão,Disponível,283.0,14,7896422525466.0,Oxalato De Escitalopram 20mg Genérico Medley 30 Comprimidos Revestidos (C1),"124,50","59,90",-51.9%,"59,90",-51.9%
SãoJoão,Disponível,283.0,14,7896637022750.0,Unoprost 1mg 20 Comprimidos Apsen,"70,39","70,39",-,"70,39",-
SãoJoão,Disponível,283.0,13,7896241231616.0,Tapazol Biolab 5mg 100 Comprimidos,"38,62","34,99",-9.4%,"34,99",-9.4%
SãoJoão,Disponível,283.0,12,7896676414547.0,Helleva 80Mg 4 Comprimidos Supera,"127,49","107,39",-15.8%,"107,39",-15.8%
SãoJoão,Indisponível,283.0,12,0.0,Hepa-Merz 10 Envelopes de 5g Biolab Sanus,0,0,0,0,0
SãoJoão,Disponível,283.0,12,7892953208199.0,Oxypynal 10mg 30 Comprimidos Adium (A1),"287,49","229,99",-20.0%,"229,99",-20.0%
SãoJoão,Disponível,283.0,13,7896658008450.0,Vitalia Xr 48mg 30 Comprimidos Biosintética,"35,18","29,99",-14.8%,"29,99",-14.8%
SãoJoão,Disponível,283.0,13,7896658004902.0,"Allestra 30 0,075+0,030mg 21 Drágeas Aché","39,81","34,89",-12.4%,"34,89",-12.4%
SãoJoão,Disponível,283.0,12,7896004710761.0,Sinvastatina 20mg 30 Comprimidos Revestidos Genérico EMS,"52,38","15,59",-70.2%,"15,59",-70.2%
SãoJoão,Disponível,283.0,13,7896422507158.0,Bromoprida 10mg 20 Cápsulas Genérico Medley,"27,15","27,15",-,"27,15",-
SãoJoão,Disponível,283.0,12,7896094200920.0,"Libiam Libbs 2,5mg 28 Comprimidos","99,43","81,79",-17.7%,"81,79",-17.7%
SãoJoão,Disponível,283.0,15,7896206406707.0,Selozok 25mg 60 Comprimidos Libbs Prolongado AstraZeneca,"83,67","69,19",-17.3%,"69,19",-17.3%
SãoJoão,Disponível,283.0,15,7891058020286.0,Enterogermina Probiórico Plus Crianças e Adultos 5ml 5 Frascos,"49,00","39,99",-18.4%,"39,99",-18.4%
SãoJoão,Disponível,283.0,13,7891106914369.0,"Microvlar 0,15mg/0,03mg 63 Drágueas","29,86","25,89",-13.3%,"25,89",-13.3%
SãoJoão,Disponível,283.0,14,7896112416142.0,Lipless 100mg 90 Comprimidos,"205,68","205,68",-,"205,68",-
SãoJoão,Disponível,283.0,12,7896637022552.0,Nebic 5mg 30 Comprimidos Germed,"44,74","39,29",-12.2%,"39,29",-12.2%
SãoJoão,Disponível,283.0,13,7896685300497.0,Maresis Spray Solucão Nasal 100ml,"62,04","57,19",-7.8%,"57,19",-7.8%
SãoJoão,Disponível,283.0,13,7896004734354.0,Moxifloxacino 400mg 5 Comprimidos Revestidos Genérico EMS,"180,12","89,90",-50.1%,"89,90",-50.1%
SãoJoão,Disponível,283.0,14,7896658016585.0,Cefaliv Aché 12 Comprimidos,"42,60","37,19",-12.7%,"37,19",-12.7%
SãoJoão,Disponível,283.0,12,5702191025521.0,Acheflan Creme 30g Aché,"92,63","81,69",-11.8%,"81,69",-11.8%
SãoJoão,Disponível,283.0,13,7896641809026.0,Dual 60mg 30 Cápsulas Duras,"128,20","104,29",-18.7%,"104,29",-18.7%
SãoJoão,Disponível,283.0,12,7891142140555.0,Duekal 60 Comprimidos Revestidos Germed,"83,47","83,47",-,"83,47",-
SãoJoão,Disponível,283.0,12,7897337705868.0,Renitec 20Mg 30 Comprimidos Organon,"82,03","68,09",-17.0%,"68,09",-17.0%
SãoJoão,Disponível,283.0,14,7891721014130.0,Euthyrox 150mcg 50 Comprimidos Merck,"59,76","52,19",-12.7%,"52,19",-12.7%
SãoJoão,Disponível,283.0,13,7896658022371.0,Dorene Tabs Aché 75mg 30 Comprimidos (C1),"76,84","63,79",-17.0%,"63,79",-17.0%
SãoJoão,Disponível,283.0,12,7896004709116.0,Amoxicilina Suspensão Oral Genérico Germed 400mg/5ml 100ml,"52,46","39,90",-23.9%,"39,90",-23.9%
SãoJoão,Disponível,283.0,13,7896212421039.0,"Belara Gedeon Richter 2mg + 0,03mg 21 Comprimidos","67,19","56,59",-15.8%,"56,59",-15.8%
SãoJoão,Indisponível,283.0,15,0.0,Vacina MMR II TrÍplice Viral C/DIL 1 Dose MSD + Aplicação,0,0,0,0,0
SãoJoão,Disponível,283.0,12,7897595900722.0,Clorana 50mg 20 Comprimidos Sanofi,"15,95","14,59",-8.5%,"14,59",-8.5%
SãoJoão,Disponível,283.0,13,7896004761633.0,Etodolaco 400mg 10 Comprimidos Revestidos Genérico Germed,"19,95","19,95",-,"19,95",-
SãoJoão,Disponível,283.0,12,5702191025545.0,Icaden Solução 30ml Leofarma,"72,80","72,80",-,"72,80",-
SãoJoão,Disponível,283.0,12,7896523215952.0,Atorvastatina 10mg Generico Cimed 30 Comprimidos Revestidos,"72,05","19,19",-73.4%,"19,19",-73.4%
SãoJoão,Disponível,282.0,12,7897337712613.0,Claritin 10mg 6 Comprimidos,"12,84","11,19",-12.9%,"11,19",-12.9%
SãoJoão,Disponível,282.0,12,7896255766715.0,Luvox 100mg 30 Comprimidos Abbott (C1),"353,94","283,15",-20.0%,"283,15",-20.0%
SãoJoão,Disponível,282.0,12,7896676431636.0,"Quera 0,375mg 30 Cápsulas Liberação Prolongada Cristália (C1)","88,37","70,70",-20.0%,"70,70",-20.0%
SãoJoão,Disponível,282.0,12,7894916508964.0,Esomex 20mg 28 Comprimidos Revestidos,"89,40","89,40",-,"89,40",-
SãoJoão,Disponível,282.0,14,7896006291749.0,Gelo-Bio Aerossol 150ml,"29,90","29,90",-,"29,90",-
SãoJoão,Disponível,282.0,12,7897917001397.0,Belspan Belfar 250mg + 10mg 20 Comprimidos Revestidos,"18,53","18,53",-,"18,53",-
SãoJoão,Disponível,282.0,13,7896006219583.0,Cod Par 500mg+30mg 36 Comprimidos Supera (A2),"59,17","51,79",-12.5%,"51,79",-12.5%
SãoJoão,Disponível,282.0,12,7898152460444.0,Arnica do Mato Extrato Composto 100ml As Ervas Curam,"49,99","49,99",-,"49,99",-
SãoJoão,Disponível,282.0,13,7896004762227.0,Azitromicina 500mg 5 Comprimidos Revestidos Genéricos EMS,"61,82","24,49",-60.4%,"24,49",-60.4%
SãoJoão,Disponível,282.0,12,7896004707846.0,"Previane Legrand 0,075mg + 0,020mg 21 Comprimidos Revestidos","42,51","38,09",-10.4%,"38,09",-10.4%
SãoJoão,Disponível,282.0,12,7896523201573.0,Cetoconazol Creme Dermatológico 30g,"22,69","10,89",-52.0%,"10,89",-52.0%
SãoJoão,Disponível,282.0,13,7891317489700.0,Vast 20mg 30 Comprimidos Revestidos Eurofarma,"96,43","78,69",-18.4%,"78,69",-18.4%
SãoJoão,Disponível,282.0,12,7896714200699.0,Corticorten 5mg 20 Comprimidos,"31,42","27,89",-11.2%,"27,89",-11.2%
SãoJoão,Disponível,282.0,13,7896181921325.0,Betaistina 16mg 30 Comprimidos Genérico Biosintética,"31,42","27,99",-10.9%,"27,99",-10.9%
SãoJoão,Disponível,282.0,12,7896094918436.0,Artroflan 150mg 60 Comprimidos Mantecorp,"286,50","229,49",-19.9%,"229,49",-19.9%
SãoJoão,Disponível,282.0,13,7891158106019.0,Movydia 200mg 30 Cápsulas Abbott,"118,99","118,99",-,"118,99",-
SãoJoão,Disponível,282.0,14,7894916515337.0,Clabat 500mg 20 Comprimidos Revestidos Sigma Pharma,"199,02","199,02",-,"199,02",-
SãoJoão,Disponível,282.0,14,7898029550223.0,Acertil 5mg 60 Comprimidos Revestidos Servier,"160,85","131,69",-18.1%,"131,69",-18.1%
SãoJoão,Disponível,282.0,13,7896658034770.0,"Rubia 0,075mg 28 Comprimidos Aché","39,50","35,09",-11.2%,"35,09",-11.2%
SãoJoão,Disponível,282.0,12,7896658016837.0,"Revange 37,5 + 325mg 10 Comprimidos Revestidos Aché (A2)","31,89","31,89",-,"31,89",-
SãoJoão,Disponível,282.0,16,7894916372787.0,Ambroxol Infantil Genérico EMS 120ml,"22,58","17,49",-22.5%,"17,49",-22.5%
SãoJoão,Disponível,282.0,13,7891317011598.0,Melocox ODT 15mg 10 Comprimidos Eurofarma,"49,85","44,69",-10.4%,"44,69",-10.4%
SãoJoão,Disponível,282.0,13,7896658049149.0,Infoc 150mg 30 Comprimidos Biosintética (C1),"115,28","115,28",-,"115,28",-
SãoJoão,Disponível,282.0,12,7896004731308.0,"Carvedilol 12,5mg 30 Comprimidos Genérico EMS","70,08","22,99",-67.2%,"22,99",-67.2%
SãoJoão,Disponível,282.0,15,7896004759739.0,"Atenolol + Clortalidona Genérico EMS 50mg + 12,5mg 60 Comprimidos","72,32","43,99",-39.2%,"43,99",-39.2%
SãoJoão,Disponível,282.0,13,7896472521814.0,Fexofenadina 6mg 150ml Genérico Nova Química,"102,88","54,90",-46.6%,"54,90",-46.6%
SãoJoão,Disponível,282.0,12,7896004789576.0,Deller 50mg 30 Comprimidos,"117,12","95,79",-18.2%,"95,79",-18.2%
SãoJoão,Disponível,282.0,13,7896004791111.0,"Olmesartana + HCT 20 + 12,5mg 30 Comprimidos Revestidos Genérico EMS","57,01","41,90",-26.5%,"41,90",-26.5%
SãoJoão,Disponível,282.0,15,7896658004704.0,Tandrilax 30mg/125mg/50mg/300mg 15 Comprimidos,"19,93","19,93",-,"19,93",-
SãoJoão,Disponível,282.0,12,7896732600112.0,Olina 100Ml,"48,78","34,99",-28.3%,"34,99",-28.3%
SãoJoão,Disponível,282.0,14,7896094918474.0,Rizi 5Mg 30 Comprimidos Farmasa,"176,34","176,34",-,"176,34",-
SãoJoão,Disponível,281.0,14,7896523213408.0,Levofloxacino 500mg Genérico Cimed 10 Comprimidos Revestidos,"93,61","39,90",-57.4%,"39,90",-57.4%
SãoJoão,Indisponível,281.0,13,0.0,Plurair 50mcg 120 Doses Libbs,0,0,0,0,0
SãoJoão,Disponível,281.0,13,7896112411512.0,"Ablok Plus 50+12,5mg 60 Comprimidos Biolab","95,68","78,69",-17.8%,"78,69",-17.8%
SãoJoão,Disponível,281.0,14,7896004710471.0,Acebrofilina Xarope Adulto 120ml Genérico EMS,"43,52","39,19",-9.9%,"39,19",-9.9%
SãoJoão,Disponível,281.0,13,7896004708959.0,Espironolactona 25mg 30 Comprimidos Genérico Germed,"29,42","19,90",-32.4%,"19,90",-32.4%
SãoJoão,Disponível,281.0,13,7896023719899.0,Xarope Melagrião 150 mL Catarinense,"24,90","24,90",-,"24,90",-
SãoJoão,Indisponível,281.0,12,0.0,Pioletal Loção Dermatológica 60ml,0,0,0,0,0
SãoJoão,Disponível,281.0,13,8902220114227.0,Iccor 10mg 30 Comprimidos Revestidos Torrent,"81,70","66,79",-18.2%,"66,79",-18.2%
SãoJoão,Disponível,281.0,13,7891142177124.0,Predsim Gotas 20ml,"45,94","41,79",-9.0%,"41,79",-9.0%
SãoJoão,Disponível,281.0,14,7898014566932.0,Fosfomicina Trometamol 1 Envelope Granulado Genérico Pharmascience,"47,43","42,69",-10.0%,"42,69",-10.0%
SãoJoão,Disponível,281.0,13,7896046304089.0,Vyzulta Solução Oftálmica 5ml Bausch Lomb,"198,36","162,29",-18.2%,"162,29",-18.2%
SãoJoão,Disponível,281.0,13,7896004713922.0,"Losartana + Hidroclorotiazida 50mg + 12,5mg 30 Comprimidos Genérico Germed","70,73","32,49",-54.1%,"32,49",-54.1%
SãoJoão,Disponível,281.0,13,7897705202586.0,Ozempic 1mg com 4 Agulhas NovoFine 4mm,"1284,04","1284,04",-,"1284,04",-
SãoJoão,Disponível,281.0,12,7891721026614.0,"Glucovance 500mg+2,5mg 30 Comprimidos Revestidos Merck","43,98","35,29",-19.8%,"35,29",-19.8%
SãoJoão,Disponível,281.0,13,7896094209190.0,Ebatz 2mg 30 Comprimidos,"112,04","91,29",-18.5%,"91,29",-18.5%
SãoJoão,Disponível,281.0,14,7896422505888.0,Prazol 30mg 14 Cápsulas Cellera,"66,66","66,66",-,"66,66",-
SãoJoão,Indisponível,281.0,12,0.0,"Glanigan MT 0,3+0,5mg/ml 3ml Legrand",0,0,0,0,0
SãoJoão,Disponível,281.0,14,7896637024020.0,Inibina 10mg 30 Comprimidos Apsen,"167,91","135,79",-19.1%,"135,79",-19.1%
SãoJoão,Disponível,281.0,12,7896658006401.0,Femina 150mcg+20mcg 21 Comprimidos Revestidos Aché,"45,54","39,59",-13.1%,"39,59",-13.1%
SãoJoão,Disponível,281.0,14,7898581711261.0,Neuleptil 10mg 20 Comprimidos Aventis (C1),"14,57","12,99",-10.8%,"12,99",-10.8%
SãoJoão,Disponível,281.0,13,7897337716680.0,Sandrena Gel Organon 1g 28 Sachês,"93,59","63,64",-32.0%,"63,64",-32.0%
SãoJoão,Disponível,281.0,14,7897316805183.0,Combigan 5Ml Allergan,"305,24","305,24",-,"305,24",-
SãoJoão,Disponível,281.0,13,7896637030014.0,Traturil 2 Envelopes Granulados Apsen,"130,54","92,90",-28.8%,"92,90",-28.8%
SãoJoão,Disponível,281.0,13,8903855081298.0,Torval CR 300mg 60 Comprimidos Torrent (C1),"94,37","76,59",-18.8%,"76,59",-18.8%
SãoJoão,Disponível,281.0,14,7896083412525.0,Arnica Gel 30g Bisnaga Herbarium,"49,99","39,99",-20.0%,"39,99",-20.0%
SãoJoão,Disponível,281.0,13,7896637023139.0,Flancox 300mg 30 Comprimidos Revestidos Apsen,"69,22","69,22",-,"69,22",-
SãoJoão,Disponível,281.0,13,7896026305594.0,"Jardiance Duo 12,5+850mg 60 comprimidos Boehringer","315,34","252,27",-20.0%,"252,27",-20.0%
SãoJoão,Disponível,281.0,13,7896523215747.0,Albendazol 400mg Generico Cimed 1 Comprimido Mastigável,"9,05","5,85",-35.4%,"5,85",-35.4%
SãoJoão,Disponível,281.0,13,7896658007088.0,Novacort Creme 10G Ache,"22,09","20,79",-5.9%,"20,79",-5.9%
SãoJoão,Disponível,281.0,12,7891317008888.0,Tamisa 20mcg 21 Comprimido Revestido,"39,30","34,89",-11.2%,"34,89",-11.2%
SãoJoão,Disponível,281.0,12,7898587901369.0,"Ajovy 225mg 1,5ml Seringa Pré-enchida Teva","3218,30","1279,90",-60.2%,"1279,90",-60.2%
SãoJoão,Disponível,281.0,14,8903855061993.0,"Venlift OD 37,5mg 30 Cápsulas Torrent (C1)","53,10","45,19",-14.9%,"45,19",-14.9%
SãoJoão,Disponível,280.0,12,7896006219590.0,Codex 500mg + 30mg 12 Comprimidos Genom (A2),"29,57","27,29",-7.7%,"27,29",-7.7%
SãoJoão,Disponível,280.0,13,7891317451417.0,"Zart H 50+12,5mg 30 Comprimidos Eurofarma","55,28","46,79",-15.4%,"46,79",-15.4%
SãoJoão,Disponível,280.0,13,7896382703317.0,Insulina Humulin N Ui100 2Ref 3Ml Lilly,"93,52","80,59",-13.8%,"80,59",-13.8%
SãoJoão,Disponível,280.0,16,7896006226116.0,Varfarina Sódica 5mg Genérico União Quimica 30 Comprimidos,"19,51","17,49",-10.4%,"17,49",-10.4%
SãoJoão,Disponível,280.0,14,7896015516598.0,Wellbutrin XL 150mg 30 Comprimidos Revestidos  GSK (C1),"206,74","206,74",-,"206,74",-
SãoJoão,Disponível,280.0,13,7896112106470.0,Celecoxibe 200mg 10 Cápsulas Genérico Teuto (C1),"47,49","41,79",-12.0%,"41,79",-12.0%
SãoJoão,Disponível,280.0,13,7896112401230.0,Ácido Valproico 250mg 25 Cápsulas Genérico Biolab (C1),"22,99","20,19",-12.2%,"20,19",-12.2%
SãoJoão,Disponível,280.0,12,7896637028219.0,Lonium 40mg 60 Comprimidos Revestidos,"142,21","115,29",-18.9%,"115,29",-18.9%
SãoJoão,Disponível,280.0,13,7896004711034.0,Espironolactona 50mg 30 Comprimidos Genérico EMS,"47,57","28,25",-40.6%,"28,25",-40.6%
SãoJoão,Disponível,280.0,14,7891317472375.0,Efexor XR 75mg 30 Cápsulas Upjohn (C1),"100,99","100,99",-,"100,99",-
SãoJoão,Disponível,280.0,14,7896006213130.0,Lactulose 120ml Lactulaxy Sem Sabor Airela,"22,90","21,29",-7.0%,"21,29",-7.0%
SãoJoão,Disponível,280.0,13,7891317024994.0,Sinot Clav 875/125mg 20 Comprimidos Revestido Eurofarma,"160,69","129,89",-19.2%,"129,89",-19.2%
SãoJoão,Disponível,280.0,14,7896016807800.0,Eliquis 5Mg 60 Comprimidos Revestidos Pfizer,"396,50","396,50",-,"396,50",-
SãoJoão,Disponível,280.0,14,7898569767563.0,Desvenlafaxina 50mg 60 Comprimidos De Liberação Prolongada Genérico Althaia (C1),"136,13","105,20",-22.7%,"105,20",-22.7%
SãoJoão,Disponível,280.0,12,7898687731736.0,Ondansetrona 8mg 10 Comprimidos Orodispersíveis Genérico Althaia,"43,48","39,19",-9.9%,"39,19",-9.9%
SãoJoão,Disponível,280.0,13,7896714295077.0,Bronfeniramina + Cloridrato de Fenilefrina 12 Comprimidos Revestidos Genérico Neo Química,"24,96","23,39",-6.3%,"23,39",-6.3%
SãoJoão,Disponível,280.0,12,7899547510003.0,Dicloridrato De Betaistina 16mg Genérico Prati 30 Comprimidos,"28,92","22,90",-20.8%,"22,90",-20.8%
SãoJoão,Disponível,280.0,13,7897322710440.0,Lisador 500mg 8 Comprimidos Farmasa Env AV*,"25,07","25,07",-,"25,07",-
SãoJoão,Disponível,280.0,12,7896523210865.0,Descon 12 Comprimidos Revestidos,"11,11","11,11",-,"11,11",-
SãoJoão,Disponível,280.0,12,7894916503761.0,Aglucose 100mg 30 Comprimidos EMS,"66,52","66,52",-,"66,52",-
SãoJoão,Disponível,280.0,12,7896004726403.0,"Desloratadina 0,5mg/ml Genérico Medley Xarope 60ml","47,53","38,39",-19.2%,"38,39",-19.2%
SãoJoão,Disponível,280.0,12,7898029550766.0,Daflon Flex 1000mg 30 Envelopes Servier,"186,92","149,54",-20.0%,"149,54",-20.0%
SãoJoão,Disponível,280.0,14,7898636192182.0,Laxime Solução Oftálmica 10ml,"42,47","38,39",-9.6%,"38,39",-9.6%
SãoJoão,Disponível,280.0,15,7896094210080.0,Plenance EZE 20mg/10mg 30 Cápsulas,"137,43","112,89",-17.9%,"112,89",-17.9%
SãoJoão,Disponível,280.0,13,7897411600300.0,Hirudoid 500 Gel 90g Sankyo,"84,89","73,59",-13.3%,"73,59",-13.3%
SãoJoão,Disponível,280.0,13,7896006202066.0,Unitidazin 50mg 20 Comprimidos Revestidos Genom,"25,75","21,79",-15.4%,"21,79",-15.4%
SãoJoão,Disponível,280.0,13,7896004760995.0,Migraliv 1mg/100mg/350mg 12 Comprimidos,"21,69","20,19",-6.9%,"20,19",-6.9%
SãoJoão,Disponível,280.0,13,7891268107067.0,Tramal Retardado 100mg 10 Comprimidos Revestidos Liberação Prolongada Grünenthal (A2),"161,86","112,99",-30.2%,"112,99",-30.2%
SãoJoão,Disponível,280.0,12,7896181929178.0,Traum Retard 100mg 10 Comprimidos Revestidos Aché (A2),"98,24","98,24",-,"98,24",-
SãoJoão,Disponível,280.0,12,7897595901842.0,Socian 50mg 20 Comprimidos Sanofi (C1),"147,89","147,89",-,"147,89",-
SãoJoão,Disponível,280.0,12,7896862993122.0,Solaquin Creme Medquímica 4% 30g,"93,37","93,37",-,"93,37",-
SãoJoão,Disponível,280.0,12,7891317028824.0,Voric 10mg 10 Comprimidos Eurofarma,"34,49","31,59",-8.4%,"31,59",-8.4%
SãoJoão,Disponível,280.0,12,7896226109909.0,Pasalix PI 500mg 30 Comprimidos,"110,37","88,29",-20.0%,"88,29",-20.0%
SãoJoão,Disponível,280.0,14,7896094207820.0,"Cardilol 12,5mg 60 Comprimidos Libbs","121,43","121,43",-,"121,43",-
SãoJoão,Disponível,279.0,12,8903855061207.0,Rosucor 5mg 30 Comprimidos Revestidos Torrent,"33,76","29,69",-12.1%,"29,69",-12.1%
SãoJoão,Disponível,279.0,13,7896006213130.0,Lactulose Colact 120ml Ameixa União Química,"22,90","21,29",-7.0%,"21,29",-7.0%
SãoJoão,Disponível,279.0,14,7896261000834.0,Ritalina LA 30Mg 30 Comprimidos Novartis (A3),"83,04","83,04",-,"83,04",-
SãoJoão,Disponível,279.0,12,7896658046964.0,Pomada Sensifemi 30g Biosintética,"69,99","69,99",-,"69,99",-
SãoJoão,Disponível,279.0,12,7896206407902.0,Symbicort Spray FQM 6mcg + 200mcg 120 Doses,"171,81","171,81",-,"171,81",-
SãoJoão,Disponível,279.0,12,7898133138898.0,Laxenol 100ml Natulab,"16,90","16,90",-,"16,90",-
SãoJoão,Disponível,279.0,14,7896658002212.0,Level 100mcg/20mcg 63 Comprimidos Revestidos,"100,10","82,49",-17.6%,"82,49",-17.6%
SãoJoão,Disponível,279.0,12,7896422515511.0,Cloridrato De Propranolol 10mg Genérico Medley 30 Comprimidos,"6,93","6,93",-,"6,93",-
SãoJoão,Disponível,279.0,15,8902220115590.0,Olmecor 40mg 60 Comprimidos Revestidos Torrent,"108,08","87,29",-19.2%,"87,29",-19.2%
SãoJoão,Disponível,279.0,13,7896676436129.0,Inspra 50mg 30 Comprimidos Revestidos Upjohn,"14,13","12,89",-8.8%,"12,89",-8.8%
SãoJoão,Disponível,279.0,13,7899470807362.0,Dipirona 1g 10 Comprimidos Maxalgina Natulab,"15,90","9,90",-37.7%,"9,90",-37.7%
SãoJoão,Disponível,279.0,13,7894916502320.0,Proflox 500Mg 10 Comprimidos Sigma Pharma,"45,47","45,47",-,"45,47",-
SãoJoão,Disponível,279.0,13,7896714294322.0,Neogermina 5ml 5 Frascos 4 Bilhões Neoquímica,"34,90","34,90",-,"34,90",-
SãoJoão,Disponível,279.0,13,7894916510271.0,"Niki 3mg/0,02mg 24 Comprimidos Revestidos","46,02","40,29",-12.5%,"40,29",-12.5%
SãoJoão,Disponível,279.0,12,7896714273822.0,Neolefrin Dia 800mg/20mg 20 Comprimidos,"15,90","15,90",-,"15,90",-
SãoJoão,Disponível,279.0,13,7896004703466.0,Finasterida 5mg 30 Comprimidos Revestidos Genérico EMS,"133,92","52,39",-60.9%,"52,39",-60.9%
SãoJoão,Disponível,279.0,12,7891317028831.0,Voric 10mg 20 Comprimidos Eurofarma,"35,51","32,69",-7.9%,"32,69",-7.9%
SãoJoão,Disponível,279.0,13,7899095237896.0,Olanzapina 5mg 30 Comprimidos Revestidos Genérico Geolab (C1),"131,41","79,90",-39.2%,"79,90",-39.2%
SãoJoão,Disponível,279.0,14,7897595635655.0,Sitagliptina 100mg 30 Comprimidos Revestidos Genérico Ranbaxy,"240,05","99,90",-58.4%,"99,90",-58.4%
SãoJoão,Disponível,279.0,12,7896004756417.0,Paracetamol + Codeína 12 Comprimidos Genérico EMS (A2),"26,28","24,69",-6.1%,"24,69",-6.1%
SãoJoão,Indisponível,279.0,12,0.0,Kit Ozempic + Creatina,0,0,0,0,0
SãoJoão,Disponível,279.0,14,7891721201691.0,Contrave Cloridrato de Naltrexona 8mg + Cloridrato de Bupropiona 90mg 120 Comprimidos,"942,94","694,00",-26.4%,"694,00",-26.4%
SãoJoão,Disponível,279.0,12,7896422507400.0,Norfloxacino 400mg 14 Comprimidos Revestidos Genérico Medley,"53,93","29,90",-44.6%,"29,90",-44.6%
SãoJoão,Disponível,279.0,15,7896658046780.0,"Olanexyn 2,5mg 30 Comprimidos Biosintética (C1)","149,98","149,98",-,"149,98",-
SãoJoão,Disponível,279.0,13,7891106914154.0,"Yaz 3mg + 0,02mg, caixa com 24 comprimidos revestidos + 4 comprimidos placebos?","115,41","92,39",-19.9%,"92,39",-19.9%
SãoJoão,Disponível,279.0,12,7896112402664.0,Dozoito 100mg 30 Comprimidos Biolab,"36,34","27,29",-24.9%,"27,29",-24.9%
SãoJoão,Disponível,279.0,12,7897679601002.0,Funchicórea Solução Oral 3g,"51,77","39,99",-22.8%,"39,99",-22.8%
SãoJoão,Disponível,279.0,12,7896658029318.0,Etira 500mg 30 Comprimidos Revestidos Aché (C1),"79,95","79,95",-,"79,95",-
SãoJoão,Disponível,279.0,12,7896269901898.0,Zyrtec GSK 10mg 12 Comprimidos,"88,94","88,94",-,"88,94",-
SãoJoão,Disponível,278.0,12,7898029550353.0,"Acertalix 10mg+2,5mg 30 Comprimidos Servier","152,59","125,89",-17.5%,"125,89",-17.5%
SãoJoão,Disponível,278.0,12,7898582380312.0,Tramal Retard 100mg 20 Comprimidos Revestidos Grünenthal (A2),"307,63","252,89",-17.8%,"252,89",-17.8%
SãoJoão,Disponível,278.0,14,7896658003141.0,Decadron 4mg 10 Comprimidos Aché,"25,71","23,89",-7.1%,"23,89",-7.1%
SãoJoão,Disponível,278.0,12,7894916500593.0,Azi 900mg Suspensão Oral Sigma Pharma,"70,60","70,60",-,"70,60",-
SãoJoão,Disponível,278.0,12,7891058005818.0,Saxenda Solução Injetável 3 Carpules de 3ml + 3 Aplicadores,"13036,91","13036,91",-,"13036,91",-
SãoJoão,Disponível,278.0,14,7896094201002.0,Caltren 20mg 30 Comprimidos Libbs,"161,84","129,47",-20.0%,"129,47",-20.0%
SãoJoão,Disponível,278.0,12,7891317036966.0,Bup XL 150mg 60 Comprimidos Revestidos Prolongada Eurofarma (C1),"172,18","143,39",-16.7%,"143,39",-16.7%
SãoJoão,Disponível,278.0,12,7896523201863.0,Dexclorfeniramina Creme Dermatológico 30g Genérico Cimed,"16,11","7,90",-51.0%,"7,90",-51.0%
SãoJoão,Disponível,278.0,16,7894164009695.0,Hidralis Sais 45 4 Envelopes Framboesa Airela,"19,90","11,29",-43.3%,"11,29",-43.3%
SãoJoão,Disponível,278.0,12,7897917000314.0,Ciflogex Cereja 3mg 12 Pastilhas,"13,90","13,90",-,"13,90",-
SãoJoão,Disponível,278.0,12,7897337711029.0,Janumet 50+500mg 56 Comprimidos Merck,"332,39","332,39",-,"332,39",-
SãoJoão,Disponível,278.0,12,7896422512169.0,Ciclopirox Olamina 10mg/g Genérico Medley Creme Dermatológico 20g,"35,25","24,90",-29.4%,"24,90",-29.4%
SãoJoão,Disponível,278.0,12,7896523210742.0,Cetoconazol 200mg 30 Comprimidos Genérico Cimed,"94,84","30,29",-68.1%,"30,29",-68.1%
SãoJoão,Disponível,278.0,12,7896094207820.0,"Cardilol 6,25mg 30 Comprimidos Libbs","121,43","121,43",-,"121,43",-
SãoJoão,Disponível,278.0,13,7896015519292.0,Niquitin 21mg 7 Adesivos Transparente,"137,39","137,39",-,"137,39",-
SãoJoão,Disponível,278.0,15,7896637032919.0,Xafac 20mg Apsen 14 Comprimidos Revestidos,"94,17","78,19",-17.0%,"78,19",-17.0%
SãoJoão,Disponível,278.0,12,7896658020988.0,Pamelor 25mg 60 Comprimidos Cellera (C1),"177,22","177,22",-,"177,22",-
SãoJoão,Disponível,278.0,13,7896261022041.0,Pasurta 140mg/ml Inj 1Ser Preenchido 1ml Novartis,"3078,60","3078,60",-,"3078,60",-
SãoJoão,Disponível,278.0,12,7891317030575.0,Terza 250mg/5ml 100ml Eurofarma,"169,21","136,99",-19.0%,"136,99",-19.0%
SãoJoão,Disponível,278.0,13,7896015528829.0,Relvar Ellipta Pó Inalante 30 Doses,"207,11","207,11",-,"207,11",-
SãoJoão,Disponível,278.0,13,7898040329792.0,Fumasil Orodispersível Divcom 300mg 60 Comprimidos,"54,54","46,35",-15.0%,"46,35",-15.0%
SãoJoão,Disponível,278.0,13,7896658039577.0,Fusor 20mg/ml 15ml Biosintética (C1),"96,87","78,99",-18.5%,"78,99",-18.5%
SãoJoão,Disponível,278.0,12,7898029550216.0,Allegra 60mg 10 Comprimidos Revestidos,"80,38","67,99",-15.4%,"67,99",-15.4%
SãoJoão,Disponível,278.0,12,7891317132453.0,Vênula 200mg 60 Cápsulas Gelatinosas,"134,48","107,59",-20.0%,"107,59",-20.0%
SãoJoão,Disponível,278.0,13,7896004730387.0,Quetiapina 200mg 30 Comprimidos Revestidos Genérico EMS (C1),"309,49","125,89",-59.3%,"125,89",-59.3%
SãoJoão,Disponível,278.0,13,7896206406738.0,Selozok 50mg 60 Comprimidos Libbs Prolongado AstraZeneca,"168,06","134,45",-20.0%,"134,45",-20.0%
SãoJoão,Disponível,278.0,12,7896004719597.0,Amoxicilina + Clavulanato De Potássio 875mg 14 Comprimidos Revestidos Genérico Biosintética,"194,22","138,89",-28.5%,"138,89",-28.5%
SãoJoão,Disponível,278.0,13,7891317017521.0,Lemont 10+5mg 14 Comprimidos Revestidos Eurofarma,"131,45","108,29",-17.6%,"108,29",-17.6%
SãoJoão,Disponível,278.0,13,7896888500120.0,Dordente Hearst 3ml Flaconete Avulso,"7,49","7,49",-,"7,49",-
SãoJoão,Disponível,278.0,13,7896006297420.0,Leduo 30mg 30 Cápsulas Genom (C1),"63,48","63,48",-,"63,48",-
SãoJoão,Disponível,278.0,13,7896006218654.0,Ison 20mg 30 Cápsulas Moles,"170,72","170,72",-,"170,72",-
SãoJoão,Disponível,278.0,13,7896004711508.0,Nitrazepan 5mg 20 Comprimidos Genéricos Germed (B1),"15,23","13,79",-9.5%,"13,79",-9.5%
SãoJoão,Disponível,278.0,14,7896253902177.0,Duphaston Abbott 10mg 28 Comprimidos Revestidos,"82,78","69,49",-16.1%,"69,49",-16.1%
SãoJoão,Disponível,278.0,12,7896006202073.0,Unitidazin 100mg 20 Comprimidos Revestidos Genom,"46,98","37,59",-20.0%,"37,59",-20.0%
SãoJoão,Disponível,277.0,12,7896331701036.0,Stilgrip Hertz 5g Antigripal,"2,99","2,99",-,"2,99",-
SãoJoão,Disponível,277.0,12,7896112103851.0,Zolpidem 10mg 30 Comprimidos Revestidos Genérico Teuto (B1),"77,17","33,89",-56.1%,"33,89",-56.1%
SãoJoão,Disponível,277.0,13,7908733201592.0,Acetilcisteína 600mg 16 Sachês Momentos,"32,90","32,90",-,"32,90",-
SãoJoão,Disponível,277.0,13,7896023701436.0,Elixir Paregórico 30ml Catarinense,"27,67","27,67",-,"27,67",-
SãoJoão,Disponível,277.0,14,7896637022576.0,Xarope Retemic 1mg 120ml,"59,43","50,99",-14.2%,"50,99",-14.2%
SãoJoão,Disponível,277.0,12,7891058002664.0,Hidroclorotiazida 25mg Genérico Medley 30 Comprimidos,"5,06","5,06",-,"5,06",-
SãoJoão,Disponível,277.0,14,7891317124458.0,Praiva 400mg 7 Comprimidos Revestidos Eurofarma,"227,80","189,39",-16.9%,"189,39",-16.9%
SãoJoão,Disponível,277.0,13,7891317025090.0,Minti 20mg/ml 100ml Momenta,"38,41","36,09",-6.0%,"36,09",-6.0%
SãoJoão,Disponível,277.0,12,7896658049477.0,Trezete 5+10mg 30 Comprimidos Revestidos Aché,"77,78","65,89",-15.3%,"65,89",-15.3%
SãoJoão,Indisponível,277.0,12,0.0,Atesto 250mg/ml Sol Inj 1amp 4ml Supera (C5),0,0,0,0,0
SãoJoão,Disponível,277.0,14,7891058002145.0,Rivaroxabana 15mg 30 Comprimidos Revestidos Genérico Medley,"190,87","190,87",-,"190,87",-
SãoJoão,Disponível,277.0,12,7891317435462.0,Sinot Suspensão Oral 100ml,"42,86","39,99",-6.7%,"39,99",-6.7%
SãoJoão,Disponível,277.0,13,7896112407188.0,Vonaugasmax 250mg 20 Cápsulas Biolab,"50,74","50,74",-,"50,74",-
SãoJoão,Indisponível,277.0,13,0.0,"Olina 0,18mL/ml + 4mg/ml Essência de Vida 15ml 24 Flaconetes",0,0,0,0,0
SãoJoão,Disponível,277.0,12,5702150152145.0,"Rexulti 0,5mg 30 Comprimidos Lundbeck (C1)","276,53","224,29",-18.9%,"224,29",-18.9%
SãoJoão,Disponível,277.0,13,7891058001155.0,Neosaldina Dip 1g 10 Comprimidos,"25,43","19,99",-21.4%,"19,99",-21.4%
SãoJoão,Disponível,277.0,14,7896112427773.0,Aradois H 100mg/25mg 90 Comprimidos Revestidos?,"238,87","191,10",-20.0%,"191,10",-20.0%
SãoJoão,Disponível,277.0,13,7896676433685.0,Risperidon 3Mg 60 Comprimidos Supera (C1),"139,03","139,03",-,"139,03",-
SãoJoão,Disponível,277.0,12,7891142115799.0,Oximax 400mcg 30 Cápsulas Mantecorp,"88,38","88,38",-,"88,38",-
SãoJoão,Disponível,277.0,12,7891010256609.0,Tylenol Dor e Febre 500mg 10 Comprimidos J&amp;J,"21,38","21,38",-,"21,38",-
SãoJoão,Disponível,277.0,15,7896094929319.0,Doril 500mg/30mg 20 Comprimidos,"19,25","18,09",-6.0%,"18,09",-6.0%
SãoJoão,Disponível,277.0,13,7897595634986.0,Mirtazapina 30mg 28 Comprimidos Genérico Novartis (C1),"175,56","90,59",-48.4%,"90,59",-48.4%
SãoJoão,Disponível,277.0,13,7896422504256.0,Diclofenaco Dietilamônio Gel Genérico Neo Química 60g,"22,31","16,99",-23.8%,"16,99",-23.8%
SãoJoão,Disponível,277.0,13,5702191008753.0,Daivobet Gel Dermatológico 30g,"147,63","126,59",-14.3%,"126,59",-14.3%
SãoJoão,Disponível,277.0,14,7896658008887.0,Levoid 150mcg 30 Comprimidos Aché,"29,10","25,99",-10.7%,"25,99",-10.7%
SãoJoão,Disponível,277.0,16,7896004707327.0,Verapamil 80mg 30 Comprimidos Genérico Germed,"36,00","36,00",-,"36,00",-
SãoJoão,Disponível,277.0,12,7896261005181.0,Tegretol 200mg 60 Comprimidos,"96,77","77,42",-20.0%,"77,42",-20.0%
SãoJoão,Disponível,277.0,13,7896004743745.0,Rosuvastatina 5mg 30 Comprimidos Revestidos Genérico EMS,"83,42","17,49",-79.0%,"17,49",-79.0%
SãoJoão,Disponível,277.0,12,7894916515757.0,Vynaxa 10 Mg 10 Comprimidos,"17,58","17,58",-,"17,58",-
SãoJoão,Disponível,277.0,13,7897595625137.0,Secnidazol 1 000mg Genérico Sandoz 4 Comprimidos,"43,14","24,49",-43.2%,"24,49",-43.2%
SãoJoão,Disponível,277.0,13,7899095250888.0,Itraconazol 100mg 4 Cápsulas Genérico Geolab,"60,23","18,89",-68.6%,"18,89",-68.6%
SãoJoão,Disponível,277.0,15,7891142983480.0,Evortia 10mg 60 Comprimidos Revestidos Hypera (C1),"259,63","259,63",-,"259,63",-
SãoJoão,Disponível,277.0,12,7896658002113.0,Brondilat 120ml Adulto Aché,"61,57","53,09",-13.8%,"53,09",-13.8%
SãoJoão,Disponível,277.0,14,7891317016364.0,Piemonte 10mg 60 Comprimidos Eurofarma,"116,94","116,94",-,"116,94",-
SãoJoão,Disponível,276.0,13,7896227800102.0,DoutorSan Adesivo P 4 Unidades,"4,91","4,91",-,"4,91",-
SãoJoão,Disponível,276.0,12,7896269900617.0,Polaramine Creme Dermatológico 30g,"49,35","49,35",-,"49,35",-
SãoJoão,Disponível,276.0,12,7898906376434.0,Tiorfan Pó para Solução Oral 18 Sachês de 1g,"60,75","55,09",-9.3%,"55,09",-9.3%
SãoJoão,Disponível,276.0,14,7896658002120.0,Brondilat 120ml Infantil Aché,"48,37","43,69",-9.7%,"43,69",-9.7%
SãoJoão,Disponível,276.0,14,7896523216034.0,Atorvastatina 20mg 30 Comprimidos Revestidos Genérico Cimed,"72,05","20,49",-71.6%,"20,49",-71.6%
SãoJoão,Disponível,276.0,12,7897917002677.0,Drenogrip 120 Comprimido Belfar,"147,78","147,78",-,"147,78",-
SãoJoão,Disponível,276.0,13,7898430194269.0,Promind Triptofano+Melatonina 60 Comprimidos Revestidos Myralis,"117,90","117,90",-,"117,90",-
SãoJoão,Disponível,276.0,13,7896004731261.0,"Carvedilol 3,125mg 30 Comprimidos Genérico EMS","52,05","19,90",-61.8%,"19,90",-61.8%
SãoJoão,Disponível,276.0,12,7894916502863.0,"Deflaimmun 7,5mg 20 Comprimidos Sigma Pharma","66,47","54,59",-17.9%,"54,59",-17.9%
SãoJoão,Disponível,276.0,12,7898049796106.0,Metformina 500mg 30 Comprimidos Genérico Vitamedic,"9,84","6,89",-30.0%,"6,89",-30.0%
SãoJoão,Disponível,276.0,14,7891317003067.0,"Tantin 0,060mg/0,015mg 84 Comprimidos Revestidos","30,48","26,99",-11.5%,"26,99",-11.5%
SãoJoão,Disponível,276.0,13,7898096577550.0,Deocil SL 10 mg 20 comprimidos Diffucap,"76,53","76,53",-,"76,53",-
SãoJoão,Disponível,276.0,13,7896004706290.0,Ambroxol Adulto Genérico EMS 120ml,"36,45","28,49",-21.8%,"28,49",-21.8%
SãoJoão,Disponível,276.0,12,7896523207360.0,Nevralgex 300mg + 50mg + 35mg 60 comprimidos Cimed,"5,99","4,79",-20.0%,"4,79",-20.0%
SãoJoão,Disponível,276.0,12,7892953000380.0,Restiva 10mg 2 Adesivos Transdérmicos Mundipharma (A1),"193,35","193,35",-,"193,35",-
SãoJoão,Disponível,276.0,13,7896685303818.0,Florax Hydra45 500ml Guaraná Hebron,"26,75","19,90",-25.6%,"19,90",-25.6%
SãoJoão,Disponível,276.0,14,7891721023422.0,Flexive CDM Creme Dermatológico 25g,"55,90","49,69",-11.1%,"49,69",-11.1%
SãoJoão,Disponível,276.0,12,7896083400935.0,Sinustrat Spray Nasal 30ml,"64,40","51,52",-20.0%,"51,52",-20.0%
SãoJoão,Indisponível,276.0,12,0.0,Melhoral Infantil 85mg 8 Comprimidos Envelope Hypera Pharma,0,0,0,0,0
SãoJoão,Disponível,276.0,13,7891721003042.0,Clinfar Merck 10mg 30 Comprimidos Revestidos,"29,92","29,92",-,"29,92",-
SãoJoão,Disponível,276.0,13,7897337716673.0,Remeron Soltab Supera 30mg 30 Comprimidos (C1),"330,77","264,62",-20.0%,"264,62",-20.0%
SãoJoão,Disponível,276.0,12,7896261018563.0,Cataflam Sport Ice 120g GSK,"69,90","69,90",-,"69,90",-
SãoJoão,Disponível,276.0,16,7896226102351.0,Relactagel Creme Vaginal 35g 7 Aplicadores Marjan,"103,71","103,71",-,"103,71",-
SãoJoão,Disponível,276.0,13,7891268107029.0,Tramal Gotas Grünenthal 100mg/ml 10ml (A2),"162,28","134,79",-16.9%,"134,79",-16.9%
SãoJoão,Disponível,276.0,14,7896523218946.0,Ciprofibrato 100mg Genérico Cimed 30 Comprimidos,"37,82","21,57",-43.0%,"21,57",-43.0%
SãoJoão,Disponível,276.0,13,7899095203556.0,Cisteil Infantil Xarope 120ml,"34,90","31,89",-8.6%,"31,89",-8.6%
SãoJoão,Indisponível,276.0,12,0.0,Lur 125mg 20 ml Biosintética,0,0,0,0,0
SãoJoão,Disponível,276.0,13,7898927111137.0,Epocler Solução Oral 6 Flaconetes de 10ml,"207,49","207,49",-,"207,49",-
SãoJoão,Disponível,276.0,14,7896006299813.0,Cetorolaco Sublingual 10mg 20 Comprimidos Genérico União Química,"66,21","47,90",-27.7%,"47,90",-27.7%
SãoJoão,Disponível,276.0,12,7898902180981.0,Trealens 120ml + 360ml Lebon,"42,90","42,90",-,"42,90",-
SãoJoão,Disponível,276.0,12,7898037080033.0,Complexo Homeopático Almeida Prado 03 60 Comprimidos,"33,99","33,99",-,"33,99",-
SãoJoão,Disponível,276.0,12,7896658018787.0,Bravan HCT 160mg+25mg 30 Comprimidos Revestidos Aché,"83,91","67,79",-19.2%,"67,79",-19.2%
SãoJoão,Disponível,276.0,14,7896714290218.0,Blumel Imune Kids 30 Gomas Hypera Pharma,"45,99","45,99",-,"45,99",-
SãoJoão,Disponível,276.0,12,7896112406983.0,Bivolet 5mg 90 Comprimidos Biolab,"157,31","127,59",-18.9%,"127,59",-18.9%
SãoJoão,Disponível,276.0,13,8903855082844.0,Menelat ODT 30mg 30 Comprimidos Torrent (C1),"171,75","137,40",-20.0%,"137,40",-20.0%
SãoJoão,Disponível,276.0,14,7896009498411.0,Advil 400mg 8 Cápsulas Moles,"9,86","9,86",-,"9,86",-
SãoJoão,Disponível,276.0,12,7896006298625.0,Foldan Pomada União Química 45g,"43,17","39,29",-9.0%,"39,29",-9.0%
SãoJoão,Disponível,275.0,14,7896004758268.0,Budesonida 32mcg 120 Doses Genérico EMS,"30,10","25,89",-14.0%,"25,89",-14.0%
SãoJoão,Disponível,275.0,13,7896112400226.0,Posicor 10mg 30 Comprimidos Biolab,"50,19","40,15",-20.0%,"40,15",-20.0%
SãoJoão,Indisponível,275.0,13,0.0,Sabonete Íntimo em Gel Gino-Canesten® Calm Kit Promocional — 2 unidades com 50% de desc. na segunda,0,0,0,0,0
SãoJoão,Disponível,275.0,13,7897411600386.0,"Benicar Triplo 20mg/12,5mg/5mg 30 Comprimidos","153,69","122,95",-20.0%,"122,95",-20.0%
SãoJoão,Disponível,275.0,12,7891721008368.0,Alginac 5000 3 Ampolas Injetável Procter,"36,95","33,09",-10.4%,"33,09",-10.4%
SãoJoão,Disponível,275.0,17,7891058005979.0,Pantoprazol Genérico Medley 40mg 28 Comprimidos Revestidos,"48,07","29,90",-37.8%,"29,90",-37.8%
SãoJoão,Disponível,275.0,13,7898277714668.0,Gargotricin Spray 35ml Extra Forte Prevent Pharma,"9,99","4,49",-55.1%,"4,49",-55.1%
SãoJoão,Disponível,275.0,14,7896094201033.0,"Diminut 0,075mg/0,02mg 63 Comprimidos Revestidos","124,67","87,27",-30.0%,"87,27",-30.0%
SãoJoão,Disponível,275.0,13,7891106007030.0,Xarelto 15mg 14 Comprimidos Revestidos Bayer,"139,47","139,47",-,"139,47",-
SãoJoão,Disponível,275.0,12,7896004721125.0,Sibutramina 15mg 30 Cápsulas Genérico EMS (B2),"99,04","74,90",-24.4%,"74,90",-24.4%
SãoJoão,Indisponível,275.0,14,0.0,Dermomax 4% 30g Creme Ache,0,0,0,0,0
SãoJoão,Disponível,275.0,13,7896094916296.0,Lisador Dip 1g 20 Comprimidos,"19,79","19,79",-,"19,79",-
SãoJoão,Disponível,275.0,12,7896331703443.0,Prebictal 50mg 30 Cápsulas Gelatinosas Duras,"21,90","21,90",-,"21,90",-
SãoJoão,Disponível,275.0,12,7896658016271.0,Aquarela 10mg 30 Comprimido Biosintética (C1),"203,54","162,83",-20.0%,"162,83",-20.0%
SãoJoão,Disponível,275.0,13,8902220106970.0,Menelat 30mg 30 Comprimidos Torrent (C1),"171,75","137,40",-20.0%,"137,40",-20.0%
SãoJoão,Disponível,275.0,12,7898747480055.0,Floral Kids Therapi 30ml Tranquilito,"34,90","29,90",-14.3%,"29,90",-14.3%
SãoJoão,Disponível,275.0,14,7897851250585.0,Monocordil 40mg 30 Comprimidos Baldacci,"40,27","33,49",-16.8%,"33,49",-16.8%
SãoJoão,Disponível,275.0,13,7896658034220.0,Trayenta 5mg 30 Comprimidos Revestidos,"94,75","81,69",-13.8%,"81,69",-13.8%
SãoJoão,Disponível,275.0,12,7891045008402.0,Frontal 2mg 30 Comprimidos Pfizer (B1),"53,94","44,89",-16.8%,"44,89",-16.8%
SãoJoão,Disponível,275.0,12,7894916372770.0,Loratadina + Pseudoefedrina Xarope 60ml Genérico EMS,"46,40","21,89",-52.8%,"21,89",-52.8%
SãoJoão,Disponível,275.0,14,7891317487553.0,Dep 60mg 30 Cápsulas Eurofarma (C1),"145,74","118,49",-18.7%,"118,49",-18.7%
SãoJoão,Disponível,275.0,14,7896255762618.0,Depakote 500mg 30 Comprimidos Abbott (C1),"156,51","125,21",-20.0%,"125,21",-20.0%
SãoJoão,Disponível,275.0,12,7896004720241.0,Bromexina 120ml Infantil Genérico Pharlab,"17,90","15,69",-12.3%,"15,69",-12.3%
SãoJoão,Disponível,275.0,13,7896641804830.0,Broncho-Vaxom 7mg 10 Cápsulas,"109,38","91,09",-16.7%,"91,09",-16.7%
SãoJoão,Disponível,275.0,12,7894916508964.0,Entresto 24mg/26mg 28 Comprimidos Revestidos,"89,40","89,40",-,"89,40",-
SãoJoão,Disponível,275.0,13,7891317013523.0,Pergo Solução Oral 120ml,"51,24","46,19",-9.9%,"46,19",-9.9%
SãoJoão,Disponível,275.0,13,7898590870331.0,Isotretinoína 20mg 30 Cápsulas Genérico Althaia (C2),"120,55","79,90",-33.7%,"79,90",-33.7%
SãoJoão,Disponível,275.0,12,7894916147736.0,Diazepam 10mg 30 Comprimidos Genérico Germed (B1),"22,91","18,90",-17.5%,"18,90",-17.5%
SãoJoão,Disponível,275.0,14,7896165600727.0,Picoprep Pó para Solução Oral 2 Sachês de 12g,"52,69","48,39",-8.2%,"48,39",-8.2%
SãoJoão,Disponível,275.0,12,7896241227701.0,Aradois Biolab 100mg 30 Comprimidos Revestidos,"153,83","153,83",-,"153,83",-
SãoJoão,Disponível,274.0,12,7896241270400.0,Pomada Drenison N 30G Biolab,"44,52","39,89",-10.4%,"39,89",-10.4%
SãoJoão,Disponível,274.0,13,7896637025362.0,Pomada Dermatológica Postec  20g,"148,92","124,69",-16.3%,"124,69",-16.3%
SãoJoão,Disponível,274.0,12,7896004703732.0,Sulfametoxazol + Trimetoprima Suspensão Oral 200mg/40mg 100ml Genérico EMS,"19,76","19,76",-,"19,76",-
SãoJoão,Disponível,274.0,14,7896026304276.0,Micardis 80mg 30 Comprimidos Boehringer Ingelheim,"266,88","212,39",-20.4%,"212,39",-20.4%
SãoJoão,Indisponível,274.0,12,0.0,Gargotricin Prevent Sabor Menta 12 Pastilhas,0,0,0,0,0
SãoJoão,Disponível,274.0,13,7896206400385.0,Nolvadex-D 20mg 30 Cápsulas AstraZeneca,"427,66","313,99",-26.6%,"313,99",-26.6%
SãoJoão,Disponível,274.0,12,7894916502962.0,"Artemidis 35 Sigma 0,035mg + 2mg 21 Comprimidos","23,43","21,39",-8.7%,"21,39",-8.7%
SãoJoão,Disponível,274.0,12,7896548112717.0,Tobrex Solução Oftálmica Novartis 5ml,"39,58","36,79",-7.0%,"36,79",-7.0%
SãoJoão,Disponível,274.0,13,7899824400331.0,Minel 200mg 30 Comprimidos Arese,"177,30","177,30",-,"177,30",-
SãoJoão,Disponível,274.0,12,7896112409410.0,Mind 10mg 30 Comprimidos Biolab (C1),"74,53","74,53",-,"74,53",-
SãoJoão,Disponível,274.0,12,8902220106758.0,Lamitor CD 100mg 30 Comprimidos Torrent (C1),"106,56","86,69",-18.6%,"86,69",-18.6%
SãoJoão,Disponível,274.0,15,7896658004162.0,Novocilin 875mg 20 Comprimidos Ache,"107,65","107,65",-,"107,65",-
SãoJoão,Disponível,274.0,12,7896004709123.0,Atenolol + Clortalidona 100mg + 25mg 30 Comprimidos Genérico EMS,"67,73","67,73",-,"67,73",-
SãoJoão,Disponível,274.0,13,7897460401422.0,Silimalon 100mg/70mg 30 Comprimidos Revestidos,"80,87","80,87",-,"80,87",-
SãoJoão,Disponível,274.0,15,7896004720791.0,Dexclorfeniramina Creme 30g Genérico Germed,"15,80","15,80",-,"15,80",-
SãoJoão,Disponível,274.0,14,7897337706506.0,Singulair Organon 4mg 30 Comprimidos,"93,38","93,38",-,"93,38",-
SãoJoão,Disponível,274.0,13,7896658039546.0,Parzo 200mg 30 Cápsulas Biosintética,"45,27","45,27",-,"45,27",-
SãoJoão,Disponível,274.0,12,7896004711225.0,Glimepirida 2mg 30 Comprimidos Genérico EMS,"48,21","36,69",-23.9%,"36,69",-23.9%
SãoJoão,Disponível,274.0,13,7891058002602.0,Dipirona 1g Genérico Medley 10 Comprimidos,"22,72","16,90",-25.6%,"16,90",-25.6%
SãoJoão,Disponível,274.0,13,7891106916042.0,Analgésico Flanax 275mg Bayer com 8 comprimidos,"383,27","298,89",-22.0%,"298,89",-22.0%
SãoJoão,Disponível,274.0,12,7896094927797.0,Benegrip Multi Dia Hypera Pharma 4 Comprimidos AV*,"28,64","28,64",-,"28,64",-
SãoJoão,Disponível,274.0,14,8903855083117.0,Seizla 200mg 60 Comprimidos Revestidos Torrent (C1),"523,08","523,08",-,"523,08",-
SãoJoão,Disponível,274.0,15,7896658040290.0,Nautex ODG 8mg 5 Envelopes Laranja Aché,"81,02","69,19",-14.6%,"69,19",-14.6%
SãoJoão,Disponível,273.0,13,5702191007916.0,Pomada Daivobet Roche 30g,"156,88","132,99",-15.2%,"132,99",-15.2%
SãoJoão,Disponível,273.0,13,5000456028387.0,Xigduo XR 10mg + 1000mg 30 Comprimidos Revestidos,"259,01","207,21",-20.0%,"207,21",-20.0%
SãoJoão,Disponível,273.0,13,7896006210788.0,Doxaprost 4mg 30 Comprimidos,"39,90","33,99",-14.8%,"33,99",-14.8%
SãoJoão,Indisponível,273.0,14,0.0,Kit Alivio Virose: Eno 5G 2 Env Eferv Laranja Gsk Av* + Vonau Flash 4Mg 10Cp + Dipirona 1G 10Cp + Epocler 10Ml 6Un + Enterogermina Plus 5Ml 5Un,0,0,0,0,0
SãoJoão,Disponível,273.0,13,7896094211469.0,Sumax 100mg 6 Comprimidos Revestidos Libbs,"117,92","95,29",-19.2%,"95,29",-19.2%
SãoJoão,Disponível,273.0,12,7898927564858.0,Zyptan 10mg 2 Comprimidos Zydus,"32,02","32,02",-,"32,02",-
SãoJoão,Disponível,273.0,13,7500435245340.0,Vick Drops 20 Pastilhas Mel Procter,"17,99","15,29",-15.0%,"15,29",-15.0%
SãoJoão,Disponível,273.0,13,7897337716314.0,"Mercilon Conti 0,15mg/0,02mg 84 Comprimidos","166,68","113,34",-32.0%,"113,34",-32.0%
SãoJoão,Disponível,273.0,12,7896016809026.0,Analgésico Luftafem 4 comprimidos - Ibuprofeno e Paracetamol,"12,04","12,04",-,"12,04",-
SãoJoão,Disponível,273.0,14,7896422514651.0,Clonazepam 2mg Genérico Medley 30 Comprimidos (B1),"17,97","10,90",-39.3%,"10,90",-39.3%
SãoJoão,Disponível,273.0,12,7896523227115.0,Doxazosina 4mg 30 Comprimidos Genérico Cimed,"78,01","28,40",-63.6%,"28,40",-63.6%
SãoJoão,Disponível,273.0,14,7896004772868.0,Pregabalina 150mg 30 Cápsulas Genérico Eurofarma (C1),"175,57","129,89",-26.0%,"129,89",-26.0%
SãoJoão,Disponível,273.0,13,7896004801216.0,Cystex EMS 24 Drágeas,"38,43","36,29",-5.6%,"36,29",-5.6%
SãoJoão,Indisponível,273.0,13,0.0,Aftine 20Ml Gotas Cifarma,0,0,0,0,0
SãoJoão,Indisponível,273.0,13,0.0,Mud Creme 10G Momenta,0,0,0,0,0
SãoJoão,Disponível,273.0,13,7896548197967.0,Azopt Suspensão Oftálmica 5ml,"110,72","88,58",-20.0%,"88,58",-20.0%
SãoJoão,Disponível,273.0,15,7896004712048.0,Triancinolona Orabase Pomada 10g Genérico EMS,"17,31","17,31",-,"17,31",-
SãoJoão,Disponível,273.0,12,7896255762618.0,Depakote ER 500mg 30 Comprimidos Abbott (C1),"156,51","125,21",-20.0%,"125,21",-20.0%
SãoJoão,Disponível,273.0,12,7891317029791.0,Spark 750mg 30 Comprimidos Momenta (C1),"155,58","155,58",-,"155,58",-
SãoJoão,Disponível,273.0,13,7896226100296.0,Pasalix PI 20 Comprimidos Marjan,"75,33","60,59",-19.6%,"60,59",-19.6%
SãoJoão,Disponível,273.0,16,7896658020988.0,Motore 500mg 60 Comprimidos Ache,"177,22","177,22",-,"177,22",-
SãoJoão,Disponível,273.0,12,7896094921351.0,Engov After Berry Vibes 250ml Hypera Pharma,"14,99","11,99",-20.0%,"11,99",-20.0%
SãoJoão,Disponível,273.0,13,7896676441772.0,"Terolac 0,5% Solução Oftálmica 5ml Cristália","56,27","49,59",-11.9%,"49,59",-11.9%
SãoJoão,Disponível,273.0,12,7891268148756.0,Olmetec 40Mg 30 Comprimidos Pfizer,"220,73","220,73",-,"220,73",-
SãoJoão,Disponível,273.0,12,7899547531237.0,Paracetamol Genérico Prati 750mg 20 Comprimidos Revestidos,"16,58","6,98",-57.9%,"6,98",-57.9%
SãoJoão,Disponível,273.0,13,7500435245340.0,Vick Procter Envelope Sabor Limão 5 Pastilhas,"17,99","15,29",-15.0%,"15,29",-15.0%
SãoJoão,Disponível,273.0,12,7896004700267.0,Cetoconazol 200mg 30 Comprimidos Genérico EMS,"142,38","42,39",-70.2%,"42,39",-70.2%
SãoJoão,Disponível,272.0,13,7898096577840.0,Arflex Retard 200mg 6 Cápsulas,"50,68","50,68",-,"50,68",-
SãoJoão,Disponível,272.0,13,7896094915893.0,Novotram 50mg 20 Cápsulas Hypermarchas (A2),"129,92","107,39",-17.3%,"107,39",-17.3%
SãoJoão,Disponível,272.0,13,7891317122027.0,Vartaz 320mg 30 Comprimidos Revestidos Eurofarma,"60,36","49,49",-18.0%,"49,49",-18.0%
SãoJoão,Disponível,272.0,13,7896658003172.0,Decadron 2mg 2 Ampolas Injetável Aché,"17,92","16,29",-9.1%,"16,29",-9.1%
SãoJoão,Disponível,272.0,12,7896004722146.0,Aceclofenaco Genérico Ranbaxy 100mg 12 Comprimidos,"49,31","43,19",-12.4%,"43,19",-12.4%
SãoJoão,Disponível,272.0,14,7898560666865.0,Lipitor 10mg 30 Comprimidos Upjohn,"69,74","57,59",-17.4%,"57,59",-17.4%
SãoJoão,Disponível,272.0,14,7896112403340.0,Ad Muc Gel 10g Kids Biolab,"85,03","75,19",-11.6%,"75,19",-11.6%
SãoJoão,Disponível,272.0,14,7896094929401.0,Descon 20ml Gotas Hypera,"14,58","14,58",-,"14,58",-
SãoJoão,Disponível,272.0,12,7896112147640.0,Aerodini Spray Aerossol 200 Doses,"29,90","24,49",-18.1%,"24,49",-18.1%
SãoJoão,Indisponível,272.0,14,0.0,Kit Alivio Virose 2 : Buscopan Composto 20Cp Rev Hypera Pharma + Floratil 200Mg 6Cap Divcom + Hidraplex Po 4Env Guarana Natulab,0,0,0,0,0
SãoJoão,Disponível,272.0,12,7897595638618.0,Amoxicilina + Clavulanato de Potássio 500mg 12 Comprimidos Revestidos Genérico Novartis,"117,19","100,89",-13.9%,"100,89",-13.9%
SãoJoão,Disponível,272.0,12,7898060134246.0,Omeprazol 20mg 56 Comprimidos Genérico Nova Química,"39,95","23,90",-40.2%,"23,90",-40.2%
SãoJoão,Disponível,272.0,13,7899547546637.0,Aurom 10mg 2 Comprimidos Prati,"30,43","30,43",-,"30,43",-
SãoJoão,Disponível,272.0,14,7897917006163.0,Paracetamol Suspensão Oral Genérico Belfar 15ml,"9,02","5,39",-40.2%,"5,39",-40.2%
SãoJoão,Disponível,272.0,14,7896658004810.0,Remilev 250+60mg 20 Comprimidos Revestidos Aché,"81,74","67,49",-17.4%,"67,49",-17.4%
SãoJoão,Disponível,272.0,13,7896112119210.0,Carbamazepina 200mg Genérico Teuto 30 Comprimidos (C1),"26,07","21,59",-17.2%,"21,59",-17.2%
SãoJoão,Disponível,272.0,14,7899095200678.0,"Hiluropt Max 2,0mg/ml Solução Oftálmica 10ml","55,97","50,19",-10.3%,"50,19",-10.3%
SãoJoão,Disponível,272.0,13,7897595635792.0,Rosuvastatina Cálcica 10mg Genérico Novartis 30 Comprimidos Revestidos,"82,38","19,90",-75.8%,"19,90",-75.8%
SãoJoão,Disponível,272.0,13,7896006234524.0,Tandriflan 300+125+50+30mg 15 Comprimidos União Química,"16,90","16,90",-,"16,90",-
SãoJoão,Disponível,272.0,14,8902220116214.0,Nebilet 5mg 90 Comprimidos,"107,91","89,69",-16.9%,"89,69",-16.9%
SãoJoão,Disponível,272.0,12,7896658036385.0,Prohn 15 Cápsulas,"79,79","71,60",-10.3%,"71,60",-10.3%
SãoJoão,Disponível,272.0,12,7896862926120.0,Gripinew 6 Comprimidos Revestidos Avulso,"4,99","4,99",-,"4,99",-
SãoJoão,Disponível,272.0,12,7896004705583.0,Clortalidona 50mg 30 Comprimidos Genérico Vitamedic,"29,22","25,49",-12.8%,"25,49",-12.8%
SãoJoão,Indisponível,272.0,12,0.0,Hidrocortisona Creme 15g Genérico Teuto,0,0,0,0,0
SãoJoão,Disponível,272.0,14,7891317025205.0,Dixil 50mg/ml 50ml,"71,16","58,89",-17.2%,"58,89",-17.2%
SãoJoão,Disponível,272.0,13,7896676437126.0,Etod 400mg 20 Comprimidos Revestidos Cristalia,"40,61","36,39",-10.4%,"36,39",-10.4%
SãoJoão,Disponível,272.0,13,609.0,"Vacina Hexavalente Infanfix DTPA HB HIB IPV Injetável Frasco + Seringa 0,5 ml GSK + Aplicação","390,01","244,50",-37.3%,"244,50",-37.3%
SãoJoão,Disponível,272.0,13,7898586631397.0,"Timoptol-Xe 0,5% 5m Mundipharma","81,87","81,87",-,"81,87",-
SãoJoão,Indisponível,272.0,14,0.0,Epativan Rsk 10ml Flaconete Avulso Cimed,0,0,0,0,0
SãoJoão,Disponível,272.0,14,7896676416879.0,Pinazan 25mg 30 Comprimidos Cristalia (C1),"61,62","49,59",-19.5%,"49,59",-19.5%
SãoJoão,Disponível,272.0,12,7896004706795.0,"Losartana + HCT 50mg + 12,5mg 30 Comprimidos Revestidos Genérico EMS","21,73","3,90",-82.1%,"3,90",-82.1%
SãoJoão,Disponível,272.0,13,7891158000195.0,Noctal 2mg 20 Comprimidos Abbott (B1),"30,23","25,79",-14.7%,"25,79",-14.7%
SãoJoão,Disponível,271.0,13,7891317137557.0,Coques 200mg 10 Cápsulas Eurofarma (C1),"45,90","41,69",-9.2%,"41,69",-9.2%
SãoJoão,Disponível,271.0,13,7891317123253.0,Perivasc 500mg 60 Comprimidos Eurofarma,"145,01","119,19",-17.8%,"119,19",-17.8%
SãoJoão,Disponível,271.0,13,7896637025096.0,Miosan Caf 5mg/30mg 15 Comprimidos Revestidos,"31,27","28,89",-7.6%,"28,89",-7.6%
SãoJoão,Disponível,271.0,12,7897316801413.0,Cromolerg Solução Oftálmica Allergan 4% 5ml,"21,47","20,19",-6.0%,"20,19",-6.0%
SãoJoão,Disponível,271.0,12,4030729003545.0,"Neupro 6mg/24h (13,5mg) 28 Adesivos UCB (C1)","644,29","644,29",-,"644,29",-
SãoJoão,Disponível,271.0,13,7896004731674.0,Xarope Expec 120ml Legrand,"31,90","29,49",-7.6%,"29,49",-7.6%
SãoJoão,Disponível,271.0,13,7896004727776.0,Amitriptilina 25mg 30 Comprimidos Revestidos Genérico EMS (C1),"23,60","8,99",-61.9%,"8,99",-61.9%
SãoJoão,Disponível,271.0,12,8902220114906.0,Nebivolol 5mg 30 Comprimidos Genérico Torrent,"90,20","49,90",-44.7%,"49,90",-44.7%
SãoJoão,Disponível,271.0,12,7898148298198.0,Fosfato De Prednisolona Genérico Prati Solução Oral 120ml,"40,59","36,89",-9.1%,"36,89",-9.1%
SãoJoão,Disponível,271.0,12,7891317028091.0,Vascor MR 35mg 30 Comprimidos Revestidos Eurofarma,"55,16","46,29",-16.1%,"46,29",-16.1%
SãoJoão,Disponível,271.0,12,7896046300708.0,"Arulatan Solução Oftálmica 2,5Ml Bausch&amp;Lomb","170,27","136,22",-20.0%,"136,22",-20.0%
SãoJoão,Disponível,271.0,13,7899547533613.0,Gapem 300mg 30 Cápsulas Prati RX (C1),"74,91","61,49",-17.9%,"61,49",-17.9%
SãoJoão,Disponível,271.0,12,7897004695423.0,Hidrali Sabor Guaraná 500ml Airela,"19,90","19,90",-,"19,90",-
SãoJoão,Disponível,271.0,12,7894164009510.0,Hidralis Sais 45 4 Envelopes Natural Airela,"19,90","18,69",-6.1%,"18,69",-6.1%
SãoJoão,Disponível,271.0,12,7896658026904.0,Penetro Solução Inalatória 45ml,"86,30","75,89",-12.1%,"75,89",-12.1%
SãoJoão,Disponível,271.0,14,7891317010201.0,Afetus 25mg 30 Comprimidos Eurofarma (C1),"111,81","90,59",-19.0%,"90,59",-19.0%
SãoJoão,Disponível,271.0,14,7896676402827.0,Pomada Kollagenase sem Cloranfenicol 30g,"73,89","64,29",-13.0%,"64,29",-13.0%
SãoJoão,Disponível,271.0,13,7891158042423.0,Klaricid 50Mg/Ml 60Ml Abbott,"216,39","175,69",-18.8%,"175,69",-18.8%
SãoJoão,Indisponível,271.0,13,0.0,Suplemento Alimentar Oral Z 4mg 75 ml 1 Unidade,0,0,0,0,0
SãoJoão,Disponível,271.0,12,7896004703480.0,Metildopa Genérico EMS 250mg 30 Comprimidos,"31,52","27,59",-12.5%,"27,59",-12.5%
SãoJoão,Disponível,271.0,12,7896015528843.0,Relvar Ellipta 200+25Mcg 30 Drágeas GSK,"336,47","336,47",-,"336,47",-
SãoJoão,Disponível,271.0,12,7898430194412.0,Flex MSM 60 Comprimidos Revestidos,"244,90","244,90",-,"244,90",-
SãoJoão,Disponível,271.0,14,7896026300544.0,Mucosolvan Pediátrico Opella 120ml,"46,47","46,47",-,"46,47",-
SãoJoão,Disponível,271.0,12,7892953208175.0,Oxypynal 10mg Adium 10 comprimidos,"112,27","93,79",-16.5%,"93,79",-16.5%
SãoJoão,Disponível,271.0,13,7896112148494.0,"Ceftriaxona 1g 3,5ml Injetável IM Genérico Teuto","47,42","38,69",-18.4%,"38,69",-18.4%
SãoJoão,Disponível,271.0,12,7896094928329.0,Pantozol Takeda 20mg 28 Comprimidos,"50,09","44,79",-10.6%,"44,79",-10.6%
SãoJoão,Disponível,271.0,12,7891317016029.0,"Triaxin 1G 1X3,5Ml Injetavel Momenta","46,60","39,49",-15.3%,"39,49",-15.3%
SãoJoão,Disponível,271.0,14,7894916513050.0,Risedross 150Mg 2 Comprimidos Sigma-Pharma,"187,38","154,69",-17.4%,"154,69",-17.4%
SãoJoão,Disponível,271.0,12,7896004739588.0,Hemifumarato De Bisoprolol 5mg Genérico EMS 30 Comprimidos Revestidos,"63,01","39,90",-36.7%,"39,90",-36.7%
SãoJoão,Disponível,271.0,13,7898244720869.0,Motix 30ml FQM,"105,43","105,43",-,"105,43",-
SãoJoão,Disponível,270.0,12,7896004706900.0,Cetorolaco Trometamol Colírio 5ml Genérico EMS,"57,92","50,09",-13.5%,"50,09",-13.5%
SãoJoão,Disponível,270.0,14,7896112143659.0,Naproxeno 500mg 10 comprimidos,"40,90","36,69",-10.3%,"36,69",-10.3%
SãoJoão,Disponível,270.0,12,7898040321505.0,Annita Suspensão Oral 100ml,"73,16","64,19",-12.3%,"64,19",-12.3%
SãoJoão,Disponível,270.0,13,7896658037269.0,Volare 20mg Injetável 2 Seringas Ache,"84,80","84,80",-,"84,80",-
SãoJoão,Disponível,270.0,12,7894164005208.0,Aftanax 25ml Airela,"24,90","24,90",-,"24,90",-
SãoJoão,Disponível,270.0,12,7896006219095.0,Teflan 20mg 10 Comprimidos Revestidos Genom,"56,78","49,29",-13.2%,"49,29",-13.2%
SãoJoão,Disponível,270.0,12,7896094907324.0,Engov 24 Comprimidos Hypera Pharma,"34,73","29,52",-15.0%,"29,52",-15.0%
SãoJoão,Disponível,270.0,12,7899420508080.0,Pros 2mg 30 Comprimidos Supera,"43,41","36,79",-15.2%,"36,79",-15.2%
SãoJoão,Disponível,270.0,13,7896015516956.0,"Paxil CR 12,5mg 30 Comprimidos GSK (C1)","123,45","123,45",-,"123,45",-
SãoJoão,Disponível,270.0,14,7898040329921.0,"Cherry 2mg+0,03mg 28 Comprimidos Revestidos FQM","46,69","39,99",-14.3%,"39,99",-14.3%
SãoJoão,Disponível,270.0,12,8903855081298.0,Torval CR 333mg + 145mg 60 Comprimidos,"94,37","76,59",-18.8%,"76,59",-18.8%
SãoJoão,Disponível,270.0,14,7896714274652.0,Peridal 10mg 60 Comprimidos,"52,92","45,29",-14.4%,"45,29",-14.4%
SãoJoão,Disponível,270.0,12,7896472520206.0,Perfenol 400mg + 4mg + 4mg com 20 Cápsulas,"16,90","16,90",-,"16,90",-
SãoJoão,Disponível,270.0,12,7894916512725.0,Impere 10mg 30 Comprimidos Revestidos EMS,"185,56","185,56",-,"185,56",-
SãoJoão,Disponível,270.0,13,7898133130403.0,Dipirona 500mg 10ml Maxalgina Natulab,"4,99","2,99",-40.1%,"2,99",-40.1%
SãoJoão,Disponível,270.0,14,7896422524629.0,Albendazol 400mg Genérico Medley 3 Comprimidos,"25,19","25,19",-,"25,19",-
SãoJoão,Disponível,270.0,13,7896094200982.0,Caltren 10mg 30 Comprimidos Libbs,"85,53","68,69",-19.7%,"68,69",-19.7%
SãoJoão,Disponível,270.0,13,7898029550339.0,Acertanlo 7mg/5mg 30 Comprimidos,"88,15","73,79",-16.3%,"73,79",-16.3%
SãoJoão,Disponível,270.0,15,7896112189114.0,Creme Miconazol 28g Genérico Prati,"30,48","28,69",-5.9%,"28,69",-5.9%
SãoJoão,Disponível,270.0,14,7894916512008.0,Cymbi 60mg 60 Cápsulas Sigma Pharma (C1),"251,19","200,95",-20.0%,"200,95",-20.0%
SãoJoão,Disponível,270.0,13,7896637028202.0,Dalmadorm 30mg 30 Comprimidos Revestidos,"81,75","69,19",-15.4%,"69,19",-15.4%
SãoJoão,Disponível,270.0,13,7891268100204.0,Aldactone 100mg 16 Comprimidos Pfizer,"50,47","50,47",-,"50,47",-
SãoJoão,Disponível,270.0,13,7896714275192.0,Ivermectina 6mg 4 Comprimidos Genérico Neo Química,"21,40","19,59",-8.5%,"19,59",-8.5%
SãoJoão,Disponível,270.0,13,7896862960025.0,Gastrogel Fresh Menta Suspensão Oral 150ml,"29,90","29,90",-,"29,90",-
SãoJoão,Disponível,270.0,12,7896658047985.0,Steaton 300mg 30 Cápsulas Gel Ache,"176,94","143,99",-18.6%,"143,99",-18.6%
SãoJoão,Disponível,270.0,13,4260747720722.0,Losec Mups 10mg 28 Comprimidos Revestidos,"309,35","258,69",-16.4%,"258,69",-16.4%
SãoJoão,Disponível,270.0,15,7896714275192.0,Ivermectina 6mg 2 Comprimidos Genérico Neo Química,"21,40","19,59",-8.5%,"19,59",-8.5%
SãoJoão,Disponível,270.0,13,7894916515313.0,Clabat 500mg 14 Comprimidos Revestidos Sigma Pharma,"137,98","137,98",-,"137,98",-
SãoJoão,Disponível,270.0,13,7893595770907.0,Óleo Essencial Therapi 10ml com Perfume Morada,"39,90","39,90",-,"39,90",-
SãoJoão,Disponível,270.0,14,7897595635181.0,Foraseq 12+400mcg 120 Cápsulas s/Inalador Sandoz,"180,92","180,92",-,"180,92",-
SãoJoão,Disponível,270.0,13,7899337000424.0,"Omnic Ocas 0,4mg 60 Comprimidos Revestidos Astellas","230,30","184,24",-20.0%,"184,24",-20.0%
SãoJoão,Disponível,270.0,13,7896006203155.0,Cetrolac SL 10mg 10 Comprimidos União Química,"36,68","32,69",-10.9%,"32,69",-10.9%
SãoJoão,Disponível,269.0,13,7893595770822.0,Óleo Essencial Therapi Citronela 10ml,"39,90","39,90",-,"39,90",-
SãoJoão,Disponível,269.0,14,7898586630048.0,Targin 10+5mg 14 Comprimidos Revestidos  Mundipharma (A1),"223,50","223,50",-,"223,50",-
SãoJoão,Disponível,269.0,15,7896004703343.0,Fluconazol 150mg Genérico Medley 2 Cápsulas Duras,"25,04","15,59",-37.7%,"15,59",-37.7%
SãoJoão,Disponível,269.0,13,7896004746012.0,Ibuprofeno Ibuliv 400mg 8 Cápsulas EMS,"19,90","15,69",-21.2%,"15,69",-21.2%
SãoJoão,Disponível,269.0,12,7896523200248.0,Waryz 60 Comprimidos Revestidos Cimed,"89,90","73,79",-17.9%,"73,79",-17.9%
SãoJoão,Disponível,269.0,13,7899420508943.0,Alpes Xl 150mg 30 Comprimidos Supera (C1),"187,56","187,56",-,"187,56",-
SãoJoão,Disponível,269.0,12,7899095238671.0,Escitalopram OLX 20mg 30 Comprimidos Revestidos Genérico Prati (C1),"69,32","29,90",-56.9%,"29,90",-56.9%
SãoJoão,Disponível,269.0,13,7896676410730.0,Funtyl Creme 20g Cristália,"38,29","35,29",-7.8%,"35,29",-7.8%
SãoJoão,Disponível,269.0,14,7896004759432.0,Esomex 40Mg 56 Comprimidos Revestidos Sigma Pharma,"164,40","164,40",-,"164,40",-
SãoJoão,Disponível,269.0,12,7896094210028.0,Plenance EZE 5mg/10mg 30 Cápsulas,"83,12","69,09",-16.9%,"69,09",-16.9%
SãoJoão,Disponível,269.0,15,7896094927551.0,Alevo 750mg 5 Comprimidos Supera,"73,70","63,89",-13.3%,"63,89",-13.3%
SãoJoão,Disponível,269.0,13,7891317000653.0,"Mamades 0,075mg 28 Comprimidos Revestidos","95,02","80,39",-15.4%,"80,39",-15.4%
SãoJoão,Disponível,269.0,12,7891268107210.0,Tramal 50mg Injeção 5x1ml Grünenthal (A2),"103,60","103,60",-,"103,60",-
SãoJoão,Disponível,269.0,12,5702150142986.0,Lexapro 15mg 30 Comprimidos Lundbeck (C1),"349,62","281,09",-19.6%,"281,09",-19.6%
SãoJoão,Disponível,269.0,12,7896004705385.0,Allexofedrin 180mg 10 Comprimidos Revestidos,"39,90","37,19",-6.8%,"37,19",-6.8%
SãoJoão,Disponível,269.0,15,7891317014001.0,Aria 10mg 30 Comprimidos Revestidos Momenta,"74,91","62,39",-16.7%,"62,39",-16.7%
SãoJoão,Disponível,269.0,13,7891317432447.0,Musculare 5mg 15 Comprimidos Revestidos,"20,36","20,36",-,"20,36",-
SãoJoão,Disponível,269.0,14,7896422511940.0,Oxcarbazepina 600mg 30 Comprimidos Revisado Genérico Medley (C1),"100,93","100,93",-,"100,93",-
SãoJoão,Disponível,269.0,13,7899420507953.0,Muskard 35mg 60 Comprimidos Revestidos Lib Prol Supera,"103,33","103,33",-,"103,33",-
SãoJoão,Disponível,269.0,14,7896004705583.0,Clortalidona 50mg 30 Comprimidos Genérico EMS,"29,22","25,49",-12.8%,"25,49",-12.8%
SãoJoão,Disponível,269.0,12,7896658007019.0,Biomag 10mg 30 Cápsulas Aché (B2),"62,20","53,59",-13.8%,"53,59",-13.8%
SãoJoão,Disponível,269.0,14,7897076923806.0,Amoxicilina + Clavulanato De Potássio 875mg 14 Comprimidos Revestidos Genérico Ranbaxy,"100,32","59,90",-40.3%,"59,90",-40.3%
SãoJoão,Disponível,269.0,12,7896112409441.0,Aglitil 30mg EMS 30 Comprimidos,"74,53","62,09",-16.7%,"62,09",-16.7%
SãoJoão,Disponível,269.0,12,7896637032322.0,Inseris XR 300mg 10 Comprimidos Revestidos Apsen (C1),"132,71","132,71",-,"132,71",-
SãoJoão,Indisponível,269.0,12,0.0,Pomada Dermatológica Trok-N 10g Eurofarma,0,0,0,0,0
SãoJoão,Disponível,269.0,12,7892953209134.0,Consiv 54mg 30 Comprimidos Revestidos Adium (A3),"316,80","153,45",-51.6%,"153,45",-51.6%
SãoJoão,Disponível,268.0,12,7898687731996.0,Melatonina Sublingual Fast Equaliv Sabor Menta 120 Comprimidos,"55,90","55,90",-,"55,90",-
SãoJoão,Disponível,268.0,13,7896658002953.0,Sinot Clav 400mg + 57mg Suspensão 140ml Eurofarma,"169,98","169,98",-,"169,98",-
SãoJoão,Disponível,268.0,14,7896004712963.0,Mesalazina 800mg Genérico Germed 30 Comprimidos Revestidos,"123,55","92,99",-24.7%,"92,99",-24.7%
SãoJoão,Disponível,268.0,12,7897595612397.0,Alopurinol 100mg 60 Comprimidos Genérico Sandoz,"20,92","19,59",-6.4%,"19,59",-6.4%
SãoJoão,Disponível,268.0,14,7898060134239.0,Omeprazol Genérico EMS 20mg 28 Comprimidos,"25,31","23,19",-8.4%,"23,19",-8.4%
SãoJoão,Disponível,268.0,12,7891317425869.0,Zart 50mg 30 Comprimidos Revestidos,"14,53","14,53",-,"14,53",-
SãoJoão,Disponível,268.0,12,7896641808999.0,Dexilant 30mg 60 Cápsulas,"256,39","205,11",-20.0%,"205,11",-20.0%
SãoJoão,Disponível,268.0,12,7896422517621.0,Midazolam 15mg 30 Comprimidos Revestidos Genérico Medley (B1),"82,92","82,92",-,"82,92",-
SãoJoão,Disponível,268.0,14,7896714292212.0,"Levanlodipino 2,5Mg 30 Comprimidos Genérico Neo Quimica","50,61","41,59",-17.8%,"41,59",-17.8%
SãoJoão,Disponível,268.0,13,8903855083025.0,Seizla 50mg 60 Comprimidos Revestidos Torrent (C1),"153,52","124,59",-18.8%,"124,59",-18.8%
SãoJoão,Disponível,268.0,12,7896676442687.0,Buscofem 400mg 10 Comprimidos,"68,71","59,39",-13.6%,"59,39",-13.6%
SãoJoão,Disponível,268.0,14,7896004731575.0,Escitalopram 10mg 60 Comprimidos Revestidos Genérico EMS (C1),"149,40","37,49",-74.9%,"37,49",-74.9%
SãoJoão,Disponível,268.0,12,7896026303064.0,Pradaxa 110Mg 60 Cápsulas Boehringer,"413,43","330,74",-20.0%,"330,74",-20.0%
SãoJoão,Disponível,268.0,12,7891317017378.0,Nortriptilina 25mg 30 Comprimidos Genéricos Eurofarma (C1),"80,69","42,09",-47.8%,"42,09",-47.8%
SãoJoão,Disponível,268.0,14,7896206401160.0,Atacand 8Mg 30 Cápsulas Astrazeneca,"180,63","180,63",-,"180,63",-
SãoJoão,Disponível,268.0,13,7892953208304.0,Prebictal 150mg 30 Comprimidos Adium (C1),"192,66","154,13",-20.0%,"154,13",-20.0%
SãoJoão,Disponível,268.0,16,7896006201731.0,Primosiston 30 Comprimidos Genom,"56,31","49,39",-12.3%,"49,39",-12.3%
SãoJoão,Disponível,268.0,12,7896094931473.0,Epocler Todo Dia 30 Comprimidos,"15,31","12,59",-17.8%,"12,59",-17.8%
SãoJoão,Disponível,268.0,13,7891317412692.0,Astro Suspensão Oral 15ml,"57,34","52,19",-9.0%,"52,19",-9.0%
SãoJoão,Disponível,268.0,14,7896212479580.0,Paracetamol + Codeína 500mg + 30mg 24 Comprimidos Genérico Geolab (A2),"47,23","43,19",-8.6%,"43,19",-8.6%
SãoJoão,Disponível,268.0,15,7897337706568.0,Singulair Organon 10mg 30 Comprimidos,"93,38","93,38",-,"93,38",-
SãoJoão,Disponível,268.0,13,7891317490003.0,Promestrieno 10mg/g Genérico Eurofarma Creme Ginecológico 30g + 20 Aplicadores,"78,40","59,90",-23.6%,"59,90",-23.6%
SãoJoão,Disponível,268.0,14,7891317002060.0,DOrto 150mg 1 Comprimido Revestido Eurofarma,"80,02","64,09",-19.9%,"64,09",-19.9%
SãoJoão,Indisponível,268.0,13,0.0,Sinustrat Vasoconstritor 10Ml Biolab,0,0,0,0,0
SãoJoão,Disponível,268.0,12,7894916518536.0,Arpejo 20mg 15mg Gotas Sigma Pharma (C1),"311,31","311,31",-,"311,31",-
SãoJoão,Disponível,268.0,12,7896094928541.0,Rinosoro Sic XT 3 % Spray 50ml Hypera,"40,00","37,09",-7.3%,"37,09",-7.3%
SãoJoão,Disponível,268.0,13,7896004756875.0,Lisina + Ciclobenzaprina 125mg + 5mg 15 Comprimidos Revestidos Genérico EMS,"37,53","33,19",-11.6%,"33,19",-11.6%
SãoJoão,Disponível,268.0,12,7896714200064.0,Nifedipina 10mg 30 Comprimidos Neo Fedipina Neoquímica,"22,90","20,79",-9.2%,"20,79",-9.2%
SãoJoão,Disponível,268.0,12,7898908753301.0,Neurexan 50 Comprimidos Heel,"81,99","69,69",-15.0%,"69,69",-15.0%
SãoJoão,Disponível,268.0,12,7896112405986.0,"Cronocor 12,5mg 30 Comprimidos Biolab","25,29","25,29",-,"25,29",-
SãoJoão,Disponível,267.0,14,7896658039270.0,Nienza 25mg 30 Comprimidos Aché,"47,25","39,99",-15.4%,"39,99",-15.4%
SãoJoão,Disponível,267.0,15,7896658029509.0,Proepa Uni Achevita 30 Cápsulas,"137,29","137,29",-,"137,29",-
SãoJoão,Disponível,267.0,12,7896009498459.0,Atrofem 400mg 10 Cápsulas Moles,"50,80","33,00",-35.0%,"33,00",-35.0%
SãoJoão,Disponível,267.0,12,7896241241462.0,Aradois 25mg 60 Comprimidos Biolab,"100,67","82,39",-18.2%,"82,39",-18.2%
SãoJoão,Disponível,267.0,12,20800750158.0,Metamucil Laranja Pó para Solução Oral 174g,"139,57","139,57",-,"139,57",-
SãoJoão,Disponível,267.0,12,7896523201399.0,Nitrato De Miconazol 20mg/g Genérico Teuto Creme Ginecológico 80g,"20,99","18,59",-11.4%,"18,59",-11.4%
SãoJoão,Disponível,267.0,12,8903855083056.0,Seizla 100mg 60 Comprimidos Revestidos Torrent (C1),"290,78","290,78",-,"290,78",-
SãoJoão,Disponível,267.0,12,7894164005727.0,Magmilk 100ml tradicional Airela,"12,90","12,90",-,"12,90",-
SãoJoão,Disponível,267.0,13,7891721027437.0,Glifage 850mg 30 Comprimidos Revestidos Merck,"40,33","40,33",-,"40,33",-
SãoJoão,Disponível,267.0,13,7899620914827.0,Nimesulida 50 mg/ml 15 ml Scaflogin Globo,"9,90","9,90",-,"9,90",-
SãoJoão,Disponível,267.0,14,7896094206366.0,Nuit Flash 5mg 30 Comprimidos,"84,02","69,49",-17.3%,"69,49",-17.3%
SãoJoão,Disponível,267.0,12,7896658011412.0,Creme Adinos Genérico 30g Aché,"52,87","47,79",-9.6%,"47,79",-9.6%
SãoJoão,Disponível,267.0,12,7896004720210.0,Amoxicilina + Clavulanato De Potássio 400mg 70ml Genérico Germed,"114,88","69,90",-39.2%,"69,90",-39.2%
SãoJoão,Disponível,267.0,12,7897705203118.0,"Wegovy 2,4mg 3ml Novo Nordisk","2473,85","2473,85",-,"2473,85",-
SãoJoão,Disponível,267.0,14,7896112470526.0,"Press Plus 2,5mg/10mg 30 Cápsulas Duras","78,00","78,00",-,"78,00",-
SãoJoão,Disponível,267.0,14,7896112172208.0,Pregabalina 150mg 30 Cápsulas Genérico Teuto (C1),"154,81","154,81",-,"154,81",-
SãoJoão,Disponível,267.0,12,7891317036768.0,Legalon Suspenção 100ml,"64,36","55,79",-13.3%,"55,79",-13.3%
SãoJoão,Disponível,267.0,12,7898687735031.0,Vildagliptina + Metformina 50mg + 1000mg 60 Comprimidos Revestidos Genérico Althaia,"143,33","114,79",-19.9%,"114,79",-19.9%
SãoJoão,Disponível,266.0,12,7896112486886.0,Arpadol 400mg 60 Comprimidos Revestidos,"99,12","82,79",-16.5%,"82,79",-16.5%
SãoJoão,Disponível,266.0,15,7896714296340.0,Losartana 50mg 30 Comprimidos Revestidos Genérico Neo Química,"210,21","148,49",-29.4%,"148,49",-29.4%
SãoJoão,Disponível,266.0,12,7891317013608.0,Carbolitium 300mg 60 Comprimidos Eurofarma (C1),"60,73","51,39",-15.4%,"51,39",-15.4%
SãoJoão,Disponível,266.0,12,7896658026171.0,"Biofenac 11,6mg/g Gel 100g","40,81","40,81",-,"40,81",-
SãoJoão,Disponível,266.0,13,7898158693129.0,Benatux Cifarma Pastilhas Sabor Menta 12 Unidades,"19,90","19,90",-,"19,90",-
SãoJoão,Disponível,266.0,12,7896422515016.0,"Clonazepam 0,5mg Genérico Medley 60 Comprimidos (B1)","20,02","14,90",-25.6%,"14,90",-25.6%
SãoJoão,Disponível,266.0,14,7898582381975.0,Tramal Retardado 50mg 10 Comprimidos Revestidos Grünenthal (A2),"80,96","69,79",-13.8%,"69,79",-13.8%
SãoJoão,Disponível,266.0,14,7898040323707.0,Inthos 250mg 60 Cápsulas Gelatinosa FQM,"209,84","209,84",-,"209,84",-
SãoJoão,Disponível,266.0,12,7896004719283.0,Furoato De Mometasona 1mg/g Genérico Medley Pomada Dermatológica 20g,"34,15","31,29",-8.4%,"31,29",-8.4%
SãoJoão,Disponível,266.0,13,7891721010026.0,"Diane 35 2mg + 0,035mg 21 Comprimidos Revestidos","25,08","23,09",-7.9%,"23,09",-7.9%
SãoJoão,Disponível,266.0,12,7896658010170.0,Exodus 10mg 30 Comprimidos Revestidos Aché (C1),"90,41","77,09",-14.7%,"77,09",-14.7%
SãoJoão,Disponível,266.0,13,7899640808106.0,Allegra Opella 180mg 10 Comprimidos,"54,74","49,49",-9.6%,"49,49",-9.6%
SãoJoão,Disponível,266.0,13,7896658024887.0,"Dastene 0,5mg 30 Cápsulas Moles","128,97","104,79",-18.7%,"104,79",-18.7%
SãoJoão,Disponível,266.0,15,7897316805114.0,Optive Lubrificante Ocular 10ml,"69,59","56,18",-19.3%,"56,18",-19.3%
SãoJoão,Disponível,266.0,13,7896658002960.0,Adinos Gel 5mg/g 30g Ache,"43,87","39,79",-9.3%,"39,79",-9.3%
SãoJoão,Disponível,266.0,12,7896422505697.0,Secnidazol 1000mg 4 Comprimidos Genérico Medley,"48,61","29,90",-38.5%,"29,90",-38.5%
SãoJoão,Disponível,266.0,12,7898037080163.0,Complexo Homeopático Almeida Prado N 46 150mg 60 Comprimidos,"33,99","33,99",-,"33,99",-
SãoJoão,Disponível,266.0,15,7899420507984.0,Ultrox Sl 10mg 10 Comprimidos Supera,"34,49","30,39",-11.9%,"30,39",-11.9%
SãoJoão,Disponível,266.0,13,7896004715032.0,Doril Enxaqueca 250mg/250mg/65mg 4 Comprimidos,"21,90","20,59",-6.0%,"20,59",-6.0%
SãoJoão,Disponível,266.0,12,7896422515344.0,Creme Mometasona 20g Genérico EMS,"44,64","44,64",-,"44,64",-
SãoJoão,Disponível,266.0,12,7896094999572.0,Neosaldina Dip Averso 4 Comprimidos,"9,87","9,87",-,"9,87",-
SãoJoão,Disponível,266.0,12,7896094918511.0,Rizi M 10mg+5mg 7 Comprimidos Revestidos Farmasa,"72,14","61,59",-14.6%,"61,59",-14.6%
SãoJoão,Disponível,266.0,13,7896658054044.0,Pyloripac Retrat 10 Cartelas Medley,"338,96","288,09",-15.0%,"288,09",-15.0%
SãoJoão,Disponível,266.0,14,7896112160298.0,Ibupril Ibuprofeno 10 Cápsulas Gel Teuto 400mg,"21,90","21,90",-,"21,90",-
SãoJoão,Disponível,266.0,15,7899547509458.0,Glimepirida 2mg 30 Comprimidos Genérico Prati-Donaduzzi,"36,54","31,49",-13.8%,"31,49",-13.8%
SãoJoão,Disponível,266.0,14,7896241293669.0,Forfig 100mg 30 Comprimidos,"39,75","29,79",-25.1%,"29,79",-25.1%
SãoJoão,Disponível,266.0,13,7896004718996.0,Ampicilina 500mg 12 Comprimidos Genérico EMS,"65,04","39,90",-38.7%,"39,90",-38.7%
SãoJoão,Disponível,265.0,12,7899547532562.0,Maizher 10mg 60 Comprimidos Prati RX (C1),"67,15","67,15",-,"67,15",-
SãoJoão,Indisponível,265.0,14,0.0,Tratamento de micoses e frieira Canesten® Spray 30ml,0,0,0,0,0
SãoJoão,Disponível,265.0,14,7894916501408.0,Indux 50mg 10 Comprimidos Sigma Pharma,"77,73","64,19",-17.4%,"64,19",-17.4%
SãoJoão,Disponível,265.0,12,7898074618442.0,Ursacol 300mg 30 Comprimidos Zambon,"316,47","316,47",-,"316,47",-
SãoJoão,Disponível,265.0,14,7896004713137.0,Levofloxacino 500mg 7 Comprimidos Revestidos Genérico Germed,"127,68","103,49",-18.9%,"103,49",-18.9%
SãoJoão,Disponível,265.0,13,7898029550315.0,"Acertanlo 3,5mg/2,5mg 30 Comprimidos","64,83","55,59",-14.3%,"55,59",-14.3%
SãoJoão,Disponível,265.0,12,7894916516006.0,Toragesic SL Peel Off 10mg com 10 Comprimidos,"36,16","36,16",-,"36,16",-
SãoJoão,Disponível,265.0,12,7896004701233.0,Bromoprida 20ml Genérico EMS,"22,83","21,59",-5.4%,"21,59",-5.4%
SãoJoão,Disponível,265.0,13,7891317001414.0,Dexa+Ciano+Tiam+Pirid 100mg/ml 3+3 Ampolas Solução Injetável Genérico Eurofarma,"555,12","365,59",-34.1%,"365,59",-34.1%
SãoJoão,Disponível,265.0,12,7896676437119.0,"Diva 3+0,03mg 63 Comprimidos Revestidos Cristalia","21,67","19,89",-8.2%,"19,89",-8.2%
SãoJoão,Disponível,265.0,14,7894916514521.0,Moriale ODT 10mg 30 Comprimidos Orodispersíveis Sigma Pharma (C1),"104,73","104,73",-,"104,73",-
SãoJoão,Disponível,265.0,12,7891317465346.0,"Venlaxin XR 37,5mg 30 Cápsulas Eurofarma (C1)","44,19","44,19",-,"44,19",-
SãoJoão,Disponível,265.0,14,7896112466215.0,"Tess 2mg + 0,035mg 21 Drágeas","28,02","25,49",-9.0%,"25,49",-9.0%
SãoJoão,Disponível,265.0,13,7896181921011.0,Prednisolona 20mg 10 Comprimidos Genérico Biosintética,"23,27","21,59",-7.2%,"21,59",-7.2%
SãoJoão,Disponível,265.0,12,7891317005931.0,Trimusk 125mg/50mg/300mg/30mg 15 Comprimidos,"24,67","23,19",-6.0%,"23,19",-6.0%
SãoJoão,Disponível,265.0,13,7892953001820.0,Multi-Bi 335mg 5 Cápsulas,"31,19","31,19",-,"31,19",-
SãoJoão,Disponível,265.0,13,7896004747897.0,Celecoxibe 200mg 30 Cápsulas Genérico EMS (C1),"153,88","116,19",-24.5%,"116,19",-24.5%
SãoJoão,Disponível,265.0,13,7892828001382.0,Hidrion 100 Comprimidos Gross,"141,75","141,75",-,"141,75",-
SãoJoão,Disponível,265.0,14,7896094210646.0,Voextor 10mg 60 Comprimidos Libbs (C1),"273,52","218,82",-20.0%,"218,82",-20.0%
SãoJoão,Disponível,265.0,12,7894916505178.0,Risedross 35mg 4 Comprimidos Revestidos Sigma-Pharma,"79,37","64,49",-18.7%,"64,49",-18.7%
SãoJoão,Disponível,265.0,12,7897705202425.0,Fiasp FlexTouch 100U/ml 1 Unidade 3ml Novo,"65,72","65,72",-,"65,72",-
SãoJoão,Disponível,265.0,12,7891721026621.0,Glucovance 500mg+5mg 30 Comprimidos Revestidos Merck,"57,15","46,09",-19.4%,"46,09",-19.4%
SãoJoão,Indisponível,265.0,15,0.0,"Adaptis Gel 2,0mg 10G Adapt",0,0,0,0,0
SãoJoão,Disponível,265.0,13,7896637032735.0,Digeliv Apsen 400FCC 15 Comprimidos Mastigáveis,"58,90","53,89",-8.5%,"53,89",-8.5%
SãoJoão,Disponível,265.0,13,7896227800034.0,Gelol Spray Solução Dermatológica 60ml,"40,19","40,19",-,"40,19",-
SãoJoão,Indisponível,265.0,13,0.0,Luftal Gel 20 Cápsulas Reckitt,0,0,0,0,0
SãoJoão,Disponível,265.0,12,7898179710096.0,AAS Infantil Dormec Imec 100mg 10 Comprimidos,"1,99","1,99",-,"1,99",-
SãoJoão,Disponível,264.0,13,7898945030427.0,"Drospirenona e Etinilestradiol 3mg/0,03mg Genérico Althaia 21 Comprimidos Revestidos","57,61","44,09",-23.5%,"44,09",-23.5%
SãoJoão,Disponível,264.0,13,7891317487638.0,Duxxen 30mg 30 Cápsulas Hypera (C1),"73,19","62,39",-14.8%,"62,39",-14.8%
SãoJoão,Disponível,264.0,12,7891268118001.0,Ponstan Pfizer 500mg 24 Comprimidos,"46,81","42,89",-8.4%,"42,89",-8.4%
SãoJoão,Disponível,264.0,12,7896422519403.0,Carvedilol 25mg 30 Comprimidos Genérico Medley,"83,83","83,83",-,"83,83",-
SãoJoão,Disponível,264.0,12,7897473207035.0,Momate 50mcg 120 Doses Glenmark,"69,44","69,44",-,"69,44",-
SãoJoão,Disponível,264.0,12,7891317003029.0,Duomo 4mg 30 Comprimidos Eurofarma,"68,44","55,39",-19.1%,"55,39",-19.1%
SãoJoão,Disponível,264.0,13,7896112470830.0,Press Plus 5mg/10mg 30 Cápsulas Duras,"117,86","117,86",-,"117,86",-
SãoJoão,Disponível,264.0,14,7896523200002.0,"Valsartana 80mg + 12,5mg 30 Comprimidos Revestidos Genérico Torrent","66,33","24,49",-63.1%,"24,49",-63.1%
SãoJoão,Indisponível,264.0,13,0.0,Luftal Gel 30 Cápsulas Reckitt,0,0,0,0,0
SãoJoão,Disponível,264.0,15,7899547538557.0,Ralzin 50mg 30 Comprimidos Revestidos Prati Donaduzzi (C1),"69,80","55,84",-20.0%,"55,84",-20.0%
SãoJoão,Disponível,264.0,13,7897851250622.0,Sinvascor 40mg 30 Comprimidos,"43,49","43,49",-,"43,49",-
SãoJoão,Disponível,264.0,14,7894164005734.0,Magmilk 100ml de hortelã Airela,"9,99","9,99",-,"9,99",-
SãoJoão,Disponível,264.0,13,7896206402396.0,Crestor 10mg 30 Cápsulas Astrazeneca,"399,19","399,19",-,"399,19",-
SãoJoão,Disponível,264.0,14,7896226500386.0,Bactrim F 800mg + 160mg 10 Comprimidos,"37,61","26,99",-28.2%,"26,99",-28.2%
SãoJoão,Disponível,264.0,14,7896637029070.0,Insit 50mg 30 Cápsulas Apsen (C1),"86,18","49,90",-42.1%,"49,90",-42.1%
SãoJoão,Disponível,264.0,12,7795320008821.0,Topison Creme Dermatológico 20g,"50,17","44,69",-10.9%,"44,69",-10.9%
SãoJoão,Disponível,264.0,13,7897322701448.0,Amplium-G Creme Vaginal 80g 14 Ampolas Mantecorp,"63,91","63,91",-,"63,91",-
SãoJoão,Disponível,264.0,15,7896637023115.0,Imosec 2mg 12 Comprimidos,"29,28","26,89",-8.2%,"26,89",-8.2%
SãoJoão,Disponível,264.0,13,7908733201776.0,Xarope Resfben Infantil 120ml Momentos,"19,90","19,90",-,"19,90",-
SãoJoão,Disponível,264.0,12,7896094208117.0,Nactali 75mcg 28 Comprimidos Revestidos,"49,93","43,29",-13.3%,"43,29",-13.3%
SãoJoão,Disponível,264.0,13,7896004705125.0,Cetoconazol + Betametasona Creme Dermatológico 30g Genérico Medley,"33,27","29,89",-10.2%,"29,89",-10.2%
SãoJoão,Disponível,264.0,12,7898216367979.0,Urbanil 20mg 20 Comprimidos Aventis (B1),"35,28","28,89",-18.1%,"28,89",-18.1%
SãoJoão,Disponível,264.0,12,7896181919391.0,Alprazolam 2mg 30 Comprimidos Genérico Biosintética (B1),"74,87","74,87",-,"74,87",-
SãoJoão,Disponível,264.0,12,7891317001964.0,Altiva 180mg 10 Comprimidos Eurofarma,"54,74","49,39",-9.8%,"49,39",-9.8%
SãoJoão,Disponível,264.0,14,7898569763534.0,Pregabalina 75mg 30 Cápsulas Genérico Althaia (C1),"96,33","49,90",-48.2%,"49,90",-48.2%
SãoJoão,Disponível,264.0,13,7899547513226.0,Tadalafila 20mg 8 Comprimidos Revestidos Genérico Prati,"56,65","19,90",-64.9%,"19,90",-64.9%
SãoJoão,Disponível,264.0,12,7891317003715.0,Tamiram 500mg 7 Comprimidos Eurofarma,"127,90","108,89",-14.9%,"108,89",-14.9%
SãoJoão,Disponível,264.0,13,7896331701982.0,Lipiblock 120mg 84 Cápsulas Gelatinosas Duras,"5,49","5,49",-,"5,49",-
SãoJoão,Disponível,264.0,13,7896094211445.0,Sumax Libbs 50mg 2 Comprimidos Revestidos,"39,40","34,59",-12.2%,"34,59",-12.2%
SãoJoão,Disponível,264.0,12,7891045008402.0,Lorax 2mg 30 Comprimidos Pfizer (B1),"53,94","44,89",-16.8%,"44,89",-16.8%
SãoJoão,Disponível,263.0,13,7894916503761.0,Aglucose 50mg 30 Comprimidos EMS,"66,52","66,52",-,"66,52",-
SãoJoão,Disponível,263.0,13,7896714213446.0,"Levonorgestrel 1,5mg 1 Comprimido Genérico Neo Química","19,90","17,69",-11.1%,"17,69",-11.1%
SãoJoão,Disponível,263.0,12,7892953209394.0,Nusira 25mg + 25mg 20 Comprimidos Adium (A2),"95,30","76,24",-20.0%,"76,24",-20.0%
SãoJoão,Disponível,263.0,12,7896001303126.0,Suplemento Alimentar de Fibras Fibermais Sem Sabor 50g,"57,89","46,31",-20.0%,"46,31",-20.0%
SãoJoão,Disponível,263.0,13,7896004704586.0,Betametasona + Gentamicina + Tolnaftato + Clioquinol Creme Dermatológico 20g Genérico EMS,"34,33","30,69",-10.6%,"30,69",-10.6%
SãoJoão,Disponível,263.0,13,7896004706290.0,Ambroxmel Adulto Xarope 120ml,"36,45","28,49",-21.8%,"28,49",-21.8%
SãoJoão,Disponível,263.0,14,7895296449816.0,"Naratriptana 2,5mg 4 Comprimidos Revestidos Genérico Nova Química","18,08","16,69",-7.7%,"16,69",-7.7%
SãoJoão,Disponível,263.0,14,7896658038556.0,Osteotrat 35mg 12 Comprimidos Aché,"235,02","235,02",-,"235,02",-
SãoJoão,Disponível,263.0,14,7896004755342.0,Rosuvastatina 5mg 60 Comprimidos Genérico EMS,"150,27","69,90",-53.5%,"69,90",-53.5%
SãoJoão,Disponível,263.0,13,7894916515801.0,Vynaxa 15mg 42 Comprimidos Revestidos,"69,88","69,88",-,"69,88",-
SãoJoão,Disponível,263.0,13,7896181922667.0,"Xarope Desloratadina 0,5mg 100ml Genérico Biosintética","73,83","73,83",-,"73,83",-
SãoJoão,Disponível,263.0,13,7896094907294.0,Engov 12 Comprimidos Hypera Pharma,"20,74","16,59",-20.0%,"16,59",-20.0%
SãoJoão,Disponível,263.0,14,7898687734928.0,Vildagliptina + Metformina 50mg + 850mg 60 Comprimidos Revestidos Genérico Althaia,"143,33","103,99",-27.4%,"103,99",-27.4%
SãoJoão,Disponível,263.0,12,7891268100211.0,Aldactone 25mg 30 Comprimidos Pfizer,"44,22","37,99",-14.1%,"37,99",-14.1%
SãoJoão,Disponível,263.0,12,7896004718996.0,Amoxicilina 500mg 30 Comprimidos Genérico EMS,"65,04","39,90",-38.7%,"39,90",-38.7%
SãoJoão,Disponível,263.0,12,7897473207738.0,Ailuk 200mcg 200 Doses Glenmark,"59,49","59,49",-,"59,49",-
SãoJoão,Disponível,263.0,14,7896658035067.0,"Nienza 12,5mg 30 Comprimidos Aché","55,19","44,89",-18.7%,"44,89",-18.7%
SãoJoão,Disponível,263.0,13,7891317132453.0,"Sigmatriol 0,25mcg 30 Cápsulas Gelatinosas Moles","134,48","107,59",-20.0%,"107,59",-20.0%
SãoJoão,Disponível,263.0,12,7896422525190.0,Citrato De Sildenafila 50mg Genérico Medley 4 Comprimidos Revestidos,"19,10","9,90",-48.2%,"9,90",-48.2%
SãoJoão,Disponível,263.0,13,7897076911582.0,Amiodarona Genérico Ranbaxy 200mg 30 Comprimidos,"47,58","39,89",-16.2%,"39,89",-16.2%
SãoJoão,Disponível,263.0,13,7898569765347.0,Prednisolona 5mg 10 Comprimidos Genérico Althaia,"7,98","7,98",-,"7,98",-
SãoJoão,Disponível,263.0,13,7896637034760.0,Micpure 50mg 30 Comprimidos Apsen,"175,18","140,14",-20.0%,"140,14",-20.0%
SãoJoão,Disponível,263.0,14,7897411610668.0,"Benicar HCT 20mg+12,5mg 30 Comprimidos Revestidos Sankyo","94,14","75,31",-20.0%,"75,31",-20.0%
SãoJoão,Disponível,263.0,12,7897851221134.0,Ziprol 20mg 28 Comprimidos Baldacci,"71,24","57,99",-18.6%,"57,99",-18.6%
SãoJoão,Disponível,263.0,14,7896658008559.0,Mirtax 10mg 15 Comprimidos Revestidos Aché,"18,61","18,61",-,"18,61",-
SãoJoão,Disponível,263.0,13,7899640800469.0,"Bart H 150+12,5mg 30 Comprimidos Momenta","149,97","120,39",-19.7%,"120,39",-19.7%
SãoJoão,Disponível,263.0,13,7896004713250.0,Gabapentina 300mg 30 Comprimidos Genérico EMS (C1),"121,67","84,69",-30.4%,"84,69",-30.4%
SãoJoão,Disponível,263.0,14,7896094914414.0,Estomazil 5g Efervescente Sem Sabor Hypera Pharma (AV),"3,43","2,89",-15.7%,"2,89",-15.7%
SãoJoão,Disponível,263.0,12,7894916510202.0,Esogastro Ibp 7 Cartelas 28 Comprimidos Sigma,"337,79","270,23",-20.0%,"270,23",-20.0%
SãoJoão,Disponível,263.0,13,7896015521684.0,Sal de Fruta Eno Abacaxi 2 Envelopes com 5g cada,"4,29","4,29",-,"4,29",-
SãoJoão,Disponível,263.0,14,7896181924173.0,Prednisolona 3mg 60ml Genérico Biosintética,"22,74","19,90",-12.5%,"19,90",-12.5%
SãoJoão,Disponível,262.0,14,7896422504645.0,Zinpass Eze 20mg/10mg 30 Comprimidos Revestidos,"127,21","101,79",-20.0%,"101,79",-20.0%
SãoJoão,Disponível,262.0,13,7891317016029.0,"Triaxin 1g 5x3,5ml Injeção Momenta","46,60","39,49",-15.3%,"39,49",-15.3%
SãoJoão,Disponível,262.0,13,7891106915915.0,Androcur 50mg 20 Comprimidos Bayer,"244,95","195,96",-20.0%,"195,96",-20.0%
SãoJoão,Disponível,262.0,12,7898074614178.0,Monuril Solução Oral Granulado Tangerina 1 Envelope Zambon,"74,14","65,69",-11.4%,"65,69",-11.4%
SãoJoão,Disponível,262.0,13,7898569760427.0,Rosuvastatina 5mg  60 Comprimidos Revestidos Genérico Althaia,"63,15","44,90",-28.9%,"44,90",-28.9%
SãoJoão,Disponível,262.0,14,7896112409441.0,Nebilet Biolab 5mg 30 Comprimidos,"74,53","62,09",-16.7%,"62,09",-16.7%
SãoJoão,Disponível,262.0,14,7896094208506.0,Natifa Pro UBD 28 Comprimidos Revestidos Libbs,"96,98","77,58",-20.0%,"77,58",-20.0%
SãoJoão,Disponível,262.0,12,7896015516604.0,Ibupril 300mg 20 Comprimidos,"254,84","254,84",-,"254,84",-
SãoJoão,Indisponível,262.0,13,0.0,Naridrin AD EMS 12h 30ml,0,0,0,0,0
SãoJoão,Disponível,262.0,13,7891317004378.0,Filinar Pediátrico Supera 5mg/120ml,"32,02","29,89",-6.7%,"29,89",-6.7%
SãoJoão,Disponível,262.0,12,7896317911886.0,Diost 2mg 30 Comprimidos Revestidos Myralis,"67,69","55,69",-17.7%,"55,69",-17.7%
SãoJoão,Disponível,262.0,12,7899547501100.0,"Olanzapina 2,5mg 30 Comprimidos Revestidos Genérico Prati-Donaduzzi (C1)","88,26","22,49",-74.5%,"22,49",-74.5%
SãoJoão,Disponível,262.0,15,7897337700429.0,Arcoxia 60mg 7 Comprimidos Supera (C1),"150,44","150,44",-,"150,44",-
SãoJoão,Disponível,262.0,12,7892953003572.0,"Tanduo 0,5mg+0,4mg 90 Cápsulas Apsen","327,55","278,42",-15.0%,"278,42",-15.0%
SãoJoão,Disponível,262.0,14,7891317472054.0,Heimer 10mg 30 Comprimidos Revestidos Eurofarma (C1),"70,75","70,75",-,"70,75",-
SãoJoão,Disponível,262.0,14,7896004728629.0,Diclofenaco Sódico 100mg Genérico EMS 20 Comprimidos Revestidos,"69,51","60,29",-13.3%,"60,29",-13.3%
SãoJoão,Disponível,262.0,12,7896094921511.0,"Ivevi 2,5mg 28 Comprimidos Mantecorp","239,95","239,95",-,"239,95",-
SãoJoão,Disponível,262.0,14,7896261007789.0,"Exelon 4,5mg 28 Comprimidos United (C1)","407,60","407,60",-,"407,60",-
SãoJoão,Disponível,262.0,12,7896083400164.0,Cáscara Sagrada 45 Cápsulas Herbarium,"57,54","51,89",-9.8%,"51,89",-9.8%
SãoJoão,Disponível,262.0,13,736532110374.0,Micofenolato de Mofetila 500mg 50 Comprimidos Farma Vision,"989,59","356,90",-63.9%,"356,90",-63.9%
SãoJoão,Disponível,262.0,12,7897129304798.0,Aloxidil 50mg/ml Sol Capi 60ml Refil Theraskin,"63,22","63,22",-,"63,22",-
SãoJoão,Disponível,262.0,12,7896004781396.0,Etoricoxibe 60mg 7 Comprimidos Revestidos Genérico EMS (C1),"50,53","45,49",-10.0%,"45,49",-10.0%
SãoJoão,Disponível,262.0,14,7891721014741.0,Euthyrox 75mcg 50 Comprimidos Merck,"48,22","42,09",-12.7%,"42,09",-12.7%
SãoJoão,Disponível,262.0,12,7891317191665.0,Esc 20mg/ml 15ml Eurofarma (C1),"101,57","83,39",-17.9%,"83,39",-17.9%
SãoJoão,Disponível,262.0,14,7896523200279.0,Mirtazapina 15mg 30 Comprimidos Genérico Cimed (C1),"105,31","59,90",-43.1%,"59,90",-43.1%
SãoJoão,Disponível,262.0,13,7500435260527.0,Alginac 1000 15 Comprimidos Revestidos Procter,"37,17","33,89",-8.8%,"33,89",-8.8%
SãoJoão,Disponível,262.0,14,7896658008450.0,Vitalia Xr 32mg 30 Comprimidos Biosintética,"35,18","29,99",-14.8%,"29,99",-14.8%
SãoJoão,Disponível,262.0,13,7896206403324.0,Selozok Fix 5+50mg 30 Comprimidos AstraZeneca,"93,94","75,69",-19.4%,"75,69",-19.4%
SãoJoão,Disponível,262.0,13,7891317020392.0,"Molieri 30 Sem Parar 3+0,03mg 28 Comprimidos Eurofarma","73,03","60,69",-16.9%,"60,69",-16.9%
SãoJoão,Disponível,262.0,12,7896658008467.0,Somalium 6mg 30 Comprimidos Biosintética (B1),"56,21","45,49",-19.1%,"45,49",-19.1%
SãoJoão,Disponível,262.0,12,7896004706474.0,Gliclazida 30mg 60 Comprimidos Genérico EMS,"16,11","16,11",-,"16,11",-
SãoJoão,Disponível,262.0,12,7896255717885.0,Gel Trombofob Abbott 40g,"42,36","38,49",-9.1%,"38,49",-9.1%
SãoJoão,Disponível,262.0,13,7896165600048.0,"DDAVP 0,1mg 30 Comprimidos Ferring","290,12","246,60",-15.0%,"246,60",-15.0%
SãoJoão,Indisponível,262.0,13,0.0,Naldecon Febre Bebê 30ml Sabor Uva - Paracetamol 100mg/ml,0,0,0,0,0
SãoJoão,Disponível,261.0,13,7891158000942.0,Depakene 250mg 25 Cápsulas Abbott (C1),"35,38","29,89",-15.5%,"29,89",-15.5%
SãoJoão,Disponível,261.0,12,7891317485801.0,Duomo HP 2 mg + 5 mg 30 Cápsulas Gelatinosa Eurofarma,"162,00","131,49",-18.8%,"131,49",-18.8%
SãoJoão,Disponível,261.0,13,7891317121945.0,Vartaz 80mg 30 Comprimidos Revestidos Eurofarma,"60,36","60,36",-,"60,36",-
SãoJoão,Disponível,261.0,12,7896658049064.0,Dorene 25mg/ml 60ml Ache (C1),"65,21","65,21",-,"65,21",-
SãoJoão,Disponível,261.0,14,7896181915072.0,"Lotar 2,5mg+50mg 30 Cápsulas Biosintética","87,00","70,59",-18.9%,"70,59",-18.9%
SãoJoão,Disponível,261.0,12,7898040323288.0,Daraprim 25mg 30 Comprimidos FQM,"4,08","4,08",-,"4,08",-
SãoJoão,Disponível,261.0,12,7899620911833.0,Glicel 6 Unidades Supositório Pediátrico Bras Terapêutica,"17,90","17,90",-,"17,90",-
SãoJoão,Disponível,261.0,14,7896523200996.0,Quetiapina 25mg 30 Comprimidos Revestidos Genérico Cimed (C1),"71,59","71,59",-,"71,59",-
SãoJoão,Disponível,261.0,13,7896006238560.0,DK2 Cal 60 Comprimidos,"118,58","118,58",-,"118,58",-
SãoJoão,Disponível,261.0,13,7896026155168.0,Solução Bucal Daudt Malvatricin 100ml,"20,40","20,40",-,"20,40",-
SãoJoão,Disponível,261.0,13,7896112405986.0,Cronocor 25mg 30 Comprimidos Biolab,"25,29","25,29",-,"25,29",-
SãoJoão,Disponível,261.0,13,7896004781402.0,Etoricoxibe 90mg 14 Comprimidos Revestidos Genérico EMS (C1),"98,06","81,99",-16.4%,"81,99",-16.4%
SãoJoão,Disponível,261.0,12,7898258951563.0,Composto de Mel e Própolis Própion Kids Chico Bento Tutti-Frutti Spray 30ml,"18,90","18,90",-,"18,90",-
SãoJoão,Disponível,261.0,12,7896637023047.0,Reuquinol 400mg 30 Cápsulas Revestidas Apsen,"118,61","96,09",-19.0%,"96,09",-19.0%
SãoJoão,Disponível,261.0,12,7896523216119.0,Atorvastatina 40mg Generico Cimed 30 Comprimidos Revestidos,"144,19","29,99",-79.2%,"29,99",-79.2%
SãoJoão,Disponível,261.0,12,7896009498961.0,Advil 400mg 16 Cápsulas Moles,"41,75","39,19",-6.1%,"39,19",-6.1%
SãoJoão,Disponível,261.0,12,7892953001332.0,"Paratram 37,5mg + 325mg 30 Comprimidos Adium (A2)","125,74","101,79",-19.0%,"101,79",-19.0%
SãoJoão,Disponível,261.0,13,7894916516013.0,Toragesic SL 10mg Nova Apresentação 20 Comprimidos Sigma Pharma,"39,05","35,99",-7.8%,"35,99",-7.8%
SãoJoão,Disponível,261.0,12,7898074616042.0,Dividol 12 Cápsulas Zambon (A1),"57,10","57,10",-,"57,10",-
SãoJoão,Disponível,261.0,13,7896422513173.0,Domperidona 1mg Suspensão Oral Genérico Medley 100ml,"39,05","39,05",-,"39,05",-
SãoJoão,Disponível,261.0,14,7896004703428.0,Amoxicilina + Clavulanato de Potássio Suspensão Oral 250mg/5ml 75ml Genérico EMS,"75,48","59,90",-20.6%,"59,90",-20.6%
SãoJoão,Disponível,261.0,14,7896004789835.0,Desloratadina 5mg 30 Comprimidos Revestidos Genérico EMS,"178,19","37,99",-78.7%,"37,99",-78.7%
SãoJoão,Disponível,261.0,12,7896181922711.0,Desloratadina 5mg 10 Comprimidos Revestidos Genérico Biosintética,"65,29","26,09",-60.0%,"26,09",-60.0%
SãoJoão,Disponível,261.0,12,7896181906612.0,Succinato De Metoprolol 100mg Astrazeneca Genérico 30 Comprimidos Revestidos,"36,90","30,49",-17.4%,"30,49",-17.4%
SãoJoão,Disponível,261.0,13,7896676432855.0,Lacribell Colírio 15ml,"25,90","24,49",-5.4%,"24,49",-5.4%
SãoJoão,Disponível,261.0,14,7896006213123.0,Lactulose Colact 120ml União Química,"22,90","22,90",-,"22,90",-
SãoJoão,Disponível,261.0,13,7896026305594.0,"Trayenta Duo 2,5 + 850mg 60 Comprimidos Boehringer","315,34","252,27",-20.0%,"252,27",-20.0%
SãoJoão,Disponível,261.0,13,7897595636010.0,Anlodipino 5mg 30 Comprimidos Genérico Prati,"15,04","15,04",-,"15,04",-
SãoJoão,Disponível,261.0,12,7891106916028.0,Angeliq 1mg + 2mg 28 Comprimidos,"141,96","112,59",-20.7%,"112,59",-20.7%
SãoJoão,Disponível,261.0,13,7897322701998.0,Torsilax 125mg/50mg/300mg/30mg 12 Comprimidos,"26,15","24,49",-6.3%,"24,49",-6.3%
SãoJoão,Disponível,261.0,14,7896261012332.0,"Diovan HCT 320mg + 12,5mg 28 Comprimidos FQM","155,25","155,25",-,"155,25",-
SãoJoão,Disponível,260.0,15,7896317903645.0,Enax 200mg 30 Comprimidos Revestidos,"98,09","98,09",-,"98,09",-
SãoJoão,Disponível,260.0,13,7896181903222.0,Busonid 400mcg 60 Cápsulas Inalador Aché,"116,76","93,41",-20.0%,"93,41",-20.0%
SãoJoão,Disponível,260.0,13,7896006226505.0,Carbamazepina Suspensão Oral 20mg/ml 100ml Genérico União Química (C1),"23,90","19,39",-18.9%,"19,39",-18.9%
SãoJoão,Disponível,260.0,12,7894916514729.0,Gaudy 16mg 28 Cápsulas Sigma Pharma,"254,18","254,18",-,"254,18",-
SãoJoão,Disponível,260.0,12,7897930760509.0,"Clob-X Gel Galderma 0,05% 30g","58,37","51,19",-12.3%,"51,19",-12.3%
SãoJoão,Disponível,260.0,14,7897337711029.0,Nimegon Met 50+500Mg 56 Comprimidos Revestidos Supera,"332,39","332,39",-,"332,39",-
SãoJoão,Disponível,260.0,13,7896004737218.0,Orlistate 120mg 42 Cápsulas Genérico EMS,"213,21","94,99",-55.4%,"94,99",-55.4%
SãoJoão,Disponível,260.0,14,7896658031885.0,Biomag 10mg 60 Cápsulas Aché (B2),"121,97","101,39",-16.9%,"101,39",-16.9%
SãoJoão,Disponível,260.0,12,7896714293370.0,Bronfeniramina + Cloridrato De Fenilefrina 20Ml Gotas Genérico Neo Quimica,"14,43","13,49",-6.5%,"13,49",-6.5%
SãoJoão,Disponível,260.0,13,7896317900217.0,Calman Aspen 100ml,"74,89","74,89",-,"74,89",-
SãoJoão,Disponível,260.0,14,7896269900211.0,Beclosol 50mcg Spray 200 Doses GSK,"90,73","90,73",-,"90,73",-
SãoJoão,Disponível,260.0,13,7896004713342.0,Acetilcisteína 600mg 16 Envelopes Genérico EMS,"82,29","32,90",-60.0%,"32,90",-60.0%
SãoJoão,Disponível,260.0,12,7897322709802.0,Tamarine Geleia 250g Zero Açúcar Hypera Pharma,"130,39","108,79",-16.6%,"108,79",-16.6%
SãoJoão,Disponível,260.0,12,7896658028496.0,Steaton Aché 200mg 30 Cápsulas Gel,"140,87","121,19",-14.0%,"121,19",-14.0%
SãoJoão,Disponível,260.0,13,7898133137297.0,Hidraplex Pó 4 Envelopes Água de Coco,"24,90","10,19",-59.1%,"10,19",-59.1%
SãoJoão,Disponível,260.0,14,7896004730196.0,Ciclobenzaprina 10mg 15 Comprimidos Revestidos Genérico EMS,"22,66","21,19",-6.5%,"21,19",-6.5%
SãoJoão,Disponível,260.0,13,7896269900822.0,Valtrex 500mg 42 Comprimidos GSK,"793,27","793,27",-,"793,27",-
SãoJoão,Disponível,260.0,12,7898096577567.0,Loncord 40mg 20 Cápsulas Diffucap,"38,16","38,16",-,"38,16",-
SãoJoão,Disponível,260.0,14,7898074617803.0,Spidufen Zambon 1155mg/600mg 10 Sachês Sabor Damasco,"54,70","50,09",-8.4%,"50,09",-8.4%
SãoJoão,Disponível,260.0,12,7898430194108.0,Cod 60mg 30 Comprimidos Supera (A2),"267,90","267,90",-,"267,90",-
SãoJoão,Disponível,260.0,13,7897473207004.0,Mometasona 50mcg 60 Doses Genérico Glenmark,"40,62","24,99",-38.5%,"24,99",-38.5%
SãoJoão,Disponível,260.0,12,7898029551855.0,Daflon 900mg/100mg 60 Comprimidos Revestidos,"334,09","267,27",-20.0%,"267,27",-20.0%
SãoJoão,Disponível,260.0,14,7896004730981.0,Citalopram 20mg 30 Comprimidos Revisado Genérico Medley (C1),"64,06","26,90",-58.0%,"26,90",-58.0%
SãoJoão,Disponível,260.0,12,310119052136.0,Renu Plus Bausch&amp;Lomb 8ml Umidificante,"38,99","38,99",-,"38,99",-
SãoJoão,Disponível,260.0,13,7896004705781.0,Atenolol Genérico EMS 25mg 30 Comprimidos,"23,72","2,49",-89.5%,"2,49",-89.5%
SãoJoão,Disponível,260.0,13,7898962943106.0,Simeticona Lufty 15ml,"79,03","70,69",-10.6%,"70,69",-10.6%
SãoJoão,Disponível,260.0,12,7896523211268.0,Nimesulida 50mg/l Genérico Cimed 15ml,"30,55","27,29",-10.7%,"27,29",-10.7%
SãoJoão,Disponível,260.0,13,7702031245131.0,Creme Antiassaduras Desitin Máxima Proteção 57g,"79,99","79,99",-,"79,99",-
SãoJoão,Disponível,260.0,13,7891010256395.0,Motilium Janssen-Cilag 10mg 60 Comprimidos,"70,63","62,99",-10.8%,"62,99",-10.8%
SãoJoão,Disponível,259.0,12,7896112102663.0,Metronidazol 400mg 24 Comprimidos Genérico Teuto,"25,16","21,90",-13.0%,"21,90",-13.0%
SãoJoão,Disponível,259.0,12,7896658024207.0,Dual 60mg 60 Cápsulas Ache (C1),"213,49","171,89",-19.5%,"171,89",-19.5%
SãoJoão,Disponível,259.0,12,7896094921252.0,Coledue-R 10+5mg 30 Cápsulas Duração Hypera Pharma,"69,94","57,29",-18.1%,"57,29",-18.1%
SãoJoão,Disponível,259.0,12,7894916501095.0,Itraspor 100mg 4 Cápsulas Sigma Pharma,"39,44","35,59",-9.8%,"35,59",-9.8%
SãoJoão,Disponível,259.0,14,7895296422024.0,Omeprazol 40mg 30 Cápsulas Genérico Nova Química,"135,49","39,90",-70.6%,"39,90",-70.6%
SãoJoão,Disponível,259.0,13,7896015592653.0,Eno Pastilhas Mastigáveis 4 Comprimidos Menta GSK AV*,"6,90","6,29",-8.8%,"6,29",-8.8%
SãoJoão,Disponível,259.0,13,7908733201578.0,Acetilcisteína Xarope 20mg/ml 120ml Morango Momentos,"24,90","24,90",-,"24,90",-
SãoJoão,Disponível,259.0,14,7898569762803.0,Telmisartana 40mg 30 Comprimidos Genérico Althaia,"90,73","79,90",-11.9%,"79,90",-11.9%
SãoJoão,Disponível,259.0,12,7896094210844.0,Lakos 100mg 60 Comprimidos Revestidos Libbs (C1),"283,00","226,40",-20.0%,"226,40",-20.0%
SãoJoão,Disponível,259.0,14,7896004700427.0,Amoxicilina Genérico EMS 500mg 21 Cápsulas,"42,14","28,99",-31.2%,"28,99",-31.2%
SãoJoão,Disponível,259.0,12,7897851220076.0,Amiobal Baldacci 200mg 30 Comprimidos,"46,30","46,30",-,"46,30",-
SãoJoão,Disponível,259.0,12,7896004713717.0,"Cloridrato De Oximetazolina 0,25mg Genérico EMS Solução Nasal 20ml","12,70","12,70",-,"12,70",-
SãoJoão,Disponível,259.0,12,7891317002961.0,Coques 200mg 30 Cápsulas Eurofarma (C1),"121,65","101,39",-16.7%,"101,39",-16.7%
SãoJoão,Indisponível,259.0,14,0.0,Naridrin Alto Volume 30env+240ml EMS,0,0,0,0,0
SãoJoão,Disponível,259.0,14,7896112143659.0,Naxotec 500mg 24 Comprimidos,"40,90","36,69",-10.3%,"36,69",-10.3%
SãoJoão,Disponível,259.0,13,7896226101743.0,Endofolin 5mg 30 Cápsulas Marjan,"46,70","41,79",-10.5%,"41,79",-10.5%
SãoJoão,Disponível,259.0,13,7898154460268.0,Fluoresceína 1% Solução Oftálmica Ophtalmos 5ml,"49,25","49,25",-,"49,25",-
SãoJoão,Disponível,259.0,13,7896472521883.0,Piotaz 30mg 60 Comprimidos Brace Pharma,"59,86","48,47",-19.0%,"48,47",-19.0%
SãoJoão,Disponível,259.0,12,7891317134006.0,"Pisa 0,750mg 30 Comprimidos Eurofarma (C1)","180,99","144,79",-20.0%,"144,79",-20.0%
SãoJoão,Disponível,259.0,13,7896685301678.0,Hizofito 150mg 30 Cápsulas Hebron,"112,35","112,35",-,"112,35",-
SãoJoão,Disponível,259.0,14,7896658008450.0,Somalium 3mg 30 Comprimidos Biosintética (B1),"35,18","29,99",-14.8%,"29,99",-14.8%
SãoJoão,Disponível,259.0,12,7896112126430.0,Nistatina 100 000UI/ml Genérico Prati Suspensão Oral 50ml,"33,75","30,59",-9.4%,"30,59",-9.4%
SãoJoão,Disponível,259.0,13,7898169080116.0,Dermazine Creme 30G Silvestre,"45,40","40,29",-11.3%,"40,29",-11.3%
SãoJoão,Disponível,259.0,12,7896004730103.0,Sildenafila 50mg 4 Comprimidos Revestidos Genérico EMS,"18,55","10,90",-41.2%,"10,90",-41.2%
SãoJoão,Disponível,259.0,14,7898908753134.0,Zeel Comp N Heel 50 Comprimidos Sublinguais,"73,99","73,99",-,"73,99",-
SãoJoão,Disponível,259.0,13,7896714230504.0,Pomada Dermosalic 30g,"24,90","24,90",-,"24,90",-
SãoJoão,Disponível,258.0,13,8903855081892.0,Tiag Torrent 90mg 60 Comprimidos Revestidos,"348,17","348,17",-,"348,17",-
SãoJoão,Disponível,258.0,16,7896658034220.0,Zyad 5mg 30 Comprimidos Revestidos,"94,75","81,69",-13.8%,"81,69",-13.8%
SãoJoão,Disponível,258.0,13,7896672201271.0,Zyxem 5mg 10 Comprimidos Revestidos,"78,60","65,69",-16.4%,"65,69",-16.4%
SãoJoão,Disponível,258.0,15,7896004770222.0,Xarope Clope 120ml EMS,"33,90","31,59",-6.8%,"31,59",-6.8%
SãoJoão,Disponível,258.0,13,7897917000963.0,Metoclopramida 10mg 20 Comprimidos,"18,86","18,86",-,"18,86",-
SãoJoão,Disponível,258.0,13,7894916206419.0,"Micropil R21 0,075mg/0,020mg 21 Comprimidos Revestidos","41,90","36,19",-13.6%,"36,19",-13.6%
SãoJoão,Disponível,258.0,13,7899824400546.0,Pazine 315mg 30 Comprimidos Arese,"86,64","86,64",-,"86,64",-
SãoJoão,Disponível,258.0,13,7896004703473.0,Metildopa 500mg 30 Comprimidos Genérico EMS,"58,68","47,29",-19.4%,"47,29",-19.4%
SãoJoão,Disponível,258.0,14,7896641812903.0,Eparema 20 Drágeas Hypera Pharma,"46,41","41,79",-10.0%,"41,79",-10.0%
SãoJoão,Disponível,258.0,14,7896523207711.0,Carbocisteína 100ml adulto Genérico Cimed,"24,05","24,05",-,"24,05",-
SãoJoão,Disponível,258.0,13,7896422504355.0,Omeprazol 20mg 7 Cápsulas Genérico Medley,"23,47","23,47",-,"23,47",-
SãoJoão,Disponível,258.0,13,7896637022415.0,Litocit 1 080mg 60 Comprimidos Revestidos,"85,32","68,49",-19.7%,"68,49",-19.7%
SãoJoão,Disponível,258.0,12,5000456095372.0,Nexium AstraZeneca 20mg 14 Comprimidos,"234,12","234,12",-,"234,12",-
SãoJoão,Disponível,258.0,14,7896637023665.0,Miosan 10mg 10 Comprimidos Revestidos,"22,44","22,44",-,"22,44",-
SãoJoão,Disponível,258.0,12,7896714296340.0,Naproxeno 550mg 10 Comprimidos Revestidos Genérico Neo Química,"210,21","148,49",-29.4%,"148,49",-29.4%
SãoJoão,Disponível,258.0,13,7896094210233.0,Stanglit Libbs 15mg 60 Comprimidos,"144,66","115,73",-20.0%,"115,73",-20.0%
SãoJoão,Disponível,258.0,13,7898158692139.0,Dramin B6 Solução Oral 30ml,"15,28","14,19",-7.1%,"14,19",-7.1%
SãoJoão,Disponível,258.0,13,7896181920410.0,Desduo 50mg 30 Comprimidos Revestidos,"14,94","5,70",-61.8%,"5,70",-61.8%
SãoJoão,Disponível,258.0,12,7891142165770.0,Macrodantina 100mg 28 Cápsulas Hypermarcas,"17,02","17,02",-,"17,02",-
SãoJoão,Disponível,258.0,12,7899420507564.0,Triploa 150mg 10 Comprimidos Supera,"54,76","48,19",-12.0%,"48,19",-12.0%
SãoJoão,Disponível,258.0,13,7896004792057.0,Nitazoxanida Suspensão Oral 20mg/ml 100ml Genérico Eurofarma,"52,45","40,90",-22.0%,"40,90",-22.0%
SãoJoão,Disponível,258.0,12,7896004782935.0,Levetiracetam 250mg 30 Comprimidos Revestidos Genérico Eurofarma (C1),"51,67","39,99",-22.6%,"39,99",-22.6%
SãoJoão,Disponível,258.0,13,7891106907224.0,Primogyna 2mg 28 Drágeas Bayer,"113,37","91,69",-19.1%,"91,69",-19.1%
SãoJoão,Disponível,258.0,13,7897337716178.0,Nites Organon 120 Doses 18g,"69,59","69,59",-,"69,59",-
SãoJoão,Disponível,258.0,14,7896212426812.0,Systen Conti Adesivos Transdérmicos 8 Unidades,"168,96","133,49",-21.0%,"133,49",-21.0%
SãoJoão,Disponível,257.0,14,7898244720630.0,MareSis Flex Alto Volume 30 Sachês + Frasco 240ml FQM,"85,31","85,31",-,"85,31",-
SãoJoão,Disponível,257.0,13,7896004787558.0,"Linadib Duo 2,5mg + 850mg 60 comprimidos","140,79","115,09",-18.3%,"115,09",-18.3%
SãoJoão,Disponível,257.0,13,7896422501675.0,Tadalafila 20mg Genérico Medley 2 Comprimidos Revestidos,"32,42","14,90",-54.0%,"14,90",-54.0%
SãoJoão,Disponível,257.0,14,7896658049644.0,Ablok 25mg 30 Comprimidos,"68,11","59,49",-12.7%,"59,49",-12.7%
SãoJoão,Indisponível,257.0,14,0.0,Óleo de Coco Macrophytus Extra Virgem 200ml,0,0,0,0,0
SãoJoão,Disponível,257.0,12,7891317922580.0,Holmes 20mg 30 Comprimidos Revestidos Eurofarma,"50,57","42,59",-15.8%,"42,59",-15.8%
SãoJoão,Disponível,257.0,12,7896658030345.0,Betadine XR 32mg 30 Comprimidos Aché,"64,71","54,99",-15.0%,"54,99",-15.0%
SãoJoão,Disponível,257.0,12,7899420503597.0,Pros HP 2mg + 5mg 30 Cápsulas Supera,"159,84","159,84",-,"159,84",-
SãoJoão,Disponível,257.0,12,7896015560331.0,Eno Laranja Pó Efervescente 100g,"30,36","22,99",-24.3%,"22,99",-24.3%
SãoJoão,Disponível,257.0,12,7896181925866.0,Cilostazol 100mg 60 Comprimidos Genérico Aché,"59,58","49,59",-16.8%,"49,59",-16.8%
SãoJoão,Disponível,257.0,12,7896523201665.0,Ibuprofeno 400mg 4 Cápsulas Genérico Geolab AV*,"21,91","13,49",-38.4%,"13,49",-38.4%
SãoJoão,Disponível,257.0,13,7898040328627.0,Bactrim F 400mg+800mg 100ml,"58,71","42,40",-27.8%,"42,40",-27.8%
SãoJoão,Disponível,257.0,12,7896004794044.0,Cloridrato De Duloxetina 30mg Genérico EMS 30 Cápsulas Gelatinosas (C1),"147,55","80,49",-45.4%,"80,49",-45.4%
SãoJoão,Disponível,257.0,14,735201084206.0,Floral Therapi Mais Humor 30ml,"36,90","36,90",-,"36,90",-
SãoJoão,Disponível,257.0,14,7897473207035.0,Momate 50mcg 60 Doses Glenmark,"69,44","69,44",-,"69,44",-
SãoJoão,Disponível,257.0,12,7898040321079.0,Otociriax Suspensão Otológica 5ml,"51,63","46,49",-10.0%,"46,49",-10.0%
SãoJoão,Disponível,257.0,12,7896714292045.0,Coxeto 90mg 7 Comprimidos Brace Pharma (C1),"74,89","65,59",-12.4%,"65,59",-12.4%
SãoJoão,Disponível,257.0,14,7891268100211.0,Citalor 20mg 30 Comprimidos Pfizer,"44,22","37,99",-14.1%,"37,99",-14.1%
SãoJoão,Disponível,256.0,12,7897337707404.0,Hyzaar 100mg+25mg 30 Comprimidos Organon,"131,01","131,01",-,"131,01",-
SãoJoão,Disponível,256.0,14,7899640809677.0,Motraz 50mg 60 Comprimidos Momenta (C1),"54,50","46,69",-14.3%,"46,69",-14.3%
SãoJoão,Disponível,256.0,14,7896004712413.0,Clobetasol Creme Dermatológico 30g Genérico Medley,"27,16","24,99",-8.0%,"24,99",-8.0%
SãoJoão,Disponível,256.0,13,7893595770983.0,Óleo Essencial Therapi 10ml com Perfume Quartinho do Bebê,"39,90","39,90",-,"39,90",-
SãoJoão,Disponível,256.0,12,7890282801227.0,Etna Injeção 3 Ampolas Gross,"99,31","99,31",-,"99,31",-
SãoJoão,Disponível,256.0,12,7896015519834.0,Pomada Dermatológica Bactroban 10g,"54,52","54,52",-,"54,52",-
SãoJoão,Disponível,256.0,13,7896181927846.0,Cordarex 5mg 60 Comprimidos Biosintética,"74,56","59,65",-20.0%,"59,65",-20.0%
SãoJoão,Disponível,256.0,13,7894916518819.0,Sucrafilm 200mg Suspensão Oral 200ml EMS,"116,57","99,29",-14.8%,"99,29",-14.8%
SãoJoão,Disponível,256.0,14,7896206402396.0,Crestor 20mg 30 Cápsulas Astra Zeneca,"399,19","399,19",-,"399,19",-
SãoJoão,Indisponível,256.0,13,0.0,Nisulid 15ml Gotas Aché,0,0,0,0,0
SãoJoão,Disponível,256.0,14,7891317009748.0,"Tâmisa 30 0,75mg/0,30mg 84 Drágeas","51,05","43,49",-14.8%,"43,49",-14.8%
SãoJoão,Disponível,256.0,12,7896004739595.0,Bisoprolol 10mg 30 Comprimidos Revestidos Genérico EMS,"137,26","47,99",-65.0%,"47,99",-65.0%
SãoJoão,Disponível,256.0,12,7896641807381.0,Hiperico 45 Comprimidos Herbarium,"198,79","163,09",-18.0%,"163,09",-18.0%
SãoJoão,Disponível,256.0,14,7899547519280.0,Succinato De Metoprolol 100mg Genérico Medley 30 Comprimidos Revestidos,"34,22","30,39",-11.2%,"30,39",-11.2%
SãoJoão,Disponível,256.0,12,7891158106477.0,Pedialyte Max 500ml Maçã com Zinco Abbott,"29,22","23,38",-20.0%,"23,38",-20.0%
SãoJoão,Disponível,256.0,12,7898148290420.0,Cetoconazol Genérico Prati 30 Comprimidos 200 mg,"80,03","36,19",-54.8%,"36,19",-54.8%
SãoJoão,Disponível,256.0,12,7891317123956.0,"Olmesartana + Hidroclorotiazida 20mg + 12,5mg 30 Comprimidos Genérico Eurofarma","63,48","39,90",-37.1%,"39,90",-37.1%
SãoJoão,Disponível,256.0,15,7896422506243.0,Dipirona Solução Oral Genérico Medley 100ml,"27,07","17,99",-33.5%,"17,99",-33.5%
SãoJoão,Disponível,256.0,13,7898040328993.0,"Revert 50mg+12,5mg 30 Comprimidos FQM","25,22","22,59",-10.4%,"22,59",-10.4%
SãoJoão,Disponível,256.0,13,7891317472337.0,Venlaxin XR 150mg 30 Cápsulas Eurofarma (C1),"140,79","140,79",-,"140,79",-
SãoJoão,Disponível,256.0,14,7891317487317.0,Versa 40mg Injetável 2 Seringa Preenchidas Eurofarma,"167,59","134,07",-20.0%,"134,07",-20.0%
SãoJoão,Disponível,256.0,12,7896004781396.0,Etoricoxibe 90mg 7 Comprimidos Revestidos Genérico EMS (C1),"50,53","45,49",-10.0%,"45,49",-10.0%
SãoJoão,Disponível,256.0,12,7891721202858.0,Levotiroxina Sódica 100mcg Genérico Merck 30 Comprimidos,"11,13","11,13",-,"11,13",-
SãoJoão,Disponível,256.0,13,7896658024931.0,Bravan Duo 80+5mg 30 Comprimidos Revestidos Aché,"69,84","57,79",-17.3%,"57,79",-17.3%
SãoJoão,Disponível,256.0,12,7896112402671.0,Dozoito 50mg 30 Comprimidos Biolab,"75,62","61,89",-18.2%,"61,89",-18.2%
SãoJoão,Disponível,256.0,14,7898560666919.0,Lyrica 75mg 28 Cápsulas Upjohn (C1),"218,41","218,41",-,"218,41",-
SãoJoão,Disponível,255.0,13,7897595636195.0,Ciprofloxacino Genérico EMS 500mg 14 Comprimidos,"36,59","22,90",-37.4%,"22,90",-37.4%
SãoJoão,Disponível,255.0,12,7898473020877.0,Genuxal 50mg 50 Comprimidos Astamedica,"103,64","79,31",-23.5%,"79,31",-23.5%
SãoJoão,Disponível,255.0,14,7896658016516.0,Stabil 1mg 30 Comprimidos Aché (C1),"239,54","239,54",-,"239,54",-
SãoJoão,Disponível,255.0,14,7891317432386.0,Musculare 10mg 30 Comprimidos Revestidos Eurofarma,"45,38","40,39",-11.0%,"40,39",-11.0%
SãoJoão,Disponível,255.0,12,7898148291267.0,Cloridrato De Metformina 850mg Genérico Prati 30 Comprimidos Revestidos,"8,38","5,99",-28.5%,"5,99",-28.5%
SãoJoão,Disponível,255.0,12,7891058002725.0,Ibuprofeno 400mg Genérico Medley 10 Cápsulas,"24,70","16,49",-33.2%,"16,49",-33.2%
SãoJoão,Disponível,255.0,12,300658052568.0,Systane Lid Wipes 30 Unidades Lenço Umedecido para Olhos Alcon,"111,45","111,45",-,"111,45",-
SãoJoão,Disponível,255.0,13,7896255767064.0,Vibral Adulto 120ml,"32,93","30,89",-6.2%,"30,89",-6.2%
SãoJoão,Disponível,255.0,12,7891317421618.0,Pondera 40mg 20 Comprimidos Revestidos Eurofarma (C1),"301,43","241,14",-20.0%,"241,14",-20.0%
SãoJoão,Disponível,255.0,13,7891317022570.0,Fluoxetina 20mg 60 Cápsulas Genérico Eurofarma (C1),"109,45","109,45",-,"109,45",-
SãoJoão,Disponível,255.0,12,7896094927827.0,Foq XR 18mg 30 Comprimidos Revestidos de Liberação Prolongada Hypera (A3),"311,30","311,30",-,"311,30",-
SãoJoão,Disponível,255.0,13,7896658026652.0,Zirk 500mg 5 Comprimidos Revestidos Aché,"37,08","31,29",-15.6%,"31,29",-15.6%
SãoJoão,Disponível,255.0,13,7898582381982.0,Tramal Retardado 50mg 20 Comprimidos Revestidos Grünenthal (A2),"161,95","134,09",-17.2%,"134,09",-17.2%
SãoJoão,Disponível,255.0,12,7894916515764.0,Vynaxa 10mg 30 Comprimidos Revestidos,"52,75","52,75",-,"52,75",-
SãoJoão,Disponível,255.0,13,7896206401917.0,Xylocaína Pomada Aspen Pharma 5% 25g,"29,96","28,09",-6.2%,"28,09",-6.2%
SãoJoão,Disponível,255.0,14,7896094921177.0,Venalot Hypera 15mg + 90mg 60 Drágeas,"75,26","64,19",-14.7%,"64,19",-14.7%
SãoJoão,Disponível,255.0,13,7896658046520.0,Totti SL 10mg 10 Comprimidos Aché,"29,57","25,59",-13.5%,"25,59",-13.5%
SãoJoão,Disponível,255.0,14,7898148298549.0,Dexclorfeniramina + Betametasona Xarope 120ml Genérico Prati-Donaduzzi,"15,45","15,45",-,"15,45",-
SãoJoão,Disponível,255.0,14,7897572020238.0,Janumet XR 50+1000mg 60 Comprimidos Revestidos Merck,"332,63","266,10",-20.0%,"266,10",-20.0%
SãoJoão,Disponível,255.0,13,7898109241393.0,Ciprofar 500Mg 14 Comprimidos Elofar,"54,88","54,88",-,"54,88",-
SãoJoão,Disponível,255.0,12,7896006290100.0,Cylocort   Colírio 5ml,"41,49","37,89",-8.7%,"37,89",-8.7%
SãoJoão,Disponível,255.0,14,7897411602182.0,Lixiana 30mg 30 Comprimidos Revestidos,"147,06","118,09",-19.7%,"118,09",-19.7%
SãoJoão,Disponível,255.0,12,7897595903372.0,Puran T4 112mcg 30 Comprimidos Sanofi,"29,49","29,49",-,"29,49",-
SãoJoão,Disponível,255.0,12,7899547504712.0,Sulfametoxazol+Trimetoprima 400/80mg 20 Comprimidos Genérico Prati,"20,00","18,89",-5.5%,"18,89",-5.5%
SãoJoão,Disponível,255.0,13,7899420509414.0,Hezo 2mg 20 Comprimidos Supera (B1),"241,80","241,80",-,"241,80",-
SãoJoão,Disponível,255.0,13,7896004720746.0,Amoxicilina + Clavulanato de Potássio Suspensão Oral 400mg/5ml 70ml Genérico Novartis,"102,04","59,90",-41.3%,"59,90",-41.3%
SãoJoão,Disponível,255.0,12,7896658026065.0,Trezor 5mg 30 Comprimidos Revestidos Aché,"34,31","29,69",-13.5%,"29,69",-13.5%
SãoJoão,Disponível,255.0,12,8903855081465.0,Desduo 100mg 30 Comprimidos Revestidos Liberação Prolongada Torrent (C1),"93,58","76,49",-18.3%,"76,49",-18.3%
SãoJoão,Disponível,255.0,12,7898599096084.0,Reumamax 500mg Com 60 Cápsulas Praiamar,"63,90","63,90",-,"63,90",-
SãoJoão,Disponível,255.0,12,7891721025228.0,Concor 10mg 30 Comprimidos Revestidos Merck,"121,65","97,32",-20.0%,"97,32",-20.0%
SãoJoão,Disponível,255.0,12,7891142982155.0,Coristina D Pro 4 Comprimidos Avulso,"25,18","25,18",-,"25,18",-
SãoJoão,Disponível,255.0,14,7897337700429.0,Arcoxia 60mg 14 Comprimidos Supera (C1),"150,44","150,44",-,"150,44",-
SãoJoão,Disponível,255.0,12,7891317010485.0,Esc 20mg 60 Comprimidos Eurofarma (C1),"245,88","196,70",-20.0%,"196,70",-20.0%
SãoJoão,Disponível,254.0,14,7898927111311.0,Stodal Xarope 150ml,"86,49","86,49",-,"86,49",-
SãoJoão,Disponível,254.0,12,7896658020988.0,Trezete 20+10mg 60 Comprimidos Ache,"177,22","177,22",-,"177,22",-
SãoJoão,Disponível,254.0,13,7891058006440.0,Puran T4 175mcg 28 comprimidos Sanofi,"22,37","22,37",-,"22,37",-
SãoJoão,Disponível,254.0,12,7899547527650.0,Albendazol 400mg Genérico Prati 3 Comprimidos Mastigáveis,"27,62","14,90",-46.1%,"14,90",-46.1%
SãoJoão,Disponível,254.0,12,7891317020507.0,Gaba ER 250mg 30 Comprimidos Eurofarma (C1),"33,86","29,79",-12.0%,"29,79",-12.0%
SãoJoão,Disponível,254.0,14,7894916507752.0,Escilex 20Mg 30 Comprimidos Revestidos Sigma Pharma (C1),"157,79","157,79",-,"157,79",-
SãoJoão,Disponível,254.0,12,7898569760458.0,Rosuvastatina 10mg 30 Comprimidos Revestidos Genérico Althaia,"60,68","19,90",-67.2%,"19,90",-67.2%
SãoJoão,Disponível,254.0,12,7896094208346.0,Coglive 16mg 30 Cápsulas Dura Liberação Prolongada Liberação LIBBS (C1),"206,83","165,46",-20.0%,"165,46",-20.0%
SãoJoão,Disponível,254.0,13,7896006270003.0,Baclofeno 10mg 20 Comprimidos Genom,"31,26","24,99",-20.1%,"24,99",-20.1%
SãoJoão,Disponível,254.0,12,4260747720753.0,Losec Mups 20mg 28 Comprimidos Revestidos Biopas,"528,99","528,99",-,"528,99",-
SãoJoão,Disponível,254.0,12,7891317021757.0,Hisbila 20mg 15 Comprimidos,"33,79","33,79",-,"33,79",-
SãoJoão,Indisponível,254.0,12,0.0,Dermosalic Solução Tópica 30ml,0,0,0,0,0
SãoJoão,Disponível,254.0,13,7896658036477.0,Diosmin 900mg+100mg 30 Comprimidos Aché,"154,67","154,67",-,"154,67",-
SãoJoão,Disponível,254.0,13,7896212425624.0,Invega 6mg 28 Comprimidos Janssen-Cilag (C1),"1210,70","1210,70",-,"1210,70",-
SãoJoão,Disponível,254.0,12,7898029552203.0,Diamicron MR 60mg 30 Comprimidos,"104,57","104,57",-,"104,57",-
SãoJoão,Disponível,254.0,12,7893595770457.0,Floral Thérapi Focus 30ml,"36,90","36,90",-,"36,90",-
SãoJoão,Disponível,254.0,13,7896004703381.0,Diclofenaco Resinato Genérico Cimed Suspensão Oral 20ml,"20,27","20,27",-,"20,27",-
SãoJoão,Disponível,254.0,14,7896658027604.0,Divena Liberação Retardada Aché 40mg 30 Comprimidos Revestidos,"74,14","62,59",-15.6%,"62,59",-15.6%
SãoJoão,Indisponível,254.0,12,0.0,Dipirona 500mg/ml 2ml Injetável 100 Ampolas,0,0,0,0,0
SãoJoão,Disponível,254.0,14,7899420503221.0,"Asea HCT 20+12,5mg 30 Comprimidos Revestidos Supera","91,14","73,19",-19.7%,"73,19",-19.7%
SãoJoão,Disponível,254.0,14,7896004753218.0,Benziflex Lis 125mg/5mg 15 Comprimidos Revestidos,"34,90","30,89",-11.5%,"30,89",-11.5%
SãoJoão,Disponível,253.0,12,7896004749648.0,Tadalafila 20mg 4 Comprimidos Revestidos Genérico EMS,"42,28","9,90",-76.6%,"9,90",-76.6%
SãoJoão,Disponível,253.0,13,7896094928312.0,Kelac 10mg 10 Comprimidos Hypera Pharma,"36,25","33,59",-7.3%,"33,59",-7.3%
SãoJoão,Disponível,253.0,12,7896261000797.0,Voltaren 75mg 3ml Injetável Novartis,"27,87","21,21",-23.9%,"21,21",-23.9%
SãoJoão,Disponível,253.0,15,7896261005822.0,Flotac 70mg 14 Comprimidos Novartis,"59,62","45,41",-23.8%,"45,41",-23.8%
SãoJoão,Disponível,253.0,12,7897595634177.0,Zinnat 500mg 14 Comprimidos Sandoz,"337,01","337,01",-,"337,01",-
SãoJoão,Disponível,253.0,13,7896023785535.0,Fitovein 300mg 45 cápsulas Catarinense,"61,88","61,88",-,"61,88",-
SãoJoão,Disponível,253.0,12,7893595770761.0,Óleo Essencial Therapi 10ml Brisa do Mar,"49,90","49,90",-,"49,90",-
SãoJoão,Disponível,253.0,14,7896006297277.0,Leduo 30mg 60 Cápsulas Genom (C1),"117,44","117,44",-,"117,44",-
SãoJoão,Disponível,253.0,13,7896658040887.0,Tormiv ODG Aché 10mg 20 Sachês,"44,39","38,99",-12.2%,"38,99",-12.2%
SãoJoão,Disponível,253.0,13,7896112402671.0,Novanlo 5mg 30 Comprimidos Biolab,"75,62","61,89",-18.2%,"61,89",-18.2%
SãoJoão,Disponível,253.0,12,7898560665431.0,Leponex 100mg 30 Comprimidos Mylan (C1),"450,68","450,68",-,"450,68",-
SãoJoão,Disponível,253.0,12,7896004719580.0,Amoxicilina + Clavulanato de Potássio 875mg 12 Comprimidos Revestidos Genérico EMS,"182,47","89,90",-50.7%,"89,90",-50.7%
SãoJoão,Disponível,253.0,13,7896112400394.0,Ondansetrona 8mg 10 Comprimidos Genérico Biolab,"42,29","42,29",-,"42,29",-
SãoJoão,Disponível,253.0,13,7897411650817.0,Benicar ODT 40mg 30 Comprimidos Sankyo,"87,73","70,18",-20.0%,"70,18",-20.0%
SãoJoão,Disponível,253.0,13,7891317004095.0,Preni 20mg 10 Comprimidos Eurofarma,"28,95","26,69",-7.8%,"26,69",-7.8%
SãoJoão,Disponível,253.0,13,7896523201559.0,Pregabalina 75mg Genérico Cimed 30 cápsulas (C1),"61,59","23,52",-61.8%,"23,52",-61.8%
SãoJoão,Disponível,253.0,14,7891317038977.0,Quet 25mg 60 Comprimidos Revestidos Eurofarma (C1),"87,41","74,39",-14.9%,"74,39",-14.9%
SãoJoão,Disponível,253.0,13,7896658003547.0,Decadron Solução Oftálmica Aché 5ml,"17,67","17,67",-,"17,67",-
SãoJoão,Disponível,253.0,12,7896112406501.0,Cronobe Complex 3 Ampolas Injetável Biolab,"26,30","24,39",-7.3%,"24,39",-7.3%
SãoJoão,Disponível,253.0,12,7898040322199.0,"Reducilim 1,25mg 35 Comprimidos FQM","97,27","97,27",-,"97,27",-
SãoJoão,Indisponível,253.0,12,0.0,Seretide 50mcg + 250mcg 60 Doses,0,0,0,0,0
SãoJoão,Disponível,253.0,13,7896112129110.0,Citalopram 20mg 30 Comprimidos Revestidos Genérico Teuto (C1),"57,16","39,90",-30.2%,"39,90",-30.2%
SãoJoão,Disponível,253.0,12,7896004706559.0,Xarope Leucogen 120ml Aché,"31,90","29,89",-6.3%,"29,89",-6.3%
SãoJoão,Disponível,253.0,12,7896004706528.0,4Flex 30 Comprimidos,"24,90","23,19",-6.9%,"23,19",-6.9%
SãoJoão,Disponível,253.0,12,7896637022408.0,Litocit 540mg (5 Meq) 60 Comprimidos Apsen,"67,97","57,89",-14.8%,"57,89",-14.8%
SãoJoão,Disponível,253.0,13,7899620911826.0,Glicel 6 Unidades Supositório Adulto Bras Terapêutica,"17,90","17,90",-,"17,90",-
SãoJoão,Disponível,253.0,13,78939585.0,Pastilha Valda Friends Café 25g,"6,99","6,99",-,"6,99",-
SãoJoão,Disponível,253.0,13,7891317010041.0,Reuplaq 400mg 30 Comprimidos Revestidos Eurofarma,"114,07","93,69",-17.9%,"93,69",-17.9%
SãoJoão,Disponível,253.0,13,7896637025102.0,Miosan Caf 10mg/60mg 15 Comprimidos Revestidos,"34,80","32,09",-7.8%,"32,09",-7.8%
SãoJoão,Disponível,253.0,13,7896422507295.0,Cetoprofeno 100mg 20 Comprimidos Revestidos Genérico Medley,"45,22","30,59",-32.4%,"30,59",-32.4%
SãoJoão,Disponível,252.0,13,7898037082082.0,Colírio Cineraria Marítima Almeida Prado 10ml,"44,99","44,99",-,"44,99",-
SãoJoão,Disponível,252.0,13,7898569760410.0,Rosuvastatina 5mg 30 Comprimidos Revestidos Genérico Althaia,"48,01","24,90",-48.1%,"24,90",-48.1%
SãoJoão,Disponível,252.0,13,7896676413731.0,Mytedom 10mg 20 Comprimidos,"49,63","40,19",-19.0%,"40,19",-19.0%
SãoJoão,Disponível,252.0,12,7896523201122.0,Rivaroxabana 20mg Genérico Aché 28 comprimidos,"241,14","47,53",-80.3%,"47,53",-80.3%
SãoJoão,Disponível,252.0,12,7896676414653.0,Ana-Flex 35 + 300 + 50mg 30 Comprimidos Cristália,"21,49","21,49",-,"21,49",-
SãoJoão,Disponível,252.0,13,7896714291987.0,Mirador Cólica 20 Comprimidos,"15,90","15,90",-,"15,90",-
SãoJoão,Indisponível,252.0,12,0.0,"Restasis Emulsão Oftálmica 30 Flaconetes de 0,4ml",0,0,0,0,0
SãoJoão,Disponível,252.0,13,7899547531374.0,Sensilatte Sem Sabor 9000FCC 30 Cápsulas Prati,"20,00","20,00",-,"20,00",-
SãoJoão,Disponível,252.0,14,7896658036354.0,Levofloxacino 750mg 7 Comprimidos Revestidos Genérico Aché,"119,53","79,90",-33.2%,"79,90",-33.2%
SãoJoão,Disponível,252.0,13,7896094928732.0,Lisador Cólica 20 Comprimidos Revestidos,"27,63","26,09",-5.6%,"26,09",-5.6%
SãoJoão,Disponível,252.0,13,7896004700991.0,Claritromicina Genérico EMS 500mg 14 Comprimidos,"273,10","119,90",-56.1%,"119,90",-56.1%
SãoJoão,Disponível,252.0,14,7891058005955.0,Pantoprazol Genérico Medley 20mg 28 Comprimidos Revestidos,"30,84","30,84",-,"30,84",-
SãoJoão,Disponível,252.0,12,7897917000314.0,Gargojuice 3mg 12 Pastilhas,"13,90","13,90",-,"13,90",-
SãoJoão,Disponível,252.0,14,7896004703596.0,Paracetamol 750mg 20 Comprimidos Genérico EMS,"23,22","13,49",-41.9%,"13,49",-41.9%
SãoJoão,Disponível,252.0,12,7896226109909.0,Pasalix Pi 1000mg 20 Comprimidos Marjan,"110,37","88,29",-20.0%,"88,29",-20.0%
SãoJoão,Disponível,252.0,12,7896112408888.0,Fluvoxamina 100mg 30 Comprimidos Revestidos Genérico Biolab (C1),"230,06","160,69",-30.2%,"160,69",-30.2%
SãoJoão,Disponível,252.0,12,7896015591946.0,Enomagno Leite de Magnésia Tradicional 350ml,"34,99","34,99",-,"34,99",-
SãoJoão,Disponível,252.0,12,7896732600433.0,Neogermina 5ml 10 flaconetes,"6,99","4,49",-35.8%,"4,49",-35.8%
SãoJoão,Disponível,252.0,13,7896112406617.0,Venula 200Mg 30 Cápsulas Biolab,"192,56","156,89",-18.5%,"156,89",-18.5%
SãoJoão,Disponível,252.0,15,7894164005406.0,Hidrali 500ml de Uva Roxa,"19,90","19,90",-,"19,90",-
SãoJoão,Disponível,252.0,12,7896181916246.0,Angipress 50mg 30 Comprimidos Aché,"39,47","33,09",-16.2%,"33,09",-16.2%
SãoJoão,Disponível,252.0,14,7896004719283.0,Hidrocortisona Pomada 10mg 30g Genérico EMS,"34,15","31,29",-8.4%,"31,29",-8.4%
SãoJoão,Disponível,251.0,13,8903855092768.0,Rosucor Eze 5 + 10mg 30 Cápsulas Torrent,"63,91","52,59",-17.7%,"52,59",-17.7%
SãoJoão,Disponível,251.0,14,5702191025590.0,Advantan LC 20g Leofarma,"97,37","85,39",-12.3%,"85,39",-12.3%
SãoJoão,Disponível,251.0,12,7898994979814.0,Canabidiol Promediol 200mg/30ml Biolab (B1),"2574,91","2574,91",-,"2574,91",-
SãoJoão,Disponível,251.0,14,7896015516949.0,Paxil CR 25mg 30 Comprimidos GSK (C1),"255,07","255,07",-,"255,07",-
SãoJoão,Disponível,251.0,13,7891317191658.0,Foritus 500mg 14 Comprimidos Revestidos,"57,34","51,39",-10.4%,"51,39",-10.4%
SãoJoão,Disponível,251.0,14,7896094210271.0,"Iumi ES 3mg/0,02mg 30 Comprimidos Revestidos","76,95","65,19",-15.3%,"65,19",-15.3%
SãoJoão,Disponível,251.0,12,7891317009724.0,"Tamisa 0,075 + 0,030mg 63 Drágeas/Comprimidos Eurofarma","93,45","77,99",-16.5%,"77,99",-16.5%
SãoJoão,Disponível,251.0,13,7896112408963.0,Semtri Maleato de Fluvoxamina 100mg Biolab 30 Comprimidos,"149,26","122,69",-17.8%,"122,69",-17.8%
SãoJoão,Disponível,251.0,12,7896658039423.0,Lur 5mg 10 Comprimidos Biosintética,"67,44","67,44",-,"67,44",-
SãoJoão,Disponível,251.0,13,7896523201535.0,Succinato De Metoprolol 50mg Astrazeneca Genérico 30 Comprimidos Revestidos,"62,87","35,90",-42.9%,"35,90",-42.9%
SãoJoão,Disponível,251.0,14,7896112411413.0,Livalo 2mg 90 Comprimidos Biolab,"89,58","89,58",-,"89,58",-
SãoJoão,Disponível,251.0,14,7897337716253.0,"Livial 2,5mg 28 Comprimidos Organon","124,23","84,46",-32.0%,"84,46",-32.0%
SãoJoão,Disponível,251.0,12,7896004711850.0,Betametasona Creme Dermatológico 30g Genérico EMS,"35,99","32,49",-9.7%,"32,49",-9.7%
SãoJoão,Disponível,251.0,15,7898040321338.0,Utrogestan FQM/Besins 100mg 30 Cápsulas,"85,16","70,79",-16.9%,"70,79",-16.9%
SãoJoão,Indisponível,251.0,12,0.0,Novalgina Dipirona Dor e Febre Gotas Sanofi 500mg/ml 10ml,0,0,0,0,0
SãoJoão,Disponível,251.0,15,7897322705415.0,Lipanon 250mg 30 Cápsulas Farmasa,"142,88","142,88",-,"142,88",-
SãoJoão,Disponível,251.0,14,7896676430516.0,Sensaz 10mg 30 Comprimidos Cristália (C1),"189,32","189,32",-,"189,32",-
SãoJoão,Disponível,251.0,14,7891721029950.0,Glivance Xr 500+30mg 30 Comprimidos Merck,"56,68","45,49",-19.7%,"45,49",-19.7%
SãoJoão,Disponível,251.0,13,7898945030854.0,Valsartana 160mg Genérico Althaia 30 Comprimidos Revestidos,"64,24","49,90",-22.3%,"49,90",-22.3%
SãoJoão,Disponível,251.0,14,7896523206547.0,Valeriana Cimed 50mg 20 Comprimidos,"24,90","23,49",-5.7%,"23,49",-5.7%
SãoJoão,Disponível,251.0,12,7897473207011.0,Mometasona 50mcg 120 Doses Genérico Glenmark,"57,52","33,90",-41.1%,"33,90",-41.1%
SãoJoão,Disponível,251.0,12,7896006226215.0,Britens 10ml União Química,"175,11","140,09",-20.0%,"140,09",-20.0%
SãoJoão,Disponível,251.0,13,7891721012969.0,Roxflan 5mg 30 Comprimidos Merck,"31,01","26,29",-15.2%,"26,29",-15.2%
SãoJoão,Disponível,251.0,12,7892953001318.0,"Paratram 37,5+325mg 10 Comprimidos Revestidos Adium (A2)","61,63","61,63",-,"61,63",-
SãoJoão,Disponível,251.0,13,7897917001380.0,Belspan 20ml Belfar,"17,60","17,60",-,"17,60",-
SãoJoão,Disponível,251.0,12,7896658031892.0,Biomag 15mg 60 Cápsulas Aché (B2),"114,91","96,49",-16.0%,"96,49",-16.0%
SãoJoão,Disponível,251.0,12,7891317014575.0,Mesigyna Solução Injetável 1 Ampola de 1ml,"1591,67","998,89",-37.2%,"998,89",-37.2%
SãoJoão,Disponível,251.0,15,7896094209510.0,"Iziz 2,5mg/1,5mg 72 Comprimidos Revestidos + 12 Placebos","156,27","109,39",-30.0%,"109,39",-30.0%
SãoJoão,Disponível,251.0,14,7892953208281.0,Prebictal 100mg 30 Comprimidos Adium (C1),"181,92","145,54",-20.0%,"145,54",-20.0%
SãoJoão,Disponível,251.0,14,7896023747151.0,Traumac Aerosol 125ml Catarinense,"34,90","34,90",-,"34,90",-
SãoJoão,Disponível,251.0,13,7897076923813.0,Amoxicilina + Clavulanato De Potássio 875mg 20 Comprimidos Genérico Ranbaxy,"131,51","86,90",-33.9%,"86,90",-33.9%
SãoJoão,Disponível,251.0,12,7898341000017.0,Lactofos 15 Saches 6g FQM,"103,90","103,90",-,"103,90",-
SãoJoão,Disponível,250.0,13,8902220116214.0,Nebilet 5mg 60 Comprimidos,"107,91","89,69",-16.9%,"89,69",-16.9%
SãoJoão,Disponível,250.0,13,7896658046780.0,Oxcene 4mg 30 Comprimidos Biosintética,"149,98","149,98",-,"149,98",-
SãoJoão,Disponível,250.0,12,7896658027123.0,Trezete 20mg/10mg 30 Comprimidos Revestidos,"93,26","76,39",-18.1%,"76,39",-18.1%
SãoJoão,Disponível,250.0,12,7898908753141.0,"Traumeel S 301,5mg 50 Comprimidos Sublinguais","94,99","75,99",-20.0%,"75,99",-20.0%
SãoJoão,Disponível,250.0,12,7896658047992.0,Trezete 10+10mg 60 Comprimidos Revestidos Aché,"168,73","139,09",-17.6%,"139,09",-17.6%
SãoJoão,Disponível,250.0,13,7896094210721.0,Naprix 10mg 90 Comprimidos Libbs,"185,74","148,59",-20.0%,"148,59",-20.0%
SãoJoão,Disponível,250.0,12,7896004703596.0,Paracetamol 750mg Belfar Genérico 10 Comprimidos,"23,22","13,49",-41.9%,"13,49",-41.9%
SãoJoão,Disponível,250.0,14,7896094210738.0,"Glink Met 2,5mg + 1000mg 60 Comprimidos Revestidos Libbs","174,81","139,85",-20.0%,"139,85",-20.0%
SãoJoão,Indisponível,250.0,12,0.0,Benegrip Multi Noite 800mg/20mg 4 Comprimidos,0,0,0,0,0
SãoJoão,Disponível,250.0,13,7896004711188.0,Sinvastatina 40mg 30 Comprimidos Revestidos Genérico EMS,"62,62","21,99",-64.9%,"21,99",-64.9%
SãoJoão,Disponível,250.0,13,7896004730134.0,Sildenafila 50mg 4 Comprimidos Revestidos Genérico Prati,"18,55","7,99",-56.9%,"7,99",-56.9%
SãoJoão,Disponível,250.0,12,7898906376434.0,"Tamarine Pó para Solução Oral 10 Sachês de 5,7g","60,75","55,09",-9.3%,"55,09",-9.3%
SãoJoão,Disponível,250.0,12,7897595903440.0,Plavix 75mg 28 Comprimidos Medley,"455,39","455,39",-,"455,39",-
SãoJoão,Disponível,250.0,15,7896004708942.0,Espironolactona 25mg 30 Comprimidos Genérico EMS,"29,60","17,09",-42.3%,"17,09",-42.3%
SãoJoão,Disponível,250.0,13,7899420508479.0,Tynna 20mg 15 Comprimidos Supera,"33,80","33,80",-,"33,80",-
SãoJoão,Disponível,250.0,13,7896112400394.0,Ondansetrona 8mg 10 Comprimidos Revestidos Genérico Blau,"42,29","42,29",-,"42,29",-
SãoJoão,Disponível,250.0,13,7891010256371.0,Tylenol Gotas 15ml,"37,41","34,79",-7.0%,"34,79",-7.0%
SãoJoão,Disponível,250.0,14,7896004791104.0,Olmesartana 20mg 30 Comprimidos Revestidos Genérico Eurofarma,"54,18","37,90",-30.0%,"37,90",-30.0%
SãoJoão,Disponível,250.0,12,7891268106213.0,Provera 10mg 14 Comprimidos,"45,47","39,59",-12.9%,"39,59",-12.9%
SãoJoão,Disponível,250.0,13,7896004820798.0,Desloratadina 5mg 10 Comprimidos Revestidos Genérico Germed,"74,20","74,20",-,"74,20",-
SãoJoão,Disponível,250.0,13,7891106906012.0,Primolut-Nor 10mg 30 Comprimidos Genom,"110,04","91,09",-17.2%,"91,09",-17.2%
SãoJoão,Disponível,250.0,14,7891058002343.0,OsCal Cálcio+ 500mg 60 Comprimidos,"121,99","121,99",-,"121,99",-
SãoJoão,Disponível,250.0,12,7898040329693.0,Floratil 250mg 10 Cápsulas,"74,10","59,28",-20.0%,"59,28",-20.0%
SãoJoão,Disponível,250.0,13,7896094929074.0,Pomada Nebacetin Baby Prevenção 120g Hypera Pharma,"64,99","64,99",-,"64,99",-
SãoJoão,Disponível,250.0,13,7896112421498.0,Xefo 8mg 30 Comprimidos Revestidos Biolab,"53,68","47,09",-12.3%,"47,09",-12.3%
SãoJoão,Disponível,249.0,12,7897316802335.0,Triplenex Solução Oftálmica 5ml,"22,51","22,51",-,"22,51",-
SãoJoão,Disponível,249.0,14,7898040329921.0,"Amora 2mg/0,03mg 21 Comprimidos Revestidos","46,69","39,99",-14.3%,"39,99",-14.3%
SãoJoão,Disponível,249.0,12,7894164009466.0,Hidralis Sais 45 4 Envelopes Laranja Airela,"19,90","19,90",-,"19,90",-
SãoJoão,Disponível,249.0,12,7891142140562.0,Nimegon Met 50+850mg 56 Comprimidos Revestidos Supera,"129,59","111,59",-13.9%,"111,59",-13.9%
SãoJoão,Disponível,249.0,14,7896004712963.0,Mesalazina 800mg 30 Comprimidos Revestidos Genérico EMS,"123,55","92,99",-24.7%,"92,99",-24.7%
SãoJoão,Disponível,249.0,13,7896212424153.0,Invega Sustenna 100mg Injeção Janssen (C1),"3042,27","2359,99",-22.4%,"2359,99",-22.4%
SãoJoão,Disponível,249.0,12,7898216367498.0,Dimesilato de Lisdexanfetamina 30mg 30 Cápsulas Genérico Pharlab (A3),"303,04","209,99",-30.7%,"209,99",-30.7%
SãoJoão,Disponível,249.0,12,7897411611023.0,Benicar Anlo 40+5mg 30 Comprimidos Revestidos Sankyo,"102,63","82,10",-20.0%,"82,10",-20.0%
SãoJoão,Disponível,249.0,12,7892953101865.0,"TecnoMet 2,5mg 20 Comprimidos Adium","44,40","38,29",-13.8%,"38,29",-13.8%
SãoJoão,Disponível,249.0,13,7896226102542.0,Vicog 30 Comprimidos Marjan Farma,"34,99","31,29",-10.6%,"31,29",-10.6%
SãoJoão,Disponível,249.0,13,7896004772332.0,Cloperastina Xarope 120ml Genérico EMS,"23,57","23,57",-,"23,57",-
SãoJoão,Disponível,249.0,12,7896094207820.0,Cardilol 25mg 60 Comprimidos Libbs,"121,43","121,43",-,"121,43",-
SãoJoão,Disponível,249.0,13,8902220113107.0,Pamelor 50mg 30 Comprimidos Cellera (C1),"68,36","55,79",-18.4%,"55,79",-18.4%
SãoJoão,Disponível,249.0,13,7896004749358.0,Pantoprazol 40mg 42 Comprimidos Revestidos Genérico EMS,"77,39","39,90",-48.4%,"39,90",-48.4%
SãoJoão,Disponível,249.0,13,7896094210745.0,"Glink Met 2,5mg + 500mg 60 Comprimidos Revestidos Libbs","174,81","139,85",-20.0%,"139,85",-20.0%
SãoJoão,Disponível,249.0,13,7896009498725.0,Eno Tabs Frutas Sortidas 48 Comprimidos,"42,33","34,90",-17.6%,"34,90",-17.6%
SãoJoão,Disponível,249.0,13,7897411600423.0,Benicar Triplo 40mg/25mg/10mg 30 Comprimidos Revestidos,"190,35","152,28",-20.0%,"152,28",-20.0%
SãoJoão,Disponível,249.0,13,7896658046834.0,"Combfix 37,5/325mg 10 Comprimidos Biosintética (A2)","31,89","31,89",-,"31,89",-
SãoJoão,Disponível,249.0,15,7891317005801.0,Ruva 5mg 30 Comprimidos Revestidos Eurofarma,"44,46","37,39",-15.9%,"37,39",-15.9%
SãoJoão,Disponível,249.0,13,7896004721798.0,Bromexina 120ml Adulto Genérico Medley,"23,81","14,90",-37.4%,"14,90",-37.4%
SãoJoão,Disponível,249.0,12,7896261013490.0,Cataflam 50mg 10 Comprimidos Novartis,"27,68","21,08",-23.8%,"21,08",-23.8%
SãoJoão,Disponível,248.0,13,7897316806012.0,Lascaft Solução Oftalmológica 3ml,"77,11","65,49",-15.1%,"65,49",-15.1%
SãoJoão,Disponível,248.0,12,7899420507854.0,Pomada Dbriz 15g Supera,"24,17","22,69",-6.1%,"22,69",-6.1%
SãoJoão,Disponível,248.0,14,7897595637642.0,Aciclovir 400mg 30 Comprimidos Genérico Novartis,"83,06","83,06",-,"83,06",-
SãoJoão,Disponível,248.0,12,7896070601772.0,Bi-Profenid 150mg 10 Comprimidos Aventis,"84,23","74,19",-11.9%,"74,19",-11.9%
SãoJoão,Disponível,248.0,12,7897917005982.0,Valium 10mg 30 Comprimidos Moksha8 (B1),"34,30","30,19",-12.0%,"30,19",-12.0%
SãoJoão,Disponível,248.0,14,7896862920029.0,Gripinew 250mg/30mg/250mg/2mg 20 Comprimidos Revestidos,"16,90","16,90",-,"16,90",-
SãoJoão,Disponível,248.0,13,7891106915748.0,Primogyna 1mg 84 Comprimidos Revestidos Bayer,"153,12","153,12",-,"153,12",-
SãoJoão,Disponível,248.0,12,7896004703411.0,Amoxicilina + Clavulanato de Potássio 500mg 18 Comprimidos Genérico EMS,"167,14","100,49",-39.9%,"100,49",-39.9%
SãoJoão,Indisponível,248.0,12,0.0,Nitazoxanida 20mg/ml Genérico Germed caixa Com 1 frasco Com pó para suspensão De uso oral (frasco Co,0,0,0,0,0
SãoJoão,Disponível,248.0,14,7896004730059.0,Ciclobenzaprina 5mg 30 Comprimidos Revestidos Genérico EMS,"40,61","35,99",-11.4%,"35,99",-11.4%
SãoJoão,Disponível,248.0,14,7897595633675.0,Clopidogrel 75mg 28 Comprimidos Revisado Genérico EMS,"67,46","29,99",-55.5%,"29,99",-55.5%
SãoJoão,Disponível,248.0,12,7896004703336.0,Fluconazol Genérico EMS 150mg 1 Cápsula,"15,59","7,99",-48.7%,"7,99",-48.7%
SãoJoão,Disponível,248.0,12,7896094206533.0,Venzer 32mg 30 Comprimidos Libbs,"98,33","78,59",-20.1%,"78,59",-20.1%
SãoJoão,Indisponível,248.0,13,0.0,Luftal Gel 10 Cápsulas Reckitt,0,0,0,0,0
SãoJoão,Disponível,248.0,13,7896637032261.0,Lactosil Flora 30 Cápsulas,"33,90","33,90",-,"33,90",-
SãoJoão,Disponível,248.0,13,7891317421557.0,Pondera 15mg 20 Comprimidos Revestidos Eurofarma (C1),"73,67","59,59",-19.1%,"59,59",-19.1%
SãoJoão,Disponível,248.0,13,7896523201771.0,Pralivio 100mg 20ml Cimed,"14,90","14,90",-,"14,90",-
SãoJoão,Disponível,248.0,12,7897917001397.0,Buscoduo 10mg/500mg 20 Comprimidos Revestidos,"18,53","18,53",-,"18,53",-
SãoJoão,Indisponível,248.0,12,0.0,Lactulaxy 667mg/ml Solução Oral Ameixa 120ml,0,0,0,0,0
SãoJoão,Disponível,248.0,12,7896714240206.0,Loratamed 10mg 12 Comprimidos,"14,90","14,90",-,"14,90",-
SãoJoão,Indisponível,248.0,15,0.0,"Optive UD 0,4ml 30 Unidades Allergan",0,0,0,0,0
SãoJoão,Disponível,248.0,13,8902220113107.0,Lamitor CD 50mg 30 Comprimidos Torrent (C1),"68,36","55,79",-18.4%,"55,79",-18.4%
SãoJoão,Disponível,248.0,14,7897595604460.0,"Lectrum 3,75mg Injeção 1,5ml Sandoz","1042,17","280,49",-73.1%,"280,49",-73.1%
SãoJoão,Disponível,248.0,13,7894916503747.0,"Malena HCT 20+12,5mg 30 Comprimidos Sigma Pharma","39,41","34,69",-12.0%,"34,69",-12.0%
SãoJoão,Disponível,248.0,12,7896523208770.0,Fluconazol 150mg 2 Cápsulas Genérico Cimed,"23,03","6,29",-72.7%,"6,29",-72.7%
SãoJoão,Indisponível,248.0,13,0.0,Buscofem Hot 2 Adesivos Avulsos,0,0,0,0,0
SãoJoão,Disponível,248.0,13,7896004787572.0,"Linadib Duo 2,5mg + 1000mg 60 Comprimidos Revestidos Sigma Pharma","140,79","115,79",-17.8%,"115,79",-17.8%
SãoJoão,Disponível,248.0,13,7896422503990.0,Desvenlafaxina Genérico EMS 50mg 30 Comprimidos Revestidos (C1),"139,16","139,16",-,"139,16",-
SãoJoão,Disponível,248.0,14,7896004705682.0,Nevralgex 300mg + 50mg + 35mg 30 comprimidos,"21,90","21,90",-,"21,90",-
SãoJoão,Disponível,248.0,12,7897337705004.0,Arcoxia Supera 90mg 14 Comprimidos (C1),"167,68","138,19",-17.6%,"138,19",-17.6%
SãoJoão,Disponível,248.0,13,7894916505130.0,Ceclor 250Mg 100Ml Sigma Pharma,"123,62","104,09",-15.8%,"104,09",-15.8%
SãoJoão,Disponível,248.0,12,7896226502199.0,Lexotan 3mg 30 Comprimidos Moksha8 (B1),"54,74","46,39",-15.3%,"46,39",-15.3%
SãoJoão,Disponível,247.0,14,7891317016357.0,Piemonte 5mg 60 Comprimidos Eurofarma,"116,94","116,94",-,"116,94",-
SãoJoão,Disponível,247.0,12,7896094209183.0,Zider 10mg 120 Comprimidos Revestidos Libbs (C1),"112,06","90,99",-18.8%,"90,99",-18.8%
SãoJoão,Disponível,247.0,14,7893736010053.0,Engov 15mg/150mg/150mg/50mg 6 Comprimidos,"22,31","22,31",-,"22,31",-
SãoJoão,Disponível,247.0,14,7890282801401.0,Sepurin 120mg/20mg 20 Drágeas,"49,94","44,79",-10.3%,"44,79",-10.3%
SãoJoão,Disponível,247.0,12,7896422525190.0,Citrato De Sildenafila 50mg Genérico Medley 2 Comprimidos Revestidos,"19,10","9,90",-48.2%,"9,90",-48.2%
SãoJoão,Disponível,247.0,13,7891317465650.0,"Selene 0,035mg/2mg 63 Comprimidos Revestidos","75,40","64,59",-14.3%,"64,59",-14.3%
SãoJoão,Disponível,247.0,13,7892953208298.0,Apice 75mg 30 Cápsulas Supera (C1),"102,49","84,69",-17.4%,"84,69",-17.4%
SãoJoão,Indisponível,247.0,12,0.0,Naturetti Geleia 130g Hypera Pharma,0,0,0,0,0
SãoJoão,Disponível,247.0,12,7896004789873.0,Vynaxa 20mg 30 Comprimidos Revestidos EMS,"51,77","51,77",-,"51,77",-
SãoJoão,Disponível,247.0,12,7896004726854.0,Brimonidina 5ml Genérico EMS,"79,70","63,99",-19.7%,"63,99",-19.7%
SãoJoão,Disponível,247.0,13,7897322711430.0,"Umma Creme Ginecológico 6,5g","115,37","99,49",-13.8%,"99,49",-13.8%
SãoJoão,Disponível,247.0,14,7891058030216.0,Equilid 50mg 20 Cápsulas Aventis (C1),"20,07","17,89",-10.9%,"17,89",-10.9%
SãoJoão,Disponível,247.0,12,7897322701998.0,Torsilax 125mg + 50mg + 300mg + 30mg 10 Comprimidos,"26,15","24,49",-6.3%,"24,49",-6.3%
SãoJoão,Disponível,247.0,14,7896685301654.0,Florax Sem Sabor Adulto 5mL 5 Frascos Hebron,"54,37","45,90",-15.6%,"45,90",-15.6%
SãoJoão,Disponível,247.0,15,7896658016691.0,Brasart BCC 320mg/5mg 30 Comprimidos Revestidos,"63,04","63,04",-,"63,04",-
SãoJoão,Disponível,247.0,13,7896004730387.0,Quetiapina 100mg 30 Comprimidos Revestidos Genérico EMS (C1),"309,49","125,89",-59.3%,"125,89",-59.3%
SãoJoão,Disponível,247.0,13,7896920305669.0,Spray de Própolis Mel Gengibre 35ml,"5,99","5,99",-,"5,99",-
SãoJoão,Disponível,247.0,13,7891721026546.0,Floratil 250mg em Pó 10 Envelopes,"74,10","59,28",-20.0%,"59,28",-20.0%
SãoJoão,Disponível,247.0,12,7896676431728.0,Vensate LP 150mg 30 Cápsulas Cristália (C1),"156,71","125,37",-20.0%,"125,37",-20.0%
SãoJoão,Disponível,247.0,13,7896862960087.0,Ibuprofeno 100mg/ml Genérico MedQuímica Solução Oral 20ml,"16,18","16,18",-,"16,18",-
SãoJoão,Disponível,247.0,14,7898148293339.0,Carbocisteína Xarope Infantil 100ml Genérico Prati-Donaduzzi,"20,31","17,19",-15.4%,"17,19",-15.4%
SãoJoão,Disponível,246.0,13,7890282801319.0,"Etna 1,0mg/2,5mg/1,5mg 50 Cápsulas Duras","156,63","126,79",-19.1%,"126,79",-19.1%
SãoJoão,Disponível,246.0,13,7898148292936.0,Albendazol 40mg/ml Genérico Prati Suspensão Oral 10ml,"9,83","7,99",-18.7%,"7,99",-18.7%
SãoJoão,Disponível,246.0,14,7896094200470.0,"Diminut 0,075mg/0,02mg 21 Comprimidos Revestidos","50,67","42,99",-15.2%,"42,99",-15.2%
SãoJoão,Disponível,246.0,12,7898148295159.0,Ibuprofeno 600mg Genérico Prati 30 Comprimidos Revestidos,"22,99","10,19",-55.7%,"10,19",-55.7%
SãoJoão,Disponível,246.0,13,7896015510022.0,Clavulin BD 875mg 14 Comprimidos Revestidos,"143,66","143,66",-,"143,66",-
SãoJoão,Disponível,246.0,12,7896523207704.0,Loratadina 1mg/ml Genérico Cimed Xarope 100ml,"37,96","8,15",-78.5%,"8,15",-78.5%
SãoJoão,Disponível,246.0,14,7896004705057.0,Diclofenaco Dietilamônio Gel 60g Genérico EMS,"17,94","13,09",-27.0%,"13,09",-27.0%
SãoJoão,Disponível,246.0,13,7899547538670.0,Ralzin 100mg 30 Comprimidos Revestidos Prati Donaduzzi (C1),"121,56","121,56",-,"121,56",-
SãoJoão,Indisponível,246.0,12,0.0,Gelmax EMS Tradicional 240ml,0,0,0,0,0
SãoJoão,Disponível,246.0,12,7896112409557.0,Sumatriptana 50mg 6 Comprimidos Revestidos Genérico Biolab,"77,97","49,99",-35.9%,"49,99",-35.9%
SãoJoão,Disponível,246.0,14,7894916500579.0,Azi Sigma Pharma 500mg 3 Comprimidos,"27,25","27,25",-,"27,25",-
SãoJoão,Disponível,246.0,13,7896181919247.0,"Alprazolam 0,5mg 30 Comprimidos Genérico Biosintética (B1)","14,46","14,46",-,"14,46",-
SãoJoão,Disponível,246.0,12,7896094211308.0,Aymee 10mg 7 Comprimidos Revestidos Libbs (C1),"36,74","31,29",-14.8%,"31,29",-14.8%
SãoJoão,Disponível,246.0,13,7896083410552.0,Amato 25mg 60 Comprimidos Revestidos,"150,81","121,69",-19.3%,"121,69",-19.3%
SãoJoão,Disponível,246.0,12,7897337716345.0,"Microdiol 0,15mg/0,03mg 21 Comprimidos Revestidos","51,79","35,21",-32.0%,"35,21",-32.0%
SãoJoão,Disponível,246.0,13,7891317009069.0,Gésico Eurofarma 50mg 10 Cápsulas (A2),"51,55","51,55",-,"51,55",-
SãoJoão,Disponível,246.0,15,7897595633361.0,"Atenolol + Clortalidona 50mg + 12,5mg 30 Comprimidos Genérico Sandoz","37,95","31,19",-17.8%,"31,19",-17.8%
SãoJoão,Disponível,246.0,14,7897337714495.0,Vytorin 10+40mg 30 Comprimidos Organon,"357,78","208,99",-41.6%,"208,99",-41.6%
SãoJoão,Disponível,246.0,14,7891317033163.0,Digesan 10mg 20 Cápsulas Eurofarma,"55,03","46,99",-14.6%,"46,99",-14.6%
SãoJoão,Disponível,246.0,13,7896004708607.0,Tramadol 100mg 15ml Genérico Germed (A2),"97,72","79,90",-18.2%,"79,90",-18.2%
SãoJoão,Disponível,246.0,13,7898586630246.0,Oxycontin 20Mg 28 Comprimidos Mundipharma (A1),"743,57","743,57",-,"743,57",-
SãoJoão,Disponível,246.0,12,7891058003883.0,Anador 1g 20 Comprimidos,"30,25","30,25",-,"30,25",-
SãoJoão,Disponível,246.0,14,7896026170635.0,Lisador Dip Solução Oral 20ml,"39,90","39,90",-,"39,90",-
SãoJoão,Disponível,246.0,12,7899547504682.0,Terbinafina 250mg 28 Comprimidos Genérico Prati-Donaduzzi,"178,83","96,99",-45.8%,"96,99",-45.8%
SãoJoão,Disponível,245.0,13,7893595770761.0,Óleo Essencial Therapi Alecrim 10ml,"49,90","49,90",-,"49,90",-
SãoJoão,Disponível,245.0,13,7896422504621.0,Zinpass Eze 10mg/10mg 30 Comprimidos Revestidos,"90,01","72,59",-19.4%,"72,59",-19.4%
SãoJoão,Disponível,245.0,12,7891317455606.0,Paco 500+30Mg 12 Comprimidos Revestidos,"33,47","31,39",-6.2%,"31,39",-6.2%
SãoJoão,Disponível,245.0,14,7898029556829.0,"Natrilix SR 1,5mg 30 Comprimidos Revestidos Servier","59,96","50,39",-16.0%,"50,39",-16.0%
SãoJoão,Disponível,245.0,14,7896004723563.0,Domperidona 10mg Genérico Ranbaxy 30 Comprimidos,"24,17","22,59",-6.5%,"22,59",-6.5%
SãoJoão,Disponível,245.0,13,7898029550353.0,Acertanlo 14+10mg 30 Comprimidos Servier,"152,59","125,89",-17.5%,"125,89",-17.5%
SãoJoão,Disponível,245.0,13,7898908753257.0,Traumeel S 10 Ampolas Heel,"259,99","207,99",-20.0%,"207,99",-20.0%
SãoJoão,Disponível,245.0,12,7896658035968.0,"Allestra 15 0,015+0,06mg 84 Comprimidos Revestidos Aché","83,75","83,75",-,"83,75",-
SãoJoão,Disponível,245.0,14,7896181915072.0,Jogger 500+400mg 30 Cápsulas Biosintética,"87,00","70,59",-18.9%,"70,59",-18.9%
SãoJoão,Disponível,245.0,12,7896004705736.0,Cetoprofeno 50mg 24 Cápsulas Genérico EMS,"40,35","18,90",-53.2%,"18,90",-53.2%
SãoJoão,Disponível,245.0,15,7896658004292.0,Biofenac DI 50mg 10 Comprimidos Aché,"21,22","21,22",-,"21,22",-
SãoJoão,Disponível,245.0,15,7896004711768.0,Tramadol 50mg 10 Cápsulas Genérico Germed (A2),"35,35","31,19",-11.8%,"31,19",-11.8%
SãoJoão,Indisponível,245.0,13,0.0,Allexofedrin Pediátrico Framboesa Suspensão Oral 60ml,0,0,0,0,0
SãoJoão,Disponível,245.0,13,7896658026577.0,Dorilax DT 450+50+35mg 4 Comprimidos Envelope Avulso Aché,"5,00","5,00",-,"5,00",-
SãoJoão,Disponível,245.0,13,7896112101659.0,Paroxetina 20mg 30 Comprimidos Revestidos Genérico Teuto (C1),"59,64","39,90",-33.1%,"39,90",-33.1%
SãoJoão,Disponível,245.0,14,7896181924173.0,Prednisolona 3mg 120ml Genérico Biosintética,"22,74","19,90",-12.5%,"19,90",-12.5%
SãoJoão,Disponível,245.0,13,7896006297291.0,Creme Belavie 30g Genom,"94,00","84,19",-10.4%,"84,19",-10.4%
SãoJoão,Disponível,244.0,15,7896382706660.0,Evista 60mg 30 Comprimidos Revestidos Lilly,"397,29","397,29",-,"397,29",-
SãoJoão,Disponível,244.0,15,7898586630055.0,Targin 10+5mg 28 Comprimidos Revestidos  Mundipharma (A1),"447,06","447,06",-,"447,06",-
SãoJoão,Disponível,244.0,13,7896094208858.0,Plenance 10mg 90 Comprimidos Revestidos,"137,00","111,29",-18.8%,"111,29",-18.8%
SãoJoão,Disponível,244.0,14,7896261005884.0,Diovan 160mg 28 Comprimidos FQM,"149,32","149,32",-,"149,32",-
SãoJoão,Disponível,244.0,13,7899547510119.0,Dicloridrato De Betaistina 24mg Genérico Prati 30 Comprimidos,"35,98","19,90",-44.7%,"19,90",-44.7%
SãoJoão,Disponível,244.0,13,7897411610675.0,"Benicar HCT 40mg+12,5mg 30 Comprimidos Sankyo","107,25","85,80",-20.0%,"85,80",-20.0%
SãoJoão,Disponível,244.0,12,7899420508417.0,Azod 50mg 60 Comprimidos Revestidos Supera (C1),"66,51","56,99",-14.3%,"56,99",-14.3%
SãoJoão,Disponível,244.0,12,7898040329655.0,Floratil 250mg 6 Cápsulas,"51,24","43,55",-15.0%,"43,55",-15.0%
SãoJoão,Disponível,244.0,13,7898687731569.0,Ondansetrona 4mg 30 Comprimidos Orodispersíveis Genérico Althaia,"63,15","54,09",-14.3%,"54,09",-14.3%
SãoJoão,Disponível,244.0,13,7897316805299.0,Relestat Solução Oftálmica 5ml,"81,88","68,89",-15.9%,"68,89",-15.9%
SãoJoão,Disponível,244.0,13,7896658038112.0,Tormiv SL 10mg 10 Comprimidos Sublinguais,"35,92","27,26",-24.1%,"27,26",-24.1%
SãoJoão,Disponível,244.0,13,7896004787329.0,"Tramadol + Paracetamol 37,5mg + 325mg 10 Comprimidos Genérico EMS (A2)","38,59","34,59",-10.4%,"34,59",-10.4%
SãoJoão,Disponível,244.0,13,7899640807109.0,Forfig 200mg 60 Cápsulas,"207,22","171,09",-17.4%,"171,09",-17.4%
SãoJoão,Disponível,244.0,14,7896226110158.0,Caldê Max 60 Comprimidos,"350,65","350,65",-,"350,65",-
SãoJoão,Disponível,244.0,13,7898577810732.0,Emprol XR 25mg 30 Comprimidos Revestidos,"34,13","25,59",-25.0%,"25,59",-25.0%
SãoJoão,Disponível,244.0,13,7896004759692.0,Clonazepam 2mg 60 Comprimidos Genérico EMS (B1),"42,22","23,99",-43.2%,"23,99",-43.2%
SãoJoão,Disponível,244.0,14,7896004708652.0,Simeticona 125mg 10 Cápsulas Genérico EMS,"21,61","15,69",-27.4%,"15,69",-27.4%
SãoJoão,Disponível,244.0,13,7899766838292.0,Gotas Prostáticas Praiamar 60ml,"69,90","69,90",-,"69,90",-
SãoJoão,Disponível,244.0,13,7896004700427.0,Amoxicilina 400mg 100ml Genérico EMS,"42,14","28,99",-31.2%,"28,99",-31.2%
SãoJoão,Disponível,244.0,12,7896658039300.0,Aristab 10mg 60 Comprimidos Aché (C1),"306,82","245,46",-20.0%,"245,46",-20.0%
SãoJoão,Disponível,244.0,13,7896658003165.0,Adinos Gel Dermatológico 15g,"21,93","20,69",-5.7%,"20,69",-5.7%
SãoJoão,Disponível,244.0,12,7896658008849.0,Levoid 112mcg 30 Comprimidos Aché,"33,99","30,09",-11.5%,"30,09",-11.5%
SãoJoão,Disponível,244.0,13,7896112416135.0,Lipidil 160mg 60 Comprimidos Abbott,"183,28","183,28",-,"183,28",-
SãoJoão,Disponível,244.0,12,7896090611645.0,Leite de Magnésia Eno Magno Sachê 10ml Hortelã GSK Avulso,"3,60","3,60",-,"3,60",-
SãoJoão,Disponível,244.0,12,7896094999480.0,Novotram Par 37+325mg 20 Comprimidos Hypermarcas (A2),"65,07","57,79",-11.2%,"57,79",-11.2%
SãoJoão,Disponível,243.0,12,7898109240020.0,Xarope Adulto Atossion 100ml Elofar,"25,95","25,95",-,"25,95",-
SãoJoão,Disponível,243.0,12,7896112402664.0,Dozoito 25mg 30 Comprimidos Biolab,"36,34","27,29",-24.9%,"27,29",-24.9%
SãoJoão,Disponível,243.0,13,7896004703954.0,"Repopil 35 2mg/0,035mg 21 Comprimidos Revestidos","24,90","23,49",-5.7%,"23,49",-5.7%
SãoJoão,Disponível,243.0,12,7896422505789.0,Atelop 5mg 30 Comprimidos Germed,"25,56","25,56",-,"25,56",-
SãoJoão,Disponível,243.0,13,7896677704890.0,Nervocalm 250mg 20 Comprimidos,"49,99","49,99",-,"49,99",-
SãoJoão,Disponível,243.0,13,7894916203524.0,Daforin 20mg 30 Comprimidos Revestidos Sigma Phar (C1),"95,76","79,39",-17.1%,"79,39",-17.1%
SãoJoão,Disponível,243.0,12,7899547538960.0,Elatium 24mg 30 Cápsulas Liberação Prolongada Prati RX (C1),"188,70","150,96",-20.0%,"150,96",-20.0%
SãoJoão,Disponível,243.0,12,7897076910905.0,Cinarizina Genérico Ranbaxy 25mg 30 Comprimidos,"17,70","16,69",-5.7%,"16,69",-5.7%
SãoJoão,Disponível,243.0,12,7898962514238.0,Firmacal MDK Artro 1000mg 30 Comprimidos Revestidos Benne,"89,90","89,90",-,"89,90",-
SãoJoão,Disponível,243.0,13,7898074610453.0,Spidufen 770mg (ibuprofeno 400mg+ Arginina 370mg) Zambon Blister 3 Comprimidos Revestidos,"31,34","29,90",-4.6%,"29,90",-4.6%
SãoJoão,Disponível,243.0,12,7891317001445.0,Durateston 250mg/ml Solução Injetável 1ml 1 Ampola,"555,12","444,10",-20.0%,"444,10",-20.0%
SãoJoão,Disponível,243.0,12,7892953003022.0,Artrolive 500mg/400mg 90 Cápsulas Dura,"206,26","169,13",-18.0%,"169,13",-18.0%
SãoJoão,Disponível,243.0,12,7896212479689.0,Stugeron 75mg 30 Comprimidos Janssen-Cilag,"38,39","34,99",-8.9%,"34,99",-8.9%
SãoJoão,Disponível,243.0,13,7894916515801.0,"Vynaxa 2,5mg 60 Comprimidos Revestidos","69,88","69,88",-,"69,88",-
SãoJoão,Indisponível,243.0,12,0.0,Propion Mel e Verde 30ml,0,0,0,0,0
SãoJoão,Disponível,243.0,13,7896094999473.0,Novotram Par 37+325mg 10 Comprimidos Hypermarcas (A2),"37,32","34,59",-7.3%,"34,59",-7.3%
SãoJoão,Disponível,243.0,12,7899547500356.0,Dipirona Sódica 1g Genérico Prati 10 Comprimidos,"18,23","12,90",-29.2%,"12,90",-29.2%
SãoJoão,Disponível,243.0,13,7896261013483.0,Cataflam 50mg 20 Comprimidos Novartis,"55,55","42,29",-23.9%,"42,29",-23.9%
SãoJoão,Disponível,243.0,13,7896241293751.0,Vasopril Plus 10mg+25mg 30 Comprimidos Biolab,"64,43","64,43",-,"64,43",-
SãoJoão,Disponível,243.0,13,7896181916222.0,Angipress 25mg 30 Comprimidos Aché,"24,41","21,09",-13.6%,"21,09",-13.6%
SãoJoão,Disponível,243.0,12,7896472521746.0,Dimesilato de Lisdexanfetamina 50 mg 30 Cápsulas Genérico Nova Química (A3),"381,12","272,69",-28.5%,"272,69",-28.5%
SãoJoão,Disponível,243.0,13,7897595635648.0,Sitagliptina Genérico Sandoz 50mg 30 Comprimidos Revestidos,"120,02","64,90",-45.9%,"64,90",-45.9%
SãoJoão,Disponível,243.0,13,7896732601300.0,Hepalina Avulso 10ml Flaconete,"2,40","2,40",-,"2,40",-
SãoJoão,Disponível,242.0,13,7896112134213.0,Cefalexina 500mg Genérico Teuto 10 Comprimidos Revestidos,"32,10","13,39",-58.3%,"13,39",-58.3%
SãoJoão,Disponível,242.0,13,7896004700038.0,Paracetamol 200mg/ml Genérico Cimed Solução Oral 15ml,"12,06","4,49",-62.8%,"4,49",-62.8%
SãoJoão,Disponível,242.0,13,7891317465346.0,"Efexor XR 37,5mg 30 Cápsulas Upjohn (C1)","44,19","44,19",-,"44,19",-
SãoJoão,Disponível,242.0,13,7896658004124.0,Novocilin 400Mg/5M 100Ml Ache,"49,75","45,39",-8.8%,"45,39",-8.8%
SãoJoão,Disponível,242.0,14,7898049796502.0,Ibuprofeno 300mg 20 Comprimidos Algy-Fland Vitamedic,"16,90","16,90",-,"16,90",-
SãoJoão,Disponível,242.0,12,7896241225127.0,"Ablok Plus 25+12,5mg 30 Comprimidos Biolab","47,83","40,99",-14.3%,"40,99",-14.3%
SãoJoão,Disponível,242.0,12,7891058002572.0,Allegra Antialérgico Pediátrico Cloridrato de Fexofenadina Suspensão Oral 150ml,"89,95","89,95",-,"89,95",-
SãoJoão,Disponível,242.0,13,7891142180773.0,Pomada Quadriderm 20G Mantecorp,"60,39","53,19",-11.9%,"53,19",-11.9%
SãoJoão,Disponível,242.0,13,7897595605955.0,Plagrel 75mg 28 Comprimidos Revestidos Sandoz,"63,62","53,09",-16.6%,"53,09",-16.6%
SãoJoão,Disponível,242.0,13,7896004716343.0,Finasterida 1mg 30 Comprimidos Revestidos Genérico EMS,"167,95","121,09",-27.9%,"121,09",-27.9%
SãoJoão,Indisponível,242.0,12,0.0,Dorflex Max 600+70+100mg 4 Comprimidos Opella Avulso,0,0,0,0,0
SãoJoão,Disponível,242.0,13,7896658050411.0,Desenvo 100mg 60 Comprimidos Revestidos Biosintética (C1),"140,90","140,90",-,"140,90",-
SãoJoão,Disponível,242.0,13,7896714212081.0,Prednisona 5mg 20 Comprimidos Genérico Neo Química,"19,01","17,69",-6.9%,"17,69",-6.9%
SãoJoão,Indisponível,241.0,12,0.0,"Viofta 0,40% Sol Oft 10Ml Legrand",0,0,0,0,0
SãoJoão,Disponível,241.0,12,7500435201643.0,Sonozzz Passiflora 30 Cápsulas Procter,"102,65","92,39",-10.0%,"92,39",-10.0%
SãoJoão,Disponível,241.0,13,8902220119574.0,Gliclazida 30mg 30 Comprimidos Revestidos Genérico Torrent,"30,33","17,79",-41.3%,"17,79",-41.3%
SãoJoão,Disponível,241.0,13,8902220109582.0,Rosucor 10mg 60 Comprimidos Revestidos Torrent,"83,33","69,19",-17.0%,"69,19",-17.0%
SãoJoão,Disponível,241.0,13,7891058001667.0,Cloridrato De Amiodarona 100mg Genérico Medley 30 Comprimidos,"21,12","21,12",-,"21,12",-
SãoJoão,Disponível,241.0,12,7896658006906.0,Biofenac DI 20 Comprimidos Aché,"42,43","37,69",-11.2%,"37,69",-11.2%
SãoJoão,Disponível,241.0,12,7896658046759.0,Edifican 150mg 1 Comprimido Ache,"58,99","58,99",-,"58,99",-
SãoJoão,Disponível,241.0,12,7896523206103.0,Cimelide Suspensão Oral 15ml,"14,90","9,19",-38.3%,"9,19",-38.3%
SãoJoão,Disponível,241.0,12,7894916503419.0,Somalgin Cardio 200mg 32 Comprimidos Revestidos Sigma,"31,30","27,19",-13.1%,"27,19",-13.1%
SãoJoão,Disponível,241.0,12,7896006222873.0,Leiba 12 Cápsulas União Química,"24,90","24,90",-,"24,90",-
SãoJoão,Disponível,241.0,14,7898029552128.0,Diamicron MR 30 Comprimidos Servier,"52,28","44,29",-15.3%,"44,29",-15.3%
SãoJoão,Disponível,241.0,12,7896523208473.0,Amoxicilina Suspensão Oral 250mg/5ml 150ml Genérico Cimed,"29,54","12,29",-58.4%,"12,29",-58.4%
SãoJoão,Disponível,241.0,12,7896094928275.0,"Persur 2,5mg 60 Comprimidos Hypera","97,16","79,39",-18.3%,"79,39",-18.3%
SãoJoão,Disponível,241.0,13,8902220114784.0,Olmecor 40mg 30 Comprimidos Revestidos Torrent,"56,97","47,59",-16.5%,"47,59",-16.5%
SãoJoão,Disponível,241.0,15,7891317103323.0,Depo-Medrol 40mg/ml Suspensão Injetável 2ml 1 Ampola,"31,28","28,99",-7.3%,"28,99",-7.3%
SãoJoão,Disponível,241.0,12,7891317009267.0,"Artico 1,5+1,2g Gran Guaraná 30 Sachês Eurofarma","256,18","204,94",-20.0%,"204,94",-20.0%
SãoJoão,Disponível,241.0,12,7891142140562.0,Desalex 5mg 30 Comprimidos Revestidos Supera,"129,59","111,59",-13.9%,"111,59",-13.9%
SãoJoão,Disponível,241.0,13,7891317016920.0,Enantato De Noretisterona 50mg + Valerato De Estradiol 5mg Genérico Eurofarma Ampola 1ml,"30,84","25,69",-16.7%,"25,69",-16.7%
SãoJoão,Disponível,241.0,13,7897337716635.0,Remeron Soltab 15mg 30 Comprimidos Supera (C1),"165,29","132,23",-20.0%,"132,23",-20.0%
SãoJoão,Disponível,241.0,12,7898037080804.0,Arnica Gel 60g Total Almeida Prado,"29,99","29,99",-,"29,99",-
SãoJoão,Disponível,240.0,12,7896637026222.0,Digeliv 30 Sachês de 2g,"99,90","99,90",-,"99,90",-
SãoJoão,Disponível,240.0,13,7896523215235.0,Sinvastatina 20mg Genérico Cimed 30 Comprimidos Revestidos,"34,84","7,54",-78.4%,"7,54",-78.4%
SãoJoão,Disponível,240.0,14,7897595639714.0,Escitalopram 20mg 60 Comprimidos Revestidos Genérico Sandoz (C1),"193,13","129,79",-32.8%,"129,79",-32.8%
SãoJoão,Disponível,240.0,13,7891158106002.0,Movydia 200mg 10 Cápsulas Abbott (C1),"43,19","43,19",-,"43,19",-
SãoJoão,Disponível,240.0,13,7896004705590.0,Cetoconazol + Betametasona + Neomicina Pomada Dermatológica 30g Genérico Eurofarma,"37,78","33,69",-10.8%,"33,69",-10.8%
SãoJoão,Disponível,240.0,12,7898037080118.0,Complexo Homeopático Almeida Prado 11 60 Comprimidos,"33,99","33,99",-,"33,99",-
SãoJoão,Disponível,240.0,13,7896672202452.0,Lipidil 160mg 30 Cápsulas,"197,69","197,69",-,"197,69",-
SãoJoão,Disponível,240.0,12,7896658048227.0,Feminique 30 21 Comprimidos Revestidos Aché,"69,38","69,38",-,"69,38",-
SãoJoão,Disponível,240.0,12,7896004770222.0,Xarope Guaco Herbarium 120ml,"33,90","31,59",-6.8%,"31,59",-6.8%
SãoJoão,Disponível,240.0,14,7896112147152.0,Creme Nistatina Vaginal 60g Genérico Prati,"24,01","24,01",-,"24,01",-
SãoJoão,Disponível,240.0,12,7899547514315.0,Gabapentina 300mg 30 Cápsulas Genérico Prati (C1),"82,43","64,90",-21.3%,"64,90",-21.3%
SãoJoão,Disponível,240.0,14,7896004754123.0,"Micropil R21 0,075 + 0,030mg 63 Comprimidos Revestidos Sigma","85,77","70,99",-17.2%,"70,99",-17.2%
SãoJoão,Disponível,240.0,12,7896004738727.0,Nimesilam 100mg 12 Comprimidos,"14,90","13,39",-10.1%,"13,39",-10.1%
SãoJoão,Disponível,239.0,12,7897917002677.0,Drenogrip 12 Comprimidos Revestidos Belfar,"147,78","147,78",-,"147,78",-
SãoJoão,Disponível,239.0,13,7896676439236.0,Terocoxi 60mg 14 Comprimidos Cristália (C1),"106,91","91,79",-14.1%,"91,79",-14.1%
SãoJoão,Disponível,239.0,13,7896004706559.0,Abcler 10ml Airela,"31,90","29,89",-6.3%,"29,89",-6.3%
SãoJoão,Disponível,239.0,12,7891317460518.0,Noex 50mcg 200 Doses Eurofarma,"79,91","67,19",-15.9%,"67,19",-15.9%
SãoJoão,Indisponível,239.0,13,0.0,"Advipro 11,6mg 30g Gel GSK",0,0,0,0,0
SãoJoão,Disponível,239.0,12,7896180300145.0,Maxiflox Solução Oftálmica 5ml Latinofarma,"32,99","30,59",-7.3%,"30,59",-7.3%
SãoJoão,Indisponível,239.0,12,0.0,Clenil HFA 200 mcg Spray 200 Doses Chiesi,0,0,0,0,0
SãoJoão,Disponível,239.0,12,7896523201665.0,Ibuprofeno 400mg Genérico Cimed 10 Cápsulas,"21,91","13,49",-38.4%,"13,49",-38.4%
SãoJoão,Disponível,239.0,14,7898687730500.0,Ibuprofeno 600mg 10 Cápsulas Genérico Althaia,"31,23","28,69",-8.1%,"28,69",-8.1%
SãoJoão,Disponível,239.0,13,7896015591977.0,Leite de Magnésia Hortelã Suspensão Oral 120ml,"21,99","21,99",-,"21,99",-
SãoJoão,Disponível,239.0,15,7891158103445.0,Rubenti 200mg 60 Cápsulas Duras,"261,10","208,88",-20.0%,"208,88",-20.0%
SãoJoão,Disponível,239.0,14,7896112416418.0,Ecasil 81mg 30 Comprimidos,"16,92","15,69",-7.3%,"15,69",-7.3%
SãoJoão,Disponível,239.0,12,7891317425869.0,Tylenol 500mg 20 Comprimidos Revestidos,"14,53","14,53",-,"14,53",-
SãoJoão,Disponível,239.0,12,7896112413677.0,"Pressat 2,5mg 60 Comprimidos Biolab","79,22","65,09",-17.8%,"65,09",-17.8%
SãoJoão,Disponível,239.0,14,7894916510554.0,"Niki Conect 3mg + 0,02mg 30 Comprimidos Revestidos EMS","53,36","45,89",-14.0%,"45,89",-14.0%
SãoJoão,Indisponível,239.0,13,0.0,Ondif 4mg 10 Filmes,0,0,0,0,0
SãoJoão,Disponível,239.0,13,7896112172130.0,Pregabalina 75mg 30 Cápsulas Genérico Teuto (C1),"97,20","97,20",-,"97,20",-
SãoJoão,Disponível,239.0,13,7896112416463.0,"Flux SR 1,5mg 90 Comprimidos Revestidos Biolab","50,75","43,19",-14.9%,"43,19",-14.9%
SãoJoão,Disponível,239.0,15,4260747720746.0,Losec Mups 10mg 14 Comprimidos Revestidos,"154,68","133,09",-14.0%,"133,09",-14.0%
SãoJoão,Disponível,239.0,12,7891317024284.0,Prysma 3mg 20 Comprimidos,"87,89","87,89",-,"87,89",-
SãoJoão,Disponível,239.0,13,7899824400980.0,Dexador Arese 5000mcg 20 Comprimidos Revestidos,"78,69","70,99",-9.8%,"70,99",-9.8%
SãoJoão,Disponível,239.0,13,7896083400935.0,Salsep Spray Nasal 50ml,"64,40","51,52",-20.0%,"51,52",-20.0%
SãoJoão,Disponível,239.0,12,7896004733234.0,Prednisolona 20mg 10 Comprimidos Genérico EMS,"23,36","10,90",-53.3%,"10,90",-53.3%
SãoJoão,Disponível,239.0,14,7896422504386.0,Diclofenaco Potássico 50mg 20 Comprimidos Revestidos Genérico Medley,"13,37","11,90",-11.0%,"11,90",-11.0%
SãoJoão,Disponível,239.0,13,7896637023238.0,Flancox 500mg 14 Comprimidos Revestidos Aspen,"51,50","45,89",-10.9%,"45,89",-10.9%
SãoJoão,Disponível,238.0,12,8902220108721.0,Donepezila 10mg 30 Comprimidos Revestidos Genérico Torrent (C1),"126,67","89,90",-29.0%,"89,90",-29.0%
SãoJoão,Disponível,238.0,13,7897705202418.0,Fiasp 100U/ml 1 Unidade 10ml Novo Nordisk,"328,80","328,80",-,"328,80",-
SãoJoão,Disponível,238.0,12,7891317009267.0,Artico PO 30 Sachês Laranja Eurofarma,"256,18","204,94",-20.0%,"204,94",-20.0%
SãoJoão,Disponível,238.0,12,7897322714257.0,Amplium G Creme Vaginal 40g 7 Aplicadores,"41,68","41,68",-,"41,68",-
SãoJoão,Disponível,238.0,14,7891317015886.0,Spark 250mg 30 Comprimidos Momenta (C1),"51,87","51,87",-,"51,87",-
SãoJoão,Disponível,238.0,12,7896112406419.0,"Embo 2,5mg 60 Comprimidos Revestidos Biolab","232,41","232,41",-,"232,41",-
SãoJoão,Disponível,238.0,12,7896094931473.0,Epocler Todo Dia 60 Comprimidos,"15,31","12,59",-17.8%,"12,59",-17.8%
SãoJoão,Disponível,238.0,12,7892953003558.0,"Tanduo 0,5mg+0,4mg 30 Cápsulas Apsen","121,32","103,12",-15.0%,"103,12",-15.0%
SãoJoão,Disponível,238.0,13,7896261004900.0,"Diovan HCT FQM 160mg + 12,5mg 28 Comprimidos","155,25","155,25",-,"155,25",-
SãoJoão,Disponível,238.0,12,7898569765361.0,Prednisolona 5mg 20 Comprimidos Genérico Althaia,"15,98","15,09",-5.6%,"15,09",-5.6%
SãoJoão,Disponível,238.0,12,7896676442670.0,Codein 30mg 12 Comprimidos Cristália (A2),"25,16","25,16",-,"25,16",-
SãoJoão,Disponível,238.0,12,7899095202221.0,"Xaloftal 0,05mg/ml Solução Oftálmica 2,5ml","104,14","89,29",-14.3%,"89,29",-14.3%
SãoJoão,Disponível,238.0,12,7896658003189.0,"Decadron 4mg 1x2,5ml Injetável Aché","22,20","20,89",-5.9%,"20,89",-5.9%
SãoJoão,Disponível,238.0,12,7896637031219.0,Aplause 20mg 30 Comprimidos Revestidos,"206,47","165,89",-19.7%,"165,89",-19.7%
SãoJoão,Disponível,238.0,13,7891010256425.0,Mylanta Plus Menta Suspensão Oral 240ml,"59,29","54,39",-8.3%,"54,39",-8.3%
SãoJoão,Disponível,238.0,12,7896658004896.0,"Allestra 20 0,075mg+0,020mg 21 Drágeas Aché","40,80","35,39",-13.3%,"35,39",-13.3%
SãoJoão,Disponível,238.0,13,7897851200603.0,Monocordil 50mg 30 Cápsulas,"93,14","77,19",-17.1%,"77,19",-17.1%
SãoJoão,Disponível,238.0,14,7896112413790.0,Pressat 5mg 60 Comprimidos Biolab,"113,82","92,89",-18.4%,"92,89",-18.4%
SãoJoão,Disponível,238.0,13,7896523207360.0,Nevralgex 300+50+35mg 10 Comprimidos Envelope Cimed Avulso,"5,99","4,79",-20.0%,"4,79",-20.0%
SãoJoão,Disponível,238.0,12,7891317014902.0,Forfig 300mg 30 Cápsulas Momenta,"196,40","157,69",-19.7%,"157,69",-19.7%
SãoJoão,Disponível,238.0,12,7896094207745.0,Stanglit 15mg 30 Comprimidos Libbs,"93,84","76,39",-18.6%,"76,39",-18.6%
SãoJoão,Disponível,238.0,12,7896006214007.0,Andriodermol Solução Dermatológica 50ml,"26,01","26,01",-,"26,01",-
SãoJoão,Disponível,238.0,12,7898060134239.0,Omeprazol 20mg Genérico Globo Pharma 28 Comprimidos,"25,31","23,19",-8.4%,"23,19",-8.4%
SãoJoão,Disponível,237.0,12,7899420509025.0,Nazzo Oto 20ml Supera,"26,29","26,29",-,"26,29",-
SãoJoão,Disponível,237.0,13,7896422528719.0,Zinpass 10mg 30 Comprimidos Revestidos Medley,"67,88","55,69",-18.0%,"55,69",-18.0%
SãoJoão,Disponível,237.0,12,7891317191696.0,Quet 100mg 30 Comprimidos Revestidos Cl Eurofarma (C1),"137,78","110,22",-20.0%,"110,22",-20.0%
SãoJoão,Disponível,237.0,14,7896094206137.0,Plenance 20mg 30 Comprimidos Revestidos Libbs,"158,79","131,09",-17.4%,"131,09",-17.4%
SãoJoão,Disponível,237.0,13,7897930761148.0,"Clob-X 0,05% 59ml Loção Capilar Galderma","103,37","89,79",-13.1%,"89,79",-13.1%
SãoJoão,Disponível,237.0,13,7896382700750.0,Insulina Humalog U-100 10Ml Eli Lilly,"171,34","132,19",-22.8%,"132,19",-22.8%
SãoJoão,Disponível,237.0,13,7899420507991.0,Ultrox SL 10mg 20 Comprimidos Supera,"68,98","55,59",-19.4%,"55,59",-19.4%
SãoJoão,Disponível,237.0,14,7896094206298.0,Velija 30mg 30 Cápsulas Libbs (C1),"78,34","65,79",-16.0%,"65,79",-16.0%
SãoJoão,Disponível,237.0,12,5702150153937.0,Vurtuoso 5mg 30 Comprimidos Lundbeck (C1),"180,35","155,19",-14.0%,"155,19",-14.0%
SãoJoão,Disponível,237.0,14,7896112406129.0,Enterofigon 50mg/10mg/ml Solução Oral Abacaxi 10ml,"35,27","32,49",-7.9%,"32,49",-7.9%
SãoJoão,Disponível,237.0,13,7896658027123.0,Trezete 10mg/10mg 30 Comprimidos Revestidos,"93,26","76,39",-18.1%,"76,39",-18.1%
SãoJoão,Disponível,237.0,13,7896676421606.0,Helleva Supera 80mg 10 Comprimidos,"188,48","154,49",-18.0%,"154,49",-18.0%
SãoJoão,Disponível,237.0,13,7891317024994.0,BUP 150mg 30 Comprimidos Revestidos Eurofarma (C1),"160,69","129,89",-19.2%,"129,89",-19.2%
SãoJoão,Disponível,237.0,12,7891142142221.0,Diprosalic Solução 30ml Mantecorp,"56,01","49,19",-12.2%,"49,19",-12.2%
SãoJoão,Disponível,237.0,13,7896004711287.0,Dexclorfeniramina Genérico EMS 2mg 20 Comprimidos,"16,20","10,49",-35.2%,"10,49",-35.2%
SãoJoão,Disponível,237.0,13,7894916503129.0,Vazy 10mg 30 Cápsulas Sigma Pharma (B2),"56,02","56,02",-,"56,02",-
SãoJoão,Disponível,237.0,12,7898049790586.0,Ritalina 10mg 30 Comprimidos,"14,90","14,90",-,"14,90",-
SãoJoão,Disponível,237.0,13,7899420507830.0,Nazzo 240ml+30 Sachês Supera,"68,67","68,67",-,"68,67",-
SãoJoão,Disponível,236.0,12,7896422505888.0,Prazol 15mg 28 Cápsulas Cellera,"66,66","66,66",-,"66,66",-
SãoJoão,Disponível,236.0,14,7896004749303.0,Pantoprazol 20mg 42 Comprimidos Revestidos Genérico EMS,"63,91","39,90",-37.6%,"39,90",-37.6%
SãoJoão,Disponível,236.0,12,7894916505215.0,Euprostatin 2mg 30 Comprimidos Sigma-Pharma,"48,21","39,79",-17.5%,"39,79",-17.5%
SãoJoão,Disponível,236.0,13,7893595770662.0,Floral Therapi Calmim 30ml,"36,90","29,90",-19.0%,"29,90",-19.0%
SãoJoão,Disponível,236.0,13,7898258950443.0,Extrato de Própolis Silvestre Baldoni 30ml,"27,90","27,90",-,"27,90",-
SãoJoão,Disponível,236.0,12,7896009498473.0,Advil Mulher 400mg 2 Cápsulas,"6,57","6,57",-,"6,57",-
SãoJoão,Indisponível,236.0,15,0.0,Deltametrina Shampoo 2mg 100ml Pediderm Cifar,0,0,0,0,0
SãoJoão,Disponível,236.0,12,7898029550247.0,Assert 100mg 30 Comprimidos Revestidos,"107,24","88,89",-17.1%,"88,89",-17.1%
SãoJoão,Disponível,236.0,12,7897473206106.0,Dipropionato de Beclometasona 200Mcg Aerosol 200 Doses Genérico Glenmark,"59,49","49,90",-16.1%,"49,90",-16.1%
SãoJoão,Disponível,236.0,12,7896083402557.0,Gamaline V 900mg 15 Cápsulas Herbarium,"181,80","147,69",-18.8%,"147,69",-18.8%
SãoJoão,Disponível,236.0,13,7896094916289.0,Lisador Dip 1g 4 Comprimidos Farmasa AV*,"10,77","9,19",-14.7%,"9,19",-14.7%
SãoJoão,Disponível,236.0,12,7896658050411.0,Runner EZE 10+10mg 60 Comprimidos Biosintética,"140,90","140,90",-,"140,90",-
SãoJoão,Disponível,236.0,13,7891317124236.0,Olmy HCT 40+25mg 30 Comprimidos Revestidos Germed,"88,96","72,79",-18.2%,"72,79",-18.2%
SãoJoão,Disponível,236.0,12,7896714240206.0,Neo Loratadin 10mg 12 Comprimidos,"14,90","14,90",-,"14,90",-
SãoJoão,Disponível,236.0,13,7896658048371.0,"Dropropizina 1,5mg/ml Genérico Aché 120ml","14,92","14,92",-,"14,92",-
SãoJoão,Indisponível,236.0,12,0.0,Modik 50mg 12 Sachês Germed,0,0,0,0,0
SãoJoão,Disponível,236.0,13,7896226105208.0,Caldê K2 30 Comprimidos Revestidos,"149,78","149,78",-,"149,78",-
SãoJoão,Disponível,236.0,13,7897595605955.0,Plagrel 75mg 56 Comprimidos Revestidos Sandoz,"63,62","53,09",-16.6%,"53,09",-16.6%
SãoJoão,Disponível,236.0,12,7896637035460.0,Dobeven 500mg 60 Cápsulas Duras,"184,67","147,74",-20.0%,"147,74",-20.0%
SãoJoão,Disponível,236.0,13,7896181916475.0,Serenata 100mg 60 Comprimidos Revestidos,"197,15","157,72",-20.0%,"157,72",-20.0%
SãoJoão,Disponível,236.0,13,7896004729459.0,Atorvastatina 80mg 30 Comprimidos Revestidos Genérico EMS,"369,69","184,90",-50.0%,"184,90",-50.0%
SãoJoão,Disponível,236.0,13,7891317177652.0,Primera 20Mcg 63 Comprimidos Revestidos,"93,49","77,49",-17.1%,"77,49",-17.1%
SãoJoão,Disponível,236.0,12,7896006299035.0,"Amclavu BD 80+11,4mg/ml Pó para Suspensão Oral 70ml Genom","47,39","42,99",-9.3%,"42,99",-9.3%
SãoJoão,Disponível,235.0,13,7891317016968.0,"Sincro XR 12,5mg 30 Comprimidos Momenta (C1)","98,53","79,79",-19.0%,"79,79",-19.0%
SãoJoão,Disponível,235.0,13,7896004713250.0,Gabapentina 300mg 30 Cápsulas Genérico Cimed (C1),"121,67","84,69",-30.4%,"84,69",-30.4%
SãoJoão,Disponível,235.0,12,7891317191689.0,Quet 25mg 30 Comprimidos Revestidos Cl Eurofarma (C1),"53,48","45,79",-14.4%,"45,79",-14.4%
SãoJoão,Disponível,235.0,12,7896094201248.0,"Gestinol 0,075mg/0,030mg 28 Comprimidos Revestidos","68,49","58,09",-15.2%,"58,09",-15.2%
SãoJoão,Disponível,235.0,15,7896676432916.0,Flutinol 1mg/ml frasco 5ml,"39,18","35,99",-8.1%,"35,99",-8.1%
SãoJoão,Disponível,235.0,12,7891317013622.0,Carbolitium Cr 450mg 60 Comprimidos Eurofarma (C1),"148,02","115,09",-22.2%,"115,09",-22.2%
SãoJoão,Disponível,235.0,12,7891158106446.0,Pedialyte Max Uva 500ml,"29,22","23,38",-20.0%,"23,38",-20.0%
SãoJoão,Disponível,235.0,12,8902220113251.0,Serenata 100mg 30 Cápsulas Torrent (C1),"182,34","182,34",-,"182,34",-
SãoJoão,Disponível,235.0,13,7894916508988.0,"Dalyne 3mg/0,03mg 21 Comprimidos Revestidos","63,59","53,59",-15.7%,"53,59",-15.7%
SãoJoão,Disponível,235.0,14,7896523210940.0,Glimepirida 4mg Genérico Cimed 30 Comprimidos,"53,57","19,90",-62.9%,"19,90",-62.9%
SãoJoão,Disponível,235.0,14,7891317483531.0,Domperix 1mg 100ml,"52,69","52,69",-,"52,69",-
SãoJoão,Disponível,235.0,13,7896658003394.0,Levoid 175mcg 30 Comprimidos Aché,"36,61","32,19",-12.1%,"32,19",-12.1%
SãoJoão,Indisponível,235.0,13,0.0,"Strepsils Laranja 8,75mg 16 Pastilhas",0,0,0,0,0
SãoJoão,Disponível,235.0,12,7896004759722.0,"Drospirenona + Etinilestradiol Genérico EMS 3mg + 0,02mg 72 Comprimidos Revestidos","188,69","89,90",-52.4%,"89,90",-52.4%
SãoJoão,Disponível,235.0,12,7897705200315.0,Novolin R Penfil 100ui/Ml 5x3ml Novo Nor,"166,36","166,36",-,"166,36",-
SãoJoão,Disponível,235.0,14,7896862910747.0,Neo Fedipina 20mg 30 Comprimidos,"22,90","20,29",-11.4%,"20,29",-11.4%
SãoJoão,Disponível,235.0,13,7896004771373.0,Nebivolol 5mg 30 Comprimidos Genérico EMS,"61,44","41,89",-31.8%,"41,89",-31.8%
SãoJoão,Disponível,235.0,13,7891142202161.0,Velunid 450+50mg 60 Comprimidos Farmasa,"150,66","150,66",-,"150,66",-
SãoJoão,Disponível,235.0,13,7896637032230.0,Probid 5 Cápsulas,"45,90","45,90",-,"45,90",-
SãoJoão,Indisponível,235.0,14,0.0,Provance Imune 10ml Gotas Aché,0,0,0,0,0
SãoJoão,Disponível,235.0,12,7896523206110.0,Cimelide 100mg 12 Comprimidos,"14,90","14,90",-,"14,90",-
SãoJoão,Disponível,234.0,14,7896004719597.0,Amoxicilina + Clavulanato de Potássio 875mg 14 Comprimidos Revestidos Genérico Eurofarma,"194,22","138,89",-28.5%,"138,89",-28.5%
SãoJoão,Disponível,234.0,12,7894916508933.0,Bramicar Sigma Pharma 40mg 30 Comprimidos,"98,37","98,37",-,"98,37",-
SãoJoão,Disponível,234.0,13,7896523201528.0,Metoprolol 25mg Genérico Cimed 30 Comprimidos Revestidos,"32,78","15,49",-52.7%,"15,49",-52.7%
SãoJoão,Disponível,234.0,13,7891045014366.0,Pristiq 100mg 28 Comprimidos Revestidos,"278,62","222,90",-20.0%,"222,90",-20.0%
SãoJoão,Disponível,234.0,12,7500435121965.0,Metamucil Pó para Solução Oral 210g,"139,57","139,57",-,"139,57",-
SãoJoão,Disponível,234.0,13,7896676418866.0,Escena Cristália 10mg 30 Comprimidos (C1),"79,96","79,96",-,"79,96",-
SãoJoão,Disponível,234.0,12,7891317020101.0,Simeco Plus Suspensão Oral 240ml,"57,64","52,19",-9.5%,"52,19",-9.5%
SãoJoão,Disponível,234.0,15,7897004714193.0,Melysse XPE 50mg/ml Adicional 120ml Biosintética,"53,74","53,74",-,"53,74",-
SãoJoão,Disponível,234.0,15,7896658004391.0,Artrolive 30 Cápsulas Ache,"341,53","341,53",-,"341,53",-
SãoJoão,Disponível,234.0,12,7896658004148.0,Novocilin Aché 500mg 21 Cápsulas,"62,96","55,39",-12.0%,"55,39",-12.0%
SãoJoão,Disponível,234.0,12,4260085521234.0,Ultraproct LDO Creme Retal 30g + Aplicador,"46,55","42,39",-8.9%,"42,39",-8.9%
SãoJoão,Disponível,234.0,13,7896006290162.0,Ganfort Solução Oftálmica 3ml,"16,62","15,59",-6.2%,"15,59",-6.2%
SãoJoão,Disponível,234.0,13,7896714292045.0,Ecoxe 90mg 7 Comprimidos (C1),"74,89","65,59",-12.4%,"65,59",-12.4%
SãoJoão,Disponível,234.0,12,7896676433395.0,"Tobracin Solução Oftálmica 0,3% 5ml Latinofarma","26,45","26,45",-,"26,45",-
SãoJoão,Disponível,234.0,12,7898074611511.0,"Glucoreumin 1,5g 30 Sachês Mylan","281,42","281,42",-,"281,42",-
SãoJoão,Disponível,234.0,12,7896658016677.0,Brasart BCC 160mg/5mg 30 Comprimidos Revestidos,"51,29","41,49",-19.1%,"41,49",-19.1%
SãoJoão,Indisponível,234.0,13,0.0,Fostair Spray 200/6mcg 120 Doses Chiesi,0,0,0,0,0
SãoJoão,Disponível,234.0,12,7891010256968.0,Tylenol Sinus Johnson &amp; Johnson 24 Comprimidos Revestidos,"23,90","23,90",-,"23,90",-
SãoJoão,Disponível,234.0,13,7896658002922.0,Novamox 875mg/125mg 14 Comprimidos,"134,01","134,01",-,"134,01",-
SãoJoão,Disponível,234.0,12,7891317488727.0,"Xarope Leg 0,5mg/ml 100ml Eurofarma","83,43","83,43",-,"83,43",-
SãoJoão,Disponível,234.0,13,7896658016356.0,Aristab 20mg 30 Comprimidos Aché (C1),"499,09","399,27",-20.0%,"399,27",-20.0%
SãoJoão,Disponível,234.0,13,7896112407126.0,Bhena 10mg 90 Comprimidos Revestidos Biolab,"215,86","174,29",-19.3%,"174,29",-19.3%
SãoJoão,Disponível,233.0,14,7896004782980.0,Levetiracetam 750mg 30 Comprimidos Revestidos Genérico Eurofarma (C1),"266,35","99,90",-62.5%,"99,90",-62.5%
SãoJoão,Disponível,233.0,12,7897851221158.0,Capilarema 75mg 60 Comprimidos,"118,21","99,09",-16.2%,"99,09",-16.2%
SãoJoão,Disponível,233.0,12,7899095246966.0,"Tansulosina 0,4mg 60 Cápsulas Genérico Geolab","246,26","154,99",-37.1%,"154,99",-37.1%
SãoJoão,Disponível,233.0,13,7891317011451.0,Esc ODT 10mg 30 Comprimidos Eurofarma (C1),"106,42","86,69",-18.5%,"86,69",-18.5%
SãoJoão,Disponível,233.0,12,7891317421526.0,Pondera 10mg 20 Comprimidos Revestidos,"73,66","60,29",-18.2%,"60,29",-18.2%
SãoJoão,Disponível,233.0,13,7896523206103.0,Mylicon Suspensão Oral 15ml,"14,90","9,19",-38.3%,"9,19",-38.3%
SãoJoão,Disponível,233.0,12,7896637033220.0,Xafac 20mg Apsen 98 Comprimidos,"352,25","352,25",-,"352,25",-
SãoJoão,Disponível,233.0,14,7893595771041.0,Floral Therapi Maternim 30ml,"36,90","29,90",-19.0%,"29,90",-19.0%
SãoJoão,Disponível,233.0,12,7898040393571.0,Gengimin 160mg 15 Comprimidos FQM,"48,41","48,41",-,"48,41",-
SãoJoão,Disponível,233.0,12,7891142180766.0,Quadriderm Creme 20G Mantecorp,"60,19","52,99",-12.0%,"52,99",-12.0%
SãoJoão,Disponível,233.0,13,7896094209961.0,Ebatz 2mg 90 Comprimidos Revestidos Libbs,"239,81","191,85",-20.0%,"191,85",-20.0%
SãoJoão,Disponível,233.0,14,7897337716215.0,Cerazette 75mcg 28 Comprimidos Revestidos,"61,04","41,50",-32.0%,"41,50",-32.0%
SãoJoão,Disponível,233.0,13,7896658035067.0,Nebitah 5mg 30 Comprimidos Aché,"55,19","44,89",-18.7%,"44,89",-18.7%
SãoJoão,Disponível,233.0,13,7898049793310.0,Ivermectina 6mg Genérico Vitamedic 4 Comprimidos,"37,84","33,09",-12.6%,"33,09",-12.6%
SãoJoão,Disponível,233.0,12,7896658016677.0,Brasart BCC 160+5mg 60 Comprimidos Revestidos Sigma,"51,29","41,49",-19.1%,"41,49",-19.1%
SãoJoão,Disponível,233.0,14,7891721024924.0,"Concor 1,25mg 30 Comprimidos Revestidos Merck","76,21","62,79",-17.6%,"62,79",-17.6%
SãoJoão,Disponível,233.0,13,7897129301513.0,Hixizine 25mg 30 Comprimidos Theraskin,"62,39","54,99",-11.9%,"54,99",-11.9%
SãoJoão,Disponível,233.0,12,8902220108677.0,Donepezila 5mg 30 Comprimidos Revestidos Genérico Torrent (C1),"115,28","79,49",-31.0%,"79,49",-31.0%
SãoJoão,Disponível,233.0,12,7896658035272.0,Trezor 20mg 60 Comprimidos Revestidos Aché,"137,79","110,49",-19.8%,"110,49",-19.8%
SãoJoão,Disponível,233.0,15,7896004769028.0,Doricin 35mg/300mg/50mg 36 Comprimidos,"19,90","19,90",-,"19,90",-
SãoJoão,Disponível,233.0,14,7896181914174.0,Maxapran 20mg 28 Comprimidos Ache (C1),"76,75","76,75",-,"76,75",-
SãoJoão,Disponível,233.0,12,7896658016844.0,"Revange 37,5 + 325mg 20 Comprimidos Revestidos Aché (A2)","57,68","57,68",-,"57,68",-
SãoJoão,Disponível,233.0,13,7896004706368.0,Clortalidona 25mg 60 Comprimidos Genérico EMS,"38,34","29,39",-23.3%,"29,39",-23.3%
SãoJoão,Disponível,233.0,14,7898687732863.0,Zolpidem 5mg 30 Comprimidos Sublinguais Genérico Germed (B1),"72,15","54,90",-23.9%,"54,90",-23.9%
SãoJoão,Disponível,233.0,13,7896004730721.0,"Xarope Desloratadina 0,5mg/ml 100ml Genérico EMS","78,46","43,99",-43.9%,"43,99",-43.9%
SãoJoão,Disponível,232.0,12,7896004742199.0,"Tibolona 2,5mg 30 Comprimidos Genérico EMS","85,60","65,89",-23.0%,"65,89",-23.0%
SãoJoão,Disponível,232.0,14,8903855076034.0,Azukon MR 30mg 60 Comprimidos Torrent,"42,45","36,39",-14.3%,"36,39",-14.3%
SãoJoão,Disponível,232.0,12,7898747480086.0,Floral Kids Therapi 30ml Desobediência,"34,90","34,90",-,"34,90",-
SãoJoão,Disponível,232.0,12,7896112435778.0,"Aradois HCT Biolab 50mg + 12,5mg 30 Comprimidos","105,65","84,99",-19.6%,"84,99",-19.6%
SãoJoão,Disponível,232.0,12,7898927111274.0,Cocyntal 10 Frascos Boiron,"111,49","111,49",-,"111,49",-
SãoJoão,Disponível,232.0,13,7896658024153.0,Dual 30mg 60 Cápsulas Ache (C1),"115,09","94,99",-17.5%,"94,99",-17.5%
SãoJoão,Disponível,232.0,12,7896422516921.0,Alopurinol 100mg Genérico Medley 30 Comprimidos,"12,19","12,19",-,"12,19",-
SãoJoão,Disponível,232.0,12,7896070601871.0,Profenid 100mg/2ml Injetável 6 Ampolas Aventis,"41,42","36,99",-10.7%,"36,99",-10.7%
SãoJoão,Disponível,232.0,13,7896094210295.0,"Iumi ES 3mg/0,02mg 120 Comprimidos Revestidos","243,34","170,34",-30.0%,"170,34",-30.0%
SãoJoão,Disponível,232.0,13,7893595770952.0,Óleo Essencial Therapi 10ml Refúgio,"39,90","39,90",-,"39,90",-
SãoJoão,Disponível,232.0,14,7896241248430.0,Lipless 100mg 30 Comprimidos Biolab,"125,27","125,27",-,"125,27",-
SãoJoão,Disponível,232.0,14,7896637034920.0,Lactosil 4.500 FCC 30 Comprimidos Apsen,"33,99","33,99",-,"33,99",-
SãoJoão,Disponível,232.0,12,7896253902146.0,Creon 25000 30 Cápsulas Abbott,"178,95","143,16",-20.0%,"143,16",-20.0%
SãoJoão,Disponível,232.0,13,7898037081252.0,Besomed Almeida Prado 60 Comprimidos,"63,99","63,99",-,"63,99",-
SãoJoão,Disponível,232.0,13,7897851250387.0,Monocordil Sublingual 5mg 30 Comprimidos Baldacci,"22,99","22,99",-,"22,99",-
SãoJoão,Disponível,232.0,13,7899095220928.0,Colírio Geolab Solução Oftalmológica 20ml,"14,90","12,90",-13.4%,"12,90",-13.4%
SãoJoão,Disponível,232.0,13,7892953000175.0,Cabertrix 8 Comprimidos Adium,"349,97","349,97",-,"349,97",-
SãoJoão,Disponível,232.0,12,7896004759593.0,Sertralina 100mg 30 Comprimidos Revestidos Genérico EMS (C1),"217,62","59,90",-72.5%,"59,90",-72.5%
SãoJoão,Disponível,232.0,15,8903855083087.0,Seizla 150mg 60 Comprimidos Revestidos Torrent (C1),"459,71","459,71",-,"459,71",-
SãoJoão,Disponível,232.0,12,7891317013943.0,Alurax 2mg 30 Comprimidos Revestidos,"68,23","58,19",-14.7%,"58,19",-14.7%
SãoJoão,Disponível,232.0,13,7896676441796.0,Teroquatro 4mg/ml 5ml Latinofarma,"44,99","40,29",-10.4%,"40,29",-10.4%
SãoJoão,Disponível,231.0,14,7896094903272.0,Epocler 10ml 12 Unidades Hypera Pharma,"49,38","39,50",-20.0%,"39,50",-20.0%
SãoJoão,Disponível,231.0,13,7891317005641.0,Suganon 5mg 30 Comprimidos Eurofarma,"167,44","130,05",-22.3%,"130,05",-22.3%
SãoJoão,Disponível,231.0,13,7891317000547.0,Xarope Ebastel 60ml Eurofarma,"78,85","68,99",-12.5%,"68,99",-12.5%
SãoJoão,Disponível,231.0,12,7896637030007.0,Traturil Granulado 1 Envelopes de 8g,"66,38","46,90",-29.3%,"46,90",-29.3%
SãoJoão,Indisponível,231.0,14,0.0,Acheflan Aerosol 75ml Aché,0,0,0,0,0
SãoJoão,Disponível,231.0,12,7896261012448.0,Diovan Amlo Fix 80+5mg 28 Comprimidos Revestidos FQM,"174,20","174,20",-,"174,20",-
SãoJoão,Disponível,231.0,13,7896004821467.0,Sitglu Met 850mg 56 Comprimidos Brace Pharma,"109,24","88,46",-19.0%,"88,46",-19.0%
SãoJoão,Indisponível,231.0,12,0.0,Otosylase Sol Otol 10ml Geolab,0,0,0,0,0
SãoJoão,Disponível,231.0,13,7896094917002.0,Rinosoro XT Gotas 30ml,"28,16","28,16",-,"28,16",-
SãoJoão,Disponível,231.0,13,7891142207500.0,"Calminex Diclo 11,6mg/g 85ml Aerossol","37,53","31,90",-15.0%,"31,90",-15.0%
SãoJoão,Disponível,231.0,14,7896658039492.0,Runner 5mg 30 Comprimidos Revestidos Ache,"24,75","24,75",-,"24,75",-
SãoJoão,Disponível,231.0,13,7896094927797.0,Benegrip Multi Febre e Dor 15ml Gotas Hypera Pharma,"28,64","28,64",-,"28,64",-
SãoJoão,Disponível,231.0,14,7898040325381.0,Maresis Jato Forte Spray Solucão Nasal 150ml,"82,77","74,89",-9.5%,"74,89",-9.5%
SãoJoão,Disponível,231.0,12,7896637022767.0,Donaren Retard 150mg 30 Comprimidos,"61,13","52,09",-14.8%,"52,09",-14.8%
SãoJoão,Disponível,231.0,14,7896094930544.0,Curc AOX+ 30 Comprimidos Revestidos Mantecorp,"199,90","199,90",-,"199,90",-
SãoJoão,Disponível,231.0,12,614.0,Vacina Pneumocócica 23 Pneumovax 23 AD/PED 25 MCG MSD + Aplicação,"100,69","100,69",-,"100,69",-
SãoJoão,Disponível,231.0,13,7500435231510.0,Cebion 1g 10 Comprimidos Efervescentes Procter,"19,90","19,90",-,"19,90",-
SãoJoão,Disponível,231.0,13,7896422525848.0,Atorvastatina 40mg 30 Comprimidos Revestidos Genérico Medley,"180,51","180,51",-,"180,51",-
SãoJoão,Disponível,231.0,13,7896112411413.0,Vaslip 10mg 30 Comprimidos Biolab,"89,58","89,58",-,"89,58",-
SãoJoão,Disponível,231.0,13,7897595624642.0,Amoxicilina + Clavulanato De Potássio 500mg 21 Comprimidos Revestidos Genérico Sandoz,"167,05","99,90",-40.2%,"99,90",-40.2%
SãoJoão,Disponível,231.0,12,7894916203517.0,Daforin Sigma Pharma 10mg 20 Cápsulas (C1),"46,77","39,39",-15.8%,"39,39",-15.8%
SãoJoão,Disponível,231.0,14,7898747480062.0,Floral Kids Therapi 30ml Sonequita,"34,90","29,90",-14.3%,"29,90",-14.3%
SãoJoão,Disponível,231.0,14,5413787008797.0,Vimpat 100mg 28 Comprimidos Revestidos UCB (C1),"366,47","366,47",-,"366,47",-
SãoJoão,Disponível,230.0,13,7898146824061.0,Paracetamol + Codeína 24 Comprimidos Genérico Biolab (A2),"53,99","47,39",-12.2%,"47,39",-12.2%
SãoJoão,Disponível,230.0,12,650240006364.0,Antiverrugas Pointts Aerossol Dermatológico 80ml + 12 Aplicadores,"205,99","205,99",-,"205,99",-
SãoJoão,Disponível,230.0,13,7896004766997.0,Rivaroxabana 10mg 30 Comprimidos Revestidos Genérico EMS,"271,97","59,90",-78.0%,"59,90",-78.0%
SãoJoão,Disponível,230.0,12,7896206403409.0,Brilinta 90mg 60 Comprimidos Revestidos AstraZeneca,"515,14","412,11",-20.0%,"412,11",-20.0%
SãoJoão,Disponível,230.0,13,7898569765514.0,Prednisolona 40mg 7 Comprimidos Revestidos Genérico Althaia,"41,31","36,59",-11.4%,"36,59",-11.4%
SãoJoão,Disponível,230.0,13,7898074614857.0,Tylenol Sinus 500mg 36 Comprimidos,"66,32","59,49",-10.3%,"59,49",-10.3%
SãoJoão,Disponível,230.0,12,8901148243637.0,Metoprolol 100mg 30 Comprimidos Genérico Biolab,"89,52","89,52",-,"89,52",-
SãoJoão,Disponível,230.0,14,7891058002572.0,Allegra Antialérgico Pediátrico Cloridrato de Fexofenadina 6mg/ml Suspenção Oral 150ml,"89,95","89,95",-,"89,95",-
SãoJoão,Disponível,230.0,12,7896181909255.0,Acebrofilina 120ml Adulto Genérico Biosintética,"43,34","38,19",-11.9%,"38,19",-11.9%
SãoJoão,Disponível,230.0,12,7896004731322.0,Carvedilol 25mg 30 Comprimidos Genérico EMS,"116,69","41,89",-64.1%,"41,89",-64.1%
SãoJoão,Disponível,230.0,13,7896523226927.0,Azitromicina Genérico Cimed 500mg 3 Comprimidos Revestidos,"30,43","27,79",-8.7%,"27,79",-8.7%
SãoJoão,Disponível,230.0,12,7898148290376.0,Azitromicina Di-Hidratada 500mg Genérico Prati 3 Comprimidos Revestidos,"19,99","18,79",-6.0%,"18,79",-6.0%
SãoJoão,Disponível,230.0,12,7896004701943.0,Sinvastatina Genérico EMS 10mg 30 Comprimidos,"31,80","27,49",-13.6%,"27,49",-13.6%
SãoJoão,Disponível,229.0,12,7891721026706.0,"Concor HCT 5+12,5mg 30 Comprimidos Merck","146,62","117,30",-20.0%,"117,30",-20.0%
SãoJoão,Disponível,229.0,13,7891317029890.0,Dorii Pro 550mg 10 Comprimidos Revestidos Hypera Pharma,"47,89","43,09",-10.0%,"43,09",-10.0%
SãoJoão,Disponível,229.0,12,7896181907275.0,Vasogard Aché 50mg 30 Comprimidos,"31,70","31,70",-,"31,70",-
SãoJoão,Disponível,229.0,12,7891142142351.0,Diprospan Hypak Injetável 1x1ml Mantecorp,"57,66","51,59",-10.5%,"51,59",-10.5%
SãoJoão,Disponível,229.0,12,7896004742199.0,"Tansulosina 0,4mg 30 Comprimidos Genérico EMS","85,60","65,89",-23.0%,"65,89",-23.0%
SãoJoão,Disponível,229.0,12,7897595635181.0,Foraseq 12+200mcg 120 Cápsulas s/Inalador Sandoz,"180,92","180,92",-,"180,92",-
SãoJoão,Disponível,229.0,12,7896658039294.0,Aristab 15mg 60 Comprimidos Aché (C1),"528,58","422,86",-20.0%,"422,86",-20.0%
SãoJoão,Disponível,229.0,13,7898029550131.0,Arcalion 200mg 60 Drágeas Servier,"171,32","171,32",-,"171,32",-
SãoJoão,Disponível,229.0,13,7899547518122.0,Tramadol 50mg 10 Cápsulas Genérico Prati-Donaduzzi (A2),"34,22","22,90",-33.1%,"22,90",-33.1%
SãoJoão,Disponível,229.0,12,7896004758275.0,Budesonida 64mcg 120 Doses Genérico EMS,"36,51","33,49",-8.3%,"33,49",-8.3%
SãoJoão,Disponível,229.0,14,7896714205816.0,Enalapril 20mg 30 Comprimidos Genérico Neo Química,"67,68","67,68",-,"67,68",-
SãoJoão,Disponível,229.0,12,7898133137372.0,Hidraplex Pó 4 Envelopes Sabor Laranja,"21,90","21,90",-,"21,90",-
SãoJoão,Disponível,229.0,13,8903855078175.0,Tantin 60mcg/15mcg 28 Comprimidos Revestidos,"111,72","111,72",-,"111,72",-
SãoJoão,Disponível,229.0,13,7896676442670.0,Cod 30mg 12 Comprimidos Supera (A2),"25,16","25,16",-,"25,16",-
SãoJoão,Disponível,229.0,14,7896676439441.0,GlyA 75mg 60 Cápsulas Cristália (C1),"68,09","59,39",-12.8%,"59,39",-12.8%
SãoJoão,Disponível,229.0,13,7897851220069.0,Amiobal Baldacci 100mg 30 Comprimidos,"26,20","26,20",-,"26,20",-
SãoJoão,Disponível,229.0,12,7896226500515.0,Prolopa 250mg 30 Comprimidos,"129,78","103,82",-20.0%,"103,82",-20.0%
SãoJoão,Disponível,229.0,13,7899547502565.0,Salbutamol Xarope 120ml Genérico Prati-Donaduzzi,"8,58","8,58",-,"8,58",-
SãoJoão,Disponível,229.0,14,7898040329648.0,Floratil 100mg 12 Cápsulas,"56,58","48,09",-15.0%,"48,09",-15.0%
SãoJoão,Disponível,229.0,12,7899095239838.0,Ciprofibrato 100mg 30 Comprimidos Genérico Neo Química,"87,21","87,21",-,"87,21",-
SãoJoão,Disponível,229.0,12,8903855092805.0,Rosucor Eze 20 + 10mg 30 Cápsulas Torrent,"104,70","84,09",-19.7%,"84,09",-19.7%
SãoJoão,Disponível,229.0,12,7896094929753.0,Buscofem Girls 200mg 10 Cápsulas Hypera Pharma,"26,17","26,17",-,"26,17",-
SãoJoão,Disponível,228.0,12,7896004761305.0,Cilostazol 100mg 60 Comprimidos Genérico EMS,"60,86","51,59",-15.2%,"51,59",-15.2%
SãoJoão,Indisponível,228.0,14,0.0,NovoRapid FlexPen Solução Injetável 1 Ampola de 3ml + Aplicador,0,0,0,0,0
SãoJoão,Disponível,228.0,13,7896004817477.0,A Saúde da Mulher Xarope EMS 150ml,"22,64","22,64",-,"22,64",-
SãoJoão,Disponível,228.0,14,7896004715292.0,Acetilcisteína 120ml Infantil Genérico EMS,"39,56","33,09",-16.4%,"33,09",-16.4%
SãoJoão,Disponível,228.0,13,7897595634924.0,Razapina 30mg 30 Comprimidos Revestidos Moksha8 (C1),"186,71","186,71",-,"186,71",-
SãoJoão,Disponível,228.0,13,7891317005863.0,Rusovas 10mg 60 Comprimidos Revestidos Germed,"57,00","48,59",-14.8%,"48,59",-14.8%
SãoJoão,Disponível,228.0,13,7898158693709.0,Vicog 5mg 90 Comprimidos,"89,90","69,59",-22.6%,"69,59",-22.6%
SãoJoão,Disponível,228.0,13,7898040321970.0,Xarope Abrilar 200ml FQM,"107,83","92,49",-14.2%,"92,49",-14.2%
SãoJoão,Disponível,228.0,14,7896676400489.0,Codeína 3mg 120ml Cristália (A2),"78,65","66,89",-15.0%,"66,89",-15.0%
SãoJoão,Disponível,228.0,14,7896094206304.0,Velija 60mg 30 Cápsulas Libbs (C1),"156,64","125,79",-19.7%,"125,79",-19.7%
SãoJoão,Disponível,228.0,14,7896004706474.0,Gliclazida 60mg Genérico EMS 60 Comprimidos,"16,11","16,11",-,"16,11",-
SãoJoão,Disponível,228.0,13,7898089300011.0,Auris-Sedina Solução Otológica 10ml,"34,66","32,79",-5.4%,"32,79",-5.4%
SãoJoão,Disponível,228.0,12,7898148291267.0,Cloridrato De Metformina 500mg Genérico Prati 30 Comprimidos Revestidos,"8,38","5,99",-28.5%,"5,99",-28.5%
SãoJoão,Disponível,228.0,12,7896676410211.0,Neural Cristália 25mg 30 Cápsulas (C1),"52,17","42,89",-17.8%,"42,89",-17.8%
SãoJoão,Indisponível,228.0,13,0.0,Fleodid 500 40g Pomada Divcom,0,0,0,0,0
SãoJoão,Disponível,228.0,13,7896094925120.0,Engov After Red Hits 250ml Hypera Pharma,"14,99","11,99",-20.0%,"11,99",-20.0%
SãoJoão,Disponível,228.0,14,7896422516945.0,Alopurinol 300mg Genérico Medley 30 Comprimidos,"36,00","36,00",-,"36,00",-
SãoJoão,Disponível,227.0,12,8903855080765.0,Ivahart 5mg 60 comprimidos revestidos Torrent,"161,42","161,42",-,"161,42",-
SãoJoão,Disponível,227.0,13,7898031312697.0,Óleo Mineral 100ml Uniphar,"13,90","13,90",-,"13,90",-
SãoJoão,Disponível,227.0,14,7899420504983.0,Atip XR 50mg 30 Comprimidos Revestidos Supera (C1),"175,96","140,77",-20.0%,"140,77",-20.0%
SãoJoão,Disponível,227.0,13,7894916514019.0,Esomex 20mg 56 Comprimidos Revestidos Sigma Pharma,"142,54","142,54",-,"142,54",-
SãoJoão,Disponível,227.0,13,7896004712932.0,"Clonazepam 2,5mg 20ml Solução Genérica EMS (B1)","19,02","16,79",-11.7%,"16,79",-11.7%
SãoJoão,Disponível,227.0,13,7896658049439.0,Melik 75mcg 28 Comprimidos Revestidos Biosintética,"72,95","72,95",-,"72,95",-
SãoJoão,Disponível,227.0,13,5702150152169.0,Rexulti 1mg 30 Comprimidos Lundbeck (C1),"392,09","318,19",-18.8%,"318,19",-18.8%
SãoJoão,Disponível,227.0,13,7892953208243.0,Oxypynal 20mg 30 Comprimidos Adium (A1),"490,73","392,58",-20.0%,"392,58",-20.0%
SãoJoão,Disponível,227.0,12,7891317015121.0,Mantidan 100mg 30 Comprimidos Momenta (C1),"38,47","32,69",-15.0%,"32,69",-15.0%
SãoJoão,Disponível,227.0,12,7898908753158.0,Traumeel S 30ml Gotas Heel,"102,99","82,39",-20.0%,"82,39",-20.0%
SãoJoão,Disponível,227.0,13,7894916500777.0,Itraspor 100mg 15 Cápsulas Sigma Pharma,"94,66","77,29",-18.3%,"77,29",-18.3%
SãoJoão,Disponível,227.0,12,7898581711254.0,Benegrip Multi Solução Oral 240ml,"14,97","14,09",-5.9%,"14,09",-5.9%
SãoJoão,Disponível,226.0,12,7891317123543.0,Esio 20mg 28 Comprimidos Eurofarma,"96,23","79,09",-17.8%,"79,09",-17.8%
SãoJoão,Disponível,226.0,13,5000456057547.0,"Zoladex 3,6mg Depot Injeção AstraZeneca","1281,11","734,00",-42.7%,"734,00",-42.7%
SãoJoão,Disponível,226.0,13,7891268118070.0,"Eliquis 2,5mg 20 Comprimidos","132,13","132,13",-,"132,13",-
SãoJoão,Disponível,226.0,15,7897698787411.0,Creo-Cálcio Xarope Jobim Saúde 150ml,"31,99","31,99",-,"31,99",-
SãoJoão,Disponível,226.0,13,7896658026904.0,Pant Solução Capilar 50ml,"86,30","75,89",-12.1%,"75,89",-12.1%
SãoJoão,Disponível,226.0,12,7896004756431.0,Paracetamol + Codeína 36 Comprimidos Genérico Eurofarma (A2),"78,81","59,90",-24.0%,"59,90",-24.0%
SãoJoão,Disponível,226.0,14,7896004732923.0,Valsartana 320mg 30 Comprimidos Revestidos Genérico Germed,"87,63","79,90",-8.8%,"79,90",-8.8%
SãoJoão,Disponível,226.0,14,7896112402497.0,Noctiden 10mg 30 Comprimidos Revestidos Biolab (B1),"85,15","71,19",-16.4%,"71,19",-16.4%
SãoJoão,Disponível,226.0,13,7896226500515.0,Novanlo 5mg 90 Comprimidos?,"129,78","103,82",-20.0%,"103,82",-20.0%
SãoJoão,Disponível,226.0,12,7896523226750.0,Rosuvastatina Genérico Cimed 10mg 30 Comprimidos,"145,31","16,49",-88.7%,"16,49",-88.7%
SãoJoão,Disponível,226.0,12,7896004723563.0,Domperidona 10mg 30 Comprimidos Genérico EMS,"24,17","22,59",-6.5%,"22,59",-6.5%
SãoJoão,Disponível,226.0,12,7896658002946.0,Lanico 400/57mg Suspensão 70ml Supera,"92,24","92,24",-,"92,24",-
SãoJoão,Disponível,226.0,14,7896181915225.0,Verapamil 80mg 30 Comprimidos Genérico Biosintética,"36,48","30,79",-15.6%,"30,79",-15.6%
SãoJoão,Disponível,226.0,13,7896094929203.0,Rinosoro SIC Infantil Spray Nasal 50ml,"38,51","38,51",-,"38,51",-
SãoJoão,Disponível,226.0,14,7896316101424.0,"Cyclofemina Suspensão Injetável Carnot 25mg + 0,5mg 0,5ml","44,92","39,19",-12.8%,"39,19",-12.8%
SãoJoão,Disponível,226.0,13,7896094928732.0,Benegrip 20 Comprimidos Revestidos Hypera Pharma,"27,63","26,09",-5.6%,"26,09",-5.6%
SãoJoão,Disponível,226.0,12,7898146826867.0,"Stub 0,4mg 30 Cápsulas Eurofarma","143,93","116,19",-19.3%,"116,19",-19.3%
SãoJoão,Disponível,226.0,13,7896181900740.0,Busonid 400mcg 60 Cápsulas Biosintética,"53,83","46,49",-13.6%,"46,49",-13.6%
SãoJoão,Disponível,225.0,13,7899095238671.0,Escitalopram 15mg 30 Comprimidos Revestidos Genérico Novartis (C1),"69,32","29,90",-56.9%,"29,90",-56.9%
SãoJoão,Disponível,225.0,13,7896004731322.0,Captopril Genérico EMS 25mg 30 Comprimidos,"116,69","41,89",-64.1%,"41,89",-64.1%
SãoJoão,Disponível,225.0,14,7896004723563.0,Domperidona 10mg 30 Comprimidos Genérico Eurofarma,"24,17","22,59",-6.5%,"22,59",-6.5%
SãoJoão,Disponível,225.0,13,300655144037.0,Opti-Free Express 710ml Alcon,"135,99","135,99",-,"135,99",-
SãoJoão,Disponível,225.0,12,7896015518486.0,Gastrol Pó Efervescente 1 Envelope de 5g,"4,29","4,29",-,"4,29",-
SãoJoão,Disponível,225.0,15,7896862960261.0,Gastrogel Suspensão Oral Medquímica 240ml,"39,90","39,90",-,"39,90",-
SãoJoão,Disponível,225.0,13,7908531900000.0,Traumaflan Healthy Emulgel 60g,"9,90","9,90",-,"9,90",-
SãoJoão,Disponível,225.0,15,7896261003996.0,Flotac 70mg 10 Comprimidos Novartis,"36,99","21,17",-42.8%,"21,17",-42.8%
SãoJoão,Disponível,225.0,14,7590002012468.0,Vick Vaporub 50g,"77,80","70,89",-8.9%,"70,89",-8.9%
SãoJoão,Disponível,225.0,13,7891317002794.0,Quet XR 300mg 30 Comprimidos Revestidos Eurofarma (C1),"518,82","415,06",-20.0%,"415,06",-20.0%
SãoJoão,Disponível,225.0,13,7896004706665.0,Diclofenaco Sódico 100mg 10 Comprimidos Revestidos Genérico EMS,"35,24","32,29",-8.4%,"32,29",-8.4%
SãoJoão,Disponível,225.0,12,7896714205182.0,Cloridrato De Propranolol 40mg Genérico Medley 30 Comprimidos,"6,86","4,99",-27.3%,"4,99",-27.3%
SãoJoão,Disponível,225.0,14,7898148290512.0,Captopril 25mg Genérico Prati 30 Comprimidos,"5,72","3,99",-30.2%,"3,99",-30.2%
SãoJoão,Disponível,225.0,12,7896094201095.0,Naprix D 5mg+25mg 30 Cápsulas Libbs,"76,53","61,69",-19.4%,"61,69",-19.4%
SãoJoão,Disponível,224.0,13,7898569760298.0,Lamotrigina 100mg Genérico Althaia 30 Comprimidos (C1),"62,98","39,90",-36.6%,"39,90",-36.6%
SãoJoão,Disponível,224.0,13,7896523213590.0,Anlodipino 10mg Generico Cimed 30 Comprimidos,"39,19","7,99",-79.6%,"7,99",-79.6%
SãoJoão,Disponível,224.0,12,7896004782935.0,Levetiracetam 500mg 30 Comprimidos Revestidos Genérico EMS (C1),"51,67","39,99",-22.6%,"39,99",-22.6%
SãoJoão,Disponível,224.0,14,7896658005442.0,Flogoral 3g Laranja 4 Pastilhas,"20,59","20,59",-,"20,59",-
SãoJoão,Disponível,224.0,12,7898096577062.0,Pronazol 150mg 2 Comprimidos Difucap,"28,20","28,20",-,"28,20",-
SãoJoão,Disponível,224.0,12,7896261015616.0,Exforge Hct 160+25+10Mg 28 Comprimidos Novartis,"234,93","234,93",-,"234,93",-
SãoJoão,Disponível,224.0,12,7896637028219.0,Flavonid 60 Comprimidos Revestidos,"142,21","115,29",-18.9%,"115,29",-18.9%
SãoJoão,Disponível,224.0,13,7896023700101.0,Figatil 20 Drágeas,"24,90","24,90",-,"24,90",-
SãoJoão,Disponível,224.0,12,7896806601250.0,"Extrato de Cannabis Sativa 36,76 mg/ml 30 ml Ease Labs (b1)","432,00","432,00",-,"432,00",-
SãoJoão,Disponível,224.0,13,7896004711225.0,Glimepirida 1mg 30 Comprimidos Genérico EMS,"48,21","36,69",-23.9%,"36,69",-23.9%
SãoJoão,Disponível,224.0,13,8903855090504.0,VeePi 500mg 30 Comprimidos Torrent (C1),"81,20","81,20",-,"81,20",-
SãoJoão,Disponível,224.0,13,7896090611614.0,Advil 400mg 12 Cápsulas GSK,"31,75","19,90",-37.3%,"19,90",-37.3%
SãoJoão,Disponível,224.0,13,7896658016264.0,Arcoxia 90mg 5 Comprimidos (C1),"92,03","92,03",-,"92,03",-
SãoJoão,Indisponível,224.0,12,0.0,"Buscopan Composto 4mg/0,5mg 5ml Injetável 50 Unidades",0,0,0,0,0
SãoJoão,Disponível,224.0,12,7896004781402.0,Etoricoxibe 60Mg 14 Comprimidos Genérico Neo Quimica (C1),"98,06","81,99",-16.4%,"81,99",-16.4%
SãoJoão,Disponível,224.0,12,7896004775449.0,Clazi XR 60mg 30 Comprimidos Germed,"159,80","159,80",-,"159,80",-
SãoJoão,Disponível,224.0,12,7908134200453.0,Slinda Exeltis 4mg 24 Comprimidos + 4 Placebos,"129,24","129,24",-,"129,24",-
SãoJoão,Disponível,224.0,13,7896472521876.0,Sitglu 100mg 30 Comprimidos Brace Pharma,"59,86","48,47",-19.0%,"48,47",-19.0%
SãoJoão,Disponível,224.0,12,7898216361045.0,Doxiclina 100mg 15 Comprimidos Pharlab,"39,90","39,90",-,"39,90",-
SãoJoão,Disponível,224.0,12,7896658005053.0,Allestra 30 75mcg/30mcg 63 Comprimidos Revestidos,"92,71","77,19",-16.7%,"77,19",-16.7%
SãoJoão,Disponível,224.0,12,7896004755878.0,"Drospirenona + Etinilestradiol 3mg + 0,03mg 63 Comprimidos Revestidos Genérico EMS","155,73","69,90",-55.1%,"69,90",-55.1%
SãoJoão,Disponível,223.0,13,7896658012303.0,Sorine Infantil Gotas 30ml Aché,"20,99","20,99",-,"20,99",-
SãoJoão,Disponível,223.0,13,7891317476663.0,Esc 10mg 60 Comprimidos Revestidos Eurofarma (C1),"132,23","109,39",-17.3%,"109,39",-17.3%
SãoJoão,Indisponível,223.0,13,0.0,Pomada Hipoglós Transparente 120g,0,0,0,0,0
SãoJoão,Disponível,223.0,13,7896004709307.0,Deflazacorte 6mg 20 Comprimidos Genérico EMS,"65,46","49,90",-23.8%,"49,90",-23.8%
SãoJoão,Disponível,223.0,13,7896676442687.0,Codein 30mg 30 Comprimidos,"68,71","59,39",-13.6%,"59,39",-13.6%
SãoJoão,Disponível,223.0,12,7896658002687.0,Parasin Aché 400mg 1 Comprimido,"17,42","15,49",-11.1%,"15,49",-11.1%
SãoJoão,Disponível,223.0,13,7891158103353.0,Divalcon ER 250mg 60 Comprimidos Revestidos Abbott (C1),"85,27","68,89",-19.2%,"68,89",-19.2%
SãoJoão,Disponível,223.0,12,8902220105935.0,Torval CR 500mg 30 Comprimidos,"84,20","66,99",-20.4%,"66,99",-20.4%
SãoJoão,Disponível,223.0,12,7896663322473.0,Extrato de Própolis Verde 70 30ml Gotas Apis Flora,"49,90","49,90",-,"49,90",-
SãoJoão,Disponível,222.0,12,7896112401582.0,Vonau Flash 8mg 30 Cápsulas Biolab,"238,51","238,51",-,"238,51",-
SãoJoão,Disponível,222.0,13,7891010256401.0,Motilium 10mg 30 Comprimidos,"91,14","79,69",-12.6%,"79,69",-12.6%
SãoJoão,Disponível,222.0,13,7891317031282.0,20BI 30 Comprimidos Momentos Novo,"277,99","277,99",-,"277,99",-
SãoJoão,Disponível,222.0,13,7896004779713.0,Dienogeste 2mg 30 Comprimidos Genérico EMS,"79,13","61,79",-21.9%,"61,79",-21.9%
SãoJoão,Disponível,222.0,13,7896523214641.0,Ciclobenzaprina 10mg 15 Comprimidos Revestidos Genérico Cimed,"15,24","13,89",-8.9%,"13,89",-8.9%
SãoJoão,Disponível,222.0,13,7897595635808.0,Rosuvastatina 20mg Genérico Novartis 30 Comprimidos Revestidos,"146,40","22,90",-84.4%,"22,90",-84.4%
SãoJoão,Disponível,222.0,12,7896004705989.0,Pantoprazol 20mg 28 Comprimidos Revestidos Genérico EMS,"33,10","20,89",-36.9%,"20,89",-36.9%
SãoJoão,Disponível,222.0,12,7891058059149.0,Plasil 10mg 20 Comprimidos,"14,27","14,27",-,"14,27",-
SãoJoão,Disponível,222.0,13,7896094210752.0,"Glink Met 2,5mg + 850mg 60 Comprimidos Revestidos Libbs","174,81","139,85",-20.0%,"139,85",-20.0%
SãoJoão,Disponível,222.0,15,7896026170994.0,Malvona Propolis Spray 30Ml Daudt,"20,40","20,40",-,"20,40",-
SãoJoão,Disponível,222.0,12,7896004718804.0,"Alprazolam 0,5mg 30 Comprimidos Genérico EMS (B1)","15,95","4,99",-68.7%,"4,99",-68.7%
SãoJoão,Disponível,222.0,13,7896241293669.0,Forxiga 10mg 30 Comprimidos,"39,75","29,79",-25.1%,"29,79",-25.1%
SãoJoão,Disponível,222.0,13,7896004718828.0,Alprazolam 1mg 30 Comprimidos Genérico EMS (B1),"31,30","7,49",-76.1%,"7,49",-76.1%
SãoJoão,Disponível,222.0,12,7896015516604.0,Wellbutrin XL 300mg 30 Comprimidos,"254,84","254,84",-,"254,84",-
SãoJoão,Disponível,222.0,12,7896523214382.0,Pantoprazol 40mg Genérico Cimed 28 Comprimidos Revestidos,"109,85","16,99",-84.5%,"16,99",-84.5%
SãoJoão,Disponível,221.0,13,7897595638137.0,Doxazosina 2mg 30 Comprimidos Genérico Novartis,"33,11","27,09",-18.2%,"27,09",-18.2%
SãoJoão,Disponível,221.0,12,7896112425496.0,Pantogar 90 Cápsulas,"341,78","341,78",-,"341,78",-
SãoJoão,Disponível,221.0,13,7898927564865.0,Zyptan 10mg 8 Comprimidos Zydus,"96,07","96,07",-,"96,07",-
SãoJoão,Disponível,221.0,13,7899420508653.0,Multi-Bi 495mg 30 Cápsulas Blíster Supera,"252,99","252,99",-,"252,99",-
SãoJoão,Disponível,221.0,15,7891317123604.0,Esio 40mg 28 Comprimidos Eurofarma,"201,21","160,97",-20.0%,"160,97",-20.0%
SãoJoão,Disponível,221.0,13,7896004706559.0,Celerg Xarope 120ml,"31,90","29,89",-6.3%,"29,89",-6.3%
SãoJoão,Disponível,221.0,13,7897851220762.0,"Divelol 12,5mg 60 Comprimidos Baldacci","57,56","46,99",-18.4%,"46,99",-18.4%
SãoJoão,Disponível,221.0,15,7897595601834.0,Tamoxifeno Genérico Sandoz 20mg 30 Comprimidos Revestidos,"209,09","49,90",-76.1%,"49,90",-76.1%
SãoJoão,Disponível,221.0,12,7896004715537.0,Furoato De Mometasona 1mg/g Genérico Medley Creme Dermatológico 20g,"42,68","19,90",-53.4%,"19,90",-53.4%
SãoJoão,Disponível,221.0,13,7891317021733.0,Hisbila 20mg 30 Comprimidos,"67,60","67,60",-,"67,60",-
SãoJoão,Disponível,221.0,12,7896004774688.0,Ondansetrona Volig 8mg 10 Comprimidos Orod Legrand,"39,90","39,90",-,"39,90",-
SãoJoão,Disponível,221.0,12,7896658039195.0,Deller 50mg 60 Comprimidos Revestidos Ache (C1),"135,37","111,99",-17.3%,"111,99",-17.3%
SãoJoão,Disponível,221.0,12,7897595634979.0,Mirtazapina 45mg 30 Comprimidos Genérico Novartis (C1),"227,43","138,89",-38.9%,"138,89",-38.9%
SãoJoão,Disponível,221.0,12,7896004726069.0,Dorzolamida + Timolol Oftálmico 5ml Genérico EMS,"81,37","63,99",-21.4%,"63,99",-21.4%
SãoJoão,Disponível,221.0,12,7896004704364.0,Cefalexina Suspensão Oral 250mg/5ml 100ml Genérico Eurofarma,"70,68","40,46",-42.8%,"40,46",-42.8%
SãoJoão,Disponível,221.0,12,7891317158255.0,"Gesico Duo 37,5mg + 325mg 20 Comprimidos Revestidos Eurofarma (A2)","66,13","58,19",-12.0%,"58,19",-12.0%
SãoJoão,Disponível,221.0,13,7896641801792.0,Pomada Hemofiss 30g + 10 Aplicadores,"94,53","83,09",-12.1%,"83,09",-12.1%
SãoJoão,Disponível,220.0,13,7896004705125.0,Cetoconazol + Betametasona Creme Dermatológico 30g Genérico EMS,"33,27","29,89",-10.2%,"29,89",-10.2%
SãoJoão,Disponível,220.0,13,7898029558755.0,Vastarel LP 80mg 30 Cápsulas,"215,72","215,72",-,"215,72",-
SãoJoão,Disponível,220.0,13,7899547535761.0,Prometazina 25mg 20 Comprimidos Revestidos Genérico Prati,"12,82","12,82",-,"12,82",-
SãoJoão,Disponível,220.0,12,7896317911879.0,"Tilestal 37,5 + 325mg 20 Comprimidos Revestidos Myralis (A2)","55,07","55,07",-,"55,07",-
SãoJoão,Disponível,220.0,12,7897851220823.0,Ziprol 40mg 28 Comprimidos Baldacci,"74,96","60,69",-19.0%,"60,69",-19.0%
SãoJoão,Disponível,220.0,12,7891317035969.0,Ezonia 1mg 30 comprimidos Momenta (B1),"134,32","134,32",-,"134,32",-
SãoJoão,Disponível,220.0,13,7898040324506.0,Onua 75mcg 84 Comprimidos Revestidos FQM,"88,34","74,59",-15.6%,"74,59",-15.6%
SãoJoão,Disponível,220.0,12,7898940448579.0,Targus Lat Adesivos Transdérmicos 10 Unidades,"109,26","98,49",-9.9%,"98,49",-9.9%
SãoJoão,Disponível,220.0,12,7896165600307.0,Pentasa 1g 50Saches Ferring,"1072,11","1072,11",-,"1072,11",-
SãoJoão,Disponível,220.0,12,7898216361076.0,Neocopan Composto 10mg + 250mg 20 Comprimidos Revestidos,"18,90","18,90",-,"18,90",-
SãoJoão,Disponível,220.0,13,7891058006235.0,"Stilnox CR 6,25mg 20 Comprimidos Sanofi (B1)","54,62","54,62",-,"54,62",-
SãoJoão,Disponível,220.0,13,7896004775449.0,Clazi XR 30mg 60 Comprimidos Germed,"159,80","159,80",-,"159,80",-
SãoJoão,Indisponível,220.0,13,0.0,Trimbow 120 Doses Spray,0,0,0,0,0
SãoJoão,Disponível,220.0,13,7897930030220.0,Água de Melissa Officinalis 30ml,"9,90","9,90",-,"9,90",-
SãoJoão,Disponível,220.0,12,7896523227443.0,Tadalafila Genérico Cimed 20mg 4 Comprimidos,"96,29","24,49",-74.6%,"24,49",-74.6%
SãoJoão,Disponível,219.0,13,7896523210728.0,Cetoconazol 200mg Generico Cimed 10 Comprimidos,"36,50","19,90",-45.5%,"19,90",-45.5%
SãoJoão,Disponível,219.0,15,7897322702209.0,Lisador 500mg/5mg/10mg 16 Comprimidos,"49,38","44,39",-10.1%,"44,39",-10.1%
SãoJoão,Indisponível,219.0,12,0.0,Notuss Tss Adu Xarope 120ml,0,0,0,0,0
SãoJoão,Disponível,219.0,12,7898967006141.0,Evra Adesivos Transdérmicos 3 Unidades,"146,38","119,09",-18.6%,"119,09",-18.6%
SãoJoão,Disponível,219.0,15,7899547514865.0,Propafenona 300mg 30 Cápsulas Genérico Prati,"84,94","54,90",-35.4%,"54,90",-35.4%
SãoJoão,Disponível,219.0,16,7898148301096.0,Sulfametoxazol 800mg+ Trimetoprima 160mg 10 Comprimidos Genérico Prati,"23,10","19,99",-13.5%,"19,99",-13.5%
SãoJoão,Disponível,219.0,15,7898148291267.0,Cloridrato De Metformina XR 500mg Genérico Prati 30 Comprimidos Revestidos,"8,38","5,99",-28.5%,"5,99",-28.5%
SãoJoão,Disponível,219.0,12,7899095239838.0,Ciprofibrato 100mg 30 Comprimidos Lipneo Neoquímica,"87,21","87,21",-,"87,21",-
SãoJoão,Disponível,219.0,13,8902220114937.0,Neblock 5mg 30 Comprimidos,"55,17","46,49",-15.7%,"46,49",-15.7%
SãoJoão,Disponível,219.0,12,7896006297413.0,Leduo 60mg 60 Cápsulas Genom (C1),"205,73","164,58",-20.0%,"164,58",-20.0%
SãoJoão,Disponível,219.0,13,7891010256463.0,Benalet Pastilhas Mel e Limão 12 Unidades J&amp;J,"41,52","38,49",-7.3%,"38,49",-7.3%
SãoJoão,Disponível,219.0,12,7891317487638.0,Dep 30mg 30 Cápsulas Eurofarma (C1),"73,19","62,39",-14.8%,"62,39",-14.8%
SãoJoão,Disponível,219.0,12,7896112406457.0,Livalo 4Mg 30 Comprimidos Revestidos Biolab,"77,97","77,97",-,"77,97",-
SãoJoão,Disponível,218.0,12,7899547529845.0,Perlid 2mg 30 Comprimidos Prati RX (C1),"58,71","48,59",-17.2%,"48,59",-17.2%
SãoJoão,Disponível,218.0,14,7891317425869.0,Selozok 50mg 30 Comprimidos Revestidos,"14,53","14,53",-,"14,53",-
SãoJoão,Indisponível,218.0,12,0.0,Strepsils Pastilhas Sabor Laranja 8 Unidades Reckitt Benckiser,0,0,0,0,0
SãoJoão,Disponível,218.0,12,7891317010478.0,Pamelor 10Mg 30 Comprimidos,"216,30","174,39",-19.4%,"174,39",-19.4%
SãoJoão,Disponível,218.0,12,7897473200036.0,Combiwave 25+125mcg Spray 120 Doses Glenmark,"124,99","99,99",-20.0%,"99,99",-20.0%
SãoJoão,Disponível,218.0,12,7897322714479.0,Mioflex A 125mg/50mg/300mg/30mg 30 Comprimidos,"65,42","57,39",-12.3%,"57,39",-12.3%
SãoJoão,Disponível,218.0,15,7896094209206.0,Ebatz 4mg 30 Comprimidos,"168,13","134,50",-20.0%,"134,50",-20.0%
SãoJoão,Disponível,218.0,12,7896112406402.0,"Flux SR 1,5mg 30 Comprimidos Revestidos Biolab","77,97","77,97",-,"77,97",-
SãoJoão,Disponível,218.0,13,7892953001288.0,"Paratram 37,5+325Mg 20 Comprimidos Adium (A2)","98,60","98,60",-,"98,60",-
SãoJoão,Disponível,218.0,14,7896004782553.0,Dipirona 1g 20 Comprimidos Genérico Prati,"44,89","24,90",-44.5%,"24,90",-44.5%
SãoJoão,Disponível,218.0,12,7899420507854.0,Pomada Dbriz 30g Supera,"24,17","22,69",-6.1%,"22,69",-6.1%
SãoJoão,Disponível,218.0,14,7896269900594.0,Psorex Solução Dermatológica 50g,"72,94","72,94",-,"72,94",-
SãoJoão,Disponível,218.0,12,7896637032216.0,Probid 15 Cápsulas,"77,90","71,59",-8.1%,"71,59",-8.1%
SãoJoão,Disponível,218.0,12,7500435144384.0,Vick Xarope Procter 44E 240ml,"80,33","80,33",-,"80,33",-
SãoJoão,Disponível,217.0,13,7891317011468.0,Esc ODT 15mg 30 Comprimidos Eurofarma (C1),"157,68","126,14",-20.0%,"126,14",-20.0%
SãoJoão,Disponível,217.0,13,7896658005176.0,Xarope Bronquivita 150ml,"40,40","36,39",-9.9%,"36,39",-9.9%
SãoJoão,Disponível,217.0,13,7894916516655.0,Rohydorm 2mg 30 Comprimidos Revestidos Sigma Pharma (B1),"52,45","43,29",-17.5%,"43,29",-17.5%
SãoJoão,Disponível,217.0,14,7899470800882.0,Seakalm Solução Oral 100ml,"34,90","34,90",-,"34,90",-
SãoJoão,Disponível,217.0,13,7898569764517.0,Nitazoxanida 500mg Genérico Althaia 6 Comprimidos,"61,60","26,39",-57.2%,"26,39",-57.2%
SãoJoão,Disponível,217.0,14,7896014660506.0,Alfaepoetina 4000UI Injeção Frasco 1ml Blausiegel,"325,62","89,90",-72.4%,"89,90",-72.4%
SãoJoão,Disponível,217.0,13,7893093015678.0,Sinudoron 50ml Weleda,"108,90","108,90",-,"108,90",-
SãoJoão,Disponível,217.0,13,7896094200494.0,Denyl 20mg 28 Comprimidos Supera (C1),"142,88","142,88",-,"142,88",-
SãoJoão,Disponível,217.0,13,7898029550216.0,Assert 50mg 30 Comprimidos Revestidos,"80,38","67,99",-15.4%,"67,99",-15.4%
SãoJoão,Disponível,217.0,16,7896004709130.0,"Atenolol + Clortalidona 50mg + 12,5mg 30 Comprimidos Genérico EMS","42,30","31,39",-25.8%,"31,39",-25.8%
SãoJoão,Disponível,217.0,12,7896004701820.0,Diclofenaco Potássico 50mg 20 Comprimidos Genérico EMS,"28,48","16,39",-42.5%,"16,39",-42.5%
SãoJoão,Disponível,217.0,12,7898581710424.0,Rivotril 2mg 30 Comprimidos,"34,91","30,59",-12.4%,"30,59",-12.4%
SãoJoão,Disponível,217.0,14,7896317908121.0,"Venolise 26,7 30 Comprimidos Myralis","122,90","122,90",-,"122,90",-
SãoJoão,Disponível,217.0,13,7896112402992.0,Ciprofibrato 100mg Genérico Biolab 60 Comprimidos,"100,97","67,99",-32.7%,"67,99",-32.7%
SãoJoão,Disponível,217.0,12,7896523226774.0,Rosuvastatina 20mg 30 Comprimidos Genérico Cimed,"254,45","22,90",-91.0%,"22,90",-91.0%
SãoJoão,Disponível,216.0,14,7896004780184.0,Ácido Ursodesoxicólico 150mg 30 Comprimidos Genérico EMS,"102,23","77,29",-24.4%,"77,29",-24.4%
SãoJoão,Disponível,216.0,12,7894916512558.0,Esogastro IBP EMS 14 Cartelas + 14 Comprimidos,"456,39","365,11",-20.0%,"365,11",-20.0%
SãoJoão,Indisponível,216.0,12,0.0,Esalerg 60ml Aché,0,0,0,0,0
SãoJoão,Disponível,216.0,12,7898581710424.0,Miorrelax 20 Comprimidos,"34,91","30,59",-12.4%,"30,59",-12.4%
SãoJoão,Disponível,216.0,12,5413787037797.0,Zyxem 5mg/ml Gotas 20ml,"98,87","83,79",-15.3%,"83,79",-15.3%
SãoJoão,Disponível,216.0,14,7896658030277.0,Montelair 10mg 60 Comprimidos Revestidos Aché,"124,93","103,19",-17.4%,"103,19",-17.4%
SãoJoão,Disponível,216.0,12,7891142115935.0,"Apraz 0,5mg 30 Comprimidos Mantecorp (B1)","53,20","53,20",-,"53,20",-
SãoJoão,Disponível,216.0,12,7891317125615.0,Prysma 1mg 30 Comprimidos Eurofarma (B1),"134,32","134,32",-,"134,32",-
SãoJoão,Disponível,216.0,13,7891058005535.0,"Stilnox CR 12,5mg 20 Comprimidos Sanofi (B1)","153,02","122,42",-20.0%,"122,42",-20.0%
SãoJoão,Disponível,216.0,14,7891317124281.0,"Olmy HCT 40+12,5mg 30 Comprimidos Revestidos Germed","88,96","73,09",-17.8%,"73,09",-17.8%
SãoJoão,Disponível,216.0,14,7896658009532.0,Prelone 3mg 120ml Aché,"57,73","53,39",-7.5%,"53,39",-7.5%
SãoJoão,Disponível,216.0,15,7896241270400.0,"Drenison 0,0125% Creme 30g Biolab","44,52","39,89",-10.4%,"39,89",-10.4%
SãoJoão,Disponível,216.0,12,7897595620729.0,Rosulib 10mg 30 Comprimidos Sandoz,"140,29","140,29",-,"140,29",-
SãoJoão,Disponível,216.0,13,7891317016975.0,Sincro XR 25mg 30 Comprimidos Momenta (C1),"150,05","120,89",-19.4%,"120,89",-19.4%
SãoJoão,Disponível,216.0,13,7896094208865.0,Plenance 20mg 90 Comprimidos Revestidos,"234,05","187,24",-20.0%,"187,24",-20.0%
SãoJoão,Disponível,216.0,12,7896015592752.0,Advil 12h 600mg 2 Comprimidos Revestidos,"24,87","24,87",-,"24,87",-
SãoJoão,Disponível,216.0,14,7891317019129.0,"Olsar H 20mg + 12,5mg 30 Comprimidos Revestidos","73,10","61,49",-15.9%,"61,49",-15.9%
SãoJoão,Disponível,216.0,13,7891317014575.0,Densis 5mg Solução Injetável 100ml com Bolsa Momenta,"1591,67","998,89",-37.2%,"998,89",-37.2%
SãoJoão,Disponível,216.0,13,7896637029117.0,Insit 75mg 30 Cápsulas Duras,"77,57","33,00",-57.5%,"33,00",-57.5%
SãoJoão,Indisponível,216.0,13,0.0,Analgésico Flanax XR 660mg Bayer Dores Insistentes com 8 comprimidos | até 24h de alívio,0,0,0,0,0
SãoJoão,Disponível,216.0,12,7891317036812.0,Andolba 43g Aerossol,"40,79","37,39",-8.3%,"37,39",-8.3%
SãoJoão,Disponível,216.0,13,7897411602366.0,Latuda 40mg 60 Comprimidos Revestidos Daiichi (C1),"746,31","597,05",-20.0%,"597,05",-20.0%
SãoJoão,Disponível,216.0,12,7896094928107.0,AAS 100mg 30 Comprimidos Infantil Genérico EMS,"28,16","26,09",-7.4%,"26,09",-7.4%
SãoJoão,Disponível,216.0,13,7896004714196.0,"Nociclin EMS 0,15mg + 0,03mg 21 Comprimidos","10,99","10,99",-,"10,99",-
SãoJoão,Disponível,215.0,14,7891142128133.0,"Celestone 0,5mg 20 Comprimidos Mantecorp Log d","22,82","22,82",-,"22,82",-
SãoJoão,Disponível,215.0,13,7891058020965.0,Soliqua Insulina 30-60 Solostar 3Ml Sanofi,"240,44","240,44",-,"240,44",-
SãoJoão,Disponível,215.0,13,7891317002459.0,Pomada Cetoconazol + Betametasona 30g Genérico EMS,"28,41","26,19",-7.8%,"26,19",-7.8%
SãoJoão,Disponível,215.0,14,8903855078656.0,Toarip 20mg 30 Comprimidos Torrent (C1),"427,82","427,82",-,"427,82",-
SãoJoão,Disponível,215.0,13,7899547518122.0,Ciclobenzaprina 5mg 15 Cápsulas Genérico Prati-Donaduzzi,"34,22","22,90",-33.1%,"22,90",-33.1%
SãoJoão,Disponível,215.0,12,7898060134246.0,Omeprazol 20mg Genérico Globo Pharma 56 Comprimidos,"39,95","23,90",-40.2%,"23,90",-40.2%
SãoJoão,Disponível,215.0,14,7896094916296.0,Lisador Dip 1g 10 Comprimidos,"19,79","19,79",-,"19,79",-
SãoJoão,Disponível,215.0,14,7896676439229.0,Terocoxi 90mg 7 Comprimidos Cristália (C1),"54,36","48,69",-10.4%,"48,69",-10.4%
SãoJoão,Disponível,215.0,13,7896241293669.0,Vasopril 10mg 30 Comprimidos,"39,75","29,79",-25.1%,"29,79",-25.1%
SãoJoão,Disponível,215.0,14,7896523201139.0,Rivaroxabana 20mg Genérico Cimed 30 Comprimidos Revestidos,"241,14","96,90",-59.8%,"96,90",-59.8%
SãoJoão,Disponível,215.0,12,7899420506987.0,Alevo 750mg 7 Comprimidos Revestidos Supera,"51,94","51,94",-,"51,94",-
SãoJoão,Disponível,215.0,12,7896269900617.0,Trok Creme Dermatológico 10g,"49,35","49,35",-,"49,35",-
SãoJoão,Disponível,215.0,12,7896094209633.0,Ansitec Libbs 10mg 20 Comprimidos (C1),"213,16","170,53",-20.0%,"170,53",-20.0%
SãoJoão,Disponível,215.0,12,7891317043001.0,Totacef 500mg 20 Comprimidos Eurofarma,"126,22","108,69",-13.9%,"108,69",-13.9%
SãoJoão,Disponível,214.0,13,7896422522670.0,Hemifumarato De Bisoprolol 5mg Genérico Medley 30 Comprimidos Revestidos,"62,51","39,90",-36.2%,"39,90",-36.2%
SãoJoão,Disponível,214.0,13,7896261005723.0,Biofenac Aerossol Solução Dermatológica 60g,"55,89","55,89",-,"55,89",-
SãoJoão,Disponível,214.0,13,7896026304276.0,Micardis Hct 80+25Mg 30 Comprimidos Boehringer,"266,88","212,39",-20.4%,"212,39",-20.4%
SãoJoão,Disponível,214.0,13,7896006220527.0,Apresolina 25mg 60 Dragés Novartis,"31,28","27,59",-11.8%,"27,59",-11.8%
SãoJoão,Disponível,214.0,12,7896015500016.0,Sonridor GSK 2 Comprimidos Efervescentes,"8,22","8,22",-,"8,22",-
SãoJoão,Disponível,214.0,13,7896523227573.0,Loratadina 10mg 12 Comprimidos Genéricos Cimed,"22,83","5,99",-73.8%,"5,99",-73.8%
SãoJoão,Disponível,214.0,14,7891317103323.0,Betatrinta 5mg/ml + 2 mg/ml 1 Ampola + 1 Suspensão injetável,"31,28","28,99",-7.3%,"28,99",-7.3%
SãoJoão,Disponível,214.0,12,7891268187144.0,Advil 400mg 8 Cápsulas Gel,"22,43","22,43",-,"22,43",-
SãoJoão,Disponível,214.0,13,7891317014728.0,Ducox 200mg 10 Cápsulas Momenta (C1),"48,63","43,69",-10.2%,"43,69",-10.2%
SãoJoão,Disponível,214.0,14,7896637033947.0,Atentah 10mg 30 Cápsulas Apsen (C1),"32,75","29,49",-10.0%,"29,49",-10.0%
SãoJoão,Disponível,214.0,13,7896523223193.0,Hedera 7mg/ml 100ml Cimed,"29,90","29,90",-,"29,90",-
SãoJoão,Disponível,214.0,13,7899420503177.0,Asea HCT 40+25mg 30 Comprimidos Revestidos Supera,"91,14","73,89",-18.9%,"73,89",-18.9%
SãoJoão,Disponível,214.0,12,7896206403645.0,Crestor 5mg 30 Comprimidos Revestidos Astrazeneca,"119,22","119,22",-,"119,22",-
SãoJoão,Disponível,214.0,13,7891106915793.0,Avalox Bayer 400mg 7 Comprimidos Revestidos,"357,83","357,83",-,"357,83",-
SãoJoão,Disponível,213.0,14,7896637022781.0,"Moment Creme 0,075% Apsen 50G","113,94","113,94",-,"113,94",-
SãoJoão,Disponível,213.0,13,300652439266.0,Systane UL Lubrificante Oftálmico 15ml,"95,19","95,19",-,"95,19",-
SãoJoão,Disponível,213.0,13,7891058005535.0,"Stilnox CR 12,5mg 28 Comprimidos Sanofi (B1)","153,02","122,42",-20.0%,"122,42",-20.0%
SãoJoão,Disponível,213.0,13,7896004703398.0,Dipirona Sódica 500mg 10 Comprimidos Genérico EMS,"9,55","4,99",-47.7%,"4,99",-47.7%
SãoJoão,Disponível,213.0,13,7897595637642.0,Aciclovir 200mg 25 Comprimidos Genérico Novartis,"83,06","83,06",-,"83,06",-
SãoJoão,Disponível,213.0,12,7896015560027.0,Sal de Fruta Eno Tradicional 2 Envelopes com 5g cada,"4,29","4,29",-,"4,29",-
SãoJoão,Disponível,213.0,14,8902220120334.0,Trazodona 150mg Genérico Medley 30 Comprimidos (C1),"79,78","59,90",-24.9%,"59,90",-24.9%
SãoJoão,Disponível,213.0,13,7896637023849.0,Unoprost 4mg 30 Comprimidos Apsen,"55,68","55,68",-,"55,68",-
SãoJoão,Disponível,213.0,12,7898014568066.0,Enjoy 4 Comprimidos Pharmascience,"3,99","3,99",-,"3,99",-
SãoJoão,Disponível,213.0,12,7896094931299.0,Buscopan Composto 20ml Hypera Pharma,"30,13","28,59",-5.1%,"28,59",-5.1%
SãoJoão,Disponível,213.0,12,7891317025854.0,Sibutramina 15mg 60 Cápsulas Genérico Eurofarma (B2),"153,96","114,89",-25.4%,"114,89",-25.4%
SãoJoão,Disponível,212.0,13,7896472502738.0,Multigrip Antigripal - 4 Cápsulas,"7,99","7,99",-,"7,99",-
SãoJoão,Disponível,212.0,14,7896269900211.0,Aerolin Spray GSK 200 Doses,"90,73","90,73",-,"90,73",-
SãoJoão,Disponível,212.0,12,7898258951556.0,"Própolis, Mel e Menta Baldoni Chico Bento 30ml Gotas","18,90","18,90",-,"18,90",-
SãoJoão,Indisponível,212.0,12,0.0,Motilium 200Ml Janssen-Cilag,0,0,0,0,0
SãoJoão,Disponível,212.0,12,7896548198292.0,"Pomada Maxidex Oftálmica 3,5g Novartis","39,86","36,59",-8.2%,"36,59",-8.2%
SãoJoão,Disponível,212.0,12,7891142141293.0,Pomada Diprosone 30g Mantecorp,"58,05","50,59",-12.9%,"50,59",-12.9%
SãoJoão,Disponível,212.0,13,7896112401834.0,Cogit 24mg 30 Cápsulas Biolab (C1),"234,32","234,32",-,"234,32",-
SãoJoão,Disponível,212.0,12,7896658035432.0,Aristab 1mg/ml 150ml Aché (C1),"216,09","172,87",-20.0%,"172,87",-20.0%
SãoJoão,Disponível,212.0,12,7896637022774.0,"Moment Creme 0,025% Apsen","94,94","79,59",-16.2%,"79,59",-16.2%
SãoJoão,Disponível,212.0,12,7894916509350.0,Cymbi 60mg 30 Cápsulas Sigma Pharma (C1),"144,91","144,91",-,"144,91",-
SãoJoão,Disponível,212.0,12,7896714295572.0,"Valsartana 80mg + Hidroclorotiazida 12,5mg Genérico Torrent 30 Comprimidos Revestidos","106,64","84,90",-20.4%,"84,90",-20.4%
SãoJoão,Disponível,212.0,13,5060632508485.0,Systen 50mcg/dia 8 Adesivos Theramex,"150,51","120,41",-20.0%,"120,41",-20.0%
SãoJoão,Disponível,212.0,12,7896658018787.0,Brasart HCT 160mg/25mg 30 Comprimidos Revestidos,"83,91","67,79",-19.2%,"67,79",-19.2%
SãoJoão,Disponível,212.0,12,7896070600911.0,Flagyl Gel 50g 10 Aplicadores Sanofi-Aventis,"69,07","69,07",-,"69,07",-
SãoJoão,Disponível,211.0,12,7896094201392.0,Naprix A Libbs 5mg + 5mg 30 Cápsulas,"78,33","63,69",-18.7%,"63,69",-18.7%
SãoJoão,Disponível,211.0,13,7896658005985.0,Meritor 2+1000mg 30 Comprimidos Revestidos Aché,"37,27","32,09",-13.9%,"32,09",-13.9%
SãoJoão,Disponível,211.0,12,7898569761448.0,Propafenona 300mg 60 Comprimidos Revestidos Genérico Althaia,"152,70","105,89",-30.7%,"105,89",-30.7%
SãoJoão,Disponível,211.0,13,7897851250561.0,Monocordil 20mg 30 Comprimidos Baldacci,"20,65","18,29",-11.4%,"18,29",-11.4%
SãoJoão,Disponível,211.0,12,7896015518370.0,Eno Limão Pó Efervescente 100g,"30,36","22,99",-24.3%,"22,99",-24.3%
SãoJoão,Disponível,211.0,12,7896112401209.0,Estriol Creme Vaginal 50g Genérico Biolab,"46,21","41,19",-10.9%,"41,19",-10.9%
SãoJoão,Disponível,211.0,13,7896548161746.0,Cilodex Suspensão Oftamolófica 5Ml Novartis,"50,10","45,29",-9.6%,"45,29",-9.6%
SãoJoão,Disponível,211.0,14,7897705203224.0,Novolin R U-100 10mL Novo Nordisk,"66,56","66,56",-,"66,56",-
SãoJoão,Disponível,211.0,13,7898040329921.0,"Cherry 2+0,03mg 21 Comprimidos Revestidos FQM","46,69","39,99",-14.3%,"39,99",-14.3%
SãoJoão,Disponível,211.0,13,7891058020941.0,Dorflex Analgésico e Relaxante Muscular 300mg + 35mg + 50mg Sanofi 24 Comprimidos,"29,43","29,43",-,"29,43",-
SãoJoão,Disponível,211.0,13,7896004789545.0,"Lefor 2,5mg 30 Comprimidos EMS","60,30","60,30",-,"60,30",-
SãoJoão,Disponível,211.0,12,7898258952898.0,Extrato de Própolis Verde Baldoni 30ml,"29,90","29,90",-,"29,90",-
SãoJoão,Disponível,211.0,12,7898549755634.0,"Cor-Select 2,5mg 60 Comprimidos Biolab","97,99","79,59",-18.8%,"79,59",-18.8%
SãoJoão,Indisponível,211.0,12,0.0,Fly Gotas 150mg 15ml Biolab,0,0,0,0,0
SãoJoão,Disponível,211.0,13,7896261008076.0,Diovan HCT 160+25mg 28 Comprimidos FQM,"178,57","178,57",-,"178,57",-
SãoJoão,Disponível,210.0,13,7894916513302.0,Neovangy MR 35mg 30 Comprimidos Revestidos Sigma Pharma,"80,55","80,55",-,"80,55",-
SãoJoão,Disponível,210.0,13,300651418477.0,Lacrima Plus Solução Oftálmica 15ml,"45,00","45,00",-,"45,00",-
SãoJoão,Disponível,210.0,14,7891317002442.0,Creme Cetoconazol + Betametasona 30g Genérico Eurofarma,"29,07","26,29",-9.6%,"26,29",-9.6%
SãoJoão,Disponível,210.0,14,7896714232966.0,Diltiazem 60mg 50 Comprimidos Genérico Nova Química,"16,27","14,99",-7.9%,"14,99",-7.9%
SãoJoão,Disponível,210.0,12,7896331700404.0,Gotas Preciosas Hertz 30ml,"26,90","26,90",-,"26,90",-
SãoJoão,Disponível,210.0,12,7896523213569.0,Anlodipino 5mg Generico Cimed 30 Comprimidos,"30,55","5,82",-80.9%,"5,82",-80.9%
SãoJoão,Disponível,210.0,12,7897129301506.0,Hixizine Xarope 120ml Theraskin,"63,55","57,19",-10.0%,"57,19",-10.0%
SãoJoão,Disponível,210.0,14,7896523210773.0,Maleato De Enalapril 20mg Genérico Cimed 30 Comprimidos,"38,16","14,49",-62.0%,"14,49",-62.0%
SãoJoão,Disponível,210.0,12,7891721202735.0,Levotiroxina Sódica 200Mcg 30 Comprimidos Genérico Merck,"38,40","33,49",-12.8%,"33,49",-12.8%
SãoJoão,Indisponível,210.0,12,0.0,Enterogermina Adulto 2g 9 Sachês,0,0,0,0,0
SãoJoão,Disponível,210.0,14,7896658008801.0,Synthroid 88mcg 30 Comprimidos,"27,15","24,29",-10.5%,"24,29",-10.5%
SãoJoão,Disponível,210.0,13,7896255766449.0,Betaserc 16mg 30 Comprimidos Abbott,"48,21","48,21",-,"48,21",-
SãoJoão,Disponível,210.0,12,7896658034251.0,Fexx 120mg 10 Comprimidos Revestidos,"94,03","94,03",-,"94,03",-
SãoJoão,Disponível,210.0,12,7897322701998.0,Mioflex A 50mg/300mg/125mg/30mg 12 Comprimidos,"26,15","24,49",-6.3%,"24,49",-6.3%
SãoJoão,Disponível,210.0,13,7891106908498.0,"Yaz Flex 3mg/0,02mg 30 Comprimidos Revestidos","144,20","114,89",-20.3%,"114,89",-20.3%
SãoJoão,Disponível,210.0,12,7896637022842.0,Olsar 20mg 30 Comprimidos Revestidos,"69,89","40,90",-41.5%,"40,90",-41.5%
SãoJoão,Disponível,209.0,12,7896714211275.0,Ibuprofeno 400mg 10 Comprimidos Genérico Neo Química,"27,63","18,59",-32.7%,"18,59",-32.7%
SãoJoão,Indisponível,209.0,13,0.0,Tylenol Criança 60ml,0,0,0,0,0
SãoJoão,Disponível,209.0,13,7896112413745.0,Pressat 10mg 60 Comprimidos Biolab,"215,02","172,02",-20.0%,"172,02",-20.0%
SãoJoão,Indisponível,209.0,13,0.0,Fresh Tears Colírio Allergan 15ml,0,0,0,0,0
SãoJoão,Disponível,209.0,13,7897595634566.0,Levetiracetam 500mg 60 Comprimidos Revestidos Genérico Sandoz (C1),"186,84","136,19",-27.1%,"136,19",-27.1%
SãoJoão,Disponível,209.0,13,7896015518875.0,Avamys Spray Nasal 120 Doses,"74,30","74,30",-,"74,30",-
SãoJoão,Disponível,209.0,12,7898029552258.0,Diatarcom MR 60 mg 30 comprimidos Servier,"48,82","48,82",-,"48,82",-
SãoJoão,Disponível,209.0,13,7896523215754.0,Albendazol 400mg Generico Cimed 3 Comprimidos Mastigáveis,"26,82","17,90",-33.3%,"17,90",-33.3%
SãoJoão,Disponível,209.0,12,7891317158224.0,"Gesico Duo 37,5mg + 325mg 10 Comprimidos Revestidos Eurofarma (A2)","37,94","37,94",-,"37,94",-
SãoJoão,Disponível,209.0,12,7898148293490.0,Triancinolona Pomada Oral Orabase 10g Genérico Prati-Donaduzzi,"16,98","14,90",-12.2%,"14,90",-12.2%
SãoJoão,Disponível,209.0,13,7896181904298.0,Verapamil Retard 120mg 20 Comprimidos Revestidos Genérico Biosintética,"53,69","40,99",-23.7%,"40,99",-23.7%
SãoJoão,Disponível,209.0,12,7896112401599.0,Vonau Flash 4mg 10 Cápsulas Menta Biolab,"48,85","48,85",-,"48,85",-
SãoJoão,Disponível,209.0,13,7891317017484.0,Pantocal 40mg 28 Comprimidos Eurofarma,"52,77","52,77",-,"52,77",-
SãoJoão,Disponível,209.0,12,7898029550223.0,"Acertalix 5mg+1,25mg 30 Comprimidos Revestidos Servier","160,85","131,69",-18.1%,"131,69",-18.1%
SãoJoão,Disponível,209.0,13,7891317013905.0,Guaco 35Mg/ml Xarope Mel Mentolado 100ml,"76,17","76,17",-,"76,17",-
SãoJoão,Disponível,209.0,14,7896523216812.0,"Neodia 1,5mg 1 Comprimido","19,90","19,90",-,"19,90",-
SãoJoão,Disponível,209.0,12,7896658008115.0,Artrosil 160mg 10 Cápsulas Aché,"38,71","34,39",-11.2%,"34,39",-11.2%
SãoJoão,Disponível,209.0,12,7891106916233.0,Mesigyna solução injetável 50 mg + 5 mg/ml 1 ml 1 seringa preenchida,"47,46","42,19",-11.1%,"42,19",-11.1%
SãoJoão,Indisponível,209.0,13,0.0,"Ambroxol 7,5mg 50ml Genérico Nativita",0,0,0,0,0
SãoJoão,Disponível,209.0,13,7892953000694.0,Condroflex 500+400mg 60 Cápsulas Adium,"148,38","121,67",-18.0%,"121,67",-18.0%
SãoJoão,Disponível,208.0,12,7897473202771.0,Sulfato de Salbutamol 100mcg 200 Doses Spray Glenmark,"36,33","18,39",-49.4%,"18,39",-49.4%
SãoJoão,Disponível,208.0,12,7898074618435.0,Ursacol 150mg 30 Comprimidos,"160,10","160,10",-,"160,10",-
SãoJoão,Disponível,208.0,12,7896658030192.0,Zetron XL 150mg 60 Comprimidos,"40,27","35,79",-11.1%,"35,79",-11.1%
SãoJoão,Disponível,208.0,12,7896006248927.0,Betaprospan Injecção 1x1ml + Ser União Química,"29,36","26,99",-8.1%,"26,99",-8.1%
SãoJoão,Disponível,208.0,12,7898569762681.0,Ezetimiba Genérico Althaia 10mg 60 Comprimidos Revestidos,"167,48","79,90",-52.3%,"79,90",-52.3%
SãoJoão,Disponível,208.0,13,7896637023856.0,Levoxin 750mg 5 Comprimidos Revestidos Apsen,"63,85","56,39",-11.7%,"56,39",-11.7%
SãoJoão,Disponível,208.0,12,7898148290857.0,Prednisona Genérico Prati 20 Comprimidos 5 mg,"9,83","9,83",-,"9,83",-
SãoJoão,Disponível,208.0,15,7899547543858.0,Paracetamol 500mg 20 Comprimidos Genérico Prati,"18,59","10,49",-43.6%,"10,49",-43.6%
SãoJoão,Disponível,207.0,12,7896181906612.0,Tartarato de Metoprolol 100mg 30 Comprimidos Revestidos Genérico Biolab,"36,90","30,49",-17.4%,"30,49",-17.4%
SãoJoão,Disponível,207.0,12,7897411603097.0,"Daisan 37,5+325mg 10 Comprimidos Daiichi (A2)","41,22","41,22",-,"41,22",-
SãoJoão,Disponível,207.0,13,7897595605276.0,Amoxicilina + Clavulanato De Potássio 400mg 70ml Genérico Sandoz,"80,32","58,90",-26.7%,"58,90",-26.7%
SãoJoão,Disponível,207.0,13,7896658047077.0,Melysse XPE 25mg/ml Pediátrico 120ml Biosintética,"40,34","40,34",-,"40,34",-
SãoJoão,Disponível,207.0,14,7896015568214.0,Clavulin Bd 400Mg 70Ml Gsk,"105,78","105,78",-,"105,78",-
SãoJoão,Indisponível,207.0,12,0.0,Beserol 4 Comprimidos Megalabs,0,0,0,0,0
SãoJoão,Disponível,206.0,13,7896004750644.0,Olmesartana + Anlodipino 20mg + 5mg 30 Comprimidos Revestidos Genérico EMS,"58,99","48,19",-18.3%,"48,19",-18.3%
SãoJoão,Disponível,206.0,13,7896094919709.0,Engov After Tangerina 250ml Hypera Pharma,"14,99","11,99",-20.0%,"11,99",-20.0%
SãoJoão,Disponível,206.0,12,7896422508209.0,Genfibrozila 600mg 30 Comprimidos Revisado Genérico Medley,"129,78","129,78",-,"129,78",-
SãoJoão,Disponível,206.0,12,7896112425496.0,Pantogar 30 Cápsulas,"341,78","341,78",-,"341,78",-
SãoJoão,Disponível,206.0,13,7897322707211.0,Lisador 500mg/5mg/10mg 24 Comprimidos,"66,67","58,69",-12.0%,"58,69",-12.0%
SãoJoão,Disponível,206.0,13,4987188568729.0,ByeBye-Fever Crianças 2 Unidades,"15,99","15,99",-,"15,99",-
SãoJoão,Disponível,206.0,12,7896676422290.0,"Crisapina 2,5mg 30 Comprimidos Revestidos Cristalia (C1)","73,87","60,79",-17.7%,"60,79",-17.7%
SãoJoão,Disponível,206.0,14,7896548197554.0,Vigadexa 5mg/ml + 1mg/ml Solução Oftálmica 5ml,"52,63","46,79",-11.1%,"46,79",-11.1%
SãoJoão,Disponível,206.0,13,7897322701738.0,Velunid 450+50mg 30 Comprimidos Farmasa,"50,40","44,39",-11.9%,"44,39",-11.9%
SãoJoão,Disponível,205.0,13,7896658016318.0,Aristab 15mg 30 Comprimidos Aché (C1),"370,38","296,30",-20.0%,"296,30",-20.0%
SãoJoão,Disponível,205.0,12,7891058003555.0,"Puran T4 12,5mcg 30 Comprimidos Sanofi","3,83","3,83",-,"3,83",-
SãoJoão,Disponível,205.0,12,7899547534771.0,Zapsy 30mg 30 Comprimidos Revestidos Prati RX (C1),"120,11","97,29",-19.0%,"97,29",-19.0%
SãoJoão,Disponível,205.0,14,7896004730134.0,Citrato De Sildenafila 50mg Genérico Neo Química 4 Comprimidos Revestidos,"18,55","7,99",-56.9%,"7,99",-56.9%
SãoJoão,Disponível,205.0,12,7891010256630.0,Tylenol Dor de Cabeça 500+65mg 10 Comprimidos J&amp;J,"21,87","21,87",-,"21,87",-
SãoJoão,Disponível,205.0,12,7899420503177.0,Lanico 875/125mg 20 Comprimidos Revestidos Supera,"91,14","73,89",-18.9%,"73,89",-18.9%
SãoJoão,Disponível,205.0,12,7896227800102.0,DoutorSan Adesivo G 2 Unidades,"4,91","4,91",-,"4,91",-
SãoJoão,Disponível,205.0,12,7896523227566.0,Ibuprofeno 100mg Genérico Cimed Solução Oral 20ml,"22,19","6,49",-70.8%,"6,49",-70.8%
SãoJoão,Disponível,205.0,13,7896658030192.0,Oxotron 60mg 15 Comprimidos Ache,"40,27","35,79",-11.1%,"35,79",-11.1%
SãoJoão,Disponível,205.0,12,7892953208199.0,Fenazic 15mg 30 Comprimidos Adium,"287,49","229,99",-20.0%,"229,99",-20.0%
SãoJoão,Disponível,205.0,13,7899420502668.0,Pros HP 2mg+5mg 60 Cápsulas Supera,"194,98","155,98",-20.0%,"155,98",-20.0%
SãoJoão,Disponível,205.0,14,4030729003521.0,Neupro 4mg/24h (9mg) 28 Adesivos UCB (C1),"478,57","478,57",-,"478,57",-
SãoJoão,Disponível,204.0,14,7897595903259.0,Puran T4 200mcg 30 Comprimidos Sanofi,"50,89","50,89",-,"50,89",-
SãoJoão,Disponível,204.0,12,7899420506369.0,Atip 25mg 30 Comprimidos Revestidos Supera (C1),"53,47","43,39",-18.9%,"43,39",-18.9%
SãoJoão,Disponível,204.0,16,4987188568705.0,ByeBye-Fever 2 Unidades Super Gelado Hisamitsu,"15,99","15,99",-,"15,99",-
SãoJoão,Disponível,204.0,12,7898216365715.0,"Azitromicina 900mg 22,5ml Genérico Pharlab","51,57","44,90",-12.9%,"44,90",-12.9%
SãoJoão,Disponível,204.0,13,7891317017682.0,Rivaxa 10mg 10 Comprimidos Momenta,"15,97","15,97",-,"15,97",-
SãoJoão,Disponível,204.0,13,7908512700735.0,Canela de Velho Pomada 150g,"19,49","19,49",-,"19,49",-
SãoJoão,Disponível,204.0,12,7896212425150.0,Tylex 30mg 36 Comprimidos Cellera (A2),"124,37","107,69",-13.4%,"107,69",-13.4%
SãoJoão,Disponível,204.0,12,7891058005566.0,Novalgina Dipirona Monoidratada Infantil Dor e Febre Solução Oral 50mg/ml 100ml,"48,44","34,99",-27.8%,"34,99",-27.8%
SãoJoão,Disponível,204.0,13,7891106007030.0,Xarelto 20mg 14 Comprimidos Revestidos Bayer,"139,47","139,47",-,"139,47",-
SãoJoão,Disponível,204.0,12,7896622300450.0,Gelmax Dim Antiácido e Antigases - Suspensão Oral 240ml,"37,53","37,53",-,"37,53",-
SãoJoão,Disponível,204.0,13,7896862926120.0,Decongex Plus 4 Comprimidos Revestidos Avulso Aché,"4,99","4,99",-,"4,99",-
SãoJoão,Disponível,203.0,13,7896004705682.0,Miorrelax 300mg/50mg/35mg 30 Comprimidos,"21,90","21,90",-,"21,90",-
SãoJoão,Disponível,203.0,12,7891317003067.0,"Adoless 0,060mg/0,015mg 28 Comprimidos Revestidos","30,48","26,99",-11.5%,"26,99",-11.5%
SãoJoão,Indisponível,203.0,12,0.0,Luftal 15ml Cereja Reckitt,0,0,0,0,0
SãoJoão,Disponível,203.0,13,7896641804380.0,Kaloba Solução Oral 20ml,"103,87","90,09",-13.3%,"90,09",-13.3%
SãoJoão,Disponível,203.0,12,7896685303283.0,Florax SM Pediátrico Uva Solução Oral 5 Flaconetes de 5ml,"42,00","36,90",-12.1%,"36,90",-12.1%
SãoJoão,Disponível,203.0,14,7898927111267.0,Quietude Solução Oral 1ml 20 Flaconetes,"157,49","157,49",-,"157,49",-
SãoJoão,Disponível,203.0,13,7894916514422.0,Fixare Suplemento Alimentar com cálcio - 60 Comprimidos,"199,00","199,00",-,"199,00",-
SãoJoão,Disponível,203.0,12,7891058020941.0,Dorflex Analgésico e Relaxante Muscular 300mg + 35mg + 50mg 36 Comprimidos,"29,43","29,43",-,"29,43",-
SãoJoão,Disponível,202.0,12,7896070601765.0,Profenid Sanofi-Aventis 100mg 20 Comprimidos Revestidos,"83,75","83,75",-,"83,75",-
SãoJoão,Indisponível,202.0,15,0.0,Laxsotrin 120ml Ameixa Catarinense,0,0,0,0,0
SãoJoão,Disponível,202.0,14,7899547514377.0,Gabapentina 400mg 30 Cápsulas Genérico Prati (C1),"117,02","84,89",-27.5%,"84,89",-27.5%
SãoJoão,Disponível,201.0,12,7896226500218.0,Rivotril 2mg 20 Comprimidos Biopas (B1),"23,42","23,42",-,"23,42",-
SãoJoão,Disponível,201.0,12,7898037080347.0,Complexo Homeopático Almeida Prado 34 60 Comprimidos,"33,99","33,99",-,"33,99",-
SãoJoão,Disponível,201.0,13,7896094928367.0,Engov Up Melancia 269ml,"9,99","9,99",-,"9,99",-
SãoJoão,Disponível,201.0,12,7897595900654.0,Atlansil 200mg 20 Comprimidos Sanofi,"48,88","48,88",-,"48,88",-
SãoJoão,Disponível,201.0,13,7896206402204.0,Symbicort Turbuhaler 6+100mcg 60 Doses FQM,"164,32","164,32",-,"164,32",-
SãoJoão,Disponível,201.0,12,7897322710761.0,Deciprax 10mg 30 Comprimidos Revestidos Mantecorp (C1),"126,85","126,85",-,"126,85",-
SãoJoão,Disponível,201.0,13,7896255764858.0,Ritmonorm 300Mg 60 Comprimidos Abbott,"301,31","301,31",-,"301,31",-
SãoJoão,Disponível,200.0,13,7896422511728.0,Albendazol 400mg Genérico Medley 1 Comprimido,"9,76","4,99",-48.9%,"4,99",-48.9%
SãoJoão,Disponível,200.0,12,7891158103285.0,Xarope Depakene 250mg/5ml 100m Abbott (C1),"27,85","23,79",-14.6%,"23,79",-14.6%
SãoJoão,Disponível,200.0,13,7896094928084.0,Hidantal Hypermarcas 100mg 25 Comprimidos (C1),"16,24","14,29",-12.0%,"14,29",-12.0%
SãoJoão,Disponível,200.0,14,7898029550834.0,"Triplixam 10mg/2,5mg/10mg 30 Comprimidos Revestidos","141,31","116,99",-17.2%,"116,99",-17.2%
SãoJoão,Disponível,200.0,14,7894916516723.0,Bramicar 80mg 60 Comprimidos Sigma Pharma,"125,91","125,91",-,"125,91",-
SãoJoão,Disponível,200.0,13,7896241293669.0,Peridal 10mg 30 Comprimidos,"39,75","29,79",-25.1%,"29,79",-25.1%
SãoJoão,Disponível,200.0,13,7894916512770.0,Enavo ODT 4mg 10 Comprimidos Sigma Pharma,"31,93","28,99",-9.2%,"28,99",-9.2%
SãoJoão,Disponível,200.0,12,7896112126669.0,Maleato De Timolol 5mg Genérico EMS,"13,71","12,79",-6.7%,"12,79",-6.7%
SãoJoão,Disponível,200.0,12,7896004777184.0,Tramadol Retard 100mg 10 Comprimidos Revestidos Genérico EMS (A2),"105,23","79,90",-24.1%,"79,90",-24.1%
SãoJoão,Indisponível,200.0,13,0.0,Malvona 200ml Megalabs,0,0,0,0,0
SãoJoão,Disponível,200.0,12,7892953209448.0,"Fenazic 7,5mg 30 Comprimidos Adium","271,83","217,46",-20.0%,"217,46",-20.0%
SãoJoão,Disponível,200.0,13,8903855082509.0,Desduo 100mg 60 Comprimidos Revestidos Liberação Prolongada Torrent (C1),"185,74","158,29",-14.8%,"158,29",-14.8%
SãoJoão,Disponível,200.0,14,7898906376618.0,Keflex 500Mg 8 Drágeas Bago,"82,46","70,19",-14.9%,"70,19",-14.9%
SãoJoão,Disponível,200.0,14,7896658025013.0,Apracur Duo 500mg/2mg/30mg 12 Comprimidos Revestidos,"114,71","114,71",-,"114,71",-
SãoJoão,Indisponível,200.0,15,0.0,Mel Silvestre 300g Bisnaga Baldoni,0,0,0,0,0
SãoJoão,Disponível,200.0,12,7897316805121.0,Optive Allergan Lubrificante Oftálmico 15ml,"92,87","82,89",-10.7%,"82,89",-10.7%
SãoJoão,Disponível,200.0,13,7898074614857.0,Ursacol 50mg 30 Comprimidos,"66,32","59,49",-10.3%,"59,49",-10.3%
SãoJoão,Disponível,199.0,13,7896658002939.0,Novamox 875mg/125mg 20 Comprimidos,"184,50","184,50",-,"184,50",-
SãoJoão,Disponível,199.0,15,7891317010065.0,Diupress 25+5mg 30 Comprimidos Supera,"45,72","38,59",-15.6%,"38,59",-15.6%
SãoJoão,Indisponível,199.0,12,0.0,Clenil Compositium A 10 Frascos Chiesi,0,0,0,0,0
SãoJoão,Disponível,199.0,12,7897595635679.0,Sitagliptina Genérico Sandoz 100mg 30 Comprimidos Revestidos,"408,07","408,07",-,"408,07",-
SãoJoão,Disponível,199.0,12,5702150153906.0,Vurtuoso 20mg 30 Comprimidos Lundbeck (C1),"374,99","320,49",-14.5%,"320,49",-14.5%
SãoJoão,Disponível,199.0,12,7896676436129.0,Glyxambi 25mg/5mg 30 Comprimidos Revestidos,"14,13","12,89",-8.8%,"12,89",-8.8%
SãoJoão,Disponível,199.0,14,7898100268245.0,"Fontelax 10g + 3g Pó Oral 13,4g 30 Sachês","158,99","158,99",-,"158,99",-
SãoJoão,Disponível,199.0,13,7898430194610.0,Betrat 5000mcg+100+100mg 90 Comprimidos Revestidos,"230,86","230,86",-,"230,86",-
SãoJoão,Disponível,199.0,12,7896422504010.0,Succinato De Desvenlafaxina Monoidratado 100mg Genérico EMS 30 Comprimidos Revestidos (C1),"153,19","153,19",-,"153,19",-
SãoJoão,Disponível,198.0,13,7896676402568.0,Pomada Kollagenase Com Cloranfenicol 15G Cristalia,"37,96","35,09",-7.6%,"35,09",-7.6%
SãoJoão,Disponível,198.0,13,7897917005975.0,Valium 5mg 30 Comprimidos Moksha8 (B1),"25,70","25,70",-,"25,70",-
SãoJoão,Disponível,198.0,12,7899420508981.0,Analgésico Ketalgi 500mg 14 Comprimidos Revestidos Supera,"33,47","30,59",-8.6%,"30,59",-8.6%
SãoJoão,Disponível,198.0,12,7893093067110.0,Stressdoron 80 Comprimidos Weleda,"122,49","122,49",-,"122,49",-
SãoJoão,Disponível,198.0,13,7896637032919.0,"Xafac 2,5mg 30 Comprimidos Revestidos Apsen","94,17","78,19",-17.0%,"78,19",-17.0%
SãoJoão,Disponível,198.0,13,7896004786117.0,Pitavastatina Cálcica 2mg 30 Comprimidos Genérico EMS,"108,77","69,90",-35.7%,"69,90",-35.7%
SãoJoão,Disponível,197.0,12,7896004705378.0,Allexofedrin D 60+120mg 10 Comprimidos EMS,"34,90","30,69",-12.1%,"30,69",-12.1%
SãoJoão,Disponível,197.0,12,7896181907572.0,Nitrendipino 20mg 30 Comprimidos Revestidos Genérico Biosintética,"73,67","56,49",-23.3%,"56,49",-23.3%
SãoJoão,Disponível,197.0,14,7891317025007.0,Amato 100mg 60 Comprimidos Revestidos Eurofarma (C1),"310,08","248,06",-20.0%,"248,06",-20.0%
SãoJoão,Indisponível,197.0,12,0.0,Allexofedrin Pediátrico Framboesa Suspensão Oral 150ml,0,0,0,0,0
SãoJoão,Disponível,197.0,12,7891268100709.0,Caverject Pfizer 10mcg,"115,59","96,39",-16.6%,"96,39",-16.6%
SãoJoão,Disponível,197.0,13,8902220109506.0,Rosucor 10mg 30 Comprimidos Revestidos Torrent,"44,25","37,89",-14.4%,"37,89",-14.4%
SãoJoão,Disponível,197.0,12,7898747480086.0,Floral Thérapi Mais Desejo 30ml,"34,90","34,90",-,"34,90",-
SãoJoão,Disponível,197.0,13,7893093015753.0,Bryophyllum Argentum Cultum 50ml Weleda,"109,99","109,99",-,"109,99",-
SãoJoão,Disponível,197.0,12,7891317478964.0,Betina 24mg 30 Comprimidos,"39,09","34,59",-11.5%,"34,59",-11.5%
SãoJoão,Indisponível,196.0,12,0.0,Pomada Fibrinase Supera 30G,0,0,0,0,0
SãoJoão,Disponível,196.0,12,7898560666940.0,Zeforus 20mg 4 Comprimidos Revestidos Upjohn,"42,67","36,89",-13.5%,"36,89",-13.5%
SãoJoão,Disponível,196.0,14,7896094211728.0,Aftliv 100mg/ml Solução Oral 25ml,"191,47","158,89",-17.0%,"158,89",-17.0%
SãoJoão,Disponível,196.0,12,8903855078618.0,Toarip 10mg 30 Comprimidos Torrent (C1),"199,53","163,99",-17.8%,"163,99",-17.8%
SãoJoão,Indisponível,196.0,14,0.0,Luftal Max 15ml Cereja Reckitt,0,0,0,0,0
SãoJoão,Disponível,196.0,15,7896658040870.0,Tormiv ODG 10mg 10 Sachês Aché,"32,64","30,39",-6.9%,"30,39",-6.9%
SãoJoão,Disponível,196.0,14,7899420508707.0,Atesto 250mg/ml Solução Injetável 2 ampolas 4ml Supera (C5),"937,94","714,19",-23.9%,"714,19",-23.9%
SãoJoão,Disponível,196.0,13,7896006257929.0,Bisalax 5mg 20 Drágeas,"8,99","8,99",-,"8,99",-
SãoJoão,Disponível,196.0,13,7891058008116.0,Arava 20mg 30 Comprimidos Revestidos Aventis (C1),"723,03","723,03",-,"723,03",-
SãoJoão,Disponível,196.0,12,7891268118001.0,Pentasa 500mg 50 Comprimidos Ferring,"46,81","42,89",-8.4%,"42,89",-8.4%
SãoJoão,Disponível,196.0,15,7896004755342.0,"Tansulosina 0,4mg 60 Comprimidos Genérico EMS","150,27","69,90",-53.5%,"69,90",-53.5%
SãoJoão,Disponível,195.0,14,7896422506229.0,Dipirona 500mg/ml Genérico MedQuímica Solução Oral 10ml,"13,67","7,99",-41.6%,"7,99",-41.6%
SãoJoão,Disponível,195.0,12,7896004752525.0,Cetoprofeno 150mg 10 Comprimidos de Liberação Prolongada Genérico EMS,"54,74","22,90",-58.2%,"22,90",-58.2%
SãoJoão,Disponível,195.0,12,7896548140284.0,Cerumin Solução Otológica 8ml,"19,72","19,72",-,"19,72",-
SãoJoão,Disponível,195.0,12,7892953003022.0,Condroflex 500mg + 400mg 90 Cápsulas,"206,26","169,13",-18.0%,"169,13",-18.0%
SãoJoão,Disponível,195.0,14,7898968453098.0,Atensina 100mcg 30 Comprimidos,"10,56","10,56",-,"10,56",-
SãoJoão,Disponível,195.0,15,7899420507946.0,Muskard 35mg 30 Comprimidos Revestidos Lib Prol Supera,"55,16","44,89",-18.6%,"44,89",-18.6%
SãoJoão,Disponível,194.0,14,7896004785639.0,"Xakilis 2,5mg 20 Comprimidos Revestidos EMS","48,65","48,65",-,"48,65",-
SãoJoão,Disponível,194.0,12,7898582380268.0,"Belarina 2mg/0,02mg 24 + 4 Comprimidos","67,19","56,59",-15.8%,"56,59",-15.8%
SãoJoão,Disponível,194.0,13,7908020507260.0,Florent 200mg 6 Cápsulas Duras,"29,90","29,90",-,"29,90",-
SãoJoão,Disponível,194.0,12,7896637023146.0,Flancox 300mg 14 Comprimidos Revestidos Apsen,"32,22","30,19",-6.3%,"30,19",-6.3%
SãoJoão,Disponível,194.0,12,7898029551770.0,Daflon 500mg 30 Comprimidos Revestidos Servier,"131,69","110,29",-16.3%,"110,29",-16.3%
SãoJoão,Disponível,194.0,12,7898581711285.0,Equilid Aventis 200mg 20 Comprimidos (C1),"37,84","30,79",-18.6%,"30,79",-18.6%
SãoJoão,Disponível,194.0,12,7896637023108.0,Levoxin 500Mg 10 Comprimidos Revestidos Apsen,"177,10","177,10",-,"177,10",-
SãoJoão,Disponível,194.0,13,7896004726229.0,Hidroquinona 40mg Genérico EMS Creme Dermatológico 30g,"60,51","51,99",-14.1%,"51,99",-14.1%
SãoJoão,Disponível,194.0,12,7897316800256.0,Oprox Solução Oftálmica Allergan 5ml,"54,62","48,79",-10.7%,"48,79",-10.7%
SãoJoão,Disponível,194.0,13,7897076911766.0,"Irbesartana + HCT 150 mg + 12,5mg 30 comprimidos Genérico Ranbaxy","36,57","30,19",-17.4%,"30,19",-17.4%
SãoJoão,Disponível,194.0,13,7894916516013.0,Toragesic Gotas Sigma Pharma 20mg/ml 10ml,"39,05","35,99",-7.8%,"35,99",-7.8%
SãoJoão,Disponível,194.0,12,7896641807343.0,Nesina 25Mg 30 Comprimidos Revestidos Takeda,"442,64","354,11",-20.0%,"354,11",-20.0%
SãoJoão,Disponível,194.0,13,7896093001054.0,Vick Pyrena 5g Envelope AV*,"5,61","5,61",-,"5,61",-
SãoJoão,Disponível,194.0,12,7898947385228.0,Topotecana 4mg Sol Inj 4ml Accord,"1655,88","1655,88",-,"1655,88",-
SãoJoão,Disponível,193.0,12,7899640808137.0,Indosso 150mg 1 Comprimido Revestido,"80,02","64,29",-19.7%,"64,29",-19.7%
SãoJoão,Disponível,193.0,12,7898582380237.0,Toperma 30 Emplastros Grunenthal,"510,60","510,60",-,"510,60",-
SãoJoão,Indisponível,193.0,13,0.0,Analgésico Flanax 550mg Bayer  Dores Intensas  com 10 comprimidos,0,0,0,0,0
SãoJoão,Disponível,193.0,12,8902220114180.0,"Iccor 2,5mg 30 Comprimidos Revestidos Torrent","60,68","49,79",-17.9%,"49,79",-17.9%
SãoJoão,Disponível,193.0,14,7896004722177.0,"Hemifumarato De Bisoprolol 2,5mg Genérico EMS 30 Comprimidos Revestidos","51,77","50,09",-3.2%,"50,09",-3.2%
SãoJoão,Disponível,193.0,13,7896641803871.0,Neosaldina 20 Drágeas Hypera Pharma,"30,30","30,30",-,"30,30",-
SãoJoão,Disponível,193.0,13,7896094210158.0,Plenance Libbs 5mg 30 Comprimidos Revestidos,"44,96","38,99",-13.3%,"38,99",-13.3%
SãoJoão,Indisponível,193.0,14,0.0,Atroveran Dip Gotas 20ml,0,0,0,0,0
SãoJoão,Disponível,193.0,12,7897947617483.0,Ressaliv 10ml Abacaxi Cimed Avulso,"1,99","1,99",-,"1,99",-
SãoJoão,Disponível,193.0,14,5702191026665.0,"Pomada Protopic 0,1% 30g Leofarma","168,38","168,38",-,"168,38",-
SãoJoão,Disponível,193.0,13,7896004715322.0,Alendronato de Sódio 70mg 4 Comprimidos Genérico EMS,"100,50","8,07",-92.0%,"8,07",-92.0%
SãoJoão,Disponível,192.0,13,7896004730189.0,Ciclobenzaprina 10mg 30 Cápsulas Genérico Prati,"45,30","39,89",-11.9%,"39,89",-11.9%
SãoJoão,Disponível,192.0,12,7898569763077.0,Olmesartana 40mg 30 Comprimidos Revestidos Genérico Althaia,"52,01","39,90",-23.3%,"39,90",-23.3%
SãoJoão,Disponível,192.0,13,7899095237957.0,Olanzapina 10mg 30 Comprimidos Revestidos Genérico Geolab (C1),"230,01","74,90",-67.4%,"74,90",-67.4%
SãoJoão,Disponível,192.0,12,7896658039461.0,Runner 20mg 30 Comprimidos Revestidos Ache,"54,59","54,59",-,"54,59",-
SãoJoão,Disponível,191.0,13,7898031310303.0,Bicarbonato de Sódio 100g,"6,49","6,49",-,"6,49",-
SãoJoão,Disponível,191.0,12,7896026305280.0,Micardis Anlo  80mg + 10mg 30 Comprimidos,"167,68","134,14",-20.0%,"134,14",-20.0%
SãoJoão,Disponível,191.0,15,7894916500609.0,Azi 1500mg + 200mg/5ml Suspensão Oral Sigma Pharma,"81,66","81,66",-,"81,66",-
SãoJoão,Indisponível,191.0,14,0.0,"Minilax Solução Retal 7 Bisnagas de 6,5g",0,0,0,0,0
SãoJoão,Disponível,191.0,13,7908733201608.0,Acetilcisteína 10 Comprimidos Efervescentes Momentos,"19,90","19,90",-,"19,90",-
SãoJoão,Disponível,191.0,13,7896004792316.0,"Naratriptana 2,5mg 10 Comprimidos Revestidos Genérico EMS","41,98","29,90",-28.8%,"29,90",-28.8%
SãoJoão,Disponível,191.0,13,7896676438727.0,Escena 10mg 60 Comprimidos Cristália (C1),"101,14","84,89",-16.1%,"84,89",-16.1%
SãoJoão,Disponível,191.0,13,7897705201008.0,Novorapid 100UI/ml Injeção 10ml Novo Nordisk,"178,03","178,03",-,"178,03",-
SãoJoão,Disponível,191.0,15,7896015523398.0,"Combodart 0,5mg/0,4mg 30 Cápsulas","158,32","158,32",-,"158,32",-
SãoJoão,Disponível,190.0,12,7896026170635.0,Laxol Solução Oral 60ml,"39,90","39,90",-,"39,90",-
SãoJoão,Disponível,190.0,12,7500435246859.0,Citoneurin Complexo B 90 Cápsulas Procter,"98,90","79,12",-20.0%,"79,12",-20.0%
SãoJoão,Disponível,190.0,12,7896004715230.0,Muvinlax Pó para Solução Oral 20 Envelopes de 14g,"39,90","27,90",-30.1%,"27,90",-30.1%
SãoJoão,Disponível,190.0,14,7896658049361.0,"Lur D12 2,5mg+120mg 10 Comprimidos Aché","64,93","64,93",-,"64,93",-
SãoJoão,Disponível,190.0,13,7894916206860.0,Sinvalip 20mg 30 Comprimidos Revestidos Sigma,"59,02","49,19",-16.7%,"49,19",-16.7%
SãoJoão,Disponível,190.0,13,7896015523541.0,Parnate 10mg 20 Comprimidos GSK (C1),"50,93","50,93",-,"50,93",-
SãoJoão,Disponível,190.0,12,7897473204270.0,Deriva Micro Gel 1mg/g 30g Mantecorp,"112,60","95,59",-15.1%,"95,59",-15.1%
SãoJoão,Indisponível,190.0,15,0.0,Formocaps 12mcg 30 Cápsulas+Inalador Biosintética,0,0,0,0,0
SãoJoão,Disponível,189.0,12,7891317031053.0,MAQ Derma 30 Cápsulas,"96,55","96,55",-,"96,55",-
SãoJoão,Disponível,189.0,13,7896094202603.0,Naprix A 10 mg + 10 mg 30 Cápsulas Libbs,"78,33","63,59",-18.8%,"63,59",-18.8%
SãoJoão,Indisponível,189.0,15,0.0,"Cronoplex 7,5mg/ml União Química Solução Oral 20ml",0,0,0,0,0
SãoJoão,Disponível,189.0,12,7896641813061.0,Mesacol 500mg 15 Supositórios Takeda,"162,75","130,20",-20.0%,"130,20",-20.0%
SãoJoão,Disponível,189.0,14,7896015592134.0,"Vacina Herpes Zoster Shingrix AD 0,5 ml GSK  + Aplicação","943,70","943,70",-,"943,70",-
SãoJoão,Disponível,189.0,12,7896685300473.0,Bromelin Suspensão 100ml Hebron,"73,28","73,28",-,"73,28",-
SãoJoão,Indisponível,189.0,12,0.0,Fluibron A  2ml Chiesi,0,0,0,0,0
SãoJoão,Disponível,189.0,14,7500435245333.0,Vick Drops 20 Pastilhas Gengibre Procter,"17,99","15,29",-15.0%,"15,29",-15.0%
SãoJoão,Disponível,188.0,13,7896083400775.0,Isoflavine 75mg 30 Comprimidos Herbarium,"85,71","68,57",-20.0%,"68,57",-20.0%
SãoJoão,Indisponível,188.0,13,0.0,Lomecan Creme Vaginal 3 Dias Genomma 20g,0,0,0,0,0
SãoJoão,Disponível,188.0,14,7896009499005.0,Leite de Magnésia Eno Magno Sachê 10ml Tradicional GSK Avulso,"3,60","3,60",-,"3,60",-
SãoJoão,Disponível,188.0,13,7896083410248.0,Androsten 94mg 30 Comprimidos,"149,36","120,59",-19.3%,"120,59",-19.3%
SãoJoão,Disponível,188.0,13,7891058020323.0,"Toujeo Solostar Injetável 1 Carpule de 1,5mL + 1 Caneta Aplicadora","297,47","240,99",-19.0%,"240,99",-19.0%
SãoJoão,Disponível,188.0,13,7898216363445.0,Claritromicina 500mg 10 Comprimidos Revestidos Genérico Pharlab,"158,80","114,59",-27.8%,"114,59",-27.8%
SãoJoão,Disponível,188.0,12,7899095200586.0,"Hiluropt 1,5mg/ml Solução Oftálmica 10ml","50,04","44,79",-10.5%,"44,79",-10.5%
SãoJoão,Disponível,187.0,14,7891317125455.0,Trimeb 200mg 30 Cápsulas,"88,54","74,19",-16.2%,"74,19",-16.2%
SãoJoão,Disponível,187.0,12,7501006712261.0,Pomada Antiassaduras Hipoglós Amêndoas 80g,"60,99","60,99",-,"60,99",-
SãoJoão,Disponível,187.0,12,7891058002565.0,Novalgina 1G 20 Comprimidos Dipirona,"46,45","46,45",-,"46,45",-
SãoJoão,Disponível,187.0,12,7896714270029.0,Neopiridin Spray Neo Química 50ml,"32,90","32,90",-,"32,90",-
SãoJoão,Disponível,187.0,12,7891317003739.0,Tamiram 500mg 10 Comprimidos Revestidos Eurofarma,"182,63","151,49",-17.1%,"151,49",-17.1%
SãoJoão,Disponível,187.0,12,7896112407188.0,Vonaugasmax 250mg 10 Cápsulas Biolab,"50,74","50,74",-,"50,74",-
SãoJoão,Disponível,187.0,13,7899095203556.0,Cisteil Xarope 120ml,"34,90","31,89",-8.6%,"31,89",-8.6%
SãoJoão,Disponível,187.0,13,7897076923028.0,Mesalazina Genérico Takeda 30 Comprimidos Revestidos 1200 mg,"287,70","216,09",-24.9%,"216,09",-24.9%
SãoJoão,Disponível,187.0,12,7896004782553.0,Dipirona 1g 20 Comprimidos Genérico EMS,"44,89","24,90",-44.5%,"24,90",-44.5%
SãoJoão,Disponível,187.0,13,7897595637161.0,Amoxicilina + Clavulanato De Potássio 500mg 30 Comprimidos Revestidos Genérico Sandoz,"201,41","124,90",-38.0%,"124,90",-38.0%
SãoJoão,Disponível,186.0,13,7896676440041.0,Labrea Duo 10mg + 20mg 30 Comprimidos Revestidos Cristália (C1),"183,93","183,93",-,"183,93",-
SãoJoão,Disponível,186.0,14,7894916508971.0,Esomex 40mg 28 Comprimidos Revestidos,"102,76","102,76",-,"102,76",-
SãoJoão,Disponível,186.0,13,7891317007454.0,Rehidrat 50 Supera 4 Envelopes,"37,40","35,29",-5.6%,"35,29",-5.6%
SãoJoão,Disponível,186.0,13,7898581710462.0,"Rivotril 0,25mg 30 Comprimidos Sublinguais","10,17","10,17",-,"10,17",-
SãoJoão,Disponível,186.0,13,7896094918504.0,Rizi M 10mg+5mg 14 Comprimidos Revestidos Farmasa,"144,34","119,49",-17.2%,"119,49",-17.2%
SãoJoão,Disponível,185.0,12,7896070601451.0,Secnidal 1000Mg 4 Comprimidos Aventis,"96,25","96,25",-,"96,25",-
SãoJoão,Disponível,185.0,13,7891317000608.0,Desve 50mg 30 Comprimidos Revestidos Liberação Prolongada Eurofarma (C1),"87,09","74,99",-13.9%,"74,99",-13.9%
SãoJoão,Disponível,185.0,12,7896004704364.0,Cefalexina 250mg 100ml Genérico EMS,"70,68","40,46",-42.8%,"40,46",-42.8%
SãoJoão,Disponível,185.0,12,7891142140586.0,Desalex Xarope 60ml Supera,"66,78","59,79",-10.5%,"59,79",-10.5%
SãoJoão,Disponível,184.0,13,7896658024993.0,Apracur Duo 500mg/2mg/30mg 20 Comprimidos Revestidos,"103,79","103,79",-,"103,79",-
SãoJoão,Disponível,184.0,14,7891142140555.0,Esalerg 5mg 10 Comprimidos Revestidos Aché,"83,47","83,47",-,"83,47",-
SãoJoão,Disponível,184.0,13,7896422513968.0,Cloridrato De Venlafaxina 150mg Genérico Medley 30 Cápsulas Duras (C1),"182,88","109,90",-39.9%,"109,90",-39.9%
SãoJoão,Disponível,184.0,13,7898149931735.0,Hormotrop 4UI Pó 1 Frasco 1ml Bergamo (C5),"97,03","68,55",-29.4%,"68,55",-29.4%
SãoJoão,Disponível,184.0,14,7896181920397.0,Corus 25mg 30 Comprimidos Revestidos,"55,81","55,81",-,"55,81",-
SãoJoão,Disponível,184.0,12,7891317014254.0,"Atrace 37,5+325mg 20 Comprimidos Revestidos Momenta (A2)","66,13","56,69",-14.3%,"56,69",-14.3%
SãoJoão,Disponível,183.0,12,7896004706733.0,Diltiazem 30mg 50 Comprimidos Genérico EMS,"26,99","23,69",-12.2%,"23,69",-12.2%
SãoJoão,Disponível,183.0,12,7896641800429.0,Legalon Mylan 90mg 30 Drágeas,"156,36","156,36",-,"156,36",-
SãoJoão,Disponível,183.0,13,7891721201530.0,Glifage XR 850mg 30 Comprimidos Merck,"41,97","41,97",-,"41,97",-
SãoJoão,Disponível,183.0,12,7896227800034.0,Salonpas Gel Dermatológico 40g,"40,19","40,19",-,"40,19",-
SãoJoão,Disponível,182.0,14,7897851250394.0,Sinvascor 10mg 30 Comprimidos Baldacci,"20,76","12,90",-37.9%,"12,90",-37.9%
SãoJoão,Disponível,182.0,12,7898687732863.0,Zolpidem 5mg 30 Comprimidos Sublinguais Genérico Eurofarma (B1),"72,15","54,90",-23.9%,"54,90",-23.9%
SãoJoão,Disponível,182.0,14,7896083412228.0,Maracujá Herbarium 20 comprimidos,"23,22","21,79",-6.2%,"21,79",-6.2%
SãoJoão,Disponível,181.0,13,7896083402540.0,Clifemin Herbarium 30 Comprimidos,"151,95","123,89",-18.5%,"123,89",-18.5%
SãoJoão,Disponível,181.0,12,7795320008821.0,Trok-N Creme Dermatológico 10g,"50,17","44,69",-10.9%,"44,69",-10.9%
SãoJoão,Disponível,181.0,12,7896112470458.0,"Drenison Loção Capilar Biolab 0,5% 30ml","54,64","54,64",-,"54,64",-
SãoJoão,Disponível,180.0,12,7896004737119.0,Paroxetina 20mg 30 Comprimidos Revestidos Genérico EMS (C1),"60,52","29,90",-50.6%,"29,90",-50.6%
SãoJoão,Disponível,180.0,12,7896658034787.0,"Rubia 0,075mg 84 Comprimidos Aché","109,43","90,99",-16.9%,"90,99",-16.9%
SãoJoão,Disponível,180.0,12,7896548199572.0,Simbrinza Solução Oftálmica 8ml Alcon,"162,18","162,18",-,"162,18",-
SãoJoão,Disponível,180.0,12,7897595617637.0,Neotiapim 100mg 30 Comprimidos Revestidos Sandoz (C1),"170,78","170,78",-,"170,78",-
SãoJoão,Disponível,179.0,13,7896006234067.0,"Ciclo 21 0,15mg/0,03mg 21 Comprimidos","10,91","10,91",-,"10,91",-
SãoJoão,Disponível,179.0,12,7891045029063.0,Dicoxibe 200Mg 10 Cápsulas Upjohn (C1),"65,21","65,21",-,"65,21",-
SãoJoão,Disponível,179.0,13,7899547522150.0,Sertralina 50mg 30 Comprimidos Revestidos Genérico Prati-Donaduzzi (C1),"51,15","12,49",-75.6%,"12,49",-75.6%
SãoJoão,Disponível,179.0,12,7898040325237.0,Maresis Baby Spray,"57,13","53,59",-6.2%,"53,59",-6.2%
SãoJoão,Indisponível,179.0,12,0.0,Seretide 50mcg + 100mcg 60 Doses,0,0,0,0,0
SãoJoão,Disponível,179.0,12,7891317451752.0,"Astro 1500mg Suspensão Oral 37,5ml Eurofarma","81,66","72,29",-11.5%,"72,29",-11.5%
SãoJoão,Disponível,179.0,12,7899420508448.0,Azod 100mg 30 Comprimidos Revestidos Supera (C1),"66,50","55,69",-16.3%,"55,69",-16.3%
SãoJoão,Disponível,178.0,13,7896181921288.0,Betaistina 8mg 30 Comprimidos Genérico Biosintética,"25,27","22,99",-9.0%,"22,99",-9.0%
SãoJoão,Disponível,178.0,12,7896261012356.0,Diovan HCT 320mg + 25mg 28 Comprimidos FQM,"178,57","178,57",-,"178,57",-
SãoJoão,Disponível,178.0,13,7891106912273.0,Gino-Canesten Calm Sabonete Íntimo em Gel para Coceira Vaginal 100ml,"55,99","55,99",-,"55,99",-
SãoJoão,Disponível,178.0,12,7893595770662.0,Floral Therapi 30Ml Baixa Auto Estima,"36,90","29,90",-19.0%,"29,90",-19.0%
SãoJoão,Disponível,178.0,12,5000456060721.0,Daxas 500mcg 30 Comprimidos Revestidos Astrazeneca,"317,39","253,91",-20.0%,"253,91",-20.0%
SãoJoão,Disponível,178.0,15,7891058212070.0,Daonil Aventis 5mg 30 Comprimidos,"25,28","22,39",-11.4%,"22,39",-11.4%
SãoJoão,Disponível,177.0,12,7896015510022.0,Atak Clav 14 Comprimidos Revestidos,"143,66","143,66",-,"143,66",-
SãoJoão,Indisponível,177.0,14,0.0,Xarope Gabiru 220g Promel,0,0,0,0,0
SãoJoão,Disponível,177.0,13,7896226500379.0,Bactrim 200g+40mg 100ml,"30,36","21,90",-27.9%,"21,90",-27.9%
SãoJoão,Disponível,177.0,15,7896094925823.0,Vitasay Melatonina Laranja 150 Comprimidos,"58,99","58,99",-,"58,99",-
SãoJoão,Disponível,177.0,13,7896637033015.0,Xanev Rivaroxabana 20mg 28 Comprimidos Revestidos Mylan,"195,23","195,23",-,"195,23",-
SãoJoão,Disponível,177.0,14,7891317412692.0,Annita Suspensão Oral 45ml,"57,34","52,19",-9.0%,"52,19",-9.0%
SãoJoão,Indisponível,177.0,12,0.0,Hidralyte 45 45mg/ml Solução Oral Uva 500ml,0,0,0,0,0
SãoJoão,Disponível,176.0,12,7896181901808.0,Cordarex 10mg 30 Comprimidos Aché,"60,29","60,29",-,"60,29",-
SãoJoão,Indisponível,176.0,12,0.0,Pen Ve Oral Supera 500 000 UI 12 Comprimidos,0,0,0,0,0
SãoJoão,Disponível,176.0,13,7898906376434.0,Simbioflora Pó para Solução Oral 15 Sachês de 6g,"60,75","55,09",-9.3%,"55,09",-9.3%
SãoJoão,Disponível,176.0,12,5702150155481.0,Vurtuoso 10mg 60 Comprimidos  (C1),"394,05","315,24",-20.0%,"315,24",-20.0%
SãoJoão,Disponível,175.0,14,7896548198636.0,"Travatan Bak-Free 2,5Ml Colirio Novartis","188,18","188,18",-,"188,18",-
SãoJoão,Disponível,175.0,12,8902220108578.0,Rosucor 10mg 100 Comprimidos Revestidos,"125,40","100,79",-19.6%,"100,79",-19.6%
SãoJoão,Disponível,175.0,12,7897917004169.0,Supositório Glicerina Adulto 6 Supositórios Glicerilax Belfar,"14,90","14,90",-,"14,90",-
SãoJoão,Disponível,175.0,13,7891721024481.0,DexaCitoneurin NFF Solução Injetável 3 Ampolas de 1ml + Diluente 3 Ampolas de 2ml,"52,87","46,99",-11.1%,"46,99",-11.1%
SãoJoão,Disponível,175.0,13,7891317435431.0,Sinot 875mg 14 Comprimidos Revestidos,"59,69","53,79",-9.9%,"53,79",-9.9%
SãoJoão,Disponível,175.0,12,7891317448745.0,Riss 2mg 30 Comprimidos Eurofarma (C1),"60,56","49,59",-18.1%,"49,59",-18.1%
SãoJoão,Disponível,174.0,13,7908134200736.0,Vizuria 1 Envelope Granulado Exeltis,"59,56","51,09",-14.2%,"51,09",-14.2%
SãoJoão,Disponível,174.0,15,7898927111137.0,Camilia Solução Oral 30 Flaconetes de 1ml,"207,49","207,49",-,"207,49",-
SãoJoão,Disponível,173.0,12,7896004701172.0,Claritromicina Genérico EMS 500mg 10 Comprimidos,"186,35","99,90",-46.4%,"99,90",-46.4%
SãoJoão,Disponível,173.0,13,7899547514254.0,Pramipexol 1mg 30 Comprimidos Genérico Prati-Donaduzzi (C1),"226,80","103,99",-54.1%,"103,99",-54.1%
SãoJoão,Indisponível,173.0,13,0.0,"Estomazil Guaraná 462mg + 90mg + 438mg, envelope com 5g de pó Efervescente",0,0,0,0,0
SãoJoão,Disponível,173.0,12,7896253902122.0,Creon 10000 30 Cápsulas Abbott,"89,32","74,29",-16.8%,"74,29",-16.8%
SãoJoão,Disponível,172.0,12,7896094208896.0,Vatis 300mg 60 Comprimidos Libbs,"181,10","144,88",-20.0%,"144,88",-20.0%
SãoJoão,Disponível,171.0,14,7896094931015.0,Enzima Digestiva Protese Gastrol Digest Glúten Hypera Pharma 6 Cápsulas,"42,99","42,99",-,"42,99",-
SãoJoão,Disponível,171.0,12,7891058002695.0,Trimetazidina 35mg 60 Comprimidos Revisado Genérico Medley,"130,79","96,89",-25.9%,"96,89",-25.9%
SãoJoão,Disponível,171.0,12,7896094208285.0,Sumaxpro 500mg/85mg 2 Comprimidos Revestidos,"72,05","61,39",-14.8%,"61,39",-14.8%
SãoJoão,Disponível,170.0,12,7891268144086.0,Feldene Wyeth 20mg 10 Cápsulas,"45,43","45,43",-,"45,43",-
SãoJoão,Disponível,170.0,14,7896523201061.0,Domperidona 10mg Genérico Cimed 60 Comprimidos,"40,97","33,59",-18.0%,"33,59",-18.0%
SãoJoão,Disponível,169.0,13,7896714274799.0,Blumel Hedera Xarope Pediátrico 100ml Hypera Pharma,"39,43","37,39",-5.2%,"37,39",-5.2%
SãoJoão,Disponível,169.0,12,7896241241394.0,Aradois 25mg 30 Comprimidos Revestidos Biolab,"57,37","48,99",-14.6%,"48,99",-14.6%
SãoJoão,Disponível,169.0,12,7896094206366.0,Naprix 5mg 30 Comprimidos,"84,02","69,49",-17.3%,"69,49",-17.3%
SãoJoão,Disponível,168.0,13,7896004749648.0,Tadalafila 20mg 2 Comprimidos Revestidos Genérico EMS,"42,28","9,90",-76.6%,"9,90",-76.6%
SãoJoão,Disponível,168.0,13,735201084169.0,Floral Therapi Resgate SOS 30ml,"36,90","29,90",-19.0%,"29,90",-19.0%
SãoJoão,Disponível,168.0,14,7896094210639.0,Reconter ODT 10mg 30 Comprimidos Libbs (C1),"159,66","130,09",-18.5%,"130,09",-18.5%
SãoJoão,Indisponível,167.0,12,0.0,Florence Pro Avert 6 Sachês 4g,0,0,0,0,0
SãoJoão,Disponível,167.0,12,7896094203266.0,"Naprix D 5mg+12,5mg 30 Cápsulas Libbs","76,53","62,09",-18.9%,"62,09",-18.9%
SãoJoão,Disponível,166.0,13,7896523201535.0,Metoprolol 50mg Genérico Cimed 30 Comprimidos Revestidos,"62,87","35,90",-42.9%,"35,90",-42.9%
SãoJoão,Indisponível,166.0,14,0.0,Sorine Solução Nasal 30ml,0,0,0,0,0
SãoJoão,Disponível,166.0,13,7896179850040.0,Tamarine 6mg 20 Cápsulas Hypera Pharma,"99,76","85,09",-14.7%,"85,09",-14.7%
SãoJoão,Disponível,166.0,13,7896112400431.0,Press Plus 5mg/20mg 60 Cápsulas Duras,"241,92","241,92",-,"241,92",-
SãoJoão,Disponível,164.0,13,7896181905271.0,Alenia 6+100mcg 60 Cápsulas + Inalador ACHE,"116,40","96,79",-16.8%,"96,79",-16.8%
SãoJoão,Disponível,164.0,12,7896672203923.0,"Broncho-Vaxom 3,5mg 30 Sachês Chiesi","212,03","172,69",-18.6%,"172,69",-18.6%
SãoJoão,Disponível,163.0,14,7896094201033.0,"Minian 0,15mg/0,02mg 63 Comprimidos Revestidos","124,67","87,27",-30.0%,"87,27",-30.0%
SãoJoão,Disponível,163.0,12,7896658022104.0,Livepax 500Mg 10 Comprimidos Revestidos Aché,"164,16","164,16",-,"164,16",-
SãoJoão,Disponível,163.0,13,7896714293387.0,Bronfeniramina + Cloridrato De Fenilefrina 120Ml Genérico Neo Quimica,"21,22","21,22",-,"21,22",-
SãoJoão,Disponível,163.0,12,7896658018763.0,"Bravan HCT 160mg+12,5mg 30 Comprimidos Revestidos Aché","83,91","67,99",-19.0%,"67,99",-19.0%
SãoJoão,Disponível,162.0,13,7899547500097.0,Citalopram Genérico Prati 20mg 30 Comprimidos Revestidos (C1),"52,28","29,90",-42.8%,"29,90",-42.8%
SãoJoão,Disponível,162.0,13,7891142177124.0,Alivium 30ml Gotas Pediátricas Mantecorp,"45,94","41,79",-9.0%,"41,79",-9.0%
SãoJoão,Disponível,161.0,14,7896658023323.0,Montelair 4mg 30 Comprimidos Mast Aché,"77,96","65,89",-15.5%,"65,89",-15.5%
SãoJoão,Disponível,159.0,14,7894916512107.0,Somalgin Cardio 81mg 60 Comprimidos Revestidos Sigma,"31,89","28,29",-11.3%,"28,29",-11.3%
SãoJoão,Disponível,157.0,13,7896004777801.0,Ivermectina 6mg 4 Comprimidos Genérico Germed,"39,18","23,99",-38.8%,"23,99",-38.8%
SãoJoão,Disponível,157.0,12,7898996084721.0,"Extrato Cannabis Sativa 160,32mg/ml 10ml Greencare Pharma (A3)","589,00","589,00",-,"589,00",-
SãoJoão,Disponível,156.0,12,7896004768298.0,Donepezila + Memantina 10 + 10mg 7 Comprimidos Genérico EMS (C1),"197,36","92,29",-53.2%,"92,29",-53.2%
SãoJoão,Disponível,155.0,12,7896676435184.0,Plenigell 5mg/ml Solução Oftálmica 5ml,"30,39","27,99",-7.9%,"27,99",-7.9%
SãoJoão,Disponível,155.0,14,7891317028794.0,Ketto 10mg 10 Comprimidos Momenta,"34,49","29,79",-13.6%,"29,79",-13.6%
SãoJoão,Disponível,155.0,12,4030729003767.0,Vimpat 50mg 14 Comprimidos UCB (C1),"91,53","91,53",-,"91,53",-
SãoJoão,Disponível,154.0,14,7896658046827.0,"Combfix 37,5/325mg 20 Comprimidos Biosintética (A2)","57,68","57,68",-,"57,68",-
SãoJoão,Disponível,154.0,12,616.0,"Vacina Gripe Influvac Tetra 1 Seringa Preenchida 0,5 ml Abbott + Aplicação","79,90","79,90",-,"79,90",-
SãoJoão,Disponível,153.0,12,7894916512787.0,Enavo ODT 8mg 10 Comprimidos,"59,13","53,09",-10.2%,"53,09",-10.2%
SãoJoão,Disponível,151.0,16,7896094210660.0,Zider 20mg/ml 30ml Libbs (C1),"85,35","68,09",-20.2%,"68,09",-20.2%
SãoJoão,Disponível,149.0,13,7896004722474.0,Lidocaína 50mg Genérico EMS Pomada Laranja 50mg,"18,62","18,62",-,"18,62",-
SãoJoão,Disponível,149.0,13,5000456095372.0,Nexium 40mg 14 Comprimidos AstraZeneca,"234,12","234,12",-,"234,12",-
SãoJoão,Disponível,148.0,12,7898687732283.0,Vildagliptina 50mg 60 Comprimidos Genérico Althaia,"144,80","112,29",-22.5%,"112,29",-22.5%
SãoJoão,Disponível,148.0,12,7898040323905.0,Junno FQM 200mg 14 Comprimidos,"76,77","66,09",-13.9%,"66,09",-13.9%
SãoJoão,Disponível,147.0,13,7896004753089.0,Lercanidipino 10mg 30 Comprimidos Revestidos Genérico EMS,"123,59","87,29",-29.4%,"87,29",-29.4%
SãoJoão,Disponível,145.0,13,7898244720609.0,MareSis Flex Alto Volume 15 Sachês + Frasco 120ml FQM,"50,19","50,19",-,"50,19",-
SãoJoão,Disponível,145.0,13,7896070601468.0,Secnidal 1000Mg 2 Comprimidos Aventis,"51,35","51,35",-,"51,35",-
SãoJoão,Disponível,143.0,13,5413787002795.0,Inspra 25mg 30 Comprimidos Revestidos Upjohn,"78,99","60,29",-23.7%,"60,29",-23.7%
SãoJoão,Disponível,142.0,13,7896227800041.0,Massageol Aerossol Solução Dermatológica 90g,"51,98","51,98",-,"51,98",-
SãoJoão,Disponível,140.0,13,7896658020988.0,Motore 250mg 60 Comprimidos Ache,"177,22","177,22",-,"177,22",-
SãoJoão,Disponível,140.0,14,7896004712673.0,Loratadina 100ml Alergaliv Legrand,"15,90","11,19",-29.6%,"11,19",-29.6%
SãoJoão,Disponível,138.0,13,7891142982100.0,Coristina D Pro 16 Comprimidos Hypera Pharma,"43,95","43,95",-,"43,95",-
SãoJoão,Disponível,138.0,12,7891317013615.0,Carbolitium 300mg 90 Comprimidos  (C1),"83,43","67,59",-19.0%,"67,59",-19.0%
SãoJoão,Disponível,138.0,13,7891158101687.0,Rivacrist 15mg 28 Comprimidos Revestidos Abbott,"279,50","279,50",-,"279,50",-
SãoJoão,Disponível,135.0,14,7896658008788.0,Synthroid 75mcg 30 Comprimidos,"21,29","19,39",-8.9%,"19,39",-8.9%
SãoJoão,Disponível,134.0,12,7896094207349.0,Stavigile 200mg 30 Comprimidos Libbs (B1),"339,42","271,54",-20.0%,"271,54",-20.0%
SãoJoão,Disponível,132.0,13,7899470802565.0,Buscoplex Composto Solução Oral 20ml,"19,90","14,90",-25.1%,"14,90",-25.1%
SãoJoão,Disponível,131.0,12,7896112440246.0,"Vasopril Plus 20+12,5mg 60 Comprimidos Biolab","175,18","140,14",-20.0%,"140,14",-20.0%
SãoJoão,Disponível,130.0,12,8902220109599.0,Rosucor 20mg 60 Comprimidos Revestidos Torrent,"138,73","111,79",-19.4%,"111,79",-19.4%
SãoJoão,Disponível,129.0,13,7896004731568.0,Escitalopram 10mg 30 Comprimidos Revestidos Genérico EMS (C1),"83,00","24,89",-70.0%,"24,89",-70.0%
SãoJoão,Disponível,128.0,13,7896004705873.0,Atenolol Genérico EMS 50mg 30 Comprimidos,"27,40","27,40",-,"27,40",-
SãoJoão,Disponível,128.0,14,5000456082990.0,Qtern 5mg/10mg 30 Comprimidos Revestidos,"306,00","244,80",-20.0%,"244,80",-20.0%
SãoJoão,Disponível,128.0,12,7896714273426.0,Nitazoxanida 500mg 6 Comprimidos Revestidos Genérico Neo Química,"72,00","40,79",-43.3%,"40,79",-43.3%
SãoJoão,Disponível,125.0,12,7896637031509.0,Ibupril 600mg 20 Comprimidos,"72,96","72,96",-,"72,96",-
SãoJoão,Disponível,122.0,13,7891058015756.0,Novalgina 1G 2 Comprimdos Efervecentes Opella Avulso,"37,16","30,99",-16.6%,"30,99",-16.6%
SãoJoão,Disponível,119.0,13,7896422508742.0,Simeticona Genérico Medley 125mg 10 Cápsulas,"13,17","9,99",-24.1%,"9,99",-24.1%
SãoJoão,Disponível,115.0,12,7891721202834.0,Levotiroxina Sódica 75mcg Genérico Merck 30 Comprimidos,"14,24","14,24",-,"14,24",-
SãoJoão,Disponível,115.0,13,7891317019204.0,Tamiram Eurofarma 500mg 3 Comprimidos Revestidos,"54,87","54,87",-,"54,87",-
SãoJoão,Disponível,88.0,12,7896094210318.0,Coglive 16mg 60 Cápsulas Dura Liberação Prolongada Liberação LIBBS (C1),"363,44","290,75",-20.0%,"290,75",-20.0%
