Farmácia,Status,Total Unidades Vendidas,Frequencia_Vendas,EAN_ou_SKU,Nome_do_Produto,Preco_Tabela,Preco_Cartao_Valor,Desconto_Cartao,Preco_Pix_Valor,Desconto_Pix
VeraCruz,Disponível,582.0,15,7896241270363,"Drenison 0,125mg/g Creme 30g","47,86","42,12",-12.0%,"40,01",-16.4%
VeraCruz,Disponível,578.0,16,7898616360303,Glargilin 100ui/ml 1 caneta descartável preenchida com 3ml de solução injetável,"76,63","67,43",-12.0%,"64,06",-16.4%
VeraCruz,Disponível,555.0,16,7896094210714,Naprix 5mg 90 comprimidos,"188,01","69,57",-63.0%,"132,17",-29.7%
VeraCruz,Disponível,546.0,16,7896714290515,"Fluidificante Nasal Neosoro 0,9% Fluid Spray 50ml",0,0,0,0,0
VeraCruz,Disponível,541.0,15,7896523200576,Cimegripe 20 cápsulas,"29,43","10,90",-63.0%,"10,36",-64.8%
VeraCruz,Disponível,541.0,17,7892953000182,"OSTEOTEC - 150mg, 1 comprimido revestido",0,0,0,0,0
VeraCruz,Disponível,536.0,17,7896331702057,Calotrat Hertz Solução 5ml,"17,90","15,39",-14.0%,"14,62",-18.3%
VeraCruz,Disponível,536.0,15,7898430192067,"Suplemento Vitamínico Unizinco 17,60mg/ml Sabor Tutti Frutti 100ml","34,74","31,27",-10.0%,"29,71",-14.5%
VeraCruz,Disponível,533.0,15,7896112104070,Venaflon 900mg + 100mg 60 comprimidos,"270,29","54,06",-80.0%,"102,71",-62.0%
VeraCruz,Disponível,531.0,15,7896658023323,Montelair 4mg Sabor Cereja 30 comprimidos mastigáveis,"78,90","65,49",-17.0%,"62,22",-21.1%
VeraCruz,Disponível,521.0,15,7896004726724,Hormoskin Creme Dermatológico 15g,"100,48","94,45",-6.0%,"89,73",-10.7%
VeraCruz,Disponível,508.0,14,7896658018992,Esalerg 5mg 10 comprimidos revestidos,"70,48","61,32",-13.0%,"58,25",-17.4%
VeraCruz,Disponível,507.0,16,7896112407881,DTN-fol 400mcg + 10mg 90 cápsulas moles,0,0,0,0,0
VeraCruz,Disponível,505.0,16,7892953001745,Flodin Duo 150mg 10 comprimidos de liberação controlada,0,0,0,0,0
VeraCruz,Disponível,503.0,16,7896230301283,Óleo Mineral ADV Farma 100% Puro 100ml,"14,90","12,67",-15.0%,"12,04",-19.2%
VeraCruz,Disponível,501.0,14,7896714292137,Pepsamar Sabor Menta 10 comprimidos mastigáveis,"9,00","8,37",-7.0%,"7,95",-11.7%
VeraCruz,Disponível,500.0,15,7898029552210,Diamicron MR 60mg 60 comprimidos de liberação prolongada,"211,69","56,45",-73.3%,"160,88",-24.0%
VeraCruz,Disponível,499.0,15,7891317009717,Tâmisa 30 75mcg + 30mcg 21 drágeas,"39,79","33,03",-17.0%,"31,38",-21.1%
VeraCruz,Disponível,497.0,15,7891721024924,"Concor 1,25mg 30 comprimidos revestidos","77,14","60,17",-22.0%,"57,16",-25.9%
VeraCruz,Disponível,495.0,13,7891106910163,Gyno - Icaden 10mg/g Creme Vaginal 40g + 7 aplicadores,0,0,0,0,0
VeraCruz,Disponível,493.0,13,7896004726793,Bálsamo Bengué Aerossol 85ml,"46,95","36,62",-22.0%,"34,79",-25.9%
VeraCruz,Disponível,493.0,14,7894916500272,Neutrofer 500mg 30 comprimidos revestidos,"93,25","79,26",-15.0%,"75,30",-19.2%
VeraCruz,Disponível,490.0,14,7898074617803,Spidufen 1155mg Sabor Damasco com 10 Envelopes de 3g cada,"55,37","48,17",-13.0%,"45,76",-17.4%
VeraCruz,Disponível,490.0,13,7896026170635,Laxol Sabor Hortelã 60ml,"29,90","22,43",-25.0%,"21,31",-28.7%
VeraCruz,Disponível,490.0,14,5702191025620,Icaden 10mg/g Creme Dermatológico 20g,"52,34","48,68",-7.0%,"46,25",-11.6%
VeraCruz,Disponível,485.0,15,7891035010842,Pastilhas para Garganta Strepsils Sabor Mel e Limão 8 pastilhas,"17,49","14,87",-15.0%,"14,13",-19.2%
VeraCruz,Disponível,482.0,16,7895858017194,Emla 5%  Creme 5g + 2 bandagens oclusivas,0,0,0,0,0
VeraCruz,Disponível,479.0,14,7896685303450,Suplemento Vitamínico Imunoglucan DS Sabor Tutti-Frutti 150ml,"82,90","77,10",-7.0%,"73,25",-11.6%
VeraCruz,Disponível,479.0,15,7896181901808,Cordarex 10mg 30 comprimidos,"61,03","50,65",-17.0%,"48,12",-21.2%
VeraCruz,Disponível,475.0,14,7896331701661,Resfenol Xarope Sabor Laranja 100ml,"32,87","32,87",-0.0%,"31,23",-5.0%
VeraCruz,Disponível,473.0,15,7896006210788,Doxaprost 4mg 30 comprimidos,"74,65","35,83",-52.0%,"34,04",-54.4%
VeraCruz,Disponível,472.0,16,7896004778297,Capy Solução Capilar 50mg/ml 2 frascos de 50ml cada,0,0,0,0,0
VeraCruz,Disponível,470.0,14,7896637022552,Retemic 5mg 30 comprimidos,"45,29","39,40",-13.0%,"37,43",-17.4%
VeraCruz,Disponível,470.0,14,7896658040221,"Feminique Conti 3mg + 0,03mg 28 comprimidos","70,23","58,99",-16.0%,"56,04",-20.2%
VeraCruz,Disponível,467.0,15,7896523207704,"Loratadina 1mg/ml, Cimed 100ml","35,80","15,75",-56.0%,"14,96",-58.2%
VeraCruz,Disponível,467.0,15,7892953001370,Pyridium 100mg 25 Drágeas,"29,90","23,62",-21.0%,"22,44",-24.9%
VeraCruz,Disponível,466.0,13,7896658005978,Mirtax 5mg 30 comprimidos revestidos,0,0,0,0,0
VeraCruz,Disponível,465.0,14,7896094207745,Stanglit 15mg 30 comprimidos,"94,97","72,18",-24.0%,"68,57",-27.8%
VeraCruz,Disponível,465.0,15,7896112401605,"Vonau Flash 8mg, Sabor Menta 10 comprimidos de desintegração oral","97,38","67,19",-31.0%,"63,83",-34.5%
VeraCruz,Disponível,464.0,16,7896641808777,Mesacol 250mg 15 supositórios,"82,27","68,28",-17.0%,"64,87",-21.1%
VeraCruz,Disponível,463.0,16,7897337706568,Singulair 10mg 30 comprimidos,"94,53","76,57",-19.0%,"72,74",-23.1%
VeraCruz,Disponível,460.0,14,7896112407034,Doss Zinco 2000UI + 20mg 60 cápsulas gelatinosas moles,"72,50","72,50",-0.0%,"68,88",-5.0%
VeraCruz,Disponível,459.0,14,7896658024955,Bravan Duo 160mg/5mg 30 comprimidos,0,0,0,0,0
VeraCruz,Disponível,459.0,14,7896094201453,Siblima 60mcg + 15mcg 24 comprimidos revestidos,"46,62","36,36",-22.0%,"34,54",-25.9%
VeraCruz,Disponível,458.0,14,7891317140885,Piemonte10mg 30 comprimidos revestidos,"76,50","61,97",-19.0%,"58,87",-23.0%
VeraCruz,Disponível,458.0,14,7897322709536,Vitamina D3 Addera D3 50.000UI 10 comprimidos revestidos,0,0,0,0,0
VeraCruz,Disponível,457.0,15,7896230301689,Calicida Solução ADV 10ml,"25,90","25,90",-0.0%,"24,61",-5.0%
VeraCruz,Disponível,457.0,13,7896658036057,Cefalium One 750mg 20 Comprimidos,"32,46","27,59",-15.0%,"26,21",-19.3%
VeraCruz,Disponível,457.0,15,7897411610958,Loxonin 60mg 30 comprimidos,0,0,0,0,0
VeraCruz,Disponível,456.0,14,7897337716345,Microdiol 150mcg + 30mcg 21 comprimidos,"52,41","36,16",-31.0%,"34,35",-34.5%
VeraCruz,Disponível,455.0,13,7896083402625,"Imunoflan 307,39mg/ml Xarope 120ml",0,0,0,0,0
VeraCruz,Disponível,455.0,14,7894916550048,Propranolol 10mg 30 comprimidos,"10,82","8,87",-18.0%,"8,43",-22.1%
VeraCruz,Disponível,454.0,16,7896094209503,"Iziz 2,5mg + 1,5mg 28 Comprimidos Revestidos","59,61","47,69",-20.0%,"45,31",-24.0%
VeraCruz,Disponível,454.0,15,7896112470526,"Press Plus 2,5mg + 10mg 30 cápsulas","78,95","78,95",-0.0%,"75,00",-5.0%
VeraCruz,Disponível,453.0,16,7896637022910,Unoprost 2mg 30 comprimidos,"36,48","31,74",-13.0%,"30,15",-17.4%
VeraCruz,Disponível,453.0,16,7896676410761,Funtyl 250mg 14 comprimidos,0,0,0,0,0
VeraCruz,Disponível,452.0,15,7896094922426,"Nesina Met* 12,5mg + 1000mg 60 comprimidos revestidos",0,0,0,0,0
VeraCruz,Disponível,452.0,14,7893454100654,"Dermosalic 0,5mg/ml + 20,0mg/ml 30ml","53,06","23,88",-55.0%,"22,69",-57.2%
VeraCruz,Disponível,452.0,13,7891317009748,Tâmisa 30 Sem Parar 75mcg + 30mcg 28 drágeas,"51,68","42,89",-17.0%,"40,75",-21.1%
VeraCruz,Disponível,451.0,14,7896226101873,Endofolin 5mg 30 comprimidos revestidos,"47,26","40,64",-14.0%,"38,61",-18.3%
VeraCruz,Disponível,450.0,15,7896255764933,Tanakan 120mg 30 comprimidos revestidos,"367,35","96,74",-73.7%,"275,70",-24.9%
VeraCruz,Disponível,449.0,15,7896658007996,Decongex Plus 4 comprimidos,"10,76","9,90",-8.0%,"9,41",-12.5%
VeraCruz,Disponível,449.0,16,7891721014796,Euthyrox 200mcg 50 comprimidos,"74,87","56,90",-24.0%,"54,06",-27.8%
VeraCruz,Disponível,448.0,15,7895858010324,Zyloric 100mg 30 comprimidos,"23,65","20,81",-12.0%,"19,77",-16.4%
VeraCruz,Disponível,448.0,13,7896523201436,Leite de Magnésia 80mg/ml Sem Sabor 120ml,0,0,0,0,0
VeraCruz,Disponível,448.0,14,7896261005884,Diovan 160mg 28 comprimidos revestidos,"151,14","50,38",-66.7%,"143,58",-5.0%
VeraCruz,Disponível,447.0,13,7896094921986,Neosaldina 4 drágeas,"9,20","7,45",-19.0%,"7,08",-23.0%
VeraCruz,Disponível,447.0,14,7896181909088,DERMOMAX - 40mg/g 1 bisnaga com 5g de creme de uso dermatológico,0,0,0,0,0
VeraCruz,Disponível,445.0,15,7896548199572,Solução Oftálmica Simbrinza 10mg/ml + 2mg/ml 8ml,"164,17","54,72",-66.7%,"155,96",-5.0%
VeraCruz,Disponível,445.0,14,7891317462475,Primera 20 150mcg + 20mcg 63 comprimidos,"94,63","76,65",-19.0%,"72,82",-23.0%
VeraCruz,Disponível,444.0,14,7896083410415,Prostatal 160mg 30 cápsulas moles,"168,34","74,91",-55.5%,"142,33",-15.5%
VeraCruz,Disponível,444.0,15,7896226506142,Tamiflu 75mg 10 cápsulas,0,0,0,0,0
VeraCruz,Disponível,443.0,14,7896227800041,Salonpas Air Aerosol 80ml,"52,61","45,77",-13.0%,"43,48",-17.4%
VeraCruz,Disponível,443.0,16,7896523202822,Loratamed 10mg Cimed 12 comprimidos,"22,44","5,09",-77.3%,"4,84",-78.4%
VeraCruz,Disponível,443.0,13,7891142177049,Predsim 5mg 20 comprimidos,"27,77","24,44",-12.0%,"23,22",-16.4%
VeraCruz,Disponível,442.0,13,7896658006043,Diosmin 450mg + 50mg 30 comprimidos revestidos,"70,37","70,37",-0.0%,"66,85",-5.0%
VeraCruz,Disponível,441.0,14,7898029550131,"ARCALION - 200mg, 60 drágeas",0,0,0,0,0
VeraCruz,Disponível,441.0,14,7891721016202,Floralyte 45 Sabor Guaraná 500ml,0,0,0,0,0
VeraCruz,Disponível,441.0,13,7896094921887,Ondif 8mg 10 filmes,"92,65","69,48",-25.0%,"66,01",-28.8%
VeraCruz,Disponível,441.0,13,7894916500425,Neutrofer Fólico 150mg + 5mg 30 comprimidos revestidos,0,0,0,0,0
VeraCruz,Disponível,441.0,14,7896714200804,Torsilax Neo Química 30 comprimidos,"36,13","16,26",-55.0%,"15,45",-57.2%
VeraCruz,Disponível,440.0,14,7898029558816,Vastarel MR 35mg 60 comprimidos de liberação prolongada,"203,68","52,96",-74.0%,"150,93",-25.9%
VeraCruz,Disponível,440.0,14,7896637023450,Lonium 40mg 60 comprimidos revestidos,"143,94","64,06",-55.5%,"121,70",-15.5%
VeraCruz,Disponível,440.0,14,7896422528719,Zinpass 10mg 30 comprimidos revestidos,"68,71","55,66",-19.0%,"52,88",-23.0%
VeraCruz,Disponível,440.0,14,7897406119886,"Cutisanol 3mg/g + 1,5mg/g + 93,33mg/g Pó 150g","56,50","49,16",-13.0%,"46,70",-17.3%
VeraCruz,Disponível,439.0,14,7896112406402,"Embo 2,5mg 20 comprimidos revestidos","78,92","59,19",-25.0%,"56,23",-28.8%
VeraCruz,Disponível,439.0,14,7892953101865,"Tecnomet 2,5mg 20 comprimidos","44,94","36,40",-19.0%,"34,58",-23.1%
VeraCruz,Disponível,439.0,13,7896181915072,Lotar 5mg + 50mg 30 cápsulas,"88,06","72,21",-18.0%,"68,60",-22.1%
VeraCruz,Disponível,438.0,13,7896637023658,Miosan 5mg 10 comprimidos revestidos,0,0,0,0,0
VeraCruz,Disponível,438.0,15,7892953000328,"Condroflex 1,5g + 1,2g 30 sachês com pó para solução oral","157,65","55,18",-65.0%,"104,84",-33.5%
VeraCruz,Disponível,438.0,14,7894916503419,Somalgin Cardio 200mg 32 comprimidos revestidos de dupla camada,"31,67","26,92",-15.0%,"25,57",-19.3%
VeraCruz,Disponível,437.0,14,7896637026307,Lactosil 10.000 FCC contém 30 Sachês 2g cada,"94,90","82,56",-13.0%,"78,43",-17.4%
VeraCruz,Disponível,436.0,13,7896094916258,Lisador Dip 1g 8 comprimidos,"19,82","18,63",-6.0%,"17,70",-10.7%
VeraCruz,Disponível,435.0,14,7896006217480,Neocopan Composto Gotas 10ml,"16,23","16,23",-0.0%,"15,42",-5.0%
VeraCruz,Disponível,435.0,16,7891010986155,Analgésico Tylenol 500mg 20 comprimidos revestidos,"37,44","29,58",-21.0%,"28,10",-24.9%
VeraCruz,Disponível,434.0,14,7896269900822,Valtrex 500mg 42 comprimidos revestidos,0,0,0,0,0
VeraCruz,Disponível,434.0,15,7896658001079,Cefaliv Aché 12 comprimidos,"22,78","21,19",-7.0%,"20,13",-11.6%
VeraCruz,Disponível,434.0,16,7896112416463,Ecasil 81 81mg 90 comprimidos revestidos,"51,37","43,15",-16.0%,"40,99",-20.2%
VeraCruz,Disponível,434.0,16,7896094906310,Doril Enxaqueca 4 comprimidos revestidos,"10,71","9,53",-11.0%,"9,05",-15.5%
VeraCruz,Disponível,433.0,14,8902220109506,Rosucor 10mg 30 comprimidos revestidos,"44,79","32,70",-27.0%,"31,07",-30.6%
VeraCruz,Disponível,432.0,16,7897322701738,Maxsulid 400mg 10 Comprimidos,"51,01","45,40",-11.0%,"43,13",-15.4%
VeraCruz,Disponível,432.0,15,7896637032919,"Xafac 2,5mg 30 comprimidos","95,32","65,77",-31.0%,"62,48",-34.5%
VeraCruz,Disponível,432.0,14,7891721201530,Glifage XR 850mg 30 comprimidos de liberação prolongada,"42,48","33,98",-20.0%,"32,28",-24.0%
VeraCruz,Disponível,432.0,15,7896658028120,Domped 5ml/ml Gotas 20ml,0,0,0,0,0
VeraCruz,Disponível,432.0,13,7896658003165,"Adinos 0,5mg/g Gel Creme 15g","22,20","19,98",-10.0%,"18,98",-14.5%
VeraCruz,Disponível,431.0,14,7896523206783,Pomada Dermatológico Nebacetin 15g,0,0,0,0,0
VeraCruz,Disponível,431.0,14,7898037080064,Complexo Homeopático Almeida Prado N 46 60 Comprimidos,"28,90","28,90",-0.0%,"27,46",-5.0%
VeraCruz,Disponível,429.0,13,7898040322540,"Solução Nasal Maresis 0,9% Spray Jato Contínuo 100ml","55,34","51,47",-7.0%,"48,90",-11.6%
VeraCruz,Disponível,429.0,15,7896641803642,Proctyl 50mg/g + 10mg/g Pomada 10 bisnagas com 3g cada + 10 aplicadores,"95,69","83,25",-13.0%,"79,09",-17.3%
VeraCruz,Disponível,429.0,15,7891106906890,Allurene 2mg 28 comprimidos,0,0,0,0,0
VeraCruz,Disponível,429.0,13,7896004729381,"Hormoskin 40mg/g + 0,5mg/g + 0,1mg/g Creme Dermatológico 30g","180,86","56,67",-68.7%,"161,51",-10.7%
VeraCruz,Disponível,428.0,13,7896331704037,Emulsão Sanasar 250mg/ml 100ml,"25,51","20,15",-21.0%,"19,14",-25.0%
VeraCruz,Disponível,427.0,14,7896015560331,Sal de Frutas Eno Laranja 100g,"30,73","23,97",-22.0%,"22,77",-25.9%
VeraCruz,Disponível,427.0,15,7896641803048,Antiácido Pó Efervescente Estomazil Sabor Sem Sabor 6 envelopes com 5g cada,"74,25","66,83",-10.0%,"63,49",-14.5%
VeraCruz,Disponível,427.0,12,7896004759432,Esomex 40mg 56 comprimidos revestidos de liberação retardada,"166,40","55,47",-66.7%,"158,08",-5.0%
VeraCruz,Disponível,427.0,13,7896004810232,Dermobene 10mg/ml 20ml,0,0,0,0,0
VeraCruz,Disponível,427.0,14,7896714201108,Neo Fólico 5mg Neo Química 20 comprimidos revestidos,"13,71","9,32",-32.0%,"8,85",-35.4%
VeraCruz,Disponível,426.0,14,7898158690395,"Pediderm 0,2mg/ml  Loção 100ml","27,97","23,77",-15.0%,"22,58",-19.3%
VeraCruz,Disponível,426.0,14,7896658030369,Betadine XR 48mg 30 comprimidos,"87,46","71,72",-18.0%,"68,13",-22.1%
VeraCruz,Disponível,426.0,14,7891142171757,"Antialérgico Polaramine Xarope 0,4mg/ml Sabor de Frutas 120ml","39,98","37,18",-7.0%,"35,32",-11.7%
VeraCruz,Disponível,426.0,13,7896261009554,Diovan 320mg 28 comprimidos revestidos,0,0,0,0,0
VeraCruz,Disponível,426.0,13,7896094921979,Neosaldina 20 drágeas,"35,99","28,79",-20.0%,"27,35",-24.0%
VeraCruz,Disponível,426.0,13,7896094200982,Caltren 10mg 30 comprimidos,0,0,0,0,0
VeraCruz,Disponível,425.0,15,7897473201637,"Adacne 0,1% Gel 30g",0,0,0,0,0
VeraCruz,Disponível,425.0,16,7891317177676,Primera 30 150mcg + 30mcg 21 comprimidos,"45,05","37,39",-17.0%,"35,52",-21.2%
VeraCruz,Disponível,424.0,15,7896112452461,Ad-Muc 100mg Pomada Bucal 10g,"62,36","58,62",-6.0%,"55,69",-10.7%
VeraCruz,Disponível,424.0,13,7898040322137,"Adoless 3 0,060mg + 0,015mg 84 comprimidos revestidos","131,65","52,66",-60.0%,"100,05",-24.0%
VeraCruz,Disponível,424.0,16,7896637024358,"Colchis 0,5mg 30 comprimidos","84,69","40,65",-52.0%,"38,62",-54.4%
VeraCruz,Disponível,424.0,14,7896112421498,Xefo 8mg 30 comprimidos revestidos,"54,33","46,18",-15.0%,"43,87",-19.3%
VeraCruz,Disponível,424.0,12,7896658011368,Diosmin SDU 900mg + 100mg Sabor Laranja / Limão 30 sachês com 5g cada,0,0,0,0,0
VeraCruz,Disponível,423.0,14,7898074618183,Xarope Seki 120ml,"32,49","28,91",-11.0%,"27,46",-15.5%
VeraCruz,Disponível,423.0,12,7896094918108,Benegrip Multi Dia 20 comprimidos,"45,99","43,23",-6.0%,"41,07",-10.7%
VeraCruz,Disponível,423.0,15,7897411601505,Hirudoid 300 Gel 3mg/g 40g,"42,39","42,39",-0.0%,"40,27",-5.0%
VeraCruz,Disponível,423.0,14,7896094915381,Atroveran Dip 1g 20 comprimidos,"27,49","24,74",-10.0%,"23,50",-14.5%
VeraCruz,Disponível,423.0,14,7897316805299,Solução Oftálmica Relestat 5mg/ml 5ml,"82,88","77,91",-6.0%,"74,01",-10.7%
VeraCruz,Disponível,423.0,15,7891268118001,Ponstan 500mg 24 comprimidos,"47,38","41,22",-13.0%,"39,16",-17.3%
VeraCruz,Disponível,422.0,14,7896261004900,"Diovan HCT 160mg + 12,5mg Novartis 28 comprimidos revestidos","157,14","52,38",-66.7%,"149,28",-5.0%
VeraCruz,Disponível,422.0,16,7896523206547,Valerimed 50mg 20 comprimidos revestidos,0,0,0,0,0
VeraCruz,Disponível,421.0,15,7896094928732,Lisador Cólica 20 comprimidos revestidos,"27,97","26,29",-6.0%,"24,98",-10.7%
VeraCruz,Disponível,421.0,16,7894916516310,Enavo 8mg 10 comprimidos EMS,"59,85","46,08",-23.0%,"43,78",-26.9%
VeraCruz,Disponível,421.0,13,7896658016653,Bravan 80mg 30 comprimidos revestidos,"51,91","51,91",-0.0%,"49,31",-5.0%
VeraCruz,Disponível,420.0,15,7896026300155,Laxante Dulcolax 5mg 20 drágeas,"20,47","18,29",-10.6%,"17,38",-15.1%
VeraCruz,Disponível,420.0,13,7891142141286,"Diprosone 0,5mg/ 30ml","55,36","50,38",-9.0%,"47,86",-13.5%
VeraCruz,Disponível,420.0,15,7898133139277,Suplemento Hidroeletrolítico Sorox Sabor Limão 550ml,0,0,0,0,0
VeraCruz,Disponível,420.0,13,7897337716178,Nites 50mcg/automatizção Spray 120 dose 17ml,0,0,0,0,0
VeraCruz,Disponível,420.0,12,7896112144892,Ferronil 40mg 50 comprimidos revestidos,"15,15","9,54",-37.0%,"9,06",-40.2%
VeraCruz,Disponível,420.0,16,7896637033848,Zanidip 20mg 30 comprimidos,"261,00","66,99",-74.3%,"190,92",-26.9%
VeraCruz,Disponível,420.0,14,7897947603783,Creme de Arnica Cimed com Mentol 60g,0,0,0,0,0
VeraCruz,Disponível,419.0,15,7896422516624,Respiratus 7mg/m Xarope Aroma Artificial de Cereja 100ml,"40,63","36,16",-11.0%,"34,35",-15.5%
VeraCruz,Disponível,418.0,13,7897129300134,"Verrux 0,20g/ml + ,015ml/ml Solução 10ml","78,90","72,48",-8.1%,"68,86",-12.7%
VeraCruz,Disponível,418.0,13,7891317124281,"Holmes H 40mg + 12,5mg 30 comprimidos revestidos","90,04","67,53",-25.0%,"64,15",-28.8%
VeraCruz,Disponível,418.0,14,7896637032803,Eniagor 50mg/ml Solução Capilar 2 frascos 50ml cada,"111,29","69,00",-38.0%,"65,55",-41.1%
VeraCruz,Disponível,417.0,12,7896094202047,Cebralat 100mg 60 comprimidos,0,0,0,0,0
VeraCruz,Disponível,417.0,14,7896372505006,Castanha da Índia Atalaia 30 drágeas,"60,21","53,59",-11.0%,"50,91",-15.4%
VeraCruz,Disponível,416.0,15,7891317033149,Coltrax 4mg 20 comprimidos,"71,46","60,74",-15.0%,"57,70",-19.3%
VeraCruz,Disponível,416.0,14,7891268106596,Viagra 50mg 2 Comprimidos,"76,29","66,37",-13.0%,"63,05",-17.4%
VeraCruz,Disponível,416.0,13,7898582380268,"Belarina 2mg + 0,02mg 28 comprimidos revestidos","68,01","54,41",-20.0%,"51,69",-24.0%
VeraCruz,Disponível,416.0,14,7896622305844,Antiácido Pó Efervescente Estomazil Sabor Guaraná 5g,"4,13","3,47",-16.0%,"3,30",-20.1%
VeraCruz,Disponível,416.0,15,7896658025112,Prolive 30 cápsulas,"129,90","64,95",-50.0%,"123,41",-5.0%
VeraCruz,Disponível,415.0,12,7896331702828,Xarope Glyteol 200mg/15ml com Mentol 100ml,0,0,0,0,0
VeraCruz,Disponível,415.0,15,7891058021689,"Laxante Guttalax 7,5mg/ml 30ml","47,22","47,22",-0.0%,"44,86",-5.0%
VeraCruz,Disponível,415.0,12,7896331703573,Ritmoneuran RTM Solução Oral 100ml,0,0,0,0,0
VeraCruz,Disponível,415.0,13,7899620911543,Xarope Specdera Sabor Cereja 100ml,0,0,0,0,0
VeraCruz,Disponível,414.0,14,7891158104060,Vitamina D Sof D 7.000 UI 8 cápsulas gelatinosas moles,"35,55","30,57",-14.0%,"29,04",-18.3%
VeraCruz,Disponível,414.0,14,7896094926653,Vabam 20mg 30 comprimidos revestidos,0,0,0,0,0
VeraCruz,Disponível,414.0,14,7891721010026,"Diclin 2mg + 0,035mg 21 comprimidos revestidos","25,39","20,57",-19.0%,"19,54",-23.0%
VeraCruz,Disponível,414.0,13,7896023700637,Camomila Composta Catarinense Solução Oral 150ml,"39,90","30,32",-24.0%,"28,80",-27.8%
VeraCruz,Disponível,414.0,13,7894916515764,Vynaxa 10mg 30 Comprimidos Revestidos,"53,39","44,31",-17.0%,"42,09",-21.2%
VeraCruz,Disponível,413.0,13,7897947612808,Lactolínea 667mg/ml Sabor Ameixa 120ml,"23,99","17,51",-27.0%,"16,63",-30.7%
VeraCruz,Disponível,412.0,15,7896026306416,Jardiance 10mg 30 comprimidos revestidos,"321,27","107,09",-66.7%,"305,21",-5.0%
VeraCruz,Disponível,412.0,13,7891058003210,"Clexane 40mg/0,4ml 2 seringas preenchidas com 0,4ml com sistema de segurança",0,0,0,0,0
VeraCruz,Disponível,412.0,16,7896658005084,Nisulid Dispersível 100mg 12 comprimidos dispersíveis,"74,89","63,66",-15.0%,"60,48",-19.2%
VeraCruz,Disponível,411.0,14,7896672201493,Clenil Compositum A 400mcg/ml + 800mcg/ml 10 flaconetes com 2ml cada,"92,46","81,36",-12.0%,"77,29",-16.4%
VeraCruz,Disponível,411.0,13,7896641808982,Dexilant 30mg Takeda 30 cápsulas de liberação retardada,"129,76","55,15",-57.5%,"104,79",-19.2%
VeraCruz,Disponível,411.0,13,7896672201882,Bamifix 600mg 20 drágeas,"73,02","63,53",-13.0%,"60,35",-17.4%
VeraCruz,Disponível,411.0,13,7896016806261,Naldecon Noite 24 comprimidos,"60,99","51,84",-15.0%,"49,25",-19.2%
VeraCruz,Disponível,411.0,15,7896181901372,Busonid Caps 400mcg Refil 60 cápsulas para inalação,"94,72","79,56",-16.0%,"75,58",-20.2%
VeraCruz,Disponível,411.0,12,7896026305259,Trayenta 5mg 30 comprimidos revestidos,"327,33","109,11",-66.7%,"310,96",-5.0%
VeraCruz,Disponível,411.0,12,7891142177056,Predsim 20mg 10 comprimidos,"40,42","35,57",-12.0%,"33,79",-16.4%
VeraCruz,Disponível,411.0,14,7896637022866,"Colchis 0,5mg 20 comprimidos","56,40","24,82",-56.0%,"23,58",-58.2%
VeraCruz,Disponível,410.0,15,7891268107609,"Xalatan 50mcg/ml Colírio 2,5ml","253,00","74,21",-70.7%,"211,51",-16.4%
VeraCruz,Disponível,410.0,14,7896714219318,Antialérgico Xarope Histamin 2mg/5ml 100ml,"26,90","23,13",-14.0%,"21,97",-18.3%
VeraCruz,Disponível,410.0,15,7891058009458,Analgésico Dorflex Gotas 20ml,"27,55","24,80",-10.0%,"23,56",-14.5%
VeraCruz,Disponível,410.0,13,7896112140931,Ibupril 300mg 20 comprimidos,"20,30","8,53",-58.0%,"8,10",-60.1%
VeraCruz,Disponível,409.0,14,7894916208154,Tropinal 20 comprimidos,"26,39","22,96",-13.0%,"21,81",-17.4%
VeraCruz,Disponível,409.0,13,7896658026508,Resist 500mg 90 cápsulas,"197,89","62,67",-68.3%,"178,60",-9.7%
VeraCruz,Disponível,409.0,13,7896714203492,Fluxon 75mg 30 comprimidos,"21,25","21,25",-0.0%,"20,19",-5.0%
VeraCruz,Disponível,409.0,15,7896112432401,"Pressat 2,5mg 30 comprimidos","42,32","34,28",-19.0%,"32,57",-23.0%
VeraCruz,Disponível,409.0,13,7896094999510,Nesina Pio 25mg + 30mg 30 comprimidos revestidos,0,0,0,0,0
VeraCruz,Disponível,408.0,13,7894916508971,Esomex 40mg 28 comprimidos revestidos,0,0,0,0,0
VeraCruz,Disponível,407.0,14,7896094917477,Gel Hidratante Intravaginal VagiSoft 30g + 10 Aplicadores Descartáveis,0,0,0,0,0
VeraCruz,Disponível,407.0,14,7896112400141,Doss 7.000UI 30 cápsulas gelatinosas moles,"110,17","76,02",-31.0%,"72,22",-34.4%
VeraCruz,Disponível,407.0,13,7896014669028,"Metrexato 2,5mg 24 comprimidos","42,41","30,54",-28.0%,"29,01",-31.6%
VeraCruz,Disponível,407.0,15,7891317025533,"Trok 20mg/g + 0,64mg/g Pomada Dermatológico 10g","20,05","18,05",-10.0%,"17,15",-14.5%
VeraCruz,Disponível,407.0,13,7896714265933,Neolefrin Neo Química 20 comprimidos,"19,97","13,57",-32.0%,"12,89",-35.5%
VeraCruz,Disponível,406.0,13,7896082900337,"Sinustrat 9,0mg/ml Solução Nasal Forte 10ml","23,66","19,16",-19.0%,"18,20",-23.1%
VeraCruz,Disponível,406.0,13,7891010256715,Tylenol 750mg 10 comprimidos revestidos,"24,59","19,18",-22.0%,"18,22",-25.9%
VeraCruz,Disponível,406.0,16,7896637022408,Litocit 540mg 60 comprimidos de liberação prolongada,"68,80","59,17",-14.0%,"56,21",-18.3%
VeraCruz,Disponível,406.0,13,5413787041794,Zyxem 5mg 10 comprimidos revestidos,0,0,0,0,0
VeraCruz,Disponível,406.0,12,5702191026665,"Protopic 0,1% Pomada Dermatológica 30g",0,0,0,0,0
VeraCruz,Disponível,406.0,14,7896070601772,Bi-Profenid 150mg 10 comprimidos revestidos de liberação prolongada,"85,26","71,62",-16.0%,"68,04",-20.2%
VeraCruz,Disponível,405.0,14,7896714221083,"Neocoflan 11,6mg/g Aerossol 85ml","51,97","29,62",-43.0%,"28,14",-45.9%
VeraCruz,Disponível,405.0,13,7896004753621,Bálsamo Bengué Pomada 60g,"48,15","41,41",-14.0%,"39,34",-18.3%
VeraCruz,Disponível,405.0,13,7896658011870,"Flogoral 1,5mg/ml Sabor Laranja 250ml",0,0,0,0,0
VeraCruz,Disponível,405.0,14,7896112422211,Novanlo 5mg 30 comprimidos,"153,09","61,24",-60.0%,"116,35",-24.0%
VeraCruz,Disponível,405.0,14,7891142115775,Oximax 400mcg 30 cápsulas de pó para inalação + inalador,"113,75","91,00",-20.0%,"86,45",-24.0%
VeraCruz,Disponível,405.0,14,7896026302999,"Spiriva Respimat 2,5mcg/dose 4ml + inalador Respimat (60 doses)","518,40","172,80",-66.7%,"492,48",-5.0%
VeraCruz,Disponível,404.0,15,7896094201002,Caltren 20mg 30 comprimidos,"163,82","64,71",-60.5%,"122,95",-24.9%
VeraCruz,Disponível,404.0,13,7896094208063,Minian 150mcg + 20mcg 63 comprimidos revestidos,"111,91","83,93",-25.0%,"79,73",-28.8%
VeraCruz,Disponível,404.0,14,7891142177032,Predsim 5mg 10 comprimidos,"13,82","12,30",-11.0%,"11,69",-15.4%
VeraCruz,Disponível,403.0,13,7896112101314,Ibupril 100mg/ml Sabor Tutti-Frutti 20ml,0,0,0,0,0
VeraCruz,Disponível,403.0,13,7897316804742,Acular LS 4mg/ml Solução Oftálmica 10ml,"155,51","64,54",-58.5%,"122,62",-21.1%
VeraCruz,Disponível,403.0,13,7501303484151,Gyno - Icaden Óvulo 600mg 1 óvulo + 1 dedeira,0,0,0,0,0
VeraCruz,Disponível,403.0,16,7897930761414,Epiduo 1mg/g + 25mg/g Gel 30g,"142,65","59,92",-58.0%,"113,84",-20.2%
VeraCruz,Disponível,403.0,15,7896206403409,Brilinta 90mg 60 comprimidos revestidos,"521,42","140,78",-73.0%,"401,23",-23.1%
VeraCruz,Disponível,403.0,14,7896015592356,Sal de Andrews Efervescente 1 envelope com 5g,"2,20","2,09",-5.0%,"1,99",-9.5%
VeraCruz,Disponível,402.0,17,7896714291895,"Picbam 2,5mg 60 comprimidos revestidos",0,0,0,0,0
VeraCruz,Disponível,402.0,14,7896015518875,"Avamys Spray Nasal 27,5mg 120 doses 9,1ml","75,20","66,93",-11.0%,"63,58",-15.5%
VeraCruz,Disponível,401.0,14,7896212424269,Resolor 1mg 14 comprimidos revestidos,"165,07","50,62",-69.3%,"144,27",-12.6%
VeraCruz,Disponível,401.0,13,7898133131066,Xarope Polaradex 100ml,0,0,0,0,0
VeraCruz,Disponível,401.0,14,7896658003516,"Decadron 0,5mg 20 comprimidos","12,44","10,95",-12.0%,"10,40",-16.4%
VeraCruz,Disponível,401.0,13,7896637024020,Inibina 10mg 30 comprimidos,"169,96","52,69",-69.0%,"150,16",-11.6%
VeraCruz,Disponível,401.0,16,7898096577840,Arflex Retard 200mg 6 cápsulas de ação prolongada,"51,30","41,55",-19.0%,"39,47",-23.1%
VeraCruz,Disponível,401.0,16,7896083402557,Gamaline V 900mg 30 cápsulas moles,0,0,0,0,0
VeraCruz,Disponível,401.0,13,7891721027437,Glifage 850mg 30 comprimidos revestidos,"40,81","33,87",-17.0%,"32,18",-21.1%
VeraCruz,Disponível,401.0,14,7894916500371,Penvir 500mg 21 comprimidos revestidos,"710,30","198,88",-72.0%,"566,82",-20.2%
VeraCruz,Disponível,401.0,14,7891317003067,Tãmisa 15 60mcg + 15mcg 28 comprimidos revestidos,"30,25","24,50",-19.0%,"23,28",-23.0%
VeraCruz,Disponível,401.0,14,7894916510240,"OLMY ANLO - 20mg + 5mg, 30 comprimidos revestidos",0,0,0,0,0
VeraCruz,Disponível,400.0,12,7894916515825,Vynaxa 20mg 28 Comprimidos Revestidos,0,0,0,0,0
VeraCruz,Disponível,400.0,15,7896023793332,Melagrião Própolis e Gengibre Spray Sabor Limão 30ml,"21,99","17,59",-20.0%,"16,71",-24.0%
VeraCruz,Disponível,400.0,14,7891106904582,Qlaira Bayer 26 comprimidos ativos + 2 comprimidos inativos,"74,29","66,12",-11.0%,"62,81",-15.5%
VeraCruz,Disponível,399.0,14,7895858015695,Leite de Magnésia Phillips Original  350ml,"36,80","32,75",-11.0%,"31,11",-15.5%
VeraCruz,Disponível,399.0,14,7896637033831,Zanidip 10mg 30 comprimidos revestidos,"153,93","63,11",-59.0%,"119,91",-22.1%
VeraCruz,Disponível,399.0,14,7896548140581,"Solução Oftálmica Patanol S 2,22mg/ml 2,5ml",0,0,0,0,0
VeraCruz,Disponível,399.0,14,7896261012448,Diovan Amlo Fix 80mg + 5mg 28 comprimidos revestidos,0,0,0,0,0
VeraCruz,Disponível,399.0,13,7891317103323,BetaTrinta 5mg/ml + 2 mg/ml Suspensão Injetável 1ml + seringa,"31,66","27,54",-13.0%,"26,16",-17.4%
VeraCruz,Disponível,398.0,13,7896094921870,Ondif 4mg 10 filmes,"49,18","36,88",-25.0%,"35,04",-28.8%
VeraCruz,Disponível,398.0,13,7896004714295,"Emistin 1mg/g + 0,05mg/g Creme Dermatológico 20g","47,72","37,22",-22.0%,"35,36",-25.9%
VeraCruz,Disponível,398.0,14,7891317009618,Neo B 100mg + 100mg + 5000mcg 60 comprimidos revestidos,"169,75","68,75",-59.5%,"130,63",-23.0%
VeraCruz,Disponível,397.0,15,7892828001405,Sepurin 120mg + 20mg 20 drágeas,"50,55","48,02",-5.0%,"45,62",-9.8%
VeraCruz,Disponível,397.0,14,7894916512725,Impere 10mg 30 comprimidos revestidos,0,0,0,0,0
VeraCruz,Disponível,397.0,14,7896637022439,Oto-Xilodase Gotas 8ml,"27,65","26,27",-5.0%,"24,96",-9.7%
VeraCruz,Disponível,397.0,13,7894916550055,Propranolol 40mg 30 comprimidos,"17,28","14,52",-16.0%,"13,79",-20.2%
VeraCruz,Disponível,397.0,13,7898133139277,Suplemento Hidroeletrolítico Sorox Sabor Uva 550ml,0,0,0,0,0
VeraCruz,Disponível,396.0,16,7896026304719,Pradaxa 150mg 60 cápsulas,"418,48","111,59",-73.3%,"318,04",-24.0%
VeraCruz,Disponível,396.0,14,7898906376434,Tiorfan 10mg 18 sachês com 1g de granulado,"61,49","55,34",-10.0%,"52,57",-14.5%
VeraCruz,Disponível,395.0,13,7896026306720,Glyxambi 10mg/ 5mg 30 Comprimidos Revestidos,"500,50","166,83",-66.7%,"475,48",-5.0%
VeraCruz,Disponível,394.0,15,7896637023047,Reuquinol 400mg 30 comprimidos revestidos,0,0,0,0,0
VeraCruz,Disponível,394.0,13,7896658026546,Dorilax DT 12 Comprimidos,"15,65","14,24",-9.0%,"13,53",-13.5%
VeraCruz,Disponível,394.0,13,7896094908529,Doril Enxaqueca 18 comprimidos revestidos,"41,99","36,95",-12.0%,"35,10",-16.4%
VeraCruz,Disponível,394.0,15,7896331709360,Pomada Calotrat Plantar 200mg/g Kley Hertz 20g,"34,90","30,36",-13.0%,"28,84",-17.4%
VeraCruz,Disponível,394.0,13,7896658034015,Zior 250mg 14 comprimidos,"83,87","71,29",-15.0%,"67,73",-19.2%
VeraCruz,Disponível,393.0,13,7896658020315,"Descongestionante Nasal Salsep 0,9% Spray 50ml","33,23","30,24",-9.0%,"28,73",-13.5%
VeraCruz,Disponível,393.0,14,7893093016354,Previgrip Weleda 50ml,"103,50","96,26",-7.0%,"91,45",-11.6%
VeraCruz,Disponível,393.0,13,7896006261810,Regulador Intestinal 20 Bí 30 Cápsulas com 335mg,0,0,0,0,0
VeraCruz,Disponível,393.0,14,7896255766456,Vibral 30mg/ml Gotas 10ml,"25,63","23,58",-8.0%,"22,40",-12.6%
VeraCruz,Disponível,393.0,13,7897322707211,Lisador 24 comprimidos,"67,48","67,48",-0.0%,"64,11",-5.0%
VeraCruz,Disponível,393.0,15,7898040322700,Belpele 3mg/g Gel 30g,"128,54","57,85",-55.0%,"109,91",-14.5%
VeraCruz,Disponível,393.0,13,7896641808999,Dexilant 30mg Takeda 60 cápsulas de liberação retardada,"259,52","76,99",-70.3%,"219,42",-15.5%
VeraCruz,Disponível,393.0,13,7891058212070,Daonil 5mg 30 comprimidos,"25,59","20,22",-21.0%,"19,21",-24.9%
VeraCruz,Disponível,393.0,15,7896226102801,Suplemento Vitamínico Vitergan Zinco PL 30 comprimidos revestidos,"127,30","52,20",-59.0%,"99,17",-22.1%
VeraCruz,Disponível,393.0,13,7891721014130,Euthyrox 150mcg 50 comprimidos,"60,50","46,59",-23.0%,"44,26",-26.8%
VeraCruz,Disponível,393.0,13,7896226102092,Monaless 600mg 60 cápsulas gelatinosas moles,0,0,0,0,0
VeraCruz,Disponível,393.0,16,7896637025096,Miosan CAF 5mg + 30mg 15 comprimidos revestidos,"31,66","26,91",-15.0%,"25,56",-19.3%
VeraCruz,Disponível,393.0,12,7897460400357,Transamin 250mg 12 comprimidos,"86,39","70,84",-18.0%,"67,30",-22.1%
VeraCruz,Disponível,392.0,14,7896094210233,Stanglit 15mg 60 comprimidos,"146,43","54,18",-63.0%,"102,94",-29.7%
VeraCruz,Disponível,392.0,15,7896094209206,Ebatz 4mg 30 comprimidos revestidos,"170,16","66,36",-61.0%,"126,08",-25.9%
VeraCruz,Disponível,392.0,13,7896094202757,"Cardilol 3,125mg 30 comprimidos","50,03","40,02",-20.0%,"38,02",-24.0%
VeraCruz,Disponível,391.0,13,-,Xarope Leucogen Sabor Caramelo 120ml,"118,12","50,20",-57.5%,"95,38",-19.3%
VeraCruz,Disponível,391.0,14,7894916508940,Bramicar 80mg 30 comprimidos,"99,56","80,64",-19.0%,"76,61",-23.1%
VeraCruz,Disponível,391.0,13,7896004726700,Folifolin 5mg EMS 30 comprimidos,"19,96","14,97",-25.0%,"14,22",-28.8%
VeraCruz,Disponível,391.0,13,7897337712590,Meticorten 5mg 20 comprimidos,"26,20","22,79",-13.0%,"21,65",-17.4%
VeraCruz,Disponível,391.0,14,7898040325282,"Solução Nasal Spray Maresis Ar 0,9% 100ml","64,12","59,63",-7.0%,"56,65",-11.7%
VeraCruz,Disponível,391.0,12,7896070600485,Fenergan 50mg/2ml Solução Injetável 25 ampolas com 2ml cada,0,0,0,0,0
VeraCruz,Disponível,391.0,14,7896261015586,"Exforge HCT 160mg + 12,5mg + 5mg 28 comprimidos revestidos","202,06","67,35",-66.7%,"191,96",-5.0%
VeraCruz,Disponível,390.0,15,7891045008433,Nordette 150mcg / 30mcg 21 comprimidos revestidos,0,0,0,0,0
VeraCruz,Disponível,390.0,15,7891035010842,Pastilhas para Garganta Strepsils Sabor Mel e Limão 16 pastilhas,"17,49","14,87",-15.0%,"14,13",-19.2%
VeraCruz,Disponível,390.0,12,7896094910553,Doril 6 comprimidos,"13,59","11,69",-14.0%,"11,11",-18.2%
VeraCruz,Disponível,390.0,17,7897595901323,Puran T4 75mcg 30 comprimidos,"22,26","16,25",-27.0%,"15,44",-30.6%
VeraCruz,Disponível,390.0,13,7896658008559,Mirtax 10mg 15 comprimidos revestidos,"18,83","16,95",-10.0%,"16,10",-14.5%
VeraCruz,Disponível,390.0,12,7896108002342,Óleo de Prímula 500mg Bionatus 45 Cápsulas,0,0,0,0,0
VeraCruz,Disponível,389.0,13,7897316802236,Solução Oftálmica Pilocarpina 2% 10ml,0,0,0,0,0
VeraCruz,Disponível,389.0,12,7896112140931,Ibupril 400mg 10 comprimidos,"20,30","8,53",-58.0%,"8,10",-60.1%
VeraCruz,Disponível,389.0,15,7896112402862,Otiblock Spray 45ml,0,0,0,0,0
VeraCruz,Disponível,389.0,13,7896026304245,Micardis 40mg 30 comprimidos,0,0,0,0,0
VeraCruz,Disponível,389.0,15,7896112423294,"Tantin 0,060mg + 0,015mg 84 comprimidos revestidos","90,64","74,32",-18.0%,"70,60",-22.1%
VeraCruz,Disponível,389.0,13,5702191025583,Advantan 1mg/g Creme Dermatológico 15g,"87,52","76,14",-13.0%,"72,33",-17.4%
VeraCruz,Disponível,389.0,13,7898133139420,Laxante L-Enema 130ml,"35,90","28,36",-21.0%,"26,94",-25.0%
VeraCruz,Disponível,389.0,16,7898029557123,Procoralan 5mg 56 comprimidos revestidos,"192,90","54,66",-71.7%,"155,77",-19.2%
VeraCruz,Disponível,389.0,15,7896714203515,Fluxon 25mg 30 comprimidos,"14,18","14,18",-0.0%,"13,47",-5.0%
VeraCruz,Disponível,388.0,14,7896006214007,Andriodermol 50ml,"26,32","22,90",-13.0%,"21,76",-17.3%
VeraCruz,Disponível,388.0,13,7898040322328,"Ginesse 0,075mg + 0,02mg 63 comprimidos","90,33","69,55",-23.0%,"66,07",-26.9%
VeraCruz,Disponível,388.0,13,7896004803463,Solução Nasal Naridrin Pediátrico 15ml,"23,13","14,57",-37.0%,"13,84",-40.2%
VeraCruz,Disponível,388.0,14,7896206407902,Symbicort Spray 6/100 mcg 60 doses de pó de uso inalatório,"173,90","57,97",-66.7%,"165,21",-5.0%
VeraCruz,Disponível,388.0,15,7894916509718,Rusovas 10mg 60 comprimidos revestidos,"121,59","60,80",-50.0%,"115,51",-5.0%
VeraCruz,Disponível,388.0,13,7898582380183,"Belara 2mg + 0,03mg 21 comprimidos revestidos","68,01","53,73",-21.0%,"51,04",-25.0%
VeraCruz,Disponível,388.0,13,7891142115478,Alivium Infantil 50mg/ml Sabor Tutti Frutti 30ml,"52,99","47,69",-10.0%,"45,31",-14.5%
VeraCruz,Disponível,387.0,14,7896658038112,Tormiv SL 10mg Sabor Limão 10 comprimidos sublinguais,"36,34","31,98",-12.0%,"30,38",-16.4%
VeraCruz,Disponível,387.0,14,7891106914024,"Neovlar 0,25mg + 0,05mg 21 drágeas","9,76","7,32",-25.0%,"6,95",-28.8%
VeraCruz,Disponível,387.0,13,7897129301209,"ICADEN - 10mg/mL, 1 frasco spray com 60mL de solução de uso dermatológico",0,0,0,0,0
VeraCruz,Disponível,387.0,14,7891106004213,Aspirina 500mg 10 comprimidos,"12,00","11,40",-5.0%,"10,83",-9.7%
VeraCruz,Disponível,386.0,13,7896026120555,Descongestionante Penetro 45ml,"35,28","32,10",-9.0%,"30,50",-13.5%
VeraCruz,Disponível,386.0,14,7896026306751,Glyxambi 25mg + 5mg 30 comprimidos revestidos,"500,50","166,83",-66.7%,"475,48",-5.0%
VeraCruz,Disponível,386.0,14,7896006290285,Uniprazol 20mg 56 cápsulas,0,0,0,0,0
VeraCruz,Disponível,386.0,13,7896094904682,Benegrip 20 comprimidos revestidos,"47,49","43,22",-9.0%,"41,06",-13.5%
VeraCruz,Disponível,386.0,16,7896026302784,Berotec 100mcg/ml 200 doses 10ml,"35,13","31,27",-11.0%,"29,71",-15.4%
VeraCruz,Disponível,386.0,15,7896026305310,Micardis Anlo 80mg + 5mg 30 comprimidos,"169,72","71,28",-58.0%,"135,43",-20.2%
VeraCruz,Disponível,385.0,12,7896112422273,Novanlo 5mg 90 comprimidos,"302,21","80,59",-73.3%,"229,68",-24.0%
VeraCruz,Disponível,385.0,13,7891058021580,Anador 500mg/ml Gotas 20ml,0,0,0,0,0
VeraCruz,Disponível,385.0,16,7896523206288,Spray Ciflogex Sabor Menta 30ml,"32,18","19,31",-40.0%,"18,34",-43.0%
VeraCruz,Disponível,385.0,12,7896094925885,Lavagem Nasal Rinosoro Alto Volume 30 sachês,"79,72","59,90",-24.9%,"56,91",-28.6%
VeraCruz,Disponível,385.0,15,7896658001116,"Candicort 20mg + 0,64mg Creme Dermatológica 30g","46,35","42,64",-8.0%,"40,51",-12.6%
VeraCruz,Disponível,385.0,15,7898029550315,"Acertanlo 3,5mg + 2,5mg 30 comprimidos","65,61","65,61",-0.0%,"62,33",-5.0%
VeraCruz,Disponível,384.0,15,7891317008581,Perivasc 450mg + 50mg 30 comprimidos revestidos,"78,60","63,67",-19.0%,"60,49",-23.0%
VeraCruz,Disponível,384.0,12,7896094919631,Apracur Duo 20 comprimidos,"25,21","23,45",-7.0%,"22,28",-11.6%
VeraCruz,Disponível,384.0,12,7898029550834,"Triplixam 10mg + 2,5mg + 10mg 30 comprimidos revestidos","143,03","71,52",-50.0%,"135,88",-5.0%
VeraCruz,Disponível,384.0,14,7896094917255,Atrofem 400mg 2 cápsulas,0,0,0,0,0
VeraCruz,Disponível,384.0,14,7896658003141,Decadron 4mg 10 comprimidos,"26,03","22,91",-12.0%,"21,76",-16.4%
VeraCruz,Disponível,384.0,13,7896641804380,Kaloba 825mg/ml Gotas 20ml,"105,13","90,41",-14.0%,"85,89",-18.3%
VeraCruz,Disponível,384.0,13,7896015516970,Sal de Frutas Eno Guaraná 2 envelopes com 5g,"4,98","4,08",-18.1%,"3,88",-22.1%
VeraCruz,Disponível,384.0,13,7896094210271,"Iumi ES 3mg + 0,02mg 30 comprimidos revestidos","77,87","65,97",-15.3%,"62,67",-19.5%
VeraCruz,Disponível,384.0,16,7896261018310,Analgésico CataflamPRO Emugel 150g,"89,68","74,43",-17.0%,"70,71",-21.2%
VeraCruz,Disponível,383.0,14,7891058008635,Analgésico Novalgina 500mg 30 comprimidos,"46,94","43,65",-7.0%,"41,47",-11.7%
VeraCruz,Disponível,383.0,16,7891317009267,"Ártico 1,5g + 1,2g 30 sachês com 5g de pó para solução oral","259,30","66,55",-74.3%,"189,68",-26.8%
VeraCruz,Disponível,383.0,15,7896227800089,Salonpas Gel 20g,0,0,0,0,0
VeraCruz,Disponível,383.0,14,7896261012523,Diovan Amlo Fix 160mg + 10mg 28 comprimidos revestidos,0,0,0,0,0
VeraCruz,Disponível,383.0,13,7896658016691,Bravan 320mg 30 comprimidos revestidos,"63,81","63,81",-0.0%,"60,62",-5.0%
VeraCruz,Disponível,382.0,13,7898244720852,Motix FQM 50 Comprimidos,0,0,0,0,0
VeraCruz,Disponível,382.0,13,7894916502863,"DEFLAIMMUN - 7,5mg, 20 comprimidos","67,28","57,19",-15.0%,"54,33",-19.2%
VeraCruz,Disponível,382.0,13,7896016807800,Eliquis 5mg 60 comprimidos revestidos,0,0,0,0,0
VeraCruz,Disponível,382.0,13,7897947615236,Lactolínea 667mg/ml Sabor Salada de Frutas 120ml,0,0,0,0,0
VeraCruz,Disponível,382.0,15,7896255766852,Duspatalin 200mg 30 cápsulas gelatinosas duras de liberação prolongada,0,0,0,0,0
VeraCruz,Disponível,382.0,14,5000456073240,Edistride 10mg 30 comprimidos,"236,94","78,98",-66.7%,"225,09",-5.0%
VeraCruz,Disponível,382.0,14,7898037080217,Complexo Homeopático Almeida Prado N 28 60 Comprimidos,"28,90","27,46",-5.0%,"26,09",-9.7%
VeraCruz,Disponível,382.0,14,7896094928046,AAS Protect 100mg 30 comprimidos revestidos de liberação entérica,"23,27","21,18",-9.0%,"20,12",-13.5%
VeraCruz,Disponível,381.0,12,7897337716208,Cerazette 75mcg 84 comprimidos revestidos,"148,36","56,38",-62.0%,"107,11",-27.8%
VeraCruz,Disponível,381.0,14,7896658038716,Pant Sec 50mg/ml Refil 50ml,"63,96","63,96",-0.0%,"60,76",-5.0%
VeraCruz,Disponível,381.0,13,7896004787527,Linadib 5mg 30 comprimidos revestidos,"142,50","71,25",-50.0%,"135,38",-5.0%
VeraCruz,Disponível,381.0,14,7891058169015,Antialérgico Allegra 180mg 10 comprimidos revestidos,"89,90","76,42",-15.0%,"72,60",-19.2%
VeraCruz,Disponível,381.0,15,7896112402664,Dozoito 25mg 30 comprimidos,"36,78","21,33",-42.0%,"20,26",-44.9%
VeraCruz,Disponível,381.0,14,7895858017385,Benestare 625mg 30 comprimidos revestidos,"71,93","66,18",-8.0%,"62,87",-12.6%
VeraCruz,Disponível,380.0,15,7896331709193,Proctocaps 20 cápsulas,0,0,0,0,0
VeraCruz,Disponível,380.0,13,7898133139260,Suplemento Hidroeletrolítico Hidralyte Natulab Tutti-Frutti 500ml,"17,50","12,78",-27.0%,"12,14",-30.6%
VeraCruz,Disponível,380.0,13,7897851220779,Divelol 25mg 60 comprimidos,"77,69","55,94",-28.0%,"53,14",-31.6%
VeraCruz,Disponível,380.0,15,7896094211469,Sumax 100mg 6 comprimidos revestidos,"119,36","51,92",-56.5%,"98,65",-17.4%
VeraCruz,Disponível,380.0,13,7896004712857,Vitafer 109mg 50 comprimidos revestidos,"16,88","16,88",-0.0%,"16,04",-5.0%
VeraCruz,Disponível,380.0,14,7896112416135,Lipless 100mg 60 comprimidos,0,0,0,0,0
VeraCruz,Disponível,380.0,14,7891317411923,Proflam 100mg 12 comprimidos,"81,26","67,45",-17.0%,"64,08",-21.1%
VeraCruz,Disponível,380.0,14,7896094200920,"Libiam 2,5mg 28 comprimidos","100,64","80,51",-20.0%,"76,48",-24.0%
VeraCruz,Disponível,380.0,13,7898948648087,Androgel 50mg 30 envelopes com 5g de gel de uso dermatológico,"343,94","100,89",-70.7%,"287,54",-16.4%
VeraCruz,Disponível,380.0,15,7891058006716,Antialérgico Allegra D 60mg + 120mg 10 comprimidos revestidos de camada dupla,"72,95","62,01",-15.0%,"58,91",-19.2%
VeraCruz,Disponível,380.0,14,7896112141679,Digestil 4mg/ml Sabor Menta 20ml,0,0,0,0,0
VeraCruz,Indisponível,380.0,15,0,Suplemento Vitamínico Imunoglucan DS 30 Cápsulas,0,0,0,0,0
VeraCruz,Disponível,379.0,13,7897129303579,Vitacid XT 1mg/g Creme 25g,"80,71","63,76",-21.0%,"60,57",-25.0%
VeraCruz,Disponível,379.0,12,7896094201378,"Libiam 1,25mg 28 comprimidos revestidos","69,72","57,17",-18.0%,"54,31",-22.1%
VeraCruz,Disponível,379.0,15,7896112400691,Nebilet 5mg 60 comprimidos,"248,17","82,72",-66.7%,"235,76",-5.0%
VeraCruz,Disponível,379.0,15,7896094926547,Neosaldina Dip 1g 20 comprimidos,"39,98","30,78",-23.0%,"29,24",-26.9%
VeraCruz,Disponível,379.0,16,7896382703331,"Insulina Humalog 300UI Refil para Caneta Eli Lilly, 2un com 3ml de solução de uso subcutâneo","138,52","58,87",-57.5%,"111,85",-19.3%
VeraCruz,Disponível,379.0,14,7896094209299,Quenzor 100mg 30 cápsulas duras de liberação prolongada,0,0,0,0,0
VeraCruz,Disponível,379.0,14,7896658024979,Bravan Duo 160mg/10mg 30 comprimidos,0,0,0,0,0
VeraCruz,Disponível,379.0,15,7896658001871,Artrosil 320mg 20 cápsulas duras de liberação prolongada,"136,53","58,03",-57.5%,"110,25",-19.2%
VeraCruz,Disponível,379.0,13,7896227800898,Adesivos Salonpas Pequeno 10un,"11,17","9,72",-13.0%,"9,23",-17.4%
VeraCruz,Disponível,378.0,14,7891721022579,Glifage XR 1g 30 comprimidos de liberação prolongada,"57,50","46,00",-20.0%,"43,70",-24.0%
VeraCruz,Disponível,378.0,13,7896023743009,Ginkgo Biloba Catarinense 80mg 30 comprimidos,"26,90","23,40",-13.0%,"22,23",-17.4%
VeraCruz,Disponível,378.0,14,7898906846548,Óleo de Girassol Skinage 200ml,"41,10","37,40",-9.0%,"35,53",-13.6%
VeraCruz,Disponível,378.0,12,-,Fledoid 500 Pomada 40g,"36,60","31,48",-14.0%,"29,91",-18.3%
VeraCruz,Disponível,378.0,14,7896181920410,Corus 50mg 30 comprimidos revestidos,"15,12","4,84",-68.0%,"4,60",-69.6%
VeraCruz,Disponível,378.0,13,7896714273822,Neolefrin Dia Neo Química 20 comprimidos,"19,97","12,98",-35.0%,"12,33",-38.3%
VeraCruz,Disponível,378.0,13,7896094928077,Buclina 25mg 30 comprimidos,"21,15","19,46",-8.0%,"18,49",-12.6%
VeraCruz,Disponível,377.0,15,7896026120494,Solução Antisséptica Malvatricin Spray 50ml,"54,10","47,07",-13.0%,"44,72",-17.3%
VeraCruz,Disponível,377.0,14,-,"Biofenac 11,6mg/g Gel 30g","20,62","18,56",-10.0%,"17,63",-14.5%
VeraCruz,Disponível,377.0,13,7896016807206,Naldecon Pack 2 comprimidos Noite e 4 comprimidos Dia,"19,90","17,11",-14.0%,"16,25",-18.3%
VeraCruz,Disponível,377.0,14,7896023701436,Elixir Paregórico 30ml,"28,01","17,37",-38.0%,"16,50",-41.1%
VeraCruz,Disponível,377.0,13,7896112400073,Doss 3.000UI Vitamina D3 30 cápsulas gelatinosas moles,"74,55","54,42",-27.0%,"51,70",-30.7%
VeraCruz,Disponível,376.0,14,7896714213446,"Neodia 1,5mg Neo Química 1 comprimido",0,0,0,0,0
VeraCruz,Disponível,376.0,14,7898040320584,"Ginesse 0,075mg + 0,02mg 21 comprimidos revestidos","42,16","33,31",-21.0%,"31,64",-25.0%
VeraCruz,Disponível,376.0,12,7896093002471,Pastilhas Vick Drops Sabor Artificial de Mentol 10g,0,0,0,0,0
VeraCruz,Disponível,376.0,14,7893454714806,Probiótico Culturelle Saúde Digestiva 10 Cápsulas,"90,90","90,90",-0.0%,"86,36",-5.0%
VeraCruz,Disponível,376.0,14,7896094208674,"Iumi 3mg + 0,02mg 72 comprimidos revestidos","184,68","63,72",-65.5%,"121,06",-34.4%
VeraCruz,Disponível,376.0,14,7896226109435,"Vecasten 26,7mg 30 comprimidos",0,0,0,0,0
VeraCruz,Disponível,376.0,14,7896672202810,Clenil HFA Spray 50mcg 200 doses 10ml,"49,99","39,99",-20.0%,"37,99",-24.0%
VeraCruz,Disponível,376.0,13,7891268101706,Depo-Medrol 40mg/ml 1 ampola de 2ml,0,0,0,0,0
VeraCruz,Disponível,375.0,13,7896641807381,Tebonin 80mg 30 comprimidos,"201,22","67,07",-66.7%,"191,16",-5.0%
VeraCruz,Disponível,375.0,12,7896094922129,Gel Nenê Dent N 10g,"27,18","27,18",-0.0%,"25,82",-5.0%
VeraCruz,Disponível,375.0,12,7894916208833,Tropinal 15ml,0,0,0,0,0
VeraCruz,Disponível,375.0,13,7891317438975,"Melocox 10mg/ml Solução Injetável 5 ampolas com 1,5ml cada","55,86","49,16",-12.0%,"46,70",-16.4%
VeraCruz,Disponível,375.0,14,7897316804179,"Solução Oftálmica Lumigan 0,3% 3ml","205,96","54,92",-73.3%,"156,53",-24.0%
VeraCruz,Disponível,375.0,12,7897411610668,"BENICAR HCT - 20 + 12,5mg, 30 comprimidos revestidos","95,29","71,47",-25.0%,"67,90",-28.7%
VeraCruz,Disponível,374.0,12,7896094920248,Escabin Pro 4% Emulsão Capilar 100ml,"42,90","39,90",-7.0%,"37,91",-11.6%
VeraCruz,Disponível,374.0,14,7896523216447,Pastilha Ciflogex Sabor Menta e Limão 12un,"22,63","19,24",-15.0%,"18,28",-19.2%
VeraCruz,Indisponível,374.0,14,0,Restaurador da Flora Intestinal Repoflor 100mg 12 cápsulas duras,0,0,0,0,0
VeraCruz,Disponível,374.0,13,7898430191879,Peg-Lax 17g Pó para Solução Sabor Limão 14 envelopes,"57,90","50,37",-13.0%,"47,85",-17.4%
VeraCruz,Disponível,374.0,14,7894916516303,Enavo ODT 4mg 10 comprimidos EMS,"32,32","26,18",-19.0%,"24,87",-23.1%
VeraCruz,Disponível,374.0,14,7896658035067,Nebitah 5mg 30 comprimidos,0,0,0,0,0
VeraCruz,Disponível,374.0,13,7894916500869,Sucrafilm 1g 30 comprimidos mastigáveis,"77,13","66,33",-14.0%,"63,01",-18.3%
VeraCruz,Disponível,374.0,12,7896255700252,Synthroid 200mcg 30 comprimidos,"76,42","59,61",-22.0%,"56,63",-25.9%
VeraCruz,Disponível,374.0,13,7891010974930,Pastilha Benalet Sabor Menta 4un,"15,33","15,33",-0.0%,"14,56",-5.0%
VeraCruz,Disponível,373.0,14,7896658001765,Antux Gotas 20ml,"61,87","53,83",-13.0%,"51,14",-17.3%
VeraCruz,Disponível,373.0,12,7896658004704,Tandrilax Aché 15 comprimidos,"20,18","18,77",-7.0%,"17,83",-11.6%
VeraCruz,Disponível,373.0,16,7896006257929,Bisalax 5mg 20 drágeas,"9,48","9,48",-0.0%,"9,01",-5.0%
VeraCruz,Disponível,373.0,12,7896004702742,Laxante Natural Glicerin Lactantes 6 supositórios,0,0,0,0,0
VeraCruz,Disponível,373.0,13,7896181907558,Formocaps 12mcg Refil 30 cápsulas com pó para inalação,"70,63","60,04",-15.0%,"57,04",-19.2%
VeraCruz,Disponível,373.0,12,7897595901316,Puran T4 50mcg 30 comprimidos,"20,40","14,69",-28.0%,"13,96",-31.6%
VeraCruz,Disponível,373.0,13,7891106000888,Aspirina C 2 Sabor Limão comprimidos efervescentes,"9,99","9,19",-8.0%,"8,73",-12.6%
VeraCruz,Disponível,372.0,13,7896094922242,Buscopan Composto 4 comprimidos revestidos,"6,89","5,99",-13.1%,"5,69",-17.4%
VeraCruz,Disponível,372.0,13,7896672202681,Clenil A 400mcg/ml 10 flaconetes com 2ml cada,"92,46","75,82",-18.0%,"72,03",-22.1%
VeraCruz,Disponível,372.0,13,7898074617780,Spidufen 770mg Sabor Damasco 10 envelopes com 3g,"37,12","33,78",-9.0%,"32,09",-13.6%
VeraCruz,Disponível,372.0,15,7590002012468,Vaporizante Descongestionante Vick VapoRub Unguento 50g,"78,76","73,25",-7.0%,"69,59",-11.6%
VeraCruz,Disponível,372.0,12,7896548112229,Mydriacyl 10mg/ml Solução Oftálmica 5ml,"22,43","20,19",-10.0%,"19,18",-14.5%
VeraCruz,Disponível,372.0,12,7896108004223,Bionginkgo 120mg Bionatus 30 comprimidos,0,0,0,0,0
VeraCruz,Disponível,372.0,14,7897322709499,Vitamina D3 Addera D3 10.000UI 4 Comprimidos Revestidos,"68,54","55,52",-19.0%,"52,74",-23.1%
VeraCruz,Disponível,371.0,15,7898029558809,Vastarel MR 35mg 30 comprimidos de liberação prolongada,"101,84","80,45",-21.0%,"76,43",-25.0%
VeraCruz,Disponível,371.0,13,7896212410477,Sporanox 100mg 4 cápsulas,0,0,0,0,0
VeraCruz,Disponível,371.0,15,5413787037797,Zyxem 5mg/ml Gotas 20ml,"100,07","85,06",-15.0%,"80,81",-19.2%
VeraCruz,Disponível,371.0,15,7891317132453,Lugano 12mcg + 250mcg 60 cápsulas com pó para inalação + inalador,"132,16","54,85",-58.5%,"104,21",-21.1%
VeraCruz,Disponível,371.0,16,7896112406129,Endofer 50mg 30ml,0,0,0,0,0
VeraCruz,Disponível,371.0,13,7896180300213,Flutinol1mg/ml Suspensão Oftálmica 5ml,"39,65","34,89",-12.0%,"33,15",-16.4%
VeraCruz,Disponível,371.0,13,7896006274506,Scalid 100mg 12 comprimidos,0,0,0,0,0
VeraCruz,Disponível,370.0,15,7896112141846,Afopic 5mg 20 comprimidos,"13,44","7,53",-44.0%,"7,15",-46.8%
VeraCruz,Disponível,370.0,14,7897460401347,Gaballon 50mg + 50mg + 2mg + 4mg + 4mg 20 comprimidos,"48,53","42,71",-12.0%,"40,57",-16.4%
VeraCruz,Disponível,370.0,13,7896026300544,Xarope Mucosolvan 15mg/5ml Pediátrico 120ml,0,0,0,0,0
VeraCruz,Disponível,370.0,14,7896179850040,Tamarine 6mg 20 cápsulas,"100,99","80,79",-20.0%,"76,75",-24.0%
VeraCruz,Disponível,370.0,12,7898907313780,"Dunia 35 2mg + 0,035mg 21 comprimidos","29,79","25,92",-13.0%,"24,62",-17.4%
VeraCruz,Disponível,370.0,13,7891158104008,Vitamina D3 Addera D3 2.000 U.I. 30 cápsulas gelatinosas,0,0,0,0,0
VeraCruz,Disponível,370.0,14,7898430193590,Dprev 14.000ui 04 comprimidos revestidos,"45,45","34,09",-25.0%,"32,39",-28.7%
VeraCruz,Disponível,370.0,12,7896658003653,Combiron Fólico 120mg 45 comprimidos,"48,17","44,80",-7.0%,"42,56",-11.6%
VeraCruz,Disponível,369.0,13,7896523227269,Vitamina D Cimed 7.000UI 4 Cápsulas Moles,0,0,0,0,0
VeraCruz,Disponível,369.0,14,7892953003381,"Liberfem 2mg + 0,03mg 21 comprimidos revestidos","57,03","45,62",-20.0%,"43,34",-24.0%
VeraCruz,Disponível,369.0,15,7896241279908,Propilracil 100mg 30 comprimidos,"34,09","27,61",-19.0%,"26,23",-23.1%
VeraCruz,Disponível,369.0,15,7897595630773,Trilax 300mg + 125mg + 50mg + 30mg 12 comprimidos,"13,80","13,80",-0.0%,"13,11",-5.0%
VeraCruz,Disponível,369.0,12,7894916510288,"Niki 3mg + 0,02mg 72 comprimidos revestidos","119,03","59,52",-50.0%,"113,08",-5.0%
VeraCruz,Disponível,369.0,15,7898074617612,Fluimucil 600mg Sabor Limão 16 comprimidos efervescentes,0,0,0,0,0
VeraCruz,Disponível,369.0,14,7891058002985,Apidra Solostar 100UI/ml 1 carpule com 3ml + 1 sistema de aplicação,0,0,0,0,0
VeraCruz,Disponível,368.0,13,7891142171191,Antialérgico Polaramine Creme 10mg/g 30g,"26,99","25,10",-7.0%,"23,85",-11.6%
VeraCruz,Disponível,368.0,13,7898029556539,"Natrilix 2,5mg 30 drágeas","62,18","51,61",-17.0%,"49,03",-21.1%
VeraCruz,Disponível,368.0,13,7896094210295,"Iumi ES 3mg + 0,02mg 120 comprimidos","246,30","59,93",-75.7%,"170,81",-30.6%
VeraCruz,Disponível,368.0,16,7896112424444,"Cronobê 5.000mcg 2 ampolas com 2,5ml cada","44,45","39,56",-11.0%,"37,58",-15.5%
VeraCruz,Disponível,368.0,13,7898029550827,"Triplixam 10mg + 2,5mg + 5mg 30 comprimidos revestidos","129,83","64,92",-50.0%,"123,34",-5.0%
VeraCruz,Disponível,368.0,13,7891058431037,Lasix 40mg 20 comprimidos,"26,28","21,02",-20.0%,"19,97",-24.0%
VeraCruz,Disponível,368.0,13,7891317100933,Ártico Caps 500mg + 400mg 30 cápsulas moles,0,0,0,0,0
VeraCruz,Disponível,368.0,15,7896658002120,Brondilat 25mg/5ml Xarope Sabor Framboesa 120ml,"48,95","43,57",-11.0%,"41,39",-15.4%
VeraCruz,Disponível,367.0,13,7896658014321,Biofenac Aerossol 85ml,"42,16","38,37",-9.0%,"36,45",-13.5%
VeraCruz,Disponível,367.0,15,7896015518479,Sal de Frutas Eno Limão 2 envelopes com 5g,"4,98","4,03",-19.1%,"3,83",-23.1%
VeraCruz,Disponível,367.0,15,7891317004378,Filinar 25mg/5ml Xarope 120ml,0,0,0,0,0
VeraCruz,Disponível,367.0,13,7894916508490,"CONCÁRDIO - 1,25mg, 30 comprimidos revestidos","82,26","82,26",-0.0%,"78,15",-5.0%
VeraCruz,Disponível,366.0,13,7898040320768,Dolamin 125mg 16 comprimidos revestidos,"35,95","31,64",-12.0%,"30,06",-16.4%
VeraCruz,Disponível,366.0,14,7897460401743,Silimalon 140mg + 100mg 30 comprimidos,"131,00","53,71",-59.0%,"102,05",-22.1%
VeraCruz,Disponível,366.0,14,-,ABC Spray 10mg/ml 30ml,"49,11","27,99",-43.0%,"26,59",-45.9%
VeraCruz,Disponível,366.0,13,7896015516642,"Avodart 0,5mg 30 cápsulas gelatinosas moles",0,0,0,0,0
VeraCruz,Disponível,366.0,13,7892953208335,"Fenazic 7,5mg 30 comprimidos revestidos de liberação prolongada","161,80","67,15",-58.5%,"127,58",-21.1%
VeraCruz,Disponível,366.0,14,7896658024627,Resist 500mg 30 cápsulas,"73,57","65,48",-11.0%,"62,21",-15.4%
VeraCruz,Disponível,366.0,13,7896094931619,"Solução Nasal Aturgyl 0,5mg/ml Spray 15ml","19,02","17,50",-8.0%,"16,63",-12.6%
VeraCruz,Disponível,365.0,14,7896637033459,Spasmex 30mg 90 comprimidos revestidos,"188,03","55,16",-70.7%,"157,20",-16.4%
VeraCruz,Disponível,365.0,14,7896241274903,"Norestin 0,35mg 35 comprimidos",0,0,0,0,0
VeraCruz,Disponível,365.0,14,7896637022811,Triancil 20mg/ml Solução Injetável 5 frascos-ampola com 1ml cada,"153,76","66,89",-56.5%,"127,08",-17.4%
VeraCruz,Disponível,365.0,13,7897460401422,Silimalon 70mg + 100mg 30 Drágeas,"75,90","66,03",-13.0%,"62,73",-17.4%
VeraCruz,Disponível,365.0,12,7896083400133,Hipérico Herbarium 100mg 45 cápsulas duras,0,0,0,0,0
VeraCruz,Disponível,365.0,15,7896255766791,Creon 25.000 30 cápsulas com minimicroesferas acidorresitentes,0,0,0,0,0
VeraCruz,Disponível,365.0,12,7891317013967,"Andolba 4,5mg/g + 0,5mg/g + 0,5mg/g 43g","41,29","37,99",-8.0%,"36,09",-12.6%
VeraCruz,Disponível,365.0,12,7896641801792,Pomada Proctyl 30g + 10 aplicadores,"95,69","82,29",-14.0%,"78,18",-18.3%
VeraCruz,Disponível,365.0,13,7896094206342,"Naprix 2,5mg 30 comprimidos","85,05","62,94",-26.0%,"59,79",-29.7%
VeraCruz,Disponível,365.0,13,7898087340125,Gel Dersani Hidrogel 30g,"45,90","34,88",-24.0%,"33,14",-27.8%
VeraCruz,Disponível,364.0,12,7896094208407,Gel Nasal Maxidrate 6mg/g 30g,"57,62","51,28",-11.0%,"48,72",-15.4%
VeraCruz,Disponível,364.0,14,7896637025102,Miosan CAF 10mg + 60mg 15 comprimidos revestidos,"35,23","29,95",-15.0%,"28,45",-19.2%
VeraCruz,Disponível,364.0,14,7896422504645,Zinpass Eze 20mg + 10mg 30 comprimidos revestidos,0,0,0,0,0
VeraCruz,Disponível,364.0,13,7897337702089,Maxalt 10mg 2 comprimidos revestidos,"38,14","32,42",-15.0%,"30,80",-19.2%
VeraCruz,Disponível,363.0,15,7896226500362,Prolopa HBS 100/25mg 30 cápsulas,"97,56","77,07",-21.0%,"73,22",-24.9%
VeraCruz,Disponível,363.0,16,7896015591618,"Vitanol A 0,25mg/g 30g Creme Dermatológico","59,57","51,23",-14.0%,"48,67",-18.3%
VeraCruz,Disponível,363.0,13,7896658027079,"Untral 2,5mg Aché 90 cápsulas","330,60","110,20",-66.7%,"314,07",-5.0%
VeraCruz,Disponível,363.0,14,7896261008076,Diovan HCT 160mg + 25mg Novartis 28 comprimidos revestidos,0,0,0,0,0
VeraCruz,Disponível,363.0,12,7896094201248,Gestinol 28 75mcg +30mcg 28 comprimidos revestidos,"69,32","55,46",-20.0%,"52,69",-24.0%
VeraCruz,Disponível,362.0,14,7896083400058,Ginkgo 40mg Herbarium 60 cápsulas duras,"66,70","56,03",-16.0%,"53,23",-20.2%
VeraCruz,Disponível,362.0,14,7896004706573,"Celergin 0,25mg + 2mg 20 comprimidos","27,93","23,74",-15.0%,"22,55",-19.3%
VeraCruz,Disponível,362.0,13,7891317007256,Pastilhas Angino-Rub Sabor Mel e Limão 16un,"21,44","13,29",-38.0%,"12,63",-41.1%
VeraCruz,Disponível,362.0,14,7896094919709,Suplemento Alimentar Engov After Sabor Tangerina 250ml,"12,25","9,80",-20.0%,"9,31",-24.0%
VeraCruz,Disponível,362.0,13,7898040321338,Utrogestan 100mg 30 cápsulas,"86,20","74,13",-14.0%,"70,42",-18.3%
VeraCruz,Disponível,362.0,14,7898560664113,Tilatil 20mg 10 comprimidos revestidos,"103,39","86,85",-16.0%,"82,51",-20.2%
VeraCruz,Disponível,362.0,12,7896261012486,Diovan Amlo Fix 160mg + 5mg 28 comprimidos revestidos,"176,33","58,78",-66.7%,"167,51",-5.0%
VeraCruz,Disponível,362.0,14,7896331700121,Sabonete Sanasar 80g,0,0,0,0,0
VeraCruz,Disponível,362.0,13,7891317003913,AltaD 50.000UI 4 cápsulas moles,"96,36","83,83",-13.0%,"79,64",-17.4%
VeraCruz,Disponível,362.0,13,7898040328474,Suplemento Alimentar Probid 5 Cápsulas,"52,50","49,35",-6.0%,"46,88",-10.7%
VeraCruz,Disponível,362.0,14,7896112480709,Xefo 8mg 20 comprimidos revestidos,"36,28","31,56",-13.0%,"29,98",-17.4%
VeraCruz,Disponível,361.0,15,7896094922433,Nesina 25mg 30 comprimidos revestidos,"184,73","61,58",-66.7%,"175,49",-5.0%
VeraCruz,Disponível,361.0,16,7896112452690,Vênula 200mg 60 cápsulas duras,"91,07","77,41",-15.0%,"73,54",-19.2%
VeraCruz,Disponível,361.0,13,7896004715049,Dorilen Gotas 15ml,"42,14","30,34",-28.0%,"28,82",-31.6%
VeraCruz,Disponível,361.0,15,7896261018303,Cataflam Sport Ice Aerossol 60g,"42,15","36,67",-13.0%,"34,84",-17.3%
VeraCruz,Disponível,361.0,13,7897595901439,Atlansil 100mg 20 comprimidos,"25,93","20,74",-20.0%,"19,70",-24.0%
VeraCruz,Disponível,361.0,14,7898040324452,"Actifedrin 6mg/ml + 0,25mg/ml Xarope 100ml",0,0,0,0,0
VeraCruz,Disponível,361.0,13,7896222721143,LuftaFEM 200mg + 500mg 6 comprimidos revestidos,"17,89","14,67",-18.0%,"13,94",-22.1%
VeraCruz,Disponível,361.0,14,7896026120425,Solução Malvatricin 100ml,"45,53","40,07",-12.0%,"38,07",-16.4%
VeraCruz,Disponível,360.0,13,7896523228150,"Xarope Cimetosse 13,33mg/ml Sabor Mel e Menta 120ml","28,83","19,32",-33.0%,"18,35",-36.4%
VeraCruz,Disponível,360.0,13,7891721023965,Alginac Retard 10 comprimidos revestidos de liberação retardada,"74,11","60,77",-18.0%,"57,73",-22.1%
VeraCruz,Disponível,360.0,14,7899337000400,"Omnic Ocas 0,4mg 30 comprimidos de liberação prolongada","145,68","60,46",-58.5%,"114,86",-21.2%
VeraCruz,Disponível,360.0,14,7891106913676,Flanax 275mg 2 Comprimidos Revestidos,"5,62","5,62",-0.0%,"5,34",-5.0%
VeraCruz,Disponível,360.0,13,7896523216454,Pastilha Ciflogex Sabor Laranja 12un,"22,63","19,46",-14.0%,"18,49",-18.3%
VeraCruz,Disponível,359.0,14,7896676410198,Duoflam 5mg/ml + 2mg/ml Suspensão Injetável com 1ml + seringa,"33,36","29,02",-13.0%,"27,57",-17.4%
VeraCruz,Disponível,359.0,14,7896112400448,Suplemento Capilar Pantogar Neo 60 Cápsulas,"160,40","53,47",-66.7%,"152,38",-5.0%
VeraCruz,Disponível,359.0,13,7896227800034,Salonpas Gel 40g,0,0,0,0,0
VeraCruz,Disponível,359.0,16,7896026170550,Malvona Solução Oral 100ml,"28,24","24,85",-12.0%,"23,61",-16.4%
VeraCruz,Disponível,359.0,14,7896006212690,Naxotec Naproxeno 500mg 10 Comprimidos,0,0,0,0,0
VeraCruz,Disponível,359.0,13,7896006221012,Dews 5mg/ml Solução Oftálmica 10ml,"57,08","48,52",-15.0%,"46,09",-19.3%
VeraCruz,Disponível,359.0,16,7896212414468,Motilium 1mg/ml Suspensão Oral 100ml,0,0,0,0,0
VeraCruz,Disponível,359.0,12,7896006208266,"Solução Oftálmica Glaub MD 0,1% 5ml","38,63","31,29",-19.0%,"29,73",-23.0%
VeraCruz,Disponível,359.0,12,7896637023146,"FLANCOX - 300mg, 14 comprimidos revestidos","32,63","28,39",-13.0%,"26,97",-17.3%
VeraCruz,Disponível,359.0,14,7896658026195,Avide 100mg 9 cápsulas duras,"56,27","51,21",-9.0%,"48,65",-13.5%
VeraCruz,Disponível,359.0,13,7891317465032,Tâmisa 20 75mcg + 20mcg 63 comprimidos revestidos,"94,60","76,63",-19.0%,"72,80",-23.0%
VeraCruz,Disponível,359.0,13,7896548115251,"Solução Oftálmica Patanol 1,11mg/ml 5ml","82,63","69,41",-16.0%,"65,94",-20.2%
VeraCruz,Disponível,358.0,13,7896094917002,"Fluidificante e Descongestionante Nasal Rinosoro XT Gotas 0,9% 30ml","28,49","26,50",-7.0%,"25,18",-11.6%
VeraCruz,Disponível,358.0,13,7898277713302,Suplemento Alimentar Sulfato Ferroso 125mg/ml Arte Nativa Sabor Framboesa 30ml,"9,90","6,83",-31.0%,"6,49",-34.4%
VeraCruz,Disponível,358.0,15,7896261018860,Ultibro 110mg + 50mcg 30 cápsulas com pó para inalação + 1 inalador,0,0,0,0,0
VeraCruz,Disponível,358.0,14,7896714274799,Blumel Hedera Xarope 15mg/ml 100ml,"39,90","36,31",-9.0%,"34,49",-13.6%
VeraCruz,Disponível,358.0,13,7896331706376,Solução Spray Desaftan Aftas e Afecções Bucais 25ml,0,0,0,0,0
VeraCruz,Disponível,358.0,14,7891317031350,Dexfer 100mg/ml Gotas Sabor doce de Leite 30ml,"58,11","52,30",-10.0%,"49,69",-14.5%
VeraCruz,Disponível,357.0,14,7898967006141,"Evra 0,6mg + 6mg 3 adesivos transdérmicos","148,16","56,30",-62.0%,"106,97",-27.8%
VeraCruz,Disponível,357.0,14,7896206407568,"SELOKEN - 100mg, 30 comprimidos","61,68","50,58",-18.0%,"48,05",-22.1%
VeraCruz,Disponível,357.0,12,7896006213130,Colact 667mg/ml Sabor Ameixa 120ml,"29,77","20,24",-32.0%,"19,23",-35.4%
VeraCruz,Disponível,357.0,13,7897411610941,Loxonin 60mg 15 comprimidos,"42,94","36,93",-14.0%,"35,08",-18.3%
VeraCruz,Disponível,357.0,12,7896523224459,Nevralgex Cimed 10 comprimidos,"8,13","4,31",-47.0%,"4,09",-49.7%
VeraCruz,Disponível,357.0,13,7896255700283,Synthroid 112mcg 30 comprimidos,"55,85","44,12",-21.0%,"41,91",-25.0%
VeraCruz,Disponível,357.0,14,7896658030208,Oxotron 60mg 30 comprimidos,0,0,0,0,0
VeraCruz,Disponível,357.0,12,7896094203068,Gestinol 30mcg + 75mcg 84 comprimidos revestidos,"165,01","57,76",-65.0%,"109,73",-33.5%
VeraCruz,Disponível,357.0,12,7896658006401,Femina 150mcg + 20mcg 21 comprimidos revestidos,"46,09","37,79",-18.0%,"35,90",-22.1%
VeraCruz,Disponível,357.0,13,7891058271008,"Dermatop 2,5mg/g Creme Dermatológico 20g","85,69","71,98",-16.0%,"68,38",-20.2%
VeraCruz,Disponível,357.0,13,7896004775623,Nidue 100mg + 20mg 12 comprimidos,"62,38","62,38",-0.0%,"59,26",-5.0%
VeraCruz,Disponível,357.0,14,7896004753157,Tepev 500mg 100 cápsulas duras,0,0,0,0,0
VeraCruz,Disponível,357.0,13,7896317900415,Dexador 5mg + 100mg + 100mg + 4mg Solução Injetável 3 ampolas A (2ml) + 3 ampolas B (1ml),"50,85","44,75",-12.0%,"42,51",-16.4%
VeraCruz,Disponível,357.0,16,300650356459,Solução de Desinfecção Multipropósito Opti-Free Replenish 300ml + 120ml + Estojo de Lentes,0,0,0,0,0
VeraCruz,Disponível,356.0,13,7899824400775,Folifer Gotas 30ml,"70,20","70,20",-0.0%,"66,69",-5.0%
VeraCruz,Disponível,356.0,13,7892953001387,Pyridium 200mg 18 Drágeas,"35,90","28,00",-22.0%,"26,60",-25.9%
VeraCruz,Disponível,356.0,13,-,"TUNTÁ - 300mg, com 30 comprimidos revestidos",0,0,0,0,0
VeraCruz,Disponível,356.0,14,7891058017507,Analgésico Dorflex 10 comprimidos,"23,74","18,99",-20.0%,"18,04",-24.0%
VeraCruz,Disponível,356.0,12,7897411611016,Benicar Anlo 20mg + 5mg 30 comprimidos revestidos,"91,90","68,93",-25.0%,"65,48",-28.7%
VeraCruz,Disponível,356.0,14,7896006277408,Óleo Mineral União Química 100ml,"15,90","11,93",-25.0%,"11,33",-28.7%
VeraCruz,Disponível,356.0,14,7898040329624,"Floratil AT 250mg 10 envelopes de 1,25g","75,00","63,00",-16.0%,"59,85",-20.2%
VeraCruz,Disponível,356.0,13,7898906376410,Tiorfan 100mg 9 cápsulas,"56,27","50,64",-10.0%,"48,11",-14.5%
VeraCruz,Disponível,356.0,14,7896676432961,"Terolac 0,5% Solução Oftálmica 5ml","56,96","50,12",-12.0%,"47,61",-16.4%
VeraCruz,Disponível,356.0,13,7891142171719,Antialérgico Polaramine 2mg 20 Comprimidos,"32,99","30,68",-7.0%,"29,15",-11.6%
VeraCruz,Disponível,356.0,12,-,"Alektos PED 2,5mg/ml Sabor Framboesa 120ml","90,71","79,82",-12.0%,"75,83",-16.4%
VeraCruz,Disponível,355.0,12,7891268144024,Feldene 20mg 15 cápsulas,"70,73","58,71",-17.0%,"55,77",-21.2%
VeraCruz,Disponível,355.0,13,7893454714325,Benerva 300mg 30 comprimidos revestidos,"35,20","32,03",-9.0%,"30,43",-13.6%
VeraCruz,Disponível,355.0,14,7896641807343,Mesacol MMX 1200mg 30 comprimidos revestidos de liberação prolongada,0,0,0,0,0
VeraCruz,Disponível,355.0,13,-,"Ablok Plus 25mg + 12,5mg 60 comprimidos","52,45","41,96",-20.0%,"39,86",-24.0%
VeraCruz,Indisponível,355.0,15,0,Suplemento Hidroeletrolítico Sorox Sabor Tangerina 550ml,0,0,0,0,0
VeraCruz,Disponível,355.0,14,7896523209418,Maleato de Dexclorfeniramina 2mg/5ml Cimed 120ml,"21,24","15,51",-27.0%,"14,73",-30.6%
VeraCruz,Disponível,355.0,12,7897316801154,Solução Oftálmica Atropina 1% 5ml,"13,99","13,99",-0.0%,"13,29",-5.0%
VeraCruz,Disponível,355.0,13,7891317029685,Melocox 15mg 10 comprimidos,"53,29","45,83",-14.0%,"43,54",-18.3%
VeraCruz,Disponível,355.0,12,7898074617322,Fluimucil D 600mg 16 envelopes com 5g cada,"84,86","69,59",-18.0%,"66,11",-22.1%
VeraCruz,Disponível,355.0,13,7896015593209,Sal de Frutas Eno Tônica 2 envelopes com 5g cada,"4,94","4,05",-18.0%,"3,85",-22.1%
VeraCruz,Disponível,355.0,15,7894916508988,"Dalyne 3,0mg + 0,3mg 21 comprimidos revestidos","64,37","52,78",-18.0%,"50,14",-22.1%
VeraCruz,Disponível,355.0,13,7896006226208,"Solução Oftálmica Britens 0,2% + 0,5% 5ml","126,83","98,93",-22.0%,"93,98",-25.9%
VeraCruz,Disponível,355.0,13,7897018510033,Protetor Ocular Oftam Pequeno Colorido 20un,"33,70","30,33",-10.0%,"28,81",-14.5%
VeraCruz,Disponível,355.0,13,7896009498961,Analgésico Advil 400mg 16 cápsulas líquidas,"42,26","34,23",-19.0%,"32,52",-23.0%
VeraCruz,Disponível,355.0,13,7891317489700,Vast 20mg 30 comprimidos revestidos,"97,60","73,20",-25.0%,"69,54",-28.7%
VeraCruz,Disponível,354.0,12,7896094916234,Lisador Dip 1g 20 comprimidos,"45,99","41,39",-10.0%,"39,32",-14.5%
VeraCruz,Disponível,354.0,14,7898037080217,Complexo Homeopático Almeida Prado N 18 60 Comprimidos,"28,90","27,46",-5.0%,"26,09",-9.7%
VeraCruz,Disponível,354.0,13,7896523202600,"Narix 0,5mg/ml Cimed 30ml","9,94","5,67",-43.0%,"5,39",-45.8%
VeraCruz,Disponível,354.0,12,7896255766371,Femoston Conti 1mg + 5mg 28 comprimidos revestidos,"98,44","80,72",-18.0%,"76,68",-22.1%
VeraCruz,Disponível,354.0,13,7891317123604,Ésio 40mg 28 comprimidos revestidos,"203,68","54,99",-73.0%,"156,73",-23.1%
VeraCruz,Disponível,354.0,13,7897316804780,"Solução Oftálmica Combigan 0,2% + 0,5% 10ml","249,36","66,50",-73.3%,"189,52",-24.0%
VeraCruz,Disponível,354.0,13,7898040322199,"Reduclim 1,25mg 35 comprimidos",0,0,0,0,0
VeraCruz,Disponível,353.0,14,7896637023665,Miosan 10mg 10 comprimidos revestidos,"22,72","11,13",-51.0%,"10,57",-53.5%
VeraCruz,Disponível,353.0,12,7898029551848,Daflon 1000mg FFPM 30 comprimidos revestidos,"189,20","53,61",-71.7%,"152,78",-19.2%
VeraCruz,Disponível,353.0,12,7896255762205,Synthroid 137mcg 30 comprimidos,"60,93","48,74",-20.0%,"46,30",-24.0%
VeraCruz,Disponível,353.0,13,7896186002548,Bendita Cânfora 8 tabletes,"25,90","22,79",-12.0%,"21,65",-16.4%
VeraCruz,Disponível,353.0,12,7891317412531,"Trok-N 20mg/g + 0,64mg/g + 2,5mg/g Creme 10g","22,20","19,98",-10.0%,"18,98",-14.5%
VeraCruz,Disponível,353.0,15,7896641808227,"Kaloba 111,111mg 21 comprimidos revestidos",0,0,0,0,0
VeraCruz,Disponível,353.0,13,7896094206366,Naprix 5mg 30 comprimidos,"85,05","63,79",-25.0%,"60,60",-28.7%
VeraCruz,Disponível,353.0,13,7500435144384,Xarope Vick 44E 240ml,0,0,0,0,0
VeraCruz,Disponível,353.0,13,7896094202030,Cebralat 50mg 60 comprimidos,"47,18","36,80",-22.0%,"34,96",-25.9%
VeraCruz,Disponível,352.0,15,7897947609235,Gel Hidratante Cicatrimed 30g,0,0,0,0,0
VeraCruz,Disponível,352.0,12,7896622305844,Antiácido Pó Efervescente Estomazil Sem Sabor 5g,"4,13","3,47",-16.0%,"3,30",-20.1%
VeraCruz,Disponível,352.0,13,7896004700502,Suplemento Vitamínico Apevitin BC Xarope 240ml,"58,76","16,27",-72.3%,"15,46",-73.7%
VeraCruz,Disponível,352.0,12,7899337000653,Myrbetric 50mg 30 comprimidos revestidos de liberação prolongada,"329,24","93,28",-71.7%,"265,86",-19.3%
VeraCruz,Disponível,352.0,13,7896658008542,Mirtax 5mg 15 comprimidos revestidos,"18,83","17,70",-6.0%,"16,82",-10.7%
VeraCruz,Disponível,352.0,15,7891317015237,Pomada Bucal Mud Oral 1mg/g 10g,"23,56","20,26",-14.0%,"19,25",-18.3%
VeraCruz,Disponível,352.0,12,7896094208278,Sumaxpro 50mg + 500mg 2 comprimidos revestidos,"46,26","38,40",-17.0%,"36,48",-21.1%
VeraCruz,Disponível,352.0,12,7896637022576,"RETEMIC - 1mg/mL, 1 frasco com 120mL xarope","60,15","53,53",-11.0%,"50,85",-15.5%
VeraCruz,Disponível,352.0,13,7896094915374,Atroveran Dip 1g 10 comprimidos,"16,90","14,53",-14.0%,"13,80",-18.3%
VeraCruz,Disponível,352.0,13,7894916550031,Isordil Sublingual 5mg 30 comprimidos sublinguais,0,0,0,0,0
VeraCruz,Disponível,352.0,13,7896523208404,Nevralgex 300mg + 50mg + 35mg 30 comprimidos,"25,62","13,83",-46.0%,"13,14",-48.7%
VeraCruz,Disponível,351.0,13,7897337705899,Renitec 5mg 30 comprimidos,"42,29","34,68",-18.0%,"32,95",-22.1%
VeraCruz,Disponível,351.0,13,7896637025362,"Postec 2,5mg/g + 150UTR/g Pomada 20g",0,0,0,0,0
VeraCruz,Disponível,351.0,14,7896512901408,Supositório de Glicerina Granado Infantil 12un,"31,90","28,71",-10.0%,"27,27",-14.5%
VeraCruz,Disponível,351.0,13,7896523219691,Pasta D'Água Calamed Cimed 250mg/g 100g,0,0,0,0,0
VeraCruz,Disponível,351.0,12,7896006219095,Teflan 20mg 10 comprimidos revestidos,"57,47","46,55",-19.0%,"44,22",-23.1%
VeraCruz,Disponível,351.0,14,7896255766401,Betaserc 24mg 30 comprimidos,"73,42","58,74",-20.0%,"55,80",-24.0%
VeraCruz,Disponível,351.0,13,7896006290988,Solução Oftálmica Ster 10mg/ml 5ml,"32,70","27,47",-16.0%,"26,10",-20.2%
VeraCruz,Disponível,350.0,13,7896658028175,ProVance Aché Sabor Morango 10 Comprimidos Mastigáveis,"49,50","49,50",-0.0%,"47,03",-5.0%
VeraCruz,Disponível,350.0,13,7896261013483,Cataflam 50mg 20 drágeas,"56,22","48,91",-13.0%,"46,46",-17.4%
VeraCruz,Disponível,350.0,12,7894916512022,Somalgin Cardio 100mg 60 comprimidos revestidos de dupla camada,"49,94","41,95",-16.0%,"39,85",-20.2%
VeraCruz,Disponível,350.0,12,7896637031943,Flancox 600mg 14 comprimidos,"65,29","51,58",-21.0%,"49,00",-25.0%
VeraCruz,Disponível,350.0,14,7896658020315,Descongestionante Nasal Sorine H 3% Spray 50ml,"33,23","30,24",-9.0%,"28,73",-13.5%
VeraCruz,Disponível,350.0,14,7897018510019,Protetor Ocular Oftam Pequeno Bege 20un,"33,90","30,51",-10.0%,"28,98",-14.5%
VeraCruz,Disponível,350.0,13,7896658015380,Trezor 10mg 30 comprimidos revestidos,"42,34","35,14",-17.0%,"33,38",-21.2%
VeraCruz,Disponível,350.0,13,7590002023228,Xarope Vick 44E 120ml,"45,23","41,61",-8.0%,"39,53",-12.6%
VeraCruz,Disponível,350.0,14,7896112422150,"Novanlo 2,5mg 60 comprimidos",0,0,0,0,0
VeraCruz,Disponível,350.0,13,7896382703317,Humulin N NPH 100UI/ml 2 Refis de 3ml cada,"94,67","56,80",-40.0%,"53,96",-43.0%
VeraCruz,Disponível,349.0,14,7891058002596,Allegra 120mg 2 comprimidos,"19,06","16,96",-11.0%,"16,11",-15.5%
VeraCruz,Disponível,349.0,12,7892953003558,"Dutam 0,5mg + 0,4mg 30 cápsulas gelatinosas duras de liberação prolongada","122,80","98,24",-20.0%,"93,33",-24.0%
VeraCruz,Disponível,349.0,14,7896108002175,Spirulina 380mg Bionatus 45 Cápsulas,0,0,0,0,0
VeraCruz,Disponível,349.0,14,7897322714288,"Fibras Tamarine sem Sabor 10 Sachês de 5,7g cada",0,0,0,0,0
VeraCruz,Disponível,349.0,13,7898636192182,Solução Oftálmica Liris 5mg/ml 10ml,"42,99","37,40",-13.0%,"35,53",-17.4%
VeraCruz,Disponível,349.0,14,7896094210028,Plenance EZE 5mg+10mg 30 Cápsulas,"84,14","66,47",-21.0%,"63,15",-24.9%
VeraCruz,Disponível,349.0,13,7898133139277,Suplemento Hidroeletrolítico Hidralyte Uva 500ml,0,0,0,0,0
VeraCruz,Disponível,349.0,13,7896082900269,"Solução Nasal Sinustrat Vasoconstritor 0,5mg/ml 10ml","19,07","15,45",-19.0%,"14,68",-23.0%
VeraCruz,Disponível,349.0,13,7897460401255,Ginkoba 80mg 30 comprimidos revestidos,"73,05","59,17",-19.0%,"56,21",-23.1%
VeraCruz,Disponível,349.0,13,7896658009518,Prelone 3mg/ml Sabor Cereja 60ml + 1 pipeta dosadora,"35,13","30,91",-12.0%,"29,36",-16.4%
VeraCruz,Disponível,348.0,12,7896094922020,Albocresil 18mg/ml Gel 50g + Aplicador,"43,99","41,79",-5.0%,"39,70",-9.8%
VeraCruz,Disponível,348.0,12,7896212479825,Daktarin 20mg/g Gel Oral 40g,0,0,0,0,0
VeraCruz,Disponível,348.0,13,7896658003172,Decadron Injetável 2mg/ml 2 ampolas com 1ml cada,0,0,0,0,0
VeraCruz,Disponível,348.0,13,7896206403126,"ATACAND COMB - 16mg + 2,5mg, 30 comprimidos de liberação prolongada",0,0,0,0,0
VeraCruz,Disponível,348.0,13,7896658015106,Fisioton 400mg 30 comprimidos revestidos,"128,16","56,39",-56.0%,"107,14",-16.4%
VeraCruz,Disponível,348.0,13,7896006216636,Xantinon Complex flaconete com 10ml,"3,89","3,54",-9.0%,"3,36",-13.6%
VeraCruz,Disponível,348.0,14,7891142202178,Velunid 450mg + 50mg 30 comprimidos revestidos,0,0,0,0,0
VeraCruz,Disponível,348.0,14,7891058013318,Calcort 6mg 20 comprimidos,0,0,0,0,0
VeraCruz,Disponível,348.0,14,7896714200064,Neo Fedipina 10mg 30 comprimidos,"23,34","23,34",-0.0%,"22,17",-5.0%
VeraCruz,Disponível,348.0,14,7897316806623,"Triplenex 0,01% + 0,15% + 0,5% Solução Oftálmica Estéril 5ml","269,24","78,98",-70.7%,"225,08",-16.4%
VeraCruz,Disponível,347.0,12,7896637032797,Eniagor 50mg/ml Solução Capilar Refil 50ml,"55,35","36,53",-34.0%,"34,70",-37.3%
VeraCruz,Disponível,347.0,13,7896016806247,Naldecon Noite 4 comprimidos,"14,99","13,04",-13.0%,"12,39",-17.3%
VeraCruz,Disponível,347.0,13,7891058464073,Analgésico Novalgina 50mg/ml Sabor Framboesa 100ml + Seringa Dosadora,"49,03","44,13",-10.0%,"41,92",-14.5%
VeraCruz,Disponível,347.0,15,7896026304337,"Micardis HCT 80mg + 12,5mg 30 comprimidos",0,0,0,0,0
VeraCruz,Disponível,347.0,12,7898040322618,Kelo-Cote Spray 100ml,0,0,0,0,0
VeraCruz,Disponível,347.0,15,7898040329969,Xarope Sedavan 3mg/ml Infantil Sabor Framboesa 100ml,"21,79","15,91",-27.0%,"15,11",-30.7%
VeraCruz,Disponível,347.0,12,7898908753158,Traumeel S 30ml,"120,25","55,92",-53.5%,"106,24",-11.7%
VeraCruz,Disponível,346.0,15,7898074610354,Spidufen 770mg 6 comprimidos revestidos,0,0,0,0,0
VeraCruz,Disponível,346.0,14,7896658004001,Flagass 40mg 20 comprimidos,0,0,0,0,0
VeraCruz,Disponível,346.0,14,7896206402020,"Pulmicort 0,5mg/ml Suspensão para Nebulização 5 frascos com 2ml cada","73,39","61,65",-16.0%,"58,57",-20.2%
VeraCruz,Disponível,346.0,12,7891317455040,Domperix 10mg 30 comprimidos,"31,40","27,32",-13.0%,"25,95",-17.4%
VeraCruz,Disponível,346.0,13,7898037084819,Arnica Montana 6CH Almeida Prado Gotas 15ml,"32,90","32,90",-0.0%,"31,26",-5.0%
VeraCruz,Disponível,346.0,14,300653144978,Kit Solução para Lentes OPTI-FREE Express 355ml + 120ml + 1 Estojo para Lentes,0,0,0,0,0
VeraCruz,Disponível,346.0,13,7897411601543,Hirudoid 500 Gel 5mg/g 40g,"47,65","47,65",-0.0%,"45,27",-5.0%
VeraCruz,Disponível,346.0,15,7896094919648,Suplemento Alimentar de Lactase Levty 30 comprimidos com  10.000 U.FCC cada,0,0,0,0,0
VeraCruz,Disponível,346.0,13,7897851220069,Amiobal 30 comprimidos 100mg,"26,52","22,01",-17.0%,"20,91",-21.2%
VeraCruz,Disponível,346.0,13,7896094999565,Neosaldina Dip 1g 4 comprimidos,"39,98","30,78",-23.0%,"29,24",-26.9%
VeraCruz,Disponível,345.0,12,7898096577567,Winter Ap 6mg + 120mg 8 cápsulas,"38,62","32,44",-16.0%,"30,82",-20.2%
VeraCruz,Disponível,345.0,14,7896658038686,Pant Sec 50mg/ml 1 válvula spray 50ml,"76,77","76,77",-0.0%,"72,93",-5.0%
VeraCruz,Disponível,345.0,13,7898714760449,Acetilcisteína 600mg + Imuno Katiguá 16 cápsulas,0,0,0,0,0
VeraCruz,Disponível,345.0,15,7896382700583,Humulin N NPH 100UI/ml 1 ampola com 10ml,"87,81","71,13",-19.0%,"67,57",-23.0%
VeraCruz,Disponível,345.0,14,7896523216478,Pastilha Ciflogex Sabor Mel e Limão 12un,"22,63","19,24",-15.0%,"18,28",-19.2%
VeraCruz,Disponível,345.0,14,7896212422784,Motilium 1mg/ml Suspensão Oral 60ml,0,0,0,0,0
VeraCruz,Disponível,345.0,13,7896094210981,Ancoron 100mg 60 comprimidos revestidos,"40,77","31,80",-22.0%,"30,21",-25.9%
VeraCruz,Disponível,345.0,13,7896472513307,Buprovil 600mg 20 Comprimidos Revestidos,0,0,0,0,0
VeraCruz,Disponível,345.0,14,7896094921252,Coledue R 10mg + 20mg 30 cápsulas duras,0,0,0,0,0
VeraCruz,Disponível,344.0,12,7896015592356,Antiácido Pó Efervescente Gastrol Limão 1 envelope com 5g,"2,20","2,09",-5.0%,"1,99",-9.5%
VeraCruz,Disponível,344.0,13,7891721029950,Glivance XR 500mg + 30mg 30 Comprimidos de Liberação Prolongada,"57,37","46,47",-19.0%,"44,15",-23.0%
VeraCruz,Disponível,344.0,14,7896269901379,Zovirax 50mg/g Creme Dermatológico 10g,"72,29","62,89",-13.0%,"59,75",-17.3%
VeraCruz,Disponível,344.0,14,7898016410066,"Nitrato de Prata Bastão 90,0% Ifal 0,8g","52,50","46,73",-11.0%,"44,39",-15.4%
VeraCruz,Disponível,344.0,13,7896676420111,Afrat 150mg 1 comprimido,0,0,0,0,0
VeraCruz,Disponível,344.0,14,7896212479924,Analgésico Tylenol Gotas 200mg/ml Sabor Frutas 15ml,"45,18","38,40",-15.0%,"36,48",-19.3%
VeraCruz,Disponível,343.0,12,7894916501804,Gynazole-1 20mg/g Creme Ginecológico 5g,"105,10","91,44",-13.0%,"86,87",-17.3%
VeraCruz,Disponível,343.0,15,7891106914031,Primogyna 1mg 28 drágeas,0,0,0,0,0
VeraCruz,Disponível,343.0,12,7896090611782,Analgésico Advil 400mg 3 cápsulas líquidas,"9,99","8,19",-18.0%,"7,78",-22.1%
VeraCruz,Disponível,343.0,13,7896241231630,Tapazol 10mg 50 comprimidos,0,0,0,0,0
VeraCruz,Disponível,343.0,12,7897322709475,Vitamina D3 Addera D3 7.000UI 10 comprimidos revestidos,0,0,0,0,0
VeraCruz,Disponível,343.0,13,7896523210889,Cimegripe 10 Cápsulas,"15,25","9,61",-37.0%,"9,13",-40.1%
VeraCruz,Disponível,343.0,14,3499320010788,Soolantra 10mg/g Creme Dermatológico 30g,"165,98","68,88",-58.5%,"130,87",-21.2%
VeraCruz,Disponível,343.0,13,7896094928053,"Hexomedine 1mg/ml + 0,5mg/ml Spray 50ml","73,34","65,27",-11.0%,"62,01",-15.4%
VeraCruz,Disponível,343.0,14,7896212415618,Tylenol Sinus 1g + 60mg 36 comprimidos revestidos,"24,20","21,30",-12.0%,"20,24",-16.4%
VeraCruz,Disponível,343.0,14,7897705202678,Rybelsus 3mg 30 comprimidos,"1293,49","301,81",-76.7%,"860,17",-33.5%
VeraCruz,Disponível,343.0,12,7896094926615,Vabam 15mg 15 comprimidos revestidos,0,0,0,0,0
VeraCruz,Disponível,342.0,14,7898040329693,Floratil AT 250mg 10 cápsulas,"75,00","63,00",-16.0%,"59,85",-20.2%
VeraCruz,Disponível,342.0,14,7896070601468,"SECNIDAL - 1000mg, 2 comprimidos revestidos","51,97","43,65",-16.0%,"41,47",-20.2%
VeraCruz,Disponível,342.0,12,7891317025564,"Trok 20mg/g + 0,64mg/g Creme Dermatológico 10g","20,65","18,17",-12.0%,"17,26",-16.4%
VeraCruz,Disponível,342.0,12,7896641804434,Xantinol Complex 12 flaconetes com 10ml cada,"45,06","45,06",-0.0%,"42,81",-5.0%
VeraCruz,Disponível,342.0,12,7896026305280,Micardis Anlo 80mg + 10mg 30 comprimidos,"169,72","71,28",-58.0%,"135,43",-20.2%
VeraCruz,Disponível,342.0,12,7896523209173,Sedamed 300mg + 30mg + 30mg 20 comprimidos revestidos,0,0,0,0,0
VeraCruz,Disponível,342.0,15,7896226503721,Prolopa 100/25mg 30 comprimidos dispersíveis,0,0,0,0,0
VeraCruz,Disponível,342.0,13,7896548198865,Solução Oftálmica Florate 1mg/ml 5ml,0,0,0,0,0
VeraCruz,Disponível,342.0,13,7896181918950,Alenia 12mcg + 400mcg 60 cápsulas inalatórias + 1 inalador,"201,78","67,26",-66.7%,"191,69",-5.0%
VeraCruz,Disponível,342.0,13,7897595901187,Beserol 12 comprimidos,"26,31","19,47",-26.0%,"18,50",-29.7%
VeraCruz,Disponível,341.0,13,7896094921375,Amome 50mcg Spray Nasal 120 acionamentos,"72,33","64,37",-11.0%,"61,15",-15.5%
VeraCruz,Disponível,341.0,13,7898040329648,Floratil 100mg 12 cápsulas,"57,27","50,97",-11.0%,"48,42",-15.5%
VeraCruz,Disponível,341.0,13,7892953003022,Codroflex 500mg + 400mg 90 cápsulas,"208,78","55,67",-73.3%,"158,67",-24.0%
VeraCruz,Disponível,341.0,16,7898029550810,"Triplixam 5mg + 1,25mg + 10mg 30 comprimidos revestidos","100,11","50,06",-50.0%,"95,10",-5.0%
VeraCruz,Disponível,341.0,12,7896714200125,Neo Fedipina 20mg 30 comprimidos,"36,10","17,33",-52.0%,"16,46",-54.4%
VeraCruz,Disponível,341.0,15,7896112406143,Endofer 100mg 30 comprimidos mastigáveis,0,0,0,0,0
VeraCruz,Disponível,341.0,12,7896181901747,Cordarex 5mg 30 comprimidos,"38,69","33,66",-13.0%,"31,98",-17.3%
VeraCruz,Disponível,341.0,12,5000456028370,Xigduo XR 5mg + 1000mg 60 comprimidos revestidos de liberação prolongada,"262,04","74,24",-71.7%,"211,59",-19.3%
VeraCruz,Disponível,341.0,13,7894916516013,Toragesic 10mg 20 comprimidos sublinguais,"39,54","33,61",-15.0%,"31,93",-19.2%
VeraCruz,Disponível,341.0,15,7896658000393,Famox 40mg 10 comprimidos,"57,05","50,20",-12.0%,"47,69",-16.4%
VeraCruz,Disponível,340.0,13,7896331707403,Elixir Galenogal 150ml,"55,90","46,40",-17.0%,"44,08",-21.1%
VeraCruz,Disponível,340.0,12,7896658034978,Pant 50mg/ml Refil 50ml,"72,76","72,76",-0.0%,"69,12",-5.0%
VeraCruz,Disponível,340.0,13,7896422513265,OsteoNutri 600mg + 400UI 30 comprimidos revestidos,"97,50","97,50",-0.0%,"92,63",-5.0%
VeraCruz,Disponível,340.0,16,7891317445744,"Trok - N 20mg/g + 0,64mg/g + 2,5mg/g Pomada Dermatológica 30g","42,63","37,94",-11.0%,"36,04",-15.5%
VeraCruz,Disponível,340.0,14,7896261014244,Analgésico CataflamPRO Emugel 30g,"32,46","28,24",-13.0%,"26,83",-17.3%
VeraCruz,Disponível,340.0,14,7896261011069,Diovan 40mg 28 comprimidos revestidos,0,0,0,0,0
VeraCruz,Disponível,339.0,14,7896658035388,Pant 50mg/ml 2 frascos de 50ml cada,0,0,0,0,0
VeraCruz,Disponível,339.0,14,7896026307031,"Trayenta Duo 2,5mg + 850mg 60 comprimidos revestidos","319,19","87,25",-72.7%,"248,65",-22.1%
VeraCruz,Disponível,339.0,13,7891317010751,Dexalgen NF Solução Injetável 3 ampolas I (1 ml) e 3 ampolas II (2 ml),"53,51","48,69",-9.0%,"46,26",-13.5%
VeraCruz,Disponível,339.0,13,7896230302068,Mel Rosado ADV 30ml,"14,80","12,43",-16.0%,"11,81",-20.2%
VeraCruz,Disponível,339.0,14,7896226103037,Permear 300mg 30 comprimidos revestidos,0,0,0,0,0
VeraCruz,Disponível,339.0,13,7897411610675,"Benicar HCT 40 + 12,5mg 30 comprimidos revestidos","108,55","83,58",-23.0%,"79,40",-26.9%
VeraCruz,Disponível,339.0,16,7898040324971,Motix Pomada 50g,"93,50","86,02",-8.0%,"81,72",-12.6%
VeraCruz,Disponível,339.0,12,7896206401160,Atacand 8mg 30 comprimidos,0,0,0,0,0
VeraCruz,Disponível,339.0,15,7896180300244,Solução Oftálmica Maxilerg 1mg/ml 5ml,"43,22","35,01",-19.0%,"33,26",-23.0%
VeraCruz,Disponível,339.0,14,7896658005091,"Fentizol 0,02g/g Creme Ginecológico 40g + 7 aplicadores de 5g cada","50,61","46,56",-8.0%,"44,23",-12.6%
VeraCruz,Disponível,339.0,12,7897337713382,Pérola 75mcg 28 comprimidos revestidos,0,0,0,0,0
VeraCruz,Disponível,339.0,13,7896112403340,"Ad-Muc Kids 0,2% Gel Bucal 10g","81,50","74,17",-9.0%,"70,46",-13.5%
VeraCruz,Disponível,339.0,14,7908134200453,Slinda 4mg 28 comprimidos revestidos,"130,81","52,98",-59.5%,"100,66",-23.0%
VeraCruz,Disponível,339.0,14,7898430191978,"Peg-Lax 8,5g Pó para Solução Sem Sabor 14 envelopes",0,0,0,0,0
VeraCruz,Disponível,339.0,13,7896422524452,OsteoNutri 600mg + 400UI 60 comprimidos revestidos,"161,50","53,83",-66.7%,"153,43",-5.0%
VeraCruz,Disponível,339.0,13,7898133139277,Suplemento Hidroeletrolítico Pedialyte Max Coco 500ml,0,0,0,0,0
VeraCruz,Disponível,339.0,15,7896226109275,Vicog 5mg 90 comprimidos,"96,95","72,71",-25.0%,"69,07",-28.8%
VeraCruz,Disponível,338.0,13,7896004706559,"Celerg Xarope 0,4mg/ml + 0,05mg/ml 120ml",0,0,0,0,0
VeraCruz,Disponível,338.0,12,7897322714479,Mioflex A 125mg + 50mg + 300mg + 30mg 30 Comprimidos,"66,23","60,93",-8.0%,"57,88",-12.6%
VeraCruz,Disponível,338.0,13,7899470807997,Kalonat 10ml,"18,99","14,43",-24.0%,"13,71",-27.8%
VeraCruz,Disponível,338.0,14,7896181913719,Busonid Aquoso Nasal 100mcg 120 doses 6ml,"95,02","80,77",-15.0%,"76,73",-19.2%
VeraCruz,Disponível,338.0,16,7891317016425,Alta D 15.000UI 4 Cápsulas Moles,"59,40","53,46",-10.0%,"50,79",-14.5%
VeraCruz,Disponível,338.0,13,7896112403418,Contractubex Gel 20g,"121,50","55,29",-54.5%,"105,04",-13.5%
VeraCruz,Disponível,338.0,13,7896112427704,Aradois 100mg 30 comprimidos revestidos,"155,71","59,17",-62.0%,"112,42",-27.8%
VeraCruz,Disponível,338.0,13,7891058003562,"Puran T4 37,5mcg 30 comprimidos","11,67","8,64",-26.0%,"8,21",-29.6%
VeraCruz,Disponível,338.0,12,7896094901612,Analgésico Aerossol Gelol 60ml,"51,70","44,46",-14.0%,"42,24",-18.3%
VeraCruz,Disponível,338.0,13,7896637023122,"Moment 0,25mg/ml 60ml","70,98","65,30",-8.0%,"62,04",-12.6%
VeraCruz,Disponível,337.0,12,7891721008368,Alginac 5.000mcg + 100mg + 100mg + 75mg 3 ampolas com 1ml + 3 ampolas com 2ml,"37,41","31,80",-15.0%,"30,21",-19.2%
VeraCruz,Disponível,337.0,13,-,"Letrozol 2,5mg Eurofarma 30 comprimidos revestidos","909,92","115,26",-87.3%,"328,48",-63.9%
VeraCruz,Disponível,337.0,12,7894916509992,Suplemento Vitamínico Neutrofer Prev 60ml,0,0,0,0,0
VeraCruz,Disponível,337.0,12,7896006230205,"DIGESTINA - 4mg/mL, 1 frasco gotejador com 20mL de solução de uso oral","23,88","15,28",-36.0%,"14,52",-39.2%
VeraCruz,Disponível,337.0,15,7897595601766,Sinvastacor 10mg 30 comprimidos revestidos,"29,90","7,18",-76.0%,"6,82",-77.2%
VeraCruz,Disponível,337.0,12,7896112435648,"Gestrelan 0,15mg + 0,03mg 63 comprimidos",0,0,0,0,0
VeraCruz,Disponível,337.0,13,1000000311,AAS Infantil 100mg com 10 comprimidos,0,0,0,0,0
VeraCruz,Disponível,337.0,12,7896641800740,Riopan Plus 80mg/ml + 10mg/ml 240ml,0,0,0,0,0
VeraCruz,Disponível,336.0,15,7897411601482,Effient 10mg 30 comprimidos revestidos,"480,56","121,74",-74.7%,"346,97",-27.8%
VeraCruz,Disponível,336.0,15,7896112108320,Kit Solução Estéril para Lentes Bio Lent 360ml + 120ml + Estojo para Lentes,"46,25","39,78",-14.0%,"37,79",-18.3%
VeraCruz,Disponível,336.0,13,7896112425328,Pantogar Biolab 30 cápsulas,0,0,0,0,0
VeraCruz,Disponível,336.0,15,7891106913966,"Diane 35 2mg + 0,035mg 21 drágeas","42,77","35,50",-17.0%,"33,73",-21.1%
VeraCruz,Disponível,336.0,14,7896672201875,Bamifix 300mg 20 drágeas,"45,76","38,90",-15.0%,"36,96",-19.2%
VeraCruz,Disponível,336.0,17,7898029552128,Diamicron MR 30mg 30 comprimidos de liberação prolongada,"52,92","43,92",-17.0%,"41,72",-21.2%
VeraCruz,Disponível,336.0,14,7898049790180,Lorasliv 10mg 12 comprimidos,"16,55","2,81",-83.0%,"2,67",-83.9%
VeraCruz,Disponível,336.0,14,7896112428015,"Aradois H 50mg + 12,5mg 90 comprimidos revestidos","191,86","52,44",-72.7%,"149,46",-22.1%
VeraCruz,Disponível,336.0,12,7899337000424,"Omnic Ocas 0,4mg 60 comprimidos de liberação prolongada","233,11","62,94",-73.0%,"179,38",-23.0%
VeraCruz,Disponível,336.0,12,7896094922075,Dramin B6 30ml,"24,35","22,65",-7.0%,"21,52",-11.6%
VeraCruz,Disponível,336.0,13,7896212429745,Motilium 10mg 60 comprimidos,"71,49","63,63",-11.0%,"60,45",-15.4%
VeraCruz,Disponível,336.0,12,7891317457211,Zina 5mg 10 comprimidos,"60,16","52,34",-13.0%,"49,72",-17.4%
VeraCruz,Disponível,336.0,14,7896206401146,Atacand 16mg 30 comprimidos,0,0,0,0,0
VeraCruz,Disponível,336.0,13,7894916510004,"Bramicar HCT 40mg + 12,5mg 30 comprimidos","107,54","92,48",-14.0%,"87,86",-18.3%
VeraCruz,Disponível,336.0,12,20800750165,"Metamucil Sabor Laranja 10 sachês com 5,85g","73,23","67,37",-8.0%,"64,00",-12.6%
VeraCruz,Disponível,335.0,12,7893736010053,Enxak 12 comprimidos,"22,58","20,77",-8.0%,"19,73",-12.6%
VeraCruz,Disponível,335.0,14,7896004727806,EMS Expector Sabor Caramelo 120ml,"31,77","31,77",-0.0%,"30,18",-5.0%
VeraCruz,Disponível,335.0,12,7896523208176,Paracetamol 200mg/ml Cimed 15ml,0,0,0,0,0
VeraCruz,Disponível,335.0,13,7896206402211,Symbicort Turbuhaler 6/200 mcg por inalação 60 doses de pó para inalação,0,0,0,0,0
VeraCruz,Disponível,335.0,14,7501006718065,Chá Vick Pyrena Sabor Maçã e Canela 5g,"5,67","5,67",-0.0%,"5,39",-4.9%
VeraCruz,Disponível,335.0,12,7896094921344,Buscofem 400mg 10 cápsulas,"34,97","28,68",-18.0%,"27,25",-22.1%
VeraCruz,Disponível,335.0,13,7897705202425,Insulina Fiasp 100U FlexTouch 3ml Com 1 Caneta,"66,52","57,21",-14.0%,"54,35",-18.3%
VeraCruz,Disponível,335.0,12,7891040130849,Protetor Ocular Nexcare Grande 12un,"37,90","32,22",-15.0%,"30,61",-19.2%
VeraCruz,Disponível,335.0,13,7896181907626,Vasogard 50mg 60 comprimidos,"46,67","39,20",-16.0%,"37,24",-20.2%
VeraCruz,Disponível,335.0,12,7898087340026,Loção Oleosa Dersani 200ml,"61,90","42,71",-31.0%,"40,57",-34.5%
VeraCruz,Disponível,335.0,14,7896658038259,"Nienza 3,125mg 30 comprimidos",0,0,0,0,0
VeraCruz,Disponível,335.0,13,7896658001901,Decongex Plus 12 comprimidos,"33,91","28,33",-16.5%,"26,91",-20.6%
VeraCruz,Disponível,335.0,13,7896269900594,"Psorex 0,5mg/g Solução Capilar 50ml",0,0,0,0,0
VeraCruz,Disponível,335.0,15,7897322701493,Magnopyrol 500mg/ml Gotas 20ml,"50,99","46,91",-8.0%,"44,56",-12.6%
VeraCruz,Disponível,335.0,14,7896112413677,"Pressat 2,5mg 60 comprimidos","80,19","63,35",-21.0%,"60,18",-25.0%
VeraCruz,Disponível,334.0,16,7891142130822,Milgamma 150mg 30 drágeas,0,0,0,0,0
VeraCruz,Disponível,334.0,12,7896658038129,Tormiv SL 10mg Sabor Limão 20 comprimidos sublinguais,"49,41","42,00",-15.0%,"39,90",-19.2%
VeraCruz,Disponível,334.0,17,7896112102908,Venaflon 900mg + 100mg 30 comprimidos,"151,37","69,63",-54.0%,"66,15",-56.3%
VeraCruz,Disponível,334.0,12,7896112427407,Suplemento Alimentar Doss 2.000UI Vitamina D3 30 cápsulas gelatinosas moles,0,0,0,0,0
VeraCruz,Disponível,334.0,13,7896637028523,Labirin 24mg 30 comprimidos,"34,57","17,29",-50.0%,"16,43",-52.5%
VeraCruz,Disponível,334.0,12,7896253900920,Xarope Vibral 3mg/ml Sabor Framboesa 120ml,"33,34","30,67",-8.0%,"29,14",-12.6%
VeraCruz,Disponível,334.0,13,7891317015985,Torante 15mg/ml Xarope 100ml,"65,96","59,36",-10.0%,"56,39",-14.5%
VeraCruz,Indisponível,334.0,13,0,Enantato de Noretisterona + Valerato de Estradiol 50mg + 5mg Eurofarma 1 ampola com 1ml,0,0,0,0,0
VeraCruz,Disponível,334.0,15,7891106907019,Xarelto 15mg 28 comprimidos revestidos,0,0,0,0,0
VeraCruz,Disponível,334.0,12,7896523207667,Xarope Ambroxmel Sabor Mel 120ml,"26,39","17,42",-34.0%,"16,55",-37.3%
VeraCruz,Disponível,334.0,14,7896094999534,Nesina Pio 25mg + 15mg 30 comprimidos revestidos,0,0,0,0,0
VeraCruz,Disponível,334.0,14,7892828001368,Hidrion 40mg + 100mg 20 comprimidos,"29,35","25,24",-14.0%,"23,98",-18.3%
VeraCruz,Disponível,334.0,15,7896006217459,Neocopan Composto 20 comprimidos revestidos,"20,14","19,13",-5.0%,"18,17",-9.8%
VeraCruz,Disponível,334.0,14,7896672201424,Clenil Compositum HFA Spray 50mcg + 100mcg 200 doses 10ml,"65,98","56,74",-14.0%,"53,90",-18.3%
VeraCruz,Disponível,334.0,14,7896006229803,Digestina 10mg  20 comprimidos,"30,83","18,19",-41.0%,"17,28",-44.0%
VeraCruz,Disponível,334.0,12,7896714221847,Flavonid 450mg + 50mg 60 comprimidos revestidos,"187,97","97,74",-48.0%,"92,85",-50.6%
VeraCruz,Disponível,334.0,13,7896094920033,"Fluidificante e Descongestionante Nasal Rinosoro Jet XT Infantil 0,9% 100ml","65,38","60,80",-7.0%,"57,76",-11.7%
VeraCruz,Disponível,333.0,12,7896112403258,Doss 15.000UI 04 cápsulas gelatinosas moles,"41,28","29,72",-28.0%,"28,23",-31.6%
VeraCruz,Disponível,333.0,13,-,Gaeso 40mg 28 comprimidos,"193,56","54,84",-71.7%,"156,30",-19.2%
VeraCruz,Disponível,333.0,14,7896004780511,Rivaroxabana 20mg EMS 30 comprimidos revestidos,0,0,0,0,0
VeraCruz,Disponível,333.0,13,7896094920644,Suplemento Alimentar para Gestantes Mega Mater 30 cápsulas,0,0,0,0,0
VeraCruz,Disponível,333.0,12,7896004775593,Quicard 35mg 60 Comprimidos Revestidos De Liberação Prolongada,0,0,0,0,0
VeraCruz,Disponível,333.0,13,7898040320928,Marevan 5mg 30 comprimidos,0,0,0,0,0
VeraCruz,Disponível,333.0,13,7896255700276,Synthroid 88mcg 30 comprimidos,"52,49","41,47",-21.0%,"39,40",-24.9%
VeraCruz,Disponível,333.0,13,5702191025644,Icacort 1mg/g + 10mg/g Creme Dermatológico 30g,"45,41","42,69",-6.0%,"40,56",-10.7%
VeraCruz,Disponível,333.0,13,3400970002146,Flebodia 600mg 30 comprimidos revestidos,"165,46","68,67",-58.5%,"130,46",-21.2%
VeraCruz,Disponível,333.0,12,7896637022644,"Yomax 5,4mg 60 comprimidos","109,83","98,85",-10.0%,"93,91",-14.5%
VeraCruz,Disponível,332.0,13,7896658036019,Osteoban 150mg 3 comprimidos,"156,62","66,57",-57.5%,"126,47",-19.3%
VeraCruz,Disponível,332.0,14,7896637023115,Meclin 25mg 15 comprimidos,"29,65","25,20",-15.0%,"23,94",-19.3%
VeraCruz,Disponível,332.0,13,7896658015427,Trezor 20mg 30 comprimidos revestidos,"71,61","59,44",-17.0%,"56,47",-21.1%
VeraCruz,Disponível,332.0,14,7896006298540,Vodol 20mg/g Pó 30g,"43,81","38,99",-11.0%,"37,04",-15.5%
VeraCruz,Disponível,332.0,15,7896015591953,Leite de Magnésia Eno Tradicional 120ml,0,0,0,0,0
VeraCruz,Disponível,332.0,14,7896094917385,"Fluidificante e Descongestionante Nasal Blusoro Jet Infantil 0,9% 100ml","50,14","46,63",-7.0%,"44,30",-11.6%
VeraCruz,Disponível,332.0,12,7896094919693,Suplemento Alimentar Engov After Sabor Citrus 250ml,"12,25","9,80",-20.0%,"9,31",-24.0%
VeraCruz,Disponível,332.0,13,7898040328474,Suplemento Alimentar Probid 30 Cápsulas,"52,50","49,35",-6.0%,"46,88",-10.7%
VeraCruz,Disponível,332.0,13,7896714239712,Vertigium 10mg 50 comprimidos,"16,29","16,29",-0.0%,"15,48",-5.0%
VeraCruz,Disponível,332.0,13,7896685300657,Kronel Gel Ginecológico 60g 10 aplicadores,"130,27","54,06",-58.5%,"102,71",-21.2%
VeraCruz,Disponível,332.0,13,7896269901898,Zyrtec 10mg 12 comprimidos revestidos,0,0,0,0,0
VeraCruz,Disponível,332.0,12,7896269900983,"Naramig 2,5mg 4 comprimidos revestidos","28,11","24,74",-12.0%,"23,50",-16.4%
VeraCruz,Disponível,332.0,13,7894916512107,"Somalgin Cardio 81mg, 60 Comprimidos Revestidos de Dupla Camada","32,28","27,12",-16.0%,"25,76",-20.2%
VeraCruz,Disponível,331.0,13,7500435188067,Vick Pyrena Grip-7 20 Cápsulas,"30,10","28,29",-6.0%,"26,88",-10.7%
VeraCruz,Disponível,331.0,14,7896112115151,Venaflon 450mg + 50mg 30 comprimidos revestidos,"105,37","33,72",-68.0%,"32,03",-69.6%
VeraCruz,Disponível,331.0,14,7896006259732,Acetilcisteína 10mg/ml União Química Uso Endovenoso/Inalatório 5 ampolas de 3ml,"22,68","22,68",-0.0%,"21,55",-5.0%
VeraCruz,Disponível,331.0,15,7896637022835,Miosan 5mg 30 comprimidos,"63,57","47,04",-26.0%,"44,69",-29.7%
VeraCruz,Disponível,331.0,17,7896181905288,Alenia Refil 6mcg + 200mcg 60 cápsulas inalatórias,"118,83","59,42",-50.0%,"112,89",-5.0%
VeraCruz,Disponível,331.0,12,7896676427745,"Pomada Kollagenase 0,6U/g 30g","74,80","63,58",-15.0%,"60,40",-19.3%
VeraCruz,Disponível,331.0,13,7896112403630,Dacxi 20mg 28 comprimidos revestidos,0,0,0,0,0
VeraCruz,Disponível,331.0,13,7896622305837,Antiácido Pó Efervescente Estomazil Sabor Abacaxi 100g,"4,13","3,47",-16.0%,"3,30",-20.1%
VeraCruz,Disponível,331.0,13,7898960950328,Teste de Gravidez Fast Test Semanas 1un,0,0,0,0,0
VeraCruz,Disponível,331.0,14,7896004704999,Maleato de Dexclorfeniramina 2mg/5ml EMS 120ml,"22,82","12,55",-45.0%,"11,92",-47.8%
VeraCruz,Disponível,331.0,12,7896658020995,Motore 250mg 120 cápsulas,0,0,0,0,0
VeraCruz,Disponível,330.0,13,7896004762098,Lacday 10.000 U.FCC EMS 8 comprimidos mastigáveis,"26,50","22,53",-15.0%,"21,40",-19.2%
VeraCruz,Disponível,330.0,14,7896241252970,"Drenison 0,125mg/g Pomada 30g","48,23","42,92",-11.0%,"40,77",-15.5%
VeraCruz,Disponível,330.0,15,7896094999541,Melhoral Infantil 8 comprimidos,"10,88","9,79",-10.0%,"9,30",-14.5%
VeraCruz,Disponível,330.0,14,7897595901767,Digesan 4mg Gotas 20ml,0,0,0,0,0
VeraCruz,Disponível,330.0,12,7896112427933,"Aradois H 50mg + 12,5mg 60 comprimidos revestidos","158,30","52,77",-66.7%,"150,39",-5.0%
VeraCruz,Disponível,330.0,12,7891142115614,"Celestamine 0,05mg/ml + 0,4mg/ml Xarope 120ml","70,60","62,83",-11.0%,"59,69",-15.5%
VeraCruz,Disponível,330.0,12,7897316804926,"Solução Oftálmica Combigan 0,2% + 0,5% 5ml",0,0,0,0,0
VeraCruz,Disponível,330.0,14,7896094926622,Vabam 15mg 30 comprimidos revestidos,0,0,0,0,0
VeraCruz,Disponível,330.0,12,7896523227375,Spray Nasal Cimed 50ml,0,0,0,0,0
VeraCruz,Disponível,330.0,13,7896083400171,Espinheira Santa 380mg Herbarium 45 Cápsulas Duras,"45,90","43,61",-5.0%,"41,43",-9.7%
VeraCruz,Disponível,330.0,13,7897129300240,Micolamina 80mg/mg Esmalte 8% 6g + 24 lixas,"255,91","69,95",-72.7%,"199,36",-22.1%
VeraCruz,Disponível,330.0,14,7896658020315,"Descongestionante Nasal Sorine SSC 0,9% Spray 50ml","33,23","30,24",-9.0%,"28,73",-13.5%
VeraCruz,Disponível,329.0,12,7896523206103,Cimelide 50mg/ml Cimed Suspensão Oral 15ml,"27,51","13,20",-52.0%,"12,54",-54.4%
VeraCruz,Disponível,329.0,15,7896112422174,"Novanlo 2,5mg 90 comprimidos","151,36","62,82",-58.5%,"119,35",-21.1%
VeraCruz,Disponível,329.0,12,7908134200552,Slinda 4mg 3 blísteres com 28 comprimidos revestidos cada,"311,61","82,06",-73.7%,"233,86",-25.0%
VeraCruz,Disponível,329.0,13,7891317007454,"Rehidrat 50 Sabor Natural 4 envelopes de 7,34g","37,86","34,83",-8.0%,"33,09",-12.6%
VeraCruz,Disponível,329.0,14,7897337716703,"Sandrena 0,5mg Gel 28 sachês com 0,5g","51,84","43,03",-17.0%,"40,88",-21.1%
VeraCruz,Disponível,329.0,14,7897322706528,CafiLisador 500mg + 65mg 16 comprimidos,0,0,0,0,0
VeraCruz,Disponível,329.0,12,7896004817576,Bálsamo Bengué Gel 20g,"26,99","21,32",-21.0%,"20,25",-25.0%
VeraCruz,Disponível,329.0,13,7899640803521,Permese 5mg/ml + 2mg/ml Solução Intramuscular com 1ml + seringa,"31,66","27,23",-14.0%,"25,87",-18.3%
VeraCruz,Disponível,329.0,12,7897411610767,Lactulona 667mg/ml Xarope Sabor Salada de Frutas 120ml,"62,02","56,44",-9.0%,"53,62",-13.5%
VeraCruz,Disponível,329.0,13,7891317004040,"Amora 2mg + 0,03mg 21 comprimidos revestidos","49,55","39,64",-20.0%,"37,66",-24.0%
VeraCruz,Disponível,329.0,12,7891106912471,Flanax 550mg 2 comprimidos revestidos,"7,80","7,80",-0.0%,"7,41",-5.0%
VeraCruz,Disponível,329.0,13,7891058003555,"Puran T4 12,5mcg 30 comprimidos","3,87","2,86",-26.1%,"2,72",-29.7%
VeraCruz,Disponível,329.0,13,7896094922334,Eparema Tradicional Sabor Hortelã 10ml,"5,26","4,31",-18.1%,"4,09",-22.2%
VeraCruz,Disponível,329.0,12,7896094208285,Sumaxpro 85mg + 500mg 2 Comprimidos Revestidos,"75,43","63,36",-16.0%,"60,19",-20.2%
VeraCruz,Disponível,328.0,15,7896672202919,Clenil HFA 250mcg Jet Solução Aerossol 200 doses 10ml,"80,69","56,48",-30.0%,"53,66",-33.5%
VeraCruz,Disponível,328.0,14,7896226102429,Tenag 40mg 20 comprimidos revestidos,0,0,0,0,0
VeraCruz,Disponível,328.0,13,7896281152018,Artrodar 50mg 30 cápsulas,"267,05","61,42",-77.0%,"175,05",-34.5%
VeraCruz,Disponível,328.0,13,7891317014834,Equitam 80mg 30 Comprimidos Revestidos,"83,05","72,25",-13.0%,"68,64",-17.4%
VeraCruz,Disponível,328.0,13,7896658052279,Suplemento Alimentar Bifilac Sii 30 cápsulas,"51,90","51,90",-0.0%,"49,31",-5.0%
VeraCruz,Disponível,328.0,14,7896094919648,Suplemento Alimentar Femibion 1 28 comprimidos,0,0,0,0,0
VeraCruz,Disponível,328.0,14,7897316804735,Acular LS 4mg/ml Solução Oftálmica 5ml,"77,80","64,57",-17.0%,"61,34",-21.2%
VeraCruz,Disponível,328.0,13,7892953002186,"Tamsulon 0,4mg 30 cápsulas","293,46","97,82",-66.7%,"278,79",-5.0%
VeraCruz,Disponível,328.0,12,7896094207769,Stanglit 30mg 30 comprimidos,"126,71","95,03",-25.0%,"90,28",-28.8%
VeraCruz,Disponível,328.0,12,7898029550216,Acertil 5mg 30 comprimidos revestidos,"81,36","81,36",-0.0%,"77,29",-5.0%
VeraCruz,Disponível,328.0,13,7896006221043,"Tess 2,0mg + 0,035mg 21 comprimidos revestidos",0,0,0,0,0
VeraCruz,Disponível,328.0,14,7894916500333,Neutrofer 300mg 30 comprimidos revestidos,"62,65","55,13",-12.0%,"52,37",-16.4%
VeraCruz,Disponível,328.0,13,7896206406707,SeloZok 25mg 60 comprimidos revestidos de liberação controlada,0,0,0,0,0
VeraCruz,Disponível,328.0,12,7896658001789,Antux 30mg/5ml Sabor Cereja 120ml,"49,23","44,80",-9.0%,"42,56",-13.5%
VeraCruz,Disponível,328.0,12,7891721014987,Euthyrox 112mcg 50 comprimidos,"56,85","43,21",-24.0%,"41,05",-27.8%
VeraCruz,Disponível,328.0,14,7896226506388,Prolopa BD 100/25mg 60 comprimidos,0,0,0,0,0
VeraCruz,Disponível,327.0,13,7896658021442,"Liberaflux 7,5mg/ml Sabor Cereja 100ml",0,0,0,0,0
VeraCruz,Disponível,327.0,12,7891058016999,Probiótico Enterogermina 10 frascos de 5ml,"58,90","44,90",-23.8%,"42,66",-27.6%
VeraCruz,Disponível,327.0,15,7891721014239,Euthyrox 100mcg 50 comprimidos,"50,45","38,34",-24.0%,"36,42",-27.8%
VeraCruz,Disponível,327.0,13,7896004716237,Itralex 100mg 15 cápsulas,0,0,0,0,0
VeraCruz,Disponível,327.0,12,7501007447285,Chá Vick Pyrena Sabor Camomila e Erva-Cidreira 5g,"5,67","5,67",-0.0%,"5,39",-4.9%
VeraCruz,Disponível,327.0,13,7896094919396,Lisador Dip 500mg/ml Gotas 20ml,"29,69","27,31",-8.0%,"25,94",-12.6%
VeraCruz,Disponível,327.0,13,7896006201731,"Primosiston 2mg + 0,01mg 30 comprimidos","57,00","51,87",-9.0%,"49,28",-13.5%
VeraCruz,Disponível,327.0,12,7891721012969,Roxflan 5mg 30 comprimidos,"31,40","26,06",-17.0%,"24,76",-21.1%
VeraCruz,Disponível,327.0,13,7896714273006,Massageol Aerossol 120ml,"59,99","37,19",-38.0%,"35,33",-41.1%
VeraCruz,Disponível,326.0,15,7893454101569,Mestinon 60mg 60 comprimidos,"57,40","49,94",-13.0%,"47,44",-17.4%
VeraCruz,Disponível,326.0,15,7891142129178,Antialérgico Claritin 10mg 6 comprimidos,"12,99","11,82",-9.0%,"11,23",-13.5%
VeraCruz,Disponível,326.0,13,7896094201644,"Pozato Uni 1,5mg 1 comprimido revestido","37,96","30,75",-19.0%,"29,21",-23.1%
VeraCruz,Disponível,326.0,13,8903855082455,Azukon MR 30mg 100 comprimidos de liberação prolongada,0,0,0,0,0
VeraCruz,Disponível,326.0,12,7898040323288,Daraprim 25mg 30 comprimidos,"4,13","3,59",-13.1%,"3,41",-17.4%
VeraCruz,Disponível,326.0,13,7897411603141,Loxonin Flex 100mg 7 adesivos,"123,64","57,16",-53.8%,"108,59",-12.2%
VeraCruz,Disponível,326.0,12,7896658005121,Nisulid 100mg 12 comprimidos,"67,79","59,66",-12.0%,"56,68",-16.4%
VeraCruz,Disponível,326.0,14,7891268148961,Olmetec Anlo 40mg + 5mg 30 comprimidos revestidos,0,0,0,0,0
VeraCruz,Disponível,326.0,14,7896658036965,Allestra 30 75mcg + 30mcg 63 drágeas,"93,84","77,89",-17.0%,"74,00",-21.1%
VeraCruz,Disponível,326.0,13,7896658034770,Rubia 75mcg 28 comprimidos revestidos,"39,97","33,18",-17.0%,"31,52",-21.1%
VeraCruz,Disponível,326.0,12,7898687730616,Vitamina D 500UI Althaia Gotas 20ml,0,0,0,0,0
VeraCruz,Disponível,326.0,13,7891142115126,Alivium 600mg 10 cápsulas líquidas,"49,84","41,87",-16.0%,"39,78",-20.2%
VeraCruz,Disponível,326.0,13,7891721025228,Concor 10mg 30 comprimidos revestidos,"123,13","92,35",-25.0%,"87,73",-28.8%
VeraCruz,Disponível,326.0,14,7896094918436,Artroflan 150mg 60 comprimidos revestidos,"289,98","82,16",-71.7%,"234,16",-19.2%
VeraCruz,Disponível,326.0,13,7896672202872,Clenil HFA 200mcg Spray 200 doses + 1 dispositivo em L para administração oral,"81,81","67,90",-17.0%,"64,51",-21.1%
VeraCruz,Disponível,325.0,14,7896094207844,Ancoron 100mg 30 comprimidos revestidos,"29,72","23,18",-22.0%,"22,02",-25.9%
VeraCruz,Disponível,325.0,12,7898040320683,"Adoless 0,060mg + 0,015mg 28 comprimidos revestidos","52,65","42,12",-20.0%,"40,01",-24.0%
VeraCruz,Disponível,325.0,12,7896112407171,Vonaugasmax 250mg 10 cápsulas moles,"28,22","26,24",-7.0%,"24,93",-11.7%
VeraCruz,Disponível,325.0,14,7896112403111,AtivB 1000mcg 30 comprimidos sublinguais,"98,91","64,29",-35.0%,"61,08",-38.2%
VeraCruz,Disponível,325.0,13,7898040323578,Gengimin 160mg 15 Comprimidos Revestidos,"49,00","44,59",-9.0%,"42,36",-13.6%
VeraCruz,Disponível,325.0,13,7891721000614,Glifage 500mg 30 comprimidos revestidos,"30,34","25,18",-17.0%,"23,92",-21.2%
VeraCruz,Disponível,325.0,13,7897411600393,"Benicar Triplo 40mg/12,5mg/5mg 30 comprimidos revestidos","178,64","71,46",-60.0%,"135,76",-24.0%
VeraCruz,Disponível,325.0,14,7891317013844,Algie 150mg 10 comprimidos revestidos de liberação prolongada,"55,42","46,55",-16.0%,"44,22",-20.2%
VeraCruz,Disponível,325.0,13,7896094920637,Suplemento Alimentar Gestamax Plus 60 cápsulas gelatinosas moles,0,0,0,0,0
VeraCruz,Disponível,325.0,12,-,Pantocal 20mg 28 comprimidos revestidos de liberação retardada,0,0,0,0,0
VeraCruz,Disponível,325.0,13,7898040322670,Flebon 50mg 30 comprimidos,"89,23","72,28",-19.0%,"68,67",-23.0%
VeraCruz,Disponível,325.0,12,7891045008440,Nordette 150/30mcg 63 drágeas,"38,39","34,93",-9.0%,"33,18",-13.6%
VeraCruz,Disponível,325.0,13,7894916550116,Tenadren 40mg + 25mg 30 comprimidos,"16,05","13,00",-19.0%,"12,35",-23.1%
VeraCruz,Disponível,325.0,12,7896222721150,LuftaFEM 200mg + 500mg 12 comprimidos revestidos,"32,99","29,36",-11.0%,"27,89",-15.5%
VeraCruz,Disponível,325.0,13,7896637017176,Fitoscar 60mg/g Pomada 20g,"96,79","85,18",-12.0%,"80,92",-16.4%
VeraCruz,Disponível,325.0,12,7896658000911,Diosmin SDU 900mg + 100mg Sabor Abacaxi 30 sachês com 5g cada,"198,62","66,21",-66.7%,"188,69",-5.0%
VeraCruz,Disponível,324.0,13,7898133139260,Suplemento Hidroeletrolítico Hidralyte Natulab Guaraná 500ml,"17,50","12,78",-27.0%,"12,14",-30.6%
VeraCruz,Disponível,324.0,14,7898029556812,"Natrilix SR 1,5mg 60 comprimidos revestidos de liberação prolongada","87,91","68,57",-22.0%,"65,14",-25.9%
VeraCruz,Disponível,324.0,13,7891045031257,Suplemento Vitamínico Nestlé Materna 30 comprimidos revestidos,"75,90","69,07",-9.0%,"65,62",-13.5%
VeraCruz,Disponível,324.0,14,7897129302541,"Vitacid Plus 0,1mg/g + 40mg/g + 0,5mg/g Creme 15g","149,10","61,13",-59.0%,"116,15",-22.1%
VeraCruz,Disponível,324.0,15,7891058020286,Probiótico Enterogermina Plus 5 frascos de 5ml,"63,50","44,90",-29.3%,"42,66",-32.8%
VeraCruz,Disponível,324.0,15,7896094201774,Topison 1mg/g Pomada 20g,"75,51","62,67",-17.0%,"59,54",-21.1%
VeraCruz,Disponível,324.0,14,7891142115492,Alivium Infantil 100mg/ml Sabor Frutas 20ml,"49,41","44,47",-10.0%,"42,25",-14.5%
VeraCruz,Disponível,324.0,12,7891721015007,Euthyrox 137mcg 50 comprimidos,"60,00","45,60",-24.0%,"43,32",-27.8%
VeraCruz,Disponível,324.0,13,7891721029974,Concor Anlo 5/5 mg 30 comprimidos,"98,73","78,00",-21.0%,"74,10",-24.9%
VeraCruz,Disponível,324.0,14,7891317460532,Noex 32mcg Spray Nasal 120 doses,"46,48","41,83",-10.0%,"39,74",-14.5%
VeraCruz,Disponível,324.0,12,7891106006507,Flanax 550mg 10 comprimidos revestidos,"28,99","27,54",-5.0%,"26,16",-9.8%
VeraCruz,Disponível,324.0,12,7897595604163,Sinvastacor 40mg 30 comprimidos revestidos,"39,61","10,69",-73.0%,"10,16",-74.3%
VeraCruz,Disponível,324.0,13,7896255766449,Betaserc 16mg 30 comprimidos,"48,80","40,02",-18.0%,"38,02",-22.1%
VeraCruz,Disponível,324.0,13,7896004768366,Solução Oftálmica Toragesic Ofta 5mg/ml 5ml,"53,92","45,83",-15.0%,"43,54",-19.3%
VeraCruz,Disponível,324.0,12,7896672201523,"Fluibron A 7,5mg/ml 10 flaconetes com 2ml cada","65,30","62,04",-5.0%,"58,94",-9.7%
VeraCruz,Disponível,324.0,13,7896006230052,Solução Oftálmica Drusolol 2% + 5% 5ml,"104,01","83,21",-20.0%,"79,05",-24.0%
VeraCruz,Disponível,323.0,13,7896261013490,Cataflam 50mg 10 drágeas,"28,02","24,66",-12.0%,"23,43",-16.4%
VeraCruz,Indisponível,323.0,14,0,Restaurador da Flora Intestinal Repoflor 200mg 6 cápsulas duras,0,0,0,0,0
VeraCruz,Disponível,323.0,15,7898075310901,Pomada Lidopass 50mg/g Cimed Sabor Laranja 25g,0,0,0,0,0
VeraCruz,Disponível,323.0,14,7896222720887,Antigases Luftal Gotas 75mg/ml Sabor Cereja 15ml,"39,99","33,19",-17.0%,"31,53",-21.2%
VeraCruz,Disponível,323.0,12,7896094999992,Neosaldina 30 drágeas,"47,98","37,90",-21.0%,"36,01",-24.9%
VeraCruz,Disponível,323.0,14,7897595901576,Puran T4 175mcg 30 comprimidos,"34,62","25,27",-27.0%,"24,01",-30.6%
VeraCruz,Disponível,323.0,13,7891317136468,Crevagin 30mg/g + 20mg/g Creme Ginecológico 40g + 7 aplicadores,"52,69","46,37",-12.0%,"44,05",-16.4%
VeraCruz,Disponível,323.0,13,7891317465667,"Selene 0,035mg + 2mg 21 comprimidos revestidos","36,95","29,56",-20.0%,"28,08",-24.0%
VeraCruz,Disponível,323.0,14,7896094919044,Apracur Duo 12 comprimidos,"16,19","15,06",-7.0%,"14,31",-11.6%
VeraCruz,Disponível,323.0,12,7898040329952,Xarope Sedavan 6mg/ml Sabor Framboesa 100ml,"26,98","26,98",-0.0%,"25,63",-5.0%
VeraCruz,Disponível,323.0,12,7891058002770,Beserol 4 comprimidos,"8,48","6,36",-25.0%,"6,04",-28.8%
VeraCruz,Disponível,323.0,13,7897572020306,Januvia 50mg 28 comprimidos revestidos,0,0,0,0,0
VeraCruz,Disponível,322.0,13,7896658001918,Decongex Plus Xarope 120ml,"28,22","23,68",-16.1%,"22,50",-20.3%
VeraCruz,Disponível,322.0,13,7896548197035,"TRAVATAN - 0,04mg/mL, 1 frasco gotejador com 2,5mL de solução de uso oftalmológico",0,0,0,0,0
VeraCruz,Disponível,322.0,12,7897322711430,"Umma 20mg/g Creme Ginecológico 6,5g + 1 aplicador","116,77","51,97",-55.5%,"98,73",-15.4%
VeraCruz,Disponível,322.0,12,7896658011863,"Flogoral 1,5mg/ml Sabor Menta 250ml",0,0,0,0,0
VeraCruz,Disponível,322.0,12,7897572020252,Janumet XR 100mg/1000mg 30 comprimidos revestidos de liberação prolongada,"360,72","93,79",-74.0%,"267,29",-25.9%
VeraCruz,Disponível,322.0,16,7891058003180,"Volare 20mg/0,2ml 2 seringas preenchidas de 0,2ml com sistema de segurança",0,0,0,0,0
VeraCruz,Disponível,322.0,12,7891058001988,Probiótico Enterogermina Adulto Sabor Laranja 9 sachês,0,0,0,0,0
VeraCruz,Disponível,322.0,12,7896094999985,Neosaldina Solução Oral 15ml,"50,48","41,39",-18.0%,"39,32",-22.1%
VeraCruz,Disponível,322.0,14,7896094919648,Suplemento Alimentar Ofolato D 2.000 UI 30 comprimidos,0,0,0,0,0
VeraCruz,Disponível,322.0,15,7896331704808,"Rapilax 7,5mg/ml Gotas 30ml","21,96","20,86",-5.0%,"19,82",-9.7%
VeraCruz,Disponível,321.0,12,7897322710464,Cafilisador 4 comprimidos,0,0,0,0,0
VeraCruz,Disponível,321.0,14,7891721014741,Euthyrox 75mcg 50 comprimidos,"48,80","37,09",-24.0%,"35,24",-27.8%
VeraCruz,Disponível,321.0,13,7896015560300,Sal de Frutas Eno Tradicional 100g,"30,73","23,97",-22.0%,"22,77",-25.9%
VeraCruz,Disponível,321.0,14,7896094912472,Lacto - Purga 6 comprimidos revestidos,"6,20","5,52",-11.0%,"5,24",-15.5%
VeraCruz,Disponível,321.0,14,7897322709789,Laxante Fitoterápico Tamarine Geléia Zero Açúcar 150g,"99,99","80,86",-19.1%,"76,82",-23.2%
VeraCruz,Disponível,321.0,15,7898581710578,Noripurum 10mg/ml Xarope 120ml,"36,10","33,21",-8.0%,"31,55",-12.6%
VeraCruz,Disponível,321.0,12,7898074610453,Spidufen 770mg 10 comprimidos revestidos,"37,76","30,21",-20.0%,"28,70",-24.0%
VeraCruz,Disponível,321.0,12,7897129301513,Hixizine 25mg 30 comprimidos,"63,14","53,04",-16.0%,"50,39",-20.2%
VeraCruz,Disponível,321.0,13,7896637027724,"Inpruv D 7.000UI Apsen, 10 Comprimidos","30,34","22,76",-25.0%,"21,62",-28.7%
VeraCruz,Disponível,321.0,14,7897411611030,BenicarAnlo 40mg/10mg 30 comprimidos revestidos,"103,89","80,00",-23.0%,"76,00",-26.8%
VeraCruz,Disponível,321.0,13,7896112400431,Press Plus 5mg + 20mg 60 cápsulas,"244,87","62,85",-74.3%,"179,12",-26.9%
VeraCruz,Disponível,321.0,13,7897595900654,Atlansil 200mg 20 comprimidos,0,0,0,0,0
VeraCruz,Disponível,321.0,15,7898096577031,Deocil SL 10mg 10 comprimidos sublinguais,"42,10","34,94",-17.0%,"33,19",-21.2%
VeraCruz,Disponível,321.0,13,7896006290162,"Solução Oftálmica Glaucotrat 0,5% 5ml","16,82","13,62",-19.0%,"12,94",-23.1%
VeraCruz,Disponível,320.0,14,7891317465049,Tâmisa 20 75mcg + 20mcg 21 comprimidos revestidos,"39,79","31,83",-20.0%,"30,24",-24.0%
VeraCruz,Disponível,320.0,14,7896094901582,Analgésico Pomada Gelol 20g,"29,78","24,72",-17.0%,"23,48",-21.2%
VeraCruz,Disponível,320.0,13,7896658021688,Adipept 20mg 28 comprimidos revestidos,"61,20","53,86",-12.0%,"51,17",-16.4%
VeraCruz,Disponível,320.0,13,7891317439002,"Melocox 7,5mg 10 comprimidos",0,0,0,0,0
VeraCruz,Disponível,320.0,14,7891317460518,Noex 50mcg Spray Nasal 200 doses,"80,87","66,31",-18.0%,"62,99",-22.1%
VeraCruz,Disponível,320.0,13,5702191007916,"Daivobet 50mcg/g + 0,5mg/g Pomada Dermatológico 30g","158,80","68,29",-57.0%,"129,74",-18.3%
VeraCruz,Disponível,320.0,13,7896637030403,"Inpruv DK 50.000UI + 100mcg Apsen, 4 Comprimidos","112,24","75,20",-33.0%,"71,44",-36.4%
VeraCruz,Disponível,320.0,12,7897316801390,Cromolerg 2% Solução Oftálmica 5ml,"17,16","15,10",-12.0%,"14,35",-16.4%
VeraCruz,Disponível,320.0,12,7891721022845,Flexive CDM Creme 50g,"94,75","81,49",-14.0%,"77,42",-18.3%
VeraCruz,Disponível,320.0,13,7896094918771,Suplemento Alimentar Ofolato G 15ml,0,0,0,0,0
VeraCruz,Disponível,320.0,16,7896382707278,Caneta para Aplicação de Insulina HumaPen Savvio,0,0,0,0,0
VeraCruz,Disponível,320.0,12,7896672203589,"Trimbow 100/6/12,5 mcg 120 Doses","470,05","156,68",-66.7%,"446,55",-5.0%
VeraCruz,Disponível,320.0,14,7899824400072,Jofix 8mg 10 comprimidos orodispersíveis,0,0,0,0,0
VeraCruz,Disponível,320.0,12,7896112402053,Solução Nasal Sinusec Spray 30ml,"68,25","60,06",-12.0%,"57,06",-16.4%
VeraCruz,Disponível,320.0,12,7896862993122,Solaquin 40mg/g Creme Dermatológico 30g,0,0,0,0,0
VeraCruz,Disponível,320.0,13,7891268148923,"OLMETEC ANLO - 20mg + 5mg, 30 comprimidos revestidos",0,0,0,0,0
VeraCruz,Disponível,319.0,12,7891142115508,Alivium Infantil 30mg/ml Sabor Frutas 100ml,0,0,0,0,0
VeraCruz,Disponível,319.0,13,7896094208506,"Natifa Pro UBD 0,5mg + 0,1mg 28 comprimidos revestidos","98,17","73,63",-25.0%,"69,95",-28.7%
VeraCruz,Disponível,319.0,13,7898430193989,Myrafer 100mg/ml Sabor Doce de Leite 30ml,"56,21","50,59",-10.0%,"48,06",-14.5%
VeraCruz,Disponível,319.0,14,7896255765619,"Iruxol Mono 1,2U Pomada 15g","75,82","65,96",-13.0%,"62,66",-17.4%
VeraCruz,Disponível,319.0,12,7896548199855,"Solução Oftálmica Azorga 10mg/ml + 6,8mg/ml 6ml","134,50","67,25",-50.0%,"127,78",-5.0%
VeraCruz,Disponível,319.0,13,7898040329532,Suplemento Alimentar Calcitran D3 1000ui 30 comprimidos revestidos,"69,90","69,90",-0.0%,"66,41",-5.0%
VeraCruz,Disponível,319.0,15,7896181916222,Angipress 25mg 30 comprimidos,"24,72","21,51",-13.0%,"20,43",-17.4%
VeraCruz,Disponível,319.0,13,7898108640548,Protetor Ocular Estéril Sancare Tamanho P 10 unidades,"23,49","20,44",-13.0%,"19,42",-17.3%
VeraCruz,Disponível,319.0,12,7896094918474,Rizi 5mg 30 comprimidos revestidos,0,0,0,0,0
VeraCruz,Disponível,319.0,14,8903855076034,Azukon MR 30mg 60 Comprimidos,"42,97","31,37",-27.0%,"29,80",-30.6%
VeraCruz,Disponível,319.0,14,7897595901521,Clorana 25mg 30 comprimidos,"15,61","12,80",-18.0%,"12,16",-22.1%
VeraCruz,Disponível,319.0,13,7899337000080,Vesicare 5mg 30 comprimidos revestidos,"230,36","66,04",-71.3%,"188,20",-18.3%
VeraCruz,Disponível,319.0,13,7898906846494,"Óleo Sachet Pielsana 7,5cm X 15cm 5ml","8,50","6,80",-20.0%,"6,46",-24.0%
VeraCruz,Disponível,319.0,12,7896331702958,Antiácido Gastrobion Sabor Cereja 240ml,0,0,0,0,0
VeraCruz,Disponível,318.0,12,7891106912778,Claritin 10mg 12 comprimidos,"22,98","21,37",-7.0%,"20,30",-11.7%
VeraCruz,Disponível,318.0,12,7896094206113,Plenance 10mg 30 comprimidos revestidos,"96,44","73,29",-24.0%,"69,63",-27.8%
VeraCruz,Indisponível,318.0,12,0,Laxante Fitoterápico Naturetti 16 cápsulas,0,0,0,0,0
VeraCruz,Disponível,318.0,12,7896009498541,Caltrate Ca 600mg + D3 200 UI 30 comprimidos revestidos,"82,30","69,13",-16.0%,"65,67",-20.2%
VeraCruz,Disponível,318.0,13,7896083410552,Cognitus 225mg 60 comprimidos revestidos,"152,65","66,41",-56.5%,"126,17",-17.3%
VeraCruz,Disponível,318.0,12,7896006261810,Regulador Intestinal Leiba 200 12 Cápsulas,0,0,0,0,0
VeraCruz,Disponível,318.0,13,7898040328313,Helioral 250mg 60 cápsulas,"210,85","61,15",-71.0%,"174,27",-17.3%
VeraCruz,Disponível,318.0,13,7896658038273,Nienza 25mg 30 comprimidos,0,0,0,0,0
VeraCruz,Disponível,318.0,13,7892953003817,"Condroflex 1,5g + 1,2g Sabor Abacaxi 30 sachês com pó para solução oral","157,65","55,97",-64.5%,"106,33",-32.6%
VeraCruz,Disponível,318.0,14,7894916514903,Bexai 35mg 20 capsúlas,0,0,0,0,0
VeraCruz,Disponível,318.0,14,7896637025492,Dobeven 500mg 30 cápsulas,"103,82","91,36",-12.0%,"86,79",-16.4%
VeraCruz,Disponível,318.0,12,7896658030345,Betadine XR 32mg 30 comprimidos,"65,50","55,68",-15.0%,"52,90",-19.2%
VeraCruz,Disponível,318.0,15,7896637023849,Unoprost 4mg 30 comprimidos,"56,36","49,03",-13.0%,"46,58",-17.4%
VeraCruz,Disponível,318.0,13,7896658005312,Flogoral 5mg/g Creme Dental Sabor Menta 70g,"41,37","37,23",-10.0%,"35,37",-14.5%
VeraCruz,Disponível,317.0,14,7896658002212,Femina 150mcg + 20mcg 63 comprimidos revestidos,"101,32","84,10",-17.0%,"79,90",-21.1%
VeraCruz,Disponível,317.0,13,7896255764858,Ritmonorm 300mg 60 comprimidos revestidos,0,0,0,0,0
VeraCruz,Disponível,317.0,13,7896094210059,Plenance EZE 10mg+10mg 30 cápsulas,"96,81","76,48",-21.0%,"72,66",-24.9%
VeraCruz,Disponível,317.0,14,7896181915171,Busonid Aquoso Nasal 32mcg 120 doses 6ml,"32,18","27,35",-15.0%,"25,98",-19.3%
VeraCruz,Disponível,317.0,13,7896094920033,"Fluidificante e Descongestionante Nasal Rinosoro Jet XT 0,9% 100ml","65,38","60,80",-7.0%,"57,76",-11.7%
VeraCruz,Disponível,317.0,13,7896212469970,Creme Dermatológico Fenergan 20mg/g 30g,0,0,0,0,0
VeraCruz,Disponível,317.0,13,7896112403517,Flavenos 900mg + 100mg 30 comprimidos revestidos,"131,10","56,38",-57.0%,"107,11",-18.3%
VeraCruz,Disponível,317.0,13,7894916502962,"Artemidis 35 0,035mg + 2mg 21 comprimidos revestidos","23,72","23,72",-0.0%,"22,53",-5.0%
VeraCruz,Disponível,317.0,13,7896094919648,Suplemento Alimentar de Lactase Levty 8 comprimidos com  10.000 U.FCC cada,0,0,0,0,0
VeraCruz,Disponível,317.0,13,7891317485764,DUOMO HP Eurofarma 60 Cápsulas Duras,"205,55","58,24",-71.7%,"165,98",-19.3%
VeraCruz,Disponível,317.0,12,7898557141061,Lactulife Sabor Artificial Salada de Frutas 120ml,0,0,0,0,0
VeraCruz,Disponível,317.0,14,7898040321499,Ixium 50mg/g 12 sachês de Creme Dermatológico com 250mg cada,"353,21","117,74",-66.7%,"335,55",-5.0%
VeraCruz,Disponível,317.0,14,7896112493587,Vasopril 20mg 30 comprimidos,"117,22","90,26",-23.0%,"85,75",-26.8%
VeraCruz,Disponível,317.0,12,7896672202278,Cicladol 20mg 5 comprimidos,"51,03","44,40",-13.0%,"42,18",-17.3%
VeraCruz,Disponível,317.0,14,7896094919648,Suplemento Alimentar Ofalato 90 comprimidos,0,0,0,0,0
VeraCruz,Disponível,316.0,13,7891317477172,Piemonte 5mg 30 comprimidos mastigáveis,"76,50","61,20",-20.0%,"58,14",-24.0%
VeraCruz,Disponível,316.0,15,7896094907294,Engov 12 comprimidos,"20,99","16,79",-20.0%,"15,95",-24.0%
VeraCruz,Disponível,316.0,12,7896026302432,Atrovent N 20mcg/dose 10ml + 1 bocal (200 doses),"42,50","35,70",-16.0%,"33,92",-20.2%
VeraCruz,Disponível,316.0,12,7896676433029,Solução Oftálmica Oftpred 10mg/ml 5ml,"52,59","46,28",-12.0%,"43,97",-16.4%
VeraCruz,Disponível,316.0,12,78911222,Vaporizante Descongestionante Vick VapoRub Unguento 12g,"23,21","23,21",-0.0%,"22,05",-5.0%
VeraCruz,Indisponível,316.0,13,0,Restaurador da Flora Intestinal Repoflor Pediátrico 200mg 4 envelopes com 1g cada,0,0,0,0,0
VeraCruz,Disponível,316.0,14,7896015517045,Sal de Frutas Eno Guaraná 100g,"30,73","23,97",-22.0%,"22,77",-25.9%
VeraCruz,Disponível,316.0,13,7896181904250,Hemax Eritron 4.000UI Aché 1 ampola com pó liofilizado e 1 ampola com 2ml de diluente,0,0,0,0,0
VeraCruz,Disponível,316.0,14,8902220109520,Rosucor 20mg 30 comprimidos revestidos,"76,61","55,93",-27.0%,"53,13",-30.6%
VeraCruz,Disponível,316.0,12,7896658020988,Motore 250mg 60 cápsulas,0,0,0,0,0
VeraCruz,Disponível,316.0,12,7896637022903,Labirin 16mg 30 comprimidos,0,0,0,0,0
VeraCruz,Disponível,316.0,13,7897595605573,Trilax 300mg + 125mg + 50mg + 30mg 30 comprimidos,0,0,0,0,0
VeraCruz,Disponível,316.0,15,7891317412555,"Trok - N 20mg/g + 0,64mg/g + 2,5mg/g Pomada Dermatológica 10g","21,11","19,00",-10.0%,"18,05",-14.5%
VeraCruz,Disponível,316.0,14,7896094209701,"Descongestionante Nasal Salsep 0,9% 360° Bebê e Criança 50ml",0,0,0,0,0
VeraCruz,Disponível,316.0,14,7898040321512,"Annita 500mg, 6 comprimidos revestidos","80,34","69,09",-14.0%,"65,64",-18.3%
VeraCruz,Disponível,316.0,13,7898100264018,Biovicerin 6 flaconetes com 5ml cada,"48,87","40,56",-17.0%,"38,53",-21.2%
VeraCruz,Disponível,315.0,13,7893736003611,Laringex Sabor Menta 16 pastilhas,"20,55","15,00",-27.0%,"14,25",-30.7%
VeraCruz,Disponível,315.0,13,7896015521646,Sal de Frutas Eno Abacaxi 2 envelopes com 5g cada,"4,98","4,03",-19.1%,"3,83",-23.1%
VeraCruz,Disponível,315.0,14,7897129300516,"Vitacid 0,25mg/g Gel 25g",0,0,0,0,0
VeraCruz,Disponível,315.0,12,-,Librene Diu Cobre e Prata Tamanho Normal TCU380AG,0,0,0,0,0
VeraCruz,Disponível,315.0,15,7898100243112,Xarope Phitóss 7mg/ml Sabor Framboesa 100ml,"36,73","12,49",-66.0%,"11,87",-67.7%
VeraCruz,Disponível,315.0,13,7896658011276,Prelone 11mg/ml Gotas Sabor Cereja 20ml,"43,55","38,76",-11.0%,"36,82",-15.5%
VeraCruz,Disponível,315.0,12,7896658018787,Bravan HCT 160mg + 25mg 30 comprimidos,"84,94","72,20",-15.0%,"68,59",-19.2%
VeraCruz,Disponível,315.0,14,7897947601574,Suplemento Alimentar Lavitan Pré-Natal Multi 30 comprimidos revestidos,"87,50","51,63",-41.0%,"49,05",-43.9%
VeraCruz,Disponível,315.0,12,7898948648148,Utrogestan 200mg 14 cápsulas,"80,50","69,23",-14.0%,"65,77",-18.3%
VeraCruz,Disponível,315.0,13,7892953000694,Condroflex 500mg + 400mg 60 cápsulas,"150,19","53,32",-64.5%,"101,30",-32.6%
VeraCruz,Disponível,315.0,13,7896212415618,Tylenol Sinus 500g + 30mg 24 comprimidos revestidos,"24,20","21,30",-12.0%,"20,24",-16.4%
VeraCruz,Disponível,315.0,13,7896006220534,Apresolina 25mg 20 drágeas,"10,53","8,85",-16.0%,"8,41",-20.1%
VeraCruz,Disponível,315.0,14,7891317015176,"Laxante Minilax 7 bisnagas com 6,5g","57,28","52,70",-8.0%,"50,07",-12.6%
VeraCruz,Disponível,315.0,13,7898040321420,Antialérgico Allegra Pediátrico 6mg/ml 1 frasco de 60ml de suspensão de uso oral,"32,83","29,22",-11.0%,"27,76",-15.4%
VeraCruz,Disponível,315.0,13,7896658035975,Allestra 15 60mcg + 15mcg 28 comprimidos,"29,57","24,84",-16.0%,"23,60",-20.2%
VeraCruz,Disponível,314.0,14,7896016807404,"Eliquis 2,5mg 60 comprimidos revestidos",0,0,0,0,0
VeraCruz,Disponível,314.0,14,7896094907324,Engov 24 comprimidos,"35,16","29,88",-15.0%,"28,39",-19.3%
VeraCruz,Disponível,314.0,14,7893454300115,Aceratum 100mg/ml Solução Otológica 10ml,"24,01","19,21",-20.0%,"18,25",-24.0%
VeraCruz,Disponível,314.0,12,7898040320027,Gynomax Creme Vaginal 35g + 7 aplicadores descartáveis,0,0,0,0,0
VeraCruz,Disponível,314.0,13,7896094921252,Coledue R 10mg + 10mg 30 cápsulas duras,0,0,0,0,0
VeraCruz,Disponível,314.0,13,7896714219301,Antialérgico Histamin 2mg 20 comprimidos,"18,73","12,36",-34.0%,"11,74",-37.3%
VeraCruz,Disponível,314.0,12,7896094928107,AAS Infantil 100mg com 30 comprimidos,"28,49","26,21",-8.0%,"24,90",-12.6%
VeraCruz,Disponível,314.0,13,7896226105246,Fibras Normaten Fit 10 Sachês,0,0,0,0,0
VeraCruz,Disponível,314.0,15,7897337705882,Renitec 10mg 30 comprimidos,"27,21","22,31",-18.0%,"21,19",-22.1%
VeraCruz,Disponível,314.0,15,7896658052279,Suplemento Alimentar Zirvit Pré 30 cápsulas,"51,90","51,90",-0.0%,"49,31",-5.0%
VeraCruz,Disponível,314.0,12,7899824401291,Nevrix 100mg + 100mg + 5mg 60 comprimidos revestidos,"166,92","65,94",-60.5%,"125,28",-24.9%
VeraCruz,Disponível,314.0,13,7894916500425,Folifer 5mg + 150mg 30 comprimidos revestidos,0,0,0,0,0
VeraCruz,Disponível,313.0,13,5000456028387,Xigduo XR 10mg + 1000mg 30 comprimidos revestidos de liberação prolongada,"262,18","74,28",-71.7%,"211,71",-19.3%
VeraCruz,Disponível,313.0,12,7896112406617,Ellura 200mg 30 cápsulas,"194,91","56,52",-71.0%,"161,09",-17.4%
VeraCruz,Disponível,313.0,15,7896094209701,"Descongestionante Nasal Salsep Jet 0,9% Jato Contínuo 100ml",0,0,0,0,0
VeraCruz,Disponível,313.0,13,7896112127673,Dexason Elixir 100ml,0,0,0,0,0
VeraCruz,Disponível,313.0,15,7891317025571,"Trok 20mg/g + 0,64mg/g Creme Dermatológico 30g","41,06","36,54",-11.0%,"34,71",-15.5%
VeraCruz,Disponível,313.0,13,7894916505178,Risedross 35mg 4 comprimidos revestidos,"80,33","66,67",-17.0%,"63,34",-21.2%
VeraCruz,Disponível,313.0,13,7891317015374,Pivast 2mg 30 comprimidos revestidos,"106,93","88,75",-17.0%,"84,31",-21.2%
VeraCruz,Disponível,313.0,12,7891317432447,Musculare 5mg 15 comprimidos,"20,62","18,35",-11.0%,"17,43",-15.5%
VeraCruz,Disponível,313.0,13,7896472502745,Emulsão Keltrina Plus 5% Fragrância de Erva Doce 60ml,"50,28","23,63",-53.0%,"22,45",-55.4%
VeraCruz,Disponível,313.0,12,7898927111090,Oscillococcinum 30 Tubos,"273,50","88,43",-67.7%,"252,04",-7.8%
VeraCruz,Disponível,312.0,13,7898158690401,"Pediderm 0,2mg/ml  Shampoo 100ml",0,0,0,0,0
VeraCruz,Disponível,312.0,13,7896006202103,Perfenol 20 cápsulas,"25,42","10,90",-57.1%,"10,36",-59.2%
VeraCruz,Disponível,312.0,12,7896094922013,Albocresil 90mg Óvulo 6un,"28,49","28,49",-0.0%,"27,07",-5.0%
VeraCruz,Disponível,312.0,13,7896112427407,Suplemento Alimentar Doss 1.000UI Vitamina D3 30 cápsulas gelatinosas moles,0,0,0,0,0
VeraCruz,Disponível,312.0,15,7896026306188,Jardiance 25mg 30 comprimidos revestidos,"321,27","107,09",-66.7%,"305,21",-5.0%
VeraCruz,Disponível,312.0,13,7896094201637,Laxante Muvinlax Sabor Limão 20 sachês com 14g,"63,62","56,62",-11.0%,"53,79",-15.5%
VeraCruz,Disponível,312.0,13,7896006234067,Ciclo 21 União Química 21 comprimidos,"11,05","11,05",-0.0%,"10,50",-5.0%
VeraCruz,Disponível,312.0,13,7896094210240,Stanglit 30mg 60 comprimidos,"195,37","73,27",-62.5%,"139,20",-28.8%
VeraCruz,Disponível,312.0,12,20800750158,Fibra Metamucil Sabor Laranja 174g,"141,26","64,28",-54.5%,"122,12",-13.5%
VeraCruz,Disponível,312.0,13,7891010255855,Tylenol DC 1g 20 comprimidos revestidos,"40,65","34,96",-14.0%,"33,21",-18.3%
VeraCruz,Disponível,312.0,14,300650426404,Solução Oftálmica TriSorb 15ml,0,0,0,0,0
VeraCruz,Disponível,312.0,13,7896094208117,Nactali 75mcg 28 comprimidos revestidos,"50,54","38,92",-23.0%,"36,97",-26.9%
VeraCruz,Disponível,312.0,15,7896112402275,Gel Hidratante Intravaginal Provagin 30g,"104,95","52,48",-50.0%,"99,70",-5.0%
VeraCruz,Disponível,312.0,13,7896006216254,Xantinon 10 comprimidos revestidos,"6,11","5,50",-10.0%,"5,23",-14.4%
VeraCruz,Disponível,312.0,14,7896094206410,"Venzer HCT 16mg + 12,5mg 30 comprimidos","96,18","71,17",-26.0%,"67,61",-29.7%
VeraCruz,Disponível,311.0,13,7898040329679,Floratil AT 250mg 6 cápsulas,0,0,0,0,0
VeraCruz,Disponível,311.0,12,7897337711067,Janumet XR 50mg/1000mg 60 comprimidos revestidos de liberação prolongada,"336,69","87,54",-74.0%,"249,49",-25.9%
VeraCruz,Disponível,311.0,15,7891142206718,Suplemento Alimentar Bifilac GeFlora Probióticos 14 Sticks,"86,90","86,90",-0.0%,"82,56",-5.0%
VeraCruz,Disponível,311.0,12,7896112403623,Natifa 1mg 28 comprimidos revestidos,0,0,0,0,0
VeraCruz,Disponível,311.0,14,7896658012419,Meritor 4mg + 1000mg 30 comprimidos revestidos,"89,46","72,46",-19.0%,"68,84",-23.0%
VeraCruz,Disponível,311.0,15,7896094203075,Finalop 1mg 30 Comprimidos Revestidos,"89,18","74,02",-17.0%,"70,32",-21.1%
VeraCruz,Disponível,311.0,14,7898100268290,Biovicerin 12 flaconetes com 5ml cada,"16,47","11,20",-32.0%,"10,64",-35.4%
VeraCruz,Disponível,311.0,12,7891317013158,"Molièri 20 3mg + 0,02mg 24 comprimidos revestidos","73,93","59,14",-20.0%,"56,18",-24.0%
VeraCruz,Disponível,311.0,16,7896112400608,Stele 1mg/g Creme Ginecológico 50g + 5 aplicadores,0,0,0,0,0
VeraCruz,Disponível,311.0,13,7896331701029,Chá Stilgrip Sabor Mel e Limão 5g,"3,35","2,04",-39.1%,"1,94",-42.1%
VeraCruz,Disponível,311.0,13,7896714200736,Renalapril 5mg 30 comprimidos,0,0,0,0,0
VeraCruz,Disponível,311.0,12,7891106914642,"Microvlar 0,15mg + 0,03mg 63 drágeas","30,23","22,67",-25.0%,"21,54",-28.7%
VeraCruz,Disponível,311.0,14,7896181918943,Alenia Refil 12mcg + 400mcg 60 cápsulas inalatórias,"159,89","53,30",-66.7%,"151,90",-5.0%
VeraCruz,Disponível,311.0,14,7897572020191,Janumet 50mg + 1000mg 56 comprimidos revestidos,"339,79","113,26",-66.7%,"322,80",-5.0%
VeraCruz,Disponível,311.0,12,7898096577857,Arflex Retard 200mg 12 cápsulas de ação prolongada,"97,38","76,93",-21.0%,"73,08",-25.0%
VeraCruz,Disponível,311.0,13,7896090611799,Analgésico Advil Extra Alivio ibuprofeno 400mg 8 cápsulas,"22,93","22,93",-0.0%,"21,78",-5.0%
VeraCruz,Disponível,311.0,13,7897322714462,Mioflex A 125mg + 50mg + 300mg + 30mg 12 Comprimidos,"26,47","24,62",-7.0%,"23,39",-11.6%
VeraCruz,Disponível,311.0,13,7896641800412,Riopan 80mg/ml 240ml,0,0,0,0,0
VeraCruz,Disponível,311.0,12,7896269900372,Betnovate 1mg/g Pomada 30g,"60,31","53,68",-11.0%,"51,00",-15.4%
VeraCruz,Disponível,310.0,13,7897851250622,Sinvascor 40mg 30 comprimidos revestidos,"44,02","32,57",-26.0%,"30,94",-29.7%
VeraCruz,Disponível,310.0,14,7891142128546,Celestone 4mg/ml 1 ampola com 1ml de solução de uso intramuscular ou intravenoso,0,0,0,0,0
VeraCruz,Disponível,310.0,12,7896112401698,Xifaxan 550mg 28 comprimidos revestidos,0,0,0,0,0
VeraCruz,Disponível,310.0,12,7896004801216,Cystex 24 drágeas,"38,90","38,90",-0.0%,"36,96",-5.0%
VeraCruz,Disponível,310.0,12,7500435188524,Vick Pyrena Grip-7 5 Cápsulas,"10,58","9,63",-9.0%,"9,15",-13.5%
VeraCruz,Disponível,310.0,13,7898087340132,Gel Dersani Hidrogel com Alginato 85g,0,0,0,0,0
VeraCruz,Disponível,310.0,13,7896255716970,Synthroid 100mcg 30 comprimidos,"53,39","42,18",-21.0%,"40,07",-24.9%
VeraCruz,Disponível,310.0,12,7896548197585,Suspensão Oftálmica Nevanac 1mg/ml 5ml,"95,64","80,34",-16.0%,"76,32",-20.2%
VeraCruz,Disponível,310.0,13,7896004705408,Allexofedrin D 60mg + 120mg 10 comprimidos revestidos,"62,59","62,59",-0.0%,"59,46",-5.0%
VeraCruz,Disponível,310.0,13,7899420501791,Promim 10mg/g Creme Ginecológico 30g + 20 aplicadores,"102,73","83,21",-19.0%,"79,05",-23.1%
VeraCruz,Disponível,310.0,12,7891317007478,"Rehidrat 90 Sabor Natural 4 envelopes de 13,95g",0,0,0,0,0
VeraCruz,Disponível,310.0,13,7896070601703,Profenid 50mg 24 cápsulas duras,"69,91","60,82",-13.0%,"57,78",-17.4%
VeraCruz,Disponível,310.0,12,7894916508520,Concárdio 10mg 30 comprimidos revestidos,0,0,0,0,0
VeraCruz,Disponível,309.0,13,7896637026222,Digeliv 400GaIU 30 sachês com 2g cada,"100,29","76,22",-24.0%,"72,41",-27.8%
VeraCruz,Disponível,309.0,13,7891142177162,Predsim 3mg/ml 60ml + dosador,"36,30","32,31",-11.0%,"30,69",-15.5%
VeraCruz,Disponível,309.0,12,7891721023576,Mesidox 4mg 30 comprimidos,"87,27","72,43",-17.0%,"68,81",-21.2%
VeraCruz,Disponível,309.0,13,7500435153072,Xarope Vick Pediátrico 120ml,"45,23","41,16",-9.0%,"39,10",-13.6%
VeraCruz,Disponível,309.0,12,7896658004858,Artrolive 500mg + 400mg 30 cápsulas,0,0,0,0,0
VeraCruz,Disponível,309.0,13,7896317900408,"Dexador 5mg + 100mg + 100mg + 0,5mg 20 comprimidos revestidos","79,65","66,11",-17.0%,"62,80",-21.2%
VeraCruz,Disponível,309.0,12,7896094202603,Naprix A 10mg + 10mg 30 cápsulas,"79,28","59,46",-25.0%,"56,49",-28.7%
VeraCruz,Disponível,309.0,12,7896255716956,Synthroid 75mcg 30 comprimidos,"46,03","37,74",-18.0%,"35,85",-22.1%
VeraCruz,Disponível,309.0,13,7897473204270,Deriva Micro 1mg/g Gel de Liberação Controlada 30g,"113,97","51,29",-55.0%,"97,44",-14.5%
VeraCruz,Disponível,309.0,12,7893093067134,Arnica Weleda 80 comprimidos,"98,50","98,50",-0.0%,"93,58",-5.0%
VeraCruz,Disponível,309.0,14,7896672201257,Fostair DPI 100mcg/6mcg por inalação 1 Dispositivo Next DPI com 120 doses,"211,03","70,34",-66.7%,"200,48",-5.0%
VeraCruz,Disponível,309.0,13,7896094206533,Venzer 32mg 30 comprimidos,"99,54","74,66",-25.0%,"70,93",-28.7%
VeraCruz,Disponível,309.0,14,7896261000797,Voltaren 75mg/3ml Solução Injetável 5 ampolas com 3ml cada,0,0,0,0,0
VeraCruz,Disponível,308.0,12,7896732600020,Olina 60ml,"39,90","33,92",-15.0%,"32,22",-19.2%
VeraCruz,Disponível,308.0,13,7896206407902,Symbicort Spray 6/200 mcg 60 doses de pó de uso inalatório,"173,90","57,97",-66.7%,"165,21",-5.0%
VeraCruz,Disponível,308.0,13,4987188568729,Bye Bye Fever para Crianças 2 unidades,"16,50","15,35",-7.0%,"14,58",-11.6%
VeraCruz,Disponível,308.0,13,7896548111727,Solução Oftálmica Maxidex 1mg/ml 5ml,"11,74","10,33",-12.0%,"9,81",-16.4%
VeraCruz,Disponível,308.0,13,7891268107500,"Xalacom 50mcg/ml + 5mg/ml Solução Oftálmica 2,5ml","284,26","83,38",-70.7%,"237,64",-16.4%
VeraCruz,Disponível,308.0,13,7898569766610,Vitamina D3 Althaia 7.000 UI 8 cápsulas moles,"21,09","15,61",-26.0%,"14,83",-29.7%
VeraCruz,Disponível,308.0,14,7891142207500,Calminex Diclo Aerossol 85ml,"37,99","33,81",-11.0%,"32,12",-15.5%
VeraCruz,Disponível,308.0,12,7897411601529,Hirudoid 300 Pomada 3mg/g 40g,"43,80","43,80",-0.0%,"41,61",-5.0%
VeraCruz,Disponível,308.0,13,7898414852734,Imecap Hair Cabelos e Unhas 30 Cápsulas,"26,30","23,67",-10.0%,"22,49",-14.5%
VeraCruz,Disponível,308.0,13,7899021836025,Cueca para Hérnia Inguinal Dupla Dilepé Cor Preta Tamanho P,"94,50","87,89",-7.0%,"83,50",-11.6%
VeraCruz,Disponível,308.0,12,7897129301186,Micolamina 10mg/g Creme 20g,"59,17","49,70",-16.0%,"47,22",-20.2%
VeraCruz,Disponível,308.0,13,7896094905825,Xarope Benegrip Multi Sabor Frutas Vermelhas 240ml,"44,99","41,84",-7.0%,"39,75",-11.6%
VeraCruz,Disponível,307.0,14,7898040323141,Sustrate 10mg 50 comprimidos,"39,74","32,19",-19.0%,"30,58",-23.0%
VeraCruz,Disponível,307.0,14,7896112406983,Bivolet 5mg Biolab 90 comprimidos,0,0,0,0,0
VeraCruz,Disponível,307.0,12,7898430192425,"Venolise 26,7mg 30 comprimidos revestidos","127,04","57,17",-55.0%,"108,62",-14.5%
VeraCruz,Disponível,307.0,14,7891721014185,Euthyrox 175mcg 50 comprimidos,0,0,0,0,0
VeraCruz,Disponível,307.0,15,7898060131382,Novoprazol 20mg 56 Cápsulas,"26,13","10,71",-59.0%,"10,17",-61.1%
VeraCruz,Disponível,307.0,14,7896658035944,Solução Nasal Sorine Jet Baby Jato Suave Contínuo 100ml,"47,89","43,10",-10.0%,"40,95",-14.5%
VeraCruz,Disponível,307.0,12,7891106006262,Redoxon 2g Sabor Lima-Limão 10 comprimidos efervescentes,0,0,0,0,0
VeraCruz,Disponível,307.0,15,7891010256708,Analgésico Tylenol 750mg Liberação Imediata 20 comprimidos revestidos,"47,07","36,71",-22.0%,"34,87",-25.9%
VeraCruz,Disponível,307.0,14,7896112400172,Doss 50.000UI 8 cápsulas gelatinosas moles,"166,50","53,28",-68.0%,"101,23",-39.2%
VeraCruz,Disponível,307.0,14,7896658029806,Suplemento Vitamínico Combi AD 30ml + Seringa Dosadora,"57,90","52,11",-10.0%,"49,50",-14.5%
VeraCruz,Disponível,307.0,13,7894916512565,Risedross 150mg 1 comprimido revestido,0,0,0,0,0
VeraCruz,Disponível,307.0,13,7891721016219,Floralyte 45 Sabor Laranja 500ml,0,0,0,0,0
VeraCruz,Disponível,307.0,12,7896026307826,"Atrovent 0,250mg/ml Gotas 20ml",0,0,0,0,0
VeraCruz,Disponível,307.0,13,7898549755627,"Cor-Select 2,5mg 30 comprimidos Biolab","78,79","61,46",-22.0%,"58,39",-25.9%
VeraCruz,Disponível,307.0,14,7896658038280,"Nienza 12,5mg 30 comprimidos",0,0,0,0,0
VeraCruz,Disponível,307.0,15,7892828001344,"Etna 2,5mg + 1,5mg + 1,0mg 50 cápsulas","158,54","70,55",-55.5%,"134,05",-15.4%
VeraCruz,Disponível,306.0,15,7891058003920,Anador 1g 4 comprimidos,0,0,0,0,0
VeraCruz,Disponível,306.0,12,7896026307048,"Trayenta Duo 2,5mg + 500mg 60 comprimidos revestidos","319,19","87,25",-72.7%,"248,65",-22.1%
VeraCruz,Disponível,306.0,12,7897322702209,Lisador 16 comprimidos,"49,98","45,98",-8.0%,"43,68",-12.6%
VeraCruz,Disponível,306.0,13,7896523201658,Pomada Dermatológico Nebacetin 50g,"37,01","20,36",-45.0%,"19,34",-47.7%
VeraCruz,Disponível,306.0,12,7891058003883,Anador 1g 20 comprimidos,0,0,0,0,0
VeraCruz,Disponível,306.0,12,7896641802980,Mesacol 800mg 30 comprimidos revestidos,"274,86","72,38",-73.7%,"206,28",-25.0%
VeraCruz,Disponível,306.0,13,7500435157599,Vaporizante Descongestionante Vick VapoRub Unguento 100g,"126,54","54,41",-57.0%,"103,38",-18.3%
VeraCruz,Disponível,306.0,12,7896112116554,Venaflon 450mg + 50mg 60 comprimidos revestidos,"184,77","57,28",-69.0%,"54,42",-70.5%
VeraCruz,Disponível,306.0,13,7896112470830,Press Plus 5mg + 10mg 30 cápsulas,"119,30","59,65",-50.0%,"113,34",-5.0%
VeraCruz,Disponível,306.0,13,7891106900775,Analgésico Cafiaspirina 4 comprimidos,"7,80","7,10",-9.0%,"6,75",-13.5%
VeraCruz,Disponível,306.0,13,7896317910292,DPrev 5.000UI 30 comprimidos revestidos,"91,15","66,54",-27.0%,"63,21",-30.7%
VeraCruz,Disponível,305.0,12,7896637022897,Labirin 8mg 30 comprimidos,0,0,0,0,0
VeraCruz,Disponível,305.0,12,7891106913935,"Cicloprimogyna (2mg) + (2mg + 0,25mg) 21 drágeas","15,21","12,17",-20.0%,"11,56",-24.0%
VeraCruz,Disponível,305.0,12,7896094999411,Dramin CapsGel 50mg 10 Cápsulas Mole,"24,03","22,83",-5.0%,"21,69",-9.7%
VeraCruz,Disponível,305.0,15,7895858005962,Indocid 50mg 30 cápsulas,"55,78","50,20",-10.0%,"47,69",-14.5%
VeraCruz,Disponível,305.0,14,7896094931183,Antiácido Estomazil Pastilhas Sabor Abacaxi 20 comprimidos mastigáveis,"19,90","17,91",-10.0%,"17,01",-14.5%
VeraCruz,Disponível,305.0,13,7896641803048,"PlantaBen 3,5g Sabor Artificial Laranja Pó Efervescente 10 envelopes com 5g cada","74,25","66,83",-10.0%,"63,49",-14.5%
VeraCruz,Disponível,305.0,13,7891721014963,Euthyrox 88mcg 50 comprimidos,"44,63","33,92",-24.0%,"32,22",-27.8%
VeraCruz,Disponível,305.0,13,7896009498237,"AdviPro 11,6mg Gel 60g",0,0,0,0,0
VeraCruz,Disponível,305.0,12,7896548197967,"Solução Oftálmica Azorga 10mg/ml + 6,8mg/ml 5ml",0,0,0,0,0
VeraCruz,Disponível,305.0,12,7898133131011,Maxalgina 500mg/ml Gotas Sabor Abacaxi 20ml,"7,01","5,47",-22.0%,"5,20",-25.8%
VeraCruz,Disponível,304.0,14,7896253900920,"Xarope Vibral 1,5mg/ml Sabor Framboesa 120ml","33,34","30,67",-8.0%,"29,14",-12.6%
VeraCruz,Disponível,304.0,13,7898430194009,Suplemento Alimentar Pealiv 300mg 30 comprimidos,"132,50","61,62",-53.5%,"117,07",-11.6%
VeraCruz,Disponível,304.0,12,7896004703954,"Repopil 35 - 2mg + 0,035mg 21 comprimidos revestidos",0,0,0,0,0
VeraCruz,Disponível,304.0,12,7897322709468,Vitamina D3 Addera D3 7.000UI 4 comprimidos revestidos,"43,95","43,95",-0.0%,"41,75",-5.0%
VeraCruz,Disponível,304.0,13,7896015528829,Relvar Ellipta 100mcg + 25mcg 30 doses de pó para inalação,0,0,0,0,0
VeraCruz,Disponível,304.0,13,-,Stugeron 75mg 30 comprimidos,"38,86","32,25",-17.0%,"30,64",-21.2%
VeraCruz,Disponível,304.0,12,7896672202902,Clenil HFA 250mcg Spray 200 doses + 1 dispositivo em L para administração oral,"80,69","69,39",-14.0%,"65,92",-18.3%
VeraCruz,Disponível,304.0,13,7896094201477,"Natifa Pro 1mg + 0,5mg 28 comprimidos revestidos","98,17","72,65",-26.0%,"69,02",-29.7%
VeraCruz,Disponível,304.0,12,7896658005305,"Flogoral 1,5mg/ml Spray Sabor Menta 30ml","42,79","39,37",-8.0%,"37,40",-12.6%
VeraCruz,Disponível,304.0,12,7896004711287,Maleato de Dexclorfeniramina 2mg EMS 20 comprimidos,"15,29","10,55",-31.0%,"10,02",-34.5%
VeraCruz,Disponível,304.0,13,7896046300708,"Arulatan 50mcg/ml Solução Oftálmica 2,5ml","172,34","69,80",-59.5%,"132,62",-23.0%
VeraCruz,Disponível,304.0,12,7896714200699,Corticorten 20mg 20 comprimidos,"31,81","16,86",-47.0%,"16,02",-49.6%
VeraCruz,Disponível,304.0,14,7896658037061,ProVance Mini 360 mg Aché 5 sachês,"35,90","35,90",-0.0%,"34,11",-5.0%
VeraCruz,Disponível,303.0,12,7896112425410,PANTOGAR - 60 cápsulas gelatinosas duras?,"230,61","76,87",-66.7%,"219,08",-5.0%
VeraCruz,Disponível,303.0,14,7896241296400,"Vonau Flash 8mg Biolab, 10 comprimidos de desintegração oral","97,38","69,14",-29.0%,"65,68",-32.6%
VeraCruz,Disponível,303.0,13,7896255717885,Trombofob 200U Gel 40g,"42,87","39,01",-9.0%,"37,06",-13.6%
VeraCruz,Disponível,303.0,13,7896658030192,Oxotron 60mg 15 comprimidos,"40,77","35,88",-12.0%,"34,09",-16.4%
VeraCruz,Disponível,303.0,12,7896094201385,"Naprix A 2,5mg + 5mg 30 cápsulas","79,28","60,25",-24.0%,"57,24",-27.8%
VeraCruz,Disponível,303.0,13,7896637025485,Dobeven 500mg 60 cápsulas gelatinosas duras,"186,92","55,45",-70.3%,"158,04",-15.5%
VeraCruz,Disponível,303.0,13,7896255716956,Synthroid 50mcg 30 comprimidos,"46,03","37,74",-18.0%,"35,85",-22.1%
VeraCruz,Disponível,303.0,12,7896331700404,Gotas Preciosas 30ml,"23,50","17,16",-27.0%,"16,30",-30.6%
VeraCruz,Disponível,303.0,12,7897337706506,Singulair 4mg 30 comprimidos mastigáveis,"94,53","77,51",-18.0%,"73,63",-22.1%
VeraCruz,Disponível,303.0,14,7891106907224,Primogyna 2mg 28 drágeas,"114,76","92,96",-19.0%,"88,31",-23.0%
VeraCruz,Disponível,303.0,13,7896004774626,Repoflor 250mg 10 cápsulas duras,"68,87","47,52",-31.0%,"45,14",-34.5%
VeraCruz,Disponível,303.0,14,7897337716215,Cerazette 75mcg 28 comprimidos revestidos,"61,80","43,26",-30.0%,"41,10",-33.5%
VeraCruz,Disponível,303.0,13,7896006290070,Solução Oftálmica Cetrolac 5mg/ml 5ml,"71,57","58,69",-18.0%,"55,76",-22.1%
VeraCruz,Disponível,303.0,12,7891317010119,"Molièri 30 3mg + 0,03mg 21 comprimidos revestidos","73,93","58,40",-21.0%,"55,48",-25.0%
VeraCruz,Disponível,303.0,12,7896685301234,Gamax 30 Cápsulas Gelatinosas,"168,15","69,78",-58.5%,"132,58",-21.2%
VeraCruz,Disponível,303.0,13,7896658011580,Prelone 5mg 10 comprimidos,0,0,0,0,0
VeraCruz,Disponível,303.0,13,7896261010185,Sirdalud 2mg 30 comprimidos,0,0,0,0,0
VeraCruz,Disponível,303.0,14,7896094925878,Lavagem Nasal Rinosoro Alto Volume 30 sachês + frasco aplicador,"95,63","69,90",-26.9%,"66,41",-30.6%
VeraCruz,Disponível,303.0,13,7896094922037,Alektos 20mg 30 comprimidos,"142,05","64,64",-54.5%,"122,81",-13.5%
VeraCruz,Disponível,303.0,13,7891058004460,"Clexane 40mg/0,4ml 6 seringas preenchidas com 0,4ml com sistema de segurança","536,41","101,92",-81.0%,"290,46",-45.9%
VeraCruz,Disponível,303.0,13,7891058020323,"Toujeo 300U/ml 1 caneta descartável com 1,5ml de solução injetável","301,10","79,29",-73.7%,"225,98",-24.9%
VeraCruz,Disponível,302.0,14,7891158103445,Rubenti 200mg 60 cápsulas duras de liberação prolongada,"264,28","75,76",-71.3%,"215,92",-18.3%
VeraCruz,Disponível,302.0,15,7897337712576,Meticorten 20mg 10 comprimidos,"35,32","30,73",-13.0%,"29,19",-17.4%
VeraCruz,Disponível,302.0,14,7896094206014,"Tarfic 0,03% Pomada Dermatológica 10g","101,75","82,42",-19.0%,"78,30",-23.0%
VeraCruz,Disponível,302.0,12,7896637026901,Lactosil 10.000 FCC 30 Tabletes,0,0,0,0,0
VeraCruz,Disponível,302.0,14,7896523227573,"Loratadina 10mg Cimed, 12 comprimidos","21,54","5,39",-75.0%,"5,12",-76.2%
VeraCruz,Disponível,302.0,13,7896015592332,Antiácido Eno Pastilhas Mastigáveis 500mg Sabor Menta 8un,"14,90","11,92",-20.0%,"11,32",-24.0%
VeraCruz,Disponível,302.0,13,7896212422777,Motilium 1mg/ml Suspensão Oral 200ml,0,0,0,0,0
VeraCruz,Disponível,302.0,12,7896094922211,Eparema Sabor Laranja 10ml,"5,26","4,37",-16.9%,"4,15",-21.1%
VeraCruz,Disponível,302.0,14,7891058022778,"AlleNasal Spray Nasal Antialérgico 120 Doses 16,5ml","75,81","61,41",-19.0%,"58,34",-23.0%
VeraCruz,Disponível,302.0,13,7896094903104,Engov 6 comprimidos,"11,99","9,95",-17.0%,"9,45",-21.2%
VeraCruz,Disponível,302.0,13,7896094201767,Topison 1mg/g Creme 20g,"75,51","62,67",-17.0%,"59,54",-21.1%
VeraCruz,Disponível,302.0,13,7896658021381,"Xarope Notuss 1,5mg/ml Sabor Morango 120ml","28,37","25,82",-9.0%,"24,53",-13.5%
VeraCruz,Disponível,302.0,13,7896006203162,Cetrolac SL 10mg 20 comprimidos sublinguais,"66,81","50,78",-24.0%,"48,24",-27.8%
VeraCruz,Disponível,302.0,15,7896181907282,Formocaps 12mcg 30 cápsulas com pó para inalação + 1 inalador,"86,68","78,88",-9.0%,"74,94",-13.5%
VeraCruz,Disponível,302.0,13,7891721014086,Euthyrox 125mcg 50 comprimidos,"56,38","42,85",-24.0%,"40,71",-27.8%
VeraCruz,Disponível,302.0,13,7896255767026,Lipidil 160mg 30 comprimidos revestidos,0,0,0,0,0
VeraCruz,Disponível,302.0,13,7891158104138,Vitamina D Sof D 50.000 UI 4 cápsulas gelatinosas moles,"84,15","73,21",-13.0%,"69,55",-17.3%
VeraCruz,Disponível,301.0,14,7896112424123,"Tantin 0,060mg + 0,015mg 28 comprimidos revestidos","30,23","24,49",-19.0%,"23,27",-23.0%
VeraCruz,Disponível,301.0,13,7896523201320,Pralívio 400mg 10 cápsulas moles,"23,76","14,26",-40.0%,"13,55",-43.0%
VeraCruz,Disponível,301.0,14,7896261020306,Entresto 49mg + 51mg 60 comprimidos revestidos,0,0,0,0,0
VeraCruz,Disponível,301.0,12,7896006290209,Solução Oftálmica Ocupress 2% 5ml,"112,21","88,65",-21.0%,"84,22",-24.9%
VeraCruz,Disponível,301.0,13,7896015500016,Analgésico Sonridor Caf 2 comprimidos efervescentes,0,0,0,0,0
VeraCruz,Disponível,301.0,13,7898040322748,Ultrafer 100mg 30 comprimidos revestidos,"75,50","64,93",-14.0%,"61,68",-18.3%
VeraCruz,Disponível,301.0,13,7896004720784,Creme Dermatológico Maleato de Dexclorfeniramina 10mg/g EMS 30g,"16,69","13,19",-21.0%,"12,53",-24.9%
VeraCruz,Disponível,301.0,12,7896094918504,Rizi-M 5mg + 10mg 14 comprimidos revestidos,0,0,0,0,0
VeraCruz,Disponível,301.0,13,7896658038457,Soanza XR 35mg 60 comprimidos,"98,22","84,47",-14.0%,"80,25",-18.3%
VeraCruz,Disponível,301.0,12,7891106916233,Mesigyna 50mg/ml + 5mg/ml Solução Injetável 1 ampola com 1ml,"48,03","39,86",-17.0%,"37,87",-21.2%
VeraCruz,Disponível,301.0,13,7896658008849,Levoid 112mcg 30 comprimidos,"34,41","28,22",-18.0%,"26,81",-22.1%
VeraCruz,Disponível,301.0,13,7896658036989,Allestra 20 75mcg + 20mcg 21 drágeas,0,0,0,0,0
VeraCruz,Disponível,301.0,14,7896658034237,Nautex 8mg 10 Comprimidos,"70,91","61,69",-13.0%,"58,61",-17.3%
VeraCruz,Disponível,301.0,12,7896112413790,Pressat 5mg 60 comprimidos,0,0,0,0,0
VeraCruz,Disponível,300.0,12,7897322710440,Lisador 8 comprimidos,"24,22","22,52",-7.0%,"21,39",-11.7%
VeraCruz,Disponível,300.0,13,7896004805368,Expectuss 15mg/5ml Pediátrico 100ml,"23,18","23,18",-0.0%,"22,02",-5.0%
VeraCruz,Disponível,300.0,13,7896241241394,Aradois 25mg 30 comprimidos revestidos,"58,07","47,04",-19.0%,"44,69",-23.0%
VeraCruz,Disponível,300.0,13,7896094921412,Buscoduo 20 comprimidos revestidos,"39,98","34,38",-14.0%,"32,66",-18.3%
VeraCruz,Disponível,300.0,14,7891058003241,"Clexane 60mg, 2 seringas preenchidas com 0,6mL de solução de uso subcutâneo ou intramuscular + sistema de segurança",0,0,0,0,0
VeraCruz,Disponível,300.0,14,7896658025143,ProVance Aché Sabor Limão 30 Comprimidos Mastigáveis,0,0,0,0,0
VeraCruz,Disponível,300.0,13,7896181908890,Lotar 5mg + 100mg 30 cápsulas,"92,68","75,07",-19.0%,"71,32",-23.0%
VeraCruz,Disponível,300.0,15,7896641806407,Siilif 100mg 30 comprimidos revestidos,"108,71","93,49",-14.0%,"88,82",-18.3%
VeraCruz,Disponível,300.0,12,7891317455569,Duomo 2mg 30 comprimidos,"43,93","37,34",-15.0%,"35,47",-19.3%
VeraCruz,Disponível,300.0,12,7896523210858,Colujet 1mg/g Pasta de Uso Bucal 10g,"20,83","12,29",-41.0%,"11,68",-43.9%
VeraCruz,Disponível,300.0,13,7896269900150,"Aerolin 100mcg/dose 200 doses 14,6 ml","26,90","23,40",-13.0%,"22,23",-17.4%
VeraCruz,Disponível,300.0,12,7897411600423,Benicar Triplo 40mg/25mg/10mg 30 comprimidos revestidos,0,0,0,0,0
VeraCruz,Disponível,300.0,12,7898040320782,"Actifedrin 2,5mg + 60mg 20 comprimidos","15,57","14,01",-10.0%,"13,31",-14.5%
VeraCruz,Disponível,300.0,12,7896658005459,Flogoral 3mg Pastilhas Sabor Menta 12un,"20,85","18,97",-9.0%,"18,02",-13.6%
VeraCruz,Disponível,300.0,13,7896261019348,"Cataflam Pro XT 23,2mg/g Emugel 100g","93,39","75,65",-19.0%,"71,87",-23.0%
VeraCruz,Disponível,299.0,13,7891317140533,Pietra ED 2mg 30 comprimidos revestidos,"69,06","60,08",-13.0%,"57,08",-17.3%
VeraCruz,Disponível,299.0,14,7896714226033,Antialérgico em Creme Histamin 10mg/g 30g,"23,45","19,46",-17.0%,"18,49",-21.2%
VeraCruz,Disponível,299.0,12,7896009498480,Advil Mulher 400mg 10 Cápsulas Líquidas,"32,06","23,72",-26.0%,"22,53",-29.7%
VeraCruz,Disponível,299.0,13,7896658012327,"Sorine 0,9% Nebulizador 45ml","31,51","28,67",-9.0%,"27,24",-13.6%
VeraCruz,Disponível,299.0,12,7896658016677,Bravan 160mg 30 comprimidos revestidos,"51,91","51,91",-0.0%,"49,31",-5.0%
VeraCruz,Disponível,299.0,14,7896226101156,Aplause 20mg 30 comprimidos revestidos,"150,54","67,75",-55.0%,"128,72",-14.5%
VeraCruz,Disponível,299.0,15,7897316805268,"Solução Oftálmica Alphagan Z 0,1% 5ml","72,18","60,63",-16.0%,"57,60",-20.2%
VeraCruz,Disponível,299.0,14,7896641803048,"PlantaBen 3,5g Sabor Artificial Laranja Pó Efervescente 30 envelopes com 5g cada","74,25","66,83",-10.0%,"63,49",-14.5%
VeraCruz,Disponível,299.0,15,7896658018862,"Esalerg 0,5mg/ml Xarope Sabor Tutti Frutti 100ml",0,0,0,0,0
VeraCruz,Disponível,299.0,12,7896637027748,"Inpruv D 10.000UI Apsen, 10 Comprimidos",0,0,0,0,0
VeraCruz,Disponível,299.0,12,7891317177683,Primera 30 150mcg + 30mcg 63 comprimidos,"94,63","75,70",-20.0%,"71,92",-24.0%
VeraCruz,Disponível,299.0,14,7896658008801,Levoid 88mcg 30 comprimidos,"27,48","23,08",-16.0%,"21,93",-20.2%
VeraCruz,Disponível,299.0,12,7896015592745,Advil 600mg 12 Horas 2 comprimidos revestidos de liberação prolongada,"8,64","6,48",-25.0%,"6,16",-28.7%
VeraCruz,Disponível,299.0,12,7896181915188,Busonid Aquoso Nasal 64mcg 120 doses 6ml,"36,95","32,89",-11.0%,"31,25",-15.4%
VeraCruz,Disponível,299.0,14,7896004753638,Bálsamo Bengué Gel 60g,"45,81","43,06",-6.0%,"40,91",-10.7%
VeraCruz,Disponível,299.0,12,7896331702545,ABC Creme 10mg/g 20g,"19,24","14,05",-27.0%,"13,35",-30.6%
VeraCruz,Disponível,299.0,13,7896094926837,Ammy 4mg 28 comprimidos revestidos,"130,81","65,41",-50.0%,"124,27",-5.0%
VeraCruz,Disponível,298.0,13,7897316801413,Solução Oftálmica Cromolerg 4% 5ml,0,0,0,0,0
VeraCruz,Disponível,298.0,14,7898040322441,Dolamin Flex 125mg + 5 mg 12 comprimidos revestidos,"54,25","54,25",-0.0%,"51,54",-5.0%
VeraCruz,Disponível,298.0,14,7896181905295,Alenia 6mcg + 200mcg 60 cápsulas inalatórias + 1 inalador,0,0,0,0,0
VeraCruz,Disponível,298.0,12,7896094922143,Venalot 15mg + 90mg 60 comprimidos,"137,63","57,12",-58.5%,"108,52",-21.2%
VeraCruz,Disponível,298.0,13,7896094208124,Nactali 75mcg 84 comprimidos revestidos,"124,97","93,73",-25.0%,"89,04",-28.8%
VeraCruz,Disponível,298.0,14,7896015500016,Analgésico Novalgina 1g 10 comprimidos efervescentes,0,0,0,0,0
VeraCruz,Disponível,298.0,13,7898014567410,Colic Calm Suspensão Oral 59ml,"141,90","59,60",-58.0%,"113,24",-20.2%
VeraCruz,Disponível,298.0,14,7896658008122,Artrosil 320mg 10 cápsulas duras de liberação prolongada,"64,46","56,08",-13.0%,"53,28",-17.3%
VeraCruz,Disponível,298.0,14,7896094904118,Lacto - Purga 16 comprimidos revestidos,"15,49","14,41",-7.0%,"13,69",-11.6%
VeraCruz,Disponível,298.0,12,7896637023344,Flancox 400mg 10 comprimidos revestidos,"31,04","18,62",-40.0%,"17,69",-43.0%
VeraCruz,Disponível,298.0,13,7898007677416,Solução de Manitol 20% 250ml,0,0,0,0,0
VeraCruz,Disponível,298.0,13,-,Stugeron 25mg 30 comprimidos,"27,86","23,12",-17.0%,"21,96",-21.2%
VeraCruz,Disponível,298.0,14,7896241256077,"DRENIFÓRMIO - 0,125mg/g + 30mg/g, 1 bisnaga com 30g de creme de uso dermatológico",0,0,0,0,0
VeraCruz,Disponível,297.0,14,7896658008740,Levoid 25mcg 30 comprimidos,"18,68","15,50",-17.0%,"14,73",-21.1%
VeraCruz,Disponível,297.0,12,7896026306799,"Spiolto 2,5mcg + 2,5mcg 1 Frasco com 4ml de Solução, 60 Acionamentos + Inalador Respimat",0,0,0,0,0
VeraCruz,Disponível,297.0,14,7896658024931,Bravan Duo 80mg 5mg 30 comprimidos,0,0,0,0,0
VeraCruz,Disponível,297.0,15,7891317412661,Proflam 15mg/g Creme 30g,"52,76","47,48",-10.0%,"45,11",-14.5%
VeraCruz,Disponível,297.0,13,7897322709482,Vitamina D3 Addera D3 7.000UI 30 comprimidos revestidos,"175,28","73,62",-58.0%,"139,88",-20.2%
VeraCruz,Disponível,297.0,13,7896112148685,Profergan 25mg 20 comprimidos revestidos,"12,82","7,82",-39.0%,"7,43",-42.0%
VeraCruz,Disponível,297.0,15,7891142982179,Coristina D Pro 4 comprimidos,"13,19","12,27",-7.0%,"11,66",-11.6%
VeraCruz,Disponível,297.0,13,7897322706658,"Fluidificante e Descongestionante Nasal Rinosoro SIC Infantil Spray Suave 0,9%  50ml","37,49","34,87",-7.0%,"33,13",-11.6%
VeraCruz,Disponível,297.0,13,7891106906944,"Diane 35 2mg + 0,035mg 63 drágeas","91,14","73,82",-19.0%,"70,13",-23.1%
VeraCruz,Disponível,297.0,14,7896094922204,Eparema Sabor Hortelã 12 flaconetes de 10ml cada,"59,49","49,38",-17.0%,"46,91",-21.1%
VeraCruz,Disponível,297.0,12,7896261012608,Diovan Amlo Fix 320mg + 10mg 28 comprimidos revestidos,0,0,0,0,0
VeraCruz,Disponível,297.0,13,7896112408666,Dozemast 1.000mcg 30 comprimidos sublinguais,"52,50","40,95",-22.0%,"38,90",-25.9%
VeraCruz,Disponível,297.0,12,7896255700054,Synthroid 125mcg 30 comprimidos,"58,56","46,26",-21.0%,"43,95",-24.9%
VeraCruz,Disponível,297.0,13,7896261005860,Diovan 80mg 28 comprimidos revestidos,0,0,0,0,0
VeraCruz,Disponível,296.0,13,7896026301374,Xarope Bisolvon Expectorante Pediátrico 4mg/5ml 1 frasco com 120mL,"32,54","28,64",-12.0%,"27,21",-16.4%
VeraCruz,Disponível,296.0,13,7896094928169,Benegrip Multi Febre e Dor Pediatrico 15ml,"22,98","20,68",-10.0%,"19,65",-14.5%
VeraCruz,Disponível,296.0,13,7896658004292,Biofenac DI 50mg 10 comprimidos dispersíveis,"21,48","19,12",-11.0%,"18,16",-15.5%
VeraCruz,Disponível,296.0,13,7896206402860,SeloZok 50mg 30 comprimidos revestidos de liberação controlada,"85,05","85,05",-0.0%,"80,80",-5.0%
VeraCruz,Disponível,296.0,12,7891035650130,LuftaGastroPro Sachê 10ml,"4,79","4,02",-16.1%,"3,82",-20.3%
VeraCruz,Disponível,296.0,15,7896222720856,Luftal Gel Caps 125mg - 20 Cápsulas Gelatinosas,"55,99","45,35",-19.0%,"43,08",-23.1%
VeraCruz,Disponível,296.0,13,7896658000560,NovaCort Creme 30g,"48,24","44,86",-7.0%,"42,62",-11.7%
VeraCruz,Disponível,296.0,13,-,Ablok Plus 100mg 25mg 30 comprimidos,"78,08","58,56",-25.0%,"55,63",-28.8%
VeraCruz,Disponível,296.0,13,7898948648292,Utrogestan 200mg com 42 cápsulas,"241,69","67,67",-72.0%,"192,87",-20.2%
VeraCruz,Disponível,296.0,14,7896112402107,Bivolet 5mg Biolab 30 comprimidos,"64,59","56,19",-13.0%,"53,38",-17.4%
VeraCruz,Disponível,296.0,13,7896658004834,Vertix 5mg/ml Sabor Baunilha 30ml,"14,05","11,94",-15.0%,"11,34",-19.3%
VeraCruz,Disponível,296.0,13,7896658033421,"Esalerg D12 2,5mg + 120mg 10 comprimidos de liberação modificada",0,0,0,0,0
VeraCruz,Disponível,296.0,12,7891721014642,Euthyrox 25mcg 50 comprimidos,"38,58","29,71",-23.0%,"28,22",-26.9%
VeraCruz,Disponível,296.0,13,7896685301654,Florax SM 100milhões/ml Sabor Framboesa 5 flaconetes com 5ml cada,"55,03","48,43",-12.0%,"46,01",-16.4%
VeraCruz,Disponível,296.0,14,7896523222783,Fluidificante e Descongestionante Nasal Wash In 100ml,0,0,0,0,0
VeraCruz,Disponível,296.0,12,7891142982100,Coristina D Pro 16 comprimidos,"44,48","40,92",-8.0%,"38,87",-12.6%
VeraCruz,Disponível,296.0,14,7896006298601,Carverol 250mg 20 comprimidos,"34,50","34,50",-0.0%,"32,78",-5.0%
VeraCruz,Disponível,296.0,15,7896015511166,Sal de Frutas Eno Laranja 2 envelopes com 5g,"4,98","4,03",-19.1%,"3,83",-23.1%
VeraCruz,Disponível,295.0,14,7896658008788,Levoid 50mcg 30 comprimidos,"21,55","18,10",-16.0%,"17,20",-20.2%
VeraCruz,Disponível,295.0,12,7896015591960,Leite de Magnésia Eno Hortelã 350ml,"27,90","21,76",-22.0%,"20,67",-25.9%
VeraCruz,Disponível,295.0,12,7897322714257,Amplium G 30mg/g + 20mg/g Creme Ginecológico 40g + 7 aplicadores,0,0,0,0,0
VeraCruz,Disponível,295.0,12,7897947601581,Kit Lavitan Pré-Natal Multi 60 cápsulas moles + Ômega 3 DHA 30 comprimidos revestidos,"84,90","60,28",-29.0%,"57,27",-32.5%
VeraCruz,Disponível,295.0,12,7891317425869,Zart 50mg 30 comprimidos revestidos,"14,70","5,00",-66.0%,"4,75",-67.7%
VeraCruz,Disponível,295.0,14,7898040322540,"Solução Nasal Maresis Baby 0,9% Spray Jato Suave Contínuo 100ml","55,34","51,47",-7.0%,"48,90",-11.6%
VeraCruz,Disponível,295.0,13,7896658002113,Brondilat 50mg/5ml Xarope Sabor Framboesa 120ml,"62,33","53,60",-14.0%,"50,92",-18.3%
VeraCruz,Disponível,295.0,13,7896212478750,Imosec 2mg 12 comprimidos,"12,23","11,25",-8.0%,"10,69",-12.6%
VeraCruz,Disponível,295.0,12,7894916515795,Vynaxa 15mg 28 Comprimidos Revestidos,0,0,0,0,0
VeraCruz,Disponível,295.0,12,7897316802861,"Solução Oftálmica Pred Mild 0,12% 10ml","59,25","59,25",-0.0%,"56,29",-5.0%
VeraCruz,Disponível,295.0,12,7898096577550,Deocil SL 10mg 20 comprimidos,"77,47","61,20",-21.0%,"58,14",-25.0%
VeraCruz,Disponível,295.0,14,7891721015366,"Diclin 2mg + 0,035mg 63 comprimidos revestidos","61,31","50,89",-17.0%,"48,35",-21.1%
VeraCruz,Disponível,295.0,12,7898948648179,"Oestrogel 0,6mg/g Gel 80g","84,56","71,88",-15.0%,"68,29",-19.2%
VeraCruz,Disponível,295.0,13,7896094202900,"Elani Ciclo 3mg + 0,03mg 21 comprimidos revestidos","72,66","56,67",-22.0%,"53,84",-25.9%
VeraCruz,Disponível,295.0,13,7891142201638,Alivium 400mg 10 cápsulas líquidas,"33,48","30,13",-10.0%,"28,62",-14.5%
VeraCruz,Disponível,295.0,13,7896026300537,Xarope Mucosolvan 30mg/5ml Sabor Morango 120ml,"65,33","58,80",-10.0%,"55,86",-14.5%
VeraCruz,Disponível,295.0,13,7896241221853,Ablok 25mg 30 comprimidos,"15,85","2,69",-83.0%,"2,56",-83.8%
VeraCruz,Disponível,295.0,12,7896112160281,Ibupril 400mg 8 cápsulas gelatinosas moles,"23,61","7,56",-68.0%,"7,18",-69.6%
VeraCruz,Disponível,294.0,14,7896269900235,Valtrex 500mg 10 comprimidos revestidos,"212,91","70,97",-66.7%,"202,26",-5.0%
VeraCruz,Disponível,294.0,13,7898040322564,Promensil 100mg 30 comprimidos revestidos,"159,98","70,39",-56.0%,"133,74",-16.4%
VeraCruz,Disponível,294.0,13,7898096577017,Loncord 20mg 20 cápsulas,0,0,0,0,0
VeraCruz,Disponível,294.0,13,7896094927551,Alektos 20mg 20 comprimidos,"74,60","68,63",-8.0%,"65,20",-12.6%
VeraCruz,Disponível,294.0,14,7898037084857,Arnica Montana 6CH Almeida Prado Frasco com 13g,"32,90","32,90",-0.0%,"31,26",-5.0%
VeraCruz,Disponível,294.0,14,7896004755519,Lacday 10.000 U.FCC EMS 30 comprimidos mastigáveis,"64,90","64,90",-0.0%,"61,66",-5.0%
VeraCruz,Disponível,294.0,14,7896212429738,Motilium 10mg 30 comprimidos,"37,70","34,68",-8.0%,"32,95",-12.6%
VeraCruz,Disponível,294.0,13,7896241261248,"Drenison 4mcg/cm² Oclusivo 1 Rolo com 7,5cm x 200cm","144,29","61,33",-57.5%,"116,52",-19.2%
VeraCruz,Disponível,294.0,12,7894916501408,Indux 50mg 10 comprimidos,"78,67","66,08",-16.0%,"62,78",-20.2%
VeraCruz,Disponível,294.0,12,7896094208940,Vatis 150mg 90 comprimidos revestidos,"137,51","55,01",-60.0%,"104,51",-24.0%
VeraCruz,Disponível,293.0,13,7897595901330,Puran T4 150mcg 30 comprimidos,"27,36","19,97",-27.0%,"18,97",-30.7%
VeraCruz,Disponível,293.0,13,7896658021268,Artrolive 1500mg + 1200mg Sabor Laranja 30 envelopes com 4g de granulado cada,"141,29","70,65",-50.0%,"134,23",-5.0%
VeraCruz,Disponível,293.0,12,7898244720876,"Motix Solução Injetável 10 ampolas com 2,2ml cada","244,00","81,33",-66.7%,"231,80",-5.0%
VeraCruz,Disponível,293.0,12,7894916501095,Itraspor 100mg 4 cápsulas,"39,92","33,13",-17.0%,"31,47",-21.2%
VeraCruz,Disponível,293.0,13,7896112400684,Nebilet 5mg 30 comprimidos,"166,89","63,42",-62.0%,"120,50",-27.8%
VeraCruz,Disponível,293.0,13,7895858015688,Leite de Magnésia Phillips Original 120ml,0,0,0,0,0
VeraCruz,Disponível,293.0,14,7891317000660,"Dexfer 400mg, Eurofarma 30 comprimidos revestidos","68,05","59,88",-12.0%,"56,89",-16.4%
VeraCruz,Disponível,293.0,12,7896006213161,Florastor 12 cápsulas,0,0,0,0,0
VeraCruz,Disponível,293.0,13,78905108,Pomada Minancora 30g,"20,97","19,08",-9.0%,"18,13",-13.5%
VeraCruz,Disponível,293.0,15,7896212469970,Creme Dermatológico Profergan 20mg/g 30g,0,0,0,0,0
VeraCruz,Disponível,293.0,13,7898029551855,Daflon 1000mg FFPM 60 comprimidos revestidos,"338,17","93,56",-72.3%,"266,65",-21.1%
VeraCruz,Disponível,293.0,12,7896026303057,Pradaxa 110mg 30 cápsulas,"209,27","57,20",-72.7%,"163,02",-22.1%
VeraCruz,Disponível,293.0,12,7896523212524,Dimetigass Gotas 75mg 15ml,0,0,0,0,0
VeraCruz,Disponível,293.0,15,7899337000813,"Vesomni 6mg + 0,4mg 30 comprimidos revestidos de liberação modificada","230,36","66,04",-71.3%,"188,20",-18.3%
VeraCruz,Disponível,292.0,16,7898549755634,"Cor-Select 2,5mg 60 comprimidos","99,19","79,35",-20.0%,"75,38",-24.0%
VeraCruz,Disponível,292.0,13,7896658036996,Allestra 20 75mcg + 20mcg 63 drágeas,"94,02","79,92",-15.0%,"75,92",-19.3%
VeraCruz,Disponível,292.0,12,7896015511159,Sal de Frutas Eno Tradicional 2 envelopes com 5g,"4,98","4,03",-19.1%,"3,83",-23.1%
VeraCruz,Disponível,292.0,13,5000456025461,Qtern 5mg/10mg 30 comprimidos revestidos,"309,73","82,59",-73.3%,"235,39",-24.0%
VeraCruz,Disponível,292.0,13,7891142142221,"Diprosalic 0,5mg/ml + 20mg/ml Solução Dermatológica 30ml","56,69","51,59",-9.0%,"49,01",-13.5%
VeraCruz,Disponível,292.0,12,7896112427407,Suplemento Alimentar DOSS 1.000UI Vitamina D3 90 Cápsulas Gelatinosas,0,0,0,0,0
VeraCruz,Disponível,292.0,12,5000456096591,Forxiga 10mg 30 comprimidos revestidos,"236,96","59,24",-75.0%,"168,83",-28.8%
VeraCruz,Disponível,292.0,12,7891317485801,Duomo HP 2mg + 5 mg 30 cápsulas,"163,97","69,69",-57.5%,"132,40",-19.3%
VeraCruz,Disponível,292.0,13,7898040328474,Suplemento Alimentar Lipomax Cromo 60 cápsulas,"52,50","49,35",-6.0%,"46,88",-10.7%
VeraCruz,Disponível,292.0,13,7897595903259,Puran T4 200mcg 30 comprimidos,"59,89","43,72",-27.0%,"41,53",-30.7%
VeraCruz,Disponível,291.0,14,7896016808302,Antigases Luftal Gotas 75mg/ml Sabor Cereja 30ml,"59,99","53,39",-11.0%,"50,72",-15.5%
VeraCruz,Disponível,291.0,13,7897930760516,"Clob - X 0,5mg/g Pomada Dermatológica 30g","54,84","46,61",-15.0%,"44,28",-19.3%
VeraCruz,Disponível,291.0,13,7897337707664,Januvia 100mg 28 comprimidos revestidos,"348,91","116,30",-66.7%,"331,46",-5.0%
VeraCruz,Disponível,291.0,13,7896112427452,Listo 4mg 10 comprimidos de desintegração oral,0,0,0,0,0
VeraCruz,Disponível,291.0,13,7894916516006,Toragesic 10mg 10 comprimidos sublinguais,"36,61","31,12",-15.0%,"29,56",-19.3%
VeraCruz,Disponível,291.0,12,7891721201837,Zimiex 10mg 30 comprimidos,0,0,0,0,0
VeraCruz,Disponível,291.0,12,7896006216605,Xantinon Complex 100ml,"18,78","16,90",-10.0%,"16,06",-14.5%
VeraCruz,Disponível,291.0,15,7896094918610,Fluviral Dia 20 comprimidos,0,0,0,0,0
VeraCruz,Disponível,291.0,12,7891142177124,Predsim 11mg/ml Gotas 20ml,"46,49","41,38",-11.0%,"39,31",-15.4%
VeraCruz,Disponível,291.0,12,7896009498459,Analgésico Advil 400mg 20 cápsulas líquidas,"51,91","38,41",-26.0%,"36,49",-29.7%
VeraCruz,Disponível,291.0,13,7896206403140,Atacand Comb 16mg + 5mg 30 comprimidos + 30 comprimidos de liberação prolongada,0,0,0,0,0
VeraCruz,Disponível,291.0,14,7896181916246,Angipress 50mg 30 comprimidos,"39,95","33,16",-17.0%,"31,50",-21.2%
VeraCruz,Disponível,291.0,13,7897705202364,"Xultophy 100UI/ml + 3,6mg/ml 1 sistema de aplicação com 3ml de solução",0,0,0,0,0
VeraCruz,Disponível,291.0,14,7896026307024,"Trayenta Duo 2,5mg / 1000mg 60 comprimidos revestidos","319,19","81,93",-74.3%,"233,49",-26.8%
VeraCruz,Disponível,291.0,13,7899824400812,Enax 200mg 30 comprimidos revestidos,"99,42","81,52",-18.0%,"77,44",-22.1%
VeraCruz,Disponível,291.0,12,7898040320911,Marevan 5mg 10 comprimidos,0,0,0,0,0
VeraCruz,Disponível,291.0,13,7896093002488,Pastilhas Vick Drops Sabor Artificial de Cereja 10g,0,0,0,0,0
VeraCruz,Disponível,291.0,14,7896548198292,"Maxidex Pomada Oftálmica 1mg/g 3,5g","40,34","37,52",-7.0%,"35,64",-11.7%
VeraCruz,Disponível,291.0,12,7896658030291,Montelair 5mg Sabor Cereja 60 comprimidos mastigáveis,"126,47","50,59",-60.0%,"96,12",-24.0%
VeraCruz,Disponível,291.0,13,7898902708123,Teste de Gravidez Fast Test Plus 1un,"7,99","2,48",-69.0%,"2,36",-70.5%
VeraCruz,Disponível,290.0,13,7897322710457,Lisador 4 comprimidos,"12,55","11,55",-8.0%,"10,97",-12.6%
VeraCruz,Disponível,290.0,12,7896658004391,Artrolive 500mg + 400mg 90 cápsulas,"345,69","115,23",-66.7%,"328,41",-5.0%
VeraCruz,Disponível,290.0,14,7896658021640,"Esalerg 1,25mg/ml Gotas 20ml","57,01","50,17",-12.0%,"47,66",-16.4%
VeraCruz,Disponível,290.0,14,7896004763576,Sulfato de Hidroxicloroquina 400mg EMS 30 comprimidos revestidos,"95,19","95,19",-0.0%,"90,43",-5.0%
VeraCruz,Disponível,290.0,12,7891058027117,Apidra 100UI/ml 1 ampola com 10ml,"161,91","68,81",-57.5%,"130,74",-19.3%
VeraCruz,Disponível,290.0,13,7896206402877,SeloZok 100mg 30 comprimidos revestidos de liberação controlada,0,0,0,0,0
VeraCruz,Disponível,290.0,12,7896714236148,Magnostase 2mg 12 comprimidos,"10,61","6,58",-38.0%,"6,25",-41.1%
VeraCruz,Disponível,290.0,13,7897337712934,Xarope Desalex 100ml,"96,73","85,12",-12.0%,"80,86",-16.4%
VeraCruz,Disponível,290.0,12,7500435171106,Teste de Gravidez Clearblue Plus,"26,50","20,94",-21.0%,"19,89",-24.9%
VeraCruz,Disponível,290.0,13,7897337706315,Janumet 50mg + 500mg 56 comprimidos revestidos,0,0,0,0,0
VeraCruz,Disponível,290.0,12,7896006245339,Diamox 250mg 30 comprimidos,"27,97","21,54",-23.0%,"20,46",-26.9%
VeraCruz,Disponível,290.0,13,7896004714196,"Nociclin 0,15mg + 0,03mg 21 comprimidos","12,99","6,37",-51.0%,"6,05",-53.4%
VeraCruz,Disponível,290.0,13,7896658034879,"Solução Oftálmica Octifen 0,25mg/ml 5ml",0,0,0,0,0
VeraCruz,Disponível,290.0,12,7896641804212,Reparil 10mg/g + 50mg/g Gel 100g,0,0,0,0,0
VeraCruz,Disponível,290.0,12,7897595602022,Diclac SR 75mg 20 comprimidos,"51,39","37,51",-27.0%,"35,63",-30.7%
VeraCruz,Disponível,290.0,13,7896331702835,Xarope Glyteol 200mg/15ml Sabor Morango 100ml,"28,68","20,36",-29.0%,"19,34",-32.6%
VeraCruz,Disponível,289.0,12,7891142128812,Cizax 5mg 30 comprimidos,0,0,0,0,0
VeraCruz,Disponível,289.0,14,7891317003029,"Duomo 4mg Eurofarma, 30 comprimidos","67,92","57,73",-15.0%,"54,84",-19.3%
VeraCruz,Disponível,289.0,13,7896658017247,Osteotrat 35mg 4 comprimidos revestidos,0,0,0,0,0
VeraCruz,Disponível,289.0,14,7896658016585,Betadine 24mg 30 comprimidos,"43,13","37,09",-14.0%,"35,24",-18.3%
VeraCruz,Disponível,289.0,13,7896083410248,Androsten 94mg 30 comprimidos,"151,17","63,49",-58.0%,"120,63",-20.2%
VeraCruz,Disponível,289.0,15,7891010974923,Pastilhas Benalet Sabor Mel e Limão 4un,"15,33","14,10",-8.0%,"13,40",-12.6%
VeraCruz,Disponível,288.0,12,7896026304702,Pradaxa 150mg 30 cápsulas,"209,27","57,90",-72.3%,"165,01",-21.1%
VeraCruz,Disponível,288.0,13,7891058017507,Analgésico Dorflex 24 comprimidos,"23,74","18,99",-20.0%,"18,04",-24.0%
VeraCruz,Disponível,288.0,13,7896658028519,Steaton 200mg 60 cápsulas moles,"189,84","56,32",-70.3%,"160,51",-15.4%
VeraCruz,Disponível,288.0,14,7896006207665,Solução Oftálmica Cetrolac MD 4mg/ml 10ml,"109,60","86,58",-21.0%,"82,25",-25.0%
VeraCruz,Disponível,288.0,13,7896658003981,"Fentizol 0,02g/g Creme Dermatológico 20g","44,63","40,61",-9.0%,"38,58",-13.6%
VeraCruz,Disponível,288.0,12,7898430194511,"Lavagem Nasal Nasoar XT 5,0% Refil 15 sachês","85,50","73,53",-14.0%,"69,85",-18.3%
VeraCruz,Disponível,288.0,14,7896269900631,"Psorex 0,5mg/g Pomada Dermatológica 30g",0,0,0,0,0
VeraCruz,Disponível,288.0,12,7891058024314,Antialérgico Allegra 60mg 10 comprimidos revestidos,"29,90","26,31",-12.0%,"24,99",-16.4%
VeraCruz,Disponível,288.0,13,7896004724843,"Drenatan 0,05mg/ml Solução Oftálmica 2,5ml","180,39","54,72",-69.7%,"155,94",-13.6%
VeraCruz,Disponível,288.0,12,7897411610682,Benicar HCT 40mg/25mg 30 comprimidos revestidos,"108,55","83,58",-23.0%,"79,40",-26.9%
VeraCruz,Disponível,288.0,12,7896230304338,"Bicarbonato de Sódio ADV 10 Sachês de 2,5g cada","7,50","6,30",-16.0%,"5,99",-20.1%
VeraCruz,Disponível,288.0,15,7896112403579,Dacxi 10mg 30 comprimidos revestidos,0,0,0,0,0
VeraCruz,Disponível,287.0,14,7896255716987,Synthroid 150mcg 30 comprimidos,0,0,0,0,0
VeraCruz,Disponível,287.0,15,7896261016255,Galvus Met 50mg + 850mg 56 comprimidos revestidos,0,0,0,0,0
VeraCruz,Disponível,287.0,14,7898581710608,"Noripurum Fólico 100mg + 0,35mg 30 comprimidos mastigáveis","78,03","69,45",-11.0%,"65,98",-15.4%
VeraCruz,Disponível,287.0,13,7896658005763,Prelone 5mg 20 comprimidos,"26,10","22,97",-12.0%,"21,82",-16.4%
VeraCruz,Disponível,287.0,12,7896181901631,"Cordarex 2,5mg 30 comprimidos","39,25","32,97",-16.0%,"31,32",-20.2%
VeraCruz,Disponível,287.0,14,7896622300443,Antiácido Gastrol Blister 20 Pastilhas,"23,99","19,91",-17.0%,"18,91",-21.2%
VeraCruz,Disponível,287.0,15,7891317124182,"Holmes H 20mg + 12,5mg 30 comprimidos revestidos","79,09","60,90",-23.0%,"57,86",-26.8%
VeraCruz,Disponível,287.0,12,7896714296432,Laxante Fitoterápico Naturetti Geleia Sabor Ameixa 130g,0,0,0,0,0
VeraCruz,Disponível,287.0,13,7896658002960,"Adinos 0,5mg/g Gel Creme 30g","44,40","39,96",-10.0%,"37,96",-14.5%
VeraCruz,Disponível,287.0,12,7896658034466,Gaeso 20mg 28 comprimidos,0,0,0,0,0
VeraCruz,Disponível,287.0,12,7896004759975,Lacday 10.000 FCC ALU EMS 60 comprimidos mastigáveis,"109,90","54,95",-50.0%,"104,41",-5.0%
VeraCruz,Disponível,287.0,12,7896016807398,"Eliquis 2,5mg 20 comprimidos revestidos",0,0,0,0,0
VeraCruz,Disponível,286.0,13,7892828001375,Hidrion 40mg + 100mg 30 comprimidos,"42,04","36,15",-14.0%,"34,34",-18.3%
VeraCruz,Disponível,286.0,13,7898040323844,Probiatop 30 sachês com 1g,"137,50","68,75",-50.0%,"130,63",-5.0%
VeraCruz,Disponível,286.0,13,7896094200432,Sumax 50mg 2 comprimidos revestidos,"33,81","28,40",-16.0%,"26,98",-20.2%
VeraCruz,Disponível,286.0,12,7896094925830,Suplemento Alimentar Ofolato SOP Sabor Tangerina 30 sachês,"149,90","68,96",-54.0%,"131,01",-12.6%
VeraCruz,Disponível,286.0,13,7897473206403,"Halobex 0,05% Creme Dermatológico 30g","23,01","21,17",-8.0%,"20,11",-12.6%
VeraCruz,Disponível,286.0,14,7892953208618,Symdulor SL 10mg 10 comprimidos sublinguais,0,0,0,0,0
VeraCruz,Disponível,286.0,12,7891317036881,Equitam 120mg 30 comprimidos revestidos,"116,68","50,76",-56.5%,"96,43",-17.4%
VeraCruz,Disponível,286.0,12,7896004727158,Infralax 15 comprimidos,"17,88","11,26",-37.0%,"10,70",-40.2%
VeraCruz,Disponível,286.0,12,5702191025590,Advantan 1mg/g Loção 20g,"112,13","91,95",-18.0%,"87,35",-22.1%
VeraCruz,Disponível,286.0,13,7896004716220,Itralex 100mg 4 Cápsulas Duras,0,0,0,0,0
VeraCruz,Disponível,285.0,12,7891721025105,Concor 5mg 30 comprimidos revestidos,"108,07","81,05",-25.0%,"77,00",-28.7%
VeraCruz,Disponível,285.0,13,7896255764384,Ritmonorm 300mg 30 comprimidos revestidos,0,0,0,0,0
VeraCruz,Disponível,285.0,13,7896658000843,Diosmin SDU 900mg + 100mg Sabor Laranja / Limão 15 sachês com 5g cada,0,0,0,0,0
VeraCruz,Disponível,285.0,14,7500435121965,Metamucil Pó Sabor Original 210g,"132,25","66,13",-50.0%,"125,64",-5.0%
VeraCruz,Disponível,285.0,12,7891106914963,Solução Spray Canesten 10mg/ml 30ml,"66,99","60,96",-9.0%,"57,91",-13.6%
VeraCruz,Disponível,285.0,12,7898040321420,"Annita 20mg/ml, 1 frasco com 45ml de pó para suspensão de uso oral","32,83","29,22",-11.0%,"27,76",-15.4%
VeraCruz,Disponível,285.0,13,7896094206045,"Tarfic 0,1% Pomada Dermatológica 30g","190,62","50,83",-73.3%,"144,88",-24.0%
VeraCruz,Disponível,285.0,13,7898581710547,Noripurum 100mg 30 comprimidos mastigáveis,"75,63","69,58",-8.0%,"66,10",-12.6%
VeraCruz,Disponível,285.0,12,7896006272724,Solução Oral Nasaliv Sabor Cereja 60ml,0,0,0,0,0
VeraCruz,Disponível,285.0,13,7897316802250,Solução Oftálmica Pilocarpina 4% 10ml,0,0,0,0,0
VeraCruz,Disponível,285.0,15,7896006213147,Colact 667mg/ml Sabor Salada de Frutas 120ml,"29,77","20,24",-32.0%,"19,23",-35.4%
VeraCruz,Disponível,285.0,12,7500435182331,Descongestionante em Jato Contínuo Vick Vapo Spray 100ml,0,0,0,0,0
VeraCruz,Indisponível,285.0,13,0,Antiácido Pó Efervescente Estomazil Sabor Abacaxi 6 envelopes com 5g cada,0,0,0,0,0
VeraCruz,Disponível,285.0,13,7897595903365,Puran T4 88mcg 30 comprimidos,"26,82","19,31",-28.0%,"18,34",-31.6%
VeraCruz,Disponível,285.0,13,7891106003230,Gino Canesten 3 Dias 100mg/5g Creme Vaginal 20g + 3 aplicador,"94,98","83,58",-12.0%,"79,40",-16.4%
VeraCruz,Disponível,284.0,13,7897705201145,Levemir Flexpen 100U/ml com 1 sistema de aplicação preenchido 3ml,0,0,0,0,0
VeraCruz,Disponível,284.0,12,7896714218267,Torsilax Neo Química 12 comprimidos,"17,99","9,89",-45.0%,"9,40",-47.7%
VeraCruz,Disponível,284.0,13,7896112407188,Vonaugasmax 250mg 20 cápsulas moles,0,0,0,0,0
VeraCruz,Disponível,284.0,13,7891721026621,Glucovance 500 + 5mg 30 comprimidos revestidos,"57,84","46,85",-19.0%,"44,51",-23.0%
VeraCruz,Disponível,284.0,13,7896094917385,"Fluidificante e Descongestionante Nasal Rinosoro Jet Infantil 0,9% 100ml","50,14","46,63",-7.0%,"44,30",-11.6%
VeraCruz,Disponível,284.0,15,7896658012303,"Solução Nasal Sorine Infantil 0,9% Gotas 30ml + 1 conta-gotas","21,25","19,34",-9.0%,"18,37",-13.6%
VeraCruz,Disponível,284.0,14,7899824400331,Minel 200mg 30 comprimidos revestidos,"179,71","70,99",-60.5%,"134,87",-25.0%
VeraCruz,Disponível,284.0,12,7896261016262,Galvus Met 50mg + 1000mg 56 comprimidos revestidos,0,0,0,0,0
VeraCruz,Disponível,284.0,14,7896658034541,"Lubrificante Ocular Laxime 0,15% 10ml",0,0,0,0,0
VeraCruz,Disponível,284.0,13,7896637033596,"Arpadol 400mg, 60 Comprimidos","226,48","75,49",-66.7%,"215,16",-5.0%
VeraCruz,Disponível,284.0,13,7896241270400,"Drenison N 0,125mg/g + 0,35mg/g Creme 30g",0,0,0,0,0
VeraCruz,Disponível,283.0,14,7896637028530,Labirin 24mg 60 comprimidos,"66,46","49,18",-26.0%,"46,72",-29.7%
VeraCruz,Disponível,283.0,12,7891010256463,Pastilhas Benalet Sabor Mel e Limão 12un,"42,03","35,73",-15.0%,"33,94",-19.2%
VeraCruz,Disponível,283.0,13,7896658005466,Flogoral 3mg Pastilhas Sabor Cereja 12un,"20,85","18,97",-9.0%,"18,02",-13.6%
VeraCruz,Disponível,283.0,12,7891317010379,Ventus Spray 50mcg 60 Acionamentos 9ml,0,0,0,0,0
VeraCruz,Disponível,283.0,13,7896181904441,Busonid Caps 200mcg 60 cápsulas para inalação + 1 inalador,"68,03","57,15",-16.0%,"54,29",-20.2%
VeraCruz,Disponível,283.0,13,7894916503754,Aglucose 50mg 30 comprimidos,"44,36","39,48",-11.0%,"37,51",-15.4%
VeraCruz,Disponível,283.0,12,7896094906594,Tamarine 12mg 20 cápsulas,"103,99","87,35",-16.0%,"82,98",-20.2%
VeraCruz,Disponível,283.0,14,7897679601002,Funchicórea Pó 3g,"52,50","46,73",-11.0%,"44,39",-15.4%
VeraCruz,Disponível,283.0,12,7896676410730,Funtyl 10mg/g Creme 20g,"38,76","32,56",-16.0%,"30,93",-20.2%
VeraCruz,Disponível,283.0,12,7896026130004,Gotas Binelli 30mg/ml 10ml,"25,13","22,37",-11.0%,"21,25",-15.4%
VeraCruz,Disponível,283.0,12,7896004703251,Loratadina 1mg/ml EMS Sabor Cereja 100ml,"40,69","21,16",-48.0%,"20,10",-50.6%
VeraCruz,Disponível,283.0,13,7896714291901,"Picbam 2,5mg 20 comprimidos revestidos",0,0,0,0,0
VeraCruz,Disponível,283.0,13,7896015523398,"Combodart 0,5mg + 0,4mg 30 cápsulas gelatinosas duras de liberação prolongada","160,25","53,42",-66.7%,"152,24",-5.0%
VeraCruz,Disponível,283.0,14,7896658034787,Rubia 75mcg 84 comprimidos revestidos,"110,76","94,15",-15.0%,"89,44",-19.2%
VeraCruz,Disponível,283.0,12,7894916503389,"Tenadren 40mg + 12,5mg 30 comprimidos","15,57","12,46",-20.0%,"11,84",-24.0%
VeraCruz,Disponível,282.0,14,7896523200491,Loratamed D Loratadina 1mg/ml + Sulfato de Pseudoefedrina 12mg/ml Xarope 60ml,0,0,0,0,0
VeraCruz,Disponível,282.0,12,7898040324247,Solução Nasal Maresis Jato Forte 100ml,"65,58","60,99",-7.0%,"57,94",-11.6%
VeraCruz,Disponível,282.0,13,7898100243808,"Glicel 1,5g Pediátrico 6 supositórios de glicerina","24,46","12,23",-50.0%,"11,62",-52.5%
VeraCruz,Disponível,282.0,12,7896023793349,Melagrião Própolis e Gengibre Spray Sabor Laranja 30ml,"21,99","17,59",-20.0%,"16,71",-24.0%
VeraCruz,Disponível,282.0,13,7892828001221,Etna Injetável 3 frascos ampolas com pó + 3 ampolas com de diluente,"100,52","83,43",-17.0%,"79,26",-21.2%
VeraCruz,Disponível,282.0,14,5060632508768,"Stezza 2,5mg + 1,5mg 28 comprimidos revestidos","60,80","54,11",-11.0%,"51,40",-15.5%
VeraCruz,Disponível,282.0,13,7896112402435,"Flux SR 1,5mg 30 comprimidos revestidos","38,41","30,73",-20.0%,"29,19",-24.0%
VeraCruz,Disponível,282.0,13,7896382703614,Cialis 20mg 2 comprimidos revestidos,"167,98","68,03",-59.5%,"129,26",-23.1%
VeraCruz,Disponível,282.0,12,7896261019331,Analgésico CataflamPRO XT Emulgel 50g,"69,27","63,04",-9.0%,"59,89",-13.5%
VeraCruz,Disponível,282.0,13,7896094921252,Coledue R 10mg + 5mg 30 cápsulas duras,0,0,0,0,0
VeraCruz,Disponível,282.0,13,7896255767149,Regulador Intestinal Duphalac 667mg/ml Sem Sabor Artificial 200ml,"62,66","58,90",-6.0%,"55,96",-10.7%
VeraCruz,Disponível,282.0,12,7896015592752,Advil 600mg 12 Horas 6 comprimidos revestidos de liberação prolongada,"25,18","20,40",-19.0%,"19,38",-23.0%
VeraCruz,Disponível,282.0,15,7896094922150,Eparema Sabor Tradicional Hortelã 200ml,"79,47","65,17",-18.0%,"61,91",-22.1%
VeraCruz,Disponível,281.0,12,7898908753141,Traumeel S 50 comprimidos sublinguais,"102,90","95,70",-7.0%,"90,92",-11.6%
VeraCruz,Disponível,281.0,12,7896016807213,Naldecon Pack Dia e Noite 24 comprimidos,"59,99","59,99",-0.0%,"56,99",-5.0%
VeraCruz,Disponível,281.0,14,7898029550254,Acertil 10mg 60 Comprimidos Revestidos,"217,06","72,35",-66.7%,"206,21",-5.0%
VeraCruz,Disponível,281.0,12,7897930760172,"Rozex 7,5mg/g Gel 30g","116,35","52,36",-55.0%,"99,48",-14.5%
VeraCruz,Disponível,281.0,12,7896658001123,"Candicort 20mg + 0,64mg Pomada Dermatológica 30g","46,35","43,57",-6.0%,"41,39",-10.7%
VeraCruz,Disponível,281.0,12,7896094918771,Suplemento Alimentar Kollis Solução Oleosa Gotas 8ml,0,0,0,0,0
VeraCruz,Disponível,281.0,17,7897411602182,Lixiana 30mg 30 comprimidos revestidos,"148,85","66,24",-55.5%,"125,86",-15.4%
VeraCruz,Disponível,281.0,13,-,"Ablok Plus 25mg + 12,5mg 30 comprimidos","26,19","21,21",-19.0%,"20,15",-23.1%
VeraCruz,Disponível,281.0,14,7897705203224,Novolin R 100UI/ml 1 ampola com 10ml,"67,36","67,36",-0.0%,"63,99",-5.0%
VeraCruz,Disponível,281.0,13,7898906376465,Tiorfan 30mg 38 sachês,"65,13","59,27",-9.0%,"56,31",-13.5%
VeraCruz,Disponível,281.0,12,7896094200340,Sumax 100mg 2 comprimidos revestidos,"59,75","50,19",-16.0%,"47,68",-20.2%
VeraCruz,Disponível,281.0,13,7898927111014,Sédatif PC Boiron 60 Comprimidos Revestidos,"109,50","93,08",-15.0%,"88,43",-19.2%
VeraCruz,Disponível,281.0,14,7891317464004,Noex 100mcg Spray Nasal 100 doses,"80,87","67,12",-17.0%,"63,76",-21.2%
VeraCruz,Disponível,280.0,12,7896512901392,Supositório de Glicerina Granado Adulto 12un,"31,90","27,12",-15.0%,"25,76",-19.2%
VeraCruz,Disponível,280.0,12,7896004706221,Dorspan Composto Gotas 20ml,0,0,0,0,0
VeraCruz,Disponível,280.0,13,7891058005474,Dorflex Dip 1g 10 comprimidos,"17,43","15,69",-10.0%,"14,91",-14.5%
VeraCruz,Disponível,280.0,13,7896637017176,Foldan 50mg/g Pomada 45g,"96,79","85,18",-12.0%,"80,92",-16.4%
VeraCruz,Disponível,280.0,12,7896206402853,SeloZok 25mg 30 comprimidos revestidos de liberação controlada,"42,39","42,39",-0.0%,"40,27",-5.0%
VeraCruz,Disponível,280.0,13,7896672203909,"Broncho - Vaxom 3,5mg 10 cápsulas","74,73","62,77",-16.0%,"59,63",-20.2%
VeraCruz,Disponível,280.0,13,7898927111106,Xarope Stodal 150ml,"76,90","71,52",-7.0%,"67,94",-11.7%
VeraCruz,Disponível,280.0,12,7896641809033,Dexilant 60mg Takeda 60 cápsulas de liberação retardada,"259,52","72,67",-72.0%,"207,10",-20.2%
VeraCruz,Disponível,280.0,13,7898549757133,Monessa 90 cápsulas,"345,94","94,56",-72.7%,"269,49",-22.1%
VeraCruz,Disponível,280.0,13,7896255766777,Creon 10.000 30 cápsulas com minimicroesferas acidorresitentes,"90,41","73,23",-19.0%,"69,57",-23.1%
VeraCruz,Disponível,280.0,14,8902220114784,Olmecor 40mg 30 comprimidos revestidos,"57,66","44,40",-23.0%,"42,18",-26.8%
VeraCruz,Disponível,280.0,13,7891721026614,"Glucovance 500 + 2,5mg 30 comprimidos revestidos","44,51","36,05",-19.0%,"34,25",-23.1%
VeraCruz,Disponível,280.0,13,7891058059149,Plasil 10mg 20 comprimidos,"14,45","13,01",-10.0%,"12,36",-14.5%
VeraCruz,Disponível,279.0,12,7896226506463,Prolopa DR 200/50mg 30 comprimidos de liberação modificada,"131,36","52,55",-60.0%,"99,84",-24.0%
VeraCruz,Disponível,279.0,13,7896112435778,"Aradois H 50mg + 12,5mg 30 comprimidos revestidos","106,94","82,34",-23.0%,"78,22",-26.9%
VeraCruz,Disponível,279.0,12,7898016412961,Cloreto de Magnésio PA Ifal 33g,"10,15","8,42",-17.0%,"8,00",-21.2%
VeraCruz,Disponível,279.0,12,7891721026706,"Concor HCT 5mg + 12,5mg 30 comprimidos revestidos","148,41","96,47",-35.0%,"91,65",-38.2%
VeraCruz,Disponível,279.0,12,7891721024481,Dexa Citoneurin NFF Injetável 6 ampolas: 3 com 1ml intramuscular + 3 com 2ml de diluente,"53,51","47,62",-11.0%,"45,24",-15.5%
VeraCruz,Disponível,279.0,13,7896112400165,Doss 50.000UI 4 cápsulas gelatinosas moles,"107,84","76,57",-29.0%,"72,74",-32.5%
VeraCruz,Disponível,279.0,15,7896212413560,Analgésico Tylenol DC Liberação Imediata 20 comprimidos revestidos,0,0,0,0,0
VeraCruz,Disponível,279.0,13,7896331703443,Resfenol 20 cápsulas,"26,74","21,66",-19.0%,"20,58",-23.0%
VeraCruz,Disponível,279.0,12,7898037080217,Complexo Homeopático Almeida Prado N 48 60 Comprimidos,"28,90","27,46",-5.0%,"26,09",-9.7%
VeraCruz,Disponível,279.0,13,7894916550062,Propranolol 80mg 30 comprimidos,"28,05","22,44",-20.0%,"21,32",-24.0%
VeraCruz,Disponível,279.0,14,7896016807251,Onglyza 5mg 28 comprimidos revestidos,0,0,0,0,0
VeraCruz,Disponível,279.0,14,7891058003210,"Volare 40mg/0,4ml 2 seringas preenchidas de 0,4ml",0,0,0,0,0
VeraCruz,Disponível,278.0,13,7896261006553,Slow - K 600mg 20 drágeas,"19,29","16,78",-13.0%,"15,94",-17.4%
VeraCruz,Disponível,278.0,13,5702191008753,"Daivobet 50mcg/g + 0,5mg/g Gel Dermatológico 30g","149,43","64,26",-57.0%,"122,08",-18.3%
VeraCruz,Disponível,278.0,12,7891106914512,"Femiane 0,075mg + 0,020mg 21 drágeas",0,0,0,0,0
VeraCruz,Disponível,278.0,13,7896004754130,Bálsamo Bengué Aerossol 170ml,"73,38","55,04",-25.0%,"52,29",-28.7%
VeraCruz,Disponível,278.0,12,7896112403333,"Ad-Muc 0,4% Soluçao Spray 30ml","101,90","95,79",-6.0%,"91,00",-10.7%
VeraCruz,Disponível,278.0,12,7896094920644,Suplemento Alimentar Gestamax Plus 30 cápsulas gelatinosas moles,0,0,0,0,0
VeraCruz,Disponível,278.0,14,7590002032817,Vaporizante Descongestionante Vick VapoRub Unguento 30g,"52,59","49,96",-5.0%,"47,46",-9.8%
VeraCruz,Disponível,278.0,13,7891317432386,Musculare 10mg 30 comprimidos revestidos,"45,93","40,42",-12.0%,"38,40",-16.4%
VeraCruz,Disponível,278.0,14,7891317489595,"Ginna 0,02g/g Creme Ginecológico 40g + 7 aplicadores de 5g cada","49,47","43,53",-12.0%,"41,35",-16.4%
VeraCruz,Disponível,278.0,13,7896094206137,Plenance 20mg 30 comprimidos revestidos,"160,72","61,08",-62.0%,"116,04",-27.8%
VeraCruz,Disponível,278.0,12,7896382700750,Humalog 1000UI 1 ampola com 10ml,0,0,0,0,0
VeraCruz,Disponível,278.0,12,7896206402433,Symbicort Turbuhaler 12/400 mcg por inalação 60 doses de pó para inalação,0,0,0,0,0
VeraCruz,Disponível,277.0,13,7896112403005,Fly 250mg 10 cápsulas moles,"34,50","29,67",-14.0%,"28,19",-18.3%
VeraCruz,Disponível,277.0,13,7891721025105,"Concor 2,5mg 30 comprimidos revestidos","108,07","81,05",-25.0%,"77,00",-28.7%
VeraCruz,Disponível,277.0,15,7896658029028,Leucogen 80mg 30 cápsulas,"167,34","70,29",-58.0%,"133,54",-20.2%
VeraCruz,Disponível,277.0,12,7898908753097,Vertigoheel 50 comprimidos,"101,90","89,67",-12.0%,"85,19",-16.4%
VeraCruz,Disponível,277.0,13,7891106916028,Angeliq 1mg + 2mg 28 comprimidos revestidos,"143,69","58,20",-59.5%,"110,57",-23.0%
VeraCruz,Disponível,277.0,14,7896658005176,Xarope Transpulmin 100mg/15ml Pediátrico Sabor Mel 150ml,"40,90","36,81",-10.0%,"34,97",-14.5%
VeraCruz,Disponível,277.0,14,7891317001964,Bicerto 150mg 10 comprimidos de liberação prolongada,"55,42","48,77",-12.0%,"46,33",-16.4%
VeraCruz,Disponível,277.0,12,7896255700245,Synthroid 175mcg 30 comprimidos,"69,41","55,53",-20.0%,"52,75",-24.0%
VeraCruz,Disponível,277.0,13,7891106914000,"Miranova 0,10mg + 0,02mg 21 drágeas",0,0,0,0,0
VeraCruz,Disponível,277.0,12,7896241241462,Aradois 25mg 60 comprimidos revestidos,"101,90","82,54",-19.0%,"78,41",-23.1%
VeraCruz,Disponível,277.0,15,7896112427407,Suplemento Alimentar Doss Zinco + Vitamina D3 2.000UI + 20mg 30 cápsulas gelatinosas,0,0,0,0,0
VeraCruz,Disponível,277.0,14,7897322704944,Fluidificante e Descongestionante Nasal Rinosoro SIC Spray 3%  50ml,0,0,0,0,0
VeraCruz,Disponível,277.0,12,7896112401582,"Vonau Flash 8mg Biolab, 30 comprimidos de desintegração oral","241,42","53,92",-77.7%,"153,66",-36.4%
VeraCruz,Disponível,276.0,12,7896658030284,Montelair 4mg Sabor Cereja 60 comprimidos mastigáveis,"126,47","53,12",-58.0%,"100,92",-20.2%
VeraCruz,Disponível,276.0,14,7891058000172,Analgésico Novalgina 500mg/ml 10ml,"17,64","15,88",-10.0%,"15,09",-14.5%
VeraCruz,Disponível,276.0,13,4987188568682,Bye Bye Fever para Adultos 2 unidades,"13,90","12,23",-12.0%,"11,62",-16.4%
VeraCruz,Disponível,276.0,13,7896004758480,Capy 50mg/ml Solução Capilar 5% 50ml,0,0,0,0,0
VeraCruz,Disponível,276.0,12,7896658021121,"Xarope Notuss 3,0mg/ml Sabor Mel 120ml","32,14","29,25",-9.0%,"27,79",-13.5%
VeraCruz,Disponível,276.0,13,7891058005948,Dorflex Max 8 comprimidos,"9,40","8,18",-13.0%,"7,77",-17.3%
VeraCruz,Disponível,276.0,14,7897316802212,Solução Oftálmica Pilocarpina 1% 10ml,0,0,0,0,0
VeraCruz,Disponível,276.0,13,7896004746012,Ibuliv 400mg 8 cápsulas moles,0,0,0,0,0
VeraCruz,Disponível,276.0,13,7896212469970,Creme Dermatológico Vodol 20mg/g 28g,0,0,0,0,0
VeraCruz,Disponível,276.0,13,7896181920397,Corus 25mg 30 comprimidos revestidos,"56,50","56,50",-0.0%,"53,68",-5.0%
VeraCruz,Disponível,276.0,12,7896026304245,Micardis 80mg 30 comprimidos,0,0,0,0,0
VeraCruz,Disponível,276.0,12,7896658008863,Levoid 125mcg 30 comprimidos,"27,51","23,11",-16.0%,"21,95",-20.2%
VeraCruz,Disponível,276.0,13,7896026120012,Antiácido Droxaine 240ml,"46,74","40,66",-13.0%,"38,63",-17.4%
VeraCruz,Disponível,276.0,13,7896714202976,"Colírio Clanistil 0,25mg/mm + 3mg/ml 15ml","15,35","13,82",-10.0%,"13,13",-14.5%
VeraCruz,Disponível,276.0,13,7897322709451,Vitamina D3 Addera D3 5.000UI 30 comprimidos revestidos,0,0,0,0,0
VeraCruz,Disponível,275.0,14,7898569766603,Suplemento Alimentar Althaia Vitamina D3 5.000UI 30 cápsulas moles,0,0,0,0,0
VeraCruz,Disponível,275.0,12,7898108640555,Protetor Ocular Estéril Sancare Tamanho M 10 unidades,"23,49","20,44",-13.0%,"19,42",-17.3%
VeraCruz,Disponível,275.0,13,7894916206419,"Micropil R21 0,075 + 0,020mg 21 comprimidos revestidos","42,41","34,78",-18.0%,"33,04",-22.1%
VeraCruz,Disponível,275.0,12,7896094903036,Benegrip 6 comprimidos revestidos,"16,59","15,59",-6.0%,"14,81",-10.7%
VeraCruz,Disponível,275.0,15,7896094904156,Melhoral Adulto 8 comprimidos,"14,49","13,19",-9.0%,"12,53",-13.5%
VeraCruz,Disponível,275.0,15,7500435177450,Solução Nasal em Spray Vick Primeira Proteção 15ml,0,0,0,0,0
VeraCruz,Disponível,275.0,15,7893454714479,Tanderalgin Delta 15 Comprimidos,"24,36","7,80",-68.0%,"7,41",-69.6%
VeraCruz,Disponível,275.0,13,7896637030311,"Inpruv DK 7.000UI + 100mcg Apsen, 8 Comprimidos","46,20","33,73",-27.0%,"32,04",-30.6%
VeraCruz,Disponível,275.0,13,7897411610750,Lactulona 667mg/ml Xarope Sabor Ameixa 120ml,"62,02","56,44",-9.0%,"53,62",-13.5%
VeraCruz,Disponível,275.0,13,7896004706528,"Celerg 0,25mg + 2mg 20 comprimidos","26,82","21,19",-21.0%,"20,13",-24.9%
VeraCruz,Disponível,275.0,14,7896181903222,Busonid Caps 400mcg 60 cápsulas para inalação + 1 inalador,"118,18","99,27",-16.0%,"94,31",-20.2%
VeraCruz,Disponível,274.0,14,7891268404029,Antiácido Mylanta Plus Sabor Morango 240ml,"60,02","54,02",-10.0%,"51,32",-14.5%
VeraCruz,Disponível,274.0,13,7894916513661,Nivux 100mg + 20mg 12 Comprimidos,"62,38","62,38",-0.0%,"59,26",-5.0%
VeraCruz,Disponível,274.0,13,7896523201771,Pralívio 100mg/ml Sabor Tutti-Frutti 20ml,0,0,0,0,0
VeraCruz,Disponível,274.0,13,7896261021051,Voltaren 50mg 20 comprimidos revestidos,"56,74","49,36",-13.0%,"46,89",-17.4%
VeraCruz,Disponível,274.0,13,7897322709987,Vitamina D3 Addera D3 10.000UI 10 cápsulas moles,"68,54","65,11",-5.0%,"61,85",-9.8%
VeraCruz,Disponível,274.0,12,7891142156235,Fluir 12mcg 60 cápsulas de pó para inalação,0,0,0,0,0
VeraCruz,Disponível,274.0,13,7891317460495,Noex 64mcg Spray Nasal 120 doses,"82,23","68,25",-17.0%,"64,84",-21.1%
VeraCruz,Disponível,274.0,12,7891142177216,Predsim 40mg 7 comprimidos,"69,00","61,41",-11.0%,"58,34",-15.4%
VeraCruz,Disponível,274.0,12,7898133139277,Suplemento Hidroeletrolítico Hidralyte Laranja 500ml,0,0,0,0,0
VeraCruz,Disponível,274.0,13,7896112427735,Aradois H 100mg + 25mg 30 comprimidos revestidos,"176,48","68,83",-61.0%,"130,77",-25.9%
VeraCruz,Disponível,274.0,12,7897930775213,"Clob - X 0,5mg/ml Emulsão Dermatológica 59ml","104,62","87,88",-16.0%,"83,49",-20.2%
VeraCruz,Disponível,274.0,12,7896093001054,Chá Vick Pyrena Sabor Mel e Limão 5g,"5,67","4,42",-22.0%,"4,20",-25.9%
VeraCruz,Disponível,273.0,12,7896004810140,Bismu-Jet 20ml,"42,12","33,27",-21.0%,"31,61",-25.0%
VeraCruz,Disponível,273.0,12,7896382707100,Livalo 4mg 30 comprimidos revestidos,"269,55","64,69",-76.0%,"184,38",-31.6%
VeraCruz,Disponível,273.0,13,8902220114845,Olmecor 20mg 30 comprimidos revestidos,"54,83","42,22",-23.0%,"40,11",-26.8%
VeraCruz,Disponível,273.0,12,7899095201255,Flexalgin 300mg + 125mg + 50mg + 30mg 30 comprimidos,"32,10","17,99",-44.0%,"17,09",-46.8%
VeraCruz,Disponível,273.0,13,7896094999527,"Nesina Met* 12,5mg + 850mg 60 comprimidos revestidos",0,0,0,0,0
VeraCruz,Disponível,273.0,12,7897322709802,Laxante Fitoterápico Tamarine Geléia Zero Açúcar 250g,"131,99","56,76",-57.0%,"107,83",-18.3%
VeraCruz,Disponível,273.0,13,7896658036392,Probiótico ProHN 30 cápsulas,"121,50","60,75",-50.0%,"115,43",-5.0%
VeraCruz,Disponível,273.0,12,7896226108568,Probiótico ZincoPro Marjan 6 Cápsulas,0,0,0,0,0
VeraCruz,Disponível,273.0,13,7896006247319,Dexaneurin Injetável 3 Ampolas A de 2mL e 3 Ampolas B de 1mL,0,0,0,0,0
VeraCruz,Disponível,273.0,14,7899337000202,Vesicare 10mg 30 comprimidos revestidos,"281,88","80,81",-71.3%,"230,30",-18.3%
VeraCruz,Disponível,273.0,15,7891317025540,"Trok 20mg/g + 0,64mg/g Pomada Dermatológico 30g","41,06","36,54",-11.0%,"34,71",-15.5%
VeraCruz,Disponível,273.0,13,7891058022792,Analgésico Dorflex Uno 1g 10 comprimidos efervescente,"31,43","28,60",-9.0%,"27,17",-13.6%
VeraCruz,Disponível,273.0,13,7898040325206,Fledoid 500 Gel 40g,"37,84","32,54",-14.0%,"30,91",-18.3%
VeraCruz,Disponível,272.0,13,7896637022446,Flancox 400mg 20 comprimidos revestidos,"62,27","54,80",-12.0%,"52,06",-16.4%
VeraCruz,Disponível,272.0,12,7893454100685,Tandene 30 comprimidos,"30,98","14,87",-52.0%,"14,13",-54.4%
VeraCruz,Disponível,272.0,12,7896658023224,"Descongestionante Nasal Sorine SSC 0,9% Spray Suave Jato Contínuo 100ml","47,89","42,62",-11.0%,"40,49",-15.5%
VeraCruz,Disponível,272.0,13,7896622305844,Antiácido Gastrol Pó Efervescente Sabor Laranja 5g,"4,13","3,47",-16.0%,"3,30",-20.1%
VeraCruz,Disponível,272.0,13,7891142141293,"Diprosone 0,5mg/g Pomada 30g","58,74","53,45",-9.0%,"50,78",-13.6%
VeraCruz,Disponível,272.0,13,8902220105676,"Indapen SR 1,5mg 30 comprimidos revestidos de liberação prolongada","40,55","30,01",-26.0%,"28,51",-29.7%
VeraCruz,Disponível,272.0,13,7500435209786,Xarope Vick Mel 100ml,"45,23","40,71",-10.0%,"38,67",-14.5%
VeraCruz,Disponível,272.0,13,7896222720887,Antigases Luftal Infantil Gotas 75mg/ml Sabor Cereja 15ml,"39,99","33,19",-17.0%,"31,53",-21.2%
VeraCruz,Disponível,272.0,14,7896317906165,Folacin Sabor Laranja Gotas 30ml,"73,15","67,30",-8.0%,"63,94",-12.6%
VeraCruz,Disponível,271.0,12,7896523202204,Loratamed Loratadina 1mg/ml Sabor Uva 100ml,"27,78","22,50",-19.0%,"21,38",-23.0%
VeraCruz,Disponível,271.0,13,7896261005723,Analgésico CataflamPRO Aerossol 85ml,"56,57","46,95",-17.0%,"44,60",-21.2%
VeraCruz,Disponível,271.0,13,7896637023641,Meclin 50mg 15 comprimidos,"53,39","44,85",-16.0%,"42,61",-20.2%
VeraCruz,Disponível,271.0,12,7896658001925,Decongex Plus Gotas 20ml,"19,17","18,21",-5.0%,"17,30",-9.8%
VeraCruz,Disponível,271.0,14,7898943707703,"Vagicand 0,02g/g Creme Ginecológico 40g + 7 aplicadores de 5g cada","46,35","40,32",-13.0%,"38,30",-17.4%
VeraCruz,Disponível,271.0,13,7896006290124,Cetrolac MD 4mg/ml 5ml,"60,14","48,71",-19.0%,"46,27",-23.1%
VeraCruz,Disponível,271.0,13,7896212469970,Nizoral 20mg/g Creme Dermatológico 30g,0,0,0,0,0
VeraCruz,Disponível,271.0,13,7896094917460,Atroveran Dip 500mg/ml 20ml,"24,39","21,22",-13.0%,"20,16",-17.3%
VeraCruz,Disponível,271.0,12,7896548114124,"Solução Oftálmica Glautimol 6,8mg/ml 5ml",0,0,0,0,0
VeraCruz,Disponível,271.0,13,7896094921399,Buscopan Composto 20 comprimidos revestidos,"29,49","24,77",-16.0%,"23,53",-20.2%
VeraCruz,Disponível,271.0,14,7896523206295,Cimegripe Gotas Pediátrico Sabor Laranja 20ml,"25,72","20,06",-22.0%,"19,06",-25.9%
VeraCruz,Disponível,270.0,12,7908134200392,Gynpro 100mg 30 cápsulas moles,"80,72","65,38",-19.0%,"62,11",-23.1%
VeraCruz,Disponível,270.0,14,7898133130403,Maxalgina 500mg/ml Gotas Sabor Abacaxi 10ml,0,0,0,0,0
VeraCruz,Disponível,270.0,13,7896006203155,Cetrolac SL 10mg 10 comprimidos sublinguais,"37,12","30,07",-19.0%,"28,57",-23.0%
VeraCruz,Disponível,270.0,14,7898040329532,Suplemento Alimentar Calcitran D3 1000ui 60 comprimidos revestidos,"69,90","69,90",-0.0%,"66,41",-5.0%
VeraCruz,Disponível,270.0,13,7896261000025,Voltaren SR 75mg 20 comprimidos revestidos de liberação prolongada,"62,57","54,44",-13.0%,"51,72",-17.3%
VeraCruz,Disponível,270.0,13,7896658004018,Flagass 75mg/ml Sabor Laranja 10ml,"28,90","26,88",-7.0%,"25,54",-11.6%
VeraCruz,Disponível,270.0,12,7896094921993,Neosaldina 10 drágeas,"19,24","16,29",-15.3%,"15,48",-19.5%
VeraCruz,Disponível,270.0,12,7896226102542,Vicog 5mg 30 comprimidos,"35,41","29,04",-18.0%,"27,59",-22.1%
VeraCruz,Disponível,270.0,12,7896658006920,Acheflan 5mg/g Aerossol 75ml,"92,29","78,45",-15.0%,"74,53",-19.2%
VeraCruz,Disponível,270.0,16,7891721014697,Euthyrox 50mcg 50 comprimidos,"44,16","33,56",-24.0%,"31,88",-27.8%
VeraCruz,Disponível,270.0,13,7891317000547,Ebastel 1mg/ml Xarope 60ml,"79,82","69,44",-13.0%,"65,97",-17.4%
VeraCruz,Disponível,270.0,12,7896241293751,Vasopril Plus 10mg + 25mg 30 comprimidos,"65,23","52,18",-20.0%,"49,57",-24.0%
VeraCruz,Disponível,270.0,14,7898968453104,"Atensina 0,150mg 30 comprimidos","12,99","10,91",-16.0%,"10,36",-20.2%
VeraCruz,Disponível,270.0,14,7897851220076,Amiobal 200MG 30 Comprimidos,"46,86","38,89",-17.0%,"36,95",-21.1%
VeraCruz,Disponível,270.0,15,7895858005917,Aldomet 250mg 30 comprimidos revestidos,0,0,0,0,0
VeraCruz,Disponível,269.0,12,7897411601567,Hirudoid 500 Pomada 5mg/g 40g,"46,41","46,41",-0.0%,"44,09",-5.0%
VeraCruz,Disponível,269.0,13,7891317177645,Primera 20 150mcg + 20mcg 21 comprimidos,"45,05","36,49",-19.0%,"34,67",-23.0%
VeraCruz,Disponível,269.0,12,7896382707681,Basaglar 100UI/ml 5 refis de 3ml,"304,59","84,27",-72.3%,"240,17",-21.1%
VeraCruz,Disponível,269.0,13,7891158103438,Rubenti 200mg 30 cápsulas duras de liberação prolongada,"152,77","63,40",-58.5%,"120,46",-21.1%
VeraCruz,Disponível,269.0,13,7896004705743,Xarope Expectuss 30mg/5ml Adulto 100ml,"33,70","32,02",-5.0%,"30,42",-9.7%
VeraCruz,Disponível,269.0,13,7896094918139,Benegrip Multi Noite 20 comprimidos,"45,99","43,23",-6.0%,"41,07",-10.7%
VeraCruz,Disponível,269.0,12,7898430192524,Myrafer 400mg 30 comprimidos revestidos,"66,14","58,86",-11.0%,"55,92",-15.5%
VeraCruz,Disponível,269.0,12,7896212409457,Analgésico Tylenol Criança 32mg/ml Sabor Frutas 60ml,"56,33","43,94",-22.0%,"41,74",-25.9%
VeraCruz,Disponível,269.0,12,5060632506146,Actonel Chronos 35mg 4 comprimidos revestidos de liberação retardada,"271,82","72,49",-73.3%,"206,59",-24.0%
VeraCruz,Disponível,269.0,13,7896261000445,Cataflam D 50mg 20 comprimidos dispersíveis,"55,24","49,16",-11.0%,"46,70",-15.5%
VeraCruz,Disponível,269.0,12,7898430191244,Suplemento Alimentar UroCran Cranberry 500mg 30 Cápsulas,0,0,0,0,0
VeraCruz,Disponível,269.0,12,7898133136450,Varivax 100mg 30 comprimidos,"38,90","23,73",-39.0%,"22,54",-42.1%
VeraCruz,Disponível,269.0,12,7897337705837,"Solução Oftálmica Timoptol 0,5% 5ml","24,04","21,88",-9.0%,"20,79",-13.5%
VeraCruz,Disponível,268.0,12,7898029550353,Acertanlo 14mg + 10mg 30 comprimidos,"154,44","51,48",-66.7%,"146,72",-5.0%
VeraCruz,Disponível,268.0,13,8902220106079,Azukon MR 30mg 30 Comprimidos,"22,60","16,72",-26.0%,"15,88",-29.7%
VeraCruz,Disponível,268.0,13,7896658024887,"Dastene 0,5mg 30 cápsulas moles","130,54","58,75",-55.0%,"111,62",-14.5%
VeraCruz,Disponível,268.0,13,7896094210424,Ceci 2mg + 1mg 28 comprimidos revestidos,"103,71","81,93",-21.0%,"77,83",-25.0%
VeraCruz,Disponível,268.0,14,7896181907275,Vasogard 50mg 30 comprimidos,"32,09","26,63",-17.0%,"25,30",-21.2%
VeraCruz,Disponível,268.0,12,7891010255862,Tylenol DC 1g Multiplas Dores 4 comprimidos,0,0,0,0,0
VeraCruz,Disponível,268.0,12,7896112492740,Triazol 150mg 1 cápsula,"38,64","33,62",-13.0%,"31,94",-17.3%
VeraCruz,Disponível,268.0,12,7896112422136,"Novanlo 2,5mg 30 comprimidos","78,79","63,82",-19.0%,"60,63",-23.0%
VeraCruz,Disponível,268.0,12,7896241248430,Lipless 100mg 30 comprimidos,"126,80","63,40",-50.0%,"120,46",-5.0%
VeraCruz,Disponível,268.0,14,7896255766333,Duphaston 10mg 28 comprimidos revestidos,"83,79","71,22",-15.0%,"67,66",-19.3%
VeraCruz,Indisponível,268.0,12,0,Gel para Higiene dos Olhos Blephagel 40g,0,0,0,0,0
VeraCruz,Disponível,268.0,13,7896523209364,Loção Pediletan 1% 60ml + Pente Fino,"31,14","20,55",-34.0%,"19,52",-37.3%
VeraCruz,Disponível,268.0,13,7896094201507,Plurair 50mcg/dose Spray 60 doses 6ml,0,0,0,0,0
VeraCruz,Disponível,267.0,13,7896015593216,Sal de Frutas Eno Tônica 100g,"30,73","23,97",-22.0%,"22,77",-25.9%
VeraCruz,Disponível,267.0,13,7896241252420,"Drenison N 0,125mg/g + 0,35mg/g Pomada 30g","45,36","38,56",-15.0%,"36,63",-19.2%
VeraCruz,Disponível,267.0,13,7896714274652,Peridal 10mg 60 comprimidos,"53,56","50,35",-6.0%,"47,83",-10.7%
VeraCruz,Disponível,267.0,14,7896637033589,Arpadol 400mg 30 comprimidos revestidos,0,0,0,0,0
VeraCruz,Disponível,267.0,14,7897337716307,Mercilon 150mcg + 20mcg 21 comprimidos,"65,51","45,86",-30.0%,"43,57",-33.5%
VeraCruz,Disponível,267.0,13,7896658027802,ProVance Aché Sabor Limão 10 Comprimidos Mastigáveis,"47,90","47,90",-0.0%,"45,51",-5.0%
VeraCruz,Disponível,267.0,12,7896548133613,"Solução Oftálmica Claroft 0,12mg/ml 15ml",0,0,0,0,0
VeraCruz,Disponível,267.0,13,7891142982155,Coristina D Pro 8 comprimidos,"25,49","23,71",-7.0%,"22,52",-11.7%
VeraCruz,Disponível,267.0,12,7891106001946,Aspirina Prevent 100mg 30 comprimidos revestidos,"24,47","20,80",-15.0%,"19,76",-19.2%
VeraCruz,Disponível,267.0,14,7898040320973,Abrilar 7mg/ml Xarope 100ml,"49,77","44,30",-11.0%,"42,09",-15.4%
VeraCruz,Disponível,267.0,14,7896206402396,Crestor 20mg 30 comprimidos revestidos,"404,06","134,69",-66.7%,"383,86",-5.0%
VeraCruz,Disponível,267.0,12,7897406119879,"Cutisanol 1,5mg/g + 45mg/g Gel 100g","73,73","60,46",-18.0%,"57,44",-22.1%
VeraCruz,Disponível,267.0,15,7896070600447,Fenergan 25mg 20 comprimidos revestidos,"19,97","17,97",-10.0%,"17,07",-14.5%
VeraCruz,Disponível,266.0,13,7891721023422,Flexive CDM Creme 25g,"56,58","51,49",-9.0%,"48,92",-13.5%
VeraCruz,Disponível,266.0,13,7896658008788,Levoid 75mcg 30 comprimidos,"21,55","18,10",-16.0%,"17,20",-20.2%
VeraCruz,Disponível,266.0,14,7896714274805,Ibufran 400mg 8 cápsulas líquidas,"25,19","10,83",-57.0%,"10,29",-59.2%
VeraCruz,Disponível,266.0,12,7898956544579,Suplemento para Gestantes Regenesis 30 Cápsulas Moles,"149,90","69,71",-53.5%,"132,44",-11.6%
VeraCruz,Disponível,266.0,12,7894916207546,Somalgin Cardio 325mg 32 comprimidos revestidos de dupla camada,0,0,0,0,0
VeraCruz,Disponível,266.0,12,7898040329570,Floratil 200mg 4 envelopes com 1g cada,"39,75","35,38",-11.0%,"33,61",-15.4%
VeraCruz,Disponível,266.0,12,8902220116214,Neblock 5mg 60 comprimidos,"109,22","80,82",-26.0%,"76,78",-29.7%
VeraCruz,Disponível,266.0,13,7896316301008,"Cyclofemina 25mg + 5mg Solução Injetável 1 ampola com 0,5ml",0,0,0,0,0
VeraCruz,Disponível,266.0,12,7896094921429,Buscopan 10mg 20 drágeas,"28,49","24,79",-13.0%,"23,55",-17.3%
VeraCruz,Disponível,266.0,12,7896093000217,"Descongestionante Inalante Vick Bastão 0,5g","22,98","22,98",-0.0%,"21,83",-5.0%
VeraCruz,Disponível,266.0,13,7896083400164,Cáscara Sagrada 75mg 45 Cápsulas Duras,"58,90","58,90",-0.0%,"55,96",-5.0%
VeraCruz,Disponível,266.0,14,7896212425037,Invokana 100mg 30 comprimidos revestidos,"232,96","62,90",-73.0%,"179,27",-23.0%
VeraCruz,Disponível,265.0,13,-,"Ablok Plus 50mg + 12,5mg 30 comprimidos","48,41","39,21",-19.0%,"37,25",-23.1%
VeraCruz,Disponível,265.0,12,7898029556829,"Natrilix SR 1,5mg 30 comprimidos revestidos de liberação prolongada","60,69","47,95",-21.0%,"45,55",-24.9%
VeraCruz,Disponível,265.0,13,7898040321253,Dolamin Flex 125mg + 5 mg 15 comprimidos revestidos,"67,86","59,72",-12.0%,"56,73",-16.4%
VeraCruz,Disponível,265.0,14,7896094916845,Fluviral Noite 20 comprimidos,"35,11","33,35",-5.0%,"31,68",-9.8%
VeraCruz,Disponível,265.0,12,7896548168745,Solução Oftálmica Azopt 10mg/ml 5ml,"111,22","92,31",-17.0%,"87,69",-21.2%
VeraCruz,Disponível,265.0,12,7897595900722,Clorana 50mg 20 comprimidos,"16,15","13,24",-18.0%,"12,58",-22.1%
VeraCruz,Disponível,265.0,12,7891317031268,Probiótico 20 Bí 10 Cápsulas com 335mg,"69,90","55,92",-20.0%,"53,12",-24.0%
VeraCruz,Disponível,265.0,13,7897947601734,Cimegripe Muc 600mg + 1g 10 comprimidos efervescentes,"15,25","23,50",-0.0%,"22,33",-0.0%
VeraCruz,Disponível,264.0,13,-,Succinato de Solifenacina 10mg Ranbaxy 30 comprimidos revestidos,0,0,0,0,0
VeraCruz,Disponível,264.0,13,7896015592769,Advil 600mg 12 Horas 12 comprimidos revestidos de liberação prolongada,"40,31","32,65",-19.0%,"31,02",-23.0%
VeraCruz,Indisponível,264.0,13,0,Suplemento Vitamínico Ad-Til 20ml,0,0,0,0,0
VeraCruz,Disponível,264.0,13,7896094926646,Vabam 20mg 15 comprimidos revestidos,0,0,0,0,0
VeraCruz,Disponível,264.0,12,7896181907534,Vasogard 100mg 60 comprimidos,"93,67","74,00",-21.0%,"70,30",-24.9%
VeraCruz,Disponível,264.0,14,7891268117127,Lípitor 20mg 30 comprimidos revestidos,0,0,0,0,0
VeraCruz,Disponível,264.0,14,7896714203768,Flavonid 450mg + 50mg 30 comprimidos revestidos,"109,88","49,45",-55.0%,"46,98",-57.2%
VeraCruz,Disponível,264.0,13,7896015520533,Antiácido Sonrisal Sabor Tradicional 2 comprimidos efervescentes,"3,22","2,54",-21.1%,"2,41",-25.2%
VeraCruz,Disponível,264.0,14,7896094917477,Gel Hidratante Intravaginal Lubrinat 1 Bisnaga 30g + 10 Aplicadores Descartáveis,0,0,0,0,0
VeraCruz,Disponível,264.0,13,7891721044137,Glifage 1g 30 comprimidos revestidos,"57,97","46,38",-20.0%,"44,06",-24.0%
VeraCruz,Disponível,264.0,14,7896472501823,Multigrip 20 cápsulas gelatinosas duras,"31,26","21,57",-31.0%,"20,49",-34.5%
VeraCruz,Disponível,264.0,14,7896212428861,Analgésico Tylenol Bebê 100mg/ml Sabor Frutas 15ml + Seringa Dosadora,"57,61","48,97",-15.0%,"46,52",-19.3%
VeraCruz,Disponível,264.0,13,7896226505299,Bonviva 150mg 1 comprimido revestido,"360,90","97,44",-73.0%,"277,71",-23.1%
VeraCruz,Disponível,264.0,13,7891317015060,Kóide D Xarope 120ml + copo medidor,"52,41","48,22",-8.0%,"45,81",-12.6%
VeraCruz,Disponível,264.0,12,7896641804397,Kaloba 825mg/ml Gotas 50ml,"164,85","71,71",-56.5%,"136,25",-17.3%
VeraCruz,Disponível,264.0,14,7896094211025,Lenços Nasais Umedecidos Salsep Kids 30un,0,0,0,0,0
VeraCruz,Disponível,264.0,13,7898216367580,Elprazol 20mg 56 cápsulas duras de liberação retardada,0,0,0,0,0
VeraCruz,Disponível,264.0,12,7898948648605,Ogestan Gold 90 cápsulas,"333,70","102,33",-69.3%,"291,65",-12.6%
VeraCruz,Disponível,264.0,13,7899620910478,Novoprazol 20mg 28 cápsulas,"15,52","7,14",-54.0%,"6,78",-56.3%
VeraCruz,Disponível,263.0,12,7896227800881,Adesivos Salonpas Pequeno 4un,"4,98","4,33",-13.1%,"4,11",-17.5%
VeraCruz,Disponível,263.0,13,7898074610880,Spidufen 1155mg Sabor Menta Anis com 10 Envelopes de 3g cada,"55,37","48,17",-13.0%,"45,76",-17.4%
VeraCruz,Disponível,263.0,14,7896015592349,Antiácido Eno Pastilhas Mastigáveis 500mg Sabor Menta 4un,"8,90","6,76",-24.0%,"6,42",-27.9%
VeraCruz,Disponível,263.0,13,7898581710622,Ferinject 50mg/ml 1 ampola com 10ml,"823,86","216,95",-73.7%,"618,31",-24.9%
VeraCruz,Disponível,263.0,13,7896206402082,"Atacand HCT 16mg + 12,5mg 30 comprimidos",0,0,0,0,0
VeraCruz,Disponível,263.0,13,7896658001666,Tandrilax Aché 30 comprimidos,"37,16","33,82",-9.0%,"32,13",-13.5%
VeraCruz,Disponível,263.0,12,7896637024365,Colchis 1mg 30 comprimidos,"98,46","82,71",-16.0%,"78,57",-20.2%
VeraCruz,Disponível,263.0,13,7891317023898,Gázia 40mg 28 comprimidos gastrorresistentes,"53,40","46,46",-13.0%,"44,14",-17.3%
VeraCruz,Disponível,263.0,13,7897316805411,"Solução Oftálmica Lumigan RC 0,01% 5ml",0,0,0,0,0
VeraCruz,Disponível,262.0,12,7891058168049,Antialérgico Allegra 120mg 10 comprimidos revestidos,"59,90","50,92",-15.0%,"48,37",-19.2%
VeraCruz,Disponível,262.0,12,7898040321550,Gynopac 4 comprimidos + Creme Ginecológico 35g + 7 aplicadores,"134,51","58,51",-56.5%,"111,17",-17.4%
VeraCruz,Disponível,262.0,12,7896006280507,Topcoid 500 Gel 5mg/ml 40g,"36,06","36,06",-0.0%,"34,26",-5.0%
VeraCruz,Disponível,262.0,15,7895858010331,Zyloric 300mg 30 comprimidos,0,0,0,0,0
VeraCruz,Disponível,262.0,14,7898956544579,Suplemento Vitamínico Regenesis Para Gestantes 60 Cápsulas Moles,"149,90","69,71",-53.5%,"132,44",-11.6%
VeraCruz,Disponível,262.0,14,7896004754123,"Micropil 0,075mg + 0,030mg 63 comprimidos revestidos","86,80","71,18",-18.0%,"67,62",-22.1%
VeraCruz,Disponível,261.0,13,7896112427469,Listo 8mg 10 comprimidos de desintegração oral,0,0,0,0,0
VeraCruz,Disponível,261.0,13,7896112436102,Flavenos 450mg + 50mg 30 comprimidos revestidos,"92,05","73,64",-20.0%,"69,96",-24.0%
VeraCruz,Disponível,261.0,13,7891058021597,Anador 500mg 24 comprimidos,"29,98","25,78",-14.0%,"24,49",-18.3%
VeraCruz,Disponível,261.0,12,7891142118080,Analgésico Calminex Ice Aerossol 170g,"86,99","73,94",-15.0%,"70,24",-19.3%
VeraCruz,Disponível,261.0,14,7891058000165,Analgésico Novalgina 500mg/ml 20ml,"32,44","29,20",-10.0%,"27,74",-14.5%
VeraCruz,Disponível,261.0,13,-,Vagifem 10mcg 18 comprimidos vaginais com aplicadores individuais,"156,12","66,35",-57.5%,"126,07",-19.2%
VeraCruz,Disponível,261.0,14,7896658027123,"Trezete 10mg + 10mg Aché, 30 comprimidos","94,40","78,35",-17.0%,"74,43",-21.2%
VeraCruz,Disponível,260.0,15,7896637023580,Uro-Vaxom 6mg 30 cápsulas,"169,20","74,45",-56.0%,"141,46",-16.4%
VeraCruz,Disponível,260.0,13,7898040322205,"Reduclim 2,5mg 35 comprimidos",0,0,0,0,0
VeraCruz,Disponível,260.0,14,7896676414530,Helleva 80mg 2 comprimidos,"64,48","56,74",-12.0%,"53,90",-16.4%
VeraCruz,Disponível,260.0,13,7896658003554,"Decadron 0,5mg/5ml Elixir Sabor Cereja e Menta 120ml","36,19","32,21",-11.0%,"30,60",-15.4%
VeraCruz,Disponível,260.0,13,7896094208933,Vatis 150mg 60 comprimidos revestidos,"91,71","73,37",-20.0%,"69,70",-24.0%
VeraCruz,Disponível,260.0,13,7891106913683,Flanax 275mg 8 comprimidos,"14,98","14,08",-6.0%,"13,38",-10.7%
VeraCruz,Disponível,260.0,12,7897572000933,"Sandrena 0,1mg Gel 28 sachês com 1g","94,72","76,72",-19.0%,"72,88",-23.1%
VeraCruz,Disponível,260.0,13,7896523206271,Spray Ciflogex Sabor Mel 30ml,"32,18","19,31",-40.0%,"18,34",-43.0%
VeraCruz,Disponível,260.0,14,7896082900276,"Solução Nasal Sinustrat 9,0mg/ml 30ml","31,76","24,46",-23.0%,"23,24",-26.8%
VeraCruz,Disponível,260.0,12,8902220114180,"Iccor 2,5mg 30 comprimidos revestidos",0,0,0,0,0
VeraCruz,Disponível,260.0,13,7891106001762,Gino-Canesten 6 Dias Creme 35g + 6 aplicadores,"92,96","79,95",-14.0%,"75,95",-18.3%
VeraCruz,Disponível,260.0,12,7891106001755,Gino Canesten 1 Dia 500mg 1 comprimido vaginal + 1 aplicador,"104,90","99,66",-5.0%,"94,68",-9.7%
VeraCruz,Disponível,260.0,14,7898926572113,Spray Nasal Aquoso Nasonex 120 doses 17ml,"70,46","60,60",-14.0%,"57,57",-18.3%
VeraCruz,Disponível,259.0,14,7896641806414,Siilif 100mg 60 comprimidos revestidos,"197,50","52,01",-73.7%,"148,23",-24.9%
VeraCruz,Disponível,259.0,15,7896112411512,"Ablok Plus 50mg + 12,5mg 60 comprimidos","96,85","75,54",-22.0%,"71,76",-25.9%
VeraCruz,Disponível,259.0,13,7891721029394,Citoneurin 5.000 100mg + 100mg + 5.000mcg 60 drágeas,"199,85","74,95",-62.5%,"142,40",-28.7%
VeraCruz,Disponível,259.0,13,7896181909101,Betalor 5mg + 50mg 30 cápsulas,"89,76","71,81",-20.0%,"68,22",-24.0%
VeraCruz,Disponível,259.0,12,7891317411909,Percof 6mg/ml 120ml,"46,63","41,50",-11.0%,"39,43",-15.4%
VeraCruz,Disponível,259.0,12,7896269955204,Seretide Spray 25mcg + 125mcg/dose Suspensão Aerossol 120 doses + válvula dosadora,"194,05","66,95",-65.5%,"127,20",-34.4%
VeraCruz,Disponível,259.0,13,7896094999954,Buscofem 400mg 20 cápsulas,"57,48","47,13",-18.0%,"44,77",-22.1%
VeraCruz,Disponível,259.0,14,7896094206502,Venzer 16mg 30 comprimidos,"89,79","68,24",-24.0%,"64,83",-27.8%
VeraCruz,Disponível,259.0,12,7891317015053,Kóide Elixir 120ml + copo medidor,0,0,0,0,0
VeraCruz,Disponível,258.0,13,7896006240105,Creme Dermatológico Clotrimix 10mg/g 20g,0,0,0,0,0
VeraCruz,Disponível,258.0,12,7891317123543,Ésio 20mg 28 comprimidos revestidos,"97,41","79,88",-18.0%,"75,89",-22.1%
VeraCruz,Disponível,258.0,13,7896006261810,Regulador Intestinal 20 Bí 5 Cápsulas com 335mg,0,0,0,0,0
VeraCruz,Disponível,258.0,12,7898040328535,Varicell Phyto 500mg 30 cápsulas,"63,44","50,12",-21.0%,"47,61",-25.0%
VeraCruz,Disponível,258.0,13,7896094201033,Diminut 75mcg + 20mcg 63 comprimidos revestidos,"126,19","94,64",-25.0%,"89,91",-28.8%
VeraCruz,Disponível,258.0,12,7893353041393,Buscoveran Composto 10ml,0,0,0,0,0
VeraCruz,Disponível,258.0,13,7500435188050,Vick Pyrena Grip-7 10 Cápsulas,0,0,0,0,0
VeraCruz,Disponível,258.0,13,7898029558755,Vastarel Caps LP 80mg 30 cápsulas duras de liberação prolongada,"218,34","72,78",-66.7%,"207,42",-5.0%
VeraCruz,Disponível,258.0,13,8902220109582,Rosucor 10mg 60 comprimidos revestidos,"84,36","59,90",-29.0%,"56,91",-32.5%
VeraCruz,Disponível,258.0,12,7896094914971,Atrofem 10 cápsulas moles,0,0,0,0,0
VeraCruz,Disponível,258.0,13,7896685300626,Gamax 980mg 15 cápsulas,0,0,0,0,0
VeraCruz,Disponível,258.0,13,7891058021740,Anador 500mg 4 comprimidos,"5,64","4,74",-16.0%,"4,50",-20.2%
VeraCruz,Disponível,258.0,12,7896317907292,Nevrix IM 100mg/2ml + 100mg/2ml + 5mg/2ml Solução Injetável 3 ampolas com 2ml cada,"26,63","24,50",-8.0%,"23,28",-12.6%
VeraCruz,Disponível,258.0,13,7896523207681,Ambroxmel 30mg/5ml Xarope Sabor Mel e Eucalipto 120ml,"27,94","18,44",-34.0%,"17,52",-37.3%
VeraCruz,Disponível,257.0,12,7898908753172,Traumeel S Pomada 50g,"91,90","81,79",-11.0%,"77,70",-15.5%
VeraCruz,Disponível,257.0,13,7896241248287,"Level 0,10mg + 0,02mg 21 comprimidos revestidos","30,52","24,11",-21.0%,"22,90",-25.0%
VeraCruz,Disponível,257.0,12,7897316805558,"Pred Mild 0,12% 5ml",0,0,0,0,0
VeraCruz,Disponível,257.0,14,7897129303654,Aloxidil 50mg/ml Spray Capilar 50ml,0,0,0,0,0
VeraCruz,Disponível,257.0,12,300651361070,Solução de Desinfecção Multipropósito Opti-Free Puremoist 300ml + 120ml + Estojo de Lentes,"86,45","72,89",-15.7%,"69,25",-19.9%
VeraCruz,Disponível,257.0,12,7891317432461,Musculare 5mg 30 comprimidos,0,0,0,0,0
VeraCruz,Disponível,257.0,12,7896382707070,Livalo 2mg 30 comprimidos revestidos,"148,66","52,03",-65.0%,"98,86",-33.5%
VeraCruz,Disponível,257.0,12,7896026304306,"Micardis HCT 40mg + 12,5mg 30 comprimidos","233,15","77,72",-66.7%,"221,49",-5.0%
VeraCruz,Disponível,257.0,13,7894916550086,Isordil 10mg 30 comprimidos,"13,91","11,41",-18.0%,"10,84",-22.1%
VeraCruz,Disponível,257.0,12,7898100244560,Gripalcê Uno Bebê Sabor Cereja 15ml,0,0,0,0,0
VeraCruz,Disponível,257.0,12,7896862991937,Deltametril D 4% Emulsão Capilar 100ml,0,0,0,0,0
VeraCruz,Disponível,257.0,12,7897129301506,Hixizine 2mg/ml Xarope 120ml,"64,32","53,39",-17.0%,"50,72",-21.1%
VeraCruz,Disponível,256.0,12,7896658006050,Diosmin 450mg + 50mg 60 comprimidos revestidos,"148,35","74,18",-50.0%,"140,93",-5.0%
VeraCruz,Disponível,256.0,12,7896255717717,Teolong 100mg 30 cápsulas com microgrânulos de liberação prolongada,"26,04","22,39",-14.0%,"21,27",-18.3%
VeraCruz,Disponível,256.0,12,7896093002457,Pastilhas Vick Drops Sabor Artificial de Laranja 10g,0,0,0,0,0
VeraCruz,Disponível,256.0,15,7896004803456,Solução Nasal Naridrin 15ml,"24,01","14,89",-38.0%,"14,15",-41.1%
VeraCruz,Disponível,256.0,12,7896004728704,Suavicid Legrand Bisnaga com 30g,"224,52","71,10",-68.3%,"202,63",-9.7%
VeraCruz,Disponível,256.0,14,7891058008635,Analgésico Novalgina 500mg 10 comprimidos,"46,94","43,65",-7.0%,"41,47",-11.7%
VeraCruz,Disponível,256.0,12,7896006248316,Histadin D 5mg + 120mg 12 comprimidos revestidos,"58,55","49,77",-15.0%,"47,28",-19.2%
VeraCruz,Disponível,256.0,12,7899470802565,Buscoplex Composto Gotas 20ml,"15,44","15,44",-0.0%,"14,67",-5.0%
VeraCruz,Disponível,256.0,12,7896070601765,Profenid Entérico 100mg 20 comprimidos revestidos,"84,77","72,90",-14.0%,"69,26",-18.3%
VeraCruz,Disponível,256.0,13,7896658005930,Xarope Transpulmin 200mg/15ml Sabor Menta 150ml,"47,82","43,04",-10.0%,"40,89",-14.5%
VeraCruz,Disponível,255.0,14,7891317124236,Holmes H 40mg + 25mg 30 comprimidos,"90,04","69,33",-23.0%,"65,86",-26.9%
VeraCruz,Disponível,255.0,13,7896714210018,Doralgina Neo Química 20 drágeas,"36,46","19,32",-47.0%,"18,35",-49.7%
VeraCruz,Disponível,255.0,13,7896269955372,Seretide Spray 25mcg + 250mcg/dose Suspensão Aerossol 120 doses + válvula dosadora,"315,29","105,10",-66.7%,"299,53",-5.0%
VeraCruz,Disponível,255.0,13,7891106915410,Gino-Canesten Balance 7 bisnagas aplicadoras 5ml cada,"79,90","79,90",-0.0%,"75,91",-5.0%
VeraCruz,Disponível,255.0,13,7898074616073,Fluimucil 100mg/ml Solução Injetável 5 ampolas com 3ml cada,"37,71","32,05",-15.0%,"30,45",-19.3%
VeraCruz,Disponível,255.0,14,7896658038266,"Nienza 6,25mg 30 comprimidos",0,0,0,0,0
VeraCruz,Disponível,255.0,13,7896714214573,Neolefrin Xarope Sabor Cereja Neo Química 60ml,"26,08","21,91",-16.0%,"20,81",-20.2%
VeraCruz,Disponível,255.0,15,7896015591946,Leite de Magnésia Eno Tradicional 350ml,"30,90","25,03",-19.0%,"23,78",-23.0%
VeraCruz,Disponível,255.0,12,7894916500548,Neutrofer 150mg 30 comprimidos revestidos,"35,76","31,47",-12.0%,"29,90",-16.4%
VeraCruz,Disponível,255.0,12,7896523216812,"Diad 1,5mg 1 comprimido","22,82","7,76",-66.0%,"7,37",-67.7%
VeraCruz,Disponível,255.0,12,7897851221158,Capilarema 75mg 60 comprimidos,"119,66","95,73",-20.0%,"90,94",-24.0%
VeraCruz,Disponível,255.0,12,7891317465650,"Selene 0,035mg + 2mg 63 comprimidos revestidos","76,32","61,82",-19.0%,"58,73",-23.0%
VeraCruz,Disponível,255.0,15,7896241293737,Vaslip 10mg 30 comprimidos revestidos,"28,33","21,81",-23.0%,"20,72",-26.9%
VeraCruz,Disponível,255.0,12,7896226500515,Prolopa 200/50mg 30 comprimidos,"131,36","55,17",-58.0%,"104,82",-20.2%
VeraCruz,Disponível,255.0,14,7898593052888,Flucetil 600mg 16 Envelopes de 5g,0,0,0,0,0
VeraCruz,Disponível,254.0,13,7898569765828,Vitamina D3 50.000UI Althaia 10 Cápsulas Moles,0,0,0,0,0
VeraCruz,Disponível,254.0,14,7898040329587,Floratil 200mg 6 envelopes com 1g cada,"51,86","46,16",-11.0%,"43,85",-15.4%
VeraCruz,Disponível,254.0,15,4987188568712,Bye Bye Fever para Bebês 0 a 2 Anos 2 unidades,"15,90","12,72",-20.0%,"12,08",-24.0%
VeraCruz,Disponível,254.0,15,7891142142252,Diprospan 5mg/ml + 2mg/ml 1 ampola com 1ml + seringa dosadora,"50,60","45,54",-10.0%,"43,26",-14.5%
VeraCruz,Disponível,254.0,13,7891721016813,Mesidox 2mg 30 comprimidos,0,0,0,0,0
VeraCruz,Disponível,254.0,12,7891142982971,Coristina D Congest Xarope Sabor Uva 120ml,"21,99","20,89",-5.0%,"19,85",-9.7%
VeraCruz,Disponível,254.0,12,7896641812811,Inzelm 20mg 30 Comprimidos Revestidos,"254,48","71,25",-72.0%,"203,07",-20.2%
VeraCruz,Disponível,254.0,13,7896112148852,Beneum 300mg 30 comprimidos revestidos,"35,19","28,15",-20.0%,"26,74",-24.0%
VeraCruz,Disponível,254.0,12,7891142205490,Alivium GC 200mg/ml Sabor Tutti Frutti 20ml,"62,39","58,02",-7.0%,"55,12",-11.7%
VeraCruz,Disponível,254.0,14,7896094203266,"Naprix D 5mg + 12,5mg 30 cápsulas duras","77,47","58,10",-25.0%,"55,20",-28.7%
VeraCruz,Disponível,253.0,15,7896004817569,Bálsamo Bengué Pomada 20g,"28,41","22,16",-22.0%,"21,05",-25.9%
VeraCruz,Disponível,253.0,13,-,Librene Diu Cobre e Prata Tamanho Mini TCU380AG,0,0,0,0,0
VeraCruz,Disponível,253.0,12,7898956544579,Suplemento para Gestantes Regenesis Premium 60 Cápsulas Moles,"149,90","69,71",-53.5%,"132,44",-11.6%
VeraCruz,Disponível,253.0,13,7896714231143,"Neosoro 0,5mg/ml 30ml","12,14","4,86",-60.0%,"4,62",-61.9%
VeraCruz,Disponível,253.0,12,7896112424147,Triazol 150mg 4 cápsula,0,0,0,0,0
VeraCruz,Disponível,253.0,12,7891058431037,Luftal 40mg 20 comprimidos,"26,28","21,02",-20.0%,"19,97",-24.0%
VeraCruz,Disponível,253.0,13,7891058003029,Lantus Solostar 100UI/ml 1 carpule com 3ml + 1 sistema aplicador,"125,06","51,90",-58.5%,"98,61",-21.1%
VeraCruz,Disponível,253.0,14,7896094921511,"Ivevi 2,5mg 28 comprimidos revestidos",0,0,0,0,0
VeraCruz,Disponível,253.0,12,7897129300769,"Therapsor 0,5mg/ml Solução Capilar 25ml",0,0,0,0,0
VeraCruz,Disponível,253.0,12,7891721201943,"Elpenzo 10mg, 30 Comprimidos Revestidos",0,0,0,0,0
VeraCruz,Disponível,253.0,14,7898029550339,Acertanlo 7mg + 5mg 30 comprimidos,"89,22","89,22",-0.0%,"84,76",-5.0%
VeraCruz,Disponível,253.0,15,7896641812767,Inzelm 10mg 30 comprimidos revestidos,"234,11","65,55",-72.0%,"186,82",-20.2%
VeraCruz,Disponível,253.0,12,7896083400928,Isoflavine 150mg 30 comprimidos,"150,82","64,10",-57.5%,"121,79",-19.2%
VeraCruz,Disponível,253.0,12,7891106913997,"Microvlar 0,15mg + 0,03mg 21 drágeas","11,07","8,41",-24.0%,"7,99",-27.8%
VeraCruz,Disponível,252.0,12,7898029552135,Diamicron MR 30mg 60 comprimidos de liberação prolongada,0,0,0,0,0
VeraCruz,Disponível,252.0,13,7898100240777,Tyflen 200mg/ml 15ml,0,0,0,0,0
VeraCruz,Disponível,252.0,14,7894916501736,"Neutrofer Fólico 250mg/ml + 0,2mg/ml Gotas 30ml","64,36","58,57",-9.0%,"55,64",-13.5%
VeraCruz,Disponível,252.0,13,7898430194122,Lavagem Nasal Nasoar XT 15 sachês + frasco aplicador,"72,90","62,69",-14.0%,"59,56",-18.3%
VeraCruz,Disponível,252.0,14,7891142128744,Cizax 5mg 10 comprimidos,0,0,0,0,0
VeraCruz,Disponível,252.0,13,7896637022774,"Moment 0,25mg/g Creme 50g","96,09","86,48",-10.0%,"82,16",-14.5%
VeraCruz,Disponível,252.0,12,7894916508506,"Concárdio 2,5mg 30 comprimidos revestidos","69,66","69,66",-0.0%,"66,18",-5.0%
VeraCruz,Disponível,252.0,14,7896112122432,Diurix 25mg 30 comprimidos,"4,89","1,96",-59.9%,"1,86",-62.0%
VeraCruz,Disponível,252.0,14,7899547500233,Orlistate 120mg Prati 42 cápsulas duras,"193,36","56,08",-71.0%,"106,54",-44.9%
VeraCruz,Disponível,252.0,14,7896094207776,Stanglit 45mg 30 comprimidos,"245,52","59,74",-75.7%,"170,27",-30.6%
VeraCruz,Disponível,251.0,13,7896046303013,Epitegel 50mg/g Gel Oftálmico 10g,"58,81","49,40",-16.0%,"46,93",-20.2%
VeraCruz,Disponível,251.0,13,7896658037009,Allestra 30 75mcg + 30mcg 21 comprimidos,"40,30","33,85",-16.0%,"32,16",-20.2%
VeraCruz,Disponível,251.0,12,7896714292144,Pepsamar 230mg Sabor Menta 50 comprimidos mastigáveis,"41,89","38,96",-7.0%,"37,01",-11.6%
VeraCruz,Disponível,251.0,13,7891158100901,Lipidil 200mg 30 cápsulas,"200,10","52,03",-74.0%,"148,28",-25.9%
VeraCruz,Disponível,251.0,13,7896112448358,"Level 0,10mg + 0,02mg 63 comprimidos revestidos","91,64","70,56",-23.0%,"67,03",-26.9%
VeraCruz,Disponível,251.0,13,7896004705385,Allexofedrin 180mg 10 comprimidos revestidos,"92,55","55,53",-40.0%,"52,75",-43.0%
VeraCruz,Disponível,251.0,12,7894916508377,Brasart HCT 320mg + 25mg 30 comprimidos revestidos,"114,74","57,37",-50.0%,"109,00",-5.0%
VeraCruz,Disponível,251.0,13,7897337713450,Desalex 5mg 10 comprimidos revestidos,"84,49","71,82",-15.0%,"68,23",-19.2%
VeraCruz,Disponível,251.0,12,7896382700576,Humulin R 1000UI 10ml,0,0,0,0,0
VeraCruz,Disponível,251.0,12,7898029550766,Daflon Flex 1000mg FFPM 30 envelopes,"189,20","63,07",-66.7%,"179,74",-5.0%
VeraCruz,Disponível,250.0,13,7897411600386,"Benicar Triplo 20mg/12,5mg/5mg 30 comprimidos revestidos",0,0,0,0,0
VeraCruz,Disponível,250.0,13,7896046302047,Liposic Gel Oftálmico Estério 10g,"57,11","45,69",-20.0%,"43,41",-24.0%
VeraCruz,Disponível,250.0,13,7897337712927,Xarope Desalex 60ml,"67,60","61,52",-9.0%,"58,44",-13.6%
VeraCruz,Disponível,250.0,13,7896637033343,Meclin Jet 25mg 10 comprimidos mastigáveis,"18,93","16,85",-11.0%,"16,01",-15.4%
VeraCruz,Disponível,250.0,13,7891040029556,Protetor Ocular Nexcare Pequeno 20un,"45,45","41,81",-8.0%,"39,72",-12.6%
VeraCruz,Disponível,250.0,13,7896269900303,Betnovate 1mg/g Creme Dermatológico 30g,"57,44","57,44",-0.0%,"54,57",-5.0%
VeraCruz,Disponível,250.0,13,7896523222783,"Fluidificante e Descongestionante Nasal Narix Spray 0,9% 50ml",0,0,0,0,0
VeraCruz,Disponível,250.0,13,7896094916524,Fibras Tamarine Kids Sabor Morango 240ml,"76,90","70,75",-8.0%,"67,21",-12.6%
VeraCruz,Disponível,250.0,12,7896094916241,Lisador Dip 1g 4 comprimidos,"10,90","10,90",-0.0%,"10,36",-5.0%
VeraCruz,Disponível,250.0,13,7896026301367,Xarope Bisolvon 8mg/5ml Adulto Sabor Cereja 120ml,"39,75","33,79",-15.0%,"32,10",-19.2%
VeraCruz,Disponível,250.0,13,7891317018207,Perlatte 9.000 fcc 10 comprimidos,"20,60","17,51",-15.0%,"16,63",-19.3%
VeraCruz,Disponível,249.0,12,7896261012561,Diovan Amlo Fix 320mg + 5mg 28 comprimidos revestidos,"176,33","58,78",-66.7%,"167,51",-5.0%
VeraCruz,Disponível,249.0,12,7897337716567,"Nuvaring 11,7mg + 2,7mg 1 sachê com 1 anel de uso ginecológico","121,24","98,20",-19.0%,"93,29",-23.1%
VeraCruz,Disponível,249.0,13,5702191025538,Advantan 1mg/ml Solução Capilar 20ml,0,0,0,0,0
VeraCruz,Disponível,249.0,13,7896026304016,Micardis HCT 80mg + 25mg 30 comprimidos,0,0,0,0,0
VeraCruz,Disponível,249.0,12,7898100243143,Xarope Ambrol Pediátrico Sabor Framboesa e Baunilha 100ml,0,0,0,0,0
VeraCruz,Disponível,249.0,15,7891317922580,Holmes 20mg 30 comprimidos revestidos,"51,18","40,94",-20.0%,"38,89",-24.0%
VeraCruz,Disponível,249.0,12,7896658027130,Trezete 20mg + 10mg 30 Comprimidos Revestidos,"133,48","55,40",-58.5%,"105,25",-21.1%
VeraCruz,Disponível,249.0,14,7891317013943,Alurax 2mg 30 Comprimidos,"69,06","60,08",-13.0%,"57,08",-17.3%
VeraCruz,Disponível,249.0,12,7896658027703,Kalist 2mg 28 comprimidos,"66,70","66,70",-0.0%,"63,37",-5.0%
VeraCruz,Disponível,248.0,13,7896112406457,Embo 5mg 20 comprimidos revestidos,"78,92","59,19",-25.0%,"56,23",-28.8%
VeraCruz,Disponível,248.0,13,7898906846494,"Óleo Sachet Pielsana 7,5cm X 7,5cm 3ml","8,50","6,80",-20.0%,"6,46",-24.0%
VeraCruz,Disponível,248.0,12,7896004812168,Xarope Expec Sabor Framboesa e Caramelo 120ml,"51,79","39,36",-24.0%,"37,39",-27.8%
VeraCruz,Disponível,248.0,13,7891142142214,"Diprosalic 0,5mg/g + 30mg/g Pomada Dermatológica 30g",0,0,0,0,0
VeraCruz,Disponível,248.0,14,7896094206380,Naprix 10 mg 30 comprimidos,"85,05","63,79",-25.0%,"60,60",-28.7%
VeraCruz,Disponível,248.0,13,7891106914178,"Yaz Flex 3mg + 0,02mg 30 comprimidos revestidos","145,97","56,20",-61.5%,"106,78",-26.8%
VeraCruz,Disponível,248.0,12,7896094209701,"Descongestionante Nasal Salsep Jet Kids 0,9% Spray Jato Contínuo 100ml",0,0,0,0,0
VeraCruz,Disponível,248.0,12,7896006248927,Betaprospan 5mg/ml 2mg/ml Suspenção Injetável 1 ampola 1ml + seringa + agulha,0,0,0,0,0
VeraCruz,Disponível,248.0,14,7891721002045,"Biconcor 5 5mg + 6,25mg 30 comprimidos revestidos",0,0,0,0,0
VeraCruz,Disponível,248.0,12,7896658002076,Levoid 38mcg 30 comprimidos,"12,26","10,30",-16.0%,"9,79",-20.1%
VeraCruz,Disponível,248.0,13,7897129300509,"Vitacid 0,5mg/g Creme 25g","65,10","55,99",-14.0%,"53,19",-18.3%
VeraCruz,Disponível,248.0,12,7897705202340,Saxenda 6mg/ml 3 carpules com 3ml + 3 sistemas de aplicação,0,0,0,0,0
VeraCruz,Disponível,247.0,13,7897337705868,Renitec 20mg 30 comprimidos,"83,03","65,59",-21.0%,"62,31",-25.0%
VeraCruz,Disponível,247.0,13,7897337716819,Zetia 10mg 30 comprimidos,"125,44","96,59",-23.0%,"91,76",-26.8%
VeraCruz,Disponível,247.0,14,7896523201450,Leite de Magnésia 80mg/ml Sabor Hortelã 120ml,0,0,0,0,0
VeraCruz,Disponível,247.0,12,7896658006760,"Flogoral 1,5mg/ml Sabor Menta 150ml",0,0,0,0,0
VeraCruz,Disponível,247.0,12,7896658009532,Prelone 3mg/ml Sabor Cereja 120ml + 1 pipeta dosadora,"58,44","51,43",-12.0%,"48,86",-16.4%
VeraCruz,Disponível,247.0,12,7891721003042,Clinfar 10mg 30 comprimidos revestidos,"30,28","22,71",-25.0%,"21,57",-28.8%
VeraCruz,Disponível,247.0,13,7898581710523,Noripurum 50mg/ml Gotas 30ml,0,0,0,0,0
VeraCruz,Disponível,247.0,13,7896004760995,Migraliv 12 comprimidos,"21,96","20,20",-8.0%,"19,19",-12.6%
VeraCruz,Disponível,247.0,15,736532751751,Bye Bad 4 cápsulas,"20,90","18,39",-12.0%,"17,47",-16.4%
VeraCruz,Disponível,247.0,13,7892828001344,"Etna 2,5mg + 1,5mg + 1,0mg 20 cápsulas","158,54","70,55",-55.5%,"134,05",-15.4%
VeraCruz,Disponível,247.0,13,7896004732930,Ibuflex 400mg Legrand 8 cápsulas gelatinosas moles,"29,02","11,32",-61.0%,"10,75",-63.0%
VeraCruz,Disponível,246.0,13,7897595903372,Puran T4 112mcg 30 comprimidos,"34,09","24,54",-28.0%,"23,31",-31.6%
VeraCruz,Disponível,246.0,15,7894916500364,Penvir 125mg 10 comprimidos revestidos,"126,63","52,55",-58.5%,"99,85",-21.1%
VeraCruz,Disponível,246.0,13,7896094203044,"Elani 28 3mg + 0,03mg 84 comprimidos revestidos","232,28","54,20",-76.7%,"154,47",-33.5%
VeraCruz,Disponível,246.0,12,7896094928527,Xarope Benetosse 15mg/ml Sabor Cereja 100ml,"36,98","33,28",-10.0%,"31,62",-14.5%
VeraCruz,Disponível,246.0,12,7896261015609,"Exforge HCT 160mg + 12,5mg + 10mg 28 comprimidos revestidos",0,0,0,0,0
VeraCruz,Disponível,246.0,14,7896658052279,Suplemento Alimentar Probid 15 Cápsulas,"51,90","51,90",-0.0%,"49,31",-5.0%
VeraCruz,Disponível,246.0,12,7899095240162,Omenax 20mg 56 cápsulas gelatinosas duras,"27,60","9,38",-66.0%,"8,91",-67.7%
VeraCruz,Disponível,246.0,13,7896241228142,Vaslip 20mg 30 comprimidos revestidos,"48,04","39,87",-17.0%,"37,88",-21.1%
VeraCruz,Disponível,246.0,13,7896269900303,Creme Dermatológico Cetobeta 30g,"57,44","57,44",-0.0%,"54,57",-5.0%
VeraCruz,Disponível,245.0,12,7898948648629,Ogestan Pré 30 cápsulas,"73,90","67,25",-9.0%,"63,89",-13.5%
VeraCruz,Disponível,245.0,13,-,Zetsim 10mg + 20mg 30 comprimidos,"115,79","89,16",-23.0%,"84,70",-26.9%
VeraCruz,Disponível,245.0,13,7891058003180,"Clexane 20mg/0,2ml 2 seringas pré-enchidas de 0,2ml com sistema de segurança",0,0,0,0,0
VeraCruz,Disponível,245.0,13,7896523216461,Pastilha Ciflogex Sabor Cereja 12un,"22,63","19,24",-15.0%,"18,28",-19.2%
VeraCruz,Disponível,245.0,14,7898133139277,Suplemento Hidroeletrolítico Hidrali 45 Laranja 500ml,0,0,0,0,0
VeraCruz,Disponível,245.0,13,7896108001185,Bioginkgo 80mg 45 comprimidos,0,0,0,0,0
VeraCruz,Disponível,244.0,12,7896269900334,Betnovate N 1mg/g + 5mg/g Creme Dermatológica 30g,0,0,0,0,0
VeraCruz,Disponível,244.0,12,7896006210771,Doxaprost 2mg 30 comprimidos,"37,28","10,07",-73.0%,"9,57",-74.3%
VeraCruz,Disponível,244.0,12,7898926572090,Spray Nasal Aquoso Nasonex 60 doses 9ml,"50,57","43,49",-14.0%,"41,32",-18.3%
VeraCruz,Disponível,244.0,12,7896023719899,Xarope Melagrião 150ml,"20,90","18,39",-12.0%,"17,47",-16.4%
VeraCruz,Disponível,244.0,13,7898100241897,Salicetil Infantil 100mg 10 comprimidos,"2,32","1,14",-50.9%,"1,08",-53.4%
VeraCruz,Disponível,244.0,12,7896094917385,"Fluidificante e Descongestionante Nasal Rinosoro Jet 0,9% 100ml","50,14","46,63",-7.0%,"44,30",-11.6%
VeraCruz,Disponível,244.0,14,7898089300035,Pílulas de Lussen 20mg + 10mg + 10mg + 30mg + 8mg 36 comprimidos revestidos,"49,06","42,19",-14.0%,"40,08",-18.3%
VeraCruz,Disponível,244.0,13,7898037084680,Cistitemed 30 comprimidos,0,0,0,0,0
VeraCruz,Disponível,244.0,12,7896685303634,Imunoglucan DS 60 cápsulas,"168,50","56,17",-66.7%,"160,08",-5.0%
VeraCruz,Disponível,244.0,13,7896094926592,Vabam 10mg 30 comprimidos revestidos,0,0,0,0,0
VeraCruz,Disponível,244.0,13,7896523206806,Pastilha Ciflogex Diet Sabor Menta e Limão 12un,"25,19","22,67",-10.0%,"21,54",-14.5%
VeraCruz,Disponível,244.0,13,7896006203186,Leiba Sabor Laranja 6 Sachês de 4g cada,0,0,0,0,0
VeraCruz,Disponível,244.0,12,7897930761476,Differin 3mg/g Gel 30g,"128,77","56,02",-56.5%,"106,43",-17.3%
VeraCruz,Disponível,244.0,12,7896676401776,Laxante Phosfoenema 130ml,"20,95","19,48",-7.0%,"18,51",-11.6%
VeraCruz,Disponível,243.0,12,7898040328078,Fumasil 60 Comprimidos Orodispersíveis,"73,90","67,99",-8.0%,"64,59",-12.6%
VeraCruz,Disponível,243.0,13,7896676410877,Parkidopa 250mg + 25mg 30 comprimidos,"60,04","48,63",-19.0%,"46,20",-23.1%
VeraCruz,Disponível,243.0,14,7896112165538,Kit Solução para Lentes Bio Soak Olhos Sensíveis 360ml+120ml + Estojo para Lentes,"54,50","49,05",-10.0%,"46,60",-14.5%
VeraCruz,Disponível,243.0,14,7896672203923,"Broncho - Vaxom 3,5mg 30 sachês de granulado","214,61","59,38",-72.3%,"169,22",-21.1%
VeraCruz,Disponível,243.0,13,7896672203336,Fostair 100/6mcg Suspensão Aerossol 120 doses 8ml,"211,03","70,34",-66.7%,"200,48",-5.0%
VeraCruz,Disponível,243.0,13,7896226102603,Suplemento Vitamínico Vitergan Zinco 30 comprimidos revestidos,"108,28","89,87",-17.0%,"85,38",-21.1%
VeraCruz,Disponível,243.0,12,7896165600727,"Picoprep 10mg + 3,5g + 12g 2 sachês com 16,1g cada Sabor Laranja","53,34","48,54",-9.0%,"46,11",-13.6%
VeraCruz,Disponível,242.0,14,7896637022316,"INIBINA - 10mg, 20 comprimidos",0,0,0,0,0
VeraCruz,Disponível,242.0,15,7896269900358,Betnovate N 1mg/g + 5mg/g Pomada Dermatológica 30g,0,0,0,0,0
VeraCruz,Disponível,242.0,14,7897322709987,Vitamina D3 Addera D3 50.000UI 4 cápsulas moles,"68,54","65,11",-5.0%,"61,85",-9.8%
VeraCruz,Disponível,242.0,13,7896261015623,Exforge HCT 320mg + 25mg + 10mg 28 comprimidos revestidos,0,0,0,0,0
VeraCruz,Disponível,242.0,14,7894916508964,Esomex 20mg 28 comprimidos revestidos,0,0,0,0,0
VeraCruz,Disponível,242.0,13,7896094922006,Albocresil 360mg/g Solução Concentrada 12ml,"44,48","42,26",-5.0%,"40,15",-9.7%
VeraCruz,Disponível,241.0,13,7896083402540,Clifemin 160mg 30 comprimidos,"153,80","65,37",-57.5%,"124,19",-19.3%
VeraCruz,Disponível,241.0,12,7896015518370,Sal de Frutas Eno Limão 100g,"30,73","23,66",-23.0%,"22,48",-26.8%
VeraCruz,Disponível,241.0,13,7896112493440,Triazol 150mg 2 cápsulas,"63,32","55,09",-13.0%,"52,34",-17.3%
VeraCruz,Disponível,241.0,12,7896523226590,Cimegripe Dia 12 comprimidos,"15,25","23,50",-0.0%,"22,33",-0.0%
VeraCruz,Disponível,241.0,12,7893454209920,Tanderalgin 30 comprimidos,"47,60","13,80",-71.0%,"13,11",-72.5%
VeraCruz,Disponível,241.0,12,7894916508513,Concárdio 5mg 30 comprimidos revestidos,0,0,0,0,0
VeraCruz,Disponível,241.0,13,7897322701486,Magnopyrol 500mg/ml Gotas 10ml,0,0,0,0,0
VeraCruz,Disponível,240.0,13,7897018510026,Protetor Ocular Oftam Grande Bege 20un,"33,90","29,15",-14.0%,"27,69",-18.3%
VeraCruz,Disponível,240.0,13,7898636191321,Lomecan 2% Creme Vaginal com 3 aplicadores descartáveis 20g,"69,71","64,83",-7.0%,"61,59",-11.6%
VeraCruz,Disponível,240.0,13,7896112402480,Bhena 5mg 30 comprimidos revestidos,"86,18","68,08",-21.0%,"64,68",-24.9%
VeraCruz,Disponível,240.0,14,7896658000652,"Solução Nasal Sorine 0,5mg/ml 30ml","27,51","24,21",-12.0%,"23,00",-16.4%
VeraCruz,Disponível,240.0,13,7897322709987,Vitamina D3 Addera D3 10.000UI 4 Cápsulas Moles,"68,54","65,11",-5.0%,"61,85",-9.8%
VeraCruz,Disponível,240.0,12,7896862993207,Oxipelle 10mg/ml Solução Tópica 20ml,"59,91","54,52",-9.0%,"51,79",-13.6%
VeraCruz,Disponível,240.0,13,7896094921337,Buscofem 400mg 2 cápsulas,"7,96","6,61",-17.0%,"6,28",-21.1%
VeraCruz,Disponível,240.0,12,7891317009724,Tâmisa 30 75mcg + 30mcg 63 drágeas,"94,60","76,63",-19.0%,"72,80",-23.0%
VeraCruz,Disponível,239.0,14,7891058017507,Analgésico Dorflex 36 comprimidos,"23,74","18,99",-20.0%,"18,04",-24.0%
VeraCruz,Disponível,239.0,13,7897337716239,Gracial 25mcg + 40mcg +125mcg + 30mcg 22 comprimidos,"61,16","47,70",-22.0%,"45,32",-25.9%
VeraCruz,Disponível,239.0,13,7894916512718,Impere 5mg 30 comprimidos revestidos,"156,68","65,81",-58.0%,"125,03",-20.2%
VeraCruz,Disponível,239.0,13,7896422504621,Zinpass EZE 10mg + 10mg 30 comprimidos revestidos,"91,10","76,52",-16.0%,"72,69",-20.2%
VeraCruz,Disponível,239.0,12,7896006259657,Demedrox 150mg/ml Suspensão Injetável 1 seringa + 1agulha,"45,62","29,20",-36.0%,"27,74",-39.2%
VeraCruz,Disponível,239.0,13,7897322709987,Vitamina D3 Addera D3 7.000UI 4 cápsulas moles,"68,54","65,11",-5.0%,"61,85",-9.8%
VeraCruz,Disponível,239.0,14,7896281100521,"Hyaludermin 0,2% Creme Uso Dermatologico 10g",0,0,0,0,0
VeraCruz,Disponível,239.0,16,7896523227146,Cimegripe Dor e Febre 750mg 20 comprimidos,"20,44","20,44",-0.0%,"19,42",-5.0%
VeraCruz,Disponível,239.0,14,7898040321406,Gynopac 2 comprimidos + Creme Ginecológico 35g + 7 aplicadores,"121,24","52,74",-56.5%,"100,21",-17.3%
VeraCruz,Disponível,239.0,14,7896641804106,Broncho - Vaxom 7mg 30 cápsulas,"317,91","90,07",-71.7%,"256,71",-19.3%
VeraCruz,Disponível,239.0,13,7891142201621,Alivium 400mg 8 cápsulas líquidas,"27,49","24,74",-10.0%,"23,50",-14.5%
VeraCruz,Disponível,238.0,15,7898962943052,Naldecon Multi 4 comprimidos,"10,99","9,34",-15.0%,"8,87",-19.3%
VeraCruz,Disponível,238.0,12,7891721028335,Citoneurin 5.000 20 drágeas,0,0,0,0,0
VeraCruz,Disponível,238.0,12,7897595609120,Doxuran 2mg 30 comprimidos,"26,32","16,84",-36.0%,"16,00",-39.2%
VeraCruz,Disponível,238.0,12,7891142115799,Oximax 400mcg Refil 30 cápsulas de pó para inalação,0,0,0,0,0
VeraCruz,Disponível,238.0,12,7896112406464,Embo 5mg 60 comprimidos revestidos,"235,24","62,73",-73.3%,"178,78",-24.0%
VeraCruz,Disponível,238.0,13,7893093016354,Previgrip Weleda 20g,"103,50","96,26",-7.0%,"91,45",-11.6%
VeraCruz,Disponível,238.0,13,7897411602205,Lixiana 60mg 30 Comprimidos Revestidos,"148,85","67,73",-54.5%,"128,68",-13.6%
VeraCruz,Disponível,238.0,15,7896714230160,Lidogel 20mg/g Neo Química Geleia 2% 30g,"24,68","17,52",-29.0%,"16,64",-32.6%
VeraCruz,Disponível,238.0,12,7891317005351,Ebastel 10mg 10 comprimidos,0,0,0,0,0
VeraCruz,Disponível,238.0,14,7896094203051,"Elani Ciclo 3mg + 0,03mg 63 comprimidos revestidos","174,08","65,28",-62.5%,"124,03",-28.8%
VeraCruz,Disponível,238.0,12,7898029551787,Daflon 500mg FFPM 60 comprimidos revestidos,0,0,0,0,0
VeraCruz,Disponível,238.0,15,7898158498786,Desodalina 600mg 60 cápsulas,"83,50","75,15",-10.0%,"71,39",-14.5%
VeraCruz,Disponível,238.0,13,7894916510011,"Bramicar HCT 80mg + 12,5mg 30 comprimidos","107,54","96,79",-10.0%,"91,95",-14.5%
VeraCruz,Disponível,238.0,14,7898040321291,"Marevan 7,5mg 30 comprimidos","52,79","41,70",-21.0%,"39,62",-24.9%
VeraCruz,Disponível,238.0,12,7896658005442,Flogoral 3mg Pastilhas Sabor Laranja 12un,0,0,0,0,0
VeraCruz,Disponível,238.0,12,7898029551770,Daflon 500mg FFPM 30 comprimidos revestidos,"133,30","55,32",-58.5%,"105,11",-21.1%
VeraCruz,Disponível,237.0,14,7896523201658,Pomada Dermatológica Nebacimed 50g,"37,01","20,36",-45.0%,"19,34",-47.7%
VeraCruz,Disponível,237.0,14,7896658000577,NovaCort Pomada 30g,"48,24","41,49",-14.0%,"39,42",-18.3%
VeraCruz,Disponível,237.0,15,7891721201806,Glifage XR 500mg 30 comprimidos de liberação prolongada,"11,95","7,65",-36.0%,"7,27",-39.2%
VeraCruz,Disponível,237.0,12,7896180300053,"Solução Oftálmica Maxibell 0,5mg/m + 4mg/ml 10ml",0,0,0,0,0
VeraCruz,Disponível,237.0,13,7896181907497,"Lotar 2,5mg + 50mg 30 cápsulas",0,0,0,0,0
VeraCruz,Disponível,237.0,13,7896269900211,Beclosol 50mcg/mg Spray Nasal Aquoso com 200 doses 24ml,"91,84","78,06",-15.0%,"74,16",-19.3%
VeraCruz,Disponível,237.0,12,7896658002700,Vertizine D - 10mg + 3mg 20 comprimidos,0,0,0,0,0
VeraCruz,Disponível,237.0,14,7896269900617,"Psorex 0,5mg/g Creme Dermatológico 30g",0,0,0,0,0
VeraCruz,Disponível,236.0,13,7896230302099,Óleo de Rícino ADV Farma 30ml,0,0,0,0,0
VeraCruz,Disponível,236.0,13,7896009498428,Analgésico Advil 400mg 8 cápsulas líquidas,0,0,0,0,0
VeraCruz,Disponível,236.0,12,7896226506371,Prolopa BD 100/25mg 30 comprimidos,0,0,0,0,0
VeraCruz,Disponível,236.0,13,7898582382224,"Zomig OD 2,5mg 2 comprimidos orodispersíveis","76,78","62,96",-18.0%,"59,81",-22.1%
VeraCruz,Disponível,236.0,12,7895858017415,Magnésia Bisurada Sabor Menta 10 pastilhas,"13,49","12,68",-6.0%,"12,05",-10.7%
VeraCruz,Disponível,236.0,13,7896112470281,"VASOPRIL PLUS - 10mg + 25mg, 60 comprimidos","116,56","90,92",-22.0%,"86,37",-25.9%
VeraCruz,Disponível,236.0,12,7898087340040,Loção Oleosa Dersani 100ml,"49,50","42,08",-15.0%,"39,98",-19.2%
VeraCruz,Disponível,236.0,12,7896112403623,Dacxi 15mg 28 comprimidos revestidos,0,0,0,0,0
VeraCruz,Disponível,235.0,13,7896714291864,Picbam 5mg 20 comprimidos revestidos,0,0,0,0,0
VeraCruz,Disponível,235.0,13,7896094208858,Plenance 10mg 90 comprimidos revestidos,"138,66","51,31",-63.0%,"97,48",-29.7%
VeraCruz,Disponível,235.0,17,7896261020269,Entresto 24mg + 26mg 28 comprimidos revestidos,"202,28","67,43",-66.7%,"192,17",-5.0%
VeraCruz,Disponível,235.0,14,7896255716949,Synthroid 25mcg 30 comprimidos,"40,59","32,07",-21.0%,"30,47",-24.9%
VeraCruz,Disponível,235.0,12,7897411610606,Benicar 20mg 30 comprimidos revestidos,"84,47","65,04",-23.0%,"61,79",-26.8%
VeraCruz,Disponível,235.0,13,7897595901033,Puran T4 100mcg 30 comprimidos,"17,36","12,67",-27.0%,"12,04",-30.6%
VeraCruz,Disponível,235.0,14,7896094930001,Buscopan Gotas 10mg 20ml,"29,49","25,66",-13.0%,"24,38",-17.3%
VeraCruz,Disponível,235.0,12,7896637032247,Lactosil Flora 30 cápsulas,"57,90","57,90",-0.0%,"55,01",-5.0%
VeraCruz,Disponível,235.0,13,7896094209510,"Iziz 2,5mg + 1,5mg 84 Comprimidos Revestidos","158,17","60,90",-61.5%,"115,70",-26.9%
VeraCruz,Disponível,235.0,12,7894916500296,Neutrofer 250mg/ml Gotas 30ml,"65,29","58,11",-11.0%,"55,20",-15.5%
VeraCruz,Disponível,234.0,13,7898133139277,Suplemento Hidroeletrolítico Pedialyte Max Morango 500ml,0,0,0,0,0
VeraCruz,Disponível,234.0,13,7896094917002,"Fluidificante e Descongestionante Nasal Rinosoro Gotas 0,9% 30ml","28,49","26,50",-7.0%,"25,18",-11.6%
VeraCruz,Disponível,234.0,14,7896112486787,Aradois 50mg 30 comprimidos revestidos,"57,29","5,16",-91.0%,"4,90",-91.4%
VeraCruz,Disponível,234.0,12,7897411611023,BenicarAnlo 40mg/5mg 30 comprimidos revestidos,"103,89","78,96",-24.0%,"75,01",-27.8%
VeraCruz,Disponível,234.0,14,-,Inilok 40mg Apsen 60 comprimidos,"132,95","91,74",-31.0%,"87,15",-34.4%
VeraCruz,Disponível,234.0,15,7896241296523,Vonau Flash 4mg Biolab 10 comprimidos de desintegração oral,"49,45","36,59",-26.0%,"34,76",-29.7%
VeraCruz,Disponível,234.0,13,7897930763791,Gel de tratamento Antiacne Dermotivin Benzac 10% 60g,"72,90","66,34",-9.0%,"63,02",-13.6%
VeraCruz,Disponível,233.0,12,7891142118073,Analgésico Calminex Ice Aerossol 60g,"54,60","50,78",-7.0%,"48,24",-11.6%
VeraCruz,Disponível,233.0,12,7896658008023,Digeplus 7mg + 40mg + 50mg Aché 30 Cápsulas,"55,80","50,22",-10.0%,"47,71",-14.5%
VeraCruz,Disponível,233.0,14,7897411610620,Benicar 40mg 30 comprimidos revestidos,"88,79","68,37",-23.0%,"64,95",-26.8%
VeraCruz,Disponível,233.0,13,7896637023566,Retemic UD 10mg 30 comprimidos de liberação controlada,0,0,0,0,0
VeraCruz,Disponível,233.0,12,7891268102239,Citalor 20mg 30 comprimidos revestidos,"159,59","63,04",-60.5%,"119,78",-24.9%
VeraCruz,Disponível,233.0,14,7896226109305,Suplemento Vitamínico Caldê 60 comprimidos mastigáveis,"115,75","57,88",-50.0%,"109,96",-5.0%
VeraCruz,Disponível,233.0,13,7896523200385,Vitamina D Cimed 7.000UI 8 Comprimidos,0,0,0,0,0
VeraCruz,Disponível,233.0,12,7896658005299,"Flogoral 1,5mg/ml Spray Sabor Cereja 30ml","42,79","38,94",-9.0%,"36,99",-13.6%
VeraCruz,Disponível,233.0,12,7897705201831,Novorapid Flexpen 100U/ml 1 carpule com 3ml + 1 sistema de aplicação,"66,52","57,87",-13.0%,"54,98",-17.3%
VeraCruz,Disponível,232.0,12,7891268104028,Feldene SL 20mg 10 comprimidos de dissolução instantânea,0,0,0,0,0
VeraCruz,Disponível,232.0,13,7896658008115,Artrosil 160mg 10 cápsulas duras de liberação prolongada,"39,18","34,48",-12.0%,"32,76",-16.4%
VeraCruz,Disponível,232.0,12,7896094922136,"Nesina 12,5mg 30 comprimidos revestidos","163,66","54,55",-66.7%,"155,48",-5.0%
VeraCruz,Disponível,232.0,13,7897129301223,Micolamina 10mg/ml Loção Spray 50ml,"98,80","82,99",-16.0%,"78,84",-20.2%
VeraCruz,Disponível,232.0,12,7892953001837,Mitrul 15mg 10 cápsulas gelatinosas duras de liberação prolongada,0,0,0,0,0
VeraCruz,Disponível,232.0,13,7896658034008,Zior 250mg 28 comprimidos,"145,31","62,49",-57.0%,"118,72",-18.3%
VeraCruz,Disponível,232.0,12,7896658012402,Meritor 2mg + 1000mg 30 comprimidos revestidos,"66,38","55,10",-17.0%,"52,35",-21.1%
VeraCruz,Disponível,232.0,13,8902220115569,Olmecor 20mg 60 comprimidos revestidos,0,0,0,0,0
VeraCruz,Disponível,231.0,12,7896714274577,Mirador 1g 10 comprimidos,"25,89","18,90",-27.0%,"17,96",-30.6%
VeraCruz,Disponível,231.0,12,7896112425496,Pantogar Biolab 90 Cápsulas,"345,95","115,32",-66.7%,"328,65",-5.0%
VeraCruz,Disponível,231.0,15,7898168001303,Pomada Dermatológico Cetobeta 30g,"41,17","15,64",-62.0%,"14,86",-63.9%
VeraCruz,Disponível,231.0,14,7897076910554,"ALTIVA - 120mg, 10 comprimidos","65,81","57,25",-13.0%,"54,39",-17.4%
VeraCruz,Disponível,231.0,14,7898040329716,Suplemento Alimentar Calcitran Triflex 30 comprimidos,"69,90","69,90",-0.0%,"66,41",-5.0%
VeraCruz,Disponível,230.0,12,7897316802335,"Solução Oftálmica Still 0,1% 5ml",0,0,0,0,0
VeraCruz,Disponível,230.0,13,7896658016592,Betadine 24mg 60 comprimidos,"85,83","68,66",-20.0%,"65,23",-24.0%
VeraCruz,Disponível,230.0,14,7896094928091,AAS Infantil 100mg com 120 comprimidos,"100,99","50,50",-50.0%,"95,94",-5.0%
VeraCruz,Disponível,230.0,13,7898100243150,Xarope Ambrol Sabor Pêssego e Baunilha 100ml,0,0,0,0,0
VeraCruz,Disponível,230.0,12,78909700,Melagrião Própolis e Gengibre Spray Sabor Menta 30ml,"21,99","15,83",-28.0%,"15,04",-31.6%
VeraCruz,Disponível,229.0,12,7896226103020,Permear 300mg 20 comprimidos revestidos,0,0,0,0,0
VeraCruz,Disponível,229.0,14,7896658001390,Fentizol 20mg/ml Spray 30ml,"70,12","61,71",-12.0%,"58,62",-16.4%
VeraCruz,Disponível,229.0,13,7891317011390,Naire 20mg 15 comprimidos,"68,24","58,00",-15.0%,"55,10",-19.3%
VeraCruz,Disponível,229.0,12,7896212410644,"SPORANOX - 100mg, 15 cápsulas gelatinosas",0,0,0,0,0
VeraCruz,Disponível,229.0,13,7895858005924,Aldomet 500mg 30 comprimidos revestidos,"89,98","72,88",-19.0%,"69,24",-23.0%
VeraCruz,Disponível,229.0,12,310119052440,Solução para Lentes Rígidas Boston Simplus Multiação 120ml,"89,10","73,95",-17.0%,"70,25",-21.2%
VeraCruz,Disponível,229.0,12,7896241277935,Pressat 5mg 30 comprimidos,0,0,0,0,0
VeraCruz,Disponível,229.0,14,7899824400690,Nevrix 100mg + 100mg + 5000mcg 20 comprimidos revestidos,0,0,0,0,0
VeraCruz,Disponível,229.0,12,7896658005145,Prelone 20mg 10 comprimidos,"36,66","31,89",-13.0%,"30,30",-17.3%
VeraCruz,Disponível,229.0,12,7891142156211,Fluir 12mcg 30 cápsulas de uso inalatório por via oral,0,0,0,0,0
VeraCruz,Disponível,228.0,12,7891268144086,Feldene 20mg 10 cápsulas,"45,98","39,54",-14.0%,"37,56",-18.3%
VeraCruz,Disponível,228.0,13,7896094209190,Ebatz 2mg 30 comprimidos revestidos,"113,41","89,59",-21.0%,"85,11",-25.0%
VeraCruz,Disponível,228.0,12,7891317432362,Musculare 10mg 15 comprimidos revestidos,"22,97","20,44",-11.0%,"19,42",-15.5%
VeraCruz,Disponível,228.0,14,7894916513135,"Bramicar HCT 80mg + 12,5mg 60 comprimidos","137,64","56,43",-59.0%,"107,22",-22.1%
VeraCruz,Disponível,228.0,12,7896004770222,Xarope Clopê Sabor Coco 120ml,"43,76","43,76",-0.0%,"41,57",-5.0%
VeraCruz,Disponível,228.0,12,7896009498466,Analgésico Advil Mulher 400mg 2 Cápsulas Líquidas,"6,63","3,71",-44.0%,"3,52",-46.9%
VeraCruz,Disponível,228.0,14,7896227800874,Adesivos Salonpas Grande 2un,"9,90","8,51",-14.0%,"8,08",-18.4%
VeraCruz,Disponível,228.0,12,7896112406235,Livalo 2mg 60 comprimidos revestidos,"207,91","55,44",-73.3%,"158,01",-24.0%
VeraCruz,Disponível,228.0,12,7896658003523,"Decadron 0,75mg 20 comprimidos","15,50","13,49",-13.0%,"12,82",-17.3%
VeraCruz,Disponível,227.0,13,7898040328573,Suplemento Alimentar Calcitran MDK Sabor Menta 30 comprimidos mastigáveis,"64,20","50,08",-22.0%,"47,58",-25.9%
VeraCruz,Disponível,227.0,14,7896255763172,"Iruxol Mono 1,2U Pomada 30g","118,36","50,31",-57.5%,"95,58",-19.2%
VeraCruz,Disponível,227.0,12,7898108640562,Protetor Ocular Estéril Sancare Tamanho G 10 unidades,"23,49","20,44",-13.0%,"19,42",-17.3%
VeraCruz,Disponível,227.0,12,7896094919648,Suplemento Alimentar Ofolato D Fer 1000UI 30 comprimidos,0,0,0,0,0
VeraCruz,Disponível,226.0,12,7896241225523,Ablok 50mg 30 comprimidos,"39,07","31,65",-19.0%,"30,07",-23.0%
VeraCruz,Disponível,226.0,13,7896094211445,Sumax 25mg 6 comprimidos revstidos,"39,88","33,50",-16.0%,"31,83",-20.2%
VeraCruz,Disponível,226.0,13,7892953208380,Fenazic 15mg 30 comprimidos revestidos de liberação prolongada,"197,99","53,46",-73.0%,"152,35",-23.1%
VeraCruz,Disponível,226.0,12,7896094999978,Dramin B6 30 comprimidos revestidos,"25,51","19,13",-25.0%,"18,17",-28.8%
VeraCruz,Disponível,226.0,12,7897316801017,"Solução Oftálmica Alphagan 0,2% 5ml","137,72","56,47",-59.0%,"107,28",-22.1%
VeraCruz,Disponível,226.0,12,7891721012976,Roxflan 10mg 30 comprimidos,"62,04","49,01",-21.0%,"46,56",-25.0%
VeraCruz,Disponível,225.0,12,7896015521622,Sal de Frutas Eno Abacaxi 100g,"30,73","23,66",-23.0%,"22,48",-26.8%
VeraCruz,Disponível,225.0,13,7896004779713,Dienogeste 2mg EMS 30 comprimidos,"74,64","35,08",-53.0%,"33,33",-55.3%
VeraCruz,Disponível,225.0,12,7896269900945,"Flutivate 0,5mg/g Creme 15g","63,23","54,38",-14.0%,"51,66",-18.3%
VeraCruz,Disponível,225.0,13,7896181909118,DERMOMAX - 40mg/g 1 bisnaga com 30g de creme de uso dermatológico,0,0,0,0,0
VeraCruz,Disponível,225.0,13,7894916509992,Suplemento Vitamínico Neutrofer Poli 30ml,0,0,0,0,0
VeraCruz,Disponível,225.0,12,7897930761568,"Avicis 0,25mg/ml Solução Capilar 100ml",0,0,0,0,0
VeraCruz,Disponível,225.0,13,7896261020184,Seebri 50mcg 30 cápsulas com pó para inalação + 1 inalador,0,0,0,0,0
VeraCruz,Disponível,225.0,12,7891010249274,Tylenol 750mg 4 comprimidos revestidos,"10,58","9,52",-10.0%,"9,04",-14.6%
VeraCruz,Disponível,225.0,16,7891106914086,Triquilar 21 drágeas,"13,42","10,07",-25.0%,"9,57",-28.7%
VeraCruz,Disponível,225.0,13,7896094917385,Fluidificante e Descongestionante Nasal Neosoro Infantil 30ml,"50,14","46,63",-7.0%,"44,30",-11.6%
VeraCruz,Disponível,225.0,13,7896094999558,Neosaldina Dip 1g 10 comprimidos,"24,99","19,49",-22.0%,"18,52",-25.9%
VeraCruz,Disponível,225.0,12,7897337713467,Desalex 5mg 30 comprimidos revestidos,"131,17","55,75",-57.5%,"105,92",-19.2%
VeraCruz,Disponível,225.0,12,7896206402426,"Atacand HCT 8mg + 12,5mg 30 comprimidos",0,0,0,0,0
VeraCruz,Disponível,225.0,14,7893093067196,Sinudoron Weleda 80 comprimidos,"97,50","89,70",-8.0%,"85,22",-12.6%
VeraCruz,Disponível,224.0,13,7891058003579,"Puran T4 62,5mcg 30 comprimidos","19,42","14,18",-27.0%,"13,47",-30.6%
VeraCruz,Disponível,224.0,12,7891268404029,Antiácido Mylanta Plus Sabor Menta 240ml,"60,02","54,02",-10.0%,"51,32",-14.5%
VeraCruz,Disponível,224.0,12,7896658027604,Divena 40mg 30 comprimidos,"75,04","66,04",-12.0%,"62,74",-16.4%
VeraCruz,Disponível,223.0,12,7897930760486,"Clob - X 0,5mg/g Creme Dermatológico 30g","53,15","45,71",-14.0%,"43,42",-18.3%
VeraCruz,Disponível,223.0,13,5702191025637,Azelan Gel 150mg/g 30g,"93,73","81,55",-13.0%,"77,47",-17.3%
VeraCruz,Disponível,223.0,12,7891317445737,"Trok-N 20mg/g + 0,64mg/g + 2,5mg/g Creme 30g","42,63","37,94",-11.0%,"36,04",-15.5%
VeraCruz,Disponível,222.0,13,7894916500418,Penvir Lábia 10mg/g Creme Dermatológico 5g,"67,13","55,05",-18.0%,"52,30",-22.1%
VeraCruz,Disponível,222.0,12,7896253902580,Betaserc 24mg 60 comprimidos,"125,98","99,52",-21.0%,"94,54",-25.0%
VeraCruz,Disponível,222.0,13,7896094917507,Lacto-Leve Sem Sabor 120ml,0,0,0,0,0
VeraCruz,Disponível,222.0,15,7895858010362,Imuran 50mg 50 comprimidos revestidos,"289,86","78,26",-73.0%,"223,05",-23.0%
VeraCruz,Disponível,222.0,13,7896046381004,Solução Multiuso Renu Fresh 355ml + 120ml + Estojo para Lentes,"42,90","39,90",-7.0%,"37,91",-11.6%
VeraCruz,Disponível,222.0,13,7896637031509,Inilok 40mg Apsen 30 Comprimidos,"73,85","48,00",-35.0%,"45,60",-38.3%
VeraCruz,Disponível,222.0,12,7896226108568,Probiótico ZincoPro Marjan Farma 30 cápsulas,0,0,0,0,0
VeraCruz,Disponível,222.0,12,7894916516686,Suplemento Alimentar Neutrofer Folato D 90 comprimidos revestidos,"152,90","50,97",-66.7%,"145,26",-5.0%
VeraCruz,Disponível,222.0,13,7891035001116,Nuromol 200mg + 500mg 6 comprimidos revestidos,"17,89","16,10",-10.0%,"15,30",-14.5%
VeraCruz,Disponível,221.0,14,7897595606204,Doxuran 4mg 30 comprimidos,"52,52","28,89",-45.0%,"27,45",-47.7%
VeraCruz,Disponível,221.0,12,7891106914055,Primolut-Nor 10mg 30 comprimidos,"111,38","98,01",-12.0%,"93,11",-16.4%
VeraCruz,Disponível,221.0,14,7896637022415,Litocit 1080mg 60 comprimidos de liberação prolongada,0,0,0,0,0
VeraCruz,Disponível,221.0,12,7896331707946,Ritmoneuran RTM 20 Cápsulas,"26,50","22,79",-14.0%,"21,65",-18.3%
VeraCruz,Disponível,221.0,14,7896658001864,Artrosil 160mg 20 cápsulas duras de liberação prolongada,"83,00","70,55",-15.0%,"67,02",-19.3%
VeraCruz,Disponível,221.0,14,7896094201064,Sumax 25mg 4 comprimidos revestidos,"34,69","29,14",-16.0%,"27,68",-20.2%
VeraCruz,Disponível,220.0,13,7896230303676,Bicarbonato de Sódio ADV 100g,"10,50","9,45",-10.0%,"8,98",-14.5%
VeraCruz,Disponível,220.0,13,7898687730555,Suplemento Alimentar Althaia Vitamina D3 2.000UI 30 cápsulas gel,0,0,0,0,0
VeraCruz,Disponível,220.0,13,7896112406570,Pressat 5mg 90 comprimidos,"115,21","94,47",-18.0%,"89,75",-22.1%
VeraCruz,Disponível,220.0,14,7896083410323,Androsten UNO 280mg 15 comprimidos revestidos,"215,63","61,81",-71.3%,"176,17",-18.3%
VeraCruz,Disponível,220.0,12,7896230303645,"Sais para Reidratação Oral Hidroral Sabor Tradicional 4 unidades de 27,9g cada","19,90","16,52",-17.0%,"15,69",-21.2%
VeraCruz,Disponível,220.0,14,7896026305327,Micardis Anlo 40mg + 5mg 30 comprimidos,"132,52","55,66",-58.0%,"105,75",-20.2%
VeraCruz,Disponível,219.0,12,7896261012936,Galvus 50mg 56 comprimidos,0,0,0,0,0
VeraCruz,Disponível,219.0,12,7898587901529,Cedur Retard 400mg 30 comprimidos revestidos de liberação prolongada,0,0,0,0,0
VeraCruz,Disponível,219.0,14,7896261000261,Voltaren Retard 100mg 10 comprimidos  revestidos de liberação prolongada,"54,84","47,71",-13.0%,"45,32",-17.4%
VeraCruz,Disponível,219.0,12,7891317118228,"Versa 40mg/0,4ml Solução Injetável 6 seringas com 0,4ml com sistema de segurança","508,88","125,52",-75.3%,"357,74",-29.7%
VeraCruz,Disponível,219.0,13,7896637022842,Miosan 10mg 30 comprimidos,"70,74","52,35",-26.0%,"49,73",-29.7%
VeraCruz,Disponível,219.0,14,7896523206714,Xarope Dexmine 120ml,"32,66","17,64",-46.0%,"16,76",-48.7%
VeraCruz,Disponível,219.0,12,7896004715032,Dorilen 12 comprimidos,"25,49","18,86",-26.0%,"17,92",-29.7%
VeraCruz,Disponível,219.0,13,7896637032476,Suplemento Alimentar de Vitamina D Inpruv D 1.000UI 30 comprimidos mastigáveis,0,0,0,0,0
VeraCruz,Disponível,218.0,14,7897930776722,"Esmalte Loceryl 50mg/ml 2,5ml","232,92","67,55",-71.0%,"192,51",-17.3%
VeraCruz,Disponível,218.0,12,7897322709505,Vitamina D3 Addera D3 10.000UI 10 comprimidos revestidos,"120,89","51,38",-57.5%,"97,62",-19.2%
VeraCruz,Disponível,218.0,12,5702191007947,Daivonex 50mcg/g Pomada Dermatológica 30g,"137,35","57,00",-58.5%,"108,30",-21.2%
VeraCruz,Disponível,218.0,13,7896331704945,Ritmoneuran RTM Flaconete 10ml,0,0,0,0,0
VeraCruz,Disponível,217.0,14,7896094201354,Minian 150mcg + 20mcg 21 comprimidos,"46,60","36,35",-22.0%,"34,53",-25.9%
VeraCruz,Disponível,217.0,12,7896641804830,Broncho - Vaxom 7mg 10 cápsulas,"110,72","90,79",-18.0%,"86,25",-22.1%
VeraCruz,Disponível,217.0,12,7896714274645,Peridal 10mg 30 comprimidos,"28,12","25,31",-10.0%,"24,04",-14.5%
VeraCruz,Disponível,217.0,12,7891268118094,Eliquis 5mg 20 Comprimidos Revestidos,0,0,0,0,0
VeraCruz,Disponível,217.0,14,7896112422235,Novanlo 5mg 60 comprimidos,0,0,0,0,0
VeraCruz,Disponível,217.0,13,7896004706764,"Celergin 0,4mg/ml + 0,05mg/ml Xarope 120ml","37,74","33,97",-10.0%,"32,27",-14.5%
VeraCruz,Disponível,217.0,14,7896094921177,Venalot 15mg + 90mg 30 drágeas,"76,17","63,22",-17.0%,"60,06",-21.2%
VeraCruz,Disponível,217.0,14,7898430192876,DPrev 2.000UI 60 comprimidos revestidos,"73,35","53,55",-27.0%,"50,87",-30.6%
VeraCruz,Disponível,216.0,12,7898560663482,Elidel 10mg/g Creme 15g,0,0,0,0,0
VeraCruz,Disponível,216.0,12,7891058003890,Anador 1g 10 comprimidos,"17,01","12,42",-27.0%,"11,80",-30.6%
VeraCruz,Disponível,216.0,13,7896637022729,Azulfin 500mg 60 comprimidos revestidos,"139,85","63,63",-54.5%,"120,90",-13.6%
VeraCruz,Disponível,216.0,13,7896094207516,"Elani 28 3mg + 0,03mg 28 comprimidos revestidos","96,92","72,69",-25.0%,"69,06",-28.7%
VeraCruz,Disponível,216.0,14,7896094201811,Naprix A 10mg + 5mg 30 cápsulas,"79,28","60,25",-24.0%,"57,24",-27.8%
VeraCruz,Disponível,216.0,13,7896112406419,"Embo 2,5mg 60 comprimidos revestidos",0,0,0,0,0
VeraCruz,Disponível,216.0,12,7896658026065,Trezor 5mg 30 comprimidos,"34,73","28,83",-17.0%,"27,39",-21.1%
VeraCruz,Disponível,215.0,12,7898928257032,Niquitin 21mg 7 adesivos transdérmicos transparentes,"139,06","57,02",-59.0%,"108,33",-22.1%
VeraCruz,Disponível,215.0,13,7898928257025,Niquitin 14mg 7 adesivos transdérmicos transparentes,"133,12","55,25",-58.5%,"104,97",-21.1%
VeraCruz,Disponível,215.0,12,7896112400370,"Gestrelan 0,15mg + 0,03mg 21 comprimidos revestidos","13,74","10,03",-27.0%,"9,53",-30.6%
VeraCruz,Disponível,215.0,12,7896094919051,Apracur Duo 6 comprimidos,"10,46","9,94",-5.0%,"9,44",-9.8%
VeraCruz,Disponível,215.0,12,7896261001145,"Diovan HCT 80mg + 12,5mg 28 comprimidos revestidos",0,0,0,0,0
VeraCruz,Disponível,215.0,15,7898029550247,Acertil 10mg 30 comprimidos,"108,54","54,27",-50.0%,"103,11",-5.0%
VeraCruz,Disponível,215.0,14,7896641813061,Mesacol 500mg 15 supositórios,"164,75","67,55",-59.0%,"128,35",-22.1%
VeraCruz,Disponível,214.0,12,7891058025137,Lantus 100UI/ml 1 carpule com 3ml,"113,21","93,96",-17.0%,"89,26",-21.2%
VeraCruz,Disponível,214.0,12,7896083400775,Isoflavine 75mg 30 comprimidos revestidos,"86,75","74,61",-14.0%,"70,88",-18.3%
VeraCruz,Disponível,214.0,12,7898902708123,Teste de Gravidez Fast Test 1un,"7,99","2,48",-69.0%,"2,36",-70.5%
VeraCruz,Disponível,214.0,12,7896372500476,Passajá 1 flaconete com 4ml,0,0,0,0,0
VeraCruz,Disponível,213.0,14,7891317010065,Diupress 25mg + 5mg 30 comprimidos,"46,27","37,02",-20.0%,"35,17",-24.0%
VeraCruz,Disponível,213.0,13,7896658006432,Acheflan 5mg/g Creme 30g,"73,42","73,42",-0.0%,"69,75",-5.0%
VeraCruz,Disponível,213.0,13,7899470807362,Maxalgina 1g 10 Comprimidos,"27,96","10,35",-63.0%,"9,83",-64.8%
VeraCruz,Disponível,213.0,12,7896658023354,Montelair 5mg Sabor Cereja 30 comprimidos mastigáveis,"78,90","65,49",-17.0%,"62,22",-21.1%
VeraCruz,Disponível,213.0,12,7896094201545,Plurair 50mcg/dose Spray 120 doses 12ml,0,0,0,0,0
VeraCruz,Disponível,213.0,13,7896714230054,Massageol Pomada 15g,"16,63","12,14",-27.0%,"11,53",-30.7%
VeraCruz,Disponível,213.0,15,7897930761162,"Clob - X 0,5mg/ml Shampoo 125ml",0,0,0,0,0
VeraCruz,Disponível,212.0,12,7896004704616,"Betametasona 0,1mg/ml sabor Framboesa 120ml",0,0,0,0,0
VeraCruz,Disponível,212.0,12,7896658018879,"Esalerg 0,5mg/ml Xarope Sabor Tutti Frutti 60ml","52,04","45,80",-12.0%,"43,51",-16.4%
VeraCruz,Disponível,212.0,13,7891058018627,Suplemento Vitamínico Depura 500UI/Gota 10ml,0,0,0,0,0
VeraCruz,Indisponível,212.0,14,0,"Auris-Sedina 18,6mg/ml + 1,3mg/ml 10ml",0,0,0,0,0
VeraCruz,Disponível,212.0,13,7891058021894,Coltrax 2mg/ml 3 ampolas com 2ml,0,0,0,0,0
VeraCruz,Disponível,212.0,13,7896658011900,Clopin 75mg 30 comprimidos revestidos,0,0,0,0,0
VeraCruz,Disponível,212.0,13,7896222721198,Naldecon Multi 16 comprimidos,"35,99","30,95",-14.0%,"29,40",-18.3%
VeraCruz,Disponível,212.0,13,7896112147640,Aerodine 100mcg Teuto Aerossol 200 doses + adaptador,"53,67","23,90",-55.5%,"22,71",-57.7%
VeraCruz,Disponível,211.0,15,7896637033350,Meclin Jet 50mg 10 comprimidos mastigáveis,"34,13","30,03",-12.0%,"28,53",-16.4%
VeraCruz,Disponível,211.0,12,7894916517461,Bexai 35mg 10 cápsulas duras,"79,97","67,17",-16.0%,"63,81",-20.2%
VeraCruz,Disponível,211.0,14,7896658014215,Montelair 10mg 30 comprimidos revestidos,"78,90","65,49",-17.0%,"62,22",-21.1%
VeraCruz,Disponível,210.0,13,7895858015671,Leite de Magnésia Phillips Hortelã 350ml,"36,90","34,32",-7.0%,"32,60",-11.7%
VeraCruz,Disponível,210.0,16,7896658018763,"Bravan HCT 160mg + 12,5mg 30 comprimidos","84,94","72,20",-15.0%,"68,59",-19.2%
VeraCruz,Disponível,210.0,13,7898927111045,Oscillococcinum 6 Tubos,"91,90","85,47",-7.0%,"81,20",-11.6%
VeraCruz,Disponível,210.0,13,7897322709529,Vitamina D3 Addera D3 50.000UI 4 comprimidos revestidos,"141,85","59,58",-58.0%,"113,19",-20.2%
VeraCruz,Disponível,210.0,14,7896070601871,Profenid 100mg/2ml Solução Injetável 6 ampolas com 2ml cada,0,0,0,0,0
VeraCruz,Disponível,210.0,12,7896548140284,Solução Otológica Cerumin 8ml,"19,96","18,76",-6.0%,"17,82",-10.7%
VeraCruz,Disponível,210.0,12,7896226102351,Takil 20mg + 30mg Creme Ginecológico 35g + 7 aplicadores,"104,98","94,48",-10.0%,"89,76",-14.5%
VeraCruz,Disponível,210.0,13,7896070605268,"Clexane 40mg/0,4ml 10 seringas preenchidas com 0,4ml com sistema de segurança",0,0,0,0,0
VeraCruz,Disponível,209.0,12,7896006290629,"Solução Oftálmica Glaub 0,2% 5ml","77,28","63,37",-18.0%,"60,20",-22.1%
VeraCruz,Disponível,209.0,13,7891058005948,Dorflex Max 4 comprimidos,"9,40","8,18",-13.0%,"7,77",-17.3%
VeraCruz,Disponível,209.0,14,7897595901309,Puran T4 25mcg 30 comprimidos,"18,44","13,46",-27.0%,"12,79",-30.6%
VeraCruz,Disponível,209.0,13,7896015523404,"Combodart 0,5mg + 0,4mg 90 cápsulas gelatinosas duras de liberação prolongada",0,0,0,0,0
VeraCruz,Disponível,209.0,13,7897705203231,Insulina Humana Novolin N 100UI/ml 10ml,"67,36","47,15",-30.0%,"44,79",-33.5%
VeraCruz,Disponível,209.0,13,7898557141054,Lactulife Sabor Ameixa 120ml,0,0,0,0,0
VeraCruz,Disponível,209.0,12,7896658007170,Acheflan 5mg/g Creme 60g,"114,61","57,31",-50.0%,"108,88",-5.0%
VeraCruz,Disponível,209.0,13,7896093002464,Pastilhas Vick Drops Sabor Artificial de Limão 10g,0,0,0,0,0
VeraCruz,Disponível,208.0,13,7891317033163,Digesan 10mg 20 cápsulas,"55,70","49,02",-12.0%,"46,57",-16.4%
VeraCruz,Disponível,208.0,12,7908236800322,Norvasc 5mg 30 comprimidos,"90,07","68,45",-24.0%,"65,03",-27.8%
VeraCruz,Disponível,207.0,12,8902220114180,Iccor 5mg 30 comprimidos revestidos,0,0,0,0,0
VeraCruz,Disponível,207.0,12,7891045035040,Magnésia Bisurada Sabor Menta 40 pastilhas,"53,95","50,17",-7.0%,"47,66",-11.7%
VeraCruz,Disponível,207.0,12,7896015592356,Antiácido Pó Efervescente Gastrol Abacaxi 1 envelope com 5g,"2,20","2,09",-5.0%,"1,99",-9.5%
VeraCruz,Disponível,207.0,13,7898029552203,Diamicron MR 60mg 30 comprimidos de liberação prolongada,"105,84","52,92",-50.0%,"100,55",-5.0%
VeraCruz,Disponível,207.0,13,7896862993160,Oxipelle 10mg/g Creme 20g,"58,14","54,07",-7.0%,"51,37",-11.6%
VeraCruz,Disponível,207.0,14,7896070601796,Profenid Retard 200mg 10 comprimidos revestidos,"70,41","60,55",-14.0%,"57,52",-18.3%
VeraCruz,Disponível,206.0,12,7896658008825,Levoid 100mcg 30 comprimidos,"18,04","15,15",-16.0%,"14,39",-20.2%
VeraCruz,Disponível,206.0,12,7896094927025,Buscofem Hot 2 adesivos térmicos descartáveis,"30,90","25,65",-17.0%,"24,37",-21.1%
VeraCruz,Disponível,205.0,12,7896622305837,Antiácido Pó Efervescente Estomazil Sabor Abacaxi 5g,"4,13","3,47",-16.0%,"3,30",-20.1%
VeraCruz,Disponível,205.0,13,7894916513302,Neovangy MR 35mg EMS 30 comprimidos revestidos de liberação prolongada,"81,54","63,60",-22.0%,"60,42",-25.9%
VeraCruz,Disponível,205.0,13,7896382706431,Humalog Kwikpen Caneta 100UI 1 carpule com 3ml + 1 sistema de aplicação,"63,52","55,26",-13.0%,"52,50",-17.3%
VeraCruz,Disponível,205.0,14,7894916513050,"RISEDROSS - 150mg, 2 comprimidos revestidos",0,0,0,0,0
VeraCruz,Disponível,204.0,12,7891142171733,Antialérgico Polaramine 6mg 12 Drágeas,"39,98","37,18",-7.0%,"35,32",-11.7%
VeraCruz,Disponível,204.0,12,7897851220823,Ziprol 28 Comprimidos Revestidos 40mg,"75,87","65,25",-14.0%,"61,99",-18.3%
VeraCruz,Disponível,203.0,12,7891104193087,Apracur 6 comprimidos,"12,98","12,07",-7.0%,"11,47",-11.6%
VeraCruz,Disponível,203.0,12,7896112143994,"Carbidol 25mg + 250mg, 30 comprimidos",0,0,0,0,0
VeraCruz,Disponível,203.0,13,7896658003394,Levoid 175mcg 30 comprimidos,"37,05","30,75",-17.0%,"29,21",-21.2%
VeraCruz,Disponível,202.0,13,7896015529086,"Anoro Ellipta 62,5mcg/25mcg 30 doses de pó para inalação","423,89","141,30",-66.7%,"402,70",-5.0%
VeraCruz,Disponível,202.0,13,7898906846531,Óleo de Girassol Skinage 100ml,"27,90","24,55",-12.0%,"23,32",-16.4%
VeraCruz,Disponível,202.0,12,7896026172066,Gel Dersani Hidrogel com Alginato 30g,"50,90","38,68",-24.0%,"36,75",-27.8%
VeraCruz,Disponível,202.0,13,7896083403233,Gel Arnica Montana 200mg/g Herbarium 30g,0,0,0,0,0
VeraCruz,Disponível,202.0,12,7896637022569,Retemic 5mg 60 comprimidos,"75,20","60,91",-19.0%,"57,86",-23.1%
VeraCruz,Disponível,202.0,15,7897337706384,Cozaar 50mg 30 comprimidos revestidos,"69,81","57,94",-17.0%,"55,04",-21.2%
VeraCruz,Disponível,202.0,13,7896094203259,Naprix D 5mg + 25mg 30 cápsulas duras,"77,47","57,33",-26.0%,"54,46",-29.7%
VeraCruz,Disponível,202.0,13,7891010970888,Nicorette 4mg Icemint 30 gomas mastigáveis,"112,98","92,64",-18.0%,"88,01",-22.1%
VeraCruz,Disponível,202.0,13,7891058017507,Analgésico Dorflex Uno 1g 4 comprimidos,"23,74","18,99",-20.0%,"18,04",-24.0%
VeraCruz,Disponível,201.0,13,7896026120425,Solução Antisséptica Malvatricin 250ml,"45,53","40,07",-12.0%,"38,07",-16.4%
VeraCruz,Disponível,201.0,12,7891058002008,Profenid 20mg/ml Sabor Morango 20ml,"45,54","40,53",-11.0%,"38,50",-15.5%
VeraCruz,Disponível,200.0,14,7891058004354,Antialérgico Allegra Pediátrico 6mg/ml 150ml,"91,05","77,39",-15.0%,"73,52",-19.3%
VeraCruz,Disponível,200.0,13,7896094917491,Lacto-Leve Sabor Ameixa 120ml,0,0,0,0,0
VeraCruz,Disponível,200.0,13,7894916550123,Tenadren 80mg + 25mg 30 comprimidos,"28,31","22,65",-20.0%,"21,52",-24.0%
VeraCruz,Disponível,200.0,12,7896241265543,Suprema 2mg + 1mg 28 comprimidos revestidos,"50,35","40,28",-20.0%,"38,27",-24.0%
VeraCruz,Disponível,200.0,14,7891106907064,Xarelto 20mg 28 comprimidos revestidos,0,0,0,0,0
VeraCruz,Disponível,199.0,12,7896094916227,Lisador Dip 1g 10 comprimidos,"26,48","24,10",-9.0%,"22,90",-13.5%
VeraCruz,Disponível,199.0,13,7896094210080,Plenance EZE 20mg+10mg 30 Cápsulas,"139,11","54,95",-60.5%,"104,41",-24.9%
VeraCruz,Disponível,199.0,12,7891317008598,Perivasc 450mg + 50mg 60 Comprimidos Revestidos,0,0,0,0,0
VeraCruz,Disponível,199.0,14,7898100242955,"Glicel 2,5g Adulto 6 supositórios de glicerina","24,71","12,36",-50.0%,"11,74",-52.5%
VeraCruz,Disponível,199.0,12,7894916501668,Toragesic Gotas 20mg/ml EMS 10ml,0,0,0,0,0
VeraCruz,Disponível,199.0,13,7896016804939,Luftal Gel Caps 125mg 10 cápsulas gelatinosas,"28,99","27,54",-5.0%,"26,16",-9.8%
VeraCruz,Disponível,198.0,13,7898029550124,Arcalion 200mg 20 drágeas,0,0,0,0,0
VeraCruz,Disponível,198.0,12,7891317007508,"Rehidrat 50 Sabor Laranja 4 envelopes de 7,625g",0,0,0,0,0
VeraCruz,Disponível,198.0,13,7500435185028,Suplemento Alimentar Femibion 2 28 comprimidos + 28 cápsulas,"144,50","72,25",-50.0%,"137,28",-5.0%
VeraCruz,Disponível,198.0,13,7896094208094,"Iumi 3mg + 0,02mg 24 comprimidos revestidos","76,85","59,17",-23.0%,"56,21",-26.9%
VeraCruz,Disponível,197.0,12,7896009498244,"AdviPro 11,6mg Gel 30g",0,0,0,0,0
VeraCruz,Disponível,197.0,12,7896658018800,"Bravan HCT 80mg + 12,5mg 30 comprimidos","84,94","72,20",-15.0%,"68,59",-19.2%
VeraCruz,Disponível,197.0,13,7897337706575,Singulair 5mg 30 comprimidos mastigáveis,"94,53","76,57",-19.0%,"72,74",-23.1%
VeraCruz,Disponível,197.0,12,7897337716260,"Livial 2,5mg 84 comprimidos",0,0,0,0,0
VeraCruz,Disponível,197.0,12,7896004726694,Suavicid Legrand Bisnaga com 15g,"123,41","80,22",-35.0%,"76,21",-38.2%
VeraCruz,Disponível,197.0,13,7896094207851,Ancoron 200mg 30 comprimidos revestidos,"59,53","46,43",-22.0%,"44,11",-25.9%
VeraCruz,Disponível,196.0,14,7896112406242,Livalo 4mg 60 comprimidos revestidos,"316,21","79,05",-75.0%,"225,30",-28.7%
VeraCruz,Disponível,196.0,14,7896637027762,"Inpruv D 50.000UI Apsen, 4 Comprimidos",0,0,0,0,0
VeraCruz,Disponível,196.0,12,7891317132392,Lugano 12mcg + 250mcg Refil 60 cápsulas com pó para inalação,"104,71","89,00",-15.0%,"84,55",-19.3%
VeraCruz,Disponível,196.0,13,7896004770895,Allexofedrin Pediátrico 6mg/ml EMS Sabor Framboesa 60ml,"41,60","41,60",-0.0%,"39,52",-5.0%
VeraCruz,Disponível,196.0,13,7899547508758,Ginkgo Vital 80mg 30 comprimidos,0,0,0,0,0
VeraCruz,Disponível,196.0,13,7891268106213,"PROVERA - 10mg, 14 comprimidos",0,0,0,0,0
VeraCruz,Disponível,195.0,12,7896094200470,Diminut 75mcg + 20mcg 21 comprimidos revestidos,"51,29","40,01",-22.0%,"38,01",-25.9%
VeraCruz,Disponível,195.0,12,7896641812279,Pomada Omcilon-A Orabase 1mg/g Aspen 10g,"27,07","23,01",-15.0%,"21,86",-19.2%
VeraCruz,Disponível,195.0,13,7898430193484,Lavagem Nasal Nasoar 30 sachês + frasco aplicador,"59,90","52,11",-13.0%,"49,50",-17.4%
VeraCruz,Disponível,194.0,12,7896269901720,Seretide Diskus 50mcg + 250mcg 60 doses de pó para inalação,0,0,0,0,0
VeraCruz,Disponível,194.0,12,7896523206479,Ginkomed 80mg 30 comprimidos revestidos,"38,08","24,75",-35.0%,"23,51",-38.3%
VeraCruz,Disponível,194.0,13,7896658025129,Prolive 15 cápsulas,"73,90","73,90",-0.0%,"70,21",-5.0%
VeraCruz,Disponível,194.0,13,7894916516679,Suplemento Alimentar Neutrofer Folato D 30 comprimidos revestidos,"98,90","85,05",-14.0%,"80,80",-18.3%
VeraCruz,Disponível,194.0,14,7891721027451,Glifage XR 750mg 30 comprimidos de liberação prolongada,0,0,0,0,0
VeraCruz,Disponível,193.0,14,7891317020101,Antiácido Simeco Plus Sabor Hortelã 240ml,0,0,0,0,0
VeraCruz,Disponível,193.0,14,7896658002687,Parasin 400mg Sabor Banan 1 comprimido mastigável,0,0,0,0,0
VeraCruz,Disponível,193.0,13,7896714291857,Picbam 5mg 60 comprimidos revestidos,0,0,0,0,0
VeraCruz,Disponível,193.0,13,7896255766906,Piascledine 300 100mg + 200mg 30 cápsulas,0,0,0,0,0
VeraCruz,Disponível,193.0,13,7891035001109,Nuromol 200mg + 500mg 12 comprimidos revestidos,"32,99","29,69",-10.0%,"28,21",-14.5%
VeraCruz,Disponível,192.0,13,7896004714578,"Solução Nasal Naridrin 12 Horas 1mg/ml + 0,2mg/ml + 5mg/ml 30ml","38,53","19,90",-48.4%,"18,91",-50.9%
VeraCruz,Disponível,192.0,12,7894916500746,Sucrafilm 200mg/m 20 flaconetes com 10ml cada,"118,00","99,12",-16.0%,"94,16",-20.2%
VeraCruz,Disponível,191.0,14,7896523222783,"Fluidificante e Descongestionante Nasal Rinosoro SIC Spray 0,9%  50ml",0,0,0,0,0
VeraCruz,Disponível,191.0,12,7897595901446,Puran T4 125mcg 30 comprimidos,"25,49","18,61",-27.0%,"17,68",-30.6%
VeraCruz,Disponível,191.0,13,7897473204331,Clotrigel 20mg/g Creme 20g + 3 aplicadores,"58,15","49,43",-15.0%,"46,96",-19.2%
VeraCruz,Disponível,191.0,13,7896094928176,Buscopan Pediátrico 10mg/ml Gotas 20ml,"31,99","27,83",-13.0%,"26,44",-17.3%
VeraCruz,Disponível,191.0,13,7896004752471,Ibandronato de Sódio Monoidratado 150mg EMS 1 comprimido revestido,"91,68","32,09",-65.0%,"30,49",-66.7%
VeraCruz,Disponível,190.0,12,7897337716253,"Livial 2,5mg 28 comprimidos","125,73","88,01",-30.0%,"83,61",-33.5%
VeraCruz,Disponível,190.0,12,7896637032506,Eniagor 50mg/ml Solução Capilar 50ml,"87,02","43,51",-50.0%,"41,33",-52.5%
VeraCruz,Disponível,190.0,14,7891058000103,Analgésico Dorflex Uno 1g com 10 comprimidos,"31,43","28,60",-9.0%,"27,17",-13.6%
VeraCruz,Disponível,189.0,12,7896112402671,Dozoito 50mg 30 comprimidos,"76,54","58,94",-23.0%,"55,99",-26.8%
VeraCruz,Disponível,188.0,12,7898040321871,Kelo-Cote Gel 15g,0,0,0,0,0
VeraCruz,Disponível,188.0,12,7898586630772,"Akynzeo 0,56 + 300mg 1 cápsula dura",0,0,0,0,0
VeraCruz,Disponível,188.0,12,7891142141279,"Diprosone 0,5mg/g Creme Dermatológico 30g","56,19","51,13",-9.0%,"48,57",-13.6%
VeraCruz,Disponível,187.0,12,7896112400493,Solução Tópica Pantogar Top 80ml,"208,90","58,49",-72.0%,"166,71",-20.2%
VeraCruz,Disponível,187.0,13,7891317191672,Pergo 2mg/ml 120ml,0,0,0,0,0
VeraCruz,Disponível,186.0,13,7896181907176,Busonid Aquoso Nasal 50mcg 120 doses 6ml,"47,24","41,10",-13.0%,"39,05",-17.3%
VeraCruz,Disponível,186.0,14,7896015500016,Analgésico Sonridor 2 comprimidos efervescentes,0,0,0,0,0
VeraCruz,Disponível,186.0,12,7891317477202,Piemonte 4mg 30 comprimidos mastigáveis,"76,50","61,97",-19.0%,"58,87",-23.0%
VeraCruz,Disponível,186.0,12,7894916503082,Lanz 30mg 28 cápsulas duras de liberação retardada,0,0,0,0,0
VeraCruz,Disponível,186.0,12,7891058000103,Analgésico Dorflex Uno 1g com 20 Comprimidos,"31,43","28,60",-9.0%,"27,17",-13.6%
VeraCruz,Disponível,185.0,12,7897316801130,"Atropina 0,5% Solução Oftálmica 5ml","12,42","12,42",-0.0%,"11,80",-5.0%
VeraCruz,Disponível,185.0,14,7896212410057,Antigases Mylicon 75mg/ml Gotas 15ml,0,0,0,0,0
VeraCruz,Disponível,185.0,14,7896255717724,Teolong 200mg 30 cápsulas com microgrânulos de liberação prolongada,"41,34","34,73",-16.0%,"32,99",-20.2%
VeraCruz,Disponível,185.0,13,7896009498534,Caltrate Ca 600mg + D3 200 UI 60 comprimidos revestidos,"146,75","73,38",-50.0%,"139,41",-5.0%
VeraCruz,Disponível,185.0,12,7896658032431,Clopin Duo 75mg + 100mg 30 comprimidos revestidos,"90,58","74,28",-18.0%,"70,57",-22.1%
VeraCruz,Disponível,184.0,12,7896006216308,Ecos 3mg/ml Xarope Sabor Caramelo 120ml,"32,89","26,31",-20.0%,"24,99",-24.0%
VeraCruz,Disponível,183.0,12,7896006220503,Apresolina 50mg 60 drágeas,"42,33","34,71",-18.0%,"32,97",-22.1%
VeraCruz,Disponível,183.0,14,7896004770901,Allexofedrin Pediátrico 6mg/ml EMS Sabor Framboesa 150ml,"86,50","86,50",-0.0%,"82,18",-5.0%
VeraCruz,Disponível,183.0,12,7896658014345,Biofenac DI 50mg Sabor Cereja 20 comprimidos dispersíveis,"42,94","37,79",-12.0%,"35,90",-16.4%
VeraCruz,Disponível,182.0,13,7898040329655,Floratil 200mg 6 cápsulas,"51,86","46,16",-11.0%,"43,85",-15.4%
VeraCruz,Disponível,182.0,14,7896181900740,Busonid Caps 200mcg Refil 60 cápsulas para inalação,"54,48","47,40",-13.0%,"45,03",-17.3%
VeraCruz,Disponível,182.0,12,7899824401307,Nevrix 100mg + 100mg + 5mg 90 comprimidos revestidos,"219,75","58,60",-73.3%,"167,01",-24.0%
VeraCruz,Disponível,182.0,12,7896026303088,Pradaxa 75mg 30 cápsulas,"209,27","53,71",-74.3%,"153,08",-26.9%
VeraCruz,Disponível,181.0,12,7897460401293,Ginkoba 120mg 30 comprimidos revestidos,"108,01","85,33",-21.0%,"81,06",-25.0%
VeraCruz,Disponível,181.0,12,7896006290667,"Solução Oftálmica Ster MD 1,2mg/ml 10ml",0,0,0,0,0
VeraCruz,Disponível,180.0,14,7896714230504,Massageol Pomada 30g,"29,69","18,41",-38.0%,"17,49",-41.1%
VeraCruz,Disponível,178.0,13,7895858015664,Leite de Magnésia Phillips Hortelã 120ml,"23,50","21,62",-8.0%,"20,54",-12.6%
VeraCruz,Disponível,178.0,12,8903855076096,"Indapen SR 1,5mg 60 comprimidos revestidos",0,0,0,0,0
VeraCruz,Disponível,178.0,13,7899470803975,Varivax 300mg 30 comprimidos,"60,90","51,16",-16.0%,"48,60",-20.2%
VeraCruz,Disponível,177.0,14,7898430194115,Lavagem Nasal Nasoar XT Refil 15 sachês,"69,50","59,08",-15.0%,"56,13",-19.2%
VeraCruz,Disponível,176.0,12,7896641802478,Pantozol 20mg 28 Comprimidos revestidos de liberação retardada,0,0,0,0,0
VeraCruz,Disponível,175.0,13,7896658004810,Remilev 250mg + 60mg 20 comprimidos revestidos,"82,73","74,46",-10.0%,"70,74",-14.5%
VeraCruz,Disponível,175.0,13,7896112471165,Press Plus 5mg + 20mg 30 cápsulas,0,0,0,0,0
VeraCruz,Disponível,175.0,13,7896658033445,Trezor 40mg 30 comprimidos revestidos,"128,39","50,72",-60.5%,"96,36",-24.9%
VeraCruz,Disponível,174.0,13,7898037080217,Complexo Homeopático Almeida Prado N 16 60 Comprimidos,"28,90","27,46",-5.0%,"26,09",-9.7%
VeraCruz,Disponível,174.0,13,7896658006753,"Flogoral 1,5mg/ml Sabor Laranja 150ml",0,0,0,0,0
VeraCruz,Disponível,174.0,13,7896094201392,Naprix A 5mg + 5mg 30 cápsulas,"79,28","58,67",-26.0%,"55,74",-29.7%
VeraCruz,Disponível,173.0,12,7896009498251,"AdviPro 11,6mg Aerossol 85ml",0,0,0,0,0
VeraCruz,Disponível,173.0,12,7896026170567,Malvona Solução Oral 200ml,"45,17","39,30",-13.0%,"37,34",-17.3%
VeraCruz,Disponível,173.0,12,7896637023443,Lonium 40mg 30 comprimidos revestidos,"82,74","71,98",-13.0%,"68,38",-17.4%
VeraCruz,Disponível,173.0,12,7898040321505,"Annita 20mg/mL, 1 frasco com 100mL de Pó para Suspensão Oral","74,05","63,68",-14.0%,"60,50",-18.3%
VeraCruz,Disponível,172.0,14,7896015591977,Leite de Magnésia Eno Hortelã 120ml,"18,90","16,63",-12.0%,"15,80",-16.4%
VeraCruz,Disponível,170.0,12,7894916508933,Bramicar 40mg 30 comprimidos,"99,56","83,63",-16.0%,"79,45",-20.2%
VeraCruz,Disponível,169.0,12,7506339305104,Teste De Gravidez Clearblue Digital,"62,80","57,78",-8.0%,"54,89",-12.6%
VeraCruz,Disponível,169.0,13,7898040321284,"Marevan 2,5mg 60 comprimidos","35,20","28,51",-19.0%,"27,08",-23.1%
VeraCruz,Disponível,168.0,12,7894916500777,Itraspor 100mg 15 cápsulas duras,0,0,0,0,0
VeraCruz,Disponível,167.0,12,7896658008887,Levoid 150mcg 30 comprimidos,"29,45","24,74",-16.0%,"23,50",-20.2%
VeraCruz,Disponível,167.0,14,7896094915107,Benegrip 12 comprimidos revestidos,"29,49","27,43",-7.0%,"26,06",-11.6%
VeraCruz,Disponível,166.0,12,7894164006922,Xarope Fluive 120ml,0,0,0,0,0
VeraCruz,Disponível,164.0,15,7896622305844,Antiácido Pó Efervescente Estomazil Sem Sabor 100g,"4,13","3,47",-16.0%,"3,30",-20.1%
VeraCruz,Disponível,164.0,14,7896641809026,Dexilant 60mg Takeda 30 cápsulas de liberação retardada,"129,76","55,15",-57.5%,"104,79",-19.2%
VeraCruz,Disponível,163.0,13,7891317014377,Buona 150mg 30 cápsulas,0,0,0,0,0
VeraCruz,Disponível,162.0,12,7896658019562,Cipide 100mg 30 comprimidos,"56,96","56,96",-0.0%,"54,11",-5.0%
VeraCruz,Disponível,161.0,13,7891317009755,Tâmisa 30 Sem Parar 75mcg + 30mcg 84 drágeas,"126,12","51,08",-59.5%,"97,05",-23.0%
VeraCruz,Disponível,160.0,13,7896015516642,DuploStat 800mg Abbott 60 Cápsulas Gelatinosas Moles,0,0,0,0,0
VeraCruz,Disponível,159.0,13,7896206402204,Symbicort Turbuhaler 6/100mcg 60 doses,0,0,0,0,0
VeraCruz,Disponível,159.0,12,7896006216483,Xantinon 30 comprimidos revestidos,"16,55","14,90",-10.0%,"14,16",-14.4%
VeraCruz,Disponível,158.0,13,7898037081252,Besomed Almeida Prado 60 Comprimidos,"56,90","52,92",-7.0%,"50,27",-11.7%
VeraCruz,Disponível,158.0,12,7896181922377,Dropropizina 3mg/ml Biosintética 120ml,"18,70","13,09",-30.0%,"12,44",-33.5%
VeraCruz,Disponível,156.0,13,7896261014268,Analgésico CataflamPRO Emulgel 60g,0,0,0,0,0
VeraCruz,Disponível,156.0,12,7898029557154,"Procoralan 7,5mg 56 comprimidos revestidos","216,57","72,19",-66.7%,"205,74",-5.0%
VeraCruz,Disponível,154.0,12,7896269900808,Flixotide Spray 250mcg 60 doses,0,0,0,0,0
VeraCruz,Indisponível,152.0,12,0,Suplemento Probiótico Colidis 5ml,0,0,0,0,0
VeraCruz,Disponível,151.0,13,7896112405801,Fly 250mg 20 cápsulas moles,"55,90","51,99",-7.0%,"49,39",-11.6%
VeraCruz,Disponível,150.0,12,7896112400134,Doss 7.000UI 12 cápsulas gelatinosas moles,"48,06","34,60",-28.0%,"32,87",-31.6%
VeraCruz,Disponível,149.0,13,7898549757119,Monessa 30 cápsulas,"115,29","94,54",-18.0%,"89,81",-22.1%
VeraCruz,Disponível,145.0,13,7891058008635,Analgésico Novalgina 1g 10 comprimidos,"46,94","43,65",-7.0%,"41,47",-11.7%
VeraCruz,Disponível,144.0,14,7896261003996,Flotac 70mg 10 cápsulas,"37,45","32,96",-12.0%,"31,31",-16.4%
VeraCruz,Disponível,142.0,14,7896637023238,Flancox 500mg 14 comprimidos revestidos,"52,13","29,71",-43.0%,"28,22",-45.9%
VeraCruz,Disponível,139.0,13,7896658007309,Fentizol Óvulo 600mg 1 óvulo + 1 aplicador,"93,20","82,02",-12.0%,"77,92",-16.4%
VeraCruz,Disponível,136.0,12,7896685301661,Florax SM 50milhões/ml Pediátrico Sabor Framboesa 5 flaconetes com 5ml cada,"42,52","37,84",-11.0%,"35,95",-15.5%
VeraCruz,Disponível,135.0,12,7896112401599,"Vonau Flash 4mg, Sabor Menta 10 comprimidos de desintegração oral","49,45","31,05",-37.2%,"29,50",-40.3%
VeraCruz,Disponível,113.0,14,7897705202548,"Ozempic 0,25mg 1 carpule de 1,5ml + 1 sistema para aplicação + 6 agulhas novofine","1299,70","433,23",-66.7%,"1234,72",-5.0%
