Produto;Quantidade_Total;Frequencia_Vendas
Drenison 0,125mg/g Creme 30g;582.0;15
Glargilin 100ui/ml 1 caneta descartável preenchida com 3ml de solução injetável;578.0;16
Naprix 5mg 90 comprimidos;555.0;16
Fluidificante Nasal Neosoro 0,9% Fluid Spray 50ml;546.0;16
Cimegripe 20 cápsulas;541.0;15
OSTEOTEC - 150mg, 1 comprimido revestido;541.0;17
Calotrat Hertz Solução 5ml;536.0;17
Suplemento Vitamínico Unizinco 17,60mg/ml Sabor Tutti Frutti 100ml;536.0;15
Venaflon 900mg + 100mg 60 comprimidos;533.0;15
Montelair 4mg Sabor Cereja 30 comprimidos mastigáveis;531.0;15
Hormoskin Creme Dermatológico 15g;521.0;15
Esalerg 5mg 10 comprimidos revestidos;508.0;14
DTN-fol 400mcg + 10mg 90 cápsulas moles;507.0;16
Flodin Duo 150mg 10 comprimidos de liberação controlada;505.0;16
Óleo Mineral ADV Farma 100% Puro 100ml;503.0;16
Pepsamar Sabor Menta 10 comprimidos mastigáveis;501.0;14
Diamicron MR 60mg 60 comprimidos de liberação prolongada;500.0;15
Tâmisa 30 75mcg + 30mcg 21 drágeas;499.0;15
Concor 1,25mg 30 comprimidos revestidos;497.0;15
Gyno - Icaden 10mg/g Creme Vaginal 40g + 7 aplicadores;495.0;13
Bálsamo Bengué Aerossol 85ml;493.0;13
Neutrofer 500mg 30 comprimidos revestidos;493.0;14
Spidufen 1155mg Sabor Damasco com 10 Envelopes de 3g cada;490.0;14
Laxol Sabor Hortelã 60ml;490.0;13
Icaden 10mg/g Creme Dermatológico 20g;490.0;14
Pastilhas para Garganta Strepsils Sabor Mel e Limão 8 pastilhas;485.0;15
Emla 5%  Creme 5g + 2 bandagens oclusivas;482.0;16
Suplemento Vitamínico Imunoglucan DS Sabor Tutti-Frutti 150ml;479.0;14
Cordarex 10mg 30 comprimidos;479.0;15
Resfenol Xarope Sabor Laranja 100ml;475.0;14
Doxaprost 4mg 30 comprimidos;473.0;15
Capy Solução Capilar 50mg/ml 2 frascos de 50ml cada;472.0;16
Retemic 5mg 30 comprimidos;470.0;14
Feminique Conti 3mg + 0,03mg 28 comprimidos;470.0;14
Loratadina 1mg/ml, Cimed 100ml;467.0;15
Pyridium 100mg 25 Drágeas;467.0;15
Mirtax 5mg 30 comprimidos revestidos;466.0;13
Stanglit 15mg 30 comprimidos;465.0;14
Vonau Flash 8mg, Sabor Menta 10 comprimidos de desintegração oral;465.0;15
Mesacol 250mg 15 supositórios;464.0;16
Singulair 10mg 30 comprimidos;463.0;16
Doss Zinco 2000UI + 20mg 60 cápsulas gelatinosas moles;460.0;14
Bravan Duo 160mg/5mg 30 comprimidos;459.0;14
Siblima 60mcg + 15mcg 24 comprimidos revestidos;459.0;14
Piemonte10mg 30 comprimidos revestidos;458.0;14
Vitamina D3 Addera D3 50.000UI 10 comprimidos revestidos;458.0;14
Calicida Solução ADV 10ml;457.0;15
Cefalium One 750mg 20 Comprimidos;457.0;13
Loxonin 60mg 30 comprimidos;457.0;15
Microdiol 150mcg + 30mcg 21 comprimidos;456.0;14
Imunoflan 307,39mg/ml Xarope 120ml;455.0;13
Propranolol 10mg 30 comprimidos;455.0;14
Iziz 2,5mg + 1,5mg 28 Comprimidos Revestidos;454.0;16
Press Plus 2,5mg + 10mg 30 cápsulas;454.0;15
Unoprost 2mg 30 comprimidos;453.0;16
Funtyl 250mg 14 comprimidos;453.0;16
Nesina Met* 12,5mg + 1000mg 60 comprimidos revestidos;452.0;15
Dermosalic 0,5mg/ml + 20,0mg/ml 30ml;452.0;14
Tâmisa 30 Sem Parar 75mcg + 30mcg 28 drágeas;452.0;13
Endofolin 5mg 30 comprimidos revestidos;451.0;14
Tanakan 120mg 30 comprimidos revestidos;450.0;15
Decongex Plus 4 comprimidos;449.0;15
Euthyrox 200mcg 50 comprimidos;449.0;16
Zyloric 100mg 30 comprimidos;448.0;15
Leite de Magnésia 80mg/ml Sem Sabor 120ml;448.0;13
Diovan 160mg 28 comprimidos revestidos;448.0;14
Neosaldina 4 drágeas;447.0;13
DERMOMAX - 40mg/g 1 bisnaga com 5g de creme de uso dermatológico;447.0;14
Solução Oftálmica Simbrinza 10mg/ml + 2mg/ml 8ml;445.0;15
Primera 20 150mcg + 20mcg 63 comprimidos;445.0;14
Prostatal 160mg 30 cápsulas moles;444.0;14
Tamiflu 75mg 10 cápsulas;444.0;15
Salonpas Air Aerosol 80ml;443.0;14
Loratamed 10mg Cimed 12 comprimidos;443.0;16
Predsim 5mg 20 comprimidos;443.0;13
Diosmin 450mg + 50mg 30 comprimidos revestidos;442.0;13
ARCALION - 200mg, 60 drágeas;441.0;14
Floralyte 45 Sabor Guaraná 500ml;441.0;14
Ondif 8mg 10 filmes;441.0;13
Neutrofer Fólico 150mg + 5mg 30 comprimidos revestidos;441.0;13
Torsilax Neo Química 30 comprimidos;441.0;14
Vastarel MR 35mg 60 comprimidos de liberação prolongada;440.0;14
Lonium 40mg 60 comprimidos revestidos;440.0;14
Zinpass 10mg 30 comprimidos revestidos;440.0;14
Cutisanol 3mg/g + 1,5mg/g + 93,33mg/g Pó 150g;440.0;14
Embo 2,5mg 20 comprimidos revestidos;439.0;14
Tecnomet 2,5mg 20 comprimidos;439.0;14
Lotar 5mg + 50mg 30 cápsulas;439.0;13
Miosan 5mg 10 comprimidos revestidos;438.0;13
Condroflex 1,5g + 1,2g 30 sachês com pó para solução oral;438.0;15
Somalgin Cardio 200mg 32 comprimidos revestidos de dupla camada;438.0;14
Lactosil 10.000 FCC contém 30 Sachês 2g cada;437.0;14
Lisador Dip 1g 8 comprimidos;436.0;13
Neocopan Composto Gotas 10ml;435.0;14
Analgésico Tylenol 500mg 20 comprimidos revestidos;435.0;16
Valtrex 500mg 42 comprimidos revestidos;434.0;14
Cefaliv Aché 12 comprimidos;434.0;15
Ecasil 81 81mg 90 comprimidos revestidos;434.0;16
Doril Enxaqueca 4 comprimidos revestidos;434.0;16
Rosucor 10mg 30 comprimidos revestidos;433.0;14
Maxsulid 400mg 10 Comprimidos;432.0;16
Xafac 2,5mg 30 comprimidos;432.0;15
Glifage XR 850mg 30 comprimidos de liberação prolongada;432.0;14
Domped 5ml/ml Gotas 20ml;432.0;15
Adinos 0,5mg/g Gel Creme 15g;432.0;13
Pomada Dermatológico Nebacetin 15g;431.0;14
Complexo Homeopático Almeida Prado N 46 60 Comprimidos;431.0;14
Solução Nasal Maresis 0,9% Spray Jato Contínuo 100ml;429.0;13
Proctyl 50mg/g + 10mg/g Pomada 10 bisnagas com 3g cada + 10 aplicadores;429.0;15
Allurene 2mg 28 comprimidos;429.0;15
Hormoskin 40mg/g + 0,5mg/g + 0,1mg/g Creme Dermatológico 30g;429.0;13
Emulsão Sanasar 250mg/ml 100ml;428.0;13
Sal de Frutas Eno Laranja 100g;427.0;14
Antiácido Pó Efervescente Estomazil Sabor Sem Sabor 6 envelopes com 5g cada;427.0;15
Esomex 40mg 56 comprimidos revestidos de liberação retardada;427.0;12
Dermobene 10mg/ml 20ml;427.0;13
Neo Fólico 5mg Neo Química 20 comprimidos revestidos;427.0;14
Pediderm 0,2mg/ml  Loção 100ml;426.0;14
Betadine XR 48mg 30 comprimidos;426.0;14
Antialérgico Polaramine Xarope 0,4mg/ml Sabor de Frutas 120ml;426.0;14
Diovan 320mg 28 comprimidos revestidos;426.0;13
Neosaldina 20 drágeas;426.0;13
Caltren 10mg 30 comprimidos;426.0;13
Adacne 0,1% Gel 30g;425.0;15
Primera 30 150mcg + 30mcg 21 comprimidos;425.0;16
Ad-Muc 100mg Pomada Bucal 10g;424.0;15
Adoless 3 0,060mg + 0,015mg 84 comprimidos revestidos;424.0;13
Colchis 0,5mg 30 comprimidos;424.0;16
Xefo 8mg 30 comprimidos revestidos;424.0;14
Diosmin SDU 900mg + 100mg Sabor Laranja / Limão 30 sachês com 5g cada;424.0;12
Xarope Seki 120ml;423.0;14
Benegrip Multi Dia 20 comprimidos;423.0;12
Hirudoid 300 Gel 3mg/g 40g;423.0;15
Atroveran Dip 1g 20 comprimidos;423.0;14
Solução Oftálmica Relestat 5mg/ml 5ml;423.0;14
Ponstan 500mg 24 comprimidos;423.0;15
Diovan HCT 160mg + 12,5mg Novartis 28 comprimidos revestidos;422.0;14
Valerimed 50mg 20 comprimidos revestidos;422.0;16
Lisador Cólica 20 comprimidos revestidos;421.0;15
Enavo 8mg 10 comprimidos EMS;421.0;16
Bravan 80mg 30 comprimidos revestidos;421.0;13
Laxante Dulcolax 5mg 20 drágeas;420.0;15
Diprosone 0,5mg/ 30ml;420.0;13
Suplemento Hidroeletrolítico Sorox Sabor Limão 550ml;420.0;15
Nites 50mcg/automatizção Spray 120 dose 17ml;420.0;13
Ferronil 40mg 50 comprimidos revestidos;420.0;12
Zanidip 20mg 30 comprimidos;420.0;16
Creme de Arnica Cimed com Mentol 60g;420.0;14
Respiratus 7mg/m Xarope Aroma Artificial de Cereja 100ml;419.0;15
Verrux 0,20g/ml + ,015ml/ml Solução 10ml;418.0;13
Holmes H 40mg + 12,5mg 30 comprimidos revestidos;418.0;13
Eniagor 50mg/ml Solução Capilar 2 frascos 50ml cada;418.0;14
Cebralat 100mg 60 comprimidos;417.0;12
Castanha da Índia Atalaia 30 drágeas;417.0;14
Coltrax 4mg 20 comprimidos;416.0;15
Viagra 50mg 2 Comprimidos;416.0;14
Belarina 2mg + 0,02mg 28 comprimidos revestidos;416.0;13
Antiácido Pó Efervescente Estomazil Sabor Guaraná 5g;416.0;14
Prolive 30 cápsulas;416.0;15
Xarope Glyteol 200mg/15ml com Mentol 100ml;415.0;12
Laxante Guttalax 7,5mg/ml 30ml;415.0;15
Ritmoneuran RTM Solução Oral 100ml;415.0;12
Xarope Specdera Sabor Cereja 100ml;415.0;13
Vitamina D Sof D 7.000 UI 8 cápsulas gelatinosas moles;414.0;14
Vabam 20mg 30 comprimidos revestidos;414.0;14
Diclin 2mg + 0,035mg 21 comprimidos revestidos;414.0;14
Camomila Composta Catarinense Solução Oral 150ml;414.0;13
Vynaxa 10mg 30 Comprimidos Revestidos;414.0;13
Lactolínea 667mg/ml Sabor Ameixa 120ml;413.0;13
Jardiance 10mg 30 comprimidos revestidos;412.0;15
Clexane 40mg/0,4ml 2 seringas preenchidas com 0,4ml com sistema de segurança;412.0;13
Nisulid Dispersível 100mg 12 comprimidos dispersíveis;412.0;16
Clenil Compositum A 400mcg/ml + 800mcg/ml 10 flaconetes com 2ml cada;411.0;14
Dexilant 30mg Takeda 30 cápsulas de liberação retardada;411.0;13
Bamifix 600mg 20 drágeas;411.0;13
Naldecon Noite 24 comprimidos;411.0;13
Busonid Caps 400mcg Refil 60 cápsulas para inalação;411.0;15
Trayenta 5mg 30 comprimidos revestidos;411.0;12
Predsim 20mg 10 comprimidos;411.0;12
Colchis 0,5mg 20 comprimidos;411.0;14
Xalatan 50mcg/ml Colírio 2,5ml;410.0;15
Antialérgico Xarope Histamin 2mg/5ml 100ml;410.0;14
Analgésico Dorflex Gotas 20ml;410.0;15
Ibupril 300mg 20 comprimidos;410.0;13
Tropinal 20 comprimidos;409.0;14
Resist 500mg 90 cápsulas;409.0;13
Fluxon 75mg 30 comprimidos;409.0;13
Pressat 2,5mg 30 comprimidos;409.0;15
Nesina Pio 25mg + 30mg 30 comprimidos revestidos;409.0;13
Esomex 40mg 28 comprimidos revestidos;408.0;13
Gel Hidratante Intravaginal VagiSoft 30g + 10 Aplicadores Descartáveis;407.0;14
Doss 7.000UI 30 cápsulas gelatinosas moles;407.0;14
Metrexato 2,5mg 24 comprimidos;407.0;13
Trok 20mg/g + 0,64mg/g Pomada Dermatológico 10g;407.0;15
Neolefrin Neo Química 20 comprimidos;407.0;13
Sinustrat 9,0mg/ml Solução Nasal Forte 10ml;406.0;13
Tylenol 750mg 10 comprimidos revestidos;406.0;13
Litocit 540mg 60 comprimidos de liberação prolongada;406.0;16
Zyxem 5mg 10 comprimidos revestidos;406.0;13
Protopic 0,1% Pomada Dermatológica 30g;406.0;12
Bi-Profenid 150mg 10 comprimidos revestidos de liberação prolongada;406.0;14
Neocoflan 11,6mg/g Aerossol 85ml;405.0;14
Bálsamo Bengué Pomada 60g;405.0;13
Flogoral 1,5mg/ml Sabor Laranja 250ml;405.0;13
Novanlo 5mg 30 comprimidos;405.0;14
Oximax 400mcg 30 cápsulas de pó para inalação + inalador;405.0;14
Spiriva Respimat 2,5mcg/dose 4ml + inalador Respimat (60 doses);405.0;14
Caltren 20mg 30 comprimidos;404.0;15
Minian 150mcg + 20mcg 63 comprimidos revestidos;404.0;13
Predsim 5mg 10 comprimidos;404.0;14
Ibupril 100mg/ml Sabor Tutti-Frutti 20ml;403.0;13
Acular LS 4mg/ml Solução Oftálmica 10ml;403.0;13
Gyno - Icaden Óvulo 600mg 1 óvulo + 1 dedeira;403.0;13
Epiduo 1mg/g + 25mg/g Gel 30g;403.0;16
Brilinta 90mg 60 comprimidos revestidos;403.0;15
Sal de Andrews Efervescente 1 envelope com 5g;403.0;14
Picbam 2,5mg 60 comprimidos revestidos;402.0;17
Avamys Spray Nasal 27,5mg 120 doses 9,1ml;402.0;14
Resolor 1mg 14 comprimidos revestidos;401.0;14
Xarope Polaradex 100ml;401.0;13
Decadron 0,5mg 20 comprimidos;401.0;14
Inibina 10mg 30 comprimidos;401.0;13
Arflex Retard 200mg 6 cápsulas de ação prolongada;401.0;16
Gamaline V 900mg 30 cápsulas moles;401.0;16
Glifage 850mg 30 comprimidos revestidos;401.0;13
Penvir 500mg 21 comprimidos revestidos;401.0;14
Tãmisa 15 60mcg + 15mcg 28 comprimidos revestidos;401.0;14
OLMY ANLO - 20mg + 5mg, 30 comprimidos revestidos;401.0;14
Vynaxa 20mg 28 Comprimidos Revestidos;400.0;12
Melagrião Própolis e Gengibre Spray Sabor Limão 30ml;400.0;15
Qlaira Bayer 26 comprimidos ativos + 2 comprimidos inativos;400.0;14
Leite de Magnésia Phillips Original  350ml;399.0;14
Zanidip 10mg 30 comprimidos revestidos;399.0;14
Solução Oftálmica Patanol S 2,22mg/ml 2,5ml;399.0;14
Diovan Amlo Fix 80mg + 5mg 28 comprimidos revestidos;399.0;14
BetaTrinta 5mg/ml + 2 mg/ml Suspensão Injetável 1ml + seringa;399.0;13
Ondif 4mg 10 filmes;398.0;13
Emistin 1mg/g + 0,05mg/g Creme Dermatológico 20g;398.0;13
Neo B 100mg + 100mg + 5000mcg 60 comprimidos revestidos;398.0;14
Sepurin 120mg + 20mg 20 drágeas;397.0;15
Impere 10mg 30 comprimidos revestidos;397.0;14
Oto-Xilodase Gotas 8ml;397.0;14
Propranolol 40mg 30 comprimidos;397.0;13
Suplemento Hidroeletrolítico Sorox Sabor Uva 550ml;397.0;13
Pradaxa 150mg 60 cápsulas;396.0;16
Tiorfan 10mg 18 sachês com 1g de granulado;396.0;14
Glyxambi 10mg/ 5mg 30 Comprimidos Revestidos;395.0;13
Reuquinol 400mg 30 comprimidos revestidos;394.0;15
Dorilax DT 12 Comprimidos;394.0;13
Doril Enxaqueca 18 comprimidos revestidos;394.0;13
Pomada Calotrat Plantar 200mg/g Kley Hertz 20g;394.0;15
Zior 250mg 14 comprimidos;394.0;13
Descongestionante Nasal Salsep 0,9% Spray 50ml;393.0;13
Previgrip Weleda 50ml;393.0;14
Regulador Intestinal 20 Bí 30 Cápsulas com 335mg;393.0;13
Vibral 30mg/ml Gotas 10ml;393.0;14
Lisador 24 comprimidos;393.0;13
Belpele 3mg/g Gel 30g;393.0;15
Dexilant 30mg Takeda 60 cápsulas de liberação retardada;393.0;13
Daonil 5mg 30 comprimidos;393.0;13
Suplemento Vitamínico Vitergan Zinco PL 30 comprimidos revestidos;393.0;15
Euthyrox 150mcg 50 comprimidos;393.0;13
Monaless 600mg 60 cápsulas gelatinosas moles;393.0;13
Miosan CAF 5mg + 30mg 15 comprimidos revestidos;393.0;16
Transamin 250mg 12 comprimidos;393.0;12
Stanglit 15mg 60 comprimidos;392.0;14
Ebatz 4mg 30 comprimidos revestidos;392.0;15
Cardilol 3,125mg 30 comprimidos;392.0;13
Xarope Leucogen Sabor Caramelo 120ml;391.0;13
Bramicar 80mg 30 comprimidos;391.0;14
Folifolin 5mg EMS 30 comprimidos;391.0;13
Meticorten 5mg 20 comprimidos;391.0;13
Solução Nasal Spray Maresis Ar 0,9% 100ml;391.0;14
Fenergan 50mg/2ml Solução Injetável 25 ampolas com 2ml cada;391.0;12
Exforge HCT 160mg + 12,5mg + 5mg 28 comprimidos revestidos;391.0;14
Nordette 150mcg / 30mcg 21 comprimidos revestidos;390.0;15
Pastilhas para Garganta Strepsils Sabor Mel e Limão 16 pastilhas;390.0;15
Doril 6 comprimidos;390.0;12
Puran T4 75mcg 30 comprimidos;390.0;17
Mirtax 10mg 15 comprimidos revestidos;390.0;13
Óleo de Prímula 500mg Bionatus 45 Cápsulas;390.0;12
Solução Oftálmica Pilocarpina 2% 10ml;389.0;13
Ibupril 400mg 10 comprimidos;389.0;12
Otiblock Spray 45ml;389.0;15
Micardis 40mg 30 comprimidos;389.0;13
Tantin 0,060mg + 0,015mg 84 comprimidos revestidos;389.0;15
Advantan 1mg/g Creme Dermatológico 15g;389.0;13
Laxante L-Enema 130ml;389.0;13
Procoralan 5mg 56 comprimidos revestidos;389.0;16
Fluxon 25mg 30 comprimidos;389.0;15
Andriodermol 50ml;388.0;14
Ginesse 0,075mg + 0,02mg 63 comprimidos;388.0;13
Solução Nasal Naridrin Pediátrico 15ml;388.0;13
Symbicort Spray 6/100 mcg 60 doses de pó de uso inalatório;388.0;14
Rusovas 10mg 60 comprimidos revestidos;388.0;15
Belara 2mg + 0,03mg 21 comprimidos revestidos;388.0;13
Alivium Infantil 50mg/ml Sabor Tutti Frutti 30ml;388.0;13
Tormiv SL 10mg Sabor Limão 10 comprimidos sublinguais;387.0;14
Neovlar 0,25mg + 0,05mg 21 drágeas;387.0;14
ICADEN - 10mg/mL, 1 frasco spray com 60mL de solução de uso dermatológico;387.0;13
Aspirina 500mg 10 comprimidos;387.0;14
Descongestionante Penetro 45ml;386.0;13
Glyxambi 25mg + 5mg 30 comprimidos revestidos;386.0;14
Uniprazol 20mg 56 cápsulas;386.0;14
Benegrip 20 comprimidos revestidos;386.0;13
Berotec 100mcg/ml 200 doses 10ml;386.0;16
Micardis Anlo 80mg + 5mg 30 comprimidos;386.0;15
Novanlo 5mg 90 comprimidos;385.0;12
Anador 500mg/ml Gotas 20ml;385.0;13
Spray Ciflogex Sabor Menta 30ml;385.0;16
Lavagem Nasal Rinosoro Alto Volume 30 sachês;385.0;12
Candicort 20mg + 0,64mg Creme Dermatológica 30g;385.0;15
Acertanlo 3,5mg + 2,5mg 30 comprimidos;385.0;15
Perivasc 450mg + 50mg 30 comprimidos revestidos;384.0;15
Apracur Duo 20 comprimidos;384.0;12
Triplixam 10mg + 2,5mg + 10mg 30 comprimidos revestidos;384.0;12
Atrofem 400mg 2 cápsulas;384.0;14
Decadron 4mg 10 comprimidos;384.0;14
Kaloba 825mg/ml Gotas 20ml;384.0;13
Sal de Frutas Eno Guaraná 2 envelopes com 5g;384.0;13
Iumi ES 3mg + 0,02mg 30 comprimidos revestidos;384.0;13
Analgésico CataflamPRO Emugel 150g;384.0;16
Analgésico Novalgina 500mg 30 comprimidos;383.0;14
Ártico 1,5g + 1,2g 30 sachês com 5g de pó para solução oral;383.0;16
Salonpas Gel 20g;383.0;15
Diovan Amlo Fix 160mg + 10mg 28 comprimidos revestidos;383.0;14
Bravan 320mg 30 comprimidos revestidos;383.0;13
Motix FQM 50 Comprimidos;382.0;13
DEFLAIMMUN - 7,5mg, 20 comprimidos;382.0;13
Eliquis 5mg 60 comprimidos revestidos;382.0;13
Lactolínea 667mg/ml Sabor Salada de Frutas 120ml;382.0;13
Duspatalin 200mg 30 cápsulas gelatinosas duras de liberação prolongada;382.0;15
Edistride 10mg 30 comprimidos;382.0;14
Complexo Homeopático Almeida Prado N 28 60 Comprimidos;382.0;14
AAS Protect 100mg 30 comprimidos revestidos de liberação entérica;382.0;14
Cerazette 75mcg 84 comprimidos revestidos;381.0;12
Pant Sec 50mg/ml Refil 50ml;381.0;14
Linadib 5mg 30 comprimidos revestidos;381.0;13
Antialérgico Allegra 180mg 10 comprimidos revestidos;381.0;14
Dozoito 25mg 30 comprimidos;381.0;15
Benestare 625mg 30 comprimidos revestidos;381.0;14
Proctocaps 20 cápsulas;380.0;15
Suplemento Hidroeletrolítico Hidralyte Natulab Tutti-Frutti 500ml;380.0;13
Divelol 25mg 60 comprimidos;380.0;13
Sumax 100mg 6 comprimidos revestidos;380.0;15
Vitafer 109mg 50 comprimidos revestidos;380.0;13
Lipless 100mg 60 comprimidos;380.0;14
Proflam 100mg 12 comprimidos;380.0;14
Libiam 2,5mg 28 comprimidos;380.0;14
Androgel 50mg 30 envelopes com 5g de gel de uso dermatológico;380.0;13
Antialérgico Allegra D 60mg + 120mg 10 comprimidos revestidos de camada dupla;380.0;15
Digestil 4mg/ml Sabor Menta 20ml;380.0;14
Suplemento Vitamínico Imunoglucan DS 30 Cápsulas;380.0;15
Vitacid XT 1mg/g Creme 25g;379.0;13
Libiam 1,25mg 28 comprimidos revestidos;379.0;12
Nebilet 5mg 60 comprimidos;379.0;15
Neosaldina Dip 1g 20 comprimidos;379.0;15
Insulina Humalog 300UI Refil para Caneta Eli Lilly, 2un com 3ml de solução de uso subcutâneo;379.0;16
Quenzor 100mg 30 cápsulas duras de liberação prolongada;379.0;14
Bravan Duo 160mg/10mg 30 comprimidos;379.0;14
Artrosil 320mg 20 cápsulas duras de liberação prolongada;379.0;15
Adesivos Salonpas Pequeno 10un;379.0;13
Glifage XR 1g 30 comprimidos de liberação prolongada;378.0;14
Ginkgo Biloba Catarinense 80mg 30 comprimidos;378.0;13
Óleo de Girassol Skinage 200ml;378.0;14
Fledoid 500 Pomada 40g;378.0;12
Corus 50mg 30 comprimidos revestidos;378.0;14
Neolefrin Dia Neo Química 20 comprimidos;378.0;13
Buclina 25mg 30 comprimidos;378.0;13
Solução Antisséptica Malvatricin Spray 50ml;377.0;15
Biofenac 11,6mg/g Gel 30g;377.0;14
Naldecon Pack 2 comprimidos Noite e 4 comprimidos Dia;377.0;13
Elixir Paregórico 30ml;377.0;14
Doss 3.000UI Vitamina D3 30 cápsulas gelatinosas moles;377.0;13
Neodia 1,5mg Neo Química 1 comprimido;376.0;14
Ginesse 0,075mg + 0,02mg 21 comprimidos revestidos;376.0;14
Pastilhas Vick Drops Sabor Artificial de Mentol 10g;376.0;12
Probiótico Culturelle Saúde Digestiva 10 Cápsulas;376.0;14
Iumi 3mg + 0,02mg 72 comprimidos revestidos;376.0;14
Vecasten 26,7mg 30 comprimidos;376.0;14
Clenil HFA Spray 50mcg 200 doses 10ml;376.0;14
Depo-Medrol 40mg/ml 1 ampola de 2ml;376.0;13
Tebonin 80mg 30 comprimidos;375.0;13
Gel Nenê Dent N 10g;375.0;12
Tropinal 15ml;375.0;12
Melocox 10mg/ml Solução Injetável 5 ampolas com 1,5ml cada;375.0;13
Solução Oftálmica Lumigan 0,3% 3ml;375.0;14
BENICAR HCT - 20 + 12,5mg, 30 comprimidos revestidos;375.0;12
Escabin Pro 4% Emulsão Capilar 100ml;374.0;12
Pastilha Ciflogex Sabor Menta e Limão 12un;374.0;14
Restaurador da Flora Intestinal Repoflor 100mg 12 cápsulas duras;374.0;14
Peg-Lax 17g Pó para Solução Sabor Limão 14 envelopes;374.0;13
Enavo ODT 4mg 10 comprimidos EMS;374.0;14
Nebitah 5mg 30 comprimidos;374.0;14
Sucrafilm 1g 30 comprimidos mastigáveis;374.0;13
Synthroid 200mcg 30 comprimidos;374.0;12
Pastilha Benalet Sabor Menta 4un;374.0;13
Antux Gotas 20ml;373.0;14
Tandrilax Aché 15 comprimidos;373.0;12
Bisalax 5mg 20 drágeas;373.0;16
Laxante Natural Glicerin Lactantes 6 supositórios;373.0;12
Formocaps 12mcg Refil 30 cápsulas com pó para inalação;373.0;13
Puran T4 50mcg 30 comprimidos;373.0;12
Aspirina C 2 Sabor Limão comprimidos efervescentes;373.0;13
Buscopan Composto 4 comprimidos revestidos;372.0;13
Clenil A 400mcg/ml 10 flaconetes com 2ml cada;372.0;13
Spidufen 770mg Sabor Damasco 10 envelopes com 3g;372.0;13
Vaporizante Descongestionante Vick VapoRub Unguento 50g;372.0;15
Mydriacyl 10mg/ml Solução Oftálmica 5ml;372.0;12
Bionginkgo 120mg Bionatus 30 comprimidos;372.0;12
Vitamina D3 Addera D3 10.000UI 4 Comprimidos Revestidos;372.0;14
Vastarel MR 35mg 30 comprimidos de liberação prolongada;371.0;15
Sporanox 100mg 4 cápsulas;371.0;13
Zyxem 5mg/ml Gotas 20ml;371.0;15
Lugano 12mcg + 250mcg 60 cápsulas com pó para inalação + inalador;371.0;15
Endofer 50mg 30ml;371.0;16
Flutinol1mg/ml Suspensão Oftálmica 5ml;371.0;13
Scalid 100mg 12 comprimidos;371.0;13
Afopic 5mg 20 comprimidos;370.0;15
Gaballon 50mg + 50mg + 2mg + 4mg + 4mg 20 comprimidos;370.0;14
Xarope Mucosolvan 15mg/5ml Pediátrico 120ml;370.0;13
Tamarine 6mg 20 cápsulas;370.0;14
Dunia 35 2mg + 0,035mg 21 comprimidos;370.0;12
Vitamina D3 Addera D3 2.000 U.I. 30 cápsulas gelatinosas;370.0;13
Dprev 14.000ui 04 comprimidos revestidos;370.0;14
Combiron Fólico 120mg 45 comprimidos;370.0;12
Vitamina D Cimed 7.000UI 4 Cápsulas Moles;369.0;13
Liberfem 2mg + 0,03mg 21 comprimidos revestidos;369.0;14
Propilracil 100mg 30 comprimidos;369.0;15
Trilax 300mg + 125mg + 50mg + 30mg 12 comprimidos;369.0;15
Niki 3mg + 0,02mg 72 comprimidos revestidos;369.0;12
Fluimucil 600mg Sabor Limão 16 comprimidos efervescentes;369.0;15
Apidra Solostar 100UI/ml 1 carpule com 3ml + 1 sistema de aplicação;369.0;14
Antialérgico Polaramine Creme 10mg/g 30g;368.0;13
Natrilix 2,5mg 30 drágeas;368.0;13
Iumi ES 3mg + 0,02mg 120 comprimidos;368.0;13
Cronobê 5.000mcg 2 ampolas com 2,5ml cada;368.0;16
Triplixam 10mg + 2,5mg + 5mg 30 comprimidos revestidos;368.0;13
Lasix 40mg 20 comprimidos;368.0;13
Ártico Caps 500mg + 400mg 30 cápsulas moles;368.0;13
Brondilat 25mg/5ml Xarope Sabor Framboesa 120ml;368.0;15
Biofenac Aerossol 85ml;367.0;13
Sal de Frutas Eno Limão 2 envelopes com 5g;367.0;15
Filinar 25mg/5ml Xarope 120ml;367.0;15
CONCÁRDIO - 1,25mg, 30 comprimidos revestidos;367.0;13
Dolamin 125mg 16 comprimidos revestidos;366.0;13
Silimalon 140mg + 100mg 30 comprimidos;366.0;14
ABC Spray 10mg/ml 30ml;366.0;14
Avodart 0,5mg 30 cápsulas gelatinosas moles;366.0;13
Fenazic 7,5mg 30 comprimidos revestidos de liberação prolongada;366.0;13
Resist 500mg 30 cápsulas;366.0;14
Solução Nasal Aturgyl 0,5mg/ml Spray 15ml;366.0;13
Spasmex 30mg 90 comprimidos revestidos;365.0;14
Norestin 0,35mg 35 comprimidos;365.0;14
Triancil 20mg/ml Solução Injetável 5 frascos-ampola com 1ml cada;365.0;14
Silimalon 70mg + 100mg 30 Drágeas;365.0;13
Hipérico Herbarium 100mg 45 cápsulas duras;365.0;12
Creon 25.000 30 cápsulas com minimicroesferas acidorresitentes;365.0;15
Andolba 4,5mg/g + 0,5mg/g + 0,5mg/g 43g;365.0;12
Pomada Proctyl 30g + 10 aplicadores;365.0;12
Naprix 2,5mg 30 comprimidos;365.0;13
Gel Dersani Hidrogel 30g;365.0;13
Gel Nasal Maxidrate 6mg/g 30g;364.0;12
Miosan CAF 10mg + 60mg 15 comprimidos revestidos;364.0;14
Zinpass Eze 20mg + 10mg 30 comprimidos revestidos;364.0;14
Maxalt 10mg 2 comprimidos revestidos;364.0;13
Prolopa HBS 100/25mg 30 cápsulas;363.0;15
Vitanol A 0,25mg/g 30g Creme Dermatológico;363.0;16
Untral 2,5mg Aché 90 cápsulas;363.0;13
Diovan HCT 160mg + 25mg Novartis 28 comprimidos revestidos;363.0;14
Gestinol 28 75mcg +30mcg 28 comprimidos revestidos;363.0;12
Ginkgo 40mg Herbarium 60 cápsulas duras;362.0;14
Celergin 0,25mg + 2mg 20 comprimidos;362.0;14
Pastilhas Angino-Rub Sabor Mel e Limão 16un;362.0;13
Suplemento Alimentar Engov After Sabor Tangerina 250ml;362.0;14
Utrogestan 100mg 30 cápsulas;362.0;13
Tilatil 20mg 10 comprimidos revestidos;362.0;14
Diovan Amlo Fix 160mg + 5mg 28 comprimidos revestidos;362.0;12
Sabonete Sanasar 80g;362.0;14
AltaD 50.000UI 4 cápsulas moles;362.0;13
Suplemento Alimentar Probid 5 Cápsulas;362.0;13
Xefo 8mg 20 comprimidos revestidos;362.0;14
Nesina 25mg 30 comprimidos revestidos;361.0;15
Vênula 200mg 60 cápsulas duras;361.0;16
Dorilen Gotas 15ml;361.0;13
Cataflam Sport Ice Aerossol 60g;361.0;15
Atlansil 100mg 20 comprimidos;361.0;13
Actifedrin 6mg/ml + 0,25mg/ml Xarope 100ml;361.0;14
LuftaFEM 200mg + 500mg 6 comprimidos revestidos;361.0;13
Solução Malvatricin 100ml;361.0;14
Xarope Cimetosse 13,33mg/ml Sabor Mel e Menta 120ml;360.0;13
Alginac Retard 10 comprimidos revestidos de liberação retardada;360.0;13
Omnic Ocas 0,4mg 30 comprimidos de liberação prolongada;360.0;14
Flanax 275mg 2 Comprimidos Revestidos;360.0;14
Pastilha Ciflogex Sabor Laranja 12un;360.0;13
Duoflam 5mg/ml + 2mg/ml Suspensão Injetável com 1ml + seringa;359.0;14
Suplemento Capilar Pantogar Neo 60 Cápsulas;359.0;14
Salonpas Gel 40g;359.0;13
Malvona Solução Oral 100ml;359.0;16
Naxotec Naproxeno 500mg 10 Comprimidos;359.0;14
Dews 5mg/ml Solução Oftálmica 10ml;359.0;13
Motilium 1mg/ml Suspensão Oral 100ml;359.0;16
Solução Oftálmica Glaub MD 0,1% 5ml;359.0;12
FLANCOX - 300mg, 14 comprimidos revestidos;359.0;12
Avide 100mg 9 cápsulas duras;359.0;14
Tâmisa 20 75mcg + 20mcg 63 comprimidos revestidos;359.0;13
Solução Oftálmica Patanol 1,11mg/ml 5ml;359.0;13
Fluidificante e Descongestionante Nasal Rinosoro XT Gotas 0,9% 30ml;358.0;13
Suplemento Alimentar Sulfato Ferroso 125mg/ml Arte Nativa Sabor Framboesa 30ml;358.0;13
Ultibro 110mg + 50mcg 30 cápsulas com pó para inalação + 1 inalador;358.0;15
Blumel Hedera Xarope 15mg/ml 100ml;358.0;14
Solução Spray Desaftan Aftas e Afecções Bucais 25ml;358.0;13
Dexfer 100mg/ml Gotas Sabor doce de Leite 30ml;358.0;14
Evra 0,6mg + 6mg 3 adesivos transdérmicos;357.0;14
SELOKEN - 100mg, 30 comprimidos;357.0;14
Colact 667mg/ml Sabor Ameixa 120ml;357.0;12
Loxonin 60mg 15 comprimidos;357.0;13
Nevralgex Cimed 10 comprimidos;357.0;12
Synthroid 112mcg 30 comprimidos;357.0;13
Oxotron 60mg 30 comprimidos;357.0;14
Gestinol 30mcg + 75mcg 84 comprimidos revestidos;357.0;12
Femina 150mcg + 20mcg 21 comprimidos revestidos;357.0;12
Dermatop 2,5mg/g Creme Dermatológico 20g;357.0;13
Nidue 100mg + 20mg 12 comprimidos;357.0;13
Tepev 500mg 100 cápsulas duras;357.0;14
Dexador 5mg + 100mg + 100mg + 4mg Solução Injetável 3 ampolas A (2ml) + 3 ampolas B (1ml);357.0;13
Solução de Desinfecção Multipropósito Opti-Free Replenish 300ml + 120ml + Estojo de Lentes;357.0;16
Folifer Gotas 30ml;356.0;13
Pyridium 200mg 18 Drágeas;356.0;13
TUNTÁ - 300mg, com 30 comprimidos revestidos;356.0;13
Analgésico Dorflex 10 comprimidos;356.0;14
Benicar Anlo 20mg + 5mg 30 comprimidos revestidos;356.0;12
Óleo Mineral União Química 100ml;356.0;14
Floratil AT 250mg 10 envelopes de 1,25g;356.0;14
Tiorfan 100mg 9 cápsulas;356.0;13
Terolac 0,5% Solução Oftálmica 5ml;356.0;14
Antialérgico Polaramine 2mg 20 Comprimidos;356.0;13
Alektos PED 2,5mg/ml Sabor Framboesa 120ml;356.0;12
Feldene 20mg 15 cápsulas;355.0;12
Benerva 300mg 30 comprimidos revestidos;355.0;13
Mesacol MMX 1200mg 30 comprimidos revestidos de liberação prolongada;355.0;14
Ablok Plus 25mg + 12,5mg 60 comprimidos;355.0;13
Suplemento Hidroeletrolítico Sorox Sabor Tangerina 550ml;355.0;15
Maleato de Dexclorfeniramina 2mg/5ml Cimed 120ml;355.0;14
Solução Oftálmica Atropina 1% 5ml;355.0;12
Melocox 15mg 10 comprimidos;355.0;13
Fluimucil D 600mg 16 envelopes com 5g cada;355.0;12
Sal de Frutas Eno Tônica 2 envelopes com 5g cada;355.0;13
Dalyne 3,0mg + 0,3mg 21 comprimidos revestidos;355.0;15
Solução Oftálmica Britens 0,2% + 0,5% 5ml;355.0;13
Protetor Ocular Oftam Pequeno Colorido 20un;355.0;13
Analgésico Advil 400mg 16 cápsulas líquidas;355.0;13
Vast 20mg 30 comprimidos revestidos;355.0;13
Lisador Dip 1g 20 comprimidos;354.0;12
Complexo Homeopático Almeida Prado N 18 60 Comprimidos;354.0;14
Narix 0,5mg/ml Cimed 30ml;354.0;13
Femoston Conti 1mg + 5mg 28 comprimidos revestidos;354.0;12
Ésio 40mg 28 comprimidos revestidos;354.0;13
Solução Oftálmica Combigan 0,2% + 0,5% 10ml;354.0;13
Reduclim 1,25mg 35 comprimidos;354.0;13
Miosan 10mg 10 comprimidos revestidos;353.0;14
Daflon 1000mg FFPM 30 comprimidos revestidos;353.0;12
Synthroid 137mcg 30 comprimidos;353.0;12
Bendita Cânfora 8 tabletes;353.0;13
Trok-N 20mg/g + 0,64mg/g + 2,5mg/g Creme 10g;353.0;12
Kaloba 111,111mg 21 comprimidos revestidos;353.0;15
Naprix 5mg 30 comprimidos;353.0;13
Xarope Vick 44E 240ml;353.0;13
Cebralat 50mg 60 comprimidos;353.0;13
Gel Hidratante Cicatrimed 30g;352.0;15
Antiácido Pó Efervescente Estomazil Sem Sabor 5g;352.0;12
Suplemento Vitamínico Apevitin BC Xarope 240ml;352.0;13
Myrbetric 50mg 30 comprimidos revestidos de liberação prolongada;352.0;12
Mirtax 5mg 15 comprimidos revestidos;352.0;13
Pomada Bucal Mud Oral 1mg/g 10g;352.0;15
Sumaxpro 50mg + 500mg 2 comprimidos revestidos;352.0;12
RETEMIC - 1mg/mL, 1 frasco com 120mL xarope;352.0;12
Atroveran Dip 1g 10 comprimidos;352.0;13
Isordil Sublingual 5mg 30 comprimidos sublinguais;352.0;13
Nevralgex 300mg + 50mg + 35mg 30 comprimidos;352.0;13
Renitec 5mg 30 comprimidos;351.0;13
Postec 2,5mg/g + 150UTR/g Pomada 20g;351.0;13
Supositório de Glicerina Granado Infantil 12un;351.0;14
Pasta D'Água Calamed Cimed 250mg/g 100g;351.0;13
Teflan 20mg 10 comprimidos revestidos;351.0;12
Betaserc 24mg 30 comprimidos;351.0;14
Solução Oftálmica Ster 10mg/ml 5ml;351.0;13
ProVance Aché Sabor Morango 10 Comprimidos Mastigáveis;350.0;13
Cataflam 50mg 20 drágeas;350.0;13
Somalgin Cardio 100mg 60 comprimidos revestidos de dupla camada;350.0;12
Flancox 600mg 14 comprimidos;350.0;12
Descongestionante Nasal Sorine H 3% Spray 50ml;350.0;14
Protetor Ocular Oftam Pequeno Bege 20un;350.0;14
Trezor 10mg 30 comprimidos revestidos;350.0;13
Xarope Vick 44E 120ml;350.0;13
Novanlo 2,5mg 60 comprimidos;350.0;14
Humulin N NPH 100UI/ml 2 Refis de 3ml cada;350.0;13
Allegra 120mg 2 comprimidos;349.0;14
Dutam 0,5mg + 0,4mg 30 cápsulas gelatinosas duras de liberação prolongada;349.0;12
Spirulina 380mg Bionatus 45 Cápsulas;349.0;14
Fibras Tamarine sem Sabor 10 Sachês de 5,7g cada;349.0;14
Solução Oftálmica Liris 5mg/ml 10ml;349.0;13
Plenance EZE 5mg+10mg 30 Cápsulas;349.0;14
Suplemento Hidroeletrolítico Hidralyte Uva 500ml;349.0;13
Solução Nasal Sinustrat Vasoconstritor 0,5mg/ml 10ml;349.0;13
Ginkoba 80mg 30 comprimidos revestidos;349.0;13
Prelone 3mg/ml Sabor Cereja 60ml + 1 pipeta dosadora;349.0;13
Albocresil 18mg/ml Gel 50g + Aplicador;348.0;12
Daktarin 20mg/g Gel Oral 40g;348.0;12
Decadron Injetável 2mg/ml 2 ampolas com 1ml cada;348.0;13
ATACAND COMB - 16mg + 2,5mg, 30 comprimidos de liberação prolongada;348.0;13
Fisioton 400mg 30 comprimidos revestidos;348.0;13
Xantinon Complex flaconete com 10ml;348.0;13
Velunid 450mg + 50mg 30 comprimidos revestidos;348.0;14
Calcort 6mg 20 comprimidos;348.0;14
Neo Fedipina 10mg 30 comprimidos;348.0;14
Triplenex 0,01% + 0,15% + 0,5% Solução Oftálmica Estéril 5ml;348.0;14
Eniagor 50mg/ml Solução Capilar Refil 50ml;347.0;12
Naldecon Noite 4 comprimidos;347.0;13
Analgésico Novalgina 50mg/ml Sabor Framboesa 100ml + Seringa Dosadora;347.0;13
Micardis HCT 80mg + 12,5mg 30 comprimidos;347.0;15
Kelo-Cote Spray 100ml;347.0;12
Xarope Sedavan 3mg/ml Infantil Sabor Framboesa 100ml;347.0;15
Traumeel S 30ml;347.0;12
Spidufen 770mg 6 comprimidos revestidos;346.0;15
Flagass 40mg 20 comprimidos;346.0;14
Pulmicort 0,5mg/ml Suspensão para Nebulização 5 frascos com 2ml cada;346.0;14
Domperix 10mg 30 comprimidos;346.0;12
Arnica Montana 6CH Almeida Prado Gotas 15ml;346.0;13
Kit Solução para Lentes OPTI-FREE Express 355ml + 120ml + 1 Estojo para Lentes;346.0;14
Hirudoid 500 Gel 5mg/g 40g;346.0;13
Suplemento Alimentar de Lactase Levty 30 comprimidos com  10.000 U.FCC cada;346.0;15
Amiobal 30 comprimidos 100mg;346.0;13
Neosaldina Dip 1g 4 comprimidos;346.0;13
Winter Ap 6mg + 120mg 8 cápsulas;345.0;12
Pant Sec 50mg/ml 1 válvula spray 50ml;345.0;14
Acetilcisteína 600mg + Imuno Katiguá 16 cápsulas;345.0;13
Humulin N NPH 100UI/ml 1 ampola com 10ml;345.0;15
Pastilha Ciflogex Sabor Mel e Limão 12un;345.0;14
Motilium 1mg/ml Suspensão Oral 60ml;345.0;14
Ancoron 100mg 60 comprimidos revestidos;345.0;13
Buprovil 600mg 20 Comprimidos Revestidos;345.0;13
Coledue R 10mg + 20mg 30 cápsulas duras;345.0;14
Antiácido Pó Efervescente Gastrol Limão 1 envelope com 5g;344.0;12
Glivance XR 500mg + 30mg 30 Comprimidos de Liberação Prolongada;344.0;13
Zovirax 50mg/g Creme Dermatológico 10g;344.0;14
Nitrato de Prata Bastão 90,0% Ifal 0,8g;344.0;14
Afrat 150mg 1 comprimido;344.0;13
Analgésico Tylenol Gotas 200mg/ml Sabor Frutas 15ml;344.0;14
Gynazole-1 20mg/g Creme Ginecológico 5g;343.0;12
Primogyna 1mg 28 drágeas;343.0;15
Analgésico Advil 400mg 3 cápsulas líquidas;343.0;12
Tapazol 10mg 50 comprimidos;343.0;13
Vitamina D3 Addera D3 7.000UI 10 comprimidos revestidos;343.0;12
Cimegripe 10 Cápsulas;343.0;13
Soolantra 10mg/g Creme Dermatológico 30g;343.0;14
Hexomedine 1mg/ml + 0,5mg/ml Spray 50ml;343.0;13
Tylenol Sinus 1g + 60mg 36 comprimidos revestidos;343.0;14
Rybelsus 3mg 30 comprimidos;343.0;14
Vabam 15mg 15 comprimidos revestidos;343.0;12
Floratil AT 250mg 10 cápsulas;342.0;14
SECNIDAL - 1000mg, 2 comprimidos revestidos;342.0;14
Trok 20mg/g + 0,64mg/g Creme Dermatológico 10g;342.0;12
Xantinol Complex 12 flaconetes com 10ml cada;342.0;12
Micardis Anlo 80mg + 10mg 30 comprimidos;342.0;12
Sedamed 300mg + 30mg + 30mg 20 comprimidos revestidos;342.0;12
Prolopa 100/25mg 30 comprimidos dispersíveis;342.0;15
Solução Oftálmica Florate 1mg/ml 5ml;342.0;13
Alenia 12mcg + 400mcg 60 cápsulas inalatórias + 1 inalador;342.0;13
Beserol 12 comprimidos;342.0;13
Amome 50mcg Spray Nasal 120 acionamentos;341.0;13
Floratil 100mg 12 cápsulas;341.0;13
Codroflex 500mg + 400mg 90 cápsulas;341.0;13
Triplixam 5mg + 1,25mg + 10mg 30 comprimidos revestidos;341.0;16
Neo Fedipina 20mg 30 comprimidos;341.0;12
Endofer 100mg 30 comprimidos mastigáveis;341.0;15
Cordarex 5mg 30 comprimidos;341.0;12
Xigduo XR 5mg + 1000mg 60 comprimidos revestidos de liberação prolongada;341.0;12
Toragesic 10mg 20 comprimidos sublinguais;341.0;13
Famox 40mg 10 comprimidos;341.0;15
Elixir Galenogal 150ml;340.0;13
Pant 50mg/ml Refil 50ml;340.0;12
OsteoNutri 600mg + 400UI 30 comprimidos revestidos;340.0;13
Trok - N 20mg/g + 0,64mg/g + 2,5mg/g Pomada Dermatológica 30g;340.0;16
Analgésico CataflamPRO Emugel 30g;340.0;14
Diovan 40mg 28 comprimidos revestidos;340.0;14
Pant 50mg/ml 2 frascos de 50ml cada;339.0;14
Trayenta Duo 2,5mg + 850mg 60 comprimidos revestidos;339.0;14
Dexalgen NF Solução Injetável 3 ampolas I (1 ml) e 3 ampolas II (2 ml);339.0;13
Mel Rosado ADV 30ml;339.0;13
Permear 300mg 30 comprimidos revestidos;339.0;14
Benicar HCT 40 + 12,5mg 30 comprimidos revestidos;339.0;13
Motix Pomada 50g;339.0;16
Atacand 8mg 30 comprimidos;339.0;12
Solução Oftálmica Maxilerg 1mg/ml 5ml;339.0;15
Fentizol 0,02g/g Creme Ginecológico 40g + 7 aplicadores de 5g cada;339.0;14
Pérola 75mcg 28 comprimidos revestidos;339.0;12
Ad-Muc Kids 0,2% Gel Bucal 10g;339.0;13
Slinda 4mg 28 comprimidos revestidos;339.0;14
Peg-Lax 8,5g Pó para Solução Sem Sabor 14 envelopes;339.0;14
OsteoNutri 600mg + 400UI 60 comprimidos revestidos;339.0;13
Suplemento Hidroeletrolítico Pedialyte Max Coco 500ml;339.0;13
Vicog 5mg 90 comprimidos;339.0;15
Celerg Xarope 0,4mg/ml + 0,05mg/ml 120ml;338.0;13
Mioflex A 125mg + 50mg + 300mg + 30mg 30 Comprimidos;338.0;12
Kalonat 10ml;338.0;13
Busonid Aquoso Nasal 100mcg 120 doses 6ml;338.0;14
Alta D 15.000UI 4 Cápsulas Moles;338.0;16
Contractubex Gel 20g;338.0;13
Aradois 100mg 30 comprimidos revestidos;338.0;13
Puran T4 37,5mcg 30 comprimidos;338.0;13
Analgésico Aerossol Gelol 60ml;338.0;12
Moment 0,25mg/ml 60ml;338.0;13
Alginac 5.000mcg + 100mg + 100mg + 75mg 3 ampolas com 1ml + 3 ampolas com 2ml;337.0;12
Letrozol 2,5mg Eurofarma 30 comprimidos revestidos;337.0;13
Suplemento Vitamínico Neutrofer Prev 60ml;337.0;12
DIGESTINA - 4mg/mL, 1 frasco gotejador com 20mL de solução de uso oral;337.0;12
Sinvastacor 10mg 30 comprimidos revestidos;337.0;15
Gestrelan 0,15mg + 0,03mg 63 comprimidos;337.0;12
AAS Infantil 100mg com 10 comprimidos;337.0;13
Riopan Plus 80mg/ml + 10mg/ml 240ml;337.0;12
Effient 10mg 30 comprimidos revestidos;336.0;15
Kit Solução Estéril para Lentes Bio Lent 360ml + 120ml + Estojo para Lentes;336.0;15
Pantogar Biolab 30 cápsulas;336.0;13
Diane 35 2mg + 0,035mg 21 drágeas;336.0;15
Bamifix 300mg 20 drágeas;336.0;14
Diamicron MR 30mg 30 comprimidos de liberação prolongada;336.0;17
Lorasliv 10mg 12 comprimidos;336.0;14
Aradois H 50mg + 12,5mg 90 comprimidos revestidos;336.0;14
Omnic Ocas 0,4mg 60 comprimidos de liberação prolongada;336.0;12
Dramin B6 30ml;336.0;12
Motilium 10mg 60 comprimidos;336.0;13
Zina 5mg 10 comprimidos;336.0;12
Atacand 16mg 30 comprimidos;336.0;14
Bramicar HCT 40mg + 12,5mg 30 comprimidos;336.0;13
Metamucil Sabor Laranja 10 sachês com 5,85g;336.0;12
Enxak 12 comprimidos;335.0;12
EMS Expector Sabor Caramelo 120ml;335.0;14
Paracetamol 200mg/ml Cimed 15ml;335.0;12
Symbicort Turbuhaler 6/200 mcg por inalação 60 doses de pó para inalação;335.0;13
Chá Vick Pyrena Sabor Maçã e Canela 5g;335.0;14
Buscofem 400mg 10 cápsulas;335.0;12
Insulina Fiasp 100U FlexTouch 3ml Com 1 Caneta;335.0;13
Protetor Ocular Nexcare Grande 12un;335.0;12
Vasogard 50mg 60 comprimidos;335.0;13
Loção Oleosa Dersani 200ml;335.0;12
Nienza 3,125mg 30 comprimidos;335.0;14
Decongex Plus 12 comprimidos;335.0;13
Psorex 0,5mg/g Solução Capilar 50ml;335.0;13
Magnopyrol 500mg/ml Gotas 20ml;335.0;15
Pressat 2,5mg 60 comprimidos;335.0;14
Milgamma 150mg 30 drágeas;334.0;16
Tormiv SL 10mg Sabor Limão 20 comprimidos sublinguais;334.0;12
Venaflon 900mg + 100mg 30 comprimidos;334.0;17
Suplemento Alimentar Doss 2.000UI Vitamina D3 30 cápsulas gelatinosas moles;334.0;12
Labirin 24mg 30 comprimidos;334.0;13
Xarope Vibral 3mg/ml Sabor Framboesa 120ml;334.0;12
Torante 15mg/ml Xarope 100ml;334.0;13
Enantato de Noretisterona + Valerato de Estradiol 50mg + 5mg Eurofarma 1 ampola com 1ml;334.0;13
Xarelto 15mg 28 comprimidos revestidos;334.0;15
Xarope Ambroxmel Sabor Mel 120ml;334.0;12
Nesina Pio 25mg + 15mg 30 comprimidos revestidos;334.0;14
Hidrion 40mg + 100mg 20 comprimidos;334.0;14
Neocopan Composto 20 comprimidos revestidos;334.0;15
Clenil Compositum HFA Spray 50mcg + 100mcg 200 doses 10ml;334.0;14
Digestina 10mg  20 comprimidos;334.0;14
Flavonid 450mg + 50mg 60 comprimidos revestidos;334.0;12
Fluidificante e Descongestionante Nasal Rinosoro Jet XT Infantil 0,9% 100ml;334.0;13
Doss 15.000UI 04 cápsulas gelatinosas moles;333.0;12
Gaeso 40mg 28 comprimidos;333.0;13
Rivaroxabana 20mg EMS 30 comprimidos revestidos;333.0;14
Suplemento Alimentar para Gestantes Mega Mater 30 cápsulas;333.0;13
Quicard 35mg 60 Comprimidos Revestidos De Liberação Prolongada;333.0;12
Marevan 5mg 30 comprimidos;333.0;13
Synthroid 88mcg 30 comprimidos;333.0;13
Icacort 1mg/g + 10mg/g Creme Dermatológico 30g;333.0;13
Flebodia 600mg 30 comprimidos revestidos;333.0;13
Yomax 5,4mg 60 comprimidos;333.0;12
Osteoban 150mg 3 comprimidos;332.0;13
Meclin 25mg 15 comprimidos;332.0;14
Trezor 20mg 30 comprimidos revestidos;332.0;13
Vodol 20mg/g Pó 30g;332.0;14
Leite de Magnésia Eno Tradicional 120ml;332.0;15
Fluidificante e Descongestionante Nasal Blusoro Jet Infantil 0,9% 100ml;332.0;14
Suplemento Alimentar Engov After Sabor Citrus 250ml;332.0;12
Suplemento Alimentar Probid 30 Cápsulas;332.0;13
Vertigium 10mg 50 comprimidos;332.0;13
Kronel Gel Ginecológico 60g 10 aplicadores;332.0;13
Zyrtec 10mg 12 comprimidos revestidos;332.0;13
Naramig 2,5mg 4 comprimidos revestidos;332.0;12
Somalgin Cardio 81mg, 60 Comprimidos Revestidos de Dupla Camada;332.0;13
Vick Pyrena Grip-7 20 Cápsulas;331.0;13
Venaflon 450mg + 50mg 30 comprimidos revestidos;331.0;14
Acetilcisteína 10mg/ml União Química Uso Endovenoso/Inalatório 5 ampolas de 3ml;331.0;14
Miosan 5mg 30 comprimidos;331.0;15
Alenia Refil 6mcg + 200mcg 60 cápsulas inalatórias;331.0;17
Pomada Kollagenase 0,6U/g 30g;331.0;12
Dacxi 20mg 28 comprimidos revestidos;331.0;13
Antiácido Pó Efervescente Estomazil Sabor Abacaxi 100g;331.0;13
Teste de Gravidez Fast Test Semanas 1un;331.0;13
Maleato de Dexclorfeniramina 2mg/5ml EMS 120ml;331.0;14
Motore 250mg 120 cápsulas;331.0;12
Lacday 10.000 U.FCC EMS 8 comprimidos mastigáveis;330.0;13
Drenison 0,125mg/g Pomada 30g;330.0;14
Melhoral Infantil 8 comprimidos;330.0;15
Digesan 4mg Gotas 20ml;330.0;14
Aradois H 50mg + 12,5mg 60 comprimidos revestidos;330.0;12
Celestamine 0,05mg/ml + 0,4mg/ml Xarope 120ml;330.0;12
Solução Oftálmica Combigan 0,2% + 0,5% 5ml;330.0;12
Vabam 15mg 30 comprimidos revestidos;330.0;14
Spray Nasal Cimed 50ml;330.0;12
Espinheira Santa 380mg Herbarium 45 Cápsulas Duras;330.0;13
Micolamina 80mg/mg Esmalte 8% 6g + 24 lixas;330.0;13
Descongestionante Nasal Sorine SSC 0,9% Spray 50ml;330.0;14
Cimelide 50mg/ml Cimed Suspensão Oral 15ml;329.0;12
Novanlo 2,5mg 90 comprimidos;329.0;15
Slinda 4mg 3 blísteres com 28 comprimidos revestidos cada;329.0;12
Rehidrat 50 Sabor Natural 4 envelopes de 7,34g;329.0;13
Sandrena 0,5mg Gel 28 sachês com 0,5g;329.0;14
CafiLisador 500mg + 65mg 16 comprimidos;329.0;14
Bálsamo Bengué Gel 20g;329.0;12
Permese 5mg/ml + 2mg/ml Solução Intramuscular com 1ml + seringa;329.0;13
Lactulona 667mg/ml Xarope Sabor Salada de Frutas 120ml;329.0;12
Amora 2mg + 0,03mg 21 comprimidos revestidos;329.0;13
Flanax 550mg 2 comprimidos revestidos;329.0;12
Puran T4 12,5mcg 30 comprimidos;329.0;13
Eparema Tradicional Sabor Hortelã 10ml;329.0;13
Sumaxpro 85mg + 500mg 2 Comprimidos Revestidos;329.0;12
Clenil HFA 250mcg Jet Solução Aerossol 200 doses 10ml;328.0;15
Tenag 40mg 20 comprimidos revestidos;328.0;14
Artrodar 50mg 30 cápsulas;328.0;13
Equitam 80mg 30 Comprimidos Revestidos;328.0;13
Suplemento Alimentar Bifilac Sii 30 cápsulas;328.0;13
Suplemento Alimentar Femibion 1 28 comprimidos;328.0;14
Acular LS 4mg/ml Solução Oftálmica 5ml;328.0;14
Tamsulon 0,4mg 30 cápsulas;328.0;13
Stanglit 30mg 30 comprimidos;328.0;12
Acertil 5mg 30 comprimidos revestidos;328.0;12
Tess 2,0mg + 0,035mg 21 comprimidos revestidos;328.0;13
Neutrofer 300mg 30 comprimidos revestidos;328.0;14
SeloZok 25mg 60 comprimidos revestidos de liberação controlada;328.0;13
Antux 30mg/5ml Sabor Cereja 120ml;328.0;12
Euthyrox 112mcg 50 comprimidos;328.0;12
Prolopa BD 100/25mg 60 comprimidos;328.0;14
Liberaflux 7,5mg/ml Sabor Cereja 100ml;327.0;13
Probiótico Enterogermina 10 frascos de 5ml;327.0;12
Euthyrox 100mcg 50 comprimidos;327.0;15
Itralex 100mg 15 cápsulas;327.0;13
Chá Vick Pyrena Sabor Camomila e Erva-Cidreira 5g;327.0;12
Lisador Dip 500mg/ml Gotas 20ml;327.0;13
Primosiston 2mg + 0,01mg 30 comprimidos;327.0;13
Roxflan 5mg 30 comprimidos;327.0;12
Massageol Aerossol 120ml;327.0;13
Mestinon 60mg 60 comprimidos;326.0;15
Antialérgico Claritin 10mg 6 comprimidos;326.0;15
Pozato Uni 1,5mg 1 comprimido revestido;326.0;13
Azukon MR 30mg 100 comprimidos de liberação prolongada;326.0;13
Daraprim 25mg 30 comprimidos;326.0;12
Loxonin Flex 100mg 7 adesivos;326.0;13
Nisulid 100mg 12 comprimidos;326.0;12
Olmetec Anlo 40mg + 5mg 30 comprimidos revestidos;326.0;14
Allestra 30 75mcg + 30mcg 63 drágeas;326.0;14
Rubia 75mcg 28 comprimidos revestidos;326.0;13
Vitamina D 500UI Althaia Gotas 20ml;326.0;12
Alivium 600mg 10 cápsulas líquidas;326.0;13
Concor 10mg 30 comprimidos revestidos;326.0;13
Artroflan 150mg 60 comprimidos revestidos;326.0;14
Clenil HFA 200mcg Spray 200 doses + 1 dispositivo em L para administração oral;326.0;13
Ancoron 100mg 30 comprimidos revestidos;325.0;14
Adoless 0,060mg + 0,015mg 28 comprimidos revestidos;325.0;12
Vonaugasmax 250mg 10 cápsulas moles;325.0;12
AtivB 1000mcg 30 comprimidos sublinguais;325.0;14
Gengimin 160mg 15 Comprimidos Revestidos;325.0;13
Glifage 500mg 30 comprimidos revestidos;325.0;13
Benicar Triplo 40mg/12,5mg/5mg 30 comprimidos revestidos;325.0;13
Algie 150mg 10 comprimidos revestidos de liberação prolongada;325.0;14
Suplemento Alimentar Gestamax Plus 60 cápsulas gelatinosas moles;325.0;13
Pantocal 20mg 28 comprimidos revestidos de liberação retardada;325.0;12
Flebon 50mg 30 comprimidos;325.0;13
Nordette 150/30mcg 63 drágeas;325.0;12
Tenadren 40mg + 25mg 30 comprimidos;325.0;13
LuftaFEM 200mg + 500mg 12 comprimidos revestidos;325.0;12
Fitoscar 60mg/g Pomada 20g;325.0;13
Diosmin SDU 900mg + 100mg Sabor Abacaxi 30 sachês com 5g cada;325.0;12
Suplemento Hidroeletrolítico Hidralyte Natulab Guaraná 500ml;324.0;13
Natrilix SR 1,5mg 60 comprimidos revestidos de liberação prolongada;324.0;14
Suplemento Vitamínico Nestlé Materna 30 comprimidos revestidos;324.0;13
Vitacid Plus 0,1mg/g + 40mg/g + 0,5mg/g Creme 15g;324.0;14
Probiótico Enterogermina Plus 5 frascos de 5ml;324.0;15
Topison 1mg/g Pomada 20g;324.0;15
Alivium Infantil 100mg/ml Sabor Frutas 20ml;324.0;14
Euthyrox 137mcg 50 comprimidos;324.0;12
Concor Anlo 5/5 mg 30 comprimidos;324.0;13
Noex 32mcg Spray Nasal 120 doses;324.0;14
Flanax 550mg 10 comprimidos revestidos;324.0;12
Sinvastacor 40mg 30 comprimidos revestidos;324.0;12
Betaserc 16mg 30 comprimidos;324.0;13
Solução Oftálmica Toragesic Ofta 5mg/ml 5ml;324.0;13
Fluibron A 7,5mg/ml 10 flaconetes com 2ml cada;324.0;12
Solução Oftálmica Drusolol 2% + 5% 5ml;324.0;13
Cataflam 50mg 10 drágeas;323.0;13
Restaurador da Flora Intestinal Repoflor 200mg 6 cápsulas duras;323.0;14
Pomada Lidopass 50mg/g Cimed Sabor Laranja 25g;323.0;15
Antigases Luftal Gotas 75mg/ml Sabor Cereja 15ml;323.0;14
Neosaldina 30 drágeas;323.0;12
Puran T4 175mcg 30 comprimidos;323.0;14
Crevagin 30mg/g + 20mg/g Creme Ginecológico 40g + 7 aplicadores;323.0;13
Selene 0,035mg + 2mg 21 comprimidos revestidos;323.0;13
Apracur Duo 12 comprimidos;323.0;14
Xarope Sedavan 6mg/ml Sabor Framboesa 100ml;323.0;12
Beserol 4 comprimidos;323.0;12
Januvia 50mg 28 comprimidos revestidos;323.0;13
Decongex Plus Xarope 120ml;322.0;13
TRAVATAN - 0,04mg/mL, 1 frasco gotejador com 2,5mL de solução de uso oftalmológico;322.0;13
Umma 20mg/g Creme Ginecológico 6,5g + 1 aplicador;322.0;12
Flogoral 1,5mg/ml Sabor Menta 250ml;322.0;12
Janumet XR 100mg/1000mg 30 comprimidos revestidos de liberação prolongada;322.0;12
Volare 20mg/0,2ml 2 seringas preenchidas de 0,2ml com sistema de segurança;322.0;16
Probiótico Enterogermina Adulto Sabor Laranja 9 sachês;322.0;12
Neosaldina Solução Oral 15ml;322.0;12
Suplemento Alimentar Ofolato D 2.000 UI 30 comprimidos;322.0;14
Rapilax 7,5mg/ml Gotas 30ml;322.0;15
Cafilisador 4 comprimidos;321.0;12
Euthyrox 75mcg 50 comprimidos;321.0;14
Sal de Frutas Eno Tradicional 100g;321.0;13
Lacto - Purga 6 comprimidos revestidos;321.0;14
Laxante Fitoterápico Tamarine Geléia Zero Açúcar 150g;321.0;14
Noripurum 10mg/ml Xarope 120ml;321.0;15
Spidufen 770mg 10 comprimidos revestidos;321.0;12
Hixizine 25mg 30 comprimidos;321.0;12
Inpruv D 7.000UI Apsen, 10 Comprimidos;321.0;13
BenicarAnlo 40mg/10mg 30 comprimidos revestidos;321.0;14
Press Plus 5mg + 20mg 60 cápsulas;321.0;13
Atlansil 200mg 20 comprimidos;321.0;13
Deocil SL 10mg 10 comprimidos sublinguais;321.0;15
Solução Oftálmica Glaucotrat 0,5% 5ml;321.0;13
Tâmisa 20 75mcg + 20mcg 21 comprimidos revestidos;320.0;14
Analgésico Pomada Gelol 20g;320.0;14
Adipept 20mg 28 comprimidos revestidos;320.0;13
Melocox 7,5mg 10 comprimidos;320.0;13
Noex 50mcg Spray Nasal 200 doses;320.0;14
Daivobet 50mcg/g + 0,5mg/g Pomada Dermatológico 30g;320.0;13
Inpruv DK 50.000UI + 100mcg Apsen, 4 Comprimidos;320.0;13
Cromolerg 2% Solução Oftálmica 5ml;320.0;12
Flexive CDM Creme 50g;320.0;12
Suplemento Alimentar Ofolato G 15ml;320.0;13
Caneta para Aplicação de Insulina HumaPen Savvio;320.0;16
Trimbow 100/6/12,5 mcg 120 Doses;320.0;12
Jofix 8mg 10 comprimidos orodispersíveis;320.0;14
Solução Nasal Sinusec Spray 30ml;320.0;12
Solaquin 40mg/g Creme Dermatológico 30g;320.0;12
OLMETEC ANLO - 20mg + 5mg, 30 comprimidos revestidos;320.0;13
Alivium Infantil 30mg/ml Sabor Frutas 100ml;319.0;12
Natifa Pro UBD 0,5mg + 0,1mg 28 comprimidos revestidos;319.0;13
Myrafer 100mg/ml Sabor Doce de Leite 30ml;319.0;13
Iruxol Mono 1,2U Pomada 15g;319.0;14
Solução Oftálmica Azorga 10mg/ml + 6,8mg/ml 6ml;319.0;12
Suplemento Alimentar Calcitran D3 1000ui 30 comprimidos revestidos;319.0;13
Angipress 25mg 30 comprimidos;319.0;15
Protetor Ocular Estéril Sancare Tamanho P 10 unidades;319.0;13
Rizi 5mg 30 comprimidos revestidos;319.0;12
Azukon MR 30mg 60 Comprimidos;319.0;14
Clorana 25mg 30 comprimidos;319.0;14
Vesicare 5mg 30 comprimidos revestidos;319.0;13
Óleo Sachet Pielsana 7,5cm X 15cm 5ml;319.0;13
Antiácido Gastrobion Sabor Cereja 240ml;319.0;12
Claritin 10mg 12 comprimidos;318.0;12
Plenance 10mg 30 comprimidos revestidos;318.0;12
Laxante Fitoterápico Naturetti 16 cápsulas;318.0;12
Caltrate Ca 600mg + D3 200 UI 30 comprimidos revestidos;318.0;12
Cognitus 225mg 60 comprimidos revestidos;318.0;13
Regulador Intestinal Leiba 200 12 Cápsulas;318.0;12
Helioral 250mg 60 cápsulas;318.0;13
Nienza 25mg 30 comprimidos;318.0;13
Condroflex 1,5g + 1,2g Sabor Abacaxi 30 sachês com pó para solução oral;318.0;13
Bexai 35mg 20 capsúlas;318.0;14
Dobeven 500mg 30 cápsulas;318.0;14
Betadine XR 32mg 30 comprimidos;318.0;12
Unoprost 4mg 30 comprimidos;318.0;15
Flogoral 5mg/g Creme Dental Sabor Menta 70g;318.0;13
Femina 150mcg + 20mcg 63 comprimidos revestidos;317.0;14
Ritmonorm 300mg 60 comprimidos revestidos;317.0;13
Plenance EZE 10mg+10mg 30 cápsulas;317.0;13
Busonid Aquoso Nasal 32mcg 120 doses 6ml;317.0;14
Fluidificante e Descongestionante Nasal Rinosoro Jet XT 0,9% 100ml;317.0;13
Creme Dermatológico Fenergan 20mg/g 30g;317.0;13
Flavenos 900mg + 100mg 30 comprimidos revestidos;317.0;13
Artemidis 35 0,035mg + 2mg 21 comprimidos revestidos;317.0;13
Suplemento Alimentar de Lactase Levty 8 comprimidos com  10.000 U.FCC cada;317.0;13
DUOMO HP Eurofarma 60 Cápsulas Duras;317.0;13
Lactulife Sabor Artificial Salada de Frutas 120ml;317.0;12
Ixium 50mg/g 12 sachês de Creme Dermatológico com 250mg cada;317.0;14
Vasopril 20mg 30 comprimidos;317.0;14
Cicladol 20mg 5 comprimidos;317.0;12
Suplemento Alimentar Ofalato 90 comprimidos;317.0;14
Piemonte 5mg 30 comprimidos mastigáveis;316.0;13
Engov 12 comprimidos;316.0;15
Atrovent N 20mcg/dose 10ml + 1 bocal (200 doses);316.0;12
Solução Oftálmica Oftpred 10mg/ml 5ml;316.0;12
Vaporizante Descongestionante Vick VapoRub Unguento 12g;316.0;12
Restaurador da Flora Intestinal Repoflor Pediátrico 200mg 4 envelopes com 1g cada;316.0;13
Sal de Frutas Eno Guaraná 100g;316.0;14
Hemax Eritron 4.000UI Aché 1 ampola com pó liofilizado e 1 ampola com 2ml de diluente;316.0;13
Rosucor 20mg 30 comprimidos revestidos;316.0;14
Motore 250mg 60 cápsulas;316.0;12
Labirin 16mg 30 comprimidos;316.0;12
Trilax 300mg + 125mg + 50mg + 30mg 30 comprimidos;316.0;13
Trok - N 20mg/g + 0,64mg/g + 2,5mg/g Pomada Dermatológica 10g;316.0;15
Descongestionante Nasal Salsep 0,9% 360° Bebê e Criança 50ml;316.0;14
Annita 500mg, 6 comprimidos revestidos;316.0;14
Biovicerin 6 flaconetes com 5ml cada;316.0;13
Laringex Sabor Menta 16 pastilhas;315.0;13
Sal de Frutas Eno Abacaxi 2 envelopes com 5g cada;315.0;13
Vitacid 0,25mg/g Gel 25g;315.0;14
Librene Diu Cobre e Prata Tamanho Normal TCU380AG;315.0;12
Xarope Phitóss 7mg/ml Sabor Framboesa 100ml;315.0;15
Prelone 11mg/ml Gotas Sabor Cereja 20ml;315.0;13
Bravan HCT 160mg + 25mg 30 comprimidos;315.0;12
Suplemento Alimentar Lavitan Pré-Natal Multi 30 comprimidos revestidos;315.0;14
Utrogestan 200mg 14 cápsulas;315.0;12
Condroflex 500mg + 400mg 60 cápsulas;315.0;13
Tylenol Sinus 500g + 30mg 24 comprimidos revestidos;315.0;13
Apresolina 25mg 20 drágeas;315.0;13
Laxante Minilax 7 bisnagas com 6,5g;315.0;14
Antialérgico Allegra Pediátrico 6mg/ml 1 frasco de 60ml de suspensão de uso oral;315.0;13
Allestra 15 60mcg + 15mcg 28 comprimidos;315.0;13
Eliquis 2,5mg 60 comprimidos revestidos;314.0;14
Engov 24 comprimidos;314.0;14
Aceratum 100mg/ml Solução Otológica 10ml;314.0;14
Gynomax Creme Vaginal 35g + 7 aplicadores descartáveis;314.0;12
Coledue R 10mg + 10mg 30 cápsulas duras;314.0;13
Antialérgico Histamin 2mg 20 comprimidos;314.0;13
AAS Infantil 100mg com 30 comprimidos;314.0;12
Fibras Normaten Fit 10 Sachês;314.0;13
Renitec 10mg 30 comprimidos;314.0;15
Suplemento Alimentar Zirvit Pré 30 cápsulas;314.0;15
Nevrix 100mg + 100mg + 5mg 60 comprimidos revestidos;314.0;12
Folifer 5mg + 150mg 30 comprimidos revestidos;314.0;13
Xigduo XR 10mg + 1000mg 30 comprimidos revestidos de liberação prolongada;313.0;13
Ellura 200mg 30 cápsulas;313.0;12
Descongestionante Nasal Salsep Jet 0,9% Jato Contínuo 100ml;313.0;15
Dexason Elixir 100ml;313.0;13
Trok 20mg/g + 0,64mg/g Creme Dermatológico 30g;313.0;15
Risedross 35mg 4 comprimidos revestidos;313.0;13
Pivast 2mg 30 comprimidos revestidos;313.0;13
Musculare 5mg 15 comprimidos;313.0;12
Emulsão Keltrina Plus 5% Fragrância de Erva Doce 60ml;313.0;13
Oscillococcinum 30 Tubos;313.0;12
Pediderm 0,2mg/ml  Shampoo 100ml;312.0;13
Perfenol 20 cápsulas;312.0;13
Albocresil 90mg Óvulo 6un;312.0;12
Suplemento Alimentar Doss 1.000UI Vitamina D3 30 cápsulas gelatinosas moles;312.0;13
Jardiance 25mg 30 comprimidos revestidos;312.0;15
Laxante Muvinlax Sabor Limão 20 sachês com 14g;312.0;13
Ciclo 21 União Química 21 comprimidos;312.0;13
Stanglit 30mg 60 comprimidos;312.0;13
Fibra Metamucil Sabor Laranja 174g;312.0;12
Tylenol DC 1g 20 comprimidos revestidos;312.0;13
Solução Oftálmica TriSorb 15ml;312.0;14
Nactali 75mcg 28 comprimidos revestidos;312.0;13
Gel Hidratante Intravaginal Provagin 30g;312.0;15
Xantinon 10 comprimidos revestidos;312.0;13
Venzer HCT 16mg + 12,5mg 30 comprimidos;312.0;14
Floratil AT 250mg 6 cápsulas;311.0;13
Janumet XR 50mg/1000mg 60 comprimidos revestidos de liberação prolongada;311.0;12
Suplemento Alimentar Bifilac GeFlora Probióticos 14 Sticks;311.0;15
Natifa 1mg 28 comprimidos revestidos;311.0;12
Meritor 4mg + 1000mg 30 comprimidos revestidos;311.0;14
Finalop 1mg 30 Comprimidos Revestidos;311.0;15
Biovicerin 12 flaconetes com 5ml cada;311.0;14
Molièri 20 3mg + 0,02mg 24 comprimidos revestidos;311.0;12
Stele 1mg/g Creme Ginecológico 50g + 5 aplicadores;311.0;16
Chá Stilgrip Sabor Mel e Limão 5g;311.0;13
Renalapril 5mg 30 comprimidos;311.0;13
Microvlar 0,15mg + 0,03mg 63 drágeas;311.0;12
Alenia Refil 12mcg + 400mcg 60 cápsulas inalatórias;311.0;14
Janumet 50mg + 1000mg 56 comprimidos revestidos;311.0;14
Arflex Retard 200mg 12 cápsulas de ação prolongada;311.0;12
Analgésico Advil Extra Alivio ibuprofeno 400mg 8 cápsulas;311.0;13
Mioflex A 125mg + 50mg + 300mg + 30mg 12 Comprimidos;311.0;13
Riopan 80mg/ml 240ml;311.0;13
Betnovate 1mg/g Pomada 30g;311.0;12
Sinvascor 40mg 30 comprimidos revestidos;310.0;13
Celestone 4mg/ml 1 ampola com 1ml de solução de uso intramuscular ou intravenoso;310.0;14
Xifaxan 550mg 28 comprimidos revestidos;310.0;12
Cystex 24 drágeas;310.0;12
Vick Pyrena Grip-7 5 Cápsulas;310.0;12
Gel Dersani Hidrogel com Alginato 85g;310.0;13
Synthroid 100mcg 30 comprimidos;310.0;13
Suspensão Oftálmica Nevanac 1mg/ml 5ml;310.0;12
Allexofedrin D 60mg + 120mg 10 comprimidos revestidos;310.0;13
Promim 10mg/g Creme Ginecológico 30g + 20 aplicadores;310.0;13
Rehidrat 90 Sabor Natural 4 envelopes de 13,95g;310.0;12
Profenid 50mg 24 cápsulas duras;310.0;13
Concárdio 10mg 30 comprimidos revestidos;310.0;12
Digeliv 400GaIU 30 sachês com 2g cada;309.0;13
Predsim 3mg/ml 60ml + dosador;309.0;13
Mesidox 4mg 30 comprimidos;309.0;12
Xarope Vick Pediátrico 120ml;309.0;13
Artrolive 500mg + 400mg 30 cápsulas;309.0;12
Dexador 5mg + 100mg + 100mg + 0,5mg 20 comprimidos revestidos;309.0;13
Naprix A 10mg + 10mg 30 cápsulas;309.0;12
Synthroid 75mcg 30 comprimidos;309.0;12
Deriva Micro 1mg/g Gel de Liberação Controlada 30g;309.0;13
Arnica Weleda 80 comprimidos;309.0;12
Fostair DPI 100mcg/6mcg por inalação 1 Dispositivo Next DPI com 120 doses;309.0;14
Venzer 32mg 30 comprimidos;309.0;13
Voltaren 75mg/3ml Solução Injetável 5 ampolas com 3ml cada;309.0;14
Olina 60ml;308.0;12
Symbicort Spray 6/200 mcg 60 doses de pó de uso inalatório;308.0;13
Bye Bye Fever para Crianças 2 unidades;308.0;13
Solução Oftálmica Maxidex 1mg/ml 5ml;308.0;13
Xalacom 50mcg/ml + 5mg/ml Solução Oftálmica 2,5ml;308.0;13
Vitamina D3 Althaia 7.000 UI 8 cápsulas moles;308.0;13
Calminex Diclo Aerossol 85ml;308.0;14
Hirudoid 300 Pomada 3mg/g 40g;308.0;12
Imecap Hair Cabelos e Unhas 30 Cápsulas;308.0;13
Cueca para Hérnia Inguinal Dupla Dilepé Cor Preta Tamanho P;308.0;13
Micolamina 10mg/g Creme 20g;308.0;12
Xarope Benegrip Multi Sabor Frutas Vermelhas 240ml;308.0;13
Sustrate 10mg 50 comprimidos;307.0;14
Bivolet 5mg Biolab 90 comprimidos;307.0;14
Venolise 26,7mg 30 comprimidos revestidos;307.0;12
Euthyrox 175mcg 50 comprimidos;307.0;14
Novoprazol 20mg 56 Cápsulas;307.0;15
Solução Nasal Sorine Jet Baby Jato Suave Contínuo 100ml;307.0;14
Redoxon 2g Sabor Lima-Limão 10 comprimidos efervescentes;307.0;12
Analgésico Tylenol 750mg Liberação Imediata 20 comprimidos revestidos;307.0;15
Doss 50.000UI 8 cápsulas gelatinosas moles;307.0;14
Suplemento Vitamínico Combi AD 30ml + Seringa Dosadora;307.0;14
Risedross 150mg 1 comprimido revestido;307.0;13
Floralyte 45 Sabor Laranja 500ml;307.0;13
Atrovent 0,250mg/ml Gotas 20ml;307.0;12
Cor-Select 2,5mg 30 comprimidos Biolab;307.0;13
Nienza 12,5mg 30 comprimidos;307.0;14
Etna 2,5mg + 1,5mg + 1,0mg 50 cápsulas;307.0;15
Anador 1g 4 comprimidos;306.0;15
Trayenta Duo 2,5mg + 500mg 60 comprimidos revestidos;306.0;12
Lisador 16 comprimidos;306.0;12
Pomada Dermatológico Nebacetin 50g;306.0;13
Anador 1g 20 comprimidos;306.0;12
Mesacol 800mg 30 comprimidos revestidos;306.0;12
Vaporizante Descongestionante Vick VapoRub Unguento 100g;306.0;13
Venaflon 450mg + 50mg 60 comprimidos revestidos;306.0;12
Press Plus 5mg + 10mg 30 cápsulas;306.0;13
Analgésico Cafiaspirina 4 comprimidos;306.0;13
DPrev 5.000UI 30 comprimidos revestidos;306.0;13
Labirin 8mg 30 comprimidos;305.0;12
Cicloprimogyna (2mg) + (2mg + 0,25mg) 21 drágeas;305.0;12
Dramin CapsGel 50mg 10 Cápsulas Mole;305.0;12
Indocid 50mg 30 cápsulas;305.0;15
Antiácido Estomazil Pastilhas Sabor Abacaxi 20 comprimidos mastigáveis;305.0;14
PlantaBen 3,5g Sabor Artificial Laranja Pó Efervescente 10 envelopes com 5g cada;305.0;13
Euthyrox 88mcg 50 comprimidos;305.0;13
AdviPro 11,6mg Gel 60g;305.0;13
Solução Oftálmica Azorga 10mg/ml + 6,8mg/ml 5ml;305.0;12
Maxalgina 500mg/ml Gotas Sabor Abacaxi 20ml;305.0;12
Xarope Vibral 1,5mg/ml Sabor Framboesa 120ml;304.0;14
Suplemento Alimentar Pealiv 300mg 30 comprimidos;304.0;13
Repopil 35 - 2mg + 0,035mg 21 comprimidos revestidos;304.0;12
Vitamina D3 Addera D3 7.000UI 4 comprimidos revestidos;304.0;12
Relvar Ellipta 100mcg + 25mcg 30 doses de pó para inalação;304.0;13
Stugeron 75mg 30 comprimidos;304.0;13
Clenil HFA 250mcg Spray 200 doses + 1 dispositivo em L para administração oral;304.0;12
Natifa Pro 1mg + 0,5mg 28 comprimidos revestidos;304.0;13
Flogoral 1,5mg/ml Spray Sabor Menta 30ml;304.0;12
Maleato de Dexclorfeniramina 2mg EMS 20 comprimidos;304.0;12
Arulatan 50mcg/ml Solução Oftálmica 2,5ml;304.0;13
Corticorten 20mg 20 comprimidos;304.0;12
ProVance Mini 360 mg Aché 5 sachês;304.0;14
PANTOGAR - 60 cápsulas gelatinosas duras?;303.0;12
Vonau Flash 8mg Biolab, 10 comprimidos de desintegração oral;303.0;14
Trombofob 200U Gel 40g;303.0;13
Oxotron 60mg 15 comprimidos;303.0;13
Naprix A 2,5mg + 5mg 30 cápsulas;303.0;12
Dobeven 500mg 60 cápsulas gelatinosas duras;303.0;13
Synthroid 50mcg 30 comprimidos;303.0;13
Gotas Preciosas 30ml;303.0;12
Singulair 4mg 30 comprimidos mastigáveis;303.0;12
Primogyna 2mg 28 drágeas;303.0;14
Repoflor 250mg 10 cápsulas duras;303.0;13
Cerazette 75mcg 28 comprimidos revestidos;303.0;14
Solução Oftálmica Cetrolac 5mg/ml 5ml;303.0;13
Molièri 30 3mg + 0,03mg 21 comprimidos revestidos;303.0;12
Gamax 30 Cápsulas Gelatinosas;303.0;12
Prelone 5mg 10 comprimidos;303.0;13
Sirdalud 2mg 30 comprimidos;303.0;13
Lavagem Nasal Rinosoro Alto Volume 30 sachês + frasco aplicador;303.0;14
Alektos 20mg 30 comprimidos;303.0;13
Clexane 40mg/0,4ml 6 seringas preenchidas com 0,4ml com sistema de segurança;303.0;13
Toujeo 300U/ml 1 caneta descartável com 1,5ml de solução injetável;303.0;13
Rubenti 200mg 60 cápsulas duras de liberação prolongada;302.0;14
Meticorten 20mg 10 comprimidos;302.0;15
Tarfic 0,03% Pomada Dermatológica 10g;302.0;14
Lactosil 10.000 FCC 30 Tabletes;302.0;12
Loratadina 10mg Cimed, 12 comprimidos;302.0;14
Antiácido Eno Pastilhas Mastigáveis 500mg Sabor Menta 8un;302.0;13
Motilium 1mg/ml Suspensão Oral 200ml;302.0;13
Eparema Sabor Laranja 10ml;302.0;12
AlleNasal Spray Nasal Antialérgico 120 Doses 16,5ml;302.0;14
Engov 6 comprimidos;302.0;13
Topison 1mg/g Creme 20g;302.0;13
Xarope Notuss 1,5mg/ml Sabor Morango 120ml;302.0;13
Cetrolac SL 10mg 20 comprimidos sublinguais;302.0;13
Formocaps 12mcg 30 cápsulas com pó para inalação + 1 inalador;302.0;15
Euthyrox 125mcg 50 comprimidos;302.0;13
Lipidil 160mg 30 comprimidos revestidos;302.0;13
Vitamina D Sof D 50.000 UI 4 cápsulas gelatinosas moles;302.0;13
Tantin 0,060mg + 0,015mg 28 comprimidos revestidos;301.0;14
Pralívio 400mg 10 cápsulas moles;301.0;13
Entresto 49mg + 51mg 60 comprimidos revestidos;301.0;14
Solução Oftálmica Ocupress 2% 5ml;301.0;12
Analgésico Sonridor Caf 2 comprimidos efervescentes;301.0;13
Ultrafer 100mg 30 comprimidos revestidos;301.0;13
Creme Dermatológico Maleato de Dexclorfeniramina 10mg/g EMS 30g;301.0;13
Rizi-M 5mg + 10mg 14 comprimidos revestidos;301.0;12
Soanza XR 35mg 60 comprimidos;301.0;13
Mesigyna 50mg/ml + 5mg/ml Solução Injetável 1 ampola com 1ml;301.0;12
Levoid 112mcg 30 comprimidos;301.0;13
Allestra 20 75mcg + 20mcg 21 drágeas;301.0;13
Nautex 8mg 10 Comprimidos;301.0;14
Pressat 5mg 60 comprimidos;301.0;12
Lisador 8 comprimidos;300.0;12
Expectuss 15mg/5ml Pediátrico 100ml;300.0;13
Aradois 25mg 30 comprimidos revestidos;300.0;13
Buscoduo 20 comprimidos revestidos;300.0;13
Clexane 60mg, 2 seringas preenchidas com 0,6mL de solução de uso subcutâneo ou intramuscular + sistema de segurança;300.0;14
ProVance Aché Sabor Limão 30 Comprimidos Mastigáveis;300.0;14
Lotar 5mg + 100mg 30 cápsulas;300.0;13
Siilif 100mg 30 comprimidos revestidos;300.0;15
Duomo 2mg 30 comprimidos;300.0;12
Colujet 1mg/g Pasta de Uso Bucal 10g;300.0;12
Aerolin 100mcg/dose 200 doses 14,6 ml;300.0;13
Benicar Triplo 40mg/25mg/10mg 30 comprimidos revestidos;300.0;12
Actifedrin 2,5mg + 60mg 20 comprimidos;300.0;12
Flogoral 3mg Pastilhas Sabor Menta 12un;300.0;12
Cataflam Pro XT 23,2mg/g Emugel 100g;300.0;13
Pietra ED 2mg 30 comprimidos revestidos;299.0;13
Antialérgico em Creme Histamin 10mg/g 30g;299.0;14
Advil Mulher 400mg 10 Cápsulas Líquidas;299.0;12
Sorine 0,9% Nebulizador 45ml;299.0;13
Bravan 160mg 30 comprimidos revestidos;299.0;12
Aplause 20mg 30 comprimidos revestidos;299.0;14
Solução Oftálmica Alphagan Z 0,1% 5ml;299.0;15
PlantaBen 3,5g Sabor Artificial Laranja Pó Efervescente 30 envelopes com 5g cada;299.0;14
Esalerg 0,5mg/ml Xarope Sabor Tutti Frutti 100ml;299.0;15
Inpruv D 10.000UI Apsen, 10 Comprimidos;299.0;12
Primera 30 150mcg + 30mcg 63 comprimidos;299.0;12
Levoid 88mcg 30 comprimidos;299.0;14
Advil 600mg 12 Horas 2 comprimidos revestidos de liberação prolongada;299.0;12
Busonid Aquoso Nasal 64mcg 120 doses 6ml;299.0;12
Bálsamo Bengué Gel 60g;299.0;14
ABC Creme 10mg/g 20g;299.0;12
Ammy 4mg 28 comprimidos revestidos;299.0;13
Solução Oftálmica Cromolerg 4% 5ml;298.0;13
Dolamin Flex 125mg + 5 mg 12 comprimidos revestidos;298.0;14
Alenia 6mcg + 200mcg 60 cápsulas inalatórias + 1 inalador;298.0;14
Venalot 15mg + 90mg 60 comprimidos;298.0;12
Nactali 75mcg 84 comprimidos revestidos;298.0;13
Analgésico Novalgina 1g 10 comprimidos efervescentes;298.0;14
Colic Calm Suspensão Oral 59ml;298.0;13
Artrosil 320mg 10 cápsulas duras de liberação prolongada;298.0;14
Lacto - Purga 16 comprimidos revestidos;298.0;14
Flancox 400mg 10 comprimidos revestidos;298.0;12
Solução de Manitol 20% 250ml;298.0;13
Stugeron 25mg 30 comprimidos;298.0;13
DRENIFÓRMIO - 0,125mg/g + 30mg/g, 1 bisnaga com 30g de creme de uso dermatológico;298.0;14
Levoid 25mcg 30 comprimidos;297.0;14
Spiolto 2,5mcg + 2,5mcg 1 Frasco com 4ml de Solução, 60 Acionamentos + Inalador Respimat;297.0;12
Bravan Duo 80mg 5mg 30 comprimidos;297.0;14
Proflam 15mg/g Creme 30g;297.0;15
Vitamina D3 Addera D3 7.000UI 30 comprimidos revestidos;297.0;13
Profergan 25mg 20 comprimidos revestidos;297.0;13
Coristina D Pro 4 comprimidos;297.0;15
Fluidificante e Descongestionante Nasal Rinosoro SIC Infantil Spray Suave 0,9%  50ml;297.0;13
Diane 35 2mg + 0,035mg 63 drágeas;297.0;13
Eparema Sabor Hortelã 12 flaconetes de 10ml cada;297.0;14
Diovan Amlo Fix 320mg + 10mg 28 comprimidos revestidos;297.0;12
Dozemast 1.000mcg 30 comprimidos sublinguais;297.0;13
Synthroid 125mcg 30 comprimidos;297.0;12
Diovan 80mg 28 comprimidos revestidos;297.0;13
Xarope Bisolvon Expectorante Pediátrico 4mg/5ml 1 frasco com 120mL;296.0;13
Benegrip Multi Febre e Dor Pediatrico 15ml;296.0;13
Biofenac DI 50mg 10 comprimidos dispersíveis;296.0;13
SeloZok 50mg 30 comprimidos revestidos de liberação controlada;296.0;13
LuftaGastroPro Sachê 10ml;296.0;12
Luftal Gel Caps 125mg - 20 Cápsulas Gelatinosas;296.0;15
NovaCort Creme 30g;296.0;13
Ablok Plus 100mg 25mg 30 comprimidos;296.0;13
Utrogestan 200mg com 42 cápsulas;296.0;13
Bivolet 5mg Biolab 30 comprimidos;296.0;14
Vertix 5mg/ml Sabor Baunilha 30ml;296.0;13
Esalerg D12 2,5mg + 120mg 10 comprimidos de liberação modificada;296.0;13
Euthyrox 25mcg 50 comprimidos;296.0;12
Florax SM 100milhões/ml Sabor Framboesa 5 flaconetes com 5ml cada;296.0;13
Fluidificante e Descongestionante Nasal Wash In 100ml;296.0;14
Coristina D Pro 16 comprimidos;296.0;12
Carverol 250mg 20 comprimidos;296.0;14
Sal de Frutas Eno Laranja 2 envelopes com 5g;296.0;15
Levoid 50mcg 30 comprimidos;295.0;14
Leite de Magnésia Eno Hortelã 350ml;295.0;12
Amplium G 30mg/g + 20mg/g Creme Ginecológico 40g + 7 aplicadores;295.0;12
Kit Lavitan Pré-Natal Multi 60 cápsulas moles + Ômega 3 DHA 30 comprimidos revestidos;295.0;12
Zart 50mg 30 comprimidos revestidos;295.0;12
Solução Nasal Maresis Baby 0,9% Spray Jato Suave Contínuo 100ml;295.0;14
Brondilat 50mg/5ml Xarope Sabor Framboesa 120ml;295.0;13
Imosec 2mg 12 comprimidos;295.0;13
Vynaxa 15mg 28 Comprimidos Revestidos;295.0;12
Solução Oftálmica Pred Mild 0,12% 10ml;295.0;12
Deocil SL 10mg 20 comprimidos;295.0;12
Diclin 2mg + 0,035mg 63 comprimidos revestidos;295.0;14
Oestrogel 0,6mg/g Gel 80g;295.0;12
Elani Ciclo 3mg + 0,03mg 21 comprimidos revestidos;295.0;13
Alivium 400mg 10 cápsulas líquidas;295.0;13
Xarope Mucosolvan 30mg/5ml Sabor Morango 120ml;295.0;13
Ablok 25mg 30 comprimidos;295.0;13
Ibupril 400mg 8 cápsulas gelatinosas moles;295.0;12
Valtrex 500mg 10 comprimidos revestidos;294.0;14
Promensil 100mg 30 comprimidos revestidos;294.0;13
Loncord 20mg 20 cápsulas;294.0;13
Alektos 20mg 20 comprimidos;294.0;13
Arnica Montana 6CH Almeida Prado Frasco com 13g;294.0;14
Lacday 10.000 U.FCC EMS 30 comprimidos mastigáveis;294.0;14
Motilium 10mg 30 comprimidos;294.0;14
Drenison 4mcg/cm² Oclusivo 1 Rolo com 7,5cm x 200cm;294.0;13
Indux 50mg 10 comprimidos;294.0;12
Vatis 150mg 90 comprimidos revestidos;294.0;12
Puran T4 150mcg 30 comprimidos;293.0;13
Artrolive 1500mg + 1200mg Sabor Laranja 30 envelopes com 4g de granulado cada;293.0;13
Motix Solução Injetável 10 ampolas com 2,2ml cada;293.0;12
Itraspor 100mg 4 cápsulas;293.0;12
Nebilet 5mg 30 comprimidos;293.0;13
Leite de Magnésia Phillips Original 120ml;293.0;13
Dexfer 400mg, Eurofarma 30 comprimidos revestidos;293.0;14
Florastor 12 cápsulas;293.0;12
Pomada Minancora 30g;293.0;13
Creme Dermatológico Profergan 20mg/g 30g;293.0;15
Daflon 1000mg FFPM 60 comprimidos revestidos;293.0;13
Pradaxa 110mg 30 cápsulas;293.0;12
Dimetigass Gotas 75mg 15ml;293.0;12
Vesomni 6mg + 0,4mg 30 comprimidos revestidos de liberação modificada;293.0;15
Cor-Select 2,5mg 60 comprimidos;292.0;16
Allestra 20 75mcg + 20mcg 63 drágeas;292.0;13
Sal de Frutas Eno Tradicional 2 envelopes com 5g;292.0;12
Qtern 5mg/10mg 30 comprimidos revestidos;292.0;13
Diprosalic 0,5mg/ml + 20mg/ml Solução Dermatológica 30ml;292.0;13
Suplemento Alimentar DOSS 1.000UI Vitamina D3 90 Cápsulas Gelatinosas;292.0;12
Forxiga 10mg 30 comprimidos revestidos;292.0;12
Duomo HP 2mg + 5 mg 30 cápsulas;292.0;12
Suplemento Alimentar Lipomax Cromo 60 cápsulas;292.0;13
Puran T4 200mcg 30 comprimidos;292.0;13
Antigases Luftal Gotas 75mg/ml Sabor Cereja 30ml;291.0;14
Clob - X 0,5mg/g Pomada Dermatológica 30g;291.0;13
Januvia 100mg 28 comprimidos revestidos;291.0;13
Listo 4mg 10 comprimidos de desintegração oral;291.0;13
Toragesic 10mg 10 comprimidos sublinguais;291.0;13
Zimiex 10mg 30 comprimidos;291.0;12
Xantinon Complex 100ml;291.0;12
Fluviral Dia 20 comprimidos;291.0;15
Predsim 11mg/ml Gotas 20ml;291.0;12
Analgésico Advil 400mg 20 cápsulas líquidas;291.0;12
Atacand Comb 16mg + 5mg 30 comprimidos + 30 comprimidos de liberação prolongada;291.0;13
Angipress 50mg 30 comprimidos;291.0;14
Xultophy 100UI/ml + 3,6mg/ml 1 sistema de aplicação com 3ml de solução;291.0;13
Trayenta Duo 2,5mg / 1000mg 60 comprimidos revestidos;291.0;14
Enax 200mg 30 comprimidos revestidos;291.0;13
Marevan 5mg 10 comprimidos;291.0;12
Pastilhas Vick Drops Sabor Artificial de Cereja 10g;291.0;13
Maxidex Pomada Oftálmica 1mg/g 3,5g;291.0;14
Montelair 5mg Sabor Cereja 60 comprimidos mastigáveis;291.0;12
Teste de Gravidez Fast Test Plus 1un;291.0;13
Lisador 4 comprimidos;290.0;13
Artrolive 500mg + 400mg 90 cápsulas;290.0;12
Esalerg 1,25mg/ml Gotas 20ml;290.0;14
Sulfato de Hidroxicloroquina 400mg EMS 30 comprimidos revestidos;290.0;14
Apidra 100UI/ml 1 ampola com 10ml;290.0;12
SeloZok 100mg 30 comprimidos revestidos de liberação controlada;290.0;13
Magnostase 2mg 12 comprimidos;290.0;12
Xarope Desalex 100ml;290.0;13
Teste de Gravidez Clearblue Plus;290.0;12
Janumet 50mg + 500mg 56 comprimidos revestidos;290.0;13
Diamox 250mg 30 comprimidos;290.0;12
Nociclin 0,15mg + 0,03mg 21 comprimidos;290.0;13
Solução Oftálmica Octifen 0,25mg/ml 5ml;290.0;13
Reparil 10mg/g + 50mg/g Gel 100g;290.0;12
Diclac SR 75mg 20 comprimidos;290.0;12
Xarope Glyteol 200mg/15ml Sabor Morango 100ml;290.0;13
Cizax 5mg 30 comprimidos;289.0;12
Duomo 4mg Eurofarma, 30 comprimidos;289.0;14
Osteotrat 35mg 4 comprimidos revestidos;289.0;13
Betadine 24mg 30 comprimidos;289.0;14
Androsten 94mg 30 comprimidos;289.0;13
Pastilhas Benalet Sabor Mel e Limão 4un;289.0;15
Pradaxa 150mg 30 cápsulas;288.0;12
Analgésico Dorflex 24 comprimidos;288.0;13
Steaton 200mg 60 cápsulas moles;288.0;13
Solução Oftálmica Cetrolac MD 4mg/ml 10ml;288.0;14
Fentizol 0,02g/g Creme Dermatológico 20g;288.0;13
Lavagem Nasal Nasoar XT 5,0% Refil 15 sachês;288.0;12
Psorex 0,5mg/g Pomada Dermatológica 30g;288.0;14
Antialérgico Allegra 60mg 10 comprimidos revestidos;288.0;12
Drenatan 0,05mg/ml Solução Oftálmica 2,5ml;288.0;13
Benicar HCT 40mg/25mg 30 comprimidos revestidos;288.0;12
Bicarbonato de Sódio ADV 10 Sachês de 2,5g cada;288.0;12
Dacxi 10mg 30 comprimidos revestidos;288.0;15
Synthroid 150mcg 30 comprimidos;287.0;14
Galvus Met 50mg + 850mg 56 comprimidos revestidos;287.0;15
Noripurum Fólico 100mg + 0,35mg 30 comprimidos mastigáveis;287.0;14
Prelone 5mg 20 comprimidos;287.0;13
Cordarex 2,5mg 30 comprimidos;287.0;12
Antiácido Gastrol Blister 20 Pastilhas;287.0;14
Holmes H 20mg + 12,5mg 30 comprimidos revestidos;287.0;15
Laxante Fitoterápico Naturetti Geleia Sabor Ameixa 130g;287.0;12
Adinos 0,5mg/g Gel Creme 30g;287.0;13
Gaeso 20mg 28 comprimidos;287.0;12
Lacday 10.000 FCC ALU EMS 60 comprimidos mastigáveis;287.0;12
Eliquis 2,5mg 20 comprimidos revestidos;287.0;12
Hidrion 40mg + 100mg 30 comprimidos;286.0;13
Probiatop 30 sachês com 1g;286.0;13
Sumax 50mg 2 comprimidos revestidos;286.0;13
Suplemento Alimentar Ofolato SOP Sabor Tangerina 30 sachês;286.0;12
Halobex 0,05% Creme Dermatológico 30g;286.0;13
Symdulor SL 10mg 10 comprimidos sublinguais;286.0;14
Equitam 120mg 30 comprimidos revestidos;286.0;12
Infralax 15 comprimidos;286.0;12
Advantan 1mg/g Loção 20g;286.0;12
Itralex 100mg 4 Cápsulas Duras;286.0;13
Concor 5mg 30 comprimidos revestidos;285.0;12
Ritmonorm 300mg 30 comprimidos revestidos;285.0;13
Diosmin SDU 900mg + 100mg Sabor Laranja / Limão 15 sachês com 5g cada;285.0;13
Metamucil Pó Sabor Original 210g;285.0;14
Solução Spray Canesten 10mg/ml 30ml;285.0;12
Annita 20mg/ml, 1 frasco com 45ml de pó para suspensão de uso oral;285.0;12
Tarfic 0,1% Pomada Dermatológica 30g;285.0;13
Noripurum 100mg 30 comprimidos mastigáveis;285.0;13
Solução Oral Nasaliv Sabor Cereja 60ml;285.0;12
Solução Oftálmica Pilocarpina 4% 10ml;285.0;13
Colact 667mg/ml Sabor Salada de Frutas 120ml;285.0;15
Descongestionante em Jato Contínuo Vick Vapo Spray 100ml;285.0;12
Antiácido Pó Efervescente Estomazil Sabor Abacaxi 6 envelopes com 5g cada;285.0;13
Puran T4 88mcg 30 comprimidos;285.0;13
Gino Canesten 3 Dias 100mg/5g Creme Vaginal 20g + 3 aplicador;285.0;13
Levemir Flexpen 100U/ml com 1 sistema de aplicação preenchido 3ml;284.0;13
Torsilax Neo Química 12 comprimidos;284.0;12
Vonaugasmax 250mg 20 cápsulas moles;284.0;13
Glucovance 500 + 5mg 30 comprimidos revestidos;284.0;13
Fluidificante e Descongestionante Nasal Rinosoro Jet Infantil 0,9% 100ml;284.0;13
Solução Nasal Sorine Infantil 0,9% Gotas 30ml + 1 conta-gotas;284.0;15
Minel 200mg 30 comprimidos revestidos;284.0;14
Galvus Met 50mg + 1000mg 56 comprimidos revestidos;284.0;12
Lubrificante Ocular Laxime 0,15% 10ml;284.0;14
Arpadol 400mg, 60 Comprimidos;284.0;13
Drenison N 0,125mg/g + 0,35mg/g Creme 30g;284.0;13
Labirin 24mg 60 comprimidos;283.0;14
Pastilhas Benalet Sabor Mel e Limão 12un;283.0;12
Flogoral 3mg Pastilhas Sabor Cereja 12un;283.0;13
Ventus Spray 50mcg 60 Acionamentos 9ml;283.0;12
Busonid Caps 200mcg 60 cápsulas para inalação + 1 inalador;283.0;13
Aglucose 50mg 30 comprimidos;283.0;13
Tamarine 12mg 20 cápsulas;283.0;12
Funchicórea Pó 3g;283.0;14
Funtyl 10mg/g Creme 20g;283.0;12
Gotas Binelli 30mg/ml 10ml;283.0;12
Loratadina 1mg/ml EMS Sabor Cereja 100ml;283.0;12
Picbam 2,5mg 20 comprimidos revestidos;283.0;13
Combodart 0,5mg + 0,4mg 30 cápsulas gelatinosas duras de liberação prolongada;283.0;13
Rubia 75mcg 84 comprimidos revestidos;283.0;14
Tenadren 40mg + 12,5mg 30 comprimidos;283.0;12
Loratamed D Loratadina 1mg/ml + Sulfato de Pseudoefedrina 12mg/ml Xarope 60ml;282.0;14
Solução Nasal Maresis Jato Forte 100ml;282.0;12
Glicel 1,5g Pediátrico 6 supositórios de glicerina;282.0;13
Melagrião Própolis e Gengibre Spray Sabor Laranja 30ml;282.0;12
Etna Injetável 3 frascos ampolas com pó + 3 ampolas com de diluente;282.0;13
Stezza 2,5mg + 1,5mg 28 comprimidos revestidos;282.0;14
Flux SR 1,5mg 30 comprimidos revestidos;282.0;13
Cialis 20mg 2 comprimidos revestidos;282.0;13
Analgésico CataflamPRO XT Emulgel 50g;282.0;12
Coledue R 10mg + 5mg 30 cápsulas duras;282.0;13
Regulador Intestinal Duphalac 667mg/ml Sem Sabor Artificial 200ml;282.0;13
Advil 600mg 12 Horas 6 comprimidos revestidos de liberação prolongada;282.0;12
Eparema Sabor Tradicional Hortelã 200ml;282.0;15
Traumeel S 50 comprimidos sublinguais;281.0;12
Naldecon Pack Dia e Noite 24 comprimidos;281.0;12
Acertil 10mg 60 Comprimidos Revestidos;281.0;14
Rozex 7,5mg/g Gel 30g;281.0;12
Candicort 20mg + 0,64mg Pomada Dermatológica 30g;281.0;12
Suplemento Alimentar Kollis Solução Oleosa Gotas 8ml;281.0;12
Lixiana 30mg 30 comprimidos revestidos;281.0;17
Ablok Plus 25mg + 12,5mg 30 comprimidos;281.0;13
Novolin R 100UI/ml 1 ampola com 10ml;281.0;14
Tiorfan 30mg 38 sachês;281.0;13
Sumax 100mg 2 comprimidos revestidos;281.0;12
Sédatif PC Boiron 60 Comprimidos Revestidos;281.0;13
Noex 100mcg Spray Nasal 100 doses;281.0;14
Supositório de Glicerina Granado Adulto 12un;280.0;12
Dorspan Composto Gotas 20ml;280.0;12
Dorflex Dip 1g 10 comprimidos;280.0;13
Foldan 50mg/g Pomada 45g;280.0;13
SeloZok 25mg 30 comprimidos revestidos de liberação controlada;280.0;12
Broncho - Vaxom 3,5mg 10 cápsulas;280.0;13
Xarope Stodal 150ml;280.0;13
Dexilant 60mg Takeda 60 cápsulas de liberação retardada;280.0;12
Monessa 90 cápsulas;280.0;13
Creon 10.000 30 cápsulas com minimicroesferas acidorresitentes;280.0;13
Olmecor 40mg 30 comprimidos revestidos;280.0;14
Glucovance 500 + 2,5mg 30 comprimidos revestidos;280.0;13
Plasil 10mg 20 comprimidos;280.0;13
Prolopa DR 200/50mg 30 comprimidos de liberação modificada;279.0;12
Aradois H 50mg + 12,5mg 30 comprimidos revestidos;279.0;13
Cloreto de Magnésio PA Ifal 33g;279.0;12
Concor HCT 5mg + 12,5mg 30 comprimidos revestidos;279.0;12
Dexa Citoneurin NFF Injetável 6 ampolas: 3 com 1ml intramuscular + 3 com 2ml de diluente;279.0;12
Doss 50.000UI 4 cápsulas gelatinosas moles;279.0;13
Analgésico Tylenol DC Liberação Imediata 20 comprimidos revestidos;279.0;15
Resfenol 20 cápsulas;279.0;13
Complexo Homeopático Almeida Prado N 48 60 Comprimidos;279.0;12
Propranolol 80mg 30 comprimidos;279.0;13
Onglyza 5mg 28 comprimidos revestidos;279.0;14
Volare 40mg/0,4ml 2 seringas preenchidas de 0,4ml;279.0;14
Slow - K 600mg 20 drágeas;278.0;13
Daivobet 50mcg/g + 0,5mg/g Gel Dermatológico 30g;278.0;13
Femiane 0,075mg + 0,020mg 21 drágeas;278.0;12
Bálsamo Bengué Aerossol 170ml;278.0;13
Ad-Muc 0,4% Soluçao Spray 30ml;278.0;12
Suplemento Alimentar Gestamax Plus 30 cápsulas gelatinosas moles;278.0;12
Vaporizante Descongestionante Vick VapoRub Unguento 30g;278.0;14
Musculare 10mg 30 comprimidos revestidos;278.0;13
Ginna 0,02g/g Creme Ginecológico 40g + 7 aplicadores de 5g cada;278.0;14
Plenance 20mg 30 comprimidos revestidos;278.0;13
Humalog 1000UI 1 ampola com 10ml;278.0;12
Symbicort Turbuhaler 12/400 mcg por inalação 60 doses de pó para inalação;278.0;12
Fly 250mg 10 cápsulas moles;277.0;13
Concor 2,5mg 30 comprimidos revestidos;277.0;13
Leucogen 80mg 30 cápsulas;277.0;15
Vertigoheel 50 comprimidos;277.0;12
Angeliq 1mg + 2mg 28 comprimidos revestidos;277.0;13
Xarope Transpulmin 100mg/15ml Pediátrico Sabor Mel 150ml;277.0;14
Bicerto 150mg 10 comprimidos de liberação prolongada;277.0;14
Synthroid 175mcg 30 comprimidos;277.0;12
Miranova 0,10mg + 0,02mg 21 drágeas;277.0;13
Aradois 25mg 60 comprimidos revestidos;277.0;12
Suplemento Alimentar Doss Zinco + Vitamina D3 2.000UI + 20mg 30 cápsulas gelatinosas;277.0;15
Fluidificante e Descongestionante Nasal Rinosoro SIC Spray 3%  50ml;277.0;14
Vonau Flash 8mg Biolab, 30 comprimidos de desintegração oral;277.0;12
Montelair 4mg Sabor Cereja 60 comprimidos mastigáveis;276.0;12
Analgésico Novalgina 500mg/ml 10ml;276.0;14
Bye Bye Fever para Adultos 2 unidades;276.0;13
Capy 50mg/ml Solução Capilar 5% 50ml;276.0;13
Xarope Notuss 3,0mg/ml Sabor Mel 120ml;276.0;12
Dorflex Max 8 comprimidos;276.0;13
Solução Oftálmica Pilocarpina 1% 10ml;276.0;14
Ibuliv 400mg 8 cápsulas moles;276.0;13
Creme Dermatológico Vodol 20mg/g 28g;276.0;13
Corus 25mg 30 comprimidos revestidos;276.0;13
Micardis 80mg 30 comprimidos;276.0;12
Levoid 125mcg 30 comprimidos;276.0;12
Antiácido Droxaine 240ml;276.0;13
Colírio Clanistil 0,25mg/mm + 3mg/ml 15ml;276.0;13
Vitamina D3 Addera D3 5.000UI 30 comprimidos revestidos;276.0;13
Suplemento Alimentar Althaia Vitamina D3 5.000UI 30 cápsulas moles;275.0;14
Protetor Ocular Estéril Sancare Tamanho M 10 unidades;275.0;12
Micropil R21 0,075 + 0,020mg 21 comprimidos revestidos;275.0;13
Benegrip 6 comprimidos revestidos;275.0;12
Melhoral Adulto 8 comprimidos;275.0;15
Solução Nasal em Spray Vick Primeira Proteção 15ml;275.0;15
Tanderalgin Delta 15 Comprimidos;275.0;15
Inpruv DK 7.000UI + 100mcg Apsen, 8 Comprimidos;275.0;13
Lactulona 667mg/ml Xarope Sabor Ameixa 120ml;275.0;13
Celerg 0,25mg + 2mg 20 comprimidos;275.0;13
Busonid Caps 400mcg 60 cápsulas para inalação + 1 inalador;275.0;14
Antiácido Mylanta Plus Sabor Morango 240ml;274.0;14
Nivux 100mg + 20mg 12 Comprimidos;274.0;13
Pralívio 100mg/ml Sabor Tutti-Frutti 20ml;274.0;13
Voltaren 50mg 20 comprimidos revestidos;274.0;13
Vitamina D3 Addera D3 10.000UI 10 cápsulas moles;274.0;13
Fluir 12mcg 60 cápsulas de pó para inalação;274.0;12
Noex 64mcg Spray Nasal 120 doses;274.0;13
Predsim 40mg 7 comprimidos;274.0;12
Suplemento Hidroeletrolítico Hidralyte Laranja 500ml;274.0;12
Aradois H 100mg + 25mg 30 comprimidos revestidos;274.0;13
Clob - X 0,5mg/ml Emulsão Dermatológica 59ml;274.0;12
Chá Vick Pyrena Sabor Mel e Limão 5g;274.0;12
Bismu-Jet 20ml;273.0;12
Livalo 4mg 30 comprimidos revestidos;273.0;12
Olmecor 20mg 30 comprimidos revestidos;273.0;13
Flexalgin 300mg + 125mg + 50mg + 30mg 30 comprimidos;273.0;12
Nesina Met* 12,5mg + 850mg 60 comprimidos revestidos;273.0;13
Laxante Fitoterápico Tamarine Geléia Zero Açúcar 250g;273.0;12
Probiótico ProHN 30 cápsulas;273.0;13
Probiótico ZincoPro Marjan 6 Cápsulas;273.0;12
Dexaneurin Injetável 3 Ampolas A de 2mL e 3 Ampolas B de 1mL;273.0;13
Vesicare 10mg 30 comprimidos revestidos;273.0;14
Trok 20mg/g + 0,64mg/g Pomada Dermatológico 30g;273.0;15
Analgésico Dorflex Uno 1g 10 comprimidos efervescente;273.0;13
Fledoid 500 Gel 40g;273.0;13
Flancox 400mg 20 comprimidos revestidos;272.0;13
Tandene 30 comprimidos;272.0;12
Descongestionante Nasal Sorine SSC 0,9% Spray Suave Jato Contínuo 100ml;272.0;12
Antiácido Gastrol Pó Efervescente Sabor Laranja 5g;272.0;13
Diprosone 0,5mg/g Pomada 30g;272.0;13
Indapen SR 1,5mg 30 comprimidos revestidos de liberação prolongada;272.0;13
Xarope Vick Mel 100ml;272.0;13
Antigases Luftal Infantil Gotas 75mg/ml Sabor Cereja 15ml;272.0;13
Folacin Sabor Laranja Gotas 30ml;272.0;14
Loratamed Loratadina 1mg/ml Sabor Uva 100ml;271.0;12
Analgésico CataflamPRO Aerossol 85ml;271.0;13
Meclin 50mg 15 comprimidos;271.0;13
Decongex Plus Gotas 20ml;271.0;12
Vagicand 0,02g/g Creme Ginecológico 40g + 7 aplicadores de 5g cada;271.0;14
Cetrolac MD 4mg/ml 5ml;271.0;13
Nizoral 20mg/g Creme Dermatológico 30g;271.0;13
Atroveran Dip 500mg/ml 20ml;271.0;13
Solução Oftálmica Glautimol 6,8mg/ml 5ml;271.0;12
Buscopan Composto 20 comprimidos revestidos;271.0;13
Cimegripe Gotas Pediátrico Sabor Laranja 20ml;271.0;14
Gynpro 100mg 30 cápsulas moles;270.0;12
Maxalgina 500mg/ml Gotas Sabor Abacaxi 10ml;270.0;14
Cetrolac SL 10mg 10 comprimidos sublinguais;270.0;13
Suplemento Alimentar Calcitran D3 1000ui 60 comprimidos revestidos;270.0;14
Voltaren SR 75mg 20 comprimidos revestidos de liberação prolongada;270.0;13
Flagass 75mg/ml Sabor Laranja 10ml;270.0;13
Neosaldina 10 drágeas;270.0;12
Vicog 5mg 30 comprimidos;270.0;12
Acheflan 5mg/g Aerossol 75ml;270.0;12
Euthyrox 50mcg 50 comprimidos;270.0;16
Ebastel 1mg/ml Xarope 60ml;270.0;13
Vasopril Plus 10mg + 25mg 30 comprimidos;270.0;12
Atensina 0,150mg 30 comprimidos;270.0;14
Amiobal 200MG 30 Comprimidos;270.0;14
Aldomet 250mg 30 comprimidos revestidos;270.0;15
Hirudoid 500 Pomada 5mg/g 40g;269.0;12
Primera 20 150mcg + 20mcg 21 comprimidos;269.0;13
Basaglar 100UI/ml 5 refis de 3ml;269.0;12
Rubenti 200mg 30 cápsulas duras de liberação prolongada;269.0;13
Xarope Expectuss 30mg/5ml Adulto 100ml;269.0;13
Benegrip Multi Noite 20 comprimidos;269.0;13
Myrafer 400mg 30 comprimidos revestidos;269.0;12
Analgésico Tylenol Criança 32mg/ml Sabor Frutas 60ml;269.0;12
Actonel Chronos 35mg 4 comprimidos revestidos de liberação retardada;269.0;12
Cataflam D 50mg 20 comprimidos dispersíveis;269.0;13
Suplemento Alimentar UroCran Cranberry 500mg 30 Cápsulas;269.0;12
Varivax 100mg 30 comprimidos;269.0;12
Solução Oftálmica Timoptol 0,5% 5ml;269.0;12
Acertanlo 14mg + 10mg 30 comprimidos;268.0;12
Azukon MR 30mg 30 Comprimidos;268.0;13
Dastene 0,5mg 30 cápsulas moles;268.0;13
Ceci 2mg + 1mg 28 comprimidos revestidos;268.0;13
Vasogard 50mg 30 comprimidos;268.0;14
Tylenol DC 1g Multiplas Dores 4 comprimidos;268.0;12
Triazol 150mg 1 cápsula;268.0;12
Novanlo 2,5mg 30 comprimidos;268.0;12
Lipless 100mg 30 comprimidos;268.0;12
Duphaston 10mg 28 comprimidos revestidos;268.0;14
Gel para Higiene dos Olhos Blephagel 40g;268.0;12
Loção Pediletan 1% 60ml + Pente Fino;268.0;13
Plurair 50mcg/dose Spray 60 doses 6ml;268.0;13
Sal de Frutas Eno Tônica 100g;267.0;13
Drenison N 0,125mg/g + 0,35mg/g Pomada 30g;267.0;13
Peridal 10mg 60 comprimidos;267.0;13
Arpadol 400mg 30 comprimidos revestidos;267.0;14
Mercilon 150mcg + 20mcg 21 comprimidos;267.0;14
ProVance Aché Sabor Limão 10 Comprimidos Mastigáveis;267.0;13
Solução Oftálmica Claroft 0,12mg/ml 15ml;267.0;12
Coristina D Pro 8 comprimidos;267.0;13
Aspirina Prevent 100mg 30 comprimidos revestidos;267.0;12
Abrilar 7mg/ml Xarope 100ml;267.0;14
Crestor 20mg 30 comprimidos revestidos;267.0;14
Cutisanol 1,5mg/g + 45mg/g Gel 100g;267.0;12
Fenergan 25mg 20 comprimidos revestidos;267.0;15
Flexive CDM Creme 25g;266.0;13
Levoid 75mcg 30 comprimidos;266.0;13
Ibufran 400mg 8 cápsulas líquidas;266.0;14
Suplemento para Gestantes Regenesis 30 Cápsulas Moles;266.0;12
Somalgin Cardio 325mg 32 comprimidos revestidos de dupla camada;266.0;12
Floratil 200mg 4 envelopes com 1g cada;266.0;12
Neblock 5mg 60 comprimidos;266.0;12
Cyclofemina 25mg + 5mg Solução Injetável 1 ampola com 0,5ml;266.0;13
Buscopan 10mg 20 drágeas;266.0;12
Descongestionante Inalante Vick Bastão 0,5g;266.0;12
Cáscara Sagrada 75mg 45 Cápsulas Duras;266.0;13
Invokana 100mg 30 comprimidos revestidos;266.0;14
Ablok Plus 50mg + 12,5mg 30 comprimidos;265.0;13
Natrilix SR 1,5mg 30 comprimidos revestidos de liberação prolongada;265.0;12
Dolamin Flex 125mg + 5 mg 15 comprimidos revestidos;265.0;13
Fluviral Noite 20 comprimidos;265.0;14
Solução Oftálmica Azopt 10mg/ml 5ml;265.0;12
Clorana 50mg 20 comprimidos;265.0;12
Probiótico 20 Bí 10 Cápsulas com 335mg;265.0;12
Cimegripe Muc 600mg + 1g 10 comprimidos efervescentes;265.0;13
Succinato de Solifenacina 10mg Ranbaxy 30 comprimidos revestidos;264.0;13
Advil 600mg 12 Horas 12 comprimidos revestidos de liberação prolongada;264.0;13
Suplemento Vitamínico Ad-Til 20ml;264.0;13
Vabam 20mg 15 comprimidos revestidos;264.0;13
Vasogard 100mg 60 comprimidos;264.0;12
Lípitor 20mg 30 comprimidos revestidos;264.0;14
Flavonid 450mg + 50mg 30 comprimidos revestidos;264.0;14
Antiácido Sonrisal Sabor Tradicional 2 comprimidos efervescentes;264.0;13
Gel Hidratante Intravaginal Lubrinat 1 Bisnaga 30g + 10 Aplicadores Descartáveis;264.0;14
Glifage 1g 30 comprimidos revestidos;264.0;13
Multigrip 20 cápsulas gelatinosas duras;264.0;14
Analgésico Tylenol Bebê 100mg/ml Sabor Frutas 15ml + Seringa Dosadora;264.0;14
Bonviva 150mg 1 comprimido revestido;264.0;13
Kóide D Xarope 120ml + copo medidor;264.0;13
Kaloba 825mg/ml Gotas 50ml;264.0;12
Lenços Nasais Umedecidos Salsep Kids 30un;264.0;14
Elprazol 20mg 56 cápsulas duras de liberação retardada;264.0;13
Ogestan Gold 90 cápsulas;264.0;12
Novoprazol 20mg 28 cápsulas;264.0;13
Adesivos Salonpas Pequeno 4un;263.0;12
Spidufen 1155mg Sabor Menta Anis com 10 Envelopes de 3g cada;263.0;13
Antiácido Eno Pastilhas Mastigáveis 500mg Sabor Menta 4un;263.0;14
Ferinject 50mg/ml 1 ampola com 10ml;263.0;13
Atacand HCT 16mg + 12,5mg 30 comprimidos;263.0;13
Tandrilax Aché 30 comprimidos;263.0;13
Colchis 1mg 30 comprimidos;263.0;12
Gázia 40mg 28 comprimidos gastrorresistentes;263.0;13
Solução Oftálmica Lumigan RC 0,01% 5ml;263.0;13
Antialérgico Allegra 120mg 10 comprimidos revestidos;262.0;12
Gynopac 4 comprimidos + Creme Ginecológico 35g + 7 aplicadores;262.0;12
Topcoid 500 Gel 5mg/ml 40g;262.0;12
Zyloric 300mg 30 comprimidos;262.0;15
Suplemento Vitamínico Regenesis Para Gestantes 60 Cápsulas Moles;262.0;14
Micropil 0,075mg + 0,030mg 63 comprimidos revestidos;262.0;14
Listo 8mg 10 comprimidos de desintegração oral;261.0;13
Flavenos 450mg + 50mg 30 comprimidos revestidos;261.0;13
Anador 500mg 24 comprimidos;261.0;13
Analgésico Calminex Ice Aerossol 170g;261.0;12
Analgésico Novalgina 500mg/ml 20ml;261.0;14
Vagifem 10mcg 18 comprimidos vaginais com aplicadores individuais;261.0;13
Trezete 10mg + 10mg Aché, 30 comprimidos;261.0;14
Uro-Vaxom 6mg 30 cápsulas;260.0;15
Reduclim 2,5mg 35 comprimidos;260.0;13
Helleva 80mg 2 comprimidos;260.0;14
Decadron 0,5mg/5ml Elixir Sabor Cereja e Menta 120ml;260.0;13
Vatis 150mg 60 comprimidos revestidos;260.0;13
Flanax 275mg 8 comprimidos;260.0;13
Sandrena 0,1mg Gel 28 sachês com 1g;260.0;12
Spray Ciflogex Sabor Mel 30ml;260.0;13
Solução Nasal Sinustrat 9,0mg/ml 30ml;260.0;14
Iccor 2,5mg 30 comprimidos revestidos;260.0;12
Gino-Canesten 6 Dias Creme 35g + 6 aplicadores;260.0;13
Gino Canesten 1 Dia 500mg 1 comprimido vaginal + 1 aplicador;260.0;12
Spray Nasal Aquoso Nasonex 120 doses 17ml;260.0;14
Siilif 100mg 60 comprimidos revestidos;259.0;14
Ablok Plus 50mg + 12,5mg 60 comprimidos;259.0;15
Citoneurin 5.000 100mg + 100mg + 5.000mcg 60 drágeas;259.0;13
Betalor 5mg + 50mg 30 cápsulas;259.0;13
Percof 6mg/ml 120ml;259.0;12
Seretide Spray 25mcg + 125mcg/dose Suspensão Aerossol 120 doses + válvula dosadora;259.0;12
Buscofem 400mg 20 cápsulas;259.0;13
Venzer 16mg 30 comprimidos;259.0;14
Kóide Elixir 120ml + copo medidor;259.0;12
Creme Dermatológico Clotrimix 10mg/g 20g;258.0;13
Ésio 20mg 28 comprimidos revestidos;258.0;12
Regulador Intestinal 20 Bí 5 Cápsulas com 335mg;258.0;13
Varicell Phyto 500mg 30 cápsulas;258.0;12
Diminut 75mcg + 20mcg 63 comprimidos revestidos;258.0;13
Buscoveran Composto 10ml;258.0;12
Vick Pyrena Grip-7 10 Cápsulas;258.0;13
Vastarel Caps LP 80mg 30 cápsulas duras de liberação prolongada;258.0;13
Rosucor 10mg 60 comprimidos revestidos;258.0;13
Atrofem 10 cápsulas moles;258.0;12
Gamax 980mg 15 cápsulas;258.0;13
Anador 500mg 4 comprimidos;258.0;13
Nevrix IM 100mg/2ml + 100mg/2ml + 5mg/2ml Solução Injetável 3 ampolas com 2ml cada;258.0;12
Ambroxmel 30mg/5ml Xarope Sabor Mel e Eucalipto 120ml;258.0;13
Traumeel S Pomada 50g;257.0;12
Level 0,10mg + 0,02mg 21 comprimidos revestidos;257.0;13
Pred Mild 0,12% 5ml;257.0;12
Aloxidil 50mg/ml Spray Capilar 50ml;257.0;14
Solução de Desinfecção Multipropósito Opti-Free Puremoist 300ml + 120ml + Estojo de Lentes;257.0;12
Musculare 5mg 30 comprimidos;257.0;12
Livalo 2mg 30 comprimidos revestidos;257.0;12
Micardis HCT 40mg + 12,5mg 30 comprimidos;257.0;12
Isordil 10mg 30 comprimidos;257.0;13
Gripalcê Uno Bebê Sabor Cereja 15ml;257.0;12
Deltametril D 4% Emulsão Capilar 100ml;257.0;12
Hixizine 2mg/ml Xarope 120ml;257.0;12
Diosmin 450mg + 50mg 60 comprimidos revestidos;256.0;12
Teolong 100mg 30 cápsulas com microgrânulos de liberação prolongada;256.0;12
Pastilhas Vick Drops Sabor Artificial de Laranja 10g;256.0;12
Solução Nasal Naridrin 15ml;256.0;15
Suavicid Legrand Bisnaga com 30g;256.0;12
Analgésico Novalgina 500mg 10 comprimidos;256.0;14
Histadin D 5mg + 120mg 12 comprimidos revestidos;256.0;12
Buscoplex Composto Gotas 20ml;256.0;12
Profenid Entérico 100mg 20 comprimidos revestidos;256.0;12
Xarope Transpulmin 200mg/15ml Sabor Menta 150ml;256.0;13
Holmes H 40mg + 25mg 30 comprimidos;255.0;14
Doralgina Neo Química 20 drágeas;255.0;13
Seretide Spray 25mcg + 250mcg/dose Suspensão Aerossol 120 doses + válvula dosadora;255.0;13
Gino-Canesten Balance 7 bisnagas aplicadoras 5ml cada;255.0;13
Fluimucil 100mg/ml Solução Injetável 5 ampolas com 3ml cada;255.0;13
Nienza 6,25mg 30 comprimidos;255.0;14
Neolefrin Xarope Sabor Cereja Neo Química 60ml;255.0;13
Leite de Magnésia Eno Tradicional 350ml;255.0;15
Neutrofer 150mg 30 comprimidos revestidos;255.0;12
Diad 1,5mg 1 comprimido;255.0;12
Capilarema 75mg 60 comprimidos;255.0;12
Selene 0,035mg + 2mg 63 comprimidos revestidos;255.0;12
Vaslip 10mg 30 comprimidos revestidos;255.0;15
Prolopa 200/50mg 30 comprimidos;255.0;12
Flucetil 600mg 16 Envelopes de 5g;255.0;14
Vitamina D3 50.000UI Althaia 10 Cápsulas Moles;254.0;13
Floratil 200mg 6 envelopes com 1g cada;254.0;14
Bye Bye Fever para Bebês 0 a 2 Anos 2 unidades;254.0;15
Diprospan 5mg/ml + 2mg/ml 1 ampola com 1ml + seringa dosadora;254.0;15
Mesidox 2mg 30 comprimidos;254.0;13
Coristina D Congest Xarope Sabor Uva 120ml;254.0;12
Inzelm 20mg 30 Comprimidos Revestidos;254.0;12
Beneum 300mg 30 comprimidos revestidos;254.0;13
Alivium GC 200mg/ml Sabor Tutti Frutti 20ml;254.0;12
Naprix D 5mg + 12,5mg 30 cápsulas duras;254.0;14
Bálsamo Bengué Pomada 20g;253.0;15
Librene Diu Cobre e Prata Tamanho Mini TCU380AG;253.0;13
Suplemento para Gestantes Regenesis Premium 60 Cápsulas Moles;253.0;12
Neosoro 0,5mg/ml 30ml;253.0;13
Triazol 150mg 4 cápsula;253.0;12
Luftal 40mg 20 comprimidos;253.0;12
Lantus Solostar 100UI/ml 1 carpule com 3ml + 1 sistema aplicador;253.0;13
Ivevi 2,5mg 28 comprimidos revestidos;253.0;14
Therapsor 0,5mg/ml Solução Capilar 25ml;253.0;12
Elpenzo 10mg, 30 Comprimidos Revestidos;253.0;12
Acertanlo 7mg + 5mg 30 comprimidos;253.0;14
Inzelm 10mg 30 comprimidos revestidos;253.0;15
Isoflavine 150mg 30 comprimidos;253.0;12
Microvlar 0,15mg + 0,03mg 21 drágeas;253.0;12
Diamicron MR 30mg 60 comprimidos de liberação prolongada;252.0;12
Tyflen 200mg/ml 15ml;252.0;13
Neutrofer Fólico 250mg/ml + 0,2mg/ml Gotas 30ml;252.0;14
Lavagem Nasal Nasoar XT 15 sachês + frasco aplicador;252.0;13
Cizax 5mg 10 comprimidos;252.0;14
Moment 0,25mg/g Creme 50g;252.0;13
Concárdio 2,5mg 30 comprimidos revestidos;252.0;12
Diurix 25mg 30 comprimidos;252.0;14
Orlistate 120mg Prati 42 cápsulas duras;252.0;14
Stanglit 45mg 30 comprimidos;252.0;14
Epitegel 50mg/g Gel Oftálmico 10g;251.0;13
Allestra 30 75mcg + 30mcg 21 comprimidos;251.0;13
Pepsamar 230mg Sabor Menta 50 comprimidos mastigáveis;251.0;12
Lipidil 200mg 30 cápsulas;251.0;13
Level 0,10mg + 0,02mg 63 comprimidos revestidos;251.0;13
Allexofedrin 180mg 10 comprimidos revestidos;251.0;13
Brasart HCT 320mg + 25mg 30 comprimidos revestidos;251.0;12
Desalex 5mg 10 comprimidos revestidos;251.0;13
Humulin R 1000UI 10ml;251.0;12
Daflon Flex 1000mg FFPM 30 envelopes;251.0;12
Benicar Triplo 20mg/12,5mg/5mg 30 comprimidos revestidos;250.0;13
Liposic Gel Oftálmico Estério 10g;250.0;13
Xarope Desalex 60ml;250.0;13
Meclin Jet 25mg 10 comprimidos mastigáveis;250.0;13
Protetor Ocular Nexcare Pequeno 20un;250.0;13
Betnovate 1mg/g Creme Dermatológico 30g;250.0;13
Fluidificante e Descongestionante Nasal Narix Spray 0,9% 50ml;250.0;13
Fibras Tamarine Kids Sabor Morango 240ml;250.0;13
Lisador Dip 1g 4 comprimidos;250.0;12
Xarope Bisolvon 8mg/5ml Adulto Sabor Cereja 120ml;250.0;13
Perlatte 9.000 fcc 10 comprimidos;250.0;13
Diovan Amlo Fix 320mg + 5mg 28 comprimidos revestidos;249.0;12
Nuvaring 11,7mg + 2,7mg 1 sachê com 1 anel de uso ginecológico;249.0;12
Advantan 1mg/ml Solução Capilar 20ml;249.0;13
Micardis HCT 80mg + 25mg 30 comprimidos;249.0;13
Xarope Ambrol Pediátrico Sabor Framboesa e Baunilha 100ml;249.0;12
Holmes 20mg 30 comprimidos revestidos;249.0;15
Trezete 20mg + 10mg 30 Comprimidos Revestidos;249.0;12
Alurax 2mg 30 Comprimidos;249.0;14
Kalist 2mg 28 comprimidos;249.0;12
Embo 5mg 20 comprimidos revestidos;248.0;13
Óleo Sachet Pielsana 7,5cm X 7,5cm 3ml;248.0;13
Xarope Expec Sabor Framboesa e Caramelo 120ml;248.0;12
Diprosalic 0,5mg/g + 30mg/g Pomada Dermatológica 30g;248.0;13
Naprix 10 mg 30 comprimidos;248.0;14
Yaz Flex 3mg + 0,02mg 30 comprimidos revestidos;248.0;13
Descongestionante Nasal Salsep Jet Kids 0,9% Spray Jato Contínuo 100ml;248.0;12
Betaprospan 5mg/ml 2mg/ml Suspenção Injetável 1 ampola 1ml + seringa + agulha;248.0;12
Biconcor 5 5mg + 6,25mg 30 comprimidos revestidos;248.0;14
Levoid 38mcg 30 comprimidos;248.0;12
Vitacid 0,5mg/g Creme 25g;248.0;13
Saxenda 6mg/ml 3 carpules com 3ml + 3 sistemas de aplicação;248.0;12
Renitec 20mg 30 comprimidos;247.0;13
Zetia 10mg 30 comprimidos;247.0;13
Leite de Magnésia 80mg/ml Sabor Hortelã 120ml;247.0;14
Flogoral 1,5mg/ml Sabor Menta 150ml;247.0;12
Prelone 3mg/ml Sabor Cereja 120ml + 1 pipeta dosadora;247.0;12
Clinfar 10mg 30 comprimidos revestidos;247.0;12
Noripurum 50mg/ml Gotas 30ml;247.0;13
Migraliv 12 comprimidos;247.0;13
Bye Bad 4 cápsulas;247.0;15
Etna 2,5mg + 1,5mg + 1,0mg 20 cápsulas;247.0;13
Ibuflex 400mg Legrand 8 cápsulas gelatinosas moles;247.0;13
Puran T4 112mcg 30 comprimidos;246.0;13
Penvir 125mg 10 comprimidos revestidos;246.0;15
Elani 28 3mg + 0,03mg 84 comprimidos revestidos;246.0;13
Xarope Benetosse 15mg/ml Sabor Cereja 100ml;246.0;12
Exforge HCT 160mg + 12,5mg + 10mg 28 comprimidos revestidos;246.0;12
Suplemento Alimentar Probid 15 Cápsulas;246.0;14
Omenax 20mg 56 cápsulas gelatinosas duras;246.0;12
Vaslip 20mg 30 comprimidos revestidos;246.0;13
Creme Dermatológico Cetobeta 30g;246.0;13
Ogestan Pré 30 cápsulas;245.0;12
Zetsim 10mg + 20mg 30 comprimidos;245.0;13
Clexane 20mg/0,2ml 2 seringas pré-enchidas de 0,2ml com sistema de segurança;245.0;13
Pastilha Ciflogex Sabor Cereja 12un;245.0;13
Suplemento Hidroeletrolítico Hidrali 45 Laranja 500ml;245.0;14
Bioginkgo 80mg 45 comprimidos;245.0;13
Betnovate N 1mg/g + 5mg/g Creme Dermatológica 30g;244.0;12
Doxaprost 2mg 30 comprimidos;244.0;12
Spray Nasal Aquoso Nasonex 60 doses 9ml;244.0;12
Xarope Melagrião 150ml;244.0;12
Salicetil Infantil 100mg 10 comprimidos;244.0;13
Fluidificante e Descongestionante Nasal Rinosoro Jet 0,9% 100ml;244.0;12
Pílulas de Lussen 20mg + 10mg + 10mg + 30mg + 8mg 36 comprimidos revestidos;244.0;14
Cistitemed 30 comprimidos;244.0;13
Imunoglucan DS 60 cápsulas;244.0;12
Vabam 10mg 30 comprimidos revestidos;244.0;13
Pastilha Ciflogex Diet Sabor Menta e Limão 12un;244.0;13
Leiba Sabor Laranja 6 Sachês de 4g cada;244.0;13
Differin 3mg/g Gel 30g;244.0;12
Laxante Phosfoenema 130ml;244.0;12
Fumasil 60 Comprimidos Orodispersíveis;243.0;12
Parkidopa 250mg + 25mg 30 comprimidos;243.0;13
Kit Solução para Lentes Bio Soak Olhos Sensíveis 360ml+120ml + Estojo para Lentes;243.0;14
Broncho - Vaxom 3,5mg 30 sachês de granulado;243.0;14
Fostair 100/6mcg Suspensão Aerossol 120 doses 8ml;243.0;13
Suplemento Vitamínico Vitergan Zinco 30 comprimidos revestidos;243.0;13
Picoprep 10mg + 3,5g + 12g 2 sachês com 16,1g cada Sabor Laranja;243.0;12
INIBINA - 10mg, 20 comprimidos;242.0;14
Betnovate N 1mg/g + 5mg/g Pomada Dermatológica 30g;242.0;15
Vitamina D3 Addera D3 50.000UI 4 cápsulas moles;242.0;14
Exforge HCT 320mg + 25mg + 10mg 28 comprimidos revestidos;242.0;13
Esomex 20mg 28 comprimidos revestidos;242.0;14
Albocresil 360mg/g Solução Concentrada 12ml;242.0;13
Clifemin 160mg 30 comprimidos;241.0;13
Sal de Frutas Eno Limão 100g;241.0;12
Triazol 150mg 2 cápsulas;241.0;13
Cimegripe Dia 12 comprimidos;241.0;12
Tanderalgin 30 comprimidos;241.0;12
Concárdio 5mg 30 comprimidos revestidos;241.0;12
Magnopyrol 500mg/ml Gotas 10ml;241.0;13
Protetor Ocular Oftam Grande Bege 20un;240.0;13
Lomecan 2% Creme Vaginal com 3 aplicadores descartáveis 20g;240.0;13
Bhena 5mg 30 comprimidos revestidos;240.0;13
Solução Nasal Sorine 0,5mg/ml 30ml;240.0;14
Vitamina D3 Addera D3 10.000UI 4 Cápsulas Moles;240.0;13
Oxipelle 10mg/ml Solução Tópica 20ml;240.0;12
Buscofem 400mg 2 cápsulas;240.0;13
Tâmisa 30 75mcg + 30mcg 63 drágeas;240.0;12
Analgésico Dorflex 36 comprimidos;239.0;14
Gracial 25mcg + 40mcg +125mcg + 30mcg 22 comprimidos;239.0;13
Impere 5mg 30 comprimidos revestidos;239.0;13
Zinpass EZE 10mg + 10mg 30 comprimidos revestidos;239.0;13
Demedrox 150mg/ml Suspensão Injetável 1 seringa + 1agulha;239.0;12
Vitamina D3 Addera D3 7.000UI 4 cápsulas moles;239.0;13
Hyaludermin 0,2% Creme Uso Dermatologico 10g;239.0;14
Cimegripe Dor e Febre 750mg 20 comprimidos;239.0;16
Gynopac 2 comprimidos + Creme Ginecológico 35g + 7 aplicadores;239.0;14
Broncho - Vaxom 7mg 30 cápsulas;239.0;14
Alivium 400mg 8 cápsulas líquidas;239.0;13
Naldecon Multi 4 comprimidos;238.0;15
Citoneurin 5.000 20 drágeas;238.0;12
Doxuran 2mg 30 comprimidos;238.0;12
Oximax 400mcg Refil 30 cápsulas de pó para inalação;238.0;12
Embo 5mg 60 comprimidos revestidos;238.0;12
Previgrip Weleda 20g;238.0;13
Lixiana 60mg 30 Comprimidos Revestidos;238.0;13
Lidogel 20mg/g Neo Química Geleia 2% 30g;238.0;15
Ebastel 10mg 10 comprimidos;238.0;12
Elani Ciclo 3mg + 0,03mg 63 comprimidos revestidos;238.0;14
Daflon 500mg FFPM 60 comprimidos revestidos;238.0;12
Desodalina 600mg 60 cápsulas;238.0;15
Bramicar HCT 80mg + 12,5mg 30 comprimidos;238.0;13
Marevan 7,5mg 30 comprimidos;238.0;14
Flogoral 3mg Pastilhas Sabor Laranja 12un;238.0;12
Daflon 500mg FFPM 30 comprimidos revestidos;238.0;12
Pomada Dermatológica Nebacimed 50g;237.0;14
NovaCort Pomada 30g;237.0;14
Glifage XR 500mg 30 comprimidos de liberação prolongada;237.0;15
Solução Oftálmica Maxibell 0,5mg/m + 4mg/ml 10ml;237.0;12
Lotar 2,5mg + 50mg 30 cápsulas;237.0;13
Beclosol 50mcg/mg Spray Nasal Aquoso com 200 doses 24ml;237.0;13
Vertizine D - 10mg + 3mg 20 comprimidos;237.0;12
Psorex 0,5mg/g Creme Dermatológico 30g;237.0;14
Óleo de Rícino ADV Farma 30ml;236.0;13
Analgésico Advil 400mg 8 cápsulas líquidas;236.0;13
Prolopa BD 100/25mg 30 comprimidos;236.0;12
Zomig OD 2,5mg 2 comprimidos orodispersíveis;236.0;13
Magnésia Bisurada Sabor Menta 10 pastilhas;236.0;12
VASOPRIL PLUS - 10mg + 25mg, 60 comprimidos;236.0;13
Loção Oleosa Dersani 100ml;236.0;12
Dacxi 15mg 28 comprimidos revestidos;236.0;12
Picbam 5mg 20 comprimidos revestidos;235.0;13
Plenance 10mg 90 comprimidos revestidos;235.0;13
Entresto 24mg + 26mg 28 comprimidos revestidos;235.0;17
Synthroid 25mcg 30 comprimidos;235.0;14
Benicar 20mg 30 comprimidos revestidos;235.0;12
Puran T4 100mcg 30 comprimidos;235.0;13
Buscopan Gotas 10mg 20ml;235.0;14
Lactosil Flora 30 cápsulas;235.0;12
Iziz 2,5mg + 1,5mg 84 Comprimidos Revestidos;235.0;13
Neutrofer 250mg/ml Gotas 30ml;235.0;12
Suplemento Hidroeletrolítico Pedialyte Max Morango 500ml;234.0;13
Fluidificante e Descongestionante Nasal Rinosoro Gotas 0,9% 30ml;234.0;13
Aradois 50mg 30 comprimidos revestidos;234.0;14
BenicarAnlo 40mg/5mg 30 comprimidos revestidos;234.0;12
Inilok 40mg Apsen 60 comprimidos;234.0;14
Vonau Flash 4mg Biolab 10 comprimidos de desintegração oral;234.0;15
Gel de tratamento Antiacne Dermotivin Benzac 10% 60g;234.0;13
Analgésico Calminex Ice Aerossol 60g;233.0;12
Digeplus 7mg + 40mg + 50mg Aché 30 Cápsulas;233.0;12
Benicar 40mg 30 comprimidos revestidos;233.0;14
Retemic UD 10mg 30 comprimidos de liberação controlada;233.0;13
Citalor 20mg 30 comprimidos revestidos;233.0;12
Suplemento Vitamínico Caldê 60 comprimidos mastigáveis;233.0;14
Vitamina D Cimed 7.000UI 8 Comprimidos;233.0;13
Flogoral 1,5mg/ml Spray Sabor Cereja 30ml;233.0;12
Novorapid Flexpen 100U/ml 1 carpule com 3ml + 1 sistema de aplicação;233.0;12
Feldene SL 20mg 10 comprimidos de dissolução instantânea;232.0;12
Artrosil 160mg 10 cápsulas duras de liberação prolongada;232.0;13
Nesina 12,5mg 30 comprimidos revestidos;232.0;12
Micolamina 10mg/ml Loção Spray 50ml;232.0;13
Mitrul 15mg 10 cápsulas gelatinosas duras de liberação prolongada;232.0;12
Zior 250mg 28 comprimidos;232.0;13
Meritor 2mg + 1000mg 30 comprimidos revestidos;232.0;12
Olmecor 20mg 60 comprimidos revestidos;232.0;13
Mirador 1g 10 comprimidos;231.0;12
Pantogar Biolab 90 Cápsulas;231.0;12
Pomada Dermatológico Cetobeta 30g;231.0;15
ALTIVA - 120mg, 10 comprimidos;231.0;14
Suplemento Alimentar Calcitran Triflex 30 comprimidos;231.0;14
Solução Oftálmica Still 0,1% 5ml;230.0;12
Betadine 24mg 60 comprimidos;230.0;13
AAS Infantil 100mg com 120 comprimidos;230.0;14
Xarope Ambrol Sabor Pêssego e Baunilha 100ml;230.0;13
Melagrião Própolis e Gengibre Spray Sabor Menta 30ml;230.0;12
Permear 300mg 20 comprimidos revestidos;229.0;12
Fentizol 20mg/ml Spray 30ml;229.0;14
Naire 20mg 15 comprimidos;229.0;13
SPORANOX - 100mg, 15 cápsulas gelatinosas;229.0;12
Aldomet 500mg 30 comprimidos revestidos;229.0;13
Solução para Lentes Rígidas Boston Simplus Multiação 120ml;229.0;12
Pressat 5mg 30 comprimidos;229.0;12
Nevrix 100mg + 100mg + 5000mcg 20 comprimidos revestidos;229.0;14
Prelone 20mg 10 comprimidos;229.0;12
Fluir 12mcg 30 cápsulas de uso inalatório por via oral;229.0;12
Feldene 20mg 10 cápsulas;228.0;12
Ebatz 2mg 30 comprimidos revestidos;228.0;13
Musculare 10mg 15 comprimidos revestidos;228.0;12
Bramicar HCT 80mg + 12,5mg 60 comprimidos;228.0;14
Xarope Clopê Sabor Coco 120ml;228.0;12
Analgésico Advil Mulher 400mg 2 Cápsulas Líquidas;228.0;12
Adesivos Salonpas Grande 2un;228.0;14
Livalo 2mg 60 comprimidos revestidos;228.0;12
Decadron 0,75mg 20 comprimidos;228.0;12
Suplemento Alimentar Calcitran MDK Sabor Menta 30 comprimidos mastigáveis;227.0;13
Iruxol Mono 1,2U Pomada 30g;227.0;14
Protetor Ocular Estéril Sancare Tamanho G 10 unidades;227.0;12
Suplemento Alimentar Ofolato D Fer 1000UI 30 comprimidos;227.0;12
Ablok 50mg 30 comprimidos;226.0;12
Sumax 25mg 6 comprimidos revstidos;226.0;13
Fenazic 15mg 30 comprimidos revestidos de liberação prolongada;226.0;13
Dramin B6 30 comprimidos revestidos;226.0;12
Solução Oftálmica Alphagan 0,2% 5ml;226.0;12
Roxflan 10mg 30 comprimidos;226.0;12
Sal de Frutas Eno Abacaxi 100g;225.0;12
Dienogeste 2mg EMS 30 comprimidos;225.0;13
Flutivate 0,5mg/g Creme 15g;225.0;12
DERMOMAX - 40mg/g 1 bisnaga com 30g de creme de uso dermatológico;225.0;13
Suplemento Vitamínico Neutrofer Poli 30ml;225.0;13
Avicis 0,25mg/ml Solução Capilar 100ml;225.0;12
Seebri 50mcg 30 cápsulas com pó para inalação + 1 inalador;225.0;13
Tylenol 750mg 4 comprimidos revestidos;225.0;12
Triquilar 21 drágeas;225.0;16
Fluidificante e Descongestionante Nasal Neosoro Infantil 30ml;225.0;13
Neosaldina Dip 1g 10 comprimidos;225.0;13
Desalex 5mg 30 comprimidos revestidos;225.0;12
Atacand HCT 8mg + 12,5mg 30 comprimidos;225.0;12
Sinudoron Weleda 80 comprimidos;225.0;14
Puran T4 62,5mcg 30 comprimidos;224.0;13
Antiácido Mylanta Plus Sabor Menta 240ml;224.0;12
Divena 40mg 30 comprimidos;224.0;12
Clob - X 0,5mg/g Creme Dermatológico 30g;223.0;12
Azelan Gel 150mg/g 30g;223.0;13
Trok-N 20mg/g + 0,64mg/g + 2,5mg/g Creme 30g;223.0;12
Penvir Lábia 10mg/g Creme Dermatológico 5g;222.0;13
Betaserc 24mg 60 comprimidos;222.0;12
Lacto-Leve Sem Sabor 120ml;222.0;13
Imuran 50mg 50 comprimidos revestidos;222.0;15
Solução Multiuso Renu Fresh 355ml + 120ml + Estojo para Lentes;222.0;13
Inilok 40mg Apsen 30 Comprimidos;222.0;13
Probiótico ZincoPro Marjan Farma 30 cápsulas;222.0;12
Suplemento Alimentar Neutrofer Folato D 90 comprimidos revestidos;222.0;12
Nuromol 200mg + 500mg 6 comprimidos revestidos;222.0;13
Doxuran 4mg 30 comprimidos;221.0;14
Primolut-Nor 10mg 30 comprimidos;221.0;12
Litocit 1080mg 60 comprimidos de liberação prolongada;221.0;14
Ritmoneuran RTM 20 Cápsulas;221.0;12
Artrosil 160mg 20 cápsulas duras de liberação prolongada;221.0;14
Sumax 25mg 4 comprimidos revestidos;221.0;14
Bicarbonato de Sódio ADV 100g;220.0;13
Suplemento Alimentar Althaia Vitamina D3 2.000UI 30 cápsulas gel;220.0;13
Pressat 5mg 90 comprimidos;220.0;13
Androsten UNO 280mg 15 comprimidos revestidos;220.0;14
Sais para Reidratação Oral Hidroral Sabor Tradicional 4 unidades de 27,9g cada;220.0;12
Micardis Anlo 40mg + 5mg 30 comprimidos;220.0;14
Galvus 50mg 56 comprimidos;219.0;12
Cedur Retard 400mg 30 comprimidos revestidos de liberação prolongada;219.0;12
Voltaren Retard 100mg 10 comprimidos  revestidos de liberação prolongada;219.0;14
Versa 40mg/0,4ml Solução Injetável 6 seringas com 0,4ml com sistema de segurança;219.0;12
Miosan 10mg 30 comprimidos;219.0;13
Xarope Dexmine 120ml;219.0;14
Dorilen 12 comprimidos;219.0;12
Suplemento Alimentar de Vitamina D Inpruv D 1.000UI 30 comprimidos mastigáveis;219.0;13
Esmalte Loceryl 50mg/ml 2,5ml;218.0;14
Vitamina D3 Addera D3 10.000UI 10 comprimidos revestidos;218.0;12
Daivonex 50mcg/g Pomada Dermatológica 30g;218.0;12
Ritmoneuran RTM Flaconete 10ml;218.0;13
Minian 150mcg + 20mcg 21 comprimidos;217.0;14
Broncho - Vaxom 7mg 10 cápsulas;217.0;12
Peridal 10mg 30 comprimidos;217.0;12
Eliquis 5mg 20 Comprimidos Revestidos;217.0;12
Novanlo 5mg 60 comprimidos;217.0;14
Celergin 0,4mg/ml + 0,05mg/ml Xarope 120ml;217.0;13
Venalot 15mg + 90mg 30 drágeas;217.0;14
DPrev 2.000UI 60 comprimidos revestidos;217.0;14
Elidel 10mg/g Creme 15g;216.0;12
Anador 1g 10 comprimidos;216.0;12
Azulfin 500mg 60 comprimidos revestidos;216.0;13
Elani 28 3mg + 0,03mg 28 comprimidos revestidos;216.0;13
Naprix A 10mg + 5mg 30 cápsulas;216.0;14
Embo 2,5mg 60 comprimidos revestidos;216.0;13
Trezor 5mg 30 comprimidos;216.0;12
Niquitin 21mg 7 adesivos transdérmicos transparentes;215.0;12
Niquitin 14mg 7 adesivos transdérmicos transparentes;215.0;13
Gestrelan 0,15mg + 0,03mg 21 comprimidos revestidos;215.0;12
Apracur Duo 6 comprimidos;215.0;12
Diovan HCT 80mg + 12,5mg 28 comprimidos revestidos;215.0;12
Acertil 10mg 30 comprimidos;215.0;15
Mesacol 500mg 15 supositórios;215.0;14
Lantus 100UI/ml 1 carpule com 3ml;214.0;12
Isoflavine 75mg 30 comprimidos revestidos;214.0;12
Teste de Gravidez Fast Test 1un;214.0;12
Passajá 1 flaconete com 4ml;214.0;12
Diupress 25mg + 5mg 30 comprimidos;213.0;14
Acheflan 5mg/g Creme 30g;213.0;13
Maxalgina 1g 10 Comprimidos;213.0;13
Montelair 5mg Sabor Cereja 30 comprimidos mastigáveis;213.0;12
Plurair 50mcg/dose Spray 120 doses 12ml;213.0;12
Massageol Pomada 15g;213.0;13
Clob - X 0,5mg/ml Shampoo 125ml;213.0;15
Betametasona 0,1mg/ml sabor Framboesa 120ml;212.0;12
Esalerg 0,5mg/ml Xarope Sabor Tutti Frutti 60ml;212.0;12
Suplemento Vitamínico Depura 500UI/Gota 10ml;212.0;13
Auris-Sedina 18,6mg/ml + 1,3mg/ml 10ml;212.0;14
Coltrax 2mg/ml 3 ampolas com 2ml;212.0;13
Clopin 75mg 30 comprimidos revestidos;212.0;13
Naldecon Multi 16 comprimidos;212.0;13
Aerodine 100mcg Teuto Aerossol 200 doses + adaptador;212.0;13
Meclin Jet 50mg 10 comprimidos mastigáveis;211.0;15
Bexai 35mg 10 cápsulas duras;211.0;12
Montelair 10mg 30 comprimidos revestidos;211.0;14
Leite de Magnésia Phillips Hortelã 350ml;210.0;13
Bravan HCT 160mg + 12,5mg 30 comprimidos;210.0;16
Oscillococcinum 6 Tubos;210.0;13
Vitamina D3 Addera D3 50.000UI 4 comprimidos revestidos;210.0;13
Profenid 100mg/2ml Solução Injetável 6 ampolas com 2ml cada;210.0;14
Solução Otológica Cerumin 8ml;210.0;12
Takil 20mg + 30mg Creme Ginecológico 35g + 7 aplicadores;210.0;12
Clexane 40mg/0,4ml 10 seringas preenchidas com 0,4ml com sistema de segurança;210.0;13
Solução Oftálmica Glaub 0,2% 5ml;209.0;12
Dorflex Max 4 comprimidos;209.0;13
Puran T4 25mcg 30 comprimidos;209.0;14
Combodart 0,5mg + 0,4mg 90 cápsulas gelatinosas duras de liberação prolongada;209.0;13
Insulina Humana Novolin N 100UI/ml 10ml;209.0;13
Lactulife Sabor Ameixa 120ml;209.0;13
Acheflan 5mg/g Creme 60g;209.0;12
Pastilhas Vick Drops Sabor Artificial de Limão 10g;209.0;13
Digesan 10mg 20 cápsulas;208.0;13
Norvasc 5mg 30 comprimidos;208.0;12
Iccor 5mg 30 comprimidos revestidos;207.0;12
Magnésia Bisurada Sabor Menta 40 pastilhas;207.0;12
Antiácido Pó Efervescente Gastrol Abacaxi 1 envelope com 5g;207.0;12
Diamicron MR 60mg 30 comprimidos de liberação prolongada;207.0;13
Oxipelle 10mg/g Creme 20g;207.0;13
Profenid Retard 200mg 10 comprimidos revestidos;207.0;14
Levoid 100mcg 30 comprimidos;206.0;12
Buscofem Hot 2 adesivos térmicos descartáveis;206.0;12
Antiácido Pó Efervescente Estomazil Sabor Abacaxi 5g;205.0;12
Neovangy MR 35mg EMS 30 comprimidos revestidos de liberação prolongada;205.0;13
Humalog Kwikpen Caneta 100UI 1 carpule com 3ml + 1 sistema de aplicação;205.0;13
RISEDROSS - 150mg, 2 comprimidos revestidos;205.0;14
Antialérgico Polaramine 6mg 12 Drágeas;204.0;12
Ziprol 28 Comprimidos Revestidos 40mg;204.0;12
Apracur 6 comprimidos;203.0;12
Carbidol 25mg + 250mg, 30 comprimidos;203.0;12
Levoid 175mcg 30 comprimidos;203.0;13
Anoro Ellipta 62,5mcg/25mcg 30 doses de pó para inalação;202.0;13
Óleo de Girassol Skinage 100ml;202.0;13
Gel Dersani Hidrogel com Alginato 30g;202.0;12
Gel Arnica Montana 200mg/g Herbarium 30g;202.0;13
Retemic 5mg 60 comprimidos;202.0;12
Cozaar 50mg 30 comprimidos revestidos;202.0;15
Naprix D 5mg + 25mg 30 cápsulas duras;202.0;13
Nicorette 4mg Icemint 30 gomas mastigáveis;202.0;13
Analgésico Dorflex Uno 1g 4 comprimidos;202.0;13
Solução Antisséptica Malvatricin 250ml;201.0;13
Profenid 20mg/ml Sabor Morango 20ml;201.0;12
Antialérgico Allegra Pediátrico 6mg/ml 150ml;200.0;14
Lacto-Leve Sabor Ameixa 120ml;200.0;13
Tenadren 80mg + 25mg 30 comprimidos;200.0;13
Suprema 2mg + 1mg 28 comprimidos revestidos;200.0;12
Xarelto 20mg 28 comprimidos revestidos;200.0;14
Lisador Dip 1g 10 comprimidos;199.0;12
Plenance EZE 20mg+10mg 30 Cápsulas;199.0;13
Perivasc 450mg + 50mg 60 Comprimidos Revestidos;199.0;12
Glicel 2,5g Adulto 6 supositórios de glicerina;199.0;14
Toragesic Gotas 20mg/ml EMS 10ml;199.0;12
Luftal Gel Caps 125mg 10 cápsulas gelatinosas;199.0;13
Arcalion 200mg 20 drágeas;198.0;13
Rehidrat 50 Sabor Laranja 4 envelopes de 7,625g;198.0;12
Suplemento Alimentar Femibion 2 28 comprimidos + 28 cápsulas;198.0;13
Iumi 3mg + 0,02mg 24 comprimidos revestidos;198.0;13
AdviPro 11,6mg Gel 30g;197.0;12
Bravan HCT 80mg + 12,5mg 30 comprimidos;197.0;12
Singulair 5mg 30 comprimidos mastigáveis;197.0;13
Livial 2,5mg 84 comprimidos;197.0;12
Suavicid Legrand Bisnaga com 15g;197.0;12
Ancoron 200mg 30 comprimidos revestidos;197.0;13
Livalo 4mg 60 comprimidos revestidos;196.0;14
Inpruv D 50.000UI Apsen, 4 Comprimidos;196.0;14
Lugano 12mcg + 250mcg Refil 60 cápsulas com pó para inalação;196.0;12
Allexofedrin Pediátrico 6mg/ml EMS Sabor Framboesa 60ml;196.0;13
Ginkgo Vital 80mg 30 comprimidos;196.0;13
PROVERA - 10mg, 14 comprimidos;196.0;13
Diminut 75mcg + 20mcg 21 comprimidos revestidos;195.0;12
Pomada Omcilon-A Orabase 1mg/g Aspen 10g;195.0;12
Lavagem Nasal Nasoar 30 sachês + frasco aplicador;195.0;13
Seretide Diskus 50mcg + 250mcg 60 doses de pó para inalação;194.0;12
Ginkomed 80mg 30 comprimidos revestidos;194.0;12
Prolive 15 cápsulas;194.0;13
Suplemento Alimentar Neutrofer Folato D 30 comprimidos revestidos;194.0;13
Glifage XR 750mg 30 comprimidos de liberação prolongada;194.0;14
Antiácido Simeco Plus Sabor Hortelã 240ml;193.0;14
Parasin 400mg Sabor Banan 1 comprimido mastigável;193.0;14
Picbam 5mg 60 comprimidos revestidos;193.0;13
Piascledine 300 100mg + 200mg 30 cápsulas;193.0;13
Nuromol 200mg + 500mg 12 comprimidos revestidos;193.0;13
Solução Nasal Naridrin 12 Horas 1mg/ml + 0,2mg/ml + 5mg/ml 30ml;192.0;13
Sucrafilm 200mg/m 20 flaconetes com 10ml cada;192.0;12
Fluidificante e Descongestionante Nasal Rinosoro SIC Spray 0,9%  50ml;191.0;14
Puran T4 125mcg 30 comprimidos;191.0;12
Clotrigel 20mg/g Creme 20g + 3 aplicadores;191.0;13
Buscopan Pediátrico 10mg/ml Gotas 20ml;191.0;13
Ibandronato de Sódio Monoidratado 150mg EMS 1 comprimido revestido;191.0;13
Livial 2,5mg 28 comprimidos;190.0;12
Eniagor 50mg/ml Solução Capilar 50ml;190.0;12
Analgésico Dorflex Uno 1g com 10 comprimidos;190.0;14
Dozoito 50mg 30 comprimidos;189.0;12
Kelo-Cote Gel 15g;188.0;12
Akynzeo 0,56 + 300mg 1 cápsula dura;188.0;12
Diprosone 0,5mg/g Creme Dermatológico 30g;188.0;12
Solução Tópica Pantogar Top 80ml;187.0;12
Pergo 2mg/ml 120ml;187.0;13
Busonid Aquoso Nasal 50mcg 120 doses 6ml;186.0;13
Analgésico Sonridor 2 comprimidos efervescentes;186.0;14
Piemonte 4mg 30 comprimidos mastigáveis;186.0;12
Lanz 30mg 28 cápsulas duras de liberação retardada;186.0;12
Analgésico Dorflex Uno 1g com 20 Comprimidos;186.0;12
Atropina 0,5% Solução Oftálmica 5ml;185.0;12
Antigases Mylicon 75mg/ml Gotas 15ml;185.0;14
Teolong 200mg 30 cápsulas com microgrânulos de liberação prolongada;185.0;14
Caltrate Ca 600mg + D3 200 UI 60 comprimidos revestidos;185.0;13
Clopin Duo 75mg + 100mg 30 comprimidos revestidos;185.0;12
Ecos 3mg/ml Xarope Sabor Caramelo 120ml;184.0;12
Apresolina 50mg 60 drágeas;183.0;12
Allexofedrin Pediátrico 6mg/ml EMS Sabor Framboesa 150ml;183.0;14
Biofenac DI 50mg Sabor Cereja 20 comprimidos dispersíveis;183.0;12
Floratil 200mg 6 cápsulas;182.0;13
Busonid Caps 200mcg Refil 60 cápsulas para inalação;182.0;14
Nevrix 100mg + 100mg + 5mg 90 comprimidos revestidos;182.0;12
Pradaxa 75mg 30 cápsulas;182.0;12
Ginkoba 120mg 30 comprimidos revestidos;181.0;12
Solução Oftálmica Ster MD 1,2mg/ml 10ml;181.0;12
Massageol Pomada 30g;180.0;14
Leite de Magnésia Phillips Hortelã 120ml;178.0;13
Indapen SR 1,5mg 60 comprimidos revestidos;178.0;12
Varivax 300mg 30 comprimidos;178.0;13
Lavagem Nasal Nasoar XT Refil 15 sachês;177.0;14
Pantozol 20mg 28 Comprimidos revestidos de liberação retardada;176.0;12
Remilev 250mg + 60mg 20 comprimidos revestidos;175.0;13
Press Plus 5mg + 20mg 30 cápsulas;175.0;13
Trezor 40mg 30 comprimidos revestidos;175.0;13
Complexo Homeopático Almeida Prado N 16 60 Comprimidos;174.0;13
Flogoral 1,5mg/ml Sabor Laranja 150ml;174.0;13
Naprix A 5mg + 5mg 30 cápsulas;174.0;13
AdviPro 11,6mg Aerossol 85ml;173.0;12
Malvona Solução Oral 200ml;173.0;12
Lonium 40mg 30 comprimidos revestidos;173.0;12
Annita 20mg/mL, 1 frasco com 100mL de Pó para Suspensão Oral;173.0;12
Leite de Magnésia Eno Hortelã 120ml;172.0;14
Bramicar 40mg 30 comprimidos;170.0;12
Teste De Gravidez Clearblue Digital;169.0;12
Marevan 2,5mg 60 comprimidos;169.0;13
Itraspor 100mg 15 cápsulas duras;168.0;12
Levoid 150mcg 30 comprimidos;167.0;12
Benegrip 12 comprimidos revestidos;167.0;14
Xarope Fluive 120ml;166.0;12
Antiácido Pó Efervescente Estomazil Sem Sabor 100g;164.0;15
Dexilant 60mg Takeda 30 cápsulas de liberação retardada;164.0;14
Buona 150mg 30 cápsulas;163.0;13
Cipide 100mg 30 comprimidos;162.0;12
Tâmisa 30 Sem Parar 75mcg + 30mcg 84 drágeas;161.0;13
DuploStat 800mg Abbott 60 Cápsulas Gelatinosas Moles;160.0;13
Symbicort Turbuhaler 6/100mcg 60 doses;159.0;13
Xantinon 30 comprimidos revestidos;159.0;12
Besomed Almeida Prado 60 Comprimidos;158.0;13
Dropropizina 3mg/ml Biosintética 120ml;158.0;12
Analgésico CataflamPRO Emulgel 60g;156.0;13
Procoralan 7,5mg 56 comprimidos revestidos;156.0;12
Flixotide Spray 250mcg 60 doses;154.0;12
Suplemento Probiótico Colidis 5ml;152.0;12
Fly 250mg 20 cápsulas moles;151.0;13
Doss 7.000UI 12 cápsulas gelatinosas moles;150.0;12
Monessa 30 cápsulas;149.0;13
Analgésico Novalgina 1g 10 comprimidos;145.0;13
Flotac 70mg 10 cápsulas;144.0;14
Flancox 500mg 14 comprimidos revestidos;142.0;14
Fentizol Óvulo 600mg 1 óvulo + 1 aplicador;139.0;13
Florax SM 50milhões/ml Pediátrico Sabor Framboesa 5 flaconetes com 5ml cada;136.0;12
Vonau Flash 4mg, Sabor Menta 10 comprimidos de desintegração oral;135.0;12
Ozempic 0,25mg 1 carpule de 1,5ml + 1 sistema para aplicação + 6 agulhas novofine;113.0;14
