Nome da Farmácia;EAN;Nome do produto;Status do produto;Preço original;Preço PIX;Desconto PIX;Preço à vista no cartão;Desconto cartão;Subcategoria;Código do produto;URL do produto
VeraCruz;7898074610019;Novaderm 5mg/g + 5mg/g Creme Dermatológico 30g;Disponível;0;0;0;0;0;Pele e Mucosa;11990;https://www.drogariaveracruz.com.br/novaderm-5mgg-5mgg-creme-dermatologico-30g/p
VeraCruz;7896422514484;ALENTHUS XR 75 MG C/30 CPS;Disponível;118,53;87,83;-25.9%;92,45;-22.0%;Psicotrópicos;24961;https://www.drogariaveracruz.com.br/alenthus-xr-75-mg-c30-cps/p
VeraCruz;7896112115151;Venaflon 450mg + 50mg 30 comprimidos revestidos;Disponível;105,37;32,03;-69.6%;33,72;-68.0%;Sistema Circulatório > Circulação;10834;https://www.drogariaveracruz.com.br/venaflon-450mg-50mg-30-comprimidos-revestidos/p
VeraCruz;7896261013483;Cataflam 50mg 20 drágeas;Disponível;56,22;46,46;-17.4%;48,91;-13.0%;Dor e Febre > Anti-Inflamatórios;17747;https://www.drogariaveracruz.com.br/cataflam-50mg-20-drageas/p
VeraCruz;7896006217626;Cef 500mg 10 Cápsulas;Disponível;0;0;0;0;0;Antibióticos;24429;https://www.drogariaveracruz.com.br/cef-500mg-10-capsulas/p
VeraCruz;7896009498992;Leite De Magnésia Antiacido Eno Magno Hortelã Sachê 10ml;Disponível;3,90;3,71;-4.9%;3,90;-0.0%;Digestão > Azia e Má Digestão;25110;https://www.drogariaveracruz.com.br/leite-de-magnesia-antiacido-enomagno-hortela-sache-10ml/p
VeraCruz;7898430194337;Folagest Pré+ 400mcg 30 cápsulas moles;Disponível;0;0;0;0;0;Saúde Feminina > Gestante;23710;https://www.drogariaveracruz.com.br/folagest-pre-400mcg-30-capsulas-moles/p
VeraCruz;7896004780801;Sigmatriol Calcitriol 0,25mcg Com 90 Cápsulas;Disponível;472,96;449,31;-5.0%;157,65;-66.7%;Vitaminas;26130;https://www.drogariaveracruz.com.br/sigmatriol-calcitriol-025mcg-com-90-capsulas/p
VeraCruz;7898087340132;Gel Dersani Hidrogel com Alginato 85g;Disponível;0;0;0;0;0;Pele e Mucosa;20944;https://www.drogariaveracruz.com.br/gel-dersani-hidrogel-com-alginato-85g/p
VeraCruz;7891317014254;ATRACE 37,5+325MG C/20 CPR;Disponível;0;0;0;0;0;Psicotrópicos;24298;https://www.drogariaveracruz.com.br/atrace-375325mg-c20-cpr/p
VeraCruz;7891317000912;Vitamina D3 AltaD 7.000UI 8 comprimidos revestidos;Disponível;0;0;0;0;0;Vitaminas;10904;https://www.drogariaveracruz.com.br/vitamina-d3-altad-7000ui-8-comprimidos-revestidos/p
VeraCruz;7896015500016;Analgésico Sonridor 2 comprimidos efervescentes;Disponível;0;0;0;0;0;Dor e Febre > Analgésico;17920;https://www.drogariaveracruz.com.br/analgesico-sonridor-2-comprimidos-efervescentes/p
VeraCruz;7891106916028;Angeliq 1mg + 2mg 28 comprimidos revestidos;Disponível;143,69;110,57;-23.0%;58,20;-59.5%;Saúde Feminina > Reposição Hormonal;11285;https://www.drogariaveracruz.com.br/angeliq-1mg-2mg-28-comprimidos-revestidos/p
VeraCruz;7896181913719;Busonid Aquoso Nasal 100mcg 120 doses 6ml;Disponível;95,02;76,73;-19.2%;80,77;-15.0%;Alergias;17473;https://www.drogariaveracruz.com.br/busonid-aquoso-nasal-100mcg-120-doses-6ml/p
VeraCruz;7897322709758;Addera D3 50.000UI 4 cápsulas moles;Disponível;142,88;112,66;-21.2%;59,30;-58.5%;Vitaminas;17350;https://www.drogariaveracruz.com.br/vitamina-d3-addera-d3-50000ui-4-capsulas-moles/p
VeraCruz;7896714219301;Histamin 2mg 20 comprimidos;Disponível;18,73;11,74;-37.3%;12,36;-34.0%;Alergias;15808;https://www.drogariaveracruz.com.br/antialergico-histamin-2mg-20-comprimidos/p
VeraCruz;7896658005176;Xarope Transpulmin 100mg/15ml Pediátrico Sabor Mel 150ml;Disponível;40,90;34,97;-14.5%;36,81;-10.0%;Sistema Respiratório > Tosse;10772;https://www.drogariaveracruz.com.br/xarope-transpulmin-100mg15ml-pediatrico-sabor-mel-150ml/p
VeraCruz;7896004734026;Repopil 35 2mg + 0,035mg 63 comprimidos revestidos;Disponível;0;0;0;0;0;Saúde Feminina > Anticoncepcionais;16039;https://www.drogariaveracruz.com.br/repopil-35-2mg-0035mg-63-comprimidos-revestidos/p
VeraCruz;7891317002589;Angino Rub Sabor Menta Com 16 Pastilhas;Disponível;22,44;12,79;-43.0%;13,46;-40.0%;Dor e Febre > Dor de Garganta;13007;https://www.drogariaveracruz.com.br/pastilhas-angino-rub-sabor-menta-16un/p
VeraCruz;7896004715032;Dorilen 12 comprimidos;Disponível;25,49;17,92;-29.7%;18,86;-26.0%;Dor e Febre > Analgésico;12134;https://www.drogariaveracruz.com.br/dorilen-12-comprimidos/p
VeraCruz;7896094903036;Benegrip 6 comprimidos revestidos;Disponível;16,59;14,81;-10.7%;15,59;-6.0%;Sistema Respiratório > Antigripais;17665;https://www.drogariaveracruz.com.br/benegrip-6-comprimidos/p
VeraCruz;7896658004360;Omepramix Caixa Contendo 56 Comprimidos + 28 Cápsulas;Disponível;0;0;0;0;0;Antibióticos;23859;https://www.drogariaveracruz.com.br/omepramix-caixa-contendo-56-comprimidos-28-capsulas/p
VeraCruz;7899095238312;Latanoprosta 50mcg/ml + Maleato de Timolol 5mg/ml Solução Oftálmica Estéril 2,5ml Genérico Geolab;Disponível;172,12;163,51;-5.0%;57,37;-66.7%;Olhos > Lubrificantes e Colírios;26388;https://www.drogariaveracruz.com.br/latanoprosta-50mcgml-maleato-de-timolol-5mgml-solucao-oftalmica-esteril-25ml-generico-geolab/p
VeraCruz;7896637033350;Meclin Jet 50mg 10 comprimidos mastigáveis;Disponível;34,13;28,53;-16.4%;30,03;-12.0%;Digestão > Náuseas;20956;https://www.drogariaveracruz.com.br/meclin-jet-50mg-10-comprimidos-mastigaveis/p
VeraCruz;7896658048340;Hpmix 40mg/ml Suspensão Oral 125ml;Disponível;118,72;99,25;-16.4%;52,24;-56.0%;Sistema Imunológico;23465;https://www.drogariaveracruz.com.br/hpmix-40mgml-suspensao-oral-125ml/p
VeraCruz;7896261014244;CataflamPRO Emulgel 30g;Disponível;32,46;26,83;-17.3%;28,24;-13.0%;Dor e Febre > Anti-Inflamatórios;17751;https://www.drogariaveracruz.com.br/analgesico-cataflampro-emugel-30g/p
VeraCruz;7896112403418;Contractubex Gel 20g;Disponível;121,50;105,04;-13.5%;55,29;-54.5%;Pele e Mucosa;12001;https://www.drogariaveracruz.com.br/contractubex-gel-20g/p
VeraCruz;7897322714257;Amplium G 30mg/g + 20mg/g Creme Ginecológico 40g + 7 aplicadores;Disponível;0;0;0;0;0;Saúde Feminina > Creme e óvulos vaginais;13293;https://www.drogariaveracruz.com.br/amplium-g-30mgg-20mgg-creme-ginecologico-40g-7-aplicadores/p
VeraCruz;7896094929753;Buscofem Girls 200mg 10 cápsulas moles;Disponível;26,50;21,15;-20.2%;22,26;-16.0%;Dor e Febre > Analgésico;23533;https://www.drogariaveracruz.com.br/buscofem-girls-200mg-10-capsulas-moles/p
VeraCruz;7898100241897;Salicetil Infantil 100mg 10 comprimidos;Disponível;2,32;1,08;-53.4%;1,14;-50.9%;Dor e Febre > Analgésico;18305;https://www.drogariaveracruz.com.br/salicetil-infantil-100mg-10-comprimidos/p
VeraCruz;7897337712590;Meticorten 5mg 20 comprimidos;Disponível;26,20;21,65;-17.4%;22,79;-13.0%;Dor e Febre > Anti-Inflamatórios;16673;https://www.drogariaveracruz.com.br/meticorten-5mg-20-comprimidos/p
VeraCruz;7896676438093;Dermacerium 1% + 04% 1 Bisnaga Com 50G de Creme de Uso dermatológico;Disponível;99,82;84,40;-15.4%;88,84;-11.0%;Antibióticos;23973;https://www.drogariaveracruz.com.br/dermacerium-1-04-1-bisnaga-com-50g-de-creme-de-uso-dermatologico/p
VeraCruz;7891317014575;Densis Ácido Zoledrônico 5mg Solução Injetável 100ml;Disponível;1591,67;1512,09;-5.0%;530,56;-66.7%;Para os Ossos > Osteoporose;26224;https://www.drogariaveracruz.com.br/densis-acido-zoledronico-5mg-solucao-injetavel-100ml/p
VeraCruz;7896015516598;WELLBUTRIN XL 150MG C/30 CPR;Disponível;0;0;0;0;0;Psicotrópicos;24788;https://www.drogariaveracruz.com.br/wellbutrin-xl-150mg-c30-cpr/p
VeraCruz;7896222720887;Antigases Luftal Infantil Gotas 75mg/ml Sabor Cereja 15ml;Disponível;39,99;31,53;-21.2%;33,19;-17.0%;Digestão > Antigases;19191;https://www.drogariaveracruz.com.br/antigases-luftal-infantil-gotas-75mgml-sabor-cereja-15ml/p
VeraCruz;7891317411923;Proflam 100mg 12 comprimidos;Disponível;81,26;64,08;-21.1%;67,45;-17.0%;Dor e Febre > Anti-Inflamatórios;10243;https://www.drogariaveracruz.com.br/proflam-100mg-12-comprimidos/p
VeraCruz;7500435245340;Pastilha Vick Drops Mel 20 Unidades;Disponível;19,90;18,91;-5.0%;19,90;-0.0%;Sistema Respiratório > Antigripais;25935;https://www.drogariaveracruz.com.br/pastilha-vick-drops-mel-20-unidades/p
VeraCruz;7898029550131;ARCALION - 200mg, 60 drágeas;Disponível;0;0;0;0;0;Sistema Nervoso > Antidepressivos;11303;https://www.drogariaveracruz.com.br/arcalion-200mg-60-drageas/p
VeraCruz;7898040320928;Marevan 5mg 30 comprimidos;Disponível;35,24;27,11;-23.1%;28,54;-19.0%;Sistema Circulatório > Circulação;12300;https://www.drogariaveracruz.com.br/marevan-5mg-30-comprimidos/p
VeraCruz;7896026307161;Cardizem SR 120mg 20 cápsulas duras de liberação prolongada;Disponível;0;0;0;0;0;Pressão Alta > Anti-Hipertensivo;10979;https://www.drogariaveracruz.com.br/cardizem-sr-120mg-20-capsulas-duras-de-liberacao-prolongada/p
VeraCruz;7896070601468;SECNIDAL - 1000mg, 2 comprimidos revestidos;Disponível;51,97;41,47;-20.2%;43,65;-16.0%;Vermes e Parasitas;11526;https://www.drogariaveracruz.com.br/secnidal-1000mg-2-comprimidos-revestidos/p
VeraCruz;7894916508971;Esomex 40mg 28 comprimidos revestidos;Disponível;0;0;0;0;0;Digestão > Úlcera e Gastrite;15236;https://www.drogariaveracruz.com.br/esomex-40mg-28-comprimidos-revestidos/p
VeraCruz;4987188568712;Bye Bye Fever para Bebês 0 a 2 Anos 2 unidades;Disponível;15,90;12,08;-24.0%;12,72;-20.0%;Dor e Febre > Analgésico;20284;https://www.drogariaveracruz.com.br/bye-bye-fever-para-bebes-0-a-2-anos-2-unidades/p
VeraCruz;7894916506762;SIGMALIV - 0,5mg/mL, 1 frasco com 60mL de xarope + seringa dosadora;Disponível;0;0;0;0;0;Alergias;12478;https://www.drogariaveracruz.com.br/sigmaliv-05mgml-1-frasco-com-60ml-de-xarope-seringa-dosadora/p
VeraCruz;7896006234524;Tandriflan Diclofenaco Sódico 50mg + Carisoprodol 125mg + Paracetamol 300mg + Cafeína 30mg 15 comprimidos;Disponível;22,25;21,14;-5.0%;22,25;-0.0%;Dor e Febre > Anti-Inflamatórios;26819;https://www.drogariaveracruz.com.br/tandriflan-diclofenaco-sodico-50mg-carisoprodol-125mg-paracetamol-300mg-cafeina-30mg-15-comprimidos/p
VeraCruz;-;Ibuvix 400mg 10 comprimidos;Disponível;0;0;0;0;0;Dor e Febre > Analgésico;;https://www.drogariaveracruz.com.br/ibuvix-400mg-10-comprimidos/p
VeraCruz;7896004803456;Naridrin Solução Nasal 15ml;Disponível;24,01;14,15;-41.1%;14,89;-38.0%;Sistema Respiratório > Descongestionantes;16736;https://www.drogariaveracruz.com.br/solucao-nasal-naridrin-15ml/p
VeraCruz;7897705203118;Wegovy 2,4mg 1 sistema de aplicação preenchido de 3ml e 4 agulhas descartáveis;Disponível;2504,02;2378,82;-5.0%;834,67;-66.7%;Diabetes;23228;https://www.drogariaveracruz.com.br/wegovy-24mg-1-sistema-de-aplicacao-preenchido-de-3ml-e-4-agulhas-descartaveis/p
VeraCruz;7896181916086;Angipress CD 50mg + 12,5mg 30 comprimidos;Disponível;0;0;0;0;0;Pressão Alta > Anti-Hipertensivo;11260;https://www.drogariaveracruz.com.br/angipress-cd-50mg-125mg-30-comprimidos/p
VeraCruz;7891106911344;Kyleena 19,5mg 1 dispositivo intrauterino + aplicador;Disponível;0;0;0;0;0;Oncológicos e Alto Custo;20583;https://www.drogariaveracruz.com.br/kyleena-195mg-1-dispositivo-intrauterino-aplicador/p
VeraCruz;7896548139585;Vigamox 5mg Suspensão Oftálmica Frasco Gotejador Com 5ml;Disponível;55,17;46,12;-16.4%;48,55;-12.0%;Antibióticos;23339;https://www.drogariaveracruz.com.br/vigamox-5mg-suspensao-oftalmica-frasco-gotejador-com-5ml/p
VeraCruz;7898040329679;Floratil AT 250mg 6 cápsulas;Disponível;0;0;0;0;0;Digestão > Laxantes e Reguladores Intestinais;21085;https://www.drogariaveracruz.com.br/floratil-at-250mg/p
VeraCruz;7896006299721;Xantinon 20 cápsulas moles;Disponível;24,90;18,69;-24.9%;19,67;-21.0%;Digestão > Laxantes e Reguladores Intestinais;22558;https://www.drogariaveracruz.com.br/xantinon-20-capsulas-moles/p
VeraCruz;7894916515825;Vynaxa 20mg 28 Comprimidos Revestidos;Disponível;0;0;0;0;0;Sistema Circulatório > Circulação;14735;https://www.drogariaveracruz.com.br/vynaxa-20mg-28-comprimidos-revestidos/p
VeraCruz;7891721015366;Diclin 2mg + 0,035mg 63 comprimidos revestidos;Disponível;61,31;48,35;-21.1%;50,89;-17.0%;Saúde Feminina > Anticoncepcionais;16929;https://www.drogariaveracruz.com.br/diclin-2mg-0035mg-63-comprimidos-revestidos/p
VeraCruz;7896255766791;Creon 25.000 30 cápsulas com minimicroesferas acidorresitentes;Disponível;181,13;137,66;-24.0%;72,45;-60.0%;Digestão > Azia e Má Digestão;10341;https://www.drogariaveracruz.com.br/creon-25000-30-capsulas-com-minimicroesferas-acidorresitentes/p
VeraCruz;7896112435778;Aradois H 50mg + 12,5mg 30 comprimidos revestidos;Disponível;106,94;78,22;-26.9%;82,34;-23.0%;Pressão Alta > Anti-Hipertensivo;11299;https://www.drogariaveracruz.com.br/aradois-h-50mg-125mg-30-comprimidos-revestidos/p
VeraCruz;7898016412961;Cloreto de Magnésio PA Ifal 33g;Disponível;10,15;8,00;-21.2%;8,42;-17.0%;Para os Ossos > Artrite e Artrose;11687;https://www.drogariaveracruz.com.br/cloreto-de-magnesio-pa-ifal-33g/p
VeraCruz;7896006240105;Cortisonal 10mg/g Creme Dermatológico 20g;Disponível;0;0;0;0;0;Dor e Febre > Anti-Inflamatórios;15474;https://www.drogariaveracruz.com.br/cortisonal-10mgg-creme-dermatologico-20g/p
VeraCruz;7891317139629;LIMIAR 150MG C/30 CPS;Disponível;0;0;0;0;0;Psicotrópicos;24612;https://www.drogariaveracruz.com.br/limiar-150mg-c30-cps/p
VeraCruz;7896269901744;Seretide Diskus 50mcg/500mcg 60 doses;Disponível;0;0;0;0;0;Sistema Respiratório > Asma;18360;https://www.drogariaveracruz.com.br/seretide-diskus-50mcg500mcg-60-doses/p
VeraCruz;7896658012327;Sorine 0,9% Nebulizador 45ml;Disponível;31,51;27,24;-13.6%;28,67;-9.0%;Sistema Respiratório > Descongestionantes;11135;https://www.drogariaveracruz.com.br/sorine-09-nebulizador-45ml/p
VeraCruz;7891142177216;Predsim 40mg 7 comprimidos;Disponível;69,00;58,34;-15.4%;61,41;-11.0%;Dor e Febre > Anti-Inflamatórios;10663;https://www.drogariaveracruz.com.br/predsim-40mg-7-comprimidos/p
VeraCruz;7896676412192;RISPERIDON 2MG C/30 CPR;Disponível;78,16;57,17;-26.9%;60,18;-23.0%;Psicotrópicos;24505;https://www.drogariaveracruz.com.br/risperidon-2mg-c30-cpr/p
VeraCruz;7898074617780;Spidufen 770mg Sabor Damasco 10 envelopes com 3g;Disponível;37,12;32,09;-13.6%;33,78;-9.0%;Dor e Febre > Analgésico;18678;https://www.drogariaveracruz.com.br/spidufen-770mg-sabor-damasco-10-envelopes-com-3g/p
VeraCruz;7898948648292;Utrogestan 200mg com 42 cápsulas;Disponível;241,69;192,87;-20.2%;67,67;-72.0%;Hormônios;15669;https://www.drogariaveracruz.com.br/utrogestan-200mg-com-42-capsulas/p
VeraCruz;7896112480709;Xefo 8mg 20 comprimidos revestidos;Disponível;36,28;29,98;-17.4%;31,56;-13.0%;Dor e Febre > Anti-Inflamatórios;18010;https://www.drogariaveracruz.com.br/xefo-8mg-20-comprimidos-revestidos/p
VeraCruz;5702157127054;EBIX 10MG C/28 CPR;Disponível;0;0;0;0;0;Psicotrópicos;24799;https://www.drogariaveracruz.com.br/ebix-10mg-c28-cpr/p
VeraCruz;7896241265406;Suprelle 1mg + 0,5mg 28 comprimidos revestidos;Disponível;0;0;0;0;0;Saúde Feminina > Reposição Hormonal;17957;https://www.drogariaveracruz.com.br/suprelle-1mg-05mg-28-comprimidos-revestidos/p
VeraCruz;7896014673124;Ferropurum 20mg/ml 5 ampolas de 5ml;Disponível;90,54;86,01;-5.0%;90,54;-0.0%;Sistema Imunológico;21679;https://www.drogariaveracruz.com.br/ferropurum-20mgml-5-ampolas-de-5ml/p
VeraCruz;7896658015380;Trezor 10mg 30 comprimidos revestidos;Disponível;42,34;33,38;-21.2%;35,14;-17.0%;Colesterol e Triglicerídeos;17522;https://www.drogariaveracruz.com.br/trezor-10mg-30-comprimidos-revestidos/p
VeraCruz;5702191008524;PICATO - 150mcg/g, 3 bisnagas com 0,47g de gel de uso dermatológico;Disponível;0;0;0;0;0;Pele e Mucosa;15948;https://www.drogariaveracruz.com.br/picato-150mcgg-3-bisnagas-com-047g-de-gel-de-uso-dermatologico/p
VeraCruz;7896094929371;Descon Xarope 120ml;Disponível;21,73;16,72;-23.1%;17,60;-19.0%;Sistema Respiratório > Descongestionantes;22322;https://www.drogariaveracruz.com.br/descon-xarope-120ml/p
VeraCruz;7898007677416;Solução Injetável Endovenosa Manitol 20% 250ml;Disponível;0;0;0;0;0;Pressão Alta > Diuréticos;21333;https://www.drogariaveracruz.com.br/solucao-de-manitol-20-250ml/p
VeraCruz;7896112427933;Aradois H 50mg + 12,5mg 60 comprimidos revestidos;Disponível;158,30;150,39;-5.0%;52,77;-66.7%;Pressão Alta > Anti-Hipertensivo;11300;https://www.drogariaveracruz.com.br/aradois-h-50mg-125mg-60-comprimidos-revestidos/p
VeraCruz;7896676410761;Funtyl 250mg 14 comprimidos;Disponível;0;0;0;0;0;Pele e Mucosa;16195;https://www.drogariaveracruz.com.br/funtyl-250mg-14-comprimidos/p
VeraCruz;7899640805051;OHDE - 7000UI, 8 comprimidos revestidos;Disponível;0;0;0;0;0;Vitaminas;16320;https://www.drogariaveracruz.com.br/ohde-7000ui-8-comprimidos-revestidos/p
VeraCruz;7891058006389;PURAN T4 - 75mcg, 28 comprimidos;Disponível;0;0;0;0;0;Hormônios;15986;https://www.drogariaveracruz.com.br/puran-t4-75mcg-28-comprimidos/p
VeraCruz;7896212424283;RESOLOR - 2mg, 14 comprimidos revestidos;Disponível;0;0;0;0;0;Digestão > Laxantes e Reguladores Intestinais;18493;https://www.drogariaveracruz.com.br/resolor-2mg-14-comprimidos-revestidos/p
VeraCruz;7896641812811;Inzelm 20mg 30 Comprimidos Revestidos;Disponível;254,48;203,07;-20.2%;71,25;-72.0%;Digestão > Úlcera e Gastrite;19660;https://www.drogariaveracruz.com.br/inzelm-30-comprimidos-revestidos-20mg/p
VeraCruz;7896004711287;Maleato de Dexclorfeniramina 2mg EMS 20 comprimidos;Disponível;15,29;10,02;-34.5%;10,55;-31.0%;Alergias;16247;https://www.drogariaveracruz.com.br/maleato-de-dexclorfeniramina-2mg-ems-20-comprimidos/p
VeraCruz;7896658004162;Novocilin 875mg Caixa Contendo 20 comprimidos;Disponível;108,96;86,95;-20.2%;91,53;-16.0%;Antibióticos;23853;https://www.drogariaveracruz.com.br/novocilin-875mg-caixa-contendo-20-comprimidos/p
VeraCruz;7896658040887;Tormiv Odg Trometamol Cetorolaco 10mg 20 sachês granulado orodispersível;Disponível;44,93;42,68;-5.0%;44,93;-0.0%;Dor e Febre > Analgésico;25748;https://www.drogariaveracruz.com.br/tormiv-odg-trometamol-cetorolaco-10mg-20-saches-granulado-orodispersivel/p
VeraCruz;7896331705454;Sanilin Spray Sabor Menta 50ml;Disponível;0;0;0;0;0;Dor e Febre > Dor de Garganta;18333;https://www.drogariaveracruz.com.br/sanilin-spray-sabor-menta-50ml/p
VeraCruz;7896094917330;Doril DC 500mg + 65mg 4 comprimidos;Disponível;0;0;0;0;0;Dor e Febre > Analgésico;13389;https://www.drogariaveracruz.com.br/doril-dc-500mg-65mg-4-comprimidos/p
VeraCruz;7896112413677;Pressat 2,5mg 60 comprimidos;Disponível;80,19;60,18;-25.0%;63,35;-21.0%;Pressão Alta > Anti-Hipertensivo;13444;https://www.drogariaveracruz.com.br/pressat-25mg-60-comprimidos/p
VeraCruz;7891058021597;Anador 500mg 24 comprimidos;Disponível;29,98;24,49;-18.3%;25,78;-14.0%;Dor e Febre > Analgésico;11254;https://www.drogariaveracruz.com.br/anador-500mg-24-comprimidos/p
VeraCruz;7891317436148;Astro 900mg 1 Frasco de Pó Para Suspensão de Uso Oral + 1 Flaconete Com 12ml de Diluente + Seringa Dosadora;Disponível;82,66;64,39;-22.1%;67,78;-18.0%;Antibióticos;23898;https://www.drogariaveracruz.com.br/astro-900mg-1-frasco-de-po-para-suspensao-de-uso-oral-1-flaconete-com-12ml-de-diluente-seringa-dosadora/p
VeraCruz;7896112401841;COGIT 24MG C/30 CPS;Disponível;0;0;0;0;0;Psicotrópicos;24986;https://www.drogariaveracruz.com.br/cogit-24mg-c30-cps/p
VeraCruz;7896112108320;Kit Solução Estéril para Lentes Bio Lent 360ml + 120ml + Estojo para Lentes;Disponível;46,25;37,79;-18.3%;39,78;-14.0%;Olhos > Produtos para Lentes;21095;https://www.drogariaveracruz.com.br/kit-solucao-esteril-para-lentes-bio-lent-360ml-120ml-estojo-para-lentes/p
VeraCruz;7897337705837;Timoptol Solução Oftálmica 0,5% 5ml;Disponível;24,04;20,79;-13.5%;21,88;-9.0%;Olhos > Lubrificantes e Colírios;12515;https://www.drogariaveracruz.com.br/solucao-oftalmica-timoptol-05-5ml/p
VeraCruz;7896026170567;Malvona Solução Oral 200ml;Disponível;45,17;37,34;-17.3%;39,30;-13.0%;Dor e Febre > Anti-Inflamatórios;12268;https://www.drogariaveracruz.com.br/malvona-solucao-oral-200ml/p
VeraCruz;7896006290483;Maxinom 1mg/G + 5mg/G + 6000Ui/G 1 Bisnaga Com 35G de Pomada de Uso Oftalmológico;Disponível;0;0;0;0;0;Antibióticos;23842;https://www.drogariaveracruz.com.br/maxinom-1mgg-5mgg-6000uig-1-bisnaga-com-35g-de-pomada-de-uso-oftalmologico/p
VeraCruz;7897337712927;Desalex Xarope 60ml;Disponível;67,60;58,44;-13.6%;61,52;-9.0%;Alergias;11396;https://www.drogariaveracruz.com.br/xarope-desalex-60ml/p
VeraCruz;7896212420629;HALDOL 2 MG GTS C/30 ML;Disponível;0;0;0;0;0;Psicotrópicos;24975;https://www.drogariaveracruz.com.br/haldol-2-mg-gts-c30-ml/p
VeraCruz;8902220109599;Rosucor 20mg 60 comprimidos revestidos;Disponível;0;0;0;0;0;Colesterol e Triglicerídeos;22344;https://www.drogariaveracruz.com.br/rosucor-20mg-60-comprimidos-revestidos/p
VeraCruz;7896206402853;SeloZok 25mg 30 comprimidos revestidos de liberação controlada;Disponível;42,39;40,27;-5.0%;42,39;-0.0%;Pressão Alta > Anti-Hipertensivo;11542;https://www.drogariaveracruz.com.br/selozok-25mg-30-comprimidos-revestidos-de-liberacao-controlada/p
VeraCruz;7896006277408;Óleo Mineral União Química 100ml;Disponível;15,90;11,33;-28.7%;11,93;-25.0%;Digestão > Laxantes e Reguladores Intestinais;12355;https://www.drogariaveracruz.com.br/oleo-mineral-uniao-quimica-100ml/p
VeraCruz;7896006238751;Pilem 0,75mg 2 comprimidos;Disponível;0;0;0;0;0;Saúde Feminina > Pílula Do Dia Seguinte;15959;https://www.drogariaveracruz.com.br/pilem-075mg-2-comprimidos/p
VeraCruz;7896227800874;Salonpas Adesivos Grande 2un;Disponível;9,90;8,08;-18.4%;8,51;-14.0%;Dor e Febre > Anti-Inflamatórios;14160;https://www.drogariaveracruz.com.br/adesivos-salonpas-grande-2un/p
VeraCruz;7896094908529;Doril Enxaqueca 18 comprimidos revestidos;Disponível;41,99;35,10;-16.4%;36,95;-12.0%;Dor e Febre > Enxaqueca;12131;https://www.drogariaveracruz.com.br/doril-enxaqueca-18-comprimidos-revestidos/p
VeraCruz;7898100240777;Tyflen 200mg/ml 15ml;Disponível;0;0;0;0;0;Dor e Febre > Analgésico;20862;https://www.drogariaveracruz.com.br/tyflen-200mgml-15ml/p
VeraCruz;7896658037009;Allestra 30 75mcg + 30mcg 21 comprimidos;Disponível;40,30;32,16;-20.2%;33,85;-16.0%;Saúde Feminina > Anticoncepcionais;17656;https://www.drogariaveracruz.com.br/allestra-30-75mcg-30mcg-21-comprimidos/p
VeraCruz;7897411610675;Benicar HCT 40 + 12,5mg 30 comprimidos revestidos;Disponível;0;0;0;0;0;Pressão Alta > Anti-Hipertensivo;17714;https://www.drogariaveracruz.com.br/benicar-hct-40-125mg-30-comprimidos-revestidos/p
VeraCruz;7896006210771;Doxaprost 2mg 30 comprimidos;Disponível;37,28;9,57;-74.3%;10,07;-73.0%;Saúde Masculina > Próstata;13512;https://www.drogariaveracruz.com.br/doxaprost-2mg-30-comprimidos/p
VeraCruz;7897595632302;ROSULIB - 10mg, 30 comprimidos revestidos;Disponível;0;0;0;0;0;Colesterol e Triglicerídeos;10728;https://www.drogariaveracruz.com.br/rosulib-10mg-30-comprimidos-revestidos/p
VeraCruz;7896637018012;ARTANE 2MG C/30 CPR;Disponível;0;0;0;0;0;Psicotrópicos;24491;https://www.drogariaveracruz.com.br/artane-2mg-c30-cpr/p
VeraCruz;7896658001635;Novocilin 500mg Caixa Contendo 21 Cápsulas Gelatinosas Duras;Disponível;0;0;0;0;0;Antibióticos;23840;https://www.drogariaveracruz.com.br/novocilin-500mg-caixa-contendo-21-capsulas-gelatinosas-duras/p
VeraCruz;5702150142948;LEXAPRO 10 MG C/30 CPR;Disponível;0;0;0;0;0;Psicotrópicos;24619;https://www.drogariaveracruz.com.br/lexapro-10-mg-c30-cpr/p
VeraCruz;7896094906594;Tamarine 12mg 20 cápsulas;Disponível;103,99;82,98;-20.2%;87,35;-16.0%;Digestão > Laxantes e Reguladores Intestinais;12491;https://www.drogariaveracruz.com.br/tamarine-12mg-20-capsulas/p
VeraCruz;7896014669028;Metrexato 2,5mg 24 comprimidos;Disponível;42,41;29,01;-31.6%;30,54;-28.0%;Dor e Febre > Anti-Inflamatórios;17010;https://www.drogariaveracruz.com.br/metrexato-25mg-24-comprimidos/p
VeraCruz;7896181909088;DERMOMAX - 40mg/g 1 bisnaga com 5g de creme de uso dermatológico;Disponível;0;0;0;0;0;Pele e Mucosa;12616;https://www.drogariaveracruz.com.br/dermomax-40mgg-1-bisnaga-com-5g-de-creme-de-uso-dermatologico/p
VeraCruz;7896006231134;Mylus 0,075mg 28 comprimidos revestidos;Disponível;49,48;36,20;-26.8%;38,10;-23.0%;Saúde Feminina > Anticoncepcionais;19187;https://www.drogariaveracruz.com.br/mylus-0075mg-28-comprimidos-revestidos/p
VeraCruz;7896108002113;Laxasene 350mg Bionatus 45 cápsulas;Disponível;0;0;0;0;0;Digestão > Laxantes e Reguladores Intestinais;11054;https://www.drogariaveracruz.com.br/laxasene-350mg-bionatus-45-capsulas/p
VeraCruz;7896094931558;Neosaldina Muscular Max 600mg Caixa 16 Comprimidos Revestidos;Disponível;28,29;26,88;-5.0%;28,29;-0.0%;Dor e Febre > Analgésico;24073;https://www.drogariaveracruz.com.br/neosaldina-muscular-max-600mg-caixa-16-comprimidos-revestidos/p
VeraCruz;7898906846531;Óleo de Girassol Skinage 100ml;Disponível;27,90;23,32;-16.4%;24,55;-12.0%;Pele e Mucosa;17900;https://www.drogariaveracruz.com.br/oleo-de-girassol-skinage-100ml/p
VeraCruz;7896070601826;Profenid 25mg Gel 30g;Disponível;0;0;0;0;0;Dor e Febre > Anti-Inflamatórios;10705;https://www.drogariaveracruz.com.br/profenid-25mg-gel-30g/p
VeraCruz;7896006282389;PAXTRAT 20 MG C/30 CPR;Disponível;0;0;0;0;0;Psicotrópicos;25056;https://www.drogariaveracruz.com.br/paxtrat-20-mg-c30-cpr/p
VeraCruz;7891721020506;Citoneurin 5.000 3 ampolas com 1ml de solução intramuscular + 3 ampolas com 1ml de diluente;Disponível;0;0;0;0;0;Dor e Febre > Anti-Inflamatórios;11589;https://www.drogariaveracruz.com.br/citoneurin-5000-3-ampolas-com-1ml-de-solucao-intramuscular-3-ampolas-com-1ml-de-diluente/p
VeraCruz;7898074617322;Fluimucil D 600mg 16 envelopes com 5g cada;Disponível;84,86;66,11;-22.1%;69,59;-18.0%;Sistema Respiratório > Expectorante;18257;https://www.drogariaveracruz.com.br/fluimucil-d-600mg-16-envelopes-com-5g-cada/p
VeraCruz;7894916500746;Sucrafilm 200mg/m 20 flaconetes com 10ml cada;Disponível;118,00;94,16;-20.2%;99,12;-16.0%;Digestão > Úlcera e Gastrite;17934;https://www.drogariaveracruz.com.br/sucrafilm-200mgm-20-flaconetes-com-10ml-cada/p
VeraCruz;7891058020323;Toujeo 300U/ml 1 caneta descartável com 1,5ml de solução injetável;Disponível;301,10;225,98;-24.9%;79,29;-73.7%;Diabetes;17009;https://www.drogariaveracruz.com.br/toujeo-300uml-1-caneta-descartavel-com-15ml-de-solucao-injetavel/p
VeraCruz;7891158106620;Zafolat Plus30 cápsulas;Disponível;69,69;66,21;-5.0%;69,69;-0.0%;Saúde Feminina > Gestante;22788;https://www.drogariaveracruz.com.br/zafolat-plus30-capsulas/p
VeraCruz;7891317013813;ALGICOD 500/30MG C/12 CPR;Disponível;0;0;0;0;0;Psicotrópicos;24679;https://www.drogariaveracruz.com.br/algicod-50030mg-c12-cpr/p
VeraCruz;7896548114124;Glautimol Solução Oftálmica 6,8mg/ml 5ml;Disponível;0;0;0;0;0;Olhos > Lubrificantes e Colírios;12641;https://www.drogariaveracruz.com.br/solucao-oftalmica-glautimol-68mgml-5ml/p
VeraCruz;7896006245322;Diamox 250mg 25 comprimidos;Disponível;0;0;0;0;0;Olhos;16927;https://www.drogariaveracruz.com.br/diamox-250mg-25-comprimidos/p
VeraCruz;5000456057554;Zoladex LA 10,8mg com 1 seringa;Disponível;0;0;0;0;0;Oncológicos e Alto Custo;20323;https://www.drogariaveracruz.com.br/zoladex-la-108mg-com-1-seringa/p
VeraCruz;7896641800740;Riopan Plus 80mg/ml + 10mg/ml 240ml;Disponível;0;0;0;0;0;Digestão > Azia e Má Digestão;10717;https://www.drogariaveracruz.com.br/riopan-plus-80mgml-10mgml-240ml/p
VeraCruz;7894916502900;Contracep 150mg/ml 1 ampola com 1ml;Disponível;0;0;0;0;0;Saúde Feminina > Anticoncepcionais;23103;https://www.drogariaveracruz.com.br/contracep-150mgml-1-ampola-com-1ml/p
VeraCruz;7891721008368;Alginac 5.000mcg + 100mg + 100mg + 75mg 3 ampolas com 1ml + 3 ampolas com 2ml;Disponível;37,41;30,21;-19.2%;31,80;-15.0%;Dor e Febre > Anti-Inflamatórios;10877;https://www.drogariaveracruz.com.br/alginac-5000mcg-100mg-100mg-75mg-3-ampolas-com-1ml-3-ampolas-com-2ml/p
VeraCruz;7898133136450;Varivax 100mg 30 comprimidos;Disponível;38,90;22,54;-42.1%;23,73;-39.0%;Sistema Circulatório > Circulação;17559;https://www.drogariaveracruz.com.br/varivax-100mg-30-comprimidos/p
VeraCruz;-;Stugeron 75mg 30 comprimidos;Disponível;38,86;30,64;-21.2%;32,25;-17.0%;Sistema Circulatório > Circulação;;https://www.drogariaveracruz.com.br/stugeron-75mg-30-comprimidos/p
VeraCruz;7898636193516;Sorox Sabor Uva 550ml;Disponível;12,90;11,52;-10.7%;12,13;-6.0%;Digestão > Laxantes e Reguladores Intestinais;20705;https://www.drogariaveracruz.com.br/suplemento-hidroeletrolitico-sorox-sabor-uva-550ml-51646/p
VeraCruz;7896094202603;Naprix A 10mg + 10mg 30 cápsulas;Disponível;79,28;56,49;-28.7%;59,46;-25.0%;Pressão Alta > Anti-Hipertensivo;16722;https://www.drogariaveracruz.com.br/naprix-a-10mg-10mg-30-capsulas/p
VeraCruz;7896241270363;Drenison 0,125mg/g Creme 30g;Disponível;47,86;40,01;-16.4%;42,12;-12.0%;Pele e Mucosa;16092;https://www.drogariaveracruz.com.br/drenison-0125mgg-creme-30g/p
VeraCruz;7894916514637;RESTITUE 40MG 60 COMPRIMIDOS REVESTIDOS;Disponível;131,11;109,61;-16.4%;57,69;-56.0%;Digestão > Úlcera e Gastrite;24353;https://www.drogariaveracruz.com.br/restitue-40mg-60-comprimidos-revestidos/p
VeraCruz;7891317013943;Alurax 2mg 30 Comprimidos;Disponível;69,06;57,08;-17.3%;60,08;-13.0%;Saúde Feminina > Reposição Hormonal;13696;https://www.drogariaveracruz.com.br/alurax-2mg-30-comprimidos/p
VeraCruz;7891058000172;Novalgina 500mg/ml 10ml;Disponível;17,64;15,09;-14.5%;15,88;-10.0%;Dor e Febre > Analgésico;11989;https://www.drogariaveracruz.com.br/analgesico-novalgina-500mgml-10ml/p
VeraCruz;7896261008083;CODATEN 50 MG C/10 CPR;Disponível;0;0;0;0;0;Psicotrópicos;24674;https://www.drogariaveracruz.com.br/codaten-50-mg-c10-cpr/p
VeraCruz;7894916203524;DAFORIN 20 MG C/30 CPR;Disponível;96,92;72,74;-24.9%;76,57;-21.0%;Psicotrópicos;24569;https://www.drogariaveracruz.com.br/daforin-20-mg-c30-cpr/p
VeraCruz;7896317909241;Bioflan 250mg 30 comprimidos revestidos;Disponível;0;0;0;0;0;Dor e Febre > Anti-Inflamatórios;17730;https://www.drogariaveracruz.com.br/bioflan-250mg-30-comprimidos-revestidos/p
VeraCruz;7898107240565;Carbogel Gel Para Ultrassom 5kg;Disponível;54,90;52,16;-5.0%;54,90;-0.0%;Pele e Mucosa;25829;https://www.drogariaveracruz.com.br/carbogel-gel-para-ultrassom-5000g/p
VeraCruz;7896112402497;Bhena 10mg 30 comprimidos revestidos;Disponível;86,18;63,86;-25.9%;67,22;-22.0%;Pressão Alta > Anti-Hipertensivo;20855;https://www.drogariaveracruz.com.br/bhena-10mg-30-comprimidos-revestidos/p
VeraCruz;7894916513166;BUPIUM XL 150MG C/30 CPR;Disponível;0;0;0;0;0;Psicotrópicos;24248;https://www.drogariaveracruz.com.br/bupium-xl-150mg-c30-cpr/p
VeraCruz;7896714230160;Lidogel 20mg/g Neo Química Geleia 2% 30g;Disponível;24,68;16,64;-32.6%;17,52;-29.0%;Pele e Mucosa;11112;https://www.drogariaveracruz.com.br/lidogel-20mgg-neo-quimica-geleia-2-30g/p
VeraCruz;7908134200699;Librene Diu Cobre TCU380A;Disponível;0;0;0;0;0;Saúde Feminina > Anticoncepcionais;22016;https://www.drogariaveracruz.com.br/librene-diu-cobre-tcu380a/p
VeraCruz;7892953208304;PREBICTAL 150MG C/30 CPS;Disponível;0;0;0;0;0;Psicotrópicos;24994;https://www.drogariaveracruz.com.br/prebictal-150mg-c30-cps/p
VeraCruz;7896672202612;Clenil Nasal Aquoso Spray 50mcg 130 doses 20ml;Disponível;0;0;0;0;0;Sistema Respiratório > Asma;11331;https://www.drogariaveracruz.com.br/clenil-nasal-aquoso-spray-50mcg-130-doses-20ml/p
VeraCruz;7896523216812;Diad 1,5mg 1 comprimido;Disponível;22,82;7,37;-67.7%;7,76;-66.0%;Saúde Feminina > Pílula Do Dia Seguinte;14054;https://www.drogariaveracruz.com.br/diad-15mg-1-comprimido/p
VeraCruz;7898074610354;Spidufen 770mg 6 comprimidos revestidos;Disponível;0;0;0;0;0;Dor e Febre > Analgésico;20931;https://www.drogariaveracruz.com.br/spidufen-770mg-6-comprimidos-revestidos/p
VeraCruz;7896094907294;Engov 12 comprimidos;Disponível;20,99;15,95;-24.0%;16,79;-20.0%;Digestão > Azia e Má Digestão;20302;https://www.drogariaveracruz.com.br/engov-12-comprimidos/p
VeraCruz;7899824400775;Folifer Gotas 30ml;Disponível;70,20;66,69;-5.0%;70,20;-0.0%;Sistema Imunológico;11459;https://www.drogariaveracruz.com.br/folifer-gotas-30ml/p
VeraCruz;7896094209503;Iziz 2,5mg + 1,5mg 28 Comprimidos Revestidos;Disponível;59,61;45,31;-24.0%;47,69;-20.0%;Saúde Feminina > Anticoncepcionais;14100;https://www.drogariaveracruz.com.br/iziz-25mg-15mg-28-comprimidos-revestidos/p
VeraCruz;7896112407645;Solly 10mg 30 comprimidos revestidos;Disponível;0;0;0;0;0;Saúde Feminina > Medicamentos Urinários;22197;https://www.drogariaveracruz.com.br/solly-10mg-30-comprimidos-revestidos/p
VeraCruz;7896658014017;Doraliv 1000mg/ml Gotas 20ml;Disponível;0;0;0;0;0;Dor e Febre > Anti-Inflamatórios;12113;https://www.drogariaveracruz.com.br/doraliv-1000mgml-gotas-20ml/p
VeraCruz;7898040320584;Ginesse 0,075mg + 0,02mg 21 comprimidos revestidos;Disponível;42,16;31,64;-25.0%;33,31;-21.0%;Saúde Feminina > Anticoncepcionais;16231;https://www.drogariaveracruz.com.br/ginesse-0075mg-002mg-21-comprimidos-revestidos/p
VeraCruz;7896658036965;Allestra 30 75mcg + 30mcg 63 drágeas;Disponível;93,84;74,00;-21.1%;77,89;-17.0%;Saúde Feminina > Anticoncepcionais;17661;https://www.drogariaveracruz.com.br/allestra-30-75mcg-30mcg-63-drageas/p
VeraCruz;7896083410248;Androsten 94mg 30 comprimidos;Disponível;151,17;120,63;-20.2%;63,49;-58.0%;Saúde Masculina > Reposição Hormonal;11256;https://www.drogariaveracruz.com.br/androsten-94mg-30-comprimidos/p
VeraCruz;7896094210028;Plenance EZE 5mg+10mg 30 Cápsulas;Disponível;84,14;63,15;-24.9%;66,47;-21.0%;Colesterol e Triglicerídeos;14690;https://www.drogariaveracruz.com.br/plenance-eze-5mg10mg-30-capsulas/p
VeraCruz;7896523200576;Cimegripe 20 cápsulas;Disponível;29,43;10,36;-64.8%;10,90;-63.0%;Sistema Respiratório > Antigripais;15226;https://www.drogariaveracruz.com.br/cimegripe-20-capsulas/p
VeraCruz;7894916508179;LIPISTAT - 20mg, 60 comprimidos revestidos;Disponível;0;0;0;0;0;Colesterol e Triglicerídeos;12731;https://www.drogariaveracruz.com.br/lipistat-20mg-60-comprimidos-revestidos/p
VeraCruz;7891721016813;Mesidox 2mg 30 comprimidos;Disponível;0;0;0;0;0;Pressão Alta > Anti-Hipertensivo;16668;https://www.drogariaveracruz.com.br/mesidox-2mg-30-comprimidos/p
VeraCruz;7891317030575;Terza 250mg/5ml Po Susp 100ml;Disponível;163,12;134,81;-17.4%;70,96;-56.5%;Antibióticos;24424;https://www.drogariaveracruz.com.br/terza-250mg5ml-po-susp-100ml/p
VeraCruz;7896676431728;Vensate LP 150mg Cristália 30 Cápsulas de Liberação Prolongada;Disponível;0;0;0;0;0;Psicotrópicos;24413;https://www.drogariaveracruz.com.br/vensate-lp-150mg-cristalia-30-capsulas-de-liberacao-prolongada/p
VeraCruz;7896006263746;Acetato de Ciproterona 2mg + Etinilestradiol 0,035mg 21 comprimidos União Química;Disponível;21,08;20,03;-5.0%;21,08;-0.0%;Saúde Feminina > Anticoncepcionais;27301;https://www.drogariaveracruz.com.br/acetato-de-ciproterona-2mg-etinilestradiol-0035mg-21-comprimidos-uniao-quimica/p
VeraCruz;7891317003104;GESICO 50MG C/10 CPS;Disponível;0;0;0;0;0;Psicotrópicos;24693;https://www.drogariaveracruz.com.br/gesico-50mg-c10-cps/p
VeraCruz;7891035650147;Lufta GastroPro 12 sachês com 10ml;Disponível;54,59;42,52;-22.1%;44,76;-18.0%;Digestão > Azia e Má Digestão;15888;https://www.drogariaveracruz.com.br/lufta-gastropro-12-saches-com-10ml/p
VeraCruz;7896658001789;Antux 30mg/5ml Sabor Cereja 120ml;Disponível;49,23;42,56;-13.5%;44,80;-9.0%;Sistema Respiratório > Tosse;18057;https://www.drogariaveracruz.com.br/antux-30mg5ml-sabor-cereja-120ml/p
VeraCruz;7898581710615;NORIPURUM EV - 20mg/mL, 5 ampolas com 5mL de solução injetável;Disponível;98,21;83,97;-14.5%;88,39;-10.0%;Sistema Imunológico;12007;https://www.drogariaveracruz.com.br/noripurum-ev-20mgml-5-ampolas-com-5ml-de-solucao-de-uso-intramuscular/p
VeraCruz;7896523207667;Ambroxmel Xarope Pediátrico 15mg/5ml Sabor Mel 120ml;Disponível;26,39;16,55;-37.3%;17,42;-34.0%;Sistema Respiratório > Tosse;10910;https://www.drogariaveracruz.com.br/xarope-ambroxmel-sabor-mel-120ml/p
VeraCruz;7897930760943;Tetralysal 150mg 16 Cápsulas Gelatinosas Duras;Disponível;0;0;0;0;0;Antibióticos;23978;https://www.drogariaveracruz.com.br/tetralysal-150mg-16-capsulas-gelatinosas-duras/p
VeraCruz;7896181914174;MAXAPRAN 20 MG C/28 CPR;Disponível;77,69;62,00;-20.2%;65,26;-16.0%;Psicotrópicos;24550;https://www.drogariaveracruz.com.br/maxapran-20-mg-c28-cpr/p
VeraCruz;7896714292144;Pepsamar 230mg Sabor Menta 50 comprimidos mastigáveis;Disponível;41,89;37,01;-11.6%;38,96;-7.0%;Digestão > Azia e Má Digestão;12830;https://www.drogariaveracruz.com.br/pepsamar-230mg-sabor-menta-50-comprimidos-mastigaveis/p
VeraCruz;7896658035944;Solução Nasal Sorine Jet Baby Jato Suave Contínuo 100ml;Disponível;47,89;40,95;-14.5%;43,10;-10.0%;Sistema Respiratório > Descongestionantes;13847;https://www.drogariaveracruz.com.br/solucao-nasal-sorine-jet-baby-jato-suave-continuo-100ml/p
VeraCruz;7896083402519;Imunomax 50mg/g Gel 10g;Disponível;0;0;0;0;0;Pele e Mucosa;11768;https://www.drogariaveracruz.com.br/imunomax-50mgg-gel-10g/p
VeraCruz;7898928257018;Niquitin 7mg 7 adesivos transdérmicos transparentes;Disponível;127,14;99,04;-22.1%;52,13;-59.0%;Antitabagismo > Adesivo de Nicotina;11966;https://www.drogariaveracruz.com.br/niquitin-7mg-7-adesivos-transdermicos-transparentes/p
VeraCruz;7896226501284;Cellcept 500mg 50 comprimidos revestidos;Disponível;0;0;0;0;0;Oncológicos e Alto Custo;20576;https://www.drogariaveracruz.com.br/cellcept-500mg-50-comprimidos-revestidos/p
VeraCruz;7899470807997;Kalonat 20% 10ml;Disponível;18,99;13,71;-27.8%;14,43;-24.0%;Pele e Mucosa;20130;https://www.drogariaveracruz.com.br/kalonat-10ml/p
VeraCruz;7898100243150;Ambrol Xarope Sabor Pêssego e Baunilha 100ml;Disponível;0;0;0;0;0;Sistema Respiratório > Expectorante;19917;https://www.drogariaveracruz.com.br/xarope-ambrol-sabor-pessego-e-baunilha-100ml/p
VeraCruz;7891317477172;Piemonte 5mg 30 comprimidos mastigáveis;Disponível;76,50;58,14;-24.0%;61,20;-20.0%;Sistema Respiratório > Asma;15956;https://www.drogariaveracruz.com.br/piemonte-5mg-30-comprimidos-mastigaveis/p
VeraCruz;7898100241583;Tyflen 750mg 20 comprimidos;Disponível;0;0;0;0;0;Dor e Febre > Analgésico;18828;https://www.drogariaveracruz.com.br/tyflen-750mg-20-comprimidos/p
VeraCruz;7891317013837;ALGICOD 500/30MG C/36 CPR;Disponível;0;0;0;0;0;Psicotrópicos;24692;https://www.drogariaveracruz.com.br/algicod-50030mg-c36-cpr/p
VeraCruz;7899420506185;Lânico 400mg/ml + 57mg/ml 1 Frasco Com 70ml de Pó Para Suspensão de Uso Oral + Seringa Dosadora;Disponível;0;0;0;0;0;Antibióticos;23880;https://www.drogariaveracruz.com.br/lanico-400mgml-57mgml-1-frasco-com-70ml-de-po-para-suspensao-de-uso-oral-seringa-dosadora/p
VeraCruz;7896255764926;Tanakan 80mg 30 comprimidos revestidos;Disponível;0;0;0;0;0;Sistema Nervoso > Medicamentos Antivertiginosos: Ginkgo, Tanakan, Equitam;16466;https://www.drogariaveracruz.com.br/tanakan-80mg-30-comprimidos-revestidos/p
VeraCruz;7896094208940;Vatis 150mg 90 comprimidos revestidos;Disponível;137,51;104,51;-24.0%;55,01;-60.0%;Sistema Circulatório > Circulação;10822;https://www.drogariaveracruz.com.br/vatis-150mg-90-comprimidos-revestidos/p
VeraCruz;7896094209183;ZIDER 10MG C/120 CPR;Disponível;0;0;0;0;0;Psicotrópicos;24781;https://www.drogariaveracruz.com.br/zider-10mg-c120-cpr/p
VeraCruz;7897595900722;Clorana 50mg 20 comprimidos;Disponível;16,15;12,58;-22.1%;13,24;-18.0%;Pressão Alta > Diuréticos;11686;https://www.drogariaveracruz.com.br/clorana-50mg-20-comprimidos/p
VeraCruz;-;Rosucor EZE 10mg + 10mg 30 cápsulas duras;Disponível;79,75;60,61;-24.0%;63,80;-20.0%;Colesterol e Triglicerídeos;;https://www.drogariaveracruz.com.br/rosucor-eze-10mg-10mg-30-capsulas-duras/p
VeraCruz;7899095201255;Flexalgin 300mg + 125mg + 50mg + 30mg 30 comprimidos;Disponível;32,10;17,09;-46.8%;17,99;-44.0%;Dor e Febre > Anti-Inflamatórios;11430;https://www.drogariaveracruz.com.br/flexalgin-300mg-125mg-50mg-30mg-30-comprimidos/p
VeraCruz;7896685300657;Kronel Gel Ginecológico 60g 10 aplicadores;Disponível;130,27;102,71;-21.2%;54,06;-58.5%;Saúde Feminina > Creme e óvulos vaginais;13447;https://www.drogariaveracruz.com.br/kronel-gel-ginecologico-bisnaga-com-60g-10-aplicadores/p
VeraCruz;7896094919044;Apracur Duo 12 comprimidos;Disponível;16,19;14,31;-11.6%;15,06;-7.0%;Sistema Respiratório > Antigripais;14304;https://www.drogariaveracruz.com.br/apracur-duo-12-comprimidos/p
VeraCruz;7896658006401;Femina 150mcg + 20mcg 21 comprimidos revestidos;Disponível;46,09;35,90;-22.1%;37,79;-18.0%;Saúde Feminina > Anticoncepcionais;15297;https://www.drogariaveracruz.com.br/femina-150mcg-20mcg-21-comprimidos-revestidos/p
VeraCruz;7898430193484;Lavagem Nasal Nasoar 30 sachês + frasco aplicador;Disponível;59,90;49,50;-17.4%;52,11;-13.0%;Sistema Respiratório > Descongestionantes;20787;https://www.drogariaveracruz.com.br/lavagem-nasal-nasoar-30-saches-frasco-aplicador/p
VeraCruz;7896094917477;Gel Hidratante Intravaginal Lubrinat 1 Bisnaga 30g + 10 Aplicadores Descartáveis;Disponível;0;0;0;0;0;Saúde Feminina > Creme e óvulos vaginais;15886;https://www.drogariaveracruz.com.br/gel-hidratante-intravaginal-lubrinat-1-bisnaga-30g-10-aplicadores-descartaveis/p
VeraCruz;7896112407171;Vonaugasmax 250mg 10 cápsulas moles;Disponível;28,22;24,93;-11.7%;26,24;-7.0%;Digestão > Antigases;20652;https://www.drogariaveracruz.com.br/vonaugasmax-250mg-10-capsulas-moles/p
VeraCruz;7898040325145;Fledoid 300 Pomada 40g;Disponível;0;0;0;0;0;Dor e Febre > Anti-Inflamatórios;15772;https://www.drogariaveracruz.com.br/fledoid-300-pomada-40g/p
VeraCruz;7897076923028;Mesalazina 1200mg Ranbaxy 30 comprimidos revestidos de liberação modificada;Disponível;271,35;257,78;-5.0%;90,45;-66.7%;Dor e Febre > Anti-Inflamatórios;23772;https://www.drogariaveracruz.com.br/mesalazina-1200mg-ranbaxy-30-comprimidos-revestidos-de-liberacao-modificada/p
VeraCruz;20800750158;Metamucil Sabor Laranja 174g;Disponível;141,26;122,12;-13.5%;64,28;-54.5%;Digestão > Laxantes e Reguladores Intestinais;16660;https://www.drogariaveracruz.com.br/fibra-metamucil-sabor-laranja-174g/p
VeraCruz;7898014567410;Colic Calm Suspensão Oral 59ml;Disponível;141,90;113,24;-20.2%;59,60;-58.0%;Saúde Feminina > Cólica;19053;https://www.drogariaveracruz.com.br/colic-calm-suspensao-oral-59ml/p
VeraCruz;7891317038564;Perlatte 10.000 Fcc 10 Comprimidos Mastigáveis;Disponível;24,90;23,66;-5.0%;24,90;-0.0%;Digestão;26926;https://www.drogariaveracruz.com.br/perlatte-10000-fcc-10-comprimidos-mastigaveis/p
VeraCruz;7898149937911;ZYDENA - 100mg, 1 comprimido revestido;Disponível;0;0;0;0;0;Saúde Masculina > Disfunção Erétil;24013;https://www.drogariaveracruz.com.br/zydena-100mg-1-comprimido-revestido/p
VeraCruz;7896317907292;Nevrix IM 100mg/2ml + 100mg/2ml + 5mg/2ml Solução Injetável 3 ampolas com 2ml cada;Disponível;26,63;23,28;-12.6%;24,50;-8.0%;Dor e Febre > Anti-Inflamatórios;11938;https://www.drogariaveracruz.com.br/nevrix-im-100mg2ml-100mg2ml-5mg2ml-solucao-injetavel-3-ampolas-com-2ml-cada/p
VeraCruz;7898040321253;Dolamin Flex 125mg + 5 mg 15 comprimidos revestidos;Disponível;67,86;56,73;-16.4%;59,72;-12.0%;Dor e Febre > Anti-Inflamatórios;12121;https://www.drogariaveracruz.com.br/dolamin-flex-125mg-5-mg-15-comprimidos-revestidos/p
VeraCruz;7896641807091;PANTOZOL - 40mg, 56 comprimidos revestidos de liberação retardada;Disponível;0;0;0;0;0;Digestão > Úlcera e Gastrite;15518;https://www.drogariaveracruz.com.br/pantozol-40mg-56-comprimidos-revestidos-de-liberacao-retardada/p
VeraCruz;7898956544357;Diva 3mg + 0,03mg 21 comprimidos revestidos;Disponível;0;0;0;0;0;Saúde Feminina > Anticoncepcionais;17210;https://www.drogariaveracruz.com.br/diva-3mg-003mg-21-comprimidos-revestidos/p
VeraCruz;7898581710547;Noripurum 100mg 30 comprimidos mastigáveis;Disponível;75,63;66,10;-12.6%;69,58;-8.0%;Sistema Imunológico;11992;https://www.drogariaveracruz.com.br/noripurum-100mg-30-comprimidos-mastigaveis/p
VeraCruz;7891268102932;Frademicina 300mg/ml 1 Ampola Com 2ml de Solução de Uso Intramuscular Ou Intravenoso;Disponível;0;0;0;0;0;Antibióticos;23855;https://www.drogariaveracruz.com.br/frademicina-300mgml-1-ampola-com-2ml-de-solucao-de-uso-intramuscular-ou-intravenoso/p
VeraCruz;7898168006391;Glyquin XM 40mg/g + 100mg/g Creme Dermatológico FPS 15 28 sachês com 1g cada;Disponível;0;0;0;0;0;Pele e Mucosa;15741;https://www.drogariaveracruz.com.br/glyquin-xm-40mgg-100mgg-creme-dermatologico-fps-15-28-saches-com-1g-cada/p
VeraCruz;7897705203484;Tresiba Flextouch 100U/ml 5 sistemas de aplicação preenchidos de 3ml cada;Disponível;0;0;0;0;0;Diabetes;23452;https://www.drogariaveracruz.com.br/tresiba-flextouch-100uml-5-sistemas-de-aplicacao-preenchidos-de-3ml-cada/p
VeraCruz;7896658011580;Prelone 5mg 10 comprimidos;Disponível;0;0;0;0;0;Dor e Febre > Anti-Inflamatórios;10671;https://www.drogariaveracruz.com.br/prelone-5mg-10-comprimidos/p
VeraCruz;7898906376656;Keflex 15G Frasco de Capacidade Para 15ml de Solução + Pó Para Preparo Extemporâneo de Uso Oral + Conta Gotas + Bico Dosador;Disponível;0;0;0;0;0;Antibióticos;23953;https://www.drogariaveracruz.com.br/keflex-15g-frasco-de-capacidade-para-15ml-de-solucao-po-para-preparo-extemporaneo-de-uso-oral-conta-gotas-bico-dosador/p
VeraCruz;7897337704984;ARCOXIA - 90mg, 7 comprimidos revestidos;Disponível;85,74;63,54;-25.9%;66,88;-22.0%;Psicotrópicos;24216;https://www.drogariaveracruz.com.br/arcoxia-90mg-7-comprimidos-revestidos/p
VeraCruz;7896714250946;Flomicin 100mg 12 cápsulas;Disponível;0;0;0;0;0;Digestão > Diarréia;15671;https://www.drogariaveracruz.com.br/flomicin-100mg-12-capsulas/p
VeraCruz;7891058003890;Anador 1g 10 comprimidos;Disponível;17,01;11,80;-30.6%;12,42;-27.0%;Dor e Febre > Analgésico;20681;https://www.drogariaveracruz.com.br/anador-1g-10-comprimidos/p
VeraCruz;7896006248927;Betaprospan 5mg/ml 2mg/ml Suspenção Injetável 1 ampola 1ml + seringa + agulha;Disponível;0;0;0;0;0;Dor e Febre > Anti-Inflamatórios;14082;https://www.drogariaveracruz.com.br/betaprospan-5mgml-2mgml-suspencao-injetavel-1-ampola-1ml-seringa-agulha/p
VeraCruz;7896094209541;RECONTER 20MG C/60 CPR;Disponível;0;0;0;0;0;Psicotrópicos;24921;https://www.drogariaveracruz.com.br/reconter-20mg-c60-cpr/p
VeraCruz;7896714296432;Naturetti Geleia Sabor Ameixa 130g;Disponível;0;0;0;0;0;Digestão > Laxantes e Reguladores Intestinais;11901;https://www.drogariaveracruz.com.br/laxante-fitoterapico-naturetti-geleia-sabor-ameixa-130g/p
VeraCruz;7894916550123;Tenadren 80mg + 25mg 30 comprimidos;Disponível;28,31;21,52;-24.0%;22,65;-20.0%;Pressão Alta > Anti-Hipertensivo;12495;https://www.drogariaveracruz.com.br/tenadren-80mg-25mg-30-comprimidos/p
VeraCruz;7895197030366;Choriomon-M 5.000UI 1 Frasco+1 Ampola diluente 1ml;Disponível;0;0;0;0;0;Oncológicos e Alto Custo;19708;https://www.drogariaveracruz.com.br/choriomon-m-5000ui-1-frasco1-ampola-diluente-1ml/p
VeraCruz;7891721024986;Concor 2,5mg 30 comprimidos revestidos;Disponível;88,84;62,45;-29.7%;65,74;-26.0%;Pressão Alta > Anti-Hipertensivo;11709;https://www.drogariaveracruz.com.br/concor-25mg-30-comprimidos-revestidos/p
VeraCruz;7896112406419;Embo 2,5mg 60 comprimidos revestidos;Disponível;0;0;0;0;0;Sistema Circulatório > Circulação;20559;https://www.drogariaveracruz.com.br/embo-25mg-60-comprimidos-revestidos/p
VeraCruz;7898040320027;Gynomax Creme Vaginal 35g + 7 aplicadores descartáveis;Disponível;0;0;0;0;0;Saúde Feminina > Creme e óvulos vaginais;15784;https://www.drogariaveracruz.com.br/gynomax-creme-vaginal-35g-7-aplicadores-descartaveis/p
VeraCruz;7896094999954;Buscofem 400mg 20 cápsulas;Disponível;57,48;44,77;-22.1%;47,13;-18.0%;Saúde Feminina > Cólica;20610;https://www.drogariaveracruz.com.br/buscofem-400mg-20-capsulas/p
VeraCruz;7896004727134;Doricin Gotas 20ml;Disponível;0;0;0;0;0;Dor e Febre > Analgésico;15473;https://www.drogariaveracruz.com.br/doricin-gotas-20ml/p
VeraCruz;7898560663482;Elidel 10mg/g Creme 15g;Disponível;0;0;0;0;0;Alergias;10576;https://www.drogariaveracruz.com.br/elidel-10mgg-creme-15g/p
VeraCruz;7891058017446;Expectorante Fenergan 100ml;Disponível;0;0;0;0;0;Alergias;15304;https://www.drogariaveracruz.com.br/expectorante-fenergan-100ml/p
VeraCruz;-;Zetsim 10mg + 40mg 30 comprimidos;Disponível;0;0;0;0;0;Colesterol e Triglicerídeos;;https://www.drogariaveracruz.com.br/zetsim-10mg-40mg-30-comprimidos/p
VeraCruz;7898582382118;PALEXIS LP 50MG C/30 CPR;Disponível;0;0;0;0;0;Psicotrópicos;24750;https://www.drogariaveracruz.com.br/palexis-lp-50mg-c30-cpr/p
VeraCruz;7896269900594;Psorex 0,5mg/g Solução Capilar 50ml;Disponível;0;0;0;0;0;Dor e Febre > Anti-Inflamatórios;12869;https://www.drogariaveracruz.com.br/psorex-05mgg-solucao-capilar-50ml/p
VeraCruz;7896206402204;Symbicort Turbuhaler 6/100mcg 60 doses;Disponível;0;0;0;0;0;Sistema Respiratório > DPOC;11177;https://www.drogariaveracruz.com.br/symbicort-turbuhaler-6mcgdose-100mcgdose-1-tubo-com-60-doses-de-po-de-uso-inalatorio/p
VeraCruz;7896006259657;Demedrox 150mg/ml Suspensão Injetável 1 seringa + 1agulha;Disponível;45,62;27,74;-39.2%;29,20;-36.0%;Saúde Feminina > Anticoncepcionais;21687;https://www.drogariaveracruz.com.br/demedrox-150mgml-suspensao-injetavel-1-seringa-1agulha/p
VeraCruz;7894916501804;Gynazole-1 20mg/g Creme Ginecológico 5g;Disponível;105,10;86,87;-17.3%;91,44;-13.0%;Saúde Feminina > Creme e óvulos vaginais;15779;https://www.drogariaveracruz.com.br/gynazole-1-20mgg-creme-ginecologico-5g/p
VeraCruz;7898430191916;TILESTAL C/10 CPR;Disponível;0;0;0;0;0;Psicotrópicos;24571;https://www.drogariaveracruz.com.br/tilestal-c10-cpr/p
VeraCruz;7896206401610;PULMICORT - 0,25mg/mL, 20 frascos com 2mL de suspensão para nebulização;Disponível;0;0;0;0;0;Sistema Respiratório > Asma;24358;https://www.drogariaveracruz.com.br/pulmicort-025mgml-20-frascos-com-2ml-de-suspensao-para-nebulizacao/p
VeraCruz;7897411600393;Benicar Triplo 40mg/12,5mg/5mg 30 comprimidos revestidos;Disponível;178,64;135,76;-24.0%;71,46;-60.0%;Pressão Alta > Anti-Hipertensivo;14599;https://www.drogariaveracruz.com.br/benicar-triplo-40mg125mg5mg-30-comprimidos-revestidos/p
VeraCruz;7894916508988;Dalyne 3,0mg + 0,3mg 21 comprimidos revestidos;Disponível;64,37;50,14;-22.1%;52,78;-18.0%;Saúde Feminina > Anticoncepcionais;12599;https://www.drogariaveracruz.com.br/dalyne-30mg-03mg-21-comprimidos-revestidos/p
VeraCruz;7898060131382;Novoprazol 20mg 56 Cápsulas;Disponível;26,13;10,17;-61.1%;10,71;-59.0%;Digestão > Úlcera e Gastrite;12365;https://www.drogariaveracruz.com.br/novoprazol-20mg-56-capsulas/p
VeraCruz;7897129301506;Hixizine 2mg/ml Xarope 120ml;Disponível;64,32;50,72;-21.1%;53,39;-17.0%;Alergias;15810;https://www.drogariaveracruz.com.br/hixizine-2mgml-xarope-120ml/p
VeraCruz;7896714201108;Neo Fólico 5mg Neo Química 20 comprimidos revestidos;Disponível;13,71;8,85;-35.4%;9,32;-32.0%;Sistema Imunológico;11906;https://www.drogariaveracruz.com.br/neo-folico-5mg-neo-quimica-20-comprimidos-revestidos/p
VeraCruz;7898687736564;Melatonina Fast Equaliv Sabor Menta 60 comprimidos sublinguais;Disponível;0;0;0;0;0;Saúde Feminina > Cólica;23243;https://www.drogariaveracruz.com.br/melatonina-fast-equaliv-sabor-menta-60-comprimidos-sublinguais/p
VeraCruz;7897322709826;Lydian 2,0mg + 0,035mg 21 comprimidos revestidos;Disponível;0;0;0;0;0;Saúde Feminina > Anticoncepcionais;16235;https://www.drogariaveracruz.com.br/lydian-20mg-0035mg-21-comprimidos-revestidos/p
VeraCruz;7896658020582;EXODUS 15MG C/60 CPR;Disponível;195,13;142,74;-26.8%;50,08;-74.3%;Psicotrópicos;24892;https://www.drogariaveracruz.com.br/exodus-15mg-c60-cpr/p
VeraCruz;7891268106596;Viagra 50mg 2 Comprimidos;Disponível;76,29;63,05;-17.4%;66,37;-13.0%;Saúde Masculina > Disfunção Erétil;17600;https://www.drogariaveracruz.com.br/viagra-50mg-2-comprimidos/p
VeraCruz;7896658027130;Trezete 20mg + 10mg 30 Comprimidos Revestidos;Disponível;133,48;105,25;-21.1%;55,40;-58.5%;Colesterol e Triglicerídeos;18823;https://www.drogariaveracruz.com.br/trezete-20mg-10mg-30-comprimidos-revestidos/p
VeraCruz;7897316801130;Atropina 0,5% Solução Oftálmica 5ml;Disponível;12,42;11,80;-5.0%;12,42;-0.0%;Olhos > Lubrificantes e Colírios;17406;https://www.drogariaveracruz.com.br/atropina-05-solucao-oftalmica-5ml/p
VeraCruz;7898928257056;Niquitin 4mg Sabor Menta 4 pastilhas;Disponível;0;0;0;0;0;Antitabagismo > Pastilhas Mastigáveis e Comprimidos;13090;https://www.drogariaveracruz.com.br/niquitin-4mg-sabor-menta-4-pastilhas/p
VeraCruz;7896714292045;ECOXE 90MG C/7 CPR;Disponível;75,80;60,49;-20.2%;63,67;-16.0%;Psicotrópicos;24250;https://www.drogariaveracruz.com.br/ecoxe-90mg-c7-cpr/p
VeraCruz;7891721201943;Elpenzo 10mg, 30 Comprimidos Revestidos;Disponível;0;0;0;0;0;Colesterol e Triglicerídeos;18820;https://www.drogariaveracruz.com.br/elpenzo-10mg-30-comprimidos-revestidos/p
VeraCruz;7898075310222;Clofen K 50mg 20 drágeas;Disponível;0;0;0;0;0;Dor e Febre > Anti-Inflamatórios;11309;https://www.drogariaveracruz.com.br/clofen-k-50mg-20-drageas/p
VeraCruz;7891058003920;Anador 1g 4 comprimidos;Disponível;0;0;0;0;0;Dor e Febre > Analgésico;20680;https://www.drogariaveracruz.com.br/anador-1g-4-comprimidos/p
VeraCruz;7896094903104;Engov 6 comprimidos;Disponível;11,99;9,45;-21.2%;9,95;-17.0%;Digestão > Azia e Má Digestão;10595;https://www.drogariaveracruz.com.br/engov-6-comprimidos/p
VeraCruz;-;Olmy HCT 20mg + 12,5mg 30 comprimidos revestidos;Disponível;63,81;50,31;-21.2%;52,96;-17.0%;Pressão Alta;;https://www.drogariaveracruz.com.br/olmy-hct-20mg-125mg-30-comprimidos-revestidos/p
VeraCruz;7896261002685;Parlodel 2,5mg c/ 28 Comprimidos;Disponível;0;0;0;0;0;Sistema Nervoso > Remédio para Parkinson | Aché, Roche, Cristália, e mais;13662;https://www.drogariaveracruz.com.br/parlodel-25mg-c-28-comprimidos/p
VeraCruz;7897595604163;Sinvastacor 40mg 30 comprimidos revestidos;Disponível;39,61;10,16;-74.3%;10,69;-73.0%;Colesterol e Triglicerídeos;17893;https://www.drogariaveracruz.com.br/sinvastacor-40mg-30-comprimidos-revestidos/p
VeraCruz;-;Vytorin 10mg + 20mg 30 comprimidos;Disponível;0;0;0;0;0;Colesterol e Triglicerídeos;;https://www.drogariaveracruz.com.br/vytorin-10mg-20mg-30-comprimidos/p
VeraCruz;7896512901408;Supositório de Glicerina Granado Infantil 12un;Disponível;31,90;27,27;-14.5%;28,71;-10.0%;Digestão > Laxantes e Reguladores Intestinais;17956;https://www.drogariaveracruz.com.br/supositorio-de-glicerina-granado-infantil-12un/p
VeraCruz;7896641809026;Dexilant 60mg Takeda 30 cápsulas de liberação retardada;Disponível;129,76;104,79;-19.2%;55,15;-57.5%;Digestão > Úlcera e Gastrite;17038;https://www.drogariaveracruz.com.br/dexilant-60mg-takeda-30-capsulas-de-liberacao-retardada/p
VeraCruz;7896269900297;Betnovate 1mg/g Creme 15g;Disponível;0;0;0;0;0;Dor e Febre > Anti-Inflamatórios;10947;https://www.drogariaveracruz.com.br/betnovate-1mgg-creme-15g/p
VeraCruz;7896255766111;Venocur Fit 263,2mg 30 comprimidos revestidos de liberação retardada;Disponível;0;0;0;0;0;Sistema Circulatório > Varizes;10837;https://www.drogariaveracruz.com.br/venocur-fit-2632mg-30-comprimidos-revestidos-de-liberacao-retardada/p
VeraCruz;7897337716253;Livial 2,5mg 28 comprimidos;Disponível;125,73;83,61;-33.5%;88,01;-30.0%;Hormônios;15838;https://www.drogariaveracruz.com.br/livial-25mg-28-comprimidos/p
VeraCruz;7896658016592;Betadine 24mg 60 comprimidos;Disponível;85,83;65,23;-24.0%;68,66;-20.0%;Sistema Nervoso > Medicamentos Antivertiginosos: Ginkgo, Tanakan, Equitam;10939;https://www.drogariaveracruz.com.br/betadine-24mg-60-comprimidos/p
VeraCruz;7896714291864;Picbam 5mg 20 comprimidos revestidos;Disponível;0;0;0;0;0;Sistema Circulatório > Cardiovasculares;20615;https://www.drogariaveracruz.com.br/picbam-5mg-20-comprimidos-revestidos/p
VeraCruz;7898661013636;Alpha A-Z Puravida 30 cápsulas;Disponível;69,97;45,20;-35.4%;47,58;-32.0%;Vitaminas;26889;https://www.drogariaveracruz.com.br/alpha-a-z-puravida-30-capsulas/p
VeraCruz;7896230301689;Calicida Solução ADV 10ml;Disponível;25,90;24,61;-5.0%;25,90;-0.0%;Pele e Mucosa;13029;https://www.drogariaveracruz.com.br/calicida-solucao-adv-10ml/p
VeraCruz;7895858017194;Emla 5%  Creme 5g + 2 bandagens oclusivas;Disponível;0;0;0;0;0;Pele e Mucosa;21179;https://www.drogariaveracruz.com.br/emla-5-creme-5g-2-bandagens-oclusivas/p
VeraCruz;7891106913966;Diane 35 2mg + 0,035mg 21 drágeas;Disponível;42,77;33,73;-21.1%;35,50;-17.0%;Saúde Feminina > Anticoncepcionais;16928;https://www.drogariaveracruz.com.br/diane-35-2mg-0035mg-21-drageas/p
VeraCruz;7896637023344;Flancox 400mg 10 comprimidos revestidos;Disponível;31,04;17,69;-43.0%;18,62;-40.0%;Dor e Febre > Anti-Inflamatórios;11422;https://www.drogariaveracruz.com.br/flancox-400mg-10-comprimidos-revestidos/p
VeraCruz;7896637022774;Moment 0,25mg/g Creme 50g;Disponível;96,09;82,16;-14.5%;86,48;-10.0%;Dor e Febre > Analgésico;16696;https://www.drogariaveracruz.com.br/moment-025mgg-creme-50g/p
VeraCruz;7899640801381;QUEPSIA LP 50MG C/30 CPR;Disponível;0;0;0;0;0;Psicotrópicos;24709;https://www.drogariaveracruz.com.br/quepsia-lp-50mg-c30-cpr/p
VeraCruz;-;Stugeron 25mg 30 comprimidos;Disponível;27,86;21,96;-21.2%;23,12;-17.0%;Sistema Nervoso > Medicamentos Antivertiginosos: Ginkgo, Tanakan, Equitam;;https://www.drogariaveracruz.com.br/stugeron-25mg-30-comprimidos/p
VeraCruz;7898040325725;UNITRAM 20MG C/30 CPR;Disponível;0;0;0;0;0;Psicotrópicos;24876;https://www.drogariaveracruz.com.br/unitram-20mg-c30-cpr/p
VeraCruz;7891106001762;Gino-Canesten 6 Dias Creme 35g + 6 aplicadores;Disponível;92,96;75,95;-18.3%;79,95;-14.0%;Saúde Feminina > Creme e óvulos vaginais;12635;https://www.drogariaveracruz.com.br/gino-canesten-6-dias-creme-35g-6-aplicadores/p
VeraCruz;7896523201900;Nevralgex Dip 1g 10 comprimidos;Disponível;17,21;9,32;-45.8%;9,81;-43.0%;Dor e Febre > Analgésico;22138;https://www.drogariaveracruz.com.br/nevralgex-dip-1g-10-comprimidos/p
VeraCruz;7892828001832;Brexin 10 Comprimidos;Disponível;0;0;0;0;0;Dor e Febre > Anti-Inflamatórios;19748;https://www.drogariaveracruz.com.br/brexin-10-comprimidos/p
VeraCruz;7897780201825;Óleo de Ricino Rioquímica 60ml;Disponível;0;0;0;0;0;Digestão > Laxantes e Reguladores Intestinais;19207;https://www.drogariaveracruz.com.br/oleo-de-ricino-rioquimica-60ml/p
VeraCruz;7896637023641;Meclin 50mg 15 comprimidos;Disponível;53,39;42,61;-20.2%;44,85;-16.0%;Digestão > Náuseas;16296;https://www.drogariaveracruz.com.br/meclin-50mg-15-comprimidos/p
VeraCruz;7897337706315;Janumet 50mg + 500mg 56 comprimidos revestidos;Disponível;0;0;0;0;0;Diabetes;11750;https://www.drogariaveracruz.com.br/janumet-50mg-500mg-56-comprimidos-revestidos/p
VeraCruz;7894916513722;Kollis Gotas 8ml;Disponível;166,90;158,56;-5.0%;55,63;-66.7%;Digestão > Laxantes e Reguladores Intestinais;14868;https://www.drogariaveracruz.com.br/suplemento-alimentar-kollis-solucao-oleosa-gotas-8ml/p
VeraCruz;7898074618657;Dividol 70Mg 36 Cápsulas;Disponível;0;0;0;0;0;Psicotrópicos;13579;https://www.drogariaveracruz.com.br/dividol-70mg-36-capsulas/p
VeraCruz;7896206402860;SeloZok 50mg 30 comprimidos revestidos de liberação controlada;Disponível;85,05;80,80;-5.0%;85,05;-0.0%;Pressão Alta > Anti-Hipertensivo;11541;https://www.drogariaveracruz.com.br/selozok-50mg-30-comprimidos-revestidos-de-liberacao-controlada/p
VeraCruz;7896004706221;Dorspan Composto Gotas 20ml;Disponível;0;0;0;0;0;Saúde Feminina > Cólica;12136;https://www.drogariaveracruz.com.br/dorspan-composto-gotas-20ml/p
VeraCruz;7898549757119;Monessa 30 cápsulas;Disponível;115,29;89,81;-22.1%;94,54;-18.0%;Tratamento Capilar > Queda De Cabelo;16715;https://www.drogariaveracruz.com.br/monessa-30-capsulas/p
VeraCruz;7899420507311;Ktriz 06U+001G Pom c/15 Gr;Disponível;0;0;0;0;0;Antibióticos;23884;https://www.drogariaveracruz.com.br/ktriz-06u001g-pom-c15-gr/p
VeraCruz;7896016807213;Naldecon Pack Dia e Noite 24 comprimidos;Disponível;59,99;56,99;-5.0%;59,99;-0.0%;Sistema Respiratório > Antigripais;20796;https://www.drogariaveracruz.com.br/naldecon-pack-dia-e-noite-24-comprimidos/p
VeraCruz;7898956544579;Regenesis Gestantes 60 cápsulas moles;Disponível;149,90;132,44;-11.6%;69,71;-53.5%;Saúde Feminina > Gestante;21894;https://www.drogariaveracruz.com.br/suplemento-vitaminico-regenesis-para-gestantes-60-capsulas-moles/p
VeraCruz;7896269902000;Zinnat 500mg 20 comprimidos revestidos;Disponível;0;0;0;0;0;Antibióticos;23925;https://www.drogariaveracruz.com.br/zinnat-500mg-20-comprimidos-revestidos/p
VeraCruz;7896902206380;Bicarbonato De Sódio Farmax 100g;Disponível;9,90;9,41;-4.9%;9,90;-0.0%;Digestão > Azia e Má Digestão;25972;https://www.drogariaveracruz.com.br/bicarbonato-de-sodio-farmax-100g/p
VeraCruz;7897337713450;Desalex 5mg 10 comprimidos revestidos;Disponível;84,49;68,23;-19.2%;71,82;-15.0%;Alergias;11392;https://www.drogariaveracruz.com.br/desalex-5mg-10-comprimidos-revestidos/p
VeraCruz;7898040328627;Bactrim 80mg/ml + 16mg/ml 1 Frasco Com 100ml de Suspensão de Uso Oral;Disponível;59,43;49,12;-17.3%;51,70;-13.0%;Antibióticos;23910;https://www.drogariaveracruz.com.br/bactrim-80mgml-16mgml-1-frasco-com-100ml-de-suspensao-de-uso-oral/p
VeraCruz;7896637023092;Levoxin 500mg 3 comprimidos revestidos;Disponível;0;0;0;0;0;Antibióticos;23918;https://www.drogariaveracruz.com.br/levoxin-500mg-3-comprimidos-revestidos/p
VeraCruz;7891142202178;Velunid 450mg + 50mg 30 comprimidos revestidos;Disponível;0;0;0;0;0;Sistema Circulatório > Circulação;12998;https://www.drogariaveracruz.com.br/velunid-450mg-50mg-30-comprimidos-revestidos/p
VeraCruz;7899420507373;Ktriz 06U+001G Pom c/30 Gr;Disponível;0;0;0;0;0;Antibióticos;23883;https://www.drogariaveracruz.com.br/ktriz-06u001g-pom-c30-gr/p
VeraCruz;7896094916227;Lisador Dip 1g 10 comprimidos;Disponível;26,48;22,90;-13.5%;24,10;-9.0%;Dor e Febre > Analgésico;16999;https://www.drogariaveracruz.com.br/lisador-dip-1g-10-comprimidos/p
VeraCruz;7896637029117;INSIT 75MG C/30 CPS;Disponível;78,51;48,48;-38.2%;51,03;-35.0%;Psicotrópicos;24880;https://www.drogariaveracruz.com.br/insit-75mg-c30-cps/p
VeraCruz;7896004752471;Ibandronato de Sódio Monoidratado 150mg EMS 1 comprimido revestido;Disponível;91,68;30,49;-66.7%;32,09;-65.0%;Para os Ossos > Osteoporose;20549;https://www.drogariaveracruz.com.br/ibandronato-de-sodio-monoidratado-150mg-ems-1-comprimido-revestido/p
VeraCruz;7892953003817;Condroflex 1,5g + 1,2g Sabor Abacaxi 30 sachês com pó para solução oral;Disponível;157,65;106,33;-32.6%;55,97;-64.5%;Para os Ossos > Artrite e Artrose;18393;https://www.drogariaveracruz.com.br/condroflex-15g-12g-sabor-abacaxi-30-saches-com-po-para-solucao-oral/p
VeraCruz;7891317465032;Tâmisa 20 75mcg + 20mcg 63 comprimidos revestidos;Disponível;94,60;72,80;-23.0%;76,63;-19.0%;Saúde Feminina > Anticoncepcionais;16458;https://www.drogariaveracruz.com.br/tamisa-20-75mcg-20mcg-63-comprimidos-revestidos/p
VeraCruz;7896070605268;Clexane 40mg/0,4ml 10 seringas preenchidas com 0,4ml com sistema de segurança;Disponível;0;0;0;0;0;Sistema Circulatório > Circulação;13171;https://www.drogariaveracruz.com.br/clexane-40mg04ml-10-seringas-preenchidas-com-04ml-com-sistema-de-seguranca/p
VeraCruz;5413787008797;VIMPAT 100MG C/28 CPR;Disponível;0;0;0;0;0;Psicotrópicos;24891;https://www.drogariaveracruz.com.br/vimpat-100mg-c28-cpr/p
VeraCruz;7896261012608;Diovan Amlo Fix 320mg + 10mg 28 comprimidos revestidos;Disponível;208,15;197,74;-5.0%;69,38;-66.7%;Pressão Alta > Anti-Hipertensivo;16019;https://www.drogariaveracruz.com.br/diovan-amlo-fix-320mg-10mg-28-comprimidos-revestidos/p
VeraCruz;7896422507547;Mínima 60mcg + 15mcg 24 comprimidos revestidos + 4 comprimidos inertes;Disponível;0;0;0;0;0;Saúde Feminina > Anticoncepcionais;16674;https://www.drogariaveracruz.com.br/minima-60mcg-15mcg-24-comprimidos-revestidos-4-comprimidos-inertes/p
VeraCruz;7896112409861;Biolme H Olmesartana Medoxomila 40mg + Hidroclorotiazida 25mg Com 30 comprimidos;Disponível;70,21;66,70;-5.0%;70,21;-0.0%;Pressão Alta > Anti-Hipertensivo;26111;https://www.drogariaveracruz.com.br/biolme-h-olmesartana-medoxomila-40mg-hidroclorotiazida-25mg-com-30-comprimidos/p
VeraCruz;7896548111727;Maxidex Solução Oftálmica 1mg/ml 5ml;Disponível;11,74;9,81;-16.4%;10,33;-12.0%;Olhos > Lubrificantes e Colírios;16290;https://www.drogariaveracruz.com.br/solucao-oftalmica-maxidex-1mgml-5ml/p
VeraCruz;7891142171719;Polaramine 2mg 20 comprimidos;Disponível;32,99;29,15;-11.6%;30,68;-7.0%;Alergias;10192;https://www.drogariaveracruz.com.br/antialergico-polaramine-2mg-20-comprimidos/p
VeraCruz;7896331703573;Ritmoneuran RTM Solução Oral 100ml;Disponível;0;0;0;0;0;Sistema Nervoso > Calmantes;10720;https://www.drogariaveracruz.com.br/ritmoneuran-rtm-solucao-oral-100ml/p
VeraCruz;7896641812767;Inzelm 10mg 30 comprimidos revestidos;Disponível;234,11;186,82;-20.2%;65,55;-72.0%;Digestão > Úlcera e Gastrite;21222;https://www.drogariaveracruz.com.br/inzelm-10mg-30-comprimidos-revestidos/p
VeraCruz;7896070600126;AMPLICTIL 100 MG C/20 CPR;Disponível;0;0;0;0;0;Psicotrópicos;24784;https://www.drogariaveracruz.com.br/amplictil-100-mg-c20-cpr/p
VeraCruz;7896331709360;Pomada Calotrat Plantar 200mg/g Kley Hertz 20g;Disponível;34,90;28,84;-17.4%;30,36;-13.0%;Pele e Mucosa;10556;https://www.drogariaveracruz.com.br/pomada-calotrat-plantar-200mgg-kley-hertz-20g/p
VeraCruz;7896637034067;Miosan ODT 10mg 10 comprimidos;Disponível;23,49;19,86;-15.5%;20,91;-11.0%;Dor e Febre > Contusão e Relaxante Muscular;22265;https://www.drogariaveracruz.com.br/miosan-odt-10mg-10-comprimidos/p
VeraCruz;7896637031219;ALOIS 20MG C/30 CPR REV;Disponível;0;0;0;0;0;Psicotrópicos;24917;https://www.drogariaveracruz.com.br/alois-20mg-c30-cpr-rev/p
VeraCruz;7896004704999;Maleato de Dexclorfeniramina 2mg/5ml EMS 120ml;Disponível;22,82;11,92;-47.8%;12,55;-45.0%;Alergias;16250;https://www.drogariaveracruz.com.br/maleato-de-dexclorfeniramina-2mg5ml-ems-120ml/p
VeraCruz;7896261017177;RITALINA LA 10MG C/30 CPS;Disponível;137,67;130,79;-5.0%;68,84;-50.0%;Psicotrópicos;24753;https://www.drogariaveracruz.com.br/ritalina-la-10mg-c30-cps/p
VeraCruz;7897473201637;Adacne 0,1% Gel 30g;Disponível;0;0;0;0;0;Pele e Mucosa;17349;https://www.drogariaveracruz.com.br/adacne-01-gel-30g/p
VeraCruz;7891317031794;Spark Xr 750Mg C/14 Cpr;Disponível;95,16;90,40;-5.0%;95,16;-0.0%;Psicotrópicos;24669;https://www.drogariaveracruz.com.br/spark-xr-750mg-c14-cpr/p
VeraCruz;7896094200975;Cardilol 25mg 30 comprimidos;Disponível;0;0;0;0;0;Pressão Alta > Anti-Hipertensivo;10972;https://www.drogariaveracruz.com.br/cardilol-25mg-30-comprimidos/p
VeraCruz;7896658002120;Brondilat 25mg/5ml Xarope Sabor Framboesa 120ml;Disponível;48,95;41,39;-15.4%;43,57;-11.0%;Sistema Respiratório > Expectorante;10518;https://www.drogariaveracruz.com.br/brondilat-25mg5ml-xarope-sabor-framboesa-120ml/p
VeraCruz;7898581710370;LEXOTAN 3 MG C/30 CPR;Disponível;55,42;43,70;-21.1%;46,00;-17.0%;Psicotrópicos;24468;https://www.drogariaveracruz.com.br/lexotan-3-mg-c30-cpr/p
VeraCruz;7896255717885;Trombofob 200U Gel 40g;Disponível;42,87;37,06;-13.6%;39,01;-9.0%;Dor e Febre > Contusão e Relaxante Muscular;17547;https://www.drogariaveracruz.com.br/trombofob-200u-gel-40g/p
VeraCruz;7896523220598;Cimegripe 4 Cápsulas;Disponível;8,25;7,84;-5.0%;8,25;-0.0%;Sistema Respiratório > Antigripais;19662;https://www.drogariaveracruz.com.br/cimegripe-4-capsulas/p
VeraCruz;7898636193882;Sorox Sabor Fruras Vermelhas 550ml;Disponível;12,90;11,03;-14.5%;11,61;-10.0%;Digestão > Laxantes e Reguladores Intestinais;22657;https://www.drogariaveracruz.com.br/suplemento-hidroeletrolitico-sorox-sabor-fruras-vermelhas-550ml/p
VeraCruz;7898040322687;Flebon 60 Comprimidos;Disponível;0;0;0;0;0;Sistema Circulatório > Circulação;14732;https://www.drogariaveracruz.com.br/flebon-60-comprimidos/p
VeraCruz;7896094210646;VOEXTOR 10MG C/60 CPR REV C1;Disponível;0;0;0;0;0;Psicotrópicos;24636;https://www.drogariaveracruz.com.br/voextor-10mg-c60-cpr-rev-c1/p
VeraCruz;7891317448714;Riss Risperidona 1mg Com 30 comprimidos;Disponível;61,30;33,77;-44.9%;35,55;-42.0%;Psicotrópicos;24506;https://www.drogariaveracruz.com.br/riss-1mg-c30-cpr/p
VeraCruz;7891317472337;Venlaxin Cloridrato de Venlafaxina 150mg Com 30 cápsulas;Disponível;176,41;93,85;-46.8%;98,79;-44.0%;Psicotrópicos;24501;https://www.drogariaveracruz.com.br/venlaxin-150mg-c30-cps/p
VeraCruz;7896006290209;Solução Oftálmica Ocupress 2% 5ml;Disponível;112,21;84,22;-24.9%;88,65;-21.0%;Olhos > Lubrificantes e Colírios;16308;https://www.drogariaveracruz.com.br/solucao-oftalmica-ocupress-2-5ml/p
VeraCruz;7896023747113;Traumac Sprot Ice Aerossol 125ml;Disponível;0;0;0;0;0;Dor e Febre > Contusão e Relaxante Muscular;19651;https://www.drogariaveracruz.com.br/traumac-sprot-ice-aerossol-125ml/p
VeraCruz;7896004770222;Xarope Clopê Sabor Coco 120ml;Disponível;43,76;41,57;-5.0%;43,76;-0.0%;Sistema Respiratório > Tosse;20128;https://www.drogariaveracruz.com.br/xarope-clope-sabor-coco-120ml/p
VeraCruz;7891721025105;Concor 5mg 30 comprimidos revestidos;Disponível;108,07;77,00;-28.7%;81,05;-25.0%;Pressão Alta > Anti-Hipertensivo;11710;https://www.drogariaveracruz.com.br/concor-5mg-30-comprimidos-revestidos/p
VeraCruz;7896212410644;SPORANOX - 100mg, 15 cápsulas gelatinosas;Disponível;0;0;0;0;0;Pele e Mucosa;11142;https://www.drogariaveracruz.com.br/sporanox-100mg-15-capsulas-gelatinosas/p
VeraCruz;7896658003516;Decadron 0,5mg 20 comprimidos;Disponível;12,44;10,40;-16.4%;10,95;-12.0%;Dor e Febre > Anti-Inflamatórios;12586;https://www.drogariaveracruz.com.br/decadron-05mg-20-comprimidos/p
VeraCruz;7891317489595;Ginna 0,02g/g Creme Ginecológico 40g + 7 aplicadores de 5g cada;Disponível;49,47;41,35;-16.4%;43,53;-12.0%;Saúde Feminina > Creme e óvulos vaginais;12634;https://www.drogariaveracruz.com.br/ginna-002gg-creme-ginecologico-40g-7-aplicadores-de-5g-cada/p
VeraCruz;7896094915886;NOVOTRAN 50MG C/10 CPS;Disponível;65,75;48,73;-25.9%;51,29;-22.0%;Psicotrópicos;24996;https://www.drogariaveracruz.com.br/novotran-50mg-c10-cps/p
VeraCruz;7897572005440;HETORI - 90mg, 14 comprimidos revestidos;Disponível;0;0;0;0;0;Psicotrópicos;24226;https://www.drogariaveracruz.com.br/hetori-90mg-14-comprimidos-revestidos/p
VeraCruz;7896006222620;Solução Oftálmica Octifen 0,25mg/ml 5ml;Disponível;38,53;30,01;-22.1%;31,59;-18.0%;Olhos > Lubrificantes e Colírios;16307;https://www.drogariaveracruz.com.br/solucao-oftalmica-octifen-025mgml-5ml/p
VeraCruz;5060632500878;ESTREVA - 0,1%, 1 frasco com 50g de gel de uso dermatológico;Disponível;96,78;73,55;-24.0%;77,42;-20.0%;Hormônios;11628;https://www.drogariaveracruz.com.br/estreva-01-1-frasco-com-50g-de-gel-de-uso-dermatologico/p
VeraCruz;7896331702828;Xarope Glyteol 200mg/15ml com Mentol 100ml;Disponível;0;0;0;0;0;Sistema Respiratório > Expectorante;21417;https://www.drogariaveracruz.com.br/xarope-glyteol-200mg15ml-com-mentol-100ml/p
VeraCruz;7891317191665;ESC 20MG/ML SOL OR 15ML;Disponível;0;0;0;0;0;Psicotrópicos;24795;https://www.drogariaveracruz.com.br/esc-20mgml-sol-or-15ml/p
VeraCruz;7896006222842;Ondset 4mg/5ml Solução Oral 100ml;Disponível;84,61;63,50;-24.9%;66,84;-21.0%;Digestão > Náuseas;23466;https://www.drogariaveracruz.com.br/ondset-4mg5ml-solucao-oral-100ml/p
VeraCruz;7500435182331;Descongestionante em Jato Contínuo Vick Vapo Spray 100ml;Disponível;0;0;0;0;0;Sistema Respiratório > Descongestionantes;19731;https://www.drogariaveracruz.com.br/descongestionante-em-jato-continuo-vick-vapo-spray-100ml/p
VeraCruz;7897595903365;Puran T4 88mcg 30 comprimidos;Disponível;26,82;18,34;-31.6%;19,31;-28.0%;Hormônios;15989;https://www.drogariaveracruz.com.br/puran-t4-88mcg-30-comprimidos/p
VeraCruz;7898244721309;ROACUTAN 20 MG C/30 CPS;Disponível;0;0;0;0;0;Psicotrópicos;24659;https://www.drogariaveracruz.com.br/roacutan-20-mg-c30-cps/p
VeraCruz;7896658020988;Motore 250mg 60 cápsulas;Disponível;0;0;0;0;0;Para os Ossos > Artrite e Artrose;11872;https://www.drogariaveracruz.com.br/motore-250mg-60-capsulas/p
VeraCruz;7898074616714;FLUIMUCIL - 40mg/g, 16 envelopes com 5g de granulado de uso oral;Disponível;0;0;0;0;0;Sistema Respiratório > Expectorante;18254;https://www.drogariaveracruz.com.br/fluimucil-40mgg-16-envelopes-com-5g-de-granulado-de-uso-oral/p
VeraCruz;7891721026614;Glucovance 500 + 2,5mg 30 comprimidos revestidos;Disponível;44,51;34,25;-23.1%;36,05;-19.0%;Diabetes;15737;https://www.drogariaveracruz.com.br/glucovance-500-25mg-30-comprimidos-revestidos/p
VeraCruz;7896108002175;Spirulina 380mg Bionatus 45 Cápsulas;Disponível;0;0;0;0;0;Pressão Alta > Anti-Hipertensivo;11141;https://www.drogariaveracruz.com.br/spirulina-380mg-bionatus-45-capsulas/p
VeraCruz;7896226502441;VALIUM 5 MG C/30 CPR;Disponível;0;0;0;0;0;Psicotrópicos;24479;https://www.drogariaveracruz.com.br/valium-5-mg-c30-cpr/p
VeraCruz;7896269900358;Betnovate N 1mg/g + 5mg/g Pomada Dermatológica 30g;Disponível;0;0;0;0;0;Dor e Febre > Anti-Inflamatórios;10952;https://www.drogariaveracruz.com.br/betnovate-n-1mgg-5mgg-pomada-dermatologica-30g/p
VeraCruz;7896094208407;Maxidrate Gel Nasal 6mg/g 30g;Disponível;57,62;48,72;-15.4%;51,28;-11.0%;Sistema Respiratório > Descongestionantes;16292;https://www.drogariaveracruz.com.br/gel-nasal-maxidrate-6mgg-30g/p
VeraCruz;7896658024887;Dastene 0,5mg 30 cápsulas moles;Disponível;130,54;111,62;-14.5%;58,75;-55.0%;Saúde Masculina > Próstata;12589;https://www.drogariaveracruz.com.br/dastene-05mg-30-capsulas-moles/p
VeraCruz;7897947601574;Lavitan Pré-Natal Multi 30 comprimidos revestidos;Disponível;87,50;49,05;-43.9%;51,63;-41.0%;Saúde Feminina > Gestante;21737;https://www.drogariaveracruz.com.br/suplemento-alimentar-lavitan-pre-natal-multi-30-comprimidos-revestidos/p
VeraCruz;5000456028370;Xigduo XR 5mg + 1000mg 60 comprimidos revestidos de liberação prolongada;Disponível;262,04;211,59;-19.3%;74,24;-71.7%;Diabetes;18013;https://www.drogariaveracruz.com.br/xigduo-xr-5mg-1000mg-60-comprimidos-revestidos-de-liberacao-prolongada/p
VeraCruz;8902220108417;EPEZ 10MG C/30 CPR;Disponível;72,69;50,41;-30.7%;53,06;-27.0%;Psicotrópicos;25051;https://www.drogariaveracruz.com.br/epez-10mg-c30-cpr/p
VeraCruz;7897947616059;Flora Bio 15 cápsulas;Disponível;0;0;0;0;0;Digestão > Laxantes e Reguladores Intestinais;18921;https://www.drogariaveracruz.com.br/flora-bio-15-capsulas/p
VeraCruz;7896261019331;CataflamPRO XT Emulgel 50g;Disponível;69,27;59,89;-13.5%;63,04;-9.0%;Dor e Febre > Anti-Inflamatórios;17756;https://www.drogariaveracruz.com.br/analgesico-cataflampro-xt-emulgel-50g/p
VeraCruz;7897316802236;Solução Oftálmica Pilocarpina 2% 10ml;Disponível;0;0;0;0;0;Olhos > Lubrificantes e Colírios;15961;https://www.drogariaveracruz.com.br/solucao-oftalmica-pilocarpina-2-10ml/p
VeraCruz;7891158103346;DIVALCON ER 500MG C/60 CPR;Disponível;177,25;127,97;-27.8%;67,36;-62.0%;Psicotrópicos;24575;https://www.drogariaveracruz.com.br/divalcon-er-500mg-c60-cpr/p
VeraCruz;7896094922525;Neosaldina Muscular Dipirona 300mg + Cafeína 50mg + Citrato de Orfenadrina 35mg 10 Comprimidos;Disponível;7,82;7,43;-5.0%;7,82;-0.0%;Dor e Febre > Analgésico;24071;https://www.drogariaveracruz.com.br/neosaldina-muscular-dipirona-300mg-cafeina-50mg-citrato-de-orfenadrina-35mg-10-comprimidos/p
VeraCruz;7898244720609;Maresis Flex Alto Volume Refil Infantil 15 sachês + frasco aplicador;Disponível;0;0;0;0;0;Sistema Respiratório > Descongestionantes;22810;https://www.drogariaveracruz.com.br/maresis-flex-alto-volume-refil-infantil-15-saches-frasco-aplicador/p
VeraCruz;7891058003944;Dorflex Max 8 comprimidos;Disponível;17,67;14,94;-15.4%;15,73;-11.0%;Dor e Febre > Analgésico;21544;https://www.drogariaveracruz.com.br/dorflex-max-8-comprimidos/p
VeraCruz;7899950704792;Estojo para Lente de Contato Bela Collection Cores Sortidas Ref 4792;Disponível;5,40;4,31;-20.2%;4,54;-15.9%;Olhos > Produtos para Lentes;20983;https://www.drogariaveracruz.com.br/estojo-para-lente-de-contato-bela-collection-cores-sortidas-ref-4792/p
VeraCruz;7896637032261;Lactosil Flora 8 cápsulas;Disponível;21,90;13,94;-36.3%;14,67;-33.0%;Digestão > Laxantes e Reguladores Intestinais;19588;https://www.drogariaveracruz.com.br/lactosil-flora-8-capsulas/p
VeraCruz;7896523219608;Antiácido Cimed Frusalt 100g;Disponível;31,15;29,59;-5.0%;31,15;-0.0%;Digestão > Azia e Má Digestão;18915;https://www.drogariaveracruz.com.br/antiacido-cimed-frusalt-100g/p
VeraCruz;7898074617612;Fluimucil 600mg Sabor Limão 16 comprimidos efervescentes;Disponível;0;0;0;0;0;Sistema Respiratório > Expectorante;18255;https://www.drogariaveracruz.com.br/fluimucil-600mg-sabor-limao-16-comprimidos-efervescentes/p
VeraCruz;7896206401146;Atacand 16mg 30 comprimidos;Disponível;0;0;0;0;0;Pressão Alta > Anti-Hipertensivo;10450;https://www.drogariaveracruz.com.br/atacand-16mg-30-comprimidos/p
VeraCruz;7898096577550;Deocil SL 10mg 20 comprimidos;Disponível;77,47;58,14;-25.0%;61,20;-21.0%;Dor e Febre > Anti-Inflamatórios;20070;https://www.drogariaveracruz.com.br/deocil-sl-10mg-20-comprimidos/p
VeraCruz;7896372505006;Castanha da Índia Atalaia 30 drágeas;Disponível;60,21;50,91;-15.4%;53,59;-11.0%;Sistema Circulatório > Circulação;17744;https://www.drogariaveracruz.com.br/castanha-da-india-atalaia-30-drageas/p
VeraCruz;7894916509831;Dalyne 3mg + 0,03mg 63 comprimidos revestidos;Disponível;123,16;95,94;-22.1%;50,50;-59.0%;Saúde Feminina > Anticoncepcionais;12598;https://www.drogariaveracruz.com.br/dalyne-3mg-003mg-63-comprimidos-revestidos/p
VeraCruz;7896094921375;Amome 50mcg Spray Nasal 120 acionamentos;Disponível;72,33;61,15;-15.5%;64,37;-11.0%;Alergias;14728;https://www.drogariaveracruz.com.br/amome-50mcg-spray-nasal-120-acionamentos/p
VeraCruz;7891158038860;Klaricid Ud 500mg Caixa Contendo 7 comprimidos de Liberação Prolongada;Disponível;0;0;0;0;0;Antibióticos;23961;https://www.drogariaveracruz.com.br/klaricid-ud-500mg-caixa-contendo-7-comprimidos-de-liberacao-prolongada/p
VeraCruz;7896015593209;Sal de Frutas Eno Tônica 2 envelopes com 5g cada;Disponível;4,94;3,85;-22.1%;4,05;-18.0%;Digestão > Azia e Má Digestão;20512;https://www.drogariaveracruz.com.br/sal-de-frutas-eno-tonica-2-envelopes-com-5g-cada/p
VeraCruz;7891317455569;Duomo 2mg 30 comprimidos;Disponível;43,93;35,47;-19.3%;37,34;-15.0%;Saúde Masculina > Próstata;10105;https://www.drogariaveracruz.com.br/duomo-2mg-30-comprimidos/p
VeraCruz;7896206400781;Casodex 50mg 28 comprimidos revestidos;Disponível;0;0;0;0;0;Oncológicos e Alto Custo;20575;https://www.drogariaveracruz.com.br/casodex-50mg-28-comprimidos-revestidos/p
VeraCruz;7896255716963;Synthroid 75mcg 30 comprimidos;Disponível;51,57;38,70;-25.0%;40,74;-21.0%;Hormônios;11188;https://www.drogariaveracruz.com.br/synthroid-75mcg-30-comprimidos/p
VeraCruz;7899420506390;CARLIT 300MG C/50 CPR;Disponível;0;0;0;0;0;Psicotrópicos;24883;https://www.drogariaveracruz.com.br/carlit-300mg-c50-cpr/p
VeraCruz;7896006218647;ISON 10MG C/30 CAPSULAS GEL;Disponível;0;0;0;0;0;Psicotrópicos;24671;https://www.drogariaveracruz.com.br/ison-10mg-c30-capsulas-gel/p
VeraCruz;7896015520311;Clavulin 500mg 21 comprimidos revestidos;Disponível;166,61;158,28;-5.0%;55,54;-66.7%;Antibióticos;23943;https://www.drogariaveracruz.com.br/clavulin-500mg-21-comprimidos-revestidos/p
VeraCruz;7896112400172;Doss 50.000UI 8 cápsulas gelatinosas moles;Disponível;166,50;101,23;-39.2%;53,28;-68.0%;Para os Ossos > Osteoporose;14297;https://www.drogariaveracruz.com.br/suplemento-alimentar-doss-50000ui-vitamina-d3-8-capsulas-gelatinosas-moles/p
VeraCruz;7897322705415;Lipanon 250mg 30 cápsulas duras de liberação retardada;Disponível;0;0;0;0;0;Colesterol e Triglicerídeos;24010;https://www.drogariaveracruz.com.br/lipanon-250mg-30-capsulas-duras-de-liberacao-retardada/p
VeraCruz;7891317009724;Tâmisa 30 75mcg + 30mcg 63 drágeas;Disponível;94,60;72,80;-23.0%;76,63;-19.0%;Saúde Feminina > Anticoncepcionais;16460;https://www.drogariaveracruz.com.br/tamisa-30-75mcg-30mcg-63-drageas/p
VeraCruz;7896112411314;Ictus 12,5mg 60 comprimidos;Disponível;0;0;0;0;0;Sistema Circulatório > Circulação;12717;https://www.drogariaveracruz.com.br/ictus-125mg-60-comprimidos/p
VeraCruz;7896112400431;Press Plus 5mg + 20mg 60 cápsulas;Disponível;244,87;179,12;-26.9%;62,85;-74.3%;Pressão Alta > Anti-Hipertensivo;21905;https://www.drogariaveracruz.com.br/press-plus-5mg-20mg-60-capsulas/p
VeraCruz;7896112406402;Embo 2,5mg 20 comprimidos revestidos;Disponível;78,92;56,23;-28.8%;59,19;-25.0%;Sistema Circulatório > Circulação;20558;https://www.drogariaveracruz.com.br/embo-25mg-20-comprimidos-revestidos/p
VeraCruz;7908236800391;DICOXIBE 200MG C/15 CPS;Disponível;0;0;0;0;0;Psicotrópicos;24834;https://www.drogariaveracruz.com.br/dicoxibe-200mg-c15-cps/p
VeraCruz;7896658016516;STABIL 1MG C/30 CPR;Disponível;0;0;0;0;0;Psicotrópicos;24648;https://www.drogariaveracruz.com.br/stabil-1mg-c30-cpr/p
VeraCruz;7894916501095;Itraspor 100mg 4 cápsulas;Disponível;39,92;31,47;-21.2%;33,13;-17.0%;Pele e Mucosa;15413;https://www.drogariaveracruz.com.br/itraspor-100mg-4-capsulas/p
VeraCruz;5000456025461;Qtern 5mg/10mg 30 comprimidos revestidos;Disponível;309,73;235,39;-24.0%;82,59;-73.3%;Diabetes;14441;https://www.drogariaveracruz.com.br/qtern-5mg10mg-30-comprimidos-revestidos/p
VeraCruz;7896094917460;Atroveran Dip 500mg/ml 20ml;Disponível;24,39;20,16;-17.3%;21,22;-13.0%;Saúde Feminina > Cólica;18490;https://www.drogariaveracruz.com.br/atroveran-dip-500mgml-20ml/p
VeraCruz;7896637033831;Zanidip 10mg 30 comprimidos revestidos;Disponível;153,93;119,91;-22.1%;63,11;-59.0%;Pressão Alta > Anti-Hipertensivo;18022;https://www.drogariaveracruz.com.br/zanidip-10mg-30-comprimidos-revestidos/p
VeraCruz;7896026306799;Spiolto 2,5mcg + 2,5mcg 1 Frasco com 4ml de Solução, 60 Acionamentos + Inalador Respimat;Disponível;0;0;0;0;0;Sistema Respiratório > DPOC;13927;https://www.drogariaveracruz.com.br/spiolto-25mcg-25mcg-1-frasco-com-4ml-de-solucao-60-acionamentos-inalador-respimat/p
VeraCruz;7892953003381;Liberfem 2mg + 0,03mg 21 comprimidos revestidos;Disponível;57,03;43,34;-24.0%;45,62;-20.0%;Saúde Feminina > Anticoncepcionais;18561;https://www.drogariaveracruz.com.br/liberfem-2mg-003mg-21-comprimidos-revestidos/p
VeraCruz;7891721022456;SEROPHENE - 50mg, 30 comprimidos;Disponível;0;0;0;0;0;Hormônios;18364;https://www.drogariaveracruz.com.br/serophene-50mg-30-comprimidos/p
VeraCruz;7897572020252;Janumet XR 100mg/1000mg 30 comprimidos revestidos de liberação prolongada;Disponível;360,72;267,29;-25.9%;93,79;-74.0%;Diabetes;11751;https://www.drogariaveracruz.com.br/janumet-xr-100mg1000mg-30-comprimidos-revestidos-de-liberacao-prolongada/p
VeraCruz;7894916512480;Brasart HCT 160mg + 12,5mg 90 comprimidos revestidos;Disponível;233,41;181,83;-22.1%;63,80;-72.7%;Pressão Alta > Anti-Hipertensivo;21798;https://www.drogariaveracruz.com.br/brasart-hct-160mg-125mg-90-comprimidos-revestidos/p
VeraCruz;7896622305851;Gastrol Pó Efervescente Sabor Limão 5g;Disponível;4,13;3,33;-19.4%;3,51;-15.0%;Digestão > Azia e Má Digestão;16217;https://www.drogariaveracruz.com.br/antiacido-po-efervescente-gastrol-limao-1-envelope-com-5g/p
VeraCruz;7896181925170;MAXAPRAN 20MG C/60 CPR;Disponível;155,73;133,15;-14.5%;70,08;-55.0%;Psicotrópicos;24551;https://www.drogariaveracruz.com.br/maxapran-20mg-c60-cpr/p
VeraCruz;7898040329570;Floratil 200mg 4 envelopes com 1g cada;Disponível;39,75;33,61;-15.4%;35,38;-11.0%;Digestão > Laxantes e Reguladores Intestinais;18238;https://www.drogariaveracruz.com.br/floratil-200mg-4-envelopes-com-1g-cada/p
VeraCruz;7891058010751;Aprovel 150mg 30 comprimidos revestidos;Disponível;0;0;0;0;0;Pressão Alta > Anti-Hipertensivo;11280;https://www.drogariaveracruz.com.br/aprovel-150mg-30-comprimidos-revestidos/p
VeraCruz;7896637023238;Flancox 500mg 14 comprimidos revestidos;Disponível;52,13;28,22;-45.9%;29,71;-43.0%;Dor e Febre > Anti-Inflamatórios;11424;https://www.drogariaveracruz.com.br/flancox-500mg-14-comprimidos-revestidos/p
VeraCruz;5060632508485;Systen Estradiol 50 3,2mg 8 Adesivos Transdérmicos;Disponível;152,35;118,68;-22.1%;62,47;-59.0%;Hormônios;11193;https://www.drogariaveracruz.com.br/systen-50mcgdia-8-adesivos-transdermicos/p
VeraCruz;7891317448783;Riss Risperidona 3mg Com 30 comprimidos;Disponível;61,30;33,77;-44.9%;35,55;-42.0%;Psicotrópicos;24410;https://www.drogariaveracruz.com.br/riss-3mg-30-comprimidos-revestidos/p
VeraCruz;7898100268290;Biovicerin 2 flaconetes com 5ml cada;Disponível;16,47;10,64;-35.4%;11,20;-32.0%;Digestão > Laxantes e Reguladores Intestinais;19630;https://www.drogariaveracruz.com.br/biovicerin-2-flaconetes-com-5ml-cada/p
VeraCruz;7898074617988;Filtrair Prevent 800mg Spray em Pó;Disponível;0;0;0;0;0;Sistema Respiratório > Descongestionantes;14235;https://www.drogariaveracruz.com.br/spray-nasal-em-po-filtrair-prevent-800mg/p
VeraCruz;7897473207646;Salmeterol 25mcg + Fluticasona 50mcg 120 Doses Glenmark Genérico;Disponível;98,65;93,72;-5.0%;98,65;-0.0%;Sistema Respiratório > Asma;25955;https://www.drogariaveracruz.com.br/salmeterol-25mcg-fluticasona-50mcg-120-doses-glenmark-generico/p
VeraCruz;7896676412208;RISPERIDON 1MG C/30 CPR;Disponível;0;0;0;0;0;Psicotrópicos;24808;https://www.drogariaveracruz.com.br/risperidon-1mg-c30-cpr/p
VeraCruz;7894916515979;PATZ SL 5MG C/60 CPR;Disponível;0;0;0;0;0;Psicotrópicos;24623;https://www.drogariaveracruz.com.br/patz-sl-5mg-c60-cpr/p
VeraCruz;7896658038112;Tormiv SL 10mg Sabor Limão 10 comprimidos sublinguais;Disponível;36,34;30,38;-16.4%;31,98;-12.0%;Dor e Febre > Analgésico;19400;https://www.drogariaveracruz.com.br/tormiv-sl-10mg-sabor-limao-10-comprimidos-sublinguais/p
VeraCruz;7891721201431;Cuore 75mg 28 comprimidos revestidos;Disponível;0;0;0;0;0;Sistema Circulatório > Circulação;10355;https://www.drogariaveracruz.com.br/cuore-75mg-28-comprimidos-revestidos/p
VeraCruz;7896094210233;Stanglit 15mg 60 comprimidos;Disponível;146,43;102,94;-29.7%;54,18;-63.0%;Diabetes;13159;https://www.drogariaveracruz.com.br/stanglit-15mg-60-comprimidos/p
VeraCruz;7897705202548;Ozempic 0,25mg 1 carpule de 1,5ml + 1 sistema para aplicação + 6 agulhas novofine;Disponível;1299,70;1234,72;-5.0%;433,23;-66.7%;Diabetes;15767;https://www.drogariaveracruz.com.br/ozempic-025mg-1-carpule-de-15ml-1-sistema-para-aplicacao-6-agulhas-novofine/p
VeraCruz;7896672203909;Broncho - Vaxom 3,5mg 10 cápsulas;Disponível;74,73;59,63;-20.2%;62,77;-16.0%;Sistema Respiratório > DPOC;10512;https://www.drogariaveracruz.com.br/broncho-vaxom-35mg-10-capsulas/p
VeraCruz;7891721016219;Floralyte 45 Sabor Laranja 500ml;Disponível;0;0;0;0;0;Digestão > Laxantes e Reguladores Intestinais;18231;https://www.drogariaveracruz.com.br/floralyte-45-sabor-laranja-500ml/p
VeraCruz;7896004775586;Quicard 35mg 30 comprimidos revestidos de liberação prolongada;Disponível;0;0;0;0;0;Sistema Circulatório > Circulação;19450;https://www.drogariaveracruz.com.br/quicard-35mg-30-comprimidos-revestidos-de-liberacao-prolongada/p
VeraCruz;7897473206540;Dermotil Fusid 1mg/G + 20mg/G 1 Bisnaga Com 10G de Creme de Uso dermatológico;Disponível;81,99;73,22;-10.7%;77,07;-6.0%;Antibióticos;24387;https://www.drogariaveracruz.com.br/dermotil-fusid-1mgg-20mgg-1-bisnaga-com-10g-de-creme-de-uso-dermatologico/p
VeraCruz;7896112405801;Fly 250mg 20 cápsulas moles;Disponível;55,90;49,39;-11.6%;51,99;-7.0%;Digestão > Antigases;20313;https://www.drogariaveracruz.com.br/fly-250mg-20-capsulas-moles/p
VeraCruz;7896658024191;DUAL 60MG C/30 CPS;Disponível;129,08;103,01;-20.2%;54,22;-58.0%;Psicotrópicos;24509;https://www.drogariaveracruz.com.br/dual-60mg-c30-cps/p
VeraCruz;7896094202900;Elani Ciclo 3mg + 0,03mg 21 comprimidos revestidos;Disponível;72,66;53,84;-25.9%;56,67;-22.0%;Saúde Feminina > Anticoncepcionais;10573;https://www.drogariaveracruz.com.br/elani-ciclo-3mg-003mg-21-comprimidos-revestidos/p
VeraCruz;7896212478859;MICRONOR - 350mcg, 35 comprimidos;Disponível;0;0;0;0;0;Saúde Feminina > Anticoncepcionais;11831;https://www.drogariaveracruz.com.br/micronor-350mcg-35-comprimidos/p
VeraCruz;7896637023849;Unoprost 4mg 30 comprimidos;Disponível;56,36;46,58;-17.4%;49,03;-13.0%;Pressão Alta > Anti-Hipertensivo;10796;https://www.drogariaveracruz.com.br/unoprost-4mg-30-comprimidos/p
VeraCruz;7891106900898;Canesten 10mg/ml Solução 30ml;Disponível;47,00;41,08;-12.6%;43,24;-8.0%;Pele e Mucosa;10961;https://www.drogariaveracruz.com.br/canesten-10mgml-solucao-30ml/p
VeraCruz;7898029556836;NATRILIX SR - 1,5mg, 15 comprimidos revestidos de liberação prolongada;Disponível;0;0;0;0;0;Pressão Alta > Anti-Hipertensivo;16739;https://www.drogariaveracruz.com.br/natrilix-sr-15mg-15-comprimidos-revestidos-de-liberacao-prolongada/p
VeraCruz;7896026303057;Pradaxa 110mg 30 cápsulas;Disponível;209,27;163,02;-22.1%;57,20;-72.7%;Sistema Circulatório > Circulação;10640;https://www.drogariaveracruz.com.br/pradaxa-110mg-30-capsulas/p
VeraCruz;7896676427820;Kollagenase Com Cloranfenicol 10mg + 06Ui/G 1 Bisnaga Com 50G de Pomada de Uso dermatológico + Espátula Plástica;Disponível;127,98;99,69;-22.1%;52,47;-59.0%;Antibióticos;23952;https://www.drogariaveracruz.com.br/kollagenase-com-cloranfenicol-10mg-06uig-1-bisnaga-com-50g-de-pomada-de-uso-dermatologico-espatula-plastica/p
VeraCruz;7896094928527;Xarope Benetosse 15mg/ml Sabor Cereja 100ml;Disponível;36,98;31,62;-14.5%;33,28;-10.0%;Sistema Respiratório > Expectorante;20900;https://www.drogariaveracruz.com.br/xarope-benetosse-15mgml-sabor-cereja-100ml/p
VeraCruz;7891045031455;ELIFORE 50MG C/28 CPR;Disponível;179,34;127,78;-28.7%;67,26;-62.5%;Psicotrópicos;25061;https://www.drogariaveracruz.com.br/elifore-50mg-c28-cpr/p
VeraCruz;7896112403623;Dacxi 15mg 28 comprimidos revestidos;Disponível;0;0;0;0;0;Sistema Circulatório > Circulação;20850;https://www.drogariaveracruz.com.br/dacxi-15mg-28-comprimidos-revestidos/p
VeraCruz;7896094201033;Diminut 75mcg + 20mcg 63 comprimidos revestidos;Disponível;126,19;89,91;-28.8%;94,64;-25.0%;Saúde Feminina > Anticoncepcionais;12101;https://www.drogariaveracruz.com.br/diminut-75mcg-20mcg-63-comprimidos-revestidos/p
VeraCruz;7891058008642;Novalgina 500mg 10 comprimidos;Disponível;16,64;14,71;-11.6%;15,48;-7.0%;Dor e Febre > Analgésico;11987;https://www.drogariaveracruz.com.br/analgesico-novalgina-500mg-10-comprimidos/p
VeraCruz;7898133136535;Afolic 5mg 20 comprimidos;Disponível;0;0;0;0;0;Sistema Imunológico;20129;https://www.drogariaveracruz.com.br/afolic-5mg-20-comprimidos/p
VeraCruz;7896009498961;Advil 400mg 16 cápsulas líquidas;Disponível;42,26;32,52;-23.0%;34,23;-19.0%;Dor e Febre > Analgésico;10439;https://www.drogariaveracruz.com.br/analgesico-advil-400mg-16-capsulas-liquidas/p
VeraCruz;7896015560331;Sal de Frutas Eno Laranja 100g;Disponível;30,73;22,77;-25.9%;23,97;-22.0%;Digestão > Azia e Má Digestão;18295;https://www.drogariaveracruz.com.br/sal-de-frutas-eno-laranja-100g/p
VeraCruz;7892953003664;OXYPYNAL 10MG C/14 CPR;Disponível;0;0;0;0;0;Psicotrópicos;25003;https://www.drogariaveracruz.com.br/oxypynal-10mg-c14-cpr/p
VeraCruz;7891721020520;Citoneurin 1000 3 ampolas intramuscular de 1ml cada + 3 ampolas de diluente com 1ml cada;Disponível;0;0;0;0;0;Dor e Febre > Anti-Inflamatórios;11585;https://www.drogariaveracruz.com.br/citoneurin-1000-3-ampolas-intramuscular-de-1ml-cada-3-ampolas-de-diluente-com-1ml-cada/p
VeraCruz;7896004780818;Viofta 0,40% 10ml;Disponível;79,50;69,92;-12.1%;73,60;-7.4%;Olhos > Lubrificantes e Colírios;23046;https://www.drogariaveracruz.com.br/viofta-040-10ml/p
VeraCruz;7898040322441;Dolamin Flex 125mg + 5 mg 12 comprimidos revestidos;Disponível;54,25;51,54;-5.0%;54,25;-0.0%;Dor e Febre > Anti-Inflamatórios;15682;https://www.drogariaveracruz.com.br/dolamin-flex-125mg-5-mg-12-comprimidos-revestidos/p
VeraCruz;7896112448358;Level 0,10mg + 0,02mg 63 comprimidos revestidos;Disponível;91,64;67,03;-26.9%;70,56;-23.0%;Saúde Feminina > Anticoncepcionais;17875;https://www.drogariaveracruz.com.br/level-010mg-002mg-63-comprimidos-revestidos/p
VeraCruz;-;Digeliv 400GaIU 15 comprimidos mastigáveis;Disponível;41,90;39,81;-5.0%;41,90;-0.0%;Digestão > Azia e Má Digestão;;https://www.drogariaveracruz.com.br/digeliv-400gaiu-15-comprimidos-mastigaveis/p
VeraCruz;7891317421595;PONDERA 25 MG C/20 CPR;Disponível;0;0;0;0;0;Psicotrópicos;24812;https://www.drogariaveracruz.com.br/pondera-25-mg-c20-cpr/p
VeraCruz;7896016807237;ONGLYZA - 2,5mg, 28 comprimidos revestidos;Disponível;0;0;0;0;0;Diabetes;16361;https://www.drogariaveracruz.com.br/onglyza-25mg-28-comprimidos-revestidos/p
VeraCruz;7896331708851;OptoCare UL Lubrificante Oftálmico 15ml;Disponível;38,19;36,28;-5.0%;38,19;-0.0%;Olhos > Lubrificantes e Colírios;22285;https://www.drogariaveracruz.com.br/optocare-ul-lubrificante-oftalmico-15ml/p
VeraCruz;7896676400083;AMYTRIL 25 MG C/20 CPS;Disponível;0;0;0;0;0;Psicotrópicos;24525;https://www.drogariaveracruz.com.br/amytril-25-mg-c20-cps/p
VeraCruz;7896422504652;Zinpass EZE 40mg + 10mg 30 comprimidos;Disponível;185,94;153,68;-17.3%;53,92;-71.0%;Colesterol e Triglicerídeos;21081;https://www.drogariaveracruz.com.br/zinpass-eze-40mg-10mg-30-comprimidos/p
VeraCruz;7896931421525;FRONTAL 0,25 MG C/30 CPR;Disponível;37,15;26,82;-27.8%;28,23;-24.0%;Psicotrópicos;24489;https://www.drogariaveracruz.com.br/frontal-025-mg-c30-cpr/p
VeraCruz;7898430194283;Lavagem Nasal Nasoar Infantil Refil 15 sachês;Disponível;34,90;33,16;-5.0%;34,90;-0.0%;Sistema Respiratório > Descongestionantes;23391;https://www.drogariaveracruz.com.br/lavagem-nasal-nasoar-infantil-refil-15-saches/p
VeraCruz;7896212469970;Nizoral 20mg/g Creme Dermatológico 30g;Disponível;0;0;0;0;0;Pele e Mucosa;16837;https://www.drogariaveracruz.com.br/nizoral-20mgg-creme-dermatologico-30g/p
VeraCruz;7896112403517;Flavenos 900mg + 100mg 30 comprimidos revestidos;Disponível;131,10;107,11;-18.3%;56,38;-57.0%;Sistema Circulatório > Circulação;21460;https://www.drogariaveracruz.com.br/flavenos-900mg-100mg-30-comprimidos-revestidos/p
VeraCruz;7896637022910;Unoprost 2mg 30 comprimidos;Disponível;36,48;30,15;-17.4%;31,74;-13.0%;Pressão Alta > Anti-Hipertensivo;10795;https://www.drogariaveracruz.com.br/unoprost-2mg-30-comprimidos/p
VeraCruz;7897411611016;Benicar Anlo 20mg + 5mg 30 comprimidos revestidos;Disponível;91,90;65,48;-28.7%;68,93;-25.0%;Pressão Alta > Anti-Hipertensivo;17722;https://www.drogariaveracruz.com.br/benicar-anlo-20mg-5mg-30-comprimidos-revestidos/p
VeraCruz;7896241243558;Quinoflox 500mg 14 comprimidos revestidos;Disponível;50,77;45,33;-10.7%;47,72;-6.0%;Antibióticos;23876;https://www.drogariaveracruz.com.br/quinoflox-500mg-14-comprimidos-revestidos/p
VeraCruz;7898495607384;Aliviol Aerossol 120ml;Disponível;0;0;0;0;0;Dor e Febre > Analgésico;17629;https://www.drogariaveracruz.com.br/aliviol-aerossol-120ml/p
VeraCruz;7896382707100;Livalo 4mg 30 comprimidos revestidos;Disponível;269,55;184,38;-31.6%;64,69;-76.0%;Colesterol e Triglicerídeos;15837;https://www.drogariaveracruz.com.br/livalo-4mg-30-comprimidos-revestidos/p
VeraCruz;7896112403579;Dacxi 10mg 30 comprimidos revestidos;Disponível;0;0;0;0;0;Sistema Circulatório > Circulação;20849;https://www.drogariaveracruz.com.br/dacxi-10mg-30-comprimidos-revestidos/p
VeraCruz;7896004713748;Loratadina 1mg/ml Xarope 100ml Germed Genérico;Disponível;33,43;15,88;-52.5%;16,72;-50.0%;Alergias;26083;https://www.drogariaveracruz.com.br/loratadina-1mgml-xarope-100ml-germed-generico/p
VeraCruz;7896658003554;Decadron 0,5mg/5ml Elixir Sabor Cereja e Menta 120ml;Disponível;36,19;30,60;-15.4%;32,21;-11.0%;Dor e Febre > Anti-Inflamatórios;16566;https://www.drogariaveracruz.com.br/decadron-05mg5ml-elixir-sabor-cereja-e-menta-120ml/p
VeraCruz;7896714218700;Napronax 550mg 10 comprimidos revestidos;Disponível;0;0;0;0;0;Dor e Febre > Anti-Inflamatórios;16719;https://www.drogariaveracruz.com.br/napronax-550mg-10-comprimidos-revestidos/p
VeraCruz;7896261013629;RASILEZ - 300mg, 28 comprimidos revestidos;Disponível;0;0;0;0;0;Pressão Alta > Anti-Hipertensivo;16000;https://www.drogariaveracruz.com.br/rasilez-300mg-28-comprimidos-revestidos/p
VeraCruz;7891058003180;Clexane 20mg/0,2ml 2 seringas pré-enchidas de 0,2ml com sistema de segurança;Disponível;0;0;0;0;0;Sistema Circulatório > Circulação;11330;https://www.drogariaveracruz.com.br/clexane-20mg02ml-2-seringas-pre-enchidas-de-02ml-com-sistema-de-seguranca/p
VeraCruz;7892953000472;Eligard 7,5mg 1 seringa com pó + seringa com diluente;Disponível;0;0;0;0;0;Oncológicos e Alto Custo;20579;https://www.drogariaveracruz.com.br/eligard-75mg-1-seringa-com-po-seringa-com-diluente/p
VeraCruz;7896094211131;RECONTER 15MG C/60 CPR;Disponível;0;0;0;0;0;Psicotrópicos;24620;https://www.drogariaveracruz.com.br/reconter-15mg-c60-cpr/p
VeraCruz;7896094930001;Buscopan Gotas 10mg 20ml;Disponível;29,49;24,38;-17.3%;25,66;-13.0%;Saúde Feminina > Cólica;17470;https://www.drogariaveracruz.com.br/buscopan-gotas-10mg-20ml/p
VeraCruz;7896004734545;Brondelix 7mg/ml Xarope Sabor Cereja 100ml;Disponível;0;0;0;0;0;Sistema Respiratório > Expectorante;10516;https://www.drogariaveracruz.com.br/brondelix-7mgml-xarope-sabor-cereja-100ml/p
VeraCruz;7896382700750;Humalog 1000UI 1 ampola com 10ml;Disponível;0;0;0;0;0;Diabetes;15390;https://www.drogariaveracruz.com.br/humalog-1000ui-1-ampola-com-10ml/p
VeraCruz;7891721201837;Zimiex 10mg 30 comprimidos;Disponível;0;0;0;0;0;Colesterol e Triglicerídeos;13046;https://www.drogariaveracruz.com.br/zimiex-10mg-30-comprimidos/p
VeraCruz;7898953165296;Ultraproct LDO 1mg/g + 20mg/g Creme 30g + 1 cânula;Disponível;0;0;0;0;0;Digestão > Diarréia;10783;https://www.drogariaveracruz.com.br/ultraproct-ldo-1mgg-20mgg-creme-30g-1-canula/p
VeraCruz;7896255767149;Regulador Intestinal Duphalac 667mg/ml Sem Sabor Artificial 200ml;Disponível;62,66;55,96;-10.7%;58,90;-6.0%;Digestão > Laxantes e Reguladores Intestinais;10108;https://www.drogariaveracruz.com.br/regulador-intestinal-duphalac-667mgml-sem-sabor-artificial-200ml/p
VeraCruz;7896112403005;Fly 250mg 10 cápsulas moles;Disponível;34,50;28,19;-18.3%;29,67;-14.0%;Digestão > Antigases;20314;https://www.drogariaveracruz.com.br/fly-250mg-10-capsulas-moles/p
VeraCruz;7898158691576;Queimalive 74mg/g + 20mg/g Pomada 30g;Disponível;0;0;0;0;0;Pele e Mucosa;15995;https://www.drogariaveracruz.com.br/queimalive-74mgg-20mgg-pomada-30g/p
VeraCruz;7896004727141;Doricin 10 comprimidos;Disponível;0;0;0;0;0;Dor e Febre > Analgésico;12129;https://www.drogariaveracruz.com.br/doricin-10-comprimidos/p
VeraCruz;7891317487317;Versa 40mg/0,4ml Solução Injetável 2 seringas com 0,4ml com sistema de segurança;Disponível;169,64;122,48;-27.8%;64,47;-62.0%;Sistema Circulatório > Circulação;10843;https://www.drogariaveracruz.com.br/versa-40mg04ml-solucao-injetavel-2-seringas-com-04ml-com-sistema-de-seguranca/p
VeraCruz;7898586630772;Akynzeo 0,56 + 300mg 1 cápsula dura;Disponível;0;0;0;0;0;Oncológicos e Alto Custo;20571;https://www.drogariaveracruz.com.br/akynzeo-056-300mg-1-capsula-dura/p
VeraCruz;7891317014834;Equitam 80mg 30 Comprimidos Revestidos;Disponível;83,05;68,64;-17.4%;72,25;-13.0%;Sistema Nervoso > Medicamentos Antivertiginosos: Ginkgo, Tanakan, Equitam;13720;https://www.drogariaveracruz.com.br/equitam-80mg-30-comprimidos-revestidos/p
VeraCruz;7898074618183;Xarope Seki 120ml;Disponível;32,49;27,46;-15.5%;28,91;-11.0%;Sistema Respiratório > Tosse;20292;https://www.drogariaveracruz.com.br/xarope-seki-120ml/p
VeraCruz;7896658038600;DORENE LIQ 25MG/ML 60ML;Disponível;85,14;62,28;-26.8%;65,56;-23.0%;Psicotrópicos;24918;https://www.drogariaveracruz.com.br/dorene-liq-25mgml-60ml/p
VeraCruz;7896637026802;Lactosil 10.000 FCC 30 Comprimidos;Disponível;32,50;26,87;-17.3%;28,28;-13.0%;Digestão > Laxantes e Reguladores Intestinais;11812;https://www.drogariaveracruz.com.br/lactosil-10000-fcc-contem-30-tabletes/p
VeraCruz;7896658029233;REGRESSA 8MG C/30 CPS;Disponível;0;0;0;0;0;Psicotrópicos;25010;https://www.drogariaveracruz.com.br/regressa-8mg-c30-cps/p
VeraCruz;7896026300186;Atensina 0,200mg 30 comprimidos;Disponível;0;0;0;0;0;Pressão Alta > Anti-Hipertensivo;17380;https://www.drogariaveracruz.com.br/atensina-0200mg-30-comprimidos/p
VeraCruz;7899021836025;Cueca para Hérnia Inguinal Dupla Dilepé Cor Preta Tamanho P;Disponível;94,50;83,50;-11.6%;87,89;-7.0%;Pele e Mucosa;15039;https://www.drogariaveracruz.com.br/cueca-para-hernia-inguinal-dupla-dilepe-cor-preta-tamanho-p/p
VeraCruz;7896658025525;ZOLFEST D 10MG C/20 CPR;Disponível;77,28;73,42;-5.0%;77,28;-0.0%;Psicotrópicos;24783;https://www.drogariaveracruz.com.br/zolfest-d-10mg-c20-cpr/p
VeraCruz;7899470807362;Maxalgina 1g 10 Comprimidos;Disponível;27,96;9,83;-64.8%;10,35;-63.0%;Dor e Febre > Analgésico;19754;https://www.drogariaveracruz.com.br/maxalgina-1g-10-comprimidos/p
VeraCruz;7896016807329;Kombiglyze XR  5mg + 1000mg 30 Comprimidos Revestidos;Disponível;0;0;0;0;0;Diabetes;15441;https://www.drogariaveracruz.com.br/kombiglyze-xr-5mg-1000mg-30-comprimidos-revestidos/p
VeraCruz;7894916503488;Artoglico 1,5g, 30 envelopes com 3,95g de pó para solução de uso oral;Disponível;163,11;154,95;-5.0%;54,37;-66.7%;Para os Ossos > Artrite e Artrose;25880;https://www.drogariaveracruz.com.br/artoglico-15g-30-envelopes-com-395g-de-po-para-solucao-de-uso-oral/p
VeraCruz;7898029552548;Hyperium 1mg Servier 30 comprimidos revestidos;Disponível;0;0;0;0;0;Pressão Alta > Anti-Hipertensivo;18830;https://www.drogariaveracruz.com.br/hyperium-1mg-servier-30-comprimidos-revestidos/p
VeraCruz;7891045031257;Materna Nestlé 30 comprimidos revestidos;Disponível;75,90;65,62;-13.5%;69,07;-9.0%;Saúde Feminina > Gestante;16284;https://www.drogariaveracruz.com.br/suplemento-vitaminico-nestle-materna-30-comprimidos-revestidos/p
VeraCruz;7896112401834;COGIT 16MG C/30 CPS;Disponível;0;0;0;0;0;Psicotrópicos;25012;https://www.drogariaveracruz.com.br/cogit-16mg-c30-cps/p
VeraCruz;7896226109640;Dozemast Mecobalamina 1000mcg Com 90 Comprimidos Sublinguais;Disponível;257,57;244,69;-5.0%;85,86;-66.7%;Vitaminas;24180;https://www.drogariaveracruz.com.br/dozemast-subl-1000mg-c90-cpr/p
VeraCruz;7896422518697;MORATUS 20 MG C/ 30 COMP;Disponível;113,44;84,06;-25.9%;88,48;-22.0%;Psicotrópicos;24991;https://www.drogariaveracruz.com.br/moratus-20-mg-c-30-comp/p
VeraCruz;7896226102511;Vagi C 250mg 6 comprimidos de uso ginecológico e 1 aplicador;Disponível;0;0;0;0;0;Saúde Feminina > Creme e óvulos vaginais;10808;https://www.drogariaveracruz.com.br/vagi-c-250mg-6-comprimidos-de-uso-ginecologico-aplicador/p
VeraCruz;7896006290162;Solução Oftálmica Glaucotrat 0,5% 5ml;Disponível;16,82;12,94;-23.1%;13,62;-19.0%;Olhos > Lubrificantes e Colírios;12640;https://www.drogariaveracruz.com.br/solucao-oftalmica-glaucotrat-05-5ml/p
VeraCruz;7891142128744;Cizax 5mg 10 comprimidos;Disponível;0;0;0;0;0;Dor e Febre > Anti-Inflamatórios;11594;https://www.drogariaveracruz.com.br/cizax-5mg-10-comprimidos/p
VeraCruz;7896181907534;Vasogard 100mg 60 comprimidos;Disponível;93,67;70,30;-24.9%;74,00;-21.0%;Sistema Circulatório > Circulação;17591;https://www.drogariaveracruz.com.br/vasogard-100mg-60-comprimidos/p
VeraCruz;7896004775623;Nidue 100mg + 20mg 12 comprimidos;Disponível;62,38;59,26;-5.0%;62,38;-0.0%;Digestão > Úlcera e Gastrite;19451;https://www.drogariaveracruz.com.br/nidue-100mg-20mg-12-comprimidos/p
VeraCruz;7899337000653;Myrbetric 50mg 30 comprimidos revestidos de liberação prolongada;Disponível;329,24;265,86;-19.3%;93,28;-71.7%;Saúde Feminina > Medicamentos Urinários;16706;https://www.drogariaveracruz.com.br/myrbetric-50mg-30-comprimidos-revestidos-de-liberacao-prolongada/p
VeraCruz;7891721026706;Concor HCT 5mg + 12,5mg 30 comprimidos revestidos;Disponível;148,41;91,65;-38.2%;96,47;-35.0%;Pressão Alta > Anti-Hipertensivo;11712;https://www.drogariaveracruz.com.br/concor-hct-5mg-125mg-30-comprimidos-revestidos/p
VeraCruz;7896083402625;Imunoflan 307,39mg/ml Xarope 120ml;Disponível;0;0;0;0;0;Sistema Imunológico;11749;https://www.drogariaveracruz.com.br/imunoflan-30739mgml-xarope-120ml/p
VeraCruz;7891317024277;Prysma 2mg c/ 20 Comprimidos (B1);Disponível;90,63;70,60;-22.1%;74,32;-18.0%;Psicotrópicos;24244;https://www.drogariaveracruz.com.br/prysma-2mg-c-20-comprimidos-b1/p
VeraCruz;7896269900983;Naramig 2,5mg 4 comprimidos revestidos;Disponível;28,11;23,50;-16.4%;24,74;-12.0%;Dor e Febre > Enxaqueca;16734;https://www.drogariaveracruz.com.br/naramig-25mg-4-comprimidos-revestidos/p
VeraCruz;7898029550803;Triplixam 5mg + 1,25mg + 5mg 30 comprimidos revestidos;Disponível;88,86;84,42;-5.0%;88,86;-0.0%;Pressão Alta > Anti-Hipertensivo;19840;https://www.drogariaveracruz.com.br/triplixam-5mg-125mg-5mg-30-comprimidos-revestidos/p
VeraCruz;7891045013611;EFEXOR XR 37,5MG 30CAPS;Disponível;0;0;0;0;0;Psicotrópicos;24800;https://www.drogariaveracruz.com.br/efexor-xr-375mg-30caps/p
VeraCruz;7892953001288;PARATRAM C/20 CPR;Disponível;0;0;0;0;0;Psicotrópicos;24997;https://www.drogariaveracruz.com.br/paratram-c20-cpr/p
VeraCruz;7896226103037;Permear 300mg 30 comprimidos revestidos;Disponível;0;0;0;0;0;Dor e Febre > Anti-Inflamatórios;15940;https://www.drogariaveracruz.com.br/permear-300mg-30-comprimidos-revestidos/p
VeraCruz;7896112194651;Dexason 4mg 10 comprimidos;Disponível;0;0;0;0;0;Dor e Febre > Anti-Inflamatórios;20799;https://www.drogariaveracruz.com.br/dexason-4mg-10-comprimidos/p
VeraCruz;7896094903401;SOFTALM - 5mg/mL, 1 frasco gotejador com 5mL de solução de uso oftalmológico;Disponível;0;0;0;0;0;Dor e Febre > Anti-Inflamatórios;17908;https://www.drogariaveracruz.com.br/softalm-5mgml-1-frasco-gotejador-com-5ml-de-solucao-de-uso-oftalmologico/p
VeraCruz;7896269901997;Zinnat 500mg 14 comprimidos revestidos;Disponível;341,13;324,07;-5.0%;113,71;-66.7%;Antibióticos;23924;https://www.drogariaveracruz.com.br/zinnat-500mg-14-comprimidos-revestidos/p
VeraCruz;7897322714264;Amplium G 30mg/g + 20mg/g Creme Ginecológico 80g + 14 aplicadores;Disponível;0;0;0;0;0;Saúde Feminina > Creme e óvulos vaginais;11239;https://www.drogariaveracruz.com.br/amplium-g-30mgg-20mgg-creme-ginecologico-80g-14-aplicadores/p
VeraCruz;7897316805459;Latisse 0,03% 5ml + 100 aplicadores descartáveis;Disponível;285,61;271,33;-5.0%;95,20;-66.7%;Olhos > Lubrificantes e Colírios;11039;https://www.drogariaveracruz.com.br/latisse-003-5ml-100-aplicadores-descartaveis/p
VeraCruz;7896112486787;Aradois 50mg 30 comprimidos revestidos;Disponível;57,29;4,90;-91.4%;5,16;-91.0%;Pressão Alta > Anti-Hipertensivo;11297;https://www.drogariaveracruz.com.br/aradois-50mg-30-comprimidos-revestidos/p
VeraCruz;7896094209527;RECONTER 10MG C/60 CPR;Disponível;119,53;86,30;-27.8%;90,84;-24.0%;Psicotrópicos;24865;https://www.drogariaveracruz.com.br/reconter-10mg-c60-cpr/p
VeraCruz;7896714274799;Blumel Hedera Xarope 15mg/ml 100ml;Disponível;39,90;34,49;-13.6%;36,31;-9.0%;Sistema Respiratório > Expectorante;14541;https://www.drogariaveracruz.com.br/blumel-hedera-xarope-15mgml-100ml/p
VeraCruz;7896637029155;INSIT 150MG C/30 CPS;Disponível;173,73;130,39;-24.9%;68,63;-60.5%;Psicotrópicos;24881;https://www.drogariaveracruz.com.br/insit-150mg-c30-cps/p
VeraCruz;7899640806829;DIUBLOK - 50mg + 12,5mg, 30 comprimidos;Disponível;0;0;0;0;0;Pressão Alta > Anti-Hipertensivo;16079;https://www.drogariaveracruz.com.br/diublok-50mg-125mg-30-comprimidos/p
VeraCruz;7898074615755;Spidufen 770mg Sabor Damasco 20 Envelopes Com 3g;Disponível;0;0;0;0;0;Dor e Febre > Analgésico;18680;https://www.drogariaveracruz.com.br/spidufen-770mg-sabor-damasco-20-envelopes-com-3g/p
VeraCruz;7898582380312;TRAMAL RET 100MG C/20 CPR;Disponível;311,38;198,19;-36.4%;69,54;-77.7%;Psicotrópicos;24695;https://www.drogariaveracruz.com.br/tramal-ret-100mg-c20-cpr/p
VeraCruz;7897473204331;Clotrigel 20mg/g Creme 20g + 3 aplicadores;Disponível;58,15;46,96;-19.2%;49,43;-15.0%;Saúde Feminina > Creme e óvulos vaginais;11691;https://www.drogariaveracruz.com.br/clotrigel-20mgg-creme-20g-3-aplicadores/p
VeraCruz;7894916509626;ESCILEX 15MG C/30 CPR;Disponível;0;0;0;0;0;Psicotrópicos;24846;https://www.drogariaveracruz.com.br/escilex-15mg-c30-cpr/p
VeraCruz;7896094207943;Salsep 0,9% 360° Bebê e Criança 50ml;Disponível;0;0;0;0;0;Sistema Respiratório > Descongestionantes;18325;https://www.drogariaveracruz.com.br/descongestionante-nasal-salsep-09-360-bebe-e-crianca-50ml/p
VeraCruz;7891058020095;Depura 7.000UI 8 comprimidos revestidos;Disponível;0;0;0;0;0;Vitaminas;12606;https://www.drogariaveracruz.com.br/depura-7000ui-8-comprimidos-revestidos/p
VeraCruz;7896094904354;Estomazil Sem Sabor 100g;Disponível;28,49;22,73;-20.2%;23,93;-16.0%;Digestão > Azia e Má Digestão;11632;https://www.drogariaveracruz.com.br/antiacido-po-efervescente-estomazil-sem-sabor-100g/p
VeraCruz;7891142115478;Alivium Infantil 50mg/ml Sabor Tutti Frutti 30ml;Disponível;52,99;45,31;-14.5%;47,69;-10.0%;Dor e Febre > Analgésico;17648;https://www.drogariaveracruz.com.br/alivium-infantil-50mgml-sabor-tutti-frutti-30ml/p
VeraCruz;7899420501647;SENES 10MG C/30 CPR;Disponível;0;0;0;0;0;Psicotrópicos;24541;https://www.drogariaveracruz.com.br/senes-10mg-c30-cpr/p
VeraCruz;7891058006433;PURAN T4 - 150mcg, 28 comprimidos;Disponível;0;0;0;0;0;Hormônios;15973;https://www.drogariaveracruz.com.br/puran-t4-150mcg-28-comprimidos/p
VeraCruz;7898029551770;Daflon 500mg FFPM 30 comprimidos revestidos;Disponível;133,30;105,11;-21.1%;55,32;-58.5%;Sistema Circulatório > Circulação;12578;https://www.drogariaveracruz.com.br/daflon-500mg-ffpm-30-comprimidos-revestidos/p
VeraCruz;7897655400254;THIABEN - 50mg/mL, 1 frasco com 40mL de suspensão de uso oral;Disponível;0;0;0;0;0;Vermes e Parasitas;12512;https://www.drogariaveracruz.com.br/thiaben-50mgml-1-frasco-com-40ml-de-suspensao-de-uso-oral/p
VeraCruz;7896227800898;Salonpas Adesivos Pequeno 10un;Disponível;11,17;9,23;-17.4%;9,72;-13.0%;Dor e Febre > Anti-Inflamatórios;14162;https://www.drogariaveracruz.com.br/adesivos-salonpas-pequeno-10un/p
VeraCruz;7896241270400;Drenison N 0,125mg/g + 0,35mg/g Creme 30g;Disponível;0;0;0;0;0;Pele e Mucosa;16093;https://www.drogariaveracruz.com.br/drenison-n-0125mgg-035mgg-creme-30g/p
VeraCruz;7898040325800;TRACOX 200MG C/30 CPR;Disponível;0;0;0;0;0;Psicotrópicos;24885;https://www.drogariaveracruz.com.br/tracox-200mg-c30-cpr/p
VeraCruz;7896658007996;Decongex Plus 4 comprimidos;Disponível;10,76;9,41;-12.5%;9,90;-8.0%;Sistema Respiratório > Descongestionantes;16568;https://www.drogariaveracruz.com.br/decongex-plus-4-comprimidos/p
VeraCruz;7891106916653;Aspdip Dipirona 1g com 10 comprimidos;Disponível;16,90;16,06;-5.0%;16,90;-0.0%;-;27229;https://www.drogariaveracruz.com.br/aspdip-dipirona-1g-com-10-comprimidos/p
VeraCruz;7898040325633;DESIREE 10MG C/60 CPR;Disponível;0;0;0;0;0;Psicotrópicos;24873;https://www.drogariaveracruz.com.br/desiree-10mg-c60-cpr/p
VeraCruz;7897851220069;Amiobal 30 comprimidos 100mg;Disponível;26,52;20,91;-21.2%;22,01;-17.0%;Sistema Circulatório > Circulação;13014;https://www.drogariaveracruz.com.br/amiobal-30-comprimidos-100mg/p
VeraCruz;7891721016226;Floralyte 45 Sabor Tutti Frutti 500ml;Disponível;0;0;0;0;0;Digestão > Laxantes e Reguladores Intestinais;18232;https://www.drogariaveracruz.com.br/floralyte-45-sabor-tutti-frutti-500ml/p
VeraCruz;7897930763791;Gel de tratamento Antiacne Dermotivin Benzac 10% 60g;Disponível;72,90;63,02;-13.6%;66,34;-9.0%;Pele e Mucosa;17712;https://www.drogariaveracruz.com.br/benzac-ac-100mgg-60g/p
VeraCruz;7898029552135;Diamicron MR 30mg 60 comprimidos de liberação prolongada;Disponível;0;0;0;0;0;Diabetes;16908;https://www.drogariaveracruz.com.br/diamicron-mr-30mg-60-comprimidos-de-liberacao-prolongada/p
VeraCruz;7899640804610;Atak 400mg/5ml 1 Frasco Com 100ml de Pó Para Suspensão de Uso Oral + Seringa Dosadora;Disponível;0;0;0;0;0;Antibióticos;23872;https://www.drogariaveracruz.com.br/atak-400mg5ml-1-frasco-com-100ml-de-po-para-suspensao-de-uso-oral-seringa-dosadora/p
VeraCruz;7896026301848;Cardizem 30mg 50 comprimidos;Disponível;0;0;0;0;0;Pressão Alta > Anti-Hipertensivo;10977;https://www.drogariaveracruz.com.br/cardizem-30mg-50-comprimidos/p
VeraCruz;7896676432824;Maxiflox D 35mg/G + 1mg/G 1 Bisnaga Com 35G de Pomada de Uso Oftalmológico;Disponível;51,25;41,38;-19.3%;43,56;-15.0%;Antibióticos;23363;https://www.drogariaveracruz.com.br/maxiflox-d-35mgg-1mgg-1-bisnaga-com-35g-de-pomada-de-uso-oftalmologico/p
VeraCruz;7898040323578;Gengimin 160mg 15 Comprimidos Revestidos;Disponível;49,00;42,36;-13.6%;44,59;-9.0%;Digestão > Náuseas;18518;https://www.drogariaveracruz.com.br/gengimin-160mg-15-comprimidos-revestidos/p
VeraCruz;7896015518479;Sal de Frutas Eno Limão 2 envelopes com 5g;Disponível;4,98;3,83;-23.1%;4,03;-19.1%;Digestão > Azia e Má Digestão;18302;https://www.drogariaveracruz.com.br/sal-de-frutas-eno-limao-2-envelopes-com-5g/p
VeraCruz;7896269901379;Zovirax 50mg/g Creme Dermatológico 10g;Disponível;72,29;59,75;-17.3%;62,89;-13.0%;Sistema Imunológico;11243;https://www.drogariaveracruz.com.br/zovirax-50mgg-creme-dermatologico-10g/p
VeraCruz;5000456028387;Xigduo XR 10mg + 1000mg 30 comprimidos revestidos de liberação prolongada;Disponível;262,18;211,71;-19.3%;74,28;-71.7%;Diabetes;18012;https://www.drogariaveracruz.com.br/xigduo-xr-10mg-1000mg-30-comprimidos-revestidos-de-liberacao-prolongada/p
VeraCruz;7891058011468;Franol 120mg + 15mg 20 comprimidos;Disponível;0;0;0;0;0;Sistema Respiratório > Asma;12237;https://www.drogariaveracruz.com.br/franol-120mg-15mg-20-comprimidos/p
VeraCruz;7898040321291;Marevan 7,5mg 30 comprimidos;Disponível;52,79;39,62;-24.9%;41,70;-21.0%;Sistema Circulatório > Circulação;12301;https://www.drogariaveracruz.com.br/marevan-75mg-30-comprimidos/p
VeraCruz;7891721024481;Dexa Citoneurin NFF Injetável 6 ampolas: 3 com 1ml intramuscular + 3 com 2ml de diluente;Disponível;53,51;45,24;-15.5%;47,62;-11.0%;Dor e Febre > Anti-Inflamatórios;16901;https://www.drogariaveracruz.com.br/dexa-citoneurin-nff-injetavel-6-ampolas-3-com-1ml-intramuscular-3-com-2ml-de-diluente/p
VeraCruz;7899337000400;Omnic Ocas 0,4mg 30 comprimidos de liberação prolongada;Disponível;145,68;114,86;-21.2%;60,46;-58.5%;Saúde Masculina > Próstata;16358;https://www.drogariaveracruz.com.br/omnic-ocas-04mg-30-comprimidos-de-liberacao-prolongada/p
VeraCruz;7896094208933;Vatis 150mg 60 comprimidos revestidos;Disponível;91,71;69,70;-24.0%;73,37;-20.0%;Sistema Circulatório > Circulação;10821;https://www.drogariaveracruz.com.br/vatis-150mg-60-comprimidos-revestidos/p
VeraCruz;7500435177450;Solução Nasal Vick Primeira Proteção Spray 15ml;Disponível;0;0;0;0;0;Sistema Respiratório > Descongestionantes;14299;https://www.drogariaveracruz.com.br/solucao-nasal-em-spray-vick-primeira-protecao-15ml/p
VeraCruz;7891106000956;Baycuten N Clotrimazol 10mg/g + Acetato de Dexametasona 0,443mg/g Creme Dermatológico 40g;Disponível;0;0;0;0;0;Alergias;25415;https://www.drogariaveracruz.com.br/baycuten-n-clotrimazol-10mgg-acetato-de-dexametasona-0443mgg-creme-dermatologico-40g/p
VeraCruz;7898272945692;Anya 1mg 30 comprimidos;Disponível;1327,01;25,21;-98.1%;26,54;-98.0%;Terapia para o Câncer;23141;https://www.drogariaveracruz.com.br/anya-1mg-30-comprimidos/p
VeraCruz;7896523206103;Cimelide 50mg/ml Cimed Suspensão Oral 15ml;Disponível;27,51;12,54;-54.4%;13,20;-52.0%;Dor e Febre > Anti-Inflamatórios;14116;https://www.drogariaveracruz.com.br/cimelide-50mgml-cimed-suspensao-oral-15ml/p
VeraCruz;7896004715247;Repoflor 100mg 12 cápsulas duras;Disponível;63,64;40,51;-36.3%;42,64;-33.0%;Digestão > Diarréia;16038;https://www.drogariaveracruz.com.br/restaurador-da-flora-intestinal-repoflor-100mg-12-capsulas-duras/p
VeraCruz;7896112409243;Doss Colecalciferol 5.000 UI Com 30 cápsulas;Disponível;68,98;65,53;-5.0%;68,98;-0.0%;Para os Ossos > Osteoporose;26115;https://www.drogariaveracruz.com.br/doss-colecalciferol-5000-ui-com-30-capsulas/p
VeraCruz;7891721013010;Alginac 1.000 15 comprimidos revestidos;Disponível;37,63;30,03;-20.2%;31,61;-16.0%;Dor e Febre > Anti-Inflamatórios;10878;https://www.drogariaveracruz.com.br/alginac-1000-15-comprimidos-revestidos/p
VeraCruz;7896269900907;FLIXONASE - 50mcg/dose, 1 frasco com 60 doses de suspensão de uso nasal;Disponível;0;0;0;0;0;Alergias;11434;https://www.drogariaveracruz.com.br/flixonase-50mcgdose-1-frasco-com-60-doses-de-suspensao-de-uso-nasal/p
VeraCruz;7896641807404;Tebonin 120mg 30 comprimidos;Disponível;0;0;0;0;0;Sistema Nervoso > Medicamentos Antivertiginosos: Ginkgo, Tanakan, Equitam;16482;https://www.drogariaveracruz.com.br/tebonin-120mg-30-comprimidos/p
VeraCruz;7898430193026;DPREV - 50000UI, 8 comprimidos revestidos;Disponível;132,87;90,89;-31.6%;95,67;-28.0%;Vitaminas;24042;https://www.drogariaveracruz.com.br/dprev-50000ui-8-comprimidos-revestidos/p
VeraCruz;7897473206403;Halobex 0,05% Creme Dermatológico 30g;Disponível;23,01;20,11;-12.6%;21,17;-8.0%;Pele e Mucosa;12670;https://www.drogariaveracruz.com.br/halobex-005-creme-dermatologico-30g/p
VeraCruz;7896006213161;Florastor 12 cápsulas;Disponível;0;0;0;0;0;Digestão > Laxantes e Reguladores Intestinais;19063;https://www.drogariaveracruz.com.br/florastor-12-capsulas/p
VeraCruz;7893353041393;Buscoveran Composto 10ml;Disponível;0;0;0;0;0;Saúde Feminina > Cólica;19212;https://www.drogariaveracruz.com.br/buscoveran-composto-10ml/p
VeraCruz;7896714212838;Iverneo 6mg 4 comprimidos;Disponível;0;0;0;0;0;Vermes e Parasitas;14873;https://www.drogariaveracruz.com.br/iverneo-6mg-4-comprimidos/p
VeraCruz;7896658023354;Montelair 5mg Sabor Cereja 30 comprimidos mastigáveis;Disponível;78,90;62,22;-21.1%;65,49;-17.0%;Sistema Respiratório > Asma;11863;https://www.drogariaveracruz.com.br/montelair-5mg-sabor-cereja-30-comprimidos-mastigaveis/p
VeraCruz;7891045031493;ELIFORE 100MG C/28 CPS;Disponível;197,40;136,90;-30.6%;72,05;-63.5%;Psicotrópicos;24591;https://www.drogariaveracruz.com.br/elifore-100mg-c28-cps/p
VeraCruz;7896094917408;Ofolato 90 comprimidos;Disponível;192,15;164,29;-14.5%;57,65;-70.0%;Saúde Feminina > Gestante;20515;https://www.drogariaveracruz.com.br/suplemento-alimentar-ofalato-90-comprimidos/p
VeraCruz;7898040323721;Fitocor 650mg 60 cápsulas;Disponível;0;0;0;0;0;Colesterol e Triglicerídeos;18221;https://www.drogariaveracruz.com.br/fitocor-650mg-60-capsulas/p
VeraCruz;7891106913799;Flanax 550mg 15 comprimidos revestidos;Disponível;31,99;28,87;-9.8%;30,39;-5.0%;Dor e Febre > Anti-Inflamatórios;22716;https://www.drogariaveracruz.com.br/flanax-550mg-15-comprimidos-revestidos/p
VeraCruz;7891317031282;20 Bi Probiótico com 30 cápsulas;Disponível;243,90;231,71;-5.0%;81,30;-66.7%;Digestão > Laxantes e Reguladores Intestinais;13359;https://www.drogariaveracruz.com.br/regulador-intestinal-20-bi-30-capsulas-com-335mg/p
VeraCruz;7896185998316;URBANIL 10 MG C/20 CPR;Disponível;0;0;0;0;0;Psicotrópicos;24478;https://www.drogariaveracruz.com.br/urbanil-10-mg-c20-cpr/p
VeraCruz;7896083403233;Gel Arnica Montana 200mg/g Herbarium 30g;Disponível;0;0;0;0;0;Dor e Febre > Anti-Inflamatórios;18078;https://www.drogariaveracruz.com.br/gel-arnica-montana-200mgg-herbarium-30g/p
VeraCruz;7896006221043;Tess 2,0mg + 0,035mg 21 comprimidos revestidos;Disponível;0;0;0;0;0;Saúde Feminina > Anticoncepcionais;21422;https://www.drogariaveracruz.com.br/tess-20mg-0035mg-21-comprimidos-revestidos/p
VeraCruz;7897411602274;DAINITRE - 10mg, 50 comprimidos;Disponível;0;0;0;0;0;Sistema Circulatório > Circulação;12580;https://www.drogariaveracruz.com.br/dainitre-10mg-50-comprimidos/p
VeraCruz;7894916503198;Sigma Clav Bd 875mg + 125mg 14 comprimidos revestidos;Disponível;108,04;57,48;-46.8%;60,50;-44.0%;Antibióticos;23964;https://www.drogariaveracruz.com.br/sigma-clav-bd-875mg-125mg-14-comprimidos-revestidos/p
VeraCruz;7899620911543;Xarope Specdera Sabor Cereja 100ml;Disponível;0;0;0;0;0;Sistema Respiratório > Expectorante;15131;https://www.drogariaveracruz.com.br/xarope-specdera-sabor-cereja-100ml/p
VeraCruz;7896658025143;ProVance Aché Sabor Limão 30 Comprimidos Mastigáveis;Disponível;0;0;0;0;0;Digestão > Laxantes e Reguladores Intestinais;12867;https://www.drogariaveracruz.com.br/provance-ache-sabor-limao-30-comprimidos-mastigaveis/p
VeraCruz;5702157108459;CLOPIXOL 25 MG C/20 CPR;Disponível;127,52;95,70;-25.0%;50,37;-60.5%;Psicotrópicos;24539;https://www.drogariaveracruz.com.br/clopixol-25-mg-c20-cpr/p
VeraCruz;0650240030499;Antiverrugas Pointts 80ml;Disponível;175,90;167,11;-5.0%;58,63;-66.7%;Pele e Mucosa;10191;https://www.drogariaveracruz.com.br/antiverrugas-pointts-80ml/p
VeraCruz;7896094201392;Naprix A 5mg + 5mg 30 cápsulas;Disponível;79,28;55,74;-29.7%;58,67;-26.0%;Pressão Alta > Anti-Hipertensivo;16727;https://www.drogariaveracruz.com.br/naprix-a-5mg-5mg-30-capsulas/p
VeraCruz;7894916518819;Sucrafilm 200mg/ml 200ml + seringa dosadora;Disponível;118,00;99,77;-15.4%;52,51;-55.5%;Digestão > Úlcera e Gastrite;23140;https://www.drogariaveracruz.com.br/sucrafilm-200mgml-200ml-seringa-dosadora/p
VeraCruz;7896676404241;Nausedron 8mg 10 comprimidos revestidos;Disponível;0;0;0;0;0;Digestão > Náuseas;11923;https://www.drogariaveracruz.com.br/nausedron-8mg-10-comprimidos-revestidos/p
VeraCruz;7896658034015;Zior 250mg 14 comprimidos;Disponível;83,87;67,73;-19.2%;71,29;-15.0%;Pele e Mucosa;18549;https://www.drogariaveracruz.com.br/zior-250mg-14-comprimidos/p
VeraCruz;7894916550055;Propranolol 40mg 30 comprimidos;Disponível;17,28;13,79;-20.2%;14,52;-16.0%;Pressão Alta > Anti-Hipertensivo;10278;https://www.drogariaveracruz.com.br/propranolol-40mg-30-comprimidos/p
VeraCruz;7891045008433;Nordette 150mcg / 30mcg 21 comprimidos revestidos;Disponível;13,76;10,46;-24.0%;11,01;-20.0%;Saúde Feminina > Anticoncepcionais;11976;https://www.drogariaveracruz.com.br/nordette-150mcg-30mcg-21-comprimidos-revestidos/p
VeraCruz;7896004706764;Celergin 0,4mg/ml + 0,05mg/ml Xarope 120ml;Disponível;37,74;32,27;-14.5%;33,97;-10.0%;Alergias;10993;https://www.drogariaveracruz.com.br/celergin-04mgml-005mgml-xarope-120ml/p
VeraCruz;7897705201770;Victoza 6mg/ml 2 carpules com 3ml + 2 sistemas de aplicação;Disponível;0;0;0;0;0;Diabetes;17993;https://www.drogariaveracruz.com.br/victoza-6mgml-2-carpules-com-3ml-2-sistemas-de-aplicacao/p
VeraCruz;7897411611030;BenicarAnlo 40mg/10mg 30 comprimidos revestidos;Disponível;103,89;76,00;-26.8%;80,00;-23.0%;Pressão Alta > Anti-Hipertensivo;17720;https://www.drogariaveracruz.com.br/benicaranlo-40mg10mg-30-comprimidos-revestidos/p
VeraCruz;7897322702032;Rinosoro Gotas 0,9% 30ml;Disponível;23,78;21,01;-11.6%;22,12;-7.0%;Sistema Respiratório > Descongestionantes;10711;https://www.drogariaveracruz.com.br/fluidificante-e-descongestionante-nasal-rinosoro-gotas-09-30ml/p
VeraCruz;7891058020941;Dorflex 50 comprimidos;Disponível;29,79;28,30;-5.0%;29,79;-0.0%;Dor e Febre > Analgésico;23102;https://www.drogariaveracruz.com.br/analgesico-dorflex-50-comprimidos/p
VeraCruz;7896090611959;Sonridor Rapid Forte 500+65mg C/10 Cpr;Disponível;15,75;14,96;-5.0%;15,75;-0.0%;Dor e Febre > Analgésico;25202;https://www.drogariaveracruz.com.br/sonridor-rapid-forte-50065mg-c10-cpr/p
VeraCruz;7897705202753;Rybelsus 14mg 30 comprimidos;Disponível;0;0;0;0;0;Diabetes;14882;https://www.drogariaveracruz.com.br/rybelsus-14mg-30-comprimidos/p
VeraCruz;7898100243112;Phitóss Xarope 7mg/ml Sabor Framboesa 100ml;Disponível;36,73;11,87;-67.7%;12,49;-66.0%;Sistema Respiratório > Expectorante;15945;https://www.drogariaveracruz.com.br/xarope-phitoss-7mgml-sabor-framboesa-100ml/p
VeraCruz;7898040329525;Calcitran D3 1000ui 30 comprimidos revestidos;Disponível;38,90;36,96;-5.0%;38,90;-0.0%;Para os Ossos;20516;https://www.drogariaveracruz.com.br/suplemento-alimentar-calcitran-d3-1000ui-30-comprimidos-revestidos/p
VeraCruz;7896112401599;Vonau Flash 4mg, Sabor Menta 10 comprimidos de desintegração oral;Disponível;49,45;29,50;-40.3%;31,05;-37.2%;Digestão > Náuseas;18841;https://www.drogariaveracruz.com.br/vonau-flash-4mg-sabor-menta-10-comprimidos-de-desintegracao-oral/p
VeraCruz;7896641806568;Omnaris 50mcg/dose 120 doses 13,5g;Disponível;0;0;0;0;0;Sistema Respiratório > Descongestionantes;16357;https://www.drogariaveracruz.com.br/omnaris-50mcgdose-120-doses-135g/p
VeraCruz;7897595619518;Razapina Odt 15Mg C/28 Cpr;Disponível;0;0;0;0;0;Psicotrópicos;25057;https://www.drogariaveracruz.com.br/razapina-odt-15mg-c28-cpr/p
VeraCruz;7896255717724;Teolong 200mg 30 cápsulas com microgrânulos de liberação prolongada;Disponível;41,34;32,99;-20.2%;34,73;-16.0%;Sistema Respiratório > Asma;12506;https://www.drogariaveracruz.com.br/teolong-200mg-30-capsulas-com-microgranulos-de-liberacao-prolongada/p
VeraCruz;7896269900075;Aerolin 0,4mg/ml 120 ml;Disponível;0;0;0;0;0;Sistema Respiratório > Asma;10445;https://www.drogariaveracruz.com.br/aerolin-04mgml-120-ml/p
VeraCruz;7896622302805;Antiácido Gastrol Blister 10 Pastilhas;Disponível;0;0;0;0;0;Digestão > Azia e Má Digestão;20533;https://www.drogariaveracruz.com.br/antiacido-gastrol-blister-10-pastilhas/p
VeraCruz;7896732600020;Olina 60ml;Disponível;39,90;32,22;-19.2%;33,92;-15.0%;Digestão > Azia e Má Digestão;12404;https://www.drogariaveracruz.com.br/olina-60ml/p
VeraCruz;7894916508520;Concárdio 10mg 30 comprimidos revestidos;Disponível;0;0;0;0;0;Sistema Circulatório > Circulação;11703;https://www.drogariaveracruz.com.br/concardio-10mg-30-comprimidos-revestidos/p
VeraCruz;7896676415797;RISPERIDON 1MG/ML GTS 30ML;Disponível;78,16;57,91;-25.9%;60,96;-22.0%;Psicotrópicos;24504;https://www.drogariaveracruz.com.br/risperidon-1mgml-gts-30ml/p
VeraCruz;7896241252970;Drenison 0,125mg/g Pomada 30g;Disponível;48,23;40,77;-15.5%;42,92;-11.0%;Pele e Mucosa;16096;https://www.drogariaveracruz.com.br/drenison-0125mgg-pomada-30g/p
VeraCruz;7891058022822;Dorflex Uno 1g 4 comprimidos;Disponível;8,57;7,25;-15.4%;7,63;-11.0%;Dor e Febre > Enxaqueca;18570;https://www.drogariaveracruz.com.br/analgesico-dorflex-uno-1g-4-comprimidos/p
VeraCruz;7896714274652;Peridal 10mg 60 comprimidos;Disponível;53,56;47,83;-10.7%;50,35;-6.0%;Digestão > Náuseas;12835;https://www.drogariaveracruz.com.br/peridal-10mg-60-comprimidos/p
VeraCruz;7896015592332;Antiácido Eno Pastilhas Mastigáveis 500mg Sabor Menta 8un;Disponível;14,90;11,32;-24.0%;11,92;-20.0%;Digestão > Azia e Má Digestão;14251;https://www.drogariaveracruz.com.br/antiacido-eno-pastilhas-mastigaveis-500mg-sabor-menta-8un/p
VeraCruz;7891268117127;Lípitor 20mg 30 comprimidos revestidos;Disponível;0;0;0;0;0;Colesterol e Triglicerídeos;12733;https://www.drogariaveracruz.com.br/lipitor-20mg-30-comprimidos-revestidos/p
VeraCruz;7891317008581;Perivasc 450mg + 50mg 30 comprimidos revestidos;Disponível;78,60;60,49;-23.0%;63,67;-19.0%;Sistema Circulatório > Circulação;12843;https://www.drogariaveracruz.com.br/perivasc-450mg-50mg-30-comprimidos-revestidos/p
VeraCruz;7896637017176;Fitoscar 60mg/g Pomada 20g;Disponível;96,79;80,92;-16.4%;85,18;-12.0%;Pele e Mucosa;18222;https://www.drogariaveracruz.com.br/fitoscar-60mgg-pomada-20g/p
VeraCruz;4987188568682;Bye Bye Fever para Adultos 2 unidades;Disponível;13,90;11,62;-16.4%;12,23;-12.0%;Dor e Febre > Analgésico;21558;https://www.drogariaveracruz.com.br/bye-bye-fever-para-adultos-2-unidades/p
VeraCruz;7897322710440;Lisador 8 comprimidos;Disponível;24,22;21,39;-11.7%;22,52;-7.0%;Dor e Febre > Analgésico;15827;https://www.drogariaveracruz.com.br/lisador-8-comprimidos/p
VeraCruz;7896676405651;DIMORF 10MG C/ 60ML;Disponível;0;0;0;0;0;Psicotrópicos;24751;https://www.drogariaveracruz.com.br/dimorf-10mg-c-60ml/p
VeraCruz;7896206407582;SELOPRESS - 100mg + 12,5mg, 30 comprimidos;Disponível;0;0;0;0;0;Pressão Alta > Anti-Hipertensivo;11544;https://www.drogariaveracruz.com.br/selopress-100mg-125mg-30-comprimidos/p
VeraCruz;7891317013158;Molièri 20 3mg + 0,02mg 24 comprimidos revestidos;Disponível;73,93;56,18;-24.0%;59,14;-20.0%;Saúde Feminina > Anticoncepcionais;16708;https://www.drogariaveracruz.com.br/molieri-20-3mg-002mg-24-comprimidos-revestidos/p
VeraCruz;7896206407568;SELOKEN - 100mg, 30 comprimidos;Disponível;61,68;48,05;-22.1%;50,58;-18.0%;Pressão Alta > Anti-Hipertensivo;11545;https://www.drogariaveracruz.com.br/seloken-100mg-30-comprimidos/p
VeraCruz;7891317031268;20 Bi Probiótico com 5 Cápsulas;Disponível;69,90;53,12;-24.0%;55,92;-20.0%;Digestão > Laxantes e Reguladores Intestinais;10359;https://www.drogariaveracruz.com.br/regulador-intestinal-20-bi-5-capsulas-com-335mg/p
VeraCruz;7896094203020;Ontax 150mg Injeção com 1 ampola de 25ml;Disponível;0;0;0;0;0;Oncológicos e Alto Custo;20569;https://www.drogariaveracruz.com.br/ontax-150mg-injecao-com-1-ampola-de-25ml/p
VeraCruz;7893454101668;PAMELOR 10 MG C/30 CPS;Disponível;42,73;33,29;-22.1%;35,04;-18.0%;Psicotrópicos;24847;https://www.drogariaveracruz.com.br/pamelor-10-mg-c30-cps/p
VeraCruz;7898581710608;Noripurum Fólico 100mg + 0,35mg 30 comprimidos mastigáveis;Disponível;78,03;65,98;-15.4%;69,45;-11.0%;Sistema Imunológico;12005;https://www.drogariaveracruz.com.br/noripurum-folico-100mg-035mg-30-comprimidos-mastigaveis/p
VeraCruz;7898158692238;Florent 200mg 4 envelopes com 1g;Disponível;0;0;0;0;0;Digestão > Laxantes e Reguladores Intestinais;24018;https://www.drogariaveracruz.com.br/florent-200mg-4-envelopes-com-1g/p
VeraCruz;7891317100933;Ártico Caps 500mg + 400mg 30 cápsulas moles;Disponível;0;0;0;0;0;Para os Ossos > Osteoporose;17126;https://www.drogariaveracruz.com.br/artico-caps-500mg-400mg-30-capsulas-moles/p
VeraCruz;7891317124182;Holmes H 20mg + 12,5mg 30 comprimidos revestidos;Disponível;79,09;57,86;-26.8%;60,90;-23.0%;Pressão Alta > Anti-Hipertensivo;13048;https://www.drogariaveracruz.com.br/holmes-h-20mg-125mg-30-comprimidos-revestidos/p
VeraCruz;7896658016837;REVANGE C/10 CPR;Disponível;0;0;0;0;0;Psicotrópicos;24673;https://www.drogariaveracruz.com.br/revange-c10-cpr/p
VeraCruz;7898636194193;Sorox sabor Morango com Laranja 550ml;Disponível;12,90;12,26;-5.0%;12,90;-0.0%;Digestão > Laxantes e Reguladores Intestinais;25166;https://www.drogariaveracruz.com.br/sorox-sabor-morango-com-laranja-550ml/p
VeraCruz;7897595901521;Clorana 25mg 30 comprimidos;Disponível;15,61;12,16;-22.1%;12,80;-18.0%;Pressão Alta > Diuréticos;11685;https://www.drogariaveracruz.com.br/clorana-25mg-30-comprimidos/p
VeraCruz;7896094202757;Cardilol 3,125mg 30 comprimidos;Disponível;50,03;38,02;-24.0%;40,02;-20.0%;Pressão Alta > Anti-Hipertensivo;10975;https://www.drogariaveracruz.com.br/cardilol-3125mg-30-comprimidos/p
VeraCruz;7896006290520;Tobracort 3mg/ml + 1mg/ml 1 Bisnaga Com 5ml de Suspensão de Uso Oftalmológico;Disponível;40,99;31,93;-22.1%;33,61;-18.0%;Antibióticos;23878;https://www.drogariaveracruz.com.br/tobracort-3mgml-1mgml-1-bisnaga-com-5ml-de-suspensao-de-uso-oftalmologico/p
VeraCruz;7896186002173;Bendita Cânfora Gel 80g;Disponível;25,90;24,61;-5.0%;25,90;-0.0%;Dor e Febre > Contusão e Relaxante Muscular;25839;https://www.drogariaveracruz.com.br/bendita-canfora-gel-80g/p
VeraCruz;7898902180981;Trealens Kit Solução para Lentes de Contato 120ml + 360ml + Estojo Lebon;Disponível;49,90;47,41;-5.0%;49,90;-0.0%;Olhos > Produtos para Lentes;26103;https://www.drogariaveracruz.com.br/trealens-kit-solucao-para-lentes-de-contato-120ml-360ml-estojo-lebon/p
VeraCruz;7896714203768;Flavonid 450mg + 50mg 30 comprimidos revestidos;Disponível;109,88;46,98;-57.2%;49,45;-55.0%;Sistema Circulatório > Circulação;11426;https://www.drogariaveracruz.com.br/flavonid-450mg-50mg-30-comprimidos-revestidos/p
VeraCruz;7895858017415;Magnésia Bisurada Sabor Menta 10 pastilhas;Disponível;13,49;12,05;-10.7%;12,68;-6.0%;Digestão > Azia e Má Digestão;16239;https://www.drogariaveracruz.com.br/magnesia-bisurada-sabor-menta-10-pastilhas/p
VeraCruz;7896112403630;Dacxi 20mg 28 comprimidos revestidos;Disponível;0;0;0;0;0;Sistema Circulatório > Circulação;20851;https://www.drogariaveracruz.com.br/dacxi-20mg-28-comprimidos-revestidos/p
VeraCruz;7898100242955;Glicel 2,5g Adulto 6 supositórios de glicerina;Disponível;24,71;11,74;-52.5%;12,36;-50.0%;Digestão > Laxantes e Reguladores Intestinais;20916;https://www.drogariaveracruz.com.br/glicel-25g-adulto-6-supositorios-de-glicerina/p
VeraCruz;7898661011649;Alpha Men Com 60 Cápsulas;Disponível;0;0;0;0;0;Vitaminas;27132;https://www.drogariaveracruz.com.br/alpha-men-com-60-capsulas/p
VeraCruz;7896714211190;Ibufran 400mg 10 comprimidos;Disponível;0;0;0;0;0;Dor e Febre > Anti-Inflamatórios;15824;https://www.drogariaveracruz.com.br/ibufran-400mg-10-comprimidos/p
VeraCruz;7896181907626;Vasogard 50mg 60 comprimidos;Disponível;46,67;37,24;-20.2%;39,20;-16.0%;Sistema Circulatório > Circulação;17589;https://www.drogariaveracruz.com.br/vasogard-50mg-60-comprimidos/p
VeraCruz;7896094206298;VELIJA - 30mg, 30 cápsulas duras de liberação retardada;Disponível;79,30;57,26;-27.8%;60,27;-24.0%;Psicotrópicos;24142;https://www.drogariaveracruz.com.br/velija-30mg-30-capsulas-duras-de-liberacao-retardada/p
VeraCruz;7896083400928;Isoflavine 150mg 30 comprimidos;Disponível;150,82;121,79;-19.2%;64,10;-57.5%;Saúde Feminina > Reposição Hormonal;15406;https://www.drogariaveracruz.com.br/isoflavine-150mg-30-comprimidos/p
VeraCruz;7896658008740;Levoid 25mcg 30 comprimidos;Disponível;18,68;14,73;-21.1%;15,50;-17.0%;Hormônios;17877;https://www.drogariaveracruz.com.br/levoid-25mcg-30-comprimidos/p
VeraCruz;7898948648629;Ogestan Pré 30 cápsulas;Disponível;73,90;63,89;-13.5%;67,25;-9.0%;Saúde Feminina > Gestante;20918;https://www.drogariaveracruz.com.br/suplemento-alimentar-ogestan-pre-30-capsulas/p
VeraCruz;7891010256463;Benalet Pastilhas Sabor Mel e Limão 12un;Disponível;42,03;33,94;-19.2%;35,73;-15.0%;Dor e Febre > Dor de Garganta;17695;https://www.drogariaveracruz.com.br/pastilhas-benalet-sabor-mel-e-limao-12un/p
VeraCruz;7896622304298;GINKOTAB - 80mg, 30 comprimidos;Disponível;0;0;0;0;0;Sistema Nervoso > Medicamentos Antivertiginosos: Ginkgo, Tanakan, Equitam;17160;https://www.drogariaveracruz.com.br/ginkotab-80mg-30-comprimidos/p
VeraCruz;7895296280020;OSKIN - 40mg/g + 0,5mg/g + 0,1mg/g, 1 bisnaga com 15g de creme de uso dermatológico;Disponível;0;0;0;0;0;Pele e Mucosa;17209;https://www.drogariaveracruz.com.br/oskin-40mgg-05mgg-01mgg-1-bisnaga-com-15g-de-creme-de-uso-dermatologico/p
VeraCruz;7896206402877;SeloZok 100mg 30 comprimidos revestidos de liberação controlada;Disponível;0;0;0;0;0;Pressão Alta > Anti-Hipertensivo;11543;https://www.drogariaveracruz.com.br/selozok-100mg-30-comprimidos-revestidos-de-liberacao-controlada/p
VeraCruz;7894916207546;Somalgin Cardio 325mg 32 comprimidos revestidos de dupla camada;Disponível;0;0;0;0;0;Dor e Febre > Analgésico;17918;https://www.drogariaveracruz.com.br/somalgin-cardio-325mg-32-comprimidos-revestidos-de-dupla-camada/p
VeraCruz;7898040322618;Kelo-Cote Spray 100ml;Disponível;0;0;0;0;0;Pele e Mucosa;15455;https://www.drogariaveracruz.com.br/kelo-cote-spray-100ml/p
VeraCruz;7891317018207;Perlatte 9.000 fcc 10 comprimidos;Disponível;20,60;16,63;-19.3%;17,51;-15.0%;Saúde Feminina > Cólica;19786;https://www.drogariaveracruz.com.br/perlatte-9000-fcc-10-comprimidos/p
VeraCruz;7898560664113;Tilatil 20mg 10 comprimidos revestidos;Disponível;103,39;82,51;-20.2%;86,85;-16.0%;Dor e Febre > Anti-Inflamatórios;12514;https://www.drogariaveracruz.com.br/tilatil-20mg-10-comprimidos-revestidos/p
VeraCruz;7898087340026;Loção Oleosa Dersani 200ml;Disponível;61,90;40,57;-34.5%;42,71;-31.0%;Pele e Mucosa;12628;https://www.drogariaveracruz.com.br/locao-oleosa-dersani-200ml/p
VeraCruz;7894164005444;Hidrali 45 Natural 500ml;Disponível;0;0;0;0;0;Digestão > Laxantes e Reguladores Intestinais;22656;https://www.drogariaveracruz.com.br/suplemento-hidroeletrolitico-hidrali-45-natural-500ml/p
VeraCruz;7896331701029;Chá Stilgrip Sabor Mel e Limão 5g;Disponível;3,35;1,94;-42.1%;2,04;-39.1%;Sistema Respiratório > Antigripais;21258;https://www.drogariaveracruz.com.br/cha-stilgrip-sabor-mel-e-limao-5g/p
VeraCruz;7896714230030;Neocoflan Gel 60g;Disponível;0;0;0;0;0;Dor e Febre > Anti-Inflamatórios;11907;https://www.drogariaveracruz.com.br/neocoflan-gel-60g/p
VeraCruz;7896112408727;Lide 400mg 10 comprimidos;Disponível;41,18;33,25;-19.3%;35,00;-15.0%;Dor e Febre > Anti-Inflamatórios;23503;https://www.drogariaveracruz.com.br/lide-400mg-10-comprimidos/p
VeraCruz;7896090611874;Sonridor Dor e Febre Paracetamol 750mg Com 10 comprimidos;Disponível;9,90;9,41;-4.9%;9,90;-0.0%;Dor e Febre > Analgésico;26448;https://www.drogariaveracruz.com.br/sonridor-dor-e-febre-paracetamol-750mg-com-10-comprimidos/p
VeraCruz;7894916509985;Neutrofer Poli 30ml;Disponível;77,50;73,63;-5.0%;77,50;-0.0%;Vitaminas;16757;https://www.drogariaveracruz.com.br/suplemento-vitaminico-neutrofer-poli-30ml/p
VeraCruz;7896181920397;Corus 25mg 30 comprimidos revestidos;Disponível;56,50;53,68;-5.0%;56,50;-0.0%;Pressão Alta > Anti-Hipertensivo;16869;https://www.drogariaveracruz.com.br/corus-25mg-30-comprimidos-revestidos/p
VeraCruz;7897460401743;Silimalon 140mg + 100mg 30 comprimidos;Disponível;131,00;102,05;-22.1%;53,71;-59.0%;Digestão > Azia e Má Digestão;19172;https://www.drogariaveracruz.com.br/silimalon-140mg-100mg-30-comprimidos/p
VeraCruz;7896206402181;Nexium 40mg 14 comprimidos revestidos;Disponível;0;0;0;0;0;Digestão > Úlcera e Gastrite;11940;https://www.drogariaveracruz.com.br/nexium-40mg-14-comprimidos-revestidos/p
VeraCruz;7897595602022;Diclac SR 75mg 20 comprimidos;Disponível;51,39;35,63;-30.7%;37,51;-27.0%;Dor e Febre > Anti-Inflamatórios;16913;https://www.drogariaveracruz.com.br/diclac-sr-75mg-20-comprimidos/p
VeraCruz;7896658024955;Bravan Duo 160mg/5mg 30 comprimidos;Disponível;0;0;0;0;0;Pressão Alta > Anti-Hipertensivo;14822;https://www.drogariaveracruz.com.br/bravan-duo-160mg5mg-30-comprimidos/p
VeraCruz;7891317028794;Ketto 10mg 10 comprimidos sublinguais;Disponível;34,92;29,19;-16.4%;30,73;-12.0%;Dor e Febre > Anti-Inflamatórios;22411;https://www.drogariaveracruz.com.br/ketto-10mg-10-comprimidos-sublinguais/p
VeraCruz;300650356459;Opti-Free Replenish 300ml + 120ml + Estojo de Lentes;Disponível;0;0;0;0;0;Olhos > Produtos para Lentes;16366;https://www.drogariaveracruz.com.br/solucao-de-desinfeccao-multiproposito-opti-free-replenish-300ml-120ml-estojo-de-lentes/p
VeraCruz;7897595901033;Puran T4 100mcg 30 comprimidos;Disponível;17,36;12,04;-30.6%;12,67;-27.0%;Hormônios;12874;https://www.drogariaveracruz.com.br/puran-t4-100mcg-30-comprimidos/p
VeraCruz;7896181907176;Busonid Aquoso Nasal 50mcg 120 doses 6ml;Disponível;47,24;39,05;-17.3%;41,10;-13.0%;Alergias;17479;https://www.drogariaveracruz.com.br/busonid-aquoso-nasal-50mcg-120-doses-6ml/p
VeraCruz;7898037080460;Almeida Prado N°46 60 comprimidos;Disponível;42,26;31,31;-25.9%;32,96;-22.0%;Digestão > Laxantes e Reguladores Intestinais;10895;https://www.drogariaveracruz.com.br/complexo-homeopatico-almeida-prado-n-46-60-comprimidos/p
VeraCruz;7896094201514;Salsep 0,9% Spray 50ml;Disponível;0;0;0;0;0;Sistema Respiratório > Descongestionantes;18328;https://www.drogariaveracruz.com.br/descongestionante-nasal-salsep-09-spray-50ml/p
VeraCruz;7896181905295;Alenia 6mcg + 200mcg 60 cápsulas inalatórias + 1 inalador;Disponível;0;0;0;0;0;Sistema Respiratório > Asma;10875;https://www.drogariaveracruz.com.br/alenia-6mcg-200mcg-60-capsulas-inalatorias-1-inalador/p
VeraCruz;7898074610880;Spidufen 1155mg Sabor Menta Anis com 10 Envelopes de 3g cada;Disponível;55,37;45,76;-17.4%;48,17;-13.0%;Dor e Febre > Analgésico;11139;https://www.drogariaveracruz.com.br/spidufen-1155mg-sabor-menta-anis-com-10-envelopes-de-3g-cada/p
VeraCruz;7896658026195;Avide 100mg 9 cápsulas duras;Disponível;56,27;48,65;-13.5%;51,21;-9.0%;Digestão > Diarréia;10468;https://www.drogariaveracruz.com.br/avide-100mg-9-capsulas-duras/p
VeraCruz;7896658005145;Prelone 20mg 10 comprimidos;Disponível;36,66;30,30;-17.3%;31,89;-13.0%;Dor e Febre > Anti-Inflamatórios;10667;https://www.drogariaveracruz.com.br/prelone-20mg-10-comprimidos/p
VeraCruz;7896255764858;Ritmonorm 300mg 60 comprimidos revestidos;Disponível;0;0;0;0;0;Sistema Circulatório > Circulação;10724;https://www.drogariaveracruz.com.br/ritmonorm-300mg-60-comprimidos-revestidos/p
VeraCruz;7891317462475;Primera 20 150mcg + 20mcg 63 comprimidos;Disponível;94,63;72,82;-23.0%;76,65;-19.0%;Saúde Feminina > Anticoncepcionais;10680;https://www.drogariaveracruz.com.br/primera-20-150mcg-20mcg-63-comprimidos/p
VeraCruz;7896006290537;Tobracort 3Mg/G + 1Mg/G 1 Bisnaga Com 35G De Pomada De Uso Oftalmológico;Disponível;0;0;0;0;0;Antibióticos;23869;https://www.drogariaveracruz.com.br/tobracort-3mgg-1mgg-1-bisnaga-com-35g-de-pomada-de-uso-oftalmologico/p
VeraCruz;7896006201731;Primosiston 2mg + 0,01mg 30 comprimidos;Disponível;57,00;49,28;-13.5%;51,87;-9.0%;Saúde Feminina > Reposição Hormonal;10686;https://www.drogariaveracruz.com.br/primosiston-2mg-001mg-30-comprimidos/p
VeraCruz;7891158101809;DIVALCON ER 250MG C/30 CPR;Disponível;57,55;43,74;-24.0%;46,04;-20.0%;Psicotrópicos;24578;https://www.drogariaveracruz.com.br/divalcon-er-250mg-c30-cpr/p
VeraCruz;7896331706376;Solução Spray Desaftan Aftas e Afecções Bucais 25ml;Disponível;0;0;0;0;0;Pele e Mucosa;13421;https://www.drogariaveracruz.com.br/solucao-spray-desaftan-aftas-e-afeccoes-bucais-25ml/p
VeraCruz;7898560664267;PlantaBen 3,5g Pó Efervescente Sabor Laranja 30 envelopes;Disponível;196,97;160,92;-18.3%;56,46;-71.3%;Digestão > Laxantes e Reguladores Intestinais;10173;https://www.drogariaveracruz.com.br/plantaben-35g-sabor-artificial-laranja-po-efervescente-30-envelopes-com-5g-cada/p
VeraCruz;7891317481650;SIBUS 10MG C/30 CPS;Disponível;0;0;0;0;0;Psicotrópicos;24742;https://www.drogariaveracruz.com.br/sibus-10mg-c30-cps/p
VeraCruz;7891317003913;AltaD 50.000UI 4 cápsulas moles;Disponível;96,36;79,64;-17.4%;83,83;-13.0%;Vitaminas;18480;https://www.drogariaveracruz.com.br/altad-50000ui-4-capsulas-moles/p
VeraCruz;7898948648605;Ogestan Gold 90 cápsulas;Disponível;333,70;291,65;-12.6%;102,33;-69.3%;Saúde Feminina > Gestante;19714;https://www.drogariaveracruz.com.br/ogestan-gold-90-capsulas-12g-cada/p
VeraCruz;7896637022842;Miosan 10mg 30 comprimidos;Disponível;70,74;49,73;-29.7%;52,35;-26.0%;Dor e Febre > Contusão e Relaxante Muscular;16691;https://www.drogariaveracruz.com.br/miosan-10mg-30-comprimidos/p
VeraCruz;7898040329648;Floratil 100mg 12 cápsulas;Disponível;57,27;48,42;-15.5%;50,97;-11.0%;Digestão > Laxantes e Reguladores Intestinais;18236;https://www.drogariaveracruz.com.br/floratil-100mg-12-capsulas/p
VeraCruz;7898687738407;Probigut Fast Equaliv 8 sticks;Disponível;69,90;66,41;-5.0%;69,90;-0.0%;Digestão > Laxantes e Reguladores Intestinais;23626;https://www.drogariaveracruz.com.br/probigut-fast-equaliv-8-sticks/p
VeraCruz;7896015591847;Sonrisal Sabor Limão 10 comprimidos efervescentes;Disponível;3,22;2,60;-19.3%;2,74;-14.9%;Digestão > Azia e Má Digestão;18761;https://www.drogariaveracruz.com.br/sonisal-sabor-limao-10-comprimidos-efervescentes/p
VeraCruz;7894916503761;Aglucose 100mg 30 comprimidos;Disponível;67,34;58,22;-13.5%;61,28;-9.0%;Diabetes;21809;https://www.drogariaveracruz.com.br/aglucose-100mg-30-comprimidos/p
VeraCruz;7896112401438;FORLUT 50MG C/30 CPS;Disponível;0;0;0;0;0;Psicotrópicos;25068;https://www.drogariaveracruz.com.br/forlut-50mg-c30-cps/p
VeraCruz;7896658015427;Trezor 20mg 30 comprimidos revestidos;Disponível;71,61;56,47;-21.1%;59,44;-17.0%;Colesterol e Triglicerídeos;17523;https://www.drogariaveracruz.com.br/trezor-20mg-30-comprimidos-revestidos/p
VeraCruz;7891268102956;Frademicina 300mg/ml 1 Ampola Com 1ml de Solução de Uso Intramuscular Ou Intravenoso;Disponível;0;0;0;0;0;Antibióticos;23854;https://www.drogariaveracruz.com.br/frademicina-300mgml-1-ampola-com-1ml-de-solucao-de-uso-intramuscular-ou-intravenoso/p
VeraCruz;7896094208674;Iumi 3mg + 0,02mg 72 comprimidos revestidos;Disponível;184,68;121,06;-34.4%;63,72;-65.5%;Saúde Feminina > Anticoncepcionais;15417;https://www.drogariaveracruz.com.br/iumi-3mg-002mg-72-comprimidos-revestidos/p
VeraCruz;7896094202030;Cebralat 50mg 60 comprimidos;Disponível;47,18;34,96;-25.9%;36,80;-22.0%;Sistema Circulatório > Circulação;17772;https://www.drogariaveracruz.com.br/cebralat-50mg-60-comprimidos/p
VeraCruz;7891158101687;REVOC 100MG C/30 CPR;Disponível;0;0;0;0;0;Psicotrópicos;24417;https://www.drogariaveracruz.com.br/revoc-100mg-c30-cpr/p
VeraCruz;7896331704808;Rapilax 7,5mg/ml Gotas 30ml;Disponível;21,96;19,82;-9.7%;20,86;-5.0%;Digestão > Laxantes e Reguladores Intestinais;15999;https://www.drogariaveracruz.com.br/rapilax-75mgml-gotas-30ml/p
VeraCruz;7894916513104;Neutrofer Prev 60ml;Disponível;108,90;96,22;-11.6%;50,64;-53.5%;Vitaminas;13649;https://www.drogariaveracruz.com.br/suplemento-vitaminico-neutrofer-prev-60ml/p
VeraCruz;7896658018879;Esalerg 0,5mg/ml Xarope Sabor Tutti Frutti 60ml;Disponível;52,04;43,51;-16.4%;45,80;-12.0%;Alergias;10169;https://www.drogariaveracruz.com.br/esalerg-05mgml-xarope-sabor-tutti-frutti-60ml/p
VeraCruz;7891268144048;FELDENE - 20mg, 10 comprimidos solúveis;Disponível;0;0;0;0;0;Dor e Febre > Anti-Inflamatórios;15294;https://www.drogariaveracruz.com.br/feldene-20mg-10-comprimidos-soluveis/p
VeraCruz;8902220105676;Indapen SR 1,5mg 30 comprimidos revestidos de liberação prolongada;Disponível;40,55;28,51;-29.7%;30,01;-26.0%;Pressão Alta > Anti-Hipertensivo;11759;https://www.drogariaveracruz.com.br/indapen-sr-15mg-30-comprimidos-revestidos-de-liberacao-prolongada/p
VeraCruz;7896094922075;Dramin B6 30ml;Disponível;24,35;21,52;-11.6%;22,65;-7.0%;Digestão > Náuseas;16088;https://www.drogariaveracruz.com.br/dramin-b6-30ml/p
VeraCruz;7896422523066;Medvitd3 7.000UI Medley 8 cápsulas moles;Disponível;0;0;0;0;0;Vitaminas;19065;https://www.drogariaveracruz.com.br/medvitd3-7000ui-medley-8-capsulas-moles/p
VeraCruz;7896331702057;Calotrat Hertz Solução 5ml;Disponível;17,90;14,62;-18.3%;15,39;-14.0%;Pele e Mucosa;10557;https://www.drogariaveracruz.com.br/calotrat-hertz-solucao-5ml/p
VeraCruz;7894916500289;Neutrofer 250mg/5ml 20 flaconetes com 5ml cada;Disponível;0;0;0;0;0;Sistema Imunológico;16770;https://www.drogariaveracruz.com.br/neutrofer-250mg5ml-20-flaconetes-com-5ml-cada/p
VeraCruz;7896006298601;Carverol 250mg 20 comprimidos;Disponível;34,50;32,78;-5.0%;34,50;-0.0%;Digestão > Antigases;17741;https://www.drogariaveracruz.com.br/carverol-250mg-20-comprimidos/p
VeraCruz;7896094905825;Benegrip Multi Xarope Sabor Frutas Vermelhas 240ml;Disponível;44,99;39,75;-11.6%;41,84;-7.0%;Sistema Respiratório > Antigripais;17668;https://www.drogariaveracruz.com.br/xarope-benegrip-multi-sabor-frutas-vermelhas-240ml/p
VeraCruz;7896108002342;Óleo de Prímula 500mg Bionatus 45 Cápsulas;Disponível;0;0;0;0;0;Saúde Feminina > Reposição Hormonal;12345;https://www.drogariaveracruz.com.br/oleo-de-primula-500mg-bionatus-45-capsulas/p
VeraCruz;7896658003226;DECADRONAL - 8mg/mL, 1 frasco-ampola com 2mL de suspensão de uso injetável;Disponível;0;0;0;0;0;Dor e Febre > Anti-Inflamatórios;16567;https://www.drogariaveracruz.com.br/decadronal-8mgml-1-frasco-ampola-com-2ml-de-suspensao-de-uso-injetavel/p
VeraCruz;7894916517959;ARPEJO 10MG C/10 CPR;Disponível;0;0;0;0;0;Psicotrópicos;24651;https://www.drogariaveracruz.com.br/arpejo-10mg-c10-cpr/p
VeraCruz;7898639694911;Medidor Pico De Fluxo Expiratório G-TECH;Disponível;44,90;42,66;-5.0%;44,90;-0.0%;Sistema Respiratório;24063;https://www.drogariaveracruz.com.br/medidor-pico-de-fluxo-expiratorio-g-tech/p
VeraCruz;7896083400171;Espinheira Santa 380mg Herbarium 45 Cápsulas Duras;Disponível;45,90;41,43;-9.7%;43,61;-5.0%;Digestão > Azia e Má Digestão;15263;https://www.drogariaveracruz.com.br/espinheira-santa-380mg-herbarium-45-capsulas-duras/p
VeraCruz;7896658004124;Novocilin 400mg/5ml Caixa Contendo 1 Frasco Com Pó Para Suspensão de Uso Oral + 1 Seringa Dosadora (Capacidade Do Frasco 100ml);Disponível;50,36;38,75;-23.1%;40,79;-19.0%;Antibióticos;23851;https://www.drogariaveracruz.com.br/novocilin-400mg5ml-caixa-contendo-1-frasco-com-po-para-suspensao-de-uso-oral-1-seringa-dosadora-capacidade-do-frasco-100ml/p
VeraCruz;7896658004261;Biofenac 50mg 10 comprimidos revestidos de liberação retardada;Disponível;0;0;0;0;0;Dor e Febre > Anti-Inflamatórios;17715;https://www.drogariaveracruz.com.br/biofenac-50mg-10-comprimidos-revestidos-de-liberacao-retardada/p
VeraCruz;7896422504621;Zinpass EZE 10mg + 10mg 30 comprimidos revestidos;Disponível;91,10;72,69;-20.2%;76,52;-16.0%;Colesterol e Triglicerídeos;21077;https://www.drogariaveracruz.com.br/zimpass-eze-10mg-10mg-30-comprimidos-revestidos/p
VeraCruz;7897473207660;Salmeterol 25mcg + Fluticasona 250mcg 120 Doses Glenmark;Disponível;190,97;154,20;-19.3%;54,11;-71.7%;Sistema Respiratório > Asma;25150;https://www.drogariaveracruz.com.br/salmeterol-25mcg-fluticasona-250mcg-120-doses-glenmark/p
VeraCruz;7896658005138;NISULID - 50mg/mL, caixa contendo 1 frasco gotejador com 15mL de solução oral;Disponível;0;0;0;0;0;Dor e Febre > Anti-Inflamatórios;16791;https://www.drogariaveracruz.com.br/nisulid-50mgml-caixa-contendo-1-frasco-gotejador-com-15ml-de-solucao-oral/p
VeraCruz;7896094210424;Ceci 2mg + 1mg 28 comprimidos revestidos;Disponível;103,71;77,83;-25.0%;81,93;-21.0%;Saúde Feminina > Anticoncepcionais;19744;https://www.drogariaveracruz.com.br/ceci-2mg-1mg-28-comprimidos-revestidos/p
VeraCruz;7896637033596;Arpadol 400mg, 60 Comprimidos;Disponível;226,48;215,16;-5.0%;75,49;-66.7%;Para os Ossos > Artrite e Artrose;13623;https://www.drogariaveracruz.com.br/arpadol-400mg-60-comprimidos/p
VeraCruz;7896548115251;Solução Oftálmica Patanol 1,11mg/ml 5ml;Disponível;82,63;65,94;-20.2%;69,41;-16.0%;Olhos > Lubrificantes e Colírios;15928;https://www.drogariaveracruz.com.br/solucao-oftalmica-patanol-111mgml-5ml/p
VeraCruz;7896094203259;Naprix D 5mg + 25mg 30 cápsulas duras;Disponível;77,47;54,46;-29.7%;57,33;-26.0%;Pressão Alta > Anti-Hipertensivo;16718;https://www.drogariaveracruz.com.br/naprix-d-5mg-25mg-30-capsulas-duras/p
VeraCruz;3662042008443;Thealoz Duo Solução Oftálmica 10ml;Disponível;96,60;74,34;-23.0%;78,25;-19.0%;Olhos > Lubrificantes e Colírios;22320;https://www.drogariaveracruz.com.br/thealoz-duo-solucao-oftalmica-10ml/p
VeraCruz;7891035001109;Nuromol 200mg + 500mg 12 comprimidos revestidos;Disponível;32,99;28,21;-14.5%;29,69;-10.0%;Dor e Febre > Analgésico;19496;https://www.drogariaveracruz.com.br/nuromol-200mg-500mg-12-comprimidos-revestidos/p
VeraCruz;-;Resfegripe Sinus Paracetamol 500mg + 30mg Com 24 Comprimidos Multilab;Disponível;19,36;18,39;-5.0%;19,36;-0.0%;Sistema Respiratório > Antigripais;;https://www.drogariaveracruz.com.br/resfegripe-sinus-paracetamol-500mg-30mg-com-24-comprimidos-multilab/p
VeraCruz;7891317007256;Angino Rub Sabor Mel e Limão Com 16 Pastilhas;Disponível;21,44;12,63;-41.1%;13,29;-38.0%;Dor e Febre > Dor de Garganta;13013;https://www.drogariaveracruz.com.br/pastilhas-angino-rub-sabor-mel-e-limao-16un/p
VeraCruz;7896714234212;Tensaliv 5mg 30 comprimidos;Disponível;0;0;0;0;0;Pressão Alta > Anti-Hipertensivo;14081;https://www.drogariaveracruz.com.br/tensaliv-5mg-30-comprimidos/p
VeraCruz;7896658009631;VIDMAX 25MG C/60 CPR;Disponível;0;0;0;0;0;Psicotrópicos;24786;https://www.drogariaveracruz.com.br/vidmax-25mg-c60-cpr/p
VeraCruz;7896026304306;Micardis HCT 40mg + 12,5mg 30 comprimidos;Disponível;233,15;221,49;-5.0%;77,72;-66.7%;Pressão Alta > Anti-Hipertensivo;11824;https://www.drogariaveracruz.com.br/micardis-hct-40mg-125mg-30-comprimidos/p
VeraCruz;7891058021689;Guttalax Laxante 7,5mg/ml 30ml;Disponível;47,22;44,86;-5.0%;47,22;-0.0%;Digestão > Antigases;15778;https://www.drogariaveracruz.com.br/laxante-guttalax-75mgml-30ml/p
VeraCruz;7893093015678;Sinudoron Weleda 50ml;Disponível;0;0;0;0;0;Sistema Respiratório > Descongestionantes;22407;https://www.drogariaveracruz.com.br/sinudoron-weleda-50ml/p
VeraCruz;7896331702835;Xarope Glyteol 200mg/15ml Sabor Morango 100ml;Disponível;28,68;19,34;-32.6%;20,36;-29.0%;Sistema Respiratório > Expectorante;21416;https://www.drogariaveracruz.com.br/xarope-glyteol-200mg15ml-sabor-morango-100ml/p
VeraCruz;7896226101842;Endofolin 2mg 30 comprimidos revestidos;Disponível;0;0;0;0;0;Sistema Imunológico;13313;https://www.drogariaveracruz.com.br/endofolin-2mg-30-comprimidos-revestidos/p
VeraCruz;7896094201361;CEBRILIN 10 MG C/30 CPR;Disponível;0;0;0;0;0;Psicotrópicos;24772;https://www.drogariaveracruz.com.br/cebrilin-10-mg-c30-cpr/p
VeraCruz;7898587901529;Cedur Retard 400mg 30 comprimidos revestidos de liberação prolongada;Disponível;0;0;0;0;0;Colesterol e Triglicerídeos;17774;https://www.drogariaveracruz.com.br/cedur-retard-400mg-30-comprimidos-revestidos-de-liberacao-prolongada/p
VeraCruz;7896112424444;Cronobê 5.000mcg 2 ampolas com 2,5ml cada;Disponível;44,45;37,58;-15.5%;39,56;-11.0%;Vitaminas;10354;https://www.drogariaveracruz.com.br/cronobe-5000mcg-2-ampolas-com-25ml-cada/p
VeraCruz;7896112400585;Mind 10mg Biolab Sanus 30 Comprimidos Revestidos;Disponível;0;0;0;0;0;Psicotrópicos;24405;https://www.drogariaveracruz.com.br/mind-10mg-biolab-sanus-30-comprimidos-revestidos/p
VeraCruz;7899095203686;ONCICREM-A - 1,0mg/g, 1 bisnaga com 10g de pomada de uso bucal;Disponível;0;0;0;0;0;Pele e Mucosa;15511;https://www.drogariaveracruz.com.br/oncicrem-a-10mgg-1-bisnaga-com-10g-de-pomada-de-uso-bucal/p
VeraCruz;7500435157599;Vaporizante Descongestionante Vick VapoRub Unguento 100g;Disponível;126,54;103,38;-18.3%;54,41;-57.0%;Sistema Respiratório > Descongestionantes;19322;https://www.drogariaveracruz.com.br/vaporizante-descongestionante-vick-vaporub-unguento-100g/p
VeraCruz;7896023700637;Camomila Composta Catarinense Solução Oral 150ml;Disponível;39,90;28,80;-27.8%;30,32;-24.0%;Digestão > Azia e Má Digestão;10562;https://www.drogariaveracruz.com.br/camomila-composta-catarinense-solucao-oral-150ml/p
VeraCruz;7891721002045;Biconcor 5 5mg + 6,25mg 30 comprimidos revestidos;Disponível;0;0;0;0;0;Pressão Alta > Anti-Hipertensivo;17708;https://www.drogariaveracruz.com.br/biconcor-5-5mg-625mg-30-comprimidos-revestidos/p
VeraCruz;7897322709994;Addera D3 10.000UI 10 cápsulas moles;Disponível;120,61;96,24;-20.2%;50,66;-58.0%;Vitaminas;13092;https://www.drogariaveracruz.com.br/vitamina-d3-addera-d3-10000ui-10-capsulas-moles/p
VeraCruz;7897316804780;Combigan Solução Oftálmica 0,2% + 0,5% 10ml;Disponível;249,36;189,52;-24.0%;66,50;-73.3%;Olhos > Lubrificantes e Colírios;15340;https://www.drogariaveracruz.com.br/solucao-oftalmica-combigan-02-05-10ml/p
VeraCruz;7891317000936;AltaD 50.000UI 4 comprimidos revestidos;Disponível;0;0;0;0;0;Vitaminas;17023;https://www.drogariaveracruz.com.br/altad-50000ui-4-comprimidos-revestidos/p
VeraCruz;7898950073426;Suplemento Alimentar TAK 360 Le Fibre 30 Envelopes com 10,5g cada;Disponível;0;0;0;0;0;Digestão > Laxantes e Reguladores Intestinais;18967;https://www.drogariaveracruz.com.br/suplemento-alimentar-tak-360-le-fibre-30-envelopes-com-105g-cada/p
VeraCruz;7897473205741;Adacne Clin 1mg/g + 10mg/g 45g de gel de uso dermatológico;Disponível;80,85;68,36;-15.4%;71,96;-11.0%;Antibióticos;23377;https://www.drogariaveracruz.com.br/adacne-clin-1mgg-10mgg-1-bisnaga-com-45g-de-gel-de-uso-dermatologico/p
VeraCruz;7891058464073;Novalgina 50mg/ml Sabor Framboesa 100ml + seringa dosadora;Disponível;49,03;41,92;-14.5%;44,13;-10.0%;Dor e Febre > Analgésico;11997;https://www.drogariaveracruz.com.br/analgesico-novalgina-50mgml-sabor-framboesa-100ml-seringa-dosadora/p
VeraCruz;7897322709529;Addera D3 50.000UI 4 comprimidos revestidos;Disponível;141,85;113,19;-20.2%;59,58;-58.0%;Vitaminas;17351;https://www.drogariaveracruz.com.br/vitamina-d3-addera-d3-50000ui-4-comprimidos-revestidos/p
VeraCruz;7896016808302;Luftal Gotas 75mg/ml Sabor Cereja 30ml;Disponível;59,99;50,72;-15.5%;53,39;-11.0%;Digestão > Antigases;15892;https://www.drogariaveracruz.com.br/antigases-luftal-gotas-75mgml-sabor-cereja-30ml/p
VeraCruz;7896637026307;Lactosil 10.000 FCC contém 30 Sachês 2g cada;Disponível;94,90;78,43;-17.4%;82,56;-13.0%;Digestão > Laxantes e Reguladores Intestinais;11810;https://www.drogariaveracruz.com.br/lactosil-10000-fcc-contem-30-saches-2g-cada/p
VeraCruz;7894916503914;Ceclor Bd 750mg 14 comprimidos revestidos;Disponível;0;0;0;0;0;Antibióticos;23825;https://www.drogariaveracruz.com.br/ceclor-bd-750mg-14-comprimidos-revestidos/p
VeraCruz;7896023743009;Ginkgo Biloba Catarinense 80mg 30 comprimidos;Disponível;26,90;22,23;-17.4%;23,40;-13.0%;Sistema Nervoso > Medicamentos Antivertiginosos: Ginkgo, Tanakan, Equitam;16233;https://www.drogariaveracruz.com.br/ginkgo-biloba-catarinense-80mg-30-comprimidos/p
VeraCruz;7896112470526;Press Plus 2,5mg + 10mg 30 cápsulas;Disponível;78,95;75,00;-5.0%;78,95;-0.0%;Pressão Alta > Anti-Hipertensivo;10240;https://www.drogariaveracruz.com.br/press-plus-25mg-10mg-30-capsulas/p
VeraCruz;7896016809026;Luftafem 200mg + 500mg 4 comprimidos revestidos;Disponível;9,40;8,93;-5.0%;9,40;-0.0%;Dor e Febre > Analgésico;23220;https://www.drogariaveracruz.com.br/luftafem-200mg-500mg-4-comprimidos-revestidos/p
VeraCruz;7896026302784;Berotec 100mcg/ml 200 doses 10ml;Disponível;35,13;29,71;-15.4%;31,27;-11.0%;Sistema Respiratório > Asma;10929;https://www.drogariaveracruz.com.br/berotec-100mcgml-200-doses-10ml/p
VeraCruz;7896094921429;Buscopan 10mg 20 drágeas;Disponível;28,49;23,55;-17.3%;24,79;-13.0%;Saúde Feminina > Cólica;17471;https://www.drogariaveracruz.com.br/buscopan-10mg-20-drageas/p
VeraCruz;7896714295305;Lavagem Nasal Neosoro Fluid Alto Volume 30 sachês + frasco aplicador;Disponível;59,90;48,37;-19.2%;50,92;-15.0%;Sistema Respiratório > Descongestionantes;23143;https://www.drogariaveracruz.com.br/lavagem-nasal-neosoro-fluid-alto-volume-30-saches-frasco-aplicador/p
VeraCruz;7898947017143;Óleo Cicatrizante Dermaex 200ml;Disponível;0;0;0;0;0;Pele e Mucosa;25613;https://www.drogariaveracruz.com.br/oleo-cicatrizante-dermaex-200ml/p
VeraCruz;7896094211469;Sumax 100mg 6 comprimidos revestidos;Disponível;119,36;98,65;-17.4%;51,92;-56.5%;Dor e Febre > Enxaqueca;21781;https://www.drogariaveracruz.com.br/sumax-100mg-6-comprimidos-revestidos/p
VeraCruz;7896641802232;PANTOZOL - 40mg, 28 comprimidos revestidos de liberação retardada;Disponível;0;0;0;0;0;Digestão > Úlcera e Gastrite;12799;https://www.drogariaveracruz.com.br/pantozol-40mg-28-comprimidos-revestidos-de-liberacao-retardada/p
VeraCruz;7500435188050;Vick Pyrena Grip-7 10 Cápsulas;Disponível;0;0;0;0;0;Sistema Respiratório > Antigripais;14812;https://www.drogariaveracruz.com.br/vick-pyrena-grip-7-10-capsulas/p
VeraCruz;7896112423294;Tantin 0,060mg + 0,015mg 84 comprimidos revestidos;Disponível;90,64;70,60;-22.1%;74,32;-18.0%;Saúde Feminina > Anticoncepcionais;16472;https://www.drogariaveracruz.com.br/tantin-0060mg-0015mg-84-comprimidos-revestidos/p
VeraCruz;7896714291901;Picbam 2,5mg 20 comprimidos revestidos;Disponível;0;0;0;0;0;Sistema Circulatório > Cardiovasculares;20613;https://www.drogariaveracruz.com.br/picbam-25mg-20-comprimidos-revestidos/p
VeraCruz;7896241277935;Pressat 5mg 30 comprimidos;Disponível;0;0;0;0;0;Pressão Alta > Anti-Hipertensivo;10677;https://www.drogariaveracruz.com.br/pressat-5mg-30-comprimidos/p
VeraCruz;7896004720784;Creme Dermatológico Maleato de Dexclorfeniramina 10mg/g EMS 30g;Disponível;16,69;12,53;-24.9%;13,19;-21.0%;Alergias;16248;https://www.drogariaveracruz.com.br/creme-dermatologico-maleato-de-dexclorfeniramina-10mgg-ems-30g/p
VeraCruz;7891317014308;Bart H 150mg + 12,5mg 30 comprimidos;Disponível;151,79;106,70;-29.7%;56,16;-63.0%;Pressão Alta > Anti-Hipertensivo;13269;https://www.drogariaveracruz.com.br/bart-h-150mg-125mg-30-comprimidos/p
VeraCruz;7891317430436;Benzetacil 1.200.000UI Suspensão Injetável com 10 Ampolas de 4ml;Disponível;212,00;201,40;-5.0%;70,67;-66.7%;Antibióticos;27292;https://www.drogariaveracruz.com.br/benzetacil-1200000ui-suspensao-injetavel-com-10-ampolas-de-4ml/p
VeraCruz;7896714270029;Neopiridin Spray Sabor Menta 50ml;Disponível;0;0;0;0;0;Dor e Febre > Dor de Garganta;11914;https://www.drogariaveracruz.com.br/neopiridin-spray-sabor-menta-50ml/p
VeraCruz;7891317035150;Snif Air Infantil Refil Solução Nasal 0,9% Com 15 Envelopes;Disponível;43,90;41,71;-5.0%;43,90;-0.0%;Sistema Respiratório > Descongestionantes;26161;https://www.drogariaveracruz.com.br/snif-air-infantil-refil-solucao-nasal-09-com-15-envelopes/p
VeraCruz;7896714274577;Mirador 1g 10 comprimidos;Disponível;25,89;17,96;-30.6%;18,90;-27.0%;Dor e Febre > Analgésico;19814;https://www.drogariaveracruz.com.br/mirador-1g-10-comprimidos/p
VeraCruz;7898040321512;Annita 500mg, 6 comprimidos revestidos;Disponível;80,34;65,64;-18.3%;69,09;-14.0%;Vermes e Parasitas;18041;https://www.drogariaveracruz.com.br/annita-500mg-6-comprimidos-revestidos/p
VeraCruz;7894916514064;Suplemento Vitamínico Koli D3 Vit 7.000 UI 10 comprimidos revestidos;Disponível;0;0;0;0;0;Vitaminas;24048;https://www.drogariaveracruz.com.br/suplemento-vitaminico-koli-d3-vit-7000-ui-10-comprimidos-revestidos/p
VeraCruz;7896676406276;DIMORF LC 60MG C/60CPS;Disponível;0;0;0;0;0;Psicotrópicos;24689;https://www.drogariaveracruz.com.br/dimorf-lc-60mg-c60cps/p
VeraCruz;7896070600669;Gardenal - 100Mg, 20 Comprimidos;Disponível;13,67;10,65;-22.1%;11,21;-18.0%;Psicotrópicos;24221;https://www.drogariaveracruz.com.br/gardenal-100mg-20-comprimidos/p
VeraCruz;5702191025545;Icaden Isoconazol 10mg/ml Solução Tópica 30ml;Disponível;0;0;0;0;0;Pele e Mucosa;24032;https://www.drogariaveracruz.com.br/icaden-10mgml-1-frasco-spray-com-30ml-de-solucao-de-uso-dermatologico/p
VeraCruz;7891317000134;PACO - 500mg + 30mg, 36 comprimidos;Disponível;80,55;61,22;-24.0%;64,44;-20.0%;Psicotrópicos;24234;https://www.drogariaveracruz.com.br/paco-500mg-30mg-36-comprimidos/p
VeraCruz;7896241256077;DRENIFÓRMIO - 0,125mg/g + 30mg/g, 1 bisnaga com 30g de creme de uso dermatológico;Disponível;0;0;0;0;0;Dor e Febre > Anti-Inflamatórios;16091;https://www.drogariaveracruz.com.br/dreniformio-0125mgg-30mgg-1-bisnaga-com-30g-de-creme-de-uso-dermatologico/p
VeraCruz;7896641813061;Mesacol 500mg 15 supositórios;Disponível;164,75;128,35;-22.1%;67,55;-59.0%;Dor e Febre > Anti-Inflamatórios;18402;https://www.drogariaveracruz.com.br/mesacol-500mg-15-supositorios/p
VeraCruz;7896382700583;Humulin N NPH 100UI/ml 1 ampola com 10ml;Disponível;87,81;67,57;-23.0%;71,13;-19.0%;Diabetes;15392;https://www.drogariaveracruz.com.br/humulin-n-nph-100uiml-1-ampola-com-10ml/p
VeraCruz;7896015591977;Leite de Magnésia Eno Hortelã 120ml;Disponível;18,90;15,80;-16.4%;16,63;-12.0%;Digestão > Azia e Má Digestão;18939;https://www.drogariaveracruz.com.br/leite-de-magnesia-eno-hortela-120ml/p
VeraCruz;7896269900365;Betnovate 1mg/g Pomada 15g;Disponível;0;0;0;0;0;Dor e Febre > Anti-Inflamatórios;10949;https://www.drogariaveracruz.com.br/betnovate-1mgg-pomada-15g/p
VeraCruz;7897322701486;Magnopyrol 500mg/ml Gotas 10ml;Disponível;0;0;0;0;0;Dor e Febre > Analgésico;16240;https://www.drogariaveracruz.com.br/magnopyrol-500mgml-gotas-10ml/p
VeraCruz;7896422501972;Prazol 15mg 28 cápsulas de liberação retardada;Disponível;0;0;0;0;0;Digestão > Úlcera e Gastrite;10645;https://www.drogariaveracruz.com.br/prazol-15mg-28-capsulas-de-liberacao-retardada/p
VeraCruz;7896094928732;Lisador Cólica 20 comprimidos revestidos;Disponível;27,97;24,98;-10.7%;26,29;-6.0%;Saúde Feminina > Cólica;20621;https://www.drogariaveracruz.com.br/lisador-colica-20-comprimidos-revestidos/p
VeraCruz;7891106915076;Aspirina Prevent 100mg 100 Comprimidos;Disponível;73,50;69,83;-5.0%;73,50;-0.0%;Dor e Febre > Analgésico;25698;https://www.drogariaveracruz.com.br/aspirina-prevent-100mg-100-comprimidos/p
VeraCruz;7896641806360;Siilif 50mg 30 comprimidos revestidos;Disponível;0;0;0;0;0;Saúde Feminina > Cólica;12482;https://www.drogariaveracruz.com.br/siilif-50mg-30-comprimidos-revestidos/p
VeraCruz;7896637023443;Lonium 40mg 30 comprimidos revestidos;Disponível;82,74;68,38;-17.4%;71,98;-13.0%;Saúde Feminina > Cólica;15864;https://www.drogariaveracruz.com.br/lonium-40mg-30-comprimidos-revestidos/p
VeraCruz;7899850900584;Probiótico Culturelle Junior 10 comprimidos mastigáveis com 0,623g;Disponível;0;0;0;0;0;Digestão > Laxantes e Reguladores Intestinais;14502;https://www.drogariaveracruz.com.br/probiotico-culturelle-junior-10-comprimidos-mastigaveis-com-0623g/p
VeraCruz;7896026304276;Micardis 80mg 30 comprimidos;Disponível;270,13;256,62;-5.0%;90,04;-66.7%;Pressão Alta > Anti-Hipertensivo;11847;https://www.drogariaveracruz.com.br/micardis-80mg-30-comprimidos/p
VeraCruz;7899824400737;Folifer 30 comprimidos revestidos;Disponível;84,50;80,28;-5.0%;84,50;-0.0%;Sistema Imunológico;11458;https://www.drogariaveracruz.com.br/folifer-5mg-150mg-30-comprimidos-revestidos/p
VeraCruz;7896026300544;Xarope Mucosolvan 15mg/5ml Pediátrico 120ml;Disponível;0;0;0;0;0;Sistema Respiratório > Tosse;11879;https://www.drogariaveracruz.com.br/xarope-mucosolvan-15mg5ml-pediatrico-120ml/p
VeraCruz;7891142115126;Alivium 600mg 10 cápsulas líquidas;Disponível;49,84;39,78;-20.2%;41,87;-16.0%;Dor e Febre > Analgésico;17650;https://www.drogariaveracruz.com.br/alivium-600mg-10-capsulas-liquidas/p
VeraCruz;7898029557123;Procoralan 5mg 56 comprimidos revestidos;Disponível;192,90;155,77;-19.2%;54,66;-71.7%;Sistema Circulatório > Circulação;10688;https://www.drogariaveracruz.com.br/procoralan-5mg-56-comprimidos-revestidos/p
VeraCruz;7896658008849;Levoid 112mcg 30 comprimidos;Disponível;34,41;26,81;-22.1%;28,22;-18.0%;Hormônios;17874;https://www.drogariaveracruz.com.br/levoid-112mcg-30-comprimidos/p
VeraCruz;7896226101873;Endofolin 5mg 30 comprimidos revestidos;Disponível;47,26;38,61;-18.3%;40,64;-14.0%;Sistema Imunológico;10593;https://www.drogariaveracruz.com.br/endofolin-5mg-30-comprimidos-revestidos/p
VeraCruz;7896112400691;Nebilet 5mg 60 comprimidos;Disponível;248,17;235,76;-5.0%;82,72;-66.7%;Pressão Alta > Anti-Hipertensivo;15673;https://www.drogariaveracruz.com.br/nebilet-5mg-60-comprimidos/p
VeraCruz;7896212422777;Motilium 1mg/ml Suspensão Oral 200ml;Disponível;0;0;0;0;0;Digestão > Náuseas;11867;https://www.drogariaveracruz.com.br/motilium-1mgml-suspensao-oral-200ml/p
VeraCruz;7896255765619;Iruxol Mono 1,2U Pomada 15g;Disponível;75,82;62,66;-17.4%;65,96;-13.0%;Pele e Mucosa;15402;https://www.drogariaveracruz.com.br/iruxol-mono-12u-pomada-15g/p
VeraCruz;5000456073240;Edistride 10mg 30 comprimidos;Disponível;236,94;225,09;-5.0%;78,98;-66.7%;Diabetes;20735;https://www.drogariaveracruz.com.br/edistride-10mg-30-comprimidos/p
VeraCruz;7891317025878;EZONIA 3MG C/20 CPR REV B1C1;Disponível;0;0;0;0;0;Psicotrópicos;24613;https://www.drogariaveracruz.com.br/ezonia-3mg-c20-cpr-rev-b1c1/p
VeraCruz;7896015523398;Combodart 0,5mg + 0,4mg 30 cápsulas gelatinosas duras de liberação prolongada;Disponível;160,25;152,24;-5.0%;53,42;-66.7%;Saúde Masculina > Próstata;11692;https://www.drogariaveracruz.com.br/combodart-05mg-04mg-30-capsulas-gelatinosas-duras-de-liberacao-prolongada/p
VeraCruz;7896093002488;Pastilhas Vick Drops Sabor Artificial de Cereja 10g;Disponível;0;0;0;0;0;Dor e Febre > Dor de Garganta;17983;https://www.drogariaveracruz.com.br/pastilhas-vick-drops-sabor-artificial-de-cereja-10g/p
VeraCruz;7896094917002;Fluidificante e Descongestionante Nasal Rinosoro XT Gotas 0,9% 30ml;Disponível;28,49;25,18;-11.6%;26,50;-7.0%;Sistema Respiratório > Descongestionantes;15686;https://www.drogariaveracruz.com.br/fluidificante-e-descongestionante-nasal-rinosoro-xt-gotas-09-30ml/p
VeraCruz;7898040323288;Daraprim 25mg 30 comprimidos;Disponível;4,13;3,41;-17.4%;3,59;-13.1%;Vermes e Parasitas;12592;https://www.drogariaveracruz.com.br/daraprim-25mg-30-comprimidos/p
VeraCruz;7896658006760;Flogoral 1,5mg/ml Sabor Menta 150ml;Disponível;0;0;0;0;0;Dor e Febre > Dor de Garganta;11439;https://www.drogariaveracruz.com.br/flogoral-15mgml-sabor-menta-150ml/p
VeraCruz;7896023701436;Elixir Paregórico 30ml;Disponível;28,01;16,50;-41.1%;17,37;-38.0%;Saúde Feminina > Cólica;10581;https://www.drogariaveracruz.com.br/elixir-paregorico-30ml/p
VeraCruz;7896094210844;LAKOS 100MG C/60 CPR C1;Disponível;0;0;0;0;0;Psicotrópicos;24638;https://www.drogariaveracruz.com.br/lakos-100mg-c60-cpr-c1/p
VeraCruz;7894916208833;Tropinal 15ml;Disponível;0;0;0;0;0;Saúde Feminina > Cólica;17549;https://www.drogariaveracruz.com.br/tropinal-15ml/p
VeraCruz;7891317197483;DON 5MG C/30 CPS;Disponível;0;0;0;0;0;Psicotrópicos;24600;https://www.drogariaveracruz.com.br/don-5mg-c30-cps/p
VeraCruz;7896094910553;Doril 6 comprimidos;Disponível;13,59;11,11;-18.2%;11,69;-14.0%;Dor e Febre > Analgésico;12130;https://www.drogariaveracruz.com.br/doril-6-comprimidos/p
VeraCruz;7896422513098;Clomid 50mg 10 comprimidos;Disponível;0;0;0;0;0;Hormônios;11310;https://www.drogariaveracruz.com.br/clomid-50mg-10-comprimidos/p
VeraCruz;7896094200234;ANSITEC - 10mg, 20 comprimidos;Disponível;0;0;0;0;0;Psicotrópicos;24215;https://www.drogariaveracruz.com.br/ansitec-10mg-20-comprimidos/p
VeraCruz;7896094208339;COGLIVE 8MG C/30 CPS;Disponível;150,96;110,43;-26.8%;58,12;-61.5%;Psicotrópicos;24830;https://www.drogariaveracruz.com.br/coglive-8mg-c30-cps/p
VeraCruz;7896090611867;Sonridor Dor e Febre 750mg Com 20 Comprimidos;Disponível;15,90;15,11;-5.0%;15,90;-0.0%;Dor e Febre > Analgésico;26447;https://www.drogariaveracruz.com.br/sonridor-dor-e-febre-750mg-20-comprimidos/p
VeraCruz;7894916517829;ARPEJO 15MG C/30 CPR;Disponível;0;0;0;0;0;Psicotrópicos;24650;https://www.drogariaveracruz.com.br/arpejo-15mg-c30-cpr/p
VeraCruz;7891058431037;Lasix 40mg 20 comprimidos;Disponível;26,28;19,97;-24.0%;21,02;-20.0%;Pressão Alta > Diuréticos;11037;https://www.drogariaveracruz.com.br/lasix-40mg-20-comprimidos/p
VeraCruz;7891721025228;Concor 10mg 30 comprimidos revestidos;Disponível;123,13;87,73;-28.8%;92,35;-25.0%;Pressão Alta > Anti-Hipertensivo;11708;https://www.drogariaveracruz.com.br/concor-10mg-30-comprimidos-revestidos/p
VeraCruz;7899640810383;Assert 25mg 10 comprimidos;Disponível;24,57;23,34;-5.0%;24,57;-0.0%;Psicotrópicos;24655;https://www.drogariaveracruz.com.br/assert-25mg-c10-cpr/p
VeraCruz;7898953165227;Lisodren 500mg 100 comprimidos;Disponível;0;0;0;0;0;Oncológicos e Alto Custo;20584;https://www.drogariaveracruz.com.br/lisodren-500mg-100-comprimidos/p
VeraCruz;7897572020306;Januvia 50mg 28 comprimidos revestidos;Disponível;174,44;127,60;-26.9%;67,16;-61.5%;Diabetes;11755;https://www.drogariaveracruz.com.br/januvia-50mg-28-comprimidos-revestidos/p
VeraCruz;7898430191978;Peg-Lax 8,5g Pó para Solução Sem Sabor 14 envelopes;Disponível;0;0;0;0;0;Digestão > Laxantes e Reguladores Intestinais;14298;https://www.drogariaveracruz.com.br/peg-lax-85g-po-para-solucao-sem-sabor-14-envelopes/p
VeraCruz;7897947612808;Lactolínea 667mg/ml Sabor Ameixa 120ml;Disponível;23,99;16,63;-30.7%;17,51;-27.0%;Digestão > Laxantes e Reguladores Intestinais;13151;https://www.drogariaveracruz.com.br/lactolinea-667mgml-sabor-ameixa-120ml/p
VeraCruz;7896094922136;Nesina 12,5mg 30 comprimidos revestidos;Disponível;163,66;155,48;-5.0%;54,55;-66.7%;Diabetes;16743;https://www.drogariaveracruz.com.br/nesina-125mg-30-comprimidos-revestidos/p
VeraCruz;7896016807206;Naldecon Pack 2 comprimidos Noite e 4 comprimidos Dia;Disponível;19,90;16,25;-18.3%;17,11;-14.0%;Sistema Respiratório > Antigripais;16731;https://www.drogariaveracruz.com.br/naldecon-pack-2-comprimidos-noite-e-4-comprimidos-dia/p
VeraCruz;7891317037321;Snif Air Infantil 0,9% Solução Nasal Com 15 Envelopes + Lavador nasal 120ml;Disponível;56,50;53,68;-5.0%;56,50;-0.0%;Sistema Respiratório > Descongestionantes;26155;https://www.drogariaveracruz.com.br/snif-air-infantil-09-solucao-nasal-com-15-envelopes-frasco-120ml/p
VeraCruz;7891058263096;Esperson 2,5mg/g Pomada Dermatológica 20g;Disponível;0;0;0;0;0;Pele e Mucosa;15261;https://www.drogariaveracruz.com.br/esperson-25mgg-pomada-dermatologica-20g/p
VeraCruz;7896094201354;Minian 150mcg + 20mcg 21 comprimidos;Disponível;46,60;34,53;-25.9%;36,35;-22.0%;Saúde Feminina > Anticoncepcionais;11887;https://www.drogariaveracruz.com.br/minian-150mcg-20mcg-21-comprimidos/p
VeraCruz;7891106908184;Xarelto 2,5mg 30 comprimidos revestidos;Disponível;0;0;0;0;0;Sistema Circulatório > Circulação;18870;https://www.drogariaveracruz.com.br/xarelto-25mg-30-comprimidos-revestidos/p
VeraCruz;7896230301283;Óleo Mineral ADV Farma 100% Puro 100ml;Disponível;14,90;12,04;-19.2%;12,67;-15.0%;Digestão > Laxantes e Reguladores Intestinais;12354;https://www.drogariaveracruz.com.br/oleo-mineral-adv-farma-100-puro-100ml/p
VeraCruz;7896637025485;Dobeven 500mg 60 cápsulas gelatinosas duras;Disponível;186,92;158,04;-15.5%;55,45;-70.3%;Sistema Circulatório > Circulação;15630;https://www.drogariaveracruz.com.br/dobeven-500mg-60-capsulas-gelatinosas-duras/p
VeraCruz;7898040325183;Fledoid 300 Gel 40g;Disponível;32,65;31,02;-5.0%;32,65;-0.0%;Dor e Febre > Anti-Inflamatórios;15771;https://www.drogariaveracruz.com.br/fledoid-300-gel-40g/p
VeraCruz;7891268144109;Feldene 5mg/g Gel 30g;Disponível;0;0;0;0;0;Dor e Febre > Anti-Inflamatórios;15293;https://www.drogariaveracruz.com.br/feldene-5mgg-gel-30g/p
VeraCruz;7898908753257;Traumeel S 10 Ampolas de 2,2ml cada;Disponível;0;0;0;0;0;Dor e Febre > Contusão e Relaxante Muscular;14049;https://www.drogariaveracruz.com.br/traumeel-s-10-ampolas-de-22ml-cada/p
VeraCruz;7891142141279;Diprosone 0,5mg/g Creme Dermatológico 30g;Disponível;56,19;48,57;-13.6%;51,13;-9.0%;Pele e Mucosa;16074;https://www.drogariaveracruz.com.br/diprosone-05mgg-creme-dermatologico-30g/p
VeraCruz;7894916514927;ARPEJO 20MG/ML GTS 30ML;Disponível;489,26;362,54;-25.9%;127,21;-74.0%;Psicotrópicos;24249;https://www.drogariaveracruz.com.br/arpejo-20mgml-gts-30ml/p
VeraCruz;7891058028329;Apidra 100UI 1 carpule com 3ml;Disponível;0;0;0;0;0;Diabetes;12989;https://www.drogariaveracruz.com.br/apidra-100ui-1-carpule-com-3ml/p
VeraCruz;7897595901316;Puran T4 50mcg 30 comprimidos;Disponível;20,40;13,96;-31.6%;14,69;-28.0%;Hormônios;15984;https://www.drogariaveracruz.com.br/puran-t4-50mcg-30-comprimidos/p
VeraCruz;7896261010055;Solução Nasal Otrivina 15ml;Disponível;0;0;0;0;0;Sistema Respiratório > Descongestionantes;12413;https://www.drogariaveracruz.com.br/solucao-nasal-otrivina-15ml/p
VeraCruz;7896226500515;Prolopa 200/50mg 30 comprimidos;Disponível;131,36;104,82;-20.2%;55,17;-58.0%;Sistema Nervoso > Remédio para Parkinson | Aché, Roche, Cristália, e mais;10252;https://www.drogariaveracruz.com.br/prolopa-20050mg-30-comprimidos/p
VeraCruz;7897337705868;Renitec 20mg 30 comprimidos;Disponível;83,03;62,31;-25.0%;65,59;-21.0%;Pressão Alta > Anti-Hipertensivo;12909;https://www.drogariaveracruz.com.br/renitec-20mg-30-comprimidos/p
VeraCruz;7891142142290;Diprogenta 064mg/G + 1mg/G 1 Bisnaga Com 30G de Creme de Uso dermatológico;Disponível;51,73;44,72;-13.6%;47,07;-9.0%;Antibióticos;23833;https://www.drogariaveracruz.com.br/diprogenta-064mgg-1mgg-1-bisnaga-com-30g-de-creme-de-uso-dermatologico/p
VeraCruz;7896094912991;Estomazil Sabor Laranja 5g;Disponível;3,48;2,71;-22.1%;2,85;-18.1%;Digestão > Azia e Má Digestão;17059;https://www.drogariaveracruz.com.br/antiacido-po-efervescente-estomazil-sabor-laranja-5g/p
VeraCruz;7896261015623;Exforge HCT 320mg + 25mg + 10mg 28 comprimidos revestidos;Disponível;0;0;0;0;0;Pressão Alta > Anti-Hipertensivo;15269;https://www.drogariaveracruz.com.br/exforge-hct-320mg-25mg-10mg-28-comprimidos-revestidos/p
VeraCruz;7896016807251;Onglyza 5mg 28 comprimidos revestidos;Disponível;0;0;0;0;0;Diabetes;16362;https://www.drogariaveracruz.com.br/onglyza-5mg-28-comprimidos-revestidos/p
VeraCruz;7895858017385;Benestare 625mg 30 comprimidos revestidos;Disponível;71,93;62,87;-12.6%;66,18;-8.0%;Digestão > Laxantes e Reguladores Intestinais;17671;https://www.drogariaveracruz.com.br/benestare-625mg-30-comprimidos-revestidos/p
VeraCruz;300653144978;Opti-Free Express 355ml + 120ml + 1 Estojo para Lentes;Disponível;0;0;0;0;0;Olhos > Produtos para Lentes;13590;https://www.drogariaveracruz.com.br/kit-solucao-para-lentes-opti-free-express-355ml-120ml-1-estojo-para-lentes/p
VeraCruz;7896015510015;Clavulin Bd 875mg + 125mg 20 comprimidos revestidos;Disponível;179,43;170,46;-5.0%;59,81;-66.7%;Antibióticos;23832;https://www.drogariaveracruz.com.br/clavulin-bd-875mg-125mg-20-comprimidos-revestidos/p
VeraCruz;7898040329655;Floratil 200mg 6 cápsulas;Disponível;51,86;43,85;-15.4%;46,16;-11.0%;Digestão > Laxantes e Reguladores Intestinais;18237;https://www.drogariaveracruz.com.br/floratil-200mg-6-capsulas/p
VeraCruz;7892828001368;Hidrion 40mg + 100mg 20 comprimidos;Disponível;29,35;23,98;-18.3%;25,24;-14.0%;Pressão Alta > Anti-Hipertensivo;12700;https://www.drogariaveracruz.com.br/hidrion-40mg-100mg-20-comprimidos/p
VeraCruz;7898040320973;Abrilar 7mg/ml Xarope 100ml;Disponível;49,77;42,09;-15.4%;44,30;-11.0%;Sistema Respiratório > Expectorante;17274;https://www.drogariaveracruz.com.br/abrilar-7mgml-xarope-100ml/p
VeraCruz;7897076923912;Fenofibrato 160mg 30 Comprimidos Ranbaxy;Disponível;96,95;92,10;-5.0%;96,95;-0.0%;Colesterol e Triglicerídeos;26801;https://www.drogariaveracruz.com.br/fenofibrato-160mg-30-comprimidos-ranbaxy/p
VeraCruz;7891317466824;Fágico 4mg/ml Gotas 20ml;Disponível;0;0;0;0;0;Digestão > Náuseas;15283;https://www.drogariaveracruz.com.br/fagico-4mgml-gotas-20ml/p
VeraCruz;7896658001918;Decongex Plus Xarope 120ml;Disponível;28,22;22,50;-20.3%;23,68;-16.1%;Sistema Respiratório > Descongestionantes;16571;https://www.drogariaveracruz.com.br/decongex-plus-xarope-120ml/p
VeraCruz;7898075310901;Lidopass Pomada 50mg/g Cimed Sabor Laranja 25g;Disponível;0;0;0;0;0;Pele e Mucosa;11113;https://www.drogariaveracruz.com.br/pomada-lidopass-50mgg-cimed-sabor-laranja-25g/p
VeraCruz;7898560664021;Syntocinon 40UI/ml Nasal Spray 5ml;Disponível;0;0;0;0;0;Hormônios;11190;https://www.drogariaveracruz.com.br/syntocinon-40uiml-nasal-spray-5ml/p
VeraCruz;7898582380206;TOPERMA - 5%, 10 emplastros;Disponível;0;0;0;0;0;Dor e Febre > Analgésico;12977;https://www.drogariaveracruz.com.br/toperma-5-10-emplastros/p
VeraCruz;7896046300708;Arulatan 50mcg/ml Solução Oftálmica 2,5ml;Disponível;172,34;132,62;-23.0%;69,80;-59.5%;Olhos > Lubrificantes e Colírios;18095;https://www.drogariaveracruz.com.br/arulatan-50mcgml-solucao-oftalmica-25ml/p
VeraCruz;7896004810140;Bismu-Jet 20ml;Disponível;42,12;31,61;-25.0%;33,27;-21.0%;Pele e Mucosa;17763;https://www.drogariaveracruz.com.br/bismu-jet-20ml/p
VeraCruz;7897851250394;SINVASCOR - 10mg, 30 comprimidos revestidos;Disponível;0;0;0;0;0;Colesterol e Triglicerídeos;17889;https://www.drogariaveracruz.com.br/sinvascor-10mg-30-comprimidos-revestidos/p
VeraCruz;7896226101156;Aplause 20mg 30 comprimidos revestidos;Disponível;150,54;128,72;-14.5%;67,75;-55.0%;Saúde Feminina > Reposição Hormonal;11275;https://www.drogariaveracruz.com.br/aplause-20mg-30-comprimidos-revestidos/p
VeraCruz;7896094917699;Tamarine Probium 15 Cápsulas de 250mg cada;Disponível;0;0;0;0;0;Digestão > Laxantes e Reguladores Intestinais;24038;https://www.drogariaveracruz.com.br/tamarine-probium-15-capsulas-de-250mg-cada/p
VeraCruz;7896658015168;QUETROS - 25mg, caixa contendo 30 comprimidos revestidos;Disponível;53,64;41,78;-22.1%;43,98;-18.0%;Psicotrópicos;24223;https://www.drogariaveracruz.com.br/quetros-25mg-caixa-contendo-30-comprimidos-revestidos/p
VeraCruz;7896422531788;Aixa 2mg + 0,03mg 21 comprimidos revestidos;Disponível;0;0;0;0;0;Saúde Feminina > Anticoncepcionais;10852;https://www.drogariaveracruz.com.br/aixa-2mg-003mg-21-comprimidos-revestidos/p
VeraCruz;7897851220076;Amiobal 200MG 30 Comprimidos;Disponível;46,86;36,95;-21.1%;38,89;-17.0%;Sistema Circulatório > Circulação;14743;https://www.drogariaveracruz.com.br/amiobal-200mg-30-comprimidos/p
VeraCruz;7896004726724;Hormoskin Creme Dermatológico 15g;Disponível;100,48;89,73;-10.7%;94,45;-6.0%;Pele e Mucosa;15812;https://www.drogariaveracruz.com.br/hormoskin-creme-dermatologico-15g/p
VeraCruz;7896004712857;Vitafer 109mg 50 comprimidos revestidos;Disponível;16,88;16,04;-5.0%;16,88;-0.0%;Sistema Imunológico;11203;https://www.drogariaveracruz.com.br/vitafer-109mg-50-comprimidos-revestidos/p
VeraCruz;7898049794683;Butacid Fenilbutazona Cálcica 200mg Com 20 comprimidos;Disponível;16,06;15,26;-5.0%;16,06;-0.0%;Dor e Febre > Anti-Inflamatórios;26480;https://www.drogariaveracruz.com.br/butacid-fenilbutazona-calcica-200mg-com-20-comprimidos/p
VeraCruz;7894916500777;Itraspor 100mg 15 cápsulas duras;Disponível;0;0;0;0;0;Pele e Mucosa;15412;https://www.drogariaveracruz.com.br/itraspor-100mg-15-capsulas-duras/p
VeraCruz;7896261003828;COMTAN 200MG C/30CPR;Disponível;0;0;0;0;0;Psicotrópicos;24618;https://www.drogariaveracruz.com.br/comtan-200mg-c30cpr/p
VeraCruz;7898133130403;Maxalgina 500mg/ml Gotas Sabor Abacaxi 10ml;Disponível;0;0;0;0;0;Dor e Febre > Analgésico;16286;https://www.drogariaveracruz.com.br/maxalgina-500mgml-gotas-sabor-abacaxi-10ml/p
VeraCruz;7894916515559;PATZ SL 5MG C/20 CPR;Disponível;0;0;0;0;0;Psicotrópicos;24274;https://www.drogariaveracruz.com.br/patz-sl-5mg-c20-cpr/p
VeraCruz;7500435230957;Citoneurin 5.000mcg 30 comprimidos revestidos;Disponível;0;0;0;0;0;Dor e Febre > Anti-Inflamatórios;22276;https://www.drogariaveracruz.com.br/citoneurin-5000mcg-30-comprimidos-revestidos/p
VeraCruz;7891058017002;Enterogermina Probiótico Contém 20 frascos de 5ml;Disponível;0;0;0;0;0;Digestão > Laxantes e Reguladores Intestinais;26709;https://www.drogariaveracruz.com.br/enterogermina-probiotico-contem-20-frascos-de-5ml/p
VeraCruz;7891317015237;Pomada Bucal Mud Oral 1mg/g 10g;Disponível;23,56;19,25;-18.3%;20,26;-14.0%;Pele e Mucosa;11881;https://www.drogariaveracruz.com.br/pomada-bucal-mud-oral-1mgg-10g/p
VeraCruz;7898040322748;Ultrafer 100mg 30 comprimidos revestidos;Disponível;75,50;61,68;-18.3%;64,93;-14.0%;Sistema Imunológico;10781;https://www.drogariaveracruz.com.br/ultrafer-100mg-30-comprimidos-revestidos/p
VeraCruz;7896658046780;OLANEXYN 5MG C/30 CPR C1;Disponível;0;0;0;0;0;Psicotrópicos;24912;https://www.drogariaveracruz.com.br/olanexyn-5mg-c30-cpr-c1/p
VeraCruz;7898430194115;Lavagem Nasal Nasoar XT Refil 15 sachês;Disponível;69,50;56,13;-19.2%;59,08;-15.0%;Sistema Respiratório > Descongestionantes;21140;https://www.drogariaveracruz.com.br/lavagem-nasal-nasoar-xt-refil-15-saches/p
VeraCruz;-;Fledoid 500 Pomada 40g;Disponível;36,60;29,91;-18.3%;31,48;-14.0%;Dor e Febre > Anti-Inflamatórios;;https://www.drogariaveracruz.com.br/fledoid-500-pomada-40g/p
VeraCruz;7898133139246;Hidralyte Sabor Guaraná 500ml;Disponível;17,50;12,14;-30.6%;12,78;-27.0%;Digestão > Laxantes e Reguladores Intestinais;12697;https://www.drogariaveracruz.com.br/hidralyte-205mgml-098mgml-2275mgml-216mgml-frasco-com-500ml-de-solucao-de-uso-oral-guarana/p
VeraCruz;7898089300011;Auris-Sedina 18,6mg/ml + 1,3mg/ml 10ml;Disponível;35,09;27,00;-23.1%;28,42;-19.0%;Ouvido;17401;https://www.drogariaveracruz.com.br/auris-sedina-186mgml-13mgml-10ml/p
VeraCruz;7896004780511;Rivaroxabana 20mg EMS 30 comprimidos revestidos;Disponível;0;0;0;0;0;Sistema Circulatório > Cardiovasculares;14888;https://www.drogariaveracruz.com.br/rivaroxabana-20mg-ems-30-comprimidos-revestidos/p
VeraCruz;7891317427320;Mud 10mg/G + 25mg/G + 025mg/G + 100Mui/G 1 Bisnaga Com 10G de Creme de Uso dermatológico;Disponível;0;0;0;0;0;Antibióticos;23970;https://www.drogariaveracruz.com.br/mud-10mgg-25mgg-025mgg-100muig-1-bisnaga-com-10g-de-creme-de-uso-dermatologico/p
VeraCruz;7908236800384;DICOXIBE 200MG C/10 CPS;Disponível;0;0;0;0;0;Psicotrópicos;24868;https://www.drogariaveracruz.com.br/dicoxibe-200mg-c10-cps/p
VeraCruz;7896094922020;Albocresil 18mg/ml Gel 50g + Aplicador;Disponível;43,99;39,70;-9.8%;41,79;-5.0%;Saúde Feminina > Creme e óvulos vaginais;10859;https://www.drogariaveracruz.com.br/albocresil-18mgml-gel-50g-aplicador/p
VeraCruz;7898272940161;Capecitabina 500mg Sun Pharma 120 comprimidos revestidos;Disponível;0;0;0;0;0;Oncológicos e Alto Custo;20598;https://www.drogariaveracruz.com.br/capecitabina-500mg-sun-pharma-120-comprimidos-revestidos/p
VeraCruz;5702150143006;LEXAPRO 20 MG C/30 CPR;Disponível;0;0;0;0;0;Psicotrópicos;24708;https://www.drogariaveracruz.com.br/lexapro-20-mg-c30-cpr/p
VeraCruz;7896261005884;Diovan 160mg 28 comprimidos revestidos;Disponível;151,14;143,58;-5.0%;50,38;-66.7%;Pressão Alta > Anti-Hipertensivo;12108;https://www.drogariaveracruz.com.br/diovan-160mg-28-comprimidos-revestidos/p
VeraCruz;7896523201924;Nevralgex DC C/20 CPR;Disponível;0;0;0;0;0;Dor e Febre > Analgésico;25279;https://www.drogariaveracruz.com.br/nevralgex-dc-c20-cpr/p
VeraCruz;7896004704616;Betametasona 0,1mg/ml sabor Framboesa 120ml;Disponível;0;0;0;0;0;Dor e Febre > Anti-Inflamatórios;14128;https://www.drogariaveracruz.com.br/betametasona-01mgml-sabor-framboesa-120ml/p
VeraCruz;7896006217480;Neocopan Composto Gotas 10ml;Disponível;16,23;15,42;-5.0%;16,23;-0.0%;Dor e Febre > Anti-Inflamatórios;11927;https://www.drogariaveracruz.com.br/neocopan-composto-gotas-10ml/p
VeraCruz;7898029556829;Natrilix SR 1,5mg 30 comprimidos revestidos de liberação prolongada;Disponível;60,69;45,55;-24.9%;47,95;-21.0%;Pressão Alta > Anti-Hipertensivo;11900;https://www.drogariaveracruz.com.br/natrilix-sr-15mg-30-comprimidos-revestidos-de-liberacao-prolongada/p
VeraCruz;7896658011863;Flogoral 1,5mg/ml Sabor Menta 250ml;Disponível;0;0;0;0;0;Dor e Febre > Dor de Garganta;11441;https://www.drogariaveracruz.com.br/flogoral-15mgml-sabor-menta-250ml/p
VeraCruz;7896637032230;Probid 5 cápsulas;Disponível;33,30;26,87;-19.3%;28,28;-15.1%;Digestão > Laxantes e Reguladores Intestinais;14601;https://www.drogariaveracruz.com.br/suplemento-alimentar-probid-5-capsulas/p
VeraCruz;7896094921207;Estomazil Sabor Abacaxi 6 envelopes;Disponível;15,49;11,77;-24.0%;12,39;-20.0%;Digestão > Azia e Má Digestão;19211;https://www.drogariaveracruz.com.br/antiacido-po-efervescente-estomazil-sabor-abacaxi-6-envelopes-com-5g-cada/p
VeraCruz;-;Vytorin 10mg + 10mg 30 comprimidos;Disponível;0;0;0;0;0;Colesterol e Triglicerídeos;;https://www.drogariaveracruz.com.br/vytorin-10mg-10mg-30-comprimidos/p
VeraCruz;7896004706559;Celerg Xarope 0,4mg/ml + 0,05mg/ml 120ml;Disponível;0;0;0;0;0;Alergias;21276;https://www.drogariaveracruz.com.br/celerg-xarope-04mgml-005mgml-120ml/p
VeraCruz;7898040321338;Utrogestan 100mg 30 cápsulas;Disponível;86,20;70,42;-18.3%;74,13;-14.0%;Saúde Feminina > Reposição Hormonal;10806;https://www.drogariaveracruz.com.br/utrogestan-100mg-30-capsulas/p
VeraCruz;7899898602099;Comple B 50 Comprimidos Revestidos;Disponível;18,50;11,60;-37.3%;12,21;-34.0%;Vitaminas;26886;https://www.drogariaveracruz.com.br/comple-b-50-comprimidos-revestidos/p
VeraCruz;7891317445737;Trok-N 20mg/g + 0,64mg/g + 2,5mg/g Creme 30g;Disponível;42,63;36,04;-15.5%;37,94;-11.0%;Pele e Mucosa;17538;https://www.drogariaveracruz.com.br/trok-n-20mgg-064mgg-25mgg-creme-30g/p
VeraCruz;7896658038440;Soanza XR 35mg 30 comprimidos;Disponível;0;0;0;0;0;Sistema Circulatório;14827;https://www.drogariaveracruz.com.br/soanza-xr-35mg-30-comprimidos/p
VeraCruz;7897129302541;Vitacid Plus 0,1mg/g + 40mg/g + 0,5mg/g Creme 15g;Disponível;149,10;116,15;-22.1%;61,13;-59.0%;Pele e Mucosa;11201;https://www.drogariaveracruz.com.br/vitacid-plus-01mgg-40mgg-05mgg-creme-15g/p
VeraCruz;7896006290124;Cetrolac MD 4mg/ml 5ml;Disponível;60,14;46,27;-23.1%;48,71;-19.0%;Olhos > Lubrificantes e Colírios;21712;https://www.drogariaveracruz.com.br/cetrolac-md-4mgml-5ml/p
VeraCruz;7896094922426;Nesina Met* 12,5mg + 1000mg 60 comprimidos revestidos;Disponível;0;0;0;0;0;Diabetes;16745;https://www.drogariaveracruz.com.br/nesina-met-125mg-1000mg-60-comprimidos-revestidos/p
VeraCruz;7896269900037;Aerolin 2mg 20 comprimidos;Disponível;0;0;0;0;0;Sistema Respiratório > Asma;10444;https://www.drogariaveracruz.com.br/aerolin-2mg-20-comprimidos/p
VeraCruz;7891317421557;PONDERA 15 MG C/20 CPR;Disponível;74,57;56,68;-24.0%;59,66;-20.0%;Psicotrópicos;24810;https://www.drogariaveracruz.com.br/pondera-15-mg-c20-cpr/p
VeraCruz;7898687730623;Vitamina D 2.000UI Althaia Gotas 20ml;Disponível;0;0;0;0;0;Vitaminas;14007;https://www.drogariaveracruz.com.br/vitamina-d-2000ui-althaia-gotas-20ml/p
VeraCruz;7896026306416;Jardiance 10mg 30 comprimidos revestidos;Disponível;321,27;305,21;-5.0%;107,09;-66.7%;Diabetes;11769;https://www.drogariaveracruz.com.br/jardiance-10mg-30-comprimidos-revestidos/p
VeraCruz;7896548198070;Tobradex Pom Oft c/35 Gr;Disponível;53,28;47,07;-11.7%;49,55;-7.0%;Antibióticos;24092;https://www.drogariaveracruz.com.br/tobradex-pom-oft-c35-gr/p
VeraCruz;7898040323806;Simbioflora 15 sachês;Disponível;0;0;0;0;0;Digestão > Laxantes e Reguladores Intestinais;12468;https://www.drogariaveracruz.com.br/simbioflora-fqm-15-saches/p
VeraCruz;7896026301367;Bisolvon Adulto 8mg/5ml Xarope 120ml;Disponível;39,75;32,10;-19.2%;33,79;-15.0%;Sistema Respiratório > Tosse;17761;https://www.drogariaveracruz.com.br/xarope-bisolvon-8mg5ml-adulto-sabor-cereja-120ml/p
VeraCruz;7896658025112;Prolive 30 cápsulas;Disponível;129,90;123,41;-5.0%;64,95;-50.0%;Digestão > Laxantes e Reguladores Intestinais;10250;https://www.drogariaveracruz.com.br/prolive-30-capsulas/p
VeraCruz;7896112400370;Gestrelan 0,15mg + 0,03mg 21 comprimidos revestidos;Disponível;13,74;9,53;-30.6%;10,03;-27.0%;Saúde Feminina > Anticoncepcionais;12261;https://www.drogariaveracruz.com.br/gestrelan-015mg-003mg-21-comprimidos-revestidos/p
VeraCruz;7894916505178;Risedross 35mg 4 comprimidos revestidos;Disponível;80,33;63,34;-21.2%;66,67;-17.0%;Para os Ossos > Osteoporose;10719;https://www.drogariaveracruz.com.br/risedross-35mg-4-comprimidos-revestidos/p
VeraCruz;7896714200804;Torsilax Neo Química 30 comprimidos;Disponível;36,13;15,45;-57.2%;16,26;-55.0%;Dor e Febre > Anti-Inflamatórios;16976;https://www.drogariaveracruz.com.br/torsilax-neo-quimica-30-comprimidos/p
VeraCruz;7896094210905;LAKOS 200MG C/60 CPR C1;Disponível;0;0;0;0;0;Psicotrópicos;24640;https://www.drogariaveracruz.com.br/lakos-200mg-c60-cpr-c1/p
VeraCruz;7899420507052;COD 30MG C/30 CPR;Disponível;0;0;0;0;0;Psicotrópicos;24684;https://www.drogariaveracruz.com.br/cod-30mg-c30-cpr/p
VeraCruz;7896004705408;Allexofedrin D 60mg + 120mg 10 comprimidos revestidos;Disponível;62,59;59,46;-5.0%;62,59;-0.0%;Alergias;17687;https://www.drogariaveracruz.com.br/allexofedrin-d-60mg-120mg-10-comprimidos-revestidos/p
VeraCruz;7896112403234;DIOeH 450mg + 50mg Biolab 60 comprimidos revestidos;Disponível;0;0;0;0;0;Sistema Circulatório;19633;https://www.drogariaveracruz.com.br/dioeh-450mg-50mg-biolab-60-comprimidos-revestidos/p
VeraCruz;-;TUNTÁ - 300mg, com 30 comprimidos revestidos;Disponível;0;0;0;0;0;Sistema Circulatório > Circulação;;https://www.drogariaveracruz.com.br/tunta-300mg-com-30-comprimidos-revestidos/p
VeraCruz;7897411602205;Lixiana 60mg 30 Comprimidos Revestidos;Disponível;148,85;128,68;-13.6%;67,73;-54.5%;Sistema Circulatório > Circulação;18520;https://www.drogariaveracruz.com.br/lixiana-60mg-30-comprimidos-revestidos/p
VeraCruz;7891317414139;Levofloxacino 500Mg 7 Comprimidos Revestidos;Disponível;120,71;19,49;-83.9%;20,52;-83.0%;-;23270;https://www.drogariaveracruz.com.br/levofloxacino-500mg-7-comprimidos-revestidos/p
VeraCruz;7896112160298;Ibupril 400mg 10 comprimidos;Disponível;26,82;8,41;-68.6%;8,85;-67.0%;Dor e Febre > Analgésico;20416;https://www.drogariaveracruz.com.br/ibupril-400mg-10-comprimidos/p
VeraCruz;7891142115799;Oximax 400mcg Refil 30 cápsulas de pó para inalação;Disponível;0;0;0;0;0;Sistema Respiratório > Asma;12393;https://www.drogariaveracruz.com.br/oximax-400mcg-refil-30-capsulas-de-po-para-inalacao/p
VeraCruz;7891142982971;Coristina D Congest Xarope Sabor Uva 120ml;Disponível;21,99;19,85;-9.7%;20,89;-5.0%;Sistema Respiratório > Descongestionantes;21321;https://www.drogariaveracruz.com.br/coristina-d-congest-xarope-sabor-uva-120ml/p
VeraCruz;7891317465049;Tâmisa 20 75mcg + 20mcg 21 comprimidos revestidos;Disponível;39,79;30,24;-24.0%;31,83;-20.0%;Saúde Feminina > Anticoncepcionais;16457;https://www.drogariaveracruz.com.br/tamisa-20-75mcg-20mcg-21-comprimidos-revestidos/p
VeraCruz;7896658008467;SOMALIUM 6 MG C/30 CPR;Disponível;56,90;43,24;-24.0%;45,52;-20.0%;Psicotrópicos;24483;https://www.drogariaveracruz.com.br/somalium-6-mg-c30-cpr/p
VeraCruz;7896026300155;Dulcolax 5mg 20 drágeas;Disponível;20,47;17,38;-15.1%;18,29;-10.6%;Digestão > Laxantes e Reguladores Intestinais;10103;https://www.drogariaveracruz.com.br/laxante-dulcolax-5mg-20-drageas/p
VeraCruz;8902220106734;LAMITOR CD 25MG 30CPR;Disponível;48,03;33,31;-30.6%;35,06;-27.0%;Psicotrópicos;25059;https://www.drogariaveracruz.com.br/lamitor-cd-25mg-30cpr/p
VeraCruz;7897572001442;Remeron Soltab 45mg 30 comprimidos;Disponível;0;0;0;0;0;Psicotrópicos;24408;https://www.drogariaveracruz.com.br/remeron-soltab-45mg-30-comprimidos/p
VeraCruz;7891317003128;GESICO RETARD 100MG C/10 CPR;Disponível;101,29;70,24;-30.7%;73,94;-27.0%;Psicotrópicos;24694;https://www.drogariaveracruz.com.br/gesico-retard-100mg-c10-cpr/p
VeraCruz;7896094208285;Sumaxpro 85mg + 500mg 2 Comprimidos Revestidos;Disponível;75,43;60,19;-20.2%;63,36;-16.0%;Dor e Febre > Enxaqueca;18560;https://www.drogariaveracruz.com.br/sumaxpro-85mg-500mg-2-comprimidos-revestidos/p
VeraCruz;7896015592769;Advil 600mg 12 Horas 12 comprimidos revestidos de liberação prolongada;Disponível;40,31;31,02;-23.0%;32,65;-19.0%;Dor e Febre > Analgésico;15139;https://www.drogariaveracruz.com.br/advil-600mg-12-horas-12-comprimidos-revestidos-de-liberacao-prolongada/p
VeraCruz;7896253902214;LUVOX 100 MG C/30 CPR;Disponível;0;0;0;0;0;Psicotrópicos;24857;https://www.drogariaveracruz.com.br/luvox-100-mg-c30-cpr/p
VeraCruz;7896230304772;Wash In Descongestionante Nasal 0,09% 100ml;Disponível;0;0;0;0;0;Sistema Respiratório > Descongestionantes;15143;https://www.drogariaveracruz.com.br/fluidificante-e-descongestionante-nasal-wash-in-100ml/p
VeraCruz;7891106913997;Microvlar 0,15mg + 0,03mg 21 drágeas;Disponível;11,07;7,99;-27.8%;8,41;-24.0%;Saúde Feminina > Anticoncepcionais;11854;https://www.drogariaveracruz.com.br/microvlar-015mg-003mg-21-drageas/p
VeraCruz;7891317412661;Proflam 15mg/g Creme 30g;Disponível;52,76;45,11;-14.5%;47,48;-10.0%;Dor e Febre > Anti-Inflamatórios;10244;https://www.drogariaveracruz.com.br/proflam-15mgg-creme-30g/p
VeraCruz;7896226105246;Fibras Normaten Fit 10 Sachês;Disponível;0;0;0;0;0;Digestão > Laxantes e Reguladores Intestinais;11979;https://www.drogariaveracruz.com.br/fibras-normaten-fit-10-saches/p
VeraCruz;7896023705304;Traumac Gel 60g;Disponível;30,90;29,36;-5.0%;30,90;-0.0%;Dor e Febre > Contusão e Relaxante Muscular;27130;https://www.drogariaveracruz.com.br/traumac-gel-60g/p
VeraCruz;7897337716512;Implanon NXT 68mg 1 aplicador contendo 1 implante;Disponível;1190,07;847,92;-28.8%;297,52;-75.0%;Oncológicos e Alto Custo;18989;https://www.drogariaveracruz.com.br/implanon-nxt-68mg-1-aplicador-contendo-1-implante/p
VeraCruz;7892953209394;Nusira Cloridrato de Tramadol 25mg + Diclofenaco Sódico 25mg Com 20 comprimidos;Disponível;96,46;69,64;-27.8%;73,31;-24.0%;Psicotrópicos;25005;https://www.drogariaveracruz.com.br/nusira-c20-cpr/p
VeraCruz;7897411610941;Loxonin 60mg 15 comprimidos;Disponível;42,94;35,08;-18.3%;36,93;-14.0%;Dor e Febre > Anti-Inflamatórios;15884;https://www.drogariaveracruz.com.br/loxonin-60mg-15-comprimidos/p
VeraCruz;7898037080064;Complexo Homeopático Almeida Prado N 06 60 Comprimidos;Disponível;28,90;27,46;-5.0%;28,90;-0.0%;Dor e Febre > Dor de Garganta;10885;https://www.drogariaveracruz.com.br/complexo-homeopatico-almeida-prado-n-06-60-comprimidos/p
VeraCruz;7896658052279;Suplemento Alimentar Bio Femina 10 Cápsulas;Disponível;51,90;49,31;-5.0%;51,90;-0.0%;Digestão > Laxantes e Reguladores Intestinais;25998;https://www.drogariaveracruz.com.br/suplemento-alimentar-bio-femina-10-capsulas/p
VeraCruz;7894916505130;Ceclor 250mg/5ml 1 Frasco Com 100ml de Suspensão de Uso Oral + Seringa;Disponível;125,12;98,66;-21.1%;51,93;-58.5%;Antibióticos;23828;https://www.drogariaveracruz.com.br/ceclor-250mg5ml-1-frasco-com-100ml-de-suspensao-de-uso-oral-seringa/p
VeraCruz;7898161187097;Creme Térmico Coliflax Teens 30g;Disponível;0;0;0;0;0;Saúde Feminina > Cólica;24060;https://www.drogariaveracruz.com.br/creme-termico-coliflax-teens-30g/p
VeraCruz;7896094921214;Estomazil Sabor Sem Sabor 6 envelopes;Disponível;15,49;11,77;-24.0%;12,39;-20.0%;Digestão > Azia e Má Digestão;14302;https://www.drogariaveracruz.com.br/antiacido-po-efervescente-estomazil-sabor-sem-sabor-6-envelopes-com-5g-cada/p
VeraCruz;5702150151186;LEXAPRO 10 MG C/60 CPR;Disponível;0;0;0;0;0;Psicotrópicos;24769;https://www.drogariaveracruz.com.br/lexapro-10-mg-c60-cpr/p
VeraCruz;7891142982155;Coristina D Pro 8 comprimidos;Disponível;25,49;22,52;-11.7%;23,71;-7.0%;Sistema Respiratório > Antigripais;14855;https://www.drogariaveracruz.com.br/coristina-d-pro-8-comprimidos/p
VeraCruz;7891317425869;Zart 50mg 30 comprimidos revestidos;Disponível;14,70;4,75;-67.7%;5,00;-66.0%;Pressão Alta > Anti-Hipertensivo;18026;https://www.drogariaveracruz.com.br/zart-50mg-30-comprimidos-revestidos/p
VeraCruz;7896637027762;Inpruv D 50.000UI Apsen, 4 Comprimidos;Disponível;0;0;0;0;0;Vitaminas;13967;https://www.drogariaveracruz.com.br/inpruv-d-50000ui-apsen-4-comprimidos/p
VeraCruz;7896658025013;Bravan Duo 320mg/10mg 30 comprimidos;Disponível;0;0;0;0;0;Pressão Alta > Anti-Hipertensivo;14835;https://www.drogariaveracruz.com.br/bravan-duo-320mg10mg-30-comprimidos/p
VeraCruz;7896094904323;Bisuisan Pó 50g;Disponível;0;0;0;0;0;Digestão > Azia e Má Digestão;17759;https://www.drogariaveracruz.com.br/bisuisan-po-50g/p
VeraCruz;7896181922377;Dropropizina 3mg/ml Biosintética 120ml;Disponível;18,70;12,44;-33.5%;13,09;-30.0%;Alergias;10566;https://www.drogariaveracruz.com.br/dropropizina-3mgml-biosintetica-120ml/p
VeraCruz;7899547515022;Permetrina 10mg/g Loção 60ml Prati Donaduzzi Genérico;Disponível;24,50;23,28;-5.0%;24,50;-0.0%;Tratamento Capilar > Piolhos;26180;https://www.drogariaveracruz.com.br/permetrina-10mgg-locao-60ml-prati-donaduzzi-generico/p
VeraCruz;7896685301678;HIZOFITO - 150mg, 30 cápsulas;Disponível;113,72;89,67;-21.1%;94,39;-17.0%;Saúde Feminina > Reposição Hormonal;24349;https://www.drogariaveracruz.com.br/hizofito-150mg-30-capsulas/p
VeraCruz;7896004726793;Bálsamo Bengué Aerossol 85ml;Disponível;46,95;34,79;-25.9%;36,62;-22.0%;Dor e Febre > Anti-Inflamatórios;10484;https://www.drogariaveracruz.com.br/balsamo-bengue-aerosol-85ml/p
VeraCruz;7896094922129;Nenê Dent N Gel 10g;Disponível;27,18;25,82;-5.0%;27,18;-0.0%;Pele e Mucosa;11902;https://www.drogariaveracruz.com.br/gel-nene-dent-n-10g/p
VeraCruz;7896094921245;Blusoro Jet Infantil 0,9% 100ml;Disponível;48,51;42,85;-11.7%;45,11;-7.0%;Sistema Respiratório > Descongestionantes;20754;https://www.drogariaveracruz.com.br/fluidificante-e-descongestionante-nasal-blusoro-jet-infantil-09-100ml/p
VeraCruz;7891010256470;Pastilhas Benalet Sabor Menta 12un;Disponível;42,03;33,54;-20.2%;35,31;-16.0%;Dor e Febre > Dor de Garganta;17689;https://www.drogariaveracruz.com.br/pastilhas-benalet-sabor-menta-12un/p
VeraCruz;7891142142214;Diprosalic 0,5mg/g + 30mg/g Pomada Dermatológica 30g;Disponível;0;0;0;0;0;Dor e Febre > Anti-Inflamatórios;16072;https://www.drogariaveracruz.com.br/diprosalic-05mgg-30mgg-pomada-dermatologica-30g/p
VeraCruz;7896094210967;Artag 90mg 60 comprimidos revestidos;Disponível;0;0;0;0;0;Sistema Circulatório > Cardiovasculares;22383;https://www.drogariaveracruz.com.br/artag-90mg-60-comprimidos-revestidos/p
VeraCruz;7896658027123;Trezete 10mg + 10mg Aché, 30 comprimidos;Disponível;94,40;74,43;-21.2%;78,35;-17.0%;Colesterol e Triglicerídeos;18861;https://www.drogariaveracruz.com.br/trezete-10mg-10mg-ache-30-comprimidos/p
VeraCruz;7896094210288;Iumi ES 3mg + 0,02mg 90 comprimidos revestidos;Disponível;0;0;0;0;0;Saúde Feminina > Anticoncepcionais;13104;https://www.drogariaveracruz.com.br/iumi-es-3mg-002mg-90-comprimidos-revestidos/p
VeraCruz;7896094201507;Plurair 50mcg/dose Spray 60 doses 6ml;Disponível;0;0;0;0;0;Alergias;10182;https://www.drogariaveracruz.com.br/plurair-50mcgdose-spray-60-doses-6ml/p
VeraCruz;7896226101699;Foliron ITF 0,2mg/ml + 250mg/ml 30ml;Disponível;0;0;0;0;0;Sistema Imunológico;11461;https://www.drogariaveracruz.com.br/foliron-itf-02mgml-250mgml-30ml/p
VeraCruz;7896637022569;Retemic 5mg 60 comprimidos;Disponível;75,20;57,86;-23.1%;60,91;-19.0%;Saúde Masculina > Distúrbios Urinários;16051;https://www.drogariaveracruz.com.br/retemic-5mg-60-comprimidos/p
VeraCruz;7898029551046;COVERSYL - 4mg, 30 comprimidos + sachês dessecante;Disponível;0;0;0;0;0;Pressão Alta > Anti-Hipertensivo;24023;https://www.drogariaveracruz.com.br/coversyl-4mg-30-comprimidos-saches-dessecante/p
VeraCruz;7896180300015;B-TABLOCK - 5mg/mL, 1 frasco gotejador com 5mL de solução de uso oftalmológico;Disponível;0;0;0;0;0;Olhos > Lubrificantes e Colírios;10477;https://www.drogariaveracruz.com.br/b-tablock-5mgml-1-frasco-gotejador-com-5ml-de-solucao-de-uso-oftalmologico/p
VeraCruz;7899640802715;BOLT - 500mg + 400mg, 90 cápsulas moles;Disponível;0;0;0;0;0;Para os Ossos > Artrite e Artrose;13408;https://www.drogariaveracruz.com.br/bolt-500mg-400mg-90-capsulas-moles/p
VeraCruz;7896658006432;Acheflan 5mg/g Creme 30g;Disponível;73,42;69,75;-5.0%;73,42;-0.0%;Dor e Febre > Anti-Inflamatórios;10409;https://www.drogariaveracruz.com.br/acheflan-5mgg-creme-30g/p
VeraCruz;7891721201806;Glifage XR 500mg 30 comprimidos de liberação prolongada;Disponível;11,95;7,27;-39.2%;7,65;-36.0%;Diabetes;12657;https://www.drogariaveracruz.com.br/glifage-xr-500mg-30-comprimidos-de-liberacao-prolongada/p
VeraCruz;7896006219590;CODEX 500/30MG C/12 CPR;Disponível;0;0;0;0;0;Psicotrópicos;24295;https://www.drogariaveracruz.com.br/codex-50030mg-c12-cpr/p
VeraCruz;7898040322700;Belpele 3mg/g Gel 30g;Disponível;128,54;109,91;-14.5%;57,85;-55.0%;Pele e Mucosa;17681;https://www.drogariaveracruz.com.br/belpele-3mgg-gel-30g/p
VeraCruz;7895858005436;Insunorm N 100UI/ml 1 ampola com 10ml;Disponível;0;0;0;0;0;Diabetes;15394;https://www.drogariaveracruz.com.br/insunorm-n-100uiml-1-ampola-com-10ml/p
VeraCruz;7896255762595;DEPAKOTE 250 MG C/30 CPR;Disponível;84,95;62,14;-26.9%;65,41;-23.0%;Psicotrópicos;24560;https://www.drogariaveracruz.com.br/depakote-250-mg-c30-cpr/p
VeraCruz;7896658023361;Sorine H 3% Spray 50ml;Disponível;33,09;28,29;-14.5%;29,78;-10.0%;Sistema Respiratório > Descongestionantes;11132;https://www.drogariaveracruz.com.br/descongestionante-nasal-sorine-h-3-spray-50ml/p
VeraCruz;7899640802708;Bolt Caps 500mg + 400mg 30 cápsulas gelatinosas moles;Disponível;0;0;0;0;0;Para os Ossos > Artrite e Artrose;13407;https://www.drogariaveracruz.com.br/bolt-caps-500mg-400mg-30-capsulas-gelatinosas-moles/p
VeraCruz;7896676406184;DIMORF 30MG C/50 CPR;Disponível;0;0;0;0;0;Psicotrópicos;24748;https://www.drogariaveracruz.com.br/dimorf-30mg-c50-cpr/p
VeraCruz;7896004775593;Quicard 35mg 60 Comprimidos Revestidos De Liberação Prolongada;Disponível;0;0;0;0;0;Sistema Circulatório > Circulação;19467;https://www.drogariaveracruz.com.br/quicard-35mg-60-comprimidos-revestidos-de-liberacao-prolongada/p
VeraCruz;-;HERPSTAL - 500mg, 10 comprimidos revestidos;Disponível;0;0;0;0;0;Herpes;;https://www.drogariaveracruz.com.br/herpstal-500mg-10-comprimidos-revestidos/p
VeraCruz;7896026307826;Atrovent 0,250mg/ml Gotas 20ml;Disponível;0;0;0;0;0;Sistema Respiratório > DPOC;17398;https://www.drogariaveracruz.com.br/atrovent-0250mgml-gotas-20ml/p
VeraCruz;7896261000117;TEGRETOL CR 200 MG C/20 CPR;Disponível;0;0;0;0;0;Psicotrópicos;24555;https://www.drogariaveracruz.com.br/tegretol-cr-200-mg-c20-cpr/p
VeraCruz;7896004746012;Ibuliv 400mg 8 cápsulas moles;Disponível;0;0;0;0;0;Dor e Febre > Anti-Inflamatórios;17174;https://www.drogariaveracruz.com.br/ibuliv-400mg-8-capsulas-moles/p
VeraCruz;7896714291895;Picbam 2,5mg 60 comprimidos revestidos;Disponível;0;0;0;0;0;Sistema Circulatório > Cardiovasculares;20614;https://www.drogariaveracruz.com.br/picbam-25mg-60-comprimidos-revestidos/p
VeraCruz;7891268129915;Diabinese 250mg 30 comprimidos;Disponível;0;0;0;0;0;Diabetes;16906;https://www.drogariaveracruz.com.br/diabinese-250mg-30-comprimidos/p
VeraCruz;7891058006426;PURAN T4 - 125mcg, 28 comprimidos;Disponível;0;0;0;0;0;Hormônios;12877;https://www.drogariaveracruz.com.br/puran-t4-125mcg-28-comprimidos/p
VeraCruz;7897460401750;Silimalon 140mg + 100mg 60 comprimidos revestidos;Disponível;200,27;157,91;-21.2%;55,41;-72.3%;Digestão > Azia e Má Digestão;22825;https://www.drogariaveracruz.com.br/silimalon-140mg-100mg-60-comprimidos-revestidos/p
VeraCruz;7896094207776;Stanglit 45mg 30 comprimidos;Disponível;245,52;170,27;-30.6%;59,74;-75.7%;Diabetes;11152;https://www.drogariaveracruz.com.br/stanglit-45mg-30-comprimidos/p
VeraCruz;7896015528843;Relvar Ellipita 200mcg + 25mcg 30 doses de pó para inalação;Disponível;0;0;0;0;0;Sistema Respiratório > DPOC;12898;https://www.drogariaveracruz.com.br/relvar-ellipita-200mcg-25mcg-30-doses-de-po-para-inalacao/p
VeraCruz;5413787006793;KEPPRA 100MG SOL 150ML;Disponível;0;0;0;0;0;Psicotrópicos;24843;https://www.drogariaveracruz.com.br/keppra-100mg-sol-150ml/p
VeraCruz;7894916512107;Somalgin Cardio 81mg, 60 Comprimidos Revestidos de Dupla Camada;Disponível;32,28;25,76;-20.2%;27,12;-16.0%;Dor e Febre > Analgésico;13650;https://www.drogariaveracruz.com.br/somalgin-cardio-81mg-60-comprimidos-revestidos-de-dupla-camada/p
VeraCruz;7891106007047;Xarelto 10mg 30 comprimidos revestidos;Disponível;423,51;402,33;-5.0%;141,17;-66.7%;Sistema Circulatório > Circulação;18006;https://www.drogariaveracruz.com.br/xarelto-10mg-30-comprimidos-revestidos/p
VeraCruz;8902220115569;Olmecor 20mg 60 comprimidos revestidos;Disponível;0;0;0;0;0;Pressão Alta > Anti-Hipertensivo;18479;https://www.drogariaveracruz.com.br/olmecor-20mg-60-comprimidos-revestidos/p
VeraCruz;7896255764933;Tanakan 120mg 30 comprimidos revestidos;Disponível;367,35;275,70;-24.9%;96,74;-73.7%;Sistema Nervoso > Medicamentos Antivertiginosos: Ginkgo, Tanakan, Equitam;16465;https://www.drogariaveracruz.com.br/tanakan-120mg-30-comprimidos-revestidos/p
VeraCruz;7898940448128;AKINETON 2 MG C/80 CPR;Disponível;0;0;0;0;0;Psicotrópicos;24514;https://www.drogariaveracruz.com.br/akineton-2-mg-c80-cpr/p
VeraCruz;7896094912960;Estomazil Sem Sabor 5g;Disponível;3,48;2,77;-20.4%;2,92;-16.1%;Digestão > Azia e Má Digestão;11629;https://www.drogariaveracruz.com.br/antiacido-po-efervescente-estomazil-sem-sabor-5g/p
VeraCruz;7898029550247;Acertil 10mg 30 comprimidos;Disponível;108,54;103,11;-5.0%;54,27;-50.0%;Pressão Alta > Anti-Hipertensivo;17320;https://www.drogariaveracruz.com.br/acertil-10mg-30-comprimidos/p
VeraCruz;7896094915381;Atroveran Dip 1g 20 comprimidos;Disponível;27,49;23,50;-14.5%;24,74;-10.0%;Saúde Feminina > Cólica;18489;https://www.drogariaveracruz.com.br/atroveran-dip-1g-20-comprimidos/p
VeraCruz;7897947616042;Flora Bio 30 cápsulas;Disponível;0;0;0;0;0;Digestão > Laxantes e Reguladores Intestinais;18920;https://www.drogariaveracruz.com.br/flora-bio-30-capsulas/p
VeraCruz;7896212428861;Tylenol Bebê 100mg/ml Sabor Frutas 15ml + Seringa Dosadora;Disponível;57,61;46,52;-19.3%;48,97;-15.0%;Dor e Febre > Analgésico;17528;https://www.drogariaveracruz.com.br/analgesico-tylenol-bebe-100mgml-sabor-frutas-15ml-seringa-dosadora/p
VeraCruz;7896094912472;Lacto-Purga 6 comprimidos revestidos;Disponível;6,20;5,24;-15.5%;5,52;-11.0%;Digestão > Laxantes e Reguladores Intestinais;11814;https://www.drogariaveracruz.com.br/lacto-purga-6-comprimidos-revestidos/p
VeraCruz;7896658037856;Sabine 2,5mg 30 comprimidos revestidos;Disponível;0;0;0;0;0;Oncológicos e Alto Custo;21146;https://www.drogariaveracruz.com.br/sabine-25mg-30-comprimidos-revestidos/p
VeraCruz;7891317013844;Algie 150mg 10 comprimidos revestidos de liberação prolongada;Disponível;55,42;44,22;-20.2%;46,55;-16.0%;Dor e Febre > Anti-Inflamatórios;15719;https://www.drogariaveracruz.com.br/algie-150mg-10-comprimidos-revestidos-de-liberacao-prolongada/p
VeraCruz;7892953001387;Pyridium 200mg 18 Drágeas;Disponível;35,90;26,60;-25.9%;28,00;-22.0%;Saúde Masculina > Distúrbios Urinários;15993;https://www.drogariaveracruz.com.br/pyridium-200mg-18-drageas/p
VeraCruz;7897460401347;Gaballon 50mg + 50mg + 2mg + 4mg + 4mg 20 comprimidos;Disponível;48,53;40,57;-16.4%;42,71;-12.0%;Vitaminas;16201;https://www.drogariaveracruz.com.br/gaballon-50mg-50mg-2mg-4mg-4mg-20-comprimidos/p
VeraCruz;7891317015176;Laxante Minilax 7 bisnagas com 6,5g;Disponível;57,28;50,07;-12.6%;52,70;-8.0%;Digestão > Laxantes e Reguladores Intestinais;11883;https://www.drogariaveracruz.com.br/laxante-minilax-7-bisnagas-com-65g/p
VeraCruz;7896212415618;Tylenol Sinus 500g + 30mg 24 comprimidos revestidos;Disponível;24,20;20,24;-16.4%;21,30;-12.0%;Sistema Respiratório > Antigripais;17565;https://www.drogariaveracruz.com.br/tylenol-sinus-1g-60mg-24-comprimidos-revestidos/p
VeraCruz;7896862993160;Oxipelle 10mg/g Creme 20g;Disponível;58,14;51,37;-11.6%;54,07;-7.0%;Pele e Mucosa;12395;https://www.drogariaveracruz.com.br/oxipelle-10mgg-creme-20g/p
VeraCruz;7896112116554;Venaflon 450mg + 50mg 60 comprimidos revestidos;Disponível;184,77;54,42;-70.5%;57,28;-69.0%;Sistema Circulatório > Circulação;13095;https://www.drogariaveracruz.com.br/venaflon-450mg-50mg-60-comprimidos-revestidos/p
VeraCruz;7896658050589;Flogoral Pastilha Imune Mel e Limão 8 Unidades;Disponível;16,90;16,06;-5.0%;16,90;-0.0%;Dor e Febre > Dor de Garganta;26361;https://www.drogariaveracruz.com.br/flogoral-pastilha-imune-mel-e-limao-8-unidades/p
VeraCruz;7896658036057;Cefalium One 750mg 20 Comprimidos;Disponível;32,46;26,21;-19.3%;27,59;-15.0%;Dor e Febre > Enxaqueca;13919;https://www.drogariaveracruz.com.br/cefalium-one-750mg-20-comprimidos/p
VeraCruz;7896382707742;Trulicity 1,5mg 2 seringas com 0,5ml cada + 2 canetas para aplicação;Disponível;0;0;0;0;0;Diabetes;17152;https://www.drogariaveracruz.com.br/trulicity-15mg-2-seringas-com-05ml-cada-2-canetas-para-aplicacao/p
VeraCruz;7891058061562;Rifocina 10mg/ml 1 Frasco Spray Com 20ml de Solução de Uso dermatológico;Disponível;45,34;37,48;-17.3%;39,45;-13.0%;Antibióticos;23915;https://www.drogariaveracruz.com.br/rifocina-10mgml-1-frasco-spray-com-20ml-de-solucao-de-uso-dermatologico/p
VeraCruz;7896094928091;AAS Infantil 100mg com 120 comprimidos;Disponível;100,99;95,94;-5.0%;50,50;-50.0%;Dor e Febre > Analgésico;17261;https://www.drogariaveracruz.com.br/aas-infantil-100mg-com-120-comprimidos/p
VeraCruz;7894916516013;Toragesic 10mg 20 comprimidos sublinguais;Disponível;39,54;31,93;-19.2%;33,61;-15.0%;Dor e Febre > Anti-Inflamatórios;21055;https://www.drogariaveracruz.com.br/toragesic-10mg-20-comprimidos-sublinguais/p
VeraCruz;7896658001390;Fentizol 20mg/ml Spray 30ml;Disponível;70,12;58,62;-16.4%;61,71;-12.0%;Pele e Mucosa;11674;https://www.drogariaveracruz.com.br/fentizol-20mgml-spray-30ml/p
VeraCruz;7894916500586;Azi 1000mg 1 comprimido;Disponível;44,36;36,24;-18.3%;38,15;-14.0%;Antibióticos;23900;https://www.drogariaveracruz.com.br/azi-1000mg-1-comprimido/p
VeraCruz;7908236800698;CELEBRA 100 MG C/20 CPS;Disponível;99,60;75,70;-24.0%;79,68;-20.0%;Psicotrópicos;24774;https://www.drogariaveracruz.com.br/celebra-100-mg-c20-cps/p
VeraCruz;7896637023566;Retemic UD 10mg 30 comprimidos de liberação controlada;Disponível;0;0;0;0;0;Saúde Masculina > Distúrbios Urinários;13563;https://www.drogariaveracruz.com.br/retemic-ud-10mg-30-comprimidos-de-liberacao-controlada/p
VeraCruz;7898549750202;Sinustrat 9,0mg/ml Infantil Solução Nasal 30ml;Disponível;0;0;0;0;0;Sistema Respiratório > Descongestionantes;15502;https://www.drogariaveracruz.com.br/sinustrat-90mgml-infantil-solucao-nasal-30ml/p
VeraCruz;7896261000391;CATAFLAM - 44,94mg/mL, 1 frasco gotejador com 20mL de suspensão de uso oral;Disponível;0;0;0;0;0;Dor e Febre > Anti-Inflamatórios;17753;https://www.drogariaveracruz.com.br/cataflam-4494mgml-1-frasco-gotejador-com-20ml-de-suspensao-de-uso-oral/p
VeraCruz;7891058012755;EXPOLID 2,5MG C/30 CPR;Disponível;0;0;0;0;0;Psicotrópicos;24533;https://www.drogariaveracruz.com.br/expolid-25mg-c30-cpr/p
VeraCruz;7891317009267;Ártico 1,5g + 1,2g 30 sachês com 5g de pó para solução oral;Disponível;259,30;189,68;-26.8%;66,55;-74.3%;Para os Ossos > Artrite e Artrose;18085;https://www.drogariaveracruz.com.br/artico-15g-12g-30-saches-com-5g-de-po-para-solucao-oral/p
VeraCruz;7896094928046;AAS Protect 100mg 30 comprimidos revestidos de liberação entérica;Disponível;23,27;20,12;-13.5%;21,18;-9.0%;Dor e Febre > Analgésico;17264;https://www.drogariaveracruz.com.br/aas-protect-100mg-30-comprimidos-revestidos-de-liberacao-enterica/p
VeraCruz;7891317438975;Melocox 10mg/ml Solução Injetável 5 ampolas com 1,5ml cada;Disponível;55,86;46,70;-16.4%;49,16;-12.0%;Para os Ossos > Artrite e Artrose;16623;https://www.drogariaveracruz.com.br/melocox-10mgml-solucao-injetavel-5-ampolas-com-15ml-cada/p
VeraCruz;7896658011412;Adinos Gen 05mg/G + 1mg/G 1 Bisnaga Com 30G de Gel Creme de Uso dermatológico;Disponível;53,51;46,77;-12.6%;49,23;-8.0%;Antibióticos;23818;https://www.drogariaveracruz.com.br/adinos-gen-05mgg-1mgg-1-bisnaga-com-30g-de-gel-creme-de-uso-dermatologico/p
VeraCruz;7896112424123;Tantin 0,060mg + 0,015mg 28 comprimidos revestidos;Disponível;30,23;23,27;-23.0%;24,49;-19.0%;Saúde Feminina > Anticoncepcionais;16471;https://www.drogariaveracruz.com.br/tantin-0060mg-0015mg-28-comprimidos-revestidos/p
VeraCruz;7896658007170;Acheflan 5mg/g Creme 60g;Disponível;114,61;108,88;-5.0%;57,31;-50.0%;Dor e Febre > Anti-Inflamatórios;10410;https://www.drogariaveracruz.com.br/acheflan-5mgg-creme-60g/p
VeraCruz;7891317014162;Atak Clav 875mg + 125mg 14 comprimidos revestidos;Disponível;75,12;59,23;-21.2%;62,35;-17.0%;Antibióticos;23875;https://www.drogariaveracruz.com.br/atak-clav-875mg-125mg-14-comprimidos-revestidos/p
VeraCruz;7896093000217;Descongestionante Inalante Vick Bastão 0,5g;Disponível;22,98;21,83;-5.0%;22,98;-0.0%;Sistema Respiratório > Descongestionantes;17982;https://www.drogariaveracruz.com.br/descongestionante-inalante-vick-bastao-05g/p
VeraCruz;7896226502458;VALIUM 10 MG C/30 CPR;Disponível;35,63;26,40;-25.9%;27,79;-22.0%;Psicotrópicos;24463;https://www.drogariaveracruz.com.br/valium-10-mg-c30-cpr/p
VeraCruz;7891058002985;Apidra Solostar 100UI/ml 1 carpule com 3ml + 1 sistema de aplicação;Disponível;0;0;0;0;0;Diabetes;11274;https://www.drogariaveracruz.com.br/apidra-solostar-100uiml-1-carpule-com-3ml-1-sistema-de-aplicacao/p
VeraCruz;7891317011451;ESC ODT 10MG C/30 CPR;Disponível;107,71;78,79;-26.8%;82,94;-23.0%;Psicotrópicos;24622;https://www.drogariaveracruz.com.br/esc-odt-10mg-c30-cpr/p
VeraCruz;7899095202559;Duodex 35+1mg/ml Sol Oft 5ml;Disponível;0;0;0;0;0;Antibióticos;24438;https://www.drogariaveracruz.com.br/duodex-351mgml-sol-oft-5ml/p
VeraCruz;7899420506932;COD PAR 500/30MG C/36 CPR;Disponível;0;0;0;0;0;Psicotrópicos;24697;https://www.drogariaveracruz.com.br/cod-par-50030mg-c36-cpr/p
VeraCruz;7896094209206;Ebatz 4mg 30 comprimidos revestidos;Disponível;170,16;126,08;-25.9%;66,36;-61.0%;Colesterol e Triglicerídeos;14623;https://www.drogariaveracruz.com.br/ebatz-4mg-30-comprimidos-revestidos/p
VeraCruz;7898902708123;Teste de Gravidez Fast Test 1un;Disponível;7,99;2,36;-70.5%;2,48;-69.0%;Saúde Feminina > Teste de Gravidez;15289;https://www.drogariaveracruz.com.br/teste-de-gravidez-fast-test-1un/p
VeraCruz;7896658039256;FUSOR 20MG C/30 CPR C1;Disponível;0;0;0;0;0;Psicotrópicos;24905;https://www.drogariaveracruz.com.br/fusor-20mg-c30-cpr-c1/p
VeraCruz;7896112452775;VÊNULA - 200mg, 30 cápsulas gelatinosas duras;Disponível;45,57;39,40;-13.5%;41,47;-9.0%;Sistema Circulatório > Circulação;24004;https://www.drogariaveracruz.com.br/venula-200mg-30-capsulas-gelatinosas-duras/p
VeraCruz;7896658027079;Untral 2,5mg Aché 90 cápsulas;Disponível;330,60;314,07;-5.0%;110,20;-66.7%;Vitaminas;14043;https://www.drogariaveracruz.com.br/untral-25mg-ache-90-capsulas/p
VeraCruz;7898074617803;Spidufen 1155mg Sabor Damasco com 10 Envelopes de 3g cada;Disponível;55,37;45,76;-17.4%;48,17;-13.0%;Dor e Febre > Analgésico;11138;https://www.drogariaveracruz.com.br/spidufen-1155mg-sabor-damasco-com-10-envelopes-de-3g-cada/p
VeraCruz;7896181901037;TOLREST 25 MG C/28 CPR;Disponível;0;0;0;0;0;Psicotrópicos;24583;https://www.drogariaveracruz.com.br/tolrest-25-mg-c28-cpr/p
VeraCruz;7897930776722;Esmalte Loceryl 50mg/ml 2,5ml;Disponível;232,92;192,51;-17.3%;67,55;-71.0%;Pele e Mucosa;15863;https://www.drogariaveracruz.com.br/esmalte-loceryl-50mgml-25ml/p
VeraCruz;7896070600607;Flagyl 250mg 20 comprimidos revestidos;Disponível;28,55;23,32;-18.3%;24,55;-14.0%;Antibióticos;23836;https://www.drogariaveracruz.com.br/flagyl-250mg-20-comprimidos-revestidos/p
VeraCruz;7897322700434;Farlac 667mg/ml 1 frasco com 120mL de xarope;Disponível;0;0;0;0;0;Digestão > Laxantes e Reguladores Intestinais;15287;https://www.drogariaveracruz.com.br/farlac-667mgml-1-frasco-com-120ml-de-xarope/p
VeraCruz;7896006203162;Cetrolac SL 10mg 20 comprimidos sublinguais;Disponível;66,81;48,24;-27.8%;50,78;-24.0%;Dor e Febre > Anti-Inflamatórios;21784;https://www.drogariaveracruz.com.br/cetrolac-sl-10mg-20-comprimidos-sublinguais/p
VeraCruz;7896026304917;Duovent N 200 doses 10ml + Bocal;Disponível;0;0;0;0;0;Sistema Respiratório > Asma;10107;https://www.drogariaveracruz.com.br/duovent-n-200-doses-10ml-bocal/p
VeraCruz;7896523200057;Hedera 7mg/ml Sabor Cereja 100ml Cimed;Disponível;53,15;30,30;-43.0%;31,89;-40.0%;Sistema Respiratório > Expectorante;25867;https://www.drogariaveracruz.com.br/hedera-7mgml-sabor-cereja-100ml-cimed/p
VeraCruz;7896637026291;Lactosil 4.000 FCC contém 30 Sachês 2g cada;Disponível;0;0;0;0;0;Digestão > Laxantes e Reguladores Intestinais;11811;https://www.drogariaveracruz.com.br/lactosil-4000-fcc-contem-30-saches-2g-cada/p
VeraCruz;7500435225458;Citoneurin Control 1000 90 comprimidos revestidos;Disponível;206,26;158,72;-23.0%;55,69;-73.0%;Dor e Febre > Analgésico;22284;https://www.drogariaveracruz.com.br/citoneurin-control-1000-90-comprimidos-revestidos/p
VeraCruz;7891268100792;Kit Champix Tratamento Completo 165 comprimidos;Disponível;0;0;0;0;0;Antitabagismo > Pastilhas Mastigáveis e Comprimidos;19393;https://www.drogariaveracruz.com.br/kit-champix-tratamento-completo-165-comprimidos/p
VeraCruz;7896637031943;Flancox 600mg 14 comprimidos;Disponível;65,29;49,00;-25.0%;51,58;-21.0%;Dor e Febre > Anti-Inflamatórios;20731;https://www.drogariaveracruz.com.br/flancox-600mg-14-comprimidos/p
VeraCruz;7896261000018;ANAFRANIL 25 MG C/20 DRG;Disponível;0;0;0;0;0;Psicotrópicos;24529;https://www.drogariaveracruz.com.br/anafranil-25-mg-c20-drg/p
VeraCruz;7896241231630;Tapazol 10mg 50 comprimidos;Disponível;0;0;0;0;0;Hormônios;16473;https://www.drogariaveracruz.com.br/tapazol-10mg-50-comprimidos/p
VeraCruz;7891721014697;Euthyrox 50mcg 50 comprimidos;Disponível;44,16;31,88;-27.8%;33,56;-24.0%;Hormônios;11636;https://www.drogariaveracruz.com.br/euthyrox-50mcg-50-comprimidos/p
VeraCruz;7897129303654;Aloxidil 50mg/ml Spray Capilar 50ml;Disponível;0;0;0;0;0;Tratamento Capilar > Queda De Cabelo;21434;https://www.drogariaveracruz.com.br/aloxidil-50mgml-spray-capilar-50ml/p
VeraCruz;7896331707946;Ritmoneuran RTM 20 Cápsulas;Disponível;26,50;21,65;-18.3%;22,79;-14.0%;Sistema Nervoso > Calmantes;10721;https://www.drogariaveracruz.com.br/ritmoneuran-rtm-20-capsulas/p
VeraCruz;7896023747151;Traumac Aerossol 125ml;Disponível;0;0;0;0;0;Dor e Febre > Contusão e Relaxante Muscular;19652;https://www.drogariaveracruz.com.br/traumac-aerossol-125ml/p
VeraCruz;7896181922254;ZARGUS 2 MG C/ 30 COMP;Disponível;56,74;44,74;-21.1%;47,09;-17.0%;Psicotrópicos;24791;https://www.drogariaveracruz.com.br/zargus-2-mg-c-30-comp/p
VeraCruz;7898040328542;Clotrimix Creme 10mg/g 20g;Disponível;33,05;22,30;-32.5%;23,47;-29.0%;Pele e Mucosa;15307;https://www.drogariaveracruz.com.br/creme-dermatologico-clotrimix-10mgg-20g/p
VeraCruz;7891317465346;Venlaxin Cloridrato de Venlafaxina 37,5mg Com 30 cápsulas;Disponível;53,13;32,30;-39.2%;34,00;-36.0%;Psicotrópicos;24870;https://www.drogariaveracruz.com.br/venlaxin-375mg-c30-cps/p
VeraCruz;7897337705882;Renitec 10mg 30 comprimidos;Disponível;27,21;21,19;-22.1%;22,31;-18.0%;Pressão Alta > Anti-Hipertensivo;12910;https://www.drogariaveracruz.com.br/renitec-10mg-30-comprimidos/p
VeraCruz;7894916508940;Bramicar 80mg 30 comprimidos;Disponível;99,56;76,61;-23.1%;80,64;-19.0%;Pressão Alta > Anti-Hipertensivo;13504;https://www.drogariaveracruz.com.br/bramicar-80mg-30-comprimidos/p
VeraCruz;7891106914031;Primogyna 1mg 28 drágeas;Disponível;0;0;0;0;0;Saúde Feminina > Reposição Hormonal;10683;https://www.drogariaveracruz.com.br/primogyna-1mg-28-drageas/p
VeraCruz;7896331701562;GINKOCAPS - 80mg, 30 cápsulas;Disponível;0;0;0;0;0;Sistema Nervoso > Medicamentos Antivertiginosos: Ginkgo, Tanakan, Equitam;12632;https://www.drogariaveracruz.com.br/ginkocaps-80mg-30-capsulas/p
VeraCruz;7896112403258;Doss 15.000UI 04 cápsulas gelatinosas moles;Disponível;41,28;28,23;-31.6%;29,72;-28.0%;Para os Ossos > Osteoporose;20784;https://www.drogariaveracruz.com.br/doss-15000ui-30-capsulas-gelatinosas-moles/p
VeraCruz;7894916508513;Concárdio 5mg 30 comprimidos revestidos;Disponível;0;0;0;0;0;Sistema Circulatório > Circulação;11704;https://www.drogariaveracruz.com.br/concardio-5mg-30-comprimidos-revestidos/p
VeraCruz;7896070601697;NEULEPTIL 1% GTS PED C/20 ML;Disponível;15,15;11,66;-23.0%;12,27;-19.0%;Psicotrópicos;24831;https://www.drogariaveracruz.com.br/neuleptil-1-gts-ped-c20-ml/p
VeraCruz;7896637032506;Eniagor 50mg/ml Solução Capilar 50ml;Disponível;87,02;41,33;-52.5%;43,51;-50.0%;Tratamento Capilar > Queda De Cabelo;14245;https://www.drogariaveracruz.com.br/eniagor-50mgml-solucao-capilar-50ml/p
VeraCruz;7896523227146;Cimegripe Dor e Febre 750mg 20 comprimidos;Disponível;20,44;19,42;-5.0%;20,44;-0.0%;Dor e Febre > Analgésico;19231;https://www.drogariaveracruz.com.br/cimegripe-dor-e-febre-750mg-20-comprimidos/p
VeraCruz;7897322714479;Mioflex A 125mg + 50mg + 300mg + 30mg 30 Comprimidos;Disponível;66,23;57,88;-12.6%;60,93;-8.0%;Dor e Febre > Anti-Inflamatórios;17015;https://www.drogariaveracruz.com.br/mioflex-a-125mg-50mg-300mg-30mg-30-comprimidos/p
VeraCruz;7892953208380;Fenazic 15mg 30 comprimidos revestidos de liberação prolongada;Disponível;197,99;152,35;-23.1%;53,46;-73.0%;Saúde Feminina > Medicamentos Urinários;20734;https://www.drogariaveracruz.com.br/fenazic-15mg-30-comprimidos-revestidos-de-liberacao-prolongada/p
VeraCruz;7896676402544;Kollagenase Com Cloranfenicol 06U/G + 001G/G 1 Bisnaga Com 30G de Pomada de Uso dermatológico;Disponível;76,79;62,01;-19.2%;65,27;-15.0%;Antibióticos;23949;https://www.drogariaveracruz.com.br/kollagenase-com-cloranfenicol-06ug-001gg-1-bisnaga-com-30g-de-pomada-de-uso-dermatologico/p
VeraCruz;7897316804735;Acular LS 4mg/ml Solução Oftálmica 5ml;Disponível;77,80;61,34;-21.2%;64,57;-17.0%;Dor e Febre > Anti-Inflamatórios;17345;https://www.drogariaveracruz.com.br/acular-ls-4mgml-solucao-oftalmica-5ml/p
VeraCruz;7896523227573;Loratadina 10mg Cimed 12 comprimidos;Disponível;21,54;5,12;-76.2%;5,39;-75.0%;Alergias;13995;https://www.drogariaveracruz.com.br/loratadina-10mg-cimed-12-comprimidos/p
VeraCruz;7891268113013;Vibramicina 100mg 20 comprimidos Solúveis;Disponível;0;0;0;0;0;Antibióticos;23994;https://www.drogariaveracruz.com.br/vibramicina-100mg-20-comprimidos-soluveis/p
VeraCruz;7896226110561;Probiótico GinoBiotta Com 30 cápsulas;Disponível;139,90;115,62;-17.4%;60,86;-56.5%;Digestão > Laxantes e Reguladores Intestinais;25810;https://www.drogariaveracruz.com.br/suplemento-alimentar-ginobiotta-30-capsulas/p
VeraCruz;7891142171757;Polaramine Xarope 0,4mg/ml Sabor de Frutas 120ml;Disponível;39,98;35,32;-11.7%;37,18;-7.0%;Alergias;10196;https://www.drogariaveracruz.com.br/antialergico-polaramine-xarope-04mgml-sabor-de-frutas-120ml/p
VeraCruz;7898430192067;Unizinco 17,60mg/ml Sabor Tutti Frutti 100ml;Disponível;34,74;29,71;-14.5%;31,27;-10.0%;Vitaminas;10794;https://www.drogariaveracruz.com.br/suplemento-vitaminico-unizinco-1760mgml-sabor-tutti-frutti-100ml/p
VeraCruz;7896658015205;QUETROS 200MG C/30 CPR;Disponível;0;0;0;0;0;Psicotrópicos;24863;https://www.drogariaveracruz.com.br/quetros-200mg-c30-cpr/p
VeraCruz;7896658018862;Esalerg 0,5mg/ml Xarope Sabor Tutti Frutti 100ml;Disponível;0;0;0;0;0;Alergias;10635;https://www.drogariaveracruz.com.br/esalerg-05mgml-xarope-sabor-tutti-frutti-100ml/p
VeraCruz;7896094921115;Suplemento Alimentar Ofolato G 50ml;Disponível;0;0;0;0;0;Saúde Feminina > Gestante;21161;https://www.drogariaveracruz.com.br/suplemento-alimentar-ofolato-g-50ml/p
VeraCruz;7896112402435;Flux SR 1,5mg 30 comprimidos revestidos;Disponível;38,41;29,19;-24.0%;30,73;-20.0%;Pressão Alta > Anti-Hipertensivo;14451;https://www.drogariaveracruz.com.br/flux-sr-15mg-30-comprimidos-revestidos/p
VeraCruz;7896622305844;Antiácido Gastrol Pó Efervescente Sabor Laranja 5g;Disponível;4,13;3,30;-20.1%;3,47;-16.0%;Digestão > Azia e Má Digestão;18546;https://www.drogariaveracruz.com.br/antiacido-gastrol-po-efervescente-sabor-laranja-5g/p
VeraCruz;7896641813603;VENVANSE 50MG C/28 CPS;Disponível;590,31;448,64;-24.0%;157,42;-73.3%;Psicotrópicos;24767;https://www.drogariaveracruz.com.br/venvanse-50mg-c28-cps/p
VeraCruz;7896112493587;Vasopril 20mg 30 comprimidos;Disponível;117,22;85,75;-26.8%;90,26;-23.0%;Pressão Alta > Anti-Hipertensivo;10816;https://www.drogariaveracruz.com.br/vasopril-20mg-30-comprimidos/p
VeraCruz;7896658022104;Livepax 500mg Caixa Contendo 10 comprimidos revestidos;Disponível;0;0;0;0;0;Antibióticos;23980;https://www.drogariaveracruz.com.br/livepax-500mg-caixa-contendo-10-comprimidos-revestidos/p
VeraCruz;7896658006005;SOYFEMME - 150mg, 30 cápsulas;Disponível;0;0;0;0;0;Saúde Feminina > Reposição Hormonal;25513;https://www.drogariaveracruz.com.br/soyfemme-150mg-30-capsulas/p
VeraCruz;7897595634238;Zinnat 500 mg c/10 comprimidos;Disponível;234,89;223,15;-5.0%;78,30;-66.7%;Antibióticos;23888;https://www.drogariaveracruz.com.br/zinnat-500-mg-c10-comprimidos/p
VeraCruz;7896112425410;Pantogar Com 60 cápsulas gelatinosas duras;Disponível;230,61;219,08;-5.0%;76,87;-66.7%;Tratamento Capilar > Queda De Cabelo;12788;https://www.drogariaveracruz.com.br/pantogar-60-capsulas-gelatinosas-duras/p
VeraCruz;7896548199459;Nevanac Uno 3mg/ml Solução Oftálmica 3ml;Disponível;0;0;0;0;0;Olhos > Lubrificantes e Colírios;11951;https://www.drogariaveracruz.com.br/nevanac-uno-3mgml-solucao-oftalmica-3ml/p
VeraCruz;7896658030291;Montelair 5mg Sabor Cereja 60 comprimidos mastigáveis;Disponível;126,47;96,12;-24.0%;50,59;-60.0%;Sistema Respiratório > Asma;14681;https://www.drogariaveracruz.com.br/montelair-5mg-sabor-cereja-60-comprimidos-mastigaveis/p
VeraCruz;7897595903259;Puran T4 200mcg 30 comprimidos;Disponível;59,89;41,53;-30.7%;43,72;-27.0%;Hormônios;15979;https://www.drogariaveracruz.com.br/puran-t4-200mcg-30-comprimidos/p
VeraCruz;5413787041794;Zyxem 5mg 10 comprimidos revestidos;Disponível;0;0;0;0;0;Alergias;11237;https://www.drogariaveracruz.com.br/zyxem-5mg-10-comprimidos-revestidos/p
VeraCruz;7892953003022;Condroflex 500mg + 400mg 90 cápsulas;Disponível;208,78;158,67;-24.0%;55,67;-73.3%;Para os Ossos > Artrite e Artrose;13008;https://www.drogariaveracruz.com.br/codroflex-500mg-400mg-90-capsulas/p
VeraCruz;7897460400166;GAMMAR - comprimidos;Disponível;0;0;0;0;0;Sistema Nervoso > Distúrbios Cerebrais;24027;https://www.drogariaveracruz.com.br/gammar-comprimidos/p
VeraCruz;7891058001988;Enterogermina Adulto Sabor Laranja 9 sachês;Disponível;0;0;0;0;0;Digestão > Laxantes e Reguladores Intestinais;20367;https://www.drogariaveracruz.com.br/probiotico-enterogermina-adulto-sabor-laranja-9-saches/p
VeraCruz;7896015592356;Sal de Andrews Efervescente 1 envelope com 5g;Disponível;2,20;1,99;-9.5%;2,09;-5.0%;Digestão > Azia e Má Digestão;11512;https://www.drogariaveracruz.com.br/sal-de-andrews-efervescente-1-envelope-com-5g/p
VeraCruz;7894916510202;Esogastro Ibp 500mg + 500mg + 20mg 28 Cápsulas Duras + 14 comprimidos revestidos + 42 comprimidos revestidos;Disponível;0;0;0;0;0;Antibióticos;23946;https://www.drogariaveracruz.com.br/esogastro-ibp-500mg-500mg-20mg-28-capsulas-duras-14-comprimidos-revestidos-42-comprimidos-revestidos/p
VeraCruz;7896212422951;ULTRACET C/10 CPR;Disponível;0;0;0;0;0;Psicotrópicos;25000;https://www.drogariaveracruz.com.br/ultracet-c10-cpr/p
VeraCruz;7896112409267;Doss Colecalciferol 10.000 UI Com 8 cápsulas;Disponível;38,54;36,61;-5.0%;38,54;-0.0%;Para os Ossos > Osteoporose;26114;https://www.drogariaveracruz.com.br/doss-colecalciferol-10000-ui-com-8-capsulas/p
VeraCruz;7896004770895;Allexofedrin Pediátrico 6mg/ml EMS Sabor Framboesa 60ml;Disponível;41,60;39,52;-5.0%;41,60;-0.0%;Alergias;18844;https://www.drogariaveracruz.com.br/allexofedrin-pediatrico-6mgml-ems-sabor-framboesa-60ml/p
VeraCruz;7896070601765;Profenid Entérico 100mg 20 comprimidos revestidos;Disponível;84,77;69,26;-18.3%;72,90;-14.0%;Dor e Febre > Anti-Inflamatórios;10707;https://www.drogariaveracruz.com.br/profenid-enterico-100mg-20-comprimidos-revestidos/p
VeraCruz;7896658049477;Trezete 5mg + 10 mg Aché 30 Comprimidos Revestidos;Disponível;78,72;74,78;-5.0%;78,72;-0.0%;Colesterol e Triglicerídeos;25802;https://www.drogariaveracruz.com.br/trezete-5mg-10-mg-ache-30-comprimidos-revestidos/p
VeraCruz;7898040323141;Sustrate 10mg 50 comprimidos;Disponível;39,74;30,58;-23.0%;32,19;-19.0%;Sistema Circulatório > Cardiovasculares;11172;https://www.drogariaveracruz.com.br/sustrate-10mg-50-comprimidos/p
VeraCruz;7897322709499;Addera D3 10.000UI 4 Comprimidos Revestidos;Disponível;68,54;52,74;-23.1%;55,52;-19.0%;Vitaminas;13724;https://www.drogariaveracruz.com.br/vitamina-d3-addera-d3-10000ui-4-comprimidos-revestidos/p
VeraCruz;7896637033589;Arpadol 400mg 30 comprimidos revestidos;Disponível;0;0;0;0;0;Para os Ossos > Artrite e Artrose;18081;https://www.drogariaveracruz.com.br/arpadol-400mg-30-comprimidos-revestidos/p
VeraCruz;7898687730555;Suplemento Alimentar Althaia Vitamina D3 1.000UI 30 cápsulas gel;Disponível;0;0;0;0;0;Vitaminas;15661;https://www.drogariaveracruz.com.br/suplemento-alimentar-althaia-vitamina-d3-1000ui-30-capsulas-gel/p
VeraCruz;7896112127673;Dexason Elixir 100ml;Disponível;0;0;0;0;0;Dor e Febre > Anti-Inflamatórios;15145;https://www.drogariaveracruz.com.br/dexason-elixir-100ml/p
VeraCruz;7896658005978;Mirtax 5mg 30 comprimidos revestidos;Disponível;0;0;0;0;0;Dor e Febre > Anti-Inflamatórios;16684;https://www.drogariaveracruz.com.br/mirtax-5mg-caixa-contendo-30-comprimidos-revestidos/p
VeraCruz;7896009498244;AdviPro 11,6mg Gel 30g;Disponível;0;0;0;0;0;Dor e Febre > Contusão e Relaxante Muscular;20772;https://www.drogariaveracruz.com.br/advipro-116mg-gel-30g/p
VeraCruz;7897411601543;Hirudoid 500 5mg/g Gel 40g;Disponível;47,65;45,27;-5.0%;47,65;-0.0%;Dor e Febre > Contusão e Relaxante Muscular;15804;https://www.drogariaveracruz.com.br/hirudoid-500-gel-5mgg-40g/p
VeraCruz;7896206402761;Vannair 6mcg/100mcg por inalação 120 doses 8ml;Disponível;0;0;0;0;0;Sistema Respiratório > DPOC;17581;https://www.drogariaveracruz.com.br/vannair-6mcg100mcg-por-inalacao-120-doses-8ml/p
VeraCruz;7896070600881;Gardenal - 50Mg, 20 Comprimidos;Disponível;11,29;8,80;-22.1%;9,26;-18.0%;Psicotrópicos;24240;https://www.drogariaveracruz.com.br/gardenal-50mg-20-comprimidos/p
VeraCruz;7896094926585;Vabam 10mg 10 comprimidos revestidos;Disponível;0;0;0;0;0;Sistema Circulatório > Cardiovasculares;20843;https://www.drogariaveracruz.com.br/vabam-10mg-10-comprimidos-revestidos/p
VeraCruz;7897930761162;Clob - X 0,5mg/ml Shampoo 125ml;Disponível;0;0;0;0;0;Alergias;11307;https://www.drogariaveracruz.com.br/clob-x-05mgml-shampoo-125ml/p
VeraCruz;7891317191658;Foritus 500mg 14 comprimidos revestidos;Disponível;0;0;0;0;0;Antibióticos;23824;https://www.drogariaveracruz.com.br/foritus-500mg-14-comprimidos-revestidos/p
VeraCruz;7896112402107;Bivolet 5mg Biolab 30 comprimidos;Disponível;64,59;53,38;-17.4%;56,19;-13.0%;Pressão Alta > Anti-Hipertensivo;18843;https://www.drogariaveracruz.com.br/bivolet-5mg-biolab-30-comprimidos/p
VeraCruz;7896112411086;ICTUS - 3,125mg, 60 comprimidos;Disponível;0;0;0;0;0;Sistema Circulatório > Circulação;12719;https://www.drogariaveracruz.com.br/ictus-3125mg-60-comprimidos/p
VeraCruz;7893093067196;Sinudoron Weleda 80 comprimidos;Disponível;97,50;85,22;-12.6%;89,70;-8.0%;Sistema Respiratório > Descongestionantes;11134;https://www.drogariaveracruz.com.br/sinudoron-weleda-80-comprimidos/p
VeraCruz;7898430192524;Myrafer 100mg 30 comprimidos revestidos;Disponível;66,14;55,92;-15.5%;58,86;-11.0%;Sistema Imunológico;13597;https://www.drogariaveracruz.com.br/myrafer-400mg-30-comprimidos-revestidos/p
VeraCruz;7898040320683;Adoless 0,060mg + 0,015mg 28 comprimidos revestidos;Disponível;52,65;40,01;-24.0%;42,12;-20.0%;Saúde Feminina > Anticoncepcionais;10433;https://www.drogariaveracruz.com.br/adoless-0060mg-0015mg-28-comprimidos-revestidos/p
VeraCruz;-;INDOCID - 25mg, 30 cápsulas gelatinosas;Disponível;0;0;0;0;0;Dor e Febre > Anti-Inflamatórios;;https://www.drogariaveracruz.com.br/indocid-25mg-30-capsulas-gelatinosas/p
VeraCruz;7896523227375;Spray Nasal Cimed 50ml;Disponível;0;0;0;0;0;Sistema Respiratório > Descongestionantes;13992;https://www.drogariaveracruz.com.br/spray-nasal-cimed-50ml/p
VeraCruz;7898569765019;Vitamina D3 5.000UI 30 cápsulas moles;Disponível;0;0;0;0;0;Vitaminas;15663;https://www.drogariaveracruz.com.br/suplemento-alimentar-althaia-vitamina-d3-5000ui-30-capsulas-moles/p
VeraCruz;7897337716345;Microdiol 150mcg + 30mcg 21 comprimidos;Disponível;52,41;34,35;-34.5%;36,16;-31.0%;Saúde Feminina > Anticoncepcionais;11830;https://www.drogariaveracruz.com.br/microdiol-150mcg-30mcg-21-comprimidos/p
VeraCruz;7896112414247;Suprelle 1mg + 0,5mg 84 comprimidos revestidos;Disponível;0;0;0;0;0;Saúde Feminina > Reposição Hormonal;17958;https://www.drogariaveracruz.com.br/suprelle-1mg-05mg-84-comprimidos-revestidos/p
VeraCruz;7896641808432;Tecta 40mg 30 comprimidos revestidos;Disponível;0;0;0;0;0;Digestão > Úlcera e Gastrite;16485;https://www.drogariaveracruz.com.br/tecta-40mg-30-comprimidos-revestidos/p
VeraCruz;7896004789873;Vynaxa Rivaroxabana 20mg Com 30 comprimidos;Disponível;0;0;0;0;0;Sistema Circulatório > Cardiovasculares;26370;https://www.drogariaveracruz.com.br/vynaxa-rivaroxabana-20mg-com-30-comprimidos/p
VeraCruz;7896009498800;Eno Probióticos 30 cápsulas;Disponível;0;0;0;0;0;Digestão > Laxantes e Reguladores Intestinais;22438;https://www.drogariaveracruz.com.br/eno-probioticos-30-capsulas/p
VeraCruz;7896094927551;Alektos 20mg 20 comprimidos;Disponível;74,60;65,20;-12.6%;68,63;-8.0%;Alergias;19954;https://www.drogariaveracruz.com.br/alektos-20mg-20-comprimidos/p
VeraCruz;7897337706155;Vytorin 10mg + 10mg 28 comprimidos;Disponível;0;0;0;0;0;Colesterol e Triglicerídeos;11226;https://www.drogariaveracruz.com.br/vytorin-10mg-10mg-28-comprimidos/p
VeraCruz;7899547536164;CANABIDIOL 20 MG/ML SOL FR 30 ML + SERINGA;Disponível;0;0;0;0;0;Psicotrópicos;24957;https://www.drogariaveracruz.com.br/canabidiol-20-mgml-sol-fr-30-ml-seringa/p
VeraCruz;7896094208346;COGLIVE 16MG C/30 CPS;Disponível;209,36;149,17;-28.7%;52,34;-75.0%;Psicotrópicos;24828;https://www.drogariaveracruz.com.br/coglive-16mg-c30-cps/p
VeraCruz;7896637023580;Uro-Vaxom 6mg 30 cápsulas;Disponível;169,20;141,46;-16.4%;74,45;-56.0%;Sistema Imunológico;10800;https://www.drogariaveracruz.com.br/uro-vaxom-6mg-30-capsulas/p
VeraCruz;7891058003210;Clexane 40mg/0,4ml 2 seringas preenchidas com 0,4ml com sistema de segurança;Disponível;0;0;0;0;0;Sistema Circulatório > Circulação;11323;https://www.drogariaveracruz.com.br/clexane-40mg04ml-2-seringas-preenchidas-com-04ml-com-sistema-de-seguranca/p
VeraCruz;7896006284369;Celestrat Xarope 0,04mg/ml + 0,05mg/ml 120ml;Disponível;37,28;18,77;-49.7%;19,76;-47.0%;Dor e Febre > Anti-Inflamatórios;20494;https://www.drogariaveracruz.com.br/celestrat-xarope-004mgml-005mgml-120ml/p
VeraCruz;7891317118228;Versa 40mg/0,4ml Solução Injetável 6 seringas com 0,4ml com sistema de segurança;Disponível;508,88;357,74;-29.7%;125,52;-75.3%;Sistema Circulatório > Circulação;15708;https://www.drogariaveracruz.com.br/versa-40mg04ml-solucao-injetavel-6-seringas-com-04ml-com-sistema-de-seguranca/p
VeraCruz;7891158028526;Klaricid Ud 500mg Caixa Contendo 10 comprimidos de Liberação Prolongada;Disponível;285,46;211,53;-25.9%;74,22;-74.0%;Antibióticos;23960;https://www.drogariaveracruz.com.br/klaricid-ud-500mg-caixa-contendo-10-comprimidos-de-liberacao-prolongada/p
VeraCruz;5413787037797;Zyxem 5mg/ml Gotas 20ml;Disponível;100,07;80,81;-19.2%;85,06;-15.0%;Alergias;11238;https://www.drogariaveracruz.com.br/zyxem-5mgml-gotas-20ml/p
VeraCruz;7896083410415;Prostatal 160mg 30 cápsulas moles;Disponível;168,34;142,33;-15.5%;74,91;-55.5%;Saúde Masculina > Próstata;10282;https://www.drogariaveracruz.com.br/prostatal-160mg-30-capsulas-moles/p
VeraCruz;7896241228142;Vaslip 20mg 30 comprimidos revestidos;Disponível;48,04;37,88;-21.1%;39,87;-17.0%;Colesterol e Triglicerídeos;17586;https://www.drogariaveracruz.com.br/vaslip-20mg-30-comprimidos-revestidos/p
VeraCruz;7896094930780;Rinosoro Alto Volume Baby 0,9% 15 sachês + aplicador + copo dosador;Disponível;62,50;51,06;-18.3%;53,75;-14.0%;Sistema Respiratório > Descongestionantes;22795;https://www.drogariaveracruz.com.br/rinosoro-alto-volume-baby-09-15-saches-aplicador-copo-dosador/p
VeraCruz;7896094922433;Nesina 25mg 30 comprimidos revestidos;Disponível;184,73;175,49;-5.0%;61,58;-66.7%;Diabetes;16744;https://www.drogariaveracruz.com.br/nesina-25mg-30-comprimidos-revestidos/p
VeraCruz;7891058006716;Allegra D 60mg + 120mg 10 comprimidos revestidos de camada dupla;Disponível;72,95;58,91;-19.2%;62,01;-15.0%;Alergias;17631;https://www.drogariaveracruz.com.br/antialergico-allegra-d-60mg-120mg-10-comprimidos-revestidos-de-camada-dupla/p
VeraCruz;7896422518710;Pyloripac Retrat (30mg) + (500mg) + (500mg) Caixa Contendo 20 Cápsulas Gelatinosas Duras de Liberação Retardada + 10 comprimidos revestidos + 40 Cápsulas Gelatinosas Duras;Disponível;343,09;267,26;-22.1%;93,78;-72.7%;Antibióticos;23865;https://www.drogariaveracruz.com.br/pyloripac-retrat-30mg-500mg-500mg-caixa-contendo-20-capsulas-gelatinosas-duras-de-liberacao-retardada-10-comprimidos-revestidos-40-capsulas-gelatinosas-duras/p
VeraCruz;7896181925996;Dutasterida 0,5Mg 30 Cápsulas Biosintética Genérico;Disponível;214,31;132,34;-38.2%;69,65;-67.5%;Saúde Masculina;25881;https://www.drogariaveracruz.com.br/dutasterida-05mg-30-capsulas-biosintetica-generico/p
VeraCruz;7896094999534;Nesina Pio 25mg + 15mg 30 comprimidos revestidos;Disponível;0;0;0;0;0;Diabetes;16747;https://www.drogariaveracruz.com.br/nesina-pio-25mg-15mg-30-comprimidos-revestidos/p
VeraCruz;7896261015593;Exforge HCT 160mg + 25mg + 5mg 28 comprimidos revestidos;Disponível;0;0;0;0;0;Pressão Alta > Anti-Hipertensivo;16988;https://www.drogariaveracruz.com.br/exforge-hct-160mg-25mg-5mg-28-comprimidos-revestidos/p
VeraCruz;7891106915427;Cipro 500 mg c/6 comprimidos;Disponível;0;0;0;0;0;Antibióticos;24439;https://www.drogariaveracruz.com.br/cipro-500-mg-c6-comprimidos/p
VeraCruz;7891317443382;AMATO 50 MG C/60 CPR;Disponível;126,40;93,66;-25.9%;98,59;-22.0%;Psicotrópicos;24770;https://www.drogariaveracruz.com.br/amato-50-mg-c60-cpr/p
VeraCruz;7896676435672;Solução Oftálmica Lunah 2mg/ml 10ml;Disponível;62,90;56,77;-9.7%;59,76;-5.0%;Olhos > Lubrificantes e Colírios;22710;https://www.drogariaveracruz.com.br/solucao-oftalmica-lunah-2mgml-10ml/p
VeraCruz;7892953000694;Condroflex 500mg + 400mg 60 cápsulas;Disponível;150,19;101,30;-32.6%;53,32;-64.5%;Para os Ossos > Artrite e Artrose;12013;https://www.drogariaveracruz.com.br/condroflex-500mg-400mg-60-capsulas/p
VeraCruz;7899420501579;SENES 5MG C/30 CPS;Disponível;0;0;0;0;0;Psicotrópicos;24580;https://www.drogariaveracruz.com.br/senes-5mg-c30-cps/p
VeraCruz;7897316804179;Solução Oftálmica Lumigan 0,3% 3ml;Disponível;205,96;156,53;-24.0%;54,92;-73.3%;Olhos > Lubrificantes e Colírios;15898;https://www.drogariaveracruz.com.br/solucao-oftalmica-lumigan-03-3ml/p
VeraCruz;7897411610606;Benicar 20mg 30 comprimidos revestidos;Disponível;84,47;61,79;-26.8%;65,04;-23.0%;Pressão Alta > Anti-Hipertensivo;17693;https://www.drogariaveracruz.com.br/benicar-20mg-30-comprimidos-revestidos/p
VeraCruz;7896094207493;EGIDE 25MG C/60 CPR;Disponível;61,08;45,26;-25.9%;47,64;-22.0%;Psicotrópicos;24802;https://www.drogariaveracruz.com.br/egide-25mg-c60-cpr/p
VeraCruz;7896658021688;Adipept 20mg 28 comprimidos revestidos;Disponível;61,20;51,17;-16.4%;53,86;-12.0%;Digestão > Úlcera e Gastrite;17361;https://www.drogariaveracruz.com.br/adipept-20mg-28-comprimidos-revestidos/p
VeraCruz;7897337705899;Renitec 5mg 30 comprimidos;Disponível;42,29;32,95;-22.1%;34,68;-18.0%;Pressão Alta > Anti-Hipertensivo;12908;https://www.drogariaveracruz.com.br/renitec-5mg-30-comprimidos/p
VeraCruz;7892953000199;Osteotec 150mg 2 comprimidos revestidos;Disponível;0;0;0;0;0;Para os Ossos > Osteoporose;12386;https://www.drogariaveracruz.com.br/osteotec-150mg-2-comprimidos-revestidos/p
VeraCruz;7891142177155;Predsim 3mg/ml 100ml + dosador;Disponível;62,65;47,61;-24.0%;50,12;-20.0%;Dor e Febre > Anti-Inflamatórios;10661;https://www.drogariaveracruz.com.br/predsim-3mgml-100ml-dosador/p
VeraCruz;7891045013130;PRISTIQ 50MG C/28 CPR;Disponível;256,21;180,12;-29.7%;63,20;-75.3%;Psicotrópicos;24817;https://www.drogariaveracruz.com.br/pristiq-50mg-c28-cpr/p
VeraCruz;7896112408666;Def B 1.000mcg 30 comprimidos sublinguais;Disponível;52,50;38,90;-25.9%;40,95;-22.0%;Vitaminas;23406;https://www.drogariaveracruz.com.br/def-b-1000mcg-30-comprimidos-sublinguais/p
VeraCruz;7896094921177;Venalot 15mg + 90mg 30 drágeas;Disponível;76,17;60,06;-21.2%;63,22;-17.0%;Sistema Circulatório > Circulação;10835;https://www.drogariaveracruz.com.br/venalot-15mg-90mg-30-drageas/p
VeraCruz;7891142115492;Alivium Infantil 100mg/ml Sabor Frutas 20ml;Disponível;49,41;42,25;-14.5%;44,47;-10.0%;Dor e Febre > Analgésico;17628;https://www.drogariaveracruz.com.br/alivium-infantil-100mgml-sabor-frutas-20ml/p
VeraCruz;7896658004841;Somalium 2,5mg/ml Aché Gotas - 20ml;Disponível;28,04;14,65;-47.8%;15,42;-45.0%;Psicotrópicos;24404;https://www.drogariaveracruz.com.br/somalium-25mgml-ache-gotas-20ml/p
VeraCruz;7896006290070;Cetrolac Solução Oftálmica 5mg/ml 5ml;Disponível;71,57;55,76;-22.1%;58,69;-18.0%;Alergias;17788;https://www.drogariaveracruz.com.br/solucao-oftalmica-cetrolac-5mgml-5ml/p
VeraCruz;7898586630055;TARGIN 10+5MG C/28 CPR;Disponível;0;0;0;0;0;Psicotrópicos;24688;https://www.drogariaveracruz.com.br/targin-105mg-c28-cpr/p
VeraCruz;7898586630017;TARGIN 5MG+2,5MG C/14 CPR;Disponível;113,13;92,43;-18.3%;97,29;-14.0%;Psicotrópicos;24630;https://www.drogariaveracruz.com.br/targin-5mg25mg-c14-cpr/p
VeraCruz;7891721023965;Alginac Retard 10 comprimidos revestidos de liberação retardada;Disponível;74,11;57,73;-22.1%;60,77;-18.0%;Dor e Febre > Anti-Inflamatórios;10880;https://www.drogariaveracruz.com.br/alginac-retard-10-comprimidos-revestidos-de-liberacao-retardada/p
VeraCruz;7897655402036;GYNBEN - 20mg/g + 30mg/g, 1 bisnaga com 35g de creme de uso ginecológico + 7 aplicadores;Disponível;0;0;0;0;0;Saúde Feminina > Creme e óvulos vaginais;15780;https://www.drogariaveracruz.com.br/gynben-20mgg-30mgg-1-bisnaga-com-35g-de-creme-de-uso-ginecologico-7-aplicadores/p
VeraCruz;7899547508758;Ginkgo Vital 80mg 30 comprimidos;Disponível;0;0;0;0;0;Sistema Nervoso > Medicamentos Antivertiginosos: Ginkgo, Tanakan, Equitam;15621;https://www.drogariaveracruz.com.br/ginkgo-vital-80mg-30-comprimidos/p
VeraCruz;7898133139260;Suplemento Hidroeletrolítico Hidralyte Natulab Tutti-Frutti 500ml;Disponível;17,50;12,14;-30.6%;12,78;-27.0%;Digestão > Laxantes e Reguladores Intestinais;12698;https://www.drogariaveracruz.com.br/suplemento-hidroeletrolitico-hidrality-natulab-tutti-frutti-500ml/p
VeraCruz;7897337709354;Hyzaar 50mg + 12,5mg 30 comprimidos revestidos;Disponível;0;0;0;0;0;Pressão Alta > Anti-Hipertensivo;15820;https://www.drogariaveracruz.com.br/hyzaar-50mg-125mg-30-comprimidos-revestidos/p
VeraCruz;7891106914147;Yaz 3mg + 0,02mg 24 comprimidos revestidos;Disponível;0;0;0;0;0;Saúde Feminina > Anticoncepcionais;18019;https://www.drogariaveracruz.com.br/yaz-3mg-002mg-24-comprimidos-revestidos/p
VeraCruz;7893736010053;Enxak 12 comprimidos;Disponível;22,58;19,73;-12.6%;20,77;-8.0%;Dor e Febre > Enxaqueca;10166;https://www.drogariaveracruz.com.br/enxak-12-comprimidos/p
VeraCruz;5702157141920;BRINTELLIX 5MG C/30 CPR;Disponível;250,99;193,14;-23.0%;67,77;-73.0%;Psicotrópicos;24884;https://www.drogariaveracruz.com.br/brintellix-5mg-c30-cpr/p
VeraCruz;7891268118094;Eliquis 5mg 20 Comprimidos Revestidos;Disponível;0;0;0;0;0;Sistema Circulatório > Circulação;13715;https://www.drogariaveracruz.com.br/eliquis-5mg-20-comprimidos-revestidos/p
VeraCruz;7896658004148;Novocilin 875mg Caixa Contendo 14 comprimidos;Disponível;63,73;53,28;-16.4%;56,08;-12.0%;Antibióticos;23852;https://www.drogariaveracruz.com.br/novocilin-875mg-caixa-contendo-14-comprimidos/p
VeraCruz;7896094919327;Addera 2.000UI + Imunidade 90 comprimidos revestidos;Disponível;0;0;0;0;0;Vitaminas;19270;https://www.drogariaveracruz.com.br/vitamina-d-addera-2000ui-imunidade-90-comprimidos-revestidos/p
VeraCruz;7897851221608;Tecnofer Sabor Laranja 30 comprimidos efervescentes;Disponível;0;0;0;0;0;Sistema Imunológico;24030;https://www.drogariaveracruz.com.br/tecnofer-sabor-laranja-30-comprimidos-efervescentes/p
VeraCruz;7896006219712;Cafeína + Carisoprodol + Diclofenaco Sódico + Paracetamol União Química 30 comprimidos;Disponível;0;0;0;0;0;Dor e Febre > Contusão e Relaxante Muscular;22160;https://www.drogariaveracruz.com.br/cafeina-carisoprodol-diclofenaco-sodico-paracetamol-uniao-quimica-30-comprimidos/p
VeraCruz;7896658006043;Diosmin 450mg + 50mg 30 comprimidos revestidos;Disponível;70,37;66,85;-5.0%;70,37;-0.0%;Sistema Circulatório > Circulação;12105;https://www.drogariaveracruz.com.br/diosmin-450mg-50mg-30-comprimidos-revestidos/p
VeraCruz;7896714292168;Naturetti 16 cápsulas;Disponível;75,95;59,17;-22.1%;62,28;-18.0%;Digestão > Laxantes e Reguladores Intestinais;11926;https://www.drogariaveracruz.com.br/laxante-fitoterapico-naturetti-16-capsulas/p
VeraCruz;7897129300769;Therapsor 0,5mg/ml Solução Capilar 25ml;Disponível;0;0;0;0;0;Dor e Febre > Anti-Inflamatórios;12511;https://www.drogariaveracruz.com.br/therapsor-05mgml-solucao-capilar-25ml/p
VeraCruz;7897322704944;Rinosoro SIC Spray 3% Descongestionante Nasal  50ml;Disponível;0;0;0;0;0;Sistema Respiratório > Descongestionantes;10713;https://www.drogariaveracruz.com.br/fluidificante-e-descongestionante-nasal-rinosoro-sic-spray-3-50ml/p
VeraCruz;7894916513197;Bupium XL 300mg Ems 60 Comprimidos De Liberação Prolongada;Disponível;207,59;197,21;-5.0%;69,20;-66.7%;Psicotrópicos;24595;https://www.drogariaveracruz.com.br/bupium-xl-300mg-ems-60-comprimidos-de-liberacao-prolongada/p
VeraCruz;7894916509718;Rusovas 10mg 60 comprimidos revestidos;Disponível;121,59;115,51;-5.0%;60,80;-50.0%;Colesterol e Triglicerídeos;10737;https://www.drogariaveracruz.com.br/rusovas-10mg-60-comprimidos-revestidos/p
VeraCruz;7896094922037;Alektos 20mg 30 comprimidos;Disponível;142,05;122,81;-13.5%;64,64;-54.5%;Alergias;10869;https://www.drogariaveracruz.com.br/alektos-20mg-30-comprimidos/p
VeraCruz;7891317036881;Equitam 120mg 30 comprimidos revestidos;Disponível;116,68;96,43;-17.4%;50,76;-56.5%;Sistema Nervoso > Medicamentos Antivertiginosos: Ginkgo, Tanakan, Equitam;17171;https://www.drogariaveracruz.com.br/equitam-120mg-30-comprimidos-revestidos/p
VeraCruz;7896269900693;Zinnat 250mg 10 comprimidos revestidos;Disponível;0;0;0;0;0;Antibióticos;23940;https://www.drogariaveracruz.com.br/zinnat-250mg-10-comprimidos-revestidos/p
VeraCruz;8903855082509;DESDUO 1000MG C/60 CPR;Disponível;0;0;0;0;0;Psicotrópicos;24989;https://www.drogariaveracruz.com.br/desduo-1000mg-c60-cpr/p
VeraCruz;7898049790180;Lorasliv 10mg 12 comprimidos;Disponível;16,55;2,67;-83.9%;2,81;-83.0%;Alergias;20040;https://www.drogariaveracruz.com.br/lorasliv-10mg-12-comprimidos/p
VeraCruz;7891317019204;Tamiram 500mg 3 comprimidos revestidos;Disponível;0;0;0;0;0;Antibióticos;23968;https://www.drogariaveracruz.com.br/tamiram-500mg-3-comprimidos-revestidos/p
VeraCruz;7898956544340;DIVA - 3mg + 0,03mg, 63 comprimidos revestidos;Disponível;0;0;0;0;0;Saúde Feminina > Anticoncepcionais;17211;https://www.drogariaveracruz.com.br/diva-3mg-003mg-63-comprimidos-revestidos/p
VeraCruz;7891142118080;Analgésico Calminex Ice Aerossol 170g;Disponível;86,99;70,24;-19.3%;73,94;-15.0%;Dor e Febre > Contusão e Relaxante Muscular;10555;https://www.drogariaveracruz.com.br/analgesico-calminex-ice-aerosol-170g/p
VeraCruz;8903855082813;MENELAT ODT 15MG C/30 CPR;Disponível;91,30;61,58;-32.6%;64,82;-29.0%;Psicotrópicos;24985;https://www.drogariaveracruz.com.br/menelat-odt-15mg-c30-cpr/p
VeraCruz;7896658025518;ZYAD DIÁRIO - 20mg, caixa contendo 1 comprimido revestido;Disponível;0;0;0;0;0;Saúde Masculina > Disfunção Erétil;11242;https://www.drogariaveracruz.com.br/zyad-diario-20mg-caixa-contendo-1-comprimido-revestido/p
VeraCruz;7896094206137;Plenance 20mg 30 comprimidos revestidos;Disponível;160,72;116,04;-27.8%;61,08;-62.0%;Colesterol e Triglicerídeos;10178;https://www.drogariaveracruz.com.br/plenance-20mg-30-comprimidos-revestidos/p
VeraCruz;7898040322120;Ultrafer 50mg/ml 30ml;Disponível;49,95;42,24;-15.4%;44,46;-11.0%;Sistema Imunológico;10782;https://www.drogariaveracruz.com.br/ultrafer-50mgml-30ml/p
VeraCruz;7896094201248;Gestinol 28 75mcg +30mcg 28 comprimidos revestidos;Disponível;69,32;52,69;-24.0%;55,46;-20.0%;Saúde Feminina > Anticoncepcionais;12259;https://www.drogariaveracruz.com.br/gestinol-28-75mcg-30mcg-28-comprimidos-revestidos/p
VeraCruz;7898040325237;Maresis Baby 0,9% Spray Jato Suave Contínuo 100ml;Disponível;57,83;51,09;-11.7%;53,78;-7.0%;Sistema Respiratório > Descongestionantes;12295;https://www.drogariaveracruz.com.br/solucao-nasal-maresis-baby-09-spray-jato-suave-continuo-100ml/p
VeraCruz;7896658005305;Flogoral 1,5mg/ml Spray Sabor Menta 30ml;Disponível;42,79;37,40;-12.6%;39,37;-8.0%;Dor e Febre > Dor de Garganta;18226;https://www.drogariaveracruz.com.br/flogoral-15mgml-spray-sabor-menta-30ml/p
VeraCruz;7898908753141;Traumeel S 50 comprimidos sublinguais;Disponível;102,90;90,92;-11.6%;95,70;-7.0%;Dor e Febre > Analgésico;10778;https://www.drogariaveracruz.com.br/traumeel-s-50-comprimidos-sublinguais/p
VeraCruz;7897322707211;Lisador 24 comprimidos;Disponível;67,48;64,11;-5.0%;67,48;-0.0%;Dor e Febre > Analgésico;15829;https://www.drogariaveracruz.com.br/lisador-24-comprimidos/p
VeraCruz;7896658008122;Artrosil 320mg 10 cápsulas duras de liberação prolongada;Disponível;64,46;53,28;-17.3%;56,08;-13.0%;Dor e Febre > Anti-Inflamatórios;18094;https://www.drogariaveracruz.com.br/artrosil-320mg-20-capsulas-duras-de-liberacao-prolongada/p
VeraCruz;7896241265000;LOVELLE - 0,25mg + 0,05mg, 21 comprimidos revestidos?;Disponível;0;0;0;0;0;Saúde Feminina > Anticoncepcionais;15883;https://www.drogariaveracruz.com.br/lovelle-025mg-005mg-21-comprimidos-revestidos/p
VeraCruz;7894916500609;Azi 1500mg 1 Frasco de Suspensão de Uso Oral + 1 Flaconete Com 20ml;Disponível;0;0;0;0;0;Antibióticos;23901;https://www.drogariaveracruz.com.br/azi-1500mg-1-frasco-de-suspensao-de-uso-oral-1-flaconete-com-20ml/p
VeraCruz;7896422505888;Prazol 30mg 14 cápsulas de liberação retardada;Disponível;0;0;0;0;0;Digestão > Úlcera e Gastrite;10646;https://www.drogariaveracruz.com.br/prazol-30mg-14-capsulas-de-liberacao-retardada/p
VeraCruz;7898908753134;Zeel 50 comprimidos sublinguais;Disponível;0;0;0;0;0;Para os Ossos > Artrite e Artrose;13172;https://www.drogariaveracruz.com.br/zeel-comp-n-50-comprimidos-sublinguais/p
VeraCruz;7896676408218;Gino Kollagenase 06U/G + 001G/G 1 Bisnaga Com 30G de Pomada de Uso Ginecológico + 6 Aplicadores;Disponível;78,85;63,67;-19.3%;67,02;-15.0%;Antibióticos;23986;https://www.drogariaveracruz.com.br/gino-kollagenase-06ug-001gg-1-bisnaga-com-30g-de-pomada-de-uso-ginecologico-6-aplicadores/p
VeraCruz;7896714230023;Neosoro Infantil 30ml;Disponível;13,35;8,37;-37.3%;8,81;-34.0%;Sistema Respiratório > Descongestionantes;11931;https://www.drogariaveracruz.com.br/fluidificante-e-descongestionante-nasal-neosoro-infantil-30ml/p
VeraCruz;7897411610958;Loxonin 60mg 30 comprimidos;Disponível;81,54;63,52;-22.1%;66,86;-18.0%;Dor e Febre > Anti-Inflamatórios;15885;https://www.drogariaveracruz.com.br/loxonin-60mg-30-comprimidos/p
VeraCruz;7897705202340;Saxenda 6mg/ml 3 carpules com 3ml + 3 sistemas de aplicação;Disponível;0;0;0;0;0;Diabetes;11521;https://www.drogariaveracruz.com.br/saxenda-6mgml-3-carpules-com-3ml-3-sistemas-de-aplicacao/p
VeraCruz;7891058260071;Esperson N 2,5mg/g + 7,145mg/ml Pomada Dermatológica 20g;Disponível;0;0;0;0;0;Pele e Mucosa;15260;https://www.drogariaveracruz.com.br/esperson-n-25mgg-7145mgml-pomada-dermatologica-20g/p
VeraCruz;7891142201621;Alivium 400mg 8 cápsulas líquidas;Disponível;27,49;23,50;-14.5%;24,74;-10.0%;Dor e Febre > Analgésico;17647;https://www.drogariaveracruz.com.br/alivium-400mg-8-capsulas-liquidas/p
VeraCruz;7896094917507;Lacto-Leve Sem Sabor 120ml;Disponível;0;0;0;0;0;Digestão > Laxantes e Reguladores Intestinais;20458;https://www.drogariaveracruz.com.br/lacto-leve-sem-sabor-120ml/p
VeraCruz;7895296128124;ESOP - 20mg, 28 comprimidos revestidos de liberação retardada;Disponível;0;0;0;0;0;Digestão > Úlcera e Gastrite;17205;https://www.drogariaveracruz.com.br/esop-20mg-28-comprimidos-revestidos-de-liberacao-retardada/p
VeraCruz;7896658016585;Betadine 24mg 30 comprimidos;Disponível;43,13;35,24;-18.3%;37,09;-14.0%;Sistema Nervoso > Medicamentos Antivertiginosos: Ginkgo, Tanakan, Equitam;10938;https://www.drogariaveracruz.com.br/betadine-24mg-30-comprimidos/p
VeraCruz;7897705203088;Wegovy 0,5mg 1 sistema de aplicação preenchido de 1,5ml e 4 agulhas descartáveis;Disponível;0;0;0;0;0;Diabetes;23224;https://www.drogariaveracruz.com.br/wegovy-05mg-1-sistema-de-aplicacao-preenchido-de-15ml-e-4-agulhas-descartaveis/p
VeraCruz;7896261016262;Galvus Met 50mg + 1000mg 56 comprimidos revestidos;Disponível;0;0;0;0;0;Diabetes;16205;https://www.drogariaveracruz.com.br/galvus-met-50mg-1000mg-56-comprimidos-revestidos/p
VeraCruz;7896658024979;Bravan Duo 160mg/10mg 30 comprimidos;Disponível;0;0;0;0;0;Pressão Alta > Anti-Hipertensivo;14823;https://www.drogariaveracruz.com.br/bravan-duo-160mg10mg-30-comprimidos/p
VeraCruz;7896676433029;Oftpred Solução Oftálmica 10mg/ml 5ml;Disponível;52,59;43,97;-16.4%;46,28;-12.0%;Alergias;16317;https://www.drogariaveracruz.com.br/solucao-oftalmica-oftpred-10mgml-5ml/p
VeraCruz;7896261004900;Diovan HCT 160mg + 12,5mg Novartis 28 comprimidos revestidos;Disponível;157,14;149,28;-5.0%;52,38;-66.7%;Pressão Alta > Anti-Hipertensivo;16022;https://www.drogariaveracruz.com.br/diovan-hct-160mg-125mg-novartis-28-comprimidos-revestidos/p
VeraCruz;7897595901842;SOCIAN 50 MG C/20 CPR;Disponível;0;0;0;0;0;Psicotrópicos;24874;https://www.drogariaveracruz.com.br/socian-50-mg-c20-cpr/p
VeraCruz;7899420506925;COD PAR 500/30MG C/24 CPR;Disponível;0;0;0;0;0;Psicotrópicos;24696;https://www.drogariaveracruz.com.br/cod-par-50030mg-c24-cpr/p
VeraCruz;7896658040306;Nautex Odg 4mg Laranja 10 Envelopes Granulado Orodispersível;Disponível;41,02;38,97;-5.0%;41,02;-0.0%;Digestão > Náuseas;25746;https://www.drogariaveracruz.com.br/nautex-odg-4mg-laranja-10-envelopes-granulado-orodispersivel/p
VeraCruz;7891106907019;Xarelto 15mg 28 comprimidos revestidos;Disponível;0;0;0;0;0;Sistema Circulatório > Circulação;18007;https://www.drogariaveracruz.com.br/xarelto-15mg-28-comprimidos-revestidos/p
VeraCruz;7896094914353;Estomazil Sabor Guaraná 5g;Disponível;3,48;2,75;-21.0%;2,89;-17.0%;Digestão > Azia e Má Digestão;11630;https://www.drogariaveracruz.com.br/antiacido-po-efervescente-estomazil-sabor-guarana-5g/p
VeraCruz;7894916508353;Brasart HCT 160mg + 12,5mg 30 comprimidos revestidos;Disponível;99,37;94,40;-5.0%;99,37;-0.0%;Pressão Alta > Anti-Hipertensivo;17429;https://www.drogariaveracruz.com.br/brasart-hct-160mg-125mg-30-comprimidos-revestidos/p
VeraCruz;7891721019074;FLORATIL PACK - 200mg/g + 250mg/1,25g, 6 sachês com 1g de pó de uso oral + 6 sachês com 1,25g de pó de uso oral;Disponível;0;0;0;0;0;Digestão > Laxantes e Reguladores Intestinais;24016;https://www.drogariaveracruz.com.br/floratil-pack-200mgg-250mg125g-6-saches-com-1g-de-po-de-uso-oral-6-saches-com-125g-de-po-de-uso-oral/p
VeraCruz;7896658000843;Diosmin SDU 900mg + 100mg Sabor Laranja / Limão 15 sachês com 5g cada;Disponível;0;0;0;0;0;Sistema Circulatório > Circulação;12103;https://www.drogariaveracruz.com.br/diosmin-sdu-900mg-100mg-sabor-laranja-limao-15-saches-com-5g-cada/p
VeraCruz;7898037084925;Gripemed solução oral 120ml Almeida Prado;Disponível;30,90;29,36;-5.0%;30,90;-0.0%;Sistema Respiratório > Antigripais;25261;https://www.drogariaveracruz.com.br/gripemed-solucao-oral-120ml-almeida-prado/p
VeraCruz;7896112402442;NUIT FLASH 5MG C/30 CPR;Disponível;0;0;0;0;0;Psicotrópicos;24266;https://www.drogariaveracruz.com.br/nuit-flash-5mg-c30-cpr/p
VeraCruz;7891058015756;Novalgina 1g Sabor Limão 10 comprimidos efervescentes;Disponível;37,61;35,73;-5.0%;37,61;-0.0%;Dor e Febre > Enxaqueca;11996;https://www.drogariaveracruz.com.br/analgesico-novalgina-1g-10-comprimidos-efervescentes/p
VeraCruz;7897337707664;Januvia 100mg 28 comprimidos revestidos;Disponível;348,91;331,46;-5.0%;116,30;-66.7%;Diabetes;11753;https://www.drogariaveracruz.com.br/januvia-100mg-28-comprimidos-revestidos/p
VeraCruz;5702191025538;Advantan 1mg/ml Solução Capilar 20ml;Disponível;0;0;0;0;0;Alergias;10434;https://www.drogariaveracruz.com.br/advantan-1mgml-solucao-capilar-20ml/p
VeraCruz;7896006200994;Urovit 100mg 25 drágeas;Disponível;0;0;0;0;0;Saúde Feminina > Medicamentos Urinários;10801;https://www.drogariaveracruz.com.br/urovit-100mg-25-drageas/p
VeraCruz;7896094200340;Sumax 100mg 2 comprimidos revestidos;Disponível;59,75;47,68;-20.2%;50,19;-16.0%;Dor e Febre > Enxaqueca;17940;https://www.drogariaveracruz.com.br/sumax-100mg-2-comprimidos-revestidos/p
VeraCruz;7896083402557;Gamaline V 900mg 30 cápsulas moles;Disponível;0;0;0;0;0;Dor e Febre > Anti-Inflamatórios;16207;https://www.drogariaveracruz.com.br/gamaline-v-900mg-30-capsulas-moles/p
VeraCruz;7891721023576;Mesidox 4mg 30 comprimidos;Disponível;87,27;68,81;-21.2%;72,43;-17.0%;Pressão Alta > Anti-Hipertensivo;16667;https://www.drogariaveracruz.com.br/mesidox-4mg-30-comprimidos/p
VeraCruz;7898495608770;Florent 200mg 6 cápsulas gelatinosas duras;Disponível;0;0;0;0;0;Digestão > Laxantes e Reguladores Intestinais;13263;https://www.drogariaveracruz.com.br/florent-200mg-6-capsulas-gelatinosas-duras/p
VeraCruz;7891317000608;DESVE 50MG C/30 CPR;Disponível;88,16;64,49;-26.8%;67,88;-23.0%;Psicotrópicos;24577;https://www.drogariaveracruz.com.br/desve-50mg-c30-cpr/p
VeraCruz;7898582292240;Queimadol Spray para Queimadura BellaPhytus 30ml;Disponível;29,90;28,41;-5.0%;29,90;-0.0%;Pele e Mucosa;27016;https://www.drogariaveracruz.com.br/queimadol-spray-30ml-bellaphytus/p
VeraCruz;7891317000660;Dexfer 400mg, Eurofarma 30 comprimidos revestidos;Disponível;68,05;56,89;-16.4%;59,88;-12.0%;Sistema Imunológico;13716;https://www.drogariaveracruz.com.br/dexfer-400mg-eurofarma-30-comprimidos-revestidos/p
VeraCruz;7896070600034;AMPLICTIL 25 MG C/20 CPR;Disponível;0;0;0;0;0;Psicotrópicos;24526;https://www.drogariaveracruz.com.br/amplictil-25-mg-c20-cpr/p
VeraCruz;7896023719899;Melagrião Xarope 150ml;Disponível;20,90;17,47;-16.4%;18,39;-12.0%;Sistema Respiratório > Tosse;16633;https://www.drogariaveracruz.com.br/xarope-melagriao-150ml/p
VeraCruz;7896070601703;Profenid 50mg 24 cápsulas duras;Disponível;69,91;57,78;-17.4%;60,82;-13.0%;Dor e Febre > Anti-Inflamatórios;10706;https://www.drogariaveracruz.com.br/profenid-50mg-24-capsulas-duras/p
VeraCruz;7896255700252;Synthroid 200mcg 30 comprimidos;Disponível;76,42;56,63;-25.9%;59,61;-22.0%;Hormônios;11185;https://www.drogariaveracruz.com.br/synthroid-200mcg-30-comprimidos/p
VeraCruz;7896016806247;Naldecon Noite 4 comprimidos;Disponível;14,99;12,39;-17.3%;13,04;-13.0%;Sistema Respiratório > Antigripais;16730;https://www.drogariaveracruz.com.br/naldecon-noite-4-comprimidos/p
VeraCruz;7896641808456;Tecta 40mg 60 comprimidos;Disponível;0;0;0;0;0;Digestão > Úlcera e Gastrite;16486;https://www.drogariaveracruz.com.br/tecta-40mg-60-comprimidos-revestidos/p
VeraCruz;7896637032476;Suplemento Alimentar de Vitamina D Inpruv D 2.000UI 30 comprimidos mastigáveis;Disponível;0;0;0;0;0;Vitaminas;19456;https://www.drogariaveracruz.com.br/suplemento-alimentar-de-vitamina-d-inpruv-d-2000ui-30-comprimidos-mastigaveis/p
VeraCruz;7891142982100;Coristina D Pro 16 comprimidos;Disponível;44,48;38,87;-12.6%;40,92;-8.0%;Sistema Respiratório > Antigripais;14867;https://www.drogariaveracruz.com.br/coristina-d-pro-16-comprimidos/p
VeraCruz;7897705203095;Wegovy 1mg 1 sistema de aplicação preenchido de 3ml e 4 agulhas descartáveis;Disponível;1299,70;1234,72;-5.0%;433,23;-66.7%;Diabetes;23226;https://www.drogariaveracruz.com.br/wegovy-1mg-1-sistema-de-aplicacao-preenchido-de-3ml-e-4-agulhas-descartaveis/p
VeraCruz;7896026307154;Cardizem SR 90mg 20 cápsulas duras de liberação prolongada;Disponível;0;0;0;0;0;Pressão Alta > Anti-Hipertensivo;10980;https://www.drogariaveracruz.com.br/cardizem-sr-90mg-20-capsulas-duras-de-liberacao-prolongada/p
VeraCruz;7896331700404;Gotas Preciosas 30ml;Disponível;23,50;16,30;-30.6%;17,16;-27.0%;Digestão > Azia e Má Digestão;15745;https://www.drogariaveracruz.com.br/gotas-preciosas-30ml/p
VeraCruz;7896422527385;Med Mulher 400mg Medley 2 cápsulas;Disponível;0;0;0;0;0;Saúde Feminina > Cólica;14696;https://www.drogariaveracruz.com.br/med-mulher-400mg-medley-2-capsulas/p
VeraCruz;7898040321505;Annita 20mg/mL, 1 frasco com 100mL de Pó para Suspensão Oral;Disponível;74,05;60,50;-18.3%;63,68;-14.0%;Vermes e Parasitas;18039;https://www.drogariaveracruz.com.br/annita-20mgml-1-frasco-com-100ml-de-po-para-suspensao-oral/p
VeraCruz;7896094209695;Salsep Jet Kids 0,9% Spray Jato Contínuo 100ml;Disponível;0;0;0;0;0;Sistema Respiratório > Descongestionantes;18327;https://www.drogariaveracruz.com.br/descongestionante-nasal-salsep-jet-kids-09-spray-jato-continuo-100ml/p
VeraCruz;7896026130004;Gotas Binelli 30mg/ml 10ml;Disponível;25,13;21,25;-15.4%;22,37;-11.0%;Sistema Respiratório > Tosse;15744;https://www.drogariaveracruz.com.br/gotas-binelli-30mgml-10ml/p
VeraCruz;7896181916222;Angipress 25mg 30 comprimidos;Disponível;24,72;20,43;-17.4%;21,51;-13.0%;Pressão Alta > Anti-Hipertensivo;11286;https://www.drogariaveracruz.com.br/angipress-25mg-30-comprimidos/p
VeraCruz;7893454209920;Tanderalgin 30 comprimidos;Disponível;47,60;13,11;-72.5%;13,80;-71.0%;Dor e Febre > Anti-Inflamatórios;16468;https://www.drogariaveracruz.com.br/tanderalgin-30-comprimidos/p
VeraCruz;7896658011900;CLOPIN - 75mg, 15 comprimidos revestidos;Disponível;0;0;0;0;0;Sistema Circulatório > Circulação;11311;https://www.drogariaveracruz.com.br/clopin-75mg-15-comprimidos-revestidos/p
VeraCruz;7896658020605;Ekson 200mg + 50mg 30 comprimidos;Disponível;0;0;0;0;0;Sistema Nervoso > Remédio para Parkinson | Aché, Roche, Cristália, e mais;10570;https://www.drogariaveracruz.com.br/ekson-200mg-50mg-30-comprimidos/p
VeraCruz;7896658002113;Brondilat 50mg/5ml Xarope Sabor Framboesa 120ml;Disponível;62,33;50,92;-18.3%;53,60;-14.0%;Sistema Respiratório > Expectorante;10517;https://www.drogariaveracruz.com.br/brondilat-50mg5ml-xarope-sabor-framboesa-120ml/p
VeraCruz;7896658021121;Notuss Xarope 3,0mg/ml Sabor Mel 120ml;Disponível;32,14;27,79;-13.5%;29,25;-9.0%;Sistema Respiratório > Tosse;11982;https://www.drogariaveracruz.com.br/xarope-notuss-30mgml-sabor-mel-120ml/p
VeraCruz;7891721028335;Citoneurin 5.000 20 comprimidos revestidos;Disponível;0;0;0;0;0;Dor e Febre > Anti-Inflamatórios;11587;https://www.drogariaveracruz.com.br/citoneurin-5000-20-drageas/p
VeraCruz;7896658005336;Flogo-Rosa 500mg 10 envelopes com 9,4g cada;Disponível;56,19;48,57;-13.6%;51,13;-9.0%;Dor e Febre > Anti-Inflamatórios;18228;https://www.drogariaveracruz.com.br/flogo-rosa-500mg-10-envelopes-com-94g-cada/p
VeraCruz;7898968453104;Atensina 0,150mg 30 comprimidos;Disponível;12,99;10,36;-20.2%;10,91;-16.0%;Pressão Alta > Anti-Hipertensivo;17379;https://www.drogariaveracruz.com.br/atensina-0150mg-30-comprimidos/p
VeraCruz;7897930761414;Epiduo 1mg/g + 25mg/g Gel 30g;Disponível;142,65;113,84;-20.2%;59,92;-58.0%;Pele e Mucosa;10611;https://www.drogariaveracruz.com.br/epiduo-1mgg-25mgg-gel-30g/p
VeraCruz;7891106913676;Flanax 275mg 2 Comprimidos Revestidos;Disponível;5,62;5,34;-5.0%;5,62;-0.0%;Dor e Febre > Analgésico;14127;https://www.drogariaveracruz.com.br/flanax-275mg-2-comprimidos-revestidos/p
VeraCruz;7896241293737;Vaslip 10mg 30 comprimidos revestidos;Disponível;28,33;20,72;-26.9%;21,81;-23.0%;Colesterol e Triglicerídeos;17585;https://www.drogariaveracruz.com.br/vaslip-10mg-30-comprimidos-revestidos/p
VeraCruz;7896269900334;Betnovate N 1mg/g + 5mg/g Creme Dermatológica 30g;Disponível;0;0;0;0;0;Dor e Febre > Anti-Inflamatórios;10951;https://www.drogariaveracruz.com.br/betnovate-n-1mgg-5mgg-creme-dermatologica-30g/p
VeraCruz;7896255766906;Piascledine 300 100mg + 200mg 30 cápsulas;Disponível;0;0;0;0;0;Para os Ossos > Artrite e Artrose;15947;https://www.drogariaveracruz.com.br/piascledine-300-100mg-200mg-30-capsulas/p
VeraCruz;7891158106446;Pedialyte Max Sabor Uva 500ml;Disponível;29,57;28,09;-5.0%;29,57;-0.0%;Digestão > Laxantes e Reguladores Intestinais;13353;https://www.drogariaveracruz.com.br/suplemento-hidroeletrolitico-pedialyte-max-uva-500ml/p
VeraCruz;-;Ablok Plus 100mg 25mg 30 comprimidos;Disponível;78,08;55,63;-28.8%;58,56;-25.0%;Pressão Alta > Anti-Hipertensivo;;https://www.drogariaveracruz.com.br/ablok-plus-100mg-25mg-30-comprimidos/p
VeraCruz;7908236800322;Norvasc 5mg 30 comprimidos;Disponível;90,07;65,03;-27.8%;68,45;-24.0%;Pressão Alta > Anti-Hipertensivo;11980;https://www.drogariaveracruz.com.br/norvasc-5mg-30-comprimidos/p
VeraCruz;7897595608383;RAZAPINA 45MG C/28 CPR;Disponível;0;0;0;0;0;Psicotrópicos;25060;https://www.drogariaveracruz.com.br/razapina-45mg-c28-cpr/p
VeraCruz;7896622305837;Gastrol Pó Efervescente Sabor Abacaxi 5g;Disponível;4,13;3,30;-20.1%;3,47;-16.0%;Digestão > Azia e Má Digestão;16216;https://www.drogariaveracruz.com.br/antiacido-po-efervescente-gastrol-abacaxi-1-envelope-com-5g/p
VeraCruz;7891317010003;Spray Nasal Snif Jet 0,9% 100ml;Disponível;23,90;22,71;-5.0%;23,90;-0.0%;Sistema Respiratório > Descongestionantes;23130;https://www.drogariaveracruz.com.br/spray-nasal-snif-jet-09-100ml/p
VeraCruz;7896658018992;Esalerg 5mg 10 comprimidos revestidos;Disponível;70,48;58,25;-17.4%;61,32;-13.0%;Alergias;10637;https://www.drogariaveracruz.com.br/esalerg-5mg-10-comprimidos-revestidos/p
VeraCruz;7896658005930;Transpulmin Xarope 200mg/15ml Sabor Menta 150ml;Disponível;47,82;40,89;-14.5%;43,04;-10.0%;Sistema Respiratório > Tosse;10771;https://www.drogariaveracruz.com.br/xarope-transpulmin-200mg15ml-sabor-menta-150ml/p
VeraCruz;7898906376618;Keflex 500mg 8 Drágeas;Disponível;83,47;62,64;-25.0%;65,94;-21.0%;Antibióticos;23955;https://www.drogariaveracruz.com.br/keflex-500mg-8-drageas/p
VeraCruz;7896637033046;RAHIME 8MG C/30CPR;Disponível;107,81;86,03;-20.2%;90,56;-16.0%;Psicotrópicos;24915;https://www.drogariaveracruz.com.br/rahime-8mg-c30cpr/p
VeraCruz;7896658027796;Colidis 5ml;Disponível;103,90;98,71;-5.0%;51,95;-50.0%;Digestão > Laxantes e Reguladores Intestinais;15330;https://www.drogariaveracruz.com.br/suplemento-probiotico-colidis-5ml/p
VeraCruz;7896090611898;Sonridor Rapid 500mg 4 Comprimidos;Disponível;5,60;5,32;-5.0%;5,60;-0.0%;Dor e Febre > Analgésico;25788;https://www.drogariaveracruz.com.br/sonridor-rapid-500mg-4-comprimidos/p
VeraCruz;7896658011924;Clopin 75mg 30 comprimidos revestidos;Disponível;77,08;61,51;-20.2%;64,75;-16.0%;Sistema Circulatório > Circulação;11312;https://www.drogariaveracruz.com.br/clopin-75mg-30-comprimidos-revestidos/p
VeraCruz;7895296286015;NARATANO - 2,5mg, 10 comprimidos revestidos;Disponível;0;0;0;0;0;Dor e Febre > Enxaqueca;17208;https://www.drogariaveracruz.com.br/naratano-25mg-10-comprimidos-revestidos/p
VeraCruz;8902220114845;Olmecor 20mg 30 comprimidos revestidos;Disponível;54,83;40,11;-26.8%;42,22;-23.0%;Pressão Alta > Anti-Hipertensivo;12380;https://www.drogariaveracruz.com.br/olmecor-20mg-30-comprimidos-revestidos/p
VeraCruz;7896261005372;TRILEPTAL 300 MG C/60 CPR;Disponível;0;0;0;0;0;Psicotrópicos;24511;https://www.drogariaveracruz.com.br/trileptal-300-mg-c60-cpr/p
VeraCruz;7896094915107;Benegrip 12 comprimidos revestidos;Disponível;29,49;26,06;-11.6%;27,43;-7.0%;Sistema Respiratório > Antigripais;17667;https://www.drogariaveracruz.com.br/benegrip-12-comprimidos-revestidos/p
VeraCruz;7896548111987;Maxitrol 1mg/ml + 5mg/ml + 6Mui/ml 1 Frasco Gotejador Com 5ml de Suspensão de Uso Oftalmológico;Disponível;0;0;0;0;0;Antibióticos;24383;https://www.drogariaveracruz.com.br/maxitrol-1mgml-5mgml-6muiml-1-frasco-gotejador-com-5ml-de-suspensao-de-uso-oftalmologico/p
VeraCruz;7896112402244;DoisKa Plus 30 Cápsulas Gelatinosas Moles;Disponível;92,30;87,69;-5.0%;92,30;-0.0%;Vitaminas;26914;https://www.drogariaveracruz.com.br/doiska-plus-30-capsulas-gelatinosas-moles/p
VeraCruz;7895296281010;LUMIDERM - 40mg/g, 1 bisnaga com 30g de gel de uso dermatológico;Disponível;0;0;0;0;0;Pele e Mucosa;17207;https://www.drogariaveracruz.com.br/lumiderm-40mgg-1-bisnaga-com-30g-de-gel-de-uso-dermatologico/p
VeraCruz;7897316805671;Zymar Xd 5mg/ml 1 Frasco Gotejador Com 3ml de Solução de Uso Oftalmológico;Disponível;55,33;45,20;-18.3%;47,58;-14.0%;Antibióticos;23929;https://www.drogariaveracruz.com.br/zymar-xd-5mgml-1-frasco-gotejador-com-3ml-de-solucao-de-uso-oftalmologico/p
VeraCruz;7896658028175;ProVance Aché Sabor Morango 10 Comprimidos Mastigáveis;Disponível;49,50;47,03;-5.0%;49,50;-0.0%;Digestão > Laxantes e Reguladores Intestinais;20838;https://www.drogariaveracruz.com.br/provance-ache-sabor-morango-10-comprimidos-mastigaveis/p
VeraCruz;7896112406570;Pressat 5mg 90 comprimidos;Disponível;115,21;89,75;-22.1%;94,47;-18.0%;Pressão Alta > Anti-Hipertensivo;20819;https://www.drogariaveracruz.com.br/pressat-5mg-90-comrpimidos/p
VeraCruz;7896658035432;ARISTAB 1MG SUSP C/150ML;Disponível;0;0;0;0;0;Psicotrópicos;24711;https://www.drogariaveracruz.com.br/aristab-1mg-susp-c150ml/p
VeraCruz;7896637022835;Miosan 5mg 30 comprimidos;Disponível;63,57;44,69;-29.7%;47,04;-26.0%;Dor e Febre > Contusão e Relaxante Muscular;16693;https://www.drogariaveracruz.com.br/miosan-5mg-30-comprimidos/p
VeraCruz;7896004787572;Linadib Duo 2,5mg + 1000mg 60 comprimidos revestidos;Disponível;142,50;125,90;-11.6%;66,27;-53.5%;Diabetes;22415;https://www.drogariaveracruz.com.br/linadib-duo-25mg-1000mg-60-comprimidos-revestidos/p
VeraCruz;7891268104028;Feldene SL 20mg 10 comprimidos de dissolução instantânea;Disponível;0;0;0;0;0;Dor e Febre > Anti-Inflamatórios;15295;https://www.drogariaveracruz.com.br/feldene-sl-20mg-10-comprimidos-de-dissolucao-instantanea/p
VeraCruz;7894916510240;Olmy Anlo 20mg + 5mg 30 comprimidos revestidos;Disponível;0;0;0;0;0;Pressão Alta > Anti-Hipertensivo;16346;https://www.drogariaveracruz.com.br/olmy-anlo-20mg-5mg-30-comprimidos-revestidos/p
VeraCruz;7896637033954;ATENTAH 18MG C/30 CAPS C1;Disponível;59,64;49,86;-16.4%;52,48;-12.0%;Psicotrópicos;24924;https://www.drogariaveracruz.com.br/atentah-18mg-c30-caps-c1/p
VeraCruz;7891104193087;Apracur 6 comprimidos;Disponível;12,98;11,47;-11.6%;12,07;-7.0%;Sistema Respiratório > Antigripais;11277;https://www.drogariaveracruz.com.br/apracur-6-comprimidos/p
VeraCruz;7891142118073;Analgésico Calminex Ice Aerossol 60g;Disponível;54,60;48,24;-11.6%;50,78;-7.0%;Dor e Febre > Contusão e Relaxante Muscular;10554;https://www.drogariaveracruz.com.br/analgesico-calminex-ice-aerosol-60g/p
VeraCruz;7895858005917;Aldomet 250mg 30 comprimidos revestidos;Disponível;0;0;0;0;0;Pressão Alta > Anti-Hipertensivo;10866;https://www.drogariaveracruz.com.br/aldomet-250mg-30-comprimidos-revestidos/p
VeraCruz;7896637032209;Probid 30 cápsulas;Disponível;88,90;84,46;-5.0%;88,90;-0.0%;Digestão > Laxantes e Reguladores Intestinais;19000;https://www.drogariaveracruz.com.br/suplemento-alimentar-probid-30-capsulas/p
VeraCruz;8902220106987;MENELAT 45 MG C/30 CPR;Disponível;255,02;164,74;-35.4%;57,80;-77.3%;Psicotrópicos;24973;https://www.drogariaveracruz.com.br/menelat-45-mg-c30-cpr/p
VeraCruz;7896658039270;MENSYVA 25MG C/30 CPR REV C1;Disponível;0;0;0;0;0;Psicotrópicos;24906;https://www.drogariaveracruz.com.br/mensyva-25mg-c30-cpr-rev-c1/p
VeraCruz;7896658008559;Mirtax 10mg 15 comprimidos revestidos;Disponível;18,83;16,10;-14.5%;16,95;-10.0%;Dor e Febre > Anti-Inflamatórios;16681;https://www.drogariaveracruz.com.br/mirtax-10mg-15-comprimidos-revestidos/p
VeraCruz;7899420504792;MINERGI 0,750MG C/30 CPR;Disponível;0;0;0;0;0;Psicotrópicos;24867;https://www.drogariaveracruz.com.br/minergi-0750mg-c30-cpr/p
VeraCruz;7898926572090;Nasonex Spray Nasal 60 doses 9ml;Disponível;50,57;41,32;-18.3%;43,49;-14.0%;Sistema Respiratório > Descongestionantes;16752;https://www.drogariaveracruz.com.br/spray-nasal-aquoso-nasonex-60-doses-9ml/p
VeraCruz;7896261018754;RITALINA 10MG C/30 CPR;Disponível;54,01;43,10;-20.2%;45,37;-16.0%;Psicotrópicos;24752;https://www.drogariaveracruz.com.br/ritalina-10mg-c30-cpr/p
VeraCruz;7896006220534;Apresolina 25mg 20 drágeas;Disponível;10,53;8,41;-20.1%;8,85;-16.0%;Pressão Alta > Anti-Hipertensivo;11278;https://www.drogariaveracruz.com.br/apresolina-25mg-20-drageas/p
VeraCruz;7896676420111;Afrat 150mg 1 comprimido;Disponível;0;0;0;0;0;Para os Ossos > Artrite e Artrose;17593;https://www.drogariaveracruz.com.br/afrat-150mg-1-comprimido/p
VeraCruz;7895858005924;Aldomet 500mg 30 comprimidos revestidos;Disponível;89,98;69,24;-23.0%;72,88;-19.0%;Pressão Alta > Anti-Hipertensivo;10867;https://www.drogariaveracruz.com.br/aldomet-500mg-30-comprimidos-revestidos/p
VeraCruz;7896331701661;Resfenol Xarope Sabor Laranja 100ml;Disponível;32,87;31,23;-5.0%;32,87;-0.0%;Sistema Respiratório > Antigripais;16043;https://www.drogariaveracruz.com.br/resfenol-xarope-sabor-laranja-100ml/p
VeraCruz;7897076910554;ALTIVA - 120mg, 10 comprimidos;Disponível;65,81;54,39;-17.4%;57,25;-13.0%;Alergias;10905;https://www.drogariaveracruz.com.br/altiva-120mg-10-comprimidos/p
VeraCruz;7891317035112;Snif Air Adulto 0,9% Solução Nasal Com 30 Envelopes + lavador Nasal 240ml;Disponível;71,90;68,31;-5.0%;71,90;-0.0%;Sistema Respiratório > Descongestionantes;26154;https://www.drogariaveracruz.com.br/snif-air-adulto-216g-solucao-nasal-com-30-envelopes-lavador-240ml/p
VeraCruz;7896241293751;Vasopril Plus 10mg + 25mg 30 comprimidos;Disponível;65,23;49,57;-24.0%;52,18;-20.0%;Pressão Alta > Anti-Hipertensivo;18531;https://www.drogariaveracruz.com.br/vasopril-plus-10mg-25mg-30-comprimidos/p
VeraCruz;7894916502672;CARVEDILAT - 6,25mg, 30 comprimidos;Disponível;0;0;0;0;0;Sistema Circulatório > Circulação;17735;https://www.drogariaveracruz.com.br/carvedilat-625mg-30-comprimidos/p
VeraCruz;7896241285022;VASLIP - 40mg, 30 comprimidos revestidos;Disponível;0;0;0;0;0;Colesterol e Triglicerídeos;15660;https://www.drogariaveracruz.com.br/vaslip-40mg-30-comprimidos-revestidos/p
VeraCruz;7896016800863;Citostal 40mg 5 cápsulas;Disponível;0;0;0;0;0;Oncológicos e Alto Custo;20322;https://www.drogariaveracruz.com.br/citostal-40mg-5-capsulas/p
VeraCruz;7896269955136;Seretide Spray 25mcg + 50mcg/dose Suspensão Aerossol 120 doses + válvula dosadora;Disponível;0;0;0;0;0;Sistema Respiratório > Asma;18363;https://www.drogariaveracruz.com.br/seretide-spray-25mcg-50mcgdose-suspensao-aerossol-120-doses-valvula-dosadora/p
VeraCruz;7896112122432;Diurix 25mg 30 comprimidos;Disponível;4,89;1,86;-62.0%;1,96;-59.9%;Pressão Alta > Diuréticos;16080;https://www.drogariaveracruz.com.br/diurix-25mg-30-comprimidos/p
VeraCruz;7894916512558;Esogastro Ibp 500mg + 500mg + 20mg 56 Cápsulas Gelatinosas Duras + 28 comprimidos revestidos + 42 comprimidos revestidos;Disponível;461,96;359,87;-22.1%;126,27;-72.7%;Antibióticos;23989;https://www.drogariaveracruz.com.br/esogastro-ibp-500mg-500mg-20mg-56-capsulas-gelatinosas-duras-28-comprimidos-revestidos-42-comprimidos-revestidos/p
VeraCruz;7896094207523;EGIDE 50MG C/60 CPR;Disponível;122,17;84,72;-30.7%;89,18;-27.0%;Psicotrópicos;24803;https://www.drogariaveracruz.com.br/egide-50mg-c60-cpr/p
VeraCruz;7896026172066;Gel Dersani Hidrogel com Alginato 30g;Disponível;0;0;0;0;0;Pele e Mucosa;20943;https://www.drogariaveracruz.com.br/gel-dersani-hidrogel-com-alginato-30g/p
VeraCruz;7500435188524;Vick Pyrena Grip-7 5 Cápsulas;Disponível;10,58;9,15;-13.5%;9,63;-9.0%;Sistema Respiratório > Antigripais;19802;https://www.drogariaveracruz.com.br/vick-pyrena-grip-7-5-capsulas/p
VeraCruz;7891317020538;Gaba ER Divalproato de Sódio 500mg Com 30 comprimidos;Disponível;68,58;56,68;-17.4%;59,66;-13.0%;Psicotrópicos;24928;https://www.drogariaveracruz.com.br/gaba-er-500mg-c30-cpr-c1/p
VeraCruz;7898927111274;Cocyntal Solução Oral com 10 flaconetes;Disponível;109,90;104,41;-5.0%;54,95;-50.0%;Saúde Feminina > Cólica;25959;https://www.drogariaveracruz.com.br/cocyntal-solucao-oral-com-10-flaconetes/p
VeraCruz;7898029550834;Triplixam 10mg + 2,5mg + 10mg 30 comprimidos revestidos;Disponível;143,03;135,88;-5.0%;71,52;-50.0%;Pressão Alta > Anti-Hipertensivo;19818;https://www.drogariaveracruz.com.br/triplixam-10mg-25mg-10mg-30-comprimidos-revestidos/p
VeraCruz;7898133136092;Kollangel 60mg/ml + 40mg/ml Sabor Hortelã 150ml;Disponível;0;0;0;0;0;Digestão > Azia e Má Digestão;15439;https://www.drogariaveracruz.com.br/kollangel-60mgml-40mgml-sabor-hortela-150ml/p
VeraCruz;7896714292137;Pepsamar Sabor Menta 10 comprimidos mastigáveis;Disponível;9,00;7,95;-11.7%;8,37;-7.0%;Digestão > Azia e Má Digestão;12831;https://www.drogariaveracruz.com.br/pepsamar-sabor-menta-10-comprimidos-mastigaveis/p
VeraCruz;7898040324247;Maresis Spray Jato Forte 100ml;Disponível;65,58;57,94;-11.6%;60,99;-7.0%;Sistema Respiratório > Descongestionantes;12296;https://www.drogariaveracruz.com.br/solucao-nasal-maresis-jato-forte-100ml/p
VeraCruz;7895858006020;Alcachofra Aspen Pharma 100 Comprimidos Revestidos;Disponível;0;0;0;0;0;Digestão > Azia e Má Digestão;10861;https://www.drogariaveracruz.com.br/alcachofra-aspen-pharma-100-comprimidos-revestidos/p
VeraCruz;7896548197585;Suspensão Oftálmica Nevanac 1mg/ml 5ml;Disponível;95,64;76,32;-20.2%;80,34;-16.0%;Olhos > Lubrificantes e Colírios;11952;https://www.drogariaveracruz.com.br/suspensao-oftalmica-nevanac-1mgml-5ml/p
VeraCruz;5413787002795;KEPPRA 250MG C/30 CPR;Disponível;79,95;61,52;-23.1%;64,76;-19.0%;Psicotrópicos;24844;https://www.drogariaveracruz.com.br/keppra-250mg-c30-cpr/p
VeraCruz;7896004770901;Allexofedrin Pediátrico 6mg/ml EMS Sabor Framboesa 150ml;Disponível;86,50;82,18;-5.0%;86,50;-0.0%;Alergias;20814;https://www.drogariaveracruz.com.br/allexofedrin-pediatrico-6mgml-ems-sabor-framboesa-150ml/p
VeraCruz;7891317435431;Sinot 875mg 14 comprimidos revestidos;Disponível;60,43;48,80;-19.2%;51,37;-15.0%;Antibióticos;23926;https://www.drogariaveracruz.com.br/sinot-875mg-14-comprimidos-revestidos/p
VeraCruz;7896658003547;decadron Colírio 10mg/ml + 35mg/ml 1 Frasco Gotejador Com 5ml de Solução de Uso Oftalmológico;Disponível;17,89;15,12;-15.5%;15,92;-11.0%;Antibióticos;23288;https://www.drogariaveracruz.com.br/decadron-colirio-10mgml-35mgml-1-frasco-gotejador-com-5ml-de-solucao-de-uso-oftalmologico/p
VeraCruz;7896180300220;Solução Oftálmica Presmin 5,6mg/ml 5ml;Disponível;39,70;32,06;-19.2%;33,75;-15.0%;Olhos > Lubrificantes e Colírios;10239;https://www.drogariaveracruz.com.br/solucao-oftalmica-presmin-56mgml-5ml/p
VeraCruz;7897679601002;Funchicórea Pó 3g;Disponível;52,50;44,39;-15.4%;46,73;-11.0%;Saúde Feminina > Cólica;12254;https://www.drogariaveracruz.com.br/funchicorea-po-3g/p
VeraCruz;7897473207653;Salmeterol 25mcg + Fluticasona 125mcg 120 Doses Glenmark Genérico;Disponível;117,54;111,66;-5.0%;58,77;-50.0%;Sistema Respiratório > Asma;25869;https://www.drogariaveracruz.com.br/salmeterol-25mcg-fluticasona-125mcg-120-doses-glenmark-generico/p
VeraCruz;7894916508506;Concárdio 2,5mg 30 comprimidos revestidos;Disponível;69,66;66,18;-5.0%;69,66;-0.0%;Sistema Circulatório > Circulação;11701;https://www.drogariaveracruz.com.br/concardio-25mg-30-comprimidos-revestidos/p
VeraCruz;7893454100685;Tandene 30 comprimidos;Disponível;30,98;14,13;-54.4%;14,87;-52.0%;Dor e Febre > Anti-Inflamatórios;16467;https://www.drogariaveracruz.com.br/tandene-30-comprimidos/p
VeraCruz;3499320010788;Soolantra 10mg/g Creme Dermatológico 30g;Disponível;165,98;130,87;-21.2%;68,88;-58.5%;Pele e Mucosa;14538;https://www.drogariaveracruz.com.br/soolantra-10mgg-creme-dermatologico-30g/p
VeraCruz;7896006259701;Hytós Plus Xarope  Sabor Tutti Frutti 100ml;Disponível;30,05;28,55;-5.0%;30,05;-0.0%;Sistema Respiratório > Tosse;15819;https://www.drogariaveracruz.com.br/xarope-hytos-plus-sabor-tutti-frutti-100ml/p
VeraCruz;7896006229803;Digestina 10mg  20 comprimidos;Disponível;30,83;17,28;-44.0%;18,19;-41.0%;Digestão > Náuseas;14118;https://www.drogariaveracruz.com.br/digestina-10mg-20-comprimidos/p
VeraCruz;7896004789866;Vynaxa 15mg 30 comprimidos revestidos;Disponível;52,39;40,81;-22.1%;42,96;-18.0%;Sistema Circulatório > Circulação;22635;https://www.drogariaveracruz.com.br/vynaxa-15mg-30-comprimidos-revestidos/p
VeraCruz;7896658008801;Levoid 88mcg 30 comprimidos;Disponível;27,48;21,93;-20.2%;23,08;-16.0%;Hormônios;17881;https://www.drogariaveracruz.com.br/levoid-88mcg-30-comprimidos/p
VeraCruz;7895296125024;REDUCOFEN - 200mg, 30 cápsulas gelatinosas duras;Disponível;0;0;0;0;0;Colesterol e Triglicerídeos;12887;https://www.drogariaveracruz.com.br/reducofen-200mg-30-capsulas-gelatinosas-duras/p
VeraCruz;7896676400489;CODEIN 3 MG C/120 ML;Disponível;79,61;58,24;-26.8%;61,30;-23.0%;Psicotrópicos;24675;https://www.drogariaveracruz.com.br/codein-3-mg-c120-ml/p
VeraCruz;7891317498788;PANTOCAL - 40mg, 14 comprimidos revestidos;Disponível;0;0;0;0;0;Digestão > Úlcera e Gastrite;12785;https://www.drogariaveracruz.com.br/pantocal-40mg-14-comprimidos-revestidos/p
VeraCruz;7896422528764;Zinpass 20mg 30 comprimidos revestidos;Disponível;120,56;88,19;-26.8%;92,83;-23.0%;Colesterol e Triglicerídeos;18037;https://www.drogariaveracruz.com.br/zinpass-20mg-30-comprimidos-revestidos/p
VeraCruz;7891317177676;Primera 30 150mcg + 30mcg 21 comprimidos;Disponível;45,05;35,52;-21.2%;37,39;-17.0%;Saúde Feminina > Anticoncepcionais;10681;https://www.drogariaveracruz.com.br/primera-30-150mcg-30mcg-21-comprimidos/p
VeraCruz;7891058022778;AlleNasal Spray Nasal Antialérgico 120 Doses 16,5ml;Disponível;75,81;58,34;-23.0%;61,41;-19.0%;Alergias;13849;https://www.drogariaveracruz.com.br/allenasal-spray-nasal-antialergico-120-doses-165ml/p
VeraCruz;7891268117110;Lípitor 10mg 30 comprimidos revestidos;Disponível;0;0;0;0;0;Colesterol e Triglicerídeos;12732;https://www.drogariaveracruz.com.br/lipitor-10mg-30-comprimidos-revestidos/p
VeraCruz;7891317027216;TURNO XR 12,5MG C/30 CPR;Disponível;0;0;0;0;0;Psicotrópicos;24934;https://www.drogariaveracruz.com.br/turno-xr-125mg-c30-cpr/p
VeraCruz;7894916515276;PATZ SL 10MG C/20 CPR;Disponível;0;0;0;0;0;Psicotrópicos;24701;https://www.drogariaveracruz.com.br/patz-sl-10mg-c20-cpr/p
VeraCruz;7896714251066;Miorrelax 300mg + 50mg + 35mg 30 comprimidos;Disponível;0;0;0;0;0;Dor e Febre > Anti-Inflamatórios;16694;https://www.drogariaveracruz.com.br/miorrelax-300mg-50mg-35mg-30-comprimidos/p
VeraCruz;7896672203923;Broncho - Vaxom 3,5mg 30 sachês de granulado;Disponível;214,61;169,22;-21.1%;59,38;-72.3%;Sistema Respiratório > DPOC;10513;https://www.drogariaveracruz.com.br/broncho-vaxom-35mg-30-saches-de-granulado/p
VeraCruz;7896658018084;EXODUS 20MG C/30 CPR;Disponível;178,65;169,72;-5.0%;59,55;-66.7%;Psicotrópicos;24545;https://www.drogariaveracruz.com.br/exodus-20mg-c30-cpr/p
VeraCruz;7896094904118;Lacto-Purga 16 comprimidos revestidos;Disponível;15,49;13,69;-11.6%;14,41;-7.0%;Digestão > Laxantes e Reguladores Intestinais;11793;https://www.drogariaveracruz.com.br/lacto-purga-16-comprimidos-revestidos/p
VeraCruz;7896637033459;Spasmex 30mg 90 comprimidos revestidos;Disponível;188,03;157,20;-16.4%;55,16;-70.7%;Saúde Masculina > Distúrbios Urinários;20960;https://www.drogariaveracruz.com.br/spasmex-30mg-90-comprimidos-revestidos/p
VeraCruz;7896714290515;Fluidificante Nasal Neosoro 0,9% Fluid Spray 50ml;Disponível;0;0;0;0;0;Sistema Respiratório > Descongestionantes;14843;https://www.drogariaveracruz.com.br/fluidificante-nasal-neosoro-09-fluid-spray-50ml/p
VeraCruz;7896637024402;ALOIS 10 MG C/60 CPR;Disponível;271,97;258,37;-5.0%;90,66;-66.7%;Psicotrópicos;24776;https://www.drogariaveracruz.com.br/alois-10-mg-c60-cpr/p
VeraCruz;7896094931473;Epocler Racemetionina 100mg + Cloreto de Colina 20mg 30 comprimidos;Disponível;15,49;14,72;-5.0%;15,49;-0.0%;Digestão;26812;https://www.drogariaveracruz.com.br/epocler-racemetionina-100mg-cloreto-de-colina-20mg-30-comprimidos/p
VeraCruz;7897322709536;Addera D3 50.000UI 10 comprimidos revestidos;Disponível;0;0;0;0;0;Vitaminas;17220;https://www.drogariaveracruz.com.br/vitamina-d3-addera-d3-50000ui-10-comprimidos-revestidos/p
VeraCruz;7897595604460;Lectrum 3,75mg 1 frasco-ampola dose única e 1 ampola de diluente;Disponível;0;0;0;0;0;Oncológicos e Alto Custo;20565;https://www.drogariaveracruz.com.br/lectrum-375mg-1-frasco-ampola-dose-unica-e-1-ampola-de-diluente/p
VeraCruz;7891317011444;ESC ODT 5MG C/30 CPR;Disponível;0;0;0;0;0;Psicotrópicos;24624;https://www.drogariaveracruz.com.br/esc-odt-5mg-c30-cpr/p
VeraCruz;7896226506463;Prolopa DR 200/50mg 30 comprimidos de liberação modificada;Disponível;131,36;99,84;-24.0%;52,55;-60.0%;Sistema Nervoso > Remédio para Parkinson | Aché, Roche, Cristália, e mais;20714;https://www.drogariaveracruz.com.br/prolopa-dr-20050mg-30-comprimidos-de-liberacao-modificada/p
VeraCruz;7891010974923;Pastilhas Benalet Sabor Mel e Limão 4un;Disponível;15,33;13,40;-12.6%;14,10;-8.0%;Dor e Febre > Dor de Garganta;17690;https://www.drogariaveracruz.com.br/pastilhas-benalet-sabor-mel-e-limao-4un/p
VeraCruz;7896230302099;Óleo de Rícino ADV Farma 30ml;Disponível;0;0;0;0;0;Digestão > Laxantes e Reguladores Intestinais;12346;https://www.drogariaveracruz.com.br/oleo-de-ricino-adv-farma-30ml/p
VeraCruz;7896331706086;VagiSoft 30g + 10 Aplicadores Descartáveis;Disponível;55,90;47,79;-14.5%;50,31;-10.0%;Saúde Feminina > Creme e óvulos vaginais;18532;https://www.drogariaveracruz.com.br/gel-hidratante-intravaginal-vagisoft-30g-10-aplicadores-descartaveis/p
VeraCruz;7896004714196;Nociclin 0,15mg + 0,03mg 21 comprimidos;Disponível;12,99;6,05;-53.4%;6,37;-51.0%;Saúde Feminina > Anticoncepcionais;16836;https://www.drogariaveracruz.com.br/nociclin-015mg-003mg-21-comprimidos/p
VeraCruz;7896094200357;Sumax 6mg/0,5ml Solução Injetável 1 seringa com 0,5ml;Disponível;86,94;66,90;-23.1%;70,42;-19.0%;Dor e Febre > Enxaqueca;22139;https://www.drogariaveracruz.com.br/sumax-6mg05ml-solucao-injetavel-1-seringa-com-05ml/p
VeraCruz;7896094206014;Tarfic 0,03% Pomada Dermatológica 10g;Disponível;101,75;78,30;-23.0%;82,42;-19.0%;Alergias;16476;https://www.drogariaveracruz.com.br/tarfic-003-pomada-dermatologica-10g/p
VeraCruz;7896015568214;Clavulin Bd 400mg + 57mg/5ml 1 Frasco Com 70ml de Pó Para Preparo Extemporâneo de Uso Oral;Disponível;0;0;0;0;0;Antibióticos;23945;https://www.drogariaveracruz.com.br/clavulin-bd-400mg-57mg5ml-1-frasco-com-70ml-de-po-para-preparo-extemporaneo-de-uso-oral/p
VeraCruz;7896637032469;Inpruv D 1.000UI 30 comprimidos mastigáveis;Disponível;0;0;0;0;0;Vitaminas;19455;https://www.drogariaveracruz.com.br/suplemento-alimentar-de-vitamina-d-inpruv-d-1000ui-30-comprimidos-mastigaveis/p
VeraCruz;7896637022811;Triancil 20mg/ml Solução Injetável 5 frascos-ampola com 1ml cada;Disponível;153,76;127,08;-17.4%;66,89;-56.5%;Para os Ossos > Artrite e Artrose;21148;https://www.drogariaveracruz.com.br/triancil-20mgml-solucao-injetavel-5-frascos-ampola-com-1ml-cada/p
VeraCruz;7896685303450;Imunoglucan DS Sabor Tutti-Frutti 150ml;Disponível;82,90;73,25;-11.6%;77,10;-7.0%;Sistema Imunológico;13901;https://www.drogariaveracruz.com.br/suplemento-vitaminico-imunoglucan-ds-sabor-tutti-frutti-150ml/p
VeraCruz;7896108021411;Calmitane 50mg 20 comprimidos;Disponível;31,90;20,91;-34.5%;22,01;-31.0%;Sistema Nervoso > Calmantes;23648;https://www.drogariaveracruz.com.br/calmitane-50mg-20-comprimidos/p
VeraCruz;7896658033216;Lutics 2mg 30 comprimidos;Disponível;0;0;0;0;0;Pressão Alta > Anti-Hipertensivo;17098;https://www.drogariaveracruz.com.br/lutics-2mg-30-comprimidos/p
VeraCruz;7891268148756;Olmetec 40mg 30 comprimidos revestidos;Disponível;0;0;0;0;0;Pressão Alta > Anti-Hipertensivo;12407;https://www.drogariaveracruz.com.br/olmetec-40mg-30-comprimidos-revestidos/p
VeraCruz;7897322709468;Addera D3 7.000UI 4 comprimidos revestidos;Disponível;43,95;41,75;-5.0%;43,95;-0.0%;Vitaminas;17353;https://www.drogariaveracruz.com.br/vitamina-d3-addera-d3-7000ui-4-comprimidos-revestidos/p
VeraCruz;7896658011368;Diosmin SDU 900mg + 100mg Sabor Laranja / Limão 30 sachês com 5g cada;Disponível;0;0;0;0;0;Sistema Circulatório > Circulação;12104;https://www.drogariaveracruz.com.br/diosmin-sdu-900mg-100mg-sabor-laranja-limao-30-saches-com-5g-cada/p
VeraCruz;7896112180616;Profergan Creme 20mg/g 30g;Disponível;25,93;20,44;-21.2%;21,52;-17.0%;Alergias;20495;https://www.drogariaveracruz.com.br/creme-dermatologico-profergan-20mgg-30g/p
VeraCruz;7896658032431;Clopin Duo 75mg + 100mg 30 comprimidos revestidos;Disponível;90,58;70,57;-22.1%;74,28;-18.0%;Sistema Circulatório > Circulação;14252;https://www.drogariaveracruz.com.br/clopin-duo-75mg-100mg-30-comprimidos-revestidos/p
VeraCruz;7895858005962;Indocid 50mg 30 cápsulas;Disponível;55,78;47,69;-14.5%;50,20;-10.0%;Dor e Febre > Anti-Inflamatórios;15384;https://www.drogariaveracruz.com.br/indocid-50mg-30-capsulas/p
VeraCruz;7896094922143;Venalot 15mg + 90mg 60 comprimidos;Disponível;137,63;108,52;-21.2%;57,12;-58.5%;Sistema Circulatório > Circulação;10836;https://www.drogariaveracruz.com.br/venalot-15mg-90mg-60-comprimidos/p
VeraCruz;7891158103063;Depakote ER 250mg, caixa com 60 comprimidos revestidos de liberação prolongada;Disponível;148,17;140,76;-5.0%;74,09;-50.0%;Antibióticos;24241;https://www.drogariaveracruz.com.br/depakote-er-250mg-caixa-com-60-comprimidos-revestidos-de-liberacao-prolongada/p
VeraCruz;7896112407881;DTN-fol 400mcg + 10mg 90 cápsulas moles;Disponível;0;0;0;0;0;Saúde Feminina > Gestante;10097;https://www.drogariaveracruz.com.br/dtn-fol-400mcg-10mg-90-capsulas-moles/p
VeraCruz;7898927111267;Coryzalia Com 20 Flaconetes De 1ml;Disponível;141,75;134,66;-5.0%;70,88;-50.0%;Sistema Respiratório > Antigripais;25975;https://www.drogariaveracruz.com.br/coryzalia-com-20-flaconetes-de-1ml/p
VeraCruz;7896181928706;Nootron 300mg/5ml 110ml;Disponível;0;0;0;0;0;Sistema Nervoso > Medicamentos Antivertiginosos: Ginkgo, Tanakan, Equitam;11971;https://www.drogariaveracruz.com.br/nootron-300mg5ml-110ml/p
VeraCruz;7896094921252;Coledue R 10mg + 5mg 30 cápsulas duras;Disponível;0;0;0;0;0;Colesterol e Triglicerídeos;20623;https://www.drogariaveracruz.com.br/coledue-r-10mg-5mg-30-capsulas-duras/p
VeraCruz;7891317033149;Coltrax 4mg 20 comprimidos;Disponível;71,46;57,70;-19.3%;60,74;-15.0%;Dor e Febre > Anti-Inflamatórios;15335;https://www.drogariaveracruz.com.br/coltrax-4mg-20-comprimidos/p
VeraCruz;7896006215950;EUDOK 20MG C/30 CPR;Disponível;0;0;0;0;0;Psicotrópicos;24646;https://www.drogariaveracruz.com.br/eudok-20mg-c30-cpr/p
VeraCruz;7898040325206;Fledoid 500 Gel 40g;Disponível;37,84;30,91;-18.3%;32,54;-14.0%;Dor e Febre > Anti-Inflamatórios;17036;https://www.drogariaveracruz.com.br/fledoid-500-gel-40g/p
VeraCruz;7896658002670;Parasin 40mg/ml Sabor Banana 10ml;Disponível;0;0;0;0;0;Vermes e Parasitas;15913;https://www.drogariaveracruz.com.br/parasin-40mgml-sabor-banana-10ml/p
VeraCruz;7896094208117;Nactali 75mcg 28 comprimidos revestidos;Disponível;50,54;36,97;-26.9%;38,92;-23.0%;Saúde Feminina > Anticoncepcionais;16728;https://www.drogariaveracruz.com.br/nactali-75mcg-28-comprimidos-revestidos/p
VeraCruz;7896112402480;Bhena 5mg 30 comprimidos revestidos;Disponível;86,18;64,68;-24.9%;68,08;-21.0%;Pressão Alta > Anti-Hipertensivo;20800;https://www.drogariaveracruz.com.br/bhena-5mg-30-comprimidos-revestidos/p
VeraCruz;7897473200036;Combiwave 25mcg + 125mcg Glenmark 120 Doses Suspensão Aerossol;Disponível;126,51;120,18;-5.0%;63,26;-50.0%;Sistema Respiratório > Asma;25778;https://www.drogariaveracruz.com.br/combiwave-25mcg-125mcg-glenmark-120-doses-suspensao-aerossol/p
VeraCruz;7897655401176;RILAN - 4%, 1 frasco spray com 13mL de solução de uso nasal;Disponível;0;0;0;0;0;Sistema Respiratório > Descongestionantes;10290;https://www.drogariaveracruz.com.br/rilan-4-1-frasco-spray-com-13ml-de-solucao-de-uso-nasal/p
VeraCruz;7896226500362;Prolopa HBS 100/25mg 30 cápsulas;Disponível;97,56;73,22;-24.9%;77,07;-21.0%;Sistema Nervoso > Remédio para Parkinson | Aché, Roche, Cristália, e mais;10269;https://www.drogariaveracruz.com.br/prolopa-hbs-10025mg-30-capsulas/p
VeraCruz;7896548197608;Travatan 0,04mg/ml Solução Oftálmica 5ml;Disponível;0;0;0;0;0;Olhos > Lubrificantes e Colírios;10780;https://www.drogariaveracruz.com.br/travatan-004mgml-solucao-oftalmica-5ml/p
VeraCruz;7897705202364;Xultophy 100UI/ml + 3,6mg/ml 1 Sistema de Aplicação com 3ml de solução;Disponível;0;0;0;0;0;Diabetes;13545;https://www.drogariaveracruz.com.br/xultophy-100uiml-36mgml-1-sistema-de-aplicacao-com-3ml-de-solucao/p
VeraCruz;7891317007478;Rehidrat 90 Sabor Natural 4 envelopes de 13,95g;Disponível;0;0;0;0;0;Digestão > Laxantes e Reguladores Intestinais;12894;https://www.drogariaveracruz.com.br/rehidrat-90-sabor-natural-4-envelopes-de-1395g/p
VeraCruz;7896658005442;Flogoral 3mg Pastilhas Sabor Laranja 12un;Disponível;20,85;18,02;-13.6%;18,97;-9.0%;Dor e Febre > Dor de Garganta;11443;https://www.drogariaveracruz.com.br/flogoral-3mg-pastilhas-sabor-laranja-12un/p
VeraCruz;7892828001825;Brexin 05 Comprimidos;Disponível;0;0;0;0;0;Dor e Febre > Anti-Inflamatórios;19581;https://www.drogariaveracruz.com.br/brexin-05-comprimidos/p
VeraCruz;7896255766371;Femoston Conti 1mg + 5mg 28 comprimidos revestidos;Disponível;98,44;76,68;-22.1%;80,72;-18.0%;Saúde Feminina > Reposição Hormonal;15301;https://www.drogariaveracruz.com.br/femoston-conti-1mg-5mg-28-comprimidos-revestidos/p
VeraCruz;7896637023450;Lonium 40mg 60 comprimidos revestidos;Disponível;143,94;121,70;-15.5%;64,06;-55.5%;Saúde Feminina > Cólica;15865;https://www.drogariaveracruz.com.br/lonium-40mg-60-comprimidos-revestidos/p
VeraCruz;7898908753172;Traumeel S Pomada 50g;Disponível;91,90;77,70;-15.5%;81,79;-11.0%;Dor e Febre > Analgésico;10777;https://www.drogariaveracruz.com.br/traumeel-s-pomada-50g/p
VeraCruz;7896004769325;Lubrificante Ocular Adaptis 1% 10ml;Disponível;85,90;73,44;-14.5%;77,31;-10.0%;Olhos > Lubrificantes e Colírios;22036;https://www.drogariaveracruz.com.br/lubrificante-ocular-adaptis-1-10ml/p
VeraCruz;7894916501736;Neutrofer Fólico 250mg/ml + 0,2mg/ml Gotas 30ml;Disponível;64,36;55,64;-13.5%;58,57;-9.0%;Sistema Imunológico;16756;https://www.drogariaveracruz.com.br/neutrofer-folico-250mgml-02mgml-gotas-30ml/p
VeraCruz;7896016801501;Luftal 40mg 20 comprimidos;Disponível;44,99;36,33;-19.2%;38,24;-15.0%;Digestão > Antigases;15890;https://www.drogariaveracruz.com.br/luftal-40mg-20-comprimidos/p
VeraCruz;7891317020002;Aceclofenaco 100mg Eurofarma 12 comprimidos revestidos;Disponível;0;0;0;0;0;Dor e Febre > Anti-Inflamatórios;24075;https://www.drogariaveracruz.com.br/aceclofenaco-100mg-eurofarma-12-comprimidos-revestidos/p
VeraCruz;7896658048562;Runner Eze 10mg + 10mg 60 comprimidos;Disponível;173,96;132,21;-24.0%;69,59;-60.0%;Colesterol e Triglicerídeos;25506;https://www.drogariaveracruz.com.br/runner-eze-10mg-10mg-60-comprimidos/p
VeraCruz;7898029556812;Natrilix SR 1,5mg 60 comprimidos revestidos de liberação prolongada;Disponível;87,91;65,14;-25.9%;68,57;-22.0%;Pressão Alta > Anti-Hipertensivo;13811;https://www.drogariaveracruz.com.br/natrilix-sr-15mg-60-comprimidos-revestidos-de-liberacao-prolongada/p
VeraCruz;7896094209190;Ebatz 2mg 30 comprimidos revestidos;Disponível;113,41;85,11;-25.0%;89,59;-21.0%;Colesterol e Triglicerídeos;13836;https://www.drogariaveracruz.com.br/ebatz-2mg-30-comprimidos-revestidos/p
VeraCruz;7896094919709;Engov After Sabor Tangerina 250ml;Disponível;12,25;9,31;-24.0%;9,80;-20.0%;Digestão > Laxantes e Reguladores Intestinais;13823;https://www.drogariaveracruz.com.br/suplemento-alimentar-engov-after-sabor-tangerina-250ml/p
VeraCruz;7896637024020;Inibina 10mg 30 comprimidos;Disponível;169,96;150,16;-11.6%;52,69;-69.0%;Saúde Feminina > Gestante;15389;https://www.drogariaveracruz.com.br/inibina-10mg-30-comprimidos/p
VeraCruz;7896641804106;Broncho - Vaxom 7mg 30 cápsulas;Disponível;317,91;256,71;-19.3%;90,07;-71.7%;Sistema Respiratório > DPOC;10515;https://www.drogariaveracruz.com.br/broncho-vaxom-7mg-30-capsulas/p
VeraCruz;7891158104671;Pedialyte Max Sabo Coco 500ml;Disponível;23,90;15,67;-34.4%;16,49;-31.0%;Digestão > Laxantes e Reguladores Intestinais;13350;https://www.drogariaveracruz.com.br/suplemento-hidroeletrolitico-pedialyte-max-coco-500ml/p
VeraCruz;7896094921269;Coledue R Ezetimiba 10mg + Rosuvastatina 10mg 30 cápsulas Duras;Disponível;80,94;65,36;-19.2%;68,80;-15.0%;Colesterol e Triglicerídeos;20624;https://www.drogariaveracruz.com.br/coledue-r-10mg-10mg-30-capsulas-duras/p
VeraCruz;7896422500111;Desonol 0,05% Creme 30g;Disponível;0;0;0;0;0;Dor e Febre > Anti-Inflamatórios;16902;https://www.drogariaveracruz.com.br/desonol-005-creme-30g/p
VeraCruz;7896026303064;Pradaxa 110mg 60 cápsulas;Disponível;418,48;333,94;-20.2%;117,17;-72.0%;Sistema Circulatório > Circulação;13106;https://www.drogariaveracruz.com.br/pradaxa-110mg-60-capsulas/p
VeraCruz;7896094919396;Lisador Dip 500mg/ml Gotas 20ml;Disponível;29,69;25,94;-12.6%;27,31;-8.0%;Dor e Febre > Analgésico;19086;https://www.drogariaveracruz.com.br/lisador-dip-500mgml-gotas-20ml/p
VeraCruz;7896658008825;Levoid 100mcg 30 comprimidos;Disponível;18,04;14,39;-20.2%;15,15;-16.0%;Hormônios;17873;https://www.drogariaveracruz.com.br/levoid-100mcg-30-comprimidos/p
VeraCruz;7897411610620;Benicar 40mg 30 comprimidos revestidos;Disponível;88,79;64,95;-26.8%;68,37;-23.0%;Pressão Alta > Anti-Hipertensivo;17694;https://www.drogariaveracruz.com.br/benicar-40mg-30-comprimidos-revestidos/p
VeraCruz;7896637023979;DONAREN 100MG C/30 CPR;Disponível;0;0;0;0;0;Psicotrópicos;24819;https://www.drogariaveracruz.com.br/donaren-100mg-c30-cpr/p
VeraCruz;7896422507769;Pyloripac Ibp (30mg) + (500mg) + (500mg) 14 Cápsulas Gelatinosas Duras de Liberação Retardada + 14 comprimidos revestidos + 56 Cápsulas Gelatinosas Duras;Disponível;0;0;0;0;0;Antibióticos;23864;https://www.drogariaveracruz.com.br/pyloripac-ibp-30mg-500mg-500mg-14-capsulas-gelatinosas-duras-de-liberacao-retardada-14-comprimidos-revestidos-56-capsulas-gelatinosas-duras/p
VeraCruz;7896658050572;Canabidiol 100mg/ml Aché Solução Oral 10ml;Disponível;0;0;0;0;0;Psicotrópicos;25326;https://www.drogariaveracruz.com.br/canabidiol-100mgml-gts-10ml-ache/p
VeraCruz;7896637022989;Levoxin 250mg 3 comprimidos revestidos;Disponível;0;0;0;0;0;Antibióticos;23913;https://www.drogariaveracruz.com.br/levoxin-250mg-3-comprimidos-revestidos/p
VeraCruz;7898569765828;Vitamina D3 50.000UI Althaia 10 Cápsulas Moles;Disponível;0;0;0;0;0;Vitaminas;15667;https://www.drogariaveracruz.com.br/vitamina-d3-50000ui-althaia-10-capsulas-moles/p
VeraCruz;7896241248430;Lipless 100mg 30 comprimidos;Disponível;126,80;120,46;-5.0%;63,40;-50.0%;Colesterol e Triglicerídeos;12736;https://www.drogariaveracruz.com.br/lipless-100mg-30-comprimidos/p
VeraCruz;7896658025532;Zyad 20mg 2 comprimidos revestidos;Disponível;0;0;0;0;0;Saúde Masculina > Disfunção Erétil;11241;https://www.drogariaveracruz.com.br/zyad-20mg-2-comprimidos-revestidos/p
VeraCruz;7894916500869;Sucrafilm 1g 30 comprimidos mastigáveis;Disponível;77,13;63,01;-18.3%;66,33;-14.0%;Digestão > Úlcera e Gastrite;17933;https://www.drogariaveracruz.com.br/sucrafilm-1g-30-comprimidos-mastigaveis/p
VeraCruz;7896070600201;AMPLICTIL 4% GTS C/20 ML;Disponível;12,30;9,46;-23.1%;9,96;-19.0%;Psicotrópicos;24522;https://www.drogariaveracruz.com.br/amplictil-4-gts-c20-ml/p
VeraCruz;7898096577840;Arflex Retard 200mg 6 cápsulas de ação prolongada;Disponível;51,30;39,47;-23.1%;41,55;-19.0%;Dor e Febre > Anti-Inflamatórios;11305;https://www.drogariaveracruz.com.br/arflex-retard-200mg-6-capsulas-de-acao-prolongada/p
VeraCruz;7899337000202;Vesicare 10mg 30 comprimidos revestidos;Disponível;281,88;230,30;-18.3%;80,81;-71.3%;Saúde Feminina > Medicamentos Urinários;10848;https://www.drogariaveracruz.com.br/vesicare-10mg-30-comprimidos-revestidos/p
VeraCruz;7896094211452;Sumax 50mg 6 comprimidos revestidos;Disponível;67,38;54,41;-19.2%;57,27;-15.0%;Dor e Febre > Enxaqueca;21780;https://www.drogariaveracruz.com.br/sumax-50mg-6-comprimidos-revestidos/p
VeraCruz;7896094916258;Lisador Dip 1g 8 comprimidos;Disponível;19,82;17,70;-10.7%;18,63;-6.0%;Dor e Febre > Analgésico;13838;https://www.drogariaveracruz.com.br/lisador-dip-1g-8-comprimidos/p
VeraCruz;7896206402433;Symbicort Turbuhaler 12/400 mcg por inalação 60 doses de pó para inalação;Disponível;0;0;0;0;0;Sistema Respiratório > DPOC;11176;https://www.drogariaveracruz.com.br/symbicort-turbuhaler-12400-mcg-por-inalacao-60-doses-de-po-para-inalacao/p
VeraCruz;7896212420117;CONCERTA 36MG C/30 CPR;Disponível;0;0;0;0;0;Psicotrópicos;24759;https://www.drogariaveracruz.com.br/concerta-36mg-c30-cpr/p
VeraCruz;7891142171061;Polaramine 2,8mg/ml Gotas Sabor de Frutas 20ml;Disponível;0;0;0;0;0;Alergias;10195;https://www.drogariaveracruz.com.br/polaramine-28mgml-gotas-sabor-de-frutas-20ml/p
VeraCruz;7896006224297;UNINALTREX 50MG C/30 CPR REV;Disponível;184,14;131,20;-28.7%;69,06;-62.5%;Psicotrópicos;24958;https://www.drogariaveracruz.com.br/uninaltrex-50mg-c30-cpr-rev/p
VeraCruz;7895296128162;ESOP - 40mg, 28 comprimidos revestidos de liberação retardada;Disponível;0;0;0;0;0;Digestão > Úlcera e Gastrite;17206;https://www.drogariaveracruz.com.br/esop-40mg-28-comprimidos-revestidos-de-liberacao-retardada/p
VeraCruz;7891106914178;Yaz Flex 3mg + 0,02mg 30 comprimidos revestidos;Disponível;145,97;106,78;-26.8%;56,20;-61.5%;Saúde Feminina > Anticoncepcionais;17020;https://www.drogariaveracruz.com.br/yaz-flex-3mg-002mg-30-comprimidos-revestidos/p
VeraCruz;7896714273006;Massageol Aerossol 120ml;Disponível;59,99;35,33;-41.1%;37,19;-38.0%;Dor e Febre > Contusão e Relaxante Muscular;16280;https://www.drogariaveracruz.com.br/massageol-aerosol-120ml/p
VeraCruz;7896548197967;Azorga 10mg/ml + 6,8mg/ml Solução Oftálmica 5ml;Disponível;0;0;0;0;0;Olhos > Lubrificantes e Colírios;10474;https://www.drogariaveracruz.com.br/solucao-oftalmica-azorga-10mgml-68mgml-5ml/p
VeraCruz;7896676438253;Dermazine 10mg/G 1 Bisnaga Com 30G de Creme de Uso dermatológico;Disponível;45,95;36,67;-20.2%;38,60;-16.0%;Antibióticos;23975;https://www.drogariaveracruz.com.br/dermazine-10mgg-1-bisnaga-com-30g-de-creme-de-uso-dermatologico/p
VeraCruz;7896094209022;ZETRON XL 300MG C/60 CPR;Disponível;251,66;174,52;-30.7%;61,24;-75.7%;Psicotrópicos;24780;https://www.drogariaveracruz.com.br/zetron-xl-300mg-c60-cpr/p
VeraCruz;7896108002021;Espinheira Santa Gastriless 380mg, Bionatus 45 cápsulas;Disponível;0;0;0;0;0;Digestão > Azia e Má Digestão;15262;https://www.drogariaveracruz.com.br/espinheira-santa-gastriless-380mg-bionatus-45-capsulas/p
VeraCruz;7896082900276;Solução Nasal Sinustrat 9,0mg/ml 30ml;Disponível;31,76;23,24;-26.8%;24,46;-23.0%;Sistema Respiratório > Descongestionantes;11129;https://www.drogariaveracruz.com.br/solucao-nasal-sinustrat-90mgml-30ml/p
VeraCruz;7898040328474;Suplemento Alimentar Lipomax Cromo 60 cápsulas;Disponível;52,50;46,88;-10.7%;49,35;-6.0%;Emagrecimento;14249;https://www.drogariaveracruz.com.br/suplemento-alimentar-lipomax-cromo-60-capsulas/p
VeraCruz;7896004817576;Bálsamo Bengué Gel 20g;Disponível;26,99;20,25;-25.0%;21,32;-21.0%;Dor e Febre > Anti-Inflamatórios;10486;https://www.drogariaveracruz.com.br/balsamo-bengue-gel-20g/p
VeraCruz;7897851250387;MONOCORDIL - 5mg, 30 comprimidos sublinguais;Disponível;0;0;0;0;0;Sistema Circulatório > Circulação;13265;https://www.drogariaveracruz.com.br/monocordil-5mg-30-comprimidos-sublinguais/p
VeraCruz;7896331708837;Sanasar Sabonete 100mg/g 60g;Disponível;21,90;12,48;-43.0%;13,14;-40.0%;Pele e Mucosa;23476;https://www.drogariaveracruz.com.br/sanasar-sabonete-100mgg-60g/p
VeraCruz;7896006218654;ISON 20MG C/30 CAPSULAS GEL;Disponível;0;0;0;0;0;Psicotrópicos;24658;https://www.drogariaveracruz.com.br/ison-20mg-c30-capsulas-gel/p
VeraCruz;7896206402167;NEXIUM - 20mg, 14 comprimidos revestidos;Disponível;0;0;0;0;0;Digestão > Úlcera e Gastrite;13102;https://www.drogariaveracruz.com.br/nexium-20mg-14-comprimidos-revestidos/p
VeraCruz;7892953206942;CONDROFLEX - 1,5g + 1,2g, 15 sachês com 4,135g de pó para solução de uso oral;Disponível;0;0;0;0;0;Para os Ossos > Artrite e Artrose;11999;https://www.drogariaveracruz.com.br/condroflex-15g-12g-15-saches-com-4135g-de-po-para-solucao-de-uso-oral/p
VeraCruz;-;INIPARET - 20mg, 28 comprimidos revestidos de liberação retardada;Disponível;0;0;0;0;0;Digestão > Úlcera e Gastrite;;https://www.drogariaveracruz.com.br/iniparet-20mg-28-comprimidos-revestidos-de-liberacao-retardada/p
VeraCruz;7898582380350;TRAMAL 50MG C/20 CPR;Disponível;171,69;120,70;-29.7%;63,53;-63.0%;Psicotrópicos;24663;https://www.drogariaveracruz.com.br/tramal-50mg-c20-cpr/p
VeraCruz;7896685303290;Florax SM 100milhões/ml Sabor Uva 5 Flaconetes com 5ml Cada;Disponível;55,03;52,28;-5.0%;55,03;-0.0%;Digestão > Diarréia;27254;https://www.drogariaveracruz.com.br/florax-sm-100milhoesml-sabor-uva-5-flaconetes-com-5ml-cada/p
VeraCruz;7896006290629;Solução Oftálmica Glaub 0,2% 5ml;Disponível;77,28;60,20;-22.1%;63,37;-18.0%;Olhos > Lubrificantes e Colírios;12639;https://www.drogariaveracruz.com.br/solucao-oftalmica-glaub-02-5ml/p
VeraCruz;7894916515641;KONDUZ 35MG C/28 CPS;Disponível;0;0;0;0;0;Psicotrópicos;24251;https://www.drogariaveracruz.com.br/konduz-35mg-c28-cps/p
VeraCruz;7896637022552;Retemic 5mg 30 comprimidos;Disponível;45,29;37,43;-17.4%;39,40;-13.0%;Saúde Masculina > Distúrbios Urinários;16050;https://www.drogariaveracruz.com.br/retemic-5mg-30-comprimidos/p
VeraCruz;7898133139253;Hidralyte Sabor Água de Coco 500ml;Disponível;17,50;13,63;-22.1%;14,35;-18.0%;Digestão > Laxantes e Reguladores Intestinais;23624;https://www.drogariaveracruz.com.br/hidralyte-natulab-sabor-agua-de-coco-500ml/p
VeraCruz;7898549755627;Cor-Select 2,5mg 30 comprimidos Biolab;Disponível;78,79;58,39;-25.9%;61,46;-22.0%;Pressão Alta > Anti-Hipertensivo;14019;https://www.drogariaveracruz.com.br/cor-select-25mg-30-comprimidos-biolab/p
VeraCruz;7896006213130;Colact 667mg/ml Sabor Ameixa 120ml;Disponível;29,77;19,23;-35.4%;20,24;-32.0%;Digestão > Laxantes e Reguladores Intestinais;15319;https://www.drogariaveracruz.com.br/colact-667mgml-sabor-ameixa-120ml/p
VeraCruz;7891721022937;Floralyte 90 Sabor Natural 500ml;Disponível;0;0;0;0;0;Digestão > Laxantes e Reguladores Intestinais;18234;https://www.drogariaveracruz.com.br/floralyte-90-sabor-natural-500ml/p
VeraCruz;7896016804915;Luftal Gotas 75mg/ml Sabor Cereja 15ml;Disponível;31,99;25,22;-21.2%;26,55;-17.0%;Digestão > Antigases;15891;https://www.drogariaveracruz.com.br/antigases-luftal-gotas-75mgml-sabor-cereja-15ml/p
VeraCruz;7896523201863;Maleato de Dexclorferinamina 2mg 20 comprimidos Cimed Genérico;Disponível;15,20;14,44;-5.0%;15,20;-0.0%;Alergias;25857;https://www.drogariaveracruz.com.br/maleato-de-dexclorferinamina-2mg-20-comprimidos-cimed-generico/p
VeraCruz;7896685301234;Gamax 30 Cápsulas Gelatinosas;Disponível;168,15;132,58;-21.2%;69,78;-58.5%;Saúde Feminina > Reposição Hormonal;16209;https://www.drogariaveracruz.com.br/gamax-30-capsulas-gelatinosas/p
VeraCruz;7891317432362;Musculare 10mg 15 comprimidos revestidos;Disponível;22,97;19,42;-15.5%;20,44;-11.0%;Dor e Febre > Contusão e Relaxante Muscular;11896;https://www.drogariaveracruz.com.br/musculare-10mg-15-comprimidos-revestidos/p
VeraCruz;7896382708183;Basaglar KwikPen 100UI/ml 5 canetas aplicadoras descartáveis com refis de 3ml;Disponível;307,88;239,84;-22.1%;84,15;-72.7%;Diabetes;22499;https://www.drogariaveracruz.com.br/basaglar-kwikpen-100uiml-5-canetas-aplicadoras-descartaveis-com-refis-de-3ml/p
VeraCruz;7500435144384;Xarope Vick 44E 240ml;Disponível;0;0;0;0;0;Sistema Respiratório > Tosse;20290;https://www.drogariaveracruz.com.br/xarope-vick-44e-240ml/p
VeraCruz;7896026120555;Descongestionante Penetro 45ml;Disponível;35,28;30,50;-13.5%;32,10;-9.0%;Sistema Respiratório > Descongestionantes;12818;https://www.drogariaveracruz.com.br/descongestionante-penetro-45ml/p
VeraCruz;7896523216454;Ciflogex Pastilha Sabor Laranja 12un;Disponível;22,63;18,49;-18.3%;19,46;-14.0%;Dor e Febre > Dor de Garganta;14108;https://www.drogariaveracruz.com.br/pastilha-ciflogex-sabor-laranja-12un/p
VeraCruz;7896261008076;Diovan HCT 160mg + 25mg Novartis 28 comprimidos revestidos;Disponível;0;0;0;0;0;Pressão Alta > Anti-Hipertensivo;16023;https://www.drogariaveracruz.com.br/diovan-hct-160mg-25mg-novartis-28-comprimidos-revestidos/p
VeraCruz;7896672203589;Trimbow 100/6/12,5 mcg 120 Doses;Disponível;470,05;446,55;-5.0%;156,68;-66.7%;Sistema Respiratório > DPOC;20234;https://www.drogariaveracruz.com.br/trimbow-1006125-mcg-120-doses/p
VeraCruz;7898040325114;Lactofos Farmoquímica 15 Sachês de 6g cada;Disponível;0;0;0;0;0;Digestão > Laxantes e Reguladores Intestinais;11813;https://www.drogariaveracruz.com.br/lactofos-farmoquimica-15-saches-de-6g-cada/p
VeraCruz;7896004700502;Apevitin BC Xarope 240ml;Disponível;58,76;15,46;-73.7%;16,27;-72.3%;Vitaminas;11273;https://www.drogariaveracruz.com.br/suplemento-vitaminico-apevitin-bc-xarope-240ml/p
VeraCruz;7898582382132;PALEXIS LP 100MG C/30 CPR;Disponível;0;0;0;0;0;Psicotrópicos;24749;https://www.drogariaveracruz.com.br/palexis-lp-100mg-c30-cpr/p
VeraCruz;7896658009518;Prelone 3mg/ml Sabor Cereja 60ml + 1 pipeta dosadora;Disponível;35,13;29,36;-16.4%;30,91;-12.0%;Dor e Febre > Anti-Inflamatórios;10669;https://www.drogariaveracruz.com.br/prelone-3mgml-sabor-cereja-60ml-1-pipeta-dosadora/p
VeraCruz;7896261009677;PAMELOR 25 MG C/30 CPS;Disponível;66,83;50,79;-24.0%;53,46;-20.0%;Psicotrópicos;24848;https://www.drogariaveracruz.com.br/pamelor-25-mg-c30-cps/p
VeraCruz;7894916509084;Brasart HCT 320mg + 12,5mg 30 comprimidos revestidos;Disponível;106,37;101,05;-5.0%;53,19;-50.0%;Pressão Alta > Anti-Hipertensivo;17430;https://www.drogariaveracruz.com.br/brasart-hct-320mg-125mg-30-comprimidos-revestidos/p
VeraCruz;7891317485320;Tamiram 750mg 7 comprimidos revestidos;Disponível;187,31;145,91;-22.1%;51,20;-72.7%;Antibióticos;23959;https://www.drogariaveracruz.com.br/tamiram-750mg-7-comprimidos-revestidos/p
VeraCruz;7897473206854;Levolukast 10mg + 5mg 7 comprimidos revestidos;Disponível;73,03;57,58;-21.2%;60,61;-17.0%;Alergias;17882;https://www.drogariaveracruz.com.br/levolukast-10mg-5mg-7-comprimidos-revestidos/p
VeraCruz;7896523201320;Pralívio 400mg 10 cápsulas moles;Disponível;23,76;13,55;-43.0%;14,26;-40.0%;Dor e Febre > Analgésico;20910;https://www.drogariaveracruz.com.br/pralivio-400mg-10-capsulas-moles/p
VeraCruz;-;Biofenac 11,6mg/g Gel 30g;Disponível;20,62;17,63;-14.5%;18,56;-10.0%;Dor e Febre > Contusão e Relaxante Muscular;;https://www.drogariaveracruz.com.br/biofenac-116mgg-gel-30g/p
VeraCruz;7896094906600;Tamarine 12mg 4 cápsulas;Disponível;0;0;0;0;0;Digestão > Laxantes e Reguladores Intestinais;16451;https://www.drogariaveracruz.com.br/tamarine-12mg-4-capsulas/p
VeraCruz;7897322714288;Fibras Tamarine sem Sabor 10 Sachês de 5,7g cada;Disponível;0;0;0;0;0;Digestão > Laxantes e Reguladores Intestinais;16452;https://www.drogariaveracruz.com.br/fibras-tamarine-sem-sabor-10-saches-de-57g-cada/p
VeraCruz;7896637033978;ATENTAH 40MG C/30 CAPS C1;Disponível;132,58;98,24;-25.9%;51,71;-61.0%;Psicotrópicos;24925;https://www.drogariaveracruz.com.br/atentah-40mg-c30-caps-c1/p
VeraCruz;7896006212690;Naxotec Naproxeno 500mg 10 Comprimidos;Disponível;0;0;0;0;0;Dor e Febre > Anti-Inflamatórios;19013;https://www.drogariaveracruz.com.br/naxotec-naproxeno-500mg-10-comprimidos/p
VeraCruz;3499320015684;Epiduo 0,3% 45g;Disponível;207,32;167,41;-19.3%;58,74;-71.7%;Pele e Mucosa;22654;https://www.drogariaveracruz.com.br/epiduo-03-45g/p
VeraCruz;7891317027988;CARBOLITIUM CR 450 MG C/30 CPR;Disponível;76,37;56,59;-25.9%;59,57;-22.0%;Psicotrópicos;24771;https://www.drogariaveracruz.com.br/carbolitium-cr-450-mg-c30-cpr/p
VeraCruz;7896112141679;Digestil 4mg/ml Sabor Menta 20ml;Disponível;0;0;0;0;0;Digestão > Náuseas;15512;https://www.drogariaveracruz.com.br/digestil-4mgml-sabor-menta-20ml/p
VeraCruz;7896006222293;Perfenol Multi Com 120ml;Disponível;37,10;35,25;-5.0%;37,10;-0.0%;Sistema Respiratório > Antigripais;26148;https://www.drogariaveracruz.com.br/perfenol-multi-40104mgml-com-120ml/p
VeraCruz;7897337706506;Singulair 4mg 30 comprimidos mastigáveis;Disponível;94,53;73,63;-22.1%;77,51;-18.0%;Sistema Respiratório > Asma;11121;https://www.drogariaveracruz.com.br/singulair-4mg-30-comprimidos-mastigaveis/p
VeraCruz;7896523224435;Óleo Mineral Cimed 100ml;Disponível;14,50;13,78;-5.0%;14,50;-0.0%;Digestão > Laxantes e Reguladores Intestinais;25520;https://www.drogariaveracruz.com.br/oleo-mineral-cimed-100ml/p
VeraCruz;7896637032216;Probid 15 cápsulas;Disponível;51,90;46,39;-10.6%;48,83;-5.9%;Digestão > Laxantes e Reguladores Intestinais;14508;https://www.drogariaveracruz.com.br/suplemento-alimentar-probid-15-capsulas/p
VeraCruz;7896004702742;Laxante Natural Glicerin Lactantes 6 supositórios;Disponível;0;0;0;0;0;Digestão > Laxantes e Reguladores Intestinais;12647;https://www.drogariaveracruz.com.br/laxante-natural-glicerin-lactantes-6-supositorios/p
VeraCruz;7896658022913;DONILA DUO 10/15MG C/7 CPR;Disponível;0;0;0;0;0;Psicotrópicos;24579;https://www.drogariaveracruz.com.br/donila-duo-1015mg-c7-cpr/p
VeraCruz;7896026307024;Trayenta Duo 2,5mg / 1000mg 60 comprimidos revestidos;Disponível;319,19;233,49;-26.8%;81,93;-74.3%;Diabetes;17518;https://www.drogariaveracruz.com.br/trayenta-duo-25mg-1000mg-60-comprimidos-revestidos/p
VeraCruz;7896004754826;SONEBON 5MG C/20 CPR;Disponível;0;0;0;0;0;Psicotrópicos;24995;https://www.drogariaveracruz.com.br/sonebon-5mg-c20-cpr/p
VeraCruz;7896523206295;Cimegripe Gotas Pediátrico Sabor Laranja 20ml;Disponível;25,72;19,06;-25.9%;20,06;-22.0%;Sistema Respiratório > Antigripais;15227;https://www.drogariaveracruz.com.br/cimegripe-gotas-pediatrico-sabor-laranja-20ml/p
VeraCruz;7899824401314;Suplemento Alimentar Zirvit Pré com 30 cápsulas;Disponível;77,25;73,39;-5.0%;77,25;-0.0%;Saúde Feminina > Gestante;20908;https://www.drogariaveracruz.com.br/suplemento-alimentar-zirvit-pre-30-capsulas/p
VeraCruz;7898928257032;Niquitin 21mg 7 adesivos transdérmicos transparentes;Disponível;139,06;108,33;-22.1%;57,02;-59.0%;Antitabagismo > Adesivo de Nicotina;11965;https://www.drogariaveracruz.com.br/niquitin-21mg-7-adesivos-transdermicos-transparentes/p
VeraCruz;7896685301661;Florax SM 50milhões/ml Pediátrico Sabor Framboesa 5 flaconetes com 5ml cada;Disponível;42,52;35,95;-15.5%;37,84;-11.0%;Digestão > Diarréia;18245;https://www.drogariaveracruz.com.br/florax-sm-50milhoesml-pediatrico-sabor-framboesa-5-flaconetes-com-5ml-cada/p
VeraCruz;7897595901330;Puran T4 150mcg 30 comprimidos;Disponível;27,36;18,97;-30.7%;19,97;-27.0%;Hormônios;15974;https://www.drogariaveracruz.com.br/puran-t4-150mcg-30-comprimidos/p
VeraCruz;7897316804926;Solução Oftálmica Combigan 0,2% + 0,5% 5ml;Disponível;0;0;0;0;0;Olhos > Lubrificantes e Colírios;15341;https://www.drogariaveracruz.com.br/solucao-oftalmica-combigan-02-05-5ml/p
VeraCruz;7891010970871;Nicorette 2mg Icemint 30 gomas mastigáveis;Disponível;102,98;97,83;-5.0%;51,49;-50.0%;Antitabagismo > Pastilhas Mastigáveis e Comprimidos;11942;https://www.drogariaveracruz.com.br/nicorette-2mg-icemint-30-gomas-mastigaveis/p
VeraCruz;7896009498480;Advil Mulher 400mg 10 Cápsulas Líquidas;Disponível;32,06;22,53;-29.7%;23,72;-26.0%;Saúde Feminina > Cólica;18942;https://www.drogariaveracruz.com.br/advil-mulher-400mg-10-capsulas-liquidas/p
VeraCruz;7898636191963;Next 400mg + 4mg + 4mg com 5 Cápsulas;Disponível;0;0;0;0;0;Sistema Respiratório > Antigripais;18840;https://www.drogariaveracruz.com.br/next-400mg-4mg-4mg-com-5-capsulas/p
VeraCruz;7896331700121;Sabonete Sanasar 80g;Disponível;0;0;0;0;0;Pele e Mucosa;18330;https://www.drogariaveracruz.com.br/sabonete-sanasar-80g/p
VeraCruz;7891721010026;Diclin 2mg + 0,035mg 21 comprimidos revestidos;Disponível;25,39;19,54;-23.0%;20,57;-19.0%;Saúde Feminina > Anticoncepcionais;16914;https://www.drogariaveracruz.com.br/diclin-2mg-0035mg-21-comprimidos-revestidos/p
VeraCruz;7896226500195;VALIUM 10 MG C/20 CPR;Disponível;0;0;0;0;0;Psicotrópicos;24462;https://www.drogariaveracruz.com.br/valium-10-mg-c20-cpr/p
VeraCruz;7896026303088;Pradaxa 75mg 30 cápsulas;Disponível;209,27;153,08;-26.9%;53,71;-74.3%;Sistema Circulatório > Circulação;10643;https://www.drogariaveracruz.com.br/pradaxa-75mg-30-capsulas/p
VeraCruz;7894916503266;Leverctin 6mg 2 comprimidos;Disponível;0;0;0;0;0;Vermes e Parasitas;17871;https://www.drogariaveracruz.com.br/leverctin-6mg-2-comprimidos/p
VeraCruz;7897322701738;Maxsulid 400mg 10 Comprimidos;Disponível;51,01;43,13;-15.4%;45,40;-11.0%;Dor e Febre > Anti-Inflamatórios;16294;https://www.drogariaveracruz.com.br/maxsulid-400mg-10-comprimidos/p
VeraCruz;7894916510011;Bramicar HCT 80mg + 12,5mg 30 comprimidos;Disponível;107,54;91,95;-14.5%;96,79;-10.0%;Pressão Alta > Anti-Hipertensivo;13506;https://www.drogariaveracruz.com.br/bramicar-hct-80mg-125mg-30-comprimidos/p
VeraCruz;7897595605573;Trilax 300mg + 125mg + 50mg + 30mg 30 comprimidos;Disponível;0;0;0;0;0;Dor e Febre > Anti-Inflamatórios;17542;https://www.drogariaveracruz.com.br/trilax-300mg-125mg-50mg-30mg-30-comprimidos/p
VeraCruz;7896255713368;Iruxol 06U/G + 10mg/G Caixa Contendo 1 Bisnaga Com 30G de Pomada de Uso dermatológico;Disponível;88,11;71,98;-18.3%;75,77;-14.0%;Antibióticos;23935;https://www.drogariaveracruz.com.br/iruxol-06ug-10mgg-caixa-contendo-1-bisnaga-com-30g-de-pomada-de-uso-dermatologico/p
VeraCruz;7896026304719;Pradaxa 150mg 60 cápsulas;Disponível;418,48;318,04;-24.0%;111,59;-73.3%;Sistema Circulatório > Circulação;10642;https://www.drogariaveracruz.com.br/pradaxa-150mg-60-capsulas/p
VeraCruz;7891058021894;Coltrax 2mg/ml 3 ampolas com 2ml;Disponível;0;0;0;0;0;Dor e Febre > Anti-Inflamatórios;15334;https://www.drogariaveracruz.com.br/coltrax-2mgml-3-ampolas-com-2ml/p
VeraCruz;7896015592875;Tansudart 0,4mg 30 cápsulas duras de liberação prolongada;Disponível;0;0;0;0;0;Saúde Masculina > Próstata;14661;https://www.drogariaveracruz.com.br/tansudart-04mg-30-capsulas-duras-de-liberacao-prolongada/p
VeraCruz;7896658008863;Levoid 125mcg 30 comprimidos;Disponível;27,51;21,95;-20.2%;23,11;-16.0%;Hormônios;17861;https://www.drogariaveracruz.com.br/levoid-125mcg-30-comprimidos/p
VeraCruz;7896015516581;Flixotide Spray 50mcg 120 doses;Disponível;0;0;0;0;0;Sistema Respiratório > DPOC;11436;https://www.drogariaveracruz.com.br/flixotide-spray-50mcg-120-doses/p
VeraCruz;7896658004704;Tandrilax Aché 15 comprimidos;Disponível;20,18;17,83;-11.6%;18,77;-7.0%;Dor e Febre > Anti-Inflamatórios;16469;https://www.drogariaveracruz.com.br/tandrilax-ache-15-comprimidos/p
VeraCruz;7891106900591;Canesten Creme 10mg/g 20g;Disponível;34,01;30,69;-9.8%;32,31;-5.0%;Pele e Mucosa;13105;https://www.drogariaveracruz.com.br/canesten-creme-10mgg-20g/p
VeraCruz;7898133137310;Hidraplex Sabor Natural 4 envelopes;Disponível;22,90;13,93;-39.2%;14,66;-36.0%;Digestão > Laxantes e Reguladores Intestinais;23607;https://www.drogariaveracruz.com.br/hidraplex-sabor-natural-4-envelopes/p
VeraCruz;8903855072333;ESPRAN 10MG C/60 COMP;Disponível;0;0;0;0;0;Psicotrópicos;24972;https://www.drogariaveracruz.com.br/espran-10mg-c60-comp/p
VeraCruz;7896382706431;Humalog Kwikpen Caneta 100UI 1 carpule com 3ml + 1 sistema de aplicação;Disponível;63,52;52,50;-17.3%;55,26;-13.0%;Diabetes;13042;https://www.drogariaveracruz.com.br/humalog-kwikpen-caneta-300ui-1-carpule-com-3ml-1-sistema-de-aplicacao/p
VeraCruz;7896382703317;Humulin N NPH 100UI/ml 2 Refis de 3ml cada;Disponível;94,67;53,96;-43.0%;56,80;-40.0%;Diabetes;13907;https://www.drogariaveracruz.com.br/humulin-n-nph-100uiml-2-refis-de-3ml-cada/p
VeraCruz;7896004707600;Otomixyn Gts c/5 ml;Disponível;11,83;7,31;-38.2%;7,69;-35.0%;Antibióticos;23891;https://www.drogariaveracruz.com.br/otomixyn-gts-c5-ml/p
VeraCruz;7896548198292;Maxidex Pomada Oftálmica 1mg/g 3,5g;Disponível;40,34;35,64;-11.7%;37,52;-7.0%;Alergias;16291;https://www.drogariaveracruz.com.br/maxidex-pomada-oftalmica-1mgg-35g/p
VeraCruz;7896658016677;Bravan 160mg 30 comprimidos revestidos;Disponível;51,91;49,31;-5.0%;51,91;-0.0%;Pressão Alta > Anti-Hipertensivo;17433;https://www.drogariaveracruz.com.br/bravan-160mg-30-comprimidos-revestidos/p
VeraCruz;7896094999558;Neosaldina Dip 1g 10 comprimidos;Disponível;24,99;18,52;-25.9%;19,49;-22.0%;Dor e Febre > Analgésico;14817;https://www.drogariaveracruz.com.br/neosaldina-dip-1g-10-comprimidos/p
VeraCruz;7891317432386;Musculare 10mg 30 comprimidos revestidos;Disponível;45,93;38,40;-16.4%;40,42;-12.0%;Dor e Febre > Contusão e Relaxante Muscular;11897;https://www.drogariaveracruz.com.br/musculare-10mg-30-comprimidos-revestidos/p
VeraCruz;7898582380268;Belarina 2mg + 0,02mg 28 comprimidos revestidos;Disponível;68,01;51,69;-24.0%;54,41;-20.0%;Saúde Feminina > Anticoncepcionais;15577;https://www.drogariaveracruz.com.br/belarina-2mg-002mg-28-comprimidos-revestidos/p
VeraCruz;7896009498442;Advil 400mg 8 cápsulas líquidas;Disponível;25,64;17,78;-30.7%;18,72;-27.0%;Dor e Febre > Analgésico;10441;https://www.drogariaveracruz.com.br/analgesico-advil-400mg-8-capsulas-liquidas/p
VeraCruz;7898616360303;Glargilin 100ui/ml 1 caneta descartável preenchida com 3ml de solução injetável;Disponível;76,63;64,06;-16.4%;67,43;-12.0%;Diabetes;15150;https://www.drogariaveracruz.com.br/glargilin-100uiml-1-caneta-descartavel-preenchida-com-3ml-de-solucao-injetavel/p
VeraCruz;7898029551244;Coversyl Plus 4mg + 1,25mg 30 comprimidos;Disponível;0;0;0;0;0;Pressão Alta > Anti-Hipertensivo;16878;https://www.drogariaveracruz.com.br/coversyl-plus-4mg-125mg-30-comprimidos/p
VeraCruz;7891317455040;Domperix 10mg 30 comprimidos;Disponível;31,40;25,95;-17.4%;27,32;-13.0%;Digestão > Náuseas;12110;https://www.drogariaveracruz.com.br/domperix-10mg-30-comprimidos/p
VeraCruz;7898560665097;Thioctacid 600 mg 30 comprimidos revestidos;Disponível;227,08;161,79;-28.8%;56,77;-75.0%;Diabetes;22005;https://www.drogariaveracruz.com.br/thioctacid-600-mg-30-comprimidos-revestidos/p
VeraCruz;7500435153089;Xarope Vick Mel 120ml;Disponível;0;0;0;0;0;Sistema Respiratório > Tosse;19171;https://www.drogariaveracruz.com.br/xarope-vick-mel-120ml/p
VeraCruz;7894916502689;CARVEDILAT - 12,5mg, 30 comprimidos;Disponível;0;0;0;0;0;Sistema Circulatório > Circulação;13012;https://www.drogariaveracruz.com.br/carvedilat-125mg-30-comprimidos/p
VeraCruz;7896230303645;Sais para Reidratação Oral Hidroral Sabor Tradicional 4 unidades de 27,9g cada;Disponível;19,90;15,69;-21.2%;16,52;-17.0%;Digestão > Laxantes e Reguladores Intestinais;13030;https://www.drogariaveracruz.com.br/sais-para-reidratacao-oral-hidroral-sabor-tradicional-4-unidades-de-279g-cada/p
VeraCruz;7891058020286;Probiótico Enterogermina Plus 5ml com 5 Frascos;Disponível;63,50;42,66;-32.8%;44,90;-29.3%;Digestão > Laxantes e Reguladores Intestinais;10604;https://www.drogariaveracruz.com.br/probiotico-enterogermina-plus-5-frascos-de-5ml/p
VeraCruz;7891721014239;Euthyrox 100mcg 50 comprimidos;Disponível;50,45;36,42;-27.8%;38,34;-24.0%;Hormônios;11639;https://www.drogariaveracruz.com.br/euthyrox-100mcg-50-comprimidos/p
VeraCruz;7896004810232;Dermobene 10mg/ml 20ml;Disponível;0;0;0;0;0;Pele e Mucosa;12601;https://www.drogariaveracruz.com.br/dermobene-10mgml-20ml/p
VeraCruz;7891142115768;Oximax 200mcg Refil 30 cápsulas de pó para inalação;Disponível;0;0;0;0;0;Sistema Respiratório > Asma;12391;https://www.drogariaveracruz.com.br/oximax-200mcg-refil-30-capsulas-de-po-para-inalacao/p
VeraCruz;7896331704945;Ritmoneuran RTM Flaconete 10ml;Disponível;0;0;0;0;0;Sistema Nervoso > Calmantes;10722;https://www.drogariaveracruz.com.br/ritmoneuran-rtm-flaconete-10ml/p
VeraCruz;7898581710622;Ferinject 50mg/ml 1 ampola com 10ml;Disponível;823,86;618,31;-24.9%;216,95;-73.7%;Oncológicos e Alto Custo;20582;https://www.drogariaveracruz.com.br/ferinject-50mgml-1-ampola-com-10ml/p
VeraCruz;7891721015007;Euthyrox 137mcg 50 comprimidos;Disponível;60,00;43,32;-27.8%;45,60;-24.0%;Hormônios;11642;https://www.drogariaveracruz.com.br/euthyrox-137mcg-50-comprimidos/p
VeraCruz;7891317014186;Atak Clav 80mg/ml + 114mg/ml 1 Frasco Com 70ml de Pó Para Suspensão de Uso Oral + Seringa Dosadora;Disponível;45,29;35,28;-22.1%;37,14;-18.0%;Antibióticos;23873;https://www.drogariaveracruz.com.br/atak-clav-80mgml-114mgml-1-frasco-com-70ml-de-po-para-suspensao-de-uso-oral-seringa-dosadora/p
VeraCruz;7896004821436;Sitglu 100mg 30 comprimidos revestidos;Disponível;111,91;89,30;-20.2%;94,00;-16.0%;Diabetes;23704;https://www.drogariaveracruz.com.br/sitglu-100mg-30-comprimidos-revestidos/p
VeraCruz;7896070601796;Profenid Retard 200mg 10 comprimidos revestidos;Disponível;70,41;57,52;-18.3%;60,55;-14.0%;Dor e Febre > Anti-Inflamatórios;10709;https://www.drogariaveracruz.com.br/profenid-retard-200mg-10-comprimidos-revestidos/p
VeraCruz;7891058003579;Puran T4 62,5mcg 30 comprimidos;Disponível;19,42;13,47;-30.6%;14,18;-27.0%;Hormônios;15985;https://www.drogariaveracruz.com.br/puran-t4-625mcg-30-comprimidos/p
VeraCruz;7891317450427;VENLAXIN 75MG C/28 CPS;Disponível;0;0;0;0;0;Psicotrópicos;24502;https://www.drogariaveracruz.com.br/venlaxin-75mg-c28-cps/p
VeraCruz;7896382705519;HUMALOG - 300UI, 5 carpules com 3mL de solução de uso subcutâneo;Disponível;0;0;0;0;0;Diabetes;17028;https://www.drogariaveracruz.com.br/humalog-300ui-5-carpules-com-3ml-de-solucao-de-uso-subcutaneo/p
VeraCruz;7897705201831;Novorapid Flexpen 100U/ml 1 carpule com 3ml + 1 sistema de aplicação;Disponível;66,52;54,98;-17.3%;57,87;-13.0%;Diabetes;13543;https://www.drogariaveracruz.com.br/novorapid-flexpen-100uml-1-carpule-com-3ml-1-sistema-de-aplicacao/p
VeraCruz;7896658032585;TANISEA - 20mg/mL, caixa contendo 1 frasco com pó para suspensão de uso oral (capacidade do frasco 45mL);Disponível;0;0;0;0;0;Vermes e Parasitas;16495;https://www.drogariaveracruz.com.br/tanisea-20mgml-caixa-contendo-1-frasco-com-po-para-suspensao-de-uso-oral-capacidade-do-frasco-45ml/p
VeraCruz;7897129301513;Hixizine 25mg 30 comprimidos;Disponível;63,14;50,39;-20.2%;53,04;-16.0%;Alergias;15811;https://www.drogariaveracruz.com.br/hixizine-25mg-30-comprimidos/p
VeraCruz;7896006214670;Omeprazol 20mg União Química 28 cápsulas duras;Disponível;28,02;7,19;-74.3%;7,57;-73.0%;Digestão > Úlcera e Gastrite;23502;https://www.drogariaveracruz.com.br/omeprazol-20mg-uniao-quimica-28-capsulas-duras/p
VeraCruz;7891058017507;Analgésico Dorflex 36 comprimidos;Disponível;23,74;18,04;-24.0%;18,99;-20.0%;Dor e Febre > Analgésico;12125;https://www.drogariaveracruz.com.br/analgesico-dorflex-36-comprimidos/p
VeraCruz;7899824401307;Nevrix 100mg + 100mg + 5mg 90 comprimidos revestidos;Disponível;219,75;167,01;-24.0%;58,60;-73.3%;Sistema Nervoso > Distúrbios Cerebrais;20977;https://www.drogariaveracruz.com.br/nevrix-100mg-100mg-5mg-90-comprimidos-revestidos/p
VeraCruz;7897411600423;Benicar Triplo 40mg/25mg/10mg 30 comprimidos revestidos;Disponível;0;0;0;0;0;Pressão Alta > Anti-Hipertensivo;14600;https://www.drogariaveracruz.com.br/benicar-triplo-40mg25mg10mg-30-comprimidos-revestidos/p
VeraCruz;7896676409673;ROXETIN 20 MG C/30 CPR;Disponível;0;0;0;0;0;Psicotrópicos;24510;https://www.drogariaveracruz.com.br/roxetin-20-mg-c30-cpr/p
VeraCruz;7898609960565;Solução Injetável Prolia 60mg 1 Seringa com 1ml Refrigerado;Disponível;1406,81;1069,18;-24.0%;375,15;-73.3%;Oncológicos e Alto Custo;14098;https://www.drogariaveracruz.com.br/solucao-injetavel-prolia-60mg-1-seringa-com-1ml-refrigerado/p
VeraCruz;7891317438944;BUP 150MG C/ 60 CPR;Disponível;298,75;224,21;-25.0%;78,67;-73.7%;Psicotrópicos;24497;https://www.drogariaveracruz.com.br/bup-150mg-c-60-cpr/p
VeraCruz;7899640810321;ASSERT 25MG C/30 CPR;Disponível;0;0;0;0;0;Psicotrópicos;24508;https://www.drogariaveracruz.com.br/assert-25mg-c30-cpr/p
VeraCruz;7891317022105;Citobê 100mg + 100mg + 5000mcg 30 comprimidos revestidos;Disponível;86,80;67,62;-22.1%;71,18;-18.0%;Dor e Febre > Analgésico;23603;https://www.drogariaveracruz.com.br/citobe-100mg-100mg-5000mcg-30-comprimidos-revestidos/p
VeraCruz;7898133131066;Xarope Polaradex 100ml;Disponível;0;0;0;0;0;Dor e Febre > Anti-Inflamatórios;15134;https://www.drogariaveracruz.com.br/xarope-polaradex-100ml/p
VeraCruz;7896676414530;Helleva 80mg 2 comprimidos;Disponível;64,48;53,90;-16.4%;56,74;-12.0%;Saúde Masculina > Disfunção Erétil;12675;https://www.drogariaveracruz.com.br/helleva-80mg-2-comprimidos/p
VeraCruz;7897322714431;Addera D3 3300UI/ml 1 frasco gotejador com 20ml de solução de uso oral;Disponível;0;0;0;0;0;Vitaminas;17096;https://www.drogariaveracruz.com.br/addera-d3-3300uiml-1-frasco-gotejador-com-20ml-de-solucao-de-uso-oral/p
VeraCruz;7896094999497;Lacto-Purga 12 comprimidos revestidos;Disponível;11,99;9,91;-17.3%;10,43;-13.0%;Digestão > Laxantes e Reguladores Intestinais;22147;https://www.drogariaveracruz.com.br/lacto-purga-12-comprimidos-revestidos/p
VeraCruz;7895858015664;Leite de Magnésia Phillips Hortelã 120ml;Disponível;23,50;20,54;-12.6%;21,62;-8.0%;Digestão > Azia e Má Digestão;11061;https://www.drogariaveracruz.com.br/leite-de-magnesia-phillips-hortela-120ml/p
VeraCruz;7894916513173;BUPIUM XL 150MG C/60 CPR;Disponível;165,57;157,29;-5.0%;55,19;-66.7%;Psicotrópicos;24882;https://www.drogariaveracruz.com.br/bupium-xl-150mg-c60-cpr/p
VeraCruz;7891158100901;Lipidil 200mg 30 cápsulas;Disponível;200,10;148,28;-25.9%;52,03;-74.0%;Colesterol e Triglicerídeos;15691;https://www.drogariaveracruz.com.br/lipidil-200mg-30-capsulas/p
VeraCruz;7896094209701;Descongestionante Nasal Salsep Jet 0,9% Jato Contínuo 100ml;Disponível;0;0;0;0;0;Sistema Respiratório > Descongestionantes;18326;https://www.drogariaveracruz.com.br/descongestionante-nasal-salsep-jet-09-jato-continuo-100ml/p
VeraCruz;7891106914055;Primolut-Nor 10mg 30 comprimidos;Disponível;111,38;93,11;-16.4%;98,01;-12.0%;Saúde Feminina > Reposição Hormonal;10685;https://www.drogariaveracruz.com.br/primolut-nor-10mg-30-comprimidos/p
VeraCruz;7896637032797;Eniagor 50mg/ml Solução Capilar Refil 50ml;Disponível;55,35;34,70;-37.3%;36,53;-34.0%;Tratamento Capilar > Queda De Cabelo;14925;https://www.drogariaveracruz.com.br/eniagor-50mgml-solucao-capilar-refil-50ml/p
VeraCruz;7897322714271;Fibras Tamarine sem Sabor Pote 250g;Disponível;0;0;0;0;0;Digestão > Laxantes e Reguladores Intestinais;16453;https://www.drogariaveracruz.com.br/fibras-tamarine-sem-sabor-pote-250g/p
VeraCruz;7896212479825;Daktarin 20mg/g Gel Oral 40g;Disponível;0;0;0;0;0;Pele e Mucosa;12585;https://www.drogariaveracruz.com.br/daktarin-20mgg-gel-oral-40g/p
VeraCruz;-;Zetsim 10mg + 20mg 28 comprimidos;Disponível;0;0;0;0;0;Colesterol e Triglicerídeos;;https://www.drogariaveracruz.com.br/zetsim-10mg-20mg-28-comprimidos/p
VeraCruz;7898040324452;Actifedrin 6mg/ml + 0,25mg/ml Xarope 100ml;Disponível;0;0;0;0;0;Alergias;17337;https://www.drogariaveracruz.com.br/actifedrin-6mgml-025mgml-xarope-100ml/p
VeraCruz;7899824400072;Jofix 8mg 10 comprimidos orodispersíveis;Disponível;0;0;0;0;0;Digestão > Náuseas;11785;https://www.drogariaveracruz.com.br/jofix-8mg-10-comprimidos-orodispersiveis/p
VeraCruz;7896112424147;Triazol 150mg 4 cápsula;Disponível;0;0;0;0;0;Pele e Mucosa;17543;https://www.drogariaveracruz.com.br/triazol-150mg-4-capsula/p
VeraCruz;7896212429356;RISPERDAL 1 MG C/30 ML;Disponível;270,83;190,39;-29.7%;66,80;-75.3%;Psicotrópicos;24807;https://www.drogariaveracruz.com.br/risperdal-1-mg-c30-ml/p
VeraCruz;7896422516624;Respiratus 7mg/m Xarope Aroma Artificial de Cereja 100ml;Disponível;40,63;34,35;-15.5%;36,16;-11.0%;Sistema Respiratório > Expectorante;16046;https://www.drogariaveracruz.com.br/respiratus-7mgm-xarope-aroma-artificial-de-cereja-100ml/p
VeraCruz;7898040324728;Prosoy 30mg c/6 comprimidos;Disponível;61,90;52,34;-15.4%;55,09;-11.0%;Antibióticos;24425;https://www.drogariaveracruz.com.br/prosoy-30mg-c6-comprimidos/p
VeraCruz;7896181915171;Busonid Aquoso Nasal 32mcg 120 doses 6ml;Disponível;32,18;25,98;-19.3%;27,35;-15.0%;Alergias;17476;https://www.drogariaveracruz.com.br/busonid-aquoso-nasal-32mcg-120-doses-6ml/p
VeraCruz;7896004706528;Celerg 0,25mg + 2mg 20 comprimidos;Disponível;26,82;20,13;-24.9%;21,19;-21.0%;Alergias;20766;https://www.drogariaveracruz.com.br/celerg-025mg-2mg-20-comprimidos/p
VeraCruz;7898074616042;Dividol 70Mg 12 Cápsulas;Disponível;0;0;0;0;0;Psicotrópicos;16082;https://www.drogariaveracruz.com.br/dividol-70mg-12-capsulas/p
VeraCruz;7896658048371;Dropropizina 1,5mg xpe inf 120ml;Disponível;14,07;13,37;-5.0%;14,07;-0.0%;Alergias;25171;https://www.drogariaveracruz.com.br/dropropizina-15mg-xpe-inf-120ml/p
VeraCruz;7894916500715;Finastil 5mg 30 comprimidos revestidos;Disponível;0;0;0;0;0;Saúde Masculina > Próstata;11666;https://www.drogariaveracruz.com.br/finastil-5mg-30-comprimidos-revestidos/p
VeraCruz;7897322706658;Rinosoro SIC Infantil Spray Suave 0,9% Descongestionante Nasal 50ml;Disponível;37,49;33,13;-11.6%;34,87;-7.0%;Sistema Respiratório > Descongestionantes;10714;https://www.drogariaveracruz.com.br/fluidificante-e-descongestionante-nasal-rinosoro-sic-infantil-spray-suave-09-50ml/p
VeraCruz;7896261012448;Diovan Amlo Fix 80mg + 5mg 28 comprimidos revestidos;Disponível;0;0;0;0;0;Pressão Alta > Anti-Hipertensivo;16021;https://www.drogariaveracruz.com.br/diovan-amlo-fix-80mg-5mg-28-comprimidos-revestidos/p
VeraCruz;7896004762098;Lacday 10.000 U.FCC EMS 8 comprimidos mastigáveis;Disponível;26,50;21,40;-19.2%;22,53;-15.0%;Digestão > Laxantes e Reguladores Intestinais;20316;https://www.drogariaveracruz.com.br/lacday-10000-ufcc-ems-8-comprimidos-mastigaveis/p
VeraCruz;7896658019562;Cipide 100mg 30 comprimidos;Disponível;56,96;54,11;-5.0%;56,96;-0.0%;Colesterol e Triglicerídeos;11578;https://www.drogariaveracruz.com.br/cipide-100mg-30-comprimidos/p
VeraCruz;7891035010972;Strepsils Sabor Laranja 16 pastilhas;Disponível;33,99;30,03;-11.7%;31,61;-7.0%;Dor e Febre > Dor de Garganta;13425;https://www.drogariaveracruz.com.br/pastilhas-para-garganta-strepsils-sabor-laranja-sem-acucar-16-pastilhas/p
VeraCruz;7896261006553;Slow - K 600mg 20 drágeas;Disponível;19,29;15,94;-17.4%;16,78;-13.0%;Vitaminas;17902;https://www.drogariaveracruz.com.br/slow-k-600mg-20-drageas/p
VeraCruz;7891058003883;Anador 1g 20 comprimidos;Disponível;0;0;0;0;0;Dor e Febre > Analgésico;20682;https://www.drogariaveracruz.com.br/anador-1g-20-comprimidos/p
VeraCruz;7891721014741;Euthyrox 75mcg 50 comprimidos;Disponível;48,80;35,24;-27.8%;37,09;-24.0%;Hormônios;11652;https://www.drogariaveracruz.com.br/euthyrox-75mcg-50-comprimidos/p
VeraCruz;-;Rosa 10mg 30 comprimidos revestidos;Disponível;0;0;0;0;0;Sistema Circulatório > Cardiovasculares;;https://www.drogariaveracruz.com.br/rosa-10mg-30-comprimidos-revestidos/p
VeraCruz;7896714292779;Flavonid 900mg + 100mg 60 Comprimidos Revestidos;Disponível;227,73;216,34;-5.0%;75,91;-66.7%;Sistema Circulatório > Varizes;26818;https://www.drogariaveracruz.com.br/flavonid-900mg-100mg-60-comprimidos-revestidos/p
VeraCruz;7896261012561;Diovan Amlo Fix 320mg + 5mg 28 comprimidos revestidos;Disponível;176,33;167,51;-5.0%;58,78;-66.7%;Pressão Alta > Anti-Hipertensivo;16020;https://www.drogariaveracruz.com.br/diovan-amlo-fix-320mg-5mg-28-comprimidos-revestidos/p
VeraCruz;7891317140533;Pietra ED 2mg 30 comprimidos revestidos;Disponível;69,06;57,08;-17.3%;60,08;-13.0%;Hormônios;15957;https://www.drogariaveracruz.com.br/pietra-ed-2mg-30-comprimidos-revestidos/p
VeraCruz;7891142128812;Cizax 5mg 30 comprimidos;Disponível;0;0;0;0;0;Dor e Febre > Anti-Inflamatórios;13101;https://www.drogariaveracruz.com.br/cizax-5mg-30-comprimidos/p
VeraCruz;7896094203068;Gestinol 30mcg + 75mcg 84 comprimidos revestidos;Disponível;165,01;109,73;-33.5%;57,76;-65.0%;Saúde Feminina > Anticoncepcionais;12282;https://www.drogariaveracruz.com.br/gestinol-30mcg-75mcg-84-comprimidos-revestidos/p
VeraCruz;7896179850019;TAMARINE - Frasco com 150g de geléia de uso oral;Disponível;0;0;0;0;0;Digestão > Laxantes e Reguladores Intestinais;12492;https://www.drogariaveracruz.com.br/tamarine-frasco-com-150g-de-geleia-de-uso-oral/p
VeraCruz;7896714236148;Magnostase 2mg 12 comprimidos;Disponível;10,61;6,25;-41.1%;6,58;-38.0%;Digestão > Diarréia;16242;https://www.drogariaveracruz.com.br/magnostase-2mg-12-comprimidos/p
VeraCruz;7898216367993;FRISIUM 10 MG C/20 CPR;Disponível;24,07;18,30;-24.0%;19,26;-20.0%;Psicotrópicos;24487;https://www.drogariaveracruz.com.br/frisium-10-mg-c20-cpr/p
VeraCruz;7891721014086;Euthyrox 125mcg 50 comprimidos;Disponível;56,38;40,71;-27.8%;42,85;-24.0%;Hormônios;11641;https://www.drogariaveracruz.com.br/euthyrox-125mcg-50-comprimidos/p
VeraCruz;-;Letrozol 2,5mg Eurofarma 30 comprimidos revestidos;Disponível;909,92;328,48;-63.9%;115,26;-87.3%;Oncológicos e Alto Custo;;https://www.drogariaveracruz.com.br/letrozol-25mg-eurofarma-30-comprimidos-revestidos/p
VeraCruz;8903855081564;MEALZ 10MG C/30 CPR;Disponível;0;0;0;0;0;Psicotrópicos;24984;https://www.drogariaveracruz.com.br/mealz-10mg-c30-cpr/p
VeraCruz;7896094203075;Finalop 1mg 30 Comprimidos Revestidos;Disponível;89,18;70,32;-21.1%;74,02;-17.0%;Tratamento Capilar > Queda De Cabelo;11662;https://www.drogariaveracruz.com.br/finalop-1mg-30-comprimidos-revestidos/p
VeraCruz;7896094921344;Buscofem 400mg 10 cápsulas;Disponível;34,97;27,25;-22.1%;28,68;-18.0%;Saúde Feminina > Cólica;17472;https://www.drogariaveracruz.com.br/buscofem-400mg-10-capsulas/p
VeraCruz;7897947603783;Creme de Arnica Cimed com Mentol 60g;Disponível;0;0;0;0;0;Dor e Febre > Anti-Inflamatórios;18846;https://www.drogariaveracruz.com.br/creme-de-arnica-cimed-com-mentol-60g/p
VeraCruz;7899640808922;RIPOSO SL 5MG C/30 CPR SUBL;Disponível;0;0;0;0;0;Psicotrópicos;24901;https://www.drogariaveracruz.com.br/riposo-sl-5mg-c30-cpr-subl/p
VeraCruz;7896658038266;Nienza 6,25mg 30 comprimidos;Disponível;0;0;0;0;0;Pressão Alta > Anti-Hipertensivo;14562;https://www.drogariaveracruz.com.br/nienza-625mg-30-comprimidos/p
VeraCruz;7896094201842;Selimax Pulso 500mg 9 comprimidos revestidos;Disponível;0;0;0;0;0;Antibióticos;23841;https://www.drogariaveracruz.com.br/selimax-pulso-500mg-9-comprimidos-revestidos/p
VeraCruz;7897851221158;Capilarema 75mg 60 comprimidos;Disponível;119,66;90,94;-24.0%;95,73;-20.0%;Sistema Circulatório > Circulação;13730;https://www.drogariaveracruz.com.br/capilarema-75mg-60-comprimidos/p
VeraCruz;7896672201783;JUMEXIL 5 MG C/20 CPR;Disponível;0;0;0;0;0;Psicotrópicos;24842;https://www.drogariaveracruz.com.br/jumexil-5-mg-c20-cpr/p
VeraCruz;7896637015011;Tomat 5mg 30 cápsulas;Disponível;0;0;0;0;0;Vitaminas;19103;https://www.drogariaveracruz.com.br/tomat-5mg-30-capsulas/p
VeraCruz;7896658027604;Divena 40mg 30 comprimidos;Disponível;75,04;62,74;-16.4%;66,04;-12.0%;Digestão > Úlcera e Gastrite;13651;https://www.drogariaveracruz.com.br/divena-40mg-30-comprimidos/p
VeraCruz;7891058003555;Puran T4 12,5mcg 30 comprimidos;Disponível;3,87;2,72;-29.7%;2,86;-26.1%;Hormônios;12876;https://www.drogariaveracruz.com.br/puran-t4-125mcg-30-comprimidos/p
VeraCruz;7891317014377;Buona 150mg 30 cápsulas;Disponível;0;0;0;0;0;Saúde Feminina > Reposição Hormonal;17468;https://www.drogariaveracruz.com.br/buona-150mg-30-capsulas/p
VeraCruz;310119052136;Lubrificante e Umidificante Renu Plus 8ml;Disponível;0;0;0;0;0;Olhos > Produtos para Lentes;12907;https://www.drogariaveracruz.com.br/lubrificante-e-umidificante-renu-plus-8ml/p
VeraCruz;7896094926547;Neosaldina Dip 1g 20 comprimidos;Disponível;39,98;29,24;-26.9%;30,78;-23.0%;Dor e Febre > Enxaqueca;19953;https://www.drogariaveracruz.com.br/neosaldina-dip-1g-20-comprimidos/p
VeraCruz;7896112143994;Carbidol 25mg + 250mg 30 comprimidos;Disponível;0;0;0;0;0;Sistema Nervoso > Remédio para Parkinson | Aché, Roche, Cristália, e mais;10966;https://www.drogariaveracruz.com.br/carbidol-25mg-250mg-30-comprimidos/p
VeraCruz;7896112436102;Flavenos 450mg + 50mg 30 comprimidos revestidos;Disponível;92,05;69,96;-24.0%;73,64;-20.0%;Sistema Circulatório > Circulação;11425;https://www.drogariaveracruz.com.br/flavenos-450mg-50mg-30-comprimidos-revestidos/p
VeraCruz;7896181901747;Cordarex 5mg 30 comprimidos;Disponível;38,69;31,98;-17.3%;33,66;-13.0%;Pressão Alta > Anti-Hipertensivo;12019;https://www.drogariaveracruz.com.br/cordarex-5mg-30-comprimidos/p
VeraCruz;7897322709734;Addera D3 7.000UI 10 cápsulas moles;Disponível;0;0;0;0;0;Vitaminas;17354;https://www.drogariaveracruz.com.br/vitamina-d3-addera-d3-7000ui-10-capsulas-moles/p
VeraCruz;7896026170475;Malvatricin Solução Pronta para Uso 250ml;Disponível;0;0;0;0;0;Dor e Febre > Dor de Garganta;16268;https://www.drogariaveracruz.com.br/solucao-antisseptica-malvatricin-250ml/p
VeraCruz;7898149937928;ZYDENA - 100mg, 2 comprimidos revestidos;Disponível;0;0;0;0;0;Saúde Masculina > Disfunção Erétil;24014;https://www.drogariaveracruz.com.br/zydena-100mg-2-comprimidos-revestidos/p
VeraCruz;7896658038457;Soanza XR 35mg 60 comprimidos;Disponível;98,22;80,25;-18.3%;84,47;-14.0%;Sistema Circulatório;14830;https://www.drogariaveracruz.com.br/soanza-xr-35mg-60-comprimidos/p
VeraCruz;7896714292816;Flavonid 900mg + 100mg 30 comprimidos revestidos;Disponível;117,69;65,97;-43.9%;69,44;-41.0%;Sistema Circulatório > Cardiovasculares;23438;https://www.drogariaveracruz.com.br/flavonid-900mg-100mg-30-comprimidos-revestidos/p
VeraCruz;7896523228150;Xarope Cimetosse 13,33mg/ml Sabor Mel e Menta 120ml;Disponível;28,83;18,35;-36.4%;19,32;-33.0%;Sistema Respiratório > Expectorante;20873;https://www.drogariaveracruz.com.br/xarope-cimetosse-1333mgml-sabor-mel-e-menta-120ml/p
VeraCruz;7896094203044;Elani 28 3mg + 0,03mg 84 comprimidos revestidos;Disponível;232,28;154,47;-33.5%;54,20;-76.7%;Saúde Feminina > Anticoncepcionais;10571;https://www.drogariaveracruz.com.br/elani-28-3mg-003mg-84-comprimidos-revestidos/p
VeraCruz;7896331702545;ABC Creme 10mg/g 20g;Disponível;19,24;13,35;-30.6%;14,05;-27.0%;Pele e Mucosa;17265;https://www.drogariaveracruz.com.br/abc-creme-10mgg-20g/p
VeraCruz;7896523227139;Cimegripe Dor e Febre 200mg/ml Sabor Laranja 15ml;Disponível;15,25;22,33;-0.0%;23,50;-0.0%;Dor e Febre > Analgésico;19232;https://www.drogariaveracruz.com.br/cimegripe-dor-e-febre-200mgml-sabor-laranja-15ml/p
VeraCruz;7896637018029;ARTANE 5MG C/30 CPR;Disponível;0;0;0;0;0;Psicotrópicos;24971;https://www.drogariaveracruz.com.br/artane-5mg-c30-cpr/p
VeraCruz;7891142128249;Celestone 0,1mg/ml Elixir 120ml;Disponível;0;0;0;0;0;Dor e Febre > Anti-Inflamatórios;10996;https://www.drogariaveracruz.com.br/celestone-01mgml-elixir-120ml/p
VeraCruz;7898581710455;RIVOTRIL - 2,5mg/mL, 1 frasco gotejador com 20mL de suspensão de uso oral;Disponível;0;0;0;0;0;Psicotrópicos;24346;https://www.drogariaveracruz.com.br/rivotril-25mgml-1-frasco-gotejador-com-20ml-de-suspensao-de-uso-oral/p
VeraCruz;7896006216605;Xantinon Complex 100ml;Disponível;18,78;16,06;-14.5%;16,90;-10.0%;Digestão > Laxantes e Reguladores Intestinais;11249;https://www.drogariaveracruz.com.br/xantinon-complex-100ml/p
VeraCruz;7891317003715;Tamiram 500mg 7 comprimidos revestidos;Disponível;129,47;98,40;-24.0%;51,79;-60.0%;Antibióticos;23969;https://www.drogariaveracruz.com.br/tamiram-500mg-7-comprimidos-revestidos/p
VeraCruz;7891106914116;Yasmin 3mg + 0,03mg 21 + 7 comprimidos revestidos;Disponível;0;0;0;0;0;Saúde Feminina > Anticoncepcionais;18017;https://www.drogariaveracruz.com.br/yasmin-3mg-003mg-21-7-comprimidos-revestidos/p
VeraCruz;7896637022644;Yomax 5,4mg 60 comprimidos;Disponível;109,83;93,91;-14.5%;98,85;-10.0%;Saúde Masculina > Disfunção Erétil;18021;https://www.drogariaveracruz.com.br/yomax-54mg-60-comprimidos/p
VeraCruz;7896004703954;Repopil 35 - 2mg + 0,035mg 21 comprimidos revestidos;Disponível;0;0;0;0;0;Saúde Feminina > Reposição Hormonal;16040;https://www.drogariaveracruz.com.br/repopil-35-2mg-0035mg-21-comprimidos-revestidos/p
VeraCruz;7891317011284;Sonic Cloridrato de Trazodona 100mg 30 comprimidos;Disponível;77,42;73,55;-5.0%;77,42;-0.0%;Psicotrópicos;25617;https://www.drogariaveracruz.com.br/sonic-100mg-c30-cpr/p
VeraCruz;7898430191923;TILESTAL 37,5MG C/20 CPR;Disponível;0;0;0;0;0;Psicotrópicos;24690;https://www.drogariaveracruz.com.br/tilestal-375mg-c20-cpr/p
VeraCruz;7896015518875;Avamys Spray Nasal 27,5mg 120 doses 9,1ml;Disponível;75,20;63,58;-15.5%;66,93;-11.0%;Alergias;17402;https://www.drogariaveracruz.com.br/avamys-spray-nasal-275mg-120-doses-91ml/p
VeraCruz;7896641806414;Siilif 100mg 60 comprimidos revestidos;Disponível;197,50;148,23;-24.9%;52,01;-73.7%;Saúde Feminina > Cólica;12481;https://www.drogariaveracruz.com.br/siilif-100mg-60-comprimidos-revestidos/p
VeraCruz;7896862910747;NIFEDIPRESS - 20mg, 30 comprimidos de liberação retardada;Disponível;0;0;0;0;0;Pressão Alta > Anti-Hipertensivo;13262;https://www.drogariaveracruz.com.br/nifedipress-20mg-30-comprimidos-de-liberacao-retardada/p
VeraCruz;7891721201530;Glifage XR 850mg 30 comprimidos de liberação prolongada;Disponível;42,48;32,28;-24.0%;33,98;-20.0%;Diabetes;18392;https://www.drogariaveracruz.com.br/glifage-xr-850mg-30-comprimidos-de-liberacao-prolongada/p
VeraCruz;7898581711230;NEOZINE 25 MG C/20 CPR;Disponível;15,82;12,17;-23.1%;12,81;-19.0%;Psicotrópicos;24826;https://www.drogariaveracruz.com.br/neozine-25-mg-c20-cpr/p
VeraCruz;7897851250561;MONOCORDIL - 20mg, 30 comprimidos;Disponível;20,90;15,09;-27.8%;15,88;-24.0%;Sistema Circulatório > Circulação;24021;https://www.drogariaveracruz.com.br/monocordil-20mg-30-comprimidos/p
VeraCruz;7896676400465;CODEIN 60 MG C/30 CPR;Disponível;115,60;84,56;-26.9%;89,01;-23.0%;Psicotrópicos;24676;https://www.drogariaveracruz.com.br/codein-60-mg-c30-cpr/p
VeraCruz;7897572020191;Janumet 50mg + 1000mg 56 comprimidos revestidos;Disponível;339,79;322,80;-5.0%;113,26;-66.7%;Diabetes;11756;https://www.drogariaveracruz.com.br/janumet-50mg-1000mg-56-comprimidos-revestidos/p
VeraCruz;7891058006402;PURAN T4 - 100mcg, 28 comprimidos;Disponível;0;0;0;0;0;Hormônios;12873;https://www.drogariaveracruz.com.br/puran-t4-100mcg-28-comprimidos/p
VeraCruz;7896658024993;Bravan Duo 320mg/5mg 30 comprimidos;Disponível;0;0;0;0;0;Pressão Alta > Anti-Hipertensivo;14836;https://www.drogariaveracruz.com.br/bravan-duo-320mg5mg-30-comprimidos/p
VeraCruz;7896004788388;Naridrin Alto Volume Refil 9mg/ml Com 30 Envelopes;Disponível;50,50;47,98;-5.0%;50,50;-0.0%;Sistema Respiratório > Descongestionantes;26160;https://www.drogariaveracruz.com.br/naridrin-alto-volume-refil-9mgml-com-30-envelopes/p
VeraCruz;7896658035784;LUTAB 20MG C/30 CPR;Disponível;223,47;165,59;-25.9%;58,10;-74.0%;Psicotrópicos;25011;https://www.drogariaveracruz.com.br/lutab-20mg-c30-cpr/p
VeraCruz;7898586630314;RESTIVA 5MG C/2 ADESIVOS;Disponível;0;0;0;0;0;Psicotrópicos;24758;https://www.drogariaveracruz.com.br/restiva-5mg-c2-adesivos/p
VeraCruz;7891058022488;Depura 1.000UI 30 cápsulas gelatinosas moles;Disponível;0;0;0;0;0;Vitaminas;18376;https://www.drogariaveracruz.com.br/depura-1000ui-30-capsulas-gelatinosas-moles/p
VeraCruz;7891317485313;Tamiram 750mg 5 comprimidos revestidos;Disponível;133,72;104,17;-22.1%;54,83;-59.0%;Antibióticos;23958;https://www.drogariaveracruz.com.br/tamiram-750mg-5-comprimidos-revestidos/p
VeraCruz;-;Librene Diu Cobre e Prata Tamanho Normal TCU380AG;Disponível;0;0;0;0;0;Saúde Feminina > Anticoncepcionais;;https://www.drogariaveracruz.com.br/librene-diu-cobre-e-prata-tamanho-normal-tcu380ag/p
VeraCruz;7897194237380;Óleo Mineral Icar 100ml;Disponível;0;0;0;0;0;Digestão > Laxantes e Reguladores Intestinais;13227;https://www.drogariaveracruz.com.br/oleo-mineral-icar-100ml/p
VeraCruz;7896658005435;Flogoral 3mg Pastilhas Sabor Limão 12un;Disponível;0;0;0;0;0;Dor e Febre > Dor de Garganta;11444;https://www.drogariaveracruz.com.br/flogoral-3mg-pastilhas-sabor-limao-12un/p
VeraCruz;7896112165538;Kit Solução para Lentes Bio Soak Olhos Sensíveis 360ml+120ml + Estojo para Lentes;Disponível;54,50;46,60;-14.5%;49,05;-10.0%;Olhos > Produtos para Lentes;17728;https://www.drogariaveracruz.com.br/kit-solucao-para-lentes-bio-soak-olhos-sensiveis-360ml120ml-estojo-para-lentes/p
VeraCruz;7896261000742;TEGRETOL 20 MG XPE C/100 ML;Disponível;0;0;0;0;0;Psicotrópicos;24552;https://www.drogariaveracruz.com.br/tegretol-20-mg-xpe-c100-ml/p
VeraCruz;7891142202833;Garasone 1mg/ml + 3mg/ml 1 Frasco Gotejador Com 20ml de Solução de Uso Otológico Ou Oftalmológico;Disponível;32,39;27,39;-15.4%;28,83;-11.0%;Antibióticos;23856;https://www.drogariaveracruz.com.br/garasone-1mgml-3mgml-1-frasco-gotejador-com-20ml-de-solucao-de-uso-otologico-ou-oftalmologico/p
VeraCruz;7896181905288;Alenia Refil 6mcg + 200mcg 60 cápsulas inalatórias;Disponível;118,83;112,89;-5.0%;59,42;-50.0%;Sistema Respiratório > Asma;10874;https://www.drogariaveracruz.com.br/alenia-refil-6mcg-200mcg-60-capsulas-inalatorias/p
VeraCruz;7891317489700;Vast 20mg 30 comprimidos revestidos;Disponível;97,60;69,54;-28.7%;73,20;-25.0%;Colesterol e Triglicerídeos;10818;https://www.drogariaveracruz.com.br/vast-20mg-30-comprimidos-revestidos/p
VeraCruz;7898158692139;NAUSILON B6 - 25mg/mL + 5mg/mL, 1 frasco gotejador com 20mL de solução de uso oral;Disponível;0;0;0;0;0;Digestão > Náuseas;11921;https://www.drogariaveracruz.com.br/nausilon-b6-25mgml-5mgml-1-frasco-gotejador-com-20ml-de-solucao-de-uso-oral/p
VeraCruz;7896181901808;Cordarex 10mg 30 comprimidos;Disponível;61,03;48,12;-21.2%;50,65;-17.0%;Pressão Alta > Anti-Hipertensivo;12027;https://www.drogariaveracruz.com.br/cordarex-10mg-30-comprimidos/p
VeraCruz;7896004775685;Fixenato 150mg 1 comprimido revestido;Disponível;0;0;0;0;0;Para os Ossos > Osteoporose;19449;https://www.drogariaveracruz.com.br/fixenato-150mg-1-comprimido-revestido/p
VeraCruz;7896641804205;Reparil Gel 30g;Disponível;39,83;35,19;-11.6%;37,04;-7.0%;Dor e Febre > Anti-Inflamatórios;16013;https://www.drogariaveracruz.com.br/reparil-gel-30g/p
VeraCruz;5702191007947;Daivonex 50mcg/g Pomada Dermatológica 30g;Disponível;137,35;108,30;-21.2%;57,00;-58.5%;Dor e Febre > Anti-Inflamatórios;12584;https://www.drogariaveracruz.com.br/daivonex-50mcgg-pomada-dermatologica-30g/p
VeraCruz;7896112400448;Suplemento Capilar Pantogar Neo 60 Cápsulas;Disponível;160,40;152,38;-5.0%;53,47;-66.7%;Tratamento Capilar > Queda De Cabelo;12791;https://www.drogariaveracruz.com.br/suplemento-capilar-pantogar-neo-60-capsulas/p
VeraCruz;7896523201771;Pralívio 100mg/ml Sabor Tutti-Frutti 20ml;Disponível;0;0;0;0;0;Dor e Febre > Analgésico;20909;https://www.drogariaveracruz.com.br/pralivio-100mgml-sabor-tutti-frutti-20ml/p
VeraCruz;7896422519489;Pyloripac c/14 Blister;Disponível;0;0;0;0;0;Antibióticos;24427;https://www.drogariaveracruz.com.br/pyloripac-c14-blister/p
VeraCruz;7896658008788;Levoid 75mcg 30 comprimidos;Disponível;21,55;17,20;-20.2%;18,10;-16.0%;Hormônios;17880;https://www.drogariaveracruz.com.br/levoid-75mcg-30-comprimidos/p
VeraCruz;7891010974930;Pastilha Benalet Sabor Menta 4un;Disponível;15,33;14,56;-5.0%;15,33;-0.0%;Dor e Febre > Dor de Garganta;17677;https://www.drogariaveracruz.com.br/pastilha-benalet-sabor-menta-4un/p
VeraCruz;7891317421755;Sinot Clav 875mg + 125mg 20 comprimidos revestidos;Disponível;109,82;83,47;-24.0%;87,86;-20.0%;Antibióticos;23932;https://www.drogariaveracruz.com.br/sinot-clav-875mg-125mg-20-comprimidos-revestidos/p
VeraCruz;7896637032919;Xafac 2,5mg 30 comprimidos;Disponível;95,32;62,48;-34.5%;65,77;-31.0%;Sistema Circulatório > Cardiovasculares;15054;https://www.drogariaveracruz.com.br/xafac-25mg-30-comprimidos/p
VeraCruz;7891058001155;Novalgina 1g 10 comprimidos;Disponível;25,76;22,27;-13.5%;23,44;-9.0%;Dor e Febre > Enxaqueca;11995;https://www.drogariaveracruz.com.br/analgesico-novalgina-1g-10-comprimidos/p
VeraCruz;7897411610682;Benicar HCT 40mg/25mg 30 comprimidos revestidos;Disponível;108,55;79,40;-26.9%;83,58;-23.0%;Pressão Alta > Anti-Hipertensivo;17713;https://www.drogariaveracruz.com.br/benicar-hct-40mg25mg-30-comprimidos-revestidos/p
VeraCruz;7896206400866;Arimidex 1mg 28 cápsulas;Disponível;0;0;0;0;0;Oncológicos e Alto Custo;20573;https://www.drogariaveracruz.com.br/arimidex-1mg-28-capsulas/p
VeraCruz;7896026306126;Striverdi Respimat 2,5mcg/puff Solução Inalatória 4ml + 1 inalador tipo Respimat (60 doses);Disponível;0;0;0;0;0;Sistema Respiratório > DPOC;17924;https://www.drogariaveracruz.com.br/striverdi-respimat-25mcgpuff-solucao-inalatoria-4ml-1-inalador-tipo-respimat-60-doses/p
VeraCruz;7896523224459;Nevralgex Cimed 10 comprimidos;Disponível;8,13;4,09;-49.7%;4,31;-47.0%;Dor e Febre > Analgésico;11935;https://www.drogariaveracruz.com.br/nevralgex-cimed-10-comprimidos/p
VeraCruz;5702150153906;VURTUOSO 20MG C/30 CPR;Disponível;0;0;0;0;0;Psicotrópicos;24798;https://www.drogariaveracruz.com.br/vurtuoso-20mg-c30-cpr/p
VeraCruz;7898037084680;Cistitemed 30 comprimidos;Disponível;0;0;0;0;0;Saúde Feminina > Medicamentos Urinários;20887;https://www.drogariaveracruz.com.br/cistitemed-30-comprimidos/p
VeraCruz;7898074617742;Spidufen770mg Sabor Damasco com 6 Envelopes de 3g cada;Disponível;0;0;0;0;0;Dor e Febre > Analgésico;18679;https://www.drogariaveracruz.com.br/spidufen770mg-sabor-damasco-com-6-envelopes-de-3g-cada/p
VeraCruz;7896523202204;Loratamed Loratadina 1mg/ml Sabor Uva 100ml;Disponível;27,78;21,38;-23.0%;22,50;-19.0%;Alergias;15868;https://www.drogariaveracruz.com.br/loratamed-loratadina-1mgml-sabor-uva-100ml/p
VeraCruz;7896112422235;Novanlo 5mg 60 comprimidos;Disponível;0;0;0;0;0;Pressão Alta > Anti-Hipertensivo;13701;https://www.drogariaveracruz.com.br/novanlo-5mg-60-comprimidos/p
VeraCruz;7891268148961;Olmetec Anlo 40mg + 5mg 30 comprimidos revestidos;Disponível;0;0;0;0;0;Pressão Alta > Anti-Hipertensivo;16342;https://www.drogariaveracruz.com.br/olmetec-anlo-40mg-5mg-30-comprimidos-revestidos/p
VeraCruz;7897572001435;REMERON SOLTAB 15 MG C/30 CPR;Disponível;167,31;122,39;-26.8%;64,42;-61.5%;Psicotrópicos;24861;https://www.drogariaveracruz.com.br/remeron-soltab-15-mg-c30-cpr/p
VeraCruz;7898158694416;Neralgyn 20 drágeas;Disponível;0;0;0;0;0;Dor e Febre > Analgésico;15471;https://www.drogariaveracruz.com.br/neralgyn-20-drageas/p
VeraCruz;7898029551855;Daflon 1000mg FFPM 60 comprimidos revestidos;Disponível;338,17;266,65;-21.1%;93,56;-72.3%;Sistema Circulatório > Circulação;12577;https://www.drogariaveracruz.com.br/daflon-1000mg-ffpm-60-comprimidos-revestidos/p
VeraCruz;7897406119879;Cutisanol 1,5mg/g + 45mg/g Gel 100g;Disponível;73,73;57,44;-22.1%;60,46;-18.0%;Pele e Mucosa;12569;https://www.drogariaveracruz.com.br/cutisanol-15mgg-45mgg-gel-100g/p
VeraCruz;7896658002700;Vertizine D 10mg + 3mg 20 comprimidos;Disponível;0;0;0;0;0;Sistema Nervoso > Medicamentos Antivertiginosos: Ginkgo, Tanakan, Equitam;10847;https://www.drogariaveracruz.com.br/vertizine-d-10mg-3mg-20-comprimidos/p
VeraCruz;7896548112793;Ciloxan 3mg/ml 1 Frasco Gotejador Com 5ml de Solução Oftálmica;Disponível;34,01;28,43;-16.4%;29,93;-12.0%;Antibióticos;23843;https://www.drogariaveracruz.com.br/ciloxan-3mgml-1-frasco-gotejador-com-5ml-de-solucao-oftalmica/p
VeraCruz;7896093002471;Pastilhas Vick Drops Sabor Artificial de Mentol 10g;Disponível;0;0;0;0;0;Dor e Febre > Dor de Garganta;17985;https://www.drogariaveracruz.com.br/pastilhas-vick-drops-sabor-artificial-de-mentol-10g/p
VeraCruz;7896261019348;Cataflam Pro XT 23,2mg/g Emugel 100g;Disponível;93,39;71,87;-23.0%;75,65;-19.0%;Dor e Febre > Contusão e Relaxante Muscular;17767;https://www.drogariaveracruz.com.br/cataflam-pro-xt-232mgg-emugel-100g/p
VeraCruz;7891058022815;Dorflex Uno 1g 10 comprimidos;Disponível;19,40;16,59;-14.5%;17,46;-10.0%;Dor e Febre > Enxaqueca;18568;https://www.drogariaveracruz.com.br/analgesico-dorflex-uno-1g-com-10-comprimidos/p
VeraCruz;7896112400110;Doss 7.000UI 4 cápsulas gelatinosas moles;Disponível;0;0;0;0;0;Para os Ossos > Osteoporose;13078;https://www.drogariaveracruz.com.br/suplemento-alimentar-doss-7000ui-vitamina-d3-4-capsulas-gelatinosas-moles/p
VeraCruz;7896658036392;Probiótico ProHN 30 cápsulas;Disponível;121,50;115,43;-5.0%;60,75;-50.0%;Digestão > Laxantes e Reguladores Intestinais;19827;https://www.drogariaveracruz.com.br/probiotico-prohn-30-capsulas/p
VeraCruz;7896004703251;Loratadina 1mg/ml EMS Sabor Cereja 100ml;Disponível;40,69;20,10;-50.6%;21,16;-48.0%;Alergias;15866;https://www.drogariaveracruz.com.br/loratadina-1mgml-ems-sabor-cereja-100ml/p
VeraCruz;7899824400478;Lacass 66,66mg 14 comprimidos revestidos;Disponível;75,60;61,77;-18.3%;65,02;-14.0%;Digestão > Laxantes e Reguladores Intestinais;15445;https://www.drogariaveracruz.com.br/lacass-6666mg-14-comprimidos-revestidos/p
VeraCruz;7896112160281;Ibupril 400mg 8 cápsulas gelatinosas moles;Disponível;23,61;7,18;-69.6%;7,56;-68.0%;Dor e Febre > Analgésico;20541;https://www.drogariaveracruz.com.br/ibupril-400mg-8-capsulas-gelatinosas-moles/p
VeraCruz;7896658025129;Prolive 15 cápsulas;Disponível;73,90;70,21;-5.0%;73,90;-0.0%;Digestão > Laxantes e Reguladores Intestinais;10249;https://www.drogariaveracruz.com.br/prolive-15-capsulas/p
VeraCruz;7896094925915;Buscofem 200mg/ml Gotas Sabor Tutti-Frutti 20ml;Disponível;28,90;27,46;-5.0%;28,90;-0.0%;Dor e Febre > Analgésico;22325;https://www.drogariaveracruz.com.br/buscofem-200mgml-gotas-sabor-tutti-frutti-20ml/p
VeraCruz;7896255766050;PEDIALYTE 45 ZINCO - frasco contendo 500mL de solução de uso oral sabor maçã;Disponível;0;0;0;0;0;Digestão > Laxantes e Reguladores Intestinais;15931;https://www.drogariaveracruz.com.br/pedialyte-45-zinco-frasco-contendo-500ml-de-solucao-de-uso-oral-sabor-maca/p
VeraCruz;7896317910292;DPrev 5.000UI 30 comprimidos revestidos;Disponível;91,15;63,21;-30.7%;66,54;-27.0%;Vitaminas;12144;https://www.drogariaveracruz.com.br/dprev-5000ui-30-comprimidos-revestidos/p
VeraCruz;7891317103323;BetaTrinta 5mg/ml + 2 mg/ml Suspensão Injetável 1ml + seringa;Disponível;31,66;26,16;-17.4%;27,54;-13.0%;Dor e Febre > Anti-Inflamatórios;10945;https://www.drogariaveracruz.com.br/betatrinta-5mgml-2-mgml-suspensao-injetavel-1ml-seringa/p
VeraCruz;7896548197554;Vigadexa 05mg/ml + 01mg/ml 1 Frasco Com 5ml de Solução deu So Oftalmológico;Disponível;53,28;44,55;-16.4%;46,89;-12.0%;Antibióticos;23933;https://www.drogariaveracruz.com.br/vigadexa-05mgml-01mgml-1-frasco-com-5ml-de-solucao-deu-so-oftalmologico/p
VeraCruz;7896094207615;RECONTER - 20mg, 30 comprimidos revestidos;Disponível;234,85;167,33;-28.8%;58,71;-75.0%;Psicotrópicos;24231;https://www.drogariaveracruz.com.br/reconter-20mg-30-comprimidos-revestidos/p
VeraCruz;7891317000653;DESVE 100MG C/30 CPR;Disponível;0;0;0;0;0;Psicotrópicos;24871;https://www.drogariaveracruz.com.br/desve-100mg-c30-cpr/p
VeraCruz;7897572001428;REMERON 30 MG C/30 CPR;Disponível;0;0;0;0;0;Psicotrópicos;24860;https://www.drogariaveracruz.com.br/remeron-30-mg-c30-cpr/p
VeraCruz;1000000311;AAS Infantil 100mg com 10 comprimidos;Disponível;0;0;0;0;0;Dor e Febre > Analgésico;17263;https://www.drogariaveracruz.com.br/aas-infantil-100mg-com-10-comprimidos/p
VeraCruz;7896641808982;Dexilant 30mg Takeda 30 cápsulas de liberação retardada;Disponível;129,76;104,79;-19.2%;55,15;-57.5%;Digestão > Úlcera e Gastrite;16926;https://www.drogariaveracruz.com.br/dexilant-30mg-takeda-30-capsulas-de-liberacao-retardada/p
VeraCruz;7896094209008;ZETRON XL 300MG C/30 CPR;Disponível;155,34;113,63;-26.9%;59,81;-61.5%;Psicotrópicos;24779;https://www.drogariaveracruz.com.br/zetron-xl-300mg-c30-cpr/p
VeraCruz;7899547508086;Fumarato Cetotifeno Xarope 120ml;Disponível;0;0;0;0;0;Sistema Respiratório > Asma;25199;https://www.drogariaveracruz.com.br/fumarato-cetotifeno-xpe-120ml/p
VeraCruz;7894916516389;VOGNUS 10MG C/30 CPR;Disponível;157,07;119,38;-24.0%;62,83;-60.0%;Psicotrópicos;25049;https://www.drogariaveracruz.com.br/vognus-10mg-c30-cpr/p
VeraCruz;7896523206868;Diad 0,75mg 2 comprimidos;Disponível;0;0;0;0;0;Saúde Feminina > Pílula Do Dia Seguinte;16924;https://www.drogariaveracruz.com.br/diad-075mg-2-comprimidos/p
VeraCruz;7891721027451;Glifage XR 750mg 30 comprimidos de liberação prolongada;Disponível;0;0;0;0;0;Diabetes;12668;https://www.drogariaveracruz.com.br/glifage-xr-750mg-30-comprimidos-de-liberacao-prolongada/p
VeraCruz;7896112401025;Noctiden 10mg Com 30 Comprimidos;Disponível;0;0;0;0;0;Antibióticos;24242;https://www.drogariaveracruz.com.br/noctiden-10mg-com-30-comprimidos/p
VeraCruz;7896658039577;FUSOR 20MG/ML GTS 15ML C1;Disponível;0;0;0;0;0;Psicotrópicos;24896;https://www.drogariaveracruz.com.br/fusor-20mgml-gts-15ml-c1/p
VeraCruz;7896658039522;PARZO 200MG C/30 CPS DURA C1;Disponível;0;0;0;0;0;Psicotrópicos;24908;https://www.drogariaveracruz.com.br/parzo-200mg-c30-cps-dura-c1/p
VeraCruz;7896676432961;Terolac 0,5% Solução Oftálmica 5ml;Disponível;56,96;47,61;-16.4%;50,12;-12.0%;Dor e Febre > Anti-Inflamatórios;17081;https://www.drogariaveracruz.com.br/terolac-05-solucao-oftalmica-5ml/p
VeraCruz;7891142171252;POLARAMINE EXPECTORANTE - 0,40mg/mL + 4mg/mL + 20mg/mL, 1 frasco com 120mL de solução de uso oral;Disponível;0;0;0;0;0;Alergias;10194;https://www.drogariaveracruz.com.br/polaramine-expectorante-040mgml-4mgml-20mgml-1-frasco-com-120ml-de-solucao-de-uso-oral/p
VeraCruz;7894916510363;Tavaflox 750mg 5 comprimidos revestidos;Disponível;0;0;0;0;0;Antibióticos;24435;https://www.drogariaveracruz.com.br/tavaflox-750mg-5-comprimidos-revestidos/p
VeraCruz;7896210507667;Pomada Calêndula Concreta 30g;Disponível;0;0;0;0;0;Pele e Mucosa;15623;https://www.drogariaveracruz.com.br/pomada-calendula-concreta-30g/p
VeraCruz;7891268102208;Dostinex 0,5mg 2 comprimidos;Disponível;0;0;0;0;0;Hormônios;12139;https://www.drogariaveracruz.com.br/dostinex-05mg-2-comprimidos/p
VeraCruz;7896658001871;Artrosil 320mg 20 cápsulas duras de liberação prolongada;Disponível;136,53;110,25;-19.2%;58,03;-57.5%;Dor e Febre > Anti-Inflamatórios;18093;https://www.drogariaveracruz.com.br/artrosil-320mg-10-capsulas-duras-de-liberacao-prolongada/p
VeraCruz;7896548199572;Solução Oftálmica Simbrinza 10mg/ml + 2mg/ml 8ml;Disponível;164,17;155,96;-5.0%;54,72;-66.7%;Olhos > Lubrificantes e Colírios;12469;https://www.drogariaveracruz.com.br/solucao-oftalmica-simbrinza-10mgml-2mgml-8ml/p
VeraCruz;7898616360082;Glargilin 100ui/ml 1 refil de 3ml;Disponível;76,63;62,61;-18.3%;65,90;-14.0%;Diabetes;15149;https://www.drogariaveracruz.com.br/glargilin-100uiml-1-refil-de-3ml/p
VeraCruz;7896269901959;Zinnat 250mg/5ml 1 Frasco Com 70ml de Pó Para Suspensão de Uso Oral;Disponível;178,02;169,12;-5.0%;59,34;-66.7%;Antibióticos;23942;https://www.drogariaveracruz.com.br/zinnat-250mg5ml-1-frasco-com-70ml-de-po-para-suspensao-de-uso-oral/p
VeraCruz;7896181916437;TOLREST 25MG Aché 30 Comprimidos Revestidos;Disponível;62,90;49,00;-22.1%;51,58;-18.0%;Psicotrópicos;24598;https://www.drogariaveracruz.com.br/tolrest-25mg-ache-30-comprimidos-revestidos/p
VeraCruz;7896255700054;Synthroid 125mcg 30 comprimidos;Disponível;58,56;43,95;-24.9%;46,26;-21.0%;Hormônios;11181;https://www.drogariaveracruz.com.br/synthroid-125mcg-30-comprimidos/p
VeraCruz;7896658005459;Flogoral 3mg Pastilhas Sabor Menta 12un;Disponível;20,85;18,02;-13.6%;18,97;-9.0%;Dor e Febre > Dor de Garganta;11445;https://www.drogariaveracruz.com.br/flogoral-3mg-pastilhas-sabor-menta-12un/p
VeraCruz;7898100244591;Zilaricina 100mg 30 comprimidos;Disponível;0;0;0;0;0;Sistema Circulatório;14849;https://www.drogariaveracruz.com.br/zilaricina-100mg-30-comprimidos/p
VeraCruz;7898040328535;Varicell 500mg 30 cápsulas;Disponível;63,44;47,61;-25.0%;50,12;-21.0%;Sistema Circulatório > Circulação;18993;https://www.drogariaveracruz.com.br/varicell-phyto-500mg-30-capsulas/p
VeraCruz;7898158690395;Pediderm 0,2mg/ml  Loção 100ml;Disponível;27,97;22,58;-19.3%;23,77;-15.0%;Tratamento Capilar > Piolhos;12812;https://www.drogariaveracruz.com.br/pediderm-02mgml-locao-100ml/p
VeraCruz;7890282801517;Iodara 200mcg Com 30 Cápsulas;Disponível;0;0;0;0;0;Saúde Feminina > Gestante;26292;https://www.drogariaveracruz.com.br/iodara-200mg-com-30-capsulas/p
VeraCruz;7896009498732;Sal de Frutas Eno Tabs Sabor Frutas Sortidas 48 comprimidos mastigáveis;Disponível;42,90;37,50;-12.6%;39,47;-8.0%;Digestão > Azia e Má Digestão;22688;https://www.drogariaveracruz.com.br/sal-de-frutas-eno-tabs-sabor-frutas-sortidas-48-comprimidos-mastigaveis/p
VeraCruz;7893093083677;Infludoron Glóbulos Weleda 20g;Disponível;96,95;85,65;-11.7%;90,16;-7.0%;Sistema Respiratório > Descongestionantes;22406;https://www.drogariaveracruz.com.br/infludoron-globulos-weleda-20g/p
VeraCruz;-;Alektos PED 2,5mg/ml Sabor Framboesa 120ml;Disponível;90,71;75,83;-16.4%;79,82;-12.0%;Alergias;;https://www.drogariaveracruz.com.br/alektos-ped-25mgml-sabor-framboesa-120ml/p
VeraCruz;7896676433753;QUETIPIN LP 50MG C/30 CPR;Disponível;0;0;0;0;0;Psicotrópicos;24717;https://www.drogariaveracruz.com.br/quetipin-lp-50mg-c30-cpr/p
VeraCruz;7891317460495;Noex 64mcg Spray Nasal 120 doses;Disponível;82,23;64,84;-21.1%;68,25;-17.0%;Alergias;11974;https://www.drogariaveracruz.com.br/noex-64mcg-spray-nasal-120-doses/p
VeraCruz;7891721024726;Floralyte 90 Sabor Coco 500ml;Disponível;0;0;0;0;0;Digestão > Laxantes e Reguladores Intestinais;18233;https://www.drogariaveracruz.com.br/floralyte-90-sabor-coco-500ml/p
VeraCruz;7896261020849;Kisqali 200mg 21 comprimidos;Disponível;0;0;0;0;0;Oncológicos e Alto Custo;20568;https://www.drogariaveracruz.com.br/kisqali-200mg-21-comprimidos/p
VeraCruz;7896658000560;NovaCort Creme 30g;Disponível;48,24;42,62;-11.7%;44,86;-7.0%;Pele e Mucosa;11985;https://www.drogariaveracruz.com.br/novacort-creme-30g/p
VeraCruz;7896658030208;Oxotron 60mg 30 comprimidos;Disponível;0;0;0;0;0;Dor e Febre > Anti-Inflamatórios;12397;https://www.drogariaveracruz.com.br/oxotron-60mg-30-comprimidos/p
VeraCruz;7896026306751;Glyxambi 25mg + 5mg 30 comprimidos revestidos;Disponível;500,50;475,48;-5.0%;166,83;-66.7%;Diabetes;13479;https://www.drogariaveracruz.com.br/glyxambi-25mg-5mg-30-comprimidos-revestidos/p
VeraCruz;7896658019036;Osteoban 150mg 1 comprimido revestido;Disponível;0;0;0;0;0;Para os Ossos > Osteoporose;12389;https://www.drogariaveracruz.com.br/osteoban-150mg-1-comprimido-revestido/p
VeraCruz;7896658008450;SOMALIUM 3 MG C/30 CPR;Disponível;35,61;27,07;-24.0%;28,49;-20.0%;Psicotrópicos;24482;https://www.drogariaveracruz.com.br/somalium-3-mg-c30-cpr/p
VeraCruz;7891317009755;Tâmisa 30 Sem Parar 75mcg + 30mcg 84 drágeas;Disponível;126,12;97,05;-23.0%;51,08;-59.5%;Saúde Feminina > Anticoncepcionais;16462;https://www.drogariaveracruz.com.br/tamisa-30-sem-parar-75mcg-30mcg-84-drageas/p
VeraCruz;7896094922242;Buscopan Composto 4 comprimidos revestidos;Disponível;6,89;5,69;-17.4%;5,99;-13.1%;Saúde Feminina > Cólica;21166;https://www.drogariaveracruz.com.br/buscopan-composto-4-comprimidos-revestidos/p
VeraCruz;7896112452461;Ad-Muc 100mg Pomada Bucal 10g;Disponível;62,36;55,69;-10.7%;58,62;-6.0%;Pele e Mucosa;17347;https://www.drogariaveracruz.com.br/ad-muc-100mg-pomada-bucal-10g/p
VeraCruz;7891317003890;Vitamina D3 AltaD Caps 7.000UI 4 cápsulas moles;Disponível;20,04;15,23;-24.0%;16,03;-20.0%;Vitaminas;14698;https://www.drogariaveracruz.com.br/vitamina-d3-altad-caps-7000ui-4-capsulas-moles/p
VeraCruz;7897316806012;Lastacaft 2,5mg/ml Solução Oftálmica 3ml;Disponível;78,05;69,70;-10.7%;73,37;-6.0%;Olhos > Lubrificantes e Colírios;11038;https://www.drogariaveracruz.com.br/lastacaft-25mgml-solucao-oftalmica-3ml/p
VeraCruz;7898925180494;Óxido de Magnésio P.A. Nutrestone 60 comprimidos;Disponível;0;0;0;0;0;Para os Ossos > Artrite e Artrose;12997;https://www.drogariaveracruz.com.br/oxido-de-magnesio-pa-nutrestone-60-comprimidos/p
VeraCruz;7897473200128;Combiwave Xinafoato de Salmeterol 25mcg + Propionato de Fluticasona 250mcg 120 doses;Disponível;205,58;195,30;-5.0%;68,53;-66.7%;Sistema Respiratório > Asma;26210;https://www.drogariaveracruz.com.br/combiwave-xinafoato-de-salmeterol-25mcg-propionato-de-fluticasona-250mcg-120-doses/p
VeraCruz;7891106907507;Mirena 52mg 1 Endoceptivo Estério + 1 Insertor;Disponível;1670,35;1269,47;-24.0%;445,43;-73.3%;Oncológicos e Alto Custo;19713;https://www.drogariaveracruz.com.br/mirena-52mg-1-endoceptivo-esterio-1-insertor/p
VeraCruz;7898075310383;Teste de Gravidez Gravtest Easy Cimed 1 Unidade;Disponível;7,99;3,72;-53.4%;3,92;-50.9%;Saúde Feminina > Teste de Gravidez;23571;https://www.drogariaveracruz.com.br/teste-de-gravidez-gravtest-easy-cimed-1un/p
VeraCruz;7897337711067;Janumet XR 50mg/1000mg 60 comprimidos revestidos de liberação prolongada;Disponível;336,69;249,49;-25.9%;87,54;-74.0%;Diabetes;11752;https://www.drogariaveracruz.com.br/janumet-xr-50mg1000mg-60-comprimidos-revestidos-de-liberacao-prolongada/p
VeraCruz;7896070600485;Fenergan 50mg/2ml Solução Injetável 25 ampolas com 2ml cada;Disponível;0;0;0;0;0;Alergias;14478;https://www.drogariaveracruz.com.br/fenergan-50mg2ml-solucao-injetavel-25-ampolas-com-2ml-cada/p
VeraCruz;7896112141693;Baclofen 10mg 20 comprimidos;Disponível;0;0;0;0;0;Dor e Febre > Anti-Inflamatórios;10482;https://www.drogariaveracruz.com.br/baclofen-10mg-20-comprimidos/p
VeraCruz;7896226102429;Tenag 40mg 20 comprimidos revestidos;Disponível;0;0;0;0;0;Hormônios;12496;https://www.drogariaveracruz.com.br/tenag-40mg-20-comprimidos-revestidos/p
VeraCruz;7891317009717;Tâmisa 30 75mcg + 30mcg 21 drágeas;Disponível;39,79;31,38;-21.1%;33,03;-17.0%;Saúde Feminina > Anticoncepcionais;16459;https://www.drogariaveracruz.com.br/tamisa-30-75mcg-30mcg-21-drageas/p
VeraCruz;7898087340125;Gel Dersani Hidrogel 30g;Disponível;45,90;33,14;-27.8%;34,88;-24.0%;Pele e Mucosa;12629;https://www.drogariaveracruz.com.br/gel-dersani-hidrogel-30g/p
VeraCruz;7896094209602;Velija - 30Mg, 60 Cápsulas Duras De Liberação Retardada;Disponível;140,06;98,46;-29.7%;51,82;-63.0%;Psicotrópicos;24143;https://www.drogariaveracruz.com.br/velija-30mg-60-capsulas-duras-de-liberacao-retardada/p
VeraCruz;7891106914093;Yasmin 3mg + 0,03mg 21 comprimidos revestidos;Disponível;0;0;0;0;0;Saúde Feminina > Anticoncepcionais;18016;https://www.drogariaveracruz.com.br/yasmin-3mg-003mg-21-comprimidos-revestidos/p
VeraCruz;7896548198285;Maxitrol 1mg/G + 5mg/G + 6.000Ui/G 1 Bisnaga Com 35G de Pomada de Uso Oftalmológico;Disponível;0;0;0;0;0;Antibióticos;24382;https://www.drogariaveracruz.com.br/maxitrol-1mgg-5mgg-6000uig-1-bisnaga-com-35g-de-pomada-de-uso-oftalmologico/p
VeraCruz;7896658003479;Levoid 200mcg 30 comprimidos;Disponível;41,81;31,38;-24.9%;33,03;-21.0%;Hormônios;17876;https://www.drogariaveracruz.com.br/levoid-200mcg-30-comprimidos/p
VeraCruz;7896637029032;INSIT 25MG C/30 CPS;Disponível;34,95;27,23;-22.1%;28,66;-18.0%;Psicotrópicos;24933;https://www.drogariaveracruz.com.br/insit-25mg-c30-cps/p
VeraCruz;7896094926837;Ammy 4mg 28 comprimidos revestidos;Disponível;130,81;124,27;-5.0%;65,41;-50.0%;Saúde Feminina > Anticoncepcionais;20776;https://www.drogariaveracruz.com.br/ammy-4mg-28-comprimidos-revestidos/p
VeraCruz;7897411601529;Hirudoid 300 Pomada 3mg/g 40g;Disponível;43,80;41,61;-5.0%;43,80;-0.0%;Dor e Febre > Contusão e Relaxante Muscular;15803;https://www.drogariaveracruz.com.br/hirudoid-300-pomada-3mgg-40g/p
VeraCruz;7891058020088;Depura 2.000UI 30 comprimidos revestidos;Disponível;0;0;0;0;0;Vitaminas;12604;https://www.drogariaveracruz.com.br/depura-2000ui-30-comprimidos-revestidos/p
VeraCruz;7896006297925;Nausicalm 50mg 10 cápsulas gelatinosas moles;Disponível;0;0;0;0;0;Digestão > Náuseas;23703;https://www.drogariaveracruz.com.br/nausicalm-50mg-10-capsulas-gelatinosas-moles/p
VeraCruz;7896112102908;Venaflon 900mg + 100mg 30 comprimidos;Disponível;151,37;66,15;-56.3%;69,63;-54.0%;Sistema Circulatório > Circulação;19373;https://www.drogariaveracruz.com.br/venaflon-900mg-100mg-30-comprimidos/p
VeraCruz;7896226503721;Prolopa 100/25mg 30 comprimidos dispersíveis;Disponível;0;0;0;0;0;Sistema Nervoso > Remédio para Parkinson | Aché, Roche, Cristália, e mais;10251;https://www.drogariaveracruz.com.br/prolopa-10025mg-30-comprimidos-dispersiveis/p
VeraCruz;7897411600386;Benicar Triplo 20mg/12,5mg/5mg 30 comprimidos revestidos;Disponível;0;0;0;0;0;Pressão Alta > Anti-Hipertensivo;14577;https://www.drogariaveracruz.com.br/benicar-triplo-20mg125mg5mg-30-comprimidos-revestidos/p
VeraCruz;7891142129178;Claritin 10mg 6 comprimidos;Disponível;12,99;11,23;-13.5%;11,82;-9.0%;Alergias;11597;https://www.drogariaveracruz.com.br/antialergico-claritin-10mg-6-comprimidos/p
VeraCruz;-;Olmy HCT 40mg + 12,5mg 30 comprimidos revestidos;Disponível;63,59;50,14;-21.2%;52,78;-17.0%;Pressão Alta;;https://www.drogariaveracruz.com.br/olmy-hct-40mg-125mg-30-comprimidos-revestidos/p
VeraCruz;7892828001344;Etna 2,5mg + 1,5mg + 1,0mg 50 cápsulas;Disponível;158,54;134,05;-15.4%;70,55;-55.5%;Para os Ossos > Artrite e Artrose;11619;https://www.drogariaveracruz.com.br/etna-25mg-15mg-10mg-50-capsulas/p
VeraCruz;7898100243808;Glicel 1,5g Pediátrico 6 supositórios de glicerina;Disponível;24,46;11,62;-52.5%;12,23;-50.0%;Digestão > Laxantes e Reguladores Intestinais;20915;https://www.drogariaveracruz.com.br/glicel-15g-pediatrico-6-supositorios-de-glicerina/p
VeraCruz;7891106913683;Flanax 275mg 8 comprimidos;Disponível;14,98;13,38;-10.7%;14,08;-6.0%;Dor e Febre > Anti-Inflamatórios;20710;https://www.drogariaveracruz.com.br/flanax-275mg-8-comprimidos/p
VeraCruz;7894916501460;UNIGYN - 1g, 2 comprimidos revestidos;Disponível;0;0;0;0;0;Vermes e Parasitas;10793;https://www.drogariaveracruz.com.br/unigyn-1g-2-comprimidos-revestidos/p
VeraCruz;7896658028120;Domped 5ml/ml Gotas 20ml;Disponível;0;0;0;0;0;Digestão > Náuseas;21352;https://www.drogariaveracruz.com.br/domped-5mlml-gotas-20ml/p
VeraCruz;7896206403409;Brilinta 90mg 60 comprimidos revestidos;Disponível;521,42;401,23;-23.1%;140,78;-73.0%;Sistema Circulatório > Cardiovasculares;10503;https://www.drogariaveracruz.com.br/brilinta-90mg-60-comprimidos-revestidos/p
VeraCruz;7894916515351;Clabat 50mg Granulado Susp 60ml;Disponível;162,85;123,77;-24.0%;65,14;-60.0%;Antibióticos;23893;https://www.drogariaveracruz.com.br/clabat-50mg-granulado-susp-60ml/p
VeraCruz;7898040328313;Helioral 250mg 60 cápsulas;Disponível;210,85;174,27;-17.3%;61,15;-71.0%;Pele e Mucosa;21883;https://www.drogariaveracruz.com.br/helioral-250mg-60-capsulas/p
VeraCruz;7896261006850;RITALINA LA 20 MG C/30 CPS;Disponível;0;0;0;0;0;Psicotrópicos;24754;https://www.drogariaveracruz.com.br/ritalina-la-20-mg-c30-cps/p
VeraCruz;7894916550048;Propranolol 10mg 30 comprimidos;Disponível;10,82;8,43;-22.1%;8,87;-18.0%;Pressão Alta > Anti-Hipertensivo;10277;https://www.drogariaveracruz.com.br/propranolol-10mg-30-comprimidos/p
VeraCruz;7896112108627;Solução Oftálmica Lubrificante Biolágrima 0.15% 10ml;Disponível;45,00;42,75;-5.0%;45,00;-0.0%;Olhos > Produtos para Lentes;27020;https://www.drogariaveracruz.com.br/solucao-oftalmica-lubrificante-biolagrima-015-10ml/p
VeraCruz;7896658018800;Bravan HCT 80mg + 12,5mg 30 comprimidos;Disponível;84,94;68,59;-19.2%;72,20;-15.0%;Pressão Alta > Anti-Hipertensivo;19487;https://www.drogariaveracruz.com.br/bravan-hct-80mg-125mg-30-comprimidos/p
VeraCruz;7896658026652;Zirk 500mg c/5 comprimidos 5 comprimidos;Disponível;37,53;33,87;-9.8%;35,65;-5.0%;Antibióticos;23997;https://www.drogariaveracruz.com.br/zirk-500mg-c5-comprimidos-5-comprimidos/p
VeraCruz;7896523200484;Sedamed, Cimed 4 comprimidos revestidos;Disponível;0;0;0;0;0;Dor e Febre > Analgésico;19149;https://www.drogariaveracruz.com.br/sedamed-cimed-4-comprimidos-revestidos/p
VeraCruz;7896269900044;Aerolin 4mg 20 comprimidos;Disponível;0;0;0;0;0;Sistema Respiratório > Asma;10446;https://www.drogariaveracruz.com.br/aerolin-4mg-20-comprimidos/p
VeraCruz;7896281100521;Hyaludermin 0,2% Creme Uso Dermatologico 10g;Disponível;0;0;0;0;0;Pele e Mucosa;17157;https://www.drogariaveracruz.com.br/hyaludermin-02-creme-uso-dermatologico-10g/p
VeraCruz;7896108001185;Bioginkgo 80mg 45 comprimidos;Disponível;0;0;0;0;0;Sistema Nervoso > Medicamentos Antivertiginosos: Ginkgo, Tanakan, Equitam;21903;https://www.drogariaveracruz.com.br/bioginkgo-80mg-45-comprimidos/p
VeraCruz;7896026305310;Micardis Anlo 80mg + 5mg 30 comprimidos;Disponível;169,72;135,43;-20.2%;71,28;-58.0%;Pressão Alta > Anti-Hipertensivo;11823;https://www.drogariaveracruz.com.br/micardis-anlo-80mg-5mg-30-comprimidos/p
VeraCruz;7894916512015;CYMBI 30MG C/60 CPR;Disponível;0;0;0;0;0;Psicotrópicos;24585;https://www.drogariaveracruz.com.br/cymbi-30mg-c60-cpr/p
VeraCruz;7898074614178;Monuril 5631G Envelope Com 8G de Granulado de Uso Oral;Disponível;75,04;54,89;-26.9%;57,78;-23.0%;Antibióticos;23965;https://www.drogariaveracruz.com.br/monuril-5631g-envelope-com-8g-de-granulado-de-uso-oral/p
VeraCruz;7896658014604;DONILA 5MG C/30 CPR;Disponível;63,95;54,68;-14.5%;57,56;-10.0%;Psicotrópicos;24821;https://www.drogariaveracruz.com.br/donila-5mg-c30-cpr/p
VeraCruz;7898014562149;Polydrat 45 Sabor Guaraná 450ml;Disponível;0;0;0;0;0;Digestão > Laxantes e Reguladores Intestinais;15478;https://www.drogariaveracruz.com.br/polydrat-45-sabor-guarana-450ml/p
VeraCruz;7896094202771;Cardilol 12,5mg 30 comprimidos;Disponível;0;0;0;0;0;Pressão Alta > Anti-Hipertensivo;10971;https://www.drogariaveracruz.com.br/cardilol-125mg-30-comprimidos/p
VeraCruz;7898962943052;Naldecon Multi 4 comprimidos;Disponível;10,99;8,87;-19.3%;9,34;-15.0%;Sistema Respiratório > Antigripais;14818;https://www.drogariaveracruz.com.br/naldecon-multi-4-comprimidos/p
VeraCruz;7896026100250;Probiótico Bidrilac 15 sachês;Disponível;0;0;0;0;0;Digestão > Laxantes e Reguladores Intestinais;20361;https://www.drogariaveracruz.com.br/probiotico-bidrilac-15-saches/p
VeraCruz;7891317432447;Musculare 5mg 15 comprimidos;Disponível;20,62;17,43;-15.5%;18,35;-11.0%;Dor e Febre > Contusão e Relaxante Muscular;11898;https://www.drogariaveracruz.com.br/musculare-5mg-15-comprimidos/p
VeraCruz;7891317015374;Pivast 2mg 30 comprimidos revestidos;Disponível;106,93;84,31;-21.2%;88,75;-17.0%;Colesterol e Triglicerídeos;10172;https://www.drogariaveracruz.com.br/pivast-2mg-30-comprimidos-revestidos/p
VeraCruz;7896658012419;Meritor 4mg + 1000mg 30 comprimidos revestidos;Disponível;89,46;68,84;-23.0%;72,46;-19.0%;Diabetes;16656;https://www.drogariaveracruz.com.br/meritor-4mg-1000mg-30-comprimidos-revestidos/p
VeraCruz;7898146826164;Kitapen 25mg c/ 30 Comprimidos (C1);Disponível;0;0;0;0;0;Psicotrópicos;24233;https://www.drogariaveracruz.com.br/kitapen-25mg-c-30-comprimidos-c1/p
VeraCruz;7896241231616;Tapazol 5mg 100 comprimidos;Disponível;39,09;30,08;-23.0%;31,66;-19.0%;Hormônios;16474;https://www.drogariaveracruz.com.br/tapazol-5mg-100-comprimidos/p
VeraCruz;7896181916109;Angipress CD 100mg + 25mg 30 comprimidos;Disponível;0;0;0;0;0;Pressão Alta > Anti-Hipertensivo;11259;https://www.drogariaveracruz.com.br/angipress-cd-100mg-25mg-30-comprimidos/p
VeraCruz;7898037080187;Almeida Prado N 18 60 Comprimidos;Disponível;28,90;27,46;-5.0%;28,90;-0.0%;Saúde Masculina > Próstata;21799;https://www.drogariaveracruz.com.br/complexo-homeopatico-almeida-prado-n-18-60-comprimidos/p
VeraCruz;7898040329952;Xarope Sedavan 6mg/ml Sabor Framboesa 100ml;Disponível;26,98;25,63;-5.0%;26,98;-0.0%;Sistema Respiratório > Tosse;11532;https://www.drogariaveracruz.com.br/xarope-sedavan-6mgml-sabor-framboesa-100ml/p
VeraCruz;7896112470281;VASOPRIL PLUS - 10mg + 25mg, 60 comprimidos;Disponível;116,56;86,37;-25.9%;90,92;-22.0%;Pressão Alta > Anti-Hipertensivo;18478;https://www.drogariaveracruz.com.br/vasopril-plus-10mg-25mg-60-comprimidos/p
VeraCruz;7896004753638;Bálsamo Bengué Gel 60g;Disponível;45,81;40,91;-10.7%;43,06;-6.0%;Dor e Febre > Anti-Inflamatórios;10485;https://www.drogariaveracruz.com.br/balsamo-bengue-gel-60g/p
VeraCruz;7897411602311;LATUDA 20MG C/30 CPR;Disponível;236,07;179,42;-24.0%;62,95;-73.3%;Psicotrópicos;24893;https://www.drogariaveracruz.com.br/latuda-20mg-c30-cpr/p
VeraCruz;7896004767833;MALEATO TRIMEBUTINA 200MG C/30 CPR;Disponível;0;0;0;0;0;Digestão > Úlcera e Gastrite;24361;https://www.drogariaveracruz.com.br/maleato-trimebutina-200mg-c30-cpr/p
VeraCruz;7896641807763;Alektos 20mg 15 comprimidos;Disponível;0;0;0;0;0;Alergias;10868;https://www.drogariaveracruz.com.br/alektos-20mg-15-comprimidos/p
VeraCruz;7891317025564;Trok 20mg/g + 0,64mg/g Creme Dermatológico 10g;Disponível;20,65;17,26;-16.4%;18,17;-12.0%;Pele e Mucosa;17535;https://www.drogariaveracruz.com.br/trok-20mgg-064mgg-creme-dermatologico-10g/p
VeraCruz;7896094207844;Ancoron 100mg 30 comprimidos revestidos;Disponível;29,72;22,02;-25.9%;23,18;-22.0%;Sistema Circulatório > Cardiovasculares;11265;https://www.drogariaveracruz.com.br/ancoron-100mg-30-comprimidos-revestidos/p
VeraCruz;7891317010379;Ventus Spray 50mcg 60 Acionamentos 9ml;Disponível;0;0;0;0;0;Alergias;19780;https://www.drogariaveracruz.com.br/ventus-spray-50mcg-60-acionamentos-9ml/p
VeraCruz;7899640808489;SPARK 250MG C/30 CPR;Disponível;0;0;0;0;0;Psicotrópicos;24617;https://www.drogariaveracruz.com.br/spark-250mg-c30-cpr/p
VeraCruz;7896422507561;Mínima 60mcg + 15mcg 72 comprimidos revestidos + 12 comprimidos inertes;Disponível;0;0;0;0;0;Saúde Feminina > Anticoncepcionais;16675;https://www.drogariaveracruz.com.br/minima-60mcg-15mcg-72-comprimidos-revestidos-12-comprimidos-inertes/p
VeraCruz;7896658000911;Diosmin SDU 900mg + 100mg Sabor Abacaxi 30 sachês com 5g cada;Disponível;198,62;188,69;-5.0%;66,21;-66.7%;Sistema Circulatório > Circulação;12107;https://www.drogariaveracruz.com.br/diosmin-sdu-900mg-100mg-sabor-abacaxi-30-saches-com-5g-cada/p
VeraCruz;7896094918108;Benegrip Multi Dia 20 comprimidos;Disponível;45,99;41,07;-10.7%;43,23;-6.0%;Sistema Respiratório > Antigripais;18437;https://www.drogariaveracruz.com.br/benegrip-multi-dia-20-comprimidos/p
VeraCruz;7898096577017;Loncord 20mg 20 cápsulas;Disponível;0;0;0;0;0;Pressão Alta > Anti-Hipertensivo;18491;https://www.drogariaveracruz.com.br/loncord-20mg-20-capsulas/p
VeraCruz;7896637032247;Lactosil Flora 30 cápsulas;Disponível;57,90;55,01;-5.0%;57,90;-0.0%;Digestão > Laxantes e Reguladores Intestinais;14602;https://www.drogariaveracruz.com.br/lactosil-flora-30-capsulas/p
VeraCruz;7896658004001;Flagass 40mg 20 comprimidos;Disponível;0;0;0;0;0;Digestão > Antigases;11416;https://www.drogariaveracruz.com.br/flagass-40mg-20-comprimidos/p
VeraCruz;7896637032346;INSERIS XR 150MG C/10 CPR;Disponível;0;0;0;0;0;Psicotrópicos;24628;https://www.drogariaveracruz.com.br/inseris-xr-150mg-c10-cpr/p
VeraCruz;7891317498795;PANTOCAL - 40mg, 28 comprimidos revestidos;Disponível;0;0;0;0;0;Digestão > Úlcera e Gastrite;12786;https://www.drogariaveracruz.com.br/pantocal-40mg-28-comprimidos-revestidos/p
VeraCruz;5060632508508;Systen Conti Estradiol 50mcg/dia + Acetato de Noretisterona 170mcg/dia 8 Adesivos Transdérmicos;Disponível;171,02;162,47;-5.0%;57,01;-66.7%;Saúde Feminina > Reposição Hormonal;26140;https://www.drogariaveracruz.com.br/systen-conti-estradiol-50mcgdia-acetato-de-noretisterona-170mcgdia-8-adesivos-transdermicos/p
VeraCruz;7896093002457;Pastilhas Vick Drops Sabor Artificial de Laranja 10g;Disponível;0;0;0;0;0;Dor e Febre > Dor de Garganta;21128;https://www.drogariaveracruz.com.br/pastilhas-vick-drops-sabor-artificial-de-laranja-10g/p
VeraCruz;7891058024314;Allegra 60mg 10 comprimidos revestidos;Disponível;29,90;24,99;-16.4%;26,31;-12.0%;Alergias;17653;https://www.drogariaveracruz.com.br/antialergico-allegra-60mg-10-comprimidos-revestidos/p
VeraCruz;7896523206288;Spray Ciflogex Sabor Menta 30ml;Disponível;32,18;18,34;-43.0%;19,31;-40.0%;Dor e Febre > Dor de Garganta;15220;https://www.drogariaveracruz.com.br/spray-ciflogex-sabor-menta-30ml/p
VeraCruz;7896523206714;Dexmine Xarope 120ml;Disponível;32,66;16,76;-48.7%;17,64;-46.0%;Alergias;15133;https://www.drogariaveracruz.com.br/xarope-dexmine-120ml/p
VeraCruz;7896015523404;Combodart 0,5mg + 0,4mg 90 cápsulas gelatinosas duras de liberação prolongada;Disponível;0;0;0;0;0;Saúde Masculina > Próstata;11681;https://www.drogariaveracruz.com.br/combodart-05mg-04mg-90-capsulas-gelatinosas-duras-de-liberacao-prolongada/p
VeraCruz;7896714200125;Neo Fedipina 20mg 30 comprimidos;Disponível;36,10;16,46;-54.4%;17,33;-52.0%;Pressão Alta > Anti-Hipertensivo;11905;https://www.drogariaveracruz.com.br/neo-fedipina-20mg-30-comprimidos/p
VeraCruz;7896212422784;Motilium 1mg/ml Suspensão Oral 60ml;Disponível;0;0;0;0;0;Digestão > Náuseas;11870;https://www.drogariaveracruz.com.br/motilium-1mgml-suspensao-oral-60ml/p
VeraCruz;7897337705004;ARCOXIA 90 MG C/14 CPR;Disponível;169,72;125,76;-25.9%;66,19;-61.0%;Psicotrópicos;24520;https://www.drogariaveracruz.com.br/arcoxia-90-mg-c14-cpr/p
VeraCruz;7896206402082;Atacand HCT 16mg + 12,5mg 30 comprimidos;Disponível;0;0;0;0;0;Pressão Alta > Anti-Hipertensivo;10457;https://www.drogariaveracruz.com.br/atacand-hct-16mg-125mg-30-comprimidos/p
VeraCruz;7891106914963;Solução Spray Canesten 10mg/ml 30ml;Disponível;66,99;57,91;-13.6%;60,96;-9.0%;Pele e Mucosa;13833;https://www.drogariaveracruz.com.br/solucao-spray-canesten-10mgml-30ml/p
VeraCruz;736532751751;Bye Bad 4 cápsulas;Disponível;20,90;17,47;-16.4%;18,39;-12.0%;Digestão > Azia e Má Digestão;21437;https://www.drogariaveracruz.com.br/bye-bad-4-capsulas/p
VeraCruz;7895858016715;Magnesia de Phillips Tabs Sabor Hortelã 12 comprimidos mastigáveis;Disponível;0;0;0;0;0;Digestão > Azia e Má Digestão;16981;https://www.drogariaveracruz.com.br/magnesia-de-phillips-tabs-sabor-hortela-12-comprimidos-mastigaveis/p
VeraCruz;7896180300541;Maxiflox 35mg/G 1 Bisnaga Com 35G de Pomada de Uso Oftalmológico;Disponível;42,83;34,59;-19.2%;36,41;-15.0%;Antibióticos;23847;https://www.drogariaveracruz.com.br/maxiflox-35mgg-1-bisnaga-com-35g-de-pomada-de-uso-oftalmologico/p
VeraCruz;7896658005466;Flogoral 3mg Pastilhas Sabor Cereja 12un;Disponível;20,85;18,02;-13.6%;18,97;-9.0%;Dor e Febre > Dor de Garganta;11442;https://www.drogariaveracruz.com.br/flogoral-3mg-pastilhas-sabor-cereja-12un/p
VeraCruz;-;Zetsim 10mg + 20mg 30 comprimidos;Disponível;115,79;84,70;-26.9%;89,16;-23.0%;Colesterol e Triglicerídeos;;https://www.drogariaveracruz.com.br/zetsim-10mg-20mg-30-comprimidos/p
VeraCruz;5702191026665;Protopic 0,1% Pomada Dermatológica 30g;Disponível;0;0;0;0;0;Alergias;18949;https://www.drogariaveracruz.com.br/protopic-01-pomada-dermatologica-30g/p
VeraCruz;7896241252420;Drenison N 0,125mg/g + 0,35mg/g Pomada 30g;Disponível;45,36;36,63;-19.2%;38,56;-15.0%;Pele e Mucosa;16094;https://www.drogariaveracruz.com.br/drenison-n-0125mgg-035mgg-pomada-30g/p
VeraCruz;7891317036300;Angino Rub Mel e Limão C/4 Pastilhas;Disponível;4,59;4,36;-5.0%;4,59;-0.0%;Dor e Febre > Dor de Garganta;25134;https://www.drogariaveracruz.com.br/angino-rub-mel-e-limao-c4-pastilhas/p
VeraCruz;7896658009693;VIDMAX 100MG C/60 CPR;Disponível;0;0;0;0;0;Psicotrópicos;24785;https://www.drogariaveracruz.com.br/vidmax-100mg-c60-cpr/p
VeraCruz;7891158042423;Klaricid 50mg/ml Caixa Contendo 1 Frasco Com Granulado Para Suspensão Oral de Uso Pediátrico + 1 Seringa Dosadora + 1 Adaptador (Frasco Com Capacidade de 60ml);Disponível;219,03;170,62;-22.1%;59,87;-72.7%;Antibióticos;23957;https://www.drogariaveracruz.com.br/klaricid-50mgml-caixa-contendo-1-frasco-com-granulado-para-suspensao-oral-de-uso-pediatrico-1-seringa-dosadora-1-adaptador-frasco-com-capacidade-de-60ml/p
VeraCruz;7896382703614;Cialis 20mg 2 comprimidos revestidos;Disponível;167,98;129,26;-23.1%;68,03;-59.5%;Saúde Masculina > Disfunção Erétil;15201;https://www.drogariaveracruz.com.br/cialis-20mg-2-comprimidos-revestidos/p
VeraCruz;7896006297918;Nausicalm B6 Sabor Cereja 20ml;Disponível;16,23;10,49;-35.4%;11,04;-32.0%;Digestão > Náuseas;11922;https://www.drogariaveracruz.com.br/nausicalm-b6-sabor-cereja-20ml/p
VeraCruz;7896622300443;Antiácido Gastrol Blister 20 Pastilhas;Disponível;23,99;18,91;-21.2%;19,91;-17.0%;Digestão > Azia e Má Digestão;18536;https://www.drogariaveracruz.com.br/antiacido-gastrol-blister-20-pastilhas/p
VeraCruz;4030729003521;Neupro 4mg/24h c/ 28 Adesivos (C1);Disponível;0;0;0;0;0;Psicotrópicos;24888;https://www.drogariaveracruz.com.br/neupro-4mg24h-c-28-adesivos-c1/p
VeraCruz;7894916503631;Norf 400mg 14 comprimidos revestidos;Disponível;0;0;0;0;0;Antibióticos;23844;https://www.drogariaveracruz.com.br/norf-400mg-14-comprimidos-revestidos/p
VeraCruz;7896658048555;Runner Eze 20mg + 10mg 60 comprimidos;Disponível;0;0;0;0;0;Colesterol e Triglicerídeos;22375;https://www.drogariaveracruz.com.br/runner-eze-20mg-10mg-60-comprimidos/p
VeraCruz;7896523207780;Creme Dermatológico Cimecort Cimed 15g;Disponível;0;0;0;0;0;Pele e Mucosa;15225;https://www.drogariaveracruz.com.br/creme-dermatologico-cimecort-cimed-15g/p
VeraCruz;7896714274645;Peridal 10mg 30 comprimidos;Disponível;28,12;24,04;-14.5%;25,31;-10.0%;Digestão > Náuseas;12834;https://www.drogariaveracruz.com.br/peridal-10mg-30-comprimidos/p
VeraCruz;7896714226033;Histamin Creme 10mg/g 30g;Disponível;23,45;18,49;-21.2%;19,46;-17.0%;Alergias;15807;https://www.drogariaveracruz.com.br/antialergico-em-creme-histamin-10mgg-30g/p
VeraCruz;7896094921986;Neosaldina 4 drágeas;Disponível;9,20;7,08;-23.0%;7,45;-19.0%;Dor e Febre > Analgésico;11915;https://www.drogariaveracruz.com.br/neosaldina-4-drageas/p
VeraCruz;7896523201436;Leite de Magnésia 80mg/ml Sem Sabor 120ml;Disponível;0;0;0;0;0;Digestão > Azia e Má Digestão;20893;https://www.drogariaveracruz.com.br/leite-de-magnesia-80mgml-sem-sabor-120ml/p
VeraCruz;7898168000481;MELLERIL 25 MG C/ 20 DRAGEAS;Disponível;0;0;0;0;0;Psicotrópicos;24535;https://www.drogariaveracruz.com.br/melleril-25-mg-c-20-drageas/p
VeraCruz;7894916512022;Somalgin Cardio 100mg 60 comprimidos revestidos de dupla camada;Disponível;49,94;39,85;-20.2%;41,95;-16.0%;Dor e Febre > Analgésico;17916;https://www.drogariaveracruz.com.br/somalgin-cardio-100mg-60-comprimidos-revestidos-de-dupla-camada/p
VeraCruz;7896658020995;Motore 250mg 120 cápsulas;Disponível;0;0;0;0;0;Para os Ossos > Artrite e Artrose;11871;https://www.drogariaveracruz.com.br/motore-250mg-120-capsulas/p
VeraCruz;7896112427704;Aradois 100mg 30 comprimidos revestidos;Disponível;155,71;112,42;-27.8%;59,17;-62.0%;Pressão Alta > Anti-Hipertensivo;11283;https://www.drogariaveracruz.com.br/aradois-100mg-30-comprimidos-revestidos/p
VeraCruz;7891142137135;Pratium 140mg/ml Sabor Frutas 15ml;Disponível;39,98;28,41;-28.9%;29,90;-25.2%;Dor e Febre > Analgésico;24002;https://www.drogariaveracruz.com.br/pratium-140mgml-sabor-frutas-15ml/p
VeraCruz;7896094999541;Melhoral Infantil 8 comprimidos;Disponível;10,88;9,30;-14.5%;9,79;-10.0%;Dor e Febre > Analgésico;16631;https://www.drogariaveracruz.com.br/melhoral-infantil-8-comprimidos/p
VeraCruz;7898994079859;Teste de Gravidez Fast Test Plus 1 Unidade;Disponível;13,35;5,33;-60.1%;5,61;-58.0%;Saúde Feminina > Teste de Gravidez;15290;https://www.drogariaveracruz.com.br/teste-de-gravidez-fast-test-plus-1un/p
VeraCruz;7896637022583;ETOXIN 50MG/1ML 120ML;Disponível;0;0;0;0;0;Psicotrópicos;24616;https://www.drogariaveracruz.com.br/etoxin-50mg1ml-120ml/p
VeraCruz;7896253900920;Vibral Xarope 3mg/ml Sabor Framboesa 120ml;Disponível;33,34;29,14;-12.6%;30,67;-8.0%;Sistema Respiratório > Tosse;17603;https://www.drogariaveracruz.com.br/xarope-vibral-3mgml-sabor-framboesa-120ml/p
VeraCruz;7891721014130;Euthyrox 150mcg 50 comprimidos;Disponível;60,50;44,26;-26.8%;46,59;-23.0%;Hormônios;11645;https://www.drogariaveracruz.com.br/euthyrox-150mcg-50-comprimidos/p
VeraCruz;7896676419207;LABREA 10MG C/30 CPR;Disponível;0;0;0;0;0;Psicotrópicos;24576;https://www.drogariaveracruz.com.br/labrea-10mg-c30-cpr/p
VeraCruz;7896253900913;Vibral Xarope Pediátrico 1,5mg/ml Sabor Framboesa 120ml;Disponível;30,77;26,89;-12.6%;28,31;-8.0%;Sistema Respiratório > Tosse;17615;https://www.drogariaveracruz.com.br/xarope-vibral-15mgml-sabor-framboesa-120ml/p
VeraCruz;7891010255862;Tylenol DC 1g Multiplas Dores 4 comprimidos;Disponível;0;0;0;0;0;Dor e Febre > Analgésico;21178;https://www.drogariaveracruz.com.br/tylenol-dc-1g-multiplas-dores-4-comprimidos/p
VeraCruz;7896255762205;Synthroid 137mcg 30 comprimidos;Disponível;60,93;46,30;-24.0%;48,74;-20.0%;Hormônios;11182;https://www.drogariaveracruz.com.br/synthroid-137mcg-30-comprimidos/p
VeraCruz;7896004788371;Naridrin Alto Volume 9mg/ml Com 30 Envelopes + Frasco 240Ml;Disponível;54,50;51,78;-5.0%;54,50;-0.0%;Sistema Respiratório > Descongestionantes;26159;https://www.drogariaveracruz.com.br/naridrin-alto-volume-09-com-30-envelopes-frasco-240ml/p
VeraCruz;7896241221853;Ablok 25mg 30 comprimidos;Disponível;15,85;2,56;-83.8%;2,69;-83.0%;Pressão Alta > Anti-Hipertensivo;17267;https://www.drogariaveracruz.com.br/ablok-25mg-30-comprimidos/p
VeraCruz;7899420507144;ZOUP SL 5MG SUBL C/30 CPR;Disponível;0;0;0;0;0;Psicotrópicos;24272;https://www.drogariaveracruz.com.br/zoup-sl-5mg-subl-c30-cpr/p
VeraCruz;7891058006259;STILNOX CR 12,5 MG C/ 20 CPR;Disponível;0;0;0;0;0;Psicotrópicos;24486;https://www.drogariaveracruz.com.br/stilnox-cr-125-mg-c-20-cpr/p
VeraCruz;7891268102062;VIAGRA - 50mg, 1 comprimido revestido;Disponível;0;0;0;0;0;Saúde Masculina > Disfunção Erétil;15509;https://www.drogariaveracruz.com.br/viagra-50mg-1-comprimido-revestido/p
VeraCruz;7896094928107;AAS Infantil 100mg com 30 comprimidos;Disponível;28,49;24,90;-12.6%;26,21;-8.0%;Dor e Febre > Analgésico;17262;https://www.drogariaveracruz.com.br/aas-infantil-100mg-com-30-comprimidos/p
VeraCruz;7891721014796;Euthyrox 200mcg 50 comprimidos;Disponível;74,87;54,06;-27.8%;56,90;-24.0%;Hormônios;11647;https://www.drogariaveracruz.com.br/euthyrox-200mcg-50-comprimidos/p
VeraCruz;7891721012976;Roxflan 10mg 30 comprimidos;Disponível;62,04;46,56;-25.0%;49,01;-21.0%;Pressão Alta > Anti-Hipertensivo;10733;https://www.drogariaveracruz.com.br/roxflan-10mg-30-comprimidos/p
VeraCruz;7896094904330;Estomazil Sabor Abacaxi 100g;Disponível;28,49;22,47;-21.1%;23,65;-17.0%;Digestão > Azia e Má Digestão;11633;https://www.drogariaveracruz.com.br/antiacido-po-efervescente-estomazil-sabor-abacaxi-100g/p
VeraCruz;7896676410730;Funtyl 10mg/g Creme 20g;Disponível;38,76;30,93;-20.2%;32,56;-16.0%;Pele e Mucosa;16194;https://www.drogariaveracruz.com.br/funtyl-10mgg-creme-20g/p
VeraCruz;7896009498466;Advil Mulher 400mg 2 cápsulas líquidas;Disponível;6,63;3,52;-46.9%;3,71;-44.0%;Saúde Feminina > Cólica;18943;https://www.drogariaveracruz.com.br/analgesico-advil-mulher-400mg-2-capsulas-liquidas/p
VeraCruz;7896422519908;ALENTHUS 37,5MG C/30 CPS;Disponível;0;0;0;0;0;Psicotrópicos;25062;https://www.drogariaveracruz.com.br/alenthus-375mg-c30-cps/p
VeraCruz;7896255766470;Revectina 6mg  2 comprimidos;Disponível;0;0;0;0;0;Vermes e Parasitas;23388;https://www.drogariaveracruz.com.br/revectina-6mg-2-comprimidos/p
VeraCruz;7896181920410;Corus 50mg 30 comprimidos revestidos;Disponível;15,12;4,60;-69.6%;4,84;-68.0%;Pressão Alta > Anti-Hipertensivo;16868;https://www.drogariaveracruz.com.br/corus-50mg-30-comprimidos-revestidos/p
VeraCruz;8902220114784;Olmecor 40mg 30 comprimidos revestidos;Disponível;57,66;42,18;-26.8%;44,40;-23.0%;Pressão Alta > Anti-Hipertensivo;12381;https://www.drogariaveracruz.com.br/olmecor-40mg-30-comprimidos-revestidos/p
VeraCruz;7897705202715;Rybelsus 7mg 30 comprimidos;Disponível;1293,49;1228,82;-5.0%;431,16;-66.7%;Diabetes;14881;https://www.drogariaveracruz.com.br/rybelsus-7mg-30-comprimidos/p
VeraCruz;7896658019531;Montelair 4mg 30 sachês com granulado;Disponível;100,10;78,93;-21.1%;83,08;-17.0%;Sistema Respiratório > Asma;11882;https://www.drogariaveracruz.com.br/montelair-4mg-30-saches-com-granulado/p
VeraCruz;7891317457211;Zina 5mg 10 comprimidos;Disponível;60,16;49,72;-17.4%;52,34;-13.0%;Alergias;18034;https://www.drogariaveracruz.com.br/zina-5mg-10-comprimidos/p
VeraCruz;7898040320782;Actifedrin 2,5mg + 60mg 20 comprimidos;Disponível;15,57;13,31;-14.5%;14,01;-10.0%;Alergias;17336;https://www.drogariaveracruz.com.br/actifedrin-25mg-60mg-20-comprimidos/p
VeraCruz;7896112406501;Cronobê Complex 3 Ampolas Solução Injetável Biolab;Disponível;0;0;0;0;0;Vitaminas;25898;https://www.drogariaveracruz.com.br/cronobe-complex-biolab-3-ampolas-solucao-injetavel/p
VeraCruz;7896548112717;Tobrex 3 mg Sol Com5 ml;Disponível;40,06;33,49;-16.4%;35,25;-12.0%;Antibióticos;24398;https://www.drogariaveracruz.com.br/tobrex-3-mg-sol-com5-ml/p
VeraCruz;7896261012486;Diovan Amlo Fix 160mg + 5mg 28 comprimidos revestidos;Disponível;176,33;167,51;-5.0%;58,78;-66.7%;Pressão Alta > Anti-Hipertensivo;16018;https://www.drogariaveracruz.com.br/diovan-amlo-fix-160mg-5mg-28-comprimidos-revestidos/p
VeraCruz;7896227800034;Salonpas Gel 40g;Disponível;0;0;0;0;0;Dor e Febre > Anti-Inflamatórios;18322;https://www.drogariaveracruz.com.br/salonpas-gel-40g/p
VeraCruz;-;Ablok Plus 50mg + 12,5mg 30 comprimidos;Disponível;48,41;37,25;-23.1%;39,21;-19.0%;Pressão Alta > Anti-Hipertensivo;;https://www.drogariaveracruz.com.br/ablok-plus-50mg-125mg-30-comprimidos/p
VeraCruz;7899420507076;ATESTO 250MG/ML SOL INJ 4ML AMP;Disponível;0;0;0;0;0;Psicotrópicos;24666;https://www.drogariaveracruz.com.br/atesto-250mgml-sol-inj-4ml-amp/p
VeraCruz;7896006272724;Solução Oral Nasaliv Sabor Cereja 60ml;Disponível;0;0;0;0;0;Sistema Respiratório > Antigripais;13804;https://www.drogariaveracruz.com.br/solucao-oral-nasaliv-sabor-cereja-60ml/p
VeraCruz;7894916507332;LIPISTAT - 10mg, 30 comprimidos revestidos;Disponível;0;0;0;0;0;Colesterol e Triglicerídeos;12728;https://www.drogariaveracruz.com.br/lipistat-10mg-30-comprimidos-revestidos/p
VeraCruz;7896658005473;Flunarin 10mg 60 cápsulas;Disponível;0;0;0;0;0;Sistema Nervoso > Medicamentos Antivertiginosos: Ginkgo, Tanakan, Equitam;11451;https://www.drogariaveracruz.com.br/flunarin-10mg-60-capsulas/p
VeraCruz;7898430192166;Dprev 5.000UI 30 cápsulas;Disponível;0;0;0;0;0;Vitaminas;13983;https://www.drogariaveracruz.com.br/dprev-5000ui-30-capsulas/p
VeraCruz;7898687730593;Vitamina D3 2.000UI Althaia 30 cápsulas gel;Disponível;22,90;21,76;-5.0%;22,90;-0.0%;Vitaminas;15662;https://www.drogariaveracruz.com.br/suplemento-alimentar-althaia-vitamina-d3-2000ui-30-capsulas-gel/p
VeraCruz;7896658034695;Levofloxacino Livepax 750mg 5 comprimidos;Disponível;76,74;65,62;-14.5%;69,07;-10.0%;Antibióticos;23991;https://www.drogariaveracruz.com.br/levofloxacino-livepax-750mg-5-comprimidos/p
VeraCruz;7897316805558;Pred Mild 0,12% 5ml;Disponível;0;0;0;0;0;Olhos > Lubrificantes e Colírios;20791;https://www.drogariaveracruz.com.br/pred-mild-012-5ml/p
VeraCruz;7899824401130;Septam Bd 200mg/ml + 50mg/ml 1 Frasco Com 15G de Pó Para Suspensão de Uso Oral;Disponível;0;0;0;0;0;Antibióticos;23996;https://www.drogariaveracruz.com.br/septam-bd-200mgml-50mgml-1-frasco-com-15g-de-po-para-suspensao-de-uso-oral/p
VeraCruz;7891721024641;ESCLEROVITAN - 300mg + 100mg + 2,94mg, 30 cápsulas gelatinosas moles;Disponível;0;0;0;0;0;Vitaminas;16139;https://www.drogariaveracruz.com.br/esclerovitan-300mg-100mg-294mg-30-capsulas-gelatinosas-moles/p
VeraCruz;7892828001221;Etna Injetável 3 frascos ampolas com pó + 3 ampolas com de diluente;Disponível;100,52;79,26;-21.2%;83,43;-17.0%;Para os Ossos > Artrite e Artrose;11620;https://www.drogariaveracruz.com.br/etna-injetavel-3-frascos-ampolas-com-po-3-ampolas-com-de-diluente/p
VeraCruz;300650426404;TriSorb Solução Oftálmica 15ml;Disponível;0;0;0;0;0;Olhos > Lubrificantes e Colírios;17534;https://www.drogariaveracruz.com.br/solucao-oftalmica-trisorb-15ml/p
VeraCruz;7891317007638;PenVeOral 400.000Ui/5ml Suspensao 60ml;Disponível;0;0;0;0;0;Antibióticos;23982;https://www.drogariaveracruz.com.br/penveoral-400000ui5ml-suspensao-60ml/p
VeraCruz;7891106906999;Yasmin 3mg + 0,03mg 63 comprimidos revestidos;Disponível;0;0;0;0;0;Saúde Feminina > Anticoncepcionais;18018;https://www.drogariaveracruz.com.br/yasmin-3mg-003mg-63-comprimidos-revestidos/p
VeraCruz;7896658034466;Gaeso 20mg 28 comprimidos;Disponível;0;0;0;0;0;Digestão > Úlcera e Gastrite;19209;https://www.drogariaveracruz.com.br/gaeso-20mg-28-comprimidos/p
VeraCruz;7898430193149;Litane Gotas 825mg/ml 20ml;Disponível;0;0;0;0;0;Sistema Respiratório > Antigripais;18858;https://www.drogariaveracruz.com.br/litane-gotas-825mgml-20ml/p
VeraCruz;7898074615212;Monuril 2 Envelope Com 8G de Granulado de Uso Oral;Disponível;146,79;103,19;-29.7%;54,31;-63.0%;Antibióticos;23999;https://www.drogariaveracruz.com.br/monuril-2-envelope-com-8g-de-granulado-de-uso-oral/p
VeraCruz;7896714292052;ECOXE 60MG C/7 CPR;Disponível;0;0;0;0;0;Psicotrópicos;24253;https://www.drogariaveracruz.com.br/ecoxe-60mg-c7-cpr/p
VeraCruz;7896523226590;Cimegripe Dia 12 comprimidos;Disponível;15,25;22,33;-0.0%;23,50;-0.0%;Dor e Febre > Analgésico;19667;https://www.drogariaveracruz.com.br/cimegripe-dia-12-comprimidos/p
VeraCruz;7896226109305;Caldê 60 comprimidos mastigáveis;Disponível;0;0;0;0;0;Vitaminas;10547;https://www.drogariaveracruz.com.br/suplemento-vitaminico-calde-60-comprimidos-mastigaveis/p
VeraCruz;7896672201257;Fostair DPI 100mcg/6mcg por inalação 1 Dispositivo Next DPI com 120 doses;Disponível;211,03;200,48;-5.0%;70,34;-66.7%;Sistema Respiratório > DPOC;11477;https://www.drogariaveracruz.com.br/fostair-dpi-100mcg6mcg-por-inalacao-1-dispositivo-next-dpi-com-120-doses/p
VeraCruz;7896523216478;Pastilha Ciflogex Sabor Mel e Limão 12un;Disponível;22,63;18,28;-19.2%;19,24;-15.0%;Dor e Febre > Dor de Garganta;15218;https://www.drogariaveracruz.com.br/pastilha-ciflogex-sabor-mel-e-limao-12un/p
VeraCruz;7896015528829;Relvar Ellipta 100mcg + 25mcg 30 doses de pó para inalação;Disponível;0;0;0;0;0;Sistema Respiratório > DPOC;12897;https://www.drogariaveracruz.com.br/relvar-ellipta-100mcg-25mcg-30-doses-de-po-para-inalacao/p
VeraCruz;7896026300537;Mucosolvan Xarope 30mg/5ml Sabor Morango 120ml;Disponível;65,33;55,86;-14.5%;58,80;-10.0%;Sistema Respiratório > Expectorante;11880;https://www.drogariaveracruz.com.br/xarope-mucosolvan-30mg5ml-sabor-morango-120ml/p
VeraCruz;7896006214007;Andriodermol 50ml;Disponível;26,32;21,76;-17.3%;22,90;-13.0%;Pele e Mucosa;11258;https://www.drogariaveracruz.com.br/andriodermol-50ml/p
VeraCruz;7896382703331;Insulina Humalog 300UI Refil para Caneta Eli Lilly, 2un com 3ml de solução de uso subcutâneo;Disponível;138,52;111,85;-19.3%;58,87;-57.5%;Diabetes;17030;https://www.drogariaveracruz.com.br/insulina-humalog-300ui-refil-para-caneta-eli-lilly-2un-com-3ml-de-solucao-de-uso-subcutaneo/p
VeraCruz;7894916513302;Neovangy MR 35mg EMS 30 comprimidos revestidos de liberação prolongada;Disponível;81,54;60,42;-25.9%;63,60;-22.0%;Sistema Circulatório > Circulação;13647;https://www.drogariaveracruz.com.br/neovangy-mr-35mg-ems-30-comprimidos-revestidos-de-liberacao-prolongada/p
VeraCruz;7897572004009;VIATINE - 5mg, 30 comprimidos mastigáveis;Disponível;0;0;0;0;0;Sistema Respiratório > Asma;15683;https://www.drogariaveracruz.com.br/viatine-5mg-30-comprimidos-mastigaveis/p
VeraCruz;300655144037;Opti Free Express 355Ml + 355Ml;Disponível;117,90;104,17;-11.6%;54,83;-53.5%;Olhos > Produtos para Lentes;25870;https://www.drogariaveracruz.com.br/opti-free-express-355ml-355ml/p
VeraCruz;7891317177683;Primera 30 150mcg + 30mcg 63 comprimidos;Disponível;94,63;71,92;-24.0%;75,70;-20.0%;Saúde Feminina > Anticoncepcionais;10682;https://www.drogariaveracruz.com.br/primera-30-150mcg-30mcg-63-comprimidos/p
VeraCruz;7896658000652;Sorine Solução Nasal 0,5mg/ml 30ml;Disponível;27,51;23,00;-16.4%;24,21;-12.0%;Sistema Respiratório > Descongestionantes;11131;https://www.drogariaveracruz.com.br/solucao-nasal-sorine-05mgml-30ml/p
VeraCruz;7894916500579;Azi 500mg 3 comprimidos;Disponível;27,58;23,32;-15.4%;24,55;-11.0%;Antibióticos;23903;https://www.drogariaveracruz.com.br/azi-500mg-3-comprimidos/p
VeraCruz;7896641806407;Siilif 100mg 30 comprimidos revestidos;Disponível;108,71;88,82;-18.3%;93,49;-14.0%;Saúde Feminina > Cólica;12480;https://www.drogariaveracruz.com.br/siilif-100mg-30-comprimidos-revestidos/p
VeraCruz;7891317025809;Dipro Betametasona + Sulf Gentamicina Pom c/30G;Disponível;32,54;14,22;-56.3%;14,97;-54.0%;Antibióticos;23890;https://www.drogariaveracruz.com.br/dipro-betametasona-sulf-gentamicina-pom-c30g/p
VeraCruz;7898908753158;Traumeel S 30ml;Disponível;120,25;106,24;-11.7%;55,92;-53.5%;Dor e Febre > Analgésico;13148;https://www.drogariaveracruz.com.br/traumeel-s-30ml/p
VeraCruz;7897572004351;Nimegon 100mg 28 comprimidos revestidos;Disponível;0;0;0;0;0;Diabetes;11946;https://www.drogariaveracruz.com.br/nimegon-100mg-28-comprimidos-revestidos/p
VeraCruz;7898108640562;Protetor Ocular Estéril Sancare Tamanho G 10 unidades;Disponível;23,49;19,42;-17.3%;20,44;-13.0%;Olhos > Protetor Ocular;20695;https://www.drogariaveracruz.com.br/protetor-ocular-esteril-sancare-tamanho-g-83mm-x-57mm-10-unidades/p
VeraCruz;7897337704960;ARCOXIA 60 MG C/7 CPR;Disponível;76,33;56,56;-25.9%;59,54;-22.0%;Psicotrópicos;24537;https://www.drogariaveracruz.com.br/arcoxia-60-mg-c7-cpr/p
VeraCruz;7896181909101;Betalor 5mg + 50mg 30 cápsulas;Disponível;89,76;68,22;-24.0%;71,81;-20.0%;Pressão Alta > Anti-Hipertensivo;10941;https://www.drogariaveracruz.com.br/betalor-5mg-50mg-30-capsulas/p
VeraCruz;7894916507738;ESCILEX 10MG C/30 CPR;Disponível;79,85;75,86;-5.0%;79,85;-0.0%;Psicotrópicos;24845;https://www.drogariaveracruz.com.br/escilex-10mg-c30-cpr/p
VeraCruz;7891142207500;Calminex Diclo Aerossol 85ml;Disponível;37,99;32,12;-15.5%;33,81;-11.0%;Dor e Febre > Contusão e Relaxante Muscular;20755;https://www.drogariaveracruz.com.br/calminex-diclo-aerosol-85ml/p
VeraCruz;7897337712576;Meticorten 20mg 10 comprimidos;Disponível;35,32;29,19;-17.4%;30,73;-13.0%;Dor e Febre > Anti-Inflamatórios;16662;https://www.drogariaveracruz.com.br/meticorten-20mg-10-comprimidos/p
VeraCruz;7896094922105;Nebacetin Pomada 15g;Disponível;31,99;27,35;-14.5%;28,79;-10.0%;Pele e Mucosa;11920;https://www.drogariaveracruz.com.br/pomada-dermatologico-nebacetin-15g/p
VeraCruz;7896094928169;Benegrip Multi Febre e Dor Pediatrico 15ml;Disponível;22,98;19,65;-14.5%;20,68;-10.0%;Sistema Respiratório > Antigripais;20626;https://www.drogariaveracruz.com.br/benegrip-multi-febre-e-dor-pediatrico-15ml/p
VeraCruz;7896112406129;Endofer 50mg 30ml;Disponível;0;0;0;0;0;Sistema Imunológico;20567;https://www.drogariaveracruz.com.br/endofer-50mg-30ml/p
VeraCruz;7896094208063;Minian 150mcg + 20mcg 63 comprimidos revestidos;Disponível;111,91;79,73;-28.8%;83,93;-25.0%;Saúde Feminina > Anticoncepcionais;11886;https://www.drogariaveracruz.com.br/minian-150mcg-20mcg-63-comprimidos-revestidos/p
VeraCruz;7892953207956;Xumer Etoricoxibe 90mg Com 7 Comprimidos;Disponível;69,45;46,19;-33.5%;48,62;-30.0%;Psicotrópicos;25070;https://www.drogariaveracruz.com.br/xumer-90mg-c7-cpr/p
VeraCruz;7896676427745;Kollagenase Pomada 0,6U/g 30g;Disponível;74,80;60,40;-19.3%;63,58;-15.0%;Pele e Mucosa;15438;https://www.drogariaveracruz.com.br/pomada-kollagenase-06ug-30g/p
VeraCruz;7896004705385;Allexofedrin 180mg 10 comprimidos revestidos;Disponível;92,55;52,75;-43.0%;55,53;-40.0%;Alergias;17660;https://www.drogariaveracruz.com.br/allexofedrin-180mg-10-comprimidos-revestidos/p
VeraCruz;7896261015616;EXFORGE HCT - 160mg + 25mg + 10mg, 28 comprimidos revestidos?;Disponível;0;0;0;0;0;Pressão Alta > Anti-Hipertensivo;11651;https://www.drogariaveracruz.com.br/exforge-hct-160mg-25mg-10mg-28-comprimidos-revestidos/p
VeraCruz;7896226506388;Prolopa BD 100/25mg 60 comprimidos;Disponível;0;0;0;0;0;Sistema Nervoso > Remédio para Parkinson | Aché, Roche, Cristália, e mais;10268;https://www.drogariaveracruz.com.br/prolopa-bd-10025mg-60-comprimidos/p
VeraCruz;7891045001021;MINULET - 75mcg + 30mcg, 21 drágeas;Disponível;0;0;0;0;0;Saúde Feminina > Anticoncepcionais;16676;https://www.drogariaveracruz.com.br/minulet-75mcg-30mcg-21-drageas/p
VeraCruz;7896112422150;Novanlo 2,5mg 60 comprimidos;Disponível;0;0;0;0;0;Pressão Alta > Anti-Hipertensivo;13802;https://www.drogariaveracruz.com.br/novanlo-25mg-60-comprimidos/p
VeraCruz;7894916516686;Neutrofer Folato D 90 comprimidos revestidos;Disponível;152,90;145,26;-5.0%;50,97;-66.7%;Saúde Feminina > Gestante;20906;https://www.drogariaveracruz.com.br/suplemento-alimentar-neutrofer-folato-d-90-comprimidos-revestidos/p
VeraCruz;7896255766333;Duphaston 10mg 28 comprimidos revestidos;Disponível;83,79;67,66;-19.3%;71,22;-15.0%;Saúde Feminina > Reposição Hormonal;10110;https://www.drogariaveracruz.com.br/duphaston-10mg-28-comprimidos-revestidos/p
VeraCruz;7896641803642;Proctyl 50mg/g + 10mg/g Pomada 10 bisnagas com 3g cada + 10 aplicadores;Disponível;95,69;79,09;-17.3%;83,25;-13.0%;Digestão > Diarréia;10695;https://www.drogariaveracruz.com.br/proctyl-50mgg-10mgg-pomada-10-bisnagas-com-3g-cada-10-aplicadores/p
VeraCruz;7891317134006;PISA 0,750MG C/30 CPR;Disponível;0;0;0;0;0;Psicotrópicos;24825;https://www.drogariaveracruz.com.br/pisa-0750mg-c30-cpr/p
VeraCruz;7896672203336;Fostair 100/6mcg Suspensão Aerossol 120 doses 8ml;Disponível;211,03;200,48;-5.0%;70,34;-66.7%;Sistema Respiratório > DPOC;11476;https://www.drogariaveracruz.com.br/fostair-1006mcg-suspensao-aerossol-120-doses-8ml/p
VeraCruz;-;Librene Diu Cobre e Prata Tamanho Mini TCU380AG;Disponível;0;0;0;0;0;Saúde Feminina > Anticoncepcionais;;https://www.drogariaveracruz.com.br/librene-diu-cobre-e-prata-tamanho-mini-tcu380ag/p
VeraCruz;7891058009205;Lantus 100UI/ml 1 carpule com 10ml;Disponível;351,29;276,99;-21.2%;97,19;-72.3%;Diabetes;17811;https://www.drogariaveracruz.com.br/lantus-100uiml-1-carpule-com-10ml/p
VeraCruz;7891035010866;Pastilhas Strepsils Sabor Mel e Limão 16 pastilhas;Disponível;31,99;25,83;-19.3%;27,19;-15.0%;Dor e Febre > Dor de Garganta;11162;https://www.drogariaveracruz.com.br/pastilhas-para-garganta-strepsils-sabor-mel-e-limao-16-pastilhas/p
VeraCruz;7896685301654;Florax SM 100milhões/ml Sabor Framboesa 5 flaconetes com 5ml cada;Disponível;55,03;46,01;-16.4%;48,43;-12.0%;Digestão > Diarréia;18244;https://www.drogariaveracruz.com.br/florax-sm-100milhoesml-sabor-framboesa-5-flaconetes-com-5ml-cada/p
VeraCruz;7891317002879;PONDERA XR 25MG 30 COMPRIMIDOS (C1);Disponível;151,89;109,67;-27.8%;57,72;-62.0%;Psicotrópicos;24601;https://www.drogariaveracruz.com.br/pondera-xr-25mg-30-comprimidos-c1/p
VeraCruz;7896637023122;Moment 0,25mg/ml 60ml;Disponível;70,98;62,04;-12.6%;65,30;-8.0%;Dor e Febre > Analgésico;15762;https://www.drogariaveracruz.com.br/moment-025mgml-60ml/p
VeraCruz;7891158104688;Pedialyte Max Sabor Morango 500ml;Disponível;23,90;21,12;-11.6%;22,23;-7.0%;Digestão > Laxantes e Reguladores Intestinais;13352;https://www.drogariaveracruz.com.br/suplemento-hidroeletrolitico-pedialyte-max-morango-500ml/p
VeraCruz;7896472502745;Keltrina Plus Emulsão 5% Fragrância de Erva Doce 60ml;Disponível;50,28;22,45;-55.4%;23,63;-53.0%;Tratamento Capilar > Piolhos;19084;https://www.drogariaveracruz.com.br/emulsao-keltrina-plus-5-fragrancia-de-erva-doce-60ml/p
VeraCruz;7896637025096;Miosan CAF 5mg + 30mg 15 comprimidos revestidos;Disponível;31,66;25,56;-19.3%;26,91;-15.0%;Dor e Febre > Contusão e Relaxante Muscular;16677;https://www.drogariaveracruz.com.br/miosan-caf-5mg-30mg-15-comprimidos-revestidos/p
VeraCruz;7892828001375;Hidrion 40mg + 100mg 30 comprimidos;Disponível;42,04;34,34;-18.3%;36,15;-14.0%;Pressão Alta > Anti-Hipertensivo;12701;https://www.drogariaveracruz.com.br/hidrion-40mg-100mg-30-comprimidos/p
VeraCruz;7892953101865;Tecnomet 2,5mg 20 comprimidos;Disponível;44,94;34,58;-23.1%;36,40;-19.0%;Para os Ossos > Artrite e Artrose;16484;https://www.drogariaveracruz.com.br/tecnomet-25mg-20-comprimidos/p
VeraCruz;7894916500425;Neutrofer Fólico 150mg + 5mg 30 comprimidos revestidos;Disponível;0;0;0;0;0;Sistema Imunológico;16754;https://www.drogariaveracruz.com.br/neutrofer-folico-150mg-5mg-30-comprimidos-revestidos/p
VeraCruz;7891317485764;DUOMO HP Eurofarma 60 Cápsulas Duras;Disponível;205,55;165,98;-19.3%;58,24;-71.7%;Saúde Masculina > Próstata;18565;https://www.drogariaveracruz.com.br/duomo-hp-eurofarma-60-capsulas-duras/p
VeraCruz;7896658033872;VALPI 500MG C/30 CPR;Disponível;0;0;0;0;0;Psicotrópicos;24607;https://www.drogariaveracruz.com.br/valpi-500mg-c30-cpr/p
VeraCruz;7894916550086;Isordil 10mg 30 comprimidos;Disponível;13,91;10,84;-22.1%;11,41;-18.0%;Sistema Circulatório > Circulação;15408;https://www.drogariaveracruz.com.br/isordil-10mg-30-comprimidos/p
VeraCruz;7896269901898;Zyrtec 10mg 12 comprimidos revestidos;Disponível;0;0;0;0;0;Alergias;11236;https://www.drogariaveracruz.com.br/zyrtec-10mg-12-comprimidos-revestidos/p
VeraCruz;7896331705720;Resfenol 10 cápsulas gelatinosas duras;Disponível;0;0;0;0;0;Sistema Respiratório > Antigripais;14120;https://www.drogariaveracruz.com.br/resfenol-10-capsulas-gelatinosas-duras/p
VeraCruz;7894916509237;Esomex 20mg 14 comprimidos revestidos;Disponível;0;0;0;0;0;Digestão > Úlcera e Gastrite;15234;https://www.drogariaveracruz.com.br/esomex-20mg-14-comprimidos-revestidos/p
VeraCruz;7896094919662;Suplemento Alimentar Ofolato D Fer 2000UI 30 comprimidos;Disponível;121,90;115,81;-5.0%;60,95;-50.0%;Saúde Feminina > Gestante;22054;https://www.drogariaveracruz.com.br/suplemento-alimentar-ofolato-d-fer-2000ui-30-comprimidos/p
VeraCruz;7896094918139;Benegrip Multi Noite 20 comprimidos;Disponível;45,99;41,07;-10.7%;43,23;-6.0%;Sistema Respiratório > Antigripais;18436;https://www.drogariaveracruz.com.br/benegrip-multi-noite-20-comprimidos/p
VeraCruz;5000456057547;Zoladex 3,6mg 1 seringa;Disponível;0;0;0;0;0;Oncológicos e Alto Custo;20587;https://www.drogariaveracruz.com.br/zoladex-36mg-1-seringa/p
VeraCruz;7898430194009;Suplemento Alimentar Pealiv 300mg Myralis 30 Comprimidos;Disponível;132,50;117,07;-11.6%;61,62;-53.5%;Dor e Febre > Analgésico;21110;https://www.drogariaveracruz.com.br/suplemento-alimentar-pealiv-300mg-30-comprimidos/p
VeraCruz;7896269900341;Zinnat 250mg/5ml 1 Frasco Com 50ml de Pó Para Suspensão de Uso Oral;Disponível;0;0;0;0;0;Antibióticos;23941;https://www.drogariaveracruz.com.br/zinnat-250mg5ml-1-frasco-com-50ml-de-po-para-suspensao-de-uso-oral/p
VeraCruz;7897473206861;Levolukast 5mg + 10mg 14 comprimidos revestidos;Disponível;146,10;111,04;-24.0%;58,44;-60.0%;Alergias;22306;https://www.drogariaveracruz.com.br/levolukast-5mg-10mg-14-comprimidos-revestidos/p
VeraCruz;7896226102801;Vitergan Zinco PL 30 comprimidos revestidos;Disponível;127,30;99,17;-22.1%;52,20;-59.0%;Vitaminas;11212;https://www.drogariaveracruz.com.br/suplemento-vitaminico-vitergan-zinco-pl-30-comprimidos-revestidos/p
VeraCruz;7897316800256;Oflox 3mg/ml 1 Frasco Gotejador Com 5ml de Solução de Uso Oftalmológico;Disponível;55,28;45,16;-18.3%;47,54;-14.0%;Antibióticos;23867;https://www.drogariaveracruz.com.br/oflox-3mgml-1-frasco-gotejador-com-5ml-de-solucao-de-uso-oftalmologico/p
VeraCruz;7896212425082;Invokana 300mg 30 comprimidos revestidos;Disponível;0;0;0;0;0;Diabetes;15399;https://www.drogariaveracruz.com.br/invokana-300mg-30-comprimidos-revestidos/p
VeraCruz;7891317450434;VENLAXIN 150MG C/28 CPS;Disponível;0;0;0;0;0;Psicotrópicos;24500;https://www.drogariaveracruz.com.br/venlaxin-150mg-c28-cps/p
VeraCruz;7896112411352;ICTUS - 25mg, 60 comprimidos;Disponível;0;0;0;0;0;Sistema Circulatório > Circulação;12715;https://www.drogariaveracruz.com.br/ictus-25mg-60-comprimidos/p
VeraCruz;7898906846302;Gaze de Rayon Pielsana 7,5cm X 7,5cm 3ml;Disponível;6,50;5,13;-21.1%;5,40;-16.9%;Pele e Mucosa;15953;https://www.drogariaveracruz.com.br/oleo-sachet-pielsana-75cm-x-75cm-3ml/p
VeraCruz;7896181907282;Formocaps 12mcg 30 cápsulas com pó para inalação + 1 inalador;Disponível;86,68;74,94;-13.5%;78,88;-9.0%;Sistema Respiratório > Asma;11467;https://www.drogariaveracruz.com.br/formocaps-12mcg-30-capsulas-com-po-para-inalacao-1-inalador/p
VeraCruz;7896676408126;CINETOL 2MG C/80 CPR;Disponível;0;0;0;0;0;Psicotrópicos;25067;https://www.drogariaveracruz.com.br/cinetol-2mg-c80-cpr/p
VeraCruz;7896094921412;Buscoduo 20 comprimidos revestidos;Disponível;39,98;32,66;-18.3%;34,38;-14.0%;Saúde Feminina > Cólica;17467;https://www.drogariaveracruz.com.br/buscoduo-20-comprimidos-revestidos/p
VeraCruz;7891106906890;Allurene 2mg 28 comprimidos;Disponível;0;0;0;0;0;Hormônios;17686;https://www.drogariaveracruz.com.br/allurene-2mg-28-comprimidos/p
VeraCruz;7891045008440;Nordette 150/30mcg 63 drágeas;Disponível;38,39;33,18;-13.6%;34,93;-9.0%;Saúde Feminina > Anticoncepcionais;11975;https://www.drogariaveracruz.com.br/nordette-15030mcg-63-drageas/p
VeraCruz;7897595901439;Atlansil 100mg 20 comprimidos;Disponível;25,93;19,70;-24.0%;20,74;-20.0%;Sistema Circulatório > Circulação;17392;https://www.drogariaveracruz.com.br/atlansil-100mg-20-comprimidos/p
VeraCruz;7896658001741;Novocilin 250mg/5ml Caixa Contendo 1 Frasco Com Pó Para Suspensão de Uso Oral + 1 Seringa Dosadora (Capacidade Do Frasco de 150ml);Disponível;0;0;0;0;0;Antibióticos;23850;https://www.drogariaveracruz.com.br/novocilin-250mg5ml-caixa-contendo-1-frasco-com-po-para-suspensao-de-uso-oral-1-seringa-dosadora-capacidade-do-frasco-de-150ml/p
VeraCruz;7898962943793;Luftagastro Dupla Ação 50mg/Ml Menta Sachê 10ml;Disponível;4,79;4,55;-5.0%;4,79;-0.0%;Digestão > Azia e Má Digestão;26815;https://www.drogariaveracruz.com.br/luftagastro-dupla-acao-50mgml-menta-sache-10ml/p
VeraCruz;7898040328078;Fumasil 60 Comprimidos Orodispersíveis;Disponível;73,90;64,59;-12.6%;67,99;-8.0%;Antitabagismo > Pastilhas Mastigáveis e Comprimidos;18515;https://www.drogariaveracruz.com.br/fumasil-60-comprimidos-orodispersiveis/p
VeraCruz;7898075317962;Fexx 120mg Cimed 10 Comprimidos Revestidos;Disponível;59,08;56,13;-5.0%;59,08;-0.0%;Alergias;18923;https://www.drogariaveracruz.com.br/fexx-120mg-cimed-10-comprimidos-revestidos/p
VeraCruz;-;Digeliv 400GaIU 30 comprimidos mastigáveis;Disponível;0;0;0;0;0;Digestão > Azia e Má Digestão;;https://www.drogariaveracruz.com.br/digeliv-400gaiu-30-comprimidos-mastigaveis/p
VeraCruz;7896641813634;JUNEVE 50MG C/28 CPS GEL A3;Disponível;0;0;0;0;0;Psicotrópicos;24762;https://www.drogariaveracruz.com.br/juneve-50mg-c28-cps-gel-a3/p
VeraCruz;7896230302068;Mel Rosado ADV 30ml;Disponível;14,80;11,81;-20.2%;12,43;-16.0%;Pele e Mucosa;11821;https://www.drogariaveracruz.com.br/mel-rosado-adv-30ml/p
VeraCruz;7894916515795;Vynaxa 15mg 28 Comprimidos Revestidos;Disponível;0;0;0;0;0;Sistema Circulatório > Circulação;14734;https://www.drogariaveracruz.com.br/vynaxa-15mg-28-comprimidos-revestidos/p
VeraCruz;7896658000805;Colpotrofine 10mg 20 Cápsulas Gelatinosas Moles;Disponível;60,81;53,15;-12.6%;55,95;-8.0%;Antibióticos;24402;https://www.drogariaveracruz.com.br/colpotrofine-10mg-20-capsulas-gelatinosas-moles/p
VeraCruz;7896714274324;Doralgina Dipcaf 10 comprimidos;Disponível;0;0;0;0;0;Dor e Febre > Analgésico;19798;https://www.drogariaveracruz.com.br/doralgina-dipcaf-10-comprimidos/p
VeraCruz;7898037080941;Influenzinum AP C/60 Cpr;Disponível;61,50;58,43;-5.0%;61,50;-0.0%;Sistema Respiratório > Antigripais;25260;https://www.drogariaveracruz.com.br/influenzinum-ap-c60-cpr/p
VeraCruz;7896112147640;Aerodine 100mcg Teuto Aerossol 200 doses + adaptador;Disponível;53,67;22,71;-57.7%;23,90;-55.5%;Sistema Respiratório > Asma;10442;https://www.drogariaveracruz.com.br/aerodine-100mcg-teuto-aerossol-200-doses-adaptador/p
VeraCruz;7500435171106;Teste de Gravidez Clearblue Plus;Disponível;26,50;19,89;-24.9%;20,94;-21.0%;Saúde Feminina > Teste de Gravidez;18106;https://www.drogariaveracruz.com.br/teste-de-gravidez-clearblue-plus/p
VeraCruz;7896261001671;Sandimmun Neoral 50mg Novartis 50 Cápsulas;Disponível;468,14;355,78;-24.0%;124,84;-73.3%;Oncológicos e Alto Custo;25861;https://www.drogariaveracruz.com.br/sandimmun-neoral-50mg-novartis-50-capsulas/p
VeraCruz;7896637022439;Oto-Xilodase Gotas 8ml;Disponível;27,65;24,96;-9.7%;26,27;-5.0%;Ouvido;12388;https://www.drogariaveracruz.com.br/oto-xilodase-gotas-8ml/p
VeraCruz;7896241296523;Vonau Flash 4mg Biolab 10 comprimidos de desintegração oral;Disponível;49,45;34,76;-29.7%;36,59;-26.0%;Digestão > Náuseas;11224;https://www.drogariaveracruz.com.br/vonau-flash-4mg-biolab-10-comprimidos-de-desintegracao-oral/p
VeraCruz;7891317432461;Musculare 5mg 30 comprimidos;Disponível;0;0;0;0;0;Dor e Febre > Contusão e Relaxante Muscular;11899;https://www.drogariaveracruz.com.br/musculare-5mg-30-comprimidos/p
VeraCruz;7896512901392;Supositório de Glicerina Granado Adulto 12un;Disponível;31,90;25,76;-19.2%;27,12;-15.0%;Digestão > Laxantes e Reguladores Intestinais;17955;https://www.drogariaveracruz.com.br/supositorio-de-glicerina-granado-adulto-12un/p
VeraCruz;7894916510288;Niki 3mg + 0,02mg 72 comprimidos revestidos;Disponível;119,03;113,08;-5.0%;59,52;-50.0%;Saúde Feminina > Anticoncepcionais;11945;https://www.drogariaveracruz.com.br/niki-3mg-002mg-72-comprimidos-revestidos/p
VeraCruz;7891106912471;Flanax 550mg 2 comprimidos revestidos;Disponível;7,80;7,41;-5.0%;7,80;-0.0%;Dor e Febre > Analgésico;11419;https://www.drogariaveracruz.com.br/flanax-550mg-2-comprimidos-revestidos/p
VeraCruz;7896212429745;Motilium 10mg 60 comprimidos;Disponível;71,49;60,45;-15.4%;63,63;-11.0%;Digestão > Náuseas;11869;https://www.drogariaveracruz.com.br/motilium-10mg-60-comprimidos/p
VeraCruz;7897337716482;HETORI - 90mg, 7 comprimidos revestidos;Disponível;85,70;61,87;-27.8%;65,13;-24.0%;Psicotrópicos;24228;https://www.drogariaveracruz.com.br/hetori-90mg-7-comprimidos-revestidos/p
VeraCruz;7896112402275;Gel Hidratante Intravaginal Provagin 30g;Disponível;104,95;99,70;-5.0%;52,48;-50.0%;Saúde Feminina > Creme e óvulos vaginais;19613;https://www.drogariaveracruz.com.br/gel-hidratante-intravaginal-provagin-30g/p
VeraCruz;7898040323769;Dolamin 250mg 12 comprimidos revestidos;Disponível;52,36;43,27;-17.4%;45,55;-13.0%;Dor e Febre > Analgésico;22988;https://www.drogariaveracruz.com.br/dolamin-250mg-12-comprimidos-revestidos/p
VeraCruz;7891721022579;Glifage XR 1g 30 comprimidos de liberação prolongada;Disponível;57,50;43,70;-24.0%;46,00;-20.0%;Diabetes;12656;https://www.drogariaveracruz.com.br/glifage-xr-1g-30-comprimidos-de-liberacao-prolongada/p
VeraCruz;7891142177056;Predsim 20mg 10 comprimidos;Disponível;40,42;33,79;-16.4%;35,57;-12.0%;Dor e Febre > Anti-Inflamatórios;10660;https://www.drogariaveracruz.com.br/predsim-20mg-10-comprimidos/p
VeraCruz;7896112427407;Suplemento Alimentar Doss 1.000UI Vitamina D3 180 cápsulas gelatinosas moles;Disponível;0;0;0;0;0;Vitaminas;13051;https://www.drogariaveracruz.com.br/suplemento-alimentar-doss-1000ui-vitamina-d3-180-capsulas-gelatinosas-moles/p
VeraCruz;7896641810770;ROZEREM 8MG C/30 CPR;Disponível;0;0;0;0;0;Psicotrópicos;25066;https://www.drogariaveracruz.com.br/rozerem-8mg-c30-cpr/p
VeraCruz;7896523227269;Vitamina D Cimed 7.000UI 4 Cápsulas Moles;Disponível;0;0;0;0;0;Vitaminas;18928;https://www.drogariaveracruz.com.br/vitamina-d-cimed-7000ui-4-capsulas-moles/p
VeraCruz;7896006248316;Histadin D 5mg + 120mg 12 comprimidos revestidos;Disponível;58,55;47,28;-19.2%;49,77;-15.0%;Alergias;15806;https://www.drogariaveracruz.com.br/histadin-d-5mg-120mg-12-comprimidos-revestidos/p
VeraCruz;7891721028946;CITONEURIN - 100mg/mL + 100mg/mL + 1000mcg/mL, 1 ampola com 1mL de solução de uso intramuscular + 1 ampola com 1mL de diluente;Disponível;0;0;0;0;0;Dor e Febre > Anti-Inflamatórios;11586;https://www.drogariaveracruz.com.br/citoneurin-100mgml-100mgml-1000mcgml-1-ampola-com-1ml-de-solucao-de-uso-intramuscular-1-ampola-com-1ml-de-diluente/p
VeraCruz;7898560664137;Dymista 137mcg + 50mcg/dose Spray Com 23g De Suspensão Para Inalação;Disponível;156,35;129,22;-17.4%;68,01;-56.5%;Alergias;10113;https://www.drogariaveracruz.com.br/dymista-137mcg-50mcgdose-spray-com-23g-de-suspensao-para-inalacao/p
VeraCruz;7899640808670;Percoide 40mg 7 comprimidos;Disponível;0;0;0;0;0;Sistema Imunológico;14565;https://www.drogariaveracruz.com.br/percoide-40mg-7-comprimidos/p
VeraCruz;7896658050015;Flogoral Spray Imune Mel e Limão Suspensão 30ml;Disponível;35,90;34,11;-5.0%;35,90;-0.0%;Dor e Febre > Dor de Garganta;26362;https://www.drogariaveracruz.com.br/flogoral-spray-imune-mel-e-limao-suspensao-30ml/p
VeraCruz;7896658008887;Levoid 150mcg 30 comprimidos;Disponível;29,45;23,50;-20.2%;24,74;-16.0%;Hormônios;17862;https://www.drogariaveracruz.com.br/levoid-150mcg-30-comprimidos/p
VeraCruz;5702191007985;Verutex 20mg/G 1 Bisnaga Com 15G de Creme de Uso dermatológico;Disponível;86,65;71,62;-17.3%;75,39;-13.0%;Antibióticos;23320;https://www.drogariaveracruz.com.br/verutex-20mgg-1-bisnaga-com-15g-de-creme-de-uso-dermatologico/p
VeraCruz;7896641812699;Amitiza 24mcg 30 cápsulas moles;Disponível;0;0;0;0;0;Digestão > Laxantes e Reguladores Intestinais;19080;https://www.drogariaveracruz.com.br/amitiza-24mcg-30-capsulas-moles/p
VeraCruz;7896658005312;Flogoral 5mg/g Creme Dental Sabor Menta 70g;Disponível;41,37;35,37;-14.5%;37,23;-10.0%;Dor e Febre > Dor de Garganta;18223;https://www.drogariaveracruz.com.br/flogoral-5mgg-creme-dental-sabor-menta-70g/p
VeraCruz;8902220116214;Neblock 5mg 60 comprimidos;Disponível;109,22;76,78;-29.7%;80,82;-26.0%;Pressão Alta > Anti-Hipertensivo;19168;https://www.drogariaveracruz.com.br/neblock-5mg-60-comprimidos/p
VeraCruz;7896004729381;Hormoskin 40mg/g + 0,5mg/g + 0,1mg/g Creme Dermatológico 30g;Disponível;180,86;161,51;-10.7%;56,67;-68.7%;Pele e Mucosa;15813;https://www.drogariaveracruz.com.br/hormoskin-40mgg-05mgg-01mgg-creme-dermatologico-30g/p
VeraCruz;7896658016691;Bravan 320mg 30 comprimidos revestidos;Disponível;63,81;60,62;-5.0%;63,81;-0.0%;Pressão Alta > Anti-Hipertensivo;10501;https://www.drogariaveracruz.com.br/bravan-320mg-30-comprimidos-revestidos/p
VeraCruz;7896658004391;Artrolive 500mg + 400mg 90 cápsulas;Disponível;345,69;328,41;-5.0%;115,23;-66.7%;Para os Ossos > Artrite e Artrose;18090;https://www.drogariaveracruz.com.br/artrolive-500mg-400mg-90-capsulas/p
VeraCruz;7896641813641;Venvanse 70Mg C/28 Cps Gel;Disponível;593,46;456,67;-23.0%;160,23;-73.0%;Psicotrópicos;24761;https://www.drogariaveracruz.com.br/venvanse-70mg-c28-cps-gel/p
VeraCruz;7898040322205;Reduclim 2,5mg 35 comprimidos;Disponível;0;0;0;0;0;Hormônios;12886;https://www.drogariaveracruz.com.br/reduclim-25mg-35-comprimidos/p
VeraCruz;7891317029302;ANTARA 250MG C/30CPR;Disponível;0;0;0;0;0;Psicotrópicos;24718;https://www.drogariaveracruz.com.br/antara-250mg-c30cpr/p
VeraCruz;7897337713382;Pérola 75mcg 28 comprimidos revestidos;Disponível;0;0;0;0;0;Saúde Feminina > Anticoncepcionais;15942;https://www.drogariaveracruz.com.br/perola-75mcg-28-comprimidos-revestidos/p
VeraCruz;7891106003230;Gino Canesten 3 Dias 100mg/5g Creme Vaginal 20g + 3 aplicador;Disponível;94,98;79,40;-16.4%;83,58;-12.0%;Saúde Feminina > Creme e óvulos vaginais;12636;https://www.drogariaveracruz.com.br/gino-canesten-3-dias-100mg5g-creme-vaginal-20g-3-aplicador/p
VeraCruz;7896382709135;Mounjaro Tirzepatida 5mg Solução Injetável 0,5ml + 4 Canetas Aplicadoras;Disponível;2384,34;2265,12;-5.0%;794,78;-66.7%;Diabetes;26248;https://www.drogariaveracruz.com.br/mounjaro-tirzepatida-5mg-solucao-injetavel-05ml-4-canetas-aplicadoras/p
VeraCruz;7896658038259;Nienza 3,125mg 30 comprimidos;Disponível;0;0;0;0;0;Pressão Alta > Anti-Hipertensivo;14561;https://www.drogariaveracruz.com.br/nienza-3125mg-30-comprimidos/p
VeraCruz;7896676402568;Kollagenase Com Cloranfenicol 10mg + 06Ui/G 1 Bisnaga Com 15G de Pomada de Uso dermatológico + Espátula Plástica;Disponível;38,43;32,49;-15.5%;34,20;-11.0%;Antibióticos;23948;https://www.drogariaveracruz.com.br/kollagenase-com-cloranfenicol-10mg-06uig-1-bisnaga-com-15g-de-pomada-de-uso-dermatologico-espatula-plastica/p
VeraCruz;7896112432401;Pressat 2,5mg 30 comprimidos;Disponível;42,32;32,57;-23.0%;34,28;-19.0%;Pressão Alta > Anti-Hipertensivo;10676;https://www.drogariaveracruz.com.br/pressat-25mg-30-comprimidos/p
VeraCruz;8903855076058;SERENATA 50MG C/60 CPR;Disponível;0;0;0;0;0;Psicotrópicos;25008;https://www.drogariaveracruz.com.br/serenata-50mg-c60-cpr/p
VeraCruz;5702191027068;Fucidin 20% Pomada Dermatológica 15g;Disponível;86,65;82,32;-5.0%;86,65;-0.0%;Antibióticos;27179;https://www.drogariaveracruz.com.br/fucidin-20-pomada-dermatologica-15g/p
VeraCruz;7896180300152;MaxifloxD 35mg/ml + 1mg/ml 1 Frasco Gotejador Com 5ml de Suspensão de Uso Oftalmológico;Disponível;46,62;37,65;-19.2%;39,63;-15.0%;Antibióticos;23364;https://www.drogariaveracruz.com.br/maxiflox-d-35mgml-1mgml-1-frasco-gotejador-com-5ml-de-suspensao-de-uso-oftalmologico/p
VeraCruz;7896637023139;FLANCOX - 300mg, 30 comprimidos revestidos;Disponível;0;0;0;0;0;Dor e Febre > Anti-Inflamatórios;11421;https://www.drogariaveracruz.com.br/flancox-300mg-30-comprimidos-revestidos/p
VeraCruz;7891317013608;CARBOLITIUM 300 MG C/60 CPR;Disponível;61,46;46,71;-24.0%;49,17;-20.0%;Psicotrópicos;24930;https://www.drogariaveracruz.com.br/carbolitium-300-mg-c60-cpr/p
VeraCruz;7891058022792;Dorflex Uno 1g 10 comprimidos efervescente;Disponível;31,43;27,17;-13.6%;28,60;-9.0%;Dor e Febre > Enxaqueca;18569;https://www.drogariaveracruz.com.br/analgesico-dorflex-uno-1g-10-comprimidos-efervescente/p
VeraCruz;7891317412708;Astro 500Mg 3 Comprimidos;Disponível;26,05;20,54;-21.2%;21,62;-17.0%;Antibióticos;23895;https://www.drogariaveracruz.com.br/astro-500mg-3-comprimidos/p
VeraCruz;7896004801216;Cystex 24 drágeas;Disponível;38,90;36,96;-5.0%;38,90;-0.0%;Saúde Masculina > Distúrbios Urinários;12575;https://www.drogariaveracruz.com.br/cystex-24-drageas/p
VeraCruz;7898040325664;PREFISS 75MG CPS GEL C/30;Disponível;0;0;0;0;0;Psicotrópicos;24590;https://www.drogariaveracruz.com.br/prefiss-75mg-cps-gel-c30/p
VeraCruz;7897705203224;Novolin R 100UI/ml 1 ampola com 10ml;Disponível;67,36;63,99;-5.0%;67,36;-0.0%;Diabetes;15397;https://www.drogariaveracruz.com.br/novolin-r-100uiml-1-ampola-com-10ml/p
VeraCruz;7590002023228;Xarope Vick 44E 120ml;Disponível;45,23;39,53;-12.6%;41,61;-8.0%;Sistema Respiratório > Tosse;17981;https://www.drogariaveracruz.com.br/xarope-vick-44e-120ml/p
VeraCruz;7891268148923;OLMETEC ANLO - 20mg + 5mg, 30 comprimidos revestidos;Disponível;0;0;0;0;0;Pressão Alta > Anti-Hipertensivo;12406;https://www.drogariaveracruz.com.br/olmetec-anlo-20mg-5mg-30-comprimidos-revestidos/p
VeraCruz;7896094901582;Gelol Pomada 20g;Disponível;29,78;23,48;-21.2%;24,72;-17.0%;Dor e Febre > Contusão e Relaxante Muscular;12256;https://www.drogariaveracruz.com.br/analgesico-pomada-gelol-20g/p
VeraCruz;7896083400027;Alcachofra 300mg Herbarium 45 Cápsulas Duras;Disponível;0;0;0;0;0;Digestão > Azia e Má Digestão;10862;https://www.drogariaveracruz.com.br/alcachofra-300mg-herbarium-45-capsulas-duras/p
VeraCruz;7891268100211;Aldactone 25mg 30 comprimidos;Disponível;0;0;0;0;0;Pressão Alta > Diuréticos;10864;https://www.drogariaveracruz.com.br/aldactone-25mg-30-comprimidos/p
VeraCruz;7898040324391;Gel Hidratante Kelo Cote UV FPS30 15g;Disponível;0;0;0;0;0;Pele e Mucosa;15632;https://www.drogariaveracruz.com.br/gel-hidratante-kelo-cote-uv-fps30-15g/p
VeraCruz;7896672201882;Bamifix 600mg 20 drágeas;Disponível;73,02;60,35;-17.4%;63,53;-13.0%;Sistema Respiratório > DPOC;10490;https://www.drogariaveracruz.com.br/bamifix-600mg-20-drageas/p
VeraCruz;7891317031275;20 Bi Probiótico 10 Cápsulas;Disponível;118,90;90,36;-24.0%;95,12;-20.0%;Digestão > Laxantes e Reguladores Intestinais;10358;https://www.drogariaveracruz.com.br/probiotico-20-bi-10-capsulas-com-335mg/p
VeraCruz;7896714274317;Doralgina Dipcaf 4 comprimidos;Disponível;0;0;0;0;0;Dor e Febre > Analgésico;19799;https://www.drogariaveracruz.com.br/doralgina-dipcaf-4-comprimidos/p
VeraCruz;7896094925878;Lavagem Nasal Rinosoro Alto Volume 30 sachês + frasco aplicador;Disponível;95,63;66,41;-30.6%;69,90;-26.9%;Sistema Respiratório > Descongestionantes;14837;https://www.drogariaveracruz.com.br/lavagem-nasal-rinosoro-alto-volume-30-saches-frasco-aplicador/p
VeraCruz;7896676406177;DIMORF 10MG C/50 CPS;Disponível;58,93;44,78;-24.0%;47,14;-20.0%;Psicotrópicos;24747;https://www.drogariaveracruz.com.br/dimorf-10mg-c50-cps/p
VeraCruz;7891721023422;Flexive CDM Creme 25g;Disponível;56,58;48,92;-13.5%;51,49;-9.0%;Dor e Febre > Anti-Inflamatórios;11431;https://www.drogariaveracruz.com.br/flexive-cdm-creme-25g/p
VeraCruz;7898133137334;Hidraplex Natulab Sabor Guaraná 04 envelopes;Disponível;22,90;14,35;-37.3%;15,11;-34.0%;Digestão > Laxantes e Reguladores Intestinais;21886;https://www.drogariaveracruz.com.br/hidraplex-natulab-sabor-guarana-04-envelopes/p
VeraCruz;7896009498251;AdviPro 11,6mg Aerossol 85ml;Disponível;0;0;0;0;0;Dor e Febre > Contusão e Relaxante Muscular;20774;https://www.drogariaveracruz.com.br/advipro-116mg-aerosol-85ml/p
VeraCruz;7896658027703;Kalist 2mg 28 Comprimidos;Disponível;66,70;63,37;-5.0%;66,70;-0.0%;Hormônios;11788;https://www.drogariaveracruz.com.br/kalist-2mg-28-comprimidos/p
VeraCruz;7896658003523;Decadron 0,75mg 20 comprimidos;Disponível;15,50;12,82;-17.3%;13,49;-13.0%;Dor e Febre > Anti-Inflamatórios;12602;https://www.drogariaveracruz.com.br/decadron-075mg-20-comprimidos/p
VeraCruz;7896714265933;Neolefrin Neo Química 20 comprimidos;Disponível;19,97;12,89;-35.5%;13,57;-32.0%;Sistema Respiratório > Antigripais;11912;https://www.drogariaveracruz.com.br/neolefrin-neo-quimica-20-comprimidos/p
VeraCruz;7896094201644;Pozato Uni 1,5mg 1 comprimido revestido;Disponível;37,96;29,21;-23.1%;30,75;-19.0%;Saúde Feminina > Pílula Do Dia Seguinte;19107;https://www.drogariaveracruz.com.br/pozato-uni-15mg-1-comprimido-revestido/p
VeraCruz;7896261005723;Analgésico CataflamPRO Aerossol 85ml;Disponível;56,57;44,60;-21.2%;46,95;-17.0%;Dor e Febre > Anti-Inflamatórios;17754;https://www.drogariaveracruz.com.br/analgesico-cataflampro-aerossol-85ml/p
VeraCruz;7896676436129;IMIPRA 25MG C/20 CPR;Disponível;0;0;0;0;0;Psicotrópicos;25064;https://www.drogariaveracruz.com.br/imipra-25mg-c20-cpr/p
VeraCruz;7891058060336;RIFALDIN 300MG C/6 CPS;Disponível;0;0;0;0;0;Psicotrópicos;24899;https://www.drogariaveracruz.com.br/rifaldin-300mg-c6-cps/p
VeraCruz;7908236800667;FRONTAL 1 MG C/30 CPR;Disponível;128,77;96,64;-25.0%;50,87;-60.5%;Psicotrópicos;24480;https://www.drogariaveracruz.com.br/frontal-1-mg-c30-cpr/p
VeraCruz;7896672202872;Clenil HFA 200mcg Spray 200 doses + 1 dispositivo em L para administração oral;Disponível;81,81;64,51;-21.1%;67,90;-17.0%;Sistema Respiratório > Asma;18110;https://www.drogariaveracruz.com.br/clenil-hfa-200mcg-spray-200-doses-1-dispositivo-em-l-para-administracao-oral/p
VeraCruz;7891721000614;Glifage 500mg 30 comprimidos revestidos;Disponível;30,34;23,92;-21.2%;25,18;-17.0%;Diabetes;12651;https://www.drogariaveracruz.com.br/glifage-500mg-30-comprimidos-revestidos/p
VeraCruz;7896112407188;Vonaugasmax 250mg 20 cápsulas moles;Disponível;0;0;0;0;0;Digestão > Antigases;20651;https://www.drogariaveracruz.com.br/vonaugasmax-250mg-20-capsulas-moles/p
VeraCruz;7891317036317;Angino Rub Menta C/4 Pastilhas;Disponível;4,59;4,36;-5.0%;4,59;-0.0%;Dor e Febre > Dor de Garganta;25133;https://www.drogariaveracruz.com.br/angino-rub-menta-c4-pastilhas/p
VeraCruz;7896212420209;RISPERDAL 1 MG C/20 CPR;Disponível;0;0;0;0;0;Psicotrópicos;24837;https://www.drogariaveracruz.com.br/risperdal-1-mg-c20-cpr/p
VeraCruz;7898581710424;RIVOTRIL - 2mg, 30 comprimidos;Disponível;35,34;28,21;-20.2%;29,69;-16.0%;Psicotrópicos;24345;https://www.drogariaveracruz.com.br/rivotril-2mg-30-comprimidos/p
VeraCruz;7896046302047;Liposic Gel Oftálmico Estério 10g;Disponível;57,11;43,41;-24.0%;45,69;-20.0%;Olhos > Lubrificantes e Colírios;12738;https://www.drogariaveracruz.com.br/liposic-gel-oftalmico-esterio-10g/p
VeraCruz;7896094208995;ZETRON XL 150MG C/30 CPR;Disponível;123,36;89,06;-27.8%;93,75;-24.0%;Psicotrópicos;24794;https://www.drogariaveracruz.com.br/zetron-xl-150mg-c30-cpr/p
VeraCruz;7891317010119;Molièri 30 3mg + 0,03mg 21 comprimidos revestidos;Disponível;73,93;55,48;-25.0%;58,40;-21.0%;Saúde Feminina > Anticoncepcionais;16707;https://www.drogariaveracruz.com.br/molieri-30-3mg-003mg-21-comprimidos-revestidos/p
VeraCruz;7891158104008;Vitamina D Sof D 2.000 UI 30 cápsulas gelatinosas moles;Disponível;0;0;0;0;0;Vitaminas;24043;https://www.drogariaveracruz.com.br/vitamina-d-sof-d-2000-ui-30-capsulas-gelatinosas-moles/p
VeraCruz;7896009498534;Caltrate Ca 600mg + D3 200 UI 60 comprimidos revestidos;Disponível;146,75;139,41;-5.0%;73,38;-50.0%;Para os Ossos > Artrite e Artrose;10559;https://www.drogariaveracruz.com.br/caltrate-ca-600mg-d3-200-ui-60-comprimidos-revestidos/p
VeraCruz;7896004726700;Folifolin 5mg EMS 30 comprimidos;Disponível;19,96;14,22;-28.8%;14,97;-25.0%;Sistema Imunológico;11460;https://www.drogariaveracruz.com.br/folifolin-5mg-ems-30-comprimidos/p
VeraCruz;7891317011390;Naire 20mg 15 comprimidos;Disponível;68,24;55,10;-19.3%;58,00;-15.0%;Alergias;20519;https://www.drogariaveracruz.com.br/naire-20mg-15-comprimidos/p
VeraCruz;7896094206366;Naprix 5mg 30 comprimidos;Disponível;85,05;60,60;-28.7%;63,79;-25.0%;Pressão Alta > Anti-Hipertensivo;16721;https://www.drogariaveracruz.com.br/naprix-5mg-30-comprimidos/p
VeraCruz;7891058004347;Allegra Pediátrico 6mg/ml 60ml;Disponível;40,10;34,67;-13.5%;36,49;-9.0%;Alergias;17654;https://www.drogariaveracruz.com.br/antialergico-allegra-pediatrico-6mgml-1-frasco-de-60ml-de-suspensao-de-uso-oral/p
VeraCruz;7898569766603;Suplemento Alimentar Althaia Vitamina D3 7.000UI 4 cápsulas moles;Disponível;0;0;0;0;0;Vitaminas;18399;https://www.drogariaveracruz.com.br/suplemento-alimentar-althaia-vitamina-d3-7000ui-4-capsulas-moles/p
VeraCruz;7891317489533;FLUXENE 20MG C/28 CPS;Disponível;122,19;90,54;-25.9%;95,31;-22.0%;Psicotrópicos;24540;https://www.drogariaveracruz.com.br/fluxene-20mg-c28-cps/p
VeraCruz;7896206406707;SeloZok 25mg 60 comprimidos revestidos de liberação controlada;Disponível;0;0;0;0;0;Pressão Alta > Anti-Hipertensivo;18604;https://www.drogariaveracruz.com.br/selozok-25mg-60-comprimidos-revestidos-de-liberacao-controlada/p
VeraCruz;7896004734552;MODIK - 50mg/g, 6 sachês com 250mg de creme de uso dermatológico;Disponível;152,79;126,28;-17.4%;66,47;-56.5%;Pele e Mucosa;25514;https://www.drogariaveracruz.com.br/modik-50mgg-6-saches-com-250mg-de-creme-de-uso-dermatologico/p
VeraCruz;7896422505895;FACYL 500 - 500mg, 8 comprimidos revestidos;Disponível;0;0;0;0;0;Vermes e Parasitas;15282;https://www.drogariaveracruz.com.br/facyl-500-500mg-8-comprimidos-revestidos/p
VeraCruz;7896714294315;Probiótico Neogermina 2BI Sem Sabor 10 Unidades de 5ml;Disponível;48,00;41,04;-14.5%;43,20;-10.0%;Digestão > Laxantes e Reguladores Intestinais;25278;https://www.drogariaveracruz.com.br/probiotico-neogermina-2bi-sem-sabor-10-unidades-de-5ml/p
VeraCruz;7896523227337;Vitamina D Cimed 50.000UI 4 Cápsulas Moles;Disponível;0;0;0;0;0;Vitaminas;18930;https://www.drogariaveracruz.com.br/vitamina-d-cimed-50000ui-4-capsulas-moles/p
VeraCruz;7898244720852;Motix FQM 50 Comprimidos;Disponível;0;0;0;0;0;Dor e Febre > Analgésico;15681;https://www.drogariaveracruz.com.br/motix-fqm-50-comprimidos/p
VeraCruz;7891317123543;Ésio 20mg 28 comprimidos revestidos;Disponível;97,41;75,89;-22.1%;79,88;-18.0%;Digestão > Úlcera e Gastrite;17085;https://www.drogariaveracruz.com.br/esio-20mg-28-comprimidos-revestidos/p
VeraCruz;7897947601734;Cimegripe Muc 600mg + 1g 10 comprimidos efervescentes;Disponível;15,25;22,33;-0.0%;23,50;-0.0%;Sistema Respiratório > Expectorante;20874;https://www.drogariaveracruz.com.br/cimegripe-muc-600mg-1g-10-comprimidos-efervescentes/p
VeraCruz;7896714231143;Neosoro 0,5mg/ml 30ml;Disponível;12,14;4,62;-61.9%;4,86;-60.0%;Sistema Respiratório > Descongestionantes;11932;https://www.drogariaveracruz.com.br/neosoro-05mgml-30ml/p
VeraCruz;7896658016844;REVANGE - 37,5mg + 325mg, caixa contendo 20 comprimidos revestidos;Disponível;58,38;50,47;-13.5%;53,13;-9.0%;Psicotrópicos;24245;https://www.drogariaveracruz.com.br/revange-375mg-325mg-caixa-contendo-20-comprimidos-revestidos/p
VeraCruz;7896206403645;Crestor 5mg 30 comprimidos revestidos;Disponível;120,67;114,64;-5.0%;60,34;-50.0%;Colesterol e Triglicerídeos;10345;https://www.drogariaveracruz.com.br/crestor-5mg-30-comprimidos-revestidos/p
VeraCruz;7896658001765;Antux Gotas 20ml;Disponível;61,87;51,14;-17.3%;53,83;-13.0%;Sistema Respiratório > Tosse;18058;https://www.drogariaveracruz.com.br/antux-30mgml-1-frasco-gotejador-com-20ml-de-solucao-de-uso-oral/p
VeraCruz;7896641804380;Kaloba 825mg/ml Gotas 20ml;Disponível;105,13;85,89;-18.3%;90,41;-14.0%;Sistema Respiratório > Expectorante;11789;https://www.drogariaveracruz.com.br/kaloba-825mgml-gotas-20ml/p
VeraCruz;7896112400073;Doss 3.000UI Vitamina D3 30 cápsulas gelatinosas moles;Disponível;74,55;51,70;-30.7%;54,42;-27.0%;Vitaminas;19105;https://www.drogariaveracruz.com.br/suplemento-alimentar-doss-3000ui-vitamina-d3-30-capsulas-gelatinosas-moles/p
VeraCruz;7897316800300;Pred Fort 10mg/ml 5ml;Disponível;57,23;54,37;-5.0%;57,23;-0.0%;Olhos > Lubrificantes e Colírios;22687;https://www.drogariaveracruz.com.br/pred-fort-10mgml-5ml/p
VeraCruz;7898037080880;Cistitemed Almeida Prado 60 comprimidos;Disponível;42,90;34,24;-20.2%;36,04;-16.0%;Saúde Feminina > Medicamentos Urinários;22848;https://www.drogariaveracruz.com.br/cistitemed-almeida-prado-60-comprimidos/p
VeraCruz;8902220114937;Neblock 5mg 30 comprimidos;Disponível;0;0;0;0;0;Pressão Alta > Anti-Hipertensivo;11910;https://www.drogariaveracruz.com.br/neblock-5mg-30-comprimidos/p
VeraCruz;7898096577031;Deocil SL 10mg 10 comprimidos sublinguais;Disponível;42,10;33,19;-21.2%;34,94;-17.0%;Dor e Febre > Anti-Inflamatórios;16586;https://www.drogariaveracruz.com.br/deocil-sl-10mg-10-comprimidos-sublinguais/p
VeraCruz;7894916325882;Repoflor 250mg 6 cápsulas duras;Disponível;45,88;30,08;-34.4%;31,66;-31.0%;Digestão > Diarréia;23694;https://www.drogariaveracruz.com.br/repoflor-250mg-6-capsulas-duras/p
VeraCruz;7891142156235;Fluir 12mcg 60 cápsulas de pó para inalação;Disponível;0;0;0;0;0;Sistema Respiratório > Asma;11452;https://www.drogariaveracruz.com.br/fluir-12mcg-60-capsulas-de-po-para-inalacao/p
VeraCruz;7896261005747;TEGRETOL CR 400 MG C/60 CPR;Disponível;0;0;0;0;0;Psicotrópicos;24547;https://www.drogariaveracruz.com.br/tegretol-cr-400-mg-c60-cpr/p
VeraCruz;7896004702322;Pastilhas Endcoff Sabor Mel e Limão 12un;Disponível;19,90;18,91;-5.0%;19,90;-0.0%;Dor e Febre > Dor de Garganta;10591;https://www.drogariaveracruz.com.br/pastilhas-endcoff-sabor-mel-e-limao-12un/p
VeraCruz;7896685300626;Gamax 980mg 15 cápsulas;Disponível;0;0;0;0;0;Hormônios;16208;https://www.drogariaveracruz.com.br/gamax-980mg-15-capsulas/p
VeraCruz;7896070601710;Profenid 100mg 10 supositórios;Disponível;0;0;0;0;0;Dor e Febre > Anti-Inflamatórios;10702;https://www.drogariaveracruz.com.br/profenid-100mg-10-supositorios/p
VeraCruz;7896523216447;Pastilha Ciflogex Sabor Menta e Limão 12un;Disponível;22,63;18,28;-19.2%;19,24;-15.0%;Dor e Febre > Dor de Garganta;15219;https://www.drogariaveracruz.com.br/pastilha-ciflogex-sabor-menta-e-limao-12un/p
VeraCruz;7500435153072;Xarope Vick Pediátrico 120ml;Disponível;45,23;39,10;-13.6%;41,16;-9.0%;Sistema Respiratório > Tosse;14284;https://www.drogariaveracruz.com.br/xarope-vick-pediatrico-120ml/p
VeraCruz;7899337000530;Protopic 1mg/g Pomada 10g;Disponível;0;0;0;0;0;Alergias;12864;https://www.drogariaveracruz.com.br/protopic-1mgg-pomada-10g/p
VeraCruz;7899337000424;Omnic Ocas 0,4mg 60 comprimidos de liberação prolongada;Disponível;233,11;179,38;-23.0%;62,94;-73.0%;Saúde Masculina > Próstata;16359;https://www.drogariaveracruz.com.br/omnic-ocas-04mg-60-comprimidos-de-liberacao-prolongada/p
VeraCruz;7896227800867;Salonpas Adesivos Grande 4 unidades;Disponível;0;0;0;0;0;Dor e Febre > Anti-Inflamatórios;14161;https://www.drogariaveracruz.com.br/adesivos-salonpas-grande-4un/p
VeraCruz;7896658026577;Dorilax DT 450mg 4 comprimidos;Disponível;0;0;0;0;0;Dor e Febre > Analgésico;19056;https://www.drogariaveracruz.com.br/dorilax-dt-450mg-4-comprimidos/p
VeraCruz;7896714218267;Torsilax Neo Química 12 comprimidos;Disponível;17,99;9,40;-47.7%;9,89;-45.0%;Dor e Febre > Anti-Inflamatórios;16975;https://www.drogariaveracruz.com.br/torsilax-neo-quimica-12-comprimidos/p
VeraCruz;7897411610668;BENICAR HCT - 20 + 12,5mg, 30 comprimidos revestidos;Disponível;95,29;67,90;-28.7%;71,47;-25.0%;Pressão Alta > Anti-Hipertensivo;17718;https://www.drogariaveracruz.com.br/benicar-hct-20-125mg-30-comprimidos-revestidos/p
VeraCruz;7891058002008;Profenid 20mg/ml Sabor Morango 20ml;Disponível;45,54;38,50;-15.5%;40,53;-11.0%;Dor e Febre > Anti-Inflamatórios;10704;https://www.drogariaveracruz.com.br/profenid-20mgml-sabor-morango-20ml/p
VeraCruz;7898037080217;Complexo Homeopático Almeida Prado N 21 60 Comprimidos;Disponível;28,90;26,09;-9.7%;27,46;-5.0%;Sistema Circulatório > Varizes;22116;https://www.drogariaveracruz.com.br/complexo-homeopatico-almeida-prado-n-21-60-comprimidos/p
VeraCruz;-;Hidraplex Natulab Sabor Tutti-Frutti 4 envelopes;Disponível;22,90;14,35;-37.3%;15,11;-34.0%;Digestão > Laxantes e Reguladores Intestinais;;https://www.drogariaveracruz.com.br/hidraplex-natulab-sabor-tutti-frutti-4-envelopes/p
VeraCruz;7896714274287;Doralgina Dipcaf 16 comprimidos;Disponível;0;0;0;0;0;Dor e Febre > Analgésico;14847;https://www.drogariaveracruz.com.br/doralgina-dipcaf-16-comprimidos/p
VeraCruz;7897930760486;Clob - X 0,5mg/g Creme Dermatológico 30g;Disponível;53,15;43,42;-18.3%;45,71;-14.0%;Alergias;11319;https://www.drogariaveracruz.com.br/clob-x-05mgg-creme-dermatologico-30g/p
VeraCruz;7896658028496;Steaton Silimarina 200mg 30 cápsulas;Disponível;0;0;0;0;0;Digestão > Azia e Má Digestão;25414;https://www.drogariaveracruz.com.br/steaton-silimarina-200mg-30-capsulas/p
VeraCruz;7896015513313;Zentel 400mg 1 comprimido mastigável;Disponível;0;0;0;0;0;Vermes e Parasitas;18028;https://www.drogariaveracruz.com.br/zentel-400mg-1-comprimido-mastigavel/p
VeraCruz;7896714230122;HECLIVIR - 50mg/g, 1 bisnaga com 10g de creme de uso dermatológico;Disponível;0;0;0;0;0;Sistema Imunológico;12672;https://www.drogariaveracruz.com.br/heclivir-50mgg-1-bisnaga-com-10g-de-creme-de-uso-dermatologico/p
VeraCruz;7898714760449;Acetilcisteína 600mg + Imuno Katiguá 16 cápsulas;Disponível;0;0;0;0;0;Alergias;20156;https://www.drogariaveracruz.com.br/acetilcisteina-600mg-imuno-katigua-16-capsulas/p
VeraCruz;7896094200494;VEROTINA 20 MG C/28 CPR;Disponível;0;0;0;0;0;Psicotrópicos;24513;https://www.drogariaveracruz.com.br/verotina-20-mg-c28-cpr/p
VeraCruz;7896255766074;PEDIALYTE 60 ZINCO - Frasco com 500mL de solução de uso oral sabor uva;Disponível;0;0;0;0;0;Digestão > Laxantes e Reguladores Intestinais;15934;https://www.drogariaveracruz.com.br/pedialyte-60-zinco-frasco-com-500ml-de-solucao-de-uso-oral-sabor-uva/p
VeraCruz;7896094922334;Eparema Sabor Hortelã 10ml;Disponível;5,26;4,09;-22.2%;4,31;-18.1%;Digestão > Azia e Má Digestão;21257;https://www.drogariaveracruz.com.br/eparema-tradicional-sabor-hortela-10ml/p
VeraCruz;7896637023115;Meclin 25mg 15 comprimidos;Disponível;29,65;23,94;-19.3%;25,20;-15.0%;Digestão > Náuseas;16295;https://www.drogariaveracruz.com.br/meclin-25mg-15-comprimidos/p
VeraCruz;7896230304338;Bicarbonato de Sódio ADV 10 Sachês de 2,5g cada;Disponível;7,50;5,99;-20.1%;6,30;-16.0%;Digestão > Azia e Má Digestão;13028;https://www.drogariaveracruz.com.br/bicarbonato-de-sodio-adv-10-saches-de-25g-cada/p
VeraCruz;7896862993269;MELLERIL 100MG C/20 DRAGEAS;Disponível;0;0;0;0;0;Psicotrópicos;24534;https://www.drogariaveracruz.com.br/melleril-100mg-c20-drageas/p
VeraCruz;7894916503037;CLO 25 MG C/20 CPR;Disponível;0;0;0;0;0;Psicotrópicos;24523;https://www.drogariaveracruz.com.br/clo-25-mg-c20-cpr/p
VeraCruz;7891721014987;Euthyrox 112mcg 50 comprimidos;Disponível;56,85;41,05;-27.8%;43,21;-24.0%;Hormônios;11640;https://www.drogariaveracruz.com.br/euthyrox-112mcg-50-comprimidos/p
VeraCruz;7896672201875;Bamifix 300mg 20 drágeas;Disponível;45,76;36,96;-19.2%;38,90;-15.0%;Sistema Respiratório > DPOC;10489;https://www.drogariaveracruz.com.br/bamifix-300mg-20-drageas/p
VeraCruz;7896181915072;Lotar 5mg + 50mg 30 cápsulas;Disponível;88,06;68,60;-22.1%;72,21;-18.0%;Pressão Alta > Anti-Hipertensivo;15881;https://www.drogariaveracruz.com.br/lotar-5mg-50mg-30-capsulas/p
VeraCruz;7896422525541;EFICENTUS 10MG C/30 CPR;Disponível;0;0;0;0;0;Psicotrópicos;25050;https://www.drogariaveracruz.com.br/eficentus-10mg-c30-cpr/p
VeraCruz;7894916500432;Neutrofer Fólico 75mg/5ml + 2,5mg/5ml 20 flaconetes com 5ml cada;Disponível;0;0;0;0;0;Sistema Imunológico;16755;https://www.drogariaveracruz.com.br/neutrofer-folico-75mg5ml-25mg5ml-20-flaconetes-com-5ml-cada/p
VeraCruz;7896658027055;Untral 2,5mg 30 cápsulas duras;Disponível;0;0;0;0;0;Vitaminas;10797;https://www.drogariaveracruz.com.br/untral-25mg-30-capsulas-duras/p
VeraCruz;7896714213446;Neodia 1,5mg Neo Química 1 comprimido;Disponível;0;0;0;0;0;Saúde Feminina > Pílula Do Dia Seguinte;11911;https://www.drogariaveracruz.com.br/neodia-15mg-neo-quimica-1-comprimido/p
VeraCruz;7898557141054;Lactulife Sabor Ameixa 120ml;Disponível;0;0;0;0;0;Digestão > Laxantes e Reguladores Intestinais;11809;https://www.drogariaveracruz.com.br/lactulife-sabor-ameixa-120ml/p
VeraCruz;7891317013660;BetaTrinta 5mg/ml + 2mg/ml Suspensão Injetável 6 ampolas com 1ml cada;Disponível;0;0;0;0;0;Dor e Febre > Anti-Inflamatórios;14697;https://www.drogariaveracruz.com.br/betatrinta-5mgml-2mgml-suspensao-injetavel-6-ampolas-com-1ml-cada/p
VeraCruz;7898096578489;Angiopril 10mg, 30 comprimidos;Disponível;20,11;12,61;-37.3%;13,27;-34.0%;Pressão Alta > Anti-Hipertensivo;13661;https://www.drogariaveracruz.com.br/angiopril-10mg-30-comprimidos/p
VeraCruz;7891142157485;LIORAM 10 MG C/20 CPR;Disponível;0;0;0;0;0;Psicotrópicos;25002;https://www.drogariaveracruz.com.br/lioram-10-mg-c20-cpr/p
VeraCruz;7899640810338;ASSERT 50MG C/30 CPR;Disponível;0;0;0;0;0;Psicotrópicos;24494;https://www.drogariaveracruz.com.br/assert-50mg-c30-cpr/p
VeraCruz;7894916509206;Rusovas 5mg 60 comprimidos revestidos;Disponível;0;0;0;0;0;Colesterol e Triglicerídeos;10739;https://www.drogariaveracruz.com.br/rusovas-5mg-60-comprimidos-revestidos/p
VeraCruz;7896094208230;RECONTER 20MG GTS 30ML;Disponível;0;0;0;0;0;Psicotrópicos;24859;https://www.drogariaveracruz.com.br/reconter-20mg-gts-30ml/p
VeraCruz;7898040324261;ROHYPNOL 1 MG C/30 CPR;Disponível;0;0;0;0;0;Psicotrópicos;24477;https://www.drogariaveracruz.com.br/rohypnol-1-mg-c30-cpr/p
VeraCruz;7896004729404;SIGRAN 10 MG C/30 CPS;Disponível;0;0;0;0;0;Psicotrópicos;24135;https://www.drogariaveracruz.com.br/sigran-10-mg-c30-cps/p
VeraCruz;7894916510271;Niki 3mg + 0,02mg 24 comprimidos revestidos;Disponível;0;0;0;0;0;Saúde Feminina > Anticoncepcionais;11944;https://www.drogariaveracruz.com.br/niki-3mg-002mg-24-comprimidos-revestidos/p
VeraCruz;7899547533897;CANABIDIOL 200 MG/ML SOL FR 30 ML + SERINGA;Disponível;0;0;0;0;0;Psicotrópicos;25048;https://www.drogariaveracruz.com.br/canabidiol-200-mgml-sol-fr-30-ml-seringa/p
VeraCruz;7898096577048;Miconal 100mg 4 cápsulas;Disponível;0;0;0;0;0;Pele e Mucosa;13596;https://www.drogariaveracruz.com.br/miconal-100mg-4-capsulas/p
VeraCruz;7896083402540;Clifemin 160mg 30 comprimidos;Disponível;153,80;124,19;-19.3%;65,37;-57.5%;Saúde Feminina > Reposição Hormonal;11328;https://www.drogariaveracruz.com.br/clifemin-160mg-30-comprimidos/p
VeraCruz;7896094200937;Solução Nasal Sumax 10mg/1ml Spray 1 aplicador nasal com 0,2ml 2 doses;Disponível;0;0;0;0;0;Dor e Febre > Enxaqueca;17939;https://www.drogariaveracruz.com.br/solucao-nasal-sumax-10mg1ml-spray-1-aplicador-nasal-com-02ml-2-doses/p
VeraCruz;7896004732930;Ibuflex 400mg Legrand 8 cápsulas gelatinosas moles;Disponível;29,02;10,75;-63.0%;11,32;-61.0%;Dor e Febre > Anti-Inflamatórios;15822;https://www.drogariaveracruz.com.br/ibuflex-400mg-legrand-8-capsulas-gelatinosas-moles/p
VeraCruz;7891317485801;Duomo HP 2mg + 5 mg 30 cápsulas;Disponível;163,97;132,40;-19.3%;69,69;-57.5%;Saúde Masculina > Próstata;10106;https://www.drogariaveracruz.com.br/duomo-hp-2mg-5-mg-30-capsulas/p
VeraCruz;7896112403111;AtivB 1000mcg 30 comprimidos sublinguais;Disponível;98,91;61,08;-38.2%;64,29;-35.0%;Vitaminas;20600;https://www.drogariaveracruz.com.br/ativb-1000mcg-30-comprimidos-sublinguais/p
VeraCruz;7891268100228;Aldactone 50mg 30 comprimidos;Disponível;0;0;0;0;0;Pressão Alta > Diuréticos;10865;https://www.drogariaveracruz.com.br/aldactone-50mg-30-comprimidos/p
VeraCruz;7896181907558;Formocaps 12mcg Refil 30 cápsulas com pó para inalação;Disponível;70,63;57,04;-19.2%;60,04;-15.0%;Sistema Respiratório > Asma;11468;https://www.drogariaveracruz.com.br/formocaps-12mcg-refil-30-capsulas-com-po-para-inalacao/p
VeraCruz;7896658006753;Flogoral 1,5mg/ml Sabor Laranja 150ml;Disponível;0;0;0;0;0;Dor e Febre > Dor de Garganta;11438;https://www.drogariaveracruz.com.br/flogoral-15mgml-sabor-laranja-150ml/p
VeraCruz;7891317001674;TURNO 10MG C/20 CPR;Disponível;0;0;0;0;0;Psicotrópicos;24667;https://www.drogariaveracruz.com.br/turno-10mg-c20-cpr/p
VeraCruz;7896641801976;HIDRAFIX 90 - 2,16mg/mL + 4,68mg/mL + 0,98mg/mL + 20,00mg/mL, 1 frasco com 250mL de solução de uso oral;Disponível;0;0;0;0;0;Digestão > Laxantes e Reguladores Intestinais;12696;https://www.drogariaveracruz.com.br/hidrafix-90-216mgml-468mgml-098mgml-2000mgml-1-frasco-com-250ml-de-solucao-de-uso-oral/p
VeraCruz;7896676433425;Tobracin 3mg/G 1 Bisnaga Com 35G de Pomada de Uso Oftalmológico;Disponível;51,86;41,88;-19.2%;44,08;-15.0%;Antibióticos;23871;https://www.drogariaveracruz.com.br/tobracin-3mgg-1-bisnaga-com-35g-de-pomada-de-uso-oftalmologico/p
VeraCruz;7891317020101;Antiácido Simeco Plus Sabor Hortelã 240ml;Disponível;0;0;0;0;0;Digestão > Azia e Má Digestão;12470;https://www.drogariaveracruz.com.br/antiacido-simeco-plus-sabor-hortela-240ml/p
VeraCruz;7896094201545;Plurair 50mcg/dose Spray 120 doses 12ml;Disponível;0;0;0;0;0;Alergias;10181;https://www.drogariaveracruz.com.br/plurair-50mcgdose-spray-120-doses-12ml/p
VeraCruz;7896181903222;Busonid Caps 400mcg 60 cápsulas para inalação + 1 inalador;Disponível;118,18;94,31;-20.2%;99,27;-16.0%;Alergias;17478;https://www.drogariaveracruz.com.br/busonid-caps-400mcg-60-capsulas-para-inalacao-1-inalador/p
VeraCruz;7896112403333;Ad-Muc 0,4% Soluçao Spray 30ml;Disponível;101,90;91,00;-10.7%;95,79;-6.0%;Pele e Mucosa;14857;https://www.drogariaveracruz.com.br/ad-muc-04-solucao-spray-30ml/p
VeraCruz;7896004714653;EMSGrip 100mg/g Pó Sabor Mel e Limão 5g;Disponível;0;0;0;0;0;Sistema Respiratório > Antigripais;10586;https://www.drogariaveracruz.com.br/emsgrip-100mgg-po-sabor-mel-e-limao-5g/p
VeraCruz;7896317904802;Tericin At 25mg + 125mg 1 Bisnaga Com 45G de Creme de Uso Ginecológico + 10 Aplicadores;Disponível;80,65;63,59;-21.2%;66,94;-17.0%;Antibióticos;23977;https://www.drogariaveracruz.com.br/tericin-at-25mg-125mg-1-bisnaga-com-45g-de-creme-de-uso-ginecologico-10-aplicadores/p
VeraCruz;7896094207851;Ancoron 200mg 30 comprimidos revestidos;Disponível;59,53;44,11;-25.9%;46,43;-22.0%;Sistema Circulatório > Cardiovasculares;11263;https://www.drogariaveracruz.com.br/ancoron-200mg-30-comprimidos-revestidos/p
VeraCruz;7891317009748;Tâmisa 30 Sem Parar 75mcg + 30mcg 28 drágeas;Disponível;51,68;40,75;-21.1%;42,89;-17.0%;Saúde Feminina > Anticoncepcionais;16461;https://www.drogariaveracruz.com.br/tamisa-30-sem-parar-75mcg-30mcg-28-drageas/p
VeraCruz;7896255762465;DEPAKOTE ER 250 MG C/ 30 COMP;Disponível;0;0;0;0;0;Psicotrópicos;24562;https://www.drogariaveracruz.com.br/depakote-er-250-mg-c-30-comp/p
VeraCruz;7891317476588;ESC 10MG C/30 CPR;Disponível;89,73;65,64;-26.8%;69,09;-23.0%;Psicotrópicos;24804;https://www.drogariaveracruz.com.br/esc-10mg-c30-cpr/p
VeraCruz;7891317412692;Astro 600mg 1 Frasco de Pó Para Suspensão de Uso Oral + 1 Flaconete Com 9ml de Diluente + Seringa Dosadora;Disponível;0;0;0;0;0;Antibióticos;23897;https://www.drogariaveracruz.com.br/astro-600mg-1-frasco-de-po-para-suspensao-de-uso-oral-1-flaconete-com-9ml-de-diluente-seringa-dosadora/p
VeraCruz;7891158104138;Vitamina D Sof D 50.000 UI 4 cápsulas gelatinosas moles;Disponível;84,15;69,55;-17.3%;73,21;-13.0%;Vitaminas;13801;https://www.drogariaveracruz.com.br/vitamina-d-sof-d-50000-ui-4-capsulas-gelatinosas-moles/p
VeraCruz;7896676438239;Dermazine 10mg/G 1 Bisnaga Com 50G de Creme de Uso dermatológico;Disponível;62,22;49,65;-20.2%;52,26;-16.0%;Antibióticos;23976;https://www.drogariaveracruz.com.br/dermazine-10mgg-1-bisnaga-com-50g-de-creme-de-uso-dermatologico/p
VeraCruz;7891317000295;Dexalgen 1,5mg/ml + 500mg/ml + 5mg/ml Solução Injetável 6 ampolas com 1ml cada (3 doses);Disponível;0;0;0;0;0;Dor e Febre > Anti-Inflamatórios;16900;https://www.drogariaveracruz.com.br/dexalgen-15mgml-500mgml-5mgml-solucao-injetavel-6-ampolas-com-1ml-cada-3-doses/p
VeraCruz;7896004731674;Xarope Expectamin 0,4mg/ml + 4mg/ml + 20mg/ml 120ml;Disponível;32,70;31,07;-5.0%;32,70;-0.0%;Sistema Respiratório > Expectorante;21398;https://www.drogariaveracruz.com.br/xarope-expectamin-04mgml-4mgml-20mgml-120ml/p
VeraCruz;7896226109015;Vitergan Master 60 cápsulas gelatinosas moles;Disponível;0;0;0;0;0;Vitaminas;20744;https://www.drogariaveracruz.com.br/vitergan-master-60-capsulas-gelatinosas-moles/p
VeraCruz;7898158693693;VARICOSS - 15mg + 90mg, 20 drágeas;Disponível;0;0;0;0;0;Sistema Circulatório > Circulação;13271;https://www.drogariaveracruz.com.br/varicoss-15mg-90mg-20-drageas/p
VeraCruz;7896253903013;LUVOX 50MG C/30 CPR;Disponível;186,07;129,04;-30.6%;67,92;-63.5%;Psicotrópicos;24556;https://www.drogariaveracruz.com.br/luvox-50mg-c30-cpr/p
VeraCruz;7898919602391;AZILECT 1MG C/30 CPR;Disponível;265,48;209,33;-21.2%;73,45;-72.3%;Psicotrópicos;24592;https://www.drogariaveracruz.com.br/azilect-1mg-c30-cpr/p
VeraCruz;7899337000639;Myrbetric 50mg 10 comprimidos revestidos de liberação prolongada;Disponível;109,70;104,22;-5.0%;54,85;-50.0%;Saúde Feminina > Medicamentos Urinários;23038;https://www.drogariaveracruz.com.br/myrbetric-50mg-10-comprimidos-revestidos-de-liberacao-prolongada/p
VeraCruz;7896094903777;Estomazil Pastilhas Sabor Abacaxi 10 comprimidos mastigáveis;Disponível;0;0;0;0;0;Digestão > Azia e Má Digestão;13433;https://www.drogariaveracruz.com.br/estomazil-pastilhas-sabor-abacaxi-10-comprimidos-mastigaveis/p
VeraCruz;8903855062013;TORLÓS - 50mg, 30 comprimidos revestidos;Disponível;0;0;0;0;0;Pressão Alta > Anti-Hipertensivo;16971;https://www.drogariaveracruz.com.br/torlos-50mg-30-comprimidos-revestidos/p
VeraCruz;7896255766449;Betaserc 16mg 30 comprimidos;Disponível;48,80;38,02;-22.1%;40,02;-18.0%;Sistema Nervoso > Medicamentos Antivertiginosos: Ginkgo, Tanakan, Equitam;10942;https://www.drogariaveracruz.com.br/betaserc-16mg-30-comprimidos/p
VeraCruz;7897316805077;RESTASIS - 0,5mg/mL, 30 flaconetes com 0,4mL de emulsão de uso oftalmológico;Disponível;0;0;0;0;0;Olhos > Lubrificantes e Colírios;16048;https://www.drogariaveracruz.com.br/restasis-05mgml-30-flaconetes-com-04ml-de-emulsao-de-uso-oftalmologico/p
VeraCruz;7891268130065;Zitromax Iv 500mg 3 comprimidos revestidos;Disponível;0;0;0;0;0;Antibióticos;23947;https://www.drogariaveracruz.com.br/zitromax-iv-500mg-3-comprimidos-revestidos/p
VeraCruz;7896523209418;Maleato de Dexclorfeniramina 2mg/5ml Cimed 120ml;Disponível;21,24;14,73;-30.6%;15,51;-27.0%;Alergias;16251;https://www.drogariaveracruz.com.br/maleato-de-dexclorfeniramina-2mg5ml-cimed-120ml/p
VeraCruz;7896269900631;Psorex 0,5mg/g Pomada Dermatológica 30g;Disponível;0;0;0;0;0;Alergias;12871;https://www.drogariaveracruz.com.br/psorex-05mgg-pomada-dermatologica-30g/p
VeraCruz;7894916507523;Xarope Sigmaliv 100ml;Disponível;0;0;0;0;0;Alergias;12477;https://www.drogariaveracruz.com.br/xarope-sigmaliv-100ml/p
VeraCruz;7891317137557;COQUES - 200mg, 10 cápsulas gelatinosas duras;Disponível;46,46;35,75;-23.1%;37,63;-19.0%;Psicotrópicos;24235;https://www.drogariaveracruz.com.br/coques-200mg-10-capsulas-gelatinosas-duras/p
VeraCruz;7891142171733;Polaramine 6mg 12 drágeas;Disponível;39,98;35,32;-11.7%;37,18;-7.0%;Alergias;10197;https://www.drogariaveracruz.com.br/antialergico-polaramine-6mg-12-drageas/p
VeraCruz;7896206402884;SEROQUEL 25 MG C/14 CPR;Disponível;107,24;83,54;-22.1%;87,94;-18.0%;Psicotrópicos;24548;https://www.drogariaveracruz.com.br/seroquel-25-mg-c14-cpr/p
VeraCruz;7891058021917;HIDANTAL - 100mg, 25 comprimidos;Disponível;16,44;13,12;-20.2%;13,81;-16.0%;Psicotrópicos;24229;https://www.drogariaveracruz.com.br/hidantal-100mg-25-comprimidos/p
VeraCruz;7896094922013;Albocresil 90mg Óvulo 6un;Disponível;28,49;27,07;-5.0%;28,49;-0.0%;Saúde Feminina > Creme e óvulos vaginais;10858;https://www.drogariaveracruz.com.br/albocresil-90mg-ovulo-6un/p
VeraCruz;7896658003141;Decadron 4mg 10 comprimidos;Disponível;26,03;21,76;-16.4%;22,91;-12.0%;Dor e Febre > Anti-Inflamatórios;16564;https://www.drogariaveracruz.com.br/decadron-4mg-10-comprimidos/p
VeraCruz;7897947609235;Gel Hidratante Cicatrimed 30g;Disponível;0;0;0;0;0;Pele e Mucosa;15211;https://www.drogariaveracruz.com.br/gel-hidratante-cicatrimed-30g/p
VeraCruz;7500435137959;Teste de Gravidez Clearblue Saiba Antes;Disponível;35,50;28,33;-20.2%;29,82;-16.0%;Saúde Feminina > Teste de Gravidez;22537;https://www.drogariaveracruz.com.br/teste-de-gravidez-clearblue-saiba-antes/p
VeraCruz;7896004817477;A Saúde da Mulher Solução 150ml;Disponível;22,93;20,47;-10.7%;21,55;-6.0%;Saúde Feminina > Anticoncepcionais;26157;https://www.drogariaveracruz.com.br/a-saude-da-mulher-solucao-150ml/p
VeraCruz;7896641804830;Broncho - Vaxom 7mg 10 cápsulas;Disponível;110,72;86,25;-22.1%;90,79;-18.0%;Sistema Respiratório > DPOC;10514;https://www.drogariaveracruz.com.br/broncho-vaxom-7mg-10-capsulas/p
VeraCruz;7899824401291;Nevrix 100mg + 100mg + 5mg 60 comprimidos revestidos;Disponível;166,92;125,28;-24.9%;65,94;-60.5%;Sistema Nervoso > Distúrbios Cerebrais;20978;https://www.drogariaveracruz.com.br/nevrix-100mg-100mg-5mg-60-comprimidos-revestidos/p
VeraCruz;7896637033848;Zanidip 20mg 30 comprimidos;Disponível;261,00;190,92;-26.9%;66,99;-74.3%;Pressão Alta > Anti-Hipertensivo;18023;https://www.drogariaveracruz.com.br/zanidip-20mg-30-comprimidos-revestidos/p
VeraCruz;7896094922150;Eparema Sabor Hortelã 200ml;Disponível;79,47;61,91;-22.1%;65,17;-18.0%;Digestão > Azia e Má Digestão;10167;https://www.drogariaveracruz.com.br/eparema-sabor-tradicional-hortela-200ml/p
VeraCruz;7896112422273;Novanlo 5mg 90 comprimidos;Disponível;302,21;229,68;-24.0%;80,59;-73.3%;Pressão Alta > Anti-Hipertensivo;20848;https://www.drogariaveracruz.com.br/novanlo-5mg-90-comprimidos/p
VeraCruz;7896015591946;Leite de Magnésia Eno Tradicional 350ml;Disponível;30,90;23,78;-23.0%;25,03;-19.0%;Digestão > Azia e Má Digestão;18940;https://www.drogariaveracruz.com.br/leite-de-magnesia-eno-tradicional-350ml/p
VeraCruz;7500435230971;Citoneurin 5.000 90 comprimidos revestidos;Disponível;269,76;205,02;-24.0%;71,94;-73.3%;Dor e Febre > Anti-Inflamatórios;15760;https://www.drogariaveracruz.com.br/citoneurin-5000-90-drageas/p
VeraCruz;7896255716987;Synthroid 150mcg 30 comprimidos;Disponível;63,12;47,37;-25.0%;49,86;-21.0%;Hormônios;11183;https://www.drogariaveracruz.com.br/synthroid-150mcg-30-comprimidos/p
VeraCruz;7896023793349;Melagrião Própolis e Gengibre Spray Sabor Laranja 30ml;Disponível;21,99;16,71;-24.0%;17,59;-20.0%;Dor e Febre > Dor de Garganta;18692;https://www.drogariaveracruz.com.br/melagriao-propolis-e-gengibre-spray-sabor-laranja-30ml/p
VeraCruz;7896672202766;Fostair DPI 200mcg + 6mcg 120 doses;Disponível;0;0;0;0;0;Sistema Respiratório > DPOC;23650;https://www.drogariaveracruz.com.br/fostair-dpi-200mcg-6mcg-120-doses/p
VeraCruz;7897337716260;Livial 2,5mg 84 comprimidos;Disponível;0;0;0;0;0;Hormônios;18403;https://www.drogariaveracruz.com.br/livial-25mg-84-comprimidos/p
VeraCruz;7898168001303;Cetobeta Pomada 30g;Disponível;41,17;14,86;-63.9%;15,64;-62.0%;Pele e Mucosa;11019;https://www.drogariaveracruz.com.br/pomada-dermatologico-cetobeta-30g/p
VeraCruz;7898040322670;Flebon 50mg 30 comprimidos;Disponível;89,23;68,67;-23.0%;72,28;-19.0%;Sistema Circulatório > Circulação;11428;https://www.drogariaveracruz.com.br/flebon-50mg-30-comprimidos/p
VeraCruz;7896658046766;OLANEXYN 10MG C/30 CPR C1;Disponível;0;0;0;0;0;Psicotrópicos;24902;https://www.drogariaveracruz.com.br/olanexyn-10mg-c30-cpr-c1/p
VeraCruz;7897076922977;Montelucaste de Sódio 10mg Com 30 Comprimidos Ranbaxy Genérico;Disponível;57,26;54,40;-5.0%;57,26;-0.0%;Sistema Respiratório > Asma;26291;https://www.drogariaveracruz.com.br/montelucaste-de-sodio-10mg-com-30-comprimidos-ranbaxy-generico/p
VeraCruz;7896094208506;Natifa Pro UBD 0,5mg + 0,1mg 28 comprimidos revestidos;Disponível;98,17;69,95;-28.7%;73,63;-25.0%;Saúde Feminina > Anticoncepcionais;19745;https://www.drogariaveracruz.com.br/natifa-pro-ubd-05mg-01mg-28-comprimidos-revestidos/p
VeraCruz;7891142206718;Bifilac GeFlora Probióticos 14 sticks;Disponível;86,90;82,56;-5.0%;86,90;-0.0%;Digestão > Laxantes e Reguladores Intestinais;14523;https://www.drogariaveracruz.com.br/suplemento-alimentar-em-po-bifilac-geflora-14-sticks/p
VeraCruz;7898581711223;NEOZINE 4% GTS C/20 ML;Disponível;21,12;16,25;-23.1%;17,11;-19.0%;Psicotrópicos;24827;https://www.drogariaveracruz.com.br/neozine-4-gts-c20-ml/p
VeraCruz;7896094906310;Doril Enxaqueca 4 comprimidos revestidos;Disponível;10,71;9,05;-15.5%;9,53;-11.0%;Dor e Febre > Enxaqueca;12132;https://www.drogariaveracruz.com.br/doril-enxaqueca-4-comprimidos-revestidos/p
VeraCruz;7891058017095;Adesivo Flexível Dorflex Icy Hot Pequeno 5un;Disponível;31,43;27,17;-13.6%;28,60;-9.0%;Dor e Febre > Analgésico;12128;https://www.drogariaveracruz.com.br/adesivo-flexivel-dorflex-icy-hot-pequeno-5un/p
VeraCruz;7896094202276;CEBRILIN 30 MG C/30 CPR;Disponível;0;0;0;0;0;Psicotrópicos;24773;https://www.drogariaveracruz.com.br/cebrilin-30-mg-c30-cpr/p
VeraCruz;7897337706421;FOSAMAX - 70mg, 4 comprimidos;Disponível;0;0;0;0;0;Para os Ossos > Osteoporose;11472;https://www.drogariaveracruz.com.br/fosamax-70mg-4-comprimidos/p
VeraCruz;7896112403081;BILYT 300MG C/50 CPR;Disponível;0;0;0;0;0;Psicotrópicos;24415;https://www.drogariaveracruz.com.br/bilyt-300mg-c50-cpr/p
VeraCruz;7896015591618;Vitanol A 0,25mg/g 30g Creme Dermatológico;Disponível;59,57;48,67;-18.3%;51,23;-14.0%;Pele e Mucosa;11207;https://www.drogariaveracruz.com.br/vitanol-a-025mgg-30g-creme-dermatologico/p
VeraCruz;7898676712722;Kit Combate De Piolhos e Lêndeas Xô Piolho Contém 1 Touca e 1 Pente Fino;Disponível;0;0;0;0;0;Tratamento Capilar > Piolhos;26496;https://www.drogariaveracruz.com.br/kit-combate-de-piolhos-e-lendeas-xo-piolho-contem-1-touca-e-1-pente-fino/p
VeraCruz;7897595620385;Juliet 0,075mg 28 comprimidos revestidos;Disponível;0;0;0;0;0;Saúde Feminina > Anticoncepcionais;11786;https://www.drogariaveracruz.com.br/juliet-0075mg-28-comprimidos-revestidos/p
VeraCruz;7898569766610;Vitamina D3 Althaia 7.000 UI 8 cápsulas moles;Disponível;21,09;14,83;-29.7%;15,61;-26.0%;Vitaminas;14042;https://www.drogariaveracruz.com.br/vitamina-d3-althaia-7000-ui-8-capsulas-moles/p
VeraCruz;7893454714851;TYLEX - 500mg + 30mg, 12 comprimidos;Disponível;47,80;38,60;-19.2%;40,63;-15.0%;Psicotrópicos;24252;https://www.drogariaveracruz.com.br/tylex-500mg-30mg-12-comprimidos/p
VeraCruz;7896241225523;Ablok 50mg 30 comprimidos;Disponível;39,07;30,07;-23.0%;31,65;-19.0%;Pressão Alta > Anti-Hipertensivo;17268;https://www.drogariaveracruz.com.br/ablok-50mg-30-comprimidos/p
VeraCruz;7897460400357;Transamin 250mg 12 comprimidos;Disponível;86,39;67,30;-22.1%;70,84;-18.0%;Sistema Circulatório > Circulação;10770;https://www.drogariaveracruz.com.br/transamin-250mg-12-comprimidos/p
VeraCruz;7896006298625;Foldan 50mg/g Pomada 45g;Disponível;43,77;30,77;-29.7%;32,39;-26.0%;Pele e Mucosa;11457;https://www.drogariaveracruz.com.br/foldan-50mgg-pomada-45g/p
VeraCruz;7891317477202;Piemonte 4mg 30 comprimidos mastigáveis;Disponível;76,50;58,87;-23.0%;61,97;-19.0%;Sistema Respiratório > Asma;15955;https://www.drogariaveracruz.com.br/piemonte-4mg-30-comprimidos-mastigaveis/p
VeraCruz;7896094207516;Elani 28 3mg + 0,03mg 28 comprimidos revestidos;Disponível;96,92;69,06;-28.7%;72,69;-25.0%;Saúde Feminina > Anticoncepcionais;10572;https://www.drogariaveracruz.com.br/elani-28-3mg-003mg-28-comprimidos-revestidos/p
VeraCruz;8903855076034;Azukon MR 30mg 60 Comprimidos;Disponível;42,97;29,80;-30.6%;31,37;-27.0%;Diabetes;13608;https://www.drogariaveracruz.com.br/azukon-mr-30mg-60-comprimidos/p
VeraCruz;7897322710761;DECIPRAX 10MG C/30 CPR;Disponível;0;0;0;0;0;Psicotrópicos;24979;https://www.drogariaveracruz.com.br/deciprax-10mg-c30-cpr/p
VeraCruz;7891058212070;Daonil 5mg 30 comprimidos;Disponível;25,59;19,21;-24.9%;20,22;-21.0%;Diabetes;12596;https://www.drogariaveracruz.com.br/daonil-5mg-30-comprimidos/p
VeraCruz;7897316804209;Solução Oftálmica Alphagan P 0,15% 5ml;Disponível;0;0;0;0;0;Olhos > Lubrificantes e Colírios;10900;https://www.drogariaveracruz.com.br/solucao-oftalmica-alphagan-p-015-5ml/p
VeraCruz;7897460401293;Ginkoba 120mg 30 comprimidos revestidos;Disponível;108,01;81,06;-25.0%;85,33;-21.0%;Sistema Nervoso > Medicamentos Antivertiginosos: Ginkgo, Tanakan, Equitam;16234;https://www.drogariaveracruz.com.br/ginkoba-120mg-30-comprimidos-revestidos/p
VeraCruz;7898161187080;Creme Térmico Coliflax Mulher 30g;Disponível;40,45;36,12;-10.7%;38,02;-6.0%;Saúde Feminina > Cólica;23229;https://www.drogariaveracruz.com.br/creme-termico-coliflax-mulher-30g/p
VeraCruz;7891317013967;Andolba 4,5mg/g + 0,5mg/g + 0,5mg/g 43g;Disponível;41,29;36,09;-12.6%;37,99;-8.0%;Pele e Mucosa;11261;https://www.drogariaveracruz.com.br/andolba-45mgg-05mgg-05mgg-43g/p
VeraCruz;7896004787527;Linadib 5mg 30 comprimidos revestidos;Disponível;142,50;135,38;-5.0%;71,25;-50.0%;Diabetes;21785;https://www.drogariaveracruz.com.br/linadib-5mg-30-comprimidos-revestidos/p
VeraCruz;7894916517461;Bexai 35mg 10 cápsulas duras;Disponível;79,97;63,81;-20.2%;67,17;-16.0%;Dor e Febre > Anti-Inflamatórios;21115;https://www.drogariaveracruz.com.br/bexai-35mg-10-capsulas-duras/p
VeraCruz;7899950709285;Pente Fino de Aço Para Piolho 1 Unidade Bela Collection (Cores Sortidas);Disponível;24,90;23,66;-5.0%;24,90;-0.0%;Tratamento Capilar > Piolhos;27180;https://www.drogariaveracruz.com.br/pente-fino-de-aco-para-piolho-1-unidade-bela-collection-cores-sortidas/p
VeraCruz;7899470806228;Glicelivy Adulto Laxante 6 supositórios;Disponível;0;0;0;0;0;Digestão > Laxantes e Reguladores Intestinais;12644;https://www.drogariaveracruz.com.br/glicelivy-adulto-laxante-6-supositorios/p
VeraCruz;7899850900607;Probiótico Culturelle Junior 6 Sachês com 1,2g cada;Disponível;0;0;0;0;0;Digestão > Laxantes e Reguladores Intestinais;14023;https://www.drogariaveracruz.com.br/probiotico-culturelle-junior-6-saches-com-12g-cada/p
VeraCruz;7897595609120;Doxuran 2mg 30 comprimidos;Disponível;26,32;16,00;-39.2%;16,84;-36.0%;Pressão Alta > Anti-Hipertensivo;12140;https://www.drogariaveracruz.com.br/doxuran-2mg-30-comprimidos/p
VeraCruz;7896637025553;ALOIS 10MG C/120 CPR;Disponível;0;0;0;0;0;Psicotrópicos;24777;https://www.drogariaveracruz.com.br/alois-10mg-c120-cpr/p
VeraCruz;7896112400493;Solução Tópica Pantogar Top 80ml;Disponível;208,90;166,71;-20.2%;58,49;-72.0%;Tratamento Capilar > Queda De Cabelo;13050;https://www.drogariaveracruz.com.br/solucao-topica-pantogar-top-80ml/p
VeraCruz;7896523226682;Dimetigass 125mg 10 cápsulas gelatinosas moles;Disponível;0;0;0;0;0;Digestão > Antigases;18916;https://www.drogariaveracruz.com.br/dimetigass-125mg-10-capsulas-gelatinosas-moles/p
VeraCruz;7897316804742;Acular LS 4mg/ml Solução Oftálmica 10ml;Disponível;155,51;122,62;-21.1%;64,54;-58.5%;Dor e Febre > Anti-Inflamatórios;17346;https://www.drogariaveracruz.com.br/acular-ls-4mgml-solucao-oftalmica-10ml/p
VeraCruz;7896714221359;Lipneo 100mg 30 comprimidos;Disponível;0;0;0;0;0;Sistema Circulatório > Cardiovasculares;19803;https://www.drogariaveracruz.com.br/lipneo-100mg-30-comprimidos/p
VeraCruz;7894916206419;Micropil R21 0,075 + 0,020mg 21 comprimidos revestidos;Disponível;42,41;33,04;-22.1%;34,78;-18.0%;Saúde Feminina > Anticoncepcionais;11832;https://www.drogariaveracruz.com.br/micropil-0075-0020mg-21-comprimidos-revestidos/p
VeraCruz;-;Pantocal 20mg 28 comprimidos revestidos de liberação retardada;Disponível;0;0;0;0;0;Digestão > Úlcera e Gastrite;;https://www.drogariaveracruz.com.br/pantocal-20mg-28-comprimidos-revestidos-de-liberacao-retardada/p
VeraCruz;7897316805299;Solução Oftálmica Relestat 5mg/ml 5ml;Disponível;82,88;74,01;-10.7%;77,91;-6.0%;Olhos > Lubrificantes e Colírios;12896;https://www.drogariaveracruz.com.br/solucao-oftalmica-relestat-5mgml-5ml/p
VeraCruz;7896641810749;HEVELAIR - 7mg/mL, 1 frasco com 100mL de xarope + copo medidor;Disponível;0;0;0;0;0;Sistema Respiratório > Expectorante;12682;https://www.drogariaveracruz.com.br/hevelair-7mgml-1-frasco-com-100ml-de-xarope-copo-medidor/p
VeraCruz;7894916502863;DEFLAIMMUN - 7,5mg, 20 comprimidos;Disponível;67,28;54,33;-19.2%;57,19;-15.0%;Dor e Febre > Anti-Inflamatórios;16572;https://www.drogariaveracruz.com.br/deflaimmun-75mg-20-comprimidos/p
VeraCruz;7897572002494;MERCILON CONTI - 150mcg + 20mcg, 28 comprimidos revestidos;Disponível;0;0;0;0;0;Saúde Feminina > Anticoncepcionais;16640;https://www.drogariaveracruz.com.br/mercilon-conti-150mcg-20mcg-28-comprimidos-revestidos/p
VeraCruz;7897705202586;Ozempic 1 mg 1 carpule de 3ml + 1 sistema para aplicação + 4 agulhas novofine;Disponível;1299,70;1012,46;-22.1%;355,25;-72.7%;Diabetes;13544;https://www.drogariaveracruz.com.br/ozempic-1-mg-1-carpule-de-3ml-1-sistema-para-aplicacao-4-agulhas-novofine/p
VeraCruz;7896714202976;Colírio Clanistil 0,25mg/mm + 3mg/ml 15ml;Disponível;15,35;13,13;-14.5%;13,82;-10.0%;Olhos > Lubrificantes e Colírios;21867;https://www.drogariaveracruz.com.br/colirio-clanistil-025mgmm-3mgml-15ml/p
VeraCruz;7896004727806;EMS Expector Sabor Caramelo 120ml;Disponível;31,77;30,18;-5.0%;31,77;-0.0%;Sistema Respiratório > Expectorante;10585;https://www.drogariaveracruz.com.br/ems-expector-sabor-caramelo-120ml/p
VeraCruz;7896658003042;Talerc 10mg 10 comprimidos revestidos;Disponível;0;0;0;0;0;Alergias;12490;https://www.drogariaveracruz.com.br/talerc-10mg-10-comprimidos-revestidos/p
VeraCruz;7896006222668;Probiótico Florastor Com 6 sachês de 4g cada;Disponível;20,50;14,22;-30.6%;14,97;-27.0%;Digestão > Laxantes e Reguladores Intestinais;26389;https://www.drogariaveracruz.com.br/probiotico-florastor-6-saches-de-4g-cada/p
VeraCruz;7897337716451;HETORI 60MG C/7 CPR;Disponível;0;0;0;0;0;Psicotrópicos;24856;https://www.drogariaveracruz.com.br/hetori-60mg-c7-cpr/p
VeraCruz;7896094207769;Stanglit 30mg 30 comprimidos;Disponível;126,71;90,28;-28.8%;95,03;-25.0%;Diabetes;11151;https://www.drogariaveracruz.com.br/stanglit-30mg-30-comprimidos/p
VeraCruz;7898075311854;Magnazia Sabor Limão 240ml;Disponível;21,49;19,19;-10.7%;20,20;-6.0%;Digestão > Azia e Má Digestão;22184;https://www.drogariaveracruz.com.br/magnazia-sabor-limao-240ml/p
VeraCruz;7896658036316;Levty 10.000 U.FCC 8 comprimidos;Disponível;0;0;0;0;0;Saúde Feminina > Cólica;18907;https://www.drogariaveracruz.com.br/suplemento-alimentar-de-lactase-levty-8-comprimidos-com-10000-ufcc-cada/p
VeraCruz;7898927111106;Stodal Xarope 150ml;Disponível;76,90;67,94;-11.7%;71,52;-7.0%;Sistema Respiratório > Tosse;21420;https://www.drogariaveracruz.com.br/xarope-stodal-150ml/p
VeraCruz;7899640803491;Tavok 500mg 7 comprimidos revestidos;Disponível;0;0;0;0;0;Antibióticos;23886;https://www.drogariaveracruz.com.br/tavok-500mg-7-comprimidos-revestidos/p
VeraCruz;7894916512565;Risedross 150mg 1 comprimido revestido;Disponível;0;0;0;0;0;Para os Ossos > Osteoporose;17145;https://www.drogariaveracruz.com.br/risedross-150mg-1-comprimido-revestido/p
VeraCruz;7898158498786;Desodalina 600mg 60 cápsulas;Disponível;83,50;71,39;-14.5%;75,15;-10.0%;Emagrecimento;20656;https://www.drogariaveracruz.com.br/desodalina-600mg-60-capsulas/p
VeraCruz;7896082900269;Solução Nasal Sinustrat Vasoconstritor 0,5mg/ml 10ml;Disponível;19,07;14,68;-23.0%;15,45;-19.0%;Sistema Respiratório > Descongestionantes;17888;https://www.drogariaveracruz.com.br/solucao-nasal-sinustrat-vasoconstritor-05mgml-10ml/p
VeraCruz;7896094928053;Hexomedine 1mg/ml + 0,5mg/ml Spray 50ml;Disponível;73,34;62,01;-15.4%;65,27;-11.0%;Dor e Febre > Dor de Garganta;12683;https://www.drogariaveracruz.com.br/hexomedine-1mgml-05mgml-spray-50ml/p
VeraCruz;7898636192182;Solução Oftálmica Liris 5mg/ml 10ml;Disponível;42,99;35,53;-17.4%;37,40;-13.0%;Olhos > Lubrificantes e Colírios;19170;https://www.drogariaveracruz.com.br/solucao-oftalmica-liris-5mgml-10ml/p
VeraCruz;7896255766456;Vibral 30mg/ml Gotas 10ml;Disponível;25,63;22,40;-12.6%;23,58;-8.0%;Sistema Respiratório > Tosse;17602;https://www.drogariaveracruz.com.br/vibral-30mgml-gotas-10ml/p
VeraCruz;7891142180766;Quadriderm 050mg/G + 1mg/G + 10mg/G + 10mg/G 1 Bisnaga Com 20G de Creme de Uso dermatológico;Disponível;60,92;53,25;-12.6%;56,05;-8.0%;Antibióticos;23866;https://www.drogariaveracruz.com.br/quadriderm-050mgg-1mgg-10mgg-10mgg-1-bisnaga-com-20g-de-creme-de-uso-dermatologico/p
VeraCruz;7893454714806;Probiótico Culturelle Saúde Digestiva 10 Cápsulas;Disponível;90,90;86,36;-5.0%;90,90;-0.0%;Digestão > Laxantes e Reguladores Intestinais;18926;https://www.drogariaveracruz.com.br/probiotico-culturelle-saude-digestiva-10-capsulas/p
VeraCruz;7898133139277;Suplemento Hidroeletrolítico Hidralyte Laranja 500ml;Disponível;0;0;0;0;0;Digestão > Laxantes e Reguladores Intestinais;20489;https://www.drogariaveracruz.com.br/suplemento-hidroeletrolitico-hidralyte-laranja-500ml/p
VeraCruz;7896658024146;DUAL 30MG C/30 CPS;Disponível;66,27;51,00;-23.0%;53,68;-19.0%;Psicotrópicos;24519;https://www.drogariaveracruz.com.br/dual-30mg-c30-cps/p
VeraCruz;7896070601871;Profenid 100mg/2ml Solução Injetável 6 ampolas com 2ml cada;Disponível;0;0;0;0;0;Dor e Febre > Anti-Inflamatórios;10703;https://www.drogariaveracruz.com.br/profenid-100mg2ml-solucao-injetavel-6-ampolas-com-2ml-cada/p
VeraCruz;7898040329587;Floratil 200mg 6 envelopes com 1g cada;Disponível;51,86;43,85;-15.4%;46,16;-11.0%;Digestão > Laxantes e Reguladores Intestinais;18239;https://www.drogariaveracruz.com.br/floratil-200mg-6-envelopes-com-1g-cada/p
VeraCruz;7894916502962;Artemidis 35 0,035mg + 2mg 21 comprimidos revestidos;Disponível;23,72;22,53;-5.0%;23,72;-0.0%;Saúde Feminina > Anticoncepcionais;18084;https://www.drogariaveracruz.com.br/artemidis-35-0035mg-2mg-21-comprimidos-revestidos/p
VeraCruz;7896261020184;Seebri 50mcg 30 cápsulas com pó para inalação + 1 inalador;Disponível;0;0;0;0;0;Sistema Respiratório > DPOC;11533;https://www.drogariaveracruz.com.br/seebri-50mcg-30-capsulas-com-po-para-inalacao-1-inalador/p
VeraCruz;7898168000443;MELLERIL 200MG FRASCO COM 20 COMPRIMIDOS RETAL;Disponível;0;0;0;0;0;Psicotrópicos;24603;https://www.drogariaveracruz.com.br/melleril-200mg-frasco-com-20-comprimidos-retal/p
VeraCruz;7896241274903;Norestin 0,35mg 35 comprimidos;Disponível;0;0;0;0;0;Saúde Feminina > Anticoncepcionais;11991;https://www.drogariaveracruz.com.br/norestin-035mg-35-comprimidos/p
VeraCruz;7897316802212;Solução Oftálmica Pilocarpina 1% 10ml;Disponível;0;0;0;0;0;Olhos > Lubrificantes e Colírios;15960;https://www.drogariaveracruz.com.br/solucao-oftalmica-pilocarpina-1-10ml/p
VeraCruz;7891106001755;Gino Canesten 1 Dia 500mg 1 comprimido vaginal + 1 aplicador;Disponível;104,90;94,68;-9.7%;99,66;-5.0%;Saúde Feminina > Creme e óvulos vaginais;12637;https://www.drogariaveracruz.com.br/gino-canesten-1-dia-500mg-1-comprimido-vaginal-1-aplicador/p
VeraCruz;7894916515337;Clabat 500mg Caixa Contendo 20 comprimidos de Liberação Prolongada;Disponível;0;0;0;0;0;Antibióticos;23881;https://www.drogariaveracruz.com.br/clabat-500mg-caixa-contendo-20-comprimidos-de-liberacao-prolongada/p
VeraCruz;7898676712739;Xô Piolho Contém 1 Sachê de 20ml e 1 Pente Fino;Disponível;42,90;40,76;-5.0%;42,90;-0.0%;Tratamento Capilar > Piolhos;26497;https://www.drogariaveracruz.com.br/xo-piolho-contem-1-sachet-de-20ml-e-1-pente-fino/p
VeraCruz;7896112402671;Dozoito 50mg 30 comprimidos;Disponível;76,54;55,99;-26.8%;58,94;-23.0%;Pressão Alta > Anti-Hipertensivo;14282;https://www.drogariaveracruz.com.br/dozoito-50mg-30-comprimidos/p
VeraCruz;7896112402862;Otiblock Spray 45ml;Disponível;0;0;0;0;0;Ouvido;14274;https://www.drogariaveracruz.com.br/otiblock-spray-45ml/p
VeraCruz;7891317132392;Lugano 12mcg + 250mcg Refil 60 cápsulas com pó para inalação;Disponível;104,71;84,55;-19.3%;89,00;-15.0%;Sistema Respiratório > Asma;18476;https://www.drogariaveracruz.com.br/lugano-12mcg-250mcg-refil-60-capsulas-com-po-para-inalacao/p
VeraCruz;7896212429295;HALDOL DECANOATO 50 MG INJ C/5 AMP 1 ML;Disponível;0;0;0;0;0;Psicotrópicos;25053;https://www.drogariaveracruz.com.br/haldol-decanoato-50-mg-inj-c5-amp-1-ml/p
VeraCruz;7891268105919;Pletil 500mg 8 comprimidos revestidos;Disponível;0;0;0;0;0;Vermes e Parasitas;24001;https://www.drogariaveracruz.com.br/pletil-500mg-8-comprimidos-revestidos/p
VeraCruz;7896226101507;DEXAGIL - 5000mcg + 1mg + 100mg + 100mg, 20 comprimidos revestidos;Disponível;0;0;0;0;0;Dor e Febre > Anti-Inflamatórios;16899;https://www.drogariaveracruz.com.br/dexagil-5000mcg-1mg-100mg-100mg-20-comprimidos-revestidos/p
VeraCruz;7896422510288;Valtrian 50mg 30 comprimidos revestidos;Disponível;0;0;0;0;0;Pressão Alta > Anti-Hipertensivo;17566;https://www.drogariaveracruz.com.br/valtrian-50mg-30-comprimidos-revestidos/p
VeraCruz;7897337709033;Fosamax D 70mg / 5600UI 4 comprimidos;Disponível;210,10;141,71;-32.6%;74,59;-64.5%;Para os Ossos > Osteoporose;11473;https://www.drogariaveracruz.com.br/fosamax-d-70mg-5600ui-4-comprimidos/p
VeraCruz;7896094928329;Kelac 10mg 20 comprimidos sublinguais;Disponível;50,69;39,97;-21.1%;42,07;-17.0%;Dor e Febre > Analgésico;23531;https://www.drogariaveracruz.com.br/kelac-10mg-20-comprimidos-sublinguais/p
VeraCruz;7896212429158;PARIET - 20mg, 28 comprimidos revestidos;Disponível;0;0;0;0;0;Digestão > Úlcera e Gastrite;15916;https://www.drogariaveracruz.com.br/pariet-20mg-28-comprimidos-revestidos/p
VeraCruz;7891158000898;DEPAKENE 500 MG C/50 CPR;Disponível;108,51;79,37;-26.9%;83,55;-23.0%;Psicotrópicos;24559;https://www.drogariaveracruz.com.br/depakene-500-mg-c50-cpr/p
VeraCruz;7896676438116;Dermacerium 1% + 04% 1 Bisnaga Com 30G de Creme de Uso dermatológico;Disponível;71,71;59,27;-17.3%;62,39;-13.0%;Antibióticos;23972;https://www.drogariaveracruz.com.br/dermacerium-1-04-1-bisnaga-com-30g-de-creme-de-uso-dermatologico/p
VeraCruz;7896094931428;Doril Pro 550mg 10 comprimidos revestidos;Disponível;29,50;26,34;-10.7%;27,73;-6.0%;Dor e Febre > Analgésico;23525;https://www.drogariaveracruz.com.br/doril-pro-550mg-10-comprimidos-revestidos/p
VeraCruz;7891268148800;Olmetec HCT 20mg + 12,5mg 30 comprimidos revestidos;Disponível;0;0;0;0;0;Pressão Alta > Anti-Hipertensivo;16343;https://www.drogariaveracruz.com.br/olmetec-hct-20mg-125mg-30-comprimidos-revestidos/p
VeraCruz;7896261001732;HYDERGINE - 1mg, 36 cápsulas gelatinosas duras;Disponível;0;0;0;0;0;Dor e Febre > Enxaqueca;15816;https://www.drogariaveracruz.com.br/hydergine-1mg-36-capsulas-gelatinosas-duras/p
VeraCruz;7896658010170;EXODUS 10MG C/30 CPR;Disponível;91,52;68,69;-24.9%;72,30;-21.0%;Psicotrópicos;24542;https://www.drogariaveracruz.com.br/exodus-10mg-c30-cpr/p
VeraCruz;7891317412531;Trok-N 20mg/g + 0,64mg/g + 2,5mg/g Creme 10g;Disponível;22,20;18,98;-14.5%;19,98;-10.0%;Pele e Mucosa;17537;https://www.drogariaveracruz.com.br/trok-n-20mgg-064mgg-25mgg-creme-10g/p
VeraCruz;7891058006440;PURAN T4 - 175mcg, 28 comprimidos;Disponível;0;0;0;0;0;Hormônios;15976;https://www.drogariaveracruz.com.br/puran-t4-175mcg-28-comprimidos/p
VeraCruz;7892828001405;Sepurin 120mg + 20mg 20 drágeas;Disponível;50,55;45,62;-9.8%;48,02;-5.0%;Saúde Masculina > Distúrbios Urinários;18343;https://www.drogariaveracruz.com.br/sepurin-120mg-20mg-20-drageas/p
VeraCruz;7898549755634;Cor-Select 2,5mg 60 comprimidos;Disponível;99,19;75,38;-24.0%;79,35;-20.0%;Pressão Alta > Anti-Hipertensivo;14874;https://www.drogariaveracruz.com.br/cor-select-25mg-60-comprimidos/p
VeraCruz;7894916501668;Toragesic Gotas 20mg/ml EMS 10ml;Disponível;0;0;0;0;0;Dor e Febre > Analgésico;12986;https://www.drogariaveracruz.com.br/toragesic-gotas-20mgml-ems-10ml/p
VeraCruz;7896422527347;Medalgesico 500mg/ml Medley Gotas 10ml;Disponível;0;0;0;0;0;Dor e Febre > Analgésico;19205;https://www.drogariaveracruz.com.br/medalgesico-500mgml-medley-gotas-10ml/p
VeraCruz;7894916516303;Enavo ODT 4mg 10 comprimidos EMS;Disponível;32,32;24,87;-23.1%;26,18;-19.0%;Digestão > Náuseas;14036;https://www.drogariaveracruz.com.br/enavo-odt-4mg-10-comprimidos-ems/p
VeraCruz;7896269901720;Seretide Diskus 50mcg + 250mcg 60 doses de pó para inalação;Disponível;0;0;0;0;0;Sistema Respiratório > Asma;18359;https://www.drogariaveracruz.com.br/seretide-diskus-50mcg-250mcg-60-doses-de-po-para-inalacao/p
VeraCruz;7891268100501;Aromasin 25mg 30 cápsulas;Disponível;0;0;0;0;0;Oncológicos e Alto Custo;20574;https://www.drogariaveracruz.com.br/aromasin-25mg-30-capsulas/p
VeraCruz;7897129303937;Vitacid Acne 025mg/G + 12mg/G 1 Bisnaga Com 25G de Gel de Uso dermatológico;Disponível;116,21;87,22;-24.9%;91,81;-21.0%;Antibióticos;23937;https://www.drogariaveracruz.com.br/vitacid-acne-025mgg-12mgg-1-bisnaga-com-25g-de-gel-de-uso-dermatologico/p
VeraCruz;7896714225296;Solução Nasal Neosoro H 3% Spray 60ml;Disponível;0;0;0;0;0;Sistema Respiratório > Descongestionantes;11930;https://www.drogariaveracruz.com.br/solucao-nasal-neosoro-h-3-spray-60ml/p
VeraCruz;7894916516310;Enavo 8mg 10 comprimidos EMS;Disponível;59,85;43,78;-26.9%;46,08;-23.0%;Digestão > Náuseas;14037;https://www.drogariaveracruz.com.br/enavo-8mg-10-comprimidos-ems/p
VeraCruz;7896261000490;GLYVENOL - 200mg, 40 drágeas;Disponível;0;0;0;0;0;Sistema Nervoso > Medicamentos Antivertiginosos: Ginkgo, Tanakan, Equitam;15742;https://www.drogariaveracruz.com.br/glyvenol-200mg-40-drageas/p
VeraCruz;7896094210240;Stanglit 30mg 60 comprimidos;Disponível;195,37;139,20;-28.8%;73,27;-62.5%;Diabetes;13160;https://www.drogariaveracruz.com.br/stanglit-30mg-60-comprimidos/p
VeraCruz;7891317000547;Ebastel 1mg/ml Xarope 60ml;Disponível;79,82;65,97;-17.4%;69,44;-13.0%;Alergias;10115;https://www.drogariaveracruz.com.br/ebastel-1mgml-xarope-60ml/p
VeraCruz;7896255766012;PEDIALYTE 45 ZINCO - frasco com 500mL de solução de uso oral, morango;Disponível;0;0;0;0;0;Digestão > Laxantes e Reguladores Intestinais;15932;https://www.drogariaveracruz.com.br/pedialyte-45-zinco-frasco-com-500ml-de-solucao-de-uso-oral-morango/p
VeraCruz;7893454300115;Aceratum 100mg/ml Solução Otológica 10ml;Disponível;24,01;18,25;-24.0%;19,21;-20.0%;Ouvido;17331;https://www.drogariaveracruz.com.br/aceratum-100mgml-solucao-otologica-10ml/p
VeraCruz;7896637030403;Inpruv DK 50.000UI + 100mcg Apsen, 4 Comprimidos;Disponível;112,24;71,44;-36.4%;75,20;-33.0%;Vitaminas;13964;https://www.drogariaveracruz.com.br/inpruv-dk-50000ui-100mcg-apsen-4-comprimidos/p
VeraCruz;7891317014544;Dáiva 150mg + 10mg/ampola Solução Injetável 1 ampola com 1ml;Disponível;0;0;0;0;0;Saúde Feminina > Anticoncepcionais;12581;https://www.drogariaveracruz.com.br/daiva-150mg-10mgampola-solucao-injetavel-1-ampola-com-1ml/p
VeraCruz;7891058005948;Dorflex Max 4 comprimidos;Disponível;9,40;7,77;-17.3%;8,18;-13.0%;Dor e Febre > Analgésico;21557;https://www.drogariaveracruz.com.br/dorflex-max-4-comprimidos/p
VeraCruz;7896004715568;Furoato de Momentasona Pomada 20g;Disponível;39,92;37,92;-5.0%;39,92;-0.0%;Dor e Febre > Anti-Inflamatórios;27325;https://www.drogariaveracruz.com.br/furoato-de-momentasona-pomada-20g/p
VeraCruz;7896382709111;Mounjaro Tirzepatida 2,5mg Solução Injetável 0,5ml + 4 Canetas Aplicadoras;Disponível;1907,29;1811,93;-5.0%;635,76;-66.7%;Diabetes;26338;https://www.drogariaveracruz.com.br/mounjaro-tirzepatida-25mg-solucao-injetavel-05ml-4-canetas-aplicadoras/p
VeraCruz;7896658040221;Feminique Conti 3mg + 0,03mg 28 comprimidos;Disponível;70,23;56,04;-20.2%;58,99;-16.0%;Saúde Feminina > Anticoncepcionais;21074;https://www.drogariaveracruz.com.br/feminique-conti-3mg-003mg-28-comprimidos/p
VeraCruz;7891058169015;Allegra 180mg 10 comprimidos revestidos;Disponível;89,90;72,60;-19.2%;76,42;-15.0%;Alergias;17652;https://www.drogariaveracruz.com.br/antialergico-allegra-180mg-10-comprimidos-revestidos/p
VeraCruz;7896016807404;Eliquis 2,5mg 60 comprimidos revestidos;Disponível;0;0;0;0;0;Sistema Circulatório > Circulação;10578;https://www.drogariaveracruz.com.br/eliquis-25mg-60-comprimidos-revestidos/p
VeraCruz;7891317487348;VERSA - 80mg, 2 seringas preenchidas com 0,8mL de solução de uso subcutâneo ou intravenoso + sistema de segurança;Disponível;0;0;0;0;0;Sistema Circulatório > Circulação;10844;https://www.drogariaveracruz.com.br/versa-80mg-2-seringas-preenchidas-com-08ml-de-solucao-de-uso-subcutaneo-ou-intravenoso-sistema-de-seguranca/p
VeraCruz;7896676432602;TRAMADON 100MG C/10 CPR;Disponível;94,54;67,36;-28.7%;70,91;-25.0%;Psicotrópicos;24660;https://www.drogariaveracruz.com.br/tramadon-100mg-c10-cpr/p
VeraCruz;7891721019067;Floratil Pack 250mg + 200mg 6 envelopes;Disponível;0;0;0;0;0;Digestão > Laxantes e Reguladores Intestinais;18242;https://www.drogariaveracruz.com.br/floratil-pack-250mg-200mg-6-envelopes/p
VeraCruz;7896641812279;Omcilon-A Orabase 1mg/g Pomada 10g;Disponível;27,07;21,86;-19.2%;23,01;-15.0%;Pele e Mucosa;16348;https://www.drogariaveracruz.com.br/pomada-omcilon-a-orabase-1mgg-aspen-10g/p
VeraCruz;7896112406495;Cronobê Complex Nitrato de Tiamina 100mg + Cloridrato de Piridoxina 100mg + Cianocobalamina 5mg Com 30 comprimidos;Disponível;96,41;76,02;-21.1%;80,02;-17.0%;Dor e Febre > Contusão e Relaxante Muscular;26300;https://www.drogariaveracruz.com.br/cronobe-complex-nitrato-de-tiamina-100mg-cloridrato-de-piridoxina-100mg-cianocobalamina-5mg-com-30-comprimidos/p
VeraCruz;7891721027437;Glifage 850mg 30 comprimidos revestidos;Disponível;40,81;32,18;-21.1%;33,87;-17.0%;Diabetes;12655;https://www.drogariaveracruz.com.br/glifage-850mg-30-comprimidos-revestidos/p
VeraCruz;7892953208618;Symdulor SL 10mg 10 comprimidos sublinguais;Disponível;0;0;0;0;0;Dor e Febre > Anti-Inflamatórios;20825;https://www.drogariaveracruz.com.br/symdulor-sl-10mg-10-comprimidos-sublinguais/p
VeraCruz;7896112470830;Press Plus 5mg + 10mg 30 cápsulas;Disponível;119,30;113,34;-5.0%;59,65;-50.0%;Pressão Alta > Anti-Hipertensivo;10241;https://www.drogariaveracruz.com.br/press-plus-5mg-10mg-30-capsulas/p
VeraCruz;7891317450632;Koidexa 0,5mg/5ml Elixir 20ml;Disponível;0;0;0;0;0;Dor e Febre > Anti-Inflamatórios;15436;https://www.drogariaveracruz.com.br/koidexa-05mg5ml-elixir-20ml/p
VeraCruz;7894916510004;Bramicar HCT 40mg + 12,5mg 30 comprimidos;Disponível;107,54;87,86;-18.3%;92,48;-14.0%;Pressão Alta > Anti-Hipertensivo;13505;https://www.drogariaveracruz.com.br/bramicar-hct-40mg-125mg-30-comprimidos/p
VeraCruz;7896658027802;ProVance Aché Sabor Limão 10 Comprimidos Mastigáveis;Disponível;47,90;45,51;-5.0%;47,90;-0.0%;Digestão > Laxantes e Reguladores Intestinais;12866;https://www.drogariaveracruz.com.br/provance-ache-sabor-limao-10-comprimidos-mastigaveis/p
VeraCruz;7896181918943;Alenia Refil 12mcg + 400mcg 60 cápsulas inalatórias;Disponível;159,89;151,90;-5.0%;53,30;-66.7%;Sistema Respiratório > Asma;10871;https://www.drogariaveracruz.com.br/alenia-refil-12mcg-400mcg-60-capsulas-inalatorias/p
VeraCruz;7896112402343;Doss 2.000UI Vitamina D3 30 cápsulas gelatinosas moles;Disponível;39,90;37,91;-5.0%;39,90;-0.0%;Vitaminas;19026;https://www.drogariaveracruz.com.br/suplemento-alimentar-doss-2000ui-vitamina-d3-30-capsulas-gelatinosas-moles/p
VeraCruz;7896261012523;Diovan Amlo Fix 160mg + 10mg 28 comprimidos revestidos;Disponível;0;0;0;0;0;Pressão Alta > Anti-Hipertensivo;16017;https://www.drogariaveracruz.com.br/diovan-amlo-fix-160mg-10mg-28-comprimidos-revestidos/p
VeraCruz;7896094999978;Dramin B6 30 comprimidos revestidos;Disponível;25,51;18,17;-28.8%;19,13;-25.0%;Digestão > Náuseas;16087;https://www.drogariaveracruz.com.br/dramin-b6-30-comprimidos-revestidos/p
VeraCruz;7891045035040;Magnésia Bisurada Sabor Menta 40 pastilhas;Disponível;53,95;47,66;-11.7%;50,17;-7.0%;Digestão > Azia e Má Digestão;16238;https://www.drogariaveracruz.com.br/magnesia-bisurada-sabor-menta-40-pastilhas/p
VeraCruz;7896658034688;Levofloxacino Livepax 750mg 7 comprimidos;Disponível;103,12;85,22;-17.4%;89,71;-13.0%;Antibióticos;23990;https://www.drogariaveracruz.com.br/levofloxacino-livepax-750mg-7-comprimidos/p
VeraCruz;7891317018559;AMALFI 20 MG C/30 CPS;Disponível;133,03;97,31;-26.9%;51,22;-61.5%;Psicotrópicos;24670;https://www.drogariaveracruz.com.br/amalfi-20-mg-c30-cps/p
VeraCruz;7896094210875;LAKOS 150MG C/60 CPR C1;Disponível;0;0;0;0;0;Psicotrópicos;24639;https://www.drogariaveracruz.com.br/lakos-150mg-c60-cpr-c1/p
VeraCruz;7896658039263;MENSYVA 100MG C/30 CPR REV C1;Disponível;0;0;0;0;0;Psicotrópicos;24907;https://www.drogariaveracruz.com.br/mensyva-100mg-c30-cpr-rev-c1/p
VeraCruz;7896094917385;Fluidificante e Descongestionante Nasal Rinosoro Jet Infantil 0,9% 100ml;Disponível;50,14;44,30;-11.6%;46,63;-7.0%;Sistema Respiratório > Descongestionantes;15685;https://www.drogariaveracruz.com.br/fluidificante-e-descongestionante-nasal-rinosoro-jet-infantil-09-100ml/p
VeraCruz;7898430192425;Venolise 26,7mg 30 comprimidos revestidos;Disponível;127,04;108,62;-14.5%;57,17;-55.0%;Sistema Circulatório > Varizes;10839;https://www.drogariaveracruz.com.br/venolise-267mg-30-comprimidos-revestidos/p
VeraCruz;7891058003241;Clexane 60mg, 2 seringas preenchidas com 0,6mL de solução de uso subcutâneo ou intramuscular + sistema de segurança;Disponível;0;0;0;0;0;Sistema Circulatório > Circulação;11329;https://www.drogariaveracruz.com.br/clexane-60mg-2-seringas-preenchidas-com-06ml-de-solucao-de-uso-subcutaneo-ou-intramuscular-sistema-de-seguranca/p
VeraCruz;7891058018627;Suplemento Vitamínico Depura 500UI/Gota 10ml;Disponível;0;0;0;0;0;Vitaminas;12605;https://www.drogariaveracruz.com.br/suplemento-vitaminico-depura-500uigota-10ml/p
VeraCruz;-;Succinato de Solifenacina 10mg Ranbaxy 30 comprimidos revestidos;Disponível;0;0;0;0;0;Saúde Masculina > Distúrbios Urinários;;https://www.drogariaveracruz.com.br/succinato-de-solifenacina-10mg-ranbaxy-30-comprimidos-revestidos/p
VeraCruz;7896026307048;Trayenta Duo 2,5mg + 500mg 60 comprimidos revestidos;Disponível;319,19;248,65;-22.1%;87,25;-72.7%;Diabetes;17519;https://www.drogariaveracruz.com.br/trayenta-duo-25mg-500mg-60-comprimidos-revestidos/p
VeraCruz;7891268116359;LYRICA 150 MG C/28 CPS;Disponível;0;0;0;0;0;Psicotrópicos;24557;https://www.drogariaveracruz.com.br/lyrica-150-mg-c28-cps/p
VeraCruz;7896112400035;DOSS - 2000UI, 30 cápsulas moles;Disponível;0;0;0;0;0;Vitaminas;13076;https://www.drogariaveracruz.com.br/doss-2000ui-30-capsulas-moles/p
VeraCruz;7891142203434;Alivium 400mg 20 cápsulas líquidas;Disponível;60,98;49,82;-18.3%;52,44;-14.0%;Dor e Febre > Analgésico;24041;https://www.drogariaveracruz.com.br/alivium-400mg-20-capsulas-liquidas/p
VeraCruz;7894916501415;Toragesic 10mg/ml EMS 10 comprimidos sublinguais;Disponível;0;0;0;0;0;Dor e Febre > Analgésico;12984;https://www.drogariaveracruz.com.br/toragesic-10mgml-ems-10-comprimidos-sublinguais/p
VeraCruz;7898906376670;Keflex 100mg/ml 1 Frasco Com 100ml de Suspensão de Uso Oral + Adaptador + Seringa Dosadora;Disponível;0;0;0;0;0;Antibióticos;23956;https://www.drogariaveracruz.com.br/keflex-100mgml-1-frasco-com-100ml-de-suspensao-de-uso-oral-adaptador-seringa-dosadora/p
VeraCruz;7898040325732;UNITRAM 20MG/ML GTS FR 15ML;Disponível;0;0;0;0;0;Psicotrópicos;24877;https://www.drogariaveracruz.com.br/unitram-20mgml-gts-fr-15ml/p
VeraCruz;7899095200531;FLUCANIL - 150mg, 2 cápsulas gelatinosas duras;Disponível;0;0;0;0;0;Pele e Mucosa;18249;https://www.drogariaveracruz.com.br/flucanil-150mg-2-capsulas-gelatinosas-duras/p
VeraCruz;7896637033923;Tanduo 0,5mg + 0,4mg 30 cápsulas duras de liberação prolongada;Disponível;107,40;88,77;-17.3%;93,44;-13.0%;Saúde Masculina > Próstata;23020;https://www.drogariaveracruz.com.br/tanduo-05mg-04mg-30-capsulas/p
VeraCruz;78911222;Vaporizante Descongestionante Vick VapoRub Unguento 12g;Disponível;23,21;22,05;-5.0%;23,21;-0.0%;Sistema Respiratório > Descongestionantes;17989;https://www.drogariaveracruz.com.br/vaporizante-descongestionante-vick-vaporub-unguento-12g/p
VeraCruz;7896658039232;FUSOR 10MG C/30 CPR C1;Disponível;0;0;0;0;0;Psicotrópicos;24897;https://www.drogariaveracruz.com.br/fusor-10mg-c30-cpr-c1/p
VeraCruz;7898966313356;Cranberry Pacran 500mg Com 60 Cápsulas Bioroots;Disponível;124,75;118,51;-5.0%;62,38;-50.0%;Saúde Feminina > Medicamentos Urinários;25085;https://www.drogariaveracruz.com.br/cranberry-500mg-c60-cps-bioroots/p
VeraCruz;7891268100716;Caverject - 20Mcg, 1 Frasco-Ampola Com Pó Para Solução De Uso Injetável + Seringa Com 1Ml De Diluente + 2 Agulhas;Disponível;0;0;0;0;0;-;24141;https://www.drogariaveracruz.com.br/caverject-20mcg-1-frasco-ampola-com-po-para-solucao-de-uso-injetavel-seringa-com-1ml-de-diluente-2-agulhas/p
VeraCruz;7891010986155;Tylenol 500mg 20 comprimidos revestidos;Disponível;37,44;28,10;-24.9%;29,58;-21.0%;Dor e Febre > Analgésico;17564;https://www.drogariaveracruz.com.br/analgesico-tylenol-500mg-20-comprimidos-revestidos/p
VeraCruz;7894916510554;NIKI 24 + 4 - 3mg + 0,02mg, 28 comprimidos revestidos;Disponível;0;0;0;0;0;Saúde Feminina > Anticoncepcionais;17097;https://www.drogariaveracruz.com.br/niki-24-4-3mg-002mg-28-comprimidos-revestidos/p
VeraCruz;7891106916233;Mesigyna 50mg/ml + 5mg/ml Solução Injetável 1 ampola com 1ml;Disponível;48,03;37,87;-21.2%;39,86;-17.0%;Saúde Feminina > Anticoncepcionais;16666;https://www.drogariaveracruz.com.br/mesigyna-50mgml-5mgml-solucao-injetavel-1-ampola-com-1ml/p
VeraCruz;7894916503419;Somalgin Cardio 200mg 32 comprimidos revestidos de dupla camada;Disponível;31,67;25,57;-19.3%;26,92;-15.0%;Dor e Febre > Analgésico;17917;https://www.drogariaveracruz.com.br/somalgin-cardio-200mg-32-comprimidos-revestidos-de-dupla-camada/p
VeraCruz;7896004707846;Previane Gestodeno 0,075mg + Etinilestradiol 0,020mg 21 Comprimidos;Disponível;0;0;0;0;0;Saúde Feminina > Anticoncepcionais;26822;https://www.drogariaveracruz.com.br/previane-gestodeno-0075mg-etinilestradiol-0020mg-21-comprimidos/p
VeraCruz;7891142141293;Diprosone 0,5mg/g Pomada 30g;Disponível;58,74;50,78;-13.6%;53,45;-9.0%;Dor e Febre > Anti-Inflamatórios;16076;https://www.drogariaveracruz.com.br/diprosone-05mgg-pomada-30g/p
VeraCruz;7897316805442;Zypred 3mg/ml + 10mg/ml 1 Frasco Gotejador Com 6ml de Suspensão de Uso Oftalmológico;Disponível;0;0;0;0;0;Antibióticos;23821;https://www.drogariaveracruz.com.br/zypred-3mgml-10mgml-1-frasco-gotejador-com-6ml-de-suspensao-de-uso-oftalmologico/p
VeraCruz;7896094201422;Cebralat 50mg 30 comprimidos;Disponível;0;0;0;0;0;Sistema Circulatório > Circulação;17771;https://www.drogariaveracruz.com.br/cebralat-50mg-30-comprimidos/p
VeraCruz;7891106006392;Oceral 10mg/g Creme 20g;Disponível;0;0;0;0;0;Pele e Mucosa;16306;https://www.drogariaveracruz.com.br/oceral-10mgg-creme-20g/p
VeraCruz;7899420506635;Lânico 875mg + 125mg 14 comprimidos revestidos;Disponível;0;0;0;0;0;Antibióticos;23984;https://www.drogariaveracruz.com.br/lanico-875mg-125mg-14-comprimidos-revestidos/p
VeraCruz;7896026171335;Fisiocrem Active 60ML;Disponível;55,90;53,11;-5.0%;55,90;-0.0%;Dor e Febre > Contusão e Relaxante Muscular;25490;https://www.drogariaveracruz.com.br/fisiocrem-active-60ml/p
VeraCruz;7894916512923;Restitue 40mg 30 comprimidos revestidos de liberação retardada;Disponível;78,07;63,04;-19.3%;66,36;-15.0%;Digestão > Úlcera e Gastrite;25508;https://www.drogariaveracruz.com.br/restitue-40mg-30-comprimidos-revestidos-de-liberacao-retardada/p
VeraCruz;7896094921511;Ivevi 2,5mg 28 comprimidos revestidos;Disponível;0;0;0;0;0;Oncológicos e Alto Custo;21083;https://www.drogariaveracruz.com.br/ivevi-25mg-28-comprimidos-revestidos/p
VeraCruz;7896006210306;Babydrax 4 sachês com Sais para Reidratação Oral;Disponível;0;0;0;0;0;Digestão > Laxantes e Reguladores Intestinais;10478;https://www.drogariaveracruz.com.br/babydrax-4-saches-com-sais-para-reidratacao-oral/p
VeraCruz;7898919865079;Probiótico em Pó Simfort 30 sachês com 2g cada;Disponível;159,90;151,91;-5.0%;53,30;-66.7%;Vitaminas;14271;https://www.drogariaveracruz.com.br/probiotico-em-po-simfort-30-saches-com-2g-cada/p
VeraCruz;7896006201007;Urovit 200mg 18 drágeas;Disponível;0;0;0;0;0;Saúde Feminina > Medicamentos Urinários;10802;https://www.drogariaveracruz.com.br/urovit-200mg-18-drageas/p
VeraCruz;8903855092768;Rosucor EZE 5mg +10mg 30 cápsulas duras;Disponível;71,11;51,34;-27.8%;54,04;-24.0%;Colesterol e Triglicerídeos;23749;https://www.drogariaveracruz.com.br/rosucor-eze-5mg-10mg-30-capsulas-duras/p
VeraCruz;7898906376663;Keflex 50mg/ml 1 Frasco Com 100ml de Suspensão de Uso Oral + Colher Dosadora;Disponível;149,93;116,79;-22.1%;61,47;-59.0%;Antibióticos;23954;https://www.drogariaveracruz.com.br/keflex-50mgml-1-frasco-com-100ml-de-suspensao-de-uso-oral-colher-dosadora/p
VeraCruz;7896658020315;Descongestionante Nasal Sorine SSC 0,9% Spray 50ml;Disponível;33,23;28,73;-13.5%;30,24;-9.0%;Sistema Respiratório > Descongestionantes;11137;https://www.drogariaveracruz.com.br/descongestionante-nasal-sorine-ssc-09-spray-50ml/p
VeraCruz;7896658022210;VIE 10MG C/60 CPR;Disponível;0;0;0;0;0;Psicotrópicos;24610;https://www.drogariaveracruz.com.br/vie-10mg-c60-cpr/p
VeraCruz;7897322710457;Lisador 4 comprimidos;Disponível;12,55;10,97;-12.6%;11,55;-8.0%;Dor e Febre > Analgésico;15826;https://www.drogariaveracruz.com.br/lisador-4-comprimidos/p
VeraCruz;7891317015121;MANTIDAN 100 MG C/30 CPR;Disponível;38,94;29,59;-24.0%;31,15;-20.0%;Psicotrópicos;24621;https://www.drogariaveracruz.com.br/mantidan-100-mg-c30-cpr/p
VeraCruz;7891317158224;GESICO DUO 37,5+325MG C/10 CPS;Disponível;38,39;29,17;-24.0%;30,71;-20.0%;Psicotrópicos;24683;https://www.drogariaveracruz.com.br/gesico-duo-375325mg-c10-cps/p
VeraCruz;7896637022804;TRIANCIL - 20mg/mL, 1 frasco com 5mL de suspensão de uso intra-articular;Disponível;0;0;0;0;0;Para os Ossos > Artrite e Artrose;17524;https://www.drogariaveracruz.com.br/triancil-20mgml-1-frasco-com-5ml-de-suspensao-de-uso-intra-articular/p
VeraCruz;7896241241462;Aradois 25mg 60 comprimidos revestidos;Disponível;101,90;78,41;-23.1%;82,54;-19.0%;Pressão Alta > Anti-Hipertensivo;11296;https://www.drogariaveracruz.com.br/aradois-25mg-60-comprimidos-revestidos/p
VeraCruz;7896094200432;Sumax 50mg 2 comprimidos revestidos;Disponível;33,81;26,98;-20.2%;28,40;-16.0%;Dor e Febre > Enxaqueca;17942;https://www.drogariaveracruz.com.br/sumax-50mg-2-comprimidos-revestidos/p
VeraCruz;7896658026065;Trezor 5mg 30 comprimidos;Disponível;34,73;27,39;-21.1%;28,83;-17.0%;Colesterol e Triglicerídeos;13045;https://www.drogariaveracruz.com.br/trezor-5mg-30-comprimidos/p
VeraCruz;7894916501613;Velamox 400mg/5ml 1 Frasco Com 100ml de Pó Para Suspensão de Uso Oral + Copo Medidor + Seringa Dosadora;Disponível;0;0;0;0;0;Antibióticos;23817;https://www.drogariaveracruz.com.br/velamox-400mg5ml-1-frasco-com-100ml-de-po-para-suspensao-de-uso-oral-copo-medidor-seringa-dosadora/p
VeraCruz;7897337716567;Nuvaring 11,7mg + 2,7mg 1 sachê com 1 anel de uso ginecológico;Disponível;121,24;93,29;-23.1%;98,20;-19.0%;Saúde Feminina > Anticoncepcionais;20227;https://www.drogariaveracruz.com.br/nuvaring-117mg-27mg-1-sache-com-1-anel-de-uso-ginecologico/p
VeraCruz;7898906376403;Trifamox Ibl Bd 875mg + 125mg 14 comprimidos revestidos;Disponível;165,45;130,45;-21.2%;68,66;-58.5%;Antibióticos;23920;https://www.drogariaveracruz.com.br/trifamox-ibl-bd-875mg-125mg-14-comprimidos-revestidos/p
VeraCruz;7898244720630;Maresis Flex Alto Volume 30 sachês + frasco aplicador;Disponível;0;0;0;0;0;Sistema Respiratório > Descongestionantes;22809;https://www.drogariaveracruz.com.br/maresis-flex-alto-volume-30-saches-frasco-aplicador/p
VeraCruz;7896714212821;Iverneo 6mg 2 comprimidos;Disponível;0;0;0;0;0;Vermes e Parasitas;14872;https://www.drogariaveracruz.com.br/iverneo-6mg-2-comprimidos/p
VeraCruz;7899420507519;ALPES XL 300MG C/30 CPR;Disponível;0;0;0;0;0;Psicotrópicos;24920;https://www.drogariaveracruz.com.br/alpes-xl-300mg-c30-cpr/p
VeraCruz;7896241235461;Depomês 25mg/ml + 5mg/ml Suspensão Injetável 1 ampola com 1ml;Disponível;0;0;0;0;0;Saúde Feminina > Anticoncepcionais;16603;https://www.drogariaveracruz.com.br/depomes-25mgml-5mgml-suspensao-injetavel-1-ampola-com-1ml/p
VeraCruz;7896261010451;Aclasta 5mg 100ml;Disponível;0;0;0;0;0;Oncológicos e Alto Custo;20572;https://www.drogariaveracruz.com.br/aclasta-5mg-100ml/p
VeraCruz;7898100264018;Biovicerin 6 flaconetes com 5ml cada;Disponível;48,87;38,53;-21.2%;40,56;-17.0%;Digestão > Laxantes e Reguladores Intestinais;19629;https://www.drogariaveracruz.com.br/biovicerin-6-flaconetes-com-5ml-cada/p
VeraCruz;5702150152169;REXULTI 1MG C/30 CPR;Disponível;0;0;0;0;0;Psicotrópicos;24614;https://www.drogariaveracruz.com.br/rexulti-1mg-c30-cpr/p
VeraCruz;7896094999992;Neosaldina 30 drágeas;Disponível;47,98;36,01;-24.9%;37,90;-21.0%;Dor e Febre > Analgésico;18384;https://www.drogariaveracruz.com.br/neosaldina-30-drageas/p
VeraCruz;7896548198865;Florate Solução Oftálmica 1mg/ml 5ml;Disponível;0;0;0;0;0;Alergias;18235;https://www.drogariaveracruz.com.br/solucao-oftalmica-florate-1mgml-5ml/p
VeraCruz;7891106914024;Neovlar 0,25mg + 0,05mg 21 drágeas;Disponível;9,76;6,95;-28.8%;7,32;-25.0%;Saúde Feminina > Anticoncepcionais;16768;https://www.drogariaveracruz.com.br/neovlar-025mg-005mg-21-drageas/p
VeraCruz;7891106915410;Gino-Canesten Balance 7 bisnagas aplicadoras 5ml cada;Disponível;79,90;75,91;-5.0%;79,90;-0.0%;Saúde Feminina > Creme e óvulos vaginais;20540;https://www.drogariaveracruz.com.br/gino-canesten-balance-7-bisnagas-aplicadoras-5ml-cada/p
VeraCruz;7891058007201;Amaryl 3mg, 30 comprimidos;Disponível;0;0;0;0;0;Diabetes;10908;https://www.drogariaveracruz.com.br/amaryl-3mg-30-comprimidos/p
VeraCruz;7896006297970;Biogripe 10 cápsulas;Disponível;14,46;7,28;-49.7%;7,66;-47.0%;Sistema Respiratório > Antigripais;22155;https://www.drogariaveracruz.com.br/biogripe-10-capsulas/p
VeraCruz;7898582380183;Belara 2mg + 0,03mg 21 comprimidos revestidos;Disponível;68,01;51,04;-25.0%;53,73;-21.0%;Saúde Feminina > Anticoncepcionais;17680;https://www.drogariaveracruz.com.br/belara-2mg-003mg-21-comprimidos-revestidos/p
VeraCruz;7896004775036;Passare 900mg + 100mg 60 comprimidos revestidos;Disponível;0;0;0;0;0;Sistema Circulatório > Circulação;22233;https://www.drogariaveracruz.com.br/passare-900mg-100mg-60-comprimidos-revestidos/p
VeraCruz;7896006201564;CLIMENE - (2mg) + (2mg + 1mg), 21 drágeas;Disponível;42,72;30,44;-28.7%;32,04;-25.0%;Hormônios;25510;https://www.drogariaveracruz.com.br/climene-2mg-2mg-1mg-21-drageas/p
VeraCruz;7896112406242;Livalo 4mg 60 comprimidos revestidos;Disponível;316,21;225,30;-28.7%;79,05;-75.0%;Colesterol e Triglicerídeos;20612;https://www.drogariaveracruz.com.br/livalo-4mg-60-comprimidos-revestidos/p
VeraCruz;7896112402053;Solução Nasal Sinusec Spray 30ml;Disponível;68,25;57,06;-16.4%;60,06;-12.0%;Sistema Respiratório > Descongestionantes;14022;https://www.drogariaveracruz.com.br/solucao-nasal-sinusec-spray-30ml/p
VeraCruz;7896523201450;Leite de Magnésia 80mg/ml Sabor Hortelã 120ml;Disponível;0;0;0;0;0;Digestão > Azia e Má Digestão;20894;https://www.drogariaveracruz.com.br/leite-de-magnesia-80mgml-sabor-hortela-120ml/p
VeraCruz;7899640807222;MANTIDAN 100 MG C/20 CPR;Disponível;0;0;0;0;0;Psicotrópicos;24549;https://www.drogariaveracruz.com.br/mantidan-100-mg-c20-cpr/p
VeraCruz;7891317123604;Ésio 40mg 28 comprimidos revestidos;Disponível;203,68;156,73;-23.1%;54,99;-73.0%;Digestão > Úlcera e Gastrite;17086;https://www.drogariaveracruz.com.br/esio-40mg-28-comprimidos-revestidos/p
VeraCruz;7896004777221;Facoba Colirio 5ml;Disponível;47,13;40,75;-13.5%;42,89;-9.0%;Antibióticos;24437;https://www.drogariaveracruz.com.br/facoba-colirio-5ml/p
VeraCruz;7896094203051;Elani Ciclo 3mg + 0,03mg 63 comprimidos revestidos;Disponível;174,08;124,03;-28.8%;65,28;-62.5%;Saúde Feminina > Anticoncepcionais;10575;https://www.drogariaveracruz.com.br/elani-ciclo-3mg-003mg-63-comprimidos-revestidos/p
VeraCruz;7896658012402;Meritor 2mg + 1000mg 30 comprimidos revestidos;Disponível;66,38;52,35;-21.1%;55,10;-17.0%;Diabetes;16641;https://www.drogariaveracruz.com.br/meritor-2mg-1000mg-30-comprimidos-revestidos/p
VeraCruz;7896004728704;Suavicid Legrand Bisnaga com 30g;Disponível;224,52;202,63;-9.7%;71,10;-68.3%;Pele e Mucosa;18533;https://www.drogariaveracruz.com.br/suavicid-legrand-bisnaga-com-30g/p
VeraCruz;7896422528719;Zinpass 10mg 30 comprimidos revestidos;Disponível;68,71;52,88;-23.0%;55,66;-19.0%;Colesterol e Triglicerídeos;18036;https://www.drogariaveracruz.com.br/zinpass-10mg-30-comprimidos-revestidos/p
VeraCruz;7898096577857;Arflex Retard 200mg 12 cápsulas de ação prolongada;Disponível;97,38;73,08;-25.0%;76,93;-21.0%;Dor e Febre > Anti-Inflamatórios;11304;https://www.drogariaveracruz.com.br/arflex-retard-200mg-12-capsulas-de-acao-prolongada/p
VeraCruz;7896637026222;Digeliv 400GaIU 30 sachês com 2g cada;Disponível;100,29;72,41;-27.8%;76,22;-24.0%;Digestão > Azia e Má Digestão;12090;https://www.drogariaveracruz.com.br/digeliv-400-gaiu-30-saches-com-2g-cada/p
VeraCruz;7896070603271;Nootropil 800mg 30 comprimidos revestidos;Disponível;48,15;36,59;-24.0%;38,52;-20.0%;Sistema Nervoso > Medicamentos Antivertiginosos: Ginkgo, Tanakan, Equitam;11978;https://www.drogariaveracruz.com.br/nootropil-800mg-30-comprimidos-revestidos/p
VeraCruz;7908134200392;Gynpro 100mg 30 cápsulas moles;Disponível;80,72;62,11;-23.1%;65,38;-19.0%;Saúde Feminina > Reposição Hormonal;21176;https://www.drogariaveracruz.com.br/gynpro-100mg-30-capsulas-moles/p
VeraCruz;7896226102139;Monaless 600mg 30 cápsulas gelatinosas moles;Disponível;0;0;0;0;0;Colesterol e Triglicerídeos;13021;https://www.drogariaveracruz.com.br/monaless-600mg-30-capsulas-gelatinosas-moles/p
VeraCruz;7891106914512;Femiane 0,075mg + 0,020mg 21 drágeas;Disponível;0;0;0;0;0;Saúde Feminina > Anticoncepcionais;15296;https://www.drogariaveracruz.com.br/femiane-0075mg-0020mg-21-drageas/p
VeraCruz;7590002032817;Vaporizante Descongestionante Vick VapoRub Unguento 30g;Disponível;52,59;47,46;-9.8%;49,96;-5.0%;Sistema Respiratório > Descongestionantes;17990;https://www.drogariaveracruz.com.br/vaporizante-descongestionante-vick-vaporub-unguento-30g/p
VeraCruz;7896548112908;Tobradex 3mg/ml + 1mg/ml 1 Frasco Gotejador Com 5ml de Suspensão de Uso Oftalmológico;Disponível;49,21;41,14;-16.4%;43,30;-12.0%;Antibióticos;23860;https://www.drogariaveracruz.com.br/tobradex-3mgml-1mgml-1-frasco-gotejador-com-5ml-de-suspensao-de-uso-oftalmologico/p
VeraCruz;7891106915342;Yaz 3mg + 0,02mg 24 + 4 comprimidos revestidos;Disponível;0;0;0;0;0;Saúde Feminina > Anticoncepcionais;18020;https://www.drogariaveracruz.com.br/yaz-3mg-002mg-24-4-comprimidos-revestidos/p
VeraCruz;7896677706856;Endorus Solução Gotas 10ml + Seringa Dosadora;Disponível;115,54;109,76;-5.0%;57,77;-50.0%;Saúde Feminina > Cólica;26825;https://www.drogariaveracruz.com.br/endorus-solucao-gotas-10ml-seringa-dosadora/p
VeraCruz;7891317029241;Quepsia Lp 300Mg C/10 Cpr;Disponível;167,76;159,37;-5.0%;55,92;-66.7%;Psicotrópicos;24668;https://www.drogariaveracruz.com.br/quepsia-lp-300mg-c10-cpr/p
VeraCruz;7896026304016;Micardis HCT 80mg + 25mg 30 comprimidos;Disponível;0;0;0;0;0;Pressão Alta > Anti-Hipertensivo;11826;https://www.drogariaveracruz.com.br/micardis-hct-80mg-25mg-30-comprimidos/p
VeraCruz;7891317039738;Dapagliflozina 10mg Com 30 comprimidos Eurofarma Genérico;Disponível;143,50;109,06;-24.0%;57,40;-60.0%;Diabetes;26498;https://www.drogariaveracruz.com.br/dapagliflozina-10mg-com-30-comprimidos-eurofarma-generico/p
VeraCruz;7896006234067;Ciclo 21 União Química 21 comprimidos;Disponível;11,05;10,50;-5.0%;11,05;-0.0%;Saúde Feminina > Anticoncepcionais;15213;https://www.drogariaveracruz.com.br/ciclo-21-uniao-quimica-21-comprimidos/p
VeraCruz;7896331707106;Hederaflux 7mg/ml Xarope 100ml;Disponível;28,83;14,52;-49.6%;15,28;-47.0%;Sistema Respiratório > Tosse;12673;https://www.drogariaveracruz.com.br/hederaflux-7mgml-xarope-100ml/p
VeraCruz;7896658034237;Nautex 8mg 10 Comprimidos;Disponível;70,91;58,61;-17.3%;61,69;-13.0%;Digestão > Náuseas;19055;https://www.drogariaveracruz.com.br/nautex-8mg-10-comprimidos/p
VeraCruz;7896094201378;Libiam 1,25mg 28 comprimidos revestidos;Disponível;69,72;54,31;-22.1%;57,17;-18.0%;Hormônios;11110;https://www.drogariaveracruz.com.br/libiam-125mg-28-comprimidos-revestidos/p
VeraCruz;7897316806081;Ganfort UD 0,3mg/ml 5,0mg/ml 30 flaconetes com 0,4mL de solução de uso oftalmológico;Disponível;236,36;197,60;-16.4%;69,33;-70.7%;Olhos > Lubrificantes e Colírios;13548;https://www.drogariaveracruz.com.br/ganfort-03mgml-50mgml-30-flaconetes-com-04ml-de-solucao-de-uso-oftalmologico/p
VeraCruz;7896094907324;Engov 24 comprimidos;Disponível;35,16;28,39;-19.3%;29,88;-15.0%;Digestão > Azia e Má Digestão;10594;https://www.drogariaveracruz.com.br/engov-24-comprimidos/p
VeraCruz;7898040323905;Junno 200mg 14 cápsulas moles;Disponível;77,70;61,27;-21.1%;64,49;-17.0%;Hormônios;20235;https://www.drogariaveracruz.com.br/junno-200mg-14-capsulas-moles/p
VeraCruz;7896004775340;Sigmatriol 0,25mcg 30 cápsulas gelatinosas moles;Disponível;193,85;165,75;-14.5%;58,16;-70.0%;Vitaminas;12479;https://www.drogariaveracruz.com.br/sigmatriol-025mcg-30-capsulas-gelatinosas-moles/p
VeraCruz;5060632506146;Actonel Chronos 35mg 4 comprimidos revestidos de liberação retardada;Disponível;271,82;206,59;-24.0%;72,49;-73.3%;Para os Ossos > Osteoporose;17343;https://www.drogariaveracruz.com.br/actonel-chronos-35mg-4-comprimidos-revestidos-de-liberacao-retardada/p
VeraCruz;7891317025571;Trok 20mg/g + 0,64mg/g Creme Dermatológico 30g;Disponível;41,06;34,71;-15.5%;36,54;-11.0%;Pele e Mucosa;17536;https://www.drogariaveracruz.com.br/trok-20mgg-064mgg-creme-dermatologico-30g/p
VeraCruz;7896658004292;Biofenac DI 50mg 10 comprimidos dispersíveis;Disponível;21,48;18,16;-15.5%;19,12;-11.0%;Dor e Febre > Anti-Inflamatórios;17717;https://www.drogariaveracruz.com.br/biofenac-di-50mg-10-comprimidos-dispersiveis/p
VeraCruz;7894916514903;Bexai 35mg 20 capsúlas;Disponível;0;0;0;0;0;Dor e Febre > Anti-Inflamatórios;18955;https://www.drogariaveracruz.com.br/bexai-35mg-20-capsulas-ems/p
VeraCruz;7908236800070;CELEBRA 200 MG C/30 CPS;Disponível;0;0;0;0;0;Psicotrópicos;24793;https://www.drogariaveracruz.com.br/celebra-200-mg-c30-cps/p
VeraCruz;7891040130849;Protetor Ocular Nexcare Grande 12un;Disponível;37,90;30,61;-19.2%;32,22;-15.0%;Olhos > Protetor Ocular;12859;https://www.drogariaveracruz.com.br/protetor-ocular-nexcare-grande-12un/p
VeraCruz;7896672202681;Clenil A 400mcg/ml 10 flaconetes com 2ml cada;Disponível;92,46;72,03;-22.1%;75,82;-18.0%;Sistema Respiratório > Asma;18107;https://www.drogariaveracruz.com.br/clenil-a-400mcgml-10-flaconetes-com-2ml-cada/p
VeraCruz;7896658005763;Prelone 5mg 20 comprimidos;Disponível;26,10;21,82;-16.4%;22,97;-12.0%;Dor e Febre > Anti-Inflamatórios;10670;https://www.drogariaveracruz.com.br/prelone-5mg-20-comprimidos/p
VeraCruz;7898962943106;Luftal Gel Caps Simeticona 125mg 30 cápsulas;Disponível;0;0;0;0;0;Digestão > Antigases;26828;https://www.drogariaveracruz.com.br/luftal-gel-caps-simeticona-125mg-30-capsulas/p
VeraCruz;310119052440;Solução para Lentes Rígidas Boston Simplus Multiação 120ml;Disponível;89,10;70,25;-21.2%;73,95;-17.0%;Olhos > Produtos para Lentes;17409;https://www.drogariaveracruz.com.br/solucao-para-lentes-rigidas-boston-simplus-multiacao-120ml/p
VeraCruz;7894916509350;CYMBI 60 MG C/30 CPS;Disponível;0;0;0;0;0;Psicotrópicos;24566;https://www.drogariaveracruz.com.br/cymbi-60-mg-c30-cps/p
VeraCruz;7897411610767;Lactulona 667mg/ml Xarope Sabor Salada de Frutas 120ml;Disponível;62,02;53,62;-13.5%;56,44;-9.0%;Digestão > Laxantes e Reguladores Intestinais;17817;https://www.drogariaveracruz.com.br/lactulona-667mgml-xarope-sabor-salada-de-frutas-120ml/p
VeraCruz;7891106916660;Aspdip 500mg 30 Comprimidos;Disponível;30,42;28,90;-5.0%;30,42;-0.0%;Dor e Febre;26827;https://www.drogariaveracruz.com.br/aspdip-500mg-30-comprimidos/p
VeraCruz;7896676438178;Dermacerium Hs Gel 1% + 04% 1 Bisnaga Com 15G de Gel de Uso dermatológico;Disponível;0;0;0;0;0;Antibióticos;23974;https://www.drogariaveracruz.com.br/dermacerium-hs-gel-1-04-1-bisnaga-com-15g-de-gel-de-uso-dermatologico/p
VeraCruz;7896006219095;Teflan 20mg 10 comprimidos revestidos;Disponível;57,47;44,22;-23.1%;46,55;-19.0%;Dor e Febre > Anti-Inflamatórios;16487;https://www.drogariaveracruz.com.br/teflan-20mg-10-comprimidos-revestidos/p
VeraCruz;7896226500201;RIVOTRIL 0,5 MG C/20 CPR;Disponível;0;0;0;0;0;Psicotrópicos;24756;https://www.drogariaveracruz.com.br/rivotril-05-mg-c20-cpr/p
VeraCruz;7898906846548;Óleo de Girassol Skinage 200ml;Disponível;41,10;35,53;-13.6%;37,40;-9.0%;Pele e Mucosa;17901;https://www.drogariaveracruz.com.br/oleo-de-girassol-skinage-200ml/p
VeraCruz;7896523208176;Paracetamol 200mg/ml Cimed 15ml;Disponível;0;0;0;0;0;Dor e Febre > Analgésico;15903;https://www.drogariaveracruz.com.br/paracetamol-200mgml-cimed-15ml/p
VeraCruz;7896094201002;Caltren 20mg 30 comprimidos;Disponível;163,82;122,95;-24.9%;64,71;-60.5%;Pressão Alta > Anti-Hipertensivo;10561;https://www.drogariaveracruz.com.br/caltren-20mg-30-comprimidos/p
VeraCruz;7896658008542;Mirtax 5mg 15 comprimidos revestidos;Disponível;18,83;16,82;-10.7%;17,70;-6.0%;Dor e Febre > Anti-Inflamatórios;16683;https://www.drogariaveracruz.com.br/mirtax-5mg-15-comprimidos-revestidos/p
VeraCruz;7896206402976;Nexium 40mg 28 comprimidos revestidos;Disponível;0;0;0;0;0;Digestão > Úlcera e Gastrite;11941;https://www.drogariaveracruz.com.br/nexium-40mg-28-comprimidos-revestidos/p
VeraCruz;7896658034985;REVANGE C/30 CPR;Disponível;0;0;0;0;0;Psicotrópicos;24264;https://www.drogariaveracruz.com.br/revange-c30-cpr/p
VeraCruz;7896112148852;Beneum 300mg 30 comprimidos revestidos;Disponível;35,19;26,74;-24.0%;28,15;-20.0%;Vitaminas;17688;https://www.drogariaveracruz.com.br/beneum-300mg-30-comprimidos-revestidos/p
VeraCruz;7896070601772;Bi-Profenid 150mg 10 comprimidos revestidos de liberação prolongada;Disponível;85,26;68,04;-20.2%;71,62;-16.0%;Dor e Febre > Anti-Inflamatórios;10955;https://www.drogariaveracruz.com.br/bi-profenid-150mg-10-comprimidos-revestidos-de-liberacao-prolongada/p
VeraCruz;7896004817569;Bálsamo Bengué Pomada 20g;Disponível;28,41;21,05;-25.9%;22,16;-22.0%;Dor e Febre > Anti-Inflamatórios;10488;https://www.drogariaveracruz.com.br/balsamo-bengue-pomada-20g/p
VeraCruz;7896094904156;Melhoral Adulto 8 comprimidos;Disponível;14,49;12,53;-13.5%;13,19;-9.0%;Dor e Febre > Analgésico;16632;https://www.drogariaveracruz.com.br/melhoral-adulto-8-comprimidos/p
VeraCruz;7894916507240;Rusovas 20mg 30 comprimidos revestidos;Disponível;0;0;0;0;0;Colesterol e Triglicerídeos;10738;https://www.drogariaveracruz.com.br/rusovas-20mg-30-comprimidos-revestidos/p
VeraCruz;7894916325868;Mucos Expec Acetilcisteína 600mg Legrand Sabor Laranja 10 Envelopes de 5g Cada;Disponível;46,68;35,47;-24.0%;37,34;-20.0%;Sistema Respiratório > Expectorante;26203;https://www.drogariaveracruz.com.br/mucos-expec-acetilcisteina-600mg-legrand-sabor-laranja-10-envelopes-de-5g-cada/p
VeraCruz;7897930761322;Tetralysal 300mg 28 Cápsulas Gelatinosas Duras;Disponível;355,07;286,72;-19.2%;100,60;-71.7%;Antibióticos;23971;https://www.drogariaveracruz.com.br/tetralysal-300mg-28-capsulas-gelatinosas-duras/p
VeraCruz;7891317000042;PACO - 500mg + 30mg, 24 comprimidos;Disponível;61,55;48,54;-21.1%;51,09;-17.0%;Psicotrópicos;24247;https://www.drogariaveracruz.com.br/paco-500mg-30mg-24-comprimidos/p
VeraCruz;7898687730616;Vitamina D 500UI Althaia Gotas 20ml;Disponível;0;0;0;0;0;Vitaminas;14008;https://www.drogariaveracruz.com.br/vitamina-d-500ui-althaia-gotas-20ml/p
VeraCruz;7896094208353;COGLIVE 24MG C/30 CPS;Disponível;237,71;162,59;-31.6%;57,05;-76.0%;Psicotrópicos;24829;https://www.drogariaveracruz.com.br/coglive-24mg-c30-cps/p
VeraCruz;7896658035975;Allestra 15 60mcg + 15mcg 28 comprimidos;Disponível;29,57;23,60;-20.2%;24,84;-16.0%;Saúde Feminina > Anticoncepcionais;14509;https://www.drogariaveracruz.com.br/allestra-15-60mcg-15mcg-28-comprimidos/p
VeraCruz;7897595902085;SULPAN C/20 CPS;Disponível;44,31;34,94;-21.1%;36,78;-17.0%;Psicotrópicos;24473;https://www.drogariaveracruz.com.br/sulpan-c20-cps/p
VeraCruz;7896006290100;Cylocort 3mg/ml + 1mg/ml 1 Frasco Gotejador Com 5ml de Solução de Uso Oftalmológico;Disponível;42,00;32,32;-23.0%;34,02;-19.0%;Antibióticos;23286;https://www.drogariaveracruz.com.br/cylocort-3mgml-1mgml-1-frasco-gotejador-com-5ml-de-solucao-de-uso-oftalmologico/p
VeraCruz;20800750165;Metamucil Sabor Laranja 10 sachês com 5,85g;Disponível;73,23;64,00;-12.6%;67,37;-8.0%;Digestão > Laxantes e Reguladores Intestinais;16661;https://www.drogariaveracruz.com.br/metamucil-sabor-laranja-10-saches-com-585g/p
VeraCruz;7896637030014;Traturil Fosfomicina Trometamol 5,631g/8g Granulado 2 envelopes de 8g cada;Disponível;132,15;109,22;-17.4%;57,49;-56.5%;Antibióticos;23995;https://www.drogariaveracruz.com.br/traturil-5631g-2-envelopes-com-8g-de-granulado-de-uso-oral/p
VeraCruz;7899095200098;LORITIL - 10mg, 12 comprimidos;Disponível;0;0;0;0;0;Alergias;15869;https://www.drogariaveracruz.com.br/loritil-10mg-12-comprimidos/p
VeraCruz;7891058017101;Adesivo Flexível Dorflex Icy Hot Grande 5un;Disponível;31,43;27,17;-13.6%;28,60;-9.0%;Dor e Febre > Analgésico;12127;https://www.drogariaveracruz.com.br/adesivo-flexivel-dorflex-icy-hot-grande-5un/p
VeraCruz;7894916505673;Ceclor Bd 500mg 10 comprimidos revestidos;Disponível;109,42;86,28;-21.1%;90,82;-17.0%;Antibióticos;23826;https://www.drogariaveracruz.com.br/ceclor-bd-500mg-10-comprimidos-revestidos/p
VeraCruz;7896004775388;Olmy Anlo 40mg + 10mg 30 comprimidos revestidos;Disponível;0;0;0;0;0;Pressão Alta;22254;https://www.drogariaveracruz.com.br/olmy-anlo-40mg-10mg-30-comprimidos-revestidos/p
VeraCruz;7896094922204;Eparema Sabor Hortelã 12 flaconetes de 10ml cada;Disponível;59,49;46,91;-21.1%;49,38;-17.0%;Digestão > Azia e Má Digestão;20308;https://www.drogariaveracruz.com.br/eparema-sabor-hortela-12-flaconetes-de-10ml-cada/p
VeraCruz;7899420508257;BIQUIZ 10MG C/30 CPR;Disponível;0;0;0;0;0;Psicotrópicos;24722;https://www.drogariaveracruz.com.br/biquiz-10mg-c30-cpr/p
VeraCruz;7898014561197;Polydrat 45 Sabor Natural 450ml;Disponível;0;0;0;0;0;Digestão > Laxantes e Reguladores Intestinais;15477;https://www.drogariaveracruz.com.br/polydrat-45-sabor-natural-450ml/p
VeraCruz;7891158103551;Lobeat 5mg 30 comprimidos;Disponível;0;0;0;0;0;Pressão Alta > Anti-Hipertensivo;13257;https://www.drogariaveracruz.com.br/lobeat-5mg-30-comprimidos/p
VeraCruz;7891317029210;Quepsia Lp 200mg 10 comprimidos;Disponível;141,69;134,61;-5.0%;70,85;-50.0%;Psicotrópicos;24656;https://www.drogariaveracruz.com.br/quepsia-lp-200mg-c10-cpr/p
VeraCruz;7899420501791;Promim 10mg/g Creme Ginecológico 30g + 20 aplicadores;Disponível;102,73;79,05;-23.1%;83,21;-19.0%;Saúde Feminina > Creme e óvulos vaginais;10272;https://www.drogariaveracruz.com.br/promim-10mgg-creme-ginecologico-30g-20-aplicadores/p
VeraCruz;7897337706568;Singulair 10mg 30 comprimidos;Disponível;94,53;72,74;-23.1%;76,57;-19.0%;Sistema Respiratório > Asma;11120;https://www.drogariaveracruz.com.br/singulair-10mg-30-comprimidos/p
VeraCruz;7896637026901;Lactosil 4.000 FCC 30 Tabletes;Disponível;0;0;0;0;0;Digestão > Laxantes e Reguladores Intestinais;14000;https://www.drogariaveracruz.com.br/lactosil-4000-fcc-30-tabletes/p
VeraCruz;7894916507912;Brasart 80mg 30 comprimidos revestidos;Disponível;55,98;53,18;-5.0%;55,98;-0.0%;Pressão Alta > Anti-Hipertensivo;17413;https://www.drogariaveracruz.com.br/brasart-80mg-30-comprimidos-revestidos/p
VeraCruz;7898244720876;Motix Solução Injetável 10 ampolas com 2,2ml cada;Disponível;244,00;231,80;-5.0%;81,33;-66.7%;Dor e Febre > Anti-Inflamatórios;17163;https://www.drogariaveracruz.com.br/motix-solucao-injetavel-10-ampolas-com-22ml-cada/p
VeraCruz;7896015525231;Antiácido Sonrisal Sabor Limão 2 comprimidos efervescentes;Disponível;3,22;2,60;-19.3%;2,74;-14.9%;Digestão > Azia e Má Digestão;17922;https://www.drogariaveracruz.com.br/antiacido-sonrisal-sabor-limao-2-comprimidos-efervescentes/p
VeraCruz;7896212429738;Motilium 10mg 30 comprimidos;Disponível;37,70;32,95;-12.6%;34,68;-8.0%;Digestão > Náuseas;11868;https://www.drogariaveracruz.com.br/motilium-10mg-30-comprimidos/p
VeraCruz;7891317465650;Selene 0,035mg + 2mg 63 comprimidos revestidos;Disponível;76,32;58,73;-23.0%;61,82;-19.0%;Saúde Feminina > Anticoncepcionais;11559;https://www.drogariaveracruz.com.br/selene-0035mg-2mg-63-comprimidos-revestidos/p
VeraCruz;7899420505782;LESTER - 2mg, 30 comprimidos revestidos;Disponível;0;0;0;0;0;Colesterol e Triglicerídeos;13268;https://www.drogariaveracruz.com.br/lester-2mg-30-comprimidos-revestidos/p
VeraCruz;7896094922167;Eparema 20 drágeas;Disponível;0;0;0;0;0;Digestão > Azia e Má Digestão;23497;https://www.drogariaveracruz.com.br/eparema-20-drageas/p
VeraCruz;8902220106321;SLENFIG 15 MG C/30 CPS;Disponível;0;0;0;0;0;Psicotrópicos;25044;https://www.drogariaveracruz.com.br/slenfig-15-mg-c30-cps/p
VeraCruz;7896015517045;Sal de Frutas Eno Guaraná 100g;Disponível;30,73;22,77;-25.9%;23,97;-22.0%;Digestão > Azia e Má Digestão;11514;https://www.drogariaveracruz.com.br/sal-de-frutas-eno-guarana-100g/p
VeraCruz;7896261011069;Diovan 40mg 28 comprimidos revestidos;Disponível;0;0;0;0;0;Pressão Alta > Anti-Hipertensivo;13300;https://www.drogariaveracruz.com.br/diovan-40mg-28-comprimidos-revestidos/p
VeraCruz;7897322709727;Addera D3 7.000UI 4 cápsulas moles;Disponível;43,95;39,66;-9.8%;41,75;-5.0%;Vitaminas;17355;https://www.drogariaveracruz.com.br/vitamina-d3-addera-d3-7000ui-4-capsulas-moles/p
VeraCruz;7896658034770;Rubia 75mcg 28 comprimidos revestidos;Disponível;39,97;31,52;-21.1%;33,18;-17.0%;Saúde Feminina > Anticoncepcionais;13794;https://www.drogariaveracruz.com.br/rubia-75mcg-28-comprimidos-revestidos/p
VeraCruz;7898586631397;TIMOPTOL - 5mg/mL, 1 frasco gotejador com 5mL de solução de uso oftalmológico;Disponível;0;0;0;0;0;Olhos > Lubrificantes e Colírios;13742;https://www.drogariaveracruz.com.br/timoptol-5mgml-1-frasco-gotejador-com-5ml-de-solucao-de-uso-oftalmologico/p
VeraCruz;7896004716220;Itralex 100mg 4 Cápsulas Duras;Disponível;0;0;0;0;0;Pele e Mucosa;15410;https://www.drogariaveracruz.com.br/itralex-100mg-4-capsulas-duras/p
VeraCruz;7896004773759;Viofta 0,15% 10ml;Disponível;51,90;35,77;-31.1%;37,65;-27.5%;Olhos > Lubrificantes e Colírios;23059;https://www.drogariaveracruz.com.br/viofta-015-10ml/p
VeraCruz;7896015591908;Regrair 100mcg/dose Aerossol 200 doses 14,6ml;Disponível;0;0;0;0;0;Sistema Respiratório > Asma;19361;https://www.drogariaveracruz.com.br/regrair-100mcgdose-aerossol-200-doses-146ml/p
VeraCruz;7896015517090;Sonridor Caf 2 comprimidos efervescentes;Disponível;10,27;9,76;-5.0%;10,27;-0.0%;Dor e Febre > Analgésico;17921;https://www.drogariaveracruz.com.br/analgesico-sonridor-caf-2-comprimidos-efervescentes/p
VeraCruz;7899420506550;Alevo 750mg 7 comprimidos revestidos;Disponível;0;0;0;0;0;Antibióticos;23879;https://www.drogariaveracruz.com.br/alevo-750mg-7-comprimidos-revestidos/p
VeraCruz;7898029550216;Acertil 5mg 30 comprimidos revestidos;Disponível;81,36;77,29;-5.0%;81,36;-0.0%;Pressão Alta > Anti-Hipertensivo;17321;https://www.drogariaveracruz.com.br/acertil-5mg-30-comprimidos-revestidos/p
VeraCruz;7896094926646;Vabam 20mg 15 comprimidos revestidos;Disponível;0;0;0;0;0;Sistema Circulatório > Circulação;20309;https://www.drogariaveracruz.com.br/vabam-20mg-15-comprimidos-revestidos/p
VeraCruz;7896658039539;PARZO 200MG C/15 CPS DURA C1;Disponível;0;0;0;0;0;Psicotrópicos;24904;https://www.drogariaveracruz.com.br/parzo-200mg-c15-cps-dura-c1/p
VeraCruz;7896090611935;Sonridor Rapid Forte 500mg + 65mg 4 Comprimidos;Disponível;5,99;5,69;-5.0%;5,99;-0.0%;Dor e Febre > Analgésico;25934;https://www.drogariaveracruz.com.br/sonridor-rapid-forte-500mg-65mg-4-comprimidos/p
VeraCruz;7891317469238;Sinot Clav 400mg + 57mg/5ml 1 Frasco Com 70ml de Pó Para Suspensão de Uso Oral + Seringa Dosadora;Disponível;0;0;0;0;0;Antibióticos;23930;https://www.drogariaveracruz.com.br/sinot-clav-400mg-57mg5ml-1-frasco-com-70ml-de-po-para-suspensao-de-uso-oral-seringa-dosadora/p
VeraCruz;7891158103438;Rubenti 200mg 30 cápsulas duras de liberação prolongada;Disponível;152,77;120,46;-21.1%;63,40;-58.5%;Saúde Feminina > Cólica;16991;https://www.drogariaveracruz.com.br/rubenti-200mg-30-capsulas-duras-de-liberacao-prolongada/p
VeraCruz;7896004714837;Vitamina C Cenevit 2g Sabor Laranja 10 comprimidos efervescentes;Disponível;0;0;0;0;0;Vitaminas;10998;https://www.drogariaveracruz.com.br/vitamina-c-cenevit-2g-sabor-laranja-10-comprimidos-efervescentes/p
VeraCruz;7896523219691;Pasta D'Água Calamed Cimed 250mg/g 100g;Disponível;0;0;0;0;0;Pele e Mucosa;15926;https://www.drogariaveracruz.com.br/pasta-dagua-calamed-cimed-250mgg-100g/p
VeraCruz;7896112426288;ICTUS - 25mg, 30 comprimidos;Disponível;0;0;0;0;0;Sistema Circulatório > Circulação;12718;https://www.drogariaveracruz.com.br/ictus-25mg-30-comprimidos/p
VeraCruz;7898089300035;Pílulas de Lussen 20mg + 10mg + 10mg + 30mg + 8mg 36 comprimidos revestidos;Disponível;49,06;40,08;-18.3%;42,19;-14.0%;Saúde Feminina > Medicamentos Urinários;15964;https://www.drogariaveracruz.com.br/pilulas-de-lussen-20mg-10mg-10mg-30mg-8mg-36-comprimidos-revestidos/p
VeraCruz;7898040325695;PREFISS 150MG CPS GEL C/30;Disponível;0;0;0;0;0;Psicotrópicos;24594;https://www.drogariaveracruz.com.br/prefiss-150mg-cps-gel-c30/p
VeraCruz;7891142130822;Milgamma 150mg 30 drágeas;Disponível;0;0;0;0;0;Diabetes;11856;https://www.drogariaveracruz.com.br/milgamma-150mg-30-drageas/p
VeraCruz;;Gino-Canesten 3 Dias Creme Vaginal 20mg + 3 Aplicadores;Disponível;0;0;0;0;0;Saúde Feminina > Creme e óvulos vaginais;18759;https://www.drogariaveracruz.com.br/gino-canesten-3-dias-creme-vaginal-20mg-3-aplicadores/p
VeraCruz;7896658038280;Nienza 12,5mg 30 comprimidos;Disponível;0;0;0;0;0;Pressão Alta > Anti-Hipertensivo;14563;https://www.drogariaveracruz.com.br/nienza-125mg-30-comprimidos/p
VeraCruz;7896094916524;Fibras Tamarine Kids Sabor Morango 240ml;Disponível;76,90;67,21;-12.6%;70,75;-8.0%;Digestão > Laxantes e Reguladores Intestinais;15684;https://www.drogariaveracruz.com.br/fibras-tamarine-kids-sabor-morango-240ml/p
VeraCruz;7898074617445;Xarope Fluimucil Pediátrico 20mg/ml Sabor Framboesa 120ml;Disponível;34,95;28,56;-18.3%;30,06;-14.0%;Sistema Respiratório > Expectorante;18260;https://www.drogariaveracruz.com.br/xarope-fluimucil-pediatrico-20mgml-sabor-framboesa-120ml/p
VeraCruz;7896015516970;Sal de Frutas Eno Guaraná 2 envelopes com 5g;Disponível;4,98;3,88;-22.1%;4,08;-18.1%;Digestão > Azia e Má Digestão;18300;https://www.drogariaveracruz.com.br/sal-de-frutas-eno-guarana-2-envelopes-com-5g/p
VeraCruz;7891058000103;Dorflex Uno 1g com 20 Comprimidos;Disponível;31,43;27,17;-13.6%;28,60;-9.0%;Dor e Febre > Enxaqueca;13987;https://www.drogariaveracruz.com.br/analgesico-dorflex-uno-1g-com-20-comprimidos/p
VeraCruz;7897337716208;Cerazette 75mcg 84 comprimidos revestidos;Disponível;148,36;107,11;-27.8%;56,38;-62.0%;Saúde Feminina > Anticoncepcionais;11008;https://www.drogariaveracruz.com.br/cerazette-75mcg-84-comprimidos-revestidos/p
VeraCruz;7896227800089;Salonpas Gel 20g;Disponível;0;0;0;0;0;Dor e Febre > Anti-Inflamatórios;18321;https://www.drogariaveracruz.com.br/salonpas-gel-20g/p
VeraCruz;7891317010287;ATTENZE 10MG C/30 CPR;Disponível;0;0;0;0;0;Psicotrópicos;24765;https://www.drogariaveracruz.com.br/attenze-10mg-c30-cpr/p
VeraCruz;7896637023627;DONAREN RETARD - 150mg, 30 comprimidos de liberação controlada;Disponível;201,53;129,66;-35.7%;68,24;-66.1%;Psicotrópicos;24219;https://www.drogariaveracruz.com.br/donaren-retard-150mg-30-comprimidos-de-liberacao-controlada/p
VeraCruz;7891010780302;Resprin 12 comprimidos;Disponível;0;0;0;0;0;Sistema Respiratório > Antigripais;16047;https://www.drogariaveracruz.com.br/resprin-12-comprimidos/p
VeraCruz;7896004779713;Dienogeste 2mg EMS 30 comprimidos;Disponível;74,64;33,33;-55.3%;35,08;-53.0%;Hormônios;21515;https://www.drogariaveracruz.com.br/dienogeste-2mg-ems-30-comprimidos/p
VeraCruz;7896004726694;Suavicid Legrand Bisnaga com 15g;Disponível;123,41;76,21;-38.2%;80,22;-35.0%;Pele e Mucosa;17927;https://www.drogariaveracruz.com.br/suavicid-legrand-bisnaga-com-15g/p
VeraCruz;7897930760509;Clob - X 0,5mg/g Gel Dermatológico 30g;Disponível;59,09;48,28;-18.3%;50,82;-14.0%;Alergias;11306;https://www.drogariaveracruz.com.br/clob-x-05mgg-gel-dermatologico-30g/p
VeraCruz;7898948648179;Oestrogel 0,6mg/g Gel 80g;Disponível;84,56;68,29;-19.2%;71,88;-15.0%;Hormônios;16309;https://www.drogariaveracruz.com.br/oestrogel-06mgg-gel-80g/p
VeraCruz;7898040323844;Probiatop 30 sachês com 1g;Disponível;137,50;130,63;-5.0%;68,75;-50.0%;Digestão > Laxantes e Reguladores Intestinais;10687;https://www.drogariaveracruz.com.br/probiatop-30-saches-com-1g/p
VeraCruz;7896206403324;SeloZok Fix 5mg + 50mg 30 comprimidos de liberação prolongada;Disponível;0;0;0;0;0;Pressão Alta > Anti-Hipertensivo;11540;https://www.drogariaveracruz.com.br/selozok-fix-5mg-50mg-30-comprimidos-de-liberacao-prolongada/p
VeraCruz;7899420507083;TAM 750MG C/30 CPR;Disponível;0;0;0;0;0;Psicotrópicos;24699;https://www.drogariaveracruz.com.br/tam-750mg-c30-cpr/p
VeraCruz;7891317001445;HORMUS 250MG C/1 AMP 4ML;Disponível;0;0;0;0;0;Psicotrópicos;24665;https://www.drogariaveracruz.com.br/hormus-250mg-c1-amp-4ml/p
VeraCruz;7891317445744;Trok - N 20mg/g + 0,64mg/g + 2,5mg/g Pomada Dermatológica 30g;Disponível;42,63;36,04;-15.5%;37,94;-11.0%;Pele e Mucosa;17540;https://www.drogariaveracruz.com.br/trok-n-20mgg-064mgg-25mgg-pomada-dermatologica-30g/p
VeraCruz;7896658000577;NovaCort Pomada 30g;Disponível;48,24;39,42;-18.3%;41,49;-14.0%;Pele e Mucosa;11986;https://www.drogariaveracruz.com.br/novacort-pomada-30g/p
VeraCruz;7896658001512;Mionevrix 250mg + 250mg 20 comprimidos revestidos;Disponível;0;0;0;0;0;Dor e Febre > Contusão e Relaxante Muscular;16690;https://www.drogariaveracruz.com.br/mionevrix-250mg-250mg-20-comprimidos-revestidos/p
VeraCruz;7894916500272;Neutrofer 500mg 30 comprimidos revestidos;Disponível;93,25;75,30;-19.2%;79,26;-15.0%;Sistema Imunológico;16753;https://www.drogariaveracruz.com.br/neutrofer-500mg-30-comprimidos-revestidos/p
VeraCruz;7897595900654;Atlansil 200mg 20 comprimidos;Disponível;0;0;0;0;0;Sistema Circulatório > Circulação;17391;https://www.drogariaveracruz.com.br/atlansil-200mg-20-comprimidos/p
VeraCruz;7896006259732;Acetilcisteína Endovenoso/Inalatório 100mg/ml União Química 5 ampolas de 3ml;Disponível;22,68;21,55;-5.0%;22,68;-0.0%;Sistema Respiratório > Expectorante;13481;https://www.drogariaveracruz.com.br/acetilcisteina-10mgml-uniao-quimica-uso-endovenosoinalatorio-5-ampolas-de-3ml/p
VeraCruz;7896523200491;Loratamed D Loratadina 1mg/ml + Sulfato de Pseudoefedrina 12mg/ml Xarope 60ml;Disponível;0;0;0;0;0;Alergias;14059;https://www.drogariaveracruz.com.br/loratamed-d-loratadina-1mgml-sulfato-de-pseudoefedrina-12mgml-xarope-60ml/p
VeraCruz;7897316806623;Triplenex 0,01% + 0,15% + 0,5% Solução Oftálmica Estéril 5ml;Disponível;269,24;225,08;-16.4%;78,98;-70.7%;Olhos > Lubrificantes e Colírios;13599;https://www.drogariaveracruz.com.br/triplenex-001-015-05-solucao-oftalmica-esteril-5ml/p
VeraCruz;7896226505299;Bonviva 150mg 1 comprimido revestido;Disponível;360,90;277,71;-23.1%;97,44;-73.0%;Para os Ossos > Osteoporose;17408;https://www.drogariaveracruz.com.br/bonviva-150mg-1-comprimido-revestido/p
VeraCruz;7896255766357;Femoston 1/10 1mg e 1mg + 10mg 28 comprimidos revestidos;Disponível;0;0;0;0;0;Saúde Feminina > Reposição Hormonal;15300;https://www.drogariaveracruz.com.br/femoston-110-1mg-e-1mg-10mg-28-comprimidos-revestidos/p
VeraCruz;7891106904582;Qlaira Bayer 26 comprimidos ativos + 2 comprimidos inativos;Disponível;74,29;62,81;-15.5%;66,12;-11.0%;Saúde Feminina > Anticoncepcionais;15994;https://www.drogariaveracruz.com.br/qlaira-bayer-26-comprimidos-ativos-2-comprimidos-inativos/p
VeraCruz;7898074610453;Spidufen 770mg 10 comprimidos revestidos;Disponível;37,76;28,70;-24.0%;30,21;-20.0%;Dor e Febre > Analgésico;20739;https://www.drogariaveracruz.com.br/spidufen-770mg-10-comprimidos-revestidos/p
VeraCruz;7896015591809;Sal de Frutas Eno Tutti-Frutti 2 envelopes com 5g cada;Disponível;30,73;22,77;-25.9%;23,97;-22.0%;Digestão > Azia e Má Digestão;18783;https://www.drogariaveracruz.com.br/sal-de-frutas-eno-tutti-frutti-2-envelopes-com-5g-cada/p
VeraCruz;7896112425496;Pantogar Biolab 90 Cápsulas;Disponível;345,95;328,65;-5.0%;115,32;-66.7%;Tratamento Capilar > Queda De Cabelo;12789;https://www.drogariaveracruz.com.br/pantogar-biolab-90-capsulas/p
VeraCruz;7891317033163;Digesan 10mg 20 cápsulas;Disponível;55,70;46,57;-16.4%;49,02;-12.0%;Digestão > Náuseas;12095;https://www.drogariaveracruz.com.br/digesan-10mg-20-capsulas/p
VeraCruz;7896714200064;Neo Fedipina 10mg 30 comprimidos;Disponível;23,34;22,17;-5.0%;23,34;-0.0%;Pressão Alta > Anti-Hipertensivo;11904;https://www.drogariaveracruz.com.br/neo-fedipina-10mg-30-comprimidos/p
VeraCruz;7896658014321;Biofenac Aerossol 85ml;Disponível;42,16;36,45;-13.5%;38,37;-9.0%;Dor e Febre > Anti-Inflamatórios;17716;https://www.drogariaveracruz.com.br/biofenac-aerossol-85ml/p
VeraCruz;7897595901323;Puran T4 75mcg 30 comprimidos;Disponível;22,26;15,44;-30.6%;16,25;-27.0%;Hormônios;15987;https://www.drogariaveracruz.com.br/puran-t4-75mcg-30-comprimidos/p
VeraCruz;7896261001145;Diovan HCT 80mg + 12,5mg 28 comprimidos revestidos;Disponível;0;0;0;0;0;Pressão Alta > Anti-Hipertensivo;16058;https://www.drogariaveracruz.com.br/diovan-hct-80mg-125mg-28-comprimidos-revestidos/p
VeraCruz;7899640803828;Tavok 750mg 7 comprimidos revestidos;Disponível;0;0;0;0;0;Antibióticos;23887;https://www.drogariaveracruz.com.br/tavok-750mg-7-comprimidos-revestidos/p
VeraCruz;7896714273549;Miorrelax 10 comprimidos;Disponível;0;0;0;0;0;Dor e Febre > Analgésico;13466;https://www.drogariaveracruz.com.br/miorrelax-10-comprimidos/p
VeraCruz;7896180300244;Solução Oftálmica Maxilerg 1mg/ml 5ml;Disponível;43,22;33,26;-23.0%;35,01;-19.0%;Olhos > Lubrificantes e Colírios;16293;https://www.drogariaveracruz.com.br/solucao-oftalmica-maxilerg-1mgml-5ml/p
VeraCruz;7896637022866;Colchis 0,5mg 20 comprimidos;Disponível;56,40;23,58;-58.2%;24,82;-56.0%;Dor e Febre > Anti-Inflamatórios;15326;https://www.drogariaveracruz.com.br/colchis-05mg-20-comprimidos/p
VeraCruz;5702150152619;BRINTELLIX 20MG C/30 CPR;Disponível;563,27;460,19;-18.3%;161,47;-71.3%;Psicotrópicos;24625;https://www.drogariaveracruz.com.br/brintellix-20mg-c30-cpr/p
VeraCruz;7896658004834;Vertix 5mg/ml Sabor Baunilha 30ml;Disponível;14,05;11,34;-19.3%;11,94;-15.0%;Sistema Nervoso > Medicamentos Antivertiginosos: Ginkgo, Tanakan, Equitam;10846;https://www.drogariaveracruz.com.br/vertix-5mgml-sabor-baunilha-30ml/p
VeraCruz;7891317192792;Sinot Clav 400mg + 57mg/5ml 1 Frasco Com 140ml de Pó Para Suspensão de Uso Oral + Seringa Dosadora;Disponível;0;0;0;0;0;Antibióticos;23992;https://www.drogariaveracruz.com.br/sinot-clav-400mg-57mg5ml-1-frasco-com-140ml-de-po-para-suspensao-de-uso-oral-seringa-dosadora/p
VeraCruz;7896094925144;Ad-Til Gotas 20ml;Disponível;22,95;20,05;-12.6%;21,11;-8.0%;Vitaminas;17348;https://www.drogariaveracruz.com.br/suplemento-vitaminico-ad-til-20ml/p
VeraCruz;7896212425037;Invokana 100mg 30 comprimidos revestidos;Disponível;232,96;179,27;-23.0%;62,90;-73.0%;Diabetes;15398;https://www.drogariaveracruz.com.br/invokana-100mg-30-comprimidos-revestidos/p
VeraCruz;7894164005406;Hidrali 45 Sabor Uva 500ml;Disponível;0;0;0;0;0;Digestão > Laxantes e Reguladores Intestinais;22467;https://www.drogariaveracruz.com.br/suplemento-hidroeletrolitico-hidrali-45-uva-500ml/p
VeraCruz;7896422506786;Maleato de Dexclorfeniramina 2mg/5ml Medley 120ml;Disponível;0;0;0;0;0;Alergias;16249;https://www.drogariaveracruz.com.br/maleato-de-dexclorfeniramina-2mg5ml-medley-120ml/p
VeraCruz;7894916503143;VAZY 15 MG C/30 CPS;Disponível;0;0;0;0;0;Psicotrópicos;24476;https://www.drogariaveracruz.com.br/vazy-15-mg-c30-cps/p
VeraCruz;7898582380053;TRAMAL 100MG GTS 10 ML;Disponível;164,26;115,47;-29.7%;60,78;-63.0%;Psicotrópicos;24662;https://www.drogariaveracruz.com.br/tramal-100mg-gts-10-ml/p
VeraCruz;7891106910989;Flanax XR 660mg 8 comprimidos revestidos de liberação prolongada;Disponível;31,99;28,87;-9.8%;30,39;-5.0%;Dor e Febre > Anti-Inflamatórios;21224;https://www.drogariaveracruz.com.br/flanax-xr-660mg-8-comprimidos-revestidos-de-liberacao-prolongada/p
VeraCruz;7896658017582;AXONIUM 2,5MG C/30 CPR;Disponível;78,51;53,70;-31.6%;56,53;-28.0%;Psicotrópicos;24496;https://www.drogariaveracruz.com.br/axonium-25mg-c30-cpr/p
VeraCruz;7896004812168;Expec Xarope Sabor Framboesa e Caramelo 120ml;Disponível;51,79;37,39;-27.8%;39,36;-24.0%;Sistema Respiratório > Tosse;15273;https://www.drogariaveracruz.com.br/xarope-expec-sabor-framboesa-e-caramelo-120ml/p
VeraCruz;7896206407902;Symbicort Spray 6/200 mcg 60 doses de pó de uso inalatório;Disponível;173,90;165,21;-5.0%;57,97;-66.7%;Sistema Respiratório > DPOC;11175;https://www.drogariaveracruz.com.br/symbicort-spray-6200-mcg-60-doses-de-po-de-uso-inalatorio/p
VeraCruz;7898430194757;Myrafer C 30 comprimidos;Disponível;87,90;83,51;-5.0%;87,90;-0.0%;Sistema Imunológico;25933;https://www.drogariaveracruz.com.br/myrafer-c-30-comprimidos/p
VeraCruz;7899095230293;Acetato de Prednisolona 10mg/ml Suspensão Oftálmica 5ml Geolab Genérico;Disponível;34,60;32,87;-5.0%;34,60;-0.0%;Olhos > Lubrificantes e Colírios;26044;https://www.drogariaveracruz.com.br/acetato-de-prednisolona-10mgml-suspensao-oftalmica-5ml-geolab-generico/p
VeraCruz;7895858010362;Imuran 50mg 50 comprimidos revestidos;Disponível;289,86;223,05;-23.0%;78,26;-73.0%;Sistema Imunológico;11767;https://www.drogariaveracruz.com.br/imuran-50mg-50-comprimidos-revestidos/p
VeraCruz;7897129300134;Verrux 0,20g/ml + ,015ml/ml Solução 10ml;Disponível;78,90;68,86;-12.7%;72,48;-8.1%;Pele e Mucosa;10842;https://www.drogariaveracruz.com.br/verrux-020gml-015mlml-solucao-10ml/p
VeraCruz;7891721029950;Glivance XR 500mg + 30mg 30 Comprimidos de Liberação Prolongada;Disponível;57,37;44,15;-23.0%;46,47;-19.0%;Diabetes;14124;https://www.drogariaveracruz.com.br/glivance-xr-500mg-30mg-30-comprimidos-de-liberacao-prolongada/p
VeraCruz;7898029550827;Triplixam 10mg + 2,5mg + 5mg 30 comprimidos revestidos;Disponível;129,83;123,34;-5.0%;64,92;-50.0%;Pressão Alta > Anti-Hipertensivo;19817;https://www.drogariaveracruz.com.br/triplixam-10mg-25mg-5mg-30-comprimidos-revestidos/p
VeraCruz;7894916500418;Penvir Lábia 10mg/g Creme Dermatológico 5g;Disponível;67,13;52,30;-22.1%;55,05;-18.0%;Sistema Imunológico;12829;https://www.drogariaveracruz.com.br/penvir-labia-10mgg-creme-dermatologico-5g/p
VeraCruz;7896658029806;Combi AD 30ml + seringa dosadora;Disponível;57,90;49,50;-14.5%;52,11;-10.0%;Vitaminas;17084;https://www.drogariaveracruz.com.br/suplemento-vitaminico-combi-ad-30ml-seringa-dosadora/p
VeraCruz;7896714214573;Neolefrin Xarope Sabor Cereja Neo Química 60ml;Disponível;26,08;20,81;-20.2%;21,91;-16.0%;Sistema Respiratório > Antigripais;11913;https://www.drogariaveracruz.com.br/neolefrin-xarope-sabor-cereja-neo-quimica-60ml/p
VeraCruz;7896094211001;Ancoron 200mg 60 comprimidos revestidos;Disponível;81,69;58,21;-28.7%;61,27;-25.0%;Sistema Circulatório > Cardiovasculares;19740;https://www.drogariaveracruz.com.br/ancoron-200mg-60-comprimidos-revestidos/p
VeraCruz;7896261000445;Cataflam D 50mg 20 comprimidos dispersíveis;Disponível;55,24;46,70;-15.5%;49,16;-11.0%;Dor e Febre > Anti-Inflamatórios;17749;https://www.drogariaveracruz.com.br/cataflam-d-50mg-20-comprimidos-dispersiveis/p
VeraCruz;7897930760691;Tetralysal 300mg 16 Cápsulas Gelatinosas Duras;Disponível;225,43;171,32;-24.0%;60,11;-73.3%;Antibióticos;23979;https://www.drogariaveracruz.com.br/tetralysal-300mg-16-capsulas-gelatinosas-duras/p
VeraCruz;7891000359426;Materna Ômega 3 DHA 30 cápsulas gelatinosas;Disponível;79,90;75,91;-5.0%;79,90;-0.0%;Saúde Feminina > Gestante;23223;https://www.drogariaveracruz.com.br/materna-omega-dha-c30/p
VeraCruz;7891317124236;Holmes H 40mg + 25mg 30 comprimidos;Disponível;90,04;65,86;-26.9%;69,33;-23.0%;Pressão Alta > Anti-Hipertensivo;21369;https://www.drogariaveracruz.com.br/holmes-h-40mg-25mg-30-comprimidos/p
VeraCruz;7891317011277;Sonic Cloridrato de Trazodona 50mg Com 60 comprimidos;Disponível;55,16;52,40;-5.0%;55,16;-0.0%;Psicotrópicos;25618;https://www.drogariaveracruz.com.br/sonic-50mg-c60-cpr/p
VeraCruz;7896658001116;Candicort 20mg + 0,64mg Creme Dermatológica 30g;Disponível;46,35;40,51;-12.6%;42,64;-8.0%;Pele e Mucosa;10958;https://www.drogariaveracruz.com.br/candicort-20mg-064mg-creme-dermatologica-30g/p
VeraCruz;7894916512718;Impere 5mg 30 comprimidos revestidos;Disponível;156,68;125,03;-20.2%;65,81;-58.0%;Saúde Feminina > Medicamentos Urinários;18408;https://www.drogariaveracruz.com.br/impere-5mg-30-comprimidos-revestidos/p
VeraCruz;7891142128546;Celestone 4mg/ml 1 ampola com 1ml de solução de uso intramuscular ou intravenoso;Disponível;0;0;0;0;0;Dor e Febre > Anti-Inflamatórios;10995;https://www.drogariaveracruz.com.br/celestone-4mgml-1-ampola-com-1ml-de-solucao-de-uso-intramuscular-ou-intravenoso/p
VeraCruz;5702157141968;BRINTELLIX - 10mg, 60 comprimidos revestidos;Disponível;733,89;543,81;-25.9%;190,81;-74.0%;Psicotrópicos;24128;https://www.drogariaveracruz.com.br/brintellix-10mg-60-comprimidos-revestidos/p
VeraCruz;7891106914000;Miranova 0,10mg + 0,02mg 21 drágeas;Disponível;0;0;0;0;0;Saúde Feminina > Anticoncepcionais;16679;https://www.drogariaveracruz.com.br/miranova-010mg-002mg-21-drageas/p
VeraCruz;7891158103384;Revoc 100mg Abbott 60 Comprimidos Revestidos;Disponível;436,49;327,59;-24.9%;114,94;-73.7%;Psicotrópicos;24407;https://www.drogariaveracruz.com.br/revoc-100mg-abbott-60-comprimidos-revestidos/p
VeraCruz;7896112141846;Afopic 5mg 20 comprimidos;Disponível;13,44;7,15;-46.8%;7,53;-44.0%;Sistema Imunológico;17592;https://www.drogariaveracruz.com.br/afopic-5mg-20-comprimidos/p
VeraCruz;7894916517812;ARPEJO 10MG C/30 CPR;Disponível;0;0;0;0;0;Psicotrópicos;24649;https://www.drogariaveracruz.com.br/arpejo-10mg-c30-cpr/p
VeraCruz;7898108640555;Protetor Ocular Estéril Sancare Tamanho M 10 unidades;Disponível;23,49;19,42;-17.3%;20,44;-13.0%;Olhos > Protetor Ocular;20694;https://www.drogariaveracruz.com.br/protetor-ocular-esteril-sancare-tamanho-m-76mm-x-45mm-10-unidades/p
VeraCruz;7896658023323;Montelair 4mg Sabor Cereja 30 comprimidos mastigáveis;Disponível;78,90;62,22;-21.1%;65,49;-17.0%;Sistema Respiratório > Asma;16699;https://www.drogariaveracruz.com.br/montelair-4mg-sabor-cereja-30-comprimidos-mastigaveis/p
VeraCruz;7894164005420;Hidrali 45 Sabor Laranja 500ml;Disponível;0;0;0;0;0;Digestão > Laxantes e Reguladores Intestinais;15056;https://www.drogariaveracruz.com.br/suplemento-hidroeletrolitico-hidrali-45-laranja-500ml/p
VeraCruz;7897316805619;Zypred 3mg/ml + 10mg/ml 1 Frasco Gotejador Com 3ml de Suspensão de Uso Oftalmológico;Disponível;0;0;0;0;0;Antibióticos;23822;https://www.drogariaveracruz.com.br/zypred-3mgml-10mgml-1-frasco-gotejador-com-3ml-de-suspensao-de-uso-oftalmologico/p
VeraCruz;7896004716237;Itralex 100mg 15 cápsulas;Disponível;0;0;0;0;0;Pele e Mucosa;15411;https://www.drogariaveracruz.com.br/itralex-100mg-15-capsulas/p
VeraCruz;7896094208094;Iumi 3mg + 0,02mg 24 comprimidos revestidos;Disponível;76,85;56,21;-26.9%;59,17;-23.0%;Saúde Feminina > Anticoncepcionais;15416;https://www.drogariaveracruz.com.br/iumi-3mg-002mg-24-comprimidos-revestidos/p
VeraCruz;7891317014414;CITTA 20MG C/30 CPR;Disponível;99,44;71,79;-27.8%;75,57;-24.0%;Psicotrópicos;24596;https://www.drogariaveracruz.com.br/citta-20mg-c30-cpr/p
VeraCruz;7896261005860;Diovan 80mg 28 comprimidos revestidos;Disponível;0;0;0;0;0;Pressão Alta > Anti-Hipertensivo;16016;https://www.drogariaveracruz.com.br/diovan-80mg-28-comprimidos-revestidos/p
VeraCruz;7898040328603;Bactrim 800mg + 160mg 10 comprimidos;Disponível;38,07;31,10;-18.3%;32,74;-14.0%;Antibióticos;23909;https://www.drogariaveracruz.com.br/bactrim-800mg-160mg-10-comprimidos/p
VeraCruz;7891317421526;PONDERA 10 MG C/20 CPR;Disponível;74,56;56,67;-24.0%;59,65;-20.0%;Psicotrópicos;24809;https://www.drogariaveracruz.com.br/pondera-10-mg-c20-cpr/p
VeraCruz;7894916501408;Indux 50mg 10 comprimidos;Disponível;78,67;62,78;-20.2%;66,08;-16.0%;Hormônios;15385;https://www.drogariaveracruz.com.br/indux-50mg-10-comprimidos/p
VeraCruz;7897316801154;Atropina Solução Oftálmica 1% 5ml;Disponível;13,99;13,29;-5.0%;13,99;-0.0%;Olhos > Lubrificantes e Colírios;17407;https://www.drogariaveracruz.com.br/solucao-oftalmica-atropina-1-5ml/p
VeraCruz;7896269900372;Betnovate 1mg/g Pomada 30g;Disponível;60,31;51,00;-15.4%;53,68;-11.0%;Dor e Febre > Anti-Inflamatórios;10950;https://www.drogariaveracruz.com.br/betnovate-1mgg-pomada-30g/p
VeraCruz;7896094201385;Naprix A 2,5mg + 5mg 30 cápsulas;Disponível;79,28;57,24;-27.8%;60,25;-24.0%;Pressão Alta > Anti-Hipertensivo;16726;https://www.drogariaveracruz.com.br/naprix-a-25mg-5mg-30-capsulas/p
VeraCruz;7897411602397;LATUDA 80MG C/30 CPR;Disponível;0;0;0;0;0;Psicotrópicos;24890;https://www.drogariaveracruz.com.br/latuda-80mg-c30-cpr/p
VeraCruz;7894916507936;Brasart 160mg 30 comprimidos revestidos;Disponível;53,13;50,47;-5.0%;53,13;-0.0%;Pressão Alta > Anti-Hipertensivo;17412;https://www.drogariaveracruz.com.br/brasart-160mg-30-comprimidos-revestidos/p
VeraCruz;7891058006372;PURAN T4 - 50mcg, 28 comprimidos;Disponível;0;0;0;0;0;Hormônios;15983;https://www.drogariaveracruz.com.br/puran-t4-50mcg-28-comprimidos/p
VeraCruz;5060632508768;Stezza 2,5mg + 1,5mg 28 comprimidos revestidos;Disponível;60,80;51,40;-15.5%;54,11;-11.0%;Saúde Feminina > Anticoncepcionais;11157;https://www.drogariaveracruz.com.br/stezza-25mg-15mg-28-comprimidos-revestidos/p
VeraCruz;7896094926592;Vabam 10mg 30 comprimidos revestidos;Disponível;0;0;0;0;0;Sistema Circulatório > Cardiovasculares;20844;https://www.drogariaveracruz.com.br/vabam-10mg-30-comprimidos-revestidos/p
VeraCruz;4030729003767;VIMPAT 50MG C/14 CPR;Disponível;0;0;0;0;0;Psicotrópicos;24627;https://www.drogariaveracruz.com.br/vimpat-50mg-c14-cpr/p
VeraCruz;7892953208274;PREBICTAL 50MG C/30 CPS;Disponível;88,71;84,27;-5.0%;88,71;-0.0%;Psicotrópicos;24992;https://www.drogariaveracruz.com.br/prebictal-50mg-c30-cps/p
VeraCruz;7896112422211;Novanlo 5mg 30 comprimidos;Disponível;153,09;116,35;-24.0%;61,24;-60.0%;Pressão Alta > Anti-Hipertensivo;16829;https://www.drogariaveracruz.com.br/novanlo-5mg-30-comprimidos/p
VeraCruz;7908134200248;Regenesis Premium 120 Cápsulas Moles;Disponível;0;0;0;0;0;Saúde Feminina > Gestante;19810;https://www.drogariaveracruz.com.br/suplemento-para-gestantes-regenesis-premium-120-capsulas-moles/p
VeraCruz;8902220114142;Iccor 1,25mg 30 comprimidos revestidos;Disponível;0;0;0;0;0;Pressão Alta > Anti-Hipertensivo;14244;https://www.drogariaveracruz.com.br/iccor-125mg-30-comprimidos-revestidos/p
VeraCruz;7896676438277;Gino dermazine 10mg/G 1 Bisnaga Com 30G de Creme de Uso Ginecológico + 6 Aplicadores;Disponível;53,28;42,01;-21.2%;44,22;-17.0%;Antibióticos;23985;https://www.drogariaveracruz.com.br/gino-dermazine-10mgg-1-bisnaga-com-30g-de-creme-de-uso-ginecologico-6-aplicadores/p
VeraCruz;7896094207745;Stanglit 15mg 30 comprimidos;Disponível;94,97;68,57;-27.8%;72,18;-24.0%;Diabetes;11150;https://www.drogariaveracruz.com.br/stanglit-15mg-30-comprimidos/p
VeraCruz;7896181905271;ALENIA - 6mcg + 100mcg, 60 cápsulas gelatinosas duras com pó de uso inalatório? + 1 inalador;Disponível;0;0;0;0;0;Sistema Respiratório > Asma;10873;https://www.drogariaveracruz.com.br/alenia-6mcg-100mcg-60-capsulas-gelatinosas-duras-com-po-de-uso-inalatorio-1-inalador/p
VeraCruz;7896094918504;Rizi-M 5mg + 10mg 14 comprimidos revestidos;Disponível;0;0;0;0;0;Alergias;18865;https://www.drogariaveracruz.com.br/rizi-m-5mg-10mg-14-comprimidos-revestidos/p
VeraCruz;7891010256708;Tylenol 750mg Liberação Imediata 20 comprimidos revestidos;Disponível;47,07;34,87;-25.9%;36,71;-22.0%;Dor e Febre > Analgésico;17541;https://www.drogariaveracruz.com.br/analgesico-tylenol-750mg-liberacao-imediata-20-comprimidos-revestidos/p
VeraCruz;7896658011276;Prelone 11mg/ml Gotas Sabor Cereja 20ml;Disponível;43,55;36,82;-15.5%;38,76;-11.0%;Dor e Febre > Anti-Inflamatórios;10666;https://www.drogariaveracruz.com.br/prelone-11mgml-gotas-sabor-cereja-20ml/p
VeraCruz;7896026304047;SIFROL ER 0,375MG C/30 CPR;Disponível;0;0;0;0;0;Psicotrópicos;24866;https://www.drogariaveracruz.com.br/sifrol-er-0375mg-c30-cpr/p
VeraCruz;7896658037269;Volare Enoxaparina Sódica 20mg 2 Seringas com 0,2ml + Sistema de Segurança;Disponível;0;0;0;0;0;Sistema Circulatório > Cardiovasculares;20981;https://www.drogariaveracruz.com.br/volare-20mg02ml-2-seringas-preenchidas-de-02ml-com-sistema-de-seguranca/p
VeraCruz;7898430194597;Betrat Tiamina 100mg + Piridoxina 100mg + Cianocobalamina 5000mcg Com 42 comprimidos Myralis;Disponível;120,99;114,94;-5.0%;60,50;-50.0%;Para os Ossos > Artrite e Artrose;26375;https://www.drogariaveracruz.com.br/betrat-tiamina-100mg-piridoxina-100mg-cianocobalamina-5000mcg-com-42-comprimidos-myralis/p
VeraCruz;7891721029394;Citoneurin 5.000 100mg + 100mg + 5.000mcg 60 comprimidos revestidos;Disponível;199,85;142,40;-28.7%;74,95;-62.5%;Dor e Febre > Anti-Inflamatórios;11588;https://www.drogariaveracruz.com.br/citoneurin-5000-100mg-100mg-5000mcg-60-drageas/p
VeraCruz;7896094917491;Lacto-Leve Sabor Ameixa 120ml;Disponível;0;0;0;0;0;Digestão > Laxantes e Reguladores Intestinais;20457;https://www.drogariaveracruz.com.br/lacto-leve-sabor-ameixa-120ml/p
VeraCruz;7891142200143;PredSim Prednisolona 20mg Com 20 comprimidos;Disponível;77,98;74,08;-5.0%;77,98;-0.0%;Dor e Febre > Anti-Inflamatórios;26506;https://www.drogariaveracruz.com.br/predsim-prednisolona-20mg-com-20-comprimidos/p
VeraCruz;7896658033421;Esalerg D12 2,5mg + 120mg 10 comprimidos de liberação modificada;Disponível;0;0;0;0;0;Alergias;15763;https://www.drogariaveracruz.com.br/esalerg-d12-25mg-120mg-10-comprimidos-de-liberacao-modificada/p
VeraCruz;7898016410066;Nitrato de Prata Bastão 90,0% Ifal 0,8g;Disponível;52,50;44,39;-15.4%;46,73;-11.0%;Pele e Mucosa;21500;https://www.drogariaveracruz.com.br/nitrato-de-prata-bastao-900-ifal-08g/p
VeraCruz;7899824400928;Colpist Mt 625mg/G + 25.000Ui/G + 125mg/G 1 Bisnaga Com 40G de Creme de Uso Ginecológico + 10 Aplicadores;Disponível;50,33;41,12;-18.3%;43,28;-14.0%;Antibióticos;23934;https://www.drogariaveracruz.com.br/colpist-mt-625mgg-25000uig-125mgg-1-bisnaga-com-40g-de-creme-de-uso-ginecologico-10-aplicadores/p
VeraCruz;7891721029974;Concor Anlo 5/5 mg 30 comprimidos;Disponível;98,73;74,10;-24.9%;78,00;-21.0%;Pressão Alta > Anti-Hipertensivo;14576;https://www.drogariaveracruz.com.br/concor-anlo-55-mg-30-comprimidos/p
VeraCruz;7896006208266;Solução Oftálmica Glaub MD 0,1% 5ml;Disponível;38,63;29,73;-23.0%;31,29;-19.0%;Olhos > Lubrificantes e Colírios;15415;https://www.drogariaveracruz.com.br/solucao-oftalmica-glaub-md-01-5ml/p
VeraCruz;7896637033343;Meclin Jet 25mg 10 comprimidos mastigáveis;Disponível;18,93;16,01;-15.4%;16,85;-11.0%;Digestão > Náuseas;20955;https://www.drogariaveracruz.com.br/meclin-jet-25mg-10-comprimidos/p
VeraCruz;7896637023658;Miosan 5mg 10 comprimidos revestidos;Disponível;0;0;0;0;0;Dor e Febre > Contusão e Relaxante Muscular;16692;https://www.drogariaveracruz.com.br/miosan-5mg-10-comprimidos-revestidos/p
VeraCruz;7896862993207;Oxipelle 10mg/ml Solução Tópica 20ml;Disponível;59,91;51,79;-13.6%;54,52;-9.0%;Pele e Mucosa;12394;https://www.drogariaveracruz.com.br/oxipelle-10mgml-solucao-topica-20ml/p
VeraCruz;7891317133948;PISA 0,375MG C/30 CPR;Disponível;97,79;58,53;-40.1%;61,61;-37.0%;Psicotrópicos;24823;https://www.drogariaveracruz.com.br/pisa-0375mg-c30-cpr/p
VeraCruz;7899420505652;APICE 75MG C/30 CPS;Disponível;0;0;0;0;0;Psicotrópicos;24263;https://www.drogariaveracruz.com.br/apice-75mg-c30-cps/p
VeraCruz;7891142142252;Diprospan 5mg/ml + 2mg/ml 1 ampola com 1ml + seringa dosadora;Disponível;50,60;43,26;-14.5%;45,54;-10.0%;Dor e Febre > Anti-Inflamatórios;16077;https://www.drogariaveracruz.com.br/diprospan-5mgml-2mgml-1-ampola-com-1ml-seringa-dosadora/p
VeraCruz;7896714239712;Vertigium 10mg 50 comprimidos;Disponível;16,29;15,48;-5.0%;16,29;-0.0%;Dor e Febre > Enxaqueca;10845;https://www.drogariaveracruz.com.br/vertigium-10mg-50-comprimidos/p
VeraCruz;7896006261810;Regulador Intestinal Leiba 200 12 Cápsulas;Disponível;0;0;0;0;0;Digestão > Laxantes e Reguladores Intestinais;17806;https://www.drogariaveracruz.com.br/regulador-intestinal-leiba-200-12-capsulas/p
VeraCruz;7896658034787;Rubia 75mcg 84 comprimidos revestidos;Disponível;110,76;89,44;-19.2%;94,15;-15.0%;Saúde Feminina > Anticoncepcionais;13805;https://www.drogariaveracruz.com.br/rubia-75mcg-84-comprimidos-revestidos/p
VeraCruz;7896112101314;Ibupril 100mg/ml Sabor Tutti-Frutti 20ml;Disponível;0;0;0;0;0;Dor e Febre > Analgésico;20794;https://www.drogariaveracruz.com.br/ibupril-100mgml-sabor-titti-frutti-20ml/p
VeraCruz;7896714296098;Rivaroxabana 2,5mg 60 Comprimidos Revestidos;Disponível;109,34;103,87;-5.0%;54,67;-50.0%;Sistema Circulatório;26790;https://www.drogariaveracruz.com.br/rivaroxabana-25mg-60-comprimidos-revestidos/p
VeraCruz;300651361070;Opti-Free Puremoist 300ml + 120ml + Estojo de Lentes;Disponível;86,45;69,25;-19.9%;72,89;-15.7%;Olhos > Produtos para Lentes;16365;https://www.drogariaveracruz.com.br/solucao-de-desinfeccao-multiproposito-opti-free-puremoist-300ml-120ml-estojo-de-lentes/p
VeraCruz;7896637031776;ALOIS DUO 10+20 MG C/30 CPR;Disponível;231,76;220,17;-5.0%;77,25;-66.7%;Psicotrópicos;24602;https://www.drogariaveracruz.com.br/alois-duo-1020-mg-c30-cpr/p
VeraCruz;7897316805411;Solução Oftálmica Lumigan RC 0,01% 5ml;Disponível;0;0;0;0;0;Olhos > Lubrificantes e Colírios;15897;https://www.drogariaveracruz.com.br/solucao-oftalmica-lumigan-rc-001-5ml/p
VeraCruz;7894916508483;BONECAL D - 600mg + 400UI, 30 comprimidos revestidos;Disponível;0;0;0;0;0;Vitaminas;17414;https://www.drogariaveracruz.com.br/bonecal-d-600mg-400ui-30-comprimidos-revestidos/p
VeraCruz;7897129300516;Vitacid 0,25mg/g Gel 25g;Disponível;0;0;0;0;0;Pele e Mucosa;18001;https://www.drogariaveracruz.com.br/vitacid-025mgg-gel-25g/p
VeraCruz;7898040325848;ZESTEN 2,5MG C/30 CPR REV;Disponível;0;0;0;0;0;Psicotrópicos;24588;https://www.drogariaveracruz.com.br/zesten-25mg-c30-cpr-rev/p
VeraCruz;7896094203280;RECONTER 15MG C/30 CPR;Disponível;0;0;0;0;0;Psicotrópicos;24858;https://www.drogariaveracruz.com.br/reconter-15mg-c30-cpr/p
VeraCruz;7891000361887;Materna DHA 30 Cápsulas;Disponível;120,90;114,86;-5.0%;60,45;-50.0%;Saúde Feminina > Gestante;26402;https://www.drogariaveracruz.com.br/materna-dha-30-capsulas/p
VeraCruz;7896006203155;Cetrolac SL 10mg 10 comprimidos sublinguais;Disponível;37,12;28,57;-23.0%;30,07;-19.0%;Dor e Febre > Anti-Inflamatórios;21783;https://www.drogariaveracruz.com.br/cetrolac-sl-10mg-10-comprimidos-sublinguais/p
VeraCruz;7896004714295;Emistin 1mg/g + 0,05mg/g Creme Dermatológico 20g;Disponível;47,72;35,36;-25.9%;37,22;-22.0%;Alergias;10584;https://www.drogariaveracruz.com.br/emistin-1mgg-005mgg-creme-dermatologico-20g/p
VeraCruz;5702157142026;BRINTELLIX 15MG C/60 CPR;Disponível;0;0;0;0;0;Psicotrópicos;24714;https://www.drogariaveracruz.com.br/brintellix-15mg-c60-cpr/p
VeraCruz;7897705203231;Insulina Humana Novolin N 100UI/ml 10ml;Disponível;67,36;44,79;-33.5%;47,15;-30.0%;Diabetes;15395;https://www.drogariaveracruz.com.br/insulina-humana-novolin-n-100uiml-10ml/p
VeraCruz;7891142116000;Migrainex 250mg + 250mg + 65mg 20 comprimidos revestidos;Disponível;0;0;0;0;0;Dor e Febre > Analgésico;11855;https://www.drogariaveracruz.com.br/migrainex-250mg-250mg-65mg-20-comprimidos-revestidos/p
VeraCruz;7896658020575;EXODUS 15MG C/30 CPR;Disponível;143,54;107,73;-24.9%;56,70;-60.5%;Psicotrópicos;24544;https://www.drogariaveracruz.com.br/exodus-15mg-c30-cpr/p
VeraCruz;7898040325787;TRACOX 25MG C/30 CPR;Disponível;0;0;0;0;0;Psicotrópicos;24878;https://www.drogariaveracruz.com.br/tracox-25mg-c30-cpr/p
VeraCruz;7891058160067;Amaryl 2mg, 30 comprimidos;Disponível;0;0;0;0;0;Diabetes;10907;https://www.drogariaveracruz.com.br/amaryl-2mg-30-comprimidos/p
VeraCruz;7896094206045;Tarfic 0,1% Pomada Dermatológica 30g;Disponível;190,62;144,88;-24.0%;50,83;-73.3%;Alergias;16475;https://www.drogariaveracruz.com.br/tarfic-01-pomada-dermatologica-30g/p
VeraCruz;7897851220823;Ziprol 28 Comprimidos Revestidos 40mg;Disponível;75,87;61,99;-18.3%;65,25;-14.0%;Digestão > Úlcera e Gastrite;11247;https://www.drogariaveracruz.com.br/ziprol-28-comprimidos-revestidos-40mg/p
VeraCruz;7894916500333;Neutrofer 300mg 30 comprimidos revestidos;Disponível;62,65;52,37;-16.4%;55,13;-12.0%;Sistema Imunológico;16772;https://www.drogariaveracruz.com.br/neutrofer-300mg-30-comprimidos-revestidos/p
VeraCruz;7896269900945;Flutivate 0,5mg/g Creme 15g;Disponível;63,23;51,66;-18.3%;54,38;-14.0%;Dor e Febre > Anti-Inflamatórios;11449;https://www.drogariaveracruz.com.br/flutivate-05mgg-creme-15g/p
VeraCruz;7896641804212;Reparil 10mg/g + 50mg/g Gel 100g;Disponível;0;0;0;0;0;Dor e Febre > Anti-Inflamatórios;16012;https://www.drogariaveracruz.com.br/reparil-10mgg-50mgg-gel-100g/p
VeraCruz;7896112427735;Aradois H 100mg + 25mg 30 comprimidos revestidos;Disponível;176,48;130,77;-25.9%;68,83;-61.0%;Pressão Alta > Anti-Hipertensivo;11298;https://www.drogariaveracruz.com.br/aradois-h-100mg-25mg-30-comprimidos-revestidos/p
VeraCruz;5702150152176;REXULTI 2MG C/30 CPR;Disponível;0;0;0;0;0;Psicotrópicos;24707;https://www.drogariaveracruz.com.br/rexulti-2mg-c30-cpr/p
VeraCruz;7894916550031;Isordil Sublingual 5mg 30 comprimidos sublinguais;Disponível;0;0;0;0;0;Sistema Circulatório > Circulação;15409;https://www.drogariaveracruz.com.br/isordil-sublingual-5mg-30-comprimidos-sublinguais/p
VeraCruz;7896004705743;Expectuss Xarope Adulto 30mg/5ml 100ml;Disponível;33,70;30,42;-9.7%;32,02;-5.0%;Sistema Respiratório > Expectorante;20715;https://www.drogariaveracruz.com.br/xarope-expectuss-30mg5ml-100ml/p
VeraCruz;7896227800041;Salonpas Air Aerosol 80ml;Disponível;52,61;43,48;-17.4%;45,77;-13.0%;Dor e Febre > Anti-Inflamatórios;18320;https://www.drogariaveracruz.com.br/salonpas-air-aerosol-80ml/p
VeraCruz;7891158000942;DEPAKENE 250 MG C/25 CPS;Disponível;35,81;27,56;-23.0%;29,01;-19.0%;Psicotrópicos;24854;https://www.drogariaveracruz.com.br/depakene-250-mg-c25-cps/p
VeraCruz;7896212426928;PARIET - 10mg, 14 comprimidos revestidos;Disponível;0;0;0;0;0;Digestão > Úlcera e Gastrite;15915;https://www.drogariaveracruz.com.br/pariet-10mg-14-comprimidos-revestidos/p
VeraCruz;8902220114265;Iccor 5mg 30 comprimidos revestidos;Disponível;72,33;50,16;-30.7%;52,80;-27.0%;Pressão Alta > Anti-Hipertensivo;14261;https://www.drogariaveracruz.com.br/iccor-5mg-30-comprimidos-revestidos/p
VeraCruz;7891158103285;DEPAKENE - 50mg/mL, 1 frasco com 100mL de xarope;Disponível;28,19;21,69;-23.1%;22,83;-19.0%;Psicotrópicos;24220;https://www.drogariaveracruz.com.br/depakene-50mgml-1-frasco-com-100ml-de-xarope/p
VeraCruz;7896641807169;Daxas 500mcg 30 comprimidos revestidos;Disponível;0;0;0;0;0;Dor e Febre > Anti-Inflamatórios;12588;https://www.drogariaveracruz.com.br/daxas-500mcg-30-comprimidos-revestidos/p
VeraCruz;7896637025362;Postec 2,5mg/g + 150UTR/g Pomada 20g;Disponível;150,74;131,75;-12.6%;69,34;-54.0%;Pele e Mucosa;10638;https://www.drogariaveracruz.com.br/postec-25mgg-150utrg-pomada-20g/p
VeraCruz;7897595619587;RAZAPINA ODT 30MG C/28 CPR;Disponível;176,40;124,01;-29.7%;65,27;-63.0%;Psicotrópicos;25058;https://www.drogariaveracruz.com.br/razapina-odt-30mg-c28-cpr/p
VeraCruz;7894916512008;CYMBI 60MG C/60 CPR;Disponível;254,24;241,53;-5.0%;84,75;-66.7%;Psicotrópicos;24567;https://www.drogariaveracruz.com.br/cymbi-60mg-c60-cpr/p
VeraCruz;7891058168049;Allegra 120mg 10 comprimidos revestidos;Disponível;59,90;48,37;-19.2%;50,92;-15.0%;Alergias;17651;https://www.drogariaveracruz.com.br/antialergico-allegra-120mg-10-comprimidos-revestidos/p
VeraCruz;7896658016653;Bravan 80mg 30 comprimidos revestidos;Disponível;51,91;49,31;-5.0%;51,91;-0.0%;Pressão Alta > Anti-Hipertensivo;10502;https://www.drogariaveracruz.com.br/bravan-80mg-30-comprimidos-revestidos/p
VeraCruz;7896006216308;Ecos 3mg/ml Xarope Sabor Caramelo 120ml;Disponível;32,89;24,99;-24.0%;26,31;-20.0%;Sistema Respiratório > Tosse;10119;https://www.drogariaveracruz.com.br/ecos-3mgml-xarope-sabor-caramelo-120ml/p
VeraCruz;7896523212524;Dimetigass Gotas 75mg 15ml;Disponível;0;0;0;0;0;Digestão > Antigases;18914;https://www.drogariaveracruz.com.br/dimetigass-gotas-75mg-15ml/p
VeraCruz;5000456009317;Zarmine 25mg 30 comprimidos revestidos de liberação controlada;Disponível;0;0;0;0;0;Pressão Alta > Anti-Hipertensivo;18024;https://www.drogariaveracruz.com.br/zarmine-25mg-30-comprimidos-revestidos-de-liberacao-controlada/p
VeraCruz;7896222721143;LuftaFEM 200mg + 500mg 6 comprimidos revestidos;Disponível;17,89;13,94;-22.1%;14,67;-18.0%;Saúde Feminina > Cólica;19493;https://www.drogariaveracruz.com.br/luftafem-200mg-500mg-6-comprimidos-revestidos/p
VeraCruz;7891142177162;Predsim 3mg/ml 60ml + dosador;Disponível;36,30;30,69;-15.5%;32,31;-11.0%;Dor e Febre > Anti-Inflamatórios;10662;https://www.drogariaveracruz.com.br/predsim-3mgml-60ml-dosador/p
VeraCruz;7896226500218;RIVOTRIL - 2mg, 20 comprimidos;Disponível;0;0;0;0;0;Psicotrópicos;24147;https://www.drogariaveracruz.com.br/rivotril-2mg-20-comprimidos/p
VeraCruz;7896255702218;Gyno Iruxol 06Ui/G + 10M/G Caixa Contendo 1 Bisnaga Com 30G de Pomada de Uso Ginecológico + 6 Aplicadores;Disponível;69,78;57,01;-18.3%;60,01;-14.0%;Antibióticos;24399;https://www.drogariaveracruz.com.br/gyno-iruxol-06uig-10mg-caixa-contendo-1-bisnaga-com-30g-de-pomada-de-uso-ginecologico-6-aplicadores/p
VeraCruz;7891317124281;Holmes H 40mg + 12,5mg 30 comprimidos revestidos;Disponível;90,04;64,15;-28.8%;67,53;-25.0%;Pressão Alta > Anti-Hipertensivo;14013;https://www.drogariaveracruz.com.br/holmes-h-40mg-125mg-30-comprimidos-revestidos/p
VeraCruz;7897322704593;Rinosoro SIC Spray 0,9% Descongestionante Nasal 50ml;Disponível;36,19;34,38;-5.0%;36,19;-0.0%;Sistema Respiratório > Descongestionantes;10715;https://www.drogariaveracruz.com.br/fluidificante-e-descongestionante-nasal-rinosoro-sic-spray-09-50ml/p
VeraCruz;7896094918610;Fluviral Dia 20 comprimidos;Disponível;0;0;0;0;0;Sistema Respiratório > Antigripais;13464;https://www.drogariaveracruz.com.br/fluviral-dia-20-comprimidos/p
VeraCruz;7896230304628;Solução para Reidratação Hidroral sabor Limão 500ml;Disponível;0;0;0;0;0;Digestão > Laxantes e Reguladores Intestinais;13328;https://www.drogariaveracruz.com.br/solucao-para-reidratacao-hidroral-sabor-limao-500ml/p
VeraCruz;7896094201811;Naprix A 10mg + 5mg 30 cápsulas;Disponível;79,28;57,24;-27.8%;60,25;-24.0%;Pressão Alta > Anti-Hipertensivo;16723;https://www.drogariaveracruz.com.br/naprix-a-10mg-5mg-30-capsulas/p
VeraCruz;7896006219583;CODEX 500/30MG C/36 CPR;Disponível;0;0;0;0;0;Psicotrópicos;24275;https://www.drogariaveracruz.com.br/codex-50030mg-c36-cpr/p
VeraCruz;7896026305280;Micardis Anlo 80mg + 10mg 30 comprimidos;Disponível;169,72;135,43;-20.2%;71,28;-58.0%;Pressão Alta > Anti-Hipertensivo;11849;https://www.drogariaveracruz.com.br/micardis-anlo-80mg-10mg-30-comprimidos/p
VeraCruz;7895858015688;Leite de Magnésia Phillips Original 120ml;Disponível;0;0;0;0;0;Digestão > Azia e Má Digestão;17842;https://www.drogariaveracruz.com.br/leite-de-magnesia-phillips-original-120ml/p
VeraCruz;7896641808777;Mesacol 250mg 15 supositórios;Disponível;82,27;64,87;-21.1%;68,28;-17.0%;Dor e Febre > Anti-Inflamatórios;18390;https://www.drogariaveracruz.com.br/mesacol-250mg-15-supositorios/p
VeraCruz;7897411602359;LATUDA 40MG C/30 CPR;Disponível;472,14;340,89;-27.8%;119,61;-74.7%;Psicotrópicos;24869;https://www.drogariaveracruz.com.br/latuda-40mg-c30-cpr/p
VeraCruz;7897595901767;Digesan 4mg Gotas 20ml;Disponível;0;0;0;0;0;Digestão > Náuseas;12096;https://www.drogariaveracruz.com.br/digesan-4mg-gotas-20ml/p
VeraCruz;7896181907275;Vasogard 50mg 30 comprimidos;Disponível;32,09;25,30;-21.2%;26,63;-17.0%;Sistema Circulatório > Circulação;17588;https://www.drogariaveracruz.com.br/vasogard-50mg-30-comprimidos/p
VeraCruz;7897322709376;Rinosoro Jet 0,9% 100ml;Disponível;50,14;44,30;-11.6%;46,63;-7.0%;Sistema Respiratório > Descongestionantes;10712;https://www.drogariaveracruz.com.br/fluidificante-e-descongestionante-nasal-rinosoro-jet-09-100ml/p
VeraCruz;7891268102239;Citalor 20mg 30 comprimidos revestidos;Disponível;159,59;119,78;-24.9%;63,04;-60.5%;Colesterol e Triglicerídeos;11584;https://www.drogariaveracruz.com.br/citalor-20mg-30-comprimidos-revestidos/p
VeraCruz;7896094201477;Natifa Pro 1mg + 0,5mg 28 comprimidos revestidos;Disponível;98,17;69,02;-29.7%;72,65;-26.0%;Saúde Feminina > Reposição Hormonal;16750;https://www.drogariaveracruz.com.br/natifa-pro-1mg-05mg-28-comprimidos-revestidos/p
VeraCruz;7897337707596;Januvia 25mg 28 comprimidos revestidos;Disponível;87,26;65,49;-24.9%;68,94;-21.0%;Diabetes;11754;https://www.drogariaveracruz.com.br/januvia-25mg-28-comprimidos-revestidos/p
VeraCruz;7896548114612;Solução Oftálmica Betoptic 5,6mg/ml 5ml;Disponível;0;0;0;0;0;Olhos > Lubrificantes e Colírios;10953;https://www.drogariaveracruz.com.br/solucao-oftalmica-betoptic-56mgml-5ml/p
VeraCruz;7896523202600;Narix 0,5mg/ml Cimed 30ml;Disponível;9,94;5,39;-45.8%;5,67;-43.0%;Sistema Respiratório > Descongestionantes;16738;https://www.drogariaveracruz.com.br/narix-05mgml-cimed-30ml/p
VeraCruz;7894916500296;Neutrofer 250mg/ml Gotas 30ml;Disponível;65,29;55,20;-15.5%;58,11;-11.0%;Sistema Imunológico;16771;https://www.drogariaveracruz.com.br/neutrofer-250mgml-gotas-30ml/p
VeraCruz;7896094920644;Suplemento Alimentar Gestamax Plus 30 cápsulas gelatinosas moles;Disponível;0;0;0;0;0;Saúde Feminina > Gestante;20619;https://www.drogariaveracruz.com.br/suplemento-alimentar-gestamax-plus-30-capsulas-gelatinosas-moles/p
VeraCruz;7896226109237;ZincoPro Probiótico 30 cápsulas;Disponível;138,60;131,67;-5.0%;69,30;-50.0%;Digestão > Laxantes e Reguladores Intestinais;18519;https://www.drogariaveracruz.com.br/probiotico-zincopro-marjan-farma-30-capsulas/p
VeraCruz;7895858016708;Magnesia de Phillips Tabs Sabor Morango 12 comprimidos mastigáveis;Disponível;0;0;0;0;0;Digestão > Azia e Má Digestão;16982;https://www.drogariaveracruz.com.br/magnesia-de-phillips-tabs-sabor-morango-12-comprimidos-mastigaveis/p
VeraCruz;7896094210639;VOEXTOR 10MG C/30 CPR REV C1;Disponível;0;0;0;0;0;Psicotrópicos;24635;https://www.drogariaveracruz.com.br/voextor-10mg-c30-cpr-rev-c1/p
VeraCruz;7894916508490;CONCÁRDIO - 1,25mg, 30 comprimidos revestidos;Disponível;82,26;78,15;-5.0%;82,26;-0.0%;Sistema Circulatório > Circulação;11702;https://www.drogariaveracruz.com.br/concardio-125mg-30-comprimidos-revestidos/p
VeraCruz;7896004805368;Expectuss 15mg/5ml Pediátrico 100ml;Disponível;23,18;22,02;-5.0%;23,18;-0.0%;Sistema Respiratório > Expectorante;20804;https://www.drogariaveracruz.com.br/expectuss-15mg5ml-100ml/p
VeraCruz;7897316805268;Solução Oftálmica Alphagan Z 0,1% 5ml;Disponível;72,18;57,60;-20.2%;60,63;-16.0%;Olhos > Lubrificantes e Colírios;10902;https://www.drogariaveracruz.com.br/solucao-oftalmica-alphagan-z-01-5ml/p
VeraCruz;7896637024358;Colchis 0,5mg 30 comprimidos;Disponível;84,69;38,62;-54.4%;40,65;-52.0%;Dor e Febre > Anti-Inflamatórios;15327;https://www.drogariaveracruz.com.br/colchis-05mg-30-comprimidos/p
VeraCruz;7896094901612;Gelol Aerossol Gelol 60ml;Disponível;51,70;42,24;-18.3%;44,46;-14.0%;Dor e Febre > Contusão e Relaxante Muscular;12280;https://www.drogariaveracruz.com.br/analgesico-aerossol-gelol-60ml/p
VeraCruz;7897411601505;Hirudoid 300 Gel 3mg/g 40g;Disponível;42,39;40,27;-5.0%;42,39;-0.0%;Dor e Febre > Contusão e Relaxante Muscular;15802;https://www.drogariaveracruz.com.br/hirudoid-300-gel-3mgg-40g/p
VeraCruz;8902220118430;TORLÓS - 25mg, 30 comprimidos revestidos;Disponível;0;0;0;0;0;Pressão Alta > Anti-Hipertensivo;16970;https://www.drogariaveracruz.com.br/torlos-25mg-30-comprimidos-revestidos/p
VeraCruz;7896641800412;Riopan 80mg/ml 240ml;Disponível;0;0;0;0;0;Digestão > Azia e Má Digestão;10718;https://www.drogariaveracruz.com.br/riopan-80mgml-240ml/p
VeraCruz;7896714201146;Ibufran 600mg 30 comprimidos;Disponível;0;0;0;0;0;Dor e Febre > Anti-Inflamatórios;15825;https://www.drogariaveracruz.com.br/ibufran-600mg-30-comprimidos/p
VeraCruz;7894916501842;Lanz 30mg 14 cápsulas duras de liberação retardada;Disponível;0;0;0;0;0;Digestão > Úlcera e Gastrite;11028;https://www.drogariaveracruz.com.br/lanz-30mg-14-capsulas-duras-de-liberacao-retardada/p
VeraCruz;7896658001901;Decongex Plus 12 comprimidos;Disponível;33,91;26,91;-20.6%;28,33;-16.5%;Sistema Respiratório > Descongestionantes;16569;https://www.drogariaveracruz.com.br/decongex-plus-12-comprimidos/p
VeraCruz;7896658030345;Betadine XR 32mg 30 comprimidos;Disponível;65,50;52,90;-19.2%;55,68;-15.0%;Sistema Nervoso > Medicamentos Antivertiginosos: Ginkgo, Tanakan, Equitam;19452;https://www.drogariaveracruz.com.br/betadine-xr-32mg-30-comprimidos/p
VeraCruz;7896212479924;Tylenol Gotas 200mg/ml Sabor Frutas 15ml;Disponível;45,18;36,48;-19.3%;38,40;-15.0%;Dor e Febre > Analgésico;17551;https://www.drogariaveracruz.com.br/analgesico-tylenol-gotas-200mgml-sabor-frutas-15ml/p
VeraCruz;7896015592745;Advil 600mg 12 Horas 2 comprimidos revestidos de liberação prolongada;Disponível;8,64;6,16;-28.7%;6,48;-25.0%;Dor e Febre > Analgésico;14505;https://www.drogariaveracruz.com.br/advil-600mg-12-horas-2-comprimidos-revestidos-de-liberacao-prolongada/p
VeraCruz;7896658006050;Diosmin 450mg + 50mg 60 comprimidos revestidos;Disponível;148,35;140,93;-5.0%;74,18;-50.0%;Sistema Circulatório > Circulação;12106;https://www.drogariaveracruz.com.br/diosmin-450mg-50mg-60-comprimidos-revestidos/p
VeraCruz;7891058027117;Apidra 100UI/ml 1 ampola com 10ml;Disponível;161,91;130,74;-19.3%;68,81;-57.5%;Diabetes;17168;https://www.drogariaveracruz.com.br/apidra-100uiml-1-ampola-com-10ml/p
VeraCruz;7896094210929;LAKOS 50MG C/30 CPR C1;Disponível;88,67;84,24;-5.0%;88,67;-0.0%;Psicotrópicos;24641;https://www.drogariaveracruz.com.br/lakos-50mg-c30-cpr-c1/p
VeraCruz;7896083400133;Hipérico Herbarium 100mg 45 cápsulas duras;Disponível;0;0;0;0;0;Sistema Nervoso > Antidepressivos;15796;https://www.drogariaveracruz.com.br/hiperico-herbarium-100mg-45-capsulas-duras/p
VeraCruz;7894916508360;Brasart HCT 160mg + 25mg 30 comprimidos revestidos;Disponível;114,74;109,00;-5.0%;57,37;-50.0%;Pressão Alta > Anti-Hipertensivo;17428;https://www.drogariaveracruz.com.br/brasart-hct-160mg-25mg-30-comprimidos-revestidos/p
VeraCruz;7891317490133;Antrofi 10mg/g Creme Ginecológico 30g + 20 aplicadores;Disponível;102,70;97,57;-5.0%;51,35;-50.0%;Saúde Feminina > Creme e óvulos vaginais;18056;https://www.drogariaveracruz.com.br/antrofi-10mgg-creme-ginecologico-30g-20-aplicadores/p
VeraCruz;7896382706677;Prozac 20mg Com 30 Cápsulas;Disponível;0;0;0;0;0;Psicotrópicos;24887;https://www.drogariaveracruz.com.br/prozac-20mg-com-30-capsulas/p
VeraCruz;7896862993122;Solaquin 40mg/g Creme Dermatológico 30g;Disponível;0;0;0;0;0;Pele e Mucosa;17915;https://www.drogariaveracruz.com.br/solaquin-40mgg-creme-dermatologico-30g/p
VeraCruz;7896637024365;Colchis 1mg 30 comprimidos;Disponível;98,46;78,57;-20.2%;82,71;-16.0%;Dor e Febre > Anti-Inflamatórios;15328;https://www.drogariaveracruz.com.br/colchis-1mg-30-comprimidos/p
VeraCruz;7897129300240;Micolamina 80mg/mg Esmalte 8% 6g + 24 lixas;Disponível;255,91;199,36;-22.1%;69,95;-72.7%;Pele e Mucosa;11827;https://www.drogariaveracruz.com.br/micolamina-80mgmg-esmalte-8-6g-24-lixas/p
VeraCruz;7896714221083;Neocoflan 11,6mg/g Aerossol 85ml;Disponível;51,97;28,14;-45.9%;29,62;-43.0%;Dor e Febre > Anti-Inflamatórios;11908;https://www.drogariaveracruz.com.br/neocoflan-116mgg-aerosol-85ml/p
VeraCruz;7896083400164;Cáscara Sagrada 75mg 45 Cápsulas Duras;Disponível;58,90;55,96;-5.0%;58,90;-0.0%;Digestão > Laxantes e Reguladores Intestinais;17742;https://www.drogariaveracruz.com.br/cascara-sagrada-75mg-45-capsulas-duras/p
VeraCruz;7896658018121;EXODUS 20MG/ML GTS 15ML;Disponível;100,64;76,48;-24.0%;80,51;-20.0%;Psicotrópicos;24546;https://www.drogariaveracruz.com.br/exodus-20mgml-gts-15ml/p
VeraCruz;8903855081496;DESDUO 50MG C/30 CPR;Disponível;78,84;53,92;-31.6%;56,76;-28.0%;Psicotrópicos;24983;https://www.drogariaveracruz.com.br/desduo-50mg-c30-cpr/p
VeraCruz;7898029550315;Acertanlo 3,5mg + 2,5mg 30 comprimidos;Disponível;65,61;62,33;-5.0%;65,61;-0.0%;Pressão Alta > Anti-Hipertensivo;17318;https://www.drogariaveracruz.com.br/acertanlo-35mg-25mg-30-comprimidos/p
VeraCruz;7896094916845;Fluviral Noite 20 comprimidos;Disponível;35,11;31,68;-9.8%;33,35;-5.0%;Sistema Respiratório > Antigripais;13465;https://www.drogariaveracruz.com.br/fluviral-noite-20-comprimidos/p
VeraCruz;-;Olmy HCT 40mg + 25mg 60 comprimidos revestidos;Disponível;0;0;0;0;0;Pressão Alta;;https://www.drogariaveracruz.com.br/olmy-hct-40mg-25mg-60-comprimidos-revestidos/p
VeraCruz;7896672202810;Clenil HFA Spray 50mcg 200 doses 10ml;Disponível;49,99;37,99;-24.0%;39,99;-20.0%;Sistema Respiratório > Asma;11332;https://www.drogariaveracruz.com.br/clenil-hfa-spray-50mcg-200-doses-10ml/p
VeraCruz;7896658021732;Adipept 40mg 28 comprimidos revestidos;Disponível;0;0;0;0;0;Digestão > Úlcera e Gastrite;17362;https://www.drogariaveracruz.com.br/adipept-40mg-28-comprimidos-revestidos/p
VeraCruz;7897316804902;Zymar 3mg/ml 1 Frasco Gotejador Com 5ml de Solução de Uso Oftalmológico;Disponível;55,33;45,20;-18.3%;47,58;-14.0%;Antibióticos;23928;https://www.drogariaveracruz.com.br/zymar-3mgml-1-frasco-gotejador-com-5ml-de-solucao-de-uso-oftalmologico/p
VeraCruz;7897655402005;MINUSORB - 70mg, 4 comprimidos;Disponível;0;0;0;0;0;Para os Ossos > Osteoporose;16686;https://www.drogariaveracruz.com.br/minusorb-70mg-4-comprimidos/p
VeraCruz;7896316301008;Cyclofemina 25mg + 5mg Solução Injetável 1 ampola com 0,5ml;Disponível;0;0;0;0;0;Saúde Feminina > Anticoncepcionais;12568;https://www.drogariaveracruz.com.br/cyclofemina-25mg-5mg-solucao-injetavel-1-ampola-com-05ml/p
VeraCruz;7896658008023;Digeplus 7mg + 40mg + 50mg Aché 30 Cápsulas;Disponível;55,80;47,71;-14.5%;50,22;-10.0%;Digestão > Azia e Má Digestão;12091;https://www.drogariaveracruz.com.br/digeplus-7mg-40mg-50mg-ache-30-capsulas/p
VeraCruz;7891268106213;PROVERA - 10mg, 14 comprimidos;Disponível;0;0;0;0;0;Saúde Feminina > Reposição Hormonal;12868;https://www.drogariaveracruz.com.br/provera-10mg-14-comprimidos/p
VeraCruz;7896637023764;Levoxin 500mg 14 comprimidos revestidos;Disponível;0;0;0;0;0;Antibióticos;23917;https://www.drogariaveracruz.com.br/levoxin-500mg-14-comprimidos-revestidos/p
VeraCruz;7896658009532;Prelone 3mg/ml Sabor Cereja 120ml + 1 pipeta dosadora;Disponível;58,44;48,86;-16.4%;51,43;-12.0%;Dor e Febre > Anti-Inflamatórios;10668;https://www.drogariaveracruz.com.br/prelone-3mgml-sabor-cereja-120ml-1-pipeta-dosadora/p
VeraCruz;7891317489564;FLUXENE 10MG C/28 CPS;Disponível;0;0;0;0;0;Psicotrópicos;24706;https://www.drogariaveracruz.com.br/fluxene-10mg-c28-cps/p
VeraCruz;7896672201493;Clenil Compositum A 400mcg/ml + 800mcg/ml 10 flaconetes com 2ml cada;Disponível;92,46;77,29;-16.4%;81,36;-12.0%;Sistema Respiratório > Asma;18108;https://www.drogariaveracruz.com.br/clenil-compositum-a-400mcgml-800mcgml-10-flaconetes-com-2ml-cada/p
VeraCruz;7898040325862;ZESTEN 10MG C/30 CPR REV;Disponível;0;0;0;0;0;Psicotrópicos;24589;https://www.drogariaveracruz.com.br/zesten-10mg-c30-cpr-rev/p
VeraCruz;7896094916241;Lisador Dip 1g 4 comprimidos;Disponível;10,90;10,36;-5.0%;10,90;-0.0%;Dor e Febre > Analgésico;16998;https://www.drogariaveracruz.com.br/lisador-dip-1g-4-comprimidos/p
VeraCruz;7898037080484;Almeida Prado N 48 60 Comprimidos;Disponível;28,90;27,46;-5.0%;28,90;-0.0%;Dor e Febre > Dor de Garganta;10896;https://www.drogariaveracruz.com.br/complexo-homeopatico-almeida-prado-n-48-60-comprimidos/p
VeraCruz;7896094921276;Coledue R Ezetimiba 10mg + Rosuvastatina 20mg 30 cápsulas;Disponível;115,65;93,39;-19.2%;98,30;-15.0%;Colesterol e Triglicerídeos;20625;https://www.drogariaveracruz.com.br/coledue-r-10mg-20mg-30-capsulas-duras/p
VeraCruz;7898029556522;NATRILIX - 2,5mg, 15 drágeas;Disponível;0;0;0;0;0;Pressão Alta > Anti-Hipertensivo;16749;https://www.drogariaveracruz.com.br/natrilix-25mg-15-drageas/p
VeraCruz;7896261020313;Entresto 200mg 60 comprimidos revestidos;Disponível;433,52;411,84;-5.0%;144,51;-66.7%;Sistema Circulatório > Circulação;21893;https://www.drogariaveracruz.com.br/entresto-200mg-60-comprimidos-revestidos/p
VeraCruz;5000456096591;Forxiga 10mg 30 comprimidos revestidos;Disponível;236,96;168,83;-28.8%;59,24;-75.0%;Diabetes;11471;https://www.drogariaveracruz.com.br/forxiga-10mg-30-comprimidos-revestidos/p
VeraCruz;7896637032803;Eniagor 50mg/ml Solução Capilar 2 frascos 50ml cada;Disponível;111,29;65,55;-41.1%;69,00;-38.0%;Tratamento Capilar > Queda De Cabelo;20317;https://www.drogariaveracruz.com.br/eniagor-50mgml-solucao-capilar-2-frascos-50ml-cada/p
VeraCruz;7897322709789;Tamarine Geléia Zero Açúcar 150g;Disponível;99,99;76,82;-23.2%;80,86;-19.1%;Digestão > Laxantes e Reguladores Intestinais;16994;https://www.drogariaveracruz.com.br/laxante-fitoterapico-tamarine-geleia-zero-acucar-150g/p
VeraCruz;7897316805237;Solução Oftálmica Ganfort 0,3% + 5% 5ml;Disponível;0;0;0;0;0;Olhos > Lubrificantes e Colírios;16210;https://www.drogariaveracruz.com.br/solucao-oftalmica-ganfort-03-5-5ml/p
VeraCruz;7896006280507;Topcoid 500 Gel 5mg/ml 40g;Disponível;36,06;34,26;-5.0%;36,06;-0.0%;Dor e Febre > Anti-Inflamatórios;12976;https://www.drogariaveracruz.com.br/topcoid-500-gel-5mgml-40g/p
VeraCruz;7892953208298;PREBICTAL 75 MG C/30 CPS;Disponível;103,74;75,89;-26.8%;79,88;-23.0%;Psicotrópicos;25065;https://www.drogariaveracruz.com.br/prebictal-75-mg-c30-cps/p
VeraCruz;7896112140931;Ibupril 300mg 20 comprimidos;Disponível;20,30;8,10;-60.1%;8,53;-58.0%;Dor e Febre > Analgésico;20412;https://www.drogariaveracruz.com.br/ibupril-300mg-20-comprimidos/p
VeraCruz;5702150153890;VURTUOSO 15MG C/30 CPR;Disponível;295,45;232,96;-21.2%;81,74;-72.3%;Psicotrópicos;24148;https://www.drogariaveracruz.com.br/vurtuoso-15mg-c30-cpr/p
VeraCruz;7896658007286;Combiron 131,58mg/ml Gotas 30ml;Disponível;0;0;0;0;0;Sistema Imunológico;11693;https://www.drogariaveracruz.com.br/combiron-13158mgml-gotas-30ml/p
VeraCruz;7894916502696;CARVEDILAT - 25mg, 30 comprimidos;Disponível;0;0;0;0;0;Sistema Circulatório > Circulação;17734;https://www.drogariaveracruz.com.br/carvedilat-25mg-30-comprimidos/p
VeraCruz;7896006297772;Espasmopan Composto 6,67mg/ml + 333,mg 10ml;Disponível;15,78;14,99;-5.0%;15,78;-0.0%;Saúde Feminina > Cólica;21722;https://www.drogariaveracruz.com.br/espasmopan-composto-667mgml-333mg-10ml/p
VeraCruz;7894916503259;Leverctin - 6mg, 4 comprimidos;Disponível;0;0;0;0;0;Vermes e Parasitas;17872;https://www.drogariaveracruz.com.br/leverctin-6mg-4-comprimidos/p
VeraCruz;7896015520533;Sonrisal Sabor Tradicional 2 comprimidos efervescentes;Disponível;3,22;2,41;-25.2%;2,54;-21.1%;Digestão > Azia e Má Digestão;11130;https://www.drogariaveracruz.com.br/antiacido-sonrisal-sabor-tradicional-2-comprimidos-efervescentes/p
VeraCruz;7896523210858;Colujet 1mg/g Pasta de Uso Bucal 10g;Disponível;20,83;11,68;-43.9%;12,29;-41.0%;Dor e Febre > Anti-Inflamatórios;15336;https://www.drogariaveracruz.com.br/colujet-1mgg-pasta-de-uso-bucal-10g/p
VeraCruz;7891317197506;DON 10MG C/30 CPS;Disponível;0;0;0;0;0;Psicotrópicos;24818;https://www.drogariaveracruz.com.br/don-10mg-c30-cps/p
VeraCruz;7891142141286;Diprosone 0,5mg/ 30ml;Disponível;55,36;47,86;-13.5%;50,38;-9.0%;Alergias;16075;https://www.drogariaveracruz.com.br/diprosone-05mg-30ml/p
VeraCruz;7891317029319;ANTARA 750MG C/30 CPR REV;Disponível;0;0;0;0;0;Psicotrópicos;24913;https://www.drogariaveracruz.com.br/antara-750mg-c30-cpr-rev/p
VeraCruz;7896094930230;Coristina D Congest 12mg + 15mg 12 comprimidos revestidos de liberação prolongada;Disponível;27,49;24,29;-11.6%;25,57;-7.0%;Sistema Respiratório > Antigripais;22270;https://www.drogariaveracruz.com.br/coristina-d-congest-12mg-15mg-12-comprimidos-revestidos-de-liberacao-prolongada/p
VeraCruz;78909700;Melagrião Própolis e Gengibre Spray Sabor Menta 30ml;Disponível;21,99;15,04;-31.6%;15,83;-28.0%;Dor e Febre > Dor de Garganta;18690;https://www.drogariaveracruz.com.br/melagriao-propolis-e-gengibre-spray-sabor-menta-30ml/p
VeraCruz;7896094919495;Ofolato D 2.000 UI 30 comprimidos;Disponível;113,50;94,89;-16.4%;99,88;-12.0%;Vitaminas;19102;https://www.drogariaveracruz.com.br/ofolato-d-2000-ui-30-comprimidos/p
VeraCruz;7896094921993;Neosaldina 10 drágeas;Disponível;19,24;15,48;-19.5%;16,29;-15.3%;Dor e Febre > Analgésico;11916;https://www.drogariaveracruz.com.br/neosaldina-10-drageas/p
VeraCruz;7898906376380;Trifamox Ibl Bd 200mg/ml + 50mg/ml 1 Frasco Com 30G Suspensão Oral;Disponível;0;0;0;0;0;Antibióticos;23919;https://www.drogariaveracruz.com.br/trifamox-ibl-bd-200mgml-50mgml-1-frasco-com-30g-suspensao-oral/p
VeraCruz;7896004714578;Naridrin 12 Horas 1mg/ml + 0,2mg/ml + 5mg/ml 30ml;Disponível;38,53;18,91;-50.9%;19,90;-48.4%;Sistema Respiratório > Descongestionantes;16735;https://www.drogariaveracruz.com.br/solucao-nasal-naridrin-12-horas-1mgml-02mgml-5mgml-30ml/p
VeraCruz;7895858010331;Zyloric 300mg 30 comprimidos;Disponível;69,83;59,04;-15.5%;62,15;-11.0%;Hormônios;11234;https://www.drogariaveracruz.com.br/zyloric-300mg-30-comprimidos/p
VeraCruz;7896331705423;Resfenol Paracetamol 400mg + Cloridrato Fenillefrina 4mg + Maleato de Clorfeniramina 4mg Com 5 cápsulas;Disponível;8,55;8,12;-5.0%;8,55;-0.0%;Sistema Respiratório > Antigripais;26380;https://www.drogariaveracruz.com.br/resfenol-paracetamol-400mg-cloridrato-fenillefrina-4mg-maleato-de-clorfeniramina-4mg-com-5-capsulas/p
VeraCruz;7891317451417;Zart H 50mg + 12,5mg 30 comprimidos revestidos;Disponível;0;0;0;0;0;Pressão Alta > Anti-Hipertensivo;18027;https://www.drogariaveracruz.com.br/zart-h-50mg-125mg-30-comprimidos-revestidos/p
VeraCruz;7896094919631;Apracur Duo 20 comprimidos;Disponível;25,21;22,28;-11.6%;23,45;-7.0%;Sistema Respiratório > Antigripais;14303;https://www.drogariaveracruz.com.br/apracur-duo-20-comprimidos/p
VeraCruz;7896658040290;Nautex Odg 8mg Laranja 10 Envelopes Granulado Orodispersível;Disponível;82,02;77,92;-5.0%;82,02;-0.0%;Digestão > Náuseas;25749;https://www.drogariaveracruz.com.br/nautex-odg-8mg-laranja-10-envelopes-granulado-orodispersivel/p
VeraCruz;7892953001370;Pyridium 100mg 25 Drágeas;Disponível;29,90;22,44;-24.9%;23,62;-21.0%;Saúde Masculina > Distúrbios Urinários;15992;https://www.drogariaveracruz.com.br/pyridium-100mg-25-drageas/p
VeraCruz;7898029550810;Triplixam 5mg + 1,25mg + 10mg 30 comprimidos revestidos;Disponível;100,11;95,10;-5.0%;50,06;-50.0%;Pressão Alta > Anti-Hipertensivo;19819;https://www.drogariaveracruz.com.br/triplixam-5mg-125mg-10mg-30-comprimidos-revestidos/p
VeraCruz;7896094919648;Suplemento Alimentar Ofolato D Fer 1000UI 30 comprimidos;Disponível;0;0;0;0;0;Saúde Feminina > Gestante;14947;https://www.drogariaveracruz.com.br/ofolato-d-fer-30-comprimidos/p
VeraCruz;7896026305327;Micardis Anlo 40mg + 5mg 30 comprimidos;Disponível;132,52;105,75;-20.2%;55,66;-58.0%;Pressão Alta > Anti-Hipertensivo;11848;https://www.drogariaveracruz.com.br/micardis-anlo-40mg-5mg-30-comprimidos/p
VeraCruz;7896523228815;Leite de Magnésia 80mg/ml Tradicional 120ml;Disponível;14,65;9,46;-35.4%;9,96;-32.0%;Digestão > Azia e Má Digestão;22783;https://www.drogariaveracruz.com.br/leite-de-magnesia-80mgml-tradicional-120ml/p
VeraCruz;7896094206502;Venzer 16mg 30 comprimidos;Disponível;89,79;64,83;-27.8%;68,24;-24.0%;Pressão Alta > Anti-Hipertensivo;10853;https://www.drogariaveracruz.com.br/venzer-16mg-30-comprimidos/p
VeraCruz;7896676410198;Duoflam 5mg/ml + 2mg/ml Suspensão Injetável com 1ml + seringa;Disponível;33,36;27,57;-17.4%;29,02;-13.0%;Dor e Febre > Anti-Inflamatórios;10104;https://www.drogariaveracruz.com.br/duoflam-5mgml-2mgml-suspensao-injetavel-com-1ml-seringa/p
VeraCruz;7896112400141;Doss 7.000UI 30 cápsulas gelatinosas moles;Disponível;110,17;72,22;-34.4%;76,02;-31.0%;Para os Ossos > Osteoporose;18567;https://www.drogariaveracruz.com.br/suplemento-alimentar-doss-7000ui-vitamina-d3-30-capsulas-gelatinosas-moles/p
VeraCruz;7897406119886;Cutisanol 3mg/g + 1,5mg/g + 93,33mg/g Pó 150g;Disponível;56,50;46,70;-17.3%;49,16;-13.0%;Pele e Mucosa;12570;https://www.drogariaveracruz.com.br/cutisanol-3mgg-15mgg-9333mgg-po-150g/p
VeraCruz;7896212414468;Motilium 1mg/ml Suspensão Oral 100ml;Disponível;0;0;0;0;0;Digestão > Náuseas;11866;https://www.drogariaveracruz.com.br/motilium-1mgml-suspensao-oral-100ml/p
VeraCruz;7896658005121;Nisulid 100mg 12 comprimidos;Disponível;67,79;56,68;-16.4%;59,66;-12.0%;Dor e Febre > Anti-Inflamatórios;16790;https://www.drogariaveracruz.com.br/nisulid-100mg-12-comprimidos/p
VeraCruz;7896658014215;Montelair 10mg 30 comprimidos revestidos;Disponível;78,90;62,22;-21.1%;65,49;-17.0%;Sistema Respiratório > Asma;16698;https://www.drogariaveracruz.com.br/montelair-10mg-30-comprimidos-revestidos/p
VeraCruz;7898040321628;Umckan 825mg/ml 50ml;Disponível;0;0;0;0;0;Sistema Respiratório > DPOC;10785;https://www.drogariaveracruz.com.br/umckan-825mgml-50ml/p
VeraCruz;7896181900085;Corus H 100mg + 25mg 30 comprimidos revestidos;Disponível;0;0;0;0;0;Pressão Alta > Anti-Hipertensivo;16867;https://www.drogariaveracruz.com.br/corus-h-100mg-25mg-30-comprimidos-revestidos/p
VeraCruz;7896676406283;DIMORF LC 30MG C/60 CPS;Disponível;0;0;0;0;0;Psicotrópicos;24680;https://www.drogariaveracruz.com.br/dimorf-lc-30mg-c60-cps/p
VeraCruz;7896241296400;Vonau Flash 8mg Biolab, 10 comprimidos de desintegração oral;Disponível;97,38;65,68;-32.6%;69,14;-29.0%;Digestão > Náuseas;11225;https://www.drogariaveracruz.com.br/vonau-flash-8mg-biolab-10-comprimidos-de-desintegracao-oral/p
VeraCruz;7896523206479;Ginkomed 80mg 30 comprimidos revestidos;Disponível;38,08;23,51;-38.3%;24,75;-35.0%;Sistema Circulatório > Circulação;12633;https://www.drogariaveracruz.com.br/ginkomed-80mg-30-comprimidos-revestidos/p
VeraCruz;7896016807398;Eliquis 2,5mg 20 comprimidos revestidos;Disponível;0;0;0;0;0;Sistema Circulatório > Circulação;10577;https://www.drogariaveracruz.com.br/eliquis-25mg-20-comprimidos-revestidos/p
VeraCruz;7895858010324;Zyloric 100mg 30 comprimidos;Disponível;23,65;19,77;-16.4%;20,81;-12.0%;Hormônios;11240;https://www.drogariaveracruz.com.br/zyloric-100mg-30-comprimidos/p
VeraCruz;7896186002548;Bendita Cânfora 8 tabletes;Disponível;25,90;21,65;-16.4%;22,79;-12.0%;Dor e Febre > Contusão e Relaxante Muscular;10963;https://www.drogariaveracruz.com.br/bendita-canfora-8-tabletes/p
VeraCruz;7896112407034;Doss Zinco 2000UI + 20mg 60 cápsulas gelatinosas moles;Disponível;72,50;68,88;-5.0%;72,50;-0.0%;Vitaminas;21812;https://www.drogariaveracruz.com.br/doss-zinco-2000ui-20mg-60-capsulas-gelatinosas-moles/p
VeraCruz;7892828001337;Etna 2,5mg + 1,5mg + 1,0mg 20 cápsulas;Disponível;63,38;51,78;-18.3%;54,51;-14.0%;Para os Ossos > Artrite e Artrose;11618;https://www.drogariaveracruz.com.br/etna-25mg-15mg-10mg-20-capsulas/p
VeraCruz;7897316805336;RELESTAT - 5mg/mL, 1 frasco gotejador com 10mL de solução de uso oftalmológico;Disponível;0;0;0;0;0;Olhos > Lubrificantes e Colírios;12895;https://www.drogariaveracruz.com.br/relestat-5mgml-1-frasco-gotejador-com-10ml-de-solucao-de-uso-oftalmologico/p
VeraCruz;7891142177124;Predsim 11mg/ml Gotas 20ml;Disponível;46,49;39,31;-15.4%;41,38;-11.0%;Dor e Febre > Anti-Inflamatórios;10659;https://www.drogariaveracruz.com.br/predsim-11mgml-gotas-20ml/p
VeraCruz;7896112408116;Cronobê Complex 90 comprimidos revestidos;Disponível;0;0;0;0;0;Dor e Febre > Contusão e Relaxante Muscular;22803;https://www.drogariaveracruz.com.br/cronobe-complex-90-comprimidos-revestidos/p
VeraCruz;7891058006365;PURAN T4 - 25mcg, 28 comprimidos;Disponível;0;0;0;0;0;Hormônios;15980;https://www.drogariaveracruz.com.br/puran-t4-25mcg-28-comprimidos/p
VeraCruz;7897572000803;Ovestrion 1mg 30 comprimidos;Disponível;0;0;0;0;0;Saúde Feminina > Reposição Hormonal;12412;https://www.drogariaveracruz.com.br/ovestrion-1mg-30-comprimidos/p
VeraCruz;7891317181611;FILINAR - 10mg/mL, 1 frasco com 120mL de xarope + copo medidor;Disponível;0;0;0;0;0;Sistema Respiratório > Expectorante;11656;https://www.drogariaveracruz.com.br/filinar-10mgml-1-frasco-com-120ml-de-xarope-copo-medidor/p
VeraCruz;-;TROFODERMIN - 5mg/g + 5mg, 1 bisnaga com 30g de creme de uso dermatológico;Disponível;0;0;0;0;0;Antibióticos;;https://www.drogariaveracruz.com.br/trofodermin-5mgg-5mg-1-bisnaga-com-30g-de-creme-de-uso-dermatologico/p
VeraCruz;5702150153883;VURTUOSO 10MG C/30 CPR;Disponível;0;0;0;0;0;Psicotrópicos;24797;https://www.drogariaveracruz.com.br/vurtuoso-10mg-c30-cpr/p
VeraCruz;7896112406983;Bivolet 5mg Biolab 90 comprimidos;Disponível;0;0;0;0;0;Pressão Alta > Anti-Hipertensivo;20562;https://www.drogariaveracruz.com.br/bivolet-5mg-biolab-90-comprimidos/p
VeraCruz;7896676401776;Phosfoenema Laxante 130ml;Disponível;20,95;18,51;-11.6%;19,48;-7.0%;Digestão > Laxantes e Reguladores Intestinais;15946;https://www.drogariaveracruz.com.br/laxante-phosfoenema-130ml/p
VeraCruz;7898906376434;Tiorfan 10mg 18 sachês com 1g de granulado;Disponível;61,49;52,57;-14.5%;55,34;-10.0%;Digestão > Diarréia;12962;https://www.drogariaveracruz.com.br/tiorfan-10mg-18-saches-com-1g-de-granulado/p
VeraCruz;7896269901706;SERETIDE DISKUS - 50mcg + 100mcg, 1 frasco com 60 doses de pó para inalação de uso oral;Disponível;0;0;0;0;0;Sistema Respiratório > Asma;18358;https://www.drogariaveracruz.com.br/seretide-diskus-50mcg-100mcg-1-frasco-com-60-doses-de-po-para-inalacao-de-uso-oral/p
VeraCruz;7896112426189;ICTUS - 6,25mg, 30 comprimidos;Disponível;0;0;0;0;0;Sistema Circulatório > Circulação;12720;https://www.drogariaveracruz.com.br/ictus-625mg-30-comprimidos/p
VeraCruz;7896637029070;INSIT 50MG C/30 CPS;Disponível;87,23;57,18;-34.4%;60,19;-31.0%;Psicotrópicos;24879;https://www.drogariaveracruz.com.br/insit-50mg-c30-cps/p
VeraCruz;7891058002565;Novalgina 1g 20 comprimidos;Disponível;47,02;40,20;-14.5%;42,32;-10.0%;Dor e Febre;22414;https://www.drogariaveracruz.com.br/novalgina-1g-20-comprimidos/p
VeraCruz;7896226109275;Vicog 5mg 90 comprimidos;Disponível;0;0;0;0;0;Sistema Nervoso > Distúrbios Cerebrais;13413;https://www.drogariaveracruz.com.br/vicog-5mg-90-comprimidos/p
VeraCruz;7891317476663;ESC 10MG C/60 CPR;Disponível;0;0;0;0;0;Psicotrópicos;24702;https://www.drogariaveracruz.com.br/esc-10mg-c60-cpr/p
VeraCruz;7896112471165;Press Plus 5mg + 20mg 30 cápsulas;Disponível;0;0;0;0;0;Pressão Alta > Anti-Hipertensivo;10242;https://www.drogariaveracruz.com.br/press-plus-5mg-20mg-30-capsulas/p
VeraCruz;8902220108370;EPEZ 5MG C/30 CPR;Disponível;72,69;49,03;-32.5%;51,61;-29.0%;Psicotrópicos;25052;https://www.drogariaveracruz.com.br/epez-5mg-c30-cpr/p
VeraCruz;7896181902386;TOLREST 75 MG C/30 CPR;Disponível;164,57;123,51;-24.9%;65,01;-60.5%;Psicotrópicos;24609;https://www.drogariaveracruz.com.br/tolrest-75-mg-c30-cpr/p
VeraCruz;7899420506611;Para 20mg/ml 1 Frasco Com 100ml de Pó Para Suspensão de Uso Oral;Disponível;0;0;0;0;0;Vermes e Parasitas;23306;https://www.drogariaveracruz.com.br/para-20mgml-1-frasco-com-100ml-de-po-para-suspensao-de-uso-oral/p
VeraCruz;7896317906165;Folacin Sabor Laranja Gotas 30ml;Disponível;73,15;63,94;-12.6%;67,30;-8.0%;Sistema Imunológico;11446;https://www.drogariaveracruz.com.br/folacin-sabor-laranja-gotas-30ml/p
VeraCruz;7896112427452;Listo 4mg 10 comprimidos de desintegração oral;Disponível;0;0;0;0;0;Digestão > Náuseas;19631;https://www.drogariaveracruz.com.br/listo-4mg-10-comprimidos-de-desintegracao-oral/p
VeraCruz;7896637023009;Levoxin 500mg 7 comprimidos revestidos;Disponível;125,42;52,42;-58.2%;55,18;-56.0%;Antibióticos;23911;https://www.drogariaveracruz.com.br/levoxin-500mg-7-comprimidos-revestidos/p
VeraCruz;7899824400690;Nevrix 100mg + 100mg + 5000mcg 20 comprimidos revestidos;Disponível;0;0;0;0;0;Dor e Febre > Anti-Inflamatórios;11937;https://www.drogariaveracruz.com.br/nevrix-100mg-100mg-5000mcg-20-comprimidos-revestidos/p
VeraCruz;7896112401605;Vonau Flash 8mg, Sabor Menta 10 comprimidos de desintegração oral;Disponível;97,38;63,83;-34.5%;67,19;-31.0%;Digestão > Náuseas;18842;https://www.drogariaveracruz.com.br/vonau-flash-8mg-sabor-menta-10-comprimidos-de-desintegracao-oral/p
VeraCruz;7897322709482;Addera D3 7.000UI 30 comprimidos revestidos;Disponível;175,28;139,88;-20.2%;73,62;-58.0%;Vitaminas;13391;https://www.drogariaveracruz.com.br/vitamina-d3-addera-d3-7000ui-30-comprimidos-revestidos/p
VeraCruz;7896658011870;Flogoral 1,5mg/ml Sabor Laranja 250ml;Disponível;0;0;0;0;0;Dor e Febre > Dor de Garganta;11440;https://www.drogariaveracruz.com.br/flogoral-15mgml-sabor-laranja-250ml/p
VeraCruz;7896862991937;Deltametril D 4% Emulsão Capilar 100ml;Disponível;0;0;0;0;0;Tratamento Capilar > Piolhos;20756;https://www.drogariaveracruz.com.br/deltametril-d-4-emulsao-capilar-100ml/p
VeraCruz;7891106907224;Primogyna 2mg 28 drágeas;Disponível;114,76;88,31;-23.0%;92,96;-19.0%;Saúde Feminina > Reposição Hormonal;10684;https://www.drogariaveracruz.com.br/primogyna-2mg-28-drageas/p
VeraCruz;7897595900517;VALPAKINE 200 MG SOL C/40 ML;Disponível;0;0;0;0;0;Psicotrópicos;24498;https://www.drogariaveracruz.com.br/valpakine-200-mg-sol-c40-ml/p
VeraCruz;7896658029028;Leucogen 80mg 30 cápsulas;Disponível;167,34;133,54;-20.2%;70,29;-58.0%;Sistema Imunológico;17857;https://www.drogariaveracruz.com.br/leucogen-80mg-30-capsulas/p
VeraCruz;7891142180773;Quadriderm 050mg/G + 1mg/G + 10mg/G + 10mg/G 1 Bisnaga Com 20G de Pomada de Uso dermatológico;Disponível;61,13;55,17;-9.7%;58,07;-5.0%;Antibióticos;23868;https://www.drogariaveracruz.com.br/quadriderm-050mgg-1mgg-10mgg-10mgg-1-bisnaga-com-20g-de-pomada-de-uso-dermatologico/p
VeraCruz;7896637023665;Miosan 10mg 10 comprimidos revestidos;Disponível;22,72;10,57;-53.5%;11,13;-51.0%;Dor e Febre > Contusão e Relaxante Muscular;16695;https://www.drogariaveracruz.com.br/miosan-10mg-10-comprimidos-revestidos/p
VeraCruz;7893093016354;Previgrip Weleda 50ml;Disponível;103,50;91,45;-11.6%;96,26;-7.0%;Sistema Respiratório > Antigripais;13097;https://www.drogariaveracruz.com.br/previgrip-weleda-50ml/p
VeraCruz;7896094211704;Emgality 120mg/ml Solução Injetável 1ml Caneta;Disponível;0;0;0;0;0;Diabetes;24111;https://www.drogariaveracruz.com.br/emgality-120mgml-solucao-injetavel-1ml-ceneta/p
VeraCruz;7891058005474;Dorflex Dip 1g 10 comprimidos;Disponível;17,43;14,91;-14.5%;15,69;-10.0%;Dor e Febre > Analgésico;21736;https://www.drogariaveracruz.com.br/dorflex-dip-1g-10-comprimidos/p
VeraCruz;7896004753157;Tepev 500mg 100 cápsulas duras;Disponível;0;0;0;0;0;Oncológicos e Alto Custo;20586;https://www.drogariaveracruz.com.br/tepev-500mg-100-capsulas-duras/p
VeraCruz;7894916208154;Tropinal 20 comprimidos;Disponível;26,39;21,81;-17.4%;22,96;-13.0%;Saúde Feminina > Cólica;17548;https://www.drogariaveracruz.com.br/tropinal-20-comprimidos/p
VeraCruz;7891317140885;Piemonte10mg 30 comprimidos revestidos;Disponível;76,50;58,87;-23.0%;61,97;-19.0%;Sistema Respiratório > Asma;15514;https://www.drogariaveracruz.com.br/piemonte10mg-30-comprimidos-revestidos/p
VeraCruz;7896094202764;Cardilol 6,25mg 30 comprimidos;Disponível;0;0;0;0;0;Pressão Alta > Anti-Hipertensivo;10976;https://www.drogariaveracruz.com.br/cardilol-625mg-30-comprimidos/p
VeraCruz;7896658028519;Steaton 200mg 60 cápsulas moles;Disponível;189,84;160,51;-15.4%;56,32;-70.3%;Digestão > Azia e Má Digestão;14154;https://www.drogariaveracruz.com.br/steaton-200mg-60-capsulas-moles/p
VeraCruz;7896004791418;Dapagliflozina 10mg EMS 30 Comprimidos Revestidos;Disponível;143,50;81,80;-43.0%;86,10;-40.0%;Diabetes;27188;https://www.drogariaveracruz.com.br/dapagliflozina-10mg-ems-30-comprimidos-revestidos/p
VeraCruz;7896261002982;VISKEN - 5mg, 20 comprimidos;Disponível;0;0;0;0;0;Sistema Circulatório > Circulação;17998;https://www.drogariaveracruz.com.br/visken-5mg-20-comprimidos/p
VeraCruz;7892953000410;RESTIVA 20MG C/2 ADES;Disponível;294,29;229,25;-22.1%;80,44;-72.7%;Psicotrópicos;25045;https://www.drogariaveracruz.com.br/restiva-20mg-c2-ades/p
VeraCruz;7891317005641;Suganon 5mg 30 comprimidos revestidos;Disponível;164,54;123,49;-24.9%;65,00;-60.5%;Diabetes;20736;https://www.drogariaveracruz.com.br/suganon-5mg-30-comprimidos-revestidos/p
VeraCruz;7891106003377;Avalox 400mg 5 comprimidos revestidos;Disponível;0;0;0;0;0;Antibióticos;23902;https://www.drogariaveracruz.com.br/avalox-400mg-5-comprimidos-revestidos/p
VeraCruz;7896004725772;DESLORANA - 5mg, 10 comprimidos revestidos;Disponível;0;0;0;0;0;Alergias;12064;https://www.drogariaveracruz.com.br/deslorana-5mg-10-comprimidos-revestidos/p
VeraCruz;7896658001123;Candicort 20mg + 0,64mg Pomada Dermatológica 30g;Disponível;46,35;41,39;-10.7%;43,57;-6.0%;Pele e Mucosa;10959;https://www.drogariaveracruz.com.br/candicort-20mg-064mg-pomada-dermatologica-30g/p
VeraCruz;7891317448745;Riss Risperidona 2mg Com 30 comprimidos;Disponível;61,30;33,77;-44.9%;35,55;-42.0%;Psicotrópicos;24611;https://www.drogariaveracruz.com.br/riss-2mg-caixa-com-30-comprimidos-revestidos/p
VeraCruz;7896317900408;Dexador 5mg + 100mg + 100mg + 0,5mg 20 comprimidos revestidos;Disponível;79,65;62,80;-21.2%;66,11;-17.0%;Dor e Febre > Anti-Inflamatórios;16897;https://www.drogariaveracruz.com.br/dexador-5mg-100mg-100mg-05mg-20-comprimidos-revestidos/p
VeraCruz;7899420504983;ATIP XR 50MG C/30 CPR;Disponível;0;0;0;0;0;Psicotrópicos;24495;https://www.drogariaveracruz.com.br/atip-xr-50mg-c30-cpr/p
VeraCruz;7896006220503;Apresolina 50mg 60 drágeas;Disponível;42,33;32,97;-22.1%;34,71;-18.0%;Pressão Alta > Anti-Hipertensivo;21755;https://www.drogariaveracruz.com.br/apresolina-50mg-60-drageas/p
VeraCruz;7898075312554;NEPRAZOL - 20mg, 28 cápsulas;Disponível;0;0;0;0;0;Digestão > Úlcera e Gastrite;16741;https://www.drogariaveracruz.com.br/neprazol-20mg-28-capsulas/p
VeraCruz;7896094930438;Benedesc Plus Xarope Pediátrico Sabor Uva 120ml;Disponível;27,90;24,39;-12.6%;25,67;-8.0%;Sistema Respiratório > Descongestionantes;22802;https://www.drogariaveracruz.com.br/benedesc-plus-xarope-pediatrico-120ml/p
VeraCruz;7891317025540;Trok 20mg/g + 0,64mg/g Pomada Dermatológico 30g;Disponível;41,06;34,71;-15.5%;36,54;-11.0%;Pele e Mucosa;17546;https://www.drogariaveracruz.com.br/trok-20mgg-064mgg-pomada-dermatologico-30g/p
VeraCruz;7896226110554;Probiótico GinoBiotta Com 15 cápsulas;Disponível;95,90;91,11;-5.0%;95,90;-0.0%;Digestão > Laxantes e Reguladores Intestinais;25783;https://www.drogariaveracruz.com.br/suplemento-alimentar-ginobiotta-15-capsulas/p
VeraCruz;7898927111045;Oscillococcinum 6 Tubos;Disponível;91,90;81,20;-11.6%;85,47;-7.0%;Sistema Respiratório > Antigripais;21073;https://www.drogariaveracruz.com.br/oscillococcinum-6-tubos/p
VeraCruz;7896015593216;Sal de Frutas Eno Tônica 100g;Disponível;30,73;22,77;-25.9%;23,97;-22.0%;Digestão > Azia e Má Digestão;20511;https://www.drogariaveracruz.com.br/sal-de-frutas-eno-tonica-100g/p
VeraCruz;7896094920248;Escabin Pro 4% Emulsão Capilar 100ml;Disponível;42,90;37,91;-11.6%;39,90;-7.0%;Tratamento Capilar > Piolhos;14824;https://www.drogariaveracruz.com.br/escabin-pro-4-emulsao-capilar-100ml/p
VeraCruz;7891721015502;Floxocip 500mg 14 comprimidos revestidos;Disponível;0;0;0;0;0;Antibióticos;23831;https://www.drogariaveracruz.com.br/floxocip-500mg-14-comprimidos-revestidos/p
VeraCruz;7891045008174;PREMARIN - 0,3mg, 28 drágeas;Disponível;0;0;0;0;0;Saúde Feminina > Reposição Hormonal;10672;https://www.drogariaveracruz.com.br/premarin-03mg-28-drageas/p
VeraCruz;8902220109520;Rosucor 20mg 30 comprimidos revestidos;Disponível;76,61;53,13;-30.6%;55,93;-27.0%;Colesterol e Triglicerídeos;10727;https://www.drogariaveracruz.com.br/rosucor-20mg-30-comprimidos-revestidos/p
VeraCruz;7896658022944;DONILA DUO 10/20MG C/30 CPR;Disponível;0;0;0;0;0;Psicotrópicos;24836;https://www.drogariaveracruz.com.br/donila-duo-1020mg-c30-cpr/p
VeraCruz;7896070601932;Gardenal - 40Mg/Ml, 1 Frasco Gotejador Com 20Ml De Solução De Uso Oral Pediátrico;Disponível;14,06;10,95;-22.1%;11,53;-18.0%;Psicotrópicos;24239;https://www.drogariaveracruz.com.br/gardenal-40mgml-1-frasco-gotejador-com-20ml-de-solucao-de-uso-oral-pediatrico/p
VeraCruz;7896015530372;Descongestionante Nasal NasoClean 125ml;Disponível;0;0;0;0;0;Sistema Respiratório > Descongestionantes;15611;https://www.drogariaveracruz.com.br/descongestionante-nasal-nasoclean-125ml/p
VeraCruz;7898037080286;Almeida Prado N 28 60 Comprimidos;Disponível;28,90;27,46;-5.0%;28,90;-0.0%;Saúde Feminina > Reposição Hormonal;10890;https://www.drogariaveracruz.com.br/complexo-homeopatico-almeida-prado-n-28-60-comprimidos/p
VeraCruz;7896094211032;RECONTER ODT 10MG C/30 CPR;Disponível;0;0;0;0;0;Psicotrópicos;24645;https://www.drogariaveracruz.com.br/reconter-odt-10mg-c30-cpr/p
VeraCruz;7898040325282;Solução Nasal Spray Maresis Ar 0,9% 100ml;Disponível;64,12;56,65;-11.7%;59,63;-7.0%;Sistema Respiratório > Descongestionantes;17044;https://www.drogariaveracruz.com.br/solucao-nasal-spray-maresis-ar-09-100ml/p
VeraCruz;7892953208281;PREBICTAL 100MG C/30 CPS;Disponível;0;0;0;0;0;Psicotrópicos;24993;https://www.drogariaveracruz.com.br/prebictal-100mg-c30-cps/p
VeraCruz;7899470802565;Buscoplex Composto Gotas 20ml;Disponível;15,44;14,67;-5.0%;15,44;-0.0%;Saúde Feminina > Cólica;17223;https://www.drogariaveracruz.com.br/buscoplex-composto-gotas-20ml/p
VeraCruz;7894916503358;Azi 600mg 1 Frasco de Suspensão de Uso Oral + 1 Diluente;Disponível;0;0;0;0;0;Antibióticos;23904;https://www.drogariaveracruz.com.br/azi-600mg-1-frasco-de-suspensao-de-uso-oral-1-diluente/p
VeraCruz;7897322702209;Lisador 16 comprimidos;Disponível;49,98;43,68;-12.6%;45,98;-8.0%;Dor e Febre > Analgésico;15828;https://www.drogariaveracruz.com.br/lisador-16-comprimidos/p
VeraCruz;7899620910478;Novoprazol 20mg 28 cápsulas;Disponível;15,52;6,78;-56.3%;7,14;-54.0%;Digestão > Úlcera e Gastrite;14814;https://www.drogariaveracruz.com.br/novoprazol-20mg-28-capsulas/p
VeraCruz;7896637037853;Eniagor Minoxidil 50mg/ml 50ml Solução Com Gotejador;Disponível;87,02;82,67;-5.0%;87,02;-0.0%;Tratamento Capilar > Queda De Cabelo;26039;https://www.drogariaveracruz.com.br/eniagor-minoxidil-50mgml-com-gotejador/p
VeraCruz;7896094201637;Muvinlax Sabor Limão 20 sachês;Disponível;63,62;53,79;-15.5%;56,62;-11.0%;Digestão > Laxantes e Reguladores Intestinais;16700;https://www.drogariaveracruz.com.br/laxante-muvinlax-sabor-limao-20-saches-com-14g/p
VeraCruz;7896094928077;Buclina 25mg 30 comprimidos;Disponível;21,15;18,49;-12.6%;19,46;-8.0%;Vitaminas;17469;https://www.drogariaveracruz.com.br/buclina-25mg-30-comprimidos/p
VeraCruz;7896004702346;Pastilhas Endcoff Sabor Menta 12un;Disponível;25,70;24,42;-5.0%;25,70;-0.0%;Dor e Febre > Dor de Garganta;10592;https://www.drogariaveracruz.com.br/pastilhas-endcoff-sabor-menta-12un/p
VeraCruz;7896523206073;ENALAMED - 10mg, 30 comprimidos;Disponível;0;0;0;0;0;Sistema Circulatório > Circulação;13261;https://www.drogariaveracruz.com.br/enalamed-10mg-30-comprimidos/p
VeraCruz;7896004715049;Dorilen Gotas 15ml;Disponível;42,14;28,82;-31.6%;30,34;-28.0%;Dor e Febre > Analgésico;12135;https://www.drogariaveracruz.com.br/dorilen-gotas-15ml/p
VeraCruz;7896094200982;Caltren 10mg 30 comprimidos;Disponível;0;0;0;0;0;Pressão Alta > Anti-Hipertensivo;10560;https://www.drogariaveracruz.com.br/caltren-10mg-30-comprimidos/p
VeraCruz;7896658037221;Volare Enoxaparina Sódica 40mg 6 Seringas com 0,4ml + Sistema de Segurança;Disponível;524,35;498,13;-5.0%;174,78;-66.7%;Sistema Circulatório > Cardiovasculares;26605;https://www.drogariaveracruz.com.br/volare-40mg-solucao-injetavel-04ml-6-seringas/p
VeraCruz;7891317439002;Melocox 7,5mg 10 comprimidos;Disponível;0;0;0;0;0;Para os Ossos > Artrite e Artrose;16622;https://www.drogariaveracruz.com.br/melocox-75mg-10-comprimidos/p
VeraCruz;7891317139544;LIMIAR 75MG C/30 CPS;Disponível;0;0;0;0;0;Psicotrópicos;24710;https://www.drogariaveracruz.com.br/limiar-75mg-c30-cps/p
VeraCruz;7897316805404;Lumigan RC Solução Oftálmica 0,01% 3ml;Disponível;0;0;0;0;0;Olhos > Lubrificantes e Colírios;15896;https://www.drogariaveracruz.com.br/solucao-oftalmica-lumigan-rc-001-3ml/p
VeraCruz;7891058002596;Allegra 120mg 2 comprimidos;Disponível;19,06;16,11;-15.5%;16,96;-11.0%;Alergias;21072;https://www.drogariaveracruz.com.br/allegra-120mg-2-comprimidos/p
VeraCruz;7896112452690;Vênula 200mg 60 cápsulas duras;Disponível;91,07;73,54;-19.2%;77,41;-15.0%;Sistema Circulatório > Circulação;10840;https://www.drogariaveracruz.com.br/venula-200mg-60-capsulas-duras/p
VeraCruz;7896090611911;Sonridor Rapid 500mg C/10 Cpr;Disponível;12,30;11,69;-5.0%;12,30;-0.0%;Dor e Febre > Analgésico;25201;https://www.drogariaveracruz.com.br/sonridor-rapid-500mg-c10-cpr/p
VeraCruz;7891317007454;Rehidrat 50 Sabor Natural 4 envelopes de 7,34g;Disponível;37,86;33,09;-12.6%;34,83;-8.0%;Digestão > Laxantes e Reguladores Intestinais;12892;https://www.drogariaveracruz.com.br/rehidrat-50-sabor-natural-4-envelopes-de-734g/p
VeraCruz;7898040322137;Adoless 3 0,060mg + 0,015mg 84 comprimidos revestidos;Disponível;131,65;100,05;-24.0%;52,66;-60.0%;Saúde Feminina > Anticoncepcionais;14073;https://www.drogariaveracruz.com.br/adoless-3-0060mg-0015mg-84-comprimidos-revestidos/p
VeraCruz;7896523202822;Loratamed 10mg Cimed 12 comprimidos;Disponível;22,44;4,84;-78.4%;5,09;-77.3%;Alergias;15867;https://www.drogariaveracruz.com.br/loratamed-10mg-cimed-12-comprimidos/p
VeraCruz;7896658034541;Lubrificante Ocular Laxime 0,15% 10ml;Disponível;0;0;0;0;0;Olhos > Lubrificantes e Colírios;19392;https://www.drogariaveracruz.com.br/lubrificante-ocular-laxime-015-10ml/p
VeraCruz;7896112402336;Doss 1.000UI Vitamina D3 90 cápsulas gelatinosas;Disponível;97,90;86,50;-11.6%;91,05;-7.0%;Vitaminas;19031;https://www.drogariaveracruz.com.br/suplemento-alimentar-doss-1000ui-vitamina-d3-90-capsulas-gelatinosas/p
VeraCruz;7897947601581;Kit Lavitan Pré-Natal Multi 60 cápsulas moles + Ômega 3 DHA 30 comprimidos revestidos;Disponível;84,90;57,27;-32.5%;60,28;-29.0%;Saúde Feminina > Gestante;21738;https://www.drogariaveracruz.com.br/kit-lavitan-pre-natal-multi-omega-3-dha-30-comprimidos-revestidos-60-capsulas-moles/p
VeraCruz;7896637034050;Miosan ODT 5mg 10 comprimidos;Disponível;21,03;17,58;-16.4%;18,51;-12.0%;Dor e Febre > Contusão e Relaxante Muscular;22262;https://www.drogariaveracruz.com.br/miosan-odt-5mg-10-comprimidos/p
VeraCruz;7897337704977;ARCOXIA 60 MG C/14 CPR;Disponível;152,28;108,50;-28.7%;57,11;-62.5%;Psicotrópicos;24532;https://www.drogariaveracruz.com.br/arcoxia-60-mg-c14-cpr/p
VeraCruz;7896004755519;Lacday 10.000 U.FCC EMS 30 comprimidos mastigáveis;Disponível;64,90;61,66;-5.0%;64,90;-0.0%;Saúde Feminina > Cólica;15446;https://www.drogariaveracruz.com.br/lacday-10000-ufcc-ems-30-comprimidos-mastigaveis/p
VeraCruz;7896676435597;ROXETIN XR 25 MG C/30 CPR;Disponível;0;0;0;0;0;Psicotrópicos;24704;https://www.drogariaveracruz.com.br/roxetin-xr-25-mg-c30-cpr/p
VeraCruz;7891317443399;AMATO 100 MG C/60 CPR;Disponível;255,48;182,03;-28.7%;63,87;-75.0%;Psicotrópicos;24768;https://www.drogariaveracruz.com.br/amato-100-mg-c60-cpr/p
VeraCruz;5702191013740;Protopic 0,03% Pomada Dermatológica 10g;Disponível;0;0;0;0;0;Alergias;12863;https://www.drogariaveracruz.com.br/protopic-003-pomada-dermatologica-10g/p
VeraCruz;7896261000520;LIORESAL - 10mg, 20 comprimidos;Disponível;0;0;0;0;0;Sistema Imunológico;24009;https://www.drogariaveracruz.com.br/lioresal-10mg-20-comprimidos/p
VeraCruz;7898040324551;Probiatop Farmoquímica Com 30 Comprimidos;Disponível;139,90;132,91;-5.0%;69,95;-50.0%;Digestão > Laxantes e Reguladores Intestinais;26487;https://www.drogariaveracruz.com.br/probiatop-farmoquimica-com-30-comprimidos/p
VeraCruz;7891317010751;Dexalgen NF Solução Injetável 3 ampolas I (1 ml) e 3 ampolas II (2 ml);Disponível;53,51;46,26;-13.5%;48,69;-9.0%;Dor e Febre > Anti-Inflamatórios;20551;https://www.drogariaveracruz.com.br/dexalgen-nf-solucao-injetavel-3-ampolas-i-1-ml-e-3-ampolas-ii-2-ml/p
VeraCruz;7891317427351;Permut 05mg/G + 1mg/G + 10mg/G + 10mg/G 1 Bisnaga Com 10G de Pomada de Uso dermatológico;Disponível;0;0;0;0;0;Antibióticos;24384;https://www.drogariaveracruz.com.br/permut-05mgg-1mgg-10mgg-10mgg-1-bisnaga-com-10g-de-pomada-de-uso-dermatologico/p
VeraCruz;7891045008204;MINESSE - 0,06mcg + 0,015mg, 24 comprimidos revestidos;Disponível;0;0;0;0;0;Saúde Feminina > Anticoncepcionais;11888;https://www.drogariaveracruz.com.br/minesse-006mcg-0015mg-24-comprimidos-revestidos/p
VeraCruz;7896094999527;Nesina Met* 12,5mg + 850mg 60 comprimidos revestidos;Disponível;0;0;0;0;0;Diabetes;16746;https://www.drogariaveracruz.com.br/nesina-met-125mg-850mg-60-comprimidos-revestidos/p
VeraCruz;7897595901309;Puran T4 25mcg 30 comprimidos;Disponível;18,44;12,79;-30.6%;13,46;-27.0%;Hormônios;15981;https://www.drogariaveracruz.com.br/puran-t4-25mcg-30-comprimidos/p
VeraCruz;5702191007961;Verutex B 20mg/G + 1mg/G 1 Bisnaga Com 15G de Creme de Uso dermatológico;Disponível;107,52;88,86;-17.4%;93,54;-13.0%;Antibióticos;23321;https://www.drogariaveracruz.com.br/verutex-b-20mgg-1mgg-1-bisnaga-com-15g-de-creme-de-uso-dermatologico/p
VeraCruz;7896094210783;Nextela 15Mg/3Mg C/28 Cpr;Disponível;112,00;95,76;-14.5%;50,40;-55.0%;Saúde Feminina > Anticoncepcionais;25273;https://www.drogariaveracruz.com.br/nextela-15mg3mg-c28-cpr/p
VeraCruz;7898906846494;Óleo Sachet Pielsana 7,5cm X 15cm 5ml;Disponível;8,50;6,46;-24.0%;6,80;-20.0%;Pele e Mucosa;15952;https://www.drogariaveracruz.com.br/oleo-sachet-pielsana-75cm-x-15cm-5ml/p
VeraCruz;7891158101830;DIVALCON ER 500MG C/30 CPR;Disponível;115,93;84,81;-26.8%;89,27;-23.0%;Psicotrópicos;24582;https://www.drogariaveracruz.com.br/divalcon-er-500mg-c30-cpr/p
VeraCruz;7896261001480;ANAFRANIL SR 75 MG C/20 CPR;Disponível;0;0;0;0;0;Psicotrópicos;24530;https://www.drogariaveracruz.com.br/anafranil-sr-75-mg-c20-cpr/p
VeraCruz;7896241265543;Suprema 2mg + 1mg 28 comprimidos revestidos;Disponível;50,35;38,27;-24.0%;40,28;-20.0%;Saúde Feminina > Reposição Hormonal;17959;https://www.drogariaveracruz.com.br/suprema-2mg-1mg-28-comprimidos-revestidos/p
VeraCruz;7896094930810;Refil Rinosoro Alto Volume Baby 9mg/ml Pó para Solução Nasal 15 sachês;Disponível;39,50;37,53;-5.0%;39,50;-0.0%;Sistema Respiratório > Descongestionantes;25292;https://www.drogariaveracruz.com.br/refil-rinosoro-alto-volume-baby-9mgml-po-para-solucao-nasal-15-saches/p
VeraCruz;7896222721198;Naldecon Multi 16 comprimidos;Disponível;35,99;29,40;-18.3%;30,95;-14.0%;Sistema Respiratório > Antigripais;14821;https://www.drogariaveracruz.com.br/naldecon-multi-16-comprimidos/p
VeraCruz;7898074617193;Spray Nasal em Pó Filtrair Defense 800mg;Disponível;0;0;0;0;0;Sistema Respiratório > Descongestionantes;14236;https://www.drogariaveracruz.com.br/spray-nasal-em-po-filtrair-defense-800mg/p
VeraCruz;7896676433944;Vellana 50mg 30 comprimidos;Disponível;0;0;0;0;0;Psicotrópicos;24419;https://www.drogariaveracruz.com.br/vellana-50mg-30-comprimidos/p
VeraCruz;7898040329716;Calcitran Triflex 30 comprimidos;Disponível;69,90;66,41;-5.0%;69,90;-0.0%;Para os Ossos > Osteoporose;20770;https://www.drogariaveracruz.com.br/suplemento-alimentar-calcitran-triflex-30-comprimidos/p
VeraCruz;7896181915188;Busonid Aquoso Nasal 64mcg 120 doses 6ml;Disponível;36,95;31,25;-15.4%;32,89;-11.0%;Alergias;17466;https://www.drogariaveracruz.com.br/busonid-aquoso-nasal-64mcg-120-doses-6ml/p
VeraCruz;8902220113107;LAMITOR CD 50MG C/30 CPR;Disponível;69,19;42,72;-38.3%;44,97;-35.0%;Psicotrópicos;24980;https://www.drogariaveracruz.com.br/lamitor-cd-50mg-c30-cpr/p
VeraCruz;7896317900415;Dexador 5mg + 100mg + 100mg + 4mg Solução Injetável 3 ampolas A (2ml) + 3 ampolas B (1ml);Disponível;50,85;42,51;-16.4%;44,75;-12.0%;Dor e Febre > Anti-Inflamatórios;16898;https://www.drogariaveracruz.com.br/dexador-5mg-100mg-100mg-4mg-solucao-injetavel-3-ampolas-a-2ml-3-ampolas-b-1ml/p
VeraCruz;7896094921870;Ondif 4mg 10 filmes;Disponível;49,18;35,04;-28.8%;36,88;-25.0%;Digestão > Náuseas;20767;https://www.drogariaveracruz.com.br/ondif-4mg-10-filmes/p
VeraCruz;7896206402426;Atacand HCT 8mg + 12,5mg 30 comprimidos;Disponível;0;0;0;0;0;Pressão Alta > Anti-Hipertensivo;10458;https://www.drogariaveracruz.com.br/atacand-hct-8mg-125mg-30-comprimidos/p
VeraCruz;7891317421618;PONDERA 40MG CAIXA COM 20 COMPRIMIDOS REVESTIDOS;Disponível;0;0;0;0;0;Psicotrópicos;24599;https://www.drogariaveracruz.com.br/pondera-40mg-caixa-com-20-comprimidos-revestidos/p
VeraCruz;7898037080163;Almeida Prado N 16 60 Comprimidos;Disponível;28,90;26,09;-9.7%;27,46;-5.0%;Saúde Feminina > Medicamentos Urinários;10888;https://www.drogariaveracruz.com.br/complexo-homeopatico-almeida-prado-n-16-60-comprimidos/p
VeraCruz;7898040329532;Calcitran D3 1000UI 60 comprimidos revestidos;Disponível;69,90;66,41;-5.0%;69,90;-0.0%;Para os Ossos;20517;https://www.drogariaveracruz.com.br/suplemento-alimentar-calcitran-d3-1000ui-60-comprimidos-revestidos/p
VeraCruz;7896015529086;Anoro Ellipta 62,5mcg/25mcg 30 doses de pó para inalação;Disponível;423,89;402,70;-5.0%;141,30;-66.7%;Sistema Respiratório > DPOC;18042;https://www.drogariaveracruz.com.br/anoro-ellipta-625mcg25mcg-30-doses-de-po-para-inalacao/p
VeraCruz;7891721021046;Floratil Pack 250mg + 200mg 6 cápsulas;Disponível;0;0;0;0;0;Digestão > Laxantes e Reguladores Intestinais;18243;https://www.drogariaveracruz.com.br/floratil-pack-250mg-200mg-6-capsulas/p
VeraCruz;7891158103445;Rubenti 200mg 60 cápsulas duras de liberação prolongada;Disponível;264,28;215,92;-18.3%;75,76;-71.3%;Saúde Feminina > Cólica;13284;https://www.drogariaveracruz.com.br/rubenti-200mg-60-capsulas-duras-de-liberacao-prolongada/p
VeraCruz;7896658026508;Resist 500mg 90 cápsulas;Disponível;197,89;178,60;-9.7%;62,67;-68.3%;Pele e Mucosa;21441;https://www.drogariaveracruz.com.br/resist-500mg-90-capsulas/p
VeraCruz;7896230304611;Solução para Reidratação Hidroral Sabor Laranja 500ml;Disponível;0;0;0;0;0;Digestão > Laxantes e Reguladores Intestinais;15602;https://www.drogariaveracruz.com.br/solucao-para-reidratacao-hidroral-sabor-laranja-500ml/p
VeraCruz;7896112422136;Novanlo 2,5mg 30 comprimidos;Disponível;78,79;60,63;-23.0%;63,82;-19.0%;Pressão Alta > Anti-Hipertensivo;16830;https://www.drogariaveracruz.com.br/novanlo-25mg-30-comprimidos/p
VeraCruz;7896255764384;Ritmonorm 300mg 30 comprimidos revestidos;Disponível;0;0;0;0;0;Sistema Circulatório > Circulação;10723;https://www.drogariaveracruz.com.br/ritmonorm-300mg-30-comprimidos-revestidos/p
VeraCruz;7896006241003;Celestrat 2mg + 0,25mg 20 comprimidos;Disponível;22,80;10,83;-52.5%;11,40;-50.0%;Dor e Febre > Anti-Inflamatórios;22990;https://www.drogariaveracruz.com.br/celestrat-2mg-025mg-20-comprimidos/p
VeraCruz;7896226102351;Takil 20mg + 30mg Creme Ginecológico 35g + 7 aplicadores;Disponível;104,98;89,76;-14.5%;94,48;-10.0%;Saúde Feminina > Creme e óvulos vaginais;11199;https://www.drogariaveracruz.com.br/takil-20mg-30mg-creme-ginecologico-35g-7-aplicadores/p
VeraCruz;7891317465667;Selene 0,035mg + 2mg 21 comprimidos revestidos;Disponível;36,95;28,08;-24.0%;29,56;-20.0%;Saúde Feminina > Anticoncepcionais;11560;https://www.drogariaveracruz.com.br/selene-0035mg-2mg-21-comprimidos-revestidos/p
VeraCruz;7896676431537;AMYTRIL SRX 10 MG C/30 CPR;Disponível;19,92;15,14;-24.0%;15,94;-20.0%;Psicotrópicos;24524;https://www.drogariaveracruz.com.br/amytril-srx-10-mg-c30-cpr/p
VeraCruz;7896094922099;Nebacetin Pomada 50g;Disponível;57,99;49,03;-15.5%;51,61;-11.0%;Pele e Mucosa;11919;https://www.drogariaveracruz.com.br/pomada-dermatologico-nebacetin-50g/p
VeraCruz;7891317477738;Dejavú 50mg 2 comprimidos;Disponível;0;0;0;0;0;Saúde Masculina > Disfunção Erétil;16575;https://www.drogariaveracruz.com.br/dejavu-50mg-2-comprimidos/p
VeraCruz;7898962943779;Luftagastro Dupla Ação Menta 50mg/ml 150ml Líquido;Disponível;57,49;54,62;-5.0%;57,49;-0.0%;Digestão > Azia e Má Digestão;26817;https://www.drogariaveracruz.com.br/luftagastro-dupla-acao-menta-50mgml-150ml-liquido/p
VeraCruz;7891721024924;Concor 1,25mg 30 comprimidos revestidos;Disponível;77,14;57,16;-25.9%;60,17;-22.0%;Pressão Alta > Anti-Hipertensivo;11707;https://www.drogariaveracruz.com.br/concor-125mg-30-comprimidos-revestidos/p
VeraCruz;7896472513284;Buprovil 300mg 20 comprimidos;Disponível;0;0;0;0;0;Dor e Febre > Anti-Inflamatórios;22117;https://www.drogariaveracruz.com.br/buprovil-300mg-20-comprimidos/p
VeraCruz;7896006213147;Colact 667mg/ml Sabor Salada de Frutas 120ml;Disponível;29,77;19,23;-35.4%;20,24;-32.0%;Digestão > Laxantes e Reguladores Intestinais;15320;https://www.drogariaveracruz.com.br/colact-667mgml-sabor-salada-de-frutas-120ml/p
VeraCruz;7896382700576;Humulin R 1000UI 10ml;Disponível;0;0;0;0;0;Diabetes;15393;https://www.drogariaveracruz.com.br/humulin-r-1000ui-10ml/p
VeraCruz;7898037080149;Almeida Prado N 14 60 Comprimidos;Disponível;28,90;27,46;-5.0%;28,90;-0.0%;Digestão > Azia e Má Digestão;10887;https://www.drogariaveracruz.com.br/complexo-homeopatico-almeida-prado-n-14-60-comprimidos/p
VeraCruz;7896026306720;Glyxambi 10mg/ 5mg 30 Comprimidos Revestidos;Disponível;500,50;475,48;-5.0%;166,83;-66.7%;Diabetes;13788;https://www.drogariaveracruz.com.br/glyxambi-10mg-5mg-30-comprimidos-revestidos/p
VeraCruz;7891158101656;Revoc 50mg Abbott 30 Comprimidos Revestidos;Disponível;146,96;106,11;-27.8%;55,85;-62.0%;Psicotrópicos;24406;https://www.drogariaveracruz.com.br/revoc-50mg-abbott-30-comprimidos-revestidos/p
VeraCruz;7891106000888;Aspirina C 2 Sabor Limão comprimidos efervescentes;Disponível;9,99;8,73;-12.6%;9,19;-8.0%;Dor e Febre > Analgésico;18104;https://www.drogariaveracruz.com.br/aspirina-c-2-sabor-limao-comprimidos-efervescentes/p
VeraCruz;7891058030124;EQUILID 200MG C/20 CPR;Disponível;0;0;0;0;0;Psicotrópicos;24581;https://www.drogariaveracruz.com.br/equilid-200mg-c20-cpr/p
VeraCruz;7896006290988;Solução Oftálmica Ster 10mg/ml 5ml;Disponível;32,70;26,10;-20.2%;27,47;-16.0%;Olhos > Lubrificantes e Colírios;11154;https://www.drogariaveracruz.com.br/solucao-oftalmica-ster-10mgml-5ml/p
VeraCruz;7897316805053;Solução Oftálmica Ganfort 0,3% + 5% 3ml;Disponível;0;0;0;0;0;Olhos > Lubrificantes e Colírios;16211;https://www.drogariaveracruz.com.br/solucao-oftalmica-ganfort-03-5-3ml/p
VeraCruz;7896004778297;Capy Solução Capilar 50mg/ml 2 frascos de 50ml cada;Disponível;0;0;0;0;0;Tratamento Capilar > Queda De Cabelo;21533;https://www.drogariaveracruz.com.br/capy-solucao-capilar-50mgml-2-frascos-de-50ml-cada/p
VeraCruz;7891106906944;Diane 35 2mg + 0,035mg 63 drágeas;Disponível;91,14;70,13;-23.1%;73,82;-19.0%;Saúde Feminina > Anticoncepcionais;16912;https://www.drogariaveracruz.com.br/diane-35-2mg-0035mg-63-drageas/p
VeraCruz;7896658017643;AXONIUM 5MG C/30 CPR;Disponível;0;0;0;0;0;Psicotrópicos;24615;https://www.drogariaveracruz.com.br/axonium-5mg-c30-cpr/p
VeraCruz;7896094919051;Apracur Duo 6 comprimidos;Disponível;10,46;9,44;-9.8%;9,94;-5.0%;Sistema Respiratório > Antigripais;21643;https://www.drogariaveracruz.com.br/apracur-duo-6-comprimidos/p
VeraCruz;7896641807343;Mesacol MMX 1200mg 30 comprimidos revestidos de liberação prolongada;Disponível;0;0;0;0;0;Dor e Febre > Anti-Inflamatórios;16669;https://www.drogariaveracruz.com.br/mesacol-mmx-1200mg-30-comprimidos-revestidos-de-liberacao-prolongada/p
VeraCruz;7896641804434;Xantinol Complex 12 flaconetes com 10ml cada;Disponível;45,06;42,81;-5.0%;45,06;-0.0%;Digestão > Laxantes e Reguladores Intestinais;18003;https://www.drogariaveracruz.com.br/xantinol-complex-12-flaconetes-com-10ml-cada/p
VeraCruz;7896261009745;Lamisilate 1% Creme 15g;Disponível;0;0;0;0;0;Pele e Mucosa;17814;https://www.drogariaveracruz.com.br/lamisilate-1-creme-15g/p
VeraCruz;7896331709193;Proctocaps 20 cápsulas;Disponível;0;0;0;0;0;Sistema Circulatório > Circulação;10691;https://www.drogariaveracruz.com.br/proctocaps-20-capsulas/p
VeraCruz;7892953001745;Flodin Duo 150mg 10 comprimidos de liberação controlada;Disponível;0;0;0;0;0;Dor e Febre > Anti-Inflamatórios;11437;https://www.drogariaveracruz.com.br/flodin-duo-150mg-10-comprimidos-de-liberacao-controlada/p
VeraCruz;7898040321437;Umckan 825mg/ml 20ml;Disponível;0;0;0;0;0;Sistema Respiratório > DPOC;10784;https://www.drogariaveracruz.com.br/umckan-825mgml-20ml/p
VeraCruz;7897337716215;Cerazette 75mcg 28 comprimidos revestidos;Disponível;61,80;41,10;-33.5%;43,26;-30.0%;Saúde Feminina > Anticoncepcionais;11007;https://www.drogariaveracruz.com.br/cerazette-75mcg-28-comprimidos-revestidos/p
VeraCruz;7894916508964;Esomex 20mg 28 comprimidos revestidos;Disponível;0;0;0;0;0;Digestão > Úlcera e Gastrite;15235;https://www.drogariaveracruz.com.br/esomex-20mg-28-comprimidos-revestidos/p
VeraCruz;7899095244085;IBUVIX - 600mg, 20 comprimidos revestidos;Disponível;0;0;0;0;0;Dor e Febre > Analgésico;12710;https://www.drogariaveracruz.com.br/ibuvix-600mg-20-comprimidos-revestidos/p
VeraCruz;7899420503597;Prós HP 2mg + 5mg 30 cápsulas gelatinosas duras;Disponível;0;0;0;0;0;Saúde Masculina > Próstata;10280;https://www.drogariaveracruz.com.br/pros-hp-2mg-5mg-30-capsulas-gelatinosas-duras/p
VeraCruz;7896006219644;Loratadina 10mg com 12 Comprimidos União Química Genérico;Disponível;18,70;6,75;-63.9%;7,11;-62.0%;Alergias;25774;https://www.drogariaveracruz.com.br/loratadina-10mg-com-12-comprimidos-uniao-quimica-generico/p
VeraCruz;7896269900150;Aerolin 100mcg/dose 200 doses 14,6 ml;Disponível;26,90;22,23;-17.4%;23,40;-13.0%;Sistema Respiratório > Asma;10443;https://www.drogariaveracruz.com.br/aerolin-100mcgdose-200-doses-146-ml/p
VeraCruz;7897322714462;Mioflex A 125mg + 50mg + 300mg + 30mg 12 Comprimidos;Disponível;26,47;23,39;-11.6%;24,62;-7.0%;Dor e Febre > Anti-Inflamatórios;16689;https://www.drogariaveracruz.com.br/mioflex-a-125mg-50mg-300mg-30mg-12-comprimidos/p
VeraCruz;7896658048111;Prolive GG Aché 5 Cápsulas;Disponível;36,50;34,68;-5.0%;36,50;-0.0%;Digestão > Laxantes e Reguladores Intestinais;25580;https://www.drogariaveracruz.com.br/prolive-gg-ache-5-capsulas/p
VeraCruz;7896241232637;LIVOLON - 2,5mg, 30 comprimidos;Disponível;0;0;0;0;0;Hormônios;15840;https://www.drogariaveracruz.com.br/livolon-25mg-30-comprimidos/p
VeraCruz;7896112403340;Ad-Muc Kids 0,2% Gel Bucal 10g;Disponível;81,50;70,46;-13.5%;74,17;-9.0%;Pele e Mucosa;14856;https://www.drogariaveracruz.com.br/ad-muc-kids-02-gel-bucal-10g/p
VeraCruz;7891317003067;Tãmisa 15 60mcg + 15mcg 28 comprimidos revestidos;Disponível;30,25;23,28;-23.0%;24,50;-19.0%;Saúde Feminina > Anticoncepcionais;18477;https://www.drogariaveracruz.com.br/tamisa-15-60mcg-15mcg-28-comprimidos-revestidos/p
VeraCruz;7896004754130;Bálsamo Bengué Aerossol 170ml;Disponível;73,38;52,29;-28.7%;55,04;-25.0%;Para os Ossos > Osteoporose;15525;https://www.drogariaveracruz.com.br/balsamo-bengue-aerosol-170ml/p
VeraCruz;7896112422174;Novanlo 2,5mg 90 comprimidos;Disponível;151,36;119,35;-21.1%;62,82;-58.5%;Pressão Alta > Anti-Hipertensivo;20601;https://www.drogariaveracruz.com.br/novanlo-25mg-90-comprimidos/p
VeraCruz;7896472501823;Multigrip 20 cápsulas gelatinosas duras;Disponível;31,26;20,49;-34.5%;21,57;-31.0%;Sistema Respiratório > Antigripais;11893;https://www.drogariaveracruz.com.br/multigrip-20-capsulas-gelatinosas-duras/p
VeraCruz;7891317015060;Kóide D Xarope 120ml + copo medidor;Disponível;52,41;45,81;-12.6%;48,22;-8.0%;Dor e Febre > Anti-Inflamatórios;15435;https://www.drogariaveracruz.com.br/koide-d-xarope-120ml-copo-medidor/p
VeraCruz;7898074616943;Fluimucil 11,5mg/ml Solução Nasal 20ml;Disponível;0;0;0;0;0;Sistema Respiratório > Expectorante;18258;https://www.drogariaveracruz.com.br/fluimucil-115mgml-solucao-nasal-20ml/p
VeraCruz;7896004715230;Repoflor Pediátrico 200mg 4 envelopes;Disponível;46,21;21,87;-52.7%;23,02;-50.2%;Digestão > Diarréia;16036;https://www.drogariaveracruz.com.br/restaurador-da-flora-intestinal-repoflor-pediatrico-200mg-4-envelopes-com-1g-cada/p
VeraCruz;7896004734620;LIARA - 3mg + 0,03mg, 21 comprimidos revestidos;Disponível;0;0;0;0;0;Saúde Feminina > Anticoncepcionais;11103;https://www.drogariaveracruz.com.br/liara-3mg-003mg-21-comprimidos-revestidos/p
VeraCruz;7898040322564;Promensil 100mg 30 comprimidos revestidos;Disponível;159,98;133,74;-16.4%;70,39;-56.0%;Saúde Feminina > Reposição Hormonal;10270;https://www.drogariaveracruz.com.br/promensil-100mg-30-comprimidos-revestidos/p
VeraCruz;7896255716949;Synthroid 25mcg 30 comprimidos;Disponível;40,59;30,47;-24.9%;32,07;-21.0%;Hormônios;11186;https://www.drogariaveracruz.com.br/synthroid-25mcg-30-comprimidos/p
VeraCruz;7898040328610;Bactrim 40mg/ml + 8mg/ml 1 Frasco Com 100ml de Suspensão de Uso Oral;Disponível;0;0;0;0;0;Antibióticos;23912;https://www.drogariaveracruz.com.br/bactrim-40mgml-8mgml-1-frasco-com-100ml-de-suspensao-de-uso-oral/p
VeraCruz;-;Dipimed 500mg/ml Gotas 20ml;Disponível;0;0;0;0;0;Dor e Febre > Analgésico;;https://www.drogariaveracruz.com.br/dipimed-500mgml-gotas-20ml/p
VeraCruz;7896094210271;Iumi ES 3mg + 0,02mg 30 comprimidos revestidos;Disponível;77,87;62,67;-19.5%;65,97;-15.3%;Saúde Feminina > Anticoncepcionais;13103;https://www.drogariaveracruz.com.br/iumi-es-3mg-002mg-30-comprimidos-revestidos/p
VeraCruz;7896094206533;Venzer 32mg 30 comprimidos;Disponível;99,54;70,93;-28.7%;74,66;-25.0%;Sistema Circulatório > Cardiovasculares;10841;https://www.drogariaveracruz.com.br/venzer-32mg-30-comprimidos/p
VeraCruz;7896015530051;Zinnat 250mg 14 comprimidos revestidos;Disponível;0;0;0;0;0;Antibióticos;23923;https://www.drogariaveracruz.com.br/zinnat-250mg-14-comprimidos-revestidos/p
VeraCruz;7898582380558;ADORLAN 25+25MG C/20 CPR;Disponível;128,62;91,65;-28.7%;96,47;-25.0%;Psicotrópicos;24681;https://www.drogariaveracruz.com.br/adorlan-2525mg-c20-cpr/p
VeraCruz;7898029558816;Vastarel MR 35mg 60 comprimidos de liberação prolongada;Disponível;203,68;150,93;-25.9%;52,96;-74.0%;Sistema Circulatório > Circulação;10820;https://www.drogariaveracruz.com.br/vastarel-mr-35mg-60-comprimidos-de-liberacao-prolongada/p
VeraCruz;7891010246952;Tylenol Sinus 500mg + 30mg 36 comprimidos revestidos;Disponível;36,27;30,32;-16.4%;31,92;-12.0%;Sistema Respiratório > Antigripais;14455;https://www.drogariaveracruz.com.br/tylenol-sinus-1g-60mg-36-comprimidos-revestidos/p
VeraCruz;7896472513307;Buprovil 600mg 20 Comprimidos Revestidos;Disponível;0;0;0;0;0;Dor e Febre > Analgésico;14117;https://www.drogariaveracruz.com.br/buprovil-600mg-20-comprimidos-revestidos/p
VeraCruz;7896006257929;Bisalax 5mg 20 drágeas;Disponível;9,48;9,01;-5.0%;9,48;-0.0%;Digestão > Laxantes e Reguladores Intestinais;17764;https://www.drogariaveracruz.com.br/bisalax-5mg-20-drageas/p
VeraCruz;7896658039546;PARZO 200MG C/10 CPS DURA C1;Disponível;0;0;0;0;0;Psicotrópicos;24903;https://www.drogariaveracruz.com.br/parzo-200mg-c10-cps-dura-c1/p
VeraCruz;7896523228563;Nevralpro Gel 11,6mg 60g;Disponível;21,73;9,50;-56.3%;10,00;-54.0%;Dor e Febre > Anti-Inflamatórios;23646;https://www.drogariaveracruz.com.br/nevralpro-gel-116mg-60g/p
VeraCruz;7898549757133;Monessa 90 cápsulas;Disponível;345,94;269,49;-22.1%;94,56;-72.7%;Tratamento Capilar > Queda De Cabelo;16714;https://www.drogariaveracruz.com.br/monessa-90-capsulas/p
VeraCruz;7896026301855;Cardizem 60mg 50 comprimidos;Disponível;0;0;0;0;0;Pressão Alta > Anti-Hipertensivo;10978;https://www.drogariaveracruz.com.br/cardizem-60mg-50-comprimidos/p
VeraCruz;7896261020269;Entresto 24mg + 26mg 28 comprimidos revestidos;Disponível;202,28;192,17;-5.0%;67,43;-66.7%;Sistema Circulatório > Circulação;10605;https://www.drogariaveracruz.com.br/entresto-24mg-26mg-28-comprimidos-revestidos/p
VeraCruz;7896658039287;MENSYVA 200MG C/30 CPR REV C1;Disponível;0;0;0;0;0;Psicotrópicos;24909;https://www.drogariaveracruz.com.br/mensyva-200mg-c30-cpr-rev-c1/p
VeraCruz;7896006221012;Dews 5mg/ml Solução Oftálmica 10ml;Disponível;57,08;46,09;-19.3%;48,52;-15.0%;Olhos > Lubrificantes e Colírios;19816;https://www.drogariaveracruz.com.br/dews-5mgml-solucao-oftalmica-10ml/p
VeraCruz;7896004759975;Lacday 10.000 FCC ALU EMS 60 comprimidos mastigáveis;Disponível;109,90;104,41;-5.0%;54,95;-50.0%;Saúde Feminina > Cólica;17039;https://www.drogariaveracruz.com.br/lacday-10000-fcc-alu-ems-60-comprimidos-mastigaveis/p
VeraCruz;7897337706384;Cozaar 50mg 30 comprimidos revestidos;Disponível;69,81;55,04;-21.2%;57,94;-17.0%;Pressão Alta > Anti-Hipertensivo;16886;https://www.drogariaveracruz.com.br/cozaar-50mg-30-comprimidos-revestidos/p
VeraCruz;7896112402688;Dozoito 100mg 30 comprimidos;Disponível;114,75;66,50;-42.0%;70,00;-39.0%;Pressão Alta > Anti-Hipertensivo;14283;https://www.drogariaveracruz.com.br/dozoito-100mg-30-comprimidos/p
VeraCruz;7896658037061;ProVance Mini 360 mg Aché 5 sachês;Disponível;35,90;34,11;-5.0%;35,90;-0.0%;Digestão > Laxantes e Reguladores Intestinais;14904;https://www.drogariaveracruz.com.br/provance-mini-360-mg-ache-5-saches/p
VeraCruz;7896181904250;Hemax Eritron 4.000UI Aché 1 ampola com pó liofilizado e 1 ampola com 2ml de diluente;Disponível;0;0;0;0;0;Sistema Imunológico;19119;https://www.drogariaveracruz.com.br/hemax-eritron-4000ui-ache-1-ampola-com-po-liofilizado-e-1-ampola-com-2ml-de-diluente/p
VeraCruz;7896658001666;Tandrilax Aché 30 comprimidos;Disponível;37,16;32,13;-13.5%;33,82;-9.0%;Dor e Febre > Anti-Inflamatórios;16470;https://www.drogariaveracruz.com.br/tandrilax-ache-30-comprimidos/p
VeraCruz;7898430194511;Lavagem Nasal Nasoar XT 5,0% Refil 15 sachês;Disponível;85,50;69,85;-18.3%;73,53;-14.0%;Sistema Respiratório > Descongestionantes;21152;https://www.drogariaveracruz.com.br/lavagem-nasal-nasoar-xt-50-refil-15-saches/p
VeraCruz;7896658018763;Bravan HCT 160mg + 12,5mg 30 comprimidos;Disponível;84,94;68,59;-19.2%;72,20;-15.0%;Pressão Alta > Anti-Hipertensivo;19488;https://www.drogariaveracruz.com.br/bravan-hct-160mg-125mg-30-comprimidos/p
VeraCruz;7896658007255;Combiron 275,8mg/10ml 120ml;Disponível;0;0;0;0;0;Vitaminas;15342;https://www.drogariaveracruz.com.br/combiron-2758mg10ml-120ml/p
VeraCruz;7891317177645;Primera 20 150mcg + 20mcg 21 comprimidos;Disponível;45,05;34,67;-23.0%;36,49;-19.0%;Saúde Feminina > Anticoncepcionais;10679;https://www.drogariaveracruz.com.br/primera-20-150mcg-20mcg-21-comprimidos/p
VeraCruz;7896094931183;Estomazil Pastilhas Sabor Abacaxi 20 comprimidos mastigáveis;Disponível;19,90;17,01;-14.5%;17,91;-10.0%;Digestão > Azia e Má Digestão;15510;https://www.drogariaveracruz.com.br/antiacido-estomazil-pastilhas-sabor-abacaxi-20-comprimidos-mastigaveis/p
VeraCruz;7896226102504;TrivagelN Bisnaga Com 60G de Creme de Uso Ginecológico + 10 Aplicadores;Disponível;98,37;78,50;-20.2%;82,63;-16.0%;Antibióticos;24386;https://www.drogariaveracruz.com.br/trivageln-bisnaga-com-60g-de-creme-de-uso-ginecologico-10-aplicadores/p
VeraCruz;7896015556990;Amoxil 500Mg 21 Cápsulas Gelatinosas Duras - Amoxicilina 500mg;Disponível;70,57;59,00;-16.4%;62,10;-12.0%;Antibióticos;23820;https://www.drogariaveracruz.com.br/amoxil-500mg-21-capsulas-gelatinosas-duras/p
VeraCruz;7896090611744;Sonrisal Laranja 2 Comprimidos Efervescente;Disponível;3,22;3,06;-5.0%;3,22;-0.0%;Digestão > Azia e Má Digestão;25699;https://www.drogariaveracruz.com.br/sonrisal-laranja-2-comprimidos-efervescente/p
VeraCruz;7891317038571;Perlatte 10.000 Fcc 30 Comprimidos Mastigáveis;Disponível;62,50;59,38;-5.0%;62,50;-0.0%;Digestão;26913;https://www.drogariaveracruz.com.br/perlatte-10000-fcc-30-comprimidos-mastigaveis/p
VeraCruz;7500435121965;Metamucil Pó Sabor Original 210g;Disponível;132,25;125,64;-5.0%;66,13;-50.0%;Digestão > Laxantes e Reguladores Intestinais;20449;https://www.drogariaveracruz.com.br/metamucil-po-sabor-original-210g/p
VeraCruz;7896658004308;Omepramix Caixa Contendo 56 comprimidos;Disponível;0;0;0;0;0;Antibióticos;23858;https://www.drogariaveracruz.com.br/omepramix-caixa-contendo-56-comprimidos/p
VeraCruz;7896023703010;Alcachofrax 335mg 100 comprimidos;Disponível;61,90;58,81;-5.0%;61,90;-0.0%;Digestão > Azia e Má Digestão;23720;https://www.drogariaveracruz.com.br/alcachofrax-335mg-100-comprimidos/p
VeraCruz;7894916501729;Osteoform 70mg 4 comprimidos;Disponível;0;0;0;0;0;Para os Ossos > Osteoporose;12382;https://www.drogariaveracruz.com.br/osteoform-70mg-4-comprimidos/p
VeraCruz;7896658002922;Novamox 2X 875mg + 125mg Caixa c/ 14 comprimidos revestidos;Disponível;0;0;0;0;0;Antibióticos;23838;https://www.drogariaveracruz.com.br/novamox-2x-875mg-125mg-caixa-c-14-comprimidos-revestidos/p
VeraCruz;7896714273822;Neolefrin Dia Neo Química 20 comprimidos;Disponível;19,97;12,33;-38.3%;12,98;-35.0%;Sistema Respiratório > Antigripais;13897;https://www.drogariaveracruz.com.br/neolefrin-dia-neo-quimica-20-comprimidos/p
VeraCruz;7894916508162;LIPISTAT - 10mg, 60 comprimidos revestidos;Disponível;0;0;0;0;0;Colesterol e Triglicerídeos;12729;https://www.drogariaveracruz.com.br/lipistat-10mg-60-comprimidos-revestidos/p
VeraCruz;7896083412174;Imunocran C/30 CPS;Disponível;104,90;99,66;-5.0%;52,45;-50.0%;Saúde Feminina > Medicamentos Urinários;25447;https://www.drogariaveracruz.com.br/imunocran-c30-cps/p
VeraCruz;7896181909071;Betalor 5mg + 25mg 30 cápsulas;Disponível;83,28;63,29;-24.0%;66,62;-20.0%;Pressão Alta > Anti-Hipertensivo;10940;https://www.drogariaveracruz.com.br/betalor-5mg-25mg-30-capsulas/p
VeraCruz;7898495603812;Xarope Benatux Sabor Menta 120ml;Disponível;0;0;0;0;0;Sistema Respiratório > Tosse;17675;https://www.drogariaveracruz.com.br/xarope-benatux-sabor-menta-120ml/p
VeraCruz;7896094206113;Plenance 10mg 30 comprimidos revestidos;Disponível;96,44;69,63;-27.8%;73,29;-24.0%;Colesterol e Triglicerídeos;10176;https://www.drogariaveracruz.com.br/plenance-10mg-30-comprimidos-revestidos/p
VeraCruz;7896676435580;ROXETIN XR 12,5 MG C/30 CPR;Disponível;0;0;0;0;0;Psicotrópicos;24703;https://www.drogariaveracruz.com.br/roxetin-xr-125-mg-c30-cpr/p
VeraCruz;7896094210295;Iumi ES 3mg + 0,02mg 120 comprimidos;Disponível;246,30;170,81;-30.6%;59,93;-75.7%;Saúde Feminina > Anticoncepcionais;14429;https://www.drogariaveracruz.com.br/iumi-es-3mg-002mg-120-comprimidos/p
VeraCruz;7896004724843;Drenatan 0,05mg/ml Solução Oftálmica 2,5ml;Disponível;180,39;155,94;-13.6%;54,72;-69.7%;Olhos > Lubrificantes e Colírios;16090;https://www.drogariaveracruz.com.br/drenatan-005mgml-1-frasco-gotejador-com-25ml-de-solucao-de-uso-oftalmologico/p
VeraCruz;7896004727158;Infralax 15 comprimidos;Disponível;17,88;10,70;-40.2%;11,26;-37.0%;Dor e Febre > Anti-Inflamatórios;15387;https://www.drogariaveracruz.com.br/infralax-15-comprimidos/p
VeraCruz;7898414852734;Imecap Hair Cabelos e Unhas 30 cápsulas;Disponível;26,30;22,49;-14.5%;23,67;-10.0%;Tratamento Capilar > Queda De Cabelo;18668;https://www.drogariaveracruz.com.br/imecap-hair-cabelos-e-unhas-30-capsulas/p
VeraCruz;7891317000035;PACO - 500mg + 30mg, 12 comprimidos;Disponível;33,89;27,05;-20.2%;28,47;-16.0%;Psicotrópicos;24246;https://www.drogariaveracruz.com.br/paco-500mg-30mg-12-comprimidos/p
VeraCruz;7897337716178;Nites 50mcg/automatizção Spray 120 dose 17ml;Disponível;0;0;0;0;0;Alergias;16793;https://www.drogariaveracruz.com.br/nites-50mcgautomatizcao-spray-120-dose-17ml/p
VeraCruz;7899095254961;SINVAX - 40mg, 30 comprimidos revestidos;Disponível;0;0;0;0;0;Colesterol e Triglicerídeos;15516;https://www.drogariaveracruz.com.br/sinvax-40mg-30-comprimidos-revestidos/p
VeraCruz;7891142128133;CELESTONE - 0,5mg, 20 comprimidos;Disponível;23,10;19,31;-16.4%;20,33;-12.0%;Dor e Febre > Anti-Inflamatórios;24006;https://www.drogariaveracruz.com.br/celestone-05mg-20-comprimidos/p
VeraCruz;7896714213859;Ibufran 300mg Neo Química 20 comprimidos;Disponível;0;0;0;0;0;Dor e Febre > Anti-Inflamatórios;15823;https://www.drogariaveracruz.com.br/ibufran-300mg-neo-quimica-20-comprimidos/p
VeraCruz;7891268118001;Ponstan 500mg 24 comprimidos;Disponível;47,38;39,16;-17.3%;41,22;-13.0%;Dor e Febre > Anti-Inflamatórios;10199;https://www.drogariaveracruz.com.br/ponstan-500mg-24-comprimidos/p
VeraCruz;7896070600447;Fenergan 25mg 20 comprimidos revestidos;Disponível;19,97;17,07;-14.5%;17,97;-10.0%;Alergias;15302;https://www.drogariaveracruz.com.br/fenergan-25mg-20-comprimidos-revestidos/p
VeraCruz;5702150152183;REXULTI 3MG C/30 CPR;Disponível;0;0;0;0;0;Psicotrópicos;24626;https://www.drogariaveracruz.com.br/rexulti-3mg-c30-cpr/p
VeraCruz;7908134200552;Slinda 4mg 3 blísteres com 28 comprimidos revestidos cada;Disponível;311,61;233,86;-25.0%;82,06;-73.7%;Saúde Feminina > Anticoncepcionais;21141;https://www.drogariaveracruz.com.br/slinda-4mg-3-blisteres-com-28-comprimidos-revestidos-cada/p
VeraCruz;8902220106970;MENELAT - 30mg, 30 comprimidos revestidos;Disponível;0;0;0;0;0;Psicotrópicos;24227;https://www.drogariaveracruz.com.br/menelat-30mg-30-comprimidos-revestidos/p
VeraCruz;7896181900115;Corus H 50mg + 12,5mg 30 comprimidos revestidos;Disponível;0;0;0;0;0;Pressão Alta > Anti-Hipertensivo;16866;https://www.drogariaveracruz.com.br/corus-h-50mg-125mg-30-comprimidos-revestidos/p
VeraCruz;7891010249274;Tylenol 750mg 4 comprimidos revestidos;Disponível;10,58;9,04;-14.6%;9,52;-10.0%;Dor e Febre > Analgésico;17527;https://www.drogariaveracruz.com.br/tylenol-750mg-4-comprimidos-revestidos/p
VeraCruz;-;ABC Spray 10mg/ml 30ml;Disponível;49,11;26,59;-45.9%;27,99;-43.0%;Pele e Mucosa;;https://www.drogariaveracruz.com.br/abc-spray-incolor-10mgml-30ml/p
VeraCruz;7892953003527;BioVagin 625mg/G + 25.000Ui/G + 125mg/G 1 Bisnaga Com 40G de Creme de Uso Ginecológico + 10 Aplicadores;Disponível;79,78;62,91;-21.1%;66,22;-17.0%;Antibióticos;24385;https://www.drogariaveracruz.com.br/biovagin-625mgg-25000uig-125mgg-1-bisnaga-com-40g-de-creme-de-uso-ginecologico-10-aplicadores/p
VeraCruz;7896658016264;ARISTAB 10MG C/10 CPR;Disponível;0;0;0;0;0;Psicotrópicos;24521;https://www.drogariaveracruz.com.br/aristab-10mg-c10-cpr/p
VeraCruz;7896269900617;Psorex 0,5mg/g Creme Dermatológico 30g;Disponível;0;0;0;0;0;Alergias;12870;https://www.drogariaveracruz.com.br/psorex-05mgg-creme-dermatologico-30g/p
VeraCruz;7898029556539;Natrilix 2,5mg 30 drágeas;Disponível;62,18;49,03;-21.1%;51,61;-17.0%;Pressão Alta > Anti-Hipertensivo;16740;https://www.drogariaveracruz.com.br/natrilix-25mg-30-drageas/p
VeraCruz;7896009498817;Eno Probiótico 10 cápsulas;Disponível;49,90;44,56;-10.7%;46,91;-6.0%;Digestão > Laxantes e Reguladores Intestinais;22437;https://www.drogariaveracruz.com.br/eno-probiotico-10-capsulas/p
VeraCruz;7896641804397;Kaloba 825mg/ml Gotas 50ml;Disponível;164,85;136,25;-17.3%;71,71;-56.5%;Sistema Respiratório > Expectorante;11790;https://www.drogariaveracruz.com.br/kaloba-825mgml-gotas-50ml/p
VeraCruz;7896206402372;Crestor 10mg 30 comprimidos revestidos;Disponível;0;0;0;0;0;Colesterol e Triglicerídeos;10342;https://www.drogariaveracruz.com.br/crestor-10mg-30-comprimidos-revestidos/p
VeraCruz;7640128015208;Actemra 400mg Ampola 20ml;Disponível;0;0;0;0;0;Oncológicos e Alto Custo;20570;https://www.drogariaveracruz.com.br/actemra-400mg-ampola-20ml/p
VeraCruz;7896637025232;Primid 250mg 20 comprimidos;Disponível;0;0;0;0;0;Psicotrópicos;24409;https://www.drogariaveracruz.com.br/primid-250mg-20-comprimidos/p
VeraCruz;7896523200385;Vitamina D Cimed 7.000UI 8 Comprimidos;Disponível;0;0;0;0;0;Vitaminas;18929;https://www.drogariaveracruz.com.br/vitamina-d-cimed-7000ui-8-comprimidos/p
VeraCruz;7896006297765;Espasmopan Composto 20 comprimidos revestidos;Disponível;17,64;16,76;-5.0%;17,64;-0.0%;Dor e Febre > Analgésico;22309;https://www.drogariaveracruz.com.br/espasmopan-composto-20-comprimidos-revestidos/p
VeraCruz;7896261000094;TEGRETOL 200 MG C/20 CPR;Disponível;34,42;26,16;-24.0%;27,54;-20.0%;Psicotrópicos;24553;https://www.drogariaveracruz.com.br/tegretol-200-mg-c20-cpr/p
VeraCruz;7896637028530;Labirin 24mg 60 comprimidos;Disponível;66,46;46,72;-29.7%;49,18;-26.0%;Sistema Circulatório > Circulação;18445;https://www.drogariaveracruz.com.br/labirin-24mg-60-comprimidos/p
VeraCruz;7896676413762;MYTEDOM 5 MG C/20 CPR;Disponível;26,45;19,86;-24.9%;20,90;-21.0%;Psicotrópicos;24746;https://www.drogariaveracruz.com.br/mytedom-5-mg-c20-cpr/p
VeraCruz;7898133131837;Xarope de Guaco Natulab Sabor Mel Mentolado 150ml;Disponível;19,90;10,40;-47.7%;10,95;-45.0%;Sistema Respiratório > Expectorante;26905;https://www.drogariaveracruz.com.br/xarope-de-guaco-natulab-sabor-mel-mentolado-150ml/p
VeraCruz;7896015592349;Antiácido Eno Pastilhas Mastigáveis 500mg Sabor Menta 4un;Disponível;8,90;6,42;-27.9%;6,76;-24.0%;Digestão > Azia e Má Digestão;14250;https://www.drogariaveracruz.com.br/antiacido-eno-pastilhas-mastigaveis-500mg-sabor-menta-4un/p
VeraCruz;7898906376465;Tiorfan 30mg 18 sachês;Disponível;65,13;56,31;-13.5%;59,27;-9.0%;Digestão > Diarréia;12964;https://www.drogariaveracruz.com.br/tiratosse-0-bago-do-brasil-sa332mgml-666mgml-666mgml-666mgml-1-frasco-com-120ml-de-xarope/p
VeraCruz;7896658011573;GLICOLIVE - 1500mg, 30 envelopes com 4g de pó para solução de uso oral;Disponível;0;0;0;0;0;Para os Ossos > Artrite e Artrose;12649;https://www.drogariaveracruz.com.br/glicolive-1500mg-30-envelopes-com-4g-de-po-para-solucao-de-uso-oral/p
VeraCruz;7891268120554;TerraCortril 30mg/G + 10mg/G 1 Bisnaga Com 15G de Pomada de Uso dermatológico;Disponível;0;0;0;0;0;Antibióticos;23285;https://www.drogariaveracruz.com.br/terra-cortril-30mgg-10mgg-1-bisnaga-com-15g-de-pomada-de-uso-dermatologico/p
VeraCruz;7896094211445;Sumax 25mg 6 comprimidos revstidos;Disponível;39,88;31,83;-20.2%;33,50;-16.0%;Dor e Febre > Enxaqueca;21782;https://www.drogariaveracruz.com.br/sumax-25mg-6-comprimidos-revstidos/p
VeraCruz;7896261015494;Foraseq 12mcg + 400mcg Refil 120 cápsulas com pó para inalação;Disponível;0;0;0;0;0;Sistema Respiratório > DPOC;11464;https://www.drogariaveracruz.com.br/foraseq-12mcg-400mcg-refil-120-capsulas-com-po-para-inalacao/p
VeraCruz;7896658006920;Acheflan 5mg/g Aerossol 75ml;Disponível;92,29;74,53;-19.2%;78,45;-15.0%;Dor e Febre > Anti-Inflamatórios;10408;https://www.drogariaveracruz.com.br/acheflan-5mgg-aerossol-75ml/p
VeraCruz;7896548198162;Tobrex 35 G Pomada;Disponível;50,83;44,42;-12.6%;46,76;-8.0%;Antibióticos;24421;https://www.drogariaveracruz.com.br/tobrex-35-g-pomada/p
VeraCruz;7896658002939;Novamox 2X 875mg + 125mg Caixa c/ 20 comprimidos revestidos;Disponível;186,75;145,48;-22.1%;51,05;-72.7%;Antibióticos;23839;https://www.drogariaveracruz.com.br/novamox-2x-875mg-125mg-caixa-c-20-comprimidos-revestidos/p
VeraCruz;7894916203517;DAFORIN 10 MG C/20 CPS;Disponível;47,33;36,42;-23.1%;38,34;-19.0%;Psicotrópicos;24568;https://www.drogariaveracruz.com.br/daforin-10-mg-c20-cps/p
VeraCruz;7896658029394;ETIRA 100MG ML 100ML+SER;Disponível;0;0;0;0;0;Psicotrópicos;24605;https://www.drogariaveracruz.com.br/etira-100mg-ml-100mlser/p
VeraCruz;7897322709741;Addera D3 7.000UI 30 cápsulas moles;Disponível;173,17;136,54;-21.2%;71,87;-58.5%;Vitaminas;23047;https://www.drogariaveracruz.com.br/addera-d3-7000ui-30-capsulas-moles/p
VeraCruz;7897705202678;Rybelsus 3mg 30 comprimidos;Disponível;1293,49;860,17;-33.5%;301,81;-76.7%;Diabetes;20518;https://www.drogariaveracruz.com.br/rybelsus-3mg-30-comprimidos/p
VeraCruz;7897337708180;Janumet 50mg + 850mg 56 comprimidos revestidos;Disponível;0;0;0;0;0;Diabetes;11757;https://www.drogariaveracruz.com.br/janumet-50mg-850mg-56-comprimidos-revestidos/p
VeraCruz;7896548199855;Solução Oftálmica Azorga 10mg/ml + 6,8mg/ml 6ml;Disponível;134,50;127,78;-5.0%;67,25;-50.0%;Olhos > Lubrificantes e Colírios;10473;https://www.drogariaveracruz.com.br/solucao-oftalmica-azorga-10mgml-68mgml-6ml/p
VeraCruz;7892953000328;Condroflex 1,5g + 1,2g 30 sachês com pó para solução oral;Disponível;157,65;104,84;-33.5%;55,18;-65.0%;Para os Ossos > Artrite e Artrose;12000;https://www.drogariaveracruz.com.br/condroflex-15g-12g-30-saches-com-po-para-solucao-oral/p
VeraCruz;7891317023898;Gázia 40mg 28 comprimidos gastrorresistentes;Disponível;53,40;44,14;-17.3%;46,46;-13.0%;Digestão > Úlcera e Gastrite;16218;https://www.drogariaveracruz.com.br/gazia-40mg-28-comprimidos-gastrorresistentes/p
VeraCruz;7896382706653;CYMBALTA 60MG C/30 CPR;Disponível;0;0;0;0;0;Psicotrópicos;24564;https://www.drogariaveracruz.com.br/cymbalta-60mg-c30-cpr/p
VeraCruz;7896658038273;Nienza 25mg 30 comprimidos;Disponível;0;0;0;0;0;Pressão Alta > Anti-Hipertensivo;14564;https://www.drogariaveracruz.com.br/nienza-25mg-30-comprimidos/p
VeraCruz;7894916507608;Fibrems Sabor Laranja 10 envelopes de 5g cada;Disponível;0;0;0;0;0;Digestão > Laxantes e Reguladores Intestinais;11655;https://www.drogariaveracruz.com.br/fibrems-sabor-laranja-10-envelopes-de-5g-cada/p
VeraCruz;7896112426028;ICTUS - 12,5mg, 30 comprimidos;Disponível;0;0;0;0;0;Sistema Circulatório > Circulação;12716;https://www.drogariaveracruz.com.br/ictus-125mg-30-comprimidos/p
VeraCruz;7896255700245;Synthroid 175mcg 30 comprimidos;Disponível;69,41;52,75;-24.0%;55,53;-20.0%;Hormônios;11184;https://www.drogariaveracruz.com.br/synthroid-175mcg-30-comprimidos/p
VeraCruz;7891317412555;Trok - N 20mg/g + 0,64mg/g + 2,5mg/g Pomada Dermatológica 10g;Disponível;21,11;18,05;-14.5%;19,00;-10.0%;Pele e Mucosa;17539;https://www.drogariaveracruz.com.br/trok-n-20mgg-064mgg-25mgg-pomada-dermatologica-10g/p
VeraCruz;7896637030007;Traturil 5631G Envelope Com 8G de Granulado de Uso Oral;Disponível;0;0;0;0;0;Antibióticos;23993;https://www.drogariaveracruz.com.br/traturil-5631g-envelope-com-8g-de-granulado-de-uso-oral/p
VeraCruz;7896006227052;Mega Mater Gestante 30 cápsulas;Disponível;121,50;105,04;-13.5%;55,29;-54.5%;Saúde Feminina > Gestante;20180;https://www.drogariaveracruz.com.br/suplemento-alimentar-para-gestantes-mega-mater-30-capsulas/p
VeraCruz;7896641817601;VENVANSE 30MG C/28 CPS GEL;Disponível;489,41;371,95;-24.0%;130,51;-73.3%;Psicotrópicos;24760;https://www.drogariaveracruz.com.br/venvanse-30mg-c28-cps-gel/p
VeraCruz;7896641808227;Kaloba 111,111mg 21 comprimidos revestidos;Disponível;0;0;0;0;0;Sistema Respiratório > Expectorante;13117;https://www.drogariaveracruz.com.br/kaloba-111111mg-21-comprimidos-revestidos/p
VeraCruz;7897322709451;Addera D3 5.000UI 30 comprimidos revestidos;Disponível;0;0;0;0;0;Vitaminas;13182;https://www.drogariaveracruz.com.br/vitamina-d3-addera-d3-5000ui-30-comprimidos-revestidos/p
VeraCruz;7896083411948;Herbarium Hedera Helix L. 7mg/ml Xarope 150ml;Disponível;33,20;31,54;-5.0%;33,20;-0.0%;Sistema Respiratório > Expectorante;25842;https://www.drogariaveracruz.com.br/herbarium-hedera-helix-l-7mgml-xarope-150ml/p
VeraCruz;7896112428015;Aradois H 50mg + 12,5mg 90 comprimidos revestidos;Disponível;191,86;149,46;-22.1%;52,44;-72.7%;Pressão Alta > Anti-Hipertensivo;11301;https://www.drogariaveracruz.com.br/aradois-h-50mg-125mg-90-comprimidos-revestidos/p
VeraCruz;7896094927025;Buscofem Hot 2 adesivos térmicos descartáveis;Disponível;30,90;24,37;-21.1%;25,65;-17.0%;Saúde Feminina > Cólica;20350;https://www.drogariaveracruz.com.br/buscofem-hot-2-adesivos-termicos-descartaveis/p
VeraCruz;3400970002146;Flebodia 600mg 30 comprimidos revestidos;Disponível;165,46;130,46;-21.2%;68,67;-58.5%;Sistema Circulatório > Cardiovasculares;14259;https://www.drogariaveracruz.com.br/flebodia-600mg-30-comprimidos-revestidos/p
VeraCruz;7896112407102;Tapazol 10mg 100 comprimidos;Disponível;77,49;58,16;-24.9%;61,22;-21.0%;Hormônios;22145;https://www.drogariaveracruz.com.br/tapazol-10mg-100-comprimidos/p
VeraCruz;7898277713302;Sulfato Ferroso 125mg/ml Arte Nativa Sabor Framboesa 30ml;Disponível;9,90;6,49;-34.4%;6,83;-31.0%;Sistema Imunológico;15489;https://www.drogariaveracruz.com.br/suplemento-alimentar-sulfato-ferroso-125mgml-arte-nativa-sabor-framboesa-30ml/p
VeraCruz;7898636191321;Lomecan 2% Creme Vaginal com 3 aplicadores descartáveis 20g;Disponível;69,71;61,59;-11.6%;64,83;-7.0%;Saúde Feminina > Creme e óvulos vaginais;18530;https://www.drogariaveracruz.com.br/lomecan-2-creme-vaginal-com-3-aplicadores-descartaveis-20g/p
VeraCruz;7896006203186;Leiba Sabor Laranja 6 Sachês de 4g cada;Disponível;0;0;0;0;0;Digestão > Diarréia;18564;https://www.drogariaveracruz.com.br/leiba-sabor-laranja-6-saches-de-4g-cada/p
VeraCruz;8903855062822;VENLIFT OD - 150mg, 30 cápsulas gelatinosas duras;Disponível;162,27;106,37;-34.4%;55,99;-65.5%;Psicotrópicos;24137;https://www.drogariaveracruz.com.br/venlift-od-150mg-30-capsulas-gelatinosas-duras/p
VeraCruz;7896206402020;Pulmicort 0,5mg/ml Suspensão para Nebulização 5 frascos com 2ml cada;Disponível;73,39;58,57;-20.2%;61,65;-16.0%;Sistema Respiratório > Asma;12872;https://www.drogariaveracruz.com.br/pulmicort-05mgml-suspensao-para-nebulizacao-5-frascos-com-2ml-cada/p
VeraCruz;7898158690401;Pediderm 0,2mg/ml  Shampoo 100ml;Disponível;0;0;0;0;0;Tratamento Capilar > Piolhos;12813;https://www.drogariaveracruz.com.br/pediderm-02mgml-shampoo-100ml/p
VeraCruz;7896523207704;Loratadina 1mg/ml, Cimed 100ml;Disponível;35,80;14,96;-58.2%;15,75;-56.0%;Alergias;17052;https://www.drogariaveracruz.com.br/loratadina-1mgml-cimed-100ml/p
VeraCruz;7896676410228;NEURAL 50 MG C/30 CPS;Disponível;0;0;0;0;0;Psicotrópicos;24815;https://www.drogariaveracruz.com.br/neural-50-mg-c30-cps/p
VeraCruz;7896422533898;Araceli 75mcg 28 comprimidos revestidos;Disponível;0;0;0;0;0;Saúde Feminina > Anticoncepcionais;11282;https://www.drogariaveracruz.com.br/araceli-75mcg-28-comprimidos-revestidos/p
VeraCruz;7892953001837;Mitrul 15mg 10 cápsulas gelatinosas duras de liberação prolongada;Disponível;63,19;51,02;-19.3%;53,71;-15.0%;Dor e Febre > Anti-Inflamatórios;16709;https://www.drogariaveracruz.com.br/mitrul-15mg-10-capsulas-gelatinosas-duras-de-liberacao-prolongada/p
VeraCruz;7897411603097;DAISAN 37,5/325MG C/10 CPR;Disponível;0;0;0;0;0;Psicotrópicos;24572;https://www.drogariaveracruz.com.br/daisan-375325mg-c10-cpr/p
VeraCruz;7891721014642;Euthyrox 25mcg 50 comprimidos;Disponível;38,58;28,22;-26.9%;29,71;-23.0%;Hormônios;11648;https://www.drogariaveracruz.com.br/euthyrox-25mcg-50-comprimidos/p
VeraCruz;7895858015671;Leite de Magnésia Phillips Hortelã 350ml;Disponível;36,90;32,60;-11.7%;34,32;-7.0%;Digestão > Azia e Má Digestão;11062;https://www.drogariaveracruz.com.br/leite-de-magnesia-phillips-hortela-350ml/p
VeraCruz;7908699000352;Ácido Fólico + Vitamina B9 Herbamed Com 60 cápsulas;Disponível;39,90;37,91;-5.0%;39,90;-0.0%;Vitaminas;27071;https://www.drogariaveracruz.com.br/acido-folico-vitamina-b9-herbamed-com-60-capsulas/p
VeraCruz;7896658046803;OLANEXYN 2,5MG C/30 CPR C1;Disponível;0;0;0;0;0;Psicotrópicos;24910;https://www.drogariaveracruz.com.br/olanexyn-25mg-c30-cpr-c1/p
VeraCruz;7896714290836;Rivaroxabana 20mg Neo Química 15 comprimidos revestidos;Disponível;0;0;0;0;0;Sistema Circulatório;19805;https://www.drogariaveracruz.com.br/rivaroxabana-20mg-neo-quimica-15-comprimidos-revestidos/p
VeraCruz;7898040324971;Motix Pomada 50g;Disponível;93,50;81,72;-12.6%;86,02;-8.0%;Dor e Febre > Anti-Inflamatórios;17164;https://www.drogariaveracruz.com.br/motix-pomada-50g/p
VeraCruz;7898040321284;Marevan 2,5mg 60 comprimidos;Disponível;35,20;27,08;-23.1%;28,51;-19.0%;Sistema Circulatório > Circulação;12298;https://www.drogariaveracruz.com.br/marevan-25mg-60-comprimidos/p
VeraCruz;7898430193989;Myrafer 100mg/ml Sabor Doce de Leite 30ml;Disponível;56,21;48,06;-14.5%;50,59;-10.0%;Sistema Imunológico;16705;https://www.drogariaveracruz.com.br/myrafer-400mgml-sabor-doce-de-leite-30ml/p
VeraCruz;7891317029685;Melocox 15mg 10 comprimidos;Disponível;53,29;43,54;-18.3%;45,83;-14.0%;Para os Ossos > Artrite e Artrose;16630;https://www.drogariaveracruz.com.br/melocox-15mg-10-comprimidos/p
VeraCruz;7896006202103;Perfenol 20 cápsulas;Disponível;25,42;10,36;-59.2%;10,90;-57.1%;Gripes e Resfriados > Antigripais;21519;https://www.drogariaveracruz.com.br/perfenol-20-capsulas/p
VeraCruz;7896658048173;ZOLFEST SPR 2,5MG 12ML B1;Disponível;0;0;0;0;0;Psicotrópicos;24942;https://www.drogariaveracruz.com.br/zolfest-spr-25mg-12ml-b1/p
VeraCruz;7898096577567;Winter Ap 6mg + 120mg 8 cápsulas;Disponível;38,62;30,82;-20.2%;32,44;-16.0%;Sistema Respiratório > Descongestionantes;11231;https://www.drogariaveracruz.com.br/winter-ap-6mg-120mg-8-capsulas/p
VeraCruz;7896004759432;Esomex 40mg 56 comprimidos revestidos de liberação retardada;Disponível;166,40;158,08;-5.0%;55,47;-66.7%;Digestão > Úlcera e Gastrite;13830;https://www.drogariaveracruz.com.br/esomex-40mg-56-comprimidos-revestidos-de-liberacao-retardada/p
VeraCruz;7896015591793;Sal de Frutas Eno Tutti-Frutti 100gr;Disponível;30,73;22,77;-25.9%;23,97;-22.0%;Digestão > Azia e Má Digestão;18782;https://www.drogariaveracruz.com.br/sal-de-frutas-eno-tutti-frutti-100gr/p
VeraCruz;7896523216461;Pastilha Ciflogex Sabor Cereja 12un;Disponível;22,63;18,28;-19.2%;19,24;-15.0%;Dor e Febre > Dor de Garganta;18685;https://www.drogariaveracruz.com.br/pastilha-ciflogex-sabor-cereja-12un/p
VeraCruz;7898926573356;Fampyra 10mg 28 comprimidos de liberação prolongada;Disponível;0;0;0;0;0;Sistema Nervoso;22231;https://www.drogariaveracruz.com.br/fampyra-10mg-28-comprimidos-de-liberacao-prolongada/p
VeraCruz;7899824400812;Enax 200mg 30 comprimidos revestidos;Disponível;99,42;77,44;-22.1%;81,52;-18.0%;Sistema Imunológico;10590;https://www.drogariaveracruz.com.br/enax-200mg-30-comprimidos-revestidos/p
VeraCruz;7896026120494;Malvatricin Spray Solução 50ml;Disponível;54,10;44,72;-17.3%;47,07;-13.0%;Dor e Febre > Dor de Garganta;12294;https://www.drogariaveracruz.com.br/solucao-antisseptica-malvatricin-spray-50ml/p
VeraCruz;7891721026676;Concor HCT 10mg + 25mg 30 comprimidos revestidos;Disponível;0;0;0;0;0;Pressão Alta > Anti-Hipertensivo;11711;https://www.drogariaveracruz.com.br/concor-hct-10mg-25mg-30-comprimidos-revestidos/p
VeraCruz;7896226103020;Permear 300mg 20 comprimidos revestidos;Disponível;0;0;0;0;0;Dor e Febre > Anti-Inflamatórios;15939;https://www.drogariaveracruz.com.br/permear-300mg-20-comprimidos-revestidos/p
VeraCruz;7896094925885;Lavagem Nasal Rinosoro Alto Volume 30 sachês;Disponível;79,72;56,91;-28.6%;59,90;-24.9%;Sistema Respiratório > Descongestionantes;14820;https://www.drogariaveracruz.com.br/lavagem-nasal-rinosoro-alto-volume-30-saches/p
VeraCruz;7896714291987;Mirador Cólica 10mg + 250mg 20 comprimidos revestidos;Disponível;16,97;16,12;-5.0%;16,97;-0.0%;Saúde Feminina > Cólica;22785;https://www.drogariaveracruz.com.br/mirador-colica-10mg-250mg-20-comprimidos-revestidos/p
VeraCruz;7896269900761;Zyertec 1mg/ml 120ml;Disponível;0;0;0;0;0;Alergias;11235;https://www.drogariaveracruz.com.br/zyertec-1mgml-120ml/p
VeraCruz;7896658015779;DORENE 150MG C/30 CPR;Disponível;0;0;0;0;0;Psicotrópicos;24824;https://www.drogariaveracruz.com.br/dorene-150mg-c30-cpr/p
VeraCruz;7896015591953;Leite de Magnésia Eno Tradicional 120ml;Disponível;0;0;0;0;0;Digestão > Azia e Má Digestão;18938;https://www.drogariaveracruz.com.br/leite-de-magnesia-eno-tradicional-120ml/p
VeraCruz;7891721014963;Euthyrox 88mcg 50 comprimidos;Disponível;44,63;32,22;-27.8%;33,92;-24.0%;Hormônios;11653;https://www.drogariaveracruz.com.br/euthyrox-88mcg-50-comprimidos/p
VeraCruz;7898430191879;Peg-Lax 17g Pó para Solução Sabor Limão 14 envelopes;Disponível;57,90;47,85;-17.4%;50,37;-13.0%;Digestão > Laxantes e Reguladores Intestinais;14155;https://www.drogariaveracruz.com.br/peg-lax-17g-po-para-solucao-sabor-limao-14-envelopes/p
VeraCruz;7891268404036;Mylanta Plus Antiácido Sabor Morango 240ml;Disponível;60,02;51,89;-13.5%;54,62;-9.0%;Digestão > Azia e Má Digestão;16703;https://www.drogariaveracruz.com.br/antiacido-mylanta-plus-sabor-morango-240ml/p
VeraCruz;7897572003972;VIATINE - 4mg, 30 comprimidos mastigáveis;Disponível;0;0;0;0;0;Sistema Respiratório > Asma;17601;https://www.drogariaveracruz.com.br/viatine-4mg-30-comprimidos-mastigaveis/p
VeraCruz;5702191025590;Advantan 1mg/g Loção 20g;Disponível;112,13;87,35;-22.1%;91,95;-18.0%;Alergias;10436;https://www.drogariaveracruz.com.br/advantan-1mgg-locao-20g/p
VeraCruz;7897572006324;AVIANT - 0,5mg/mL, 1 frasco com 60mL de xarope + dosador;Disponível;0;0;0;0;0;Alergias;13386;https://www.drogariaveracruz.com.br/aviant-05mgml-1-frasco-com-60ml-de-xarope-dosador/p
VeraCruz;7898967006141;Evra 0,6mg + 6mg 3 adesivos transdérmicos;Disponível;148,16;106,97;-27.8%;56,30;-62.0%;Saúde Feminina > Anticoncepcionais;11654;https://www.drogariaveracruz.com.br/evra-06mg-6mg-3-adesivos-transdermicos/p
VeraCruz;7896112406235;Livalo 2mg 60 comprimidos revestidos;Disponível;207,91;158,01;-24.0%;55,44;-73.3%;Colesterol e Triglicerídeos;20602;https://www.drogariaveracruz.com.br/livalo-2mg-60-comprimidos-revestidos/p
VeraCruz;7896658016271;ARISTAB - 10mg, 30 comprimidos;Disponível;206,01;152,66;-25.9%;53,56;-74.0%;Psicotrópicos;24217;https://www.drogariaveracruz.com.br/aristab-10mg-30-comprimidos/p
VeraCruz;7896548197035;TRAVATAN - 0,04mg/mL, 1 frasco gotejador com 2,5mL de solução de uso oftalmológico;Disponível;0;0;0;0;0;Olhos > Lubrificantes e Colírios;10779;https://www.drogariaveracruz.com.br/travatan-004mgml-1-frasco-gotejador-com-25ml-de-solucao-de-uso-oftalmologico/p
VeraCruz;7898040324940;Lidosporin 12000Ui + 454mg/ml 1 Frasco Gotejador Com 10ml de Solução de Uso Otológico;Disponível;16,92;14,47;-14.5%;15,23;-10.0%;Antibióticos;23938;https://www.drogariaveracruz.com.br/lidosporin-12000ui-454mgml-1-frasco-gotejador-com-10ml-de-solucao-de-uso-otologico/p
VeraCruz;7896382706721;CYMBALTA 30MG C/30 CPR;Disponível;0;0;0;0;0;Psicotrópicos;24574;https://www.drogariaveracruz.com.br/cymbalta-30mg-c30-cpr/p
VeraCruz;7896269900211;Beclosol 50mcg/mg Spray Nasal Aquoso com 200 doses 24ml;Disponível;91,84;74,16;-19.3%;78,06;-15.0%;Alergias;17679;https://www.drogariaveracruz.com.br/beclosol-50mcgmg-spray-nasal-aquoso-com-200-doses-24ml/p
VeraCruz;7896181918950;Alenia 12mcg + 400mcg 60 cápsulas inalatórias + 1 inalador;Disponível;201,78;191,69;-5.0%;67,26;-66.7%;Sistema Respiratório > Asma;10872;https://www.drogariaveracruz.com.br/alenia-12mcg-400mcg-60-capsulas-inalatorias-1-inalador/p
VeraCruz;7896094209633;ANSITEC 10MG C/60 CPR;Disponível;215,76;151,68;-29.7%;53,22;-75.3%;Psicotrópicos;24872;https://www.drogariaveracruz.com.br/ansitec-10mg-c60-cpr/p
VeraCruz;7892953002186;Tamsulon 0,4mg 30 cápsulas;Disponível;293,46;278,79;-5.0%;97,82;-66.7%;Saúde Masculina > Próstata;16464;https://www.drogariaveracruz.com.br/tamsulon-04mg-30-capsulas/p
VeraCruz;7891058013226;Aprozide 300mg + 12,5mg 30 comprimidos revestidos;Disponível;0;0;0;0;0;Pressão Alta > Anti-Hipertensivo;11281;https://www.drogariaveracruz.com.br/aprozide-300mg-125mg-30-comprimidos-revestidos/p
VeraCruz;7897316802861;Solução Oftálmica Pred Mild 0,12% 10ml;Disponível;59,25;56,29;-5.0%;59,25;-0.0%;Olhos > Lubrificantes e Colírios;10647;https://www.drogariaveracruz.com.br/solucao-oftalmica-pred-mild-012-10ml/p
VeraCruz;7896094917323;Doril DC 500 16 comprimidos;Disponível;0;0;0;0;0;Dor e Febre > Analgésico;13388;https://www.drogariaveracruz.com.br/doril-dc-500-16-comprimidos/p
VeraCruz;7891268101706;Depo-Medrol 40mg/ml 1 ampola de 2ml;Disponível;0;0;0;0;0;Dor e Febre > Anti-Inflamatórios;21147;https://www.drogariaveracruz.com.br/depo-medrol-40mgml-1-ampola-de-2ml/p
VeraCruz;7896181903024;EUPRESSIN - 5mg, 30 comprimidos;Disponível;0;0;0;0;0;Pressão Alta > Anti-Hipertensivo;11626;https://www.drogariaveracruz.com.br/eupressin-5mg-30-comprimidos/p
VeraCruz;7896714250953;Flomicin 200mg 4 envelopes de 1g cada;Disponível;0;0;0;0;0;Digestão > Diarréia;15672;https://www.drogariaveracruz.com.br/flomicin-200mg-4-envelopes-de-1g-cada/p
VeraCruz;7891317476649;ESC 20MG C/30 CPR;Disponível;174,55;127,68;-26.9%;67,20;-61.5%;Psicotrópicos;24805;https://www.drogariaveracruz.com.br/esc-20mg-c30-cpr/p
VeraCruz;7891317004040;Amora 2mg + 0,03mg 21 comprimidos revestidos;Disponível;49,55;37,66;-24.0%;39,64;-20.0%;Saúde Feminina > Anticoncepcionais;20925;https://www.drogariaveracruz.com.br/amora-2mg-003mg-21-comprimidos-revestidos/p
VeraCruz;7897322701493;Magnopyrol 500mg/ml Gotas 20ml;Disponível;50,99;44,56;-12.6%;46,91;-8.0%;Dor e Febre > Analgésico;16241;https://www.drogariaveracruz.com.br/magnopyrol-500mgml-gotas-20ml/p
VeraCruz;7896094921887;Ondif 8mg 10 filmes;Disponível;92,65;66,01;-28.8%;69,48;-25.0%;Digestão > Náuseas;20768;https://www.drogariaveracruz.com.br/ondif-8mg-10-filmes/p
VeraCruz;7896015516604;WELLBUTRIN XL 300MG C/30 CPR;Disponível;0;0;0;0;0;Psicotrópicos;24789;https://www.drogariaveracruz.com.br/wellbutrin-xl-300mg-c30-cpr/p
VeraCruz;7896212479054;HALDOL 1 MG C/20 CPR;Disponível;0;0;0;0;0;Psicotrópicos;24974;https://www.drogariaveracruz.com.br/haldol-1-mg-c20-cpr/p
VeraCruz;7899824400065;Jofix 4mg 10 comprimidos de desintegração oral;Disponível;0;0;0;0;0;Digestão > Náuseas;11784;https://www.drogariaveracruz.com.br/jofix-4mg-10-comprimidos-de-desintegracao-oral/p
VeraCruz;7896714280110;DIGESPRID - 10mg, 20 cápsulas;Disponível;0;0;0;0;0;Digestão > Náuseas;12097;https://www.drogariaveracruz.com.br/digesprid-10mg-20-capsulas/p
VeraCruz;7896083400775;Isoflavine 75mg 30 comprimidos revestidos;Disponível;86,75;70,88;-18.3%;74,61;-14.0%;Saúde Feminina > Reposição Hormonal;15407;https://www.drogariaveracruz.com.br/isoflavine-75mg-30-comprimidos-revestidos/p
VeraCruz;7896523206806;Pastilha Ciflogex Diet Sabor Menta e Limão 12un;Disponível;25,19;21,54;-14.5%;22,67;-10.0%;Dor e Febre > Dor de Garganta;15217;https://www.drogariaveracruz.com.br/pastilha-ciflogex-diet-sabor-menta-e-limao-12un/p
VeraCruz;7898430192876;DPrev 2.000UI 60 comprimidos revestidos;Disponível;73,35;50,87;-30.6%;53,55;-27.0%;Vitaminas;20856;https://www.drogariaveracruz.com.br/dprev-2000ui-60-comprimidos-revestidos/p
VeraCruz;7896331702958;Gastrobion Sabor Cereja 240ml;Disponível;28,30;26,89;-5.0%;28,30;-0.0%;Digestão > Azia e Má Digestão;16213;https://www.drogariaveracruz.com.br/antiacido-gastrobion-sabor-cereja-240ml/p
VeraCruz;7899095240162;Omenax 20mg 56 cápsulas gelatinosas duras;Disponível;27,60;8,91;-67.7%;9,38;-66.0%;Digestão > Úlcera e Gastrite;16351;https://www.drogariaveracruz.com.br/omenax-20mg-56-capsulas-gelatinosas-duras/p
VeraCruz;7898040328368;Dormonid - 15Mg, 30 Comprimidos Revestidos;Disponível;152,73;111,72;-26.9%;58,80;-61.5%;Psicotrópicos;24129;https://www.drogariaveracruz.com.br/dormonid-15mg-30-comprimidos-revestidos/p
VeraCruz;7896658003981;Fentizol 0,02g/g Creme Dermatológico 20g;Disponível;44,63;38,58;-13.6%;40,61;-9.0%;Pele e Mucosa;11676;https://www.drogariaveracruz.com.br/fentizol-002gg-creme-dermatologico-20g/p
VeraCruz;7896004775654;Fixenato 35mg 4 comprimidos revestidos;Disponível;0;0;0;0;0;Para os Ossos > Osteoporose;19448;https://www.drogariaveracruz.com.br/fixenato-35mg-4-comprimidos-revestidos/p
VeraCruz;7896112401667;Ferro 100mg Biolab 30 comprimidos mastigáveis;Disponível;62,92;59,77;-5.0%;62,92;-0.0%;Sistema Imunológico;19639;https://www.drogariaveracruz.com.br/ferro-100mg-biolab-30-comprimidos-mastigaveis/p
VeraCruz;7896094931534;Tossexpec Xarope com 120ml;Disponível;46,31;43,99;-5.0%;46,31;-0.0%;Sistema Respiratório > Expectorante;27208;https://www.drogariaveracruz.com.br/tossexpec-xarope-com-120ml/p
VeraCruz;7896637025492;Dobeven 500mg 30 cápsulas;Disponível;103,82;86,79;-16.4%;91,36;-12.0%;Diabetes;16083;https://www.drogariaveracruz.com.br/dobeven-500mg-30-capsulas/p
VeraCruz;7896658038686;Pant Sec 50mg/ml 1 válvula spray 50ml;Disponível;76,77;72,93;-5.0%;76,77;-0.0%;Tratamento Capilar > Queda De Cabelo;20852;https://www.drogariaveracruz.com.br/pant-sec-50mgml-1-valvula-spray-50ml/p
VeraCruz;-;Olmy 40mg 30 comrpimidos revestidos;Disponível;44,63;27,13;-39.2%;28,56;-36.0%;Pressão Alta;;https://www.drogariaveracruz.com.br/olmy-40mg-30-comrpimidos-revestidos/p
VeraCruz;7896255766401;Betaserc 24mg 30 comprimidos;Disponível;73,42;55,80;-24.0%;58,74;-20.0%;Sistema Nervoso > Medicamentos Antivertiginosos: Ginkgo, Tanakan, Equitam;10943;https://www.drogariaveracruz.com.br/betaserc-24mg-30-comprimidos/p
VeraCruz;7899420508288;BIQUIZ 15MG C/30 CPR;Disponível;0;0;0;0;0;Psicotrópicos;24723;https://www.drogariaveracruz.com.br/biquiz-15mg-c30-cpr/p
VeraCruz;7896094921399;Buscopan Composto 20 comprimidos revestidos;Disponível;29,49;23,53;-20.2%;24,77;-16.0%;Saúde Feminina > Cólica;17460;https://www.drogariaveracruz.com.br/buscopan-composto-20-comprimidos-revestidos/p
VeraCruz;7896241279908;Propilracil 100mg 30 comprimidos;Disponível;34,09;26,23;-23.1%;27,61;-19.0%;Pressão Alta > Anti-Hipertensivo;10273;https://www.drogariaveracruz.com.br/propilracil-100mg-30-comprimidos/p
VeraCruz;7891058021740;Anador 500mg 4 comprimidos;Disponível;5,64;4,50;-20.2%;4,74;-16.0%;Dor e Febre > Analgésico;11267;https://www.drogariaveracruz.com.br/anador-500mg-4-comprimidos/p
VeraCruz;7896094930209;Descon 12 comprimidos revestidos de liberação prolongada;Disponível;27,33;20,51;-25.0%;21,59;-21.0%;Sistema Respiratório > Descongestionantes;22793;https://www.drogariaveracruz.com.br/descon-12-comprimidos-revestidos-de-liberacao-prolongada/p
VeraCruz;7899095244092;IBUVIX - 600mg, 30 comprimidos revestidos;Disponível;0;0;0;0;0;Dor e Febre > Analgésico;12711;https://www.drogariaveracruz.com.br/ibuvix-600mg-30-comprimidos-revestidos/p
VeraCruz;7896212425136;ULTRACET C/30 CPR;Disponível;0;0;0;0;0;Psicotrópicos;25001;https://www.drogariaveracruz.com.br/ultracet-c30-cpr/p
VeraCruz;7898029550254;Acertil 10mg 60 Comprimidos Revestidos;Disponível;217,06;206,21;-5.0%;72,35;-66.7%;Pressão Alta > Anti-Hipertensivo;13725;https://www.drogariaveracruz.com.br/acertil-10mg-60-comprimidos-revestidos/p
VeraCruz;7895858015695;Leite de Magnésia Phillips Original  350ml;Disponível;36,80;31,11;-15.5%;32,75;-11.0%;Digestão > Azia e Má Digestão;17841;https://www.drogariaveracruz.com.br/leite-de-magnesia-phillips-original-350ml/p
VeraCruz;7896094206410;Venzer HCT 16mg + 12,5mg 30 comprimidos;Disponível;96,18;67,61;-29.7%;71,17;-26.0%;Pressão Alta > Anti-Hipertensivo;10854;https://www.drogariaveracruz.com.br/venzer-hct-16mg-125mg-30-comprimidos/p
VeraCruz;7894164006922;Xarope Fluive 120ml;Disponível;0;0;0;0;0;Sistema Respiratório > Expectorante;19955;https://www.drogariaveracruz.com.br/xarope-fluive-120ml/p
VeraCruz;7894916508414;Rusovas 10mg 30 comprimidos revestidos;Disponível;0;0;0;0;0;Colesterol e Triglicerídeos;10736;https://www.drogariaveracruz.com.br/rusovas-10mg-30-comprimidos-revestidos/p
VeraCruz;7896658036996;Allestra 20 75mcg + 20mcg 63 drágeas;Disponível;94,02;75,92;-19.3%;79,92;-15.0%;Saúde Feminina > Anticoncepcionais;17655;https://www.drogariaveracruz.com.br/allestra-20-75mcg-20mcg-63-drageas/p
VeraCruz;7896548140284;Cerumin Solução Otológica 8ml;Disponível;19,96;17,82;-10.7%;18,76;-6.0%;Ouvido;11009;https://www.drogariaveracruz.com.br/solucao-otologica-cerumin-8ml/p
VeraCruz;7896714203515;Fluxon 25mg 30 comprimidos;Disponível;14,18;13,47;-5.0%;14,18;-0.0%;Sistema Nervoso > Medicamentos Antivertiginosos: Ginkgo, Tanakan, Equitam;11448;https://www.drogariaveracruz.com.br/fluxon-25mg-30-comprimidos/p
VeraCruz;7896004724515;Latanoprosta 0,05mg/ml + Maleato de Timolol 5mg/ml Solução Oftálmica 2,5ml Germed Genérico;Disponível;172,18;78,52;-54.4%;82,65;-52.0%;Olhos > Lubrificantes e Colírios;25401;https://www.drogariaveracruz.com.br/latanoprosta-005mgml-maleato-de-timolol-5mgml-solucao-oftalmica-25ml-germed-generico/p
VeraCruz;7891142115508;Alivium Infantil 30mg/ml Sabor Frutas 100ml;Disponível;0;0;0;0;0;Dor e Febre > Analgésico;20492;https://www.drogariaveracruz.com.br/alivium-infantil-30mgml-sabor-frutas-100ml/p
VeraCruz;7896023792274;Óleo de Prímula Catarinense 45 Cápsulas;Disponível;0;0;0;0;0;Saúde Feminina > Reposição Hormonal;12372;https://www.drogariaveracruz.com.br/oleo-de-primula-catarinense-45-capsulas/p
VeraCruz;7898040321499;Ixium 50mg/g 12 sachês de Creme Dermatológico com 250mg cada;Disponível;353,21;335,55;-5.0%;117,74;-66.7%;Pele e Mucosa;11758;https://www.drogariaveracruz.com.br/ixium-50mgg-12-saches-de-creme-dermatologico-com-250mg-cada/p
VeraCruz;7896382707278;Caneta para Aplicação de Insulina HumaPen Savvio;Disponível;0;0;0;0;0;Diabetes;17027;https://www.drogariaveracruz.com.br/caneta-para-aplicacao-de-insulina-humapen-savvio/p
VeraCruz;-;Vagifem 10mcg 18 comprimidos vaginais com aplicadores individuais;Disponível;156,12;126,07;-19.2%;66,35;-57.5%;Saúde Feminina > Reposição Hormonal;;https://www.drogariaveracruz.com.br/vagifem-10mcg-18-comprimidos-vaginais-com-aplicadores-individuais/p
VeraCruz;7897705203101;Wegovy 1,7mg 1 sistema de aplicação preenchido de 3ml e 4 agulhas descartáveis;Disponível;1946,83;1849,49;-5.0%;648,94;-66.7%;Diabetes;23227;https://www.drogariaveracruz.com.br/wegovy-17mg-1-sistema-de-aplicacao-preenchido-de-3ml-e-4-agulhas-descartaveis/p
VeraCruz;7898960950328;Teste de Gravidez Fast Test Semanas 1un;Disponível;0;0;0;0;0;Saúde Feminina > Teste de Gravidez;19846;https://www.drogariaveracruz.com.br/teste-de-gravidez-fast-test-semanas-1un/p
VeraCruz;7896658015106;Fisioton 400mg 30 comprimidos revestidos;Disponível;128,16;107,14;-16.4%;56,39;-56.0%;Vitaminas;18212;https://www.drogariaveracruz.com.br/fisioton-400mg-30-comprimidos-revestidos/p
VeraCruz;7891317005351;Ebastel 10mg 10 comprimidos;Disponível;0;0;0;0;0;Alergias;10114;https://www.drogariaveracruz.com.br/ebastel-10mg-10-comprimidos/p
VeraCruz;7896180300213;Flutinol1mg/ml Suspensão Oftálmica 5ml;Disponível;39,65;33,15;-16.4%;34,89;-12.0%;Olhos > Lubrificantes e Colírios;11450;https://www.drogariaveracruz.com.br/flutinol1mgml-suspensao-oftalmica-5ml/p
VeraCruz;7896070600911;Flagyl 100mg/G 1 Bisnaga Com 50G de Gel de Uso Ginecológico + 10 Aplicadores;Disponível;0;0;0;0;0;Antibióticos;23829;https://www.drogariaveracruz.com.br/flagyl-100mgg-1-bisnaga-com-50g-de-gel-de-uso-ginecologico-10-aplicadores/p
VeraCruz;7891317475222;SIBUS 15MG C/60 CPR;Disponível;109,38;83,13;-24.0%;87,50;-20.0%;Psicotrópicos;24743;https://www.drogariaveracruz.com.br/sibus-15mg-c60-cpr/p
VeraCruz;7896094999480;NOVOTRAM PAR 37,5/325MG C/20 CPR;Disponível;65,87;55,69;-15.5%;58,62;-11.0%;Psicotrópicos;25006;https://www.drogariaveracruz.com.br/novotram-par-375325mg-c20-cpr/p
VeraCruz;7896094920637;Suplemento Alimentar Gestamax Plus 60 cápsulas gelatinosas moles;Disponível;0;0;0;0;0;Saúde Feminina > Gestante;20620;https://www.drogariaveracruz.com.br/suplemento-alimentar-gestamax-plus-60-capsulas-gelatinosas-moles/p
VeraCruz;7500435185035;Femibion 3 28 comprimidos;Disponível;152,90;145,26;-5.0%;50,97;-66.7%;Saúde Feminina > Gestante;23702;https://www.drogariaveracruz.com.br/femibion-3-28-comprimidos/p
VeraCruz;7898029550339;Acertanlo 7mg + 5mg 30 comprimidos;Disponível;89,22;84,76;-5.0%;89,22;-0.0%;Pressão Alta > Anti-Hipertensivo;17319;https://www.drogariaveracruz.com.br/acertanlo-7mg-5mg-30-comprimidos/p
VeraCruz;7896255762618;DEPAKOTE 500 MG C/30 CPR;Disponível;158,41;114,37;-27.8%;60,20;-62.0%;Psicotrópicos;24561;https://www.drogariaveracruz.com.br/depakote-500-mg-c30-cpr/p
VeraCruz;7891317191702;QUET 200MG C/30 CPR;Disponível;0;0;0;0;0;Psicotrópicos;24862;https://www.drogariaveracruz.com.br/quet-200mg-c30-cpr/p
VeraCruz;7894916516082;Teste de Gravidez em Tira Gravicheck EMS;Disponível;0;0;0;0;0;Saúde Feminina > Teste de Gravidez;14143;https://www.drogariaveracruz.com.br/teste-de-gravidez-em-tira-gravicheck-ems/p
VeraCruz;7897473200012;Combiwave 25mcg + 50mcg Glenmark 120 Doses Suspensão Aerossol;Disponível;106,19;100,88;-5.0%;53,10;-50.0%;Sistema Respiratório > Asma;25803;https://www.drogariaveracruz.com.br/combiwave-25mcg-50mcg-glenmark-120-doses-suspensao-aerossol/p
VeraCruz;7891058025137;Lantus 100UI/ml 1 carpule com 3ml;Disponível;113,21;89,26;-21.2%;93,96;-17.0%;Diabetes;11026;https://www.drogariaveracruz.com.br/lantus-100uiml-1-carpule-com-3ml/p
VeraCruz;7896658004810;Remilev 250mg + 60mg 20 comprimidos revestidos;Disponível;82,73;70,74;-14.5%;74,46;-10.0%;Sistema Nervoso > Calmantes;12899;https://www.drogariaveracruz.com.br/remilev-250mg-60mg-20-comprimidos-revestidos/p
VeraCruz;7896226506371;Prolopa BD 100/25mg 30 comprimidos;Disponível;65,72;51,82;-21.2%;54,55;-17.0%;Sistema Nervoso > Remédio para Parkinson | Aché, Roche, Cristália, e mais;10253;https://www.drogariaveracruz.com.br/prolopa-bd-10025mg-30-comprimidos/p
VeraCruz;7896015530150;Sal de Frutas Eno Sabor Camomila 100g;Disponível;30,73;22,77;-25.9%;23,97;-22.0%;Digestão > Azia e Má Digestão;18298;https://www.drogariaveracruz.com.br/sal-de-frutas-eno-sabor-camomila-100g/p
VeraCruz;7896222720863;Strepsils Sabor Mel e Limão 24 pastilhas;Disponível;45,99;40,63;-11.7%;42,77;-7.0%;Dor e Febre > Dor de Garganta;19210;https://www.drogariaveracruz.com.br/pastilhas-para-garganta-strepsils-sabor-mel-e-limao-24-pastilhas/p
VeraCruz;7896212479603;HALDOL 5 MG C/20 CPR;Disponível;17,43;13,75;-21.1%;14,47;-17.0%;Psicotrópicos;24976;https://www.drogariaveracruz.com.br/haldol-5-mg-c20-cpr/p
VeraCruz;7893093083882;Previgrip Glóbulos Weleda 20g;Disponível;99,90;86,36;-13.6%;90,91;-9.0%;Sistema Respiratório > Antigripais;13098;https://www.drogariaveracruz.com.br/previgrip-weleda-20g/p
VeraCruz;7898100244485;Estimulante do Apetite Petivit BC Sabor Morango 250ml;Disponível;0;0;0;0;0;Vitaminas;14850;https://www.drogariaveracruz.com.br/estimulante-do-apetite-petivit-bc-sabor-morango-250ml/p
VeraCruz;7896015516642;Avodart 0,5mg 30 cápsulas gelatinosas moles;Disponível;0;0;0;0;0;Saúde Masculina > Próstata;10469;https://www.drogariaveracruz.com.br/avodart-05mg-30-capsulas-gelatinosas-moles/p
VeraCruz;7896422524452;OsteoNutri 600mg + 400UI 60 comprimidos revestidos;Disponível;161,50;153,43;-5.0%;53,83;-66.7%;Para os Ossos > Artrite e Artrose;12384;https://www.drogariaveracruz.com.br/osteonutri-600mg-400ui-60-comprimidos-revestidos/p
VeraCruz;7896226108933;Dozemast 1000mcg Mecobalamina Com 60 comprimidos sublinguais;Disponível;199,04;189,09;-5.0%;66,35;-66.7%;Vitaminas;24190;https://www.drogariaveracruz.com.br/dozemast-subl-1000mg-c60-cpr/p
VeraCruz;7896004774626;Repoflor 250mg 10 cápsulas duras;Disponível;68,87;45,14;-34.5%;47,52;-31.0%;Digestão > Diarréia;20815;https://www.drogariaveracruz.com.br/repoflor-250mg-10-capsulas-duras/p
VeraCruz;-;Vytorin 10mg + 40mg 30 comprimidos;Disponível;0;0;0;0;0;Colesterol e Triglicerídeos;;https://www.drogariaveracruz.com.br/vytorin-10mg-40mg-30-comprimidos/p
VeraCruz;7891035010958;Strepsils Sabor Laranja Sem Açúcar 8 pastilhas;Disponível;18,49;15,81;-14.5%;16,64;-10.0%;Dor e Febre > Dor de Garganta;13424;https://www.drogariaveracruz.com.br/pastilhas-para-garganta-strepsils-sabor-laranja-sem-acucar-8-pastilhas/p
VeraCruz;7898948648698;Androgel Testosterona 16,2 mg/g Pump Gel Transdérmico 88g;Disponível;326,87;310,53;-5.0%;108,96;-66.7%;-;27134;https://www.drogariaveracruz.com.br/androgel-testosterona-162-mgg-pump-gel-transdermico-88g/p
VeraCruz;7896261010185;Sirdalud 2mg 30 comprimidos;Disponível;0;0;0;0;0;Dor e Febre > Contusão e Relaxante Muscular;17899;https://www.drogariaveracruz.com.br/sirdalud-2mg-30-comprimidos/p
VeraCruz;7896658002212;Femina 150mcg + 20mcg 63 comprimidos revestidos;Disponível;101,32;79,90;-21.1%;84,10;-17.0%;Saúde Feminina > Anticoncepcionais;15298;https://www.drogariaveracruz.com.br/femina-150mcg-20mcg-63-comprimidos-revestidos/p
VeraCruz;7896269901904;Flixonase 50mcg Spray Nasal 120 doses 11,6ml;Disponível;0;0;0;0;0;Alergias;11433;https://www.drogariaveracruz.com.br/flixonase-50mcg-spray-nasal-120-doses-116ml/p
VeraCruz;7896094208858;Plenance 10mg 90 comprimidos revestidos;Disponível;138,66;97,48;-29.7%;51,31;-63.0%;Colesterol e Triglicerídeos;10177;https://www.drogariaveracruz.com.br/plenance-10mg-90-comprimidos-revestidos/p
VeraCruz;7894916500548;Neutrofer 150mg 30 comprimidos revestidos;Disponível;35,76;29,90;-16.4%;31,47;-12.0%;Sistema Imunológico;16769;https://www.drogariaveracruz.com.br/neutrofer-150mg-30-comprimidos-revestidos/p
VeraCruz;7896015521622;Sal de Frutas Eno Abacaxi 100g;Disponível;30,73;22,48;-26.8%;23,66;-23.0%;Digestão > Azia e Má Digestão;11513;https://www.drogariaveracruz.com.br/sal-de-frutas-eno-abacaxi-100g/p
VeraCruz;7896261013490;Cataflam 50mg 10 drágeas;Disponível;28,02;23,43;-16.4%;24,66;-12.0%;Dor e Febre > Anti-Inflamatórios;17746;https://www.drogariaveracruz.com.br/cataflam-50mg-10-drageas/p
VeraCruz;7898303261180;Cranberry Herbamed 500mg 60 comprimidos;Disponível;0;0;0;0;0;Saúde Feminina > Medicamentos Urinários;22689;https://www.drogariaveracruz.com.br/cranberry-herbamed-500mg-60-comprimidos/p
VeraCruz;7896004745619;LIDY - 3mg + 0,02mg, 24 comprimidos revestidos;Disponível;0;0;0;0;0;Saúde Feminina > Anticoncepcionais;11114;https://www.drogariaveracruz.com.br/lidy-3mg-002mg-24-comprimidos-revestidos/p
VeraCruz;7894916513050;RISEDROSS - 150mg, 2 comprimidos revestidos;Disponível;0;0;0;0;0;Para os Ossos > Osteoporose;17146;https://www.drogariaveracruz.com.br/risedross-150mg-2-comprimidos-revestidos/p
VeraCruz;7896676431674;VENSATE LP 37,5MG C/30 CPS;Disponível;0;0;0;0;0;Psicotrópicos;24593;https://www.drogariaveracruz.com.br/vensate-lp-375mg-c30-cps/p
VeraCruz;7891058002770;Beserol 4 comprimidos;Disponível;8,48;6,04;-28.8%;6,36;-25.0%;Dor e Febre > Anti-Inflamatórios;10931;https://www.drogariaveracruz.com.br/beserol-4-comprimidos/p
VeraCruz;7896083411375;LacLev 9000 FCC ALU Sabor Baunilha 30 comprimidos;Disponível;77,90;68,09;-12.6%;71,67;-8.0%;Digestão > Laxantes e Reguladores Intestinais;13283;https://www.drogariaveracruz.com.br/laclev-9000-fcc-alu-sabor-baunilha-30-comprimidos/p
VeraCruz;7896255700276;Synthroid 88mcg 30 comprimidos;Disponível;52,49;39,40;-24.9%;41,47;-21.0%;Hormônios;11189;https://www.drogariaveracruz.com.br/synthroid-88mcg-30-comprimidos/p
VeraCruz;7896255763172;Iruxol Mono 1,2U Pomada 30g;Disponível;118,36;95,58;-19.2%;50,31;-57.5%;Pele e Mucosa;15403;https://www.drogariaveracruz.com.br/iruxol-mono-12u-pomada-30g/p
VeraCruz;7896676442687;Codein - 30Mg, 30 Comprimidos;Disponível;69,54;52,85;-24.0%;55,63;-20.0%;Psicotrópicos;24258;https://www.drogariaveracruz.com.br/codein-30mg-30-comprimidos/p
VeraCruz;7896112411512;Ablok Plus 50mg + 12,5mg 60 comprimidos;Disponível;96,85;71,76;-25.9%;75,54;-22.0%;Pressão Alta > Anti-Hipertensivo;17273;https://www.drogariaveracruz.com.br/ablok-plus-50mg-125mg-60-comprimidos/p
VeraCruz;7896714219318;Histamin 2mg/5ml Xarope 100ml;Disponível;26,90;21,97;-18.3%;23,13;-14.0%;Alergias;15809;https://www.drogariaveracruz.com.br/antialergico-xarope-histamin-2mg5ml-100ml/p
VeraCruz;7891721003042;Clinfar 10mg 30 comprimidos revestidos;Disponível;30,28;21,57;-28.8%;22,71;-25.0%;Colesterol e Triglicerídeos;11326;https://www.drogariaveracruz.com.br/clinfar-10mg-30-comprimidos-revestidos/p
VeraCruz;7898581710523;Noripurum 50mg/ml Gotas 30ml;Disponível;47,54;42,46;-10.7%;44,69;-6.0%;Sistema Imunológico;12006;https://www.drogariaveracruz.com.br/noripurum-50mgml-gotas-30ml/p
VeraCruz;7898581711216;NEOZINE 100 MG C/20 CPR;Disponível;34,27;27,35;-20.2%;28,79;-16.0%;Psicotrópicos;24838;https://www.drogariaveracruz.com.br/neozine-100-mg-c20-cpr/p
VeraCruz;5702191025637;Azelan Gel 150mg/g 30g;Disponível;93,73;77,47;-17.3%;81,55;-13.0%;Pele e Mucosa;10471;https://www.drogariaveracruz.com.br/azelan-gel-150mgg-30g/p
VeraCruz;7891058022136;Dorflex 24 comprimidos;Disponível;19,52;17,43;-10.7%;18,35;-6.0%;Dor e Febre > Analgésico;13299;https://www.drogariaveracruz.com.br/analgesico-dorflex-24-comprimidos/p
VeraCruz;7894916501927;Proflox 500mg 14 comprimidos revestidos;Disponível;0;0;0;0;0;Antibióticos;23914;https://www.drogariaveracruz.com.br/proflox-500mg-14-comprimidos-revestidos/p
VeraCruz;7896094209299;Quenzor 100mg 30 cápsulas duras de liberação prolongada;Disponível;0;0;0;0;0;Pressão Alta > Anti-Hipertensivo;20965;https://www.drogariaveracruz.com.br/quenzor-100mg-30-capsulas-duras-de-liberacao-prolongada/p
VeraCruz;7898040320768;Dolamin 125mg 16 comprimidos revestidos;Disponível;35,95;30,06;-16.4%;31,64;-12.0%;Dor e Febre > Analgésico;12122;https://www.drogariaveracruz.com.br/dolamin-125mg-16-comprimidos-revestidos/p
VeraCruz;7896094926622;Vabam 15mg 30 comprimidos revestidos;Disponível;0;0;0;0;0;Sistema Circulatório > Circulação;20281;https://www.drogariaveracruz.com.br/vabam-15mg-30-comprimidos-revestidos/p
VeraCruz;7896658005299;Flogoral 1,5mg/ml Spray Sabor Cereja 30ml;Disponível;42,79;36,99;-13.6%;38,94;-9.0%;Dor e Febre > Dor de Garganta;18225;https://www.drogariaveracruz.com.br/flogoral-15mgml-spray-sabor-cereja-30ml/p
VeraCruz;7896226503288;DORMONID 7,5 MG C/30 CPR;Disponível;76,27;55,07;-27.8%;57,97;-24.0%;Psicotrópicos;24956;https://www.drogariaveracruz.com.br/dormonid-75-mg-c30-cpr/p
VeraCruz;7908134200125;Regenesis Premium 60 Cápsulas Moles;Disponível;0;0;0;0;0;Saúde Feminina > Gestante;20592;https://www.drogariaveracruz.com.br/suplemento-para-gestantes-regenesis-premium-60-capsulas-moles/p
VeraCruz;7896637029018;INSIT 25MG C/15 CPS;Disponível;23,10;17,12;-25.9%;18,02;-22.0%;Psicotrópicos;24633;https://www.drogariaveracruz.com.br/insit-25mg-c15-cps/p
VeraCruz;7898040328597;Bactrim 400mg + 80mg 20 comprimidos;Disponível;38,78;30,95;-20.2%;32,58;-16.0%;Antibióticos;23908;https://www.drogariaveracruz.com.br/bactrim-400mg-80mg-20-comprimidos/p
VeraCruz;7891268117165;LÍPITOR - 40mg, 30 comprimidos revestidos;Disponível;0;0;0;0;0;Colesterol e Triglicerídeos;12735;https://www.drogariaveracruz.com.br/lipitor-40mg-30-comprimidos-revestidos/p
VeraCruz;7891106006262;Redoxon 2g Sabor Lima-Limão 10 comprimidos efervescentes;Disponível;0;0;0;0;0;Vitaminas;12879;https://www.drogariaveracruz.com.br/redoxon-2g-sabor-lima-limao-10-comprimidos-efervescentes/p
VeraCruz;7897595601766;Sinvastacor 10mg 30 comprimidos revestidos;Disponível;29,90;6,82;-77.2%;7,18;-76.0%;Colesterol e Triglicerídeos;17891;https://www.drogariaveracruz.com.br/sinvastacor-10mg-30-comprimidos-revestidos/p
VeraCruz;7896372500476;Passajá 1 flaconete com 4ml;Disponível;0;0;0;0;0;Dor e Febre > Analgésico;15924;https://www.drogariaveracruz.com.br/passaja-1-flaconete-com-4ml/p
VeraCruz;7891317011383;Naire 20mg 30 comprimidos;Disponível;0;0;0;0;0;Alergias;20520;https://www.drogariaveracruz.com.br/naire-20mg-30-comprimidos/p
VeraCruz;7896094921979;Neosaldina 20 drágeas;Disponível;35,99;27,35;-24.0%;28,79;-20.0%;Dor e Febre > Analgésico;11928;https://www.drogariaveracruz.com.br/neosaldina-20-drageas/p
VeraCruz;7899470807744;Gastrobem Suspensão Oral 240ml;Disponível;26,90;25,56;-5.0%;26,90;-0.0%;Digestão > Azia e Má Digestão;26887;https://www.drogariaveracruz.com.br/gastrobem-suspensao-oral-240ml/p
VeraCruz;7896004754123;Micropil 0,075mg + 0,030mg 63 comprimidos revestidos;Disponível;86,80;67,62;-22.1%;71,18;-18.0%;Saúde Feminina > Anticoncepcionais;11834;https://www.drogariaveracruz.com.br/micropil-0075mg-0030mg-63-comprimidos-revestidos/p
VeraCruz;7896165600406;Pentasa 1g 28 supositórios + 28 dedeiras;Disponível;0;0;0;0;0;Dor e Febre > Anti-Inflamatórios;25509;https://www.drogariaveracruz.com.br/pentasa-1g-28-supositorios-28-dedeiras/p
VeraCruz;7896094917255;Atrofem 400mg 2 cápsulas;Disponível;0;0;0;0;0;Saúde Feminina > Cólica;13205;https://www.drogariaveracruz.com.br/atrofem-400mg-2-capsulas/p
VeraCruz;7896006230052;Solução Oftálmica Drusolol 2% + 5% 5ml;Disponível;104,01;79,05;-24.0%;83,21;-20.0%;Olhos > Lubrificantes e Colírios;10096;https://www.drogariaveracruz.com.br/solucao-oftalmica-drusolol-2-5-5ml/p
VeraCruz;7898029550407;Acertalix 5mg + 1,25mg 30 Comprimidos Revestidos;Disponível;89,25;84,79;-5.0%;89,25;-0.0%;Pressão Alta > Anti-Hipertensivo;19076;https://www.drogariaveracruz.com.br/acertalix-5mg-125mg-30-comprimidos-revestidos/p
VeraCruz;7891142156020;Fluir 12mcg 30 cápsulas de pó para inalação + inalador;Disponível;0;0;0;0;0;Sistema Respiratório > Asma;11454;https://www.drogariaveracruz.com.br/fluir-12mcg-30-capsulas-de-po-para-inalacao-inalador/p
VeraCruz;7896226102092;Monaless 600mg 60 cápsulas gelatinosas moles;Disponível;0;0;0;0;0;Colesterol e Triglicerídeos;16716;https://www.drogariaveracruz.com.br/monaless-600mg-60-capsulas-gelatinosas-moles/p
VeraCruz;7898907313780;Dunia 35 2mg + 0,035mg 21 comprimidos;Disponível;29,79;24,62;-17.4%;25,92;-13.0%;Saúde Feminina > Reposição Hormonal;19486;https://www.drogariaveracruz.com.br/dunia-35-2mg-0035mg-21-comprimidos/p
VeraCruz;7891268148831;OLMETEC HCT - 40mg + 12,5mg, 30 comprimidos revestidos;Disponível;0;0;0;0;0;Pressão Alta > Anti-Hipertensivo;16344;https://www.drogariaveracruz.com.br/olmetec-hct-40mg-125mg-30-comprimidos-revestidos/p
VeraCruz;7896015591526;Clavulin Es 600mg + 4290mg/5ml 1 Frasco Com 100ml de Pó Para Suspensão de Uso Oral + Seringa Dosadora;Disponível;0;0;0;0;0;Antibióticos;23835;https://www.drogariaveracruz.com.br/clavulin-es-600mg-4290mg5ml-1-frasco-com-100ml-de-po-para-suspensao-de-uso-oral-seringa-dosadora/p
VeraCruz;7891058271008;Dermatop 2,5mg/g Creme Dermatológico 20g;Disponível;85,69;68,38;-20.2%;71,98;-16.0%;Dor e Febre > Anti-Inflamatórios;12600;https://www.drogariaveracruz.com.br/dermatop-25mgg-creme-dermatologico-20g/p
VeraCruz;7896255716970;Synthroid 100mcg 30 comprimidos;Disponível;53,39;40,07;-24.9%;42,18;-21.0%;Hormônios;11179;https://www.drogariaveracruz.com.br/synthroid-100mcg-30-comprimidos/p
VeraCruz;7892953208199;OXYPYNAL 10MG C/30 CPR;Disponível;0;0;0;0;0;Psicotrópicos;25004;https://www.drogariaveracruz.com.br/oxypynal-10mg-c30-cpr/p
VeraCruz;7896637032223;Probiótico Probians 30 cápsulas;Disponível;102,67;79,98;-22.1%;84,19;-18.0%;Digestão > Laxantes e Reguladores Intestinais;25574;https://www.drogariaveracruz.com.br/probiotico-probians-30-capsulas/p
VeraCruz;7896094915374;Atroveran Dip 1g 10 comprimidos;Disponível;16,90;13,80;-18.3%;14,53;-14.0%;Saúde Feminina > Cólica;14068;https://www.drogariaveracruz.com.br/atroveran-dip-1g-10-comprimidos/p
VeraCruz;7896658005985;Mirtax 10mg 30 comprimidos revestidos;Disponível;37,72;27,59;-26.9%;29,04;-23.0%;Dor e Febre > Anti-Inflamatórios;16682;https://www.drogariaveracruz.com.br/mirtax-10mg-30-comprimidos-revestidos/p
VeraCruz;7896023793332;Melagrião Própolis e Gengibre Spray Sabor Limão 30ml;Disponível;21,99;16,71;-24.0%;17,59;-20.0%;Dor e Febre > Dor de Garganta;18691;https://www.drogariaveracruz.com.br/melagriao-propolis-e-gengibre-spray-sabor-limao-30ml/p
VeraCruz;7896094210080;Plenance EZE 20mg+10mg 30 Cápsulas;Disponível;139,11;104,41;-24.9%;54,95;-60.5%;Colesterol e Triglicerídeos;14190;https://www.drogariaveracruz.com.br/plenance-eze-20mg10mg-30-capsulas/p
VeraCruz;7891142115775;Oximax 400mcg 30 cápsulas de pó para inalação + inalador;Disponível;113,75;86,45;-24.0%;91,00;-20.0%;Sistema Respiratório > Asma;12392;https://www.drogariaveracruz.com.br/oximax-400mcg-30-capsulas-de-po-para-inalacao-inalador/p
VeraCruz;7894916513135;Bramicar HCT 80mg + 12,5mg 60 comprimidos;Disponível;137,64;107,22;-22.1%;56,43;-59.0%;Pressão Alta > Anti-Hipertensivo;13507;https://www.drogariaveracruz.com.br/bramicar-hct-80mg-125mg-60-comprimidos/p
VeraCruz;7896206402211;Symbicort Turbuhaler 6/200 mcg por inalação 60 doses de pó para inalação;Disponível;0;0;0;0;0;Sistema Respiratório > DPOC;11178;https://www.drogariaveracruz.com.br/symbicort-turbuhaler-6200-mcg-por-inalacao-60-doses-de-po-para-inalacao/p
VeraCruz;7896658036477;Diosmin 900mg + 100mg 30 comprimidos;Disponível;156,56;148,73;-5.0%;52,19;-66.7%;Sistema Circulatório > Circulação;23614;https://www.drogariaveracruz.com.br/diosmin-900mg-100mg-30-comprimidos/p
VeraCruz;7896181901631;Cordarex 2,5mg 30 comprimidos;Disponível;39,25;31,32;-20.2%;32,97;-16.0%;Pressão Alta > Anti-Hipertensivo;12020;https://www.drogariaveracruz.com.br/cordarex-25mg-30-comprimidos/p
VeraCruz;7501303484151;Gyno - Icaden Óvulo 600mg 1 óvulo + 1 dedeira;Disponível;0;0;0;0;0;Saúde Feminina > Creme e óvulos vaginais;15783;https://www.drogariaveracruz.com.br/gyno-icaden-ovulo-600mg-1-ovulo-1-dedeira/p
VeraCruz;7896015560300;Sal de Frutas Eno Tradicional 100g;Disponível;30,73;22,77;-25.9%;23,97;-22.0%;Digestão > Azia e Má Digestão;18297;https://www.drogariaveracruz.com.br/sal-de-frutas-eno-tradicional-100g/p
VeraCruz;7891721044137;Glifage 1g 30 comprimidos revestidos;Disponível;57,97;44,06;-24.0%;46,38;-20.0%;Diabetes;12650;https://www.drogariaveracruz.com.br/glifage-1g-30-comprimidos-revestidos/p
VeraCruz;7896261000797;Voltaren 75mg/3ml Solução Injetável 5 ampolas com 3ml cada;Disponível;0;0;0;0;0;Dor e Febre > Anti-Inflamatórios;11221;https://www.drogariaveracruz.com.br/voltaren-75mg3ml-solucao-injetavel-5-ampolas-com-3ml-cada/p
VeraCruz;7896422504645;Zinpass Eze 20mg + 10mg 30 comprimidos revestidos;Disponível;128,09;102,22;-20.2%;53,80;-58.0%;Sistema Circulatório > Cardiovasculares;19473;https://www.drogariaveracruz.com.br/zinpass-eze-20mg-10mg-30-comprimidos-revestidos/p
VeraCruz;7896212424269;Resolor 1mg 14 comprimidos revestidos;Disponível;165,07;144,27;-12.6%;50,62;-69.3%;Digestão > Laxantes e Reguladores Intestinais;16045;https://www.drogariaveracruz.com.br/resolor-1mg-14-comprimidos-revestidos/p
VeraCruz;7896676410235;NEURAL 100 MG C/30 CPS;Disponível;84,09;60,71;-27.8%;63,91;-24.0%;Psicotrópicos;24814;https://www.drogariaveracruz.com.br/neural-100-mg-c30-cps/p
VeraCruz;7896026300162;Atensina 0,100mg 30 comprimidos;Disponível;10,69;8,43;-21.1%;8,87;-17.0%;Pressão Alta > Anti-Hipertensivo;17382;https://www.drogariaveracruz.com.br/atensina-0100mg-30-comprimidos/p
VeraCruz;5702157141951;BRINTELLIX 10MG C/30 CPR;Disponível;0;0;0;0;0;Psicotrópicos;24484;https://www.drogariaveracruz.com.br/brintellix-10mg-c30-cpr/p
VeraCruz;7896094206342;Naprix 2,5mg 30 comprimidos;Disponível;85,05;59,79;-29.7%;62,94;-26.0%;Pressão Alta > Anti-Hipertensivo;16717;https://www.drogariaveracruz.com.br/naprix-25mg-30-comprimidos/p
VeraCruz;7896004702735;Laxante Natural Glicerin 6 supositórios;Disponível;0;0;0;0;0;Digestão > Laxantes e Reguladores Intestinais;12646;https://www.drogariaveracruz.com.br/laxante-natural-glicerin-6-supositorios/p
VeraCruz;7891317015053;Kóide Elixir 120ml + copo medidor;Disponível;0;0;0;0;0;Dor e Febre > Anti-Inflamatórios;15434;https://www.drogariaveracruz.com.br/koide-elixir-120ml-copo-medidor/p
VeraCruz;7896658034978;Pant 50mg/ml Refil 50ml;Disponível;72,76;69,12;-5.0%;72,76;-0.0%;Tratamento Capilar > Queda De Cabelo;14477;https://www.drogariaveracruz.com.br/pant-50mgml-refil-50ml/p
VeraCruz;7898040322328;Ginesse 0,075mg + 0,02mg 63 comprimidos;Disponível;90,33;66,07;-26.9%;69,55;-23.0%;Saúde Feminina > Anticoncepcionais;14169;https://www.drogariaveracruz.com.br/ginesse-0075mg-002mg-63-comprimidos/p
VeraCruz;7896004726267;CLAQUINONA - 40mg/g, 1 bisnaga com 30g de creme de uso dermatológico;Disponível;0;0;0;0;0;Pele e Mucosa;11595;https://www.drogariaveracruz.com.br/claquinona-40mgg-1-bisnaga-com-30g-de-creme-de-uso-dermatologico/p
VeraCruz;7891317006938;PONDERA 20 MG C/30 CPR;Disponível;224,01;163,87;-26.8%;57,50;-74.3%;Psicotrópicos;24811;https://www.drogariaveracruz.com.br/pondera-20-mg-c30-cpr/p
VeraCruz;7896658035388;Pant 50mg/ml 2 frascos de 50ml cada;Disponível;0;0;0;0;0;Tratamento Capilar > Queda De Cabelo;13700;https://www.drogariaveracruz.com.br/pant-50mgml-2-frascos-de-50ml-cada/p
VeraCruz;7896658039249;FUSOR 15MG C/30 CPR C1;Disponível;0;0;0;0;0;Psicotrópicos;24898;https://www.drogariaveracruz.com.br/fusor-15mg-c30-cpr-c1/p
VeraCruz;7896637022446;Flancox 400mg 20 comprimidos revestidos;Disponível;62,27;52,06;-16.4%;54,80;-12.0%;Dor e Febre > Anti-Inflamatórios;11423;https://www.drogariaveracruz.com.br/flancox-400mg-20-comprimidos-revestidos/p
VeraCruz;7896714296081;Rivaroxabana 2,5mg 30 Comprimidos Revestidos;Disponível;71,07;67,52;-5.0%;71,07;-0.0%;Sistema Circulatório;26791;https://www.drogariaveracruz.com.br/rivaroxabana-25mg-30-comprimidos-revestidos/p
VeraCruz;7897337713498;Desalex D12 2,5mg + 120mg 10 comprimidos de liberação modificada;Disponível;0;0;0;0;0;Alergias;11394;https://www.drogariaveracruz.com.br/desalex-d12-25mg-120mg-10-comprimidos-de-liberacao-modificada/p
VeraCruz;7896006216483;Xantinon 30 comprimidos revestidos;Disponível;16,55;14,16;-14.4%;14,90;-10.0%;Digestão > Laxantes e Reguladores Intestinais;18002;https://www.drogariaveracruz.com.br/xantinon-30-comprimidos-revestidos/p
VeraCruz;7891045006743;HARMONET - 0,075mg + 0,020mg, 21 drágeas;Disponível;0;0;0;0;0;Saúde Feminina > Anticoncepcionais;12671;https://www.drogariaveracruz.com.br/harmonet-0075mg-0020mg-21-drageas/p
VeraCruz;7896112401698;Xifaxan 550mg 28 comprimidos revestidos;Disponível;0;0;0;0;0;Oncológicos e Alto Custo;20585;https://www.drogariaveracruz.com.br/xifaxan-550mg-28-comprimidos-revestidos/p
VeraCruz;7896094928510;Tamarine Dual Fit Sabor Hibisco com Frutas Vermelhas 400ml;Disponível;0;0;0;0;0;Digestão > Laxantes e Reguladores Intestinais;22923;https://www.drogariaveracruz.com.br/tamarine-dual-fit-sabor-hibisco-com-frutas-vermelhas-400ml/p
VeraCruz;7896015519834;Bactroban 20mg/G 1 Tubo Com 10G de Pomada de Uso dermatológico;Disponível;55,17;46,65;-15.4%;49,10;-11.0%;Antibióticos;23906;https://www.drogariaveracruz.com.br/bactroban-20mgg-1-tubo-com-10g-de-pomada-de-uso-dermatologico/p
VeraCruz;7896641808999;Dexilant 30mg Takeda 60 cápsulas de liberação retardada;Disponível;259,52;219,42;-15.5%;76,99;-70.3%;Digestão > Úlcera e Gastrite;16905;https://www.drogariaveracruz.com.br/dexilant-30mg-takeda-60-capsulas-de-liberacao-retardada/p
VeraCruz;7891106001946;Aspirina Prevent 100mg 30 comprimidos revestidos;Disponível;24,47;19,76;-19.2%;20,80;-15.0%;Sistema Circulatório > Cardiovasculares;10448;https://www.drogariaveracruz.com.br/aspirina-prevent-100mg-30-comprimidos-revestidos/p
VeraCruz;8903855076096;Indapen SR 1,5mg 60 comprimidos revestidos;Disponível;0;0;0;0;0;Pressão Alta > Anti-Hipertensivo;15382;https://www.drogariaveracruz.com.br/indapen-sr-15mg-60-comprimidos-revestidos/p
VeraCruz;7896658030192;Oxotron 60mg 15 comprimidos;Disponível;40,77;34,09;-16.4%;35,88;-12.0%;Dor e Febre > Anti-Inflamatórios;12396;https://www.drogariaveracruz.com.br/oxotron-60mg-15-comprimidos/p
VeraCruz;7894916503082;Lanz 30mg 28 cápsulas duras de liberação retardada;Disponível;0;0;0;0;0;Digestão > Úlcera e Gastrite;11029;https://www.drogariaveracruz.com.br/lanz-30mg-28-capsulas-duras-de-liberacao-retardada/p
VeraCruz;7896094210660;ZIDER 20MG/ML SOL 30ML C1;Disponível;0;0;0;0;0;Psicotrópicos;24643;https://www.drogariaveracruz.com.br/zider-20mgml-sol-30ml-c1/p
VeraCruz;7896006215943;EUDOK 15MG C/30 CPR;Disponível;0;0;0;0;0;Psicotrópicos;24637;https://www.drogariaveracruz.com.br/eudok-15mg-c30-cpr/p
VeraCruz;7896641810763;ROZEREM 8MG C/20 CPR;Disponível;0;0;0;0;0;Psicotrópicos;24911;https://www.drogariaveracruz.com.br/rozerem-8mg-c20-cpr/p
VeraCruz;7891058003838;Profenid 1mg/ml Xarope Pediátrico Sabor Tutti Frutti 150ml;Disponível;0;0;0;0;0;Dor e Febre > Anti-Inflamatórios;10701;https://www.drogariaveracruz.com.br/profenid-1mgml-xarope-pediatrico-sabor-tutti-frutti-150ml/p
VeraCruz;7891142142283;Diprogenta 064mg/G + 1mg/G 1 Bisnaga Com 30G de Pomada de Uso dermatológico;Disponível;53,74;46,46;-13.5%;48,90;-9.0%;Antibióticos;23834;https://www.drogariaveracruz.com.br/diprogenta-064mgg-1mgg-1-bisnaga-com-30g-de-pomada-de-uso-dermatologico/p
VeraCruz;7891106912778;Claritin 10mg 12 comprimidos;Disponível;22,98;20,30;-11.7%;21,37;-7.0%;Alergias;21223;https://www.drogariaveracruz.com.br/claritin-10mg-12-comprimidos/p
VeraCruz;7891106916684;Aspdip 500mg/Ml Abacaxi Gotas 20ml;Disponível;20,51;19,48;-5.0%;20,51;-0.0%;Dor e Febre;26829;https://www.drogariaveracruz.com.br/aspdip-500mgml-abacaxi-gotas-20ml/p
VeraCruz;7891317472375;Venlaxin XR Cloridrato de Venlafaxina 75mg Com 30 cápsulas;Disponível;124,49;118,27;-5.0%;62,25;-50.0%;Psicotrópicos;26127;https://www.drogariaveracruz.com.br/venlaxin-xr-cloridrato-de-venlafaxina-75mg-30-capsulas/p
VeraCruz;7896206403652;CRESTOR - 5mg, 60 comprimidos revestidos;Disponível;0;0;0;0;0;Colesterol e Triglicerídeos;15517;https://www.drogariaveracruz.com.br/crestor-5mg-60-comprimidos-revestidos/p
VeraCruz;7891268148862;OLMETEC HCT - 40 + 25mg, 30 comprimidos revestidos;Disponível;0;0;0;0;0;Pressão Alta > Anti-Hipertensivo;16345;https://www.drogariaveracruz.com.br/olmetec-hct-40-25mg-30-comprimidos-revestidos/p
VeraCruz;7891106913935;Cicloprimogyna 2mg + 2mg + 0,25mg 21 drágeas;Disponível;15,21;11,56;-24.0%;12,17;-20.0%;Saúde Feminina > Reposição Hormonal;15216;https://www.drogariaveracruz.com.br/cicloprimogyna-2mg-2mg-025mg-21-drageas/p
VeraCruz;7894916505147;Ceclor 375mg/5ml 1 Frasco Com 100ml de Suspensão de Uso Oral + Seringa;Disponível;169,97;132,41;-22.1%;69,69;-59.0%;Antibióticos;23827;https://www.drogariaveracruz.com.br/ceclor-375mg5ml-1-frasco-com-100ml-de-suspensao-de-uso-oral-seringa/p
VeraCruz;7898430194122;Lavagem Nasal Nasoar XT 15 sachês + frasco aplicador;Disponível;72,90;59,56;-18.3%;62,69;-14.0%;Sistema Respiratório > Descongestionantes;21139;https://www.drogariaveracruz.com.br/lavagem-nasal-nasoar-xt-15-saches-frasco-aplicador/p
VeraCruz;;PANTOCAL - 20mg, 28 comprimidos revestidos;Disponível;0;0;0;0;0;Digestão > Úlcera e Gastrite;12784;https://www.drogariaveracruz.com.br/pantocal-20mg-28-comprimidos-revestidos/p
VeraCruz;7891058009458;Dorflex Gotas 20ml;Disponível;27,55;23,56;-14.5%;24,80;-10.0%;Dor e Febre > Analgésico;12126;https://www.drogariaveracruz.com.br/analgesico-dorflex-gotas-20ml/p
VeraCruz;7892953000182;OSTEOTEC - 150mg, 1 comprimido revestido;Disponível;0;0;0;0;0;Para os Ossos > Osteoporose;12385;https://www.drogariaveracruz.com.br/osteotec-150mg-1-comprimido-revestido/p
VeraCruz;7896006217459;Neocopan Composto 20 comprimidos revestidos;Disponível;20,14;18,17;-9.8%;19,13;-5.0%;Dor e Febre > Anti-Inflamatórios;11909;https://www.drogariaveracruz.com.br/neocopan-composto-gotas-20-comprimidos-revestidos/p
VeraCruz;7896026120425;Malvatricin Solução 100ml;Disponível;45,53;38,07;-16.4%;40,07;-12.0%;Dor e Febre > Dor de Garganta;16269;https://www.drogariaveracruz.com.br/solucao-malvatricin-100ml/p
VeraCruz;7896026302999;Spiriva Respimat 2,5mcg/dose 4ml + inalador Respimat (60 doses);Disponível;518,40;492,48;-5.0%;172,80;-66.7%;Sistema Respiratório > DPOC;11140;https://www.drogariaveracruz.com.br/spiriva-respimat-25mcgdose-4ml-inalador-respimat-60-doses/p
VeraCruz;7891317021894;MOBALE 75MG C/30 CPS;Disponível;0;0;0;0;0;Psicotrópicos;24922;https://www.drogariaveracruz.com.br/mobale-75mg-c30-cps/p
VeraCruz;7891317027209;TURNO XR 6,25MG C/30 CPR;Disponível;0;0;0;0;0;Psicotrópicos;24935;https://www.drogariaveracruz.com.br/turno-xr-625mg-c30-cpr/p
VeraCruz;7896112409847;Biolme H Olmesartana Medoxomila 40mg + Hidroclorotiazida 12,5mg Com 30 comprimidos;Disponível;70,21;66,70;-5.0%;70,21;-0.0%;Pressão Alta > Anti-Hipertensivo;26109;https://www.drogariaveracruz.com.br/biolme-h-olmesartana-medoxomila-40mg-hidroclorotiazida-125mg-com-30-comprimidos/p
VeraCruz;7896094210615;VOEXTOR 5MG C/30 CPR REV C1;Disponível;0;0;0;0;0;Psicotrópicos;24631;https://www.drogariaveracruz.com.br/voextor-5mg-c30-cpr-rev-c1/p
VeraCruz;7894916325899;Repoflor 250mg 6 envelopes;Disponível;48,98;29,78;-39.2%;31,35;-36.0%;Digestão > Diarréia;23692;https://www.drogariaveracruz.com.br/repoflor-250mg-10-envelopes-1/p
VeraCruz;7896112435648;Gestrelan 0,15mg + 0,03mg 63 comprimidos;Disponível;0;0;0;0;0;Saúde Feminina > Anticoncepcionais;12262;https://www.drogariaveracruz.com.br/gestrelan-015mg-003mg-63-comprimidos/p
VeraCruz;7893454101569;Mestinon 60mg 60 comprimidos;Disponível;57,40;47,44;-17.4%;49,94;-13.0%;Sistema Imunológico;16658;https://www.drogariaveracruz.com.br/mestinon-60mg-60-comprimidos/p
VeraCruz;7892953000205;Osteotec 150mg 3 comprimidos revestidos;Disponível;0;0;0;0;0;Para os Ossos > Osteoporose;20936;https://www.drogariaveracruz.com.br/osteotec-150mg-3-comprimidos-revestidos/p
VeraCruz;7898650426355;Vitnutry AZ com 60 Cápsulas;Disponível;44,90;42,66;-5.0%;44,90;-0.0%;Vitaminas;26651;https://www.drogariaveracruz.com.br/vitnutry-az-com-60-capsulas/p
VeraCruz;7898075317955;Fexx 180mg Cimed 10 Comprimidos Revestidos;Disponível;0;0;0;0;0;Alergias;18924;https://www.drogariaveracruz.com.br/fexx-180mg-cimed-10-comprimidos-revestidos/p
VeraCruz;7896269900853;IMIGRAN - 50mg, 2 comprimidos revestidos;Disponível;0;0;0;0;0;Dor e Febre > Enxaqueca;11747;https://www.drogariaveracruz.com.br/imigran-50mg-2-comprimidos-revestidos/p
VeraCruz;7896658010187;EXODUS 10MG C/60 CPR;Disponível;108,12;85,25;-21.2%;89,74;-17.0%;Psicotrópicos;24543;https://www.drogariaveracruz.com.br/exodus-10mg-c60-cpr/p
VeraCruz;7891106910163;Gyno Icaden 10mg/g Creme Vaginal 40g + 7 aplicadores;Disponível;0;0;0;0;0;Saúde Feminina > Creme e óvulos vaginais;15782;https://www.drogariaveracruz.com.br/gyno-icaden-10mgg-creme-vaginal-40g-7-aplicadores/p
VeraCruz;7898108640548;Protetor Ocular Estéril Sancare Tamanho P 10 unidades;Disponível;23,49;19,42;-17.3%;20,44;-13.0%;Olhos > Protetor Ocular;20693;https://www.drogariaveracruz.com.br/protetor-ocular-esteril-sancare-tamanho-p-66mm-x-48mm-10-unidades/p
VeraCruz;7898927111090;Oscillococcinum 30 Tubos;Disponível;273,50;252,04;-7.8%;88,43;-67.7%;Sistema Respiratório > Antigripais;12405;https://www.drogariaveracruz.com.br/oscillococcinum-30-tubos/p
VeraCruz;5702191025583;Advantan 1mg/g Creme Dermatológico 15g;Disponível;87,52;72,33;-17.4%;76,14;-13.0%;Pele e Mucosa;10435;https://www.drogariaveracruz.com.br/advantan-1mgg-creme-dermatologica-15g/p
VeraCruz;-;Latanoprosta 50mcg/ml Geolab 2,5ml;Disponível;153,24;66,97;-56.3%;70,49;-54.0%;Olhos > Lubrificantes e Colírios;;https://www.drogariaveracruz.com.br/latanoprosta-50mcgml-geolab-25ml/p
VeraCruz;7896548168745;Solução Oftálmica Azopt 10mg/ml 5ml;Disponível;111,22;87,69;-21.2%;92,31;-17.0%;Olhos > Lubrificantes e Colírios;10472;https://www.drogariaveracruz.com.br/solucao-oftalmica-azopt-10mgml-5ml/p
VeraCruz;7898557141061;Lactulife Sabor Artificial Salada de Frutas 120ml;Disponível;0;0;0;0;0;Digestão > Laxantes e Reguladores Intestinais;17805;https://www.drogariaveracruz.com.br/lactulife-sabor-artificial-salada-de-frutas-120ml/p
VeraCruz;7896212410477;Sporanox 100mg 4 cápsulas;Disponível;0;0;0;0;0;Pele e Mucosa;11143;https://www.drogariaveracruz.com.br/sporanox-100mg-4-capsulas/p
VeraCruz;7891035650123;Lufta GastroPro 150ml;Disponível;63,49;60,32;-5.0%;63,49;-0.0%;Digestão > Azia e Má Digestão;18475;https://www.drogariaveracruz.com.br/lufta-gastropro-150ml/p
VeraCruz;7890282800565;Protectina 200mg 10 Cápsulas Gelatinosas Com Microgrânulos;Disponível;0;0;0;0;0;Antibióticos;23983;https://www.drogariaveracruz.com.br/protectina-200mg-10-capsulas-gelatinosas-com-microgranulos/p
VeraCruz;7898962943786;Luftagastro Dupla Ação 12 Sachês de 10ml;Disponível;49,59;47,11;-5.0%;49,59;-0.0%;Digestão > Azia e Má Digestão;26816;https://www.drogariaveracruz.com.br/luftagastro-dupla-acao-12-saches-de-10ml/p
VeraCruz;7896112403326;Sinustrat 0,04% Hidratante Nasal Solução Spray 30ml;Disponível;52,90;46,24;-12.6%;48,67;-8.0%;Sistema Respiratório > Descongestionantes;25428;https://www.drogariaveracruz.com.br/sinustrat-004-hidratante-nasal-solucao-spray-30ml/p
VeraCruz;7895858000004;DECA DURABOLIN 50 MG INJ AMP C/1 ML;Disponível;31,46;25,11;-20.2%;26,43;-16.0%;Psicotrópicos;24664;https://www.drogariaveracruz.com.br/deca-durabolin-50-mg-inj-amp-c1-ml/p
VeraCruz;7896658029561;DELLER 50MG C/30 CPR;Disponível;86,91;66,05;-24.0%;69,53;-20.0%;Psicotrópicos;24852;https://www.drogariaveracruz.com.br/deller-50mg-c30-cpr/p
VeraCruz;7896094203266;Naprix D 5mg + 12,5mg 30 cápsulas duras;Disponível;77,47;55,20;-28.7%;58,10;-25.0%;Pressão Alta > Anti-Hipertensivo;21027;https://www.drogariaveracruz.com.br/naprix-d-5mg-125mg-30-capsulas-duras/p
VeraCruz;7896637025102;Miosan CAF 10mg + 60mg 15 comprimidos revestidos;Disponível;35,23;28,45;-19.2%;29,95;-15.0%;Dor e Febre > Contusão e Relaxante Muscular;16678;https://www.drogariaveracruz.com.br/miosan-caf-10mg-60mg-15-comprimidos-revestidos/p
VeraCruz;7896676410518;AMYTRIL 75 MG C/20 CPR;Disponível;97,67;72,37;-25.9%;76,18;-22.0%;Psicotrópicos;24528;https://www.drogariaveracruz.com.br/amytril-75-mg-c20-cpr/p
VeraCruz;7896009498541;Caltrate Ca 600mg + D3 200 UI 30 comprimidos revestidos;Disponível;82,30;65,67;-20.2%;69,13;-16.0%;Para os Ossos > Artrite e Artrose;10558;https://www.drogariaveracruz.com.br/caltrate-ca-600mg-d3-200-ui-30-comprimidos-revestidos/p
VeraCruz;7896523228822;Leite de Magnésia 80mg/ml Hortelã 120ml;Disponível;0;0;0;0;0;Digestão > Azia e Má Digestão;22784;https://www.drogariaveracruz.com.br/leite-de-magnesia-80mgml-hortela-120ml/p
VeraCruz;7896261009684;PAMELOR 50 MG C/30 CPS;Disponível;97,56;73,22;-24.9%;77,07;-21.0%;Psicotrópicos;24849;https://www.drogariaveracruz.com.br/pamelor-50-mg-c30-cps/p
VeraCruz;7891721026607;GLUCOVANCE - 250mg + 1,25mg, 30 comprimidos revestidos;Disponível;0;0;0;0;0;Diabetes;15736;https://www.drogariaveracruz.com.br/glucovance-250mg-125mg-30-comprimidos-revestidos/p
VeraCruz;7896261015586;Exforge HCT 160mg + 12,5mg + 5mg 28 comprimidos revestidos;Disponível;202,06;191,96;-5.0%;67,35;-66.7%;Pressão Alta > Anti-Hipertensivo;11650;https://www.drogariaveracruz.com.br/exforge-hct-160mg-125mg-5mg-28-comprimidos-revestidos/p
VeraCruz;7896641801792;Proctyl Pomada 30g + 10 aplicadores;Disponível;95,69;78,18;-18.3%;82,29;-14.0%;Digestão > Diarréia;10696;https://www.drogariaveracruz.com.br/pomada-proctyl-30g-10-aplicadores/p
VeraCruz;7896094207547;EGIDE 100MG C/60 CPR;Disponível;0;0;0;0;0;Psicotrópicos;24801;https://www.drogariaveracruz.com.br/egide-100mg-c60-cpr/p
VeraCruz;7896261005587;Foraseq 12mcg + 400mcg 120 cápsulas com pó para inalação e Inalador;Disponível;0;0;0;0;0;Sistema Respiratório > DPOC;11463;https://www.drogariaveracruz.com.br/foraseq-12mcg-400mcg-120-capsulas-com-po-para-inalacao-e-inalador/p
VeraCruz;7896112409793;Biolme Olmesartana Medoxomila 40mg Com 30 comprimidos;Disponível;53,81;51,12;-5.0%;53,81;-0.0%;Pressão Alta > Anti-Hipertensivo;26108;https://www.drogariaveracruz.com.br/biolme-olmesartana-medoxomila-40mg-com-30-comprimidos/p
VeraCruz;8903855082844;MENELAT ODT 30 MG C/30 CPR;Disponível;0;0;0;0;0;Psicotrópicos;24982;https://www.drogariaveracruz.com.br/menelat-odt-30-mg-c30-cpr/p
VeraCruz;7897316801178;Biamotil 35mg/ml 1 Frasco Gotejador Com 5ml de Solução Oftalmológica;Disponível;0;0;0;0;0;Antibióticos;23816;https://www.drogariaveracruz.com.br/biamotil-35mgml-1-frasco-gotejador-com-5ml-de-solucao-oftalmologica/p
VeraCruz;7896004753621;Bálsamo Bengué Pomada 60g;Disponível;48,15;39,34;-18.3%;41,41;-14.0%;Para os Ossos > Osteoporose;10487;https://www.drogariaveracruz.com.br/balsamo-bengue-pomada-60g/p
VeraCruz;5000456083065;Breztri Aerosphere C/120 Doses 14Ml;Disponível;424,67;403,44;-5.0%;141,56;-66.7%;Alergias;25452;https://www.drogariaveracruz.com.br/breztri-aerosphere-c120-doses-14ml/p
VeraCruz;7896094209558;VELIJA 60MG C/60 CPS;Disponível;267,94;185,82;-30.6%;65,20;-75.7%;Psicotrópicos;24512;https://www.drogariaveracruz.com.br/velija-60mg-c60-cps/p
VeraCruz;7891317000189;CARBOLITIUM - 300mg, 50 comprimidos revestidos;Disponível;0;0;0;0;0;Psicotrópicos;24140;https://www.drogariaveracruz.com.br/carbolitium-300mg-50-comprimidos-revestidos/p
VeraCruz;7896094918771;Suplemento Alimentar Ofolato G 15ml;Disponível;0;0;0;0;0;Saúde Feminina > Gestante;20041;https://www.drogariaveracruz.com.br/ofolato-g-15ml/p
VeraCruz;7908584901337;Teste de Gravidez Digital Fast Test Semanas 1 Unidade;Disponível;67,75;48,92;-27.8%;51,49;-24.0%;Saúde Feminina > Teste de Gravidez;23017;https://www.drogariaveracruz.com.br/teste-de-gravidez-digital-fast-test-semanas-1un/p
VeraCruz;7898582380039;TRAMAL 50MG INJ C/5 AMP 1ML;Disponível;0;0;0;0;0;Psicotrópicos;24457;https://www.drogariaveracruz.com.br/tramal-50mg-inj-c5-amp-1ml/p
VeraCruz;7896261012356;Diovan HCT 320mg + 25mg 28 comprimidos revestidos;Disponível;180,74;171,70;-5.0%;60,25;-66.7%;Pressão Alta > Anti-Hipertensivo;16057;https://www.drogariaveracruz.com.br/diovan-hct-320mg-25mg-28-comprimidos-revestidos/p
VeraCruz;7500435185028;Femibion 2 28 comprimidos + 28 cápsulas;Disponível;144,50;137,28;-5.0%;72,25;-50.0%;Saúde Feminina > Gestante;19739;https://www.drogariaveracruz.com.br/suplemento-alimentar-femibion-2-28-comprimidos-28-capsulas/p
VeraCruz;7896658030369;Betadine XR 48mg 30 comprimidos;Disponível;87,46;68,13;-22.1%;71,72;-18.0%;Sistema Nervoso > Medicamentos Antivertiginosos: Ginkgo, Tanakan, Equitam;19453;https://www.drogariaveracruz.com.br/betadine-xr-48mg-30-comprimidos/p
VeraCruz;7891035650130;LuftaGastroPro Sachê 10ml;Disponível;4,79;3,82;-20.3%;4,02;-16.1%;Digestão > Azia e Má Digestão;15889;https://www.drogariaveracruz.com.br/luftagastropro-sache-10ml/p
VeraCruz;7898430191244;UroCran Cranberry 500mg 30 Cápsulas;Disponível;0;0;0;0;0;Saúde Feminina > Medicamentos Urinários;13510;https://www.drogariaveracruz.com.br/suplemento-alimentar-urocran-cranberry-500mg-30-capsulas/p
VeraCruz;7896261000261;Voltaren Retard 100mg 10 comprimidos  revestidos de liberação prolongada;Disponível;54,84;45,32;-17.4%;47,71;-13.0%;Dor e Febre > Anti-Inflamatórios;11222;https://www.drogariaveracruz.com.br/voltaren-retard-100mg-10-comprimidos-revestidos-de-liberacao-prolongada/p
VeraCruz;7896094999510;Nesina Pio 25mg + 30mg 30 comprimidos revestidos;Disponível;0;0;0;0;0;Diabetes;16748;https://www.drogariaveracruz.com.br/nesina-pio-25mg-30mg-30-comprimidos-revestidos/p
VeraCruz;7896714290584;Desrinite 180mg 10 comprimidos;Disponível;0;0;0;0;0;Alergias;14851;https://www.drogariaveracruz.com.br/desrinite-180mg-10-comprimidos/p
VeraCruz;7896094210479;Ceci 2mg + 1mg 84 comprimidos revestidos;Disponível;248,77;177,25;-28.7%;62,19;-75.0%;Saúde Feminina > Anticoncepcionais;26081;https://www.drogariaveracruz.com.br/ceci-2mg-1mg-84-comprimidos-revestidos/p
VeraCruz;8902220120297;LOREDON 50MG C/60 CPR;Disponível;75,66;55,35;-26.8%;58,26;-23.0%;Psicotrópicos;25055;https://www.drogariaveracruz.com.br/loredon-50mg-c60-cpr/p
VeraCruz;7896082900337;Sinustrat 9,0mg/ml Solução Nasal Forte 10ml;Disponível;23,66;18,20;-23.1%;19,16;-19.0%;Sistema Respiratório > Descongestionantes;17887;https://www.drogariaveracruz.com.br/sinustrat-90mgml-solucao-nasal-forte-10ml/p
VeraCruz;7896070602403;IMOVANE 7,5MG C/20 CPR;Disponível;0;0;0;0;0;Psicotrópicos;24255;https://www.drogariaveracruz.com.br/imovane-75mg-c20-cpr/p
VeraCruz;8902220114814;Olmesartana Medoxomila 40mg 30 Comprimidos Revestidos;Disponível;0;0;0;0;0;Pressão Alta > Anti-Hipertensivo;13976;https://www.drogariaveracruz.com.br/olmesartana-medoxomila-40mg-30-comprimidos-revestidos/p
VeraCruz;7896226102061;LOSARTEC - 25mg, 30 comprimidos revestidos;Disponível;0;0;0;0;0;Pressão Alta > Anti-Hipertensivo;15878;https://www.drogariaveracruz.com.br/losartec-25mg-30-comprimidos-revestidos/p
VeraCruz;-;Inilok 40mg Apsen 60 comprimidos;Disponível;132,95;87,15;-34.4%;91,74;-31.0%;Digestão > Úlcera e Gastrite;;https://www.drogariaveracruz.com.br/inilok-40mg-apsen-60-comprimidos/p
VeraCruz;7891317030902;Vilaxy 500mg 42 Comprimidos;Disponível;394,27;374,56;-5.0%;131,42;-66.7%;Herpes;26826;https://www.drogariaveracruz.com.br/vilaxy-500mg-42-comprimidos/p
VeraCruz;7896658021640;Esalerg 1,25mg/ml Gotas 20ml;Disponível;57,01;47,66;-16.4%;50,17;-12.0%;Alergias;10636;https://www.drogariaveracruz.com.br/esalerg-125mgml-gotas-20ml/p
VeraCruz;-;Hystin 2mg 20 comprimidos;Disponível;0;0;0;0;0;Alergias;;https://www.drogariaveracruz.com.br/hystin-2mg-20-comprimidos/p
VeraCruz;7891317009618;Neo B 100mg + 100mg + 5000mcg 60 comprimidos revestidos;Disponível;169,75;130,63;-23.0%;68,75;-59.5%;Dor e Febre > Anti-Inflamatórios;15090;https://www.drogariaveracruz.com.br/neo-b-100mg-100mg-5000mcg-60-comprimidos-revestidos/p
VeraCruz;7896112409779;Biolme Olmesartana Medoxomila 20mg Com 30 comprimidos;Disponível;51,17;48,61;-5.0%;51,17;-0.0%;Pressão Alta > Anti-Hipertensivo;26107;https://www.drogariaveracruz.com.br/biolme-olmesartana-medoxomila-20mg-com-30-comprimidos/p
VeraCruz;7896331702965;Loção Arnica 250mg/g Hertz 120g;Disponível;0;0;0;0;0;Dor e Febre > Anti-Inflamatórios;18079;https://www.drogariaveracruz.com.br/locao-arnica-250mgg-hertz-120g/p
VeraCruz;4030729003507;Neupro 2mg/24h c/ 7 Adesivos (C1);Disponível;0;0;0;0;0;Psicotrópicos;24411;https://www.drogariaveracruz.com.br/neupro-2mg24h-c-7-adesivos-c1/p
VeraCruz;7896658002076;Levoid 38mcg 30 comprimidos;Disponível;12,26;9,79;-20.1%;10,30;-16.0%;Hormônios;17878;https://www.drogariaveracruz.com.br/levoid-38mcg-30-comprimidos/p
VeraCruz;7896637037846;Eniagor Minoxidil 50mg/ml 100ml Solução Com Gotejador;Disponível;111,29;105,73;-5.0%;55,65;-50.0%;Tratamento Capilar > Queda De Cabelo;26038;https://www.drogariaveracruz.com.br/eniagor-minoxidil-50mgml-solucao-100ml-com-gotejador/p
VeraCruz;7896637027724;Inpruv D 7.000UI Apsen, 10 Comprimidos;Disponível;30,34;21,62;-28.7%;22,76;-25.0%;Vitaminas;13965;https://www.drogariaveracruz.com.br/inpruv-d-7000ui-apsen-10-comprimidos/p
VeraCruz;7896112407638;Solly 5mg 30 comprimidos revestidos;Disponível;0;0;0;0;0;Saúde Feminina > Medicamentos Urinários;22315;https://www.drogariaveracruz.com.br/solly-5mg-30-comprimidos-revestidos/p
VeraCruz;7896108004223;Bionginkgo 120mg Bionatus 30 comprimidos;Disponível;0;0;0;0;0;Sistema Circulatório > Circulação;13279;https://www.drogariaveracruz.com.br/bionginkgo-120mg-bionatus-30-comprimidos/p
VeraCruz;7898133139239;Hidralyte Uva 500ml;Disponível;0;0;0;0;0;Digestão > Laxantes e Reguladores Intestinais;20488;https://www.drogariaveracruz.com.br/suplemento-hidroeletrolitico-hidralyte-uva-500ml/p
VeraCruz;8902220109506;Rosucor 10mg 30 comprimidos revestidos;Disponível;44,79;31,07;-30.6%;32,70;-27.0%;Colesterol e Triglicerídeos;10725;https://www.drogariaveracruz.com.br/rosucor-10mg-30-comprimidos-revestidos/p
VeraCruz;7891317008529;PONDERA 30 MG C/30 CPR;Disponível;0;0;0;0;0;Psicotrópicos;24813;https://www.drogariaveracruz.com.br/pondera-30-mg-c30-cpr/p
VeraCruz;7891106908191;Xarelto 2,5mg 60 comprimidos revestidos;Disponível;0;0;0;0;0;Sistema Circulatório > Circulação;22037;https://www.drogariaveracruz.com.br/xarelto-25mg-60-comprimidos-revestidos/p
VeraCruz;7896658028649;Steaton 100mg 60 cápsulas;Disponível;0;0;0;0;0;Digestão > Azia e Má Digestão;20801;https://www.drogariaveracruz.com.br/steaton-100mg-60-capsulas/p
VeraCruz;7891010256401;Motilium Domperidona 10mg 90 comprimidos10;Disponível;92,25;87,64;-5.0%;92,25;-0.0%;Digestão;26809;https://www.drogariaveracruz.com.br/motilium-domperidona-10mg-90-comprimidos10/p
VeraCruz;7898430193590;Dprev 14.000ui 4 comprimidos revestidos;Disponível;45,45;32,39;-28.7%;34,09;-25.0%;Vitaminas;21350;https://www.drogariaveracruz.com.br/dprev-14000ui-04-comprimidos-revestidos/p
VeraCruz;7896255716956;Synthroid 50mcg 30 comprimidos;Disponível;46,03;35,85;-22.1%;37,74;-18.0%;Hormônios;11187;https://www.drogariaveracruz.com.br/synthroid-50mcg-30-comprimidos/p
VeraCruz;7896026170635;Laxol Sabor Hortelã 60ml;Disponível;29,90;21,31;-28.7%;22,43;-25.0%;Digestão > Laxantes e Reguladores Intestinais;11055;https://www.drogariaveracruz.com.br/laxol-sabor-hortela-60ml/p
VeraCruz;7896422514460;ALENTHUS XR 150 MG C/30 CPS;Disponível;0;0;0;0;0;Psicotrópicos;24960;https://www.drogariaveracruz.com.br/alenthus-xr-150-mg-c30-cps/p
VeraCruz;7899640800148;HOMINUS - 2mg + 5mg, 30 cápsulas gelatinosas duras;Disponível;0;0;0;0;0;Saúde Masculina > Próstata;13266;https://www.drogariaveracruz.com.br/hominus-2mg-5mg-30-capsulas-gelatinosas-duras/p
VeraCruz;7898948648148;Utrogestan 200mg 14 cápsulas;Disponível;80,50;65,77;-18.3%;69,23;-14.0%;Hormônios;10807;https://www.drogariaveracruz.com.br/utrogestan-200mg-14-capsulas/p
VeraCruz;7896658002687;Parasin 400mg Sabor Banan 1 comprimido mastigável;Disponível;0;0;0;0;0;Vermes e Parasitas;15914;https://www.drogariaveracruz.com.br/parasin-400mg-sabor-banan-1-comprimido-mastigavel/p
VeraCruz;7891317007508;Rehidrat 50 Sabor Laranja 4 envelopes de 7,625g;Disponível;0;0;0;0;0;Digestão > Laxantes e Reguladores Intestinais;12893;https://www.drogariaveracruz.com.br/rehidrat-50-sabor-laranja-4-envelopes-de-7625g/p
VeraCruz;7896026304337;Micardis HCT 80mg + 12,5mg 30 comprimidos;Disponível;0;0;0;0;0;Pressão Alta > Anti-Hipertensivo;11825;https://www.drogariaveracruz.com.br/micardis-hct-80mg-125mg-30-comprimidos/p
VeraCruz;7896658003165;Adinos 0,5mg/g Gel Creme 15g;Disponível;22,20;18,98;-14.5%;19,98;-10.0%;Alergias;17359;https://www.drogariaveracruz.com.br/adinos-05mgg-gel-creme-15g/p
VeraCruz;7896006214939;CODEX 7,5 MG C/12 CPR;Disponível;0;0;0;0;0;Psicotrópicos;24677;https://www.drogariaveracruz.com.br/codex-75-mg-c12-cpr/p
VeraCruz;7891158106477;Pedialyte Max Sabor Maça 500ml;Disponível;29,57;25,28;-14.5%;26,61;-10.0%;Digestão > Laxantes e Reguladores Intestinais;13351;https://www.drogariaveracruz.com.br/suplemento-hidroeletrolitico-pedialyte-max-maca-500ml/p
VeraCruz;7896009498428;Advil 400mg 8 cápsulas líquidas;Disponível;0;0;0;0;0;Dor e Febre > Analgésico;14403;https://www.drogariaveracruz.com.br/analgesico-advil-400mg-leve-8-pague-6-capsulas-liquidas/p
VeraCruz;7896676433395;Tobracin 3mg/ml 1 Frasco Gotejador Com 5ml de Solução de Uso Oftalmológico;Disponível;0;0;0;0;0;Antibióticos;23877;https://www.drogariaveracruz.com.br/tobracin-3mgml-1-frasco-gotejador-com-5ml-de-solucao-de-uso-oftalmologico/p
VeraCruz;7897947615236;Lactolínea 667mg/ml Sabor Salada de Frutas 120ml;Disponível;0;0;0;0;0;Digestão > Laxantes e Reguladores Intestinais;18918;https://www.drogariaveracruz.com.br/lactolinea-667mgml-sabor-salada-de-frutas-120ml/p
VeraCruz;7894916508933;Bramicar 40mg 30 comprimidos;Disponível;99,56;79,45;-20.2%;83,63;-16.0%;Pressão Alta > Anti-Hipertensivo;13503;https://www.drogariaveracruz.com.br/bramicar-40mg-30-comprimidos/p
VeraCruz;7891317015985;Torante 15mg/ml Xarope 100ml;Disponível;65,96;56,39;-14.5%;59,36;-10.0%;Sistema Respiratório > Expectorante;12979;https://www.drogariaveracruz.com.br/torante-15mgml-xarope-100ml/p
VeraCruz;7899337000813;Vesomni 6mg + 0,4mg 30 comprimidos revestidos de liberação modificada;Disponível;230,36;188,20;-18.3%;66,04;-71.3%;Saúde Feminina > Medicamentos Urinários;17596;https://www.drogariaveracruz.com.br/vesomni-6mg-04mg-30-comprimidos-revestidos-de-liberacao-modificada/p
VeraCruz;7896714203492;Fluxon 75mg 30 comprimidos;Disponível;21,25;20,19;-5.0%;21,25;-0.0%;Sistema Nervoso > Medicamentos Antivertiginosos: Ginkgo, Tanakan, Equitam;11447;https://www.drogariaveracruz.com.br/fluxon-75mg-30-comprimidos/p
VeraCruz;7898581711247;NEULEPTIL 4% ADT C/20 ML;Disponível;29,40;23,47;-20.2%;24,70;-16.0%;Psicotrópicos;24832;https://www.drogariaveracruz.com.br/neuleptil-4-adt-c20-ml/p
VeraCruz;7899640800582;Bart H 300mg + 12,5mg 30 comprimidos;Disponível;0;0;0;0;0;Pressão Alta > Anti-Hipertensivo;10499;https://www.drogariaveracruz.com.br/bart-h-300mg-125mg-30-comprimidos/p
VeraCruz;7896658003189;Decacron 4mg/ml Solução Injetável com 2,5ml;Disponível;22,48;19,01;-15.4%;20,01;-11.0%;Dor e Febre > Anti-Inflamatórios;16565;https://www.drogariaveracruz.com.br/decacron-4mgml-solucao-injetavel-com-25ml/p
VeraCruz;7891268148725;Olmetec 20mg 30 comprimidos revestidos;Disponível;0;0;0;0;0;Pressão Alta > Anti-Hipertensivo;12408;https://www.drogariaveracruz.com.br/olmetec-20mg-30-comprimidos-revestidos/p
VeraCruz;7898926573103;Fampyra 10mg  28 comprimidos revestidos;Disponível;0;0;0;0;0;Oncológicos e Alto Custo;20599;https://www.drogariaveracruz.com.br/fampyra-10mg-28-comprimidos-revestidos/p
VeraCruz;7896009498237;AdviPro 11,6mg Gel 60g;Disponível;0;0;0;0;0;Dor e Febre > Contusão e Relaxante Muscular;20773;https://www.drogariaveracruz.com.br/advipro-116mg-gel-60g/p
VeraCruz;7896006297932;Biogripe 20 cápsulas;Disponível;24,12;13,06;-45.9%;13,75;-43.0%;Sistema Respiratório > Antigripais;22156;https://www.drogariaveracruz.com.br/biogripe-20-capsulas/p
VeraCruz;7896261018310;CataflamPRO Emulgel 150g;Disponível;89,68;70,71;-21.2%;74,43;-17.0%;Dor e Febre > Anti-Inflamatórios;17750;https://www.drogariaveracruz.com.br/analgesico-cataflampro-emugel-150g/p
VeraCruz;7896658001079;Cefaliv Aché 12 comprimidos;Disponível;22,78;20,13;-11.6%;21,19;-7.0%;Dor e Febre > Enxaqueca;17775;https://www.drogariaveracruz.com.br/cefaliv-ache-12-comprimidos/p
VeraCruz;7896658009662;VIDMAX 50MG C/60 CPR;Disponível;0;0;0;0;0;Psicotrópicos;24787;https://www.drogariaveracruz.com.br/vidmax-50mg-c60-cpr/p
VeraCruz;7891106907057;Xarelto 20mg 14 comprimidos revestidos;Disponível;0;0;0;0;0;Sistema Circulatório > Circulação;18008;https://www.drogariaveracruz.com.br/xarelto-20mg-14-comprimidos-revestidos/p
VeraCruz;7898100243143;Xarope Ambrol Pediátrico Sabor Framboesa e Baunilha 100ml;Disponível;0;0;0;0;0;Sistema Respiratório > Expectorante;19916;https://www.drogariaveracruz.com.br/xarope-ambrol-pediatrico-sabor-framboesa-e-baunilha-100ml/p
VeraCruz;7897572000292;Ovestrion 1mg/g Creme Ginecológico 50g + 1 aplicador;Disponível;0;0;0;0;0;Saúde Feminina > Creme e óvulos vaginais;12390;https://www.drogariaveracruz.com.br/ovestrion-1mgg-creme-ginecologico-50g-1-aplicador/p
VeraCruz;7896676410471;DENYL 20 MG C/28 CPS;Disponível;92,78;67,87;-26.8%;71,44;-23.0%;Psicotrópicos;24853;https://www.drogariaveracruz.com.br/denyl-20-mg-c28-cps/p
VeraCruz;7898168007039;LIMBITROL C/20 CPS;Disponível;0;0;0;0;0;Psicotrópicos;24485;https://www.drogariaveracruz.com.br/limbitrol-c20-cps/p
VeraCruz;7896112406617;Ellura 200mg 30 cápsulas;Disponível;194,91;161,09;-17.4%;56,52;-71.0%;Saúde Feminina > Medicamentos Urinários;20563;https://www.drogariaveracruz.com.br/ellura-200mg-30-capsulas/p
VeraCruz;7896112400134;Doss 7.000UI 12 cápsulas gelatinosas moles;Disponível;48,06;32,87;-31.6%;34,60;-28.0%;Para os Ossos > Osteoporose;13077;https://www.drogariaveracruz.com.br/suplemento-alimentar-doss-7000ui-vitamina-d3-12-capsulas-gelatinosas-moles/p
VeraCruz;7896094925830;Ofolato SOP Sabor Tangerina 30 sachês;Disponível;149,90;131,01;-12.6%;68,96;-54.0%;Saúde Feminina > Gestante;21114;https://www.drogariaveracruz.com.br/suplemento-alimentar-ofolato-sop-sabor-tangerina-30-saches/p
VeraCruz;7896658038716;Pant Sec 50mg/ml Refil 50ml;Disponível;63,96;60,76;-5.0%;63,96;-0.0%;Tratamento Capilar > Queda De Cabelo;21061;https://www.drogariaveracruz.com.br/pant-sec-50mgml-refil-50ml/p
VeraCruz;7891317436339;BETES - 2mg, 30 comprimidos;Disponível;0;0;0;0;0;Diabetes;10946;https://www.drogariaveracruz.com.br/betes-2mg-30-comprimidos/p
VeraCruz;7892953208526;ILUDRAL 500MG C/30 CPR;Disponível;0;0;0;0;0;Psicotrópicos;24987;https://www.drogariaveracruz.com.br/iludral-500mg-c30-cpr/p
VeraCruz;-;Gaeso 40mg 28 comprimidos;Disponível;193,56;156,30;-19.2%;54,84;-71.7%;Digestão > Úlcera e Gastrite;;https://www.drogariaveracruz.com.br/gaeso-40mg-28-comprimidos/p
VeraCruz;7898926572113;Nasonex Spray Nasal 120 doses 17ml;Disponível;70,46;57,57;-18.3%;60,60;-14.0%;Sistema Respiratório > Descongestionantes;16759;https://www.drogariaveracruz.com.br/spray-nasal-aquoso-nasonex-120-doses-17ml/p
VeraCruz;7897129301209;MICOLAMINA - 10mg/mL, 1 frasco spray com 30mL de solução de uso dermatológico;Disponível;0;0;0;0;0;Pele e Mucosa;11851;https://www.drogariaveracruz.com.br/micolamina-10mgml-1-frasco-spray-com-30ml-de-solucao-de-uso-dermatologico/p
VeraCruz;7896658030284;Montelair 4mg Sabor Cereja 60 comprimidos mastigáveis;Disponível;126,47;100,92;-20.2%;53,12;-58.0%;Sistema Respiratório > Asma;11873;https://www.drogariaveracruz.com.br/montelair-4mg-sabor-cereja-60-comprimidos-mastigaveis/p
VeraCruz;7896331702453;Pastilha Analgésica Sanilin Sabor Menta 12un;Disponível;0;0;0;0;0;Dor e Febre > Dor de Garganta;17029;https://www.drogariaveracruz.com.br/pastilha-analgesica-sanilin-sabor-menta-12un/p
VeraCruz;7898096578472;Deocil SL Trometamol Cetorolaco 10mg 30 Comprimidos Sublinguais;Disponível;102,19;97,08;-5.0%;51,10;-50.0%;Dor e Febre > Anti-Inflamatórios;25969;https://www.drogariaveracruz.com.br/deocil-trometamol-cetorolaco-10mg-30-comprimidos-sublinguais/p
VeraCruz;7896094201064;Sumax 25mg 4 comprimidos revestidos;Disponível;34,69;27,68;-20.2%;29,14;-16.0%;Dor e Febre > Enxaqueca;17941;https://www.drogariaveracruz.com.br/sumax-25mg-4-comprimidos-revestidos/p
VeraCruz;7896637023047;Reuquinol 400mg 30 comprimidos revestidos;Disponível;120,05;101,50;-15.5%;53,42;-55.5%;Para os Ossos > Artrite e Artrose;21435;https://www.drogariaveracruz.com.br/reuquinol-400mg-30-comprimidos-revestidos/p
VeraCruz;7897595630773;Trilax 300mg + 125mg + 50mg + 30mg 12 comprimidos;Disponível;13,80;13,11;-5.0%;13,80;-0.0%;Dor e Febre > Anti-Inflamatórios;13426;https://www.drogariaveracruz.com.br/trilax-300mg-125mg-50mg-30mg-12-comprimidos/p
VeraCruz;7894916500593;Azi 200mg/5ml 1 Frasco de Suspensão de Uso Oral + 1 Flaconete Com 12ml de Diluente;Disponível;0;0;0;0;0;Antibióticos;23905;https://www.drogariaveracruz.com.br/azi-200mg5ml-1-frasco-de-suspensao-de-uso-oral-1-flaconete-com-12ml-de-diluente/p
VeraCruz;-;VISKALDIX - 10mg + 5mg, 20 comprimidos;Disponível;0;0;0;0;0;Pressão Alta > Anti-Hipertensivo;;https://www.drogariaveracruz.com.br/viskaldix-10mg-5mg-20-comprimidos/p
VeraCruz;7896672201943;Clenil Spray Nasal Aquoso 50mcg 200 doses 26ml;Disponível;84,58;80,35;-5.0%;84,58;-0.0%;Sistema Respiratório > Asma;22213;https://www.drogariaveracruz.com.br/clenil-spray-nasal-aquoso-50mcg-200-doses-30ml/p
VeraCruz;7896658036989;Allestra 20 75mcg + 20mcg 21 drágeas;Disponível;0;0;0;0;0;Saúde Feminina > Anticoncepcionais;17657;https://www.drogariaveracruz.com.br/allestra-20-75mcg-20mcg-21-drageas/p
VeraCruz;7897337716819;Zetia 10mg 30 comprimidos;Disponível;125,44;91,76;-26.8%;96,59;-23.0%;Colesterol e Triglicerídeos;18029;https://www.drogariaveracruz.com.br/zetia-10mg-30-comprimidos/p
VeraCruz;7896331707403;Elixir Galenogal 150ml;Disponível;55,90;44,08;-21.1%;46,40;-17.0%;Dor e Febre > Anti-Inflamatórios;16203;https://www.drogariaveracruz.com.br/elixir-galenogal-150ml/p
VeraCruz;7896222721150;LuftaFEM 200mg + 500mg 12 comprimidos revestidos;Disponível;32,99;27,89;-15.5%;29,36;-11.0%;Saúde Feminina > Cólica;19494;https://www.drogariaveracruz.com.br/luftafem-200mg-500mg-12-comprimidos-revestidos/p
VeraCruz;7898040321208;MaterFolic 5mg 30 comprimidos;Disponível;0;0;0;0;0;Sistema Imunológico;16283;https://www.drogariaveracruz.com.br/materfolic-5mg-30-comprimidos/p
VeraCruz;8903855061993;VENLIFT OD 37,5MG C/30 CPR;Disponível;53,75;37,28;-30.6%;39,24;-27.0%;Psicotrópicos;24959;https://www.drogariaveracruz.com.br/venlift-od-375mg-c30-cpr/p
VeraCruz;7891721008405;Alginac 1.000 30 comprimidos revestidos;Disponível;75,52;58,11;-23.1%;61,17;-19.0%;Dor e Febre > Anti-Inflamatórios;10879;https://www.drogariaveracruz.com.br/alginac-1000-30-comprimidos-revestidos/p
VeraCruz;7897316801413;Cromolerg 4% Solução Oftálmica 5ml;Disponível;0;0;0;0;0;Olhos > Lubrificantes e Colírios;10353;https://www.drogariaveracruz.com.br/solucao-oftalmica-cromolerg-4-5ml/p
VeraCruz;7896637035361;Meclin Move 25mg com 5 comprimidos;Disponível;13,01;12,36;-5.0%;13,01;-0.0%;Digestão > Náuseas;25859;https://www.drogariaveracruz.com.br/meclin-25mg-com-15-comprimidos/p
VeraCruz;7897337706575;Singulair 5mg 30 comprimidos mastigáveis;Disponível;94,53;72,74;-23.1%;76,57;-19.0%;Sistema Respiratório > Asma;11122;https://www.drogariaveracruz.com.br/singulair-5mg-30-comprimidos-mastigaveis/p
VeraCruz;7896094912977;Estomazil Sabor Abacaxi 5g;Disponível;3,48;2,77;-20.4%;2,92;-16.1%;Digestão > Azia e Má Digestão;11631;https://www.drogariaveracruz.com.br/antiacido-po-efervescente-estomazil-sabor-abacaxi-5g/p
VeraCruz;7896637022415;Litocit 1080mg 60 comprimidos de liberação prolongada;Disponível;0;0;0;0;0;Saúde Feminina > Medicamentos Urinários;15834;https://www.drogariaveracruz.com.br/litocit-1080mg-60-comprimidos-de-liberacao-prolongada/p
VeraCruz;7896206403140;Atacand Comb 16mg + 5mg 30 comprimidos + 30 comprimidos de liberação prolongada;Disponível;0;0;0;0;0;Pressão Alta > Anti-Hipertensivo;10456;https://www.drogariaveracruz.com.br/atacand-comb-16mg-5mg-30-comprimidos-30-comprimidos-de-liberacao-prolongada/p
VeraCruz;7891142982179;Coristina D Pro 4 comprimidos;Disponível;13,19;11,66;-11.6%;12,27;-7.0%;Sistema Respiratório > Antigripais;14871;https://www.drogariaveracruz.com.br/coristina-d-pro-4-comprimidos/p
VeraCruz;7898956544111;Regenesis 30 Cápsulas Moles;Disponível;0;0;0;0;0;Saúde Feminina > Gestante;12891;https://www.drogariaveracruz.com.br/suplemento-para-gestantes-regenesis-30-capsulas-moles/p
VeraCruz;7896046303013;Epitegel 50mg/g Gel Oftálmico 10g;Disponível;58,81;46,93;-20.2%;49,40;-16.0%;Olhos > Lubrificantes e Colírios;10652;https://www.drogariaveracruz.com.br/epitegel-50mgg-gel-oftalmico-10g/p
VeraCruz;7891106914086;Triquilar 21 drágeas;Disponível;13,42;9,57;-28.7%;10,07;-25.0%;Saúde Feminina > Anticoncepcionais;17533;https://www.drogariaveracruz.com.br/triquilar-21-drageas/p
VeraCruz;5000456096652;Dapagliflozina 10mg Astrazeneca 30 comprimidos;Disponível;143,50;136,33;-5.0%;71,75;-50.0%;Diabetes;21270;https://www.drogariaveracruz.com.br/dapagliflozina-10mg-astrazeneca-30-comprimidos/p
VeraCruz;7896094209640;ANSITEC 10 MG C/90 CPR;Disponível;0;0;0;0;0;Psicotrópicos;24713;https://www.drogariaveracruz.com.br/ansitec-10-mg-c90-cpr/p
VeraCruz;7896006240457;Mucofan 50mg/ml Xarope Sabor Artificial Cereja 100ml;Disponível;0;0;0;0;0;Sistema Respiratório > Expectorante;11878;https://www.drogariaveracruz.com.br/mucofan-50mgml-xarope-sabor-artificial-cereja-100ml/p
VeraCruz;7891317002862;PONDERA XR 12,5MG 30 COMPRIMIDOS;Disponível;99,72;72,94;-26.9%;76,78;-23.0%;Psicotrópicos;24604;https://www.drogariaveracruz.com.br/pondera-xr-125mg-30-comprimidos/p
VeraCruz;7896255766319;DUPHASTON - 10mg, caixa contendo 14 comprimidos revestidos;Disponível;0;0;0;0;0;Hormônios;10109;https://www.drogariaveracruz.com.br/duphaston-10mg-caixa-contendo-14-comprimidos-revestidos/p
VeraCruz;7896094904989;Digedrat 200mg 30 cápsulas moles;Disponível;0;0;0;0;0;Digestão > Úlcera e Gastrite;12089;https://www.drogariaveracruz.com.br/digedrat-200mg-30-capsulas-moles/p
VeraCruz;7896112470311;Vasopril Plus 20mg + 12,5mg 60 comprimidos;Disponível;0;0;0;0;0;Pressão Alta > Anti-Hipertensivo;10817;https://www.drogariaveracruz.com.br/vasopril-plus-20mg-125mg-60-comprimidos/p
VeraCruz;5000456009492;ZARMINE - 50mg, 30 comprimidos revestidos de liberação prolongada;Disponível;0;0;0;0;0;Pressão Alta > Anti-Hipertensivo;18025;https://www.drogariaveracruz.com.br/zarmine-50mg-30-comprimidos-revestidos-de-liberacao-prolongada/p
VeraCruz;7896269900808;Flixotide Spray 250mcg 60 doses;Disponível;0;0;0;0;0;Sistema Respiratório > DPOC;11435;https://www.drogariaveracruz.com.br/flixotide-spray-250mcg-60-doses/p
VeraCruz;7896523223193;Hedera 7mg/ml Cimed 100ml;Disponível;50,81;19,30;-62.0%;20,32;-60.0%;Sistema Respiratório > Expectorante;25723;https://www.drogariaveracruz.com.br/hedera-7mgml-cimed-100ml/p
VeraCruz;7896658034954;Vivencia Patch 10cm 18mg 9,5mg/24h Aché 30 Adesivos Transdérmicos;Disponível;555,76;527,97;-5.0%;185,25;-66.7%;Psicotrópicos;26147;https://www.drogariaveracruz.com.br/vivencia-patch-10cm-18mg-95mg24h-ache-30-adesivos-transdermicos/p
VeraCruz;7896026305259;Trayenta 5mg 30 comprimidos revestidos;Disponível;327,33;310,96;-5.0%;109,11;-66.7%;Diabetes;17526;https://www.drogariaveracruz.com.br/trayenta-5mg-30-comprimidos-revestidos/p
VeraCruz;7897460401255;Ginkoba 80mg 30 comprimidos revestidos;Disponível;73,05;56,21;-23.1%;59,17;-19.0%;Sistema Nervoso > Medicamentos Antivertiginosos: Ginkgo, Tanakan, Equitam;16645;https://www.drogariaveracruz.com.br/ginkoba-80mg-30-comprimidos-revestidos/p
VeraCruz;7897129300509;Vitacid 0,5mg/g Creme 25g;Disponível;65,10;53,19;-18.3%;55,99;-14.0%;Pele e Mucosa;18000;https://www.drogariaveracruz.com.br/vitacid-05mgg-creme-25g/p
VeraCruz;7891317132453;Lugano 12mcg + 250mcg 60 cápsulas com pó para inalação + inalador;Disponível;132,16;104,21;-21.1%;54,85;-58.5%;Sistema Respiratório > Asma;15894;https://www.drogariaveracruz.com.br/lugano-12mcg-250mcg-60-capsulas-com-po-para-inalacao-inalador/p
VeraCruz;7891058006235;STILNOX CR 6,25MG C/20 CPR;Disponível;0;0;0;0;0;Psicotrópicos;24657;https://www.drogariaveracruz.com.br/stilnox-cr-625mg-c20-cpr/p
VeraCruz;7896641807381;Tebonin 80mg 30 comprimidos;Disponível;201,22;191,16;-5.0%;67,07;-66.7%;Sistema Nervoso > Medicamentos Antivertiginosos: Ginkgo, Tanakan, Equitam;16483;https://www.drogariaveracruz.com.br/tebonin-80mg-30-comprimidos/p
VeraCruz;7898029558809;Vastarel MR 35mg 30 comprimidos de liberação prolongada;Disponível;101,84;76,43;-25.0%;80,45;-21.0%;Sistema Circulatório > Circulação;10819;https://www.drogariaveracruz.com.br/vastarel-mr-35mg-30-comprimidos-de-liberacao-prolongada/p
VeraCruz;7908134200590;Slinda Drospirenona 4mg Contém 2 blísteres com 28 comprimidos;Disponível;229,10;217,65;-5.0%;76,37;-66.7%;Saúde Feminina > Anticoncepcionais;26179;https://www.drogariaveracruz.com.br/slinda-drospirenona-4mg-com-56-comprimidos/p
VeraCruz;7896004760995;Migraliv 12 comprimidos;Disponível;21,96;19,19;-12.6%;20,20;-8.0%;Dor e Febre > Enxaqueca;19485;https://www.drogariaveracruz.com.br/migraliv-12-comprimidos/p
VeraCruz;7891142165770;Macrodantina 100mg 28 Cápsulas Gelatinosas Duras;Disponível;17,23;14,56;-15.5%;15,33;-11.0%;Antibióticos;23857;https://www.drogariaveracruz.com.br/macrodantina-100mg-28-capsulas-gelatinosas-duras/p
VeraCruz;7896658022456;DORENE TABS 150MG C/30 CPR;Disponível;0;0;0;0;0;Psicotrópicos;24894;https://www.drogariaveracruz.com.br/dorene-tabs-150mg-c30-cpr/p
VeraCruz;7896637033947;ATENTAH 10MG C/30 CAPS C1;Disponível;33,15;26,77;-19.2%;28,18;-15.0%;Psicotrópicos;24923;https://www.drogariaveracruz.com.br/atentah-10mg-c30-caps-c1/p
VeraCruz;7896658049811;Sorine XTM Jet 0,9% Aché Solução Nasal 100ml;Disponível;54,90;52,16;-5.0%;54,90;-0.0%;Sistema Respiratório > Descongestionantes;25573;https://www.drogariaveracruz.com.br/sorine-xtm-jet-09-ache-solucao-nasal-100ml/p
VeraCruz;7898430191947;Folagest 400mcg 45 comprimidos revestidos;Disponível;67,90;64,51;-5.0%;67,90;-0.0%;Saúde Feminina > Gestante;23711;https://www.drogariaveracruz.com.br/folagest-400mcg-45-comprimidos-revestidos/p
VeraCruz;7896165600376;Pentasa 500mg 50 comprimidos de liberação prolongada;Disponível;0;0;0;0;0;Dor e Febre > Anti-Inflamatórios;22709;https://www.drogariaveracruz.com.br/pentasa-500mg-50-comprimidos-de-liberacao-prolongada/p
VeraCruz;7891317451752;Astro 1500mg 1 Frasco de Pó Para Solução de Uso Oral + 1 Frasco Com 22ml de Diluente + Seringa Dosadora;Disponível;0;0;0;0;0;Antibióticos;23894;https://www.drogariaveracruz.com.br/astro-1500mg-1-frasco-de-po-para-solucao-de-uso-oral-1-frasco-com-22ml-de-diluente-seringa-dosadora/p
VeraCruz;7896658014567;DONILA 10MG C/30 CPR;Disponível;63,95;51,64;-19.2%;54,36;-15.0%;Psicotrópicos;24820;https://www.drogariaveracruz.com.br/donila-10mg-c30-cpr/p
VeraCruz;7500435185011;Femibion 1 28 comprimidos;Disponível;103,50;98,33;-5.0%;51,75;-50.0%;Saúde Feminina > Gestante;19738;https://www.drogariaveracruz.com.br/suplemento-alimentar-femibion-1-28-comprimidos/p
VeraCruz;7897322706528;CafiLisador 500mg + 65mg 16 comprimidos;Disponível;0;0;0;0;0;Dor e Febre > Enxaqueca;17480;https://www.drogariaveracruz.com.br/cafilisador-500mg-65mg-16-comprimidos/p
VeraCruz;7896181907497;Lotar 2,5mg + 50mg 30 cápsulas;Disponível;0;0;0;0;0;Pressão Alta > Anti-Hipertensivo;15879;https://www.drogariaveracruz.com.br/lotar-25mg-50mg-30-capsulas/p
VeraCruz;7898927111328;Cocculine Com 6 doses;Disponível;54,90;52,16;-5.0%;54,90;-0.0%;Digestão > Náuseas;25960;https://www.drogariaveracruz.com.br/cocculine-6-doses/p
VeraCruz;7898108640616;Teste de Gravidez Confira Pratic 1un;Disponível;9,90;3,48;-64.8%;3,66;-63.0%;Saúde Feminina > Teste de Gravidez;22200;https://www.drogariaveracruz.com.br/teste-de-gravidez-confira-pratic-1un/p
VeraCruz;7898074616073;Fluimucil 100mg/ml Solução Injetável 5 ampolas com 3ml cada;Disponível;37,71;30,45;-19.3%;32,05;-15.0%;Sistema Respiratório > Expectorante;18256;https://www.drogariaveracruz.com.br/fluimucil-100mgml-solucao-injetavel-5-ampolas-com-3ml-cada/p
VeraCruz;7896672201523;Fluibron A 7,5mg/ml 10 flaconetes com 2ml cada;Disponível;65,30;58,94;-9.7%;62,04;-5.0%;Sistema Respiratório > Tosse;18252;https://www.drogariaveracruz.com.br/fluibron-a-75mgml-10-flaconetes-com-2ml-cada/p
VeraCruz;7893454714479;Tanderalgin Delta 15 Comprimidos;Disponível;24,36;7,41;-69.6%;7,80;-68.0%;Dor e Febre > Anti-Inflamatórios;14102;https://www.drogariaveracruz.com.br/tanderalgin-delta-15-comprimidos/p
VeraCruz;7895858016241;DURATESTON 250 MG C/1 AMP 1 ML;Disponível;60,12;45,70;-24.0%;48,10;-20.0%;Psicotrópicos;24236;https://www.drogariaveracruz.com.br/durateston-250-mg-c1-amp-1-ml/p
VeraCruz;7896183846688;Estimulante Sexual Masculino LibMais 1g;Disponível;0;0;0;0;0;Saúde Masculina > Disfunção Erétil;14428;https://www.drogariaveracruz.com.br/estimulante-sexual-masculino-libmais-1g/p
VeraCruz;7896714230054;Massageol Pomada 15g;Disponível;16,63;11,53;-30.7%;12,14;-27.0%;Dor e Febre > Contusão e Relaxante Muscular;16281;https://www.drogariaveracruz.com.br/massageol-pomada-15g/p
VeraCruz;7896094206304;VELIJA - 60mg, 30 cápsulas duras de liberação retardada;Disponível;158,55;114,48;-27.8%;60,25;-62.0%;Psicotrópicos;24144;https://www.drogariaveracruz.com.br/velija-60mg-30-capsulas-duras-de-liberacao-retardada/p
VeraCruz;7896015591687;Clindoxyl Gel Gsk 45G;Disponível;106,62;95,21;-10.7%;50,11;-53.0%;Antibióticos;23345;https://www.drogariaveracruz.com.br/clindoxyl-gel-gsk-45g/p
VeraCruz;7896226108568;Probiótico ZincoPro Marjan 6 Cápsulas;Disponível;0;0;0;0;0;Digestão > Laxantes e Reguladores Intestinais;18035;https://www.drogariaveracruz.com.br/probiotico-zincopro-marjan-6-capsulas/p
VeraCruz;7891058006396;PURAN T4 - 88mcg, 28 comprimidos;Disponível;0;0;0;0;0;Hormônios;15988;https://www.drogariaveracruz.com.br/puran-t4-88mcg-28-comprimidos/p
VeraCruz;7896658026546;Dorilax DT 12 Comprimidos;Disponível;15,65;13,53;-13.5%;14,24;-9.0%;Dor e Febre > Analgésico;12133;https://www.drogariaveracruz.com.br/dorilax-dt-12-comprimidos/p
VeraCruz;7898074614147;Fluimare HT 3% Solução Spray Nasal 50ml;Disponível;0;0;0;0;0;Sistema Respiratório > Antigripais;18253;https://www.drogariaveracruz.com.br/fluimare-ht-3-solucao-spray-nasal-50ml/p
VeraCruz;7896658012440;Pastilhas Flogoral 3mg Sabor Laranja 4un;Disponível;0;0;0;0;0;Dor e Febre > Dor de Garganta;18224;https://www.drogariaveracruz.com.br/pastilhas-flogoral-3mg-sabor-laranja-4un/p
VeraCruz;7590002012468;Vaporizante Descongestionante Vick VapoRub Unguento 50g;Disponível;78,76;69,59;-11.6%;73,25;-7.0%;Sistema Respiratório > Descongestionantes;17991;https://www.drogariaveracruz.com.br/vaporizante-descongestionante-vick-vaporub-unguento-50g/p
VeraCruz;7896658022371;DORENE TABS 75MG C/30 CPR;Disponível;77,78;57,64;-25.9%;60,67;-22.0%;Psicotrópicos;24895;https://www.drogariaveracruz.com.br/dorene-tabs-75mg-c30-cpr/p
VeraCruz;7896637022316;INIBINA - 10mg, 20 comprimidos;Disponível;0;0;0;0;0;Saúde Feminina > Gestante;15388;https://www.drogariaveracruz.com.br/inibina-10mg-20-comprimidos/p
VeraCruz;7896658029318;ETIRA 500MG C/30 CPR;Disponível;0;0;0;0;0;Psicotrópicos;24606;https://www.drogariaveracruz.com.br/etira-500mg-c30-cpr/p
VeraCruz;7896523215358;SINVASTAMED - 40mg, 30 comprimidos revestidos;Disponível;0;0;0;0;0;Colesterol e Triglicerídeos;13406;https://www.drogariaveracruz.com.br/sinvastamed-40mg-30-comprimidos-revestidos/p
VeraCruz;7897473203983;POSPRAND - 2mg, 30 comprimidos;Disponível;0;0;0;0;0;Diabetes;10205;https://www.drogariaveracruz.com.br/posprand-2mg-30-comprimidos/p
VeraCruz;7896094201538;PROCIMAX 20 MG C/28 CPR;Disponível;102,18;72,81;-28.7%;76,64;-25.0%;Psicotrópicos;24822;https://www.drogariaveracruz.com.br/procimax-20-mg-c28-cpr/p
VeraCruz;7896206402969;Nexium 20mg 28 comprimidos revestidos;Disponível;0;0;0;0;0;Digestão > Úlcera e Gastrite;11939;https://www.drogariaveracruz.com.br/nexium-20mg-28-comprimidos-revestidos/p
VeraCruz;7896226102603;Vitergan Zinco 30 comprimidos revestidos;Disponível;108,28;85,38;-21.1%;89,87;-17.0%;Vitaminas;11211;https://www.drogariaveracruz.com.br/suplemento-vitaminico-vitergan-zinco-30-comprimidos-revestidos/p
VeraCruz;5702191008753;Daivobet 50mcg/g + 0,5mg/g Gel Dermatológico 30g;Disponível;149,43;122,08;-18.3%;64,26;-57.0%;Dor e Febre > Anti-Inflamatórios;12582;https://www.drogariaveracruz.com.br/daivobet-50mcgg-05mgg-gel-dermatologico-30g/p
VeraCruz;7896026120012;Antiácido Droxaine 240ml;Disponível;46,74;38,63;-17.4%;40,66;-13.0%;Digestão > Azia e Má Digestão;10095;https://www.drogariaveracruz.com.br/antiacido-droxaine-240ml/p
VeraCruz;7896658003653;Combiron Fólico 120mg 45 comprimidos;Disponível;48,17;42,56;-11.6%;44,80;-7.0%;Sistema Imunológico;11694;https://www.drogariaveracruz.com.br/combiron-folico-120mg-45-comprimidos/p
VeraCruz;7898593052888;Flucetil 600mg 16 Envelopes de 5g;Disponível;0;0;0;0;0;Sistema Respiratório > Expectorante;19756;https://www.drogariaveracruz.com.br/flucetil-600mg-16-envelopes-de-5g/p
VeraCruz;7896004758480;Capy 50mg/ml Solução Capilar 5% 50ml;Disponível;0;0;0;0;0;Tratamento Capilar > Queda De Cabelo;20704;https://www.drogariaveracruz.com.br/capy-50mgml-solucao-capilar-5-50ml/p
VeraCruz;5060632500854;COLPOTROFINE - 10mg Theramex , 20 cápsulas gelatinosas moles;Disponível;102,54;97,41;-5.0%;51,27;-50.0%;Saúde Feminina > Creme e óvulos vaginais;24020;https://www.drogariaveracruz.com.br/colpotrofine-10mg-theramex-20-capsulas-gelatinosas-moles/p
VeraCruz;7899470806235;Glicelivy 1,37g Infantil 6 supositórios;Disponível;0;0;0;0;0;Digestão > Laxantes e Reguladores Intestinais;12645;https://www.drogariaveracruz.com.br/glicelivy-137g-infantil-6-supositorios/p
VeraCruz;7891142177032;Predsim 5mg 10 comprimidos;Disponível;13,82;11,69;-15.4%;12,30;-11.0%;Dor e Febre > Anti-Inflamatórios;10664;https://www.drogariaveracruz.com.br/predsim-5mg-10-comprimidos/p
VeraCruz;7896261003705;Flotac 70mg 20 cápsulas;Disponível;0;0;0;0;0;Dor e Febre > Anti-Inflamatórios;18248;https://www.drogariaveracruz.com.br/flotac-70mg-20-capsulas/p
VeraCruz;7896714274676;PERIDAL - 1mg/mL, 1 frasco com 100mL de suspensão de uso oral + 1 seringa dosadora;Disponível;0;0;0;0;0;Digestão > Náuseas;17158;https://www.drogariaveracruz.com.br/peridal-1mgml-1-frasco-com-100ml-de-suspensao-de-uso-oral-1-seringa-dosadora/p
VeraCruz;7896658001864;Artrosil 160mg 20 cápsulas duras de liberação prolongada;Disponível;83,00;67,02;-19.3%;70,55;-15.0%;Dor e Febre > Anti-Inflamatórios;18091;https://www.drogariaveracruz.com.br/artrosil-160mg-20-capsulas-duras-de-liberacao-prolongada/p
VeraCruz;7896658017247;Osteotrat 35mg 4 comprimidos revestidos;Disponível;0;0;0;0;0;Para os Ossos > Artrite e Artrose;12387;https://www.drogariaveracruz.com.br/osteotrat-35mg-4-comprimidos-revestidos/p
VeraCruz;7896658008764;Levoid 50mcg 30 comprimidos;Disponível;20,94;16,31;-22.1%;17,17;-18.0%;Hormônios;17879;https://www.drogariaveracruz.com.br/levoid-50mcg-30-comprimidos/p
VeraCruz;7896226109435;Vecasten 26,7mg 30 comprimidos;Disponível;149,63;110,87;-25.9%;58,36;-61.0%;Sistema Circulatório > Circulação;10823;https://www.drogariaveracruz.com.br/vecasten-267mg-30-comprimidos/p
VeraCruz;7896261005181;TEGRETOL 200 MG C/60 CPR;Disponível;97,95;71,65;-26.9%;75,42;-23.0%;Psicotrópicos;24554;https://www.drogariaveracruz.com.br/tegretol-200-mg-c60-cpr/p
VeraCruz;7896523227597;Narix Jet 0,9% Solução Nasal 100ml;Disponível;0;0;0;0;0;Sistema Respiratório > Descongestionantes;13996;https://www.drogariaveracruz.com.br/narix-jet-09-solucao-nasal-100ml/p
VeraCruz;7891317010065;Diupress 25mg + 5mg 30 comprimidos;Disponível;46,27;35,17;-24.0%;37,02;-20.0%;Pressão Alta > Diuréticos;19362;https://www.drogariaveracruz.com.br/diupress-25mg-5mg-30-comprimidos/p
VeraCruz;7896255765473;Iruxol 06U/G + 10mg/G Caixa Contendo 1 Bisnaga Com 50G de Pomada de Uso dermatológico + Espátula;Disponível;149,22;119,07;-20.2%;62,67;-58.0%;Antibióticos;23936;https://www.drogariaveracruz.com.br/iruxol-06ug-10mgg-caixa-contendo-1-bisnaga-com-50g-de-pomada-de-uso-dermatologico-espatula/p
VeraCruz;7891058016999;Enterogermina Probiótico Contém 10 frascos de 5ml;Disponível;58,90;42,66;-27.6%;44,90;-23.8%;Digestão > Laxantes e Reguladores Intestinais;10603;https://www.drogariaveracruz.com.br/probiotico-enterogermina-10-frascos-de-5ml-cada/p
VeraCruz;7896112412175;NEBILET - 5mg, 28 comprimidos;Disponível;0;0;0;0;0;Pressão Alta > Anti-Hipertensivo;11918;https://www.drogariaveracruz.com.br/nebilet-5mg-28-comprimidos/p
VeraCruz;7891317025533;Trok 20mg/g + 0,64mg/g Pomada Dermatológico 10g;Disponível;20,05;17,15;-14.5%;18,05;-10.0%;Pele e Mucosa;17545;https://www.drogariaveracruz.com.br/trok-20mgg-064mgg-pomada-dermatologico-10g/p
VeraCruz;7896006225010;Cylocort 3mg/G + 1mg/G 1 Bisnaga Com 35G de Pomada de Uso Oftalmológico;Disponível;40,10;30,86;-23.0%;32,48;-19.0%;Antibióticos;23287;https://www.drogariaveracruz.com.br/cylocort-3mgg-1mgg-1-bisnaga-com-35g-de-pomada-de-uso-oftalmologico/p
VeraCruz;7897851250622;Sinvascor 40mg 30 comprimidos revestidos;Disponível;44,02;30,94;-29.7%;32,57;-26.0%;Colesterol e Triglicerídeos;17890;https://www.drogariaveracruz.com.br/sinvascor-40mg-30-comprimidos-revestidos/p
VeraCruz;7896422527330;Medalgesico 500mg/ml Medley Gotas 20ml;Disponível;0;0;0;0;0;Dor e Febre > Analgésico;19206;https://www.drogariaveracruz.com.br/medalgesico-500mgml-medley-gotas-20ml/p
VeraCruz;7896622300450;Antiácido Gastrol Solução Oral 250ml;Disponível;37,99;32,84;-13.6%;34,57;-9.0%;Digestão > Azia e Má Digestão;18537;https://www.drogariaveracruz.com.br/antiacido-gastrol-solucao-oral-250ml/p
VeraCruz;7894916512442;IMENSE 100MG C/30 CPR;Disponível;88,45;68,90;-22.1%;72,53;-18.0%;Psicotrópicos;24840;https://www.drogariaveracruz.com.br/imense-100mg-c30-cpr/p
VeraCruz;7896637032926;Xafac 2,5mg Com 60 Comprimidos;Disponível;146,68;139,35;-5.0%;73,34;-50.0%;Sistema Circulatório > Cardiovasculares;27272;https://www.drogariaveracruz.com.br/xafac-25mg-com-60-comprimidos/p
VeraCruz;7894916510264;Olmy Anlo 40mg + 5mg 30 comprimidos revestidos;Disponível;64,49;44,11;-31.6%;46,43;-28.0%;Pressão Alta > Anti-Hipertensivo;16347;https://www.drogariaveracruz.com.br/olmy-anlo-40mg-5mg-30-comprimidos-revestidos/p
VeraCruz;7896422506038;Pyloripac Ibp (30mg) + (500mg) + (500mg) 14 Cápsulas Gelatinosas Duras de Liberação Retardada + 14 comprimidos revestidos + 42 Cápsulas Gelatinosas Duras;Disponível;0;0;0;0;0;Antibióticos;23863;https://www.drogariaveracruz.com.br/pyloripac-ibp-30mg-500mg-500mg-14-capsulas-gelatinosas-duras-de-liberacao-retardada-14-comprimidos-revestidos-42-capsulas-gelatinosas-duras/p
VeraCruz;7896026307031;Trayenta Duo 2,5mg + 850mg 60 comprimidos revestidos;Disponível;319,19;248,65;-22.1%;87,25;-72.7%;Diabetes;17520;https://www.drogariaveracruz.com.br/trayenta-duo-25mg-850mg-60-comprimidos-revestidos/p
VeraCruz;7896382707070;Livalo 2mg 30 comprimidos revestidos;Disponível;148,66;98,86;-33.5%;52,03;-65.0%;Colesterol e Triglicerídeos;15836;https://www.drogariaveracruz.com.br/livalo-2mg-30-comprimidos-revestidos/p
VeraCruz;7894916509992;Suplemento Vitamínico Neutrofer Prev 30ml;Disponível;0;0;0;0;0;Vitaminas;16758;https://www.drogariaveracruz.com.br/suplemento-vitaminico-neutrofer-prev-30ml/p
VeraCruz;7894916515313;Clabat 500mg Caixa Contendo 14 comprimidos de Liberação Prolongada;Disponível;0;0;0;0;0;Antibióticos;23882;https://www.drogariaveracruz.com.br/clabat-500mg-caixa-contendo-14-comprimidos-de-liberacao-prolongada/p
VeraCruz;7896714295336;Lactase 10.000 U.FCC Latolise 30 Cápsulas Neo Química;Disponível;28,90;27,46;-5.0%;28,90;-0.0%;Digestão > Laxantes e Reguladores Intestinais;25822;https://www.drogariaveracruz.com.br/lactase-10000-ufcc-latolise-30-capsulas-neo-quimica/p
VeraCruz;7899640804245;Mud 10mg/G + 25mg/G + 025mg/G + 100Mui/G 1 Bisnaga Com 10G de Pomada de Uso dermatológico;Disponível;0;0;0;0;0;Antibióticos;23962;https://www.drogariaveracruz.com.br/mud-10mgg-25mgg-025mgg-100muig-1-bisnaga-com-10g-de-pomada-de-uso-dermatologico/p
VeraCruz;7891058004460;Clexane 40mg/0,4ml 6 seringas preenchidas com 0,4ml com sistema de segurança;Disponível;536,41;290,46;-45.9%;101,92;-81.0%;Sistema Circulatório > Circulação;13550;https://www.drogariaveracruz.com.br/clexane-40mg04ml-6-seringas-preenchidas-com-04ml-com-sistema-de-seguranca/p
VeraCruz;7896241241394;Aradois 25mg 30 comprimidos revestidos;Disponível;58,07;44,69;-23.0%;47,04;-19.0%;Pressão Alta > Anti-Hipertensivo;11295;https://www.drogariaveracruz.com.br/aradois-25mg-30-comprimidos-revestidos/p
VeraCruz;7896006226208;Britens Solução Oftálmica 0,2% + 0,5% 5ml;Disponível;126,83;93,98;-25.9%;98,93;-22.0%;Olhos > Lubrificantes e Colírios;10504;https://www.drogariaveracruz.com.br/solucao-oftalmica-britens-02-05-5ml/p
VeraCruz;7896015511111;STELAZINE 2 MG C/20 CPR;Disponível;0;0;0;0;0;Psicotrópicos;24875;https://www.drogariaveracruz.com.br/stelazine-2-mg-c20-cpr/p
VeraCruz;7891058022501;Depura 50.000UI 4 cápsulas gelatinosas moles;Disponível;0;0;0;0;0;Vitaminas;13492;https://www.drogariaveracruz.com.br/depura-50000ui-4-capsulas-gelatinosas-moles/p
VeraCruz;7896637027748;Inpruv D 10.000UI Apsen, 10 Comprimidos;Disponível;0;0;0;0;0;Vitaminas;13966;https://www.drogariaveracruz.com.br/inpruv-d-10000ui-apsen-10-comprimidos/p
VeraCruz;7891721022845;Flexive CDM Creme 50g;Disponível;94,75;77,42;-18.3%;81,49;-14.0%;Dor e Febre > Anti-Inflamatórios;11432;https://www.drogariaveracruz.com.br/flexive-cdm-creme-50g/p
VeraCruz;7896094926653;Vabam 20mg 30 comprimidos revestidos;Disponível;0;0;0;0;0;Sistema Circulatório > Circulação;20514;https://www.drogariaveracruz.com.br/vabam-20mg-30-comprimidos-revestidos/p
VeraCruz;7896714291857;Picbam 5mg 60 comprimidos revestidos;Disponível;0;0;0;0;0;Sistema Circulatório > Cardiovasculares;20616;https://www.drogariaveracruz.com.br/picbam-5mg-60-comprimidos-revestidos/p
VeraCruz;7898040328900;Fortalecedor de Unhas Clotrimix 7ml;Disponível;37,90;36,01;-5.0%;37,90;-0.0%;Pele e Mucosa;25420;https://www.drogariaveracruz.com.br/fortalecedor-de-unhas-clotrimix-7ml/p
VeraCruz;7891721000911;Flaxin 5mg 30 comprimidos revestidos;Disponível;0;0;0;0;0;Saúde Masculina > Próstata;23276;https://www.drogariaveracruz.com.br/flaxin-5mg-30-comprimidos-revestidos/p
VeraCruz;7891317438937;BUP 150MG C/30 CPR;Disponível;162,66;117,44;-27.8%;61,81;-62.0%;Psicotrópicos;24507;https://www.drogariaveracruz.com.br/bup-150mg-c30-cpr/p
VeraCruz;7897851220779;Divelol 25mg 60 comprimidos;Disponível;77,69;53,14;-31.6%;55,94;-28.0%;Sistema Circulatório > Circulação;16081;https://www.drogariaveracruz.com.br/divelol-25mg-60-comprimidos/p
VeraCruz;7896009498459;Advil 400mg 20 cápsulas líquidas;Disponível;51,91;36,49;-29.7%;38,41;-26.0%;Dor e Febre > Analgésico;13423;https://www.drogariaveracruz.com.br/analgesico-advil-400mg-20-capsulas-liquidas/p
VeraCruz;7896094210714;Naprix 5mg 90 comprimidos;Disponível;188,01;132,17;-29.7%;69,57;-63.0%;Pressão Alta > Anti-Hipertensivo;14280;https://www.drogariaveracruz.com.br/naprix-5mg-90-comprimidos/p
VeraCruz;7891040029556;Protetor Ocular Nexcare Pequeno 20un;Disponível;45,45;39,72;-12.6%;41,81;-8.0%;Olhos > Protetor Ocular;12860;https://www.drogariaveracruz.com.br/protetor-ocular-nexcare-pequeno-20un/p
VeraCruz;7891317016975;SINCRO XR 25MG C/30 CPR;Disponível;0;0;0;0;0;Psicotrópicos;24914;https://www.drogariaveracruz.com.br/sincro-xr-25mg-c30-cpr/p
VeraCruz;7891317483531;DOMPERIX - 1mg/mL, 1 frasco com 100mL de suspensão de uso oral + 1 seringa dosadora;Disponível;0;0;0;0;0;Digestão > Náuseas;12111;https://www.drogariaveracruz.com.br/domperix-1mgml-1-frasco-com-100ml-de-suspensao-de-uso-oral-1-seringa-dosadora/p
VeraCruz;7896093001054;Chá Vick Pyrena Sabor Mel e Limão 5g;Disponível;5,67;4,20;-25.9%;4,42;-22.0%;Sistema Respiratório > Antigripais;17988;https://www.drogariaveracruz.com.br/cha-vick-pyrena-sabor-mel-e-limao-5g/p
VeraCruz;7891721012969;Roxflan 5mg 30 comprimidos;Disponível;31,40;24,76;-21.1%;26,06;-17.0%;Pressão Alta > Anti-Hipertensivo;10734;https://www.drogariaveracruz.com.br/roxflan-5mg-30-comprimidos/p
VeraCruz;7891058011499;Profenid Protect 200mg + 20mg 10 cápsulas;Disponível;0;0;0;0;0;Dor e Febre > Anti-Inflamatórios;10708;https://www.drogariaveracruz.com.br/profenid-protect-200mg-20mg-10-capsulas/p
VeraCruz;7896637022576;RETEMIC - 1mg/mL, 1 frasco com 120mL xarope;Disponível;60,15;50,85;-15.5%;53,53;-11.0%;Saúde Masculina > Distúrbios Urinários;16049;https://www.drogariaveracruz.com.br/retemic-1mgml-1-frasco-com-120ml-xarope/p
VeraCruz;7896658005091;Fentizol 0,02g/g Creme Ginecológico 40g + 7 aplicadores de 5g cada;Disponível;50,61;44,23;-12.6%;46,56;-8.0%;Saúde Feminina > Creme e óvulos vaginais;11675;https://www.drogariaveracruz.com.br/fentizol-002gg-creme-ginecologico-40g-7-aplicadores-de-5g-cada/p
VeraCruz;3662042000249;Blephagel 40g;Disponível;133,25;112,66;-15.5%;59,30;-55.5%;Olhos > Produtos para Lentes;10956;https://www.drogariaveracruz.com.br/gel-para-higiene-dos-olhos-blephagel-40g/p
VeraCruz;7898040321406;Gynopac 2 comprimidos + Creme Ginecológico 35g + 7 aplicadores;Disponível;121,24;100,21;-17.3%;52,74;-56.5%;Saúde Feminina > Creme e óvulos vaginais;15785;https://www.drogariaveracruz.com.br/gynopac-2-comprimidos-creme-ginecologico-35g-7-aplicadores/p
VeraCruz;7896015591212;Trelegy 100 + 62,5 + 25mcg 1 Dispositivo com 30 Doses;Disponível;440,72;418,68;-5.0%;146,91;-66.7%;Sistema Respiratório > DPOC;18897;https://www.drogariaveracruz.com.br/trelegy-100-625-25mcg-1-dispositivo-com-30-doses/p
VeraCruz;7896714200750;Renalapril 20mg 30 comprimidos;Disponível;0;0;0;0;0;Sistema Circulatório > Cardiovasculares;19801;https://www.drogariaveracruz.com.br/renalapril-20mg-30-comprimidos/p
VeraCruz;7896112425328;Pantogar Biolab 30 cápsulas;Disponível;0;0;0;0;0;Tratamento Capilar > Queda De Cabelo;12787;https://www.drogariaveracruz.com.br/pantogar-biolab-30-capsulas/p
VeraCruz;7896637022767;DONAREN - 50mg, 60 comprimidos revestidos;Disponível;61,88;45,27;-26.8%;47,65;-23.0%;Psicotrópicos;24218;https://www.drogariaveracruz.com.br/donaren-50mg-60-comprimidos-revestidos/p
VeraCruz;7896206407896;Symbicort Spray 6/100 mcg 120 doses de pó de uso inalatório;Disponível;0;0;0;0;0;Sistema Respiratório > DPOC;11173;https://www.drogariaveracruz.com.br/symbicort-spray-6100-mcg-60-doses-de-po-de-uso-inalatorio/p
VeraCruz;7891317016425;Alta D 15.000UI 4 cápsulas moles;Disponível;59,40;50,79;-14.5%;53,46;-10.0%;Vitaminas;18563;https://www.drogariaveracruz.com.br/alta-d-15000ui-4-capsulas-moles/p
VeraCruz;7894916512725;Impere 10mg 30 comprimidos revestidos;Disponível;0;0;0;0;0;Saúde Feminina > Medicamentos Urinários;13502;https://www.drogariaveracruz.com.br/impere-10mg-30-comprimidos-revestidos/p
VeraCruz;7896181901372;Busonid Caps 400mcg Refil 60 cápsulas para inalação;Disponível;94,72;75,58;-20.2%;79,56;-16.0%;Alergias;17477;https://www.drogariaveracruz.com.br/busonid-caps-400mcg-refil-60-capsulas-para-inalacao/p
VeraCruz;7897705200315;Insulina novolin r refil 5X3,0ml;Disponível;168,39;79,99;-52.5%;84,20;-50.0%;Diabetes;25161;https://www.drogariaveracruz.com.br/insulina-novolin-r-refil-5x30ml/p
VeraCruz;7891317472061;HEIMER 10 MG C/ 60 CPR;Disponível;0;0;0;0;0;Psicotrópicos;24855;https://www.drogariaveracruz.com.br/heimer-10-mg-c-60-cpr/p
VeraCruz;7896112400684;Nebilet 5mg 30 comprimidos;Disponível;166,89;120,50;-27.8%;63,42;-62.0%;Pressão Alta > Anti-Hipertensivo;15616;https://www.drogariaveracruz.com.br/nebilet-5mg-30-comprimidos/p
VeraCruz;7896094922211;Eparema Sabor Laranja 10ml;Disponível;5,26;4,15;-21.1%;4,37;-16.9%;Digestão > Azia e Má Digestão;21288;https://www.drogariaveracruz.com.br/eparema-sabor-laranja-10ml/p
VeraCruz;7896672202346;Manivasc 10mg 28 comprimidos;Disponível;0;0;0;0;0;Pressão Alta > Anti-Hipertensivo;12327;https://www.drogariaveracruz.com.br/manivasc-10mg-28-comprimidos/p
VeraCruz;7896094922532;Neosaldina Muscular Max 4 Comprimidos;Disponível;8,84;8,40;-5.0%;8,84;-0.0%;Dor e Febre > Analgésico;24072;https://www.drogariaveracruz.com.br/neosaldina-muscular-max-4-comprimidos/p
VeraCruz;7896548161746;Cilodex 3mg/ml + 1mg/ml 1 Frasco Gotejador Com 5ml de Suspensão de Uso Oftalmológico;Disponível;50,71;41,91;-17.4%;44,12;-13.0%;Antibióticos;23277;https://www.drogariaveracruz.com.br/cilodex-3mgml-1mgml-1-frasco-gotejador-com-5ml-de-suspensao-de-uso-oftalmologico/p
VeraCruz;7897595901187;Beserol 12 comprimidos;Disponível;26,31;18,50;-29.7%;19,47;-26.0%;Dor e Febre > Anti-Inflamatórios;10930;https://www.drogariaveracruz.com.br/beserol-12-comprimidos/p
VeraCruz;7896658040870;Tormiv Odg Trometamol Cetorolaco 10mg 10 sachês granulado orodispersível;Disponível;33,04;31,39;-5.0%;33,04;-0.0%;Dor e Febre > Analgésico;25747;https://www.drogariaveracruz.com.br/tormiv-odg-trometamol-cetorolaco-10mg-10-saches-granulado-orodispersivel/p
VeraCruz;7896094210936;LAKOS 50MG C/60 CPR C1;Disponível;0;0;0;0;0;Psicotrópicos;24642;https://www.drogariaveracruz.com.br/lakos-50mg-c60-cpr-c1/p
VeraCruz;7896212478750;Imosec 2mg 12 comprimidos;Disponível;12,23;10,69;-12.6%;11,25;-8.0%;Digestão > Diarréia;11748;https://www.drogariaveracruz.com.br/imosec-2mg-12-comprimidos/p
VeraCruz;8902220116115;LOREDON 100MG C/30 CPR;Disponível;0;0;0;0;0;Psicotrópicos;25054;https://www.drogariaveracruz.com.br/loredon-100mg-c30-cpr/p
VeraCruz;7898040321390;Oto Betnovate 1mg/ml + 10mg/ml + 5mg/ml 1 Frasco Gotejador Com 10ml de Solução de Uso Otológico;Disponível;37,66;31,12;-17.4%;32,76;-13.0%;Antibióticos;23861;https://www.drogariaveracruz.com.br/oto-betnovate-1mgml-10mgml-5mgml-1-frasco-gotejador-com-10ml-de-solucao-de-uso-otologico/p
VeraCruz;7894916550116;Tenadren 40mg + 25mg 30 comprimidos;Disponível;16,05;12,35;-23.1%;13,00;-19.0%;Pressão Alta > Anti-Hipertensivo;12494;https://www.drogariaveracruz.com.br/tenadren-40mg-25mg-30-comprimidos/p
VeraCruz;7899420506604;Para 20mg/ml 1 Frasco Com 45ml de Pó Para Suspensão de Uso Oral;Disponível;0;0;0;0;0;Vermes e Parasitas;23307;https://www.drogariaveracruz.com.br/para-20mgml-1-frasco-com-45ml-de-po-para-suspensao-de-uso-oral/p
VeraCruz;7898687730975;Lactase 10.000 U.FCC Equaliv  Sabor Creme 30 comprimidos mastigáveis;Disponível;59,90;56,91;-5.0%;59,90;-0.0%;Digestão > Laxantes e Reguladores Intestinais;14202;https://www.drogariaveracruz.com.br/suplemento-equaliv-lactase-10000-ufcc-sabor-creme-30-comprimidos-mastigaveis/p
VeraCruz;7896658021268;Artrolive 1500mg + 1200mg Sabor Laranja 30 envelopes com 4g de granulado cada;Disponível;141,29;134,23;-5.0%;70,65;-50.0%;Para os Ossos > Artrite e Artrose;18089;https://www.drogariaveracruz.com.br/artrolive-1500mg-1200mg-sabor-laranja-30-envelopes-com-4g-de-granulado-cada/p
VeraCruz;7898505091349;CICLOFEMME - 0,15mg + 0,03mg, 21 drágeas;Disponível;0;0;0;0;0;Saúde Feminina > Anticoncepcionais;15523;https://www.drogariaveracruz.com.br/ciclofemme-015mg-003mg-21-drageas/p
VeraCruz;7896255766852;Duspatalin 200mg 30 cápsulas gelatinosas duras de liberação prolongada;Disponível;0;0;0;0;0;Saúde Feminina > Cólica;10112;https://www.drogariaveracruz.com.br/duspatalin-200mg-30-capsulas-gelatinosas-duras-de-liberacao-prolongada/p
VeraCruz;7896637025225;PRIMID 100 MG C/100 CPR;Disponível;99,48;77,49;-22.1%;81,57;-18.0%;Psicotrópicos;24816;https://www.drogariaveracruz.com.br/primid-100-mg-c100-cpr/p
VeraCruz;7897337716703;Sandrena 0,5mg Gel 28 sachês com 0,5g;Disponível;51,84;40,88;-21.1%;43,03;-17.0%;Hormônios;18331;https://www.drogariaveracruz.com.br/sandrena-05mg-gel-28-saches-com-05g/p
VeraCruz;7896094917835;Rinosoro Jet XT 0,9% 100ml;Disponível;65,38;57,76;-11.7%;60,80;-7.0%;Sistema Respiratório > Descongestionantes;13816;https://www.drogariaveracruz.com.br/fluidificante-e-descongestionante-nasal-rinosoro-jet-xt-09-100ml/p
VeraCruz;7896658012303;Solução Nasal Sorine Infantil 0,9% Gotas 30ml + 1 conta-gotas;Disponível;21,25;18,37;-13.6%;19,34;-9.0%;Sistema Respiratório > Descongestionantes;11133;https://www.drogariaveracruz.com.br/solucao-nasal-sorine-infantil-09-gotas-30ml-1-conta-gotas/p
VeraCruz;7896094919693;Engov After Sabor Citrus 250ml;Disponível;12,25;9,31;-24.0%;9,80;-20.0%;Digestão > Laxantes e Reguladores Intestinais;13822;https://www.drogariaveracruz.com.br/suplemento-alimentar-engov-after-sabor-citrus-250ml/p
VeraCruz;7894916501156;MALÚ - 0,15 + 0,02mg, 21 comprimidos;Disponível;0;0;0;0;0;Saúde Feminina > Anticoncepcionais;16266;https://www.drogariaveracruz.com.br/malu-015-002mg-21-comprimidos/p
VeraCruz;7896094201460;Natifa 1mg 28 comprimidos revestidos;Disponível;76,13;55,69;-26.8%;58,62;-23.0%;Hormônios;16751;https://www.drogariaveracruz.com.br/natifa-1mg-28-comprimidos-revestidos/p
VeraCruz;7896094929951;Lisador Muscular 16 Comprimidos Revestidos;Disponível;28,29;26,88;-5.0%;28,29;-0.0%;Dor e Febre;26811;https://www.drogariaveracruz.com.br/lisador-muscular-16-comprimidos-revestidos/p
VeraCruz;7896658036019;Osteoban 150mg 3 comprimidos;Disponível;156,62;126,47;-19.3%;66,57;-57.5%;Para os Ossos > Osteoporose;21109;https://www.drogariaveracruz.com.br/osteoban-150mg-3-comprimidos/p
VeraCruz;7896269900303;Betnovate 1mg/g Creme Dermatológico 30g;Disponível;57,44;54,57;-5.0%;57,44;-0.0%;Dor e Febre > Anti-Inflamatórios;10948;https://www.drogariaveracruz.com.br/betnovate-1mgg-creme-dermatologico-30g/p
VeraCruz;7896004714455;PRESSEL - 10mg, 30 comprimidos;Disponível;0;0;0;0;0;Pressão Alta > Anti-Hipertensivo;13270;https://www.drogariaveracruz.com.br/pressel-10mg-30-comprimidos/p
VeraCruz;7896672202902;Clenil HFA 250mcg Spray 200 doses + 1 dispositivo em L para administração oral;Disponível;80,69;65,92;-18.3%;69,39;-14.0%;Sistema Respiratório > Asma;18112;https://www.drogariaveracruz.com.br/clenil-hfa-250mcg-spray-200-doses-1-dispositivo-em-l-para-administracao-oral/p
VeraCruz;5702150142986;Lexapro 15mg 30 comprimidos;Disponível;0;0;0;0;0;Antibióticos;24225;https://www.drogariaveracruz.com.br/lexapro-15mg-30-comprimidos/p
VeraCruz;7896094922112;Solução Nenê Dent N 10g;Disponível;0;0;0;0;0;Pele e Mucosa;11903;https://www.drogariaveracruz.com.br/solucao-nene-dent-n-10g/p
VeraCruz;7896641809033;Dexilant 60mg Takeda 60 cápsulas de liberação retardada;Disponível;259,52;207,10;-20.2%;72,67;-72.0%;Digestão > Úlcera e Gastrite;13175;https://www.drogariaveracruz.com.br/dexilant-60mg-takeda-60-capsulas-de-liberacao-retardada/p
VeraCruz;7896112406457;Embo 5mg 20 comprimidos revestidos;Disponível;78,92;56,23;-28.8%;59,19;-25.0%;Sistema Circulatório > Circulação;20560;https://www.drogariaveracruz.com.br/embo-5mg-20-comprimidos-revestidos/p
VeraCruz;7896094206038;Tarfic 0,1% Pomada Dermatológica 10g;Disponível;101,75;76,36;-25.0%;80,38;-21.0%;Alergias;16477;https://www.drogariaveracruz.com.br/tarfic-01-pomada-dermatologica-10g/p
VeraCruz;7891317136468;Crevagin 30mg/g + 20mg/g Creme Ginecológico 40g + 7 aplicadores;Disponível;52,69;44,05;-16.4%;46,37;-12.0%;Saúde Feminina > Creme e óvulos vaginais;10346;https://www.drogariaveracruz.com.br/crevagin-30mgg-20mgg-creme-ginecologico-40g-7-aplicadores/p
VeraCruz;7896094209510;Iziz 2,5mg + 1,5mg 84 Comprimidos Revestidos;Disponível;158,17;115,70;-26.9%;60,90;-61.5%;Saúde Feminina > Anticoncepcionais;20966;https://www.drogariaveracruz.com.br/iziz-25mg-15mg-28-comprimidos-revestidos-49212/p
VeraCruz;7891317134334;QUET XR - 50mg, 30 comprimidos revestidos de liberação prolongada;Disponível;178,11;133,67;-25.0%;70,36;-60.5%;Psicotrópicos;24230;https://www.drogariaveracruz.com.br/quet-xr-50mg-30-comprimidos-revestidos-de-liberacao-prolongada/p
VeraCruz;7897411601567;Hirudoid 500 5mg/g Pomada 40g;Disponível;46,41;44,09;-5.0%;46,41;-0.0%;Dor e Febre > Contusão e Relaxante Muscular;15805;https://www.drogariaveracruz.com.br/hirudoid-500-pomada-5mgg-40g/p
VeraCruz;7898216367580;Elprazol 20mg 56 cápsulas duras de liberação retardada;Disponível;0;0;0;0;0;Digestão > Úlcera e Gastrite;15522;https://www.drogariaveracruz.com.br/elprazol-20mg-56-capsulas-duras-de-liberacao-retardada/p
VeraCruz;7896006230205;DIGESTINA - 4mg/mL, 1 frasco gotejador com 20mL de solução de uso oral;Disponível;23,88;14,52;-39.2%;15,28;-36.0%;Digestão > Náuseas;13264;https://www.drogariaveracruz.com.br/digestina-4mgml-1-frasco-gotejador-com-20ml-de-solucao-de-uso-oral/p
VeraCruz;7896015518370;Sal de Frutas Eno Limão 100g;Disponível;30,73;22,48;-26.8%;23,66;-23.0%;Digestão > Azia e Má Digestão;18296;https://www.drogariaveracruz.com.br/sal-de-frutas-eno-limao-100g/p
VeraCruz;4987188568705;Bye Bye Fever Super Gelado 2un;Disponível;15,90;10,57;-33.5%;11,13;-30.0%;Dor e Febre > Analgésico;23630;https://www.drogariaveracruz.com.br/bye-bye-fever-super-gelado-2un/p
VeraCruz;7896112401582;Vonau Flash 8mg Biolab, 30 comprimidos de desintegração oral;Disponível;241,42;153,66;-36.4%;53,92;-77.7%;Digestão > Náuseas;13787;https://www.drogariaveracruz.com.br/vonau-flash-8mg-biolab-30-comprimidos-de-desintegracao-oral/p
VeraCruz;7891317452933;TrokG 064mg/G + 1mg/G 1 Bisnaga Com 30G de Pomada de Uso dermatológico;Disponível;33,60;28,41;-15.4%;29,90;-11.0%;Antibióticos;23922;https://www.drogariaveracruz.com.br/trokg-064mgg-1mgg-1-bisnaga-com-30g-de-pomada-de-uso-dermatologico/p
VeraCruz;7896255766135;Venocur Fit 263,2mg 60 comprimidos revestidos de liberação retardada;Disponível;0;0;0;0;0;Sistema Circulatório > Varizes;10838;https://www.drogariaveracruz.com.br/venocur-fit-2632mg-60-comprimidos-revestidos-de-liberacao-retardada/p
VeraCruz;7897473205772;Deriva C Micro 1mg/G + 10mg/G 1 Bisnaga Com 30G de Gel de Uso dermatológico;Disponível;50,68;43,33;-14.5%;45,61;-10.0%;Antibióticos;23290;https://www.drogariaveracruz.com.br/deriva-c-micro-1mgg-10mgg-1-bisnaga-com-30g-de-gel-de-uso-dermatologico/p
VeraCruz;7898906376410;Tiorfan 100mg 9 cápsulas;Disponível;56,27;48,11;-14.5%;50,64;-10.0%;Digestão > Diarréia;12963;https://www.drogariaveracruz.com.br/tiorfan-100mg-9-capsulas/p
VeraCruz;7897018510019;Protetor Ocular Oftam Pequeno Bege 20un;Disponível;33,90;28,98;-14.5%;30,51;-10.0%;Olhos > Protetor Ocular;12861;https://www.drogariaveracruz.com.br/protetor-ocular-oftam-pequeno-bege-20un/p
VeraCruz;7891058021580;Anador 500mg/ml Gotas 20ml;Disponível;0;0;0;0;0;Dor e Febre > Analgésico;11268;https://www.drogariaveracruz.com.br/anador-500mgml-gotas-20ml/p
VeraCruz;8902220109643;PIOGLIT - 15mg, 30 comprimidos;Disponível;0;0;0;0;0;Diabetes;12841;https://www.drogariaveracruz.com.br/pioglit-15mg-30-comprimidos/p
VeraCruz;7896261005822;Flotac 70mg 14 cápsulas gelatinosas duras;Disponível;0;0;0;0;0;Dor e Febre > Anti-Inflamatórios;18247;https://www.drogariaveracruz.com.br/flotac-70mg-14-capsulas-gelatinosas-duras/p
VeraCruz;7896094208124;Nactali 75mcg 84 comprimidos revestidos;Disponível;124,97;89,04;-28.8%;93,73;-25.0%;Saúde Feminina > Anticoncepcionais;16729;https://www.drogariaveracruz.com.br/nactali-75mcg-84-comprimidos-revestidos/p
VeraCruz;7896112416463;Ecasil 81 81mg 90 comprimidos revestidos;Disponível;51,37;40,99;-20.2%;43,15;-16.0%;Dor e Febre > Analgésico;10116;https://www.drogariaveracruz.com.br/ecasil-81-81mg-90-comprimidos-revestidos/p
VeraCruz;7896004776804;Secrelise Xarope Ems 120ml;Disponível;51,79;49,20;-5.0%;51,79;-0.0%;Sistema Respiratório > Expectorante;26433;https://www.drogariaveracruz.com.br/secrelise-xarope-ems-120ml/p
VeraCruz;7894916505215;Euprostatin 2mg 30 comprimidos;Disponível;0;0;0;0;0;Pressão Alta > Anti-Hipertensivo;11627;https://www.drogariaveracruz.com.br/euprostatin-2mg-30-comprimidos/p
VeraCruz;7896261012936;Galvus 50mg 56 comprimidos;Disponível;0;0;0;0;0;Diabetes;16204;https://www.drogariaveracruz.com.br/galvus-50mg-56-comprimidos/p
VeraCruz;7896006247319;Dexaneurin Injetável 3 Ampolas A de 2mL e 3 Ampolas B de 1mL;Disponível;0;0;0;0;0;Dor e Febre > Anti-Inflamatórios;13718;https://www.drogariaveracruz.com.br/dexaneurin-injetavel-3-ampolas-a-de-2ml-e-3-ampolas-b-de-1ml/p
VeraCruz;7891317035105;Snif Air Adulto 0,9% Solução Nasal Refil Com 30 Envelopes;Disponível;67,20;63,84;-5.0%;67,20;-0.0%;Sistema Respiratório > Descongestionantes;26156;https://www.drogariaveracruz.com.br/snif-air-09-solucao-nasal-refil-com-30-envelopes/p
VeraCruz;7896046300104;LOTEPROL - 5mg/ml, suspensão oftálmica, frasco gotejador, com 5ml;Disponível;0;0;0;0;0;Alergias;15882;https://www.drogariaveracruz.com.br/loteprol-5mgml-suspensao-oftalmica-frasco-gotejador-com-5ml/p
VeraCruz;7891268144086;Feldene 20mg 10 cápsulas;Disponível;45,98;37,56;-18.3%;39,54;-14.0%;Dor e Febre > Anti-Inflamatórios;15291;https://www.drogariaveracruz.com.br/feldene-20mg-10-capsulas/p
VeraCruz;7896016806261;Naldecon Noite 24 comprimidos;Disponível;60,99;49,25;-19.2%;51,84;-15.0%;Sistema Respiratório > Antigripais;15679;https://www.drogariaveracruz.com.br/naldecon-noite-24-comprimidos/p
VeraCruz;7898040325794;TRACOX 100MG C/30 CPR;Disponível;0;0;0;0;0;Psicotrópicos;24886;https://www.drogariaveracruz.com.br/tracox-100mg-c30-cpr/p
VeraCruz;7891317472054;HEIMER 10MG C/30 CPR;Disponível;69,52;37,65;-45.8%;39,63;-43.0%;Psicotrópicos;24851;https://www.drogariaveracruz.com.br/heimer-10mg-c30-cpr/p
VeraCruz;7894916515764;Vynaxa 10mg 30 Comprimidos Revestidos;Disponível;53,39;42,09;-21.2%;44,31;-17.0%;Sistema Circulatório > Circulação;14733;https://www.drogariaveracruz.com.br/vynaxa-10mg-30-comprimidos-revestidos/p
VeraCruz;7896658035067;Nebitah 5mg 30 comprimidos;Disponível;0;0;0;0;0;Pressão Alta > Anti-Hipertensivo;19236;https://www.drogariaveracruz.com.br/nebitah-5mg-30-comprimidos/p
VeraCruz;7891268144024;Feldene 20mg 15 cápsulas;Disponível;70,73;55,77;-21.2%;58,71;-17.0%;Dor e Febre > Anti-Inflamatórios;15292;https://www.drogariaveracruz.com.br/feldene-20mg-15-capsulas/p
VeraCruz;7896094211049;RECONTER ODT 15MG C/30 CPR;Disponível;0;0;0;0;0;Psicotrópicos;24644;https://www.drogariaveracruz.com.br/reconter-odt-15mg-c30-cpr/p
VeraCruz;7896658048630;Canabidiol 100mg/ml Aché Solução Oral 30ml;Disponível;1230,30;1168,79;-5.0%;410,10;-66.7%;Psicotrópicos;25324;https://www.drogariaveracruz.com.br/canabidiol-100mgml-gts-30ml-ache/p
VeraCruz;7897316802335;Still Solução Oftálmica 0,1% 5ml;Disponível;22,78;18,83;-17.3%;19,82;-13.0%;Olhos > Lubrificantes e Colírios;11158;https://www.drogariaveracruz.com.br/solucao-oftalmica-still-01-5ml/p
VeraCruz;7891317031350;Dexfer 100mg/ml Gotas Sabor doce de Leite 30ml;Disponível;58,11;49,69;-14.5%;52,30;-10.0%;Sistema Imunológico;16923;https://www.drogariaveracruz.com.br/dexfer-100mgml-gotas-sabor-doce-de-leite-30ml/p
VeraCruz;7896094918436;Artroflan 150mg 60 comprimidos revestidos;Disponível;289,98;234,16;-19.2%;82,16;-71.7%;Dor e Febre > Contusão e Relaxante Muscular;13817;https://www.drogariaveracruz.com.br/artroflan-150mg-60-comprimidos-revestidos/p
VeraCruz;7896181909118;DERMOMAX - 40mg/g 1 bisnaga com 30g de creme de uso dermatológico;Disponível;0;0;0;0;0;Pele e Mucosa;12615;https://www.drogariaveracruz.com.br/dermomax-40mgg-1-bisnaga-com-30g-de-creme-de-uso-dermatologico/p
VeraCruz;7896269955372;Seretide Spray 25mcg + 250mcg/dose Suspensão Aerossol 120 doses + válvula dosadora;Disponível;315,29;299,53;-5.0%;105,10;-66.7%;Sistema Respiratório > Asma;18362;https://www.drogariaveracruz.com.br/seretide-spray-25mcg-250mcgdose-suspensao-aerossol-120-doses-valvula-dosadora/p
VeraCruz;7894916508377;Brasart HCT 320mg + 25mg 30 comprimidos revestidos;Disponível;114,74;109,00;-5.0%;57,37;-50.0%;Pressão Alta > Anti-Hipertensivo;17431;https://www.drogariaveracruz.com.br/brasart-hct-320mg-25mg-30-comprimidos-revestidos/p
VeraCruz;7898037084857;Arnica Montana 6CH Almeida Prado Frasco com 13g;Disponível;32,90;31,26;-5.0%;32,90;-0.0%;Dor e Febre > Anti-Inflamatórios;18080;https://www.drogariaveracruz.com.br/arnica-montana-6ch-almeida-prado-frasco-com-13g/p
VeraCruz;7897322709505;Addera D3 10.000UI 10 comprimidos revestidos;Disponível;120,89;97,62;-19.2%;51,38;-57.5%;Vitaminas;17060;https://www.drogariaveracruz.com.br/vitamina-d3-addera-d3-10000ui-10-comprimidos-revestidos/p
VeraCruz;7896658024627;Resist 500mg 30 cápsulas;Disponível;73,57;62,21;-15.4%;65,48;-11.0%;Sistema Imunológico;16044;https://www.drogariaveracruz.com.br/resist-500mg-30-capsulas/p
VeraCruz;7896676408300;Fibrinase Com Cloranfenicol 666U/G + 1U/G + 30mg/G 1 Bisnaga Com 30G de Pomada de Uso dermatológico;Disponível;102,78;79,09;-23.0%;83,25;-19.0%;Antibióticos;24400;https://www.drogariaveracruz.com.br/fibrinase-com-cloranfenicol-666ug-1ug-30mgg-1-bisnaga-com-30g-de-pomada-de-uso-dermatologico/p
VeraCruz;7891106007030;Xarelto 10mg 10 comprimidos revestidos;Disponível;0;0;0;0;0;Sistema Circulatório > Circulação;18005;https://www.drogariaveracruz.com.br/xarelto-10mg-10-comprimidos-revestidos/p
VeraCruz;7897129303579;Vitacid XT 1mg/g Creme 25g;Disponível;80,71;60,57;-25.0%;63,76;-21.0%;Pele e Mucosa;11202;https://www.drogariaveracruz.com.br/vitacid-xt-1mgg-creme-25g/p
VeraCruz;7896006290322;Maxinom 1mg/G + 35mg/G + 6000Ui/G 1 Frasco Gotejador Com 5ml de Suspensão de Uso Oftalmológico;Disponível;22,05;16,97;-23.0%;17,86;-19.0%;Antibióticos;23849;https://www.drogariaveracruz.com.br/maxinom-1mgg-35mgg-6000uig-1-frasco-gotejador-com-5ml-de-suspensao-de-uso-oftalmologico/p
VeraCruz;7891058002589;Allegra Pediátrico 6mg/ml 60ml com Copo Dosador;Disponível;40,10;38,10;-5.0%;40,10;-0.0%;Alergias;26951;https://www.drogariaveracruz.com.br/allegra-pediatrico-6mgml-60ml-com-copo-dosador/p
VeraCruz;7898100244560;Gripalcê Uno Bebê Sabor Cereja 15ml;Disponível;0;0;0;0;0;Dor e Febre > Analgésico;15172;https://www.drogariaveracruz.com.br/gripalce-uno-bebe-sabor-cereja-15ml/p
VeraCruz;7891010256715;Tylenol 750mg 10 comprimidos revestidos;Disponível;24,59;18,22;-25.9%;19,18;-22.0%;Sistema Respiratório > Antigripais;13762;https://www.drogariaveracruz.com.br/tylenol-750mg-10-comprimidos-revestidos/p
VeraCruz;7898108640609;Teste de Gravidez Confira 1un;Disponível;7,90;1,73;-78.1%;1,82;-77.0%;Saúde Feminina > Teste de Gravidez;22402;https://www.drogariaveracruz.com.br/teste-de-gravidez-confira-1un/p
VeraCruz;7891268101782;DEPO PROVERA - 150mg/mL, 1 frasco com suspensão de uso intramuscular + 1 seringa preenchida com 1mL de diluente + agulha;Disponível;64,56;46,00;-28.7%;48,42;-25.0%;Saúde Feminina > Anticoncepcionais;24031;https://www.drogariaveracruz.com.br/depo-provera-150mgml-1-frasco-com-suspensao-de-uso-intramuscular-1-seringa-preenchida-com-1ml-de-diluente-agulha/p
VeraCruz;7899640806058;OHDE - 50000UI, 4 comprimidos revestidos;Disponível;0;0;0;0;0;Vitaminas;15579;https://www.drogariaveracruz.com.br/ohde-50000ui-4-comprimidos-revestidos/p
VeraCruz;7500435209786;Xarope Vick Mel 100ml;Disponível;45,23;38,67;-14.5%;40,71;-10.0%;Sistema Respiratório > Expectorante;20671;https://www.drogariaveracruz.com.br/xarope-vick-mel-100ml/p
VeraCruz;7896094201774;Topison 1mg/g Pomada 20g;Disponível;75,51;59,54;-21.1%;62,67;-17.0%;Dor e Febre > Anti-Inflamatórios;13005;https://www.drogariaveracruz.com.br/topison-1mgg-pomada-20g/p
VeraCruz;7896658002892;Flogo-Rosa Solução Ginecológica 50mg/ml 100ml;Disponível;41,56;35,93;-13.5%;37,82;-9.0%;Dor e Febre > Anti-Inflamatórios;18227;https://www.drogariaveracruz.com.br/flogo-rosa-solucao-ginecologica-50mgml-100ml/p
VeraCruz;7896026304702;Pradaxa 150mg 30 cápsulas;Disponível;209,27;165,01;-21.1%;57,90;-72.3%;Sistema Circulatório > Circulação;10641;https://www.drogariaveracruz.com.br/pradaxa-150mg-30-capsulas/p
VeraCruz;7894916503044;CLO 10 MG C/20 CPR;Disponível;0;0;0;0;0;Psicotrópicos;24538;https://www.drogariaveracruz.com.br/clo-10-mg-c20-cpr/p
VeraCruz;7896676431704;Vensate LP 75mg Cristália 30 Cápsulas de Liberação Prolongada;Disponível;0;0;0;0;0;Psicotrópicos;24414;https://www.drogariaveracruz.com.br/vensate-lp-75mg-cristalia-30-capsulas-de-liberacao-prolongada/p
VeraCruz;7896658034879;Solução Oftálmica Clilon 0,5% 5ml;Disponível;0;0;0;0;0;Olhos > Lubrificantes e Colírios;19391;https://www.drogariaveracruz.com.br/solucao-oftalmica-clilon-05-5ml/p
VeraCruz;7896112493440;Triazol 150mg 2 cápsulas;Disponível;63,32;52,34;-17.3%;55,09;-13.0%;Pele e Mucosa;17544;https://www.drogariaveracruz.com.br/triazol-150mg-2-capsulas/p
VeraCruz;7896015592752;Advil 12 Horas 600mg  6 comprimidos revestidos de liberação prolongada;Disponível;25,18;19,38;-23.0%;20,40;-19.0%;Dor e Febre > Analgésico;19426;https://www.drogariaveracruz.com.br/advil-600mg-12-horas-6-comprimidos-revestidos-de-liberacao-prolongada/p
VeraCruz;7896637028523;Labirin 24mg 30 comprimidos;Disponível;34,57;16,43;-52.5%;17,29;-50.0%;Sistema Circulatório > Circulação;15443;https://www.drogariaveracruz.com.br/labirin-24mg-30-comprimidos/p
VeraCruz;7896094922006;Albocresil 360mg/g Solução Concentrada 12ml;Disponível;44,48;40,15;-9.7%;42,26;-5.0%;Pele e Mucosa;10860;https://www.drogariaveracruz.com.br/albocresil-360mgg-solucao-concentrada-12ml/p
VeraCruz;7896026306188;Jardiance 25mg 30 comprimidos revestidos;Disponível;321,27;305,21;-5.0%;107,09;-66.7%;Diabetes;11770;https://www.drogariaveracruz.com.br/jardiance-25mg-30-comprimidos-revestidos/p
VeraCruz;7891106907439;Eylia 40mg/ml 1 seringa com 0,278ml + 1 agulha;Disponível;0;0;0;0;0;Oncológicos e Alto Custo;20580;https://www.drogariaveracruz.com.br/eylia-40mgml-1-seringa-com-0278ml-1-agulha/p
VeraCruz;7896676424607;QUETIPIN 25MG C/30 CPS;Disponível;0;0;0;0;0;Psicotrópicos;24584;https://www.drogariaveracruz.com.br/quetipin-25mg-c30-cps/p
VeraCruz;7896676431582;TEMPORA 25MG C/60 CPR;Disponível;0;0;0;0;0;Psicotrópicos;24587;https://www.drogariaveracruz.com.br/tempora-25mg-c60-cpr/p
VeraCruz;7898029550353;Acertanlo 14mg + 10mg 30 comprimidos;Disponível;154,44;146,72;-5.0%;51,48;-66.7%;Pressão Alta > Anti-Hipertensivo;17332;https://www.drogariaveracruz.com.br/acertanlo-14mg-10mg-30-comprimidos/p
VeraCruz;7896046382308;Zylet 05 + 03% Suspensão Oftálmica Frasco Com 5ml;Disponível;0;0;0;0;0;Antibióticos;23927;https://www.drogariaveracruz.com.br/zylet-05-03-suspensao-oftalmica-frasco-com-5ml/p
VeraCruz;7896658034008;Zior 250mg 28 comprimidos;Disponível;145,31;118,72;-18.3%;62,49;-57.0%;Pele e Mucosa;18406;https://www.drogariaveracruz.com.br/zior-250mg-28-comprimidos/p
VeraCruz;7896658008115;Artrosil 160mg 10 cápsulas duras de liberação prolongada;Disponível;39,18;32,76;-16.4%;34,48;-12.0%;Dor e Febre > Anti-Inflamatórios;18092;https://www.drogariaveracruz.com.br/artrosil-160mg-10-capsulas-duras-de-liberacao-prolongada/p
VeraCruz;7896658000379;Famox Famotidina 20mg Com 10 comprimidos;Disponível;0;0;0;0;0;Digestão > Úlcera e Gastrite;26293;https://www.drogariaveracruz.com.br/famox-famotidina-20mg-com-10-comprimidos/p
VeraCruz;7896112492740;Triazol 150mg 1 cápsula;Disponível;38,64;31,94;-17.3%;33,62;-13.0%;Pele e Mucosa;17525;https://www.drogariaveracruz.com.br/triazol-150mg-1-capsula/p
VeraCruz;7896094209619;Ansitec 5mg 60 comprimidos;Disponível;120,26;84,54;-29.7%;88,99;-26.0%;Antibióticos;24265;https://www.drogariaveracruz.com.br/ansitec-5mg-60-comprimidos/p
VeraCruz;7898040321420;Annita 20mg/ml, 1 frasco com 45ml de pó para suspensão de uso oral;Disponível;32,83;27,76;-15.4%;29,22;-11.0%;Vermes e Parasitas;18040;https://www.drogariaveracruz.com.br/annita-20mgml-1-frasco-com-45ml-de-po-para-suspensao-de-uso-oral/p
VeraCruz;7896004775494;Lipiblock 120mg 42 cápsulas duras;Disponível;233,03;177,10;-24.0%;62,14;-73.3%;Emagrecimento;23744;https://www.drogariaveracruz.com.br/lipiblock-120mg-42-capsulas-duras/p
VeraCruz;7896004821382;Sitglu 50mg 30 comprimidos revestidos;Disponível;78,33;60,28;-23.0%;63,45;-19.0%;Diabetes;23693;https://www.drogariaveracruz.com.br/sitglu-50mg-30-comprimidos-revestidos/p
VeraCruz;7898029550766;Daflon Flex 1000mg FFPM 30 envelopes;Disponível;189,20;179,74;-5.0%;63,07;-66.7%;Sistema Circulatório > Circulação;18574;https://www.drogariaveracruz.com.br/daflon-flex-1000mg-ffpm-30-envelopes/p
VeraCruz;7896261018860;Ultibro 110mg + 50mcg 30 cápsulas com pó para inalação + 1 inalador;Disponível;0;0;0;0;0;Sistema Respiratório > DPOC;17575;https://www.drogariaveracruz.com.br/ultibro-110mg-50mcg-30-capsulas-com-po-para-inalacao-1-inalador/p
VeraCruz;7897411602182;Lixiana 30mg 30 comprimidos revestidos;Disponível;148,85;125,86;-15.4%;66,24;-55.5%;Sistema Circulatório > Circulação;13200;https://www.drogariaveracruz.com.br/lixiana-30mg-30-comprimidos-revestidos/p
VeraCruz;7896226102832;Suplemento Vitamínico Vitergan Master 30 cápsulas gelatinosas moles;Disponível;0;0;0;0;0;Vitaminas;11210;https://www.drogariaveracruz.com.br/suplemento-vitaminico-vitergan-master-30-capsulas-gelatinosas-moles/p
VeraCruz;7896090611799;Advil Ibuprofeno 400mg 8 cápsulas;Disponível;22,93;21,78;-5.0%;22,93;-0.0%;Dor e Febre > Analgésico;26118;https://www.drogariaveracruz.com.br/advil-ibuprofeno-400mg-8-capsulas/p
VeraCruz;7897705200322;Novolin N Penfill 100UI/ml 5 carpules com 3ml cada;Disponível;168,39;95,98;-43.0%;50,52;-70.0%;Diabetes;15396;https://www.drogariaveracruz.com.br/novolin-n-penfill-100uiml-5-carpules-com-3ml-cada/p
VeraCruz;7891142205490;Alivium GC 200mg/ml Sabor Tutti Frutti 20ml;Disponível;62,39;55,12;-11.7%;58,02;-7.0%;Dor e Febre > Analgésico;20737;https://www.drogariaveracruz.com.br/alivium-gc-200mgml-sabor-tutti-frutti-20ml/p
VeraCruz;7896206402778;Vannair 6/200mcg por inalação 120 doses 8ml;Disponível;0;0;0;0;0;Sistema Respiratório > DPOC;17580;https://www.drogariaveracruz.com.br/vannair-6200mcg-por-inalacao-120-doses-8ml/p
VeraCruz;7896094210837;LAKOS 100MG C/30 CPR C1;Disponível;161,36;153,29;-5.0%;53,79;-66.7%;Psicotrópicos;24634;https://www.drogariaveracruz.com.br/lakos-100mg-c30-cpr-c1/p
VeraCruz;7899551309259;AGUD 500MG+30MG C/12 CPR;Disponível;0;0;0;0;0;Psicotrópicos;24698;https://www.drogariaveracruz.com.br/agud-500mg30mg-c12-cpr/p
VeraCruz;7891158103070;DEPAKOTE ER 500MG C/60 CPR;Disponível;298,40;283,48;-5.0%;99,47;-66.7%;Psicotrópicos;24586;https://www.drogariaveracruz.com.br/depakote-er-500mg-c60-cpr/p
VeraCruz;7896658015069;Femme Fólico 5mg 30 comprimidos revestidos;Disponível;0;0;0;0;0;Sistema Imunológico;15299;https://www.drogariaveracruz.com.br/femme-folico-5mg-30-comprimidos-revestidos/p
VeraCruz;7899420508080;Prós 2mg 30 comprimidos;Disponível;0;0;0;0;0;Pressão Alta > Anti-Hipertensivo;17130;https://www.drogariaveracruz.com.br/pros-2mg-30-comprimidos/p
VeraCruz;7896676414653;ANA-FLEX - 35mg + 300mg + 50mg, 30 comprimidos;Disponível;0;0;0;0;0;Dor e Febre > Analgésico;11266;https://www.drogariaveracruz.com.br/ana-flex-35mg-300mg-50mg-30-comprimidos/p
VeraCruz;7896641803048;PlantaBen 3,5g Sabor Artificial Laranja Pó Efervescente 10 envelopes com 5g cada;Disponível;74,25;63,49;-14.5%;66,83;-10.0%;Digestão > Laxantes e Reguladores Intestinais;10174;https://www.drogariaveracruz.com.br/plantaben-35g-sabor-artificial-laranja-po-efervescente-10-envelopes-com-5g-cada/p
VeraCruz;7896094931619;Solução Nasal Aturgyl 0,5mg/ml Spray 15ml;Disponível;19,02;16,63;-12.6%;17,50;-8.0%;Sistema Respiratório > Descongestionantes;17400;https://www.drogariaveracruz.com.br/solucao-nasal-aturgyl-05mgml-spray-15ml/p
VeraCruz;7896004706573;Celergin 0,25mg + 2mg 20 comprimidos;Disponível;27,93;22,55;-19.3%;23,74;-15.0%;Alergias;10992;https://www.drogariaveracruz.com.br/celergin-025mg-2mg-20-comprimidos/p
VeraCruz;7896094209626;ANSITEC 5 MG C/90 CPR;Disponível;0;0;0;0;0;Psicotrópicos;24705;https://www.drogariaveracruz.com.br/ansitec-5-mg-c90-cpr/p
VeraCruz;7896212410057;Mylicon Antigases 75mg/ml Gotas 15ml;Disponível;0;0;0;0;0;Digestão > Antigases;16704;https://www.drogariaveracruz.com.br/antigases-mylicon-75mgml-gotas-15ml/p
VeraCruz;7896637022408;Litocit 540mg 60 comprimidos de liberação prolongada;Disponível;68,80;56,21;-18.3%;59,17;-14.0%;Saúde Feminina > Medicamentos Urinários;15835;https://www.drogariaveracruz.com.br/litocit-540mg-60-comprimidos-de-liberacao-prolongada/p
VeraCruz;7899640803521;Permese 5mg/ml + 2mg/ml Solução Intramuscular com 1ml + seringa;Disponível;31,66;25,87;-18.3%;27,23;-14.0%;Dor e Febre > Anti-Inflamatórios;15941;https://www.drogariaveracruz.com.br/permese-5mgml-2mgml-solucao-intramuscular-com-1ml-seringa/p
VeraCruz;7896637030311;Inpruv DK 7.000UI + 100mcg Apsen, 8 Comprimidos;Disponível;46,20;32,04;-30.6%;33,73;-27.0%;Vitaminas;13961;https://www.drogariaveracruz.com.br/inpruv-dk-7000ui-100mcg-apsen-8-comprimidos/p
VeraCruz;7896261009554;Diovan 320mg 28 comprimidos revestidos;Disponível;0;0;0;0;0;Pressão Alta > Anti-Hipertensivo;12109;https://www.drogariaveracruz.com.br/diovan-320mg-28-comprimidos-revestidos/p
VeraCruz;7897930761568;Avicis 0,25mg/ml Solução Capilar 100ml;Disponível;0;0;0;0;0;Tratamento Capilar > Queda De Cabelo;10467;https://www.drogariaveracruz.com.br/avicis-025mgml-solucao-capilar-100ml/p
VeraCruz;7896422501453;Desonol 0,05% Pomada 30g;Disponível;0;0;0;0;0;Dor e Febre > Anti-Inflamatórios;16903;https://www.drogariaveracruz.com.br/desonol-005-pomada-30g/p
VeraCruz;7891142108722;Nujol 100% Óleo Mineral 120ml;Disponível;0;0;0;0;0;Digestão > Laxantes e Reguladores Intestinais;12357;https://www.drogariaveracruz.com.br/nujol-100-oleo-mineral-120ml/p
VeraCruz;7896212413560;Tylenol DC Liberação Imediata 20 comprimidos revestidos;Disponível;0;0;0;0;0;Dor e Febre > Analgésico;17530;https://www.drogariaveracruz.com.br/analgesico-tylenol-dc-liberacao-imediata-20-comprimidos-revestidos/p
VeraCruz;7896094930391;Rinosoro Alto Volume Infantil 15 sachês + frasco 120ml;Disponível;61,90;45,28;-26.8%;47,66;-23.0%;Sistema Respiratório > Descongestionantes;25293;https://www.drogariaveracruz.com.br/rinosoro-alto-volume-infantil-15-saches-frasco-120ml/p
VeraCruz;7896094200227;ANSITEC 5 MG C/20 CPR;Disponível;0;0;0;0;0;Psicotrópicos;24531;https://www.drogariaveracruz.com.br/ansitec-5-mg-c20-cpr/p
VeraCruz;7891317024284;Prysma 3mg c/ 20 Comprimidos (B1);Disponível;0;0;0;0;0;Psicotrópicos;24678;https://www.drogariaveracruz.com.br/prysma-3mg-c-20-comprimidos-b1/p
VeraCruz;7896637022903;Labirin 16mg 30 comprimidos;Disponível;0;0;0;0;0;Sistema Nervoso > Medicamentos Antivertiginosos: Ginkgo, Tanakan, Equitam;15442;https://www.drogariaveracruz.com.br/labirin-16mg-30-comprimidos/p
VeraCruz;7898040324223;Otociriax 20mg/ml + 10mg/ml 1 Frasco Gotejador Com 5ml de Suspensão de Uso Otológico;Disponível;52,26;43,20;-17.3%;45,47;-13.0%;Antibióticos;23950;https://www.drogariaveracruz.com.br/otociriax-20mgml-10mgml-1-frasco-gotejador-com-5ml-de-suspensao-de-uso-otologico/p
VeraCruz;7896676413731;MYTEDOM 10MG C/20 CPR;Disponível;50,24;38,18;-24.0%;40,19;-20.0%;Psicotrópicos;24745;https://www.drogariaveracruz.com.br/mytedom-10mg-c20-cpr/p
VeraCruz;7898037084819;Arnica Montana 6CH Almeida Prado Gotas 15ml;Disponível;32,90;31,26;-5.0%;32,90;-0.0%;Dor e Febre > Anti-Inflamatórios;18076;https://www.drogariaveracruz.com.br/arnica-montana-6ch-almeida-prado-gotas-15ml/p
VeraCruz;7896006210788;Doxaprost 4mg 30 comprimidos;Disponível;74,65;34,04;-54.4%;35,83;-52.0%;Saúde Masculina > Próstata;13267;https://www.drogariaveracruz.com.br/doxaprost-4mg-30-comprimidos/p
VeraCruz;7898087340040;Loção Oleosa Dersani 100ml;Disponível;49,50;39,98;-19.2%;42,08;-15.0%;Pele e Mucosa;12627;https://www.drogariaveracruz.com.br/locao-oleosa-dersani-100ml/p
VeraCruz;7899640810345;ASSERT 100MG C/30 CPR;Disponível;0;0;0;0;0;Psicotrópicos;24900;https://www.drogariaveracruz.com.br/assert-100mg-c30-cpr/p
VeraCruz;7897316801017;Solução Oftálmica Alphagan 0,2% 5ml;Disponível;137,72;107,28;-22.1%;56,47;-59.0%;Olhos > Lubrificantes e Colírios;10901;https://www.drogariaveracruz.com.br/solucao-oftalmica-alphagan-02-5ml/p
VeraCruz;7897930761476;Differin 3mg/g Gel 30g;Disponível;128,77;106,43;-17.3%;56,02;-56.5%;Pele e Mucosa;12088;https://www.drogariaveracruz.com.br/differin-3mgg-gel-30g/p
VeraCruz;7896261002425;MELLERIL 50 MG C/ 20 DRAGEAS;Disponível;0;0;0;0;0;Psicotrópicos;24536;https://www.drogariaveracruz.com.br/melleril-50-mg-c-20-drageas/p
VeraCruz;7896094202047;Cebralat 100mg 60 comprimidos;Disponível;0;0;0;0;0;Sistema Circulatório > Circulação;17770;https://www.drogariaveracruz.com.br/cebralat-100mg-60-comprimidos/p
VeraCruz;7896658021442;Liberaflux 7,5mg/ml Sabor Cereja 100ml;Disponível;0;0;0;0;0;Sistema Respiratório > Expectorante;11109;https://www.drogariaveracruz.com.br/liberaflux-75mgml-sabor-cereja-100ml/p
VeraCruz;7896181900740;Busonid Caps 200mcg Refil 60 cápsulas para inalação;Disponível;54,48;45,03;-17.3%;47,40;-13.0%;Alergias;17474;https://www.drogariaveracruz.com.br/busonid-caps-200mcg-refil-60-capsulas-para-inalacao/p
VeraCruz;7896523210865;Ducodil 5mg 20 Comprimidos;Disponível;11,24;10,68;-5.0%;11,24;-0.0%;Digestão > Laxantes e Reguladores Intestinais;25866;https://www.drogariaveracruz.com.br/ducodil-5mg-20-comprimidos/p
VeraCruz;8903855076393;Lamitor Cd 100mg Torrent 60 Comprimidos Para Suspensão;Disponível;210,60;142,05;-32.5%;74,77;-64.5%;Psicotrópicos;24981;https://www.drogariaveracruz.com.br/lamitor-cd-100mg-torrent-60-comprimidos-para-suspensao/p
VeraCruz;7896241261248;Drenison 4mcg/cm² Oclusivo 1 Rolo com 7,5cm x 200cm;Disponível;144,29;116,52;-19.2%;61,33;-57.5%;Pele e Mucosa;16095;https://www.drogariaveracruz.com.br/drenison-4mcgcm2-oclusivo-1-rolo-com-75cm-x-200cm/p
VeraCruz;7891058022471;Depura 7.000UI 8 cápsulas gelatinosas moles;Disponível;0;0;0;0;0;Vitaminas;18573;https://www.drogariaveracruz.com.br/depura-7000ui-8-capsulas-gelatinosas-moles/p
VeraCruz;7891142981196;Bifilac Sii 30 cápsulas;Disponível;0;0;0;0;0;Digestão > Laxantes e Reguladores Intestinais;20928;https://www.drogariaveracruz.com.br/suplemento-alimentar-bifilac-sii-30-capsulas/p
VeraCruz;7891045007702;TOTELLE - 1,0mg + 0,125mg, 28 drágeas;Disponível;0;0;0;0;0;Hormônios;16977;https://www.drogariaveracruz.com.br/totelle-10mg-0125mg-28-drageas/p
VeraCruz;7896015511166;Sal de Frutas Eno Laranja 2 envelopes com 5g;Disponível;4,98;3,83;-23.1%;4,03;-19.1%;Digestão > Azia e Má Digestão;18301;https://www.drogariaveracruz.com.br/sal-de-frutas-eno-laranja-2-envelopes-com-5g/p
VeraCruz;7896255762991;DEPAKOTE ER 500 MG C/30 CPR;Disponível;158,38;150,46;-5.0%;52,79;-66.7%;Psicotrópicos;24563;https://www.drogariaveracruz.com.br/depakote-er-500-mg-c30-cpr/p
VeraCruz;7891106006507;Flanax 550mg 10 comprimidos revestidos;Disponível;28,99;26,16;-9.8%;27,54;-5.0%;Dor e Febre > Analgésico;11418;https://www.drogariaveracruz.com.br/flanax-550mg-10-comprimidos-revestidos/p
VeraCruz;7897337716239;Gracial 25mcg + 40mcg +125mcg + 30mcg 22 comprimidos;Disponível;61,16;45,32;-25.9%;47,70;-22.0%;Saúde Feminina > Anticoncepcionais;15746;https://www.drogariaveracruz.com.br/gracial-25mcg-40mcg-125mcg-30mcg-22-comprimidos/p
VeraCruz;7896094210745;Glink Met 2,5mg + 500mg 60 comprimidos revestidos;Disponível;0;0;0;0;0;Diabetes;23206;https://www.drogariaveracruz.com.br/glink-met-25mg-500mg-60-comprimidos-revestidos/p
VeraCruz;7898029552210;Diamicron MR 60mg 60 comprimidos de liberação prolongada;Disponível;211,69;160,88;-24.0%;56,45;-73.3%;Diabetes;10094;https://www.drogariaveracruz.com.br/diamicron-mr-60mg-60-comprimidos-de-liberacao-prolongada/p
VeraCruz;7896261000223;Apresolina 50mg 20 drágeas;Disponível;14,10;10,98;-22.1%;11,56;-18.0%;Pressão Alta > Anti-Hipertensivo;11279;https://www.drogariaveracruz.com.br/apresolina-50mg-20-drageas/p
VeraCruz;7896181922247;ZARGUS 1MG C/30 CPR;Disponível;0;0;0;0;0;Psicotrópicos;24790;https://www.drogariaveracruz.com.br/zargus-1mg-c30-cpr/p
VeraCruz;7891268116250;LYRICA 75 MG C/28 CPS;Disponível;0;0;0;0;0;Psicotrópicos;24558;https://www.drogariaveracruz.com.br/lyrica-75-mg-c28-cps/p
VeraCruz;7896637023146;FLANCOX - 300mg, 14 comprimidos revestidos;Disponível;32,63;26,97;-17.3%;28,39;-13.0%;Dor e Febre > Anti-Inflamatórios;11420;https://www.drogariaveracruz.com.br/flancox-300mg-14-comprimidos-revestidos/p
VeraCruz;-;Ablok Plus 25mg + 12,5mg 30 comprimidos;Disponível;26,19;20,15;-23.1%;21,21;-19.0%;Pressão Alta > Anti-Hipertensivo;;https://www.drogariaveracruz.com.br/ablok-plus-25mg-125mg-30-comprimidos/p
VeraCruz;7897473204270;Deriva Micro 1mg/g Gel de Liberação Controlada 30g;Disponível;113,97;97,44;-14.5%;51,29;-55.0%;Pele e Mucosa;12595;https://www.drogariaveracruz.com.br/deriva-micro-1mgg-gel-de-liberacao-controlada-30g/p
VeraCruz;7891142128867;Cizax 10mg 10 comprimidos;Disponível;0;0;0;0;0;Dor e Febre > Anti-Inflamatórios;11593;https://www.drogariaveracruz.com.br/cizax-10mg-10-comprimidos/p
VeraCruz;7896714221847;Flavonid 450mg + 50mg 60 comprimidos revestidos;Disponível;187,97;92,85;-50.6%;97,74;-48.0%;Sistema Circulatório > Circulação;11427;https://www.drogariaveracruz.com.br/flavonid-450mg-50mg-60-comprimidos-revestidos/p
VeraCruz;7897595601773;Sinvastacor 20mg 30 comprimidos revestidos;Disponível;27,36;9,41;-65.6%;9,90;-63.8%;Colesterol e Triglicerídeos;17892;https://www.drogariaveracruz.com.br/sinvastacor-20mg-30-comprimidos-revestidos/p
VeraCruz;7891721016202;Floralyte 45 Sabor Guaraná 500ml;Disponível;0;0;0;0;0;Digestão > Laxantes e Reguladores Intestinais;18229;https://www.drogariaveracruz.com.br/floralyte-45-sabor-guarana-500ml/p
VeraCruz;7898908753097;Vertigoheel 50 comprimidos;Disponível;101,90;85,19;-16.4%;89,67;-12.0%;Sistema Nervoso > Medicamentos Antivertiginosos: Ginkgo, Tanakan, Equitam;19146;https://www.drogariaveracruz.com.br/vertigoheel-50-comprimidos/p
VeraCruz;7894916501477;Sigma Clav Bd 400 + 57mg Suspensão Oral Frasco Com 70ml;Disponível;38,79;31,32;-19.3%;32,97;-15.0%;Antibióticos;23963;https://www.drogariaveracruz.com.br/sigma-clav-bd-400-57mg-suspensao-oral-frasco-com-70ml/p
VeraCruz;7898040321550;Gynopac 4 comprimidos + Creme Ginecológico 35g + 7 aplicadores;Disponível;134,51;111,17;-17.4%;58,51;-56.5%;Saúde Feminina > Creme e óvulos vaginais;15786;https://www.drogariaveracruz.com.br/gynopac-4-comprimidos-creme-ginecologico-35g-7-aplicadores/p
VeraCruz;7891317452650;TrokG 064mg/G + 1mg/G 1 Bisnaga Com 30G de Creme de Uso dermatológico;Disponível;33,60;28,41;-15.4%;29,90;-11.0%;Antibióticos;23921;https://www.drogariaveracruz.com.br/trokg-064mgg-1mgg-1-bisnaga-com-30g-de-creme-de-uso-dermatologico/p
VeraCruz;7891317464004;Noex 100mcg Spray Nasal 100 doses;Disponível;80,87;63,76;-21.2%;67,12;-17.0%;Alergias;16835;https://www.drogariaveracruz.com.br/noex-100mcg-spray-nasal-100-doses/p
VeraCruz;7896094211025;Lenços Nasais Umedecidos Salsep Kids 30un;Disponível;0;0;0;0;0;Sistema Respiratório > Descongestionantes;19491;https://www.drogariaveracruz.com.br/lencos-nasais-umedecidos-salsep-kids-30un/p
VeraCruz;7898928257049;Niquitin 2mg Sabor Menta 4 pastilhas;Disponível;0;0;0;0;0;Antitabagismo > Pastilhas Mastigáveis e Comprimidos;13089;https://www.drogariaveracruz.com.br/niquitin-2mg-sabor-menta-4-pastilhas/p
VeraCruz;7896006240419;Mucofan 20mg/ml Xarope Sabor Artificial Cereja 100ml;Disponível;0;0;0;0;0;Sistema Respiratório > Expectorante;11877;https://www.drogariaveracruz.com.br/mucofan-20mgml-xarope-sabor-artificial-cereja-100ml/p
VeraCruz;7896658003394;Levoid 175mcg 30 comprimidos;Disponível;37,05;29,21;-21.2%;30,75;-17.0%;Hormônios;17863;https://www.drogariaveracruz.com.br/levoid-175mcg-30-comprimidos/p
VeraCruz;7896094207608;RECONTER 10MG C/30 CPR;Disponível;109,71;78,17;-28.7%;82,28;-25.0%;Psicotrópicos;24864;https://www.drogariaveracruz.com.br/reconter-10mg-c30-cpr/p
VeraCruz;7891268102161;Citalor 10mg 30 comprimidos revestidos;Disponível;0;0;0;0;0;Colesterol e Triglicerídeos;11583;https://www.drogariaveracruz.com.br/citalor-10mg-30-comprimidos-revestidos/p
VeraCruz;7891058017392;Dorflex 10 comprimidos;Disponível;8,51;7,28;-14.5%;7,66;-10.0%;Dor e Febre > Analgésico;12114;https://www.drogariaveracruz.com.br/analgesico-dorflex-10-comprimidos/p
VeraCruz;7891058000165;Novalgina 500mg/ml 20ml;Disponível;32,44;27,74;-14.5%;29,20;-10.0%;Dor e Febre > Analgésico;16834;https://www.drogariaveracruz.com.br/analgesico-novalgina-500mgml-20ml/p
VeraCruz;7896637023108;Levoxin 500mg 10 comprimidos revestidos;Disponível;0;0;0;0;0;Antibióticos;23916;https://www.drogariaveracruz.com.br/levoxin-500mg-10-comprimidos-revestidos/p
VeraCruz;7891317002961;COQUES - 200mg, 30 cápsulas gelatinosas duras;Disponível;0;0;0;0;0;Psicotrópicos;24256;https://www.drogariaveracruz.com.br/coques-200mg-30-capsulas-gelatinosas-duras/p
VeraCruz;7896523206271;Spray Ciflogex Sabor Mel 30ml;Disponível;32,18;18,34;-43.0%;19,31;-40.0%;Dor e Febre > Dor de Garganta;13258;https://www.drogariaveracruz.com.br/spray-ciflogex-sabor-mel-30ml/p
VeraCruz;7897851200603;MONOCORDIL RETARD - 50mg, 30 cápsulas;Disponível;0;0;0;0;0;Sistema Circulatório > Circulação;16713;https://www.drogariaveracruz.com.br/monocordil-retard-50mg-30-capsulas/p
VeraCruz;7896676435030;CRISAPINA 2,5MG C/30 CPR;Disponível;0;0;0;0;0;Psicotrópicos;24919;https://www.drogariaveracruz.com.br/crisapina-25mg-c30-cpr/p
VeraCruz;7896261006867;RITALINA LA 30 MG C/30 CPR;Disponível;0;0;0;0;0;Psicotrópicos;24755;https://www.drogariaveracruz.com.br/ritalina-la-30-mg-c30-cpr/p
VeraCruz;7898040326524;Maresis AR 0,9% Spray 150ml;Disponível;85,40;81,13;-5.0%;85,40;-0.0%;Sistema Respiratório > Descongestionantes;15764;https://www.drogariaveracruz.com.br/maresis-ar-09-spray-150ml/p
VeraCruz;7899095205420;OMENAX - 40mg, 28 cápsulas gelatinosas duras;Disponível;0;0;0;0;0;Digestão > Úlcera e Gastrite;13461;https://www.drogariaveracruz.com.br/omenax-40mg-28-capsulas-gelatinosas-duras/p
VeraCruz;7896016807800;Eliquis 5mg 60 comprimidos revestidos;Disponível;0;0;0;0;0;Sistema Circulatório > Circulação;10579;https://www.drogariaveracruz.com.br/eliquis-5mg-60-comprimidos-revestidos/p
VeraCruz;7891058020071;Depura - 1000UI, 30 comprimidos revestidos;Disponível;0;0;0;0;0;Vitaminas;16604;https://www.drogariaveracruz.com.br/depura-1000ui-30-comprimidos-revestidos/p
VeraCruz;7896206402396;Crestor 20mg 30 comprimidos revestidos;Disponível;404,06;383,86;-5.0%;134,69;-66.7%;Colesterol e Triglicerídeos;10343;https://www.drogariaveracruz.com.br/crestor-20mg-30-comprimidos-revestidos/p
VeraCruz;7896658035227;Naucloz 50mg 15 Comprimidos;Disponível;48,49;46,07;-5.0%;48,49;-0.0%;Digestão > Náuseas;26805;https://www.drogariaveracruz.com.br/naucloz-50mg-15-comprimidos/p
VeraCruz;7897460401422;Silimalon 70mg + 100mg 30 Drágeas;Disponível;75,90;62,73;-17.4%;66,03;-13.0%;Digestão > Azia e Má Digestão;13710;https://www.drogariaveracruz.com.br/silimalon-70mg-100mg-30-drageas/p
VeraCruz;7896658003172;Decadron Injetável 2mg/ml 2 ampolas com 1ml cada;Disponível;0;0;0;0;0;Dor e Febre > Anti-Inflamatórios;12603;https://www.drogariaveracruz.com.br/decadron-injetavel-2mgml-2-ampolas-com-1ml-cada/p
VeraCruz;7896269900822;Valtrex 500mg 42 comprimidos revestidos;Disponível;0;0;0;0;0;Sistema Imunológico;19347;https://www.drogariaveracruz.com.br/valtrex-500mg-42-comprimidos-revestidos/p
VeraCruz;7891058008635;Analgésico Novalgina 500mg 30 comprimidos;Disponível;46,94;41,47;-11.7%;43,65;-7.0%;Dor e Febre > Analgésico;11988;https://www.drogariaveracruz.com.br/analgesico-novalgina-500mg-30-comprimidos/p
VeraCruz;7891010256630;Tylenol DC Paracetamol 500mg + Cafeína 65mg Dor de Cabeça 10 comprimidos;Disponível;22,13;21,02;-5.0%;22,13;-0.0%;Dor e Febre > Analgésico;25817;https://www.drogariaveracruz.com.br/tylenol-dc-paracetamol-500mg-cafeina-65mg-dor-de-cabeca-10-comprimidos/p
VeraCruz;7898946435238;Follatus Equaliv 60 cápsulas;Disponível;0;0;0;0;0;Saúde Feminina > Gestante;13290;https://www.drogariaveracruz.com.br/suplemento-vitaminico-equaliv-follatus-com-60-capsulas/p
VeraCruz;7908236800124;ZOLOFT - 50mg, 30 comprimidos revestidos;Disponível;157,63;116,80;-25.9%;61,48;-61.0%;Psicotrópicos;24222;https://www.drogariaveracruz.com.br/zoloft-50mg-30-comprimidos-revestidos/p
VeraCruz;7898581710578;Noripurum 10mg/ml Xarope 120ml;Disponível;36,10;31,55;-12.6%;33,21;-8.0%;Sistema Imunológico;12008;https://www.drogariaveracruz.com.br/noripurum-10mgml-xarope-120ml/p
VeraCruz;7898168006278;Bacrocin 20mg/G 1 Bisnaga Com 15G de Pomada de Uso dermatológico;Disponível;0;0;0;0;0;Antibióticos;23907;https://www.drogariaveracruz.com.br/bacrocin-20mgg-1-bisnaga-com-15g-de-pomada-de-uso-dermatologico/p
VeraCruz;7896658033445;Trezor 40mg 30 comprimidos revestidos;Disponível;128,39;96,36;-24.9%;50,72;-60.5%;Colesterol e Triglicerídeos;18492;https://www.drogariaveracruz.com.br/trezor-40mg-30-comprimidos-revestidos/p
VeraCruz;7501006718065;Chá Vick Pyrena Sabor Maçã e Canela 5g;Disponível;5,67;5,39;-4.9%;5,67;-0.0%;Sistema Respiratório > Antigripais;17987;https://www.drogariaveracruz.com.br/cha-vick-pyrena-sabor-maca-e-canela-5g/p
VeraCruz;7896094929982;Lisador Muscular com 6 Comprimidos;Disponível;13,50;12,83;-5.0%;13,50;-0.0%;Dor e Febre;27326;https://www.drogariaveracruz.com.br/lisador-muscular-com-6-comprimidos/p
VeraCruz;7898107240060;Carbogel Gel Para Ultrassom 250g;Disponível;9,90;9,41;-4.9%;9,90;-0.0%;Pele e Mucosa;25828;https://www.drogariaveracruz.com.br/carbogel-gel-para-ultrassom-250g/p
VeraCruz;7896676418958;Escena 20mg 30 Comprimidos Revestidos C1;Disponível;0;0;0;0;0;Psicotrópicos;24418;https://www.drogariaveracruz.com.br/escena-20mg-30-comprimidos-revestidos-c1/p
VeraCruz;7891142201638;Alivium 400mg 10 cápsulas líquidas;Disponível;33,48;28,62;-14.5%;30,13;-10.0%;Dor e Febre > Analgésico;17627;https://www.drogariaveracruz.com.br/alivium-400mg-10-capsulas-liquidas/p
VeraCruz;7898040320942;Otosporin 10mg/ml + 10.000Ui/ml + 5mg/ml 1 Frasco Gotejador Com 10ml de Suspensão de Uso Otológico;Disponível;18,19;15,38;-15.4%;16,19;-11.0%;Antibióticos;23951;https://www.drogariaveracruz.com.br/otosporin-10mgml-10000uiml-5mgml-1-frasco-gotejador-com-10ml-de-suspensao-de-uso-otologico/p
VeraCruz;7896269900068;Aerolin Solução para Nebulização Nasal 5mg/ml 10ml;Disponível;0;0;0;0;0;Sistema Respiratório > Asma;17614;https://www.drogariaveracruz.com.br/aerolin-solucao-para-nebulizacao-nasal-5mgml-10ml/p
VeraCruz;7896083410552;Cognitus 225mg 60 comprimidos revestidos;Disponível;152,65;126,17;-17.3%;66,41;-56.5%;Sistema Nervoso > Distúrbios Cerebrais;15310;https://www.drogariaveracruz.com.br/cognitus-225mg-com-60-comprimidos/p
VeraCruz;7908236800049;CELEBRA 200 MG C/10 CPS;Disponível;81,98;62,30;-24.0%;65,58;-20.0%;Psicotrópicos;24792;https://www.drogariaveracruz.com.br/celebra-200-mg-c10-cps/p
VeraCruz;7893454714325;Benerva 300mg 30 comprimidos revestidos;Disponível;35,20;30,43;-13.6%;32,03;-9.0%;Vitaminas;17670;https://www.drogariaveracruz.com.br/benerva-300mg-30-comprimidos-revestidos/p
VeraCruz;7896658033520;Levty 10.000 U.FCC 30 comprimidos;Disponível;70,30;61,45;-12.6%;64,68;-8.0%;Saúde Feminina > Cólica;18908;https://www.drogariaveracruz.com.br/suplemento-alimentar-de-lactase-levty-30-comprimidos-com-10000-ufcc-cada/p
VeraCruz;7896004763576;Sulfato de Hidroxicloroquina 400mg EMS 30 comprimidos revestidos;Disponível;95,19;90,43;-5.0%;95,19;-0.0%;Para os Ossos > Artrite e Artrose;20854;https://www.drogariaveracruz.com.br/sulfato-de-hidroxicloroquina-400mg-ems-30-comprimidos-revestidos/p
VeraCruz;7896112408864;Gel Bucal Gengi Baby Gel 10g;Disponível;81,58;68,20;-16.4%;71,79;-12.0%;Pele e Mucosa;14020;https://www.drogariaveracruz.com.br/gel-bucal-gengi-baby-gel-10g/p
VeraCruz;7891010970888;Nicorette 4mg Icemint 30 gomas mastigáveis;Disponível;112,98;88,01;-22.1%;92,64;-18.0%;Antitabagismo > Pastilhas Mastigáveis e Comprimidos;11943;https://www.drogariaveracruz.com.br/nicorette-4mg-icemint-30-gomas-mastigaveis/p
VeraCruz;7898586630246;OXYCONTIN 20MG C/28 CPR;Disponível;0;0;0;0;0;Psicotrópicos;24687;https://www.drogariaveracruz.com.br/oxycontin-20mg-c28-cpr/p
VeraCruz;7896006213123;Colact 667mg/ml Sem Sabor 120ml;Disponível;29,76;25,44;-14.5%;26,78;-10.0%;Digestão > Laxantes e Reguladores Intestinais;25744;https://www.drogariaveracruz.com.br/colact-667mgml-sem-sabor-120ml/p
VeraCruz;7896658034534;Solução Oftálmica Clilon 0,4% 5ml;Disponível;0;0;0;0;0;Olhos > Lubrificantes e Colírios;19390;https://www.drogariaveracruz.com.br/solucao-oftalmica-clilon-04-5ml/p
VeraCruz;7908236800056;CELEBRA 200MG C/15 CPS;Disponível;121,32;91,05;-25.0%;95,84;-21.0%;Psicotrópicos;24796;https://www.drogariaveracruz.com.br/celebra-200mg-c15-cps/p
VeraCruz;7896226102542;Vicog 5mg 30 comprimidos;Disponível;0;0;0;0;0;Sistema Nervoso > Distúrbios Cerebrais;17992;https://www.drogariaveracruz.com.br/vicog-5mg-30-comprimidos/p
VeraCruz;7897460400098;GABALLON - 10mg + 10mg + 0,4mg + 0,8mg + 0,8mg, 1 frasco com 100mL de xarope;Disponível;0;0;0;0;0;Vitaminas;16202;https://www.drogariaveracruz.com.br/gaballon-10mg-10mg-04mg-08mg-08mg-1-frasco-com-100ml-de-xarope/p
VeraCruz;8902220109582;Rosucor 10mg 60 comprimidos revestidos;Disponível;84,36;56,91;-32.5%;59,90;-29.0%;Colesterol e Triglicerídeos;10726;https://www.drogariaveracruz.com.br/rosucor-10mg-60-comprimidos-revestidos/p
VeraCruz;7896006201335;SETH 150MG C/60 CPR;Disponível;73,23;50,79;-30.6%;53,46;-27.0%;Psicotrópicos;24647;https://www.drogariaveracruz.com.br/seth-150mg-c60-cpr/p
VeraCruz;7896331704037;Emulsão Sanasar 250mg/ml 100ml;Disponível;25,51;19,14;-25.0%;20,15;-21.0%;Pele e Mucosa;18329;https://www.drogariaveracruz.com.br/emulsao-sanasar-250mgml-100ml/p
VeraCruz;7894916503754;Aglucose 50mg 30 comprimidos;Disponível;44,36;37,51;-15.4%;39,48;-11.0%;Diabetes;17599;https://www.drogariaveracruz.com.br/aglucose-50mg-30-comprimidos/p
VeraCruz;7896094211056;RECONTER ODT 20MG C/30 CPR;Disponível;0;0;0;0;0;Psicotrópicos;24629;https://www.drogariaveracruz.com.br/reconter-odt-20mg-c30-cpr/p
VeraCruz;7896023704802;Alicura D Com 20 Comprimidos;Disponível;16,90;16,06;-5.0%;16,90;-0.0%;Dor e Febre > Contusão e Relaxante Muscular;27133;https://www.drogariaveracruz.com.br/alicura-d-com-20-comprimidos/p
VeraCruz;7896094208278;Sumaxpro 50mg + 500mg 2 comprimidos revestidos;Disponível;46,26;36,48;-21.1%;38,40;-17.0%;Dor e Febre > Enxaqueca;17943;https://www.drogariaveracruz.com.br/sumaxpro-50mg-500mg-2-comprimidos-revestidos/p
VeraCruz;7896094206380;Naprix 10 mg 30 comprimidos;Disponível;85,05;60,60;-28.7%;63,79;-25.0%;Pressão Alta > Anti-Hipertensivo;16732;https://www.drogariaveracruz.com.br/naprix-10-mg-30-comprimidos/p
VeraCruz;7896094999411;Dramin CapsGel 50mg 10 Cápsulas Mole;Disponível;24,03;21,69;-9.7%;22,83;-5.0%;Digestão > Náuseas;13611;https://www.drogariaveracruz.com.br/dramin-capsgel-50mg-10-capsulas-mole/p
VeraCruz;7896070600904;Flagyl Nistatina 100mg/G + 20.000Ui/G 1 Bisnaga Com 50G de Creme de Uso Ginecológico + 10 Aplicadores;Disponível;0;0;0;0;0;Antibióticos;23830;https://www.drogariaveracruz.com.br/flagyl-nistatina-100mgg-20000uig-1-bisnaga-com-50g-de-creme-de-uso-ginecologico-10-aplicadores/p
VeraCruz;7898029550124;Arcalion 200mg 20 drágeas;Disponível;0;0;0;0;0;Sistema Nervoso > Antidepressivos;11302;https://www.drogariaveracruz.com.br/arcalion-200mg-20-drageas/p
VeraCruz;7898590870201;Duplostat Abbott Suplemento Alimentar Com 60 Cápsulas Moles;Disponível;128,50;115,98;-9.7%;61,04;-52.5%;Colesterol e Triglicerídeos;10111;https://www.drogariaveracruz.com.br/duplostat-800mg-abbott-60-capsulas-gelatinosas-moles/p
VeraCruz;7897705202425;Insulina Fiasp 100U FlexTouch 3ml Com 1 Caneta;Disponível;66,52;54,35;-18.3%;57,21;-14.0%;Diabetes;18909;https://www.drogariaveracruz.com.br/insulina-fiasp-100u-flextouch-3ml-com-1-caneta/p
VeraCruz;7899420506918;COD PAR 500/30MG C/12 CPR;Disponível;0;0;0;0;0;Psicotrópicos;24686;https://www.drogariaveracruz.com.br/cod-par-50030mg-c12-cpr/p
VeraCruz;7897930760172;Rozex 7,5mg/g Gel 30g;Disponível;116,35;99,48;-14.5%;52,36;-55.0%;Dor e Febre > Anti-Inflamatórios;10735;https://www.drogariaveracruz.com.br/rozex-75mgg-gel-30g/p
VeraCruz;7891058159054;Amaryl 1mg, 30 comprimidos;Disponível;0;0;0;0;0;Diabetes;10906;https://www.drogariaveracruz.com.br/amaryl-1mg-30-comprimidos/p
VeraCruz;7896255715003;NIAR 5MG C/30 CPR;Disponível;0;0;0;0;0;Psicotrópicos;24833;https://www.drogariaveracruz.com.br/niar-5mg-c30-cpr/p
VeraCruz;7896658029240;REGRESSA 16MG C/30 CPS;Disponível;0;0;0;0;0;Psicotrópicos;25009;https://www.drogariaveracruz.com.br/regressa-16mg-c30-cps/p
VeraCruz;7896094999565;Neosaldina Dip 1g 4 comprimidos;Disponível;39,98;29,24;-26.9%;30,78;-23.0%;Dor e Febre > Analgésico;14816;https://www.drogariaveracruz.com.br/neosaldina-dip-1g-4-comprimidos/p
VeraCruz;78905108;Minancora Pomada 30g;Disponível;20,97;18,13;-13.5%;19,08;-9.0%;Pele e Mucosa;11889;https://www.drogariaveracruz.com.br/pomada-minancora-30g/p
VeraCruz;7896658033643;Urcip 500mg 14 comprimidos revestidos;Disponível;0;0;0;0;0;Antibióticos;23874;https://www.drogariaveracruz.com.br/urcip-500mg-14-comprimidos-revestidos/p
VeraCruz;7891721201912;Elpenzo 20mg, 30 Comprimidos Revestidos;Disponível;0;0;0;0;0;Colesterol e Triglicerídeos;18819;https://www.drogariaveracruz.com.br/elpenzo-20mg-30-comprimidos-revestidos/p
VeraCruz;5702191025620;Icaden 10mg/g Creme Dermatológico 20g;Disponível;52,34;46,25;-11.6%;48,68;-7.0%;Pele e Mucosa;12713;https://www.drogariaveracruz.com.br/icaden-10mgg-creme-dermatologico-20g/p
VeraCruz;8903855062006;VENLIFT OD - 75mg, 30 cápsulas gelatinosas duras;Disponível;119,72;79,61;-33.5%;83,80;-30.0%;Psicotrópicos;24138;https://www.drogariaveracruz.com.br/venlift-od-75mg-30-capsulas-gelatinosas-duras/p
VeraCruz;7897129301223;Micolamina 10mg/ml Loção Spray 50ml;Disponível;98,80;78,84;-20.2%;82,99;-16.0%;Pele e Mucosa;18424;https://www.drogariaveracruz.com.br/micolamina-10mgml-locao-spray-50ml/p
VeraCruz;7896004821467;Sitglu Met 50mg + 850mg 56 comprimidos revestidos;Disponível;110,58;86,15;-22.1%;90,68;-18.0%;Diabetes;23698;https://www.drogariaveracruz.com.br/sitglu-met-50mg-850mg-56-comprimidos-revestidos/p
VeraCruz;7894916513180;Bupium XL 300mg Ems 30 Comprimidos De Liberação Prolongada;Disponível;0;0;0;0;0;Psicotrópicos;24712;https://www.drogariaveracruz.com.br/bupium-xl-300mg-ems-30-comprimidos-de-liberacao-prolongada/p
VeraCruz;8902220105935;TORVAL CR 500 MG C/30 CPR;Disponível;85,23;60,72;-28.8%;63,92;-25.0%;Psicotrópicos;24978;https://www.drogariaveracruz.com.br/torval-cr-500-mg-c30-cpr/p
VeraCruz;8902220106024;TORVAL CR 300 MG C/30 CPR;Disponível;51,03;37,33;-26.8%;39,29;-23.0%;Psicotrópicos;24977;https://www.drogariaveracruz.com.br/torval-cr-300-mg-c30-cpr/p
VeraCruz;7894916512145;Suplemento Vitamínico Koli D3 Vit 50.000 UI 4 comprimidos revestidos;Disponível;0;0;0;0;0;Vitaminas;24047;https://www.drogariaveracruz.com.br/suplemento-vitaminico-koli-d3-vit-50000-ui-4-comprimidos-revestidos/p
VeraCruz;7896672201424;Clenil Compositum HFA Spray 50mcg + 100mcg 200 doses 10ml;Disponível;65,98;53,90;-18.3%;56,74;-14.0%;Sistema Respiratório > Asma;18109;https://www.drogariaveracruz.com.br/clenil-compositum-hfa-spray-50mcg-100mcg-200-doses-10ml/p
VeraCruz;7891317922580;Holmes 20mg 30 comprimidos revestidos;Disponível;51,18;38,89;-24.0%;40,94;-20.0%;Pressão Alta > Anti-Hipertensivo;21370;https://www.drogariaveracruz.com.br/holmes-20mg-30-comprimidos-revestidos/p
VeraCruz;7896004787534;Linadib 5mg 60 comprimidos revestidos;Disponível;0;0;0;0;0;Diabetes;21786;https://www.drogariaveracruz.com.br/linadib-5mg-60-comprimidos-revestidos/p
VeraCruz;7896026304245;Micardis 40mg 30 comprimidos;Disponível;0;0;0;0;0;Pressão Alta > Anti-Hipertensivo;11846;https://www.drogariaveracruz.com.br/micardis-40mg-30-comprimidos/p
VeraCruz;7891721014185;Euthyrox 175mcg 50 comprimidos;Disponível;0;0;0;0;0;Hormônios;11646;https://www.drogariaveracruz.com.br/euthyrox-175mcg-50-comprimidos/p
VeraCruz;7898029551787;Daflon 500mg FFPM 60 comprimidos revestidos;Disponível;227,81;179,63;-21.1%;63,03;-72.3%;Sistema Circulatório > Circulação;12579;https://www.drogariaveracruz.com.br/daflon-500mg-ffpm-60-comprimidos-revestidos/p
VeraCruz;7893454714868;TYLEX - 500mg + 30mg, 24 comprimidos;Disponível;93,23;73,51;-21.2%;77,38;-17.0%;Psicotrópicos;24254;https://www.drogariaveracruz.com.br/tylex-500mg-30mg-24-comprimidos/p
VeraCruz;7898582380572;ADORLAN 50+50MG C/20 CPR;Disponível;0;0;0;0;0;Psicotrópicos;24682;https://www.drogariaveracruz.com.br/adorlan-5050mg-c20-cpr/p
VeraCruz;7896658014345;Biofenac DI 50mg Sabor Cereja 20 comprimidos dispersíveis;Disponível;42,94;35,90;-16.4%;37,79;-12.0%;Dor e Febre > Anti-Inflamatórios;17729;https://www.drogariaveracruz.com.br/biofenac-di-50mg-sabor-cereja-20-comprimidos-dispersiveis/p
VeraCruz;7896676432886;Regencel 10.000Ui/G + 25mg/G + 5mg/G + 5mg/G 1 Bisnaga Com 35G de Pomada de Uso Oftalmológico;Disponível;17,98;15,37;-14.5%;16,18;-10.0%;Antibióticos;23291;https://www.drogariaveracruz.com.br/regencel-10000uig-25mgg-5mgg-5mgg-1-bisnaga-com-35g-de-pomada-de-uso-oftalmologico/p
VeraCruz;7896261000025;Voltaren SR 75mg 20 comprimidos revestidos de liberação prolongada;Disponível;62,57;51,72;-17.3%;54,44;-13.0%;Dor e Febre > Anti-Inflamatórios;11223;https://www.drogariaveracruz.com.br/voltaren-sr-75mg-20-comprimidos-revestidos-de-liberacao-prolongada/p
VeraCruz;7896094920545;LUNE SL 5MG C/30 CPR;Disponível;0;0;0;0;0;Psicotrópicos;24716;https://www.drogariaveracruz.com.br/lune-sl-5mg-c30-cpr/p
VeraCruz;5702191007916;Daivobet 50mcg/g + 0,5mg/g Pomada Dermatológico 30g;Disponível;158,80;129,74;-18.3%;68,29;-57.0%;Dor e Febre > Anti-Inflamatórios;12583;https://www.drogariaveracruz.com.br/daivobet-50mcgg-05mgg-pomada-dermatologico-30g/p
VeraCruz;7891721201660;Glivance XR 500mg + 30mg, Merck 60 comprimidos de liberação prolongada;Disponível;0;0;0;0;0;Diabetes;18873;https://www.drogariaveracruz.com.br/glivance-xr-500mg-30mg-merck-60-comprimidos-de-liberacao-prolongada/p
VeraCruz;7896206401160;Atacand 8mg 30 comprimidos;Disponível;0;0;0;0;0;Pressão Alta > Anti-Hipertensivo;10451;https://www.drogariaveracruz.com.br/atacand-8mg-30-comprimidos/p
VeraCruz;7896112416135;Lipless 100mg 60 comprimidos;Disponível;0;0;0;0;0;Colesterol e Triglicerídeos;12737;https://www.drogariaveracruz.com.br/lipless-100mg-60-comprimidos/p
VeraCruz;7896006234517;Tandriflan Diclofenaco Sódico 50mg + Carisoprodol 125mg + Paracetamol 300mg + Cafeína 30mg 30 comprimidos;Disponível;44,50;14,80;-66.7%;15,58;-65.0%;Dor e Febre > Anti-Inflamatórios;26820;https://www.drogariaveracruz.com.br/tandriflan-diclofenaco-sodico-50mg-carisoprodol-125mg-paracetamol-300mg-cafeina-30mg-30-comprimidos/p
VeraCruz;7892953208335;Fenazic 7,5mg 30 comprimidos revestidos de liberação prolongada;Disponível;161,80;127,58;-21.1%;67,15;-58.5%;Saúde Feminina > Medicamentos Urinários;20262;https://www.drogariaveracruz.com.br/fenazic-75mg-30-comprimidos-revestidos-de-liberacao-prolongada/p
VeraCruz;7896523209364;Loção Pediletan 1% 60ml + Pente Fino;Disponível;31,14;19,52;-37.3%;20,55;-34.0%;Tratamento Capilar > Piolhos;12814;https://www.drogariaveracruz.com.br/locao-pediletan-1-60ml-pente-fino/p
VeraCruz;7896206403126;ATACAND COMB - 16mg + 2,5mg, 30 comprimidos de liberação prolongada;Disponível;0;0;0;0;0;Pressão Alta > Anti-Hipertensivo;10455;https://www.drogariaveracruz.com.br/atacand-comb-16mg-25mg-30-comprimidos-de-liberacao-prolongada/p
VeraCruz;7896658004018;Flagass 75mg/ml Sabor Laranja 10ml;Disponível;28,90;25,54;-11.6%;26,88;-7.0%;Digestão > Antigases;11417;https://www.drogariaveracruz.com.br/flagass-75mgml-sabor-laranja-10ml/p
VeraCruz;7896004769943;Repoflor 250mg 10 envelopes;Disponível;73,55;43,32;-41.1%;45,60;-38.0%;Digestão > Diarréia;20816;https://www.drogariaveracruz.com.br/repoflor-250mg-10-envelopes/p
VeraCruz;7897322711430;Umma 20mg/g Creme Ginecológico 6,5g + 1 aplicador;Disponível;116,77;98,73;-15.4%;51,97;-55.5%;Saúde Feminina > Creme e óvulos vaginais;13181;https://www.drogariaveracruz.com.br/umma-20mgg-creme-ginecologico-65g-1-aplicador/p
VeraCruz;4987188521113;Salonpas Pain Relief Patch 5 adesivos;Disponível;35,19;29,09;-17.3%;30,62;-13.0%;Dor e Febre > Anti-Inflamatórios;18323;https://www.drogariaveracruz.com.br/salonpas-pain-relief-patch-5-adesivos/p
VeraCruz;7897322709475;Addera D3 7.000UI 10 comprimidos revestidos;Disponível;91,54;80,87;-11.7%;85,13;-7.0%;Vitaminas;17352;https://www.drogariaveracruz.com.br/vitamina-d3-addera-d3-7000ui-10-comprimidos-revestidos/p
VeraCruz;7898133131011;Maxalgina 500mg/ml Gotas Sabor Abacaxi 20ml;Disponível;7,01;5,20;-25.8%;5,47;-22.0%;Dor e Febre > Analgésico;16287;https://www.drogariaveracruz.com.br/maxalgina-500mgml-gotas-sabor-abacaxi-20ml/p
VeraCruz;7896181916246;Angipress 50mg 30 comprimidos;Disponível;39,95;31,50;-21.2%;33,16;-17.0%;Pressão Alta > Anti-Hipertensivo;11287;https://www.drogariaveracruz.com.br/angipress-50mg-30-comprimidos/p
VeraCruz;7896015522506;Aerolin Nebules 2,5mg/2,5ml 20 flaconetes;Disponível;0;0;0;0;0;Sistema Respiratório > Asma;10447;https://www.drogariaveracruz.com.br/aerolin-nebules-25mg25ml-20-flaconetes/p
VeraCruz;7896094207585;ZIDER 10MG C/60 CPR;Disponível;0;0;0;0;0;Psicotrópicos;24782;https://www.drogariaveracruz.com.br/zider-10mg-c60-cpr/p
VeraCruz;7896112421498;Xefo 8mg 30 comprimidos revestidos;Disponível;54,33;43,87;-19.3%;46,18;-15.0%;Dor e Febre > Anti-Inflamatórios;18011;https://www.drogariaveracruz.com.br/xefo-8mg-30-comprimidos-revestidos/p
VeraCruz;7891317004378;Filinar 25mg/5ml Xarope 120ml;Disponível;0;0;0;0;0;Sistema Respiratório > Expectorante;11657;https://www.drogariaveracruz.com.br/filinar-25mg5ml-xarope-120ml/p
VeraCruz;7896641802980;Mesacol 800mg 30 comprimidos revestidos;Disponível;274,86;206,28;-25.0%;72,38;-73.7%;Dor e Febre > Anti-Inflamatórios;16670;https://www.drogariaveracruz.com.br/mesacol-800mg-30-comprimidos-revestidos/p
VeraCruz;7896523227511;Carvedilol 6,25mg Cimed 30 comprimidos;Disponível;29,47;11,20;-62.0%;11,79;-60.0%;Sistema Circulatório > Cardiovasculares;23477;https://www.drogariaveracruz.com.br/carvedilol-625mg-cimed-30-comprimidos/p
VeraCruz;7896658021381;Xarope Notuss 1,5mg/ml Sabor Morango 120ml;Disponível;28,37;24,53;-13.5%;25,82;-9.0%;Sistema Respiratório > Tosse;11981;https://www.drogariaveracruz.com.br/xarope-notuss-15mgml-sabor-morango-120ml/p
VeraCruz;7896676431575;Tempora 50mg 60 comprimidos revestidos;Disponível;0;0;0;0;0;Psicotrópicos;24412;https://www.drogariaveracruz.com.br/tempora-50mg-60-comprimidos-revestidos/p
VeraCruz;7891317411909;Percof 6mg/ml 120ml;Disponível;46,63;39,43;-15.4%;41,50;-11.0%;Sistema Respiratório > Tosse;12832;https://www.drogariaveracruz.com.br/percof-6mgml-120ml/p
VeraCruz;7896261001183;Femara 2,5mg 28 comprimidos revestidos;Disponível;0;0;0;0;0;Oncológicos e Alto Custo;20581;https://www.drogariaveracruz.com.br/femara-25mg-28-comprimidos-revestidos/p
VeraCruz;7896658035234;Naucloz 25mg 15 Comprimidos;Disponível;26,91;25,56;-5.0%;26,91;-0.0%;Digestão > Náuseas;26804;https://www.drogariaveracruz.com.br/naucloz-25mg-15-comprimidos/p
VeraCruz;7891106900775;Cafiaspirina 4 comprimidos;Disponível;7,80;6,75;-13.5%;7,10;-9.0%;Dor e Febre > Enxaqueca;17462;https://www.drogariaveracruz.com.br/analgesico-cafiaspirina-4-comprimidos/p
VeraCruz;7893736003611;Laringex Sabor Menta 16 pastilhas;Disponível;20,55;14,25;-30.7%;15,00;-27.0%;Antitabagismo > Pastilhas Mastigáveis e Comprimidos;15144;https://www.drogariaveracruz.com.br/laringex-sabor-menta-16-pastilhas/p
VeraCruz;7894916503747;Malena HCT 20mg + 12,5mg 30 comprimidos;Disponível;0;0;0;0;0;Pressão Alta > Anti-Hipertensivo;16263;https://www.drogariaveracruz.com.br/malena-hct-20mg-125mg-30-comprimidos/p
VeraCruz;7896226500171;LEXOTAN 6 MG C/20 CPR;Disponível;0;0;0;0;0;Psicotrópicos;24469;https://www.drogariaveracruz.com.br/lexotan-6-mg-c20-cpr/p
VeraCruz;7896094210738;Glink Met 2,5mg + 1.000 60 comprimidos revestidos;Disponível;176,94;141,20;-20.2%;74,32;-58.0%;Diabetes;23208;https://www.drogariaveracruz.com.br/glink-met-25mg-1000-60-comprimidos-revestidos/p
VeraCruz;7897473203082;Aerogold Sulfato de Salbutamol 100mcg Spray 200 Doses;Disponível;46,93;20,06;-57.3%;21,12;-55.0%;Sistema Respiratório > Asma;25858;https://www.drogariaveracruz.com.br/aerogold-sulfato-de-salbutamol-100mcg-spray-200-doses/p
VeraCruz;7896241248287;Level 0,10mg + 0,02mg 21 comprimidos revestidos;Disponível;30,52;22,90;-25.0%;24,11;-21.0%;Saúde Feminina > Anticoncepcionais;17859;https://www.drogariaveracruz.com.br/level-010mg-002mg-21-comprimidos-revestidos/p
VeraCruz;-;Olmy 20mg 30 comprimidos revestidos;Disponível;44,31;34,51;-22.1%;36,33;-18.0%;Pressão Alta;;https://www.drogariaveracruz.com.br/olmy-20mg-30-comprimidos-revestidos/p
VeraCruz;7897411603141;Loxonin Flex 100mg 7 adesivos;Disponível;123,64;108,59;-12.2%;57,16;-53.8%;Dor e Febre > Anti-Inflamatórios;14598;https://www.drogariaveracruz.com.br/loxonin-flex-100mg-7-adesivos/p
VeraCruz;7891106907064;Xarelto 20mg 28 comprimidos revestidos;Disponível;0;0;0;0;0;Sistema Circulatório > Circulação;18009;https://www.drogariaveracruz.com.br/xarelto-20mg-28-comprimidos-revestidos/p
VeraCruz;7896094201453;Siblima 60mcg + 15mcg 24 comprimidos revestidos;Disponível;46,62;34,54;-25.9%;36,36;-22.0%;Saúde Feminina > Anticoncepcionais;12476;https://www.drogariaveracruz.com.br/siblima-60mcg-15mcg-24-comprimidos-revestidos/p
VeraCruz;7898430192586;Lavagem Nasal Nasoar 15 sachês + frasco aplicador;Disponível;38,90;34,37;-11.6%;36,18;-7.0%;Sistema Respiratório > Descongestionantes;23448;https://www.drogariaveracruz.com.br/lavagem-nasal-nasoar-15-saches-frasco-aplicador/p
VeraCruz;7896658027611;Divena 40mg 60 comprimidos;Disponível;123,28;107,75;-12.6%;56,71;-54.0%;Digestão > Úlcera e Gastrite;23048;https://www.drogariaveracruz.com.br/divena-40mg-60-comprimidos/p
VeraCruz;7896112148685;Profergan 25mg 20 comprimidos revestidos;Disponível;12,82;7,43;-42.0%;7,82;-39.0%;Alergias;10710;https://www.drogariaveracruz.com.br/profergan-25mg-20-comprimidos-revestidos/p
VeraCruz;7896094930735;Neosaldina Muscular 20 Comprimidos;Disponível;14,96;14,21;-5.0%;14,96;-0.0%;Dor e Febre > Analgésico;24074;https://www.drogariaveracruz.com.br/neosaldina-muscular-20-comprimidos/p
VeraCruz;7896676422269;AMYTRIL 25MG C/30 CPR;Disponível;49,09;37,31;-24.0%;39,27;-20.0%;Psicotrópicos;24527;https://www.drogariaveracruz.com.br/amytril-25mg-c30-cpr/p
VeraCruz;7896112400165;Doss 50.000UI 4 cápsulas gelatinosas moles;Disponível;107,84;72,74;-32.5%;76,57;-29.0%;Para os Ossos > Osteoporose;13114;https://www.drogariaveracruz.com.br/suplemento-alimentar-doss-50000ui-vitamina-d3-4-capsulas-gelatinosas-moles/p
VeraCruz;7896637031509;Inilok 40mg Apsen 30 Comprimidos;Disponível;73,85;45,60;-38.3%;48,00;-35.0%;Digestão > Úlcera e Gastrite;13613;https://www.drogariaveracruz.com.br/inilok-40mg-apsen-30-comprimidos/p
VeraCruz;7896523206660;Sinvastamed 20mg One Farma 30 comprimidos revestidos;Disponível;0;0;0;0;0;Colesterol e Triglicerídeos;17894;https://www.drogariaveracruz.com.br/sinvastamed-20mg-one-farma-30-comprimidos-revestidos/p
VeraCruz;7896261003996;Flotac 70mg 10 cápsulas;Disponível;37,45;31,31;-16.4%;32,96;-12.0%;Dor e Febre > Anti-Inflamatórios;18246;https://www.drogariaveracruz.com.br/flotac-70mg-10-capsulas/p
VeraCruz;7896227800881;Salonpas Adesivos Pequeno 4un;Disponível;4,98;4,11;-17.5%;4,33;-13.1%;Dor e Febre > Anti-Inflamatórios;19072;https://www.drogariaveracruz.com.br/adesivos-salonpas-pequeno-4un/p
VeraCruz;-;Ablok Plus 25mg + 12,5mg 60 comprimidos;Disponível;52,45;39,86;-24.0%;41,96;-20.0%;Pressão Alta > Anti-Hipertensivo;;https://www.drogariaveracruz.com.br/ablok-plus-25mg-125mg-60-comprimidos/p
VeraCruz;7896658007309;Fentizol Óvulo 600mg 1 óvulo + 1 aplicador;Disponível;93,20;77,92;-16.4%;82,02;-12.0%;Saúde Feminina > Creme e óvulos vaginais;11678;https://www.drogariaveracruz.com.br/fentizol-ovulo-600mg-1-ovulo-1-aplicador/p
VeraCruz;7896422513265;OsteoNutri 600mg + 400UI 30 comprimidos revestidos;Disponível;97,50;92,63;-5.0%;97,50;-0.0%;Para os Ossos > Artrite e Artrose;12383;https://www.drogariaveracruz.com.br/osteonutri-600mg-400ui-30-comprimidos-revestidos/p
VeraCruz;7896658005084;Nisulid Dispersível 100mg 12 comprimidos dispersíveis;Disponível;74,89;60,48;-19.2%;63,66;-15.0%;Dor e Febre > Anti-Inflamatórios;16792;https://www.drogariaveracruz.com.br/nisulid-dispersivel-100mg-12-comprimidos-dispersiveis/p
VeraCruz;7893454100654;Dermosalic 0,5mg/ml + 20,0mg/ml 30ml;Disponível;53,06;22,69;-57.2%;23,88;-55.0%;Dor e Febre > Anti-Inflamatórios;12617;https://www.drogariaveracruz.com.br/dermosalic-05mgml-200mgml-30ml/p
VeraCruz;7896281152780;Artrodar 50mg 60 Cápsulas;Disponível;534,09;507,39;-5.0%;178,03;-66.7%;Para os Ossos > Artrite e Artrose;26803;https://www.drogariaveracruz.com.br/artrodar-50mg-60-capsulas/p
VeraCruz;7891106905930;GYNERA - 0,075mg + 0,03mg, 21 drágeas;Disponível;0;0;0;0;0;Saúde Feminina > Anticoncepcionais;15781;https://www.drogariaveracruz.com.br/gynera-0075mg-003mg-21-drageas/p
VeraCruz;7897411603103;DAISAN 37,5/325MG C/20 CPR;Disponível;72,73;55,96;-23.1%;58,91;-19.0%;Psicotrópicos;24573;https://www.drogariaveracruz.com.br/daisan-375325mg-c20-cpr/p
VeraCruz;7896658004858;Artrolive 500mg + 400mg 30 cápsulas;Disponível;0;0;0;0;0;Para os Ossos > Artrite e Artrose;18088;https://www.drogariaveracruz.com.br/artrolive-500mg-400mg-30-capsulas/p
VeraCruz;7500435188067;Vick Pyrena Grip-7 20 Cápsulas;Disponível;30,10;26,88;-10.7%;28,29;-6.0%;Sistema Respiratório > Antigripais;14813;https://www.drogariaveracruz.com.br/vick-pyrena-grip-7-20-capsulas/p
VeraCruz;7898040322199;Reduclim 1,25mg 35 comprimidos;Disponível;0;0;0;0;0;Hormônios;12885;https://www.drogariaveracruz.com.br/reduclim-125mg-35-comprimidos/p
VeraCruz;7896658022890;DONILA DUO 10/10MG C/7 CPR;Disponível;0;0;0;0;0;Psicotrópicos;24835;https://www.drogariaveracruz.com.br/donila-duo-1010mg-c7-cpr/p
VeraCruz;7891268404029;Mylanta Plus Sabor Menta 240ml;Disponível;60,02;51,32;-14.5%;54,02;-10.0%;Digestão > Azia e Má Digestão;16702;https://www.drogariaveracruz.com.br/antiacido-mylanta-plus-sabor-menta-240ml/p
VeraCruz;7891317191672;Pergo 2mg/ml 120ml;Disponível;0;0;0;0;0;Alergias;12833;https://www.drogariaveracruz.com.br/pergo-2mgml-120ml/p
VeraCruz;7896015526382;NASOCLEAN - 9mg/mL, 1 frasco com 100mL de solução de uso nasal;Disponível;0;0;0;0;0;Sistema Respiratório > Antigripais;16760;https://www.drogariaveracruz.com.br/nasoclean-9mgml-1-frasco-com-100ml-de-solucao-de-uso-nasal/p
VeraCruz;7896658038129;Tormiv SL 10mg Sabor Limão 20 comprimidos sublinguais;Disponível;49,41;39,90;-19.2%;42,00;-15.0%;Dor e Febre > Analgésico;19401;https://www.drogariaveracruz.com.br/tormiv-sl-10mg-sabor-limao-20-comprimidos-sublinguais/p
VeraCruz;7897337712934;Xarope Desalex 100ml;Disponível;96,73;80,86;-16.4%;85,12;-12.0%;Alergias;11395;https://www.drogariaveracruz.com.br/xarope-desalex-100ml/p
VeraCruz;7897572000933;Sandrena 0,1mg Gel 28 sachês com 1g;Disponível;94,72;72,88;-23.1%;76,72;-19.0%;Hormônios;18332;https://www.drogariaveracruz.com.br/sandrena-01mg-gel-28-saches-com-1g/p
VeraCruz;7897595901446;Puran T4 125mcg 30 comprimidos;Disponível;25,49;17,68;-30.6%;18,61;-27.0%;Hormônios;12878;https://www.drogariaveracruz.com.br/puran-t4-125mcg-30-comprimidos-11882/p
VeraCruz;7896241293669;Vasopril 10mg 30 comprimidos;Disponível;0;0;0;0;0;Pressão Alta > Anti-Hipertensivo;17590;https://www.drogariaveracruz.com.br/vasopril-10mg-30-comprimidos/p
VeraCruz;7896523206547;Valerimed 50mg 20 comprimidos revestidos;Disponível;0;0;0;0;0;Sistema Nervoso > Calmantes;17569;https://www.drogariaveracruz.com.br/valerimed-50mg-20-comprimidos-revestidos/p
VeraCruz;7894916503389;Tenadren 40mg + 12,5mg 30 comprimidos;Disponível;15,57;11,84;-24.0%;12,46;-20.0%;Pressão Alta > Anti-Hipertensivo;16488;https://www.drogariaveracruz.com.br/tenadren-40mg-125mg-30-comprimidos/p
VeraCruz;7891317013820;ALGICOD 500/30MG C/24 CPR;Disponível;0;0;0;0;0;Psicotrópicos;24672;https://www.drogariaveracruz.com.br/algicod-50030mg-c24-cpr/p
VeraCruz;7897705201916;TRESIBA FLEXTOUCH - 100U/mL, 1 carpule com 3mL de solução de uso subcutâneo + 1 sistema de aplicação;Disponível;0;0;0;0;0;Diabetes;17521;https://www.drogariaveracruz.com.br/tresiba-flextouch-100uml-1-carpule-com-3ml-de-solucao-de-uso-subcutaneo-1-sistema-de-aplicacao/p
VeraCruz;7506339305142;Teste de Gravidez Clearblue Plus 2un;Disponível;33,90;29,31;-13.5%;30,85;-9.0%;Saúde Feminina > Teste de Gravidez;22667;https://www.drogariaveracruz.com.br/teste-de-gravidez-clearblue-plus-2un/p
VeraCruz;7894916507998;BUPIUM 150MG C/60 CPR;Disponível;0;0;0;0;0;Psicotrópicos;24493;https://www.drogariaveracruz.com.br/bupium-150mg-c60-cpr/p
VeraCruz;7899470803975;Varivax 300mg 30 comprimidos;Disponível;60,90;48,60;-20.2%;51,16;-16.0%;Sistema Circulatório > Circulação;17582;https://www.drogariaveracruz.com.br/varivax-300mg-30-comprimidos/p
VeraCruz;-;Zetsim 10mg + 10mg 30 comprimidos;Disponível;115,79;84,70;-26.9%;89,16;-23.0%;Colesterol e Triglicerídeos;;https://www.drogariaveracruz.com.br/zetsim-10mg-10mg-30-comprimidos/p
VeraCruz;7898029552128;Diamicron MR 30mg 30 comprimidos de liberação prolongada;Disponível;52,92;41,72;-21.2%;43,92;-17.0%;Diabetes;16907;https://www.drogariaveracruz.com.br/diamicron-mr-30mg-30-comprimidos-de-liberacao-prolongada/p
VeraCruz;7891058003029;Lantus Solostar 100UI/ml 1 carpule com 3ml + 1 sistema aplicador;Disponível;125,06;98,61;-21.1%;51,90;-58.5%;Diabetes;11027;https://www.drogariaveracruz.com.br/lantus-solostar-100uiml-1-carpule-com-3ml-1-sistema-aplicador/p
VeraCruz;7896281152018;Artrodar 50mg 30 cápsulas;Disponível;267,05;175,05;-34.5%;61,42;-77.0%;Para os Ossos > Artrite e Artrose;18086;https://www.drogariaveracruz.com.br/artrodar-50mg-30-capsulas/p
VeraCruz;7896112427469;Listo 8mg 10 comprimidos de desintegração oral;Disponível;0;0;0;0;0;Digestão > Náuseas;19632;https://www.drogariaveracruz.com.br/listo-8mg-10-comprimidos-de-desintegracao-oral/p
VeraCruz;7896094904682;Benegrip 20 comprimidos revestidos;Disponível;47,49;41,06;-13.5%;43,22;-9.0%;Sistema Respiratório > Antigripais;17666;https://www.drogariaveracruz.com.br/benegrip-20-comprimidos/p
VeraCruz;7896006290667;Solução Oftálmica Ster MD 1,2mg/ml 10ml;Disponível;0;0;0;0;0;Alergias;11155;https://www.drogariaveracruz.com.br/solucao-oftalmica-ster-md-12mgml-10ml/p
VeraCruz;7899824400331;Minel 200mg 30 comprimidos revestidos;Disponível;179,71;134,87;-25.0%;70,99;-60.5%;Saúde Feminina > Reposição Hormonal;14450;https://www.drogariaveracruz.com.br/minel-200mg-30-comprimidos-revestidos/p
VeraCruz;7896004754833;EMS Pred 3mg/ml 60ml + seringa dosadora;Disponível;0;0;0;0;0;Dor e Febre > Anti-Inflamatórios;14922;https://www.drogariaveracruz.com.br/ems-pred-3mgml-60ml-seringa-dosadora/p
VeraCruz;7897411601482;Effient 10mg 30 comprimidos revestidos;Disponível;480,56;346,97;-27.8%;121,74;-74.7%;Sistema Circulatório > Circulação;10130;https://www.drogariaveracruz.com.br/effient-10mg-30-comprimidos-revestidos/p
VeraCruz;7896672202278;Cicladol 20mg 5 comprimidos;Disponível;51,03;42,18;-17.3%;44,40;-13.0%;Dor e Febre > Anti-Inflamatórios;15212;https://www.drogariaveracruz.com.br/cicladol-20mg-5-comprimidos/p
VeraCruz;7891317003739;Tamiram 500mg 10 comprimidos revestidos;Disponível;184,86;138,74;-24.9%;73,02;-60.5%;Antibióticos;23967;https://www.drogariaveracruz.com.br/tamiram-500mg-10-comprimidos-revestidos/p
VeraCruz;7891317460518;Noex 50mcg Spray Nasal 200 doses;Disponível;80,87;62,99;-22.1%;66,31;-18.0%;Alergias;11973;https://www.drogariaveracruz.com.br/noex-50mcg-spray-nasal-200-doses/p
VeraCruz;7896094926615;Vabam 15mg 15 comprimidos revestidos;Disponível;0;0;0;0;0;Sistema Circulatório > Cardiovasculares;20845;https://www.drogariaveracruz.com.br/vabam-15mg-15-comprimidos-revestidos/p
VeraCruz;7896637023856;Levoxin 750mg 5 comprimidos revestidos;Disponível;0;0;0;0;0;Antibióticos;23870;https://www.drogariaveracruz.com.br/levoxin-750mg-5-comprimidos-revestidos/p
VeraCruz;7896658018787;Bravan HCT 160mg + 25mg 30 comprimidos;Disponível;84,94;68,59;-19.2%;72,20;-15.0%;Pressão Alta > Anti-Hipertensivo;19489;https://www.drogariaveracruz.com.br/bravan-hct-160mg-25mg-30-comprimidos/p
VeraCruz;7898040322540;Solução Nasal Maresis 0,9% Spray Jato Contínuo 100ml;Disponível;55,34;48,90;-11.6%;51,47;-7.0%;Sistema Respiratório > Descongestionantes;12297;https://www.drogariaveracruz.com.br/solucao-nasal-maresis-09-spray-jato-continuo-100ml/p
VeraCruz;7899095200586;Hiluropt 0,15% 10ml;Disponível;50,65;45,71;-9.8%;48,12;-5.0%;Olhos > Lubrificantes e Colírios;23050;https://www.drogariaveracruz.com.br/hiluropt-015-10ml/p
VeraCruz;7891317004866;HELMIBEN - 33,2mg/mL + 20,0mg/mL, 1 frasco com 30mL de suspensão de uso oral;Disponível;0;0;0;0;0;Vermes e Parasitas;12676;https://www.drogariaveracruz.com.br/helmiben-332mgml-200mgml-1-frasco-com-30ml-de-suspensao-de-uso-oral/p
VeraCruz;7896006274506;Scalid 100mg 12 comprimidos;Disponível;0;0;0;0;0;Dor e Febre > Anti-Inflamatórios;19861;https://www.drogariaveracruz.com.br/scalid-100mg-12-comprimidos/p
VeraCruz;7896523210889;Cimegripe 10 Cápsulas;Disponível;15,25;9,13;-40.1%;9,61;-37.0%;Sistema Respiratório > Antigripais;19665;https://www.drogariaveracruz.com.br/cimegripe-10-capsulas/p
VeraCruz;7896641816772;JUNEVE 70MG C/28 CPS GEL;Disponível;0;0;0;0;0;Psicotrópicos;24766;https://www.drogariaveracruz.com.br/juneve-70mg-c28-cps-gel/p
VeraCruz;7891035001116;Nuromol 200mg + 500mg 6 comprimidos revestidos;Disponível;17,89;15,30;-14.5%;16,10;-10.0%;Dor e Febre > Analgésico;19495;https://www.drogariaveracruz.com.br/nuromol-200mg-500mg-6-comprimidos-revestidos/p
VeraCruz;7896641802478;Pantozol 20mg 28 Comprimidos revestidos de liberação retardada;Disponível;0;0;0;0;0;Digestão > Úlcera e Gastrite;17195;https://www.drogariaveracruz.com.br/pantozol-20mg-28-comprimidos-revestidos-de-liberacao-retardada/p
VeraCruz;7896255766777;Creon 10.000 30 cápsulas com minimicroesferas acidorresitentes;Disponível;90,41;69,57;-23.1%;73,23;-19.0%;Digestão > Azia e Má Digestão;10340;https://www.drogariaveracruz.com.br/creon-10000-30-capsulas-com-minimicroesferas-acidorresitentes/p
VeraCruz;7896016804939;Luftal Gel Caps 125mg 10 cápsulas gelatinosas;Disponível;28,99;26,16;-9.8%;27,54;-5.0%;Digestão > Antigases;15893;https://www.drogariaveracruz.com.br/luftal-gel-caps-125mg-10-capsulas-gelatinosas/p
VeraCruz;7896714210018;Doralgina Neo Química 20 drágeas;Disponível;36,46;18,35;-49.7%;19,32;-47.0%;Dor e Febre > Analgésico;12112;https://www.drogariaveracruz.com.br/doralgina-neo-quimica-20-drageas/p
VeraCruz;7896093002464;Pastilhas Vick Drops Sabor Artificial de Limão 10g;Disponível;0;0;0;0;0;Dor e Febre > Dor de Garganta;17984;https://www.drogariaveracruz.com.br/pastilhas-vick-drops-sabor-artificial-de-limao-10g/p
VeraCruz;7898040329693;Floratil AT 250mg 10 cápsulas;Disponível;75,00;59,85;-20.2%;63,00;-16.0%;Digestão > Laxantes e Reguladores Intestinais;18240;https://www.drogariaveracruz.com.br/floratil-at-250mg-10-capsulas/p
VeraCruz;7898074610651;Spidufen 770mg 20 comprimidos revestidos;Disponível;0;0;0;0;0;Dor e Febre > Analgésico;21019;https://www.drogariaveracruz.com.br/spidufen-770mg-20-comprimidos-revestidos/p
VeraCruz;4029799172848;Canephron Com 30 Comprimidos Herbarium;Disponível;136,72;129,88;-5.0%;68,36;-50.0%;Saúde Masculina > Distúrbios Urinários;26209;https://www.drogariaveracruz.com.br/canephron-com-30-comprimidos-herbarium/p
VeraCruz;7898586630192;OXYCONTIN - 10mg, 14 comprimidos revestidos de liberação controlada;Disponível;0;0;0;0;0;Psicotrópicos;24232;https://www.drogariaveracruz.com.br/oxycontin-10mg-14-comprimidos-revestidos-de-liberacao-controlada/p
VeraCruz;7898029551848;Daflon 1000mg FFPM 30 comprimidos revestidos;Disponível;189,20;152,78;-19.2%;53,61;-71.7%;Sistema Circulatório > Circulação;12576;https://www.drogariaveracruz.com.br/daflon-1000mg-ffpm-30-comprimidos-revestidos/p
VeraCruz;7896004720838;Repoflor 200mg 6 cápsulas duras;Disponível;53,74;28,59;-46.8%;30,09;-44.0%;Digestão > Diarréia;16037;https://www.drogariaveracruz.com.br/restaurador-da-flora-intestinal-repoflor-200mg-6-capsulas-duras/p
VeraCruz;7896685303634;Imunoglucan DS 60 cápsulas;Disponível;168,50;160,08;-5.0%;56,17;-66.7%;Sistema Imunológico;13664;https://www.drogariaveracruz.com.br/imunoglucan-ds-60-capsulas/p
VeraCruz;7897411610750;Lactulona 667mg/ml Xarope Sabor Ameixa 120ml;Disponível;62,02;53,62;-13.5%;56,44;-9.0%;Digestão > Laxantes e Reguladores Intestinais;17818;https://www.drogariaveracruz.com.br/lactulona-667mgml-xarope-sabor-ameixa-120ml/p
VeraCruz;7897930760516;Clob - X 0,5mg/g Pomada Dermatológica 30g;Disponível;54,84;44,28;-19.3%;46,61;-15.0%;Alergias;11318;https://www.drogariaveracruz.com.br/clob-x-05mgg-pomada-dermatologica-30g/p
VeraCruz;7896026172905;Dersani Hidrogel 150GR;Disponível;91,90;87,31;-5.0%;91,90;-0.0%;Pele e Mucosa;25472;https://www.drogariaveracruz.com.br/dersani-hidrogel-150gr/p
VeraCruz;7898636193493;Sorox Sabor Limão 550ml;Disponível;12,90;11,28;-12.6%;11,87;-8.0%;Digestão > Laxantes e Reguladores Intestinais;20706;https://www.drogariaveracruz.com.br/suplemento-hidroeletrolitico-sorox-sabor-uva-550ml/p
VeraCruz;7894916507349;Lipistat 20mg 30 comprimidos revestidos;Disponível;0;0;0;0;0;Colesterol e Triglicerídeos;12730;https://www.drogariaveracruz.com.br/lipistat-20mg-30-comprimidos-revestidos/p
VeraCruz;7892953003558;Dutam 0,5mg + 0,4mg 30 cápsulas gelatinosas duras de liberação prolongada;Disponível;122,80;93,33;-24.0%;98,24;-20.0%;Saúde Masculina > Próstata;17021;https://www.drogariaveracruz.com.br/dutam-05mg-04mg-30-capsulas-gelatinosas-duras-de-liberacao-prolongada/p
VeraCruz;7896523201870;Alergomine Maleato de Dexclorfeniramina 2mg 20 comprimidos;Disponível;19,81;18,82;-5.0%;19,81;-0.0%;Alergias;25724;https://www.drogariaveracruz.com.br/alergomine-maleato-de-dexclorfeniramina-2mg-20-comprimidos/p
VeraCruz;7898029557154;Procoralan 7,5mg 56 comprimidos revestidos;Disponível;216,57;205,74;-5.0%;72,19;-66.7%;Sistema Circulatório > Circulação;10689;https://www.drogariaveracruz.com.br/procoralan-75mg-56-comprimidos-revestidos/p
VeraCruz;7897705201145;Levemir Flexpen 100U/ml com 1 sistema de aplicação preenchido 3ml;Disponível;0;0;0;0;0;Diabetes;18622;https://www.drogariaveracruz.com.br/levemir-flexpen-100uml-com-1-sistema-de-aplicacao-preenchido-3ml/p
VeraCruz;7891317101961;Azitromicina Dihidratada 1500Mg 1 Frasco Com 225Ml De Pó Para Preparo Extemporâneo + Frasco Com 17Ml De Diluente;Disponível;45,43;43,16;-5.0%;45,43;-0.0%;Antibióticos;23998;https://www.drogariaveracruz.com.br/azitromicina-dihidratada-1500mg-1-frasco-com-225ml-de-po-para-preparo-extemporaneo-frasco-com-17ml-de-diluente/p
VeraCruz;7898582380015;TRAMAL RET 100MG COM10 CPR;Disponível;163,84;115,18;-29.7%;60,62;-63.0%;Psicotrópicos;24257;https://www.drogariaveracruz.com.br/tramal-ret-100mg-com10-cpr/p
VeraCruz;7896523208404;Nevralgex 300mg + 50mg + 35mg 30 comprimidos;Disponível;25,62;13,14;-48.7%;13,83;-46.0%;Dor e Febre > Analgésico;11936;https://www.drogariaveracruz.com.br/nevralgex-300mg-50mg-35mg-30-comprimidos/p
VeraCruz;-;DILACORON - 80mg, caixa contendo 30 comprimidos revestidos;Disponível;0;0;0;0;0;Pressão Alta > Anti-Hipertensivo;;https://www.drogariaveracruz.com.br/dilacoron-80mg-caixa-contendo-30-comprimidos-revestidos/p
VeraCruz;7898940448579;Targus Lat 40mg 10 adesivos transdérmicos;Disponível;0;0;0;0;0;Dor e Febre > Analgésico;24029;https://www.drogariaveracruz.com.br/targus-lat-40mg-10-adesivos-transdermicos/p
VeraCruz;-;Rosa 20mg 30 comprimidos revestidos;Disponível;83,35;61,76;-25.9%;65,01;-22.0%;Sistema Circulatório > Cardiovasculares;;https://www.drogariaveracruz.com.br/rosa-20mg-30-comprimidos-revestidos/p
VeraCruz;7894916516679;Neutrofer Folato D 30 comprimidos revestidos;Disponível;98,90;80,80;-18.3%;85,05;-14.0%;Saúde Feminina > Gestante;20905;https://www.drogariaveracruz.com.br/suplemento-alimentar-neutrofer-folato-d-30-comprimidos-revestidos/p
VeraCruz;7896658002960;Adinos 0,5mg/g Gel Creme 30g;Disponível;44,40;37,96;-14.5%;39,96;-10.0%;Pele e Mucosa;17360;https://www.drogariaveracruz.com.br/adinos-05mgg-gel-creme-30g/p
VeraCruz;7896112144892;Ferronil 40mg 50 comprimidos revestidos;Disponível;15,15;9,06;-40.2%;9,54;-37.0%;Sistema Imunológico;11673;https://www.drogariaveracruz.com.br/ferronil-40mg-50-comprimidos-revestidos/p
VeraCruz;7896269955204;Seretide Spray 25mcg + 125mcg/dose Suspensão Aerossol 120 doses + válvula dosadora;Disponível;194,05;127,20;-34.4%;66,95;-65.5%;Sistema Respiratório > Asma;18361;https://www.drogariaveracruz.com.br/seretide-spray-25mcg-125mcgdose-suspensao-aerossol-120-doses-valvula-dosadora/p
VeraCruz;7896046381004;Renu Fresh Solução Multiuso 355ml + 120ml + Estojo para Lentes;Disponível;42,90;37,91;-11.6%;39,90;-7.0%;Olhos > Produtos para Lentes;12906;https://www.drogariaveracruz.com.br/solucao-multiuso-renu-fresh-355ml-120ml-estojo-para-lentes/p
VeraCruz;7896094207325;STAVIGILE 100MG C/30 CPR;Disponível;0;0;0;0;0;Psicotrópicos;24764;https://www.drogariaveracruz.com.br/stavigile-100mg-c30-cpr/p
VeraCruz;7898029552203;Diamicron MR 60mg 30 comprimidos de liberação prolongada;Disponível;105,84;100,55;-5.0%;52,92;-50.0%;Diabetes;16909;https://www.drogariaveracruz.com.br/diamicron-mr-60mg-30-comprimidos-de-liberacao-prolongada/p
VeraCruz;8903855082455;Azukon MR 30mg 100 comprimidos de liberação prolongada;Disponível;0;0;0;0;0;Diabetes;19552;https://www.drogariaveracruz.com.br/azukon-mr-30mg-100-comprimidos-de-liberacao-prolongada/p
VeraCruz;7896181904441;Busonid Caps 200mcg 60 cápsulas para inalação + 1 inalador;Disponível;68,03;54,29;-20.2%;57,15;-16.0%;Alergias;17475;https://www.drogariaveracruz.com.br/busonid-caps-200mcg-60-capsulas-para-inalacao-1-inalador/p
VeraCruz;7896261015609;Exforge HCT 160mg + 12,5mg + 10mg 28 comprimidos revestidos;Disponível;0;0;0;0;0;Pressão Alta > Anti-Hipertensivo;11649;https://www.drogariaveracruz.com.br/exforge-hct-160mg-125mg-10mg-28-comprimidos-revestidos/p
VeraCruz;7896658000393;Famox 40mg 10 comprimidos;Disponível;57,05;47,69;-16.4%;50,20;-12.0%;Digestão > Úlcera e Gastrite;15286;https://www.drogariaveracruz.com.br/famox-40mg-10-comprimidos/p
VeraCruz;4987188568729;Bye Bye Fever para Crianças 2 unidades;Disponível;16,50;14,58;-11.6%;15,35;-7.0%;Dor e Febre > Analgésico;20312;https://www.drogariaveracruz.com.br/bye-bye-fever-para-criancas-2-unidades/p
VeraCruz;7897655400230;RILAN - 2%, 1 frasco spray com 15mL de solução de uso nasal;Disponível;0;0;0;0;0;Sistema Respiratório > Descongestionantes;10289;https://www.drogariaveracruz.com.br/rilan-2-1-frasco-spray-com-15ml-de-solucao-de-uso-nasal/p
VeraCruz;7894916201353;DAFORIN GTS C/20 ML;Disponível;73,19;56,32;-23.0%;59,28;-19.0%;Psicotrópicos;24570;https://www.drogariaveracruz.com.br/daforin-gts-c20-ml/p
VeraCruz;7896070600799;Flagyl 400mg 24 comprimidos revestidos;Disponível;39,16;32,00;-18.3%;33,68;-14.0%;Antibióticos;23837;https://www.drogariaveracruz.com.br/flagyl-400mg-24-comprimidos-revestidos/p
VeraCruz;7896181908890;Lotar 5mg + 100mg 30 cápsulas;Disponível;92,68;71,32;-23.0%;75,07;-19.0%;Pressão Alta > Anti-Hipertensivo;15880;https://www.drogariaveracruz.com.br/lotar-5mg-100mg-30-capsulas/p
VeraCruz;7894916513661;Nivux 100mg + 20mg 12 Comprimidos;Disponível;62,38;59,26;-5.0%;62,38;-0.0%;Dor e Febre > Anti-Inflamatórios;13648;https://www.drogariaveracruz.com.br/nivux-100mg-20mg-12-comprimidos/p
VeraCruz;7893454714844;TYLEX 7,5MG C/12 CPR;Disponível;34,68;28,33;-18.3%;29,82;-14.0%;Psicotrópicos;24999;https://www.drogariaveracruz.com.br/tylex-75mg-c12-cpr/p
VeraCruz;7896006245339;Diamox 250mg 30 comprimidos;Disponível;27,97;20,46;-26.9%;21,54;-23.0%;Olhos > Lubrificantes e Colírios;21052;https://www.drogariaveracruz.com.br/diamox-250mg-30-comprimidos/p
VeraCruz;7891317007225;DESVE 50MG C/60 CPR;Disponível;0;0;0;0;0;Psicotrópicos;24632;https://www.drogariaveracruz.com.br/desve-50mg-c60-cpr/p
VeraCruz;7896006216636;Xantinon Complex flaconete com 10ml;Disponível;3,89;3,36;-13.6%;3,54;-9.0%;Digestão > Laxantes e Reguladores Intestinais;18004;https://www.drogariaveracruz.com.br/xantinon-complex-flaconete-com-10ml/p
VeraCruz;7896255717717;Teolong 100mg 30 cápsulas com microgrânulos de liberação prolongada;Disponível;26,04;21,27;-18.3%;22,39;-14.0%;Sistema Respiratório > Asma;12516;https://www.drogariaveracruz.com.br/teolong-100mg-30-capsulas-com-microgranulos-de-liberacao-prolongada/p
VeraCruz;7898040329624;Floratil AT 250mg 10 envelopes de 1,25g;Disponível;75,00;59,85;-20.2%;63,00;-16.0%;Digestão > Laxantes e Reguladores Intestinais;18241;https://www.drogariaveracruz.com.br/floratil-at-250mg-10-envelopes-de-125g/p
VeraCruz;7896261014268;CataflamPRO Emulgel 60g;Disponível;0;0;0;0;0;Dor e Febre > Anti-Inflamatórios;17752;https://www.drogariaveracruz.com.br/analgesico-cataflampro-emulgel-60g/p
VeraCruz;7896112104070;Venaflon 900mg + 100mg 60 comprimidos;Disponível;270,29;102,71;-62.0%;54,06;-80.0%;Sistema Circulatório > Circulação;19374;https://www.drogariaveracruz.com.br/venaflon-900mg-100mg-60-comprimidos/p
VeraCruz;7894916202671;DEPOSTERON - 100mg/mL, 3 ampolas com 2mL de solução de uso intramuscular;Disponível;148,90;116,00;-22.1%;61,05;-59.0%;Psicotrópicos;24224;https://www.drogariaveracruz.com.br/deposteron-100mgml-3-ampolas-com-2ml-de-solucao-de-uso-intramuscular/p
VeraCruz;7899420502811;Debet Dicloridrato de Betaistina 16mg 30 Comprimidos;Disponível;0;0;0;0;0;Sistema Nervoso > Medicamentos Antivertiginosos: Ginkgo, Tanakan, Equitam;13719;https://www.drogariaveracruz.com.br/debet-dicloridrato-de-betaistina-16mg-30-comprimidos/p
VeraCruz;7891035010842;Pastilhas para Garganta Strepsils Sabor Mel e Limão 8 pastilhas;Disponível;17,49;14,13;-19.2%;14,87;-15.0%;Dor e Febre > Dor de Garganta;11163;https://www.drogariaveracruz.com.br/pastilhas-para-garganta-strepsils-sabor-mel-e-limao-8-pastilhas/p
VeraCruz;7896015521646;Sal de Frutas Eno Abacaxi 2 envelopes com 5g cada;Disponível;4,98;3,83;-23.1%;4,03;-19.1%;Digestão > Azia e Má Digestão;18299;https://www.drogariaveracruz.com.br/sal-de-frutas-eno-abacaxi-2-envelopes-com-5g-cada/p
VeraCruz;7896658002946;Novamox 2X 400mg/5ml + 57mg/5ml Caixa Contendo 1 Frasco Com 175G de Pó Para Suspensão de Uso Oral + 1 Frasco Diluente de 60ml + 1 Seringa Dosadora;Disponível;93,37;73,63;-21.1%;77,50;-17.0%;Antibióticos;23846;https://www.drogariaveracruz.com.br/novamox-2x-400mg5ml-57mg5ml-caixa-contendo-1-frasco-com-175g-de-po-para-suspensao-de-uso-oral-1-frasco-diluente-de-60ml-1-seringa-dosadora/p
VeraCruz;7898100242948;Glicel 0,831g Laxante Lactante 6 supositórios;Disponível;0;0;0;0;0;Digestão > Laxantes e Reguladores Intestinais;15470;https://www.drogariaveracruz.com.br/glicel-0831g-laxante-lactante-6-supositorios/p
VeraCruz;7898943707703;Vagicand 0,02g/g Creme Ginecológico 40g + 7 aplicadores de 5g cada;Disponível;46,35;38,30;-17.4%;40,32;-13.0%;Saúde Feminina > Creme e óvulos vaginais;10809;https://www.drogariaveracruz.com.br/vagicand-002gg-creme-ginecologico-40g-7-aplicadores-de-5g-cada/p
VeraCruz;7896658037238;Volare Enoxaparina Sódica 40mg/0,4ml Solução Injetável 2 seringas;Disponível;174,80;124,55;-28.7%;65,55;-62.5%;Sistema Circulatório > Cardiovasculares;20775;https://www.drogariaveracruz.com.br/volare-40mg04ml-2-seringas-preenchidas-de-04ml/p
VeraCruz;7896658029608;DELLER 100MG COM 30 COMPRIMIDOS REVESTIDOS;Disponível;103,60;78,74;-24.0%;82,88;-20.0%;Psicotrópicos;24597;https://www.drogariaveracruz.com.br/deller-100mg-com-30-comprimidos-revestidos/p
VeraCruz;7899547500233;Orlistate 120mg Prati 42 cápsulas duras;Disponível;193,36;106,54;-44.9%;56,08;-71.0%;Emagrecimento;20883;https://www.drogariaveracruz.com.br/orlistate-120mg-prati-42-capsulas-duras/p
VeraCruz;7899095200500;NISOFLAN - 100mg, 12 comprimidos;Disponível;0;0;0;0;0;Dor e Febre > Anti-Inflamatórios;11967;https://www.drogariaveracruz.com.br/nisoflan-100mg-12-comprimidos/p
VeraCruz;7896181907992;VASOGARD - 100mg, 30 comprimidos;Disponível;62,75;47,69;-24.0%;50,20;-20.0%;Sistema Circulatório > Circulação;17587;https://www.drogariaveracruz.com.br/vasogard-100mg-30-comprimidos/p
VeraCruz;7896094921337;Buscofem 400mg 2 cápsulas;Disponível;7,96;6,28;-21.1%;6,61;-17.0%;Saúde Feminina > Cólica;17452;https://www.drogariaveracruz.com.br/buscofem-400mg-2-capsulas/p
VeraCruz;7891142128638;Celestone Soluspan 3mg/ml + 3mg/ml 1 ampola com 1ml de solução de uso intramuscular;Disponível;33,86;28,63;-15.4%;30,14;-11.0%;Dor e Febre > Anti-Inflamatórios;23401;https://www.drogariaveracruz.com.br/celestone-soluspan-3mgml-3mgml-1-ampola-com-1ml-de-solucao-de-uso-intramuscular/p
VeraCruz;7896641812651;Amitiza 8mcg 30 cápsulas moles;Disponível;0;0;0;0;0;Digestão > Laxantes e Reguladores Intestinais;14442;https://www.drogariaveracruz.com.br/amitiza-8mcg-30-capsulas-moles/p
VeraCruz;7898244720623;Maresis Flex Alto Volume 30 sachês;Disponível;59,90;52,35;-12.6%;55,11;-8.0%;Sistema Respiratório > Descongestionantes;22811;https://www.drogariaveracruz.com.br/maresis-flex-alto-volume-30-saches/p
VeraCruz;7897595606204;Doxuran 4mg 30 comprimidos;Disponível;52,52;27,45;-47.7%;28,89;-45.0%;Pressão Alta > Anti-Hipertensivo;13025;https://www.drogariaveracruz.com.br/doxuran-4mg-30-comprimidos/p
VeraCruz;7896676410877;Parkidopa 250mg + 25mg 30 comprimidos;Disponível;60,04;46,20;-23.1%;48,63;-19.0%;Sistema Nervoso > Remédio para Parkinson | Aché, Roche, Cristália, e mais;15917;https://www.drogariaveracruz.com.br/parkidopa-250mg-25mg-30-comprimidos/p
VeraCruz;4987188501115;Salonpas Adesivos Gel-Patch 3un;Disponível;19,30;16,13;-16.4%;16,98;-12.0%;Dor e Febre > Contusão e Relaxante Muscular;18324;https://www.drogariaveracruz.com.br/salonsip-empalastro-gelatinoso-3un/p
VeraCruz;7897337716307;Mercilon 150mcg + 20mcg 21 comprimidos;Disponível;65,51;43,57;-33.5%;45,86;-30.0%;Saúde Feminina > Anticoncepcionais;16639;https://www.drogariaveracruz.com.br/mercilon-150mcg-20mcg-21-comprimidos/p
VeraCruz;7896181916451;TOLREST 50 MG C/ 30 CPR;Disponível;0;0;0;0;0;Psicotrópicos;24608;https://www.drogariaveracruz.com.br/tolrest-50-mg-c-30-cpr/p
VeraCruz;7898040329969;Xarope Sedavan 3mg/ml Infantil Sabor Framboesa 100ml;Disponível;21,79;15,11;-30.7%;15,91;-27.0%;Sistema Respiratório > Tosse;11531;https://www.drogariaveracruz.com.br/xarope-sedavan-3mgml-infantil-sabor-framboesa-100ml/p
VeraCruz;7896226506142;Tamiflu 75mg 10 cápsulas;Disponível;0;0;0;0;0;Sistema Respiratório > Antigripais;16456;https://www.drogariaveracruz.com.br/tamiflu-75mg-10-capsulas/p
VeraCruz;7896070600249;Fenergan Creme 20mg/g 30g;Disponível;0;0;0;0;0;Alergias;15303;https://www.drogariaveracruz.com.br/creme-dermatologico-fenergan-20mgg-30g/p
VeraCruz;7894916507752;ESCILEX 20MG C/30 CPR;Disponível;0;0;0;0;0;Psicotrópicos;24839;https://www.drogariaveracruz.com.br/escilex-20mg-c30-cpr/p
VeraCruz;7893093067134;Arnica Weleda 80 comprimidos;Disponível;98,50;93,58;-5.0%;98,50;-0.0%;Dor e Febre > Anti-Inflamatórios;13134;https://www.drogariaveracruz.com.br/arnica-weleda-80-comprimidos/p
VeraCruz;5702191025644;Icacort 1mg/g + 10mg/g Creme Dermatológico 30g;Disponível;45,41;40,56;-10.7%;42,69;-6.0%;Dor e Febre > Anti-Inflamatórios;12712;https://www.drogariaveracruz.com.br/icacort-1mgg-10mgg-creme-dermatologico-30g/p
VeraCruz;7897322709802;Tamarine Geléia Zero Açúcar 250g;Disponível;0;0;0;0;0;Digestão > Laxantes e Reguladores Intestinais;16995;https://www.drogariaveracruz.com.br/laxante-fitoterapico-tamarine-geleia-zero-acucar-250g/p
VeraCruz;7896112402558;Doss Zinco 2.000UI + 20mg 30 cápsulas gelatinosas;Disponível;57,50;54,63;-5.0%;57,50;-0.0%;Vitaminas;14609;https://www.drogariaveracruz.com.br/suplemento-alimentar-doss-zinco-vitamina-d3-2000ui-20mg-30-capsulas-gelatinosas/p
VeraCruz;7896658022098;Livepax 500mg Caixa Contendo 7 comprimidos revestidos;Disponível;0;0;0;0;0;Antibióticos;23981;https://www.drogariaveracruz.com.br/livepax-500mg-caixa-contendo-7-comprimidos-revestidos/p
VeraCruz;7891058030216;Equilid - 50Mg, 20 Cápsulas Gelatinosas Duras;Disponível;20,32;15,64;-23.0%;16,46;-19.0%;Psicotrópicos;24145;https://www.drogariaveracruz.com.br/equilid-50mg-20-capsulas-gelatinosas-duras/p
VeraCruz;7896112408567;Novob 150mg 30 comprimidos revestidos;Disponível;95,21;73,26;-23.1%;77,12;-19.0%;Diabetes;22801;https://www.drogariaveracruz.com.br/novob-150mg-30-comprimidos-revestidos/p
VeraCruz;7894916510103;Brasart BCC 160 + 5mg 60 comprimidos revestidos;Disponível;0;0;0;0;0;Pressão Alta > Anti-Hipertensivo;17427;https://www.drogariaveracruz.com.br/brasart-bcc-160-5mg-60-comprimidos-revestidos/p
VeraCruz;7896026302432;Atrovent N 20mcg/dose 10ml + 1 bocal (200 doses);Disponível;42,50;33,92;-20.2%;35,70;-16.0%;Sistema Respiratório > DPOC;17399;https://www.drogariaveracruz.com.br/atrovent-n-20mcgdose-10ml-1-bocal-200-doses/p
VeraCruz;7896112409823;Biolme H Olmesartana Medoxomila 20mg + Hidroclorotiazida 12,5mg Com 30 comprimidos;Disponível;61,65;58,57;-5.0%;61,65;-0.0%;Pressão Alta > Anti-Hipertensivo;26110;https://www.drogariaveracruz.com.br/biolme-h-olmesartana-medoxomila-20mg-hidroclorotiazida-125mg-com-30-comprimidos/p
VeraCruz;7896181928690;Nootron 400mg 60 comprimidos revestidos;Disponível;0;0;0;0;0;Sistema Nervoso > Medicamentos Antivertiginosos: Ginkgo, Tanakan, Equitam;11970;https://www.drogariaveracruz.com.br/nootron-400mg-60-comprimidos-revestidos/p
VeraCruz;7896641800450;TEBONIN - 40mg, 30 comprimidos;Disponível;0;0;0;0;0;Sistema Nervoso > Medicamentos Antivertiginosos: Ginkgo, Tanakan, Equitam;13169;https://www.drogariaveracruz.com.br/tebonin-40mg-30-comprimidos/p
VeraCruz;7896112402329;Doss 1.000UI 30 cápsulas gelatinosas moles;Disponível;40,90;38,86;-5.0%;40,90;-0.0%;Vitaminas;19023;https://www.drogariaveracruz.com.br/suplemento-alimentar-doss-1000ui-vitamina-d3-30-capsulas-gelatinosas-moles/p
VeraCruz;7891106914642;Microvlar 0,15mg + 0,03mg 63 drágeas;Disponível;30,23;21,54;-28.7%;22,67;-25.0%;Saúde Feminina > Anticoncepcionais;13986;https://www.drogariaveracruz.com.br/microvlar-015mg-003mg-63-drageas/p
VeraCruz;7891058059149;Plasil 10mg 20 comprimidos;Disponível;14,45;12,36;-14.5%;13,01;-10.0%;Digestão > Náuseas;10175;https://www.drogariaveracruz.com.br/plasil-10mg-20-comprimidos/p
VeraCruz;7894916500364;Penvir 125mg 10 comprimidos revestidos;Disponível;126,63;99,85;-21.1%;52,55;-58.5%;Sistema Imunológico;12827;https://www.drogariaveracruz.com.br/penvir-125mg-10-comprimidos-revestidos/p
VeraCruz;7897129301186;Micolamina 10mg/g Creme 20g;Disponível;59,17;47,22;-20.2%;49,70;-16.0%;Pele e Mucosa;11850;https://www.drogariaveracruz.com.br/micolamina-10mgg-creme-20g/p
VeraCruz;7898928257025;Niquitin 14mg 7 adesivos transdérmicos transparentes;Disponível;133,12;104,97;-21.1%;55,25;-58.5%;Antitabagismo > Adesivo de Nicotina;11963;https://www.drogariaveracruz.com.br/niquitin-14mg-7-adesivos-transdermicos-transparentes/p
VeraCruz;7896658002953;Novamox 2X 400mg/5ml + 57mg/5ml Caixa Contendo 1 Frasco Com 25G de Pó Para Suspensão de Uso Oral + 1 Frasco Diluente de 90ml + 1 Seringa Dosadora;Disponível;172,06;134,04;-22.1%;70,55;-59.0%;Antibióticos;23845;https://www.drogariaveracruz.com.br/novamox-2x-400mg5ml-57mg5ml-caixa-contendo-1-frasco-com-25g-de-po-para-suspensao-de-uso-oral-1-frasco-diluente-de-90ml-1-seringa-dosadora/p
VeraCruz;7896523209173;Sedamed 300mg + 30mg + 30mg 20 comprimidos revestidos;Disponível;0;0;0;0;0;Dor e Febre > Analgésico;21708;https://www.drogariaveracruz.com.br/sedamed-300mg-30mg-30mg-20-comprimidos-revestidos/p
VeraCruz;7897337705806;Cosopt Solução Oftálmica 5ml;Disponível;0;0;0;0;0;Olhos > Lubrificantes e Colírios;16865;https://www.drogariaveracruz.com.br/solucao-oftalmica-cosopt-2-5-5ml/p
VeraCruz;7896026170550;Malvona Solução Oral 100ml;Disponível;28,24;23,61;-16.4%;24,85;-12.0%;Dor e Febre > Anti-Inflamatórios;12267;https://www.drogariaveracruz.com.br/malvona-solucao-oral-100ml/p
VeraCruz;7896548133613;Solução Oftálmica Claroft 0,12mg/ml 15ml;Disponível;0;0;0;0;0;Olhos > Lubrificantes e Colírios;11598;https://www.drogariaveracruz.com.br/solucao-oftalmica-claroft-012mgml-15ml/p
VeraCruz;7896004768366;Solução Oftálmica Toragesic Ofta 5mg/ml 5ml;Disponível;53,92;43,54;-19.3%;45,83;-15.0%;Olhos > Lubrificantes e Colírios;19201;https://www.drogariaveracruz.com.br/solucao-oftalmica-toragesic-ofta-5mgml-5ml/p
VeraCruz;7896083410323;Androsten UNO 280mg 15 comprimidos revestidos;Disponível;215,63;176,17;-18.3%;61,81;-71.3%;Saúde Masculina > Reposição Hormonal;11255;https://www.drogariaveracruz.com.br/androsten-uno-280mg-15-comprimidos-revestidos/p
VeraCruz;7896094922440;AAS Infantil 100mg 20 comprimidos;Disponível;0;0;0;0;0;Dor e Febre > Analgésico;23193;https://www.drogariaveracruz.com.br/a-a-s-infantil-100mg-c-20-cpr/p
VeraCruz;7896004789507;Miogesic Lis 125mg + 5mg 15 comprimidos revestidos;Disponível;37,99;33,20;-12.6%;34,95;-8.0%;Dor e Febre > Contusão e Relaxante Muscular;22269;https://www.drogariaveracruz.com.br/miogesic-lis-125mg-5mg-15-comprimidos-revestidos/p
VeraCruz;7898216368013;FRISIUM 20 MG C/20 CPR;Disponível;45,07;34,26;-24.0%;36,06;-20.0%;Psicotrópicos;24488;https://www.drogariaveracruz.com.br/frisium-20-mg-c20-cpr/p
VeraCruz;8903855081465;DESDUO 1000MG C/30 CPR;Disponível;0;0;0;0;0;Psicotrópicos;24988;https://www.drogariaveracruz.com.br/desduo-1000mg-c30-cpr/p
VeraCruz;7898074617438;Xarope Fluimucil 40mg/ml Sabor Morango com Romã 120ml;Disponível;48,90;39,03;-20.2%;41,08;-16.0%;Sistema Respiratório > Expectorante;18259;https://www.drogariaveracruz.com.br/xarope-fluimucil-40mgml-sabor-morango-com-roma-120ml/p
VeraCruz;7898581710462;RIVOTRIL - 0,25mg, 30 comprimidos sublingual;Disponível;0;0;0;0;0;Psicotrópicos;24344;https://www.drogariaveracruz.com.br/rivotril-025mg-30-comprimidos-sublingual/p
VeraCruz;7899882100143;Kit Solução para Lentes Simple Clean 350ml + 120ml + Eestojo para Lentes;Disponível;0;0;0;0;0;Olhos > Produtos para Lentes;11119;https://www.drogariaveracruz.com.br/kit-solucao-para-lentes-simple-clean-350ml-120ml-eestojo-para-lentes/p
VeraCruz;7896658026904;PANT - 50mg/mL, caixa contendo 1 frasco com 50mL de solução de uso capilar + 1 válvula spray;Disponível;87,34;82,97;-5.0%;87,34;-0.0%;Tratamento Capilar > Queda De Cabelo;12783;https://www.drogariaveracruz.com.br/pant-50mgml-caixa-contendo-1-frasco-com-50ml-de-solucao-de-uso-capilar-1-valvula-spray/p
VeraCruz;7896676433142;Maxiflox 35mg/ml 1 Frasco Gotejador Com 5ml de Solução de Uso Oftalmológico;Disponível;33,39;26,96;-19.3%;28,38;-15.0%;Antibióticos;23848;https://www.drogariaveracruz.com.br/maxiflox-35mgml-1-frasco-gotejador-com-5ml-de-solucao-de-uso-oftalmologico/p
VeraCruz;7896006215677;ZOLPAZ 10MG C/30 CPR;Disponível;0;0;0;0;0;Psicotrópicos;25047;https://www.drogariaveracruz.com.br/zolpaz-10mg-c30-cpr/p
VeraCruz;7898582382224;Zomig OD 2,5mg 2 comprimidos orodispersíveis;Disponível;76,78;59,81;-22.1%;62,96;-18.0%;Dor e Febre > Enxaqueca;11245;https://www.drogariaveracruz.com.br/zomig-od-25mg-2-comprimidos-orodispersiveis/p
VeraCruz;7898582380756;TRAMAL - 50mg, 10 cápsulas duras;Disponível;90,40;63,56;-29.7%;66,90;-26.0%;Psicotrópicos;24243;https://www.drogariaveracruz.com.br/tramal-50mg-10-capsulas-duras/p
VeraCruz;7896261020306;Entresto 49mg + 51mg 60 comprimidos revestidos;Disponível;0;0;0;0;0;Sistema Circulatório > Circulação;13075;https://www.drogariaveracruz.com.br/entresto-49mg-51mg-60-comprimidos-revestidos/p
VeraCruz;7896116860187;MIRELLE - 0,06mg + 0,015mg, 24 comprimidos revestidos;Disponível;0;0;0;0;0;Saúde Feminina > Anticoncepcionais;16680;https://www.drogariaveracruz.com.br/mirelle-006mg-0015mg-24-comprimidos-revestidos/p
VeraCruz;7894916516655;ROHYDORM 2 MG C/30 CPR;Disponível;0;0;0;0;0;Psicotrópicos;24806;https://www.drogariaveracruz.com.br/rohydorm-2-mg-c30-cpr/p
VeraCruz;7896094209015;ZETRON XL 150MG C/60 CPR;Disponível;200,16;142,61;-28.8%;50,04;-75.0%;Psicotrópicos;24778;https://www.drogariaveracruz.com.br/zetron-xl-150mg-c60-cpr/p
VeraCruz;7896090611782;Advil 400mg 3 cápsulas líquidas;Disponível;9,99;7,78;-22.1%;8,19;-18.0%;Dor e Febre > Analgésico;10440;https://www.drogariaveracruz.com.br/analgesico-advil-400mg-3-capsulas-liquidas/p
VeraCruz;7893454714875;TYLEX - 500mg + 30mg, 36 comprimidos;Disponível;125,88;100,45;-20.2%;52,87;-58.0%;Psicotrópicos;24238;https://www.drogariaveracruz.com.br/tylex-500mg-30mg-36-comprimidos/p
VeraCruz;8902220108578;Rosucor 10Mg C/100 Cpr;Disponível;129,94;123,44;-5.0%;64,97;-50.0%;Colesterol e Triglicerídeos;25451;https://www.drogariaveracruz.com.br/rosucor-10mg-c100-cpr/p
VeraCruz;7891142115614;Celestamine 0,05mg/ml + 0,4mg/ml Xarope 120ml;Disponível;70,60;59,69;-15.5%;62,83;-11.0%;Alergias;10994;https://www.drogariaveracruz.com.br/celestamine-005mgml-04mgml-xarope-120ml/p
VeraCruz;7896165600727;Picoprep 10mg + 3,5g + 12g 2 sachês com 16,1g cada Sabor Laranja;Disponível;53,34;46,11;-13.6%;48,54;-9.0%;Digestão > Laxantes e Reguladores Intestinais;15949;https://www.drogariaveracruz.com.br/picoprep-10mg-35g-12g-2-saches-com-161g-cada-sabor-laranja/p
VeraCruz;7896112402664;Dozoito 25mg 30 comprimidos;Disponível;36,78;20,26;-44.9%;21,33;-42.0%;Pressão Alta > Anti-Hipertensivo;14281;https://www.drogariaveracruz.com.br/dozoito-25mg-30-comprimidos/p
VeraCruz;7897316801390;Cromolerg 2% Solução Oftálmica 5ml;Disponível;17,16;14,35;-16.4%;15,10;-12.0%;Olhos > Lubrificantes e Colírios;10352;https://www.drogariaveracruz.com.br/cromolerg-2-solucao-oftalmica-5ml/p
VeraCruz;7898948648087;Androgel 50mg 30 envelopes com 5g de gel de uso dermatológico;Disponível;343,94;287,54;-16.4%;100,89;-70.7%;Hormônios;11257;https://www.drogariaveracruz.com.br/androgel-50mg-30-envelopes-com-5g-de-gel-de-uso-dermatologico/p
VeraCruz;7896094210981;Ancoron 100mg 60 comprimidos revestidos;Disponível;40,77;30,21;-25.9%;31,80;-22.0%;Sistema Circulatório > Cardiovasculares;19741;https://www.drogariaveracruz.com.br/ancoron-100mg-60-comprimidos-revestidos/p
VeraCruz;7896658007040;BIOMAG 15 MG C/30 CPS;Disponível;63,84;52,76;-17.4%;55,54;-13.0%;Psicotrópicos;24741;https://www.drogariaveracruz.com.br/biomag-15-mg-c30-cps/p
VeraCruz;7896094931299;Buscopan Composto Gotas 20ml;Disponível;30,49;26,36;-13.5%;27,75;-9.0%;Dor e Febre > Analgésico;22991;https://www.drogariaveracruz.com.br/buscopan-composto-gotas-20ml/p
VeraCruz;7896261012332;Diovan HCT 320mg + 12,5mg 28 comprimidos revestidos;Disponível;157,14;149,28;-5.0%;52,38;-66.7%;Pressão Alta > Anti-Hipertensivo;16056;https://www.drogariaveracruz.com.br/diovan-hct-320mg-125mg-28-comprimidos-revestidos/p
VeraCruz;7898687735796;Equaliv Acetilcisteína 600mg C/60 cps;Disponível;93,90;89,21;-5.0%;93,90;-0.0%;Alergias;25277;https://www.drogariaveracruz.com.br/equaliv-acetilcisteina-600mg-c60-cps/p
VeraCruz;7898040321871;Kelo-Cote Gel 15g;Disponível;0;0;0;0;0;Pele e Mucosa;11792;https://www.drogariaveracruz.com.br/kelo-cote-gel-15g/p
VeraCruz;7891317421748;Sinot Clav 875mg + 125mg 14 comprimidos revestidos;Disponível;82,63;62,80;-24.0%;66,10;-20.0%;Antibióticos;23931;https://www.drogariaveracruz.com.br/sinot-clav-875mg-125mg-14-comprimidos-revestidos/p
VeraCruz;7896331703443;Resfenol 20 cápsulas;Disponível;26,74;20,58;-23.0%;21,66;-19.0%;Sistema Respiratório > Antigripais;16042;https://www.drogariaveracruz.com.br/resfenol-20-capsulas/p
VeraCruz;7891317420833;Astro 500mg 2 comprimidos;Disponível;0;0;0;0;0;Antibióticos;24000;https://www.drogariaveracruz.com.br/astro-500mg-2-comprimidos/p
VeraCruz;7891058006501;Enterogermina Probiótico Contém 5 frascos de 5ml;Disponível;0;0;0;0;0;Digestão > Laxantes e Reguladores Intestinais;26483;https://www.drogariaveracruz.com.br/probiotico-enterogermina-cabe-no-bolso-5-frascos-de-5ml-cada/p
VeraCruz;7891142156211;Fluir 12mcg 30 cápsulas de uso inalatório por via oral;Disponível;0;0;0;0;0;Sistema Respiratório > Asma;11453;https://www.drogariaveracruz.com.br/fluir-12mcg-30-capsulas-de-po-para-inalacao-refil/p
VeraCruz;7896382709159;Mounjaro Tirzepatida 7,5mg Solução Injetável 0,5ml + 4 Canetas Aplicadoras;Disponível;3175,00;3016,25;-5.0%;1058,33;-66.7%;Diabetes;26446;https://www.drogariaveracruz.com.br/mounjaro-tirzepatida-75mg-solucao-injetavel-05ml-4-canetas-aplicadoras/p
VeraCruz;7896226108926;Dozemast Mecobalamina 1000mcg Com 30 Comprimidos Sublinguais;Disponível;104,46;79,39;-24.0%;83,57;-20.0%;Vitaminas;18734;https://www.drogariaveracruz.com.br/dozemast-1000mcg-30-comprimidos-sublinguais/p
VeraCruz;7896658005190;Andantol 7,5mg/g Gel 40g;Disponível;0;0;0;0;0;Pele e Mucosa;11262;https://www.drogariaveracruz.com.br/andantol-75mgg-gel-40g/p
VeraCruz;7897595901576;Puran T4 175mcg 30 comprimidos;Disponível;34,62;24,01;-30.6%;25,27;-27.0%;Hormônios;15977;https://www.drogariaveracruz.com.br/puran-t4-175mcg-30-comprimidos/p
VeraCruz;-;Rosucor EZE 20mg + 10mg 30 cápsulas duras;Disponível;110,04;83,63;-24.0%;88,03;-20.0%;Colesterol e Triglicerídeos;;https://www.drogariaveracruz.com.br/rosucor-eze-20mg-10mg-30-capsulas-duras/p
VeraCruz;7897705203071;Wegovy 0,25mg 1 sistema de aplicação preenchido de 1,5ml e 4 agulhas descartáveis;Disponível;1299,70;1234,72;-5.0%;433,23;-66.7%;Diabetes;23225;https://www.drogariaveracruz.com.br/wegovy-025mg-1-sistema-de-aplicacao-preenchido-de-15ml-e-4-agulhas-descartaveis/p
VeraCruz;7896094931466;Epocler 100mg 10 Comprimidos;Disponível;5,53;5,25;-5.1%;5,53;-0.0%;Digestão;26810;https://www.drogariaveracruz.com.br/epocler-100mg-10-comprimidos/p
VeraCruz;7896094914971;Atrofem 10 cápsulas moles;Disponível;0;0;0;0;0;Saúde Feminina > Cólica;13206;https://www.drogariaveracruz.com.br/atrofem-10-capsulas-moles/p
VeraCruz;7896269900235;Valtrex 500mg 10 comprimidos revestidos;Disponível;212,91;202,26;-5.0%;70,97;-66.7%;Sistema Imunológico;17567;https://www.drogariaveracruz.com.br/valtrex-500mg-10-comprimidos-revestidos/p
VeraCruz;7896658023224;Descongestionante Nasal Sorine SSC 0,9% Spray Suave Jato Contínuo 100ml;Disponível;47,89;40,49;-15.5%;42,62;-11.0%;Sistema Respiratório > Descongestionantes;11136;https://www.drogariaveracruz.com.br/descongestionante-nasal-sorine-ssc-09-spray-suave-jato-continuo-100ml/p
VeraCruz;7896094918474;Rizi 5mg 30 comprimidos revestidos;Disponível;0;0;0;0;0;Alergias;14406;https://www.drogariaveracruz.com.br/rizi-5mg-30-comprimidos-revestidos/p
VeraCruz;7896422500883;Fluxocor 40mg 30 comprimidos revestidos;Disponível;0;0;0;0;0;Pressão Alta > Anti-Hipertensivo;17224;https://www.drogariaveracruz.com.br/fluxocor-40mg-30-comprimidos-revestidos/p
VeraCruz;7898582380046;TRAMAL 100MG C/5 AMP;Disponível;104,86;77,70;-25.9%;81,79;-22.0%;Psicotrópicos;24661;https://www.drogariaveracruz.com.br/tramal-100mg-c5-amp/p
VeraCruz;7894916509541;Risedross 35mg 12 comprimidos revestidos;Disponível;0;0;0;0;0;Para os Ossos > Osteoporose;15636;https://www.drogariaveracruz.com.br/risedross-35mg-12-comprimidos-revestidos/p
VeraCruz;7894916509954;Toragesic 10mg/ml EMS 20 comprimidos sublinguais;Disponível;0;0;0;0;0;Dor e Febre > Analgésico;12978;https://www.drogariaveracruz.com.br/toragesic-10mgml-ems-20-comprimidos-sublinguais/p
VeraCruz;7891142142221;Diprosalic 0,5mg/ml + 20mg/ml Solução Dermatológica 30ml;Disponível;56,69;49,01;-13.5%;51,59;-9.0%;Pele e Mucosa;16073;https://www.drogariaveracruz.com.br/diprosalic-05mgml-20mgml-solucao-dermatologica-30ml/p
VeraCruz;7897337704120;Ezetrol 10mg 30 comprimidos;Disponível;0;0;0;0;0;Colesterol e Triglicerídeos;15281;https://www.drogariaveracruz.com.br/ezetrol-10mg-30-comprimidos/p
VeraCruz;7898272940123;Capecitabina 150mg Sun Pharma 120 comprimidos revestidos;Disponível;0;0;0;0;0;Oncológicos e Alto Custo;20597;https://www.drogariaveracruz.com.br/capecitabina-150mg-sun-pharma-120-comprimidos-revestidos/p
VeraCruz;-;Dermafree 15ml;Disponível;0;0;0;0;0;Pele e Mucosa;;https://www.drogariaveracruz.com.br/dermafree-15ml/p
VeraCruz;7896094210059;Plenance EZE 10mg+10mg 30 cápsulas;Disponível;96,81;72,66;-24.9%;76,48;-21.0%;Colesterol e Triglicerídeos;20707;https://www.drogariaveracruz.com.br/plenance-eze-10mg10mg-30-capsulas/p
VeraCruz;7891317002787;QUET XR 200MG C/30 CPR;Disponível;0;0;0;0;0;Psicotrópicos;24416;https://www.drogariaveracruz.com.br/quet-xr-200mg-c30-cpr/p
VeraCruz;7898919603183;LUTENIL - 5mg, 10 comprimidos;Disponível;0;0;0;0;0;Hormônios;12773;https://www.drogariaveracruz.com.br/lutenil-5mg-10-comprimidos/p
VeraCruz;7899337000080;Vesicare 5mg 30 comprimidos revestidos;Disponível;230,36;188,20;-18.3%;66,04;-71.3%;Saúde Feminina > Medicamentos Urinários;17595;https://www.drogariaveracruz.com.br/vesicare-5mg-30-comprimidos-revestidos/p
VeraCruz;7899420507045;COD 60MG C/30 CPR;Disponível;0;0;0;0;0;Psicotrópicos;24685;https://www.drogariaveracruz.com.br/cod-60mg-c30-cpr/p
VeraCruz;7897595903372;Puran T4 112mcg 30 comprimidos;Disponível;34,09;23,31;-31.6%;24,54;-28.0%;Hormônios;12875;https://www.drogariaveracruz.com.br/puran-t4-112mcg-30-comprimidos/p
VeraCruz;7896222720856;Luftal Gel Caps 125mg 20 Cápsulas Gelatinosas;Disponível;55,99;43,08;-23.1%;45,35;-19.0%;Digestão > Antigases;13915;https://www.drogariaveracruz.com.br/luftal-gel-caps-125mg-20-capsulas-gelatinosas/p
VeraCruz;7891317460532;Noex 32mcg Spray Nasal 120 doses;Disponível;46,48;39,74;-14.5%;41,83;-10.0%;Alergias;11972;https://www.drogariaveracruz.com.br/noex-32mcg-spray-nasal-120-doses/p
VeraCruz;7898037081252;Besomed Almeida Prado 60 comprimidos;Disponível;56,90;50,27;-11.7%;52,92;-7.0%;Emagrecimento;10937;https://www.drogariaveracruz.com.br/besomed-almeida-prado-60-comprimidos/p
VeraCruz;7896026171359;Beserol Carisoprodol 125mg + Diclofenaco Sodico 50mg + Paracetamol 300mg + Cafeina 30mg 30 comprimidos;Disponível;46,68;44,35;-5.0%;46,68;-0.0%;Dor e Febre > Anti-Inflamatórios;25412;https://www.drogariaveracruz.com.br/beserol-carisoprodol-125mg-diclofenaco-sodico-50mg-paracetamol-300mg-cafeina-30mg-30-comprimidos/p
VeraCruz;7898040320911;Marevan 5mg 10 comprimidos;Disponível;0;0;0;0;0;Sistema Circulatório > Circulação;12299;https://www.drogariaveracruz.com.br/marevan-5mg-10-comprimidos/p
VeraCruz;7896685303467;Suplemento Vitamínico Imunoglucan DS 30 Cápsulas;Disponível;110,90;97,98;-11.7%;51,57;-53.5%;Sistema Imunológico;13900;https://www.drogariaveracruz.com.br/suplemento-vitaminico-imunoglucan-ds-30-capsulas/p
VeraCruz;7891317435462;Sinot 400mg/5ml 1 Frasco Com 100ml de Pó Para Suspensão de Uso Oral + 1 Seringa Dosadora;Disponível;0;0;0;0;0;Antibióticos;23939;https://www.drogariaveracruz.com.br/sinot-400mg5ml-1-frasco-com-100ml-de-po-para-suspensao-de-uso-oral-1-seringa-dosadora/p
VeraCruz;7896094999473;NOVOTRAM PAR 37,5/325MG C/10 CPR;Disponível;0;0;0;0;0;Psicotrópicos;25007;https://www.drogariaveracruz.com.br/novotram-par-375325mg-c10-cpr/p
VeraCruz;7898158692221;Florent 100mg 12 cápsulas gelatinosas duras;Disponível;0;0;0;0;0;Digestão > Laxantes e Reguladores Intestinais;24017;https://www.drogariaveracruz.com.br/florent-100mg-12-capsulas-gelatinosas-duras/p
VeraCruz;7896637022729;Azulfin 500mg 60 comprimidos revestidos;Disponível;139,85;120,90;-13.6%;63,63;-54.5%;Dor e Febre > Anti-Inflamatórios;10476;https://www.drogariaveracruz.com.br/azulfin-500mg-60-comprimidos-revestidos/p
VeraCruz;7896255766067;PEDIALYTE 60 ZINCO - Frasco com 500mL de solução de uso oral sabor maçã;Disponível;0;0;0;0;0;Digestão > Laxantes e Reguladores Intestinais;15933;https://www.drogariaveracruz.com.br/pedialyte-60-zinco-frasco-com-500ml-de-solucao-de-uso-oral-sabor-maca/p
VeraCruz;7896015516956;PAXIL CR 12,5 MG C/30 CPR;Disponível;0;0;0;0;0;Psicotrópicos;24850;https://www.drogariaveracruz.com.br/paxil-cr-125-mg-c30-cpr/p
VeraCruz;7891058013318;Calcort 6mg 20 comprimidos;Disponível;0;0;0;0;0;Dor e Febre > Anti-Inflamatórios;10546;https://www.drogariaveracruz.com.br/calcort-6mg-20-comprimidos/p
VeraCruz;7896015527242;Clavulin Bd 400mg/5ml + 57mg/5ml 1 Frasco Com 140ml de Pó Para Preparação Extemporânea de Uso Oral;Disponível;165,41;157,14;-5.0%;55,14;-66.7%;Antibióticos;23944;https://www.drogariaveracruz.com.br/clavulin-bd-400mg5ml-57mg5ml-1-frasco-com-140ml-de-po-para-preparacao-extemporanea-de-uso-oral/p
VeraCruz;7891268105100;MINIDIAB - 5mg, 30 comprimidos;Disponível;0;0;0;0;0;Diabetes;11885;https://www.drogariaveracruz.com.br/minidiab-5mg-30-comprimidos/p
VeraCruz;7897851221134;Ziprol 20mg 28 comprimidos revestidos;Disponível;0;0;0;0;0;Digestão > Úlcera e Gastrite;18038;https://www.drogariaveracruz.com.br/ziprol-20mg-28-comprimidos-revestidos/p
VeraCruz;7897316802250;Solução Oftálmica Pilocarpina 4% 10ml;Disponível;0;0;0;0;0;Olhos > Lubrificantes e Colírios;15962;https://www.drogariaveracruz.com.br/solucao-oftalmica-pilocarpina-4-10ml/p
VeraCruz;7896181901457;EUPRESSIN - 2,5mg, 30 comprimidos;Disponível;0;0;0;0;0;Pressão Alta > Anti-Hipertensivo;11625;https://www.drogariaveracruz.com.br/eupressin-25mg-30-comprimidos/p
VeraCruz;7896641813610;JUNEVE 30MG C/28 CPS GEL A3;Disponível;0;0;0;0;0;Psicotrópicos;24763;https://www.drogariaveracruz.com.br/juneve-30mg-c28-cps-gel-a3/p
VeraCruz;7896112408734;Lide 400mg 30 comprimidos;Disponível;98,81;76,04;-23.0%;80,04;-19.0%;Dor e Febre > Anti-Inflamatórios;23138;https://www.drogariaveracruz.com.br/lide-400mg-30-comprimidos/p
VeraCruz;7896523222783;Fluidificante e Descongestionante Nasal Narix Spray 0,9% 50ml;Disponível;0;0;0;0;0;Sistema Respiratório > Descongestionantes;14067;https://www.drogariaveracruz.com.br/fluidificante-e-descongestionante-nasal-narix-spray-09-50ml/p
VeraCruz;7501007447285;Chá Vick Pyrena Sabor Camomila e Erva-Cidreira 5g;Disponível;5,67;5,39;-4.9%;5,67;-0.0%;Sistema Respiratório > Antigripais;17986;https://www.drogariaveracruz.com.br/cha-vick-pyrena-sabor-camomila-e-erva-cidreira-5g/p
VeraCruz;7894916503792;Micropil 0,075mg + 0,030mg 21 comprimidos revestidos;Disponível;0;0;0;0;0;Saúde Feminina > Anticoncepcionais;11833;https://www.drogariaveracruz.com.br/micropil-0075mg-0030mg-21-comprimidos-revestidos/p
VeraCruz;7891317420840;Astro 500Mg 5 Comprimidos Revestidos;Disponível;43,41;35,46;-18.3%;37,33;-14.0%;Antibióticos;23896;https://www.drogariaveracruz.com.br/astro-500mg-5-comprimidos-revestidos/p
VeraCruz;7896523201658;Pomada Dermatológica Nebacimed 50g;Disponível;37,01;19,34;-47.7%;20,36;-45.0%;Pele e Mucosa;20885;https://www.drogariaveracruz.com.br/pomada-dermatologica-nebacimed-50g/p
VeraCruz;7896015511159;Sal de Frutas Eno Tradicional 2 envelopes com 5g;Disponível;4,98;3,83;-23.1%;4,03;-19.1%;Digestão > Azia e Má Digestão;18303;https://www.drogariaveracruz.com.br/sal-de-frutas-eno-tradicional-2-envelopes-com-5g/p
VeraCruz;7896026171328;Fisiocrem Active 30ML;Disponível;49,90;47,41;-5.0%;49,90;-0.0%;Dor e Febre > Contusão e Relaxante Muscular;25489;https://www.drogariaveracruz.com.br/fisiocrem-active-30ml/p
VeraCruz;7898133139420;Laxante L-Enema 130ml;Disponível;35,90;26,94;-25.0%;28,36;-21.0%;Digestão > Laxantes e Reguladores Intestinais;17870;https://www.drogariaveracruz.com.br/laxante-l-enema-130ml/p
VeraCruz;7896637035736;Cobi-12 Mecobalamina 1000mcg 30 Comprimidos Sublingual;Disponível;34,65;32,92;-5.0%;34,65;-0.0%;Vitaminas;26808;https://www.drogariaveracruz.com.br/cobi-12-mecobalamina-1000mcg-30-comprimidos-sublingual/p
VeraCruz;7896637023795;Levoxin 750mg 7 comprimidos revestidos;Disponível;90,52;63,63;-29.7%;66,98;-26.0%;Antibióticos;23862;https://www.drogariaveracruz.com.br/levoxin-750mg-7-comprimidos-revestidos/p
VeraCruz;7897018510033;Protetor Ocular Oftam Pequeno Colorido 20un;Disponível;33,70;28,81;-14.5%;30,33;-10.0%;Olhos > Protetor Ocular;12858;https://www.drogariaveracruz.com.br/protetor-ocular-oftam-pequeno-colorido-20un/p
VeraCruz;-;Xarope Leucogen Sabor Caramelo 120ml;Disponível;118,12;95,38;-19.3%;50,20;-57.5%;Sistema Imunológico;;https://www.drogariaveracruz.com.br/xarope-leucogen-sabor-caramelo-120ml/p
VeraCruz;7898586630338;RESTIVA 10MG C/2 ADESIVOS;Disponível;195,71;154,32;-21.1%;54,15;-72.3%;Psicotrópicos;24757;https://www.drogariaveracruz.com.br/restiva-10mg-c2-adesivos/p
VeraCruz;7897930775213;Clob - X 0,5mg/ml Emulsão Dermatológica 59ml;Disponível;104,62;83,49;-20.2%;87,88;-16.0%;Alergias;11308;https://www.drogariaveracruz.com.br/clob-x-05mgml-emulsao-dermatologica-59ml/p
VeraCruz;7896714274805;Ibufran 400mg 8 cápsulas líquidas;Disponível;25,19;10,29;-59.2%;10,83;-57.0%;Dor e Febre > Analgésico;14852;https://www.drogariaveracruz.com.br/ibufran-400mg-8-capsulas-liquidas/p
VeraCruz;7897129304781;Aloxidil 50mg/ml Solução Spray 60ml;Disponível;87,33;70,52;-19.2%;74,23;-15.0%;Tratamento Capilar > Queda De Cabelo;22644;https://www.drogariaveracruz.com.br/aloxidil-50mgml-solucao-spray-60ml/p
VeraCruz;7899824401123;Septam Bd 200mg/ml + 50mg/ml 1 Frasco Com 30G de Pó Para Suspensão de Uso Oral;Disponível;0;0;0;0;0;Antibióticos;23988;https://www.drogariaveracruz.com.br/septam-bd-200mgml-50mgml-1-frasco-com-30g-de-po-para-suspensao-de-uso-oral/p
VeraCruz;7896548140581;Solução Oftálmica Patanol S 2,22mg/ml 2,5ml;Disponível;0;0;0;0;0;Olhos > Lubrificantes e Colírios;15929;https://www.drogariaveracruz.com.br/solucao-oftalmica-patanol-s-222mgml-25ml/p
VeraCruz;7896637022897;Labirin 8mg 30 comprimidos;Disponível;0;0;0;0;0;Sistema Circulatório > Circulação;15444;https://www.drogariaveracruz.com.br/labirin-8mg-30-comprimidos/p
VeraCruz;7892953000823;Eligard 45mg 1 seringa com pó + seringa com diluente;Disponível;0;0;0;0;0;Oncológicos e Alto Custo;20578;https://www.drogariaveracruz.com.br/eligard-45mg-1-seringa-com-po-seringa-com-diluente/p
VeraCruz;7891317487331;VERSA - 60mg, 2 seringas preenchidas com 0,6mL de solução de uso subcutâneo ou intravenoso;Disponível;0;0;0;0;0;Sistema Circulatório > Circulação;24005;https://www.drogariaveracruz.com.br/versa-60mg-2-seringas-preenchidas-com-06ml-de-solucao-de-uso-subcutaneo-ou-intravenoso/p
VeraCruz;7897018510026;Protetor Ocular Oftam Grande Bege 20un;Disponível;33,90;27,69;-18.3%;29,15;-14.0%;Olhos > Protetor Ocular;12862;https://www.drogariaveracruz.com.br/protetor-ocular-oftam-grande-bege-20un/p
VeraCruz;7896179850040;Tamarine 6mg 20 cápsulas;Disponível;100,99;76,75;-24.0%;80,79;-20.0%;Digestão > Laxantes e Reguladores Intestinais;12493;https://www.drogariaveracruz.com.br/tamarine-6mg-20-capsulas/p
VeraCruz;7898216367344;Pasta D'Água Mentolada 80g;Disponível;0;0;0;0;0;Pele e Mucosa;13035;https://www.drogariaveracruz.com.br/pasta-dagua-mentolada-80g/p
VeraCruz;7908236800674;FRONTAL 2 MG C/ 30 COMP;Disponível;0;0;0;0;0;Psicotrópicos;24481;https://www.drogariaveracruz.com.br/frontal-2-mg-c-30-comp/p
VeraCruz;7896004803463;Solução Nasal Naridrin Pediátrico 15ml;Disponível;23,13;13,84;-40.2%;14,57;-37.0%;Sistema Respiratório > Descongestionantes;16737;https://www.drogariaveracruz.com.br/solucao-nasal-naridrin-pediatrico-15ml/p
VeraCruz;7896255767026;Lipidil 160mg 30 comprimidos revestidos;Disponível;0;0;0;0;0;Colesterol e Triglicerídeos;11116;https://www.drogariaveracruz.com.br/lipidil-160mg-30-comprimidos-revestidos/p
VeraCruz;7899640804993;OHDE - 1000UI, 30 comprimidos revestidos;Disponível;0;0;0;0;0;Vitaminas;16319;https://www.drogariaveracruz.com.br/ohde-1000ui-30-comprimidos-revestidos/p
VeraCruz;7896253902580;Betaserc 24mg 60 comprimidos;Disponível;125,98;94,54;-25.0%;99,52;-21.0%;Sistema Nervoso > Medicamentos Antivertiginosos: Ginkgo, Tanakan, Equitam;10944;https://www.drogariaveracruz.com.br/betaserc-24mg-60-comprimidos/p
VeraCruz;7896672202919;Clenil HFA 250mcg Jet Solução Aerossol 200 doses 10ml;Disponível;80,69;53,66;-33.5%;56,48;-30.0%;Sistema Respiratório > Asma;18111;https://www.drogariaveracruz.com.br/clenil-hfa-250mcg-jet-solucao-aerossol-200-doses-10ml/p
VeraCruz;7896676408294;Fibrinase Com Cloranfenicol 666U/G + 1U/G + 10mg/G 1 Bisnaga Com 10G de Pomada de Uso dermatológico;Disponível;41,50;34,30;-17.3%;36,11;-13.0%;Antibióticos;24401;https://www.drogariaveracruz.com.br/fibrinase-com-cloranfenicol-666ug-1ug-10mgg-1-bisnaga-com-10g-de-pomada-de-uso-dermatologico/p
VeraCruz;7896226102436;Tenavit 0,80mg + 4mg + 0,40mg 30 comprimidos revestidos;Disponível;0;0;0;0;0;Vitaminas;12497;https://www.drogariaveracruz.com.br/tenavit-080mg-4mg-040mg-30-comprimidos-revestidos/p
VeraCruz;7892953001318;PARATRAN C/10 CPR;Disponível;0;0;0;0;0;Psicotrópicos;24998;https://www.drogariaveracruz.com.br/paratran-c10-cpr/p
VeraCruz;7896016807367;Kombiglyze XR 2,5mg + 1000mg 60 comprimidos revestidos;Disponível;0;0;0;0;0;Diabetes;15440;https://www.drogariaveracruz.com.br/kombiglyze-xr-25mg-1000mg-60-comprimidos-revestidos/p
VeraCruz;7896658003561;decadron 05mg/ml + 35mg/ml 1 Frasco Nebulizador Com 20ml de Solução de Uso Nasal;Disponível;42,34;36,60;-13.6%;38,53;-9.0%;Antibióticos;23289;https://www.drogariaveracruz.com.br/decadron-05mgml-35mgml-1-frasco-nebulizador-com-20ml-de-solucao-de-uso-nasal/p
VeraCruz;7891721026621;Glucovance 500 + 5mg 30 comprimidos revestidos;Disponível;57,84;44,51;-23.0%;46,85;-19.0%;Diabetes;15738;https://www.drogariaveracruz.com.br/glucovance-500-5mg-30-comprimidos-revestidos/p
VeraCruz;7896004775326;Imussuprex 50mg c/ 50 Comprimidos (Imunossupressores);Disponível;0;0;0;0;0;Sistema Imunológico;24352;https://www.drogariaveracruz.com.br/imussuprex-50mg-c-50-comprimidos-imunossupressores/p
VeraCruz;7896658001925;Decongex Plus Gotas 20ml;Disponível;19,17;17,30;-9.8%;18,21;-5.0%;Sistema Respiratório > Descongestionantes;16570;https://www.drogariaveracruz.com.br/decongex-plus-gotas-20ml/p
VeraCruz;7891317003029;Duomo 4mg Eurofarma, 30 comprimidos;Disponível;67,92;54,84;-19.3%;57,73;-15.0%;Saúde Masculina > Próstata;13717;https://www.drogariaveracruz.com.br/duomo-4mg-eurofarma-30-comprimidos/p
VeraCruz;7896094200920;Libiam 2,5mg 28 comprimidos;Disponível;100,64;76,48;-24.0%;80,51;-20.0%;Hormônios;11111;https://www.drogariaveracruz.com.br/libiam-25mg-28-comprimidos/p
VeraCruz;7896523206783;Pomada Dermatológica Nebacimed 15g;Disponível;0;0;0;0;0;Pele e Mucosa;20884;https://www.drogariaveracruz.com.br/pomada-dermatologica-nebacimed-15g/p
VeraCruz;7896004789491;Miogesic Lis 125mg + 5mg 30 comprimidos revestidos;Disponível;62,23;52,61;-15.5%;55,38;-11.0%;Dor e Febre > Contusão e Relaxante Muscular;22268;https://www.drogariaveracruz.com.br/miogesic-lis-125mg-5mg-30-comprimidos-revestidos/p
VeraCruz;7894916509343;CYMBI 30 MG C/30 CPR;Disponível;73,64;69,96;-5.0%;73,64;-0.0%;Psicotrópicos;24565;https://www.drogariaveracruz.com.br/cymbi-30-mg-c30-cpr/p
VeraCruz;7894916508537;Sigma Clav Bd 875 + 125mg 20 comprimidos revestidos;Disponível;132,01;97,82;-25.9%;51,49;-61.0%;Antibióticos;23966;https://www.drogariaveracruz.com.br/sigma-clav-bd-875-125mg-20-comprimidos-revestidos/p
VeraCruz;8902220114180;Iccor 2,5mg 30 comprimidos revestidos;Disponível;0;0;0;0;0;Pressão Alta > Anti-Hipertensivo;14257;https://www.drogariaveracruz.com.br/iccor-25mg-30-comprimidos-revestidos/p
VeraCruz;7891721012884;Clinfar 20mg 30 comprimidos revestidos;Disponível;0;0;0;0;0;Colesterol e Triglicerídeos;11325;https://www.drogariaveracruz.com.br/clinfar-20mg-30-comprimidos-revestidos/p
VeraCruz;7897337702089;Maxalt 10mg 2 comprimidos revestidos;Disponível;38,14;30,80;-19.2%;32,42;-15.0%;Dor e Febre > Enxaqueca;16288;https://www.drogariaveracruz.com.br/maxalt-10mg-2-comprimidos-revestidos/p
VeraCruz;7891010255855;Tylenol DC 1g 20 comprimidos revestidos;Disponível;40,65;33,21;-18.3%;34,96;-14.0%;Dor e Febre > Analgésico;21033;https://www.drogariaveracruz.com.br/tylenol-dc-1g-20-comprimidos-revestidos/p
VeraCruz;7896382703072;Humalog Mix 25 100UI/ml 5 refis de 3ml;Disponível;0;0;0;0;0;Diabetes;15391;https://www.drogariaveracruz.com.br/humalog-mix-25-100uiml-5-refis-de-3ml/p
VeraCruz;7898040328573;Calcitran MDK Sabor Menta 30 comprimidos mastigáveis;Disponível;64,20;47,58;-25.9%;50,08;-22.0%;Vitaminas;20866;https://www.drogariaveracruz.com.br/suplemento-alimentar-calcitran-mdk-sabor-menta-30-comprimidos-mastigaveis/p
VeraCruz;7892953000496;Eligard 22,5mg 1 seringa com pó + seringa com diluente;Disponível;0;0;0;0;0;Oncológicos e Alto Custo;20577;https://www.drogariaveracruz.com.br/eligard-225mg-1-seringa-com-po-seringa-com-diluente/p
VeraCruz;7896006298526;Vodol Creme 20mg/g 28g;Disponível;33,23;0;0;25,59;-23.0%;Pele e Mucosa;11214;https://www.drogariaveracruz.com.br/creme-dermatologico-vodol-20mgg-28g/p
VeraCruz;7898943707086;ATEROMA - 20mg, 30 comprimidos revestidos;Disponível;0;0;0;0;0;Colesterol e Triglicerídeos;13443;https://www.drogariaveracruz.com.br/ateroma-20mg-30-comprimidos-revestidos/p
VeraCruz;7896261021051;Voltaren 50mg 20 comprimidos revestidos;Disponível;56,74;46,89;-17.4%;49,36;-13.0%;Dor e Febre > Anti-Inflamatórios;11220;https://www.drogariaveracruz.com.br/voltaren-50mg-20-comprimidos-revestidos/p
VeraCruz;7896094201767;Topison 1mg/g Creme 20g;Disponível;75,51;59,54;-21.1%;62,67;-17.0%;Dor e Febre > Anti-Inflamatórios;13006;https://www.drogariaveracruz.com.br/topison-1mgg-creme-20g/p
VeraCruz;7894916516006;Toragesic 10mg 10 comprimidos sublinguais;Disponível;36,61;29,56;-19.3%;31,12;-15.0%;Dor e Febre > Anti-Inflamatórios;21054;https://www.drogariaveracruz.com.br/toragesic-10mg-10-comprimidos-sublinguais/p
VeraCruz;7897322709987;Vitamina D3 Addera D3 10.000UI 4 Cápsulas Moles;Disponível;68,54;61,85;-9.8%;65,11;-5.0%;Vitaminas;18523;https://www.drogariaveracruz.com.br/vitamina-d3-addera-d3-10000ui-4-capsulas-moles/p
VeraCruz;7896181929178;TRAUM RETARD 100MG C/10 CPR;Disponível;99,44;94,47;-5.0%;99,44;-0.0%;Psicotrópicos;24691;https://www.drogariaveracruz.com.br/traum-retard-100mg-c10-cpr/p
VeraCruz;7500435191791;Citoneurin Control 1000 30 comprimidos revestidos;Disponível;83,20;64,02;-23.1%;67,39;-19.0%;Dor e Febre > Analgésico;22283;https://www.drogariaveracruz.com.br/citoneurin-control-1000-30-comprimidos-revestidos/p
VeraCruz;7891158104060;Vitamina D Sof D 7.000 UI 8 cápsulas gelatinosas moles;Disponível;35,55;29,04;-18.3%;30,57;-14.0%;Vitaminas;20460;https://www.drogariaveracruz.com.br/vitamina-d-sof-d-7000-ui-8-capsulas-gelatinosas-moles/p
VeraCruz;7896094200470;Diminut 75mcg + 20mcg 21 comprimidos revestidos;Disponível;51,29;38,01;-25.9%;40,01;-22.0%;Saúde Feminina > Anticoncepcionais;12100;https://www.drogariaveracruz.com.br/diminut-75mcg-20mcg-21-comprimidos-revestidos/p
VeraCruz;7896241232255;LIVOLON - 1,25mg, 30 comprimidos;Disponível;0;0;0;0;0;Hormônios;15839;https://www.drogariaveracruz.com.br/livolon-125mg-30-comprimidos/p
VeraCruz;7896714200699;Corticorten 20mg 20 comprimidos;Disponível;31,81;16,02;-49.6%;16,86;-47.0%;Dor e Febre > Anti-Inflamatórios;16870;https://www.drogariaveracruz.com.br/corticorten-20mg-20-comprimidos/p
VeraCruz;7891721201691;Contrave 8Mg/90Mg C/120 Cpr;Disponível;954,44;628,81;-34.1%;220,63;-76.9%;Psicotrópicos;24916;https://www.drogariaveracruz.com.br/contrave-8mg90mg-c120-cpr/p
VeraCruz;7896112400608;Stele 1mg/g Creme Ginecológico 50g + 5 aplicadores;Disponível;0;0;0;0;0;Saúde Feminina > Creme e óvulos vaginais;11153;https://www.drogariaveracruz.com.br/stele-1mgg-creme-ginecologico-50g-5-aplicadores/p
VeraCruz;7896006207665;Solução Oftálmica Cetrolac MD 4mg/ml 10ml;Disponível;109,60;82,25;-25.0%;86,58;-21.0%;Olhos > Lubrificantes e Colírios;17789;https://www.drogariaveracruz.com.br/solucao-oftalmica-cetrolac-md-4mgml-10ml/p
VeraCruz;7891268107500;Xalacom 50mcg/ml + 5mg/ml Solução Oftálmica 2,5ml;Disponível;284,26;237,64;-16.4%;83,38;-70.7%;Olhos > Lubrificantes e Colírios;11232;https://www.drogariaveracruz.com.br/xalacom-50mcgml-5mgml-solucao-oftalmica-25ml/p
VeraCruz;7898582291854;Queimadol Pomada 30g Bellaphytus;Disponível;29,90;28,41;-5.0%;29,90;-0.0%;Pele e Mucosa;27015;https://www.drogariaveracruz.com.br/queimadol-pomada-30g-bellaphytus/p
VeraCruz;7898168005646;DALMADORM 30MG C/30 CPR;Disponível;0;0;0;0;0;Psicotrópicos;24492;https://www.drogariaveracruz.com.br/dalmadorm-30mg-c30-cpr/p
VeraCruz;7891058006457;PURAN T4 - 200mcg, 28 comprimidos;Disponível;0;0;0;0;0;Hormônios;15978;https://www.drogariaveracruz.com.br/puran-t4-200mcg-28-comprimidos/p
VeraCruz;7896931421532;FRONTAL 0,5 MG C/30 CPR;Disponível;0;0;0;0;0;Psicotrópicos;24490;https://www.drogariaveracruz.com.br/frontal-05-mg-c30-cpr/p
VeraCruz;7891058003562;Puran T4 37,5mcg 30 comprimidos;Disponível;11,67;8,21;-29.6%;8,64;-26.0%;Hormônios;15982;https://www.drogariaveracruz.com.br/puran-t4-375mcg-30-comprimidos/p
VeraCruz;7896230303676;Bicarbonato de Sódio ADV 100g;Disponível;10,50;8,98;-14.5%;9,45;-10.0%;Digestão > Azia e Má Digestão;17711;https://www.drogariaveracruz.com.br/bicarbonato-de-sodio-adv-100g/p
VeraCruz;7896261020542;ANAFRANIL 25MG CAIXA COM 30 DRÁGEAS;Disponível;0;0;0;0;0;Psicotrópicos;24889;https://www.drogariaveracruz.com.br/anafranil-25mg-caixa-com-30-drageas/p
VeraCruz;7896083400058;Ginkgo 40mg Herbarium 60 cápsulas duras;Disponível;66,70;53,23;-20.2%;56,03;-16.0%;Sistema Nervoso > Medicamentos Antivertiginosos: Ginkgo, Tanakan, Equitam;16232;https://www.drogariaveracruz.com.br/ginkgo-40mg-herbarium-60-capsulas-duras/p
VeraCruz;7896637023375;ALOIS 10 MG C/30 CPR;Disponível;0;0;0;0;0;Psicotrópicos;24775;https://www.drogariaveracruz.com.br/alois-10-mg-c30-cpr/p
VeraCruz;7908134200040;Gynotran 750mg + 200mg 7 Óvulos + 14 dedeiras;Disponível;122,61;101,34;-17.3%;53,34;-56.5%;Antibióticos;23987;https://www.drogariaveracruz.com.br/gynotran-750mg-200mg-7-ovulos-14-dedeiras/p
VeraCruz;7891106004213;Aspirina 500mg 10 comprimidos;Disponível;12,00;10,83;-9.7%;11,40;-5.0%;Dor e Febre > Analgésico;18103;https://www.drogariaveracruz.com.br/aspirina-500mg-10-comprimidos/p
VeraCruz;7894916550062;Propranolol 80mg 30 comprimidos;Disponível;28,05;21,32;-24.0%;22,44;-20.0%;Pressão Alta > Anti-Hipertensivo;10279;https://www.drogariaveracruz.com.br/propranolol-80mg-30-comprimidos/p
VeraCruz;7897411611023;BenicarAnlo 40mg/5mg 30 comprimidos revestidos;Disponível;103,89;75,01;-27.8%;78,96;-24.0%;Pressão Alta > Anti-Hipertensivo;17719;https://www.drogariaveracruz.com.br/benicaranlo-40mg5mg-30-comprimidos-revestidos/p
VeraCruz;7896181916475;TOLREST 100 MG C/30 CPR;Disponível;199,56;140,29;-29.7%;73,84;-63.0%;Psicotrópicos;24700;https://www.drogariaveracruz.com.br/tolrest-100-mg-c30-cpr/p
VeraCruz;7896112401810;COGIT 8MG C/30 CPS;Disponível;0;0;0;0;0;Psicotrópicos;25063;https://www.drogariaveracruz.com.br/cogit-8mg-c30-cps/p
VeraCruz;7896206402983;Crestor 40mg 30 comprimidos revestidos;Disponível;0;0;0;0;0;Colesterol e Triglicerídeos;10344;https://www.drogariaveracruz.com.br/crestor-40mg-30-comprimidos-revestidos/p
VeraCruz;7896714200736;Renalapril 5mg 30 comprimidos;Disponível;0;0;0;0;0;Sistema Circulatório > Cardiovasculares;19800;https://www.drogariaveracruz.com.br/renalapril-5mg-30-comprimidos/p
VeraCruz;7506339305104;Teste De Gravidez Clearblue Digital;Disponível;62,80;54,89;-12.6%;57,78;-8.0%;Saúde Feminina > Teste de Gravidez;18105;https://www.drogariaveracruz.com.br/teste-de-gravidez-clearblue-digital/p
VeraCruz;7898133137297;Hidraplex Natulab Sabor Água de Coco 04 envelopes;Disponível;22,90;14,57;-36.4%;15,34;-33.0%;Digestão > Laxantes e Reguladores Intestinais;21506;https://www.drogariaveracruz.com.br/hidraplex-natulab-sabor-agua-de-coco-04-envelopes/p
VeraCruz;7896006298540;Vodol 20mg/g Pó 30g;Disponível;43,81;37,04;-15.5%;38,99;-11.0%;Pele e Mucosa;11215;https://www.drogariaveracruz.com.br/vodol-20mgg-po-30g/p
VeraCruz;7891268107609;Xalatan 50mcg/ml Colírio 2,5ml;Disponível;253,00;211,51;-16.4%;74,21;-70.7%;Olhos > Lubrificantes e Colírios;11233;https://www.drogariaveracruz.com.br/xalatan-50mcgml-colirio-25ml/p
VeraCruz;7898029558755;Vastarel Caps LP 80mg 30 cápsulas duras de liberação prolongada;Disponível;218,34;207,42;-5.0%;72,78;-66.7%;Sistema Circulatório > Cardiovasculares;19200;https://www.drogariaveracruz.com.br/vastarel-caps-lp-80mg-30-capsulas-duras-de-liberacao-prolongada/p
VeraCruz;7896026301374;Bisolvon Pediátrico 4mg/5ml Xarope 120ml;Disponível;32,54;27,21;-16.4%;28,64;-12.0%;Sistema Respiratório > Tosse;17762;https://www.drogariaveracruz.com.br/xarope-bisolvon-expectorante-pediatrico-4mg5ml-1-frasco-com-120ml/p
VeraCruz;7891317000820;Vitamina D3 AltaD 1.000UI 30 comprimidos revestidos;Disponível;0;0;0;0;0;Vitaminas;10903;https://www.drogariaveracruz.com.br/vitamina-d3-altad-1000ui-30-comprimidos-revestidos/p
VeraCruz;7891142171191;Polaramine 10mg/g Creme 30g;Disponível;26,99;23,85;-11.6%;25,10;-7.0%;Alergias;10193;https://www.drogariaveracruz.com.br/antialergico-polaramine-creme-10mgg-30g/p
VeraCruz;7891317025793;Dipro Betametasona + Sulf Gentamicina Cr c/30G;Disponível;31,31;13,09;-58.2%;13,78;-56.0%;Antibióticos;23889;https://www.drogariaveracruz.com.br/dipro-betametasona-sulf-gentamicina-cr-c30g/p
VeraCruz;7898581710363;LEXOTAN 6 MG C/30 CPR;Disponível;93,08;68,09;-26.8%;71,67;-23.0%;Psicotrópicos;24470;https://www.drogariaveracruz.com.br/lexotan-6-mg-c30-cpr/p
VeraCruz;7896261018303;Cataflam Sport Ice Aerossol 60g;Disponível;42,15;34,84;-17.3%;36,67;-13.0%;Dor e Febre > Anti-Inflamatórios;17748;https://www.drogariaveracruz.com.br/cataflam-sport-ice-aerossol-60g/p
VeraCruz;7896006216254;Xantinon 10 comprimidos revestidos;Disponível;6,11;5,23;-14.4%;5,50;-10.0%;Digestão > Laxantes e Reguladores Intestinais;11248;https://www.drogariaveracruz.com.br/xantinon-10-comprimidos-revestidos/p
VeraCruz;7896112413790;Pressat 5mg 60 comprimidos;Disponível;0;0;0;0;0;Pressão Alta > Anti-Hipertensivo;10678;https://www.drogariaveracruz.com.br/pressat-5mg-60-comprimidos/p
VeraCruz;7896016805608;Naldecon Dia 24 comprimidos;Disponível;0;0;0;0;0;Sistema Respiratório > Antigripais;15678;https://www.drogariaveracruz.com.br/naldecon-dia-24-comprimidos/p
VeraCruz;7898927111014;Sédatif PC Boiron 60 Comprimidos Revestidos;Disponível;109,50;88,43;-19.2%;93,08;-15.0%;Sistema Nervoso > Calmantes;11530;https://www.drogariaveracruz.com.br/sedatif-pc-boiron-60-comprimidos-revestidos/p
VeraCruz;7894916515344;Clabat 25mg Granulado Susp 60ml;Disponível;0;0;0;0;0;Antibióticos;23892;https://www.drogariaveracruz.com.br/clabat-25mg-granulado-susp-60ml/p
VeraCruz;7896094920033;Fluidificante e Descongestionante Nasal Rinosoro Jet XT Infantil 0,9% 100ml;Disponível;65,38;57,76;-11.7%;60,80;-7.0%;Sistema Respiratório > Descongestionantes;14440;https://www.drogariaveracruz.com.br/fluidificante-e-descongestionante-nasal-rinosoro-jet-xt-infantil-09-100ml/p
VeraCruz;7896548112229;Mydriacyl 10mg/ml Solução Oftálmica 5ml;Disponível;22,43;19,18;-14.5%;20,19;-10.0%;Olhos > Lubrificantes e Colírios;16701;https://www.drogariaveracruz.com.br/mydriacyl-10mgml-solucao-oftalmica-5ml/p
VeraCruz;7897337713467;Desalex 5mg 30 comprimidos revestidos;Disponível;131,17;105,92;-19.2%;55,75;-57.5%;Alergias;11393;https://www.drogariaveracruz.com.br/desalex-5mg-30-comprimidos-revestidos/p
VeraCruz;7896112406143;Endofer 100mg 30 comprimidos mastigáveis;Disponível;0;0;0;0;0;Sistema Imunológico;20564;https://www.drogariaveracruz.com.br/endofer-100mg-30-comprimidos-mastigaveis/p
VeraCruz;5702150152145;REXULTI 0,5MG C/30 CPR;Disponível;279,91;228,68;-18.3%;80,24;-71.3%;Psicotrópicos;24715;https://www.drogariaveracruz.com.br/rexulti-05mg-c30-cpr/p
VeraCruz;7896261016255;Galvus Met 50mg + 850mg 56 comprimidos revestidos;Disponível;0;0;0;0;0;Diabetes;16206;https://www.drogariaveracruz.com.br/galvus-met-50mg-850mg-56-comprimidos-revestidos/p
VeraCruz;-;Sonrisal 10 comprimidos efervescentes;Disponível;16,04;12,95;-19.3%;13,63;-15.0%;Digestão > Azia e Má Digestão;;https://www.drogariaveracruz.com.br/sonrisal-10-comprimidos-efervescentes/p
VeraCruz;7896180300053;Solução Oftálmica Maxibell 0,5mg/m + 4mg/ml 10ml;Disponível;0;0;0;0;0;Olhos > Lubrificantes e Colírios;16289;https://www.drogariaveracruz.com.br/solucao-oftalmica-maxibell-05mgm-4mgml-10ml/p
VeraCruz;7891106001748;GLUCOBAY - 100mg, 30 comprimidos;Disponível;0;0;0;0;0;Diabetes;12658;https://www.drogariaveracruz.com.br/glucobay-100mg-30-comprimidos/p
VeraCruz;7898168001280;Cetobeta Creme 30g;Disponível;41,17;14,47;-64.9%;15,23;-63.0%;Pele e Mucosa;11018;https://www.drogariaveracruz.com.br/creme-dermatologico-cetobeta-30g/p
VeraCruz;7897460401934;Silimalon 70mg + 100mg 10 comprimidos revestidos;Disponível;27,28;22,03;-19.2%;23,19;-15.0%;Digestão > Azia e Má Digestão;22212;https://www.drogariaveracruz.com.br/silimalon-70mg-100mg-10-comprimidos-revestidos/p
VeraCruz;7896382707681;Basaglar 100UI/ml 5 refis de 3ml;Disponível;304,59;240,17;-21.1%;84,27;-72.3%;Diabetes;15570;https://www.drogariaveracruz.com.br/basaglar-100uiml-5-refis-de-3ml/p
VeraCruz;7896212409457;Tylenol Criança 32mg/ml Sabor Frutas 60ml;Disponível;56,33;41,74;-25.9%;43,94;-22.0%;Dor e Febre > Analgésico;17529;https://www.drogariaveracruz.com.br/analgesico-tylenol-crianca-32mgml-sabor-frutas-60ml/p
VeraCruz;7897322710464;Cafilisador 4 comprimidos;Disponível;0;0;0;0;0;Dor e Febre > Enxaqueca;17461;https://www.drogariaveracruz.com.br/cafilisador-4-comprimidos/p
VeraCruz;7896094928176;Buscopan Pediátrico 10mg/ml Gotas 20ml;Disponível;31,99;26,44;-17.3%;27,83;-13.0%;Saúde Feminina > Cólica;21165;https://www.drogariaveracruz.com.br/buscopan-pediatrico-10mgml-gotas-20ml/p
VeraCruz;7894916512466;IMENSE 50MG C/30 CPR;Disponível;80,94;56,91;-29.7%;59,90;-26.0%;Psicotrópicos;24841;https://www.drogariaveracruz.com.br/imense-50mg-c30-cpr/p
VeraCruz;7891058004354;Allegra Pediátrico 6mg/ml 150ml;Disponível;91,05;73,52;-19.3%;77,39;-15.0%;Alergias;17649;https://www.drogariaveracruz.com.br/antialergico-allegra-pediatrico-6mgml-150ml/p
VeraCruz;7897316805688;Zymar Xd 5mg/ml 1 Frasco Gotejador Com 5ml de Solução de Uso Oftalmológico;Disponível;92,24;68,35;-25.9%;71,95;-22.0%;Antibióticos;23823;https://www.drogariaveracruz.com.br/zymar-xd-5mgml-1-frasco-gotejador-com-5ml-de-solucao-de-uso-oftalmologico/p
VeraCruz;7896015591960;Leite de Magnésia Eno Hortelã 350ml;Disponível;27,90;20,67;-25.9%;21,76;-22.0%;Digestão > Azia e Má Digestão;18941;https://www.drogariaveracruz.com.br/leite-de-magnesia-eno-hortela-350ml/p
VeraCruz;7896094916234;Lisador Dip 1g 20 comprimidos;Disponível;45,99;39,32;-14.5%;41,39;-10.0%;Dor e Febre > Analgésico;17000;https://www.drogariaveracruz.com.br/lisador-dip-1g-20-comprimidos/p
VeraCruz;7896658024931;Bravan Duo 80mg 5mg 30 comprimidos;Disponível;0;0;0;0;0;Pressão Alta > Anti-Hipertensivo;15182;https://www.drogariaveracruz.com.br/bravan-duo-80mg-5mg-30-comprimidos/p
VeraCruz;7896255700283;Synthroid 112mcg 30 comprimidos;Disponível;55,85;41,91;-25.0%;44,12;-21.0%;Hormônios;11180;https://www.drogariaveracruz.com.br/synthroid-112mcg-30-comprimidos/p
VeraCruz;7896112409250;Doss Colecalciferol 10.000 UI Com 4 cápsulas;Disponível;21,88;20,79;-5.0%;21,88;-0.0%;Para os Ossos > Osteoporose;26113;https://www.drogariaveracruz.com.br/doss-colecalciferol-10000-ui-com-4-capsulas/p
VeraCruz;7896523207681;Ambroxmel Xarope 30mg/5ml Sabor Mel e Eucalipto 120ml;Disponível;27,94;17,52;-37.3%;18,44;-34.0%;Sistema Respiratório > Tosse;10909;https://www.drogariaveracruz.com.br/ambroxmel-30mg5ml-xarope-sabor-mel-e-eucalipto-120ml/p
VeraCruz;7898168009125;Efurix 50mg/g Creme Dermatológico 15g;Disponível;0;0;0;0;0;Pele e Mucosa;10131;https://www.drogariaveracruz.com.br/efurix-50mgg-creme-dermatologico-15g/p
VeraCruz;8902220106079;Azukon MR 30mg 30 Comprimidos;Disponível;22,60;15,88;-29.7%;16,72;-26.0%;Diabetes;10475;https://www.drogariaveracruz.com.br/azukon-mr-30mg-30-comprimidos/p
VeraCruz;7896083402526;Hipericin 300mg 30 cápsulas moles;Disponível;0;0;0;0;0;Sistema Nervoso > Antidepressivos;15795;https://www.drogariaveracruz.com.br/hipericin-300mg-30-capsulas/p
VeraCruz;7891317001964;Bicerto 150mg 10 comprimidos de liberação prolongada;Disponível;55,42;46,33;-16.4%;48,77;-12.0%;Dor e Febre > Anti-Inflamatórios;13358;https://www.drogariaveracruz.com.br/bicerto-150mg-10-comprimidos-de-liberacao-prolongada/p
VeraCruz;7891142177049;Predsim 5mg 20 comprimidos;Disponível;27,77;23,22;-16.4%;24,44;-12.0%;Dor e Febre > Anti-Inflamatórios;10665;https://www.drogariaveracruz.com.br/predsim-5mg-20-comprimidos/p
VeraCruz;7896006290285;Uniprazol 20mg 56 cápsulas;Disponível;0;0;0;0;0;Digestão > Úlcera e Gastrite;19240;https://www.drogariaveracruz.com.br/uniprazol-20mg-56-capsulas/p
VeraCruz;7896112406464;Embo 5mg 60 comprimidos revestidos;Disponível;235,24;178,78;-24.0%;62,73;-73.3%;Sistema Circulatório > Circulação;20561;https://www.drogariaveracruz.com.br/embo-5mg-60-comprimidos-revestidos/p
VeraCruz;7894916500371;Penvir 500mg 21 comprimidos revestidos;Disponível;710,30;566,82;-20.2%;198,88;-72.0%;Sistema Imunológico;12828;https://www.drogariaveracruz.com.br/penvir-500mg-21-comprimidos-revestidos/p
VeraCruz;7896714230504;Massageol Pomada 30g;Disponível;29,69;17,49;-41.1%;18,41;-38.0%;Dor e Febre > Contusão e Relaxante Muscular;16282;https://www.drogariaveracruz.com.br/massageol-pomada-30g/p
VeraCruz;7894916508346;Brasart HCT 80mg + 12,5mg 30 comprimidos revestidos;Disponível;99,37;94,40;-5.0%;99,37;-0.0%;Pressão Alta > Anti-Hipertensivo;17432;https://www.drogariaveracruz.com.br/brasart-hct-80mg-125mg-30-comprimidos-revestidos/p
VeraCruz;7908134200453;Slinda 4mg 28 comprimidos revestidos;Disponível;130,81;100,66;-23.0%;52,98;-59.5%;Saúde Feminina > Anticoncepcionais;20550;https://www.drogariaveracruz.com.br/slinda-4mg-28-comprimidos-revestidos/p
VeraCruz;7891317008598;Perivasc 450mg + 50mg 60 Comprimidos Revestidos;Disponível;0;0;0;0;0;Sistema Circulatório > Circulação;18603;https://www.drogariaveracruz.com.br/perivasc-450mg-50mg-60-comprimidos-revestidos/p
VeraCruz;7896004705644;Espasmo Dimetiliv 80mg/ml + 2,5mg/ml Gotas 20ml;Disponível;0;0;0;0;0;Digestão > Antigases;15507;https://www.drogariaveracruz.com.br/espasmo-dimetiliv-80mgml-25mgml-gotas-20ml/p
