Farmácia,Status,Total Unidades Vendidas,Frequencia_Vendas,EAN_ou_SKU,Nome_do_Produto,Preco_Tabela,Preco_Cartao_Valor,Desconto_Cartao,Preco_Pix_Valor,Desconto_Pix
São João,Esgotado,1160.0,55,0.0,Busonid Suspensão Nasal 120 Doses,0,0,0,0,0
São João,Esgotado,681.0,25,0.0,TYLENOL DC MÚLTIPLAS DORES PARACETAMOL 1G + CAFEÍNA 130MG 20 COMPRIMIDOS,0,0,0,0,0
São João,Disponível,632.0,27,7795320008821.0,Vitanol-A Creme Dermatológico 30g,"50,17","44,69",-10.9%,"44,69",-10.9%
São João,Esgotado,596.0,29,0.0,Naridrin Solução Nasal 15ml,0,0,0,0,0
São João,Esgotado,564.0,16,0.0,Sulfato De Neomicina 5mg/g + Bacitracina Zíncica 250UI/g Genérico Prati Pomada 15g,0,0,0,0,0
São João,Disponível,560.0,25,7896658005930.0,Transpulmin Xarope 150ml,"47,25","42,49",-10.1%,"42,49",-10.1%
São João,Disponível,550.0,16,7891142981363.0,Predsim 5mg 20 Comprimidos Mantecorp,"39,94","36,49",-8.6%,"36,49",-8.6%
São João,Disponível,539.0,26,7896637025362.0,Pomada Dermatológica Tarfic 10g,"148,92","124,69",-16.3%,"124,69",-16.3%
São João,Esgotado,538.0,15,0.0,Keflex 1G 8 Drágeas Bago,0,0,0,0,0
São João,Disponível,538.0,17,7899547527681.0,Albendazol 400mg Genérico Prati 5 Comprimidos Mastigáveis,"46,31","27,90",-39.8%,"27,90",-39.8%
São João,Disponível,536.0,16,7891317017378.0,Sinot Clav 875/125mg 14 Comprimidos Revestido Eurofarma,"80,69","42,09",-47.8%,"42,09",-47.8%
São João,Disponível,536.0,15,7896523208473.0,Axetil de Cefuroxima Suspensão Oral 250mg/5ml 50ml Genérico Ranbaxy,"29,54","12,29",-58.4%,"12,29",-58.4%
São João,Disponível,535.0,14,7896637032223.0,Probians 30 Cápsulas,"135,90","135,90",-0.0%,"135,90",-0.0%
São João,Disponível,527.0,16,7896523208770.0,Fluoxetina 20mg 28 Cápsulas Genérico Cimed (C1),"23,03","6,29",-72.7%,"6,29",-72.7%
São João,Disponível,526.0,16,7896523227443.0,Praalergia 120mg 6 Comprimidos Cimed,"96,29","24,49",-74.6%,"24,49",-74.6%
São João,Disponível,523.0,13,7896004747002.0,Nesina Pio 25mg + 15mg 30 Comprimidos Revestidos Hypera,"193,79","49,90",-74.3%,"49,90",-74.3%
São João,Esgotado,521.0,15,0.0,Koide 120ml Momenta,0,0,0,0,0
São João,Disponível,520.0,15,7896004715292.0,Acebrofilina 120ml Infantil Genérico Cimed,"39,56","33,09",-16.4%,"33,09",-16.4%
São João,Disponível,519.0,15,7898148294381.0,Metoprolol 50mg 30 Comprimidos Revestidos Genérico Pharlab,"17,05","8,59",-49.6%,"8,59",-49.6%
São João,Disponível,516.0,16,7896637029117.0,Hominus 2+5Mg 30 Cápsulas Dura Momenta,"77,57","33,00",-57.5%,"33,00",-57.5%
São João,Esgotado,515.0,15,0.0,Venlaxin XR 75mg 60 Cápsulas Eurofarma,0,0,0,0,0
São João,Esgotado,514.0,15,0.0,CataflamPro Aerossol Solução Dermatológica 85ml,0,0,0,0,0
São João,Esgotado,512.0,15,0.0,Oscillococcinum 200K 6 Tubos,0,0,0,0,0
São João,Disponível,511.0,13,7896004747620.0,Aripiprazol 10mg 30 Comprimidos Genérico EMS (C1),"296,69","139,90",-52.8%,"139,90",-52.8%
São João,Disponível,511.0,15,7894916500586.0,Azi 1g 1 Comprimido Sigma Pharma,"43,82","37,49",-14.4%,"37,49",-14.4%
São João,Esgotado,505.0,13,0.0,Cataflexym Gel 10mg 60g Cifarma,0,0,0,0,0
São João,Esgotado,504.0,15,0.0,Gel Reparil Mylan 100g,0,0,0,0,0
São João,Disponível,504.0,16,7896637023658.0,Levolukast 10mg/5mg 14 Comprimidos Revestidos,"20,15","20,15",-0.0%,"20,15",-0.0%
São João,Disponível,504.0,14,7896004719597.0,Amoxicilina + Clavulanato De Potássio 875mg 14 Comprimidos Revestidos Genérico Germed,"194,22","138,89",-28.5%,"138,89",-28.5%
São João,Disponível,503.0,13,7896637022569.0,Retemic 5mg 60 Comprimidos,"74,30","62,29",-16.2%,"62,29",-16.2%
São João,Disponível,502.0,15,7891317465650.0,"Selene 0,035mg/2mg 21 Comprimidos Revestidos","75,40","64,59",-14.3%,"64,59",-14.3%
São João,Disponível,501.0,15,7896004701172.0,Azitromicina 500mg 2 Comprimidos Genérico EMS,"186,35","99,90",-46.4%,"99,90",-46.4%
São João,Esgotado,498.0,14,0.0,Rifaldin Aventis 300mg 6 Cápsulas,0,0,0,0,0
São João,Disponível,497.0,16,7896658047992.0,Trezor 10mg 60 Comprimidos Revestidos Aché,"168,73","139,09",-17.6%,"139,09",-17.6%
São João,Esgotado,497.0,15,0.0,Colírio Teuto Solução Oftalmológica 20ml,0,0,0,0,0
São João,Disponível,496.0,13,7896637023658.0,Musculare 10mg 15 Comprimidos Revestidos,"20,15","20,15",-0.0%,"20,15",-0.0%
São João,Disponível,496.0,14,7894916502641.0,Ceclor Bd 500Mg 10 Comprimidos Revestidos Sigma Pharma,"45,40","40,09",-11.7%,"40,09",-11.7%
São João,Disponível,495.0,14,7891158104657.0,Pedialyte Plus Active 500ml Guarana Abbott,"33,90","33,90",-0.0%,"33,90",-0.0%
São João,Disponível,494.0,15,7891142982469.0,Alivium Mantecorp 400mg 20 Cápsulas,"60,26","60,26",-0.0%,"60,26",-0.0%
São João,Disponível,492.0,14,7891317177652.0,Glifage 1g 30 Comprimidos Revestidos Merck,"93,49","77,49",-17.1%,"77,49",-17.1%
São João,Disponível,492.0,14,7898074614857.0,Perola 75mcg 28 Comprimidos,"66,32","59,49",-10.3%,"59,49",-10.3%
São João,Esgotado,492.0,14,0.0,Dorflex UNO Analgésico Contra Enxaqueca Dipirona Monoidratada 1g 10 Comprimidos,0,0,0,0,0
São João,Disponível,491.0,14,7891317425869.0,Aldomet 500mg 30 Comprimidos Revestidos,"14,53","14,53",-0.0%,"14,53",-0.0%
São João,Esgotado,489.0,14,0.0,Permese 1ml Injeção + Seringa Momenta,0,0,0,0,0
São João,Disponível,489.0,15,7896658027703.0,Histamin 2mg 20 Comprimidos,"65,89","55,99",-15.0%,"55,99",-15.0%
São João,Disponível,488.0,15,7896637025362.0,Pomada Dermatológica Psorex 30g GSK,"148,92","124,69",-16.3%,"124,69",-16.3%
São João,Disponível,487.0,14,7899547528459.0,Levofloxacino 500mg 10 Comprimidos Revestidos Genérico Prati-Donaduzzi,"97,19","46,09",-52.6%,"46,09",-52.6%
São João,Esgotado,485.0,15,0.0,Bismu-Jet Gotas Legrand 20ml,0,0,0,0,0
São João,Disponível,485.0,15,7898158691187.0,Doriless 500mg/5mg/10mg 12 Comprimidos,"18,54","17,09",-7.8%,"17,09",-7.8%
São João,Esgotado,483.0,13,0.0,Tratamento da candidíase Gino-Canesten® Comprimido Vaginal - 1 dia,0,0,0,0,0
São João,Disponível,483.0,15,7896637023115.0,Meclin 25mg 15 Comprimidos,"29,28","26,89",-8.2%,"26,89",-8.2%
São João,Disponível,482.0,15,7896094927797.0,Naturetti 16 Comprimidos Hypera Pharma,"28,64","28,64",-0.0%,"28,64",-0.0%
São João,Disponível,482.0,16,7896422501651.0,Trimetazidina 35mg 30 Comprimidos Revisado Genérico Medley,"99,22","32,90",-66.8%,"32,90",-66.8%
São João,Esgotado,482.0,15,0.0,Ventus Spray 120 Doses Eurofarma,0,0,0,0,0
São João,Disponível,481.0,15,7896112121145.0,Tramadol 50mg 10 Cápsulas Genérico Teuto (A2),"37,51","19,90",-46.9%,"19,90",-46.9%
São João,Disponível,481.0,15,7891317425869.0,"Xarelto 2,5mg 30 Comprimidos Revestidos Bayer","14,53","14,53",-0.0%,"14,53",-0.0%
São João,Esgotado,481.0,13,0.0,Eno Abacaxi Pó Efervescente 100g,0,0,0,0,0
São João,Disponível,481.0,14,7896641806414.0,Siilif 100Mg 60 Comprimidos Revestidos Takeda,"195,13","156,10",-20.0%,"156,10",-20.0%
São João,Disponível,481.0,16,7896112486787.0,Aradois HCT 100+25mg 60 Comprimidos Revestidos Biolab,"56,60","5,80",-89.8%,"5,80",-89.8%
São João,Disponível,481.0,16,7896658008849.0,Ebix 20mg 30 Comprimidos Lundbeck (C1),"33,99","30,09",-11.5%,"30,09",-11.5%
São João,Disponível,480.0,15,7896004716176.0,"Enalapril + Hidroclorotiazida Genérico EMS 20mg + 12,5mg 30 Comprimidos","9,94","1,25",-87.4%,"1,25",-87.4%
São João,Disponível,479.0,14,7896317907834.0,Xarope Abrilar 100ml FQM,"43,40","26,35",-39.3%,"26,35",-39.3%
São João,Disponível,477.0,27,7896083400935.0,Rinosoro SIC Spray Nasal 50ml,"64,40","51,52",-20.0%,"51,52",-20.0%
São João,Esgotado,476.0,17,0.0,Foraseq 12mcg+200mcg 120 Cápsulas com Inalador Sandoz,0,0,0,0,0
São João,Esgotado,476.0,14,0.0,Algilive 160mg 10 Cápsulas Biosintética,0,0,0,0,0
São João,Disponível,475.0,16,7896637022835.0,"Atrace 37,5 + 325mg 30 Comprimidos Revestidos Momenta (A2)","62,81","33,90",-46.0%,"33,90",-46.0%
São João,Disponível,473.0,15,7896637023665.0,Iban 150mg 1 Comprimido Revestido Eurofarma,"22,44","22,44",-0.0%,"22,44",-0.0%
São João,Disponível,472.0,16,7891106914369.0,"Nordette 0,15mg/0,03mg 21 Drágeas","29,86","25,89",-13.3%,"25,89",-13.3%
São João,Esgotado,472.0,14,0.0,Quenzor 50 mg 30 Cápsulas de Liberação Prolongada Libbs,0,0,0,0,0
São João,Esgotado,472.0,14,0.0,Floral Therapi Preocupa Não 30ml,0,0,0,0,0
São João,Disponível,472.0,15,7896094928046.0,Aas Protect 100Mg 30 Comprimidos Revestidos Medley,"22,99","20,99",-8.7%,"20,99",-8.7%
São João,Disponível,471.0,15,7891045031493.0,Firialta 10mg Caixa 28 Comprimidos Revestidos,"195,02","117,01",-40.0%,"117,01",-40.0%
São João,Esgotado,470.0,14,0.0,Luftal Infantil 30ml Reckitt,0,0,0,0,0
São João,Disponível,469.0,16,7896523201542.0,Metoprolol 100mg 30 Comprimidos Revestidos Genérico Accord,"85,49","49,90",-41.6%,"49,90",-41.6%
São João,Esgotado,468.0,13,0.0,Deltametrina SH Deltapil Belfar 100ml,0,0,0,0,0
São João,Disponível,468.0,14,7896004784076.0,Ciclobenzaprina 10mg 10 Comprimidos Genérico EMS,"46,58","29,15",-37.4%,"29,15",-37.4%
São João,Disponível,468.0,14,7896422522632.0,Eficientus 10mg 30 Comprimidos Revestidos Medley (C1),"153,38","59,90",-60.9%,"59,90",-60.9%
São João,Disponível,467.0,15,7896658030284.0,Montelair 4mg 60 Comprimidos Mast Aché,"124,93","103,59",-17.1%,"103,59",-17.1%
São João,Disponível,467.0,16,7898430193477.0,"Nasoar Granulado para Solução Nasal 30 Envelopes de 2,160g + Frasco Aplicador 240ml","54,99","38,49",-30.0%,"38,49",-30.0%
São João,Disponível,467.0,15,7896004703343.0,Zoltec Wyeth 150mg 2 Cápsulas,"25,04","15,59",-37.7%,"15,59",-37.7%
São João,Esgotado,467.0,15,0.0,Hidroquinona 40mg/g 30g Gel Genérico Germed,0,0,0,0,0
São João,Esgotado,466.0,16,0.0,Xarope Benatux 120ml Cifarma,0,0,0,0,0
São João,Esgotado,466.0,15,0.0,Riopan Plus Gel 240ml,0,0,0,0,0
São João,Disponível,466.0,15,7894916502641.0,"Micropil Sigma Pharma 0,075mg + 0,030mg 21 Comprimidos Revestidos","45,40","40,09",-11.7%,"40,09",-11.7%
São João,Esgotado,466.0,17,0.0,Systen 25mcg/dia 8 Adesivos Theramex,0,0,0,0,0
São João,Disponível,466.0,14,7896112486787.0,Bravan 320mg 30 Comprimidos Revestidos Aché,"56,60","5,80",-89.8%,"5,80",-89.8%
São João,Esgotado,465.0,15,0.0,Engov After Pink Lemonade 250ml Hypera Pharma,0,0,0,0,0
São João,Esgotado,465.0,17,0.0,FLEDOID 300 40G GEL DIVCOM,0,0,0,0,0
São João,Esgotado,465.0,14,0.0,Betnovate Pomada GSK 30g,0,0,0,0,0
São João,Disponível,464.0,13,7896641813597.0,Juneve 30mg 28 Cápsulas Takeda (A3),"449,99","359,99",-20.0%,"359,99",-20.0%
São João,Disponível,464.0,15,7896094208858.0,Plenance 5mg 90 Comprimidos Revestidos Libbs,"137,00","111,29",-18.8%,"111,29",-18.8%
São João,Disponível,464.0,13,7896004780511.0,Rivaroxabana 20mg 30 Comprimidos Revestidos Genérico EMS,"256,86","49,90",-80.6%,"49,90",-80.6%
São João,Disponível,464.0,13,7897411650787.0,Benicar Anlo 40+10mg 30 Comprimidos Revestidos Sankyo,"83,42","66,74",-20.0%,"66,74",-20.0%
São João,Disponível,463.0,15,7896094207851.0,Climatrix 100Mg 30 Comprimidos Revestidos Myralis,"58,81","49,89",-15.2%,"49,89",-15.2%
São João,Disponível,463.0,15,7891721016165.0,Clinfár 20mg 30 Comprimidos Revestidos Merck,"115,99","115,99",-0.0%,"115,99",-0.0%
São João,Disponível,463.0,14,7896004728612.0,Venlaxin XR 150mg 60 Cápsulas Eurofarma (C1),"205,72","74,90",-63.6%,"74,90",-63.6%
São João,Esgotado,463.0,13,0.0,Trifamox BD 200/50mg 30ml Bago,0,0,0,0,0
São João,Disponível,463.0,15,7896112486787.0,Agud 500mg + 30mg 24 Comprimidos Biolab (A2),"56,60","5,80",-89.8%,"5,80",-89.8%
São João,Esgotado,463.0,13,0.0,Alenthus XR 150mg 30 Cápsulas,0,0,0,0,0
São João,Disponível,462.0,13,7898040321512.0,"Atensina 0,150mg 30 Comprimidos","79,37","68,19",-14.1%,"68,19",-14.1%
São João,Esgotado,462.0,16,0.0,Lisvenx 30mg 30 Cápsulas Torrent (A3),0,0,0,0,0
São João,Disponível,461.0,15,7896637023979.0,Toarip 15mg 30 Comprimidos Torrent (C1),"132,71","132,71",-0.0%,"132,71",-0.0%
São João,Disponível,461.0,14,7898687736472.0,Prednisolona 40mg 10 Comprimidos Revestidos Genérico Althaia,"144,84","107,09",-26.1%,"107,09",-26.1%
São João,Disponível,461.0,14,7795320008821.0,Fenergan Creme Dermatológico 30g,"50,17","44,69",-10.9%,"44,69",-10.9%
São João,Esgotado,460.0,12,0.0,"Extrato Cannabis Sativa 79,14mg 30ml Mantecorp (B1)",0,0,0,0,0
São João,Disponível,460.0,15,7896637023658.0,Razapina 45mg 30 Comprimidos Revestidos Moksha8 (C1),"20,15","20,15",-0.0%,"20,15",-0.0%
São João,Disponível,460.0,16,7896112134213.0,"Colchicina 0,5mg Genérico Geolab 30 Comprimidos","32,10","13,39",-58.3%,"13,39",-58.3%
São João,Esgotado,459.0,15,0.0,Clenil HFA 250mcg Jet 200 Doses Chiesi,0,0,0,0,0
São João,Esgotado,458.0,17,0.0,Floripa 8ml,0,0,0,0,0
São João,Disponível,458.0,14,7896523227511.0,"Carvedilol 6,25mg 30 Comprimidos Genérico Cimed","31,24","9,99",-68.0%,"9,99",-68.0%
São João,Esgotado,458.0,14,0.0,Vick Babyrub 50g,0,0,0,0,0
São João,Disponível,458.0,16,7896523201764.0,Sertralina 100mg 30 Comprimidos Revestidos Genérico Cimed,"193,45","25,49",-86.8%,"25,49",-86.8%
São João,Disponível,457.0,14,7896181901747.0,"Cordarex 2,5mg 30 Comprimidos Aché","38,22","32,89",-13.9%,"32,89",-13.9%
São João,Disponível,457.0,16,7896637031516.0,Neblock 5mg 60 Comprimidos,"131,36","131,36",-0.0%,"131,36",-0.0%
São João,Esgotado,457.0,12,0.0,Zastat 3mg/mL 60ml Aché,0,0,0,0,0
São João,Disponível,457.0,14,7899547513202.0,Tadalafila 20mg Genérico Prati 2 Comprimidos Revestidos,"22,87","9,99",-56.3%,"9,99",-56.3%
São João,Disponível,456.0,14,7896523207803.0,Diclofenaco Dietilamônio Genérico Cimed Gel 60g,"20,70","10,59",-48.8%,"10,59",-48.8%
São João,Disponível,456.0,15,7896637024723.0,Aplause 20mg 60 Comprimidos Marjan,"65,65","65,65",-0.0%,"65,65",-0.0%
São João,Disponível,455.0,14,7896004715902.0,Sulfato De Neomicina 5mg + Bacitracina 250UI Genérico Medley Pomada Dermatológica 50g,"15,06","10,49",-30.3%,"10,49",-30.3%
São João,Esgotado,455.0,14,0.0,Neosaldina Muscular 30 Comprimidos Hypera Pharma,0,0,0,0,0
São João,Esgotado,455.0,14,0.0,Fixare Flex Suplemento Alimentar com 60 Comprimidos Revestidos,0,0,0,0,0
São João,Esgotado,455.0,13,0.0,Florax Hydra45 500ml Natural Hebron,0,0,0,0,0
São João,Esgotado,455.0,13,0.0,ByeBye-Fever Adulto 2 Unidades,0,0,0,0,0
São João,Disponível,455.0,15,7896714274645.0,Vabam 15mg 30 Comprimidos Mantecorp,"27,78","25,29",-9.0%,"25,29",-9.0%
São João,Disponível,455.0,15,7896004715032.0,Torsilax 125mg/50mg/300mg/30mg 30 Comprimidos,"21,90","20,59",-6.0%,"20,59",-6.0%
São João,Disponível,454.0,14,7896004722122.0,Cefalexina 1g 8 Comprimidos Revestidos Genérico EMS,"49,78","29,90",-39.9%,"29,90",-39.9%
São João,Esgotado,453.0,14,0.0,"Xarope LEG 0,5mg/ml 60ml",0,0,0,0,0
São João,Disponível,453.0,14,7896083400935.0,Sinustrat Forte Spray Nasal 10ml,"64,40","51,52",-20.0%,"51,52",-20.0%
São João,Disponível,453.0,13,7896004731308.0,Miogesic Lis 125+5mg com 30 Comprimidos EMS,"70,08","22,99",-67.2%,"22,99",-67.2%
São João,Esgotado,453.0,14,0.0,Calmador 500mg + 30mg 4 Comprimidos Avulso,0,0,0,0,0
São João,Disponível,453.0,14,7899547543858.0,Paracetamol 500mg 10 Comprimidos Genérico Prati AV*,"18,59","10,49",-43.6%,"10,49",-43.6%
São João,Disponível,452.0,16,7896016806247.0,Naldecon Multi 16 comprimidos,"14,80","14,80",-0.0%,"14,80",-0.0%
São João,Esgotado,452.0,14,0.0,Calcitran B12 Solução Oral 150ml,0,0,0,0,0
São João,Disponível,451.0,15,7896004708072.0,Itraconazol 100mg 15 Cápsulas Genérico EMS,"184,35","48,49",-73.7%,"48,49",-73.7%
São João,Disponível,451.0,14,7896112155003.0,Dexametasona 4mg Genérico Teuto 10 Comprimidos,"16,70","13,90",-16.8%,"13,90",-16.8%
São João,Esgotado,450.0,15,0.0,Renu Fresh 60ml Bausch,0,0,0,0,0
São João,Esgotado,450.0,13,0.0,Polaramine 20ml Anti-histamínico Hypera Pharma,0,0,0,0,0
São João,Disponível,450.0,15,7894916501408.0,Isordil Sublingual 5mg 30 Comprimidos Sigma Pharma,"77,73","64,19",-17.4%,"64,19",-17.4%
São João,Disponível,450.0,14,7891106904582.0,Pressat 10mg 30 Comprimidos Biolab,"73,39","60,99",-16.9%,"60,99",-16.9%
São João,Esgotado,449.0,13,0.0,Lyndavel Uno 25mg + 5mg Solução Injetável DKT,0,0,0,0,0
São João,Disponível,449.0,13,7896658000379.0,Altiva 120mg 10 Comprimidos,"34,57","30,49",-11.8%,"30,49",-11.8%
São João,Disponível,448.0,14,7896658030192.0,Provance 10 Comprimidos Ache,"40,27","35,79",-11.1%,"35,79",-11.1%
São João,Esgotado,448.0,14,0.0,Floral Kids Therapi 30ml Espertim,0,0,0,0,0
São João,Disponível,448.0,14,7896004784076.0,Bezafibrato Genérico EMS 200mg 20 Comprimidos,"46,58","29,15",-37.4%,"29,15",-37.4%
São João,Disponível,447.0,13,7897076918857.0,Axetil Cefuroxima Genérico Ranbaxy 500mg 10 Comprimidos,"207,59","111,68",-46.2%,"111,68",-46.2%
São João,Disponível,447.0,14,7894916508513.0,Concárdio 5mg 30 Comprimidos Revestidos,"80,15","80,15",-0.0%,"80,15",-0.0%
São João,Esgotado,447.0,14,0.0,Tegretol Creme 400Mg 20 Comprimidos Novartis (C1),0,0,0,0,0
São João,Disponível,447.0,16,7891317004330.0,Prednisolona 20ml Genérico Eurofarma,"45,34","29,90",-34.1%,"29,90",-34.1%
São João,Disponível,446.0,15,7896714234564.0,Furosemida 40mg 20 Comprimidos Genérico Teuto,"23,89","9,99",-58.2%,"9,99",-58.2%
São João,Disponível,446.0,13,7897595616968.0,Neotiapim 25mg 30 Comprimidos Revestidos Sandoz (C1),"100,58","56,73",-43.6%,"56,73",-43.6%
São João,Disponível,446.0,15,7896004727776.0,Assert 25mg 30 Comprimidos Revestidos Momenta (C1),"23,60","8,99",-61.9%,"8,99",-61.9%
São João,Disponível,446.0,14,7891317435431.0,Trifamox Bd 875Mg/125Mg 14 Comprimidos Revestidos Bago,"59,69","53,79",-9.9%,"53,79",-9.9%
São João,Disponível,446.0,13,7896094207776.0,Stanglit 30mg 30 Comprimidos,"242,56","194,05",-20.0%,"194,05",-20.0%
São João,Disponível,445.0,14,7896658015106.0,Oleptal 300mg 30 Comprimidos Torrent (C1),"126,62","102,53",-19.0%,"102,53",-19.0%
São João,Disponível,445.0,13,7898569764517.0,Nitazoxanida 20mg Genérico Althaia 45ml,"61,60","26,39",-57.2%,"26,39",-57.2%
São João,Esgotado,445.0,15,0.0,Tandrilax Aché 30mg + 125mg + 50mg + 300mg 30 Comprimidos,0,0,0,0,0
São João,Esgotado,445.0,15,0.0,"Peg-Lax Pó para Solução Oral 14 Sachês de 8,5g",0,0,0,0,0
São João,Esgotado,445.0,13,0.0,"Maresis Protect 0,9% Solução Frasco 100ml FQM",0,0,0,0,0
São João,Disponível,445.0,15,7891317455040.0,Saliprevi 100mg 30 Comprimidos Eurofarma,"31,03","27,59",-11.1%,"27,59",-11.1%
São João,Disponível,445.0,15,7896004703596.0,Paracetamol + Codeína 36 Comprimidos Genérico Biolab (A2),"23,22","13,49",-41.9%,"13,49",-41.9%
São João,Disponível,444.0,13,7891317425869.0,Tavok 750mg 5 Comprimidos Revestidos,"14,53","14,53",-0.0%,"14,53",-0.0%
São João,Disponível,444.0,14,7894916502641.0,Linadib 5mg 60 Comprimidos Revestidos Sigma Pharma,"45,40","40,09",-11.7%,"40,09",-11.7%
São João,Disponível,444.0,14,7896658027703.0,"Livial 2,5mg 84 Comprimidos","65,89","55,99",-15.0%,"55,99",-15.0%
São João,Disponível,444.0,14,7896637022835.0,Comfect 5 mg 30 Comprimidos Revestidos Aché (C1),"62,81","33,90",-46.0%,"33,90",-46.0%
São João,Disponível,443.0,13,7896016807251.0,Nexium 40Mg 28 Comprimidos Revestidos Astrazeneca,"177,06","141,65",-20.0%,"141,65",-20.0%
São João,Disponível,443.0,15,7891058001667.0,Amiodarona 200mg 30 Comprimidos Genérico Geolab,"21,12","18,99",-10.1%,"18,99",-10.1%
São João,Disponível,442.0,15,7896637022767.0,Crestor 5mg 60 Comprimidos Revestidos,"61,13","52,09",-14.8%,"52,09",-14.8%
São João,Disponível,442.0,16,7896004715032.0,Dorilen 500mg/10mg/5mg 12 Comprimidos,"21,90","20,59",-6.0%,"20,59",-6.0%
São João,Disponível,442.0,14,7898569762674.0,Desvenlafaxina Genérico Althaia 100mg 30 Comprimidos Revestidos (C1),"93,02","44,90",-51.7%,"44,90",-51.7%
São João,Disponível,442.0,13,7896658000393.0,Famox 40mg 10 Comprimidos,"56,36","49,09",-12.9%,"49,09",-12.9%
São João,Esgotado,442.0,13,0.0,Pasurta 70mg/ml Inj 1Ser Preenchido 1ml Novartis,0,0,0,0,0
São João,Disponível,442.0,12,7891317177652.0,Procimax 20mg 28 Comprimidos Revestidos,"93,49","77,49",-17.1%,"77,49",-17.1%
São João,Disponível,441.0,16,7897004711062.0,Aripiprazol 10Mg 30 Comprimidos Genérico Neo Quimica (C1),"296,67","129,90",-56.2%,"129,90",-56.2%
São João,Disponível,441.0,14,7896637023115.0,Exforge HCT 160+25+5mg 28 Comprimidos,"29,28","26,89",-8.2%,"26,89",-8.2%
São João,Esgotado,441.0,14,0.0,Repoflor 100mg 12 Cápsulas,0,0,0,0,0
São João,Esgotado,441.0,15,0.0,Pomada Fibrinase Supera 10G,0,0,0,0,0
São João,Disponível,440.0,14,7898569762681.0,Etodolaco 500mg 14 Comprimidos Revestidos Genérico Althaia,"167,48","79,90",-52.3%,"79,90",-52.3%
São João,Disponível,440.0,13,7894916513197.0,Azulfin 500mg 60 Comprimidos Revestidos Apsen,"205,09","165,49",-19.3%,"165,49",-19.3%
São João,Esgotado,440.0,15,0.0,Leite de Magnésia 120ml Uniphar,0,0,0,0,0
São João,Esgotado,440.0,13,0.0,Cataflam Sport Ice 60g GSK,0,0,0,0,0
São João,Disponível,439.0,13,7897595602572.0,Atenolol 25mg 30 Comprimidos Genérico Neo Química,"22,27","2,49",-88.8%,"2,49",-88.8%
São João,Disponível,439.0,15,7898908753141.0,Vertigoheel 50 Comprimidos Sublinguais,"94,99","75,99",-20.0%,"75,99",-20.0%
São João,Disponível,439.0,12,7898473020877.0,Adorlan 50mg 20 Comprimidos Grünenthal (A2),"103,64","79,31",-23.5%,"79,31",-23.5%
São João,Esgotado,439.0,14,0.0,Nautex ODG 4mg 10 Envelopes Laranja Aché,0,0,0,0,0
São João,Disponível,439.0,13,7891317038861.0,Trimebutina 200mg Genérico Eurofarma 30 Cápsulas,"314,28","179,90",-42.8%,"179,90",-42.8%
São João,Disponível,439.0,13,7896637023665.0,Fiquezen 260mg 20 comprimidos Revestidos Medquimica,"22,44","22,44",-0.0%,"22,44",-0.0%
São João,Disponível,438.0,14,7896523201863.0,Dexclorfeniramina 2mg Genérico Cimed 20 Comprimidos,"16,11","7,90",-51.0%,"7,90",-51.0%
São João,Disponível,438.0,13,7896241293669.0,Novob 150mg 30 Comprimidos,"39,75","29,79",-25.1%,"29,79",-25.1%
São João,Esgotado,438.0,14,0.0,"Pulmicort 0,50mg 5 Frascos FQM",0,0,0,0,0
São João,Disponível,438.0,13,7894916515832.0,Sumax 25mg 4 Comprimidos Revestidos,"69,88","69,88",-0.0%,"69,88",-0.0%
São João,Disponível,438.0,14,7896004716176.0,Cloridrato De Amilorida e Hidroclorotiazida 5mg/50mg Genérico EMS 30 Comprimidos,"9,94","1,25",-87.4%,"1,25",-87.4%
São João,Disponível,438.0,14,7897322709789.0,Tamarine Geleia 150g Zero Açúcar Hypera Pharma,"98,79","86,89",-12.0%,"86,89",-12.0%
São João,Disponível,437.0,13,7896255713160.0,Lipidil 160mg 90 Comprimidos Revestidos Abbott,"66,77","53,42",-20.0%,"53,42",-20.0%
São João,Disponível,437.0,14,7896658002892.0,Flogo-Rosa 100Ml Aché,"41,05","37,19",-9.4%,"37,19",-9.4%
São João,Disponível,437.0,15,7896658030284.0,Aria 4mg 30 Comprimidos Mast Momenta,"124,93","103,59",-17.1%,"103,59",-17.1%
São João,Esgotado,437.0,15,0.0,Benzoilmetronidazol 4% 120ml Genérico EMS,0,0,0,0,0
São João,Disponível,437.0,13,7896004782546.0,Dorflex Dipirona Dores e Febre 1g 10 Comprimidos,"23,74","12,90",-45.7%,"12,90",-45.7%
São João,Disponível,436.0,14,7896112486787.0,Dacxi 15mg 28 Comprimidos Revestidos Biolab,"56,60","5,80",-89.8%,"5,80",-89.8%
São João,Disponível,436.0,14,7896637031943.0,Levoxin 500mg 7 Comprimidos Revestidos Apsen,"64,50","56,59",-12.3%,"56,59",-12.3%
São João,Esgotado,436.0,17,0.0,Versa 40mg Injetável 6 Seringas Preenchido Eurofarma,0,0,0,0,0
São João,Disponível,436.0,13,7897595602589.0,Atenolol 50mg 30 Comprimidos Genérico Prati,"27,40","6,99",-74.5%,"6,99",-74.5%
São João,Esgotado,436.0,12,0.0,Gastrol Digest Lactase 30 Cápsulas Hypera Pharma,0,0,0,0,0
São João,Disponível,436.0,15,7891268100228.0,Alektos 20mg 20 Comprimidos Hypera,"69,59","58,89",-15.4%,"58,89",-15.4%
São João,Disponível,436.0,15,7896261001671.0,Onbrize 300Mg 30 Comprimidos+Inalador Novartis,"462,50","306,78",-33.7%,"306,78",-33.7%
São João,Disponível,436.0,15,7896112486787.0,Embo 5mg 60 Comprimidos Revestidos Biolab,"56,60","5,80",-89.8%,"5,80",-89.8%
São João,Esgotado,435.0,15,0.0,Allegra Antialérgico Cloridrato de Fexofenadina 120mg 2 Comprimidos,0,0,0,0,0
São João,Disponível,435.0,13,7896523200941.0,Escitalopram 15mg Genérico Cimed 30 Comprimidos Revestidos (C1),"121,79","19,90",-83.7%,"19,90",-83.7%
São João,Esgotado,435.0,14,0.0,Ondif 8mg 10 Filmes,0,0,0,0,0
São João,Disponível,434.0,14,7896676401776.0,Phosfoenema Solução Retal 130ml,"20,70","20,70",-0.0%,"20,70",-0.0%
São João,Disponível,434.0,15,7891317412692.0,Atak Clav Suspensão Oral 70ml,"57,34","52,19",-9.0%,"52,19",-9.0%
São João,Disponível,434.0,14,7891106914369.0,"Nordette 0,15mg/0,03mg 63 Drágeas","29,86","25,89",-13.3%,"25,89",-13.3%
São João,Disponível,434.0,13,7897851250530.0,Selozok 25mg 30 Comprimidos Revestidos,"23,10","23,10",-0.0%,"23,10",-0.0%
São João,Esgotado,434.0,16,0.0,Palexis LP 100mg 30 Comprimidos Liberação Prolongada Grünenthal (A1),0,0,0,0,0
São João,Esgotado,433.0,15,0.0,"Anoro 62,5+25mcg 30 Doses GSK",0,0,0,0,0
São João,Esgotado,433.0,15,0.0,Fucidin 20mg 15g Pomada Leofarma,0,0,0,0,0
São João,Esgotado,433.0,14,0.0,"Xalacom Solução Oftálmica 2,5Ml Upjohn",0,0,0,0,0
São João,Disponível,433.0,13,7896094203044.0,"Liberfem 2mg/0,03mg 21 Comprimidos Revestidos","229,49","160,64",-30.0%,"160,64",-30.0%
São João,Disponível,432.0,13,7896241293669.0,Harip 15mg 30 Comprimidos Prati RX (C1),"39,75","29,79",-25.1%,"29,79",-25.1%
São João,Esgotado,432.0,15,0.0,"Xarope Aloff 0,5mg/ml 100ml Momenta",0,0,0,0,0
São João,Disponível,432.0,13,7897473207011.0,Salmeterol 25Mcg + 125Mcg Spray 120 Doses Genérico Glenmark,"57,52","33,90",-41.1%,"33,90",-41.1%
São João,Disponível,431.0,14,7891317425869.0,Zeforus 80mg 2 Comprimidos Revestidos Upjohn,"14,53","14,53",-0.0%,"14,53",-0.0%
São João,Disponível,431.0,13,7896422504492.0,Diclofenaco Sódico 100mg 10 Comprimidos Revestidos Genérico Nova Química,"18,28","15,99",-12.5%,"15,99",-12.5%
São João,Esgotado,431.0,14,0.0,Sal de Frutas Eno Limão 2 Envelopes Avulso 5G,0,0,0,0,0
São João,Disponível,431.0,14,7896181920410.0,Inseris XR 300mg 30 Comprimidos Revestidos   (C1),"14,94","5,70",-61.8%,"5,70",-61.8%
São João,Disponível,430.0,16,7896523208107.0,Amoxicilina 500mg 21 Cápsulas Genérico Prati,"29,54","25,59",-13.4%,"25,59",-13.4%
São João,Esgotado,430.0,14,0.0,Ondset 4mg 100ml Genom,0,0,0,0,0
São João,Esgotado,430.0,14,0.0,Sinustrat Hidrat Nasal 30ml Biolab,0,0,0,0,0
São João,Disponível,430.0,13,7896112155003.0,Dexametasona 4mg 10 Comprimidos Genérico EMS,"16,70","13,90",-16.8%,"13,90",-16.8%
São João,Disponível,430.0,14,7896112421498.0,"Pressat 2,5mg 30 Comprimidos Biolab","53,68","47,09",-12.3%,"47,09",-12.3%
São João,Disponível,430.0,13,7896094206366.0,Sumax 100mg 2 Comprimidos Libbs,"84,02","69,49",-17.3%,"69,49",-17.3%
São João,Esgotado,429.0,15,0.0,Hormoskin CR Derm 30g Germed,0,0,0,0,0
São João,Disponível,429.0,15,7897337716567.0,"Nuvaring 11,7mg + 2,7mg 1 Anel Vaginal com Aplicador Organon","119,77","81,44",-32.0%,"81,44",-32.0%
São João,Disponível,429.0,14,7894916510011.0,"Brasart HCT 80+12,5mg 30 Comprimidos Revestidos Sigma","106,25","106,25",-0.0%,"106,25",-0.0%
São João,Disponível,428.0,13,7897595602572.0,Atenolol 25mg 30 Comprimidos Genérico Sandoz,"22,27","2,49",-88.8%,"2,49",-88.8%
São João,Disponível,427.0,14,7896094927797.0,Neosaldina DIP 20 Comprimidos Hypera Pharma,"28,64","28,64",-0.0%,"28,64",-0.0%
São João,Disponível,427.0,16,7896255713160.0,Inelatte 800DKM 30 Comprimidos Revestidos Ache,"66,77","53,42",-20.0%,"53,42",-20.0%
São João,Disponível,427.0,14,7899095237957.0,Memantina 10mg 60 Comprimidos Revestidos Genérico Medley (C1),"230,01","74,90",-67.4%,"74,90",-67.4%
São João,Esgotado,427.0,13,0.0,Pyloripac IBP 7 Cartelas+28 Comprimidos Cellera,0,0,0,0,0
São João,Disponível,427.0,14,7896112134213.0,Baclofeno 10mg Genérico Teuto 20 Comprimidos,"32,10","13,39",-58.3%,"13,39",-58.3%
São João,Disponível,427.0,13,7897595624642.0,Amoxicilina + Clavulanato De Potássio 500mg 14 Comprimidos Revestidos Genérico Sandoz,"167,05","99,90",-40.2%,"99,90",-40.2%
São João,Esgotado,427.0,14,0.0,Koide D 120ml,0,0,0,0,0
São João,Disponível,427.0,16,7896658030284.0,Montelair 10mg 30 Comprimidos Aché,"124,93","103,59",-17.1%,"103,59",-17.1%
São João,Disponível,426.0,14,7896658009532.0,Prelone 11mg 20ml Aché,"57,73","53,39",-7.5%,"53,39",-7.5%
São João,Esgotado,426.0,13,0.0,Rifamicina Spray 10mg/ml 20ml Genérico Medley,0,0,0,0,0
São João,Disponível,426.0,14,7896004733234.0,Prednisolona Genérico Prati 20mg 10 Comprimidos,"23,36","10,90",-53.3%,"10,90",-53.3%
São João,Disponível,426.0,13,7896112123033.0,Clindamicina 300mg 16 Cápsulas Genérico Teuto,"104,08","46,19",-55.6%,"46,19",-55.6%
São João,Esgotado,426.0,13,0.0,Floral Kids Therapi 30ml Coragenis,0,0,0,0,0
São João,Esgotado,425.0,14,0.0,Cymbalta 30mg 30 Cápsulas Lilly (C1),0,0,0,0,0
São João,Esgotado,425.0,15,0.0,Yasmin 3 Blisters 21+7 Comprimidos Revestidos Bayer,0,0,0,0,0
São João,Esgotado,425.0,15,0.0,Diprogenta Creme 30G Mantecorp,0,0,0,0,0
São João,Disponível,425.0,15,7896004782980.0,Levetiracetam 500mg 30 Comprimidos Revestidos Genérico Torrent (C1),"266,35","99,90",-62.5%,"99,90",-62.5%
São João,Esgotado,425.0,15,0.0,Aturgyl Solução Nasal 15ml,0,0,0,0,0
São João,Disponível,425.0,16,7891317007829.0,Escitalopram 20mg/ml 15ml Genérico Eurofarma (C1),"32,06","19,90",-37.9%,"19,90",-37.9%
São João,Disponível,424.0,13,7898074614857.0,Resolor 1mg 14 Comprimidos,"66,32","59,49",-10.3%,"59,49",-10.3%
São João,Disponível,424.0,13,7894916516013.0,Toragesic SL 10mg Nova Apresentação 30 Comprimidos Sigma Pharma,"39,05","35,99",-7.8%,"35,99",-7.8%
São João,Disponível,424.0,15,7896422504652.0,Zinpass 10mg 60 Comprimidos Revestidos Medley,"183,70","149,79",-18.5%,"149,79",-18.5%
São João,Disponível,424.0,14,8903855092782.0,Plenance EZE 10mg/10mg 30 Cápsulas,"73,42","60,19",-18.0%,"60,19",-18.0%
São João,Disponível,424.0,15,7896006201731.0,Ondset 8mg 30 Comprimidos Genom,"56,31","49,39",-12.3%,"49,39",-12.3%
São João,Disponível,424.0,13,7896004773117.0,"Drospirenona e Etinilestradiol 3mg/0,02mg Genérico Althaia 24 Comprimidos Revestidos","75,00","39,90",-46.8%,"39,90",-46.8%
São João,Disponível,424.0,14,7896261003996.0,Cataflam D 50mg 20 Comprimidos Novartis,"36,99","21,17",-42.8%,"21,17",-42.8%
São João,Disponível,423.0,13,7896637023115.0,"Reducilim 2,5mg 35 Comprimidos FQM","29,28","26,89",-8.2%,"26,89",-8.2%
São João,Disponível,423.0,15,7891317425869.0,Seakalm 600mg 20 Comprimidos Revestidos,"14,53","14,53",-0.0%,"14,53",-0.0%
São João,Esgotado,423.0,13,0.0,Diacqua 25mg 30 Comprimidos Momenta,0,0,0,0,0
São João,Disponível,423.0,14,7896523227566.0,Cimegripe Solução Oral 20ml,"22,19","6,49",-70.8%,"6,49",-70.8%
São João,Esgotado,423.0,15,0.0,Proflam Creme 30 g Eurofarma,0,0,0,0,0
São João,Disponível,423.0,16,7896641813351.0,Juneve 50mg 28 Cápsulas Takeda (A3),"449,99","359,99",-20.0%,"359,99",-20.0%
São João,Disponível,422.0,15,7898133139239.0,Hidrali 500ml Natural,"18,90","18,90",-0.0%,"18,90",-0.0%
São João,Disponível,422.0,13,7891317004330.0,Proflam Eurofarma 100mg 12 Comprimidos,"45,34","29,90",-34.1%,"29,90",-34.1%
São João,Esgotado,422.0,15,0.0,Keflex Gotas 30Ml Bago,0,0,0,0,0
São João,Disponível,422.0,14,7896637023979.0,Motraz 100mg 30 Comprimidos Momenta (C1),"132,71","132,71",-0.0%,"132,71",-0.0%
São João,Disponível,422.0,13,7896658015113.0,Prelone 40mg 7 Comprimidos Aché,"217,88","198,49",-8.9%,"198,49",-8.9%
São João,Disponível,422.0,17,7891721201806.0,Palexis LP 50mg 30 Comprimidos,"11,81","8,49",-28.1%,"8,49",-28.1%
São João,Esgotado,422.0,17,0.0,Xarope Aires 20mg/ml 120ml Momenta,0,0,0,0,0
São João,Esgotado,422.0,15,0.0,Florent Pó para Suspensão Oral 4 Sachês de 1g,0,0,0,0,0
São João,Disponível,422.0,13,7896422504492.0,Diclofenaco Sódico 50mg Genérico Medley 20 Comprimidos Revestidos,"18,28","15,99",-12.5%,"15,99",-12.5%
São João,Disponível,421.0,13,7896083400935.0,Rinospray Spray Nasal 100ml,"64,40","51,52",-20.0%,"51,52",-20.0%
São João,Disponível,421.0,13,7891317036966.0,Amato 50mg 60 Comprimidos Revestidos Eurofarma (C1),"172,18","143,39",-16.7%,"143,39",-16.7%
São João,Esgotado,421.0,15,0.0,Ailuk 50mcg 200 Doses Glenmark,0,0,0,0,0
São João,Disponível,421.0,14,7891058001155.0,Praalergia 180mg 6 Comprimidos,"25,43","19,99",-21.4%,"19,99",-21.4%
São João,Disponível,421.0,13,7896658015106.0,Osteonutri 600mg+400UI 30 Comprimidos Aspen,"126,62","102,53",-19.0%,"102,53",-19.0%
São João,Disponível,421.0,14,7896006290216.0,Dews Solução Oftálmica 10ml,"47,65","40,79",-14.4%,"40,79",-14.4%
São João,Disponível,420.0,13,7896004720746.0,Amoxicilina + Clavulanato De Potássio 250mg 75ml Genérico Sandoz,"102,04","59,90",-41.3%,"59,90",-41.3%
São João,Disponível,420.0,13,7891158104657.0,Pedialyte Max 500ml Morango com Zinco Abbott,"33,90","33,90",-0.0%,"33,90",-0.0%
São João,Esgotado,420.0,12,0.0,Bifilac 250mg 30 Cápsulas,0,0,0,0,0
São João,Esgotado,420.0,15,0.0,Azukon MR 30mg 100 Comprimidos Torrent,0,0,0,0,0
São João,Disponível,420.0,13,7896004773339.0,Prefiss 75mg 30 Cápsulas Gel  (C1),"110,08","36,90",-66.5%,"36,90",-66.5%
São João,Esgotado,420.0,13,0.0,Umbi Gotas 8ml Momenta,0,0,0,0,0
São João,Disponível,419.0,14,7896658038709.0,Pant Sec 50mg/ml Solução Capilar Frasco 50ml+1 Válvula Spray Ache,"109,13","95,19",-12.8%,"95,19",-12.8%
São João,Disponível,419.0,12,7896658019036.0,Zastat 5mg 20 Comprimidos Aché,"60,18","50,79",-15.6%,"50,79",-15.6%
São João,Disponível,419.0,13,7894916502641.0,Bupium 150mg 30 Comprimidos Revestidos 12h Sigma Pharma (C1),"45,40","40,09",-11.7%,"40,09",-11.7%
São João,Disponível,419.0,15,7891721201806.0,Glifage XR 750mg 30 Comprimidos Merck,"11,81","8,49",-28.1%,"8,49",-28.1%
São João,Disponível,419.0,14,7896112401698.0,Quinoflox 500Mg 14 Comprimidos Biolab,"894,55","685,99",-23.3%,"685,99",-23.3%
São João,Disponível,419.0,15,7891158103384.0,Depakote ER 250mg 60 Comprimidos Revestidos Abbott (C1),"431,23","431,23",-0.0%,"431,23",-0.0%
São João,Esgotado,418.0,15,0.0,Cipro Bayer 500mg 14 Comprimidos,0,0,0,0,0
São João,Disponível,418.0,14,7896015521684.0,Estomazil Abacaxi Pó Efervescente 6 Envelopes de 5g,"4,93","4,29",-13.0%,"4,29",-13.0%
São João,Disponível,418.0,14,7896241293669.0,Lorasliv 10mg 12 Comprimidos,"39,75","29,79",-25.1%,"29,79",-25.1%
São João,Disponível,418.0,13,7896004789873.0,Rusovas 10mg 30 Comprimidos Revestidos Germed,"51,77","51,77",-0.0%,"51,77",-0.0%
São João,Esgotado,418.0,15,0.0,Praluent 75mg/ml Inj 1ser Preenc Sanofi,0,0,0,0,0
São João,Esgotado,418.0,15,0.0,Canabidiol 100mg/ml 30ml Aché (B1),0,0,0,0,0
São João,Disponível,418.0,14,7898148290512.0,Captopril 50mg 30 Comprimidos Genérico Prati,"5,72","3,99",-30.2%,"3,99",-30.2%
São João,Esgotado,418.0,15,0.0,Flogoral Creme Dental 70g Aché,0,0,0,0,0
São João,Disponível,418.0,15,7891721014239.0,Januvia 100Mg 28 Comprimidos Merck,"49,84","43,59",-12.5%,"43,59",-12.5%
São João,Disponível,418.0,14,7896548197967.0,Maxinom Suspensão Oftamológica 5Ml Genom,"110,72","88,58",-20.0%,"88,58",-20.0%
São João,Disponível,418.0,13,7891317458867.0,Gesico Retard 100mg 10 Comprimidos Revestidos Eurofarma (A2),"909,92","199,90",-78.0%,"199,90",-78.0%
São João,Disponível,417.0,12,7896422508742.0,Simeticona 125mg 10 Cápsulas Genérico Neo Química,"13,17","9,99",-24.1%,"9,99",-24.1%
São João,Disponível,417.0,15,7896637023641.0,Meclin 50mg 15 Comprimidos,"52,76","46,49",-11.9%,"46,49",-11.9%
São João,Esgotado,417.0,13,0.0,Trivagel N Creme Ginecológico 60g + 10 aplicadores,0,0,0,0,0
São João,Disponível,417.0,14,7896637025362.0,Alivik Pomada Dermatológico 12g,"148,92","124,69",-16.3%,"124,69",-16.3%
São João,Disponível,417.0,13,7896637031509.0,Latuda Daiichi 40mg 30 Comprimidos (C1),"72,96","72,96",-0.0%,"72,96",-0.0%
São João,Disponível,417.0,13,7898040321512.0,Anador 500mg 4 Comprimidos,"79,37","68,19",-14.1%,"68,19",-14.1%
São João,Disponível,416.0,14,7898133139246.0,Arlivry 100ml Sabor Mel Natulab,"18,90","18,90",-0.0%,"18,90",-0.0%
São João,Disponível,416.0,14,7897851220779.0,Novanlo 5Mg 60 Comprimidos Biolab,"76,75","62,59",-18.4%,"62,59",-18.4%
São João,Disponível,416.0,14,7898133139246.0,Hidralyte Guaraná Solução Oral 500ml,"18,90","18,90",-0.0%,"18,90",-0.0%
São João,Disponível,416.0,13,7896026170475.0,Enxaguante Bucal Malvatricin Plus 250ml,"40,77","38,49",-5.6%,"38,49",-5.6%
São João,Disponível,416.0,15,7896241293669.0,Vasopril 20mg 60 Comprimidos Biolab,"39,75","29,79",-25.1%,"29,79",-25.1%
São João,Disponível,416.0,14,7896094210714.0,"Naprix 2,5mg 90 Comprimidos Libbs","185,74","148,59",-20.0%,"148,59",-20.0%
São João,Disponível,415.0,13,7896422507400.0,Pentoxifilina 400mg 30 Comprimidos Revestidos Genérico Germed,"53,93","29,90",-44.6%,"29,90",-44.6%
São João,Disponível,415.0,14,7899547535686.0,Ivermectina Genérico Prati-Donaduzzi 6mg 2 Comprimidos,"19,09","13,99",-26.7%,"13,99",-26.7%
São João,Disponível,415.0,12,7891317425869.0,Aval 80mg 30 Comprimidos Revestidos Supera,"14,53","14,53",-0.0%,"14,53",-0.0%
São João,Disponível,415.0,14,7896004762227.0,Azitromicina 500mg 3 Comprimidos Revestidos Genérico Eurofarma,"61,82","24,49",-60.4%,"24,49",-60.4%
São João,Esgotado,415.0,14,0.0,Nasonex 50mcg Spray Nasal com 60 doses,0,0,0,0,0
São João,Disponível,415.0,16,7896181920410.0,Lakos 50mg 30 Comprimidos Revestidos Libbs (C1),"14,94","5,70",-61.8%,"5,70",-61.8%
São João,Esgotado,415.0,14,0.0,Otomixyn Gts 5ml Ems,0,0,0,0,0
São João,Esgotado,415.0,13,0.0,"Artogloco 1,5g 30 Sachês 3,5g Sigma",0,0,0,0,0
São João,Disponível,415.0,13,7897595900654.0,Anafranil SR Sandoz 75mg 20 Comprimidos (C1),"48,88","48,88",-0.0%,"48,88",-0.0%
São João,Disponível,415.0,14,7894916515832.0,Zyad 20mg 2 Comprimidos Revestidos Aché,"69,88","69,88",-0.0%,"69,88",-0.0%
São João,Disponível,415.0,12,7896658019036.0,Bioflac 15mg 10 Comprimidos Supera,"60,18","50,79",-15.6%,"50,79",-15.6%
São João,Disponível,415.0,13,7891317125455.0,Floratil 200mg 6 Cápsulas,"88,54","74,19",-16.2%,"74,19",-16.2%
São João,Esgotado,414.0,14,0.0,Floral Thérapi Serenide 30ml,0,0,0,0,0
São João,Disponível,414.0,15,7896094207851.0,Zider 10mg 60 Comprimidos Revestidos Libbs (C1),"58,81","49,89",-15.2%,"49,89",-15.2%
São João,Disponível,414.0,13,7898906376410.0,Tiorfan 100mg 9 Cápsulas Duras,"55,60","50,89",-8.5%,"50,89",-8.5%
São João,Esgotado,414.0,15,0.0,Mylanta Plus Morango 240Ml,0,0,0,0,0
São João,Disponível,414.0,14,7896004731575.0,Deciprax 10mg 60 Comprimidos Revestidos Mantecorp (C1),"149,40","37,49",-74.9%,"37,49",-74.9%
São João,Disponível,414.0,12,7897337716239.0,"Gracial 0,25mg/0,040mg/0,125mg/0,030mg 22 Comprimidos","60,43","39,28",-35.0%,"39,28",-35.0%
São João,Disponível,414.0,14,7896094928046.0,Passare 900+100mg 60 Comprimidos Revestidos Germed,"22,99","20,99",-8.7%,"20,99",-8.7%
São João,Disponível,414.0,16,7896006290216.0,"Alphabrin 1,0mg/ml Solução Oftálmica 5ml Gbió","47,65","40,79",-14.4%,"40,79",-14.4%
São João,Disponível,414.0,14,7896241293669.0,"DDAVP 0,2mg 30 Comprimidos Ferring","39,75","29,79",-25.1%,"29,79",-25.1%
São João,Disponível,414.0,13,7898029552203.0,Diatarcom MR 30 mg 60 comprimidos Servier,"104,57","104,57",-0.0%,"104,57",-0.0%
São João,Disponível,414.0,16,7896658027130.0,Trezor 10mg 30 Comprimidos Revestidos Aché,"131,87","106,99",-18.9%,"106,99",-18.9%
São João,Disponível,414.0,13,7896004715032.0,"Sonrisal 1644mg/400mg/325mg/1507,8mg 10 Comprimidos","21,90","20,59",-6.0%,"20,59",-6.0%
São João,Esgotado,414.0,15,0.0,Mobale 75mg 30 Cápsulas Momenta (C1),0,0,0,0,0
São João,Disponível,414.0,14,7891317412692.0,Droxaíne Suspensão Oral 240ml,"57,34","52,19",-9.0%,"52,19",-9.0%
São João,Disponível,414.0,13,7896637022569.0,"Lefor 2,5mg 60 Comprimidos EMS","74,30","62,29",-16.2%,"62,29",-16.2%
São João,Disponível,413.0,14,7891317177652.0,Evortia 20mg 60 Comprimidos Revestidos Hypera (C1),"93,49","77,49",-17.1%,"77,49",-17.1%
São João,Disponível,413.0,14,7896523213989.0,Glibenclamida 5mg Genérico Prati 30 Comprimidos,"16,01","2,99",-81.3%,"2,99",-81.3%
São João,Esgotado,413.0,13,0.0,"Tranquinal SL 0,5mg 30 Comprimidos Bago (B1)",0,0,0,0,0
São João,Esgotado,413.0,14,0.0,Canabidiol 50mg/ml 30ml Prati RX (B1),0,0,0,0,0
São João,Esgotado,413.0,15,0.0,Ablok Plus 100mg+25mg 30 Comprimidos Biolab,0,0,0,0,0
São João,Disponível,413.0,16,7896094906594.0,Tamarine 12mg 20 Cápsulas Hypera Pharma,"102,74","83,69",-18.5%,"83,69",-18.5%
São João,Disponível,413.0,14,7896094208858.0,Reconter 15mg 60 Comprimidos Revestidos Libbs (C1),"137,00","111,29",-18.8%,"111,29",-18.8%
São João,Disponível,412.0,14,7896004700533.0,Enalapril 10mg 30 Comprimidos Genérico Teuto,"25,13","7,09",-71.8%,"7,09",-71.8%
São João,Disponível,412.0,14,7891045031493.0,Aviv 100mg 60 Comprimidos Revestidos Hypera Pharma (C1),"195,02","117,01",-40.0%,"117,01",-40.0%
São João,Disponível,412.0,16,7897337716215.0,Ammy 4mg 28 Comprimidos Revestidos,"61,04","41,50",-32.0%,"41,50",-32.0%
São João,Esgotado,412.0,17,0.0,"Targin 5+2,5mg 28 Comprimidos Mundipharma (A1)",0,0,0,0,0
São João,Esgotado,412.0,15,0.0,Foxis 200Mg 10 Cápsulas Dura Ache (C1),0,0,0,0,0
São João,Esgotado,412.0,14,0.0,Vanisto Pó Inalante 30 Doses + Inalador,0,0,0,0,0
São João,Disponível,412.0,14,7896181920410.0,Humectol D 5mg/60mg 20 Comprimidos Revestidos,"14,94","5,70",-61.8%,"5,70",-61.8%
São João,Esgotado,412.0,13,0.0,Emistin EMS 20 Comprimidos,0,0,0,0,0
São João,Disponível,412.0,13,7896658000379.0,Bicerto 150mg 10 Comprimidos Eurofarma,"34,57","30,49",-11.8%,"30,49",-11.8%
São João,Disponível,412.0,13,7896523201542.0,Metoprolol 100mg Genérico Cimed 30 Comprimidos Revestidos,"85,49","49,90",-41.6%,"49,90",-41.6%
São João,Esgotado,412.0,16,0.0,Cetotifeno Xarope 120ml Genérico Prati-Donaduzzi,0,0,0,0,0
São João,Disponível,412.0,12,7896006290216.0,Ecofilm 5mg/ml Solução Oftálmica 5ml,"47,65","40,79",-14.4%,"40,79",-14.4%
São João,Esgotado,412.0,15,0.0,Gastrol Digest Lactase 8 Cápsulas Hypera Pharma,0,0,0,0,0
São João,Disponível,411.0,14,7908134200392.0,Gynpro 100mg 30 Cápsulas Exeltis,"79,74","79,74",-0.0%,"79,74",-0.0%
São João,Esgotado,411.0,15,0.0,"Atrovent Solução Inalatória Boehringer 0,25mg/ml 20ml",0,0,0,0,0
São João,Disponível,411.0,13,7896676433128.0,Maxiflox Colirio 5Ml Latinofarma,"42,69","38,49",-9.8%,"38,49",-9.8%
São João,Esgotado,411.0,13,0.0,"Ablok Plus 25+12,5mg 60 Comprimidos Biolab",0,0,0,0,0
São João,Disponível,411.0,15,7891317002190.0,"Ceftriaxona 1g 3,5ml Injetável IM 5 Ampolas Genérico Eurofarma","216,93","116,99",-46.1%,"116,99",-46.1%
São João,Disponível,411.0,15,7896004711423.0,Clotrimazol Creme Vaginal Genérico EMS 10mg/g 35g 6 Aplicadores,"63,79","39,59",-37.9%,"39,59",-37.9%
São João,Esgotado,411.0,13,0.0,Naldecon Febre 750mg 20 Comprimido Reckitt,0,0,0,0,0
São João,Disponível,410.0,15,7891317010065.0,"Persur 2,5mg 30 Comprimidos Hypera","45,72","38,59",-15.6%,"38,59",-15.6%
São João,Esgotado,410.0,14,0.0,Deprasil 30mg 30cap Cristalia (C1),0,0,0,0,0
São João,Disponível,409.0,13,7896016806247.0,Naldecon Febre 750mg 4 Comprimido Reckitt,"14,80","14,80",-0.0%,"14,80",-0.0%
São João,Disponível,409.0,12,7899547514254.0,"Pramipexol 0,25mg 30 Comprimidos Genérico Prati-Donaduzzi (C1)","226,80","103,99",-54.1%,"103,99",-54.1%
São João,Disponível,409.0,14,7896714267241.0,Hidroclorotiazida 50mg Genérico Medley 20 Comprimidos,"6,94","4,99",-28.1%,"4,99",-28.1%
São João,Disponível,409.0,12,7795320008821.0,Vodol Creme Dermatológica 28g,"50,17","44,69",-10.9%,"44,69",-10.9%
São João,Esgotado,409.0,15,0.0,Vonau Flash 8mg 10 Cápsulas Menta Biolab,0,0,0,0,0
São João,Esgotado,409.0,14,0.0,Eparema 10ml Frasco Guaraná Hypera Pharma,0,0,0,0,0
São João,Disponível,409.0,13,7896112121114.0,Lacosamida 100mg 30 Comprimidos Revestidos Genérico Torrent (C1),"153,45","62,89",-59.0%,"62,89",-59.0%
São João,Disponível,409.0,15,7897595900654.0,Atlansil Sanofi 100mg 20 Comprimidos,"48,88","48,88",-0.0%,"48,88",-0.0%
São João,Esgotado,408.0,12,0.0,Sumax 6mg 1 Seringa Libbs,0,0,0,0,0
São João,Disponível,408.0,13,7896637031943.0,"Brasart HCT 160mg/12,5mg 30 Comprimidos Revestidos","64,50","56,59",-12.3%,"56,59",-12.3%
São João,Esgotado,408.0,13,0.0,Pomada Hirudoid 500 40g Sankyo,0,0,0,0,0
São João,Esgotado,408.0,14,0.0,"Vacina HPV Nonavalente Gardasil AD/PED 0,5 ml MSD + Aplicação",0,0,0,0,0
São João,Disponível,408.0,13,7891317425869.0,Aval 320mg 30 Comprimidos Revestidos Supera,"14,53","14,53",-0.0%,"14,53",-0.0%
São João,Disponível,408.0,13,7896548197967.0,Maxidex Suspensão Oftálmica Novartis 5ml,"110,72","88,58",-20.0%,"88,58",-20.0%
São João,Esgotado,408.0,13,0.0,Combiwave 25+50mcg Spray 120 Doses Glenmark,0,0,0,0,0
São João,Esgotado,408.0,14,0.0,DTN-Fol 90 Cápsulas Novo,0,0,0,0,0
São João,Disponível,408.0,13,7896004715971.0,"Azitromicina Suspensão Oral Genérico EMS 900mg/22,5ml","79,28","24,49",-69.1%,"24,49",-69.1%
São João,Disponível,408.0,15,7897595620644.0,Rosuvastatina 20mg 60 Comprimidos Revestidos Genérico Sandoz,"128,73","42,99",-66.6%,"42,99",-66.6%
São João,Esgotado,408.0,13,0.0,DDAVP Sol Nasal 01mg 2apl Ferring,0,0,0,0,0
São João,Disponível,408.0,15,7896004775371.0,Micardis Anlo Telmisartana 80mg + Besilato De Anlodipino 5mg Boehringer Com 30 Comprimidos,"63,70","63,70",-0.0%,"63,70",-0.0%
São João,Esgotado,408.0,14,0.0,Zolpaz SL 5mg 30 Cápsulas Revestidas União Química (B1),0,0,0,0,0
São João,Disponível,407.0,13,7899547523201.0,Moxifloxacino 400mg 7 Comprimidos Revestidos Genérico Prati,"222,16","94,39",-57.5%,"94,39",-57.5%
São João,Disponível,407.0,13,7896658000393.0,Junno 100mg 30 Comprimidos FQM,"56,36","49,09",-12.9%,"49,09",-12.9%
São João,Disponível,407.0,14,7898430195792.0,"Tilestal 37,5+325mg 30 Comprimidos Myralis (A2)","67,17","67,17",-0.0%,"67,17",-0.0%
São João,Disponível,407.0,17,7896637022767.0,Olmy 40mg 60 Comprimidos Revestidos Germed,"61,13","52,09",-14.8%,"52,09",-14.8%
São João,Disponível,407.0,14,7896004784342.0,Fexofenadina 120mg 10 Comprimidos Revestidos Genérico EMS,"62,23","19,90",-68.0%,"19,90",-68.0%
São João,Esgotado,407.0,13,0.0,Halobex CR Derm 30g Mantecorp,0,0,0,0,0
São João,Disponível,407.0,13,7896004706795.0,Sulfato De Hidroxicloroquina 400mg Genérico EMS 30 Comprimidos Revestidos,"21,73","3,90",-82.1%,"3,90",-82.1%
São João,Disponível,407.0,14,7898687736472.0,Ibandronato de Sódio 150mg 1 Comprimido Revestido Genérico Althaia,"144,84","107,09",-26.1%,"107,09",-26.1%
São João,Esgotado,407.0,14,0.0,"Oestrogel 0,6mg/g Gel Dermatológico 80g com Válvula Dosadora",0,0,0,0,0
São João,Esgotado,407.0,13,0.0,Novalgina 500Mg 10 Comprimidos Opella Avulso,0,0,0,0,0
São João,Esgotado,407.0,16,0.0,Floral Thérapi Foco Fit 30ml,0,0,0,0,0
São João,Disponível,407.0,14,7894916500746.0,Sucrafilm Suspensão Oral 10ml,"116,57","97,79",-16.1%,"97,79",-16.1%
São João,Esgotado,407.0,13,0.0,Canabidiol 20mg/ml 10ml Prati RX (B1),0,0,0,0,0
São João,Disponível,406.0,15,7896094203068.0,"Gestinol 0,030mg/0,075mg 84 Comprimidos Revestidos","163,02","114,11",-30.0%,"114,11",-30.0%
São João,Disponível,406.0,13,7891317458867.0,"Holmes H 40+12,5mg 30 Comprimidos Revestidos Eurofarma","909,92","199,90",-78.0%,"199,90",-78.0%
São João,Esgotado,406.0,12,0.0,Montelair 4mg 30 Sachês 350g Ache,0,0,0,0,0
São João,Disponível,406.0,14,7891317129781.0,Plaq 75mg 30 Comprimidos Eurofarma,"249,06","199,89",-19.7%,"199,89",-19.7%
São João,Esgotado,406.0,14,0.0,"Pomada Clob-X 0,05% 30g Galderma",0,0,0,0,0
São João,Disponível,406.0,14,7896658000393.0,Tylex 30mg 12 Comprimidos,"56,36","49,09",-12.9%,"49,09",-12.9%
São João,Disponível,406.0,14,7896090611645.0,Leite de Magnésia ENO Sabor Hortelã 120ml GSK,"3,60","3,60",-0.0%,"3,60",-0.0%
São João,Esgotado,406.0,14,0.0,Adaptis Solução Oftálmica 1% 10ml Adapt,0,0,0,0,0
São João,Esgotado,406.0,13,0.0,Ciflogex Diet Menta e Limão 3mg 12 Pastilhas,0,0,0,0,0
São João,Esgotado,406.0,13,0.0,Alenia 60 Cápsulas de Pó Inalatório + Inalador,0,0,0,0,0
São João,Esgotado,406.0,14,0.0,Digesan 20ml Gotas Eurofarma,0,0,0,0,0
São João,Disponível,406.0,13,7896658030284.0,Medato 10mg 30 Comprimidos Momenta (A3),"124,93","103,59",-17.1%,"103,59",-17.1%
São João,Disponível,406.0,16,7891317435431.0,Risedross 35mg 12 Comprimidos Revestidos,"59,69","53,79",-9.9%,"53,79",-9.9%
São João,Disponível,406.0,15,7894916510127.0,Osteoform 70mg 4 Comprimidos Sigma Pharma,"79,37","79,37",-0.0%,"79,37",-0.0%
São João,Esgotado,406.0,14,0.0,Lactuliv Ameixa Xarope 120ml,0,0,0,0,0
São João,Disponível,406.0,13,7896004750347.0,"Olmesartana + Hidroclorotiazida 40mg + 12,5mg 30 Comprimidos Revestidos Genérico Eurofarma","72,32","42,90",-40.7%,"42,90",-40.7%
São João,Disponível,405.0,15,7896026301428.0,Buscopan Composto 250mg 20 Comprimidos Revestidos,"26,94","26,94",-0.0%,"26,94",-0.0%
São João,Esgotado,405.0,15,0.0,Deksametasona Supera 50mg 30 Cápsulas Revestidas Supera (A3),0,0,0,0,0
São João,Disponível,405.0,13,7896658030192.0,Loxonin 60mg 15 Comprimidos Sankyo,"40,27","35,79",-11.1%,"35,79",-11.1%
São João,Disponível,405.0,13,7896004706795.0,Losartana 50mg 30 Comprimidos Revestidos Genérico EMS,"21,73","3,90",-82.1%,"3,90",-82.1%
São João,Disponível,405.0,14,7897595636553.0,Desogestrel Genérico Novartis 84 Comprimidos Revestidos,"66,36","29,90",-54.9%,"29,90",-54.9%
São João,Disponível,405.0,14,7896658000393.0,Maxsulid 400mg 30 Comprimidos,"56,36","49,09",-12.9%,"49,09",-12.9%
São João,Disponível,405.0,14,7896637033961.0,Atentah 25mg 30 Cápsulas Apsen (C1),"81,86","68,49",-16.3%,"68,49",-16.3%
São João,Disponível,405.0,13,7896658008849.0,"Nienza 3,125mg 30 Comprimidos Aché","33,99","30,09",-11.5%,"30,09",-11.5%
São João,Disponível,404.0,14,7896523214351.0,Pantoprazol 20mg Genérico Cimed 28 comprimidos Revestidos,"65,14","18,35",-71.8%,"18,35",-71.8%
São João,Disponível,404.0,13,7899095238299.0,"Latanoprosta Solução Oftalmica 2,5ml Genérico Geolab","162,47","83,89",-48.4%,"83,89",-48.4%
São João,Disponível,404.0,12,7896004703596.0,Paracetamol + Codeína 36 Comprimidos Genérico EMS (A2),"23,22","13,49",-41.9%,"13,49",-41.9%
São João,Esgotado,404.0,14,0.0,Lactulona 667mg/ml Xarope Salada de Frutas 120ml,0,0,0,0,0
São João,Esgotado,404.0,16,0.0,Irritratil 200mg 60 Cápsulas Gel Aché,0,0,0,0,0
São João,Esgotado,404.0,14,0.0,Diovan Amlo Fix 320mg + 10mg 28 Comprimidos FQM,0,0,0,0,0
São João,Disponível,403.0,14,7896422522687.0,Bisoprolol 10mg 30 Comprimidos Revestidos Genérico Medley,"71,18","49,90",-29.9%,"49,90",-29.9%
São João,Disponível,403.0,14,7896004703596.0,"Tramadol + Paracetamol 37,5mg + 325mg 20 Comprimidos Genérico EMS (A2)","23,22","13,49",-41.9%,"13,49",-41.9%
São João,Esgotado,403.0,14,0.0,Dipropionato de Betametasona + Ácido Salicílico Pomada Dermatológica 30g Genérico EMS,0,0,0,0,0
São João,Disponível,403.0,12,7891142158130.0,Meticorten 5mg 20 Comprimidos Organon,"25,88","22,89",-11.6%,"22,89",-11.6%
São João,Disponível,403.0,14,7896004713007.0,Tegretol CR Novartis 200mg 60 Comprimidos Revestidos (C1),"289,15","104,89",-63.7%,"104,89",-63.7%
São João,Disponível,403.0,13,7894916503082.0,Bexai 35mg 20 Cápsulas Sigma Pharma,"141,98","113,58",-20.0%,"113,58",-20.0%
São João,Disponível,403.0,15,7897076909121.0,"Irbesartana + HCT 300 mg + 12,5mg 30 comprimidos Genérico Ranbaxy","152,39","152,39",-0.0%,"152,39",-0.0%
São João,Esgotado,403.0,14,0.0,Vecasten Gel Marjan 150G,0,0,0,0,0
São João,Esgotado,403.0,13,0.0,Seretide Spray 25mcg + 50mcg 120 Doses,0,0,0,0,0
São João,Disponível,403.0,15,7896004784076.0,Bilastina 20mg 15 Comprimidos Genérico Eurofarma,"46,58","29,15",-37.4%,"29,15",-37.4%
São João,Esgotado,403.0,13,0.0,"Lubris Carmelose Sódica 0,5% 10ml Ache",0,0,0,0,0
São João,Disponível,403.0,14,7896004718446.0,Dipirona Solução Oral Genérico EMS 100ml,"16,59","10,09",-39.2%,"10,09",-39.2%
São João,Disponível,403.0,14,7897705203095.0,Wegovy 1mg 3ml Novo Nordisk,"1284,04","1284,04",-0.0%,"1284,04",-0.0%
São João,Disponível,403.0,13,7891317036966.0,"Pondera XR 12,5mg 30 Comprimidos Revestidos Eurofarma (C1)","172,18","143,39",-16.7%,"143,39",-16.7%
São João,Disponível,402.0,15,7891106904582.0,Pressat 5mg 90 Comprimidos Biolab,"73,39","60,99",-16.9%,"60,99",-16.9%
São João,Disponível,402.0,14,7897411610620.0,Benicar 40mg 30 Comprimidos Sankyo,"87,73","70,18",-20.0%,"70,18",-20.0%
São João,Esgotado,402.0,14,0.0,Press Plus 5mg/10mg 60 Cápsulas Duras,0,0,0,0,0
São João,Disponível,402.0,14,7896181920410.0,Imussuprex 50mg 50 Comprimidos Revestidos,"14,94","5,70",-61.8%,"5,70",-61.8%
São João,Disponível,401.0,15,7894916500869.0,Sustrate 10mg 30 Comprimidos FMQ,"76,21","65,19",-14.5%,"65,19",-14.5%
São João,Disponível,401.0,13,7896094206366.0,"Naramig 2,5mg 4 Comprimidos GSK","84,02","69,49",-17.3%,"69,49",-17.3%
São João,Disponível,401.0,14,7898029552203.0,Diamicron MR 30mg 60 Comprimidos Servier,"104,57","104,57",-0.0%,"104,57",-0.0%
São João,Esgotado,401.0,14,0.0,Malvona Solução Dermatológica 100ml,0,0,0,0,0
São João,Disponível,401.0,14,7896004713366.0,Acebrofilina Xarope Adulto 120ml Genérico Cimed,"52,76","23,90",-54.7%,"23,90",-54.7%
São João,Disponível,401.0,14,7894916515764.0,Xantinon 100mg + 20mg 30 Comprimidos Revestidos,"52,75","52,75",-0.0%,"52,75",-0.0%
São João,Disponível,401.0,14,7896004812168.0,Xarope Expectamin 120ml Legrand,"51,16","32,90",-35.7%,"32,90",-35.7%
São João,Disponível,401.0,16,7895296449830.0,"Naratriptana 2,5mg 20 Comprimidos Revestidos Genérico Nova Química","83,03","44,90",-45.9%,"44,90",-45.9%
São João,Esgotado,401.0,14,0.0,Nasoar XT 5% 15 Envelopes+Frasco Myralis,0,0,0,0,0
São João,Disponível,401.0,14,7896641809033.0,Dexilant 60mg 60 Cápsulas,"256,39","205,11",-20.0%,"205,11",-20.0%
São João,Disponível,401.0,15,7897851250622.0,Nausedron Cristália 8mg 10 Comprimidos,"43,49","43,49",-0.0%,"43,49",-0.0%
São João,Disponível,401.0,15,7896422506434.0,Clotrimazol Creme Vaginal Genérico Medley 20mg/g 20g 3 Aplicadores,"74,72","39,99",-46.5%,"39,99",-46.5%
São João,Esgotado,401.0,12,0.0,"Metamucil Laranja Pó para Solução Oral 10 Envelopes de 5,85g",0,0,0,0,0
São João,Disponível,401.0,14,7896422506755.0,Lisinopril Genérico Medley 5mg 30 Comprimidos,"64,09","34,90",-45.5%,"34,90",-45.5%
São João,Disponível,401.0,13,7891106914369.0,"Neovlar  0,25mg + 0,05mg 21 Drágeas","29,86","25,89",-13.3%,"25,89",-13.3%
São João,Disponível,400.0,13,7896422519830.0,Ibuprofeno 50mg/ml Genérico Medley Suspensão Oral 30ml,"19,12","10,79",-43.6%,"10,79",-43.6%
São João,Disponível,400.0,13,7896004731285.0,Carvedilol 25mg 30 Comprimidos Genérico Biosintética,"60,51","19,79",-67.3%,"19,79",-67.3%
São João,Esgotado,400.0,14,0.0,Lipiblock 120mg 42 Cápsulas Germed,0,0,0,0,0
São João,Disponível,400.0,13,7896004711188.0,Sinvastacor 40mg 30 Comprimidos Revestidos Sinvastatina Sandoz,"62,62","21,99",-64.9%,"21,99",-64.9%
São João,Esgotado,400.0,16,0.0,"Glanigan RC 0,1mg/ml 3ml Legrand",0,0,0,0,0
São João,Disponível,400.0,13,7899547524482.0,Sildenafil 25mg 4 Comprimidos Revestidos Genérico Prati-Donaduzzi,"32,38","13,09",-59.6%,"13,09",-59.6%
São João,Esgotado,400.0,14,0.0,"Tramadol + Paracetamol 37,5mg + 325mg 30 Comprimidos Genérico Neo Química (A2)",0,0,0,0,0
São João,Esgotado,400.0,14,0.0,Bromelin Própolis 12 Pastilhas Hebron,0,0,0,0,0
São João,Disponível,400.0,12,7896637024358.0,Arpadol 400mg 30 Comprimidos Apsen,"83,67","83,67",-0.0%,"83,67",-0.0%
São João,Disponível,400.0,13,7896523214627.0,Ciclobenzaprina 10mg 30 Comprimidos Revestidos Genérico Cimed,"25,46","15,99",-37.2%,"15,99",-37.2%
São João,Disponível,400.0,14,7897595624642.0,Amoxicilina + Clavulanato De Potássio 500mg 18 Comprimidos Revestidos Genérico Sandoz,"167,05","99,90",-40.2%,"99,90",-40.2%
São João,Disponível,400.0,14,7896046381004.0,Kit Renu Fresh 355ml + 120ml + Estojo para Lentes,"68,99","54,99",-20.3%,"54,99",-20.3%
São João,Disponível,400.0,13,7896241293669.0,Vasopril 10mg 60 Comprimidos Biolab,"39,75","29,79",-25.1%,"29,79",-25.1%
São João,Esgotado,399.0,13,0.0,Varicoss 20 Drágeas Cifarma,0,0,0,0,0
São João,Esgotado,399.0,13,0.0,Previgrip 50ml Weleda,0,0,0,0,0
São João,Esgotado,399.0,14,0.0,Nimegon 50mg 28 Cápsulas Revestidos Supera,0,0,0,0,0
São João,Disponível,399.0,13,7896004731261.0,"Cronocor 3,125mg 30 Comprimidos Biolab","52,05","19,90",-61.8%,"19,90",-61.8%
São João,Disponível,399.0,13,7894916503082.0,Bexai 35mg 10 Cápsulas Sigma Pharma,"141,98","113,58",-20.0%,"113,58",-20.0%
São João,Esgotado,399.0,14,0.0,Vagifem Intravaginal 10mcg 18 Comprimidos,0,0,0,0,0
São João,Disponível,399.0,14,7898133137334.0,"Hidraplex Guaraná Pó para Solução Oral 4 Envelopes de 27,9g","21,90","21,90",-0.0%,"21,90",-0.0%
São João,Esgotado,399.0,14,0.0,Lactulona 667mg/ml Xarope Ameixa 120ml,0,0,0,0,0
São João,Esgotado,398.0,13,0.0,Doril Enxaqueca 18 Comprimidos Revestidos Hypera Pharma,0,0,0,0,0
São João,Disponível,398.0,13,7896523218946.0,Ciprofibrato 100mg 30 Comprimidos Genérico Medley,"37,82","21,57",-43.0%,"21,57",-43.0%
São João,Disponível,398.0,15,7892953208618.0,Symdulor Sl Adium 10mg 10 Comprimidos,"36,14","14,46",-60.0%,"14,46",-60.0%
São João,Esgotado,398.0,14,0.0,Infralax 300mg/30mg/125mg/50mg 30 Comprimidos,0,0,0,0,0
São João,Disponível,398.0,14,7891317458867.0,Leg 5mg 10 Comprimidos Revestidos Eurofarma,"909,92","199,90",-78.0%,"199,90",-78.0%
São João,Esgotado,398.0,13,0.0,Xantinon Complex 100ml,0,0,0,0,0
São João,Esgotado,398.0,13,0.0,Invega Sustenna 150mg Injeção Janssen (C1),0,0,0,0,0
São João,Esgotado,398.0,13,0.0,Colpist MT Creme Vaginal Arese 40g com Aplicador,0,0,0,0,0
São João,Esgotado,398.0,14,0.0,Gelmax Papaya EMS 24 Comprimidos,0,0,0,0,0
São João,Disponível,398.0,13,7896637037617.0,Zanidip Apsen 10mg 30 Comprimidos Revestidos,"152,08","152,08",-0.0%,"152,08",-0.0%
São João,Disponível,398.0,16,7891721014130.0,Euthyrox 137mcg 50 Comprimidos Merck,"59,76","52,19",-12.7%,"52,19",-12.7%
São João,Disponível,398.0,13,7896004712543.0,Flunarizina 10mg 50 Comprimidos Genérico Vitamedic,"54,07","14,90",-72.4%,"14,90",-72.4%
São João,Disponível,398.0,15,7896658021749.0,"Adoless 0,060mg/0,015mg 84 Comprimidos Revestidos","73,62","61,79",-16.1%,"61,79",-16.1%
São João,Esgotado,397.0,15,0.0,Pomada Nebacetin Baby 60g Prevenção Hypera Pharma Hypera Pharma,0,0,0,0,0
São João,Disponível,397.0,13,7891158101656.0,Depakene 500mg 50 Comprimidos Revestidos Abbott (C1),"145,18","145,18",-0.0%,"145,18",-0.0%
São João,Disponível,397.0,14,7891317455736.0,Crevagin Creme 40g,"52,06","46,89",-9.9%,"46,89",-9.9%
São João,Esgotado,397.0,13,0.0,Albocresil 90mg/g 6 Óvulos Ginecológicos,0,0,0,0,0
São João,Esgotado,397.0,14,0.0,Venvanse Shire  30mg 28 Cápsulas,0,0,0,0,0
São João,Disponível,397.0,15,7899547520880.0,Meloxicam 15mg 10 Comprimidos Genérico Prati,"31,56","17,49",-44.6%,"17,49",-44.6%
São João,Disponível,397.0,15,7896112486787.0,Bhena 5mg 90 Comprimidos Revestidos Biolab,"56,60","5,80",-89.8%,"5,80",-89.8%
São João,Disponível,397.0,15,7896637024358.0,Coltrax 4Mg 20 Comprimidos Aventis,"83,67","83,67",-0.0%,"83,67",-0.0%
São João,Disponível,397.0,13,7891142982100.0,Coristina D Congest 12 Comprimidos Hypera Pharma,"43,95","43,95",-0.0%,"43,95",-0.0%
São João,Disponível,397.0,14,7897411650787.0,Comtan 200mg 30 Comprimidos Sandoz (C1),"83,42","66,74",-20.0%,"66,74",-20.0%
São João,Disponível,397.0,16,7896637037617.0,Vesicare 10Mg 30 Comprimidos Revestidos Astellasfarma,"152,08","152,08",-0.0%,"152,08",-0.0%
São João,Disponível,397.0,14,7896094207851.0,Voextor 10mg 30 Comprimidos Libbs (C1),"58,81","49,89",-15.2%,"49,89",-15.2%
São João,Esgotado,397.0,13,0.0,ProVance Morango 100 000 000UFC 10 Comprimidos Mastigáveis,0,0,0,0,0
São João,Disponível,397.0,14,7891317431358.0,Espironolactona 25mg 30 Comprimidos Genérico Eurofarma,"30,28","26,99",-10.9%,"26,99",-10.9%
São João,Disponível,397.0,15,7891317189884.0,Perlatte 9 000FCC 30 Comprimidos,"52,90","52,90",-0.0%,"52,90",-0.0%
São João,Esgotado,396.0,14,0.0,Floral Therapi Destriste 30ml,0,0,0,0,0
São João,Disponível,396.0,12,7896523213408.0,Norfloxacino 400mg Genérico Cimed 14 comprimidos Revestidos,"93,61","39,90",-57.4%,"39,90",-57.4%
São João,Disponível,396.0,12,7896004789828.0,Desloratadina 5mg Genérico EMS 10 Comprimidos Revestidos,"74,20","16,99",-77.1%,"16,99",-77.1%
São João,Disponível,396.0,13,7897076918857.0,Axetil Cefuroxima 500Mg 14 Comprimidos Genérico Neo Quimica,"207,59","111,68",-46.2%,"111,68",-46.2%
São João,Esgotado,396.0,14,0.0,Beserol Megalabs 12 Comprimidos,0,0,0,0,0
São João,Esgotado,396.0,14,0.0,Mlix CR 1mg 20g Mantecorp,0,0,0,0,0
São João,Disponível,396.0,15,7896637037617.0,Zanidip 20mg 30 Comprimidos Revestidos Aspen,"152,08","152,08",-0.0%,"152,08",-0.0%
São João,Disponível,396.0,15,7896422506243.0,Dipirona Solução Oral Genérico Medley 500mg/ml 20ml,"27,07","17,99",-33.5%,"17,99",-33.5%
São João,Esgotado,396.0,16,0.0,Ciflogex Laranja 3mg 12 Pastilhas,0,0,0,0,0
São João,Esgotado,396.0,15,0.0,Blephagel 40g 100 Compressas,0,0,0,0,0
São João,Disponível,396.0,15,7896004713120.0,Levofloxacino 500mg 10 Comprimidos Revestidos Genérico EMS,"117,58","59,90",-49.1%,"59,90",-49.1%
São João,Disponível,396.0,13,7896637024358.0,Bamifix 600mg 20 Comprimidos Chiesi,"83,67","83,67",-0.0%,"83,67",-0.0%
São João,Disponível,396.0,13,7896658027130.0,Labrea Duo 10mg+10mg 7 Comprimidos Cristalia (C1),"131,87","106,99",-18.9%,"106,99",-18.9%
São João,Disponível,396.0,14,7894916501408.0,Isordil 10mg 30 Comprimidos Sigma Pharma,"77,73","64,19",-17.4%,"64,19",-17.4%
São João,Disponível,396.0,14,7896004704036.0,Nimesulida 100mg 12 Comprimidos Genérico Nova Química,"22,46","9,99",-55.5%,"9,99",-55.5%
São João,Disponível,396.0,13,7896112155003.0,Fenobarbital 100mg 20 Comprimidos Genérico Teuto (B1),"16,70","13,90",-16.8%,"13,90",-16.8%
São João,Esgotado,396.0,14,0.0,Natrilix 30 Drágeas Servier,0,0,0,0,0
São João,Esgotado,396.0,13,0.0,Tylenol DC 500mg + 65mg 4 Comprimidos Avulso,0,0,0,0,0
São João,Disponível,396.0,14,7896637022767.0,Daflon 450mg/50mg 60 Comprimidos Revestidos,"61,13","52,09",-14.8%,"52,09",-14.8%
São João,Disponível,395.0,14,7899095237957.0,Memantina 10mg 30 Comprimidos Revestidos Genérico Medley (C1),"230,01","74,90",-67.4%,"74,90",-67.4%
São João,Esgotado,395.0,15,0.0,Arnica Gel Herbarium 30g,0,0,0,0,0
São João,Disponível,395.0,13,7898605330690.0,Resolor 2mg 28 Comprimidos Revestidos,"377,34","301,87",-20.0%,"301,87",-20.0%
São João,Disponível,395.0,12,7896658027703.0,Klev 20mg 28 Comprimidos,"65,89","55,99",-15.0%,"55,99",-15.0%
São João,Esgotado,395.0,14,0.0,Cetrolac MD 4mg/ml 10ml União Química,0,0,0,0,0
São João,Esgotado,395.0,15,0.0,Gastrol 6 Envelopes Laranja Hypera Pharma,0,0,0,0,0
São João,Esgotado,395.0,12,0.0,Duxxen 60mg 30 Cápsulas Hypera (C1),0,0,0,0,0
São João,Disponível,395.0,13,7896015516703.0,Clavulin Es 600Mg 50Ml Gsk,"161,17","161,17",-0.0%,"161,17",-0.0%
São João,Disponível,395.0,14,7891317129781.0,Piemonte 4mg 30 Comprimidos Eurofarma,"249,06","199,89",-19.7%,"199,89",-19.7%
São João,Esgotado,395.0,12,0.0,Cafiaspirina Bayer 650mg + 65mg 4 Comprimidos,0,0,0,0,0
São João,Esgotado,395.0,13,0.0,Floral Therapi 30Ml Mudanca De Vida,0,0,0,0,0
São João,Disponível,394.0,13,7896015525002.0,Niquitin 7mg 7 Adesivos Transparente,"125,61","125,61",-0.0%,"125,61",-0.0%
São João,Disponível,394.0,13,7899620913776.0,"Tramadol + Paracetamol 37,5mg + 325mg 20 Comprimidos Genérico Neo Química (A2)","22,00","8,59",-61.0%,"8,59",-61.0%
São João,Disponível,394.0,13,7896637023771.0,"Flenus 22,25mg 30 Comprimidos Arese","34,15","34,15",-0.0%,"34,15",-0.0%
São João,Disponível,394.0,13,7896094916234.0,Lisador Dip 1g 8 Comprimidos Farmasa AV*,"45,44","45,44",-0.0%,"45,44",-0.0%
São João,Disponível,394.0,15,7896004718460.0,Betametasona Creme Dermatológico 30g Genérico Germed,"32,18","15,69",-51.2%,"15,69",-51.2%
São João,Disponível,394.0,13,7896241293669.0,Ebastel 10mg 30 Comprimidos,"39,75","29,79",-25.1%,"29,79",-25.1%
São João,Disponível,394.0,15,7896004701967.0,Omeprazol 40mg 28 Cápsulas Lozeprel EMS,"33,94","12,90",-62.0%,"12,90",-62.0%
São João,Esgotado,394.0,15,0.0,Syntocinon Spray Mylan 5ml,0,0,0,0,0
São João,Esgotado,394.0,15,0.0,Novolin N Penfill Novo Nordisk 5x3ml,0,0,0,0,0
São João,Disponível,394.0,14,7896023756801.0,Figatil Flaconete 10ml,"2,49","2,19",-12.0%,"2,19",-12.0%
São João,Disponível,393.0,13,7891317129781.0,Subtrax 800/160mg 10 Comprimidos Eurofarma,"249,06","199,89",-19.7%,"199,89",-19.7%
São João,Disponível,393.0,15,7896422504492.0,Diclofenaco Colestiramina 70mg 20 Cápsulas Genérico Medley,"18,28","15,99",-12.5%,"15,99",-12.5%
São João,Esgotado,393.0,12,0.0,Maresis Solução Nasal 100ml,0,0,0,0,0
São João,Disponível,393.0,14,7898565160085.0,Dualgi 200mg + 500mg 12 Comprimidos Revestidos Eurofarma,"774,21","79,90",-89.7%,"79,90",-89.7%
São João,Disponível,393.0,14,7896004762319.0,Gliclazida Genérico Pharlab 30mg 30 Comprimidos,"30,33","16,90",-44.3%,"16,90",-44.3%
São João,Esgotado,393.0,13,0.0,Alenia Refil 12mcg/400mcg 60 Cápsulas de Pó Inalatório,0,0,0,0,0
São João,Disponível,393.0,14,7891721016165.0,Clazi XR 60mg 60 Comprimidos Revestidos Germed,"115,99","115,99",-0.0%,"115,99",-0.0%
São João,Disponível,393.0,15,7891317425869.0,Asea 40mg 30 Comprimidos Revestidos Supera,"14,53","14,53",-0.0%,"14,53",-0.0%
São João,Esgotado,393.0,14,0.0,"Moment 0,025% 60ml Roll-On Apsen",0,0,0,0,0
São João,Disponível,393.0,13,7896004792309.0,Dimesilato de Lisdexanfetamina Genérico EMS 70mg 30 Cápsulas (A3),"381,12","264,49",-30.6%,"264,49",-30.6%
São João,Esgotado,393.0,13,0.0,Trifamox Ibl Bd 200/50Mg 60Ml Bago,0,0,0,0,0
São João,Disponível,393.0,13,7896004789873.0,Lipistat 20mg 60 Comprimidos Revestidos EMS-Sigma,"51,77","51,77",-0.0%,"51,77",-0.0%
São João,Esgotado,393.0,15,0.0,Tamarine Fibras Kids 240ml Hypera Pharma,0,0,0,0,0
São João,Disponível,393.0,14,7896094208124.0,Nactali 75mcg 84 Comprimidos Revestidos,"123,47","86,43",-30.0%,"86,43",-30.0%
São João,Esgotado,392.0,14,0.0,Mytedom 5mg 20 Cápsulas Cristália (A1),0,0,0,0,0
São João,Disponível,392.0,14,7896637023115.0,Resolor 2mg 14 Comprimidos,"29,28","26,89",-8.2%,"26,89",-8.2%
São João,Esgotado,392.0,15,0.0,"Travoprosta 0,04mg 2,5ml Solução Oftálmica Genérico EMS",0,0,0,0,0
São João,Disponível,392.0,14,7896004782980.0,Levetiracetam 750Mg 30 Comprimidos Revestidos Genérico Neo Quimica (C1),"266,35","99,90",-62.5%,"99,90",-62.5%
São João,Disponível,392.0,12,7896637023665.0,Lixiana 60mg 30 Comprimidos Revestidos,"22,44","22,44",-0.0%,"22,44",-0.0%
São João,Esgotado,392.0,13,0.0,Systane Ultra Alcon Sem Conservantes 10Ml,0,0,0,0,0
São João,Esgotado,392.0,12,0.0,Posdrink Vibe 250ml Tangerina,0,0,0,0,0
São João,Disponível,392.0,15,7897595602589.0,"Atelop 2,5mg 30 Comprimidos Germed","27,40","6,99",-74.5%,"6,99",-74.5%
São João,Esgotado,392.0,14,0.0,Neocoflan Solução Dermatológica 85ml,0,0,0,0,0
São João,Disponível,392.0,13,7896009498459.0,Onegripe 400mg 20 Cápsulas,"50,80","33,00",-35.0%,"33,00",-35.0%
São João,Disponível,392.0,14,7896181906582.0,Venoxide 500mg 30 Comprimidos Biosintética,"23,78","7,43",-68.8%,"7,43",-68.8%
São João,Esgotado,391.0,14,0.0,Tropinal Solução 15ml,0,0,0,0,0
São João,Disponível,391.0,13,7896094208858.0,Plenance 10mg 30 Comprimidos Revestidos Libbs,"137,00","111,29",-18.8%,"111,29",-18.8%
São João,Disponível,391.0,15,7894916515764.0,Unitram 15mg 30 Comprimidos Revestidos FQM (C1),"52,75","52,75",-0.0%,"52,75",-0.0%
São João,Esgotado,391.0,14,0.0,"Tylex Cellera 7,5mg 12 Comprimidos (A2)",0,0,0,0,0
São João,Disponível,391.0,14,7896637023665.0,Mercilon Conti 150mcg/20mcg 28 Comprimidos Revestidos,"22,44","22,44",-0.0%,"22,44",-0.0%
São João,Disponível,391.0,13,7891317425869.0,Zinnat 250mg 10 Comprimidos Sandoz,"14,53","14,53",-0.0%,"14,53",-0.0%
São João,Disponível,391.0,14,7896241293669.0,Vytorin 10+10mg 30 Comprimidos Organon,"39,75","29,79",-25.1%,"29,79",-25.1%
São João,Esgotado,391.0,13,0.0,Mel Mônica Baldoni  Sabor Silvestre 40g,0,0,0,0,0
São João,Esgotado,391.0,14,0.0,Triancil 20mg/ml Frasco/Ampola 5ml Injetável Apsen,0,0,0,0,0
São João,Disponível,391.0,13,8902220109520.0,Rosucor 20mg 30 Comprimidos Revestidos Torrent,"75,69","62,29",-17.7%,"62,29",-17.7%
São João,Esgotado,391.0,14,0.0,Spiolto Spray 4ml,0,0,0,0,0
São João,Esgotado,391.0,12,0.0,Hominus 2+5mg 60cap Dura Momenta,0,0,0,0,0
São João,Disponível,391.0,13,7896004716176.0,"Cloridrato De Amilorida e Hidroclorotiazida 2,5/25mg Genérico EMS 30 Comprimidos","9,94","1,25",-87.4%,"1,25",-87.4%
São João,Esgotado,391.0,14,0.0,"Ginesse 0,075mg + 0,02mg 63 Comprimidos FQM",0,0,0,0,0
São João,Disponível,391.0,16,7896004718446.0,Dipirona 500mg Genérico Farmace Gotas 10ml,"16,59","10,09",-39.2%,"10,09",-39.2%
São João,Disponível,390.0,12,7891317125455.0,Trimeb 200mg 60 Cápsulas Eurofarma,"88,54","74,19",-16.2%,"74,19",-16.2%
São João,Disponível,390.0,15,7896004771045.0,Aciclovir 10g Creme Genérico EMS,"31,86","11,90",-62.6%,"11,90",-62.6%
São João,Disponível,390.0,14,7894916515764.0,Rusovas 10mg 90 Comprimidos Revestidos,"52,75","52,75",-0.0%,"52,75",-0.0%
São João,Esgotado,390.0,14,0.0,Sulpan 20 Cápsulas Hypermarcas (B1),0,0,0,0,0
São João,Disponível,390.0,14,7896004710761.0,Succinato De Sumatriptana 50mg Genérico Biolab 2 Comprimidos Revestidos,"52,38","15,59",-70.2%,"15,59",-70.2%
São João,Disponível,390.0,13,7899547528459.0,Levofloxacino 500mg 7 Comprimidos Revestidos Genérico Prati-Donaduzzi,"97,19","46,09",-52.6%,"46,09",-52.6%
São João,Esgotado,390.0,13,0.0,Buscopan Pediátrico 10mg/ml 20ml,0,0,0,0,0
São João,Disponível,390.0,13,7895296446228.0,Fexofenadina 6mg 60ml Genérico Nova Química,"91,38","29,90",-67.3%,"29,90",-67.3%
São João,Disponível,390.0,14,7500435260527.0,Alginac Retard 10 Comprimidos Procter,"37,17","33,89",-8.8%,"33,89",-8.8%
São João,Disponível,390.0,14,7896637023979.0,Alois Duo 10+20mg 30 Comprimidos Revestidos Apsen (C1),"132,71","132,71",-0.0%,"132,71",-0.0%
São João,Esgotado,390.0,16,0.0,Benegrip Multi Noite 800mg/20mg 20 Comprimidos,0,0,0,0,0
São João,Disponível,390.0,13,7896641803871.0,Neosaldina 30 Drágeas Hypera Pharma,"30,30","30,30",-0.0%,"30,30",-0.0%
São João,Disponível,390.0,13,7898569760458.0,Vortioxetina 15mg 30 Comprimidos Revestidos Genérico Althaia (C1),"60,68","19,90",-67.2%,"19,90",-67.2%
São João,Disponível,390.0,13,7896004715902.0,Lidocaína 50mg Genérico EMS Pomada Dermatológica 25g,"15,06","10,49",-30.3%,"10,49",-30.3%
São João,Disponível,389.0,14,7896004715032.0,Miorrelax 300mg/50mg/35mg 10 Comprimidos,"21,90","20,59",-6.0%,"20,59",-6.0%
São João,Disponível,389.0,14,7896523200972.0,Escitalopram 20mg 30 Comprimidos Revestidos Genérico Biosintética (C1),"96,49","13,63",-85.9%,"13,63",-85.9%
São João,Disponível,389.0,14,7896422507295.0,Cetoprofeno 150mg Genérico Medley 10 Comprimidos Revestidos,"45,22","30,59",-32.4%,"30,59",-32.4%
São João,Disponível,389.0,14,7896112486787.0,Bravan 80mg 30 Comprimidos Revestidos Aché,"56,60","5,80",-89.8%,"5,80",-89.8%
São João,Disponível,389.0,13,7896004731582.0,Escitalopram 20mg 30 Comprimidos Revestidos Genérico EMS (C1),"169,07","28,90",-82.9%,"28,90",-82.9%
São João,Disponível,389.0,14,7896658027703.0,Kalist 2mg 28 Comprimidos,"65,89","55,99",-15.0%,"55,99",-15.0%
São João,Disponível,389.0,13,7896637023979.0,Axonium 10mg 30 Comprimidos Aché (C1),"132,71","132,71",-0.0%,"132,71",-0.0%
São João,Esgotado,389.0,15,0.0,Elidel Creme Biolab 15g,0,0,0,0,0
São João,Disponível,389.0,15,7891158101687.0,Revoc 100mg 30 Comprimidos Revestidos Abbott (C1),"279,50","279,50",-0.0%,"279,50",-0.0%
São João,Disponível,389.0,14,7896548197554.0,Pred Solução Oftálmica 5ml,"52,63","46,79",-11.1%,"46,79",-11.1%
São João,Disponível,389.0,15,7896004786117.0,Cloridrato De Tizanidina 2mg Genérico Ranbaxy 30 Comprimidos,"108,77","69,90",-35.7%,"69,90",-35.7%
São João,Disponível,389.0,14,7896004716497.0,Dicloridrato De Hidroxizina 2mg/ml Solução Oral Genérico Germed 120ml,"22,70","7,99",-64.8%,"7,99",-64.8%
São João,Esgotado,388.0,14,0.0,Cosopt Solução Oftálmica 5ml Mundipharma,0,0,0,0,0
São João,Disponível,388.0,15,7896523227573.0,Alergaliv Loratadina Legrand 10mg 15 Comprimidos,"22,83","5,99",-73.8%,"5,99",-73.8%
São João,Disponível,388.0,12,7894916515764.0,Aval 160mg 30 Comprimidos Revestidos Supera,"52,75","52,75",-0.0%,"52,75",-0.0%
São João,Esgotado,388.0,14,0.0,Fenaflan Ice Aerossol Teuto 150ml,0,0,0,0,0
São João,Disponível,388.0,14,7898148300556.0,Azitromicina 1g 1 Comprimido Revestido Genérico Prati,"28,41","25,89",-8.9%,"25,89",-8.9%
São João,Esgotado,388.0,14,0.0,Flutivate Creme 30g,0,0,0,0,0
São João,Disponível,388.0,15,7896637031516.0,Inzelm 20mg 30 Comprimidos,"131,36","131,36",-0.0%,"131,36",-0.0%
São João,Disponível,388.0,13,7891721014741.0,Janumet 50+850Mg 56 Comprimidos Merck,"48,22","42,09",-12.7%,"42,09",-12.7%
São João,Disponível,388.0,12,7891268100228.0,Alevo 500mg 10 Comprimidos Supera,"69,59","58,89",-15.4%,"58,89",-15.4%
São João,Esgotado,388.0,14,0.0,Cebion Zinco + Vitamina D 1g + 10 + 10mg 30 Comprimidos Efervescentes Procter,0,0,0,0,0
São João,Disponível,388.0,14,7898569760267.0,Telmisartana 80mg Genérico Althaia 30 Comprimidos,"40,38","24,19",-40.1%,"24,19",-40.1%
São João,Disponível,388.0,13,7896004706382.0,Amoxicilina 875mg 14 Comprimidos Revestidos Genérico EMS,"82,67","44,90",-45.7%,"44,90",-45.7%
São João,Disponível,388.0,14,7899547513219.0,Tadalafila 20mg Genérico Prati 4 Comprimidos Revestidos,"30,11","12,99",-56.9%,"12,99",-56.9%
São João,Disponível,388.0,13,7896658027130.0,Bravan Duo 160+10mg 30 Comprimidos Revestidos Aché,"131,87","106,99",-18.9%,"106,99",-18.9%
São João,Esgotado,388.0,14,0.0,Gel Reparil Mylan 30g,0,0,0,0,0
São João,Disponível,387.0,14,7896241293669.0,Vytorin 10+20mg 30 Comprimidos Organon,"39,75","29,79",-25.1%,"29,79",-25.1%
São João,Esgotado,387.0,16,0.0,Celestone Soluspan 1x1ml Ampola Mantecorp,0,0,0,0,0
São João,Disponível,387.0,13,7896241270400.0,Drenison N Creme Biolab 30g,"44,52","39,89",-10.4%,"39,89",-10.4%
São João,Disponível,387.0,13,7894916503082.0,Konduz 75mg 56 Cápsulas Sigma Pharma (C1),"141,98","113,58",-20.0%,"113,58",-20.0%
São João,Disponível,387.0,13,7891106904582.0,Livalo 2mg 60 Comprimidos Biolab,"73,39","60,99",-16.9%,"60,99",-16.9%
São João,Esgotado,387.0,13,0.0,Cibex 200mg 10cap Supera (C1),0,0,0,0,0
São João,Esgotado,387.0,14,0.0,"Cetoconazol 20mg + Dipropionato De Betametasona 0,64mg + Sulfato De Neomicina 2,5mg Genérico Medley",0,0,0,0,0
São João,Disponível,387.0,15,7894916500869.0,Sustrate 10mg 50 Comprimidos FQM,"76,21","65,19",-14.5%,"65,19",-14.5%
São João,Disponível,387.0,14,7896026170475.0,Enxaguante Bucal Malvatricin PPU 250ml,"40,77","38,49",-5.6%,"38,49",-5.6%
São João,Esgotado,387.0,14,0.0,"Pomada Oftálmica Tobrex 3,5g Novartis",0,0,0,0,0
São João,Esgotado,387.0,14,0.0,Florax SM Adulto Uva Solução Oral 5 Flaconetes de 5ml,0,0,0,0,0
São João,Disponível,387.0,13,7795320008821.0,Trok G Creme Dermatológico 30g,"50,17","44,69",-10.9%,"44,69",-10.9%
São João,Disponível,387.0,13,7896658015106.0,Ekson 200+50mg 30 Comprimidos Aché,"126,62","102,53",-19.0%,"102,53",-19.0%
São João,Esgotado,387.0,16,0.0,Anador 1g 10 Comprimidos,0,0,0,0,0
São João,Disponível,387.0,13,7896006290216.0,Artelac Solução Oftálmica 10ml,"47,65","40,79",-14.4%,"40,79",-14.4%
São João,Esgotado,387.0,14,0.0,Sonrisal Limão 2 Comprimidos GSK AV*,0,0,0,0,0
São João,Esgotado,387.0,13,0.0,Fexofenadina 6mg/ml 60ml Vitamedic,0,0,0,0,0
São João,Esgotado,387.0,13,0.0,"Zeel Composto Solução Injetável 10 Ampolas 2,0ml Heel",0,0,0,0,0
São João,Disponível,386.0,14,7896714205182.0,Cloridrato De Sotalol 160mg Genérico Sandoz 30 Comprimidos,"6,86","4,99",-27.3%,"4,99",-27.3%
São João,Disponível,386.0,13,7896004705330.0,Nistatina Genérico EMS Solução Oral 50ml,"17,65","10,90",-38.2%,"10,90",-38.2%
São João,Disponível,386.0,15,7908134200552.0,Slinda Exeltis 4mg 72 Comprimidos + 12 Placebos,"307,85","244,19",-20.7%,"244,19",-20.7%
São João,Esgotado,386.0,13,0.0,Prolia 60mg 1ml Inj 1Ser Preench Amgen,0,0,0,0,0
São João,Esgotado,386.0,14,0.0,Xarope Dexclor Mais Betametasona 120ml Celergin EMS,0,0,0,0,0
São João,Disponível,386.0,13,7891721201806.0,Glifage XR 1g 30 Comprimidos Merck,"11,81","8,49",-28.1%,"8,49",-28.1%
São João,Disponível,386.0,16,7891158101687.0,Biquiz 10mg 30 Comprimidos Revestidos Supera (C1),"279,50","279,50",-0.0%,"279,50",-0.0%
São João,Esgotado,386.0,12,0.0,Ambroxmel 3mg 120ml Infantil Cimed,0,0,0,0,0
São João,Esgotado,386.0,14,0.0,Ibuprotrat Solução Oral 50mg 30ml Framboesa Natulab,0,0,0,0,0
São João,Disponível,386.0,13,7896004715971.0,Azitromicina 600mg 15ml Genérico Prati,"79,28","24,49",-69.1%,"24,49",-69.1%
São João,Disponível,386.0,12,7896523210070.0,Hidroclorotiazida 25mg Genérico Cimed 30 Comprimidos,"6,53","3,69",-43.5%,"3,69",-43.5%
São João,Disponível,386.0,14,7897595635655.0,Succi Solifenacina 10mg 30 Comprimidos Revestidos Genérico Ranbaxy,"240,05","99,90",-58.4%,"99,90",-58.4%
São João,Disponível,386.0,15,7896637023979.0,Duepoli 500mg 30 Comprimido  Apsen (C1),"132,71","132,71",-0.0%,"132,71",-0.0%
São João,Disponível,385.0,14,7896422504652.0,Zinpass Eze 40mg/10mg 30 Comprimidos Revestidos,"183,70","149,79",-18.5%,"149,79",-18.5%
São João,Disponível,385.0,15,7896241248287.0,"Level Biolab 0,1mg + 0,02mg 21 Comprimidos Revestidos","30,15","26,79",-11.1%,"26,79",-11.1%
São João,Disponível,385.0,13,7891268100228.0,Cod Supera 30mg 30 Comprimidos (A2),"69,59","58,89",-15.4%,"58,89",-15.4%
São João,Disponível,385.0,14,7896523216812.0,Histadin D 5mg/120mg 12 Comprimidos,"19,90","19,90",-0.0%,"19,90",-0.0%
São João,Disponível,385.0,13,7896637031608.0,Inilok 40mg 90 Comprimidos Revestidos,"154,89","125,09",-19.2%,"125,09",-19.2%
São João,Disponível,385.0,13,7896015516703.0,Clavulin 250Mg 100Ml Gsk,"161,17","161,17",-0.0%,"161,17",-0.0%
São João,Disponível,385.0,15,7894916510011.0,"Micardis Hct 80+12,5Mg 30 Comprimidos Boehringer","106,25","106,25",-0.0%,"106,25",-0.0%
São João,Disponível,385.0,15,7896523200286.0,Mirtazapina 30mg 30 Comprimidos Orodispersíveis Genérico Cimed (C1),"173,61","89,90",-48.2%,"89,90",-48.2%
São João,Disponível,385.0,12,7896241293669.0,Prolopa 100mg/25mg 30 Comprimidos,"39,75","29,79",-25.1%,"29,79",-25.1%
São João,Disponível,385.0,12,7896004715032.0,"Iziz 2,5mg/1,5mg 28 Comprimidos","21,90","20,59",-6.0%,"20,59",-6.0%
São João,Esgotado,385.0,14,0.0,"Desloratadina 1,25mg/ml 20ml Genérico Cifarma",0,0,0,0,0
São João,Esgotado,385.0,15,0.0,"Rocefin IM 1G Injeção 1X3,5Ml Roche",0,0,0,0,0
São João,Disponível,384.0,14,7896004701820.0,Diclofenaco Potássico Genérico Teuto 50mg 20 Comprimidos,"28,48","16,39",-42.5%,"16,39",-42.5%
São João,Disponível,384.0,15,7891317482541.0,Antara 750mg 30 Comprimidos Revestidos Eurofarma (C1),"1110,02","149,99",-86.5%,"149,99",-86.5%
São João,Disponível,384.0,16,7896004706795.0,Olmesartana Genérico EMS 40mg 30 Comprimidos Revestidos,"21,73","3,90",-82.1%,"3,90",-82.1%
São João,Disponível,384.0,12,7897595633675.0,Bissulfato De Clopidogrel 75mg Genérico Novartis 28 Comprimidos Revestidos,"67,46","29,99",-55.5%,"29,99",-55.5%
São João,Disponível,384.0,12,7896004729640.0,Rosuvastatina 10mg 30 Comprimidos Revestidos Genérico EMS,"113,61","19,90",-82.5%,"19,90",-82.5%
São João,Esgotado,384.0,14,0.0,Ablok 100mg 30 Comprimidos Biolab,0,0,0,0,0
São João,Disponível,384.0,13,7896637022835.0,Olmy Anlo 40mg/5mg 30 Comprimidos Revestidos,"62,81","33,90",-46.0%,"33,90",-46.0%
São João,Disponível,383.0,13,7896637023658.0,Fitocalm 20 Comprimidos Revestidos,"20,15","20,15",-0.0%,"20,15",-0.0%
São João,Disponível,383.0,13,7896004784083.0,Cilostazol 100mg 30 Comprimidos Genérico EMS,"90,64","49,90",-44.9%,"49,90",-44.9%
São João,Disponível,383.0,13,7899547524772.0,Sildenafila Genérico Prati 50mg 2 Comprimidos Revestidos,"15,56","5,99",-61.5%,"5,99",-61.5%
São João,Disponível,383.0,13,7896094930735.0,Neosaldina Muscular 20 Comprimidos Hypera Pharma,"14,77","12,85",-13.0%,"12,85",-13.0%
São João,Esgotado,383.0,15,0.0,Sonrisal GSK 2 Comprimidos Efervescentes,0,0,0,0,0
São João,Esgotado,383.0,12,0.0,"Strepsils Mel e Limão 8,75mg 8 Pastilhas",0,0,0,0,0
São João,Disponível,383.0,13,7896253902122.0,Piascledine 300Mg 30 Cápsulas Abbott,"89,32","74,29",-16.8%,"74,29",-16.8%
São João,Esgotado,383.0,14,0.0,Bacfar F 100ml Elofar,0,0,0,0,0
São João,Disponível,383.0,14,7896658000393.0,Gaeso 40mg 28 Comprimidos,"56,36","49,09",-12.9%,"49,09",-12.9%
São João,Esgotado,383.0,13,0.0,Sabonete Líquido Íntimo Proctoderm 100ml,0,0,0,0,0
São João,Disponível,383.0,14,7896637031509.0,Invokana 300mg 30 Comprimidos Janssen,"72,96","72,96",-0.0%,"72,96",-0.0%
São João,Disponível,383.0,12,7896004767130.0,Zolpidem 10mg 30 Comprimidos Revestidos Genérico Cimed (B1),"80,49","19,90",-75.3%,"19,90",-75.3%
São João,Disponível,383.0,14,7896181920410.0,Myrbetric 50mg 30 Comprimidos Revestidos,"14,94","5,70",-61.8%,"5,70",-61.8%
São João,Disponível,383.0,14,7896004706313.0,Piroxicam 20mg 10 Comprimidos Genérico EMS,"27,79","10,21",-63.3%,"10,21",-63.3%
São João,Disponível,383.0,13,7891045031493.0,Elifore 50mg 28 Comprimidos Revestidos Pfizer (C1),"195,02","117,01",-40.0%,"117,01",-40.0%
São João,Esgotado,383.0,13,0.0,Lidosporin Solução Otológica FQM 10ml,0,0,0,0,0
São João,Esgotado,383.0,13,0.0,Calminex Ice Gel Instantâneo Hypera Pharma 170g,0,0,0,0,0
São João,Disponível,383.0,14,7891317177645.0,"Primera 20 0,150mg/0,020mg 21 Comprimidos","44,50","38,49",-13.5%,"38,49",-13.5%
São João,Disponível,383.0,14,7896281152018.0,Carlit XR 450mg 30 Comprimidos Supera (C1),"251,12","198,00",-21.2%,"198,00",-21.2%
São João,Disponível,383.0,14,7894916502641.0,Rohydorm 1mg 30 Comprimidos Revestidos Sigma Pharma (B1),"45,40","40,09",-11.7%,"40,09",-11.7%
São João,Esgotado,383.0,14,0.0,Voltaren Retard 100mg 10 Comprimidos Novartis,0,0,0,0,0
São João,Disponível,383.0,13,7896004766997.0,Xanev Rivaroxabana 10mg 30 Comprimidos Revestidos Mylan,"271,97","59,90",-78.0%,"59,90",-78.0%
São João,Disponível,383.0,14,7896637022767.0,Reconter 10mg 60 Comprimidos Revestidos,"61,13","52,09",-14.8%,"52,09",-14.8%
São João,Esgotado,383.0,14,0.0,Ibuprofeno 400mg 4 Cápsulas Ibuliv SEM Avulso,0,0,0,0,0
São João,Esgotado,382.0,14,0.0,Pilocarpina 2% Solução Oftálmica 10ml,0,0,0,0,0
São João,Esgotado,382.0,13,0.0,Lipanon 250mg 60 Comprimidos Liberação Retardada Hypermarcas,0,0,0,0,0
São João,Disponível,382.0,14,7891317177652.0,Pondera 20mg 30 Comprimidos Revestidos,"93,49","77,49",-17.1%,"77,49",-17.1%
São João,Disponível,382.0,14,7899095238671.0,Escitalopram 20mg 30 Comprimidos Revestidos Genérico Novartis (C1),"69,32","29,90",-56.9%,"29,90",-56.9%
São João,Esgotado,382.0,13,0.0,Britens 5ml União Química,0,0,0,0,0
São João,Disponível,382.0,14,7898074614857.0,Paco 500mg/30mg 36 Comprimidos,"66,32","59,49",-10.3%,"59,49",-10.3%
São João,Disponível,382.0,13,7896255713160.0,Divalcon ER 500mg 30 Comprimidos Revestidos Abbott (C1),"66,77","53,42",-20.0%,"53,42",-20.0%
São João,Disponível,382.0,14,7896658038709.0,Pant 50mg/ml Sol Capi 3 frascos 50ml+1 válvula spray,"109,13","95,19",-12.8%,"95,19",-12.8%
São João,Disponível,382.0,13,7896472520381.0,"Meloxicam 7,5mg 10 Comprimidos Genérico Nova Química","67,70","34,90",-48.4%,"34,90",-48.4%
São João,Disponível,382.0,12,7898216360727.0,Secfar 1000Mg 2 Comprimidos Elofar,"22,94","14,90",-35.0%,"14,90",-35.0%
São João,Disponível,382.0,14,7896637022767.0,Lacto-Purga 5mg 6 Comprimidos Revestidos,"61,13","52,09",-14.8%,"52,09",-14.8%
São João,Disponível,382.0,14,7891317452650.0,Creme Dipropionato de Betametasona + Sulfato de Gentamicina 30g Genérico EMS,"33,20","30,29",-8.8%,"30,29",-8.8%
São João,Disponível,382.0,14,7896004718446.0,Diclofenaco Resinato Solução Oral 20ml Genérico EMS,"16,59","10,09",-39.2%,"10,09",-39.2%
São João,Esgotado,382.0,13,0.0,Novolin N U-100 10 mL Novo Nordisk,0,0,0,0,0
São João,Disponível,382.0,14,7896004749624.0,Nesina Pio 25+30Mg 30 Comprimidos Revestidos Takeda,"118,13","24,90",-78.9%,"24,90",-78.9%
São João,Disponível,382.0,13,7896004715032.0,Doralgina 30mg/300mg/30mg 4 Comprimidos,"21,90","20,59",-6.0%,"20,59",-6.0%
São João,Disponível,382.0,16,7891317444952.0,Tâmisa 20 75mcg/20mcg 63 Comprimidos Revestidos,"93,45","77,49",-17.1%,"77,49",-17.1%
São João,Disponível,382.0,13,7896004700533.0,Enalapril 10mg 30 Comprimidos Genérico EMS,"25,13","7,09",-71.8%,"7,09",-71.8%
São João,Disponível,382.0,15,7898169080642.0,Dermacerium 30G Silvestre,"70,86","60,99",-13.9%,"60,99",-13.9%
São João,Disponível,382.0,12,7896004784083.0,Betaistina 24mg 30 Comprimidos Genérico Biosintética,"90,64","49,90",-44.9%,"49,90",-44.9%
São João,Disponível,382.0,13,7896523201887.0,Dipirona 1g Genérico Cimed 10 Comprimidos,"27,67","5,99",-78.4%,"5,99",-78.4%
São João,Disponível,381.0,15,7897595622037.0,Aciclovir 200mg 50 Comprimidos Genérico Sandoz,"55,46","39,90",-28.1%,"39,90",-28.1%
São João,Esgotado,381.0,12,0.0,Castanha da Índia Composta 30 Drágeas,0,0,0,0,0
São João,Esgotado,381.0,15,0.0,Canabidiol 100mg/ml 30ml Ease Labs (B1),0,0,0,0,0
São João,Esgotado,381.0,13,0.0,Fiber Mais Laranja 170g Nestle,0,0,0,0,0
São João,Disponível,381.0,13,7896004703466.0,Impere 5mg 30 Comprimidos Revestidos EMS,"133,92","52,39",-60.9%,"52,39",-60.9%
São João,Disponível,381.0,13,7896637022767.0,Dolamin 125mg 16 Comprimidos Revestidos FQM,"61,13","52,09",-14.8%,"52,09",-14.8%
São João,Esgotado,381.0,16,0.0,"Nasoar Lota 0,9% 15 Envelopes Myralis",0,0,0,0,0
São João,Esgotado,381.0,15,0.0,"Systen Sequi 3,2+11,2mg 4 Adesivos Theramex",0,0,0,0,0
São João,Disponível,381.0,14,7896637031608.0,Livalo 2mg 30 Comprimidos Revestidos,"154,89","125,09",-19.2%,"125,09",-19.2%
São João,Esgotado,381.0,13,0.0,Bromelin Z 100ml Hebron,0,0,0,0,0
São João,Esgotado,381.0,15,0.0,Prazol 30mg 28 Cápsulas Cellera,0,0,0,0,0
São João,Esgotado,381.0,13,0.0,Azi Suspensão Oral Sigma Pharma 600mg,0,0,0,0,0
São João,Disponível,381.0,14,7896658005305.0,Flogoral Spray Cereja 30ml Aché,"42,28","39,19",-7.3%,"39,19",-7.3%
São João,Disponível,381.0,14,7891317177652.0,Keppra 250mg 30 Comprimidos Revestidos,"93,49","77,49",-17.1%,"77,49",-17.1%
São João,Disponível,381.0,14,7896714267241.0,Hidroclorotiazida 25mg Genérico Neo Química 30 Comprimidos,"6,94","4,99",-28.1%,"4,99",-28.1%
São João,Disponível,381.0,15,7897595602589.0,Concor Anlo 5mg/5mg 30 Comprimidos,"27,40","6,99",-74.5%,"6,99",-74.5%
São João,Esgotado,381.0,13,0.0,Preni Solução 3mg/ml 120ml Eurofarma,0,0,0,0,0
São João,Disponível,381.0,13,7896004730981.0,Citalopram 20mg 30 Comprimidos Revestidos Genérico EMS (C1),"64,06","26,90",-58.0%,"26,90",-58.0%
São João,Disponível,381.0,13,7896181922711.0,"Ciproterona + Etinilestradiol 2 + 0,35 mg 21 Comprimidos Revestidos Genérico Biosintética","65,29","26,09",-60.0%,"26,09",-60.0%
São João,Disponível,381.0,14,7891317177652.0,"Picbam 2,5mg 60 Comprimidos Revestidos Mantecorp","93,49","77,49",-17.1%,"77,49",-17.1%
São João,Disponível,380.0,13,7896112492740.0,Triazol Biolab 150mg 1 Cápsula,"38,17","33,99",-11.0%,"33,99",-11.0%
São João,Disponível,380.0,14,7896094210295.0,"Feminique 20 3+0,02mg 24 Comprimidos Revestidos Ache","243,34","170,34",-30.0%,"170,34",-30.0%
São João,Disponível,380.0,12,7896658005305.0,ABC Spray Hertz Clotrimazol 30ml,"42,28","39,19",-7.3%,"39,19",-7.3%
São João,Disponível,380.0,13,7896004775043.0,Aciclovir 400mg 30 Comprimidos Genérico EMS,"207,20","99,00",-52.2%,"99,00",-52.2%
São João,Disponível,380.0,13,7896006231127.0,Fenobarbital 100mg 30 Comprimidos Genérico União Química,"91,78","46,90",-48.9%,"46,90",-48.9%
São João,Esgotado,380.0,14,0.0,Magmilk 350ml Tradicional,0,0,0,0,0
São João,Disponível,380.0,13,7896255713160.0,Divalcon ER 250mg 30 Comprimidos Revestidos Abbott (C1),"66,77","53,42",-20.0%,"53,42",-20.0%
São João,Esgotado,380.0,12,0.0,Multi-Bi 335mg 10 Cápsulas,0,0,0,0,0
São João,Disponível,380.0,13,7891158101656.0,Xumer 90mg 7 Comprimidos Revestidos Adium (C1),"145,18","145,18",-0.0%,"145,18",-0.0%
São João,Disponível,380.0,12,7894916515764.0,Senes 10mg 30 Comprimidos Revestidos Supera (C1),"52,75","52,75",-0.0%,"52,75",-0.0%
São João,Disponível,380.0,13,7896637023658.0,Fenergan 25mg 20 Comprimidos Revestidos,"20,15","20,15",-0.0%,"20,15",-0.0%
São João,Esgotado,379.0,13,0.0,Kalist Dienogeste 2mg 84 Comprimidos Aché,0,0,0,0,0
São João,Esgotado,379.0,14,0.0,Fentizol CR 20g Aché,0,0,0,0,0
São João,Esgotado,379.0,12,0.0,"Atacand Hct 8+12,5Mg 30 Cápsulas Astrazeneca",0,0,0,0,0
São João,Disponível,379.0,16,7896658030284.0,Soanza XR 35mg 60 Comprimidos Aché,"124,93","103,59",-17.1%,"103,59",-17.1%
São João,Disponível,379.0,16,7896637023665.0,"Minian 0,150mg/0,02mg 21 Comprimidos Revestidos","22,44","22,44",-0.0%,"22,44",-0.0%
São João,Disponível,379.0,13,7896112121282.0,Leps ER 250mg 30 Comprimidos Revestidos Torrent (C1),"61,49","29,09",-52.7%,"29,09",-52.7%
São João,Disponível,379.0,15,7896658000379.0,Prelone 20mg 10 Comprimidos Aché,"34,57","30,49",-11.8%,"30,49",-11.8%
São João,Disponível,379.0,15,7896422525190.0,Sildenafil 50mg 4 Comprimidos Revestidos Genérico Cimed,"19,10","9,90",-48.2%,"9,90",-48.2%
São João,Disponível,379.0,15,7895296087032.0,Bilastina 20Mg 30 Comprimidos Genérico Neo Quimica,"85,88","19,90",-76.8%,"19,90",-76.8%
São João,Esgotado,379.0,13,0.0,Bio 5 30 Sachês Genom,0,0,0,0,0
São João,Disponível,379.0,12,7896181920410.0,Tunta 300mg 30 Comprimidos Revestidos Eurofarma,"14,94","5,70",-61.8%,"5,70",-61.8%
São João,Esgotado,379.0,15,0.0,"Dutam 0,5mg/0,4mg 30 Cápsulas",0,0,0,0,0
São João,Esgotado,379.0,14,0.0,Zofran 2mg/ml Sol Inj 5Amp 2ml Sandoz,0,0,0,0,0
São João,Disponível,379.0,12,7896523216812.0,"Natifa 1mg/0,5mg 28 Comprimidos","19,90","19,90",-0.0%,"19,90",-0.0%
São João,Disponível,379.0,13,7896548197967.0,Zypred Suspensão Oftamológica 6Ml Allergan,"110,72","88,58",-20.0%,"88,58",-20.0%
São João,Disponível,379.0,15,7896676435214.0,Cetrolac Solução Oftalmológica 5ml,"27,27","25,69",-5.8%,"25,69",-5.8%
São João,Esgotado,379.0,15,0.0,Hidrocin 20Ml Ache,0,0,0,0,0
São João,Esgotado,378.0,12,0.0,Pomada Daivonex Roche 30g Leofarma,0,0,0,0,0
São João,Disponível,378.0,13,7894916500777.0,Gabaneurin 400mg 30 Cápsulas Sigma Pharma (C1),"94,66","77,29",-18.3%,"77,29",-18.3%
São João,Esgotado,378.0,14,0.0,Ipratrópio Genérico Prati 20ml,0,0,0,0,0
São João,Disponível,378.0,13,7891106001946.0,Aspirina Microativa 500mg 4 Comprimidos Revestidos Bayer Avulso,"24,17","22,29",-7.8%,"22,29",-7.8%
São João,Disponível,378.0,14,7896112425328.0,Pantogar 60 Cápsulas,"113,90","96,69",-15.1%,"96,69",-15.1%
São João,Esgotado,378.0,12,0.0,Nuromol Analgésico 200mg/500mg 12 Comprimidos,0,0,0,0,0
São João,Esgotado,378.0,13,0.0,Fisiocrem Active 30ml,0,0,0,0,0
São João,Disponível,378.0,15,7896422515023.0,Bromazepam 6mg Genérico Medley 30 Comprimidos (B1),"34,31","19,90",-42.0%,"19,90",-42.0%
São João,Disponível,378.0,14,7896004704999.0,Dexclorfeniramina 120ml Genérico Medley,"24,20","18,59",-23.2%,"18,59",-23.2%
São João,Disponível,378.0,13,7896181920410.0,Keppra 750mg 60 Comprimidos Revestidos UCB (C1),"14,94","5,70",-61.8%,"5,70",-61.8%
São João,Disponível,378.0,16,7896637023665.0,Kaloba 111mg 21 Comprimidos Revestidos,"22,44","22,44",-0.0%,"22,44",-0.0%
São João,Esgotado,378.0,15,0.0,Sibus 10mg 30 Cápsulas Dura Eurofarma,0,0,0,0,0
São João,Disponível,378.0,18,7896637022835.0,Bravan Duo 320+5mg 30 Comprimidos Revestidos Aché,"62,81","33,90",-46.0%,"33,90",-46.0%
São João,Disponível,378.0,13,7896658000379.0,Zastat 20mg 10 Comprimidos Aché,"34,57","30,49",-11.8%,"30,49",-11.8%
São João,Disponível,378.0,12,7891317425869.0,Viagra 50mg 2 Comprimidos Revestidos,"14,53","14,53",-0.0%,"14,53",-0.0%
São João,Disponível,378.0,13,7898060134246.0,Loperamida 2mg 12 Comprimidos Genérico Globo,"39,95","23,90",-40.2%,"23,90",-40.2%
São João,Disponível,377.0,13,7896637031509.0,Maracugina Pi 420mg 20 Comprimidos,"72,96","72,96",-0.0%,"72,96",-0.0%
São João,Esgotado,377.0,16,0.0,Depakote SPR 125mg 60 Cápsulas Abbott (C1),0,0,0,0,0
São João,Disponível,377.0,12,7891058005665.0,Piroxicam 20mg 10 Comprimidos Genérico Germed,"22,13","12,90",-41.7%,"12,90",-41.7%
São João,Esgotado,377.0,14,0.0,Probiatop Pó para Solução Oral 30 Sachês de 1g,0,0,0,0,0
São João,Disponível,377.0,13,7895858010362.0,Imuran 50mg 50 Comprimidos Revestidos Aspen,"286,36","229,09",-20.0%,"229,09",-20.0%
São João,Disponível,377.0,13,7896637022767.0,Entresto 49mg/51mg 60 Comprimidos Revestidos,"61,13","52,09",-14.8%,"52,09",-14.8%
São João,Disponível,377.0,15,7896004704999.0,Dexclorfeniramina Xarope 120ml Genérico EMS,"24,20","18,59",-23.2%,"18,59",-23.2%
São João,Disponível,377.0,13,7891317425869.0,Epez 5mg 30 Comprimidos Revestidos Torrent (C1),"14,53","14,53",-0.0%,"14,53",-0.0%
São João,Disponível,377.0,15,7896226500386.0,Bactrim 400mg/80mg 20 Comprimidos,"37,61","26,99",-28.2%,"26,99",-28.2%
São João,Esgotado,377.0,13,0.0,"Simbioflora Multi 15 Sachês X 6,7g FMQ",0,0,0,0,0
São João,Disponível,377.0,14,7899095236400.0,Ibuprofeno 100mg 20ml Genérico Germed,"21,08","10,49",-50.2%,"10,49",-50.2%
São João,Esgotado,377.0,13,0.0,Zinnat 250mg 70ml Sandoz,0,0,0,0,0
São João,Esgotado,377.0,12,0.0,Arcoxia 90mg 7 Comprimidos Supera (C1),0,0,0,0,0
São João,Disponível,377.0,13,7896637037617.0,Alois 20mg 30 Comprimidos Revestidos Apsen (C1),"152,08","152,08",-0.0%,"152,08",-0.0%
São João,Disponível,377.0,14,7895296446211.0,"Xarope Desloratadina 0,5mg/ml 60ml Genérico EMS","54,77","19,90",-63.7%,"19,90",-63.7%
São João,Esgotado,377.0,13,0.0,Xarope Cimetosse 120ml Mel e Menta Cimed,0,0,0,0,0
São João,Disponível,377.0,14,7896112121039.0,Lacosamida 200mg 30 Comprimidos Revestidos Genérico Torrent (C1),"293,63","99,90",-66.0%,"99,90",-66.0%
São João,Disponível,377.0,15,7898029558809.0,"Olmecor Triplo 20+5+12,5mg 30 comprimidos revestidos Torrent","100,61","81,09",-19.4%,"81,09",-19.4%
São João,Disponível,377.0,15,7896241293669.0,Naprix 10mg 30 Comprimidos,"39,75","29,79",-25.1%,"29,79",-25.1%
São João,Disponível,377.0,13,7891317129781.0,Preni 5mg 10 Comprimidos Eurofarma,"249,06","199,89",-19.7%,"199,89",-19.7%
São João,Disponível,376.0,12,7896422506243.0,Dipirona 100ml Solução Genérico Germed,"27,07","17,99",-33.5%,"17,99",-33.5%
São João,Disponível,376.0,14,7896523215754.0,Digeliv Apsen 400FCC 30 Comprimidos Mastigáveis,"26,82","17,90",-33.3%,"17,90",-33.3%
São João,Disponível,376.0,15,7891317177645.0,"Quera 0,25mg 30 Comprimidos Cristália (C1)","44,50","38,49",-13.5%,"38,49",-13.5%
São João,Disponível,376.0,15,7896004821153.0,Aipri 10mg 30 Comprimidos Revestidos Mantecorp (C1),"130,45","49,90",-61.7%,"49,90",-61.7%
São João,Esgotado,376.0,13,0.0,Quepsia LP 300mg 30 Comprimidos Momenta (C1),0,0,0,0,0
São João,Esgotado,376.0,14,0.0,Quelatus Mind 60 Cápsulas Momenta,0,0,0,0,0
São João,Esgotado,376.0,14,0.0,Vick Pyrena 5g Envelope Camomila AV*,0,0,0,0,0
São João,Esgotado,376.0,14,0.0,Emistin Creme EMS 20g,0,0,0,0,0
São João,Disponível,376.0,14,7896004709413.0,Cetoconazol + Betametasona Pomada Dermatológica 30g Genérico Medley,"31,71","27,09",-14.6%,"27,09",-14.6%
São João,Disponível,376.0,14,7896004747880.0,Celecoxibe 200mg 10 Cápsulas Genérico EMS (C1),"52,64","26,99",-48.7%,"26,99",-48.7%
São João,Disponível,376.0,13,7896422511728.0,Albendazol Comprimido Mastigável Genérico Prati 400mg 1 Unidade,"9,76","4,99",-48.9%,"4,99",-48.9%
São João,Esgotado,376.0,14,0.0,Espinheira Santa 380mg 45 Cápsulas,0,0,0,0,0
São João,Disponível,376.0,12,7896181906582.0,Infoc 75mg 30 Comprimidos Biosintética (C1),"23,78","7,43",-68.8%,"7,43",-68.8%
São João,Disponível,376.0,12,7896658008849.0,Hedd 10mg 30 Comprimidos FQM (C1),"33,99","30,09",-11.5%,"30,09",-11.5%
São João,Esgotado,376.0,14,0.0,Novotram 100mg 10ml Gotas Hypermarchas (A2),0,0,0,0,0
São João,Esgotado,376.0,16,0.0,20BI 10 Cápsulas Momenta Novo,0,0,0,0,0
São João,Esgotado,375.0,12,0.0,Óleo Essencial Therapi 10ml Lavabo,0,0,0,0,0
São João,Disponível,375.0,14,7896094208674.0,Myrafer C 30mg + 80mg 30 Comprimidos Revestidos Myralis,"182,45","127,72",-30.0%,"127,72",-30.0%
São João,Esgotado,375.0,13,0.0,Atroveran Dip 1g 20 Comprimidos,0,0,0,0,0
São João,Disponível,375.0,15,7896004751641.0,Desogestrel 28 Comprimidos Revestidos Genérico EMS,"37,52","9,99",-73.4%,"9,99",-73.4%
São João,Disponível,375.0,13,7894916515832.0,Viagra 100mg 4 Comprimidos Revestidos,"69,88","69,88",-0.0%,"69,88",-0.0%
São João,Disponível,375.0,13,7891317425869.0,Vesicare 5mg 30 Comprimidos Revestidos,"14,53","14,53",-0.0%,"14,53",-0.0%
São João,Disponível,375.0,13,7896094209510.0,"Venzer HCT 16+12,5mg 30 Comprimidos Revestidos Libbs","156,27","109,39",-30.0%,"109,39",-30.0%
São João,Esgotado,375.0,14,0.0,Keflex Bago 100mg/ml 15ml Gotas,0,0,0,0,0
São João,Disponível,375.0,14,7891317412692.0,Tylenol Bebê Suspensão Oral 15ml,"57,34","52,19",-9.0%,"52,19",-9.0%
São João,Esgotado,375.0,14,0.0,Culturelle Probiótico Maxx 7 Cápsulas Cellera,0,0,0,0,0
São João,Disponível,375.0,13,7891721016165.0,Dispetic 40mg 30 Comprimidos Revestidos Aché,"115,99","115,99",-0.0%,"115,99",-0.0%
São João,Disponível,375.0,12,7894916515764.0,Vellana 100mg 30 Comprimidos Cristália (C1),"52,75","52,75",-0.0%,"52,75",-0.0%
São João,Disponível,375.0,13,7896004715032.0,"Exforge HCT 160+12,5+10mg 28 Comprimidos","21,90","20,59",-6.0%,"20,59",-6.0%
São João,Disponível,375.0,15,7896004773339.0,Pregabalina 75mg 30 Cápsulas Genérico Eurofarma (C1),"110,08","36,90",-66.5%,"36,90",-66.5%
São João,Disponível,375.0,12,7896004706313.0,Prednisona 20mg 10 Comprimidos Genérico EMS,"27,79","10,21",-63.3%,"10,21",-63.3%
São João,Esgotado,375.0,13,0.0,Algésico + Estradiol 150mg + 10mg Injeção Genérico EMS,0,0,0,0,0
São João,Disponível,375.0,13,7896637025362.0,Pomada Motix Dermatológica 50g,"148,92","124,69",-16.3%,"124,69",-16.3%
São João,Disponível,375.0,13,7896004720746.0,Amoxicilina 400mg/ml + Clavulanato De Potássio 57mg/ml Genérico União Quimica 70ml,"102,04","59,90",-41.3%,"59,90",-41.3%
São João,Esgotado,375.0,13,0.0,Betnovate N Creme GSK 30g,0,0,0,0,0
São João,Esgotado,375.0,12,0.0,Promim CR 30g 20 Aplicações Supera,0,0,0,0,0
São João,Disponível,375.0,12,7896658025129.0,Prolive 1 000 000 000UFC 15 Cápsulas,"89,99","89,99",-0.0%,"89,99",-0.0%
São João,Disponível,375.0,12,7894916502641.0,Clo 10mg 30 Comprimidos Revestidos Sigma Pharma (C1),"45,40","40,09",-11.7%,"40,09",-11.7%
São João,Esgotado,375.0,14,0.0,Benzetacil Solução Injetável 1 Frasco-ampola de 4ml,0,0,0,0,0
São João,Disponível,375.0,13,7897595602473.0,Doxiciclina 100mg 15 Comprimidos Revestidos Genérico Pharlab,"57,39","30,79",-46.3%,"30,79",-46.3%
São João,Disponível,375.0,13,7897595634771.0,"Apixabana 2,5mg Genérico NatcoFarma 60 Comprimidos Revestidos","188,41","104,89",-44.3%,"104,89",-44.3%
São João,Disponível,375.0,14,7896658000393.0,Luftal 40mg 20 Comprimidos Reckitt,"56,36","49,09",-12.9%,"49,09",-12.9%
São João,Disponível,375.0,13,7896523216621.0,Aciclovir 200mg 30 Comprimidos Genérico Cimed,"125,72","30,79",-75.5%,"30,79",-75.5%
São João,Disponível,375.0,14,7896004706313.0,AAS Infantil 100mg 10 Comprimidos Genérico EMS,"27,79","10,21",-63.3%,"10,21",-63.3%
São João,Disponível,375.0,13,7896004731285.0,"Carvedilol 6,25mg 30 Comprimidos Genérico EMS","60,51","19,79",-67.3%,"19,79",-67.3%
São João,Esgotado,375.0,12,0.0,Algicod 500+30mg 12 Comprimidos Momenta (A2),0,0,0,0,0
São João,Disponível,375.0,14,7896004750354.0,Olmesartana + HCT 40 + 25mg 30 Comprimidos Revestidos Genérico EMS,"72,30","44,49",-38.5%,"44,49",-38.5%
São João,Disponível,375.0,12,7896070603271.0,Nootropil UCB 800mg 30 Comprimidos Revestidos,"47,57","39,89",-16.1%,"39,89",-16.1%
São João,Disponível,374.0,14,7891142158130.0,Corticorten 20mg 20 Comprimidos,"25,88","22,89",-11.6%,"22,89",-11.6%
São João,Disponível,374.0,15,7894916502641.0,Risedross 150Mg 1 Comprimido Sigma-Pharma,"45,40","40,09",-11.7%,"40,09",-11.7%
São João,Esgotado,374.0,15,0.0,Plantaben 30 Envelopes de 5g,0,0,0,0,0
São João,Esgotado,374.0,12,0.0,Optilar 5mg/ml Solução Oftálmica 5ml Gbió,0,0,0,0,0
São João,Esgotado,374.0,14,0.0,Pomada Diprogenta 30G Mantecorp,0,0,0,0,0
São João,Disponível,374.0,13,7896004821696.0,Captopril 50mg 30 Comprimidos Genérico Germed,"56,31","24,90",-55.8%,"24,90",-55.8%
São João,Esgotado,374.0,13,0.0,Descon 120ml,0,0,0,0,0
São João,Esgotado,374.0,15,0.0,Klaricid 25mg/ml Suspensão Oral 60ml Abbott,0,0,0,0,0
São João,Esgotado,374.0,13,0.0,Lacday 10 000U Fcc Enzima Lactase 30 Comprimidos Mastigáveis,0,0,0,0,0
São João,Disponível,374.0,13,7896006290216.0,Lacrifilm Solução Oftálmica 15ml,"47,65","40,79",-14.4%,"40,79",-14.4%
São João,Esgotado,374.0,12,0.0,Colicaliv Solução Oral 30ml,0,0,0,0,0
São João,Esgotado,374.0,14,0.0,Floratil 250mg em Pó 6 Envelopes,0,0,0,0,0
São João,Esgotado,374.0,14,0.0,Pomada Gelol Dermatológica 20g Hypera Pharma,0,0,0,0,0
São João,Esgotado,374.0,15,0.0,"Lur 0,5mg 60ml Biosintética",0,0,0,0,0
São João,Disponível,374.0,15,7896714274645.0,Sirdalud 2mg 30 Comprimidos Sandoz,"27,78","25,29",-9.0%,"25,29",-9.0%
São João,Disponível,374.0,13,7896676435214.0,Dorzal Legrand Solução Oftalmológica 2% 5ml,"27,27","25,69",-5.8%,"25,69",-5.8%
São João,Esgotado,374.0,15,0.0,Spark solução 100mg/ml 150ml Momenta (C1),0,0,0,0,0
São João,Disponível,374.0,12,7894916508506.0,Ducodil 5mg 20 Comprimidos Revestidos,"68,82","68,82",-0.0%,"68,82",-0.0%
São João,Disponível,374.0,14,7896004784083.0,Bilastina 20mg 30 Comprimidos Genérico Eurofarma,"90,64","49,90",-44.9%,"49,90",-44.9%
São João,Esgotado,374.0,13,0.0,Agoxom 25mg 56 Comprimidos Servier (C1),0,0,0,0,0
São João,Disponível,374.0,14,78905023.0,Leite de Magnésia Original Suspensão Oral 350ml,"33,99","33,99",-0.0%,"33,99",-0.0%
São João,Disponível,374.0,13,7896523201382.0,Esomeprazol 20mg 28 Comprimidos Revestidos Cimed,"262,84","109,90",-58.2%,"109,90",-58.2%
São João,Disponível,374.0,12,7896637031516.0,"Yomax 5,4mg 60 Comprimidos","131,36","131,36",-0.0%,"131,36",-0.0%
São João,Disponível,374.0,13,7896658015113.0,Zastat 40mg 7 Comprimidos Aché,"217,88","198,49",-8.9%,"198,49",-8.9%
São João,Disponível,374.0,13,7896658008801.0,Levoid 75mcg 30 Comprimidos Aché,"27,15","24,29",-10.5%,"24,29",-10.5%
São João,Esgotado,374.0,13,0.0,Cebion Zinco + Vitamina D 1g + 10 + 10mg 10 Comprimidos Efervescentes Procter,0,0,0,0,0
São João,Esgotado,373.0,14,0.0,Gastrol 6 Envelopes Abacaxi Hypera Pharma,0,0,0,0,0
São João,Disponível,373.0,14,7898216360727.0,Secnidazol 1000mg 2 Comprimidos Genérico Medley,"22,94","14,90",-35.0%,"14,90",-35.0%
São João,Disponível,373.0,15,7896637037617.0,Asea 20mg 30 Comprimidos Revestidos Supera,"152,08","152,08",-0.0%,"152,08",-0.0%
São João,Disponível,373.0,15,7896112408970.0,Semtri 100mg 60 Comprimidos Biolab (C1),"230,29","184,23",-20.0%,"184,23",-20.0%
São João,Esgotado,373.0,15,0.0,Frontlev 100mg/ml 100ml Ache (C1),0,0,0,0,0
São João,Disponível,373.0,13,7896004718460.0,Cetoconazol Creme Dermatológico 30g Genérico EMS,"32,18","15,69",-51.2%,"15,69",-51.2%
São João,Disponível,373.0,14,7896094208674.0,"Niki Conect 3mg + 0,02mg 90 Comprimidos Revestidos EMS","182,45","127,72",-30.0%,"127,72",-30.0%
São João,Disponível,373.0,14,7891317022662.0,Astro 500mg 3 Comprimidos Revestidos Eurofarma,"1015,82","89,50",-91.2%,"89,50",-91.2%
São João,Disponível,373.0,14,7896004794068.0,Bup Xl 300mg 30 Comprimidos Eurofarma (C1),"190,36","102,99",-45.9%,"102,99",-45.9%
São João,Esgotado,373.0,12,0.0,Eno Tradicional Pó Efervescente 100g,0,0,0,0,0
São João,Disponível,373.0,15,7896658000379.0,"Dunia 35 2+0,035mg 63 Comprimidos Ache","34,57","30,49",-11.8%,"30,49",-11.8%
São João,Esgotado,373.0,13,0.0,"Patanol 0,1% 5ml Novartis",0,0,0,0,0
São João,Disponível,372.0,13,7896004705330.0,Simeticona 15ml Genérico EMS,"17,65","10,90",-38.2%,"10,90",-38.2%
São João,Esgotado,372.0,12,0.0,Restiva 10mg 4 Adesivos Transdérmicos Mundipharma (A1),0,0,0,0,0
São João,Disponível,372.0,15,7891317435431.0,Zinnat 250mg 14 Comprimidos Revestidos Sandoz,"59,69","53,79",-9.9%,"53,79",-9.9%
São João,Disponível,372.0,16,7898029552210.0,Diamicron MR 60mg 60 Comprimidos,"209,15","209,15",-0.0%,"209,15",-0.0%
São João,Disponível,372.0,14,7897851200603.0,Seebri 50mcg 30 Cápsulas,"93,14","77,19",-17.1%,"77,19",-17.1%
São João,Disponível,372.0,15,7897595636539.0,Desogestrel 75mcg Genérico Novartis 28 Comprimidos Revestidos,"24,62","9,90",-59.8%,"9,90",-59.8%
São João,Esgotado,372.0,13,0.0,Jogger 1500+1200mg 30 Envelopes Biosintética,0,0,0,0,0
São João,Esgotado,372.0,12,0.0,Lide Nimesulida Betaciclodextrina 400mg 30 Comprimidos Biolab,0,0,0,0,0
São João,Disponível,372.0,15,7897595622037.0,Alopurinol 100mg Genérico Sandoz 30 Comprimidos,"55,46","39,90",-28.1%,"39,90",-28.1%
São João,Esgotado,372.0,15,0.0,Xarope Guaco 150ml G500 Balsâmico Catarinense,0,0,0,0,0
São João,Esgotado,372.0,13,0.0,Floral Kids Therapy 30ml Pesadelos,0,0,0,0,0
São João,Disponível,372.0,14,7898014560176.0,Sorinan Science AD 30ml,"8,99","7,99",-11.1%,"7,99",-11.1%
São João,Esgotado,372.0,14,0.0,Patz SL 5mg 20 Comprimidos Sigma Pharma (B1) Nova Embalagem,0,0,0,0,0
São João,Esgotado,372.0,14,0.0,"Clob-X Creme 0,05% 30g Galderma",0,0,0,0,0
São João,Esgotado,372.0,12,0.0,Dividol 36 Cápsulas Zambon (A1),0,0,0,0,0
São João,Disponível,372.0,13,7896637022767.0,Imense 100mg 60 Comprimidos Revestidos,"61,13","52,09",-14.8%,"52,09",-14.8%
São João,Esgotado,372.0,13,0.0,Menelat ODT 45mg 30 Comprimidos Torrent (C1),0,0,0,0,0
São João,Esgotado,372.0,14,0.0,Oxycontin 10Mg 28 Comprimidos Mundipharma (A1),0,0,0,0,0
São João,Esgotado,372.0,13,0.0,Novalgina Dipirona Dor e Febre Gotas Sanofi 500mg/ml 20ml,0,0,0,0,0
São João,Esgotado,372.0,13,0.0,Tioconazol 20mg/g + Tinidazol 30mg/g Genérico Prati Creme 35g + 7 Aplicadores,0,0,0,0,0
São João,Esgotado,372.0,13,0.0,Depo-Provera 150mg Injetável 1ml,0,0,0,0,0
São João,Disponível,371.0,14,7896637023658.0,Levolukast 10mg/5mg 7 Comprimidos Revestidos,"20,15","20,15",-0.0%,"20,15",-0.0%
São João,Disponível,371.0,18,7896658021688.0,Alergomine 2mg 20 Comprimidos Revestidos,"60,45","50,49",-16.5%,"50,49",-16.5%
São João,Disponível,371.0,13,7896637022552.0,Restitue 40Mg 30 Comprimidos,"44,74","39,29",-12.2%,"39,29",-12.2%
São João,Disponível,371.0,13,7896004782768.0,Carbonato De Lítio Genérico Biolab 300mg 60 Comprimidos (C1),"260,18","119,90",-53.9%,"119,90",-53.9%
São João,Esgotado,371.0,14,0.0,Formocaps 12mcg 30 Cápsulas Gelatinosas,0,0,0,0,0
São João,Disponível,371.0,13,7896641813351.0,Venvanse 50mg com 28 Cápsulas (A3),"449,99","359,99",-20.0%,"359,99",-20.0%
São João,Disponível,371.0,13,7897595602206.0,Doxiciclina Genérico Sandoz 100mg 20 Comprimidos,"72,20","39,89",-44.8%,"39,89",-44.8%
São João,Esgotado,371.0,14,0.0,Tramal 50mg/ml Injeção 5x2ml Grünenthal (A2),0,0,0,0,0
São João,Disponível,371.0,14,7896523218946.0,Ciprofibrato 100mg 60 Comprimidos Genérico Medley,"37,82","21,57",-43.0%,"21,57",-43.0%
São João,Disponível,371.0,13,7896004715032.0,Doralgina 30mg/300mg/30mg 20 Comprimidos,"21,90","20,59",-6.0%,"20,59",-6.0%
São João,Disponível,371.0,14,7896658047992.0,Allegra D 60mg/120mg 10 Comprimidos Revestidos,"168,73","139,09",-17.6%,"139,09",-17.6%
São João,Disponível,371.0,14,7896006290216.0,Solução Oftálmica Acular LS 5ml Allergan,"47,65","40,79",-14.4%,"40,79",-14.4%
São João,Esgotado,371.0,14,0.0,Budecort Aqua 32Mcg 120 Doses Johnson &amp; Johnson,0,0,0,0,0
São João,Disponível,371.0,13,7896241293669.0,Paxtrat 20mg 30 Comprimidos,"39,75","29,79",-25.1%,"29,79",-25.1%
São João,Esgotado,371.0,14,0.0,"Dulcolax Gotas 7,5mg/ml 30ml",0,0,0,0,0
São João,Esgotado,371.0,13,0.0,Eno Tônica Pó 100g,0,0,0,0,0
São João,Esgotado,371.0,13,0.0,Culturelle Probiótico Bebê 6ml Cellera,0,0,0,0,0
São João,Disponível,371.0,13,7894916508513.0,Cronobe Complex 90 Comprimidos Revestidos Biolab,"80,15","80,15",-0.0%,"80,15",-0.0%
São João,Esgotado,371.0,14,0.0,Vagicand 40G+7 Aplicadores Supera,0,0,0,0,0
São João,Disponível,371.0,13,7891317455040.0,Kelac 10mg 20 Comprimidos Hypera Pharma,"31,03","27,59",-11.1%,"27,59",-11.1%
São João,Disponível,371.0,13,7896637031943.0,Levoxin 500mg 14 Comprimidos Revestidos Apsen,"64,50","56,59",-12.3%,"56,59",-12.3%
São João,Esgotado,370.0,13,0.0,Benedesc Plus Sol 120ml Sabor Uva Hypera Pharma,0,0,0,0,0
São João,Disponível,370.0,13,7898148291373.0,Cloridrato De Tetraciclina 500mg Genérico Prati 12 Cápsulas,"34,66","29,39",-15.2%,"29,39",-15.2%
São João,Disponível,370.0,15,7894916510011.0,"Brasart HCT 160+12,5mg 90 Comprimidos Revestidos Sigma","106,25","106,25",-0.0%,"106,25",-0.0%
São João,Disponível,370.0,14,7896004768687.0,Desogestrel 84 Comprimidos Revestidos Genérico EMS,"95,25","27,99",-70.6%,"27,99",-70.6%
São João,Disponível,370.0,13,7896094208674.0,"Iumi 3mg/0,02mg 72 Comprimidos Revestidos","182,45","127,72",-30.0%,"127,72",-30.0%
São João,Esgotado,370.0,12,0.0,Bio Vagin Creme Vaginal Adium 40g com 10 Aplicadores,0,0,0,0,0
São João,Esgotado,370.0,14,0.0,Bifilac Geflora 6 Sticks Pó Mantecorp,0,0,0,0,0
São João,Disponível,370.0,13,7896004706009.0,Pantozol 40mg 28 Comprimidos Takeda,"51,57","27,90",-45.9%,"27,90",-45.9%
São João,Disponível,370.0,12,7896004743967.0,Etodolaco 400mg 20 Comprimidos Revestidos Genérico Germed,"335,31","89,90",-73.2%,"89,90",-73.2%
São João,Disponível,370.0,14,7891058005665.0,"Naratriptana 2,5mg 10 Comprimidos Genérico Medley","22,13","12,90",-41.7%,"12,90",-41.7%
São João,Disponível,370.0,13,7897705203095.0,"Wegovy 0,5mg 1,5ml Novo Nordisk","1284,04","1284,04",-0.0%,"1284,04",-0.0%
São João,Disponível,370.0,13,7896658000379.0,Pantomix 40mg 28 Comprimidos Ache,"34,57","30,49",-11.8%,"30,49",-11.8%
São João,Disponível,370.0,14,7896016806247.0,Naldecon Noite 400mg/20mg/400mg/4mg 24 Comprimidos,"14,80","14,80",-0.0%,"14,80",-0.0%
São João,Esgotado,370.0,13,0.0,Rivastigmina 3mg 30 Cápsulas Genérico Biosintética (C1),0,0,0,0,0
São João,Disponível,370.0,13,7896094206366.0,"Libiam Libbs 1,25mg 28 Comprimidos","84,02","69,49",-17.3%,"69,49",-17.3%
São João,Esgotado,369.0,12,0.0,Ipratrópio 20ml Genérico EMS,0,0,0,0,0
São João,Disponível,369.0,14,7896637024358.0,Aristab 30mg 30 Comprimidos Aché (C1),"83,67","83,67",-0.0%,"83,67",-0.0%
São João,Esgotado,369.0,15,0.0,Gastrogel 153mg/200mg/25mg 20 Comprimidos Mastigáveis,0,0,0,0,0
São João,Disponível,369.0,15,7891317425869.0,Brasart 320mg 30 Comprimidos Revestidos Sigma,"14,53","14,53",-0.0%,"14,53",-0.0%
São João,Disponível,369.0,14,7896422507059.0,Dipirona Sódica 500mg Genérico Medley 10 Comprimidos,"37,20","19,99",-46.3%,"19,99",-46.3%
São João,Disponível,369.0,13,7894916515764.0,Venaflon450mg+50mg 60 Comprimidos Revestidos,"52,75","52,75",-0.0%,"52,75",-0.0%
São João,Disponível,369.0,14,7896637023979.0,Alcytam 20mg 30 Comprimidos Torrent (C1),"132,71","132,71",-0.0%,"132,71",-0.0%
São João,Disponível,369.0,12,7894916516013.0,Tropinal 20 Comprimidos Sigma Pharma,"39,05","35,99",-7.8%,"35,99",-7.8%
São João,Esgotado,369.0,13,0.0,Dimorf 30mg 50 Comprimidos Cristália (A1),0,0,0,0,0
São João,Disponível,369.0,13,7896004754161.0,Nebivolol 5mg 60 Comprimidos Genérico EMS,"67,70","38,49",-43.1%,"38,49",-43.1%
São João,Disponível,369.0,14,7896637022767.0,Quicard 35mg 60 Comprimidos Revestidos Germed,"61,13","52,09",-14.8%,"52,09",-14.8%
São João,Esgotado,369.0,14,0.0,Prebictal 75mg 60 Cápsulas Adium (C1),0,0,0,0,0
São João,Disponível,369.0,13,7896637022835.0,Mirtax Aché 5mg 30 Comprimidos Revestidos,"62,81","33,90",-46.0%,"33,90",-46.0%
São João,Esgotado,369.0,13,0.0,Vick Primeira Proteção Procter Spray Nasal 15ml,0,0,0,0,0
São João,Disponível,369.0,13,7896181922711.0,Passiflorine Pi 500mg 20 Comprimidos Revestidos Biochimico,"65,29","26,09",-60.0%,"26,09",-60.0%
São João,Disponível,369.0,15,7896004775371.0,Micardis Anlo Telmisartana 40mg + Besilato De Anlodipino 5mg Boehringer Com 30 Comprimidos,"63,70","63,70",-0.0%,"63,70",-0.0%
São João,Esgotado,369.0,12,0.0,Alta D 2000UI 30 Cápsulas Eurofarma,0,0,0,0,0
São João,Esgotado,369.0,17,0.0,Buona 150mg 30 Cápsulas,0,0,0,0,0
São João,Esgotado,369.0,14,0.0,Clopixol Depot 200mg 1ml Lundbeck (C1),0,0,0,0,0
São João,Disponível,369.0,13,7891158103384.0,Andes 100mg 60 Comprimidos Revestidos Supera (C1),"431,23","431,23",-0.0%,"431,23",-0.0%
São João,Esgotado,369.0,13,0.0,"Jardiance Duo 12,5+1000mg 60 comprimidos Boehringer",0,0,0,0,0
São João,Disponível,369.0,15,7896523227566.0,Ibuprofeno 50mg/ml Solução Oral Genérico Geolab 30ml,"22,19","6,49",-70.8%,"6,49",-70.8%
São João,Disponível,369.0,13,7894916510004.0,"Bart H 300+12,5mg 30 Comprimidos Momenta","106,25","106,25",-0.0%,"106,25",-0.0%
São João,Disponível,369.0,12,7897705203101.0,"Wegovy 1,7mg 3ml Novo Nordisk","1923,36","1923,36",-0.0%,"1923,36",-0.0%
São João,Esgotado,369.0,14,0.0,Dropropizina 3mg 120ml Adulto Genérico Biosintética,0,0,0,0,0
São João,Disponível,369.0,13,7897705202753.0,Rybelsus 14mg 30 Comprimidos,"1277,92","1277,92",-0.0%,"1277,92",-0.0%
São João,Esgotado,369.0,13,0.0,Atroveran Dip 1g 10 Comprimidos,0,0,0,0,0
São João,Disponível,369.0,16,7896658019036.0,Osteoban 150Mg 1 Comprimido Ache,"60,18","50,79",-15.6%,"50,79",-15.6%
São João,Esgotado,368.0,13,0.0,Flogoral Cereja 12 Pastilhas Aché,0,0,0,0,0
São João,Esgotado,368.0,13,0.0,Vick Babyrub 12g,0,0,0,0,0
São João,Esgotado,368.0,13,0.0,Esalerg 100ml Aché,0,0,0,0,0
São João,Disponível,368.0,13,7896006201731.0,Perosteo Eurofarma 30 Comprimidos,"56,31","49,39",-12.3%,"49,39",-12.3%
São João,Disponível,368.0,14,7896004710679.0,Piroxicam 20mg Genérico EMS 15 Cápsulas Gelatinosas,"41,71","18,59",-55.4%,"18,59",-55.4%
São João,Disponível,368.0,14,7891721016165.0,Cefalium One 750mg 20 Comprimidos Revestidos,"115,99","115,99",-0.0%,"115,99",-0.0%
São João,Esgotado,368.0,15,0.0,"Vacina Hexavalente Hexaxim 0,5 ml Injetável 1 Seringa Preenchida Sanofi + Aplicação",0,0,0,0,0
São João,Disponível,368.0,13,7892953208618.0,Deocil SL 10mg 10 Comprimidos Sublinguais,"36,14","14,46",-60.0%,"14,46",-60.0%
São João,Esgotado,368.0,13,0.0,"Stilnox CR 6,25mg 28 Comprimidos Sanofi (B1)",0,0,0,0,0
São João,Disponível,368.0,15,7896658015113.0,Oleptal 300mg 60 Comprimidos Torrent (C1),"217,88","198,49",-8.9%,"198,49",-8.9%
São João,Disponível,368.0,14,7897595632623.0,Sinvastatina 40mg 30 Comprimidos Revestidos Genérico Novartis,"35,85","15,99",-55.4%,"15,99",-55.4%
São João,Disponível,368.0,13,7896004703312.0,Anlodipino 10mg 30 Comprimidos Genérico Novartis,"66,41","13,90",-79.1%,"13,90",-79.1%
São João,Disponível,368.0,15,7896523210940.0,Glimepirida 2mg 30 Comprimidos Genérico Sandoz,"53,57","19,90",-62.9%,"19,90",-62.9%
São João,Disponível,368.0,12,7896116814104.0,Mirena 52mg 1 Endoceptivo com Inseridor Bayer,"1650,22","1219,50",-26.1%,"1219,50",-26.1%
São João,Disponível,368.0,14,7896658000379.0,Famox 20Mg 10 Comprimidos Ache,"34,57","30,49",-11.8%,"30,49",-11.8%
São João,Disponível,367.0,13,7896658030284.0,Piemonte 4mg 60 Comprimidos Eurofarma,"124,93","103,59",-17.1%,"103,59",-17.1%
São João,Disponível,367.0,14,7896004744957.0,"Drospirenona + Etinilestradiol 3mg + 0,02mg 24 Comprimidos Revestidos Genérico EMS","75,03","29,90",-60.1%,"29,90",-60.1%
São João,Esgotado,367.0,13,0.0,Cataflampro Emulgel Gel Dermatológico 150g,0,0,0,0,0
São João,Esgotado,367.0,14,0.0,Dipropionato de Beclometasona Spray Nasal 250mcg 200 Doses Genérico Glenmark,0,0,0,0,0
São João,Disponível,367.0,13,7896094209015.0,"Indapen SR 1,5mg 60 Comprimidos Revestidos Libbs Prolongado Torrent","197,76","158,49",-19.9%,"158,49",-19.9%
São João,Esgotado,367.0,14,0.0,Questran Light 50 Envelopes 4G Bristol,0,0,0,0,0
São João,Disponível,367.0,14,7891317010065.0,Cod Par 500mg+30mg 24 Comprimidos Supera (A2),"45,72","38,59",-15.6%,"38,59",-15.6%
São João,Esgotado,367.0,14,0.0,Runner EZE 20+10mg 60 Comprimidos Biosintética,0,0,0,0,0
São João,Disponível,367.0,13,78905047.0,Leite de Magnésia Hortelã Suspensão Oral 350ml,"33,99","33,99",-0.0%,"33,99",-0.0%
São João,Esgotado,367.0,14,0.0,Lisvenx 70mg 30 Cápsulas Torrent (A3),0,0,0,0,0
São João,Disponível,366.0,13,7897595636195.0,Ciprofloxacino 500mg 14 Comprimidos Genérico Novartis,"36,59","22,90",-37.4%,"22,90",-37.4%
São João,Disponível,366.0,14,7896523201054.0,Domperidona 10mg 60 Comprimidos Genérico Germed,"21,53","10,89",-49.4%,"10,89",-49.4%
São João,Esgotado,366.0,13,0.0,Fostair Dpi Chiesi 200mcg + 6mcg 120 Doses,0,0,0,0,0
São João,Esgotado,366.0,13,0.0,Parkidopa 250mg + 25mg 30 Cápsulas,0,0,0,0,0
São João,Disponível,366.0,12,7896094203044.0,"Dunia 35 2+0,035mg 21 Comprimidos Revestidos Aché","229,49","160,64",-30.0%,"160,64",-30.0%
São João,Disponível,366.0,15,7898569760496.0,Vortioxetina 5mg 30 Comprimidos Revestidos Genérico Althaia (C1),"88,12","23,90",-72.9%,"23,90",-72.9%
São João,Esgotado,366.0,14,0.0,Hormus 250mg/ml Solução Injetável 1 Ampola 4ml Eurofarma (C5),0,0,0,0,0
São João,Disponível,366.0,15,7896637022767.0,Tavok 500Mg 7 Comprimidos Revestidos Momenta,"61,13","52,09",-14.8%,"52,09",-14.8%
São João,Disponível,366.0,12,7897595901316.0,Puran T4 88mcg 30 Comprimidos Sanofi,"20,16","17,99",-10.8%,"17,99",-10.8%
São João,Disponível,366.0,14,7891106914369.0,"Miranova  0,10mg + 0,02mg 21 Drágeas","29,86","25,89",-13.3%,"25,89",-13.3%
São João,Disponível,366.0,13,7896714274645.0,Okotico 100mg 30 Comprimidos Supera (C1),"27,78","25,29",-9.0%,"25,29",-9.0%
São João,Disponível,366.0,13,7896672203893.0,"Broncho-Vaxom Infantil Chiesi 3,5mg 10 Cápsulas","314,08","251,26",-20.0%,"251,26",-20.0%
São João,Esgotado,366.0,14,0.0,Albocresil Gel 50g Com Aplicador Hypera,0,0,0,0,0
São João,Disponível,366.0,13,7896004703275.0,Cefadroxila 500mg 10 Cápsulas Genom,"69,83","58,39",-16.4%,"58,39",-16.4%
São João,Disponível,366.0,13,7899547511338.0,Aciclovir 400mg 30 Comprimidos Genérico Prati-Donaduzzi,"129,00","55,62",-56.9%,"55,62",-56.9%
São João,Esgotado,366.0,15,0.0,Pomada Dbriz Uno 10g,0,0,0,0,0
São João,Disponível,366.0,12,7897851250622.0,Norvasc Viatris Upjohn 5mg 30 Comprimidos,"43,49","43,49",-0.0%,"43,49",-0.0%
São João,Esgotado,366.0,13,0.0,Gazia 40mg 28 Cápsulas Revestidos Momenta,0,0,0,0,0
São João,Disponível,366.0,13,7896094203044.0,"Feminique Conti 3+0,03mg 28 comprimidos revestidos Ache","229,49","160,64",-30.0%,"160,64",-30.0%
São João,Esgotado,366.0,13,0.0,Duoflam Injetável 1 Ampola + Seringa Supera,0,0,0,0,0
São João,Disponível,365.0,16,7896658005305.0,Flogoral Colutório Aché Menta 150ml,"42,28","39,19",-7.3%,"39,19",-7.3%
São João,Esgotado,365.0,14,0.0,Multi-Bi 495mg 10 Cápsulas Blíster Supera,0,0,0,0,0
São João,Esgotado,365.0,13,0.0,"Respir Kids 0,9% 15 Envelopes + Frasco 120ml",0,0,0,0,0
São João,Disponível,365.0,15,7896004704999.0,Dexclorfeniramina Xarope 100ml Genérico Prati-Donaduzzi,"24,20","18,59",-23.2%,"18,59",-23.2%
São João,Disponível,365.0,13,7896523227450.0,Tadalafila 5mg 30 Comprimidos Genérico Cimed,"170,77","15,87",-90.7%,"15,87",-90.7%
São João,Esgotado,365.0,14,0.0,Algicod 500+30mg 24 Comprimidos Momenta (A2),0,0,0,0,0
São João,Esgotado,365.0,14,0.0,Cedur Retard 400Mg 30 Comprimidos Roche,0,0,0,0,0
São João,Disponível,365.0,13,7896658038709.0,Pant Sec 50mg/ml Solução Capilar 3 Frascos 50ml + 1 Válvula Spray Aché,"109,13","95,19",-12.8%,"95,19",-12.8%
São João,Disponível,365.0,14,7896004713120.0,Levofloxacino 750mg 7 Comprimidos Revestidos Genérico Eurofarma,"117,58","59,90",-49.1%,"59,90",-49.1%
São João,Disponível,365.0,15,7896658008849.0,Totti SL 10mg 20 Comprimidos Aché,"33,99","30,09",-11.5%,"30,09",-11.5%
São João,Esgotado,365.0,14,0.0,Lugano Inala 12/250mcg 60 Cápsulas Gelatinosas,0,0,0,0,0
São João,Disponível,365.0,14,7896523201382.0,Esomeprazol 40mg 28 Comprimidos Revestidos,"262,84","109,90",-58.2%,"109,90",-58.2%
São João,Disponível,365.0,14,7896241293669.0,Doxaprost 2mg 30 Comprimidos,"39,75","29,79",-25.1%,"29,79",-25.1%
São João,Disponível,365.0,16,7899095239487.0,"Stomaliv 0,50g/g + 2,15g/g + 2,15g/g Abacaxi 5g","1,50","1,50",-0.0%,"1,50",-0.0%
São João,Disponível,365.0,13,7896094207776.0,Stanglit 30mg 60 Comprimidos,"242,56","194,05",-20.0%,"194,05",-20.0%
São João,Disponível,365.0,14,7899095250888.0,"Tansulosina 0,4mg 20 Cápsulas Genérico Geolab","60,23","18,89",-68.6%,"18,89",-68.6%
São João,Disponível,365.0,14,7897851250530.0,Rusovas 20mg 90 Comprimidos Revestidos,"23,10","23,10",-0.0%,"23,10",-0.0%
São João,Esgotado,365.0,15,0.0,Transamin Injetável Nikkho 50mg/ml,0,0,0,0,0
São João,Disponível,365.0,12,7896658015113.0,Alcachofra 200mg 60 Comprimidos Vidora,"217,88","198,49",-8.9%,"198,49",-8.9%
São João,Esgotado,365.0,14,0.0,Rexulti 3mg 30 Comprimidos Lundbeck (C1),0,0,0,0,0
São João,Esgotado,365.0,13,0.0,Guttalax Solução Oral 30ml,0,0,0,0,0
São João,Esgotado,365.0,14,0.0,Fosfato de Codeína 30mg 2 Blisters Genérico Nova Química (A2),0,0,0,0,0
São João,Esgotado,365.0,15,0.0,Triancil 20mg/ml 5 Frascos/Ampolas 1ml Injetável Apsen,0,0,0,0,0
São João,Disponível,365.0,15,7896006290216.0,Solução Oftálmica Ciloxan 5ml Novartis,"47,65","40,79",-14.4%,"40,79",-14.4%
São João,Disponível,364.0,13,7896658030208.0,Soanza XR 35mg 30 Comprimidos Aché,"80,55","66,79",-17.1%,"66,79",-17.1%
São João,Esgotado,364.0,13,0.0,Clenil Compositium HFA 50mcg 200 Doses Chiesi,0,0,0,0,0
São João,Esgotado,364.0,14,0.0,Terocoxi 60mg 7 Comprimidos Cristália (C1),0,0,0,0,0
São João,Esgotado,364.0,13,0.0,Dipropionato de Beclometasona 50Mcg Aerosol 200 Doses Genérico Glenmark,0,0,0,0,0
São João,Disponível,364.0,13,7896004789873.0,Vartaz 160mg 30 Comprimidos Revestidos Eurofarma,"51,77","51,77",-0.0%,"51,77",-0.0%
São João,Disponível,364.0,12,8902220109520.0,Seizla 200mg 30 Comprimidos Revestidos Torrent (C1),"75,69","62,29",-17.7%,"62,29",-17.7%
São João,Disponível,364.0,13,7896637023658.0,Mefex 250mg 10 Comprimidos Revestidos Aché,"20,15","20,15",-0.0%,"20,15",-0.0%
São João,Disponível,364.0,12,7897595635259.0,Cetoprofeno 50mg/ml Solução Injetável 2ml (100 Ampolas),"3493,14","1129,80",-67.7%,"1129,80",-67.7%
São João,Disponível,364.0,14,7891158101656.0,Luvox 50mg 30 Comprimidos Abbott (C1),"145,18","145,18",-0.0%,"145,18",-0.0%
São João,Disponível,364.0,14,7896241293669.0,Deller 100mg 30 Comprimidos,"39,75","29,79",-25.1%,"29,79",-25.1%
São João,Esgotado,364.0,13,0.0,Alois Solução Oral 50ml,0,0,0,0,0
São João,Esgotado,364.0,12,0.0,Ana-Flex 10 Comprimidos Cristália AV*,0,0,0,0,0
São João,Disponível,364.0,13,7896658019036.0,Afrat 150mg 1 Comprimido Cristália,"60,18","50,79",-15.6%,"50,79",-15.6%
São João,Disponível,364.0,13,7896637022767.0,Picbam 5mg 60 Comprimidos Revestidos Mantecorp,"61,13","52,09",-14.8%,"52,09",-14.8%
São João,Disponível,363.0,17,7891010256401.0,Firmacal 1000mg + Vit D 90 Comprimidos,"91,14","79,69",-12.6%,"79,69",-12.6%
São João,Disponível,363.0,15,7897460401422.0,Silimalon 70 + 100mg 10 Comprimidos Rev Zydus,"80,87","80,87",-0.0%,"80,87",-0.0%
São João,Esgotado,363.0,14,0.0,Mobale 150mg 30 Cápsulas Momenta (C1),0,0,0,0,0
São João,Esgotado,363.0,15,0.0,Nutra Vitta Lactase 10 000FCC 10 Cápsulas Sorocaps,0,0,0,0,0
São João,Disponível,363.0,14,7894916515764.0,Vatis 150mg 60 Comprimidos Revestidos,"52,75","52,75",-0.0%,"52,75",-0.0%
São João,Disponível,363.0,13,7894916515764.0,Unitram 10mg 30 Comprimidos Revestidos FQM (C1),"52,75","52,75",-0.0%,"52,75",-0.0%
São João,Disponível,363.0,13,7896004749624.0,Verapamil 80mg 30 Comprimidos Revestidos Genérico EMS,"118,13","24,90",-78.9%,"24,90",-78.9%
São João,Esgotado,363.0,13,0.0,Dorflex UNO Analgésico Contra Enxaqueca Dipirona Monoidratada 1g 4 Comprimidos,0,0,0,0,0
São João,Disponível,363.0,15,7894916515764.0,Tecta 40Mg 60 Comprimidos Revestido Takeda,"52,75","52,75",-0.0%,"52,75",-0.0%
São João,Disponível,363.0,14,7897917004008.0,Diclofenaco Sódico 50mg 20 Comprimidos Genérico Belfar,"33,23","9,90",-70.2%,"9,90",-70.2%
São João,Disponível,363.0,16,7896637023665.0,Diovan Amlo Fix 160+10mg 28 Comprimidos Revestidos FQM,"22,44","22,44",-0.0%,"22,44",-0.0%
São João,Esgotado,363.0,13,0.0,Catuama Uso Oral 500ml,0,0,0,0,0
São João,Disponível,363.0,13,618231025725.0,NutraVitta Magnazil 16 Cápsulas Sorocaps,"94,90","94,90",-0.0%,"94,90",-0.0%
São João,Esgotado,363.0,12,0.0,Xarope Histamin 2mg/5ml 100ml Neoquímica,0,0,0,0,0
São João,Disponível,363.0,15,7896637029117.0,Limiar 75mg 30 Cápsulas Eurofarma (C1),"77,57","33,00",-57.5%,"33,00",-57.5%
São João,Disponível,363.0,13,7896637023658.0,Tavok 750mg 7 Comprimidos Revestidos Momenta,"20,15","20,15",-0.0%,"20,15",-0.0%
São João,Disponível,363.0,14,7896004821153.0,Bupropiona 150mg 30 Comprimidos Revestidos Genérico Prati-Donaduzzi (C1),"130,45","49,90",-61.7%,"49,90",-61.7%
São João,Disponível,363.0,13,7891317036973.0,Janumet XR 100mg + 1000mg 30 Comprimidos Revestidos de Liberação Prolongada,"215,88","177,69",-17.7%,"177,69",-17.7%
São João,Esgotado,363.0,13,0.0,Humalog U-100 Insulina Eli Lilly 2x3ml,0,0,0,0,0
São João,Disponível,363.0,13,7898948648698.0,"Androgel Pump Gel Transdérmico 16,2mg/g 88g Besins","322,93","266,59",-17.4%,"266,59",-17.4%
São João,Disponível,363.0,15,7898569764517.0,Nitazoxanida 20mg Genérico Althaia 100ml,"61,60","26,39",-57.2%,"26,39",-57.2%
São João,Disponível,363.0,14,7898655096768.0,MinoxiHard Loção para Barba 80ml,"89,99","19,99",-77.8%,"19,99",-77.8%
São João,Disponível,363.0,14,7896658029028.0,Leucogen 80mg 90 cápsulas Ache,"165,33","135,39",-18.1%,"135,39",-18.1%
São João,Disponível,363.0,12,7896523226323.0,Pantoprazol 40mg 42 Comprimidos Revestidos Genérico Cimed,"148,31","27,99",-81.1%,"27,99",-81.1%
São João,Esgotado,363.0,13,0.0,Nistatina Creme Vaginal Genérico Medley 60g,0,0,0,0,0
São João,Disponível,363.0,15,7891721014239.0,Janumet 50+1000Mg 56 Comprimidos Merck,"49,84","43,59",-12.5%,"43,59",-12.5%
São João,Esgotado,362.0,13,0.0,Oscillococcinum Glóbulos 30 Tubos de 1g,0,0,0,0,0
São João,Disponível,362.0,13,7896658008849.0,"Nienza 6,25mg 30 Comprimidos Aché","33,99","30,09",-11.5%,"30,09",-11.5%
São João,Disponível,362.0,12,7897076918857.0,Axetil Cefuroxima 500mg 14 Comprimidos Genérico Ranbaxy,"207,59","111,68",-46.2%,"111,68",-46.2%
São João,Esgotado,362.0,13,0.0,Varicell Proct Pomada 25g c/ 6 Aplicadores,0,0,0,0,0
São João,Esgotado,362.0,13,0.0,Suplemento Alimentar Fixare 30 Comprimidos,0,0,0,0,0
São João,Disponível,362.0,15,7896094206366.0,"Naprix A 2,5mg+5mg 30 Cápsulas Libbs","84,02","69,49",-17.3%,"69,49",-17.3%
São João,Disponível,362.0,12,7896637031516.0,Inilok 40mg 60 Comprimidos,"131,36","131,36",-0.0%,"131,36",-0.0%
São João,Disponível,362.0,13,7896658030208.0,Azukon MR 30mg 30 Comprimidos Torrent,"80,55","66,79",-17.1%,"66,79",-17.1%
São João,Esgotado,362.0,13,0.0,Klaricid Ud 500Mg 7 Comprimidos Abbott,0,0,0,0,0
São João,Disponível,362.0,14,7896658015106.0,Fisioton 400mg 30 Comprimidos Aché,"126,62","102,53",-19.0%,"102,53",-19.0%
São João,Disponível,362.0,13,7894916503082.0,Konduz 35mg 28 Cápsulas Sigma Pharma (C1),"141,98","113,58",-20.0%,"113,58",-20.0%
São João,Disponível,362.0,12,7896637031608.0,Ginkoba 120mg 30 Comprimidos Revestidos,"154,89","125,09",-19.2%,"125,09",-19.2%
São João,Disponível,362.0,14,7897595901033.0,Espran 10mg 30 Comprimidos Torrent (C1),"17,16","15,69",-8.6%,"15,69",-8.6%
São João,Esgotado,362.0,13,0.0,Preni 20ml Gotas Eurofarma,0,0,0,0,0
São João,Disponível,362.0,13,7891158101755.0,Divalproato de Sódio 500mg 30 Comprimidos Revestidos Genérico Abbott (C1),"101,39","71,39",-29.6%,"71,39",-29.6%
São João,Disponível,362.0,12,7896094203068.0,"Gestrelan 0,15mg/0,03mg 21 Comprimidos Revestidos","163,02","114,11",-30.0%,"114,11",-30.0%
São João,Disponível,362.0,14,7896004737119.0,Paracetamol + Pseudoefedrina 24 Comprimidos Revestidos Genérico EMS,"60,52","29,90",-50.6%,"29,90",-50.6%
São João,Disponível,362.0,13,7896026300155.0,Dulcolax Opella 20 Drágeas,"20,22","18,99",-6.1%,"18,99",-6.1%
São João,Esgotado,362.0,13,0.0,Floral Therapi 30 ml Come Certo,0,0,0,0,0
São João,Esgotado,362.0,12,0.0,Foxis 200Mg 30 Cápsulas Dura Ache (C1),0,0,0,0,0
São João,Esgotado,361.0,13,0.0,Fostair DPI Pó Inalante 120 Doses,0,0,0,0,0
São João,Disponível,361.0,15,7897076918857.0,Axetil Cefuroxima 500Mg 10 Comprimidos Genérico Neo Quimica,"207,59","111,68",-46.2%,"111,68",-46.2%
São João,Esgotado,361.0,14,0.0,Ster 10mg 5ml Genom,0,0,0,0,0
São João,Esgotado,361.0,15,0.0,Digedrat 200mg 60 Comprimidos Farmasa Mantecorporal,0,0,0,0,0
São João,Disponível,361.0,14,7896004703275.0,Bromoprida 10mg 20 Cápsulas Genérico EMS,"69,83","58,39",-16.4%,"58,39",-16.4%
São João,Esgotado,361.0,12,0.0,"Pulmicort Nebulizador FQM 0,50mg 20 Unidades",0,0,0,0,0
São João,Disponível,361.0,14,7896004766997.0,Rivaroxabana 10mg 10 Comprimidos Revestidos Genérico EMS,"271,97","59,90",-78.0%,"59,90",-78.0%
São João,Esgotado,361.0,15,0.0,Xarope Celestamine 120ml Sem Açúcar Mantecorp,0,0,0,0,0
São João,Disponível,361.0,16,7891317177652.0,Livepax 500mg 7 Comprimidos Revestidos,"93,49","77,49",-17.1%,"77,49",-17.1%
São João,Disponível,361.0,14,7894916501095.0,Orlipid 120mg 84 Cápsulas Sigma Pharma,"39,44","35,59",-9.8%,"35,59",-9.8%
São João,Esgotado,361.0,15,0.0,Permetrina 10 mg/ml 60 ml Kaodine Geolab,0,0,0,0,0
São João,Disponível,361.0,13,7896523215273.0,Sinvastatina 40mg Genérico Cimed 30 Comprimidos Revestidos,"62,71","9,49",-84.9%,"9,49",-84.9%
São João,Esgotado,361.0,14,0.0,Insulina Humalog Mix 50 Kwikpen 3Ml Lilly,0,0,0,0,0
São João,Disponível,361.0,13,7896637022835.0,Levoxin Apsen 500mg 3 Comprimidos Revestidos,"62,81","33,90",-46.0%,"33,90",-46.0%
São João,Esgotado,361.0,13,0.0,Stele CR Vag 1mg/g 50g + 5 Aplicações Biolab,0,0,0,0,0
São João,Disponível,361.0,13,7897595900654.0,Advil 600mg 12h 12 Comprimidos GSK,"48,88","48,88",-0.0%,"48,88",-0.0%
São João,Disponível,361.0,13,7896523216812.0,"Poslov Mabra 1,5mg 1 comprimido","19,90","19,90",-0.0%,"19,90",-0.0%
São João,Disponível,361.0,14,7896181906582.0,Bromazepam 3mg 30 Comprimidos Genérico Biosintética (B1),"23,78","7,43",-68.8%,"7,43",-68.8%
São João,Esgotado,360.0,13,0.0,Cataflampro Emulgel 60g,0,0,0,0,0
São João,Disponível,360.0,13,7896658029028.0,Ginkgo 80mg 30 Cápsulas,"165,33","135,39",-18.1%,"135,39",-18.1%
São João,Disponível,360.0,14,7896422507059.0,Dipirona Genérico Prati 500mg 30 Comprimidos,"37,20","19,99",-46.3%,"19,99",-46.3%
São João,Esgotado,360.0,13,0.0,"Octifen Colírio 0,25mg/ml 5ml Genom",0,0,0,0,0
São João,Esgotado,360.0,14,0.0,Cimecort Creme 15g Cimed,0,0,0,0,0
São João,Disponível,360.0,15,7896004709413.0,Pomada Cetoconazol + Betametasona + Neomicina 30g Genérico EMS,"31,71","27,09",-14.6%,"27,09",-14.6%
São João,Esgotado,360.0,14,0.0,Pomada Nebacetin Baby Regeneração 60g Hypera Pharma,0,0,0,0,0
São João,Esgotado,360.0,14,0.0,Actifedrin 20 Comprimidos,0,0,0,0,0
São João,Disponível,360.0,13,7896261001671.0,Voltaren SR 75mg 20 Comprimidos Novartis,"462,50","306,78",-33.7%,"306,78",-33.7%
São João,Disponível,360.0,14,7896004706795.0,"Naratriptana 2,5mg 4 Comprimidos Revestidos Genérico EMS","21,73","3,90",-82.1%,"3,90",-82.1%
São João,Disponível,360.0,13,7896658036347.0,Levofloxacino 750mg 5 Comprimidos Revestidos Genérico Aché,"85,34","43,49",-49.0%,"43,49",-49.0%
São João,Disponível,360.0,13,7891317177652.0,Alcachofra 20 Comprimidos Revestidos Herbarium,"93,49","77,49",-17.1%,"77,49",-17.1%
São João,Esgotado,360.0,14,0.0,Rehidrat 90 4 Envelopes Supera,0,0,0,0,0
São João,Esgotado,360.0,13,0.0,Colpotrofine 20 Cápsulas Vaginais Theramex,0,0,0,0,0
São João,Disponível,360.0,13,7891058005665.0,Prednisona 20mg 10 Comprimidos Genérico Germed,"22,13","12,90",-41.7%,"12,90",-41.7%
São João,Esgotado,360.0,12,0.0,"Trulicity Solução Injetável 2 Seringas de 0,05ml + 2 Canetas Aplicadora",0,0,0,0,0
São João,Disponível,360.0,13,7897595634986.0,Oxcarbazepina 300mg 30 Comprimidos Revisado Genérico Medley (C1),"175,56","90,59",-48.4%,"90,59",-48.4%
São João,Esgotado,360.0,15,0.0,Eparema 10ml 4 Frascos Hortelã Hypera Pharma,0,0,0,0,0
São João,Disponível,360.0,15,7897460401422.0,Selozok 100mg 30 Comprimidos Revestidos,"80,87","80,87",-0.0%,"80,87",-0.0%
São João,Disponível,360.0,14,7891317482541.0,Fluvoxamina 50mg 30 Comprimidos Revestidos Genérico Biolab (C1),"1110,02","149,99",-86.5%,"149,99",-86.5%
São João,Disponível,359.0,13,7896004715032.0,Flodin Duo 150mg 10 Comprimidos Adium,"21,90","20,59",-6.0%,"20,59",-6.0%
São João,Disponível,359.0,14,8901148239104.0,Clopidogrel 75mg Genérico Cimed 28 Comprimidos,"295,95","59,90",-79.8%,"59,90",-79.8%
São João,Disponível,359.0,12,7896714234564.0,Etoricoxibe 90Mg 14 Comprimidos Genérico Neo Quimica (C1),"23,89","9,99",-58.2%,"9,99",-58.2%
São João,Disponível,359.0,14,7896523218946.0,Ciprofibrato 100mg 30 Comprimidos Genérico Geolab,"37,82","21,57",-43.0%,"21,57",-43.0%
São João,Disponível,359.0,13,7898148296552.0,Prednisolona Solução Oral 3mg/ml 60ml Genérico Cimed,"19,24","12,04",-37.4%,"12,04",-37.4%
São João,Disponível,359.0,14,7899095250901.0,Itraconazol 100mg 15 Cápsulas Genérico Geolab,"180,09","69,90",-61.2%,"69,90",-61.2%
São João,Disponível,359.0,13,7894916508513.0,Olmy 40mg 30 Comprimidos Revestidos Germed,"80,15","80,15",-0.0%,"80,15",-0.0%
São João,Esgotado,359.0,13,0.0,Seretide 50mcg + 500mcg 60 Doses,0,0,0,0,0
São João,Disponível,359.0,15,7896422515023.0,Clonazepam 2mg Genérico Medley 60 Comprimidos (B1),"34,31","19,90",-42.0%,"19,90",-42.0%
São João,Esgotado,359.0,14,0.0,Pasalix 60 Comprimidos Revestidos Marjan Farma,0,0,0,0,0
São João,Disponível,359.0,14,7891317425869.0,Senes 5mg 30 Comprimidos Revestidos Supera (C1),"14,53","14,53",-0.0%,"14,53",-0.0%
São João,Esgotado,359.0,12,0.0,Axonium 5mg 30 Comprimidos Aché (C1),0,0,0,0,0
São João,Disponível,359.0,14,7896523214351.0,Pantoprazol 20mg 28 Comprimidos Revestidos Genérico Biosint,"65,14","18,35",-71.8%,"18,35",-71.8%
São João,Disponível,359.0,14,7896004718996.0,"Cabergolina 0,5mg 8 Comprimidos Genérico Eurofarma","65,04","39,90",-38.7%,"39,90",-38.7%
São João,Disponível,359.0,13,7891317425869.0,Zinnat 500mg 10 Comprimidos Sandoz,"14,53","14,53",-0.0%,"14,53",-0.0%
São João,Disponível,359.0,13,7896523201887.0,Ressaliv Pré 10 Comprimidos Cimed,"27,67","5,99",-78.4%,"5,99",-78.4%
São João,Disponível,359.0,12,7896004786117.0,Pitavastatina 2mg 30 Comprimidos Genérico Biolab,"108,77","69,90",-35.7%,"69,90",-35.7%
São João,Disponível,359.0,13,7896004789873.0,Vognus 10mg 60 Comprimidos Revestidos EMS (C1),"51,77","51,77",-0.0%,"51,77",-0.0%
São João,Disponível,359.0,14,7896006290216.0,Atropina Solução Oftálmica Allergan 1% 5ml,"47,65","40,79",-14.4%,"40,79",-14.4%
São João,Esgotado,359.0,13,0.0,"Travamed Solução Oftálmica 2,5Ml Legrand",0,0,0,0,0
São João,Esgotado,358.0,13,0.0,Bromelin S 100ml Frasco Hebron,0,0,0,0,0
São João,Disponível,358.0,14,7896004709413.0,Cetoconazol + Betametasona + Neomicina Creme Genérico Eurofarma 30g,"31,71","27,09",-14.6%,"27,09",-14.6%
São João,Disponível,358.0,15,7896004789873.0,Ruva 10mg 30 Comprimidos Revestidos Eurofarma,"51,77","51,77",-0.0%,"51,77",-0.0%
São João,Esgotado,358.0,14,0.0,"Acetato de Desmopressina 0,1mg Solução Nasal 2,5ml Genérico Bergamo",0,0,0,0,0
São João,Disponível,358.0,13,7896004711423.0,Tericin AT Creme Vaginal Arese 45g com 10 Aplicadores,"63,79","39,59",-37.9%,"39,59",-37.9%
São João,Esgotado,358.0,13,0.0,Canabidiol 20mg/ml 30ml Prati RX (B1),0,0,0,0,0
São João,Esgotado,358.0,12,0.0,"Therapsor 0,5mg/ml 25ml",0,0,0,0,0
São João,Esgotado,358.0,13,0.0,"Quera 1,5mg 30 Cápsulas Cristália (C1)",0,0,0,0,0
São João,Esgotado,358.0,14,0.0,Profenid 50mg 24 Cápsulas Aventis,0,0,0,0,0
São João,Esgotado,358.0,13,0.0,Opti-Free Puremoist 300Ml+120Ml+Estojo,0,0,0,0,0
São João,Disponível,358.0,13,7894916503082.0,Gabaneurin 300mg 30 Cápsulas Sigma Pharma (C1),"141,98","113,58",-20.0%,"113,58",-20.0%
São João,Disponível,358.0,12,7896637022552.0,Rybelsus 7mg 30 Comprimidos,"44,74","39,29",-12.2%,"39,29",-12.2%
São João,Disponível,358.0,13,7896004713021.0,Topiramato 25mg 60 Comprimidos Revestidos Genérico EMS (C1),"108,41","21,86",-79.8%,"21,86",-79.8%
São João,Esgotado,358.0,14,0.0,Kronel Gel Vaginal 60g 10 Aplicadores Hebron,0,0,0,0,0
São João,Disponível,358.0,13,7896004719597.0,Amoxicilina + Clavulanato de Potássio 875mg 14 Comprimidos Revestidos Genérico EMS,"194,22","138,89",-28.5%,"138,89",-28.5%
São João,Esgotado,358.0,15,0.0,Pomada Nebacetin Baby Prevenção 30g Hypera Pharma,0,0,0,0,0
São João,Esgotado,358.0,14,0.0,Provance Mini 30 Sachês Ache,0,0,0,0,0
São João,Disponível,358.0,12,7891106904582.0,Cronocor 25mg 60 Comprimidos Biolab,"73,39","60,99",-16.9%,"60,99",-16.9%
São João,Esgotado,358.0,14,0.0,"Melocox 15mg 5x1,5ml Eurofarma",0,0,0,0,0
São João,Disponível,358.0,13,7896658027130.0,Runner 10mg 30 Comprimidos Revestidos Ache,"131,87","106,99",-18.9%,"106,99",-18.9%
São João,Esgotado,358.0,14,0.0,Malvatricin Gel Dental 50G Daudt,0,0,0,0,0
São João,Disponível,358.0,13,7896637022576.0,Xarope Dexmine 120ml Cimed,"59,43","50,99",-14.2%,"50,99",-14.2%
São João,Esgotado,358.0,12,0.0,Gaudy 8mg 28 Cápsulas Liberação Prolongada Sigma Pharma,0,0,0,0,0
São João,Esgotado,358.0,13,0.0,Sonridor CAF 4 Comprimidos GSK AV*,0,0,0,0,0
São João,Disponível,358.0,14,7898148296552.0,Prednisolona 3mg/ml Genérico Prati Solução Oral 60ml,"19,24","12,04",-37.4%,"12,04",-37.4%
São João,Esgotado,358.0,13,0.0,Apracur Duo 6 Comprimidos Revestidos Envase Hypera Pharma AV*,0,0,0,0,0
São João,Esgotado,358.0,15,0.0,Neosaldina 15ml,0,0,0,0,0
São João,Disponível,357.0,13,7894916503082.0,Lanz 30mg 28 Cápsulas Sigma Pharma,"141,98","113,58",-20.0%,"113,58",-20.0%
São João,Esgotado,357.0,12,0.0,Cran B CR 30 Compimidos  Herbarium,0,0,0,0,0
São João,Disponível,357.0,13,7896658019036.0,Tolrest 75mg 60 Comprimidos Ache (C1),"60,18","50,79",-15.6%,"50,79",-15.6%
São João,Esgotado,357.0,14,0.0,Ambroxmel Gengibre Spray 30ml,0,0,0,0,0
São João,Esgotado,357.0,14,0.0,Rinosoro Alto Volume 30 Sachês Farmasa,0,0,0,0,0
São João,Disponível,357.0,12,7896004715971.0,"Azitromicina Suspensão Oral 1500mg/37,5ml Genérico EMS","79,28","24,49",-69.1%,"24,49",-69.1%
São João,Disponível,357.0,13,7896004784076.0,Bilastina 20mg 15 Comprimidos Revestidos Genérico EMS,"46,58","29,15",-37.4%,"29,15",-37.4%
São João,Esgotado,357.0,13,0.0,Spark XR 750mg 30 Comprimidos Momenta (C1),0,0,0,0,0
São João,Disponível,357.0,13,7896004719597.0,Amoxicilina + Clavulanato Potássico 500mg 14 Comprimidos Revestidos,"194,22","138,89",-28.5%,"138,89",-28.5%
São João,Disponível,357.0,13,7891317425869.0,Zitromax 500Mg 3 Comprimidos Revestidos Pfizer,"14,53","14,53",-0.0%,"14,53",-0.0%
São João,Disponível,357.0,13,7896658015113.0,Zyad Diário 5mg 60 Comprimidos Ache,"217,88","198,49",-8.9%,"198,49",-8.9%
São João,Esgotado,357.0,13,0.0,Monax 50mcg Spray Nasal 60 Doses Momenta,0,0,0,0,0
São João,Disponível,357.0,13,7896637023641.0,Meclin Jet 50mg 10 Comprimidos,"52,76","46,49",-11.9%,"46,49",-11.9%
São João,Disponível,357.0,12,7891142158130.0,Meticorten 20mg 10 Comprimidos Organon,"25,88","22,89",-11.6%,"22,89",-11.6%
São João,Esgotado,357.0,14,0.0,Composto de Mel e Própolis Chico Bento Morango 30ml,0,0,0,0,0
São João,Disponível,357.0,13,7891317455040.0,Diurix Teuto 25mg 30 Comprimidos,"31,03","27,59",-11.1%,"27,59",-11.1%
São João,Disponível,357.0,13,7896658030208.0,Loxonin Sankyo 60mg 30 Comprimidos,"80,55","66,79",-17.1%,"66,79",-17.1%
São João,Esgotado,357.0,13,0.0,Pralivio 400mg 10cap Cimed,0,0,0,0,0
São João,Disponível,357.0,14,7896658008849.0,Tormiv SL 10mg 20 Comprimidos Aché,"33,99","30,09",-11.5%,"30,09",-11.5%
São João,Esgotado,357.0,14,0.0,Sigma-Clav BD Sigma Pharma 400mg + 57mg/5ml 70ml,0,0,0,0,0
São João,Esgotado,357.0,14,0.0,Neosoro Solução Nasal 30ml,0,0,0,0,0
São João,Disponível,357.0,14,7896637022767.0,Exodus 15mg 60 Comprimidos Revestidos Aché (C1),"61,13","52,09",-14.8%,"52,09",-14.8%
São João,Esgotado,357.0,15,0.0,Cogit 8mg 30 Cápsulas Biolab (C1),0,0,0,0,0
São João,Disponível,357.0,13,7899095243866.0,Quetiapina 25mg 30 Comprimidos Revestidos Genérico Novartis (C1),"70,66","31,39",-55.6%,"31,39",-55.6%
São João,Disponível,357.0,14,7891317002190.0,Betatrinta 6 Ampolas 1ml Injetável Eurofarma,"216,93","116,99",-46.1%,"116,99",-46.1%
São João,Esgotado,357.0,13,0.0,"Livanel 0,120mg + 0,015mg 1 Anel Vaginal Abbott",0,0,0,0,0
São João,Disponível,357.0,17,7896241293669.0,Lamictal Disp 100mg 30 Comprimidos GSK (C1),"39,75","29,79",-25.1%,"29,79",-25.1%
São João,Disponível,357.0,13,7896637025362.0,Pomada Dermatológica Trok-N 30g,"148,92","124,69",-16.3%,"124,69",-16.3%
São João,Disponível,357.0,12,7896637023771.0,Unoprost 2mg 30 Comprimidos Apsen,"34,15","34,15",-0.0%,"34,15",-0.0%
São João,Esgotado,356.0,13,0.0,Novamox 2X 400/57Mg 100Ml Aché,0,0,0,0,0
São João,Disponível,356.0,13,7898169080642.0,Dermazine Creme  Silvestre 50G,"70,86","60,99",-13.9%,"60,99",-13.9%
São João,Disponível,356.0,13,7896004821153.0,Bupropiona 150mg 30 Comprimidos Revestidos Genérico Germed (C1),"130,45","49,90",-61.7%,"49,90",-61.7%
São João,Esgotado,356.0,13,0.0,Volare 40mg Injetável 6 Seringas Ache,0,0,0,0,0
São João,Disponível,356.0,14,7795320008821.0,Trok Creme Dermatológico 30g,"50,17","44,69",-10.9%,"44,69",-10.9%
São João,Disponível,356.0,14,7896181906582.0,Furosemida 40mg Genérico Cimed 20 Comprimidos,"23,78","7,43",-68.8%,"7,43",-68.8%
São João,Disponível,356.0,12,7898569760496.0,Rosuvastatina 20mg 60 Comprimidos Revestidos Genérico Althaia,"88,12","23,90",-72.9%,"23,90",-72.9%
São João,Disponível,356.0,13,7896094207851.0,Lakos 50mg 60 Comprimidos Revestidos Libbs (C1),"58,81","49,89",-15.2%,"49,89",-15.2%
São João,Disponível,356.0,13,7891317425869.0,Tam XR 750mg 30 Comprimidos Revestidos Supera,"14,53","14,53",-0.0%,"14,53",-0.0%
São João,Esgotado,356.0,14,0.0,Aloxidil Solução Capilar 50ml,0,0,0,0,0
São João,Esgotado,356.0,14,0.0,Condroflex Mix de Sabores 30 Envelopes Zodiac,0,0,0,0,0
São João,Esgotado,356.0,13,0.0,Alenia 6+200mcg 60 Cápsulas + Inalador,0,0,0,0,0
São João,Disponível,356.0,15,7896206402853.0,Selozok 100mg 60 Comprimidos Libbs Prolongado AstraZeneca,"41,87","31,39",-25.0%,"31,39",-25.0%
São João,Esgotado,356.0,13,0.0,Guaifenesina Xarope 120ml Cer Gen Neoquímica,0,0,0,0,0
São João,Disponível,356.0,13,7897411650787.0,Fusor 20mg 30 Comprimidos Biosintética (C1),"83,42","66,74",-20.0%,"66,74",-20.0%
São João,Esgotado,356.0,13,0.0,Pomada Nebacetin 5mg/g + 250UI/g 15g HYPERA PHARMA,0,0,0,0,0
São João,Disponível,356.0,14,7896637022767.0,Pariet 10Mg 14 Comprimidos Revestidos Janssen,"61,13","52,09",-14.8%,"52,09",-14.8%
São João,Disponível,356.0,13,7897851250530.0,Ateroma 20mg 30 Comprimidos Revestidos Supera,"23,10","23,10",-0.0%,"23,10",-0.0%
São João,Esgotado,356.0,12,0.0,Vecasten 60 Comprimidos Marjan,0,0,0,0,0
São João,Esgotado,356.0,14,0.0,Vick Pyrena Grip-7 20 Cápsulas Procter,0,0,0,0,0
São João,Esgotado,356.0,16,0.0,Melatonum Mantecorp Menta Gotas 30ml,0,0,0,0,0
São João,Esgotado,356.0,13,0.0,Haldol Janssen 5mg 20 Comprimidos (C1),0,0,0,0,0
São João,Disponível,356.0,14,7896714234564.0,Furosemida 40mg 30 Comprimidos Genérico Neo Química,"23,89","9,99",-58.2%,"9,99",-58.2%
São João,Esgotado,356.0,12,0.0,Floral Therapi Fase Femme 30ml,0,0,0,0,0
São João,Disponível,356.0,14,7896658000379.0,"Decadron 0,75mg 20 Comprimidos Aché","34,57","30,49",-11.8%,"30,49",-11.8%
São João,Esgotado,356.0,15,0.0,Culturelle Saúde Digestiva 30 Cápsulas Cellera,0,0,0,0,0
São João,Disponível,356.0,13,8903855092782.0,Rosucor Eze 10 + 10mg 30 Cápsulas Torrent,"73,42","60,19",-18.0%,"60,19",-18.0%
São João,Esgotado,355.0,13,0.0,Pepsogel 240ml Legrand,0,0,0,0,0
São João,Disponível,355.0,12,7896241261248.0,Drenison Oclusivo 1 Rolo,"142,55","120,19",-15.7%,"120,19",-15.7%
São João,Esgotado,355.0,14,0.0,Predsim Solução Oral 60ml,0,0,0,0,0
São João,Esgotado,355.0,14,0.0,Arpejo 20mg 30mg Gotas Sigma Pharma (C1),0,0,0,0,0
São João,Disponível,355.0,13,7896637022569.0,VeePi 250mg 60 Comprimidos Torrent (C1),"74,30","62,29",-16.2%,"62,29",-16.2%
São João,Disponível,355.0,13,7896094207851.0,Clopin Duo 75+100mg 30 Comprimidos Revestidos Aché,"58,81","49,89",-15.2%,"49,89",-15.2%
São João,Disponível,355.0,12,7898569760458.0,Vortioxetina 10mg 60 Comprimidos Revestidos Genérico Althaia (C1),"60,68","19,90",-67.2%,"19,90",-67.2%
São João,Disponível,355.0,13,78905030.0,Leite de Magnésia Hortelã 120ml,"20,99","20,99",-0.0%,"20,99",-0.0%
São João,Esgotado,355.0,12,0.0,Fixare Pro 30 Comprimidos Efervescentes Sigma Pharma,0,0,0,0,0
São João,Disponível,355.0,13,7896094201644.0,"Pozato Uni 1,5mg 1 Comprimido Libbs","37,51","22,90",-38.9%,"22,90",-38.9%
São João,Esgotado,355.0,13,0.0,Caverject 20mcg,0,0,0,0,0
São João,Esgotado,355.0,12,0.0,Creme Dental Daudt Malvatrikids F-Infantil 70g,0,0,0,0,0
São João,Esgotado,355.0,12,0.0,"Ceftriaxona Sódica Solução Intramuscular 1 Frasco-ampola De 3,5ml",0,0,0,0,0
São João,Esgotado,355.0,15,0.0,Agoxom 25mg 28 Comprimidos Servier (C1),0,0,0,0,0
São João,Disponível,355.0,14,7896637023658.0,Miosan 5mg 10 Comprimidos Revestidos,"20,15","20,15",-0.0%,"20,15",-0.0%
São João,Disponível,355.0,12,7896004728858.0,Rosuvastatina 20mg 30 Comprimidos Revestidos Genérico EMS,"210,55","24,90",-88.2%,"24,90",-88.2%
São João,Disponível,355.0,15,7896637031943.0,Flancox 400mg 20 Comprimidos Revestidos Apsen,"64,50","56,59",-12.3%,"56,59",-12.3%
São João,Disponível,355.0,13,7897595901316.0,Gardenal 50mg 20 Comprimidos Sanofi (B1),"20,16","17,99",-10.8%,"17,99",-10.8%
São João,Disponível,355.0,15,7896658021749.0,Adipept 40mg 42 Comprimidos Revestidos,"73,62","61,79",-16.1%,"61,79",-16.1%
São João,Esgotado,355.0,13,0.0,Lide Nimesulida Betaciclodextrina 400mg 10 Comprimidos Biolab,0,0,0,0,0
São João,Disponível,355.0,14,7896006290216.0,"Clilon Solução Oftálmica 0,4% 5ml Aché","47,65","40,79",-14.4%,"40,79",-14.4%
São João,Disponível,355.0,12,7896523226811.0,Azitromicina Genérico Cimed 500mg 5 Comprimidos Revestidos,"46,62","14,90",-68.0%,"14,90",-68.0%
São João,Disponível,355.0,12,7896004715032.0,Lisador Farmasa 500mg + 5mg + 10mg 4 Comprimidos,"21,90","20,59",-6.0%,"20,59",-6.0%
São João,Disponível,355.0,13,7896862993535.0,Paracetamol 750mg 20 Comprimidos Genérico Medquímica,"16,50","9,90",-40.0%,"9,90",-40.0%
São João,Disponível,355.0,12,7898040321338.0,Utrogestan 200mg 42 Cápsulas Moles,"85,16","70,79",-16.9%,"70,79",-16.9%
São João,Esgotado,355.0,13,0.0,Floral Thérapi To tranquilo 30ml,0,0,0,0,0
São João,Disponível,354.0,14,7896016806247.0,Naldecon Multi 4 comprimidos,"14,80","14,80",-0.0%,"14,80",-0.0%
São João,Disponível,354.0,12,7896094206366.0,Procimax 40mg 28 Comprimidos Libbs (C1),"84,02","69,49",-17.3%,"69,49",-17.3%
São João,Disponível,354.0,13,7891317455040.0,Sonic 100mg 30 Comprimidos Eurofarma (C1),"31,03","27,59",-11.1%,"27,59",-11.1%
São João,Esgotado,354.0,12,0.0,Spiriva Respimat 4Ml 60 Doses Boehringer,0,0,0,0,0
São João,Esgotado,354.0,13,0.0,"Clavulin BD 200mg+28,5mg Suspensão 70ml GSK",0,0,0,0,0
São João,Disponível,354.0,15,7891106915960.0,"Kyleena 19,5mg DIU com Insertor Bayer","1650,22","1209,99",-26.7%,"1209,99",-26.7%
São João,Disponível,354.0,14,7896637022569.0,Riscard 500Mg 60 Comprimidos Biolab,"74,30","62,29",-16.2%,"62,29",-16.2%
São João,Disponível,354.0,13,7891058001667.0,Amiodarona 200mg Genérico Medley 30 Comprimidos,"21,12","18,99",-10.1%,"18,99",-10.1%
São João,Disponível,354.0,15,7896004784342.0,Fexofenadina 180mg 10 Comprimidos Revestidos Genérico EMS,"62,23","19,90",-68.0%,"19,90",-68.0%
São João,Disponível,354.0,12,7896112421498.0,Xefo 8mg 20 Comprimidos Revestidos Biolab,"53,68","47,09",-12.3%,"47,09",-12.3%
São João,Disponível,354.0,12,7896422517041.0,"Alprazolam 0,25mg 30 Comprimidos Genérico Medley (B1)","70,26","29,90",-57.4%,"29,90",-57.4%
São João,Esgotado,354.0,12,0.0,Celebra Ad 100mg 20 Cápsulas Upjohn (C1),0,0,0,0,0
São João,Disponível,354.0,13,7896004731308.0,"Carvedilol 12,5mg 30 Comprimidos Genérico Medley","70,08","22,99",-67.2%,"22,99",-67.2%
São João,Disponível,354.0,13,7896004704999.0,Dexclorfeniramina + Betametasona Xarope 120ml Genérico EMS,"24,20","18,59",-23.2%,"18,59",-23.2%
São João,Disponível,354.0,14,7896637023115.0,Novocilin 875mg 14 Comprimidos,"29,28","26,89",-8.2%,"26,89",-8.2%
São João,Disponível,354.0,14,7896523212319.0,Simeticona Gotas 15ml Genérico Medley,"5,99","5,19",-13.4%,"5,19",-13.4%
São João,Esgotado,354.0,14,0.0,Montelair 4Mg 60 Saches 350G Ache,0,0,0,0,0
São João,Disponível,354.0,13,7898906376410.0,Avide 100mg 9 Cápsulas Duras,"55,60","50,89",-8.5%,"50,89",-8.5%
São João,Disponível,354.0,15,7896014681426.0,"Olmy HCT 40+12,5mg 60 Comprimidos Revestidos Germed","1096,22","105,23",-90.4%,"105,23",-90.4%
São João,Disponível,353.0,15,7896658030208.0,Mestinon Cellera 60mg 60 Comprimidos,"80,55","66,79",-17.1%,"66,79",-17.1%
São João,Disponível,353.0,13,7898040321338.0,Utrogestan 200mg 14 Cápsulas Moles,"85,16","70,79",-16.9%,"70,79",-16.9%
São João,Disponível,353.0,15,7896714234564.0,Doxazosina 4mg 30 Comprimidos Genérico Neo Química,"23,89","9,99",-58.2%,"9,99",-58.2%
São João,Esgotado,353.0,13,0.0,Fledoid 300 40g Pomada Fqm,0,0,0,0,0
São João,Esgotado,353.0,12,0.0,Celebra AD 200mg 15 Cápsulas Upjohn (C1),0,0,0,0,0
São João,Disponível,353.0,14,7891045031493.0,Elifore 100mg 28 Comprimidos Revestidos Pfizer (C1),"195,02","117,01",-40.0%,"117,01",-40.0%
São João,Disponível,353.0,13,7896112408970.0,Fluvoxamina 100mg 60 Comprimidos Revestidos Genérico Biolab (C1),"230,29","184,23",-20.0%,"184,23",-20.0%
São João,Esgotado,353.0,13,0.0,Culturelle Junior 30 Sachês Cellera,0,0,0,0,0
São João,Esgotado,353.0,13,0.0,Dorflex Solução Oral Opella 20ml,0,0,0,0,0
São João,Disponível,353.0,15,7897411610620.0,Codeína 60mg 30 Comprimidos Cristália,"87,73","70,18",-20.0%,"70,18",-20.0%
São João,Disponível,353.0,12,7894916508513.0,Don 5mg 30 Comprimidos Revestidos Eurofarma (C1),"80,15","80,15",-0.0%,"80,15",-0.0%
São João,Esgotado,353.0,14,0.0,"Trajenta Duo 2,5mg+500mg 60 Comprimidos Boehringer",0,0,0,0,0
São João,Disponível,353.0,14,7891317017378.0,Cloridrato De Sertralina 25mg Genérico Eurofarma 30 Comprimidos Revestidos (C1),"80,69","42,09",-47.8%,"42,09",-47.8%
São João,Disponível,353.0,15,7896637032247.0,Lactosil Flora 8 Cápsulas,"126,90","86,90",-31.5%,"86,90",-31.5%
São João,Disponível,353.0,12,7896523210759.0,Maleato De Enalapril 10mg Genérico Cimed 30 Comprimidos,"21,17","3,99",-81.2%,"3,99",-81.2%
São João,Disponível,353.0,14,7896004705866.0,Acertil 10mg 60 Comprimidos Servier,"69,32","29,90",-56.9%,"29,90",-56.9%
São João,Esgotado,353.0,14,0.0,Óleo Essencial Therapi 10ml com Perfume de Flor,0,0,0,0,0
São João,Disponível,353.0,15,7896004703596.0,Paracetamol + Codeína 12 Comprimidos Genérico Biolab (A2),"23,22","13,49",-41.9%,"13,49",-41.9%
São João,Disponível,352.0,13,7896004705736.0,Cetoprofeno 50mg Genérico Medley 24 Cápsulas,"40,35","18,90",-53.2%,"18,90",-53.2%
São João,Esgotado,352.0,13,0.0,Daktarin Gel Oral 40g Johnson &amp; Johnson,0,0,0,0,0
São João,Disponível,352.0,15,7896094928046.0,Moratus 20mg 30 Comprimidos Revestidos Medley (C1),"22,99","20,99",-8.7%,"20,99",-8.7%
São João,Disponível,352.0,16,7896422519830.0,Ibuprofeno Suspensão Oral 100mg/5ml 20ml Genérico Geolab,"19,12","10,79",-43.6%,"10,79",-43.6%
São João,Esgotado,352.0,13,0.0,Hidrali 500ml Tutti-Frutti,0,0,0,0,0
São João,Disponível,352.0,12,7896637023658.0,Dolamin Flex 125+5mg 15 Comprimidos Revestidos FQM,"20,15","20,15",-0.0%,"20,15",-0.0%
São João,Disponível,352.0,12,7896422501651.0,Tadalafila 5mg 28 Comprimidos Revestidos Genérico Neo Química,"99,22","32,90",-66.8%,"32,90",-66.8%
São João,Esgotado,352.0,14,0.0,Silimalon 140 100 + 140mg 60 Comprimidos Zydus,0,0,0,0,0
São João,Disponível,352.0,13,7891317036966.0,Praiva 400mg 5 Comprimidos Revestidos Eurofarma,"172,18","143,39",-16.7%,"143,39",-16.7%
São João,Esgotado,352.0,14,0.0,"Glamigan 0,3mg/ml 3 mL Colírio Legrand",0,0,0,0,0
São João,Disponível,352.0,14,7896004713014.0,Topiramato 50mg 60 Comprimidos Revestidos Genérico EMS (C1),"197,04","38,24",-80.6%,"38,24",-80.6%
São João,Disponível,352.0,14,7896004713922.0,"Losartana + Hidroclorotiazida 50mg + 12,5mg 30 Comprimidos Revestidos Genérico Sandoz","70,73","32,49",-54.1%,"32,49",-54.1%
São João,Disponível,352.0,13,7896637022767.0,Entresto 97mg/103mg 60 Comprimidos Revestidos,"61,13","52,09",-14.8%,"52,09",-14.8%
São João,Esgotado,352.0,14,0.0,Bio GG 10BI/1 000UI 30 Cápsulas,0,0,0,0,0
São João,Esgotado,352.0,13,0.0,"Zomig Grünenthal 2,5mg 2 Cápsulas",0,0,0,0,0
São João,Esgotado,352.0,13,0.0,Algicod 500+30mg 36 Comprimidos Momenta (A2),0,0,0,0,0
São João,Esgotado,352.0,14,0.0,Decadron 120ml Elixir Aché,0,0,0,0,0
São João,Esgotado,352.0,14,0.0,Slow-K Genom 600mg 20 Drágeas,0,0,0,0,0
São João,Esgotado,352.0,13,0.0,Vick Drops Sabor Mentol 5 Pastilhas,0,0,0,0,0
São João,Disponível,352.0,12,7896004703596.0,Paracetamol + Codeína 24 Comprimidos Genérico Eurofarma (A2),"23,22","13,49",-41.9%,"13,49",-41.9%
São João,Esgotado,352.0,14,0.0,HPMix 40mg 125ml Suspensão Oral + Seringa Dosadora Aché,0,0,0,0,0
São João,Esgotado,352.0,12,0.0,Soliqua 10-40 Solostar 3Ml Sanofi,0,0,0,0,0
São João,Disponível,352.0,14,7896523201528.0,Succinato De Metoprolol 25mg Genérico Medley 30 Comprimidos Revestidos,"32,78","15,49",-52.7%,"15,49",-52.7%
São João,Disponível,351.0,14,7891317482541.0,"Amora 2,0 + 0,030mg 63 Comprimidos Revestidos Eurofarma","1110,02","149,99",-86.5%,"149,99",-86.5%
São João,Disponível,351.0,14,7898216360727.0,Secnidazol 1000mg Genérico Pharlab 2 Comprimidos,"22,94","14,90",-35.0%,"14,90",-35.0%
São João,Disponível,351.0,12,7897411610620.0,Benicar HCT 40mg+25mg 30 Comprimidos Sankyo,"87,73","70,18",-20.0%,"70,18",-20.0%
São João,Disponível,351.0,12,7894916510011.0,Bramicar HCT 80mg+25mg 30 Comprimidos Sigma Pharma,"106,25","106,25",-0.0%,"106,25",-0.0%
São João,Disponível,351.0,13,7896637022767.0,Reconter 20mg 60 Comprimidos Revestidos,"61,13","52,09",-14.8%,"52,09",-14.8%
São João,Esgotado,351.0,12,0.0,"Exelring 11mg + 3,474mg 1 Anel Vaginal",0,0,0,0,0
São João,Esgotado,351.0,16,0.0,Amoxil TID 500mg 21 Cápsulas GSK,0,0,0,0,0
São João,Disponível,351.0,12,7896241293669.0,Zetia 10mg 30 Comprimidos Supera,"39,75","29,79",-25.1%,"29,79",-25.1%
São João,Esgotado,351.0,13,0.0,Litocit 15 Meq 60 Comprimidos,0,0,0,0,0
São João,Disponível,351.0,16,7897004711062.0,Aripiprazol 15mg 30 Comprimidos Genérico Sandoz (C1),"296,67","129,90",-56.2%,"129,90",-56.2%
São João,Esgotado,351.0,14,0.0,Sonridor Caf 2 Comprimidos Avulso,0,0,0,0,0
São João,Disponível,351.0,16,7891058003241.0,Clexane Safety Lock 40mg Injetável 2 Seringas Sanofi,"270,85","210,51",-22.3%,"210,51",-22.3%
São João,Esgotado,351.0,14,0.0,NasoneW Aires Jato Forte Spray 100ml Airela,0,0,0,0,0
São João,Disponível,351.0,14,7896658025129.0,Prolive 1 000 000 000UFC 30 Cápsulas,"89,99","89,99",-0.0%,"89,99",-0.0%
São João,Esgotado,351.0,15,0.0,Novalgina Infantil Opella 5 Supositórios,0,0,0,0,0
São João,Disponível,351.0,13,7896004731261.0,"Carvedilol 3,125mg 30 Comprimidos Genérico Biosintética","52,05","19,90",-61.8%,"19,90",-61.8%
São João,Disponível,351.0,13,7891317465650.0,"Neovlar  0,25mg + 0,05mg 63 comprimidos","75,40","64,59",-14.3%,"64,59",-14.3%
São João,Disponível,351.0,14,7891058001155.0,Novalgina Dipirona  Dor e Febre 500mg 30 Comprimidos,"25,43","19,99",-21.4%,"19,99",-21.4%
São João,Disponível,351.0,13,7899547521276.0,Escitalopram Oxalato Genérico Prati C1 30 Comprimidos Revestidos 10 mg,"52,48","24,89",-52.6%,"24,89",-52.6%
São João,Disponível,350.0,14,7896004705330.0,Simeticon Solução Oral Morango 15ml,"17,65","10,90",-38.2%,"10,90",-38.2%
São João,Disponível,350.0,14,7894916510004.0,"Bramicar HCT 40mg+12,5mg 30 Comprimidos Sigma Pharma","106,25","106,25",-0.0%,"106,25",-0.0%
São João,Disponível,350.0,13,7896009498459.0,Advil 400mg 3 Cápsulas Moles,"50,80","33,00",-35.0%,"33,00",-35.0%
São João,Esgotado,350.0,12,0.0,TYLENOL 750MG MULTIPLAS DORES BLISTER (4cp x 25),0,0,0,0,0
São João,Disponível,350.0,13,7896637022767.0,Reconter 15mg 30 Comprimidos Revestidos,"61,13","52,09",-14.8%,"52,09",-14.8%
São João,Disponível,350.0,13,7896658015113.0,Literata 300mg 60 Comprimidos Cristália (C1),"217,88","198,49",-8.9%,"198,49",-8.9%
São João,Esgotado,350.0,13,0.0,"Xarope Aloff 0,5mg/ml 60ml Momenta",0,0,0,0,0
São João,Esgotado,350.0,13,0.0,Fly250 250mg 20 Cápsulas,0,0,0,0,0
São João,Esgotado,350.0,13,0.0,Vidisic Gel Gel Oftálmico 10g,0,0,0,0,0
São João,Esgotado,350.0,12,0.0,"Belara 2 + 0,03mg 21 + 7 Comprimidos Gedeon",0,0,0,0,0
São João,Disponível,350.0,13,7896004727776.0,Amitriptilina 75mg 30 Comprimidos Revestidos Genérico EMS (C1),"23,60","8,99",-61.9%,"8,99",-61.9%
São João,Esgotado,350.0,14,0.0,Clabat 25mg/mL (125mg/5 mL) Sigma Pharma,0,0,0,0,0
São João,Disponível,350.0,15,7894916508506.0,Prosoy 30mg 6 comprimidos revestidos FQM (Controlado 1),"68,82","68,82",-0.0%,"68,82",-0.0%
São João,Esgotado,350.0,13,0.0,Ceclor Solução Oral 100ml,0,0,0,0,0
São João,Disponível,349.0,13,7896004743745.0,Rosuvastatina 5mg 30 Comprimidos Revestidos Genérico Biosintética,"83,42","17,49",-79.0%,"17,49",-79.0%
São João,Esgotado,349.0,13,0.0,Penetro Gel 30 g Megalabs,0,0,0,0,0
São João,Disponível,349.0,13,7896004703305.0,Besilato De Anlodipino 5mg Genérico Novartis 30 Comprimidos,"33,86","7,99",-76.4%,"7,99",-76.4%
São João,Disponível,349.0,14,7896094210714.0,Reconter ODT 15mg 30 Comprimidos Libbs (C1),"185,74","148,59",-20.0%,"148,59",-20.0%
São João,Disponível,349.0,13,7891058003944.0,Dorflex Analgésico Relaxante Muscular Max Dipirona Dor no Corpo Intensa 600mg + 70mg + 100mg 8 Compr,"16,59","16,59",-0.0%,"16,59",-0.0%
São João,Disponível,349.0,12,7896658021749.0,Cialis 20mg 4 Comprimidos Revestidos Lilly,"73,62","61,79",-16.1%,"61,79",-16.1%
São João,Disponível,349.0,13,7896422504812.0,Clotrimazol Creme Dermatológico 10mg 20g Genérico Medley,"18,70","14,90",-20.3%,"14,90",-20.3%
São João,Disponível,349.0,13,7896004703305.0,Concor Anlo 10+5mg 30 Comprimidos Merck,"33,86","7,99",-76.4%,"7,99",-76.4%
São João,Esgotado,349.0,13,0.0,Figatil Solução Oral Concentrada 150ml,0,0,0,0,0
São João,Disponível,349.0,14,7896094210714.0,Vatis 300mg 90 Comprimidos Libbs,"185,74","148,59",-20.0%,"148,59",-20.0%
São João,Disponível,349.0,13,7896658000393.0,Maxsulid 400mg 10 Comprimidos Farmasa,"56,36","49,09",-12.9%,"49,09",-12.9%
São João,Esgotado,349.0,13,0.0,Nazzo Inf 120ml+30 Sachês Supera,0,0,0,0,0
São João,Disponível,349.0,14,7896004709833.0,Lansoprazol 30mg 28 Cápsulas Genérico Germed,"136,07","89,90",-33.9%,"89,90",-33.9%
São João,Disponível,349.0,15,7896006290216.0,Lacrifilm Solução Oftalmológica 10ml,"47,65","40,79",-14.4%,"40,79",-14.4%
São João,Disponível,349.0,13,7896658008849.0,Synthroid 25mcg 30 Comprimidos,"33,99","30,09",-11.5%,"30,09",-11.5%
São João,Esgotado,349.0,13,0.0,Humulin R Insulina Lilly 2 Refis de 3ml,0,0,0,0,0
São João,Esgotado,349.0,12,0.0,Tratamento da Vaginose Bacteriana Gino-Canesten Balance,0,0,0,0,0
São João,Disponível,349.0,12,7896523201887.0,Probenxil 50mg 20 Comprimidos Cimed,"27,67","5,99",-78.4%,"5,99",-78.4%
São João,Disponível,349.0,13,7891317458867.0,Dicloridrato De Levocetirizina 5mg Genérico Eurofarma 10 Comprimidos Revestidos,"909,92","199,90",-78.0%,"199,90",-78.0%
São João,Disponível,349.0,13,7898148300556.0,Claritromicina 500mg 14 Comprimidos Revestidos Genérico Pharlab,"28,41","25,89",-8.9%,"25,89",-8.9%
São João,Disponível,349.0,14,7896523200118.0,Valsartana + Anlodipino 160mg + 5mg 28 Comprimidos Revestidos Genérico Sandoz,"65,71","34,49",-47.5%,"34,49",-47.5%
São João,Disponível,349.0,14,7896094208674.0,Aymee 40mg 30 Comprimidos Revestidos Libbs (C1),"182,45","127,72",-30.0%,"127,72",-30.0%
São João,Esgotado,349.0,12,0.0,Gardenal Solução Oral 20ml,0,0,0,0,0
São João,Disponível,349.0,12,7896004737225.0,Orlistate 120mg 84 Cápsulas Genérico EMS,"428,81","206,19",-51.9%,"206,19",-51.9%
São João,Disponível,349.0,14,7896004706313.0,Tenoxicam 20mg 10 Comprimidos Genérico EMS,"27,79","10,21",-63.3%,"10,21",-63.3%
São João,Esgotado,348.0,14,0.0,Jogger 500+400mg 90 Cápsulas Biosintética,0,0,0,0,0
São João,Disponível,348.0,13,7899547504521.0,Furosemida 40mg 20 Comprimidos Genérico Prati-Donaduzzi,"8,86","4,90",-44.7%,"4,90",-44.7%
São João,Disponível,348.0,13,7896658027703.0,"Libiam 2,5mg 84 Comprimidos","65,89","55,99",-15.0%,"55,99",-15.0%
São João,Esgotado,348.0,15,0.0,Tamarine Fibras Pó para Solução Oral 250g,0,0,0,0,0
São João,Disponível,348.0,15,7896016806247.0,Naldecon Pack Dia e Noite 6 Comprimidos,"14,80","14,80",-0.0%,"14,80",-0.0%
São João,Disponível,348.0,14,7896009498459.0,Advil 400mg 20 Cápsulas Moles,"50,80","33,00",-35.0%,"33,00",-35.0%
São João,Disponível,348.0,13,7891142981363.0,Predsim 20mg 20 Comprimidos Mantecorp,"39,94","36,49",-8.6%,"36,49",-8.6%
São João,Disponível,348.0,13,7896641808982.0,Dexilant 30mg 30 Cápsulas,"128,20","103,89",-19.0%,"103,89",-19.0%
São João,Esgotado,348.0,14,0.0,Mitrul 15Mg Adium com 10 Cápsulas,0,0,0,0,0
São João,Esgotado,348.0,16,0.0,Mitrul 15Mg 5 Cápsulas Adium,0,0,0,0,0
São João,Esgotado,348.0,13,0.0,Seretide Spray 25mcg + 125mcg 120 Doses,0,0,0,0,0
São João,Esgotado,348.0,13,0.0,Striverdi Respimat Boehringer  4Ml,0,0,0,0,0
São João,Disponível,348.0,12,7896714234564.0,Diazepam 5mg 30 Comprimidos Genérico Neo Química (B1),"23,89","9,99",-58.2%,"9,99",-58.2%
São João,Disponível,348.0,14,7896637023658.0,Isoy 10mg 30 Comprimidos Revestidos FQM (B1),"20,15","20,15",-0.0%,"20,15",-0.0%
São João,Esgotado,348.0,14,0.0,Vick Inalador Procter,0,0,0,0,0
São João,Disponível,348.0,14,7896637022569.0,Dry 5mg 60 Comprimidos Cristália,"74,30","62,29",-16.2%,"62,29",-16.2%
São João,Esgotado,348.0,13,0.0,Betalor Biosintética 5mg + 25mg 30 Comprimidos,0,0,0,0,0
São João,Disponível,348.0,14,8903855085241.0,Dorene 150mg 30 Cápsulas Aché (C1),"288,56","230,85",-20.0%,"230,85",-20.0%
São João,Disponível,348.0,12,7897460401422.0,Silimalon 70 + 100mg 4 Comprimidos Zydus Av,"80,87","80,87",-0.0%,"80,87",-0.0%
São João,Disponível,348.0,12,7894916372770.0,Loratadina Xarope 100ml Genérico EMS,"46,40","21,89",-52.8%,"21,89",-52.8%
São João,Disponível,348.0,13,7896637031943.0,"Lacass 66,66mg 14 Comprimidos Arese","64,50","56,59",-12.3%,"56,59",-12.3%
São João,Disponível,348.0,12,7896523209845.0,Amytril 25mg 60 Comprimidos Supera (C1),"15,48","1,99",-87.1%,"1,99",-87.1%
São João,Esgotado,348.0,15,0.0,Otosporin Solução Farmoquímica 10Ml,0,0,0,0,0
São João,Disponível,348.0,14,7896255764384.0,Ritmonorm 300Mg 30 Comprimidos Revestidos Abbott,"150,64","120,51",-20.0%,"120,51",-20.0%
São João,Disponível,348.0,13,7898569763015.0,Olmesartana Genérico EMS 20mg 30 Comprimidos Revestidos,"46,46","27,90",-39.9%,"27,90",-39.9%
São João,Disponível,348.0,16,7896004706795.0,Losartana + HCT 100mg + 25mg 30 Comprimidos Revestidos Genérico EMS,"21,73","3,90",-82.1%,"3,90",-82.1%
São João,Disponível,348.0,13,7891158101755.0,Divalproato de Sódio 250mg 30 Comprimidos Revestidos Genérico Eurofarma (C1),"101,39","71,39",-29.6%,"71,39",-29.6%
São João,Disponível,348.0,13,7896094203044.0,"Repopil 2+0,035mg 63 Comprimidos Revestidos Legrand","229,49","160,64",-30.0%,"160,64",-30.0%
São João,Disponível,348.0,13,7891317412692.0,Colic Calm Suspensão Oral 59ml,"57,34","52,19",-9.0%,"52,19",-9.0%
São João,Disponível,347.0,12,7894916502641.0,Clo 25mg 30 Comprimidos Revestidos Sigma Pharma (C1),"45,40","40,09",-11.7%,"40,09",-11.7%
São João,Disponível,347.0,15,7896241293669.0,Synthroid 100mcg 30 Comprimidos,"39,75","29,79",-25.1%,"29,79",-25.1%
São João,Esgotado,347.0,14,0.0,"Mirugell 4mg/ml + 3mg/ml + 1,8mg/ml Solução Oftálmica 5ml",0,0,0,0,0
São João,Disponível,347.0,13,7896004706306.0,Prednisona Genérico EMS 5mg 20 Comprimidos,"19,01","13,90",-26.9%,"13,90",-26.9%
São João,Disponível,347.0,15,7899547543919.0,"Sulfato De Neomicina 3,5mg/g Genérico Prati Creme Dermatológico 20g","21,29","14,90",-30.0%,"14,90",-30.0%
São João,Disponível,347.0,12,7896523214627.0,Ciclobenzaprina 5mg 30 Comprimidos Revestidos Genérico Cimed,"25,46","15,99",-37.2%,"15,99",-37.2%
São João,Disponível,347.0,12,7896637023979.0,Primid 100mg 100 Comprimidos Apsen (C1),"132,71","132,71",-0.0%,"132,71",-0.0%
São João,Disponível,347.0,13,7896004784083.0,Isossorbida 20mg 30 Comprimidos Genérico Biosintética,"90,64","49,90",-44.9%,"49,90",-44.9%
São João,Disponível,347.0,14,7896658027130.0,Olmecor Triplo 40+10+25mg 30 comprimidos revestidos Torrent,"131,87","106,99",-18.9%,"106,99",-18.9%
São João,Disponível,347.0,14,7894916508513.0,Concor 5mg 30 Comprimidos Revestidos Merck,"80,15","80,15",-0.0%,"80,15",-0.0%
São João,Disponível,347.0,13,7896637022835.0,Rahime 8mg 10 Comprimidos Revestidos Apsen (C1),"62,81","33,90",-46.0%,"33,90",-46.0%
São João,Esgotado,347.0,13,0.0,Anador 500mg 20ml,0,0,0,0,0
São João,Esgotado,347.0,13,0.0,Zymar XD Solução Oftálmica 3ml Allergan,0,0,0,0,0
São João,Esgotado,347.0,12,0.0,Manivasc 20mg 28 Comprimidos Chiesi,0,0,0,0,0
São João,Esgotado,347.0,12,0.0,Floral Thérapi Sonho Bom 30ml,0,0,0,0,0
São João,Disponível,347.0,15,7896637023658.0,Osteoban 150mg 3 Comprimidos Revestidos,"20,15","20,15",-0.0%,"20,15",-0.0%
São João,Esgotado,347.0,12,0.0,Supositório de Glicerina Infantil 12 Unidades,0,0,0,0,0
São João,Disponível,347.0,13,7899095238671.0,Escitalopram 10mg 30 Comprimidos Revestidos Genérico Geolab (C1),"69,32","29,90",-56.9%,"29,90",-56.9%
São João,Disponível,346.0,14,7896714205182.0,Propranolol 40mg 30 Comprimidos Genérico Neo Química,"6,86","4,99",-27.3%,"4,99",-27.3%
São João,Disponível,346.0,14,7897595635655.0,Vildagliptina + Metformina 50mg + 500mg 60 Comprimidos Revestidos Genérico Althaia,"240,05","99,90",-58.4%,"99,90",-58.4%
São João,Disponível,346.0,15,7896094903289.0,Epocler Hypera Pharma 10ml,"4,68","4,68",-0.0%,"4,68",-0.0%
São João,Disponível,346.0,14,7896637022552.0,Lefor 5mg 30 Comprimidos EMS,"44,74","39,29",-12.2%,"39,29",-12.2%
São João,Disponível,346.0,12,7894916500869.0,Sucrafilm 1g 30 Comprimidos Sigma,"76,21","65,19",-14.5%,"65,19",-14.5%
São João,Esgotado,346.0,12,0.0,Gelol Gel Dermatológico 60g,0,0,0,0,0
São João,Disponível,346.0,13,7896165600406.0,Pentasa 2g 30saches Ferring,"884,82","884,82",-0.0%,"884,82",-0.0%
São João,Esgotado,346.0,13,0.0,Keflex 500Mg 100Ml Bago,0,0,0,0,0
São João,Disponível,346.0,13,7897595604927.0,Cefadroxila 500mg 8 Cápsulas Genérico Sandoz,"52,56","23,59",-55.1%,"23,59",-55.1%
São João,Disponível,346.0,14,7896004731285.0,"Carvedilol 6,25mg 30 Comprimidos Genérico Medley","60,51","19,79",-67.3%,"19,79",-67.3%
São João,Esgotado,346.0,12,0.0,Sal Amargo Purificado Avulso 15g,0,0,0,0,0
São João,Esgotado,346.0,13,0.0,Levty 8 Comprimidos Mastigáveis Ache,0,0,0,0,0
São João,Disponível,346.0,13,7896658005305.0,Flogoral Colutório Menta 250ml Aché,"42,28","39,19",-7.3%,"39,19",-7.3%
São João,Esgotado,346.0,14,0.0,Polaramine Solução Oral 120ml,0,0,0,0,0
São João,Esgotado,346.0,13,0.0,Buscopan 10mg 20 Drágeas,0,0,0,0,0
São João,Esgotado,346.0,12,0.0,Magnazia 240mL Cimed,0,0,0,0,0
São João,Disponível,346.0,12,7894916508940.0,Glunac Duo 850mg 60 Comprimidos Brace Pharma,"98,37","98,37",-0.0%,"98,37",-0.0%
São João,Disponível,346.0,12,7896714213040.0,Loratadina 10mg 12 Comprimidos Genérico Neo Química,"52,45","16,39",-68.8%,"16,39",-68.8%
São João,Disponível,346.0,14,7896637022767.0,Restitue 40mg 60 Comprimidos Revestidos,"61,13","52,09",-14.8%,"52,09",-14.8%
São João,Esgotado,346.0,13,0.0,"Combfix 37,5/325mg 30 Comprimidos Biosintética (A2)",0,0,0,0,0
São João,Disponível,346.0,13,7898967006141.0,Restiva 5mg Adesivos Transdérmicos 2 Unidades,"146,38","119,09",-18.6%,"119,09",-18.6%
São João,Disponível,346.0,14,7891058005672.0,"Naratriptana 2,5mg 4 Comprimidos Genérico Medley","68,04","44,90",-34.0%,"44,90",-34.0%
São João,Esgotado,346.0,14,0.0,Analgésico Flanax 550mg Bayer  Dores Intensas  com 2 comprimidos,0,0,0,0,0
São João,Esgotado,346.0,13,0.0,Rinosoro Alto Volume Infantil 15 Sachês Farmasa,0,0,0,0,0
São João,Disponível,346.0,13,7894916508933.0,Sitglu 50mg 30 Comprimidos Brace Pharma,"98,37","98,37",-0.0%,"98,37",-0.0%
São João,Esgotado,346.0,14,0.0,Duphalac Xarope 200ml,0,0,0,0,0
São João,Disponível,346.0,14,7891158101656.0,Rivacrist 15mg 14 Comprimidos Revestidos Abbott,"145,18","145,18",-0.0%,"145,18",-0.0%
São João,Disponível,346.0,15,7899095237957.0,Oxcarbazepina 300mg 60 Comprimidos Revestidos Genéricos Ranbaxy (C1),"230,01","74,90",-67.4%,"74,90",-67.4%
São João,Disponível,346.0,13,7894916510004.0,Sitglu Met 1000mg 56 Comprimidos Brace Pharma,"106,25","106,25",-0.0%,"106,25",-0.0%
São João,Disponível,345.0,14,7891058005665.0,Ramipril 5mg 30 Comprimidos Genérico Medley,"22,13","12,90",-41.7%,"12,90",-41.7%
São João,Disponível,345.0,14,7891317425869.0,Viagra 50mg 4 Comprimidos Revestidos,"14,53","14,53",-0.0%,"14,53",-0.0%
São João,Esgotado,345.0,13,0.0,Femiane 75mgc 21 Drágeas,0,0,0,0,0
São João,Disponível,345.0,14,7897337716208.0,Cerazette 75mcg 84 Comprimidos Revestidos,"146,57","99,66",-32.0%,"99,66",-32.0%
São João,Esgotado,345.0,13,0.0,Gamatop 30G Herbarium,0,0,0,0,0
São João,Disponível,345.0,13,7896637023641.0,Flexalgin 30 Comprimidos,"52,76","46,49",-11.9%,"46,49",-11.9%
São João,Esgotado,345.0,12,0.0,Toragesic Oftálmico 5mg/ml 5ml Legrand,0,0,0,0,0
São João,Esgotado,345.0,12,0.0,Lidocaína Gel 2% 30g Genérico Pharlab,0,0,0,0,0
São João,Esgotado,345.0,13,0.0,Pomada Lidocaína 5% 25g Lidopass Laranja Cimed,0,0,0,0,0
São João,Disponível,345.0,12,7896004703466.0,Finasterida 1mg 60 Comprimidos Revestidos Genérico EMS,"133,92","52,39",-60.9%,"52,39",-60.9%
São João,Disponível,345.0,14,7894916501408.0,Nivux 100mg+20mg 12 Comprimidos Sigma Pharma,"77,73","64,19",-17.4%,"64,19",-17.4%
São João,Esgotado,345.0,15,0.0,Ancoron Libbs 200mg 30ml,0,0,0,0,0
São João,Disponível,345.0,13,7899095237957.0,Oxcarbazepina 300mg 60 Comprimidos Revestidos Genérico Medley (C1),"230,01","74,90",-67.4%,"74,90",-67.4%
São João,Disponível,345.0,13,7896004719597.0,Amoxicilina + Clavulanato de Potássio 875mg 20 Comprimidos Revestidos Genérico EMS,"194,22","138,89",-28.5%,"138,89",-28.5%
São João,Esgotado,345.0,15,0.0,Pedialyte Max 500ml Uva com Zinco Abbott,0,0,0,0,0
São João,Disponível,345.0,12,7896016807251.0,Crestor 40mg 30 Comprimidos Revestidos Astrazeneca,"177,06","141,65",-20.0%,"141,65",-20.0%
São João,Disponível,345.0,14,7898029556812.0,Natrilix SR 60 Comprimidos Revestidos Servier,"86,84","70,59",-18.7%,"70,59",-18.7%
São João,Disponível,345.0,13,7896004701820.0,Diclofenaco Sódico Genérico EMS 50mg 20 Comprimidos,"28,48","16,39",-42.5%,"16,39",-42.5%
São João,Disponível,345.0,12,7896637023658.0,Dramin B6 50mg/10mg 30 Comprimidos Revestidos,"20,15","20,15",-0.0%,"20,15",-0.0%
São João,Disponível,345.0,14,7896658005305.0,Ciflogex Menta Spray 30ml,"42,28","39,19",-7.3%,"39,19",-7.3%
São João,Esgotado,345.0,13,0.0,Glutezym Protease 6 Cápsulas Maxinutri,0,0,0,0,0
São João,Disponível,345.0,12,7891317425869.0,Vast 40mg 30 Comprimidos Revestidos Eurofarma,"14,53","14,53",-0.0%,"14,53",-0.0%
São João,Disponível,345.0,15,7894916510011.0,"Bramicar HCT 80mg+12,5mg 60 Comprimidos Sigma Pharma","106,25","106,25",-0.0%,"106,25",-0.0%
São João,Disponível,345.0,12,7896004724102.0,Nortriptilina 25mg 30 Cápsulas Genérico Ranbaxy (C1),"218,80","138,19",-36.8%,"138,19",-36.8%
São João,Disponível,345.0,12,7897076914088.0,Esomeprazol Magnésico 40mg Genérico Ranbaxy 28 Comprimidos Revestidos,"298,41","99,90",-66.5%,"99,90",-66.5%
São João,Esgotado,345.0,15,0.0,Supositório Granado 12 Suspensórios Glicerina Lactentes,0,0,0,0,0
São João,Disponível,345.0,15,7894916508933.0,Bramicar 40mg 60 Comprimidos Sigma Pharma,"98,37","98,37",-0.0%,"98,37",-0.0%
São João,Esgotado,344.0,13,0.0,Rocefin IV Injetável Roche 1g 10ml,0,0,0,0,0
São João,Esgotado,344.0,13,0.0,Neuleptil Adulto 20ml Gotas Aventis (C1),0,0,0,0,0
São João,Disponível,344.0,12,7896004737225.0,Orlistate 120mg Genérico Prati 84 Cápsulas Gelatinosas Duras,"428,81","206,19",-51.9%,"206,19",-51.9%
São João,Disponível,344.0,14,7896094206366.0,"Naprix 2,5Mg 30 Comprimidos Libbs","84,02","69,49",-17.3%,"69,49",-17.3%
São João,Disponível,344.0,13,7894916513173.0,Bupium XL 150mg 30 Comprimidos Revestidos,"163,58","133,39",-18.5%,"133,39",-18.5%
São João,Disponível,344.0,14,7896094203051.0,"Liberfem 2mg + 0,03mg 63 Comprimidos Revestidos Adium","171,98","120,39",-30.0%,"120,39",-30.0%
São João,Esgotado,344.0,12,0.0,Cataflam Pro XT Emulgel 50g GSK,0,0,0,0,0
São João,Disponível,344.0,14,7899547508437.0,Memantina 10mg 60 Comprimidos Revestidos Genérico Prati-Donaduzzi (C1),"87,29","31,04",-64.4%,"31,04",-64.4%
São João,Disponível,344.0,13,7896658000393.0,Melocox 15mg 10 Comprimidos Eurofarma,"56,36","49,09",-12.9%,"49,09",-12.9%
São João,Esgotado,344.0,16,0.0,Sinudoron 80 Comprimidos Weleda,0,0,0,0,0
São João,Esgotado,344.0,14,0.0,Benatux 12 Pastilhas Mel E Limão Cifarma,0,0,0,0,0
São João,Disponível,344.0,12,7897595622037.0,Anlodipino Genérico Sandoz 5mg 60 Comprimidos,"55,46","39,90",-28.1%,"39,90",-28.1%
São João,Esgotado,344.0,14,0.0,Betnovate Creme GSK 30g,0,0,0,0,0
São João,Esgotado,344.0,13,0.0,Mel Orgânico 300g Bisnaga Baldoni,0,0,0,0,0
São João,Disponível,344.0,14,7896004737119.0,Oxycontin 10mg 14 Comprimidos Revestidos Mundipharma (A1),"60,52","29,90",-50.6%,"29,90",-50.6%
São João,Esgotado,344.0,14,0.0,Amalfi 20mg 30 Cápsulas Eurofarma (C2),0,0,0,0,0
São João,Disponível,344.0,13,7896523201528.0,Metoprolol 25mg 30 Comprimidos Genérico Neo Química,"32,78","15,49",-52.7%,"15,49",-52.7%
São João,Disponível,344.0,13,7896317907834.0,Hedera Xarope 150ml,"43,40","26,35",-39.3%,"26,35",-39.3%
São João,Disponível,344.0,14,7896004747002.0,Escitalopram 15mg 30 Comprimidos Revestidos Genérico EMS (C1),"193,79","49,90",-74.3%,"49,90",-74.3%
São João,Disponível,344.0,13,7896317907834.0,Loratamed Xarope 100ml,"43,40","26,35",-39.3%,"26,35",-39.3%
São João,Disponível,344.0,13,7896637023658.0,Mefex 500mg 10 Comprimidos Revestidos Aché,"20,15","20,15",-0.0%,"20,15",-0.0%
São João,Disponível,344.0,13,7896637022569.0,Nervocalm 250mg 60 Comprimidos,"74,30","62,29",-16.2%,"62,29",-16.2%
São João,Esgotado,344.0,15,0.0,Amome 50mg Suspensão Oral 120ml Mantecorp,0,0,0,0,0
São João,Esgotado,344.0,13,0.0,Nevanac 5ml Novartis,0,0,0,0,0
São João,Esgotado,344.0,14,0.0,Maxalgina Solução Oral 20ml,0,0,0,0,0
São João,Disponível,344.0,16,7891058002961.0,Cetorolaco Sublingual 10mg 10 Comprimidos Genérico União Química,"43,49","34,90",-19.8%,"34,90",-19.8%
São João,Disponível,344.0,14,7896523227450.0,Cialis Diario 5mg 30 Comprimidos Lilly,"170,77","15,87",-90.7%,"15,87",-90.7%
São João,Disponível,344.0,14,7898074614857.0,Diacqua 50mg 30 Comprimidos,"66,32","59,49",-10.3%,"59,49",-10.3%
São João,Disponível,344.0,14,7898906376410.0,Florent 100mg 12 Cápsulas Duras,"55,60","50,89",-8.5%,"50,89",-8.5%
São João,Disponível,343.0,15,7898216367634.0,Dimesilato de Lisdexanfetamina 50mg 30 Cápsulas Genérico Pharlab (A3),"367,49","254,90",-30.6%,"254,90",-30.6%
São João,Disponível,343.0,14,7896004792286.0,Dimesilato de Lisdexanfetamina Genérico EMS 30mg 30 Cápsulas (A3),"314,28","219,49",-30.2%,"219,49",-30.2%
São João,Esgotado,343.0,14,0.0,Abretia 30mg 30 Cápsulas Liberação Retardada FQM (C1),0,0,0,0,0
São João,Disponível,343.0,13,7899547523201.0,Moxifloxacino 400mg 5 Comprimidos Revestidos Genérico Prati-Donaduzzi,"222,16","94,39",-57.5%,"94,39",-57.5%
São João,Esgotado,343.0,15,0.0,Mud Oral Pom 1mg 10g Momenta,0,0,0,0,0
São João,Esgotado,343.0,12,0.0,Mel Rosado Farmax 30ml,0,0,0,0,0
São João,Disponível,343.0,12,7891058005726.0,Profenid Retard Aventis 200mg 10 Comprimidos,"9,89","4,99",-49.5%,"4,99",-49.5%
São João,Disponível,343.0,14,7897851250530.0,Sinvascor 20mg 30 Comprimidos Revestidos,"23,10","23,10",-0.0%,"23,10",-0.0%
São João,Disponível,343.0,13,7891317455040.0,Ebastel Eurofarma 10mg 10 Comprimidos,"31,03","27,59",-11.1%,"27,59",-11.1%
São João,Disponível,343.0,13,7896637022903.0,Labirin 16mg 30 Comprimidos Apsen,"25,86","25,86",-0.0%,"25,86",-0.0%
São João,Disponível,343.0,13,7891721201806.0,Glivance XR 500+30mg 60 Comprimidos Merck,"11,81","8,49",-28.1%,"8,49",-28.1%
São João,Disponível,343.0,13,7898216360741.0,Secfar 1000Mg 4 Comprimidos Elofar,"40,95","24,90",-39.2%,"24,90",-39.2%
São João,Esgotado,343.0,12,0.0,Oto Betnovate Solução Otológica 10ml,0,0,0,0,0
São João,Esgotado,343.0,14,0.0,"Vivencia Patch 10cm 18mg 9,5mg  30 Adesivos Aché (C1)",0,0,0,0,0
São João,Disponível,343.0,13,7895296449823.0,Nebivolol 5mg 28 Comprimidos Revestidos Genérico Neo Química,"41,00","21,90",-46.6%,"21,90",-46.6%
São João,Disponível,343.0,12,7891317007829.0,Ceftriaxona Injetável Genérico Eurofarma 500mg 2ml IM,"32,06","19,90",-37.9%,"19,90",-37.9%
São João,Disponível,343.0,13,7896004718804.0,Bromazepam 6mg 30 Comprimidos Genérico EMS (B1),"15,95","4,99",-68.7%,"4,99",-68.7%
São João,Disponível,343.0,16,7896523227542.0,Finasterida 1mg 30 Comprimidos Revestidos Genérico Cimed,"79,56","20,99",-73.6%,"20,99",-73.6%
São João,Esgotado,343.0,14,0.0,Gel Granado 45g Calos E Bolhas Pink,0,0,0,0,0
São João,Disponível,343.0,13,7894916508940.0,Bramicar 80mg 30 Comprimidos Sigma Pharma,"98,37","98,37",-0.0%,"98,37",-0.0%
São João,Disponível,342.0,13,7896658021749.0,Adipept 40mg 28 Comprimidos Revestidos,"73,62","61,79",-16.1%,"61,79",-16.1%
São João,Disponível,342.0,16,7896658002892.0,Flogo-Rosa 10 Envelopes Aché,"41,05","37,19",-9.4%,"37,19",-9.4%
São João,Disponível,342.0,13,7897076909121.0,Minociclina Genérico Ranbaxy 100mg 30 Comprimidos,"152,39","152,39",-0.0%,"152,39",-0.0%
São João,Disponível,342.0,13,7895296449823.0,"Tramadol + Paracetamol 37,5mg + 325mg 10 Comprimidos Genérico Neo Química (A2)","41,00","21,90",-46.6%,"21,90",-46.6%
São João,Disponível,342.0,16,7896004711287.0,"Dexclorfeniramina + Betametasona 2mg + 0,25mg 20 Comprimidos Genérico EMS","16,20","10,49",-35.2%,"10,49",-35.2%
São João,Esgotado,342.0,17,0.0,Penetro Spray 50 ml Megalabs,0,0,0,0,0
São João,Disponível,342.0,12,7896004762227.0,Azitromicina 500mg 5 Comprimidos Revestidos Genérico Eurofarma,"61,82","24,49",-60.4%,"24,49",-60.4%
São João,Disponível,342.0,13,7891158101687.0,Depakote ER 250mg 30 Comprimidos Abbott (C1),"279,50","279,50",-0.0%,"279,50",-0.0%
São João,Disponível,342.0,14,7896181922711.0,Desenvo 50mg 60 Comprimidos Revestidos Biosintética (C1),"65,29","26,09",-60.0%,"26,09",-60.0%
São João,Disponível,342.0,13,7896004731285.0,"Carvedilol 6,25mg 30 Comprimidos Genérico Biosintética","60,51","19,79",-67.3%,"19,79",-67.3%
São João,Disponível,342.0,14,7896015517014.0,Sal De Fruta Eno Sabor Guaraná 2 Envelopes com 5g cada,"4,93","4,29",-13.0%,"4,29",-13.0%
São João,Disponível,342.0,12,7896255713160.0,Divalcon ER 500mg 60 Comprimidos Revestidos Abbott (C1),"66,77","53,42",-20.0%,"53,42",-20.0%
São João,Esgotado,342.0,14,0.0,Verical 60 cápsulas Apsen,0,0,0,0,0
São João,Disponível,342.0,15,7896004728612.0,Venlafaxina 150mg 30 Cápsulas Genérico EMS (C1),"205,72","74,90",-63.6%,"74,90",-63.6%
São João,Esgotado,342.0,13,0.0,Colpotrofine CR Vaginal 30g + 20 Aplicações Theramex,0,0,0,0,0
São João,Esgotado,342.0,15,0.0,Dicoxibe 200mg 15 Cápsulas Upjohn (C1),0,0,0,0,0
São João,Disponível,342.0,12,7894916510004.0,"Micardis HCT 40mg/12,5mg 30 Comprimidos","106,25","106,25",-0.0%,"106,25",-0.0%
São João,Disponível,342.0,13,7895296092111.0,"Cronocor 6,25mg 30 Comprimidos Biolab","60,51","60,51",-0.0%,"60,51",-0.0%
São João,Disponível,342.0,12,7896004762227.0,Azitromicina Di-Hidratada 500mg Genérico Prati 5 Comprimidos Revestidos,"61,82","24,49",-60.4%,"24,49",-60.4%
São João,Disponível,342.0,13,7894916513173.0,"Xarelto 2,5mg 60 Comprimidos Revestidos Bayer","163,58","133,39",-18.5%,"133,39",-18.5%
São João,Esgotado,342.0,13,0.0,Vannair 6+200mcg 120 Doses AstraZeneca,0,0,0,0,0
São João,Disponível,342.0,13,7898074614857.0,Perola 75mg 84 Comprimidos,"66,32","59,49",-10.3%,"59,49",-10.3%
São João,Disponível,342.0,12,7896637033961.0,Insit 25mg 30 Cápsulas Apsen (C1),"81,86","68,49",-16.3%,"68,49",-16.3%
São João,Esgotado,342.0,14,0.0,Oxene 4mg 30 Sachês Biosintética,0,0,0,0,0
São João,Esgotado,342.0,13,0.0,Condflex 500mg 60 Cápsulas,0,0,0,0,0
São João,Disponível,342.0,13,7896112486787.0,Aradois 100mg 60 Comprimidos Biolab,"56,60","5,80",-89.8%,"5,80",-89.8%
São João,Disponível,342.0,14,7896714274645.0,Concor HCT 10+25mg 30 Comprimidos Merck,"27,78","25,29",-9.0%,"25,29",-9.0%
São João,Esgotado,342.0,12,0.0,Clabat 50mg/ml (250mg/5ml) Sigma Pharma,0,0,0,0,0
São João,Disponível,342.0,14,7891317177652.0,Olmy 20mg 30 Comprimidos Revestidos Germed,"93,49","77,49",-17.1%,"77,49",-17.1%
São João,Esgotado,342.0,14,0.0,Verrux Solução Dermatológica 10ml,0,0,0,0,0
São João,Disponível,342.0,13,7896714274645.0,Olmetec 20Mg 30 Comprimidos Pfizer,"27,78","25,29",-9.0%,"25,29",-9.0%
São João,Disponível,342.0,14,7896004789873.0,Xakilis 5mg 20 Comprimidos Revestidos EMS,"51,77","51,77",-0.0%,"51,77",-0.0%
São João,Esgotado,341.0,14,0.0,Zoltec Wyeth 150mg 1 Cápsula,0,0,0,0,0
São João,Disponível,341.0,16,7896112486787.0,Acertil 5mg 30 Comprimidos Revestidos,"56,60","5,80",-89.8%,"5,80",-89.8%
São João,Esgotado,341.0,13,0.0,Hetori 60mg 14 Comprimidos Grunenthal (C1),0,0,0,0,0
São João,Disponível,341.0,12,7896004708706.0,Acetilcisteína 200mg 16 Envelopes Genérico EMS,"45,40","32,99",-27.3%,"32,99",-27.3%
São João,Esgotado,341.0,14,0.0,"Belpele Gel 0,3% 30g FMQ",0,0,0,0,0
São João,Disponível,341.0,13,7896006290216.0,"Clilon Solução Oftálmica 0,5% 5ml Aché","47,65","40,79",-14.4%,"40,79",-14.4%
São João,Disponível,341.0,13,7898967006141.0,Salonpas Grande Adesivos Transdérmicos 4 Unidades,"146,38","119,09",-18.6%,"119,09",-18.6%
São João,Esgotado,341.0,12,0.0,Supositório Granado Glicerina Adulto 12 Unidades,0,0,0,0,0
São João,Disponível,341.0,14,7896004747880.0,Celecoxibe 200mg 10 Cápsulas Genérico Sandoz (C1),"52,64","26,99",-48.7%,"26,99",-48.7%
São João,Esgotado,341.0,14,0.0,Suplemento Alimentar Melatonina Vitasay Laranja Orodispersíveis 90 Comprimidos,0,0,0,0,0
São João,Disponível,341.0,13,7896094207851.0,Exodus 20mg 30 Comprimidos Revestidos Aché (C1),"58,81","49,89",-15.2%,"49,89",-15.2%
São João,Esgotado,341.0,12,0.0,Gastrol Envelope Sabor Limão Hypera Pharma 5g AV*,0,0,0,0,0
São João,Disponível,341.0,12,7898430195082.0,Mytro SL 10mg 20 Comprimidos Myralis,"21,74","9,90",-54.5%,"9,90",-54.5%
São João,Disponível,341.0,12,7898148297542.0,Mupirocina Genérico Prati Pomada Dermatológica 15g,"52,24","26,99",-48.3%,"26,99",-48.3%
São João,Disponível,341.0,13,7896658008849.0,Synthroid 125mcg 30 Comprimidos Abbott,"33,99","30,09",-11.5%,"30,09",-11.5%
São João,Disponível,341.0,13,7896714267241.0,Naproxeno 550mg 20 Comprimidos Genérico Neo Química,"6,94","4,99",-28.1%,"4,99",-28.1%
São João,Esgotado,341.0,13,0.0,Celerg 20 Comprimidos,0,0,0,0,0
São João,Disponível,341.0,14,7896004789873.0,Sumax 25mg 6 Comprimidos Revestidos Libbs,"51,77","51,77",-0.0%,"51,77",-0.0%
São João,Disponível,341.0,14,7896004706313.0,Prednisona 20mg 10 Cápsulas Genérico Biosintética,"27,79","10,21",-63.3%,"10,21",-63.3%
São João,Disponível,341.0,13,7896523214627.0,Ciclobenzaprina 5mg 15 Comprimidos Revestidos Genérico Biosintética,"25,46","15,99",-37.2%,"15,99",-37.2%
São João,Disponível,341.0,13,7898655096751.0,MinoxiHard Loção Capilar 100ml,"99,99","19,99",-80.0%,"19,99",-80.0%
São João,Disponível,341.0,14,7891106904582.0,"Vasopril Plus 20mg+12,5mg 30 Comprimidos Biolab","73,39","60,99",-16.9%,"60,99",-16.9%
São João,Esgotado,341.0,12,0.0,Apresolina 50mg 60 Dragés Novartis,0,0,0,0,0
São João,Esgotado,341.0,14,0.0,Calotrat Solução Dermatológica 5ml,0,0,0,0,0
São João,Disponível,341.0,14,7896094207851.0,Benicar 20mg 30 Comprimidos Revestidos,"58,81","49,89",-15.2%,"49,89",-15.2%
São João,Disponível,341.0,13,7891158101755.0,Divalproato de Sódio 500mg 30 Comprimidos Revestidos Genérico Eurofarma (C1),"101,39","71,39",-29.6%,"71,39",-29.6%
São João,Disponível,341.0,14,7896015516703.0,Clavulin Es 600Mg 100Ml Gsk,"161,17","161,17",-0.0%,"161,17",-0.0%
São João,Disponível,341.0,13,7896637022835.0,"Asea HCT 40+12,5mg 30 Comprimidos Revestidos Supera","62,81","33,90",-46.0%,"33,90",-46.0%
São João,Esgotado,341.0,12,0.0,Ecoflux Propolis Spray Laranja Gengibre Mel 30ml,0,0,0,0,0
São João,Disponível,341.0,15,7891058020316.0,Colírio Moura Brasil 20ml Opella,"28,72","19,90",-30.7%,"19,90",-30.7%
São João,Disponível,341.0,14,7896658030192.0,Zior Aché 250mg 28 Comprimidos,"40,27","35,79",-11.1%,"35,79",-11.1%
São João,Disponível,340.0,14,7897076918857.0,Axetil de Cefuroxima 250mg 10 Comprimidos Genérico Ranbaxy,"207,59","111,68",-46.2%,"111,68",-46.2%
São João,Disponível,340.0,12,7896241293669.0,Zetsim 10+20mg 30 Comprimidos Supera,"39,75","29,79",-25.1%,"29,79",-25.1%
São João,Esgotado,340.0,13,0.0,Kaloba Solução Oral 50ml,0,0,0,0,0
São João,Esgotado,340.0,12,0.0,Buscopan 10mg/ml 20ml,0,0,0,0,0
São João,Disponível,340.0,13,7895296092111.0,"Cardilol 6,25mg 60 Comprimidos Libbs","60,51","60,51",-0.0%,"60,51",-0.0%
São João,Disponível,340.0,12,7896241248287.0,Levonorgestrel + Etinilestradiol 21 Comprimidos Genérico Mabra,"30,15","26,79",-11.1%,"26,79",-11.1%
São João,Disponível,340.0,14,7896094922013.0,Albocresil 12ml Solução Hypera,"26,78","26,78",-0.0%,"26,78",-0.0%
São João,Esgotado,340.0,12,0.0,"Peg-Lax Limão Pó para Solução Oral 14 Sachês de 17,5g",0,0,0,0,0
São João,Disponível,340.0,13,7896004704999.0,Xarope EMS Expector 120ml Dexclor EMS,"24,20","18,59",-23.2%,"18,59",-23.2%
São João,Esgotado,340.0,12,0.0,Xultophy Inj 1sist 3ml Novo Nordisk,0,0,0,0,0
São João,Disponível,340.0,13,7896004703343.0,Fenofibrato 200mg 30 Cápsulas Genérico EMS,"25,04","15,59",-37.7%,"15,59",-37.7%
São João,Disponível,340.0,14,7896637022552.0,VeePi 750mg 30 Comprimidos Torrent (C1),"44,74","39,29",-12.2%,"39,29",-12.2%
São João,Disponível,340.0,14,7896181920410.0,Emprol XR 50mg 30 Comprimidos Revestidos Hypermarcas,"14,94","5,70",-61.8%,"5,70",-61.8%
São João,Esgotado,340.0,14,0.0,Gyno Iruxol Pomada Abbott 30g,0,0,0,0,0
São João,Esgotado,340.0,14,0.0,"Procoralan Ivabradina 7,5mg 56 Comprimidos Servier",0,0,0,0,0
São João,Disponível,340.0,15,7896637033961.0,Insit 100mg 30 Cápsulas Apsen (C1),"81,86","68,49",-16.3%,"68,49",-16.3%
São João,Esgotado,340.0,13,0.0,Benegrip Multi Noite 800mg + 20mg + 4mg 12 Comprimidos,0,0,0,0,0
São João,Esgotado,340.0,13,0.0,Omepramix 7 Cartelas Ache,0,0,0,0,0
São João,Disponível,340.0,12,7896637031509.0,Neblock 5mg 100 Comprimidos,"72,96","72,96",-0.0%,"72,96",-0.0%
São João,Disponível,340.0,16,7896523212319.0,Simeticona 75mg/ml Genérico Biosintética Gotas 10ml,"5,99","5,19",-13.4%,"5,19",-13.4%
São João,Disponível,340.0,13,7896658047992.0,Trol 100mg 10 Comprimidos Revestidos Supera (A2),"168,73","139,09",-17.6%,"139,09",-17.6%
São João,Disponível,340.0,13,7896523226798.0,Meloxicam 15mg Genérico Cimed 10 Comprimidos,"42,72","18,29",-57.2%,"18,29",-57.2%
São João,Esgotado,340.0,14,0.0,Tioconazol + Tinidazol Creme Vaginal 35g Genérico EMS,0,0,0,0,0
São João,Esgotado,339.0,13,0.0,Pomada Atobach 1mg 10g Germed,0,0,0,0,0
São João,Disponível,339.0,13,7896004731308.0,"Carvedilol 12,5mg 30 Comprimidos Genérico Biosintética","70,08","22,99",-67.2%,"22,99",-67.2%
São João,Esgotado,339.0,14,0.0,Pomada Hirudoid 300 40g Sankyo,0,0,0,0,0
São João,Disponível,339.0,13,7896637022835.0,Dobeven 500Mg 30 Comprimidos Apsen,"62,81","33,90",-46.0%,"33,90",-46.0%
São João,Esgotado,339.0,13,0.0,Celebra AD 200mg 10 Cápsulas Upjohn (C1),0,0,0,0,0
São João,Disponível,339.0,13,7896181906582.0,Ravuma 100mg 30 Comprimidos Biosintética,"23,78","7,43",-68.8%,"7,43",-68.8%
São João,Disponível,339.0,12,7891317125455.0,Repoflor 200mg 6 Cápsulas,"88,54","74,19",-16.2%,"74,19",-16.2%
São João,Disponível,339.0,15,7891317177652.0,Olmy 20mg 60 Comprimidos Revestidos Germed,"93,49","77,49",-17.1%,"77,49",-17.1%
São João,Disponível,339.0,12,7897595624642.0,Amoxicilina + Clavulanato De Potássio 500mg 18 Comprimidos Revestidos Genérico Novartis,"167,05","99,90",-40.2%,"99,90",-40.2%
São João,Esgotado,339.0,12,0.0,ProVance Limão 100 000 000UFC 30 Comprimidos Mastigáveis,0,0,0,0,0
São João,Disponível,339.0,14,7896015516703.0,Clavulin Bd 400Mg 140Ml Gsk,"161,17","161,17",-0.0%,"161,17",-0.0%
São João,Disponível,339.0,13,7896181906582.0,Montelucaste Sódico 4mg 30 Comprimidos Genérico Biosintética,"23,78","7,43",-68.8%,"7,43",-68.8%
São João,Disponível,339.0,13,7896004706382.0,Amoxicilina 875mg 14 Comprimidos Revestidos Genérico Biosintética,"82,67","44,90",-45.7%,"44,90",-45.7%
São João,Disponível,339.0,12,7891317022662.0,Cilostazol 100mg 60 Comprimidos Genérico Eurofarma,"1015,82","89,50",-91.2%,"89,50",-91.2%
São João,Disponível,339.0,14,7896004715032.0,"Esalerg D12 2,5mg+120mg 10 Comprimidos Aché","21,90","20,59",-6.0%,"20,59",-6.0%
São João,Disponível,339.0,13,7896241293669.0,Ritalina 10mg 60 Comprimidos,"39,75","29,79",-25.1%,"29,79",-25.1%
São João,Disponível,339.0,13,7896094207851.0,Lakos 200mg 60 Comprimidos Revestidos Libbs (C1),"58,81","49,89",-15.2%,"49,89",-15.2%
São João,Esgotado,339.0,15,0.0,Glunac 5 mg 30 comprimidos Brace Pharma,0,0,0,0,0
São João,Esgotado,339.0,14,0.0,Sulfametoxazol + Trimetoprima 400mg/80mg 20 Comprimidos Genérico Teuto,0,0,0,0,0
São João,Disponível,339.0,15,7897473207677.0,Levocetirizina 5mg 10 Comprimidos Revestidos Genérico EMS,"48,45","24,90",-48.6%,"24,90",-48.6%
São João,Disponível,339.0,12,7896004730172.0,Ciclobenzaprina 10mg 15 Comprimidos Revestidos Genérico Biosintético,"22,66","13,90",-38.7%,"13,90",-38.7%
São João,Disponível,339.0,13,7897076910974.0,Fexofenadina 180mg 10 Comprimidos Genérico Ranbaxy,"88,09","22,69",-74.2%,"22,69",-74.2%
São João,Esgotado,339.0,15,0.0,Figavit 500mg Com 60 Cápsulas Praiamar,0,0,0,0,0
São João,Esgotado,339.0,13,0.0,"Mirugell 4mg/ml + 3mg/ml + 1,8mg/ml Solução Oftálmica 15ml",0,0,0,0,0
São João,Disponível,339.0,13,7897595901033.0,Puran T4 100mcg 30 Comprimidos Sanofi,"17,16","15,69",-8.6%,"15,69",-8.6%
São João,Disponível,339.0,12,7896241293669.0,Inzelm 10mg 30 Comprimidos,"39,75","29,79",-25.1%,"29,79",-25.1%
São João,Disponível,339.0,13,7896004737119.0,Paroxetina 20mg Genérico Cimed 30 comprimidos Revestidos (C1),"60,52","29,90",-50.6%,"29,90",-50.6%
São João,Disponível,339.0,13,7896004716176.0,Hidroclorotiazida 25mg 30 Comprimidos Genérico EMS,"9,94","1,25",-87.4%,"1,25",-87.4%
São João,Esgotado,339.0,13,0.0,Analgésico Flanax 550mg  Bayer Dores Intensas com  15 comprimidos (embalagem econômica),0,0,0,0,0
São João,Disponível,338.0,15,7896004730134.0,Sildenafila 50mg 2 Comprimidos Genérico Neo Química,"18,55","7,99",-56.9%,"7,99",-56.9%
São João,Esgotado,338.0,12,0.0,Bromexina 120ml Adulto Genérico Globo,0,0,0,0,0
São João,Disponível,338.0,13,7896181901747.0,Permear 300mg 30 Comprimidos,"38,22","32,89",-13.9%,"32,89",-13.9%
São João,Disponível,338.0,14,7896004789873.0,Vast 10mg 30 Comprimidos Revestidos Eurofarma,"51,77","51,77",-0.0%,"51,77",-0.0%
São João,Disponível,338.0,13,7896004712543.0,Doxazosina 2mg 30 Comprimidos Genérico Teuto,"54,07","14,90",-72.4%,"14,90",-72.4%
São João,Disponível,338.0,13,7897595622037.0,Alopurinol 300mg 60 Comprimidos Genérico Sandoz,"55,46","39,90",-28.1%,"39,90",-28.1%
São João,Disponível,338.0,12,7896658036354.0,Livepax 750mg 7 Comprimidos Revestidos Aché,"119,53","79,90",-33.2%,"79,90",-33.2%
São João,Esgotado,338.0,13,0.0,Allegra Antialérgico Pediátrico Cloridrato de Fexofenadina 6mg/ml Suspenção Oral 60ml,0,0,0,0,0
São João,Disponível,338.0,12,7895296250016.0,Glicosamina 30 Sachês Genérico Nova Química,"196,86","99,90",-49.3%,"99,90",-49.3%
São João,Disponível,338.0,13,7896637023658.0,Penvir 500mg 21 Comprimidos Revestidos,"20,15","20,15",-0.0%,"20,15",-0.0%
São João,Disponível,338.0,12,7896523209418.0,"Maleato De Dexclorfeniramina 0,4mg/mL Genérico Cimed Solução Oral 120ml","22,51","16,39",-27.2%,"16,39",-27.2%
São João,Disponível,338.0,14,7896637022767.0,Daforin 20mg 60 Comprimidos Revestidos,"61,13","52,09",-14.8%,"52,09",-14.8%
São João,Esgotado,338.0,14,0.0,Depakote Sprinkle 125mg 30 Cápsulas Abbot (C1),0,0,0,0,0
São João,Esgotado,338.0,12,0.0,Petamig 30 Cápsulas Herbarium,0,0,0,0,0
São João,Esgotado,338.0,14,0.0,"Molieri 30 3 mg + 0,03 mg 63 Comprimidos Eurofarma",0,0,0,0,0
São João,Disponível,338.0,13,7896004747880.0,Celecoxibe 200mg 30 Cápsulas Genérico Teuto (C1),"52,64","26,99",-48.7%,"26,99",-48.7%
São João,Disponível,338.0,15,7896004700533.0,Enalapril 10mg 30 Comprimidos Genérico Neo Química,"25,13","7,09",-71.8%,"7,09",-71.8%
São João,Disponível,338.0,13,7894916508506.0,"Olmy HCT 20+12,5mg 30 Comprimidos Revestidos Germed","68,82","68,82",-0.0%,"68,82",-0.0%
São João,Esgotado,338.0,13,0.0,Pasalix 20 Comprimidos Marjan,0,0,0,0,0
São João,Esgotado,338.0,17,0.0,MTX Metotrexato 25mg/ml Solução Injetável 2ml Blau,0,0,0,0,0
São João,Disponível,338.0,13,7897595622037.0,Alopurinol 300mg Genérico Sandoz 30 Comprimidos,"55,46","39,90",-28.1%,"39,90",-28.1%
São João,Disponível,338.0,14,7896658047992.0,Trezor 5mg 60 Comprimidos Revestidos Aché,"168,73","139,09",-17.6%,"139,09",-17.6%
São João,Disponível,338.0,15,7897595601834.0,Sitagliptina Genérico Sandoz 25mg 30 Comprimidos Revestidos,"209,09","49,90",-76.1%,"49,90",-76.1%
São João,Esgotado,338.0,15,0.0,Diovan Amlo Fix 160mg + 5mg 28 Comprimidos FQM,0,0,0,0,0
São João,Esgotado,338.0,12,0.0,Clopixol 10mg 20 Comprimidos Lundbeck (C1),0,0,0,0,0
São João,Disponível,338.0,14,7896004708058.0,Nitrofurantoína 100mg Genérico Teuto 28 Cápsulas Duras,"59,11","32,99",-44.2%,"32,99",-44.2%
São João,Disponível,338.0,13,7896004737119.0,Paracetamol + Cafeína 20 Comprimidos Revestidos Genérico EMS,"60,52","29,90",-50.6%,"29,90",-50.6%
São João,Disponível,338.0,14,7896004720746.0,Amoxicilina + Clavulanato de Potássio 400mg 70ml Suspensão Oral Genérico EMS,"102,04","59,90",-41.3%,"59,90",-41.3%
São João,Disponível,338.0,12,7896004729688.0,Cloridrato De Hidroxizina 25mg Genérico EMS 30 Comprimidos,"41,89","37,69",-10.0%,"37,69",-10.0%
São João,Disponível,338.0,12,7896006290216.0,Hyabak Solução Oftálmica 10ml,"47,65","40,79",-14.4%,"40,79",-14.4%
São João,Esgotado,338.0,13,0.0,Fluimucil Solução Injetável 5 Ampola de 3ml,0,0,0,0,0
São João,Disponível,337.0,12,7891158101656.0,Actonel Chronos 35mg 4 Comprimidos Revestidos Theramex,"145,18","145,18",-0.0%,"145,18",-0.0%
São João,Esgotado,337.0,12,0.0,Laxsotrin 120ml Salada de Frutas Catarinense,0,0,0,0,0
São João,Esgotado,337.0,14,0.0,Solução Oftalmica Visiopred 10mg/ml Geolab 5ml,0,0,0,0,0
São João,Disponível,337.0,12,7896523201054.0,Domperidona 10mg Genérico Ranbaxy 60 Comprimidos,"21,53","10,89",-49.4%,"10,89",-49.4%
São João,Disponível,337.0,12,7896112421498.0,Dacxi 20mg 28 Comprimidos Revestidos Biolab,"53,68","47,09",-12.3%,"47,09",-12.3%
São João,Disponível,337.0,14,7896637023580.0,Uro-Vaxom 6mg 30 Cápsulas,"167,16","135,29",-19.1%,"135,29",-19.1%
São João,Esgotado,337.0,12,0.0,Naldecon Febre 750mg 10 Comprimido Reckitt,0,0,0,0,0
São João,Disponível,337.0,13,7896181906582.0,Furosemida 40mg Genérico Cimed 30 Comprimidos,"23,78","7,43",-68.8%,"7,43",-68.8%
São João,Disponível,337.0,12,7891317129781.0,Tada Diario 5mg 30 Comprimidos Eurofarma,"249,06","199,89",-19.7%,"199,89",-19.7%
São João,Disponível,337.0,13,7896331704808.0,Rapilax Gotas Laxante Hertz 30ml,"20,90","20,90",-0.0%,"20,90",-0.0%
São João,Disponível,337.0,12,7896261001671.0,Onbrize 150Mg 30 Comprimidos+Inalador Novartis,"462,50","306,78",-33.7%,"306,78",-33.7%
São João,Disponível,337.0,14,7896004704593.0,Amoxicilina Suspensão Oral Genérico EMS 500mg/5ml 150ml,"53,74","32,90",-38.8%,"32,90",-38.8%
São João,Esgotado,337.0,13,0.0,Minoxidil 50mg/ml 50ml Allovita Legrand,0,0,0,0,0
São João,Disponível,337.0,12,7896637023979.0,Primid 250mg 20 Comprimidos Apsen (C1),"132,71","132,71",-0.0%,"132,71",-0.0%
São João,Disponível,337.0,13,7891010256401.0,Pyridium Adium 100mg 25 Comprimidos,"91,14","79,69",-12.6%,"79,69",-12.6%
São João,Esgotado,337.0,12,0.0,"Trol Par 37,5+325mg 10 Cápsulas Supera (A2)",0,0,0,0,0
São João,Esgotado,337.0,13,0.0,Bifilac Geflora 14 Sticks Pó Mantecorp,0,0,0,0,0
São João,Disponível,337.0,15,7896637024358.0,Bamifix 300mg 20 Comprimidos Chiesi,"83,67","83,67",-0.0%,"83,67",-0.0%
São João,Disponível,337.0,12,7896094207851.0,Egide 25mg 60 Comprimidos Revestidos Libbs (C1),"58,81","49,89",-15.2%,"49,89",-15.2%
São João,Disponível,337.0,12,7896714274645.0,Lune 10mg 30 Comprimidos Revestidos Mantecorp (B1),"27,78","25,29",-9.0%,"25,29",-9.0%
São João,Esgotado,337.0,15,0.0,Allegra Antialérgico Pediátrico Cloridrato de Fexofenadina Suspensão Oral 60ml,0,0,0,0,0
São João,Disponível,337.0,12,7899547505252.0,Losartana Potássica 50mg Genérico Germed 30 Comprimidos Revestidos,"10,34","7,89",-23.7%,"7,89",-23.7%
São João,Esgotado,337.0,12,0.0,Quenzor 100mg 30 Cápsulas Liberação Prolongada Libbs,0,0,0,0,0
São João,Esgotado,337.0,14,0.0,LuftaGastro Sachê Líquido 10ml,0,0,0,0,0
São João,Disponível,337.0,15,7896004709413.0,Cetoconazol + Betametasona Pomada Dermatológica 30g Genérico Eurofarma,"31,71","27,09",-14.6%,"27,09",-14.6%
São João,Esgotado,337.0,13,0.0,Colpistatin Creme Vaginal Aché 40g com Aplicador,0,0,0,0,0
São João,Disponível,337.0,13,7891010970888.0,Nicorette 2mg Ice Menta 30 Gomas,"111,63","88,99",-20.3%,"88,99",-20.3%
São João,Esgotado,337.0,14,0.0,Dexaneurin Injetável 3 Ampolas A + 3 Ampolas B,0,0,0,0,0
São João,Disponível,337.0,13,7896422507059.0,Dipirona Sódica 500mg Genérico Medley Genérico Medley 30 Comprimidos,"37,20","19,99",-46.3%,"19,99",-46.3%
São João,Esgotado,337.0,14,0.0,Vacina Meningocócica ACWY Nimenrix AD/PED 0.5 ml Pfizer + Aplicação,0,0,0,0,0
São João,Esgotado,337.0,13,0.0,Floratil 200mg em Pó 6 Envelopes,0,0,0,0,0
São João,Disponível,336.0,12,7896026173018.0,Complexo Homeopático Almeida Prado 28 60 Comprimidos,"41,75","37,69",-9.7%,"37,69",-9.7%
São João,Disponível,336.0,13,7897595602589.0,Nebivolol 5mg 30 Comprimidos Genérico Biolab,"27,40","6,99",-74.5%,"6,99",-74.5%
São João,Esgotado,336.0,15,0.0,Biofenac Gel 30g Aché,0,0,0,0,0
São João,Disponível,336.0,14,7896004792293.0,Dimesilato de Lisdexanfetamina Genérico EMS 50mg 30 Cápsulas (A3),"381,12","264,49",-30.6%,"264,49",-30.6%
São João,Esgotado,336.0,13,0.0,Forteviron 250mg 20 Comprimidos Waldemiro Pereira,0,0,0,0,0
São João,Disponível,336.0,14,7896004794068.0,Semtri 50mg 30 Comprimidos Biolab (C1),"190,36","102,99",-45.9%,"102,99",-45.9%
São João,Disponível,336.0,13,7891317425869.0,Venaflon 450mg/50mg 30 Comprimidos Revestidos,"14,53","14,53",-0.0%,"14,53",-0.0%
São João,Esgotado,336.0,15,0.0,Vick Pyrena 5g Envelope Maçã/Canela AV*,0,0,0,0,0
São João,Disponível,336.0,13,7891106913959.0,"Ciproterona + Etinilestradiol 2mg + 0,35mg 63 Comprimidos Revestidos Genérico Biosintética","90,04","75,39",-16.3%,"75,39",-16.3%
São João,Disponível,336.0,13,7896094208674.0,"Niki 3mg/0,02mg 72 Comprimidos Revestidos","182,45","127,72",-30.0%,"127,72",-30.0%
São João,Esgotado,336.0,14,0.0,Rinosoro Alto Volume Baby Frasco + Seringa 20ml Hypera,0,0,0,0,0
São João,Disponível,336.0,12,7898430195792.0,Pealiv 300Mg Com 30 Comprimidos,"67,17","67,17",-0.0%,"67,17",-0.0%
São João,Disponível,336.0,14,7896112134213.0,Cimetidina 200mg 20 Comprimidos Genérico Teuto,"32,10","13,39",-58.3%,"13,39",-58.3%
São João,Esgotado,336.0,13,0.0,Culturelle Saúde Digestiva 10 Cápsulas Cellera,0,0,0,0,0
São João,Esgotado,336.0,14,0.0,Doricin 10 Comprimidos Avulso EMS,0,0,0,0,0
São João,Disponível,336.0,14,7891317036973.0,Bup XL 300mg 60 Comprimidos Revestidos Liberação Prolongada 24H Eurofarma (C1),"215,88","177,69",-17.7%,"177,69",-17.7%
São João,Esgotado,336.0,15,0.0,Arnica Do Mato Spray 150ml As Ervas Curam,0,0,0,0,0
São João,Disponível,336.0,13,7896637023658.0,Onua 75mcg 28 Comprimidos Revestidos FQM,"20,15","20,15",-0.0%,"20,15",-0.0%
São João,Disponível,336.0,14,7896255717724.0,Lipidil 200mg 30 Cápsulas Abbott,"40,84","35,29",-13.6%,"35,29",-13.6%
São João,Esgotado,336.0,13,0.0,Lidocaína Gel 2% 30g Genérico Cristália,0,0,0,0,0
São João,Disponível,336.0,13,7891317458867.0,Paco 500 + 30mg 24 Comprimidos Revestidos Eurofarma (A2),"909,92","199,90",-78.0%,"199,90",-78.0%
São João,Esgotado,336.0,12,0.0,Restiva 20mg 2 Adesivos Transdérmicos Mundipharma (A1),0,0,0,0,0
São João,Disponível,336.0,12,7896658021688.0,Adipept 20Mg 28 Comprimidos Revestidos Ache,"60,45","50,49",-16.5%,"50,49",-16.5%
São João,Esgotado,336.0,15,0.0,Inelatte 60 Tabletes Sabor Chocolate Zero Açúcar Aché,0,0,0,0,0
São João,Disponível,336.0,12,7891058017507.0,Dorflex Analgésico e Relaxante Muscular 300mg + 35mg + 50mg Sanofi 50 Comprimidos,"24,64","16,90",-31.4%,"16,90",-31.4%
São João,Esgotado,336.0,14,0.0,Fixare Pro+ Suplemento Alimentar com cálcio - 60 Comprimidos,0,0,0,0,0
São João,Disponível,336.0,14,7897595900654.0,Flagyl 250Mg 20 Comprimidos Sanofi-Aventis,"48,88","48,88",-0.0%,"48,88",-0.0%
São João,Disponível,336.0,13,7896714207551.0,Dipirona 1g 10 Comprimidos Genérico Neo Química,"25,42","11,89",-53.2%,"11,89",-53.2%
São João,Disponível,336.0,12,7896523227191.0,Omeprazol 20mg 56 Cápsulas Genérico Cimed,"42,88","13,67",-68.1%,"13,67",-68.1%
São João,Disponível,336.0,12,7891158101687.0,Atip XR 200mg 30 Comprimidos Revestidos Supera (C1),"279,50","279,50",-0.0%,"279,50",-0.0%
São João,Esgotado,336.0,14,0.0,Azorga 6Ml Novartis,0,0,0,0,0
São João,Esgotado,336.0,15,0.0,Culturelle Junior 10 Comprimidos Mastigáveis Cellera,0,0,0,0,0
São João,Esgotado,336.0,13,0.0,Supositório Glicerina Infantil 6 Supositórios Glicerilax Belfar,0,0,0,0,0
São João,Disponível,336.0,13,7899420507410.0,Neumosin 400Mg 7 Comprimidos Revestidos Supera,"58,34","49,39",-15.3%,"49,39",-15.3%
São João,Disponível,336.0,13,7896094203068.0,"Ginesse 0,075mg/0,02mg 21 Comprimidos Revestidos","163,02","114,11",-30.0%,"114,11",-30.0%
São João,Disponível,336.0,12,7894916510004.0,"Brasart HCT 320mg/12,5mg 30 Comprimidos Revestidos","106,25","106,25",-0.0%,"106,25",-0.0%
São João,Disponível,336.0,14,7896637037617.0,Xafac 20mg Apsen 28 Comprimidos Revestidos,"152,08","152,08",-0.0%,"152,08",-0.0%
São João,Disponível,335.0,12,7896641807381.0,Tebonin 120mg 30 Comprimidos Herbarium,"198,79","163,09",-18.0%,"163,09",-18.0%
São João,Disponível,335.0,13,7896094207851.0,Ancoron 100mg 60 Comprimidos Revestidos,"58,81","49,89",-15.2%,"49,89",-15.2%
São João,Disponível,335.0,13,7896094209015.0,Desduo 50mg 60 Comprimidos Revestidos Liberação Prolongada Torrent (C1),"197,76","158,49",-19.9%,"158,49",-19.9%
São João,Esgotado,335.0,12,0.0,Cataflampro XT Emulgel Gel Dermatológico 100g,0,0,0,0,0
São João,Disponível,335.0,13,7898169080642.0,Dermacerium 50G Silvestre,"70,86","60,99",-13.9%,"60,99",-13.9%
São João,Disponível,335.0,13,7896026173018.0,Complexo Homeopático Almeida Prado 16 60 Comprimidos,"41,75","37,69",-9.7%,"37,69",-9.7%
São João,Disponível,335.0,14,7891058003944.0,Dorflex Analgésico Relaxante Muscular Max Dipirona Dor no Corpo Intensa 600mg + 70mg + 100mg 16 Comp,"16,59","16,59",-0.0%,"16,59",-0.0%
São João,Disponível,335.0,14,7896004731308.0,Carverol 250mg 20 Comprimidos,"70,08","22,99",-67.2%,"22,99",-67.2%
São João,Disponível,335.0,13,7894916513173.0,Bupium XL 150mg 60 Comprimidos Revestidos,"163,58","133,39",-18.5%,"133,39",-18.5%
São João,Disponível,335.0,14,7896523226675.0,Simeticona 125mg Genérico Cimed 10 Cápsulas Gelatinosas,"9,49","4,99",-47.4%,"4,99",-47.4%
São João,Disponível,335.0,13,7896094928046.0,Olmy Anlo 40mg+10mg 60 Comprimidos Revestidos Brace Pharma,"22,99","20,99",-8.7%,"20,99",-8.7%
São João,Esgotado,335.0,13,0.0,Ecoflux Propolis Spray Menta Gengibre Mel 30ml,0,0,0,0,0
São João,Disponível,335.0,14,7896004705781.0,"Bisoprolol 1,25mg 30 Comprimidos Genérico EMS","23,72","2,49",-89.5%,"2,49",-89.5%
São João,Disponível,335.0,14,7896004750347.0,"Olmesartana + HCT 40 + 12,5mg 30 Comprimidos Revestidos Genérico EMS","72,32","42,90",-40.7%,"42,90",-40.7%
São João,Disponível,335.0,13,7891010256630.0,Tylenol DC Múltiplas Dores 4 Comprimidos Revestidos Johnson &amp; Johnson Avulso,"21,87","14,99",-31.5%,"14,99",-31.5%
São João,Esgotado,335.0,14,0.0,Ducox 200mg 30 Cápsulas Momenta (C1),0,0,0,0,0
São João,Disponível,335.0,12,7896004762319.0,Gliclazida 60mg 30 Comprimidos Liberação Prolongada Genérico Pharlab,"30,33","16,90",-44.3%,"16,90",-44.3%
São João,Disponível,335.0,13,7896658036347.0,Livepax 750mg 5 Comprimidos Revestidos Aché,"85,34","43,49",-49.0%,"43,49",-49.0%
São João,Disponível,335.0,13,7891317412692.0,Alivium Suspensão Oral 20ml,"57,34","52,19",-9.0%,"52,19",-9.0%
São João,Disponível,335.0,13,7898148291267.0,Mesalazina 400mg 30 Comprimidos Revestidos Genérico Prati-Donaduzzi,"8,38","5,99",-28.5%,"5,99",-28.5%
São João,Disponível,335.0,14,7896637023665.0,Fexx 180mg 10 Comprimidos Revestidos Cimed,"22,44","22,44",-0.0%,"22,44",-0.0%
São João,Esgotado,335.0,13,0.0,Quenzor 25 mg 30 Cápsulas de Liberação Prolongada Libbs,0,0,0,0,0
São João,Disponível,335.0,13,7896637024358.0,Colchis 1mg 30 Comprimidos Apsen,"83,67","83,67",-0.0%,"83,67",-0.0%
São João,Esgotado,335.0,13,0.0,Lanico 875/125mg 14 Comprimidos Supera,0,0,0,0,0
São João,Esgotado,335.0,13,0.0,Xarope Expec Pulmon Plus 120ml Guaco e Menta Prevent,0,0,0,0,0
São João,Esgotado,335.0,14,0.0,Tratamento da candidíase Gino-Canesten® Creme Vaginal - 6 dias,0,0,0,0,0
São João,Disponível,335.0,14,7896523213989.0,Glibenclamida 5mg 30 Comprimidos Genérico Neo Química,"16,01","2,99",-81.3%,"2,99",-81.3%
São João,Esgotado,335.0,13,0.0,Extrato de Própolis 30ml,0,0,0,0,0
São João,Esgotado,334.0,13,0.0,"Brometo De Ipratrópio 0,25mg/ml Genérico Teuto Solução Inalatória 20ml",0,0,0,0,0
São João,Disponível,334.0,14,7891317482541.0,"Gesico Duo 37,5+325mg 30 Comprimidos Revestidos Eurofarma (A2)","1110,02","149,99",-86.5%,"149,99",-86.5%
São João,Esgotado,334.0,13,0.0,"Pomada Iruxol 0,6UI/g 15g Sem Espátula Abbott",0,0,0,0,0
São João,Esgotado,334.0,13,0.0,Restiva 5mg 4 Adesivos Transdérmicos Mundipharma (A1),0,0,0,0,0
São João,Disponível,334.0,14,7896226500386.0,Calman 100mg + 30mg + 100mg 20 Comprimidos,"37,61","26,99",-28.2%,"26,99",-28.2%
São João,Esgotado,334.0,13,0.0,"Avodart 0,5mg 30 Cápsulas Gelatinosas",0,0,0,0,0
São João,Disponível,334.0,13,7896004749655.0,Tadalafila 20mg 1 Comprimido Revestido Genérico EMS,"34,37","34,37",-0.0%,"34,37",-0.0%
São João,Esgotado,334.0,13,0.0,Diprospan Suspensão Injetável 1 Ampola de 1ml + Seringa Dosadora,0,0,0,0,0
São João,Disponível,334.0,12,7896658000379.0,"Decadron Aché 0,5mg 20 Comprimidos","34,57","30,49",-11.8%,"30,49",-11.8%
São João,Disponível,334.0,13,8902220109520.0,Tam 250mg 30 Comprimidos Revestidos Supera (C1),"75,69","62,29",-17.7%,"62,29",-17.7%
São João,Disponível,334.0,13,8902220109520.0,Olmecor 20mg 60 Comprimidos Revestidos Torrent,"75,69","62,29",-17.7%,"62,29",-17.7%
São João,Esgotado,334.0,13,0.0,Imunoflan Zero 200Ml Herbarium,0,0,0,0,0
São João,Esgotado,334.0,12,0.0,Predsim Solução 100ml Mantecorp,0,0,0,0,0
São João,Esgotado,334.0,13,0.0,Perlid Solução Oral 30ml,0,0,0,0,0
São João,Disponível,334.0,13,7897460401422.0,Neosaldina 30mg/300mg/30mg 4 Comprimidos,"80,87","80,87",-0.0%,"80,87",-0.0%
São João,Esgotado,334.0,12,0.0,Apresolina 25mg 20 Drágeas Novartis,0,0,0,0,0
São João,Disponível,334.0,13,7896637022767.0,Maxapran 20mg 60 Comprimidos Revestidos,"61,13","52,09",-14.8%,"52,09",-14.8%
São João,Disponível,334.0,12,7896004713342.0,Primia Acetix 600mg 16 Envelopes Acetilcisteína Catarinense,"82,29","32,90",-60.0%,"32,90",-60.0%
São João,Esgotado,334.0,13,0.0,Loxonin Flex 100mg 3 Adesivos,0,0,0,0,0
São João,Disponível,334.0,13,7896637022835.0,Diovan Amlo Fix 320mg/5mg 28 Comprimidos Revestidos,"62,81","33,90",-46.0%,"33,90",-46.0%
São João,Disponível,334.0,12,7896004759593.0,Nimegon Met 50+1000Mg 56 Comprimidos Revestidos Supera,"217,62","59,90",-72.5%,"59,90",-72.5%
São João,Disponível,334.0,13,7896658047992.0,Trezor 40mg 30 Comprimidos Revestidos Aché,"168,73","139,09",-17.6%,"139,09",-17.6%
São João,Disponível,334.0,14,7896004703404.0,Amoxicilina + Clavulanato de Potássio 500mg 12 Comprimidos Genérico EMS,"111,72","54,90",-50.9%,"54,90",-50.9%
São João,Disponível,334.0,16,7896004755984.0,Viverdal 3mg 30 Comprimidos Revestidos Genom (C1),"101,46","22,90",-77.4%,"22,90",-77.4%
São João,Disponível,334.0,13,7897595901033.0,Puran T4 175mcg 30 Comprimidos Sanofi,"17,16","15,69",-8.6%,"15,69",-8.6%
São João,Disponível,334.0,12,7894916508933.0,Propranolol Ayerst 40mg 30 Comprimidos Sigma Pharma,"98,37","98,37",-0.0%,"98,37",-0.0%
São João,Disponível,334.0,12,7896658030284.0,Montelair 5mg 60 Comprimidos Mast Aché,"124,93","103,59",-17.1%,"103,59",-17.1%
São João,Disponível,334.0,13,7896637022569.0,Sonic 50mg 60 Comprimidos,"74,30","62,29",-16.2%,"62,29",-16.2%
São João,Disponível,333.0,13,7895858010331.0,Zyloric 300mg 30 Cápsulas Aspen,"68,98","58,29",-15.5%,"58,29",-15.5%
São João,Esgotado,333.0,14,0.0,Fostair HFA 100/6mcg 120 Doses Com Contador Chiesi,0,0,0,0,0
São João,Esgotado,333.0,13,0.0,Metronidazol Gel Vaginal 100mg/g 50g Genérico Prati-Donaduzzi,0,0,0,0,0
São João,Esgotado,333.0,14,0.0,Pomada Hipoglós Transparente 30g,0,0,0,0,0
São João,Disponível,333.0,12,7896658021749.0,Advil 12h 600mg 6 Comprimidos Revestidos,"73,62","61,79",-16.1%,"61,79",-16.1%
São João,Esgotado,333.0,14,0.0,Sorine Nebulizador 45ml Aché,0,0,0,0,0
São João,Disponível,333.0,14,7896112486787.0,"Aradois HCT 50+12,5mg 60 Comprimidos Revestidos Biolab","56,60","5,80",-89.8%,"5,80",-89.8%
São João,Disponível,333.0,13,7896637022569.0,"Marevan 2,5mg 60 Comprimidos FQM","74,30","62,29",-16.2%,"62,29",-16.2%
São João,Esgotado,333.0,13,0.0,Bio GG 10BI+1 000UI 7 Cápsulas,0,0,0,0,0
São João,Esgotado,333.0,14,0.0,Mesacol Takeda 250mg 15 Supositórios,0,0,0,0,0
São João,Disponível,333.0,14,7896637022835.0,Miosan 5Mg 30 Comprimidos Revestidos Apsen,"62,81","33,90",-46.0%,"33,90",-46.0%
São João,Disponível,333.0,13,7898029552203.0,Diovan 320mg 28 Comprimidos FQM,"104,57","104,57",-0.0%,"104,57",-0.0%
São João,Disponível,333.0,12,7891058002916.0,Dorflex Analgésico e Relaxante Muscular 300mg + 35mg + 50mg Sanofi 10 Comprimidos,"8,40","8,40",-0.0%,"8,40",-0.0%
São João,Esgotado,333.0,14,0.0,Coglive 8mg 30 Cápsulas Dura Liberação Prolongada Liberação LIBBS (C1),0,0,0,0,0
São João,Disponível,333.0,14,7891721014741.0,Euthyrox 50mcg 50 Comprimidos Merck,"48,22","42,09",-12.7%,"42,09",-12.7%
São João,Esgotado,333.0,13,0.0,Osteonutri 600mg + 400UI 60 Comprimidos,0,0,0,0,0
São João,Disponível,333.0,12,7896004734392.0,"Drospirenona + Etinilestradiol 3mg + 0,03mg 21 Comprimidos Revestidos Genérico EMS","65,76","29,99",-54.4%,"29,99",-54.4%
São João,Esgotado,333.0,14,0.0,Solução para Lentes Limp Lent 470ml,0,0,0,0,0
São João,Disponível,333.0,12,7896004773117.0,"Drospirenona 3mg + Etinilestradiol 0,02mg 24 + 4 Comprimidos Revestidos Genérico EMS","75,00","39,90",-46.8%,"39,90",-46.8%
São João,Disponível,333.0,14,7896658047992.0,Trileptal 300mg 60 Comprimidos Novartis (C1),"168,73","139,09",-17.6%,"139,09",-17.6%
São João,Disponível,333.0,15,7896637023665.0,Diovan 80mg 28 Comprimidos Revestidos,"22,44","22,44",-0.0%,"22,44",-0.0%
São João,Disponível,333.0,13,7896331705096.0,Hepatilon 10ml Hertz,"3,45","3,45",-0.0%,"3,45",-0.0%
São João,Esgotado,333.0,14,0.0,"Allenasal Suspensão Nasal 16,5ml",0,0,0,0,0
São João,Disponível,333.0,16,7897460401422.0,"Triplixam 10mg/2,5mg/5mg 30 Comprimidos Revestidos","80,87","80,87",-0.0%,"80,87",-0.0%
São João,Disponível,333.0,15,7897595635655.0,Sitagliptina Genérico Sandoz 100mg 60 Comprimidos Revestidos,"240,05","99,90",-58.4%,"99,90",-58.4%
São João,Esgotado,333.0,13,0.0,Buscofem 400mg 20 Cápsulas,0,0,0,0,0
São João,Disponível,333.0,12,7894916508506.0,"Concor 2,5mg 30 Comprimidos Revestidos Merck","68,82","68,82",-0.0%,"68,82",-0.0%
São João,Disponível,332.0,14,7896637023658.0,Mirtax 10mg 30 Comprimidos Revestidos Aché,"20,15","20,15",-0.0%,"20,15",-0.0%
São João,Disponível,332.0,14,7896331705096.0,Hepatilon Solução Oral 150ml,"3,45","3,45",-0.0%,"3,45",-0.0%
São João,Disponível,332.0,13,7896094203051.0,"Elani Ciclo 3mg/0,03mg 21 Comprimidos Revestidos","171,98","120,39",-30.0%,"120,39",-30.0%
São João,Esgotado,332.0,13,0.0,Pioletal Plus Loção Dermatológica 60ml,0,0,0,0,0
São João,Disponível,332.0,14,7896112110576.0,Metoprolol 50mg 30 Comprimidos Genérico Biolab,"7,06","3,91",-44.6%,"3,91",-44.6%
São João,Esgotado,332.0,13,0.0,Paco 500+30mg 48 Comprimidos Eurofarma (A2),0,0,0,0,0
São João,Esgotado,332.0,14,0.0,Salonpas Patch 5 Unidades,0,0,0,0,0
São João,Disponível,332.0,14,7894916515764.0,Siilif 100mg 30 Comprimidos Revestido Takeda,"52,75","52,75",-0.0%,"52,75",-0.0%
São João,Disponível,332.0,12,7896014681426.0,Listo 8mg 30 Comprimidos Orod Morango Genérico Biolab,"1096,22","105,23",-90.4%,"105,23",-90.4%
São João,Disponível,332.0,12,7896112110576.0,Naproxeno 500mg 20 Comprimidos Genérico Teuto,"7,06","3,91",-44.6%,"3,91",-44.6%
São João,Disponível,332.0,13,7896004715971.0,"Azitromicina 900mg 22,5ml Genérico Prati","79,28","24,49",-69.1%,"24,49",-69.1%
São João,Esgotado,332.0,12,0.0,Fentizol Creme Ginecológico 40g + 7 Aplicadores,0,0,0,0,0
São João,Esgotado,332.0,13,0.0,Sibutramina 15mg 30 Cápsulas Eurofarma (B2),0,0,0,0,0
São João,Esgotado,332.0,14,0.0,Aerolin 10ml Solução Nebulização GSK,0,0,0,0,0
São João,Esgotado,332.0,12,0.0,Fly250 250mg 10 Cápsulas,0,0,0,0,0
São João,Esgotado,332.0,14,0.0,Óleo Essencial Therapi 10ml Ar das Montanhas,0,0,0,0,0
São João,Disponível,332.0,13,7896637023658.0,Musculare 5mg 30 Comprimidos Revestidos,"20,15","20,15",-0.0%,"20,15",-0.0%
São João,Disponível,332.0,12,7896637023979.0,Afetus 100mg 30 Comprimidos Eurofarma (C1),"132,71","132,71",-0.0%,"132,71",-0.0%
São João,Disponível,332.0,16,7891106904582.0,Adorlan 25mg/25mg 20 Comprimidos,"73,39","60,99",-16.9%,"60,99",-16.9%
São João,Disponível,332.0,12,7896112134213.0,"Cabergolina 0,5mg 8 Comprimidos Genérico Prati","32,10","13,39",-58.3%,"13,39",-58.3%
São João,Disponível,332.0,15,7897595901033.0,Stilnox 10mg 28 Comprimidos Sanofi (B1),"17,16","15,69",-8.6%,"15,69",-8.6%
São João,Disponível,332.0,13,7897595622037.0,Alopurinol 100mg Genérico Prati 30 Comprimidos,"55,46","39,90",-28.1%,"39,90",-28.1%
São João,Disponível,332.0,13,7896676435214.0,"Latonan Solução Oftamológica 2,5Ml Legran","27,27","25,69",-5.8%,"25,69",-5.8%
São João,Disponível,332.0,13,7896004709413.0,Cetoconazol + Betametasona + Neomicina Creme 30g Genérico EMS,"31,71","27,09",-14.6%,"27,09",-14.6%
São João,Esgotado,332.0,13,0.0,Parzo 200mg 10 Cápsulas Biosintética,0,0,0,0,0
São João,Disponível,332.0,14,7896004715322.0,Alendronato de Sódio Genérico Teuto 70mg 4 Comprimidos,"100,50","8,07",-92.0%,"8,07",-92.0%
São João,Esgotado,332.0,13,0.0,Propomax 30ml Extrato de Própolis Apis Flora,0,0,0,0,0
São João,Esgotado,332.0,13,0.0,Daforin 20ml Gotas Sigma Pharma (C1),0,0,0,0,0
São João,Disponível,332.0,13,7896004704036.0,Nimesulida 100mg 12 Comprimidos Genérico EMS,"22,46","9,99",-55.5%,"9,99",-55.5%
São João,Disponível,331.0,13,7898430195082.0,Mytro SL 10mg 10 Comprimidos Myralis,"21,74","9,90",-54.5%,"9,90",-54.5%
São João,Esgotado,331.0,12,0.0,Infoc 25mg/ml 60ml Biosintética (C1),0,0,0,0,0
São João,Disponível,331.0,12,7896637037617.0,Ateroma 10mg 30 Comprimidos Revestidos Supera,"152,08","152,08",-0.0%,"152,08",-0.0%
São João,Disponível,331.0,12,7896004742076.0,Esomeprazol 20mg 14 Comprimidos Revestidos Genérico EMS,"298,41","67,99",-77.2%,"67,99",-77.2%
São João,Disponível,331.0,15,7896004716138.0,Espironolactona 100mg 30 Comprimidos Genérico EMS,"52,06","39,99",-23.2%,"39,99",-23.2%
São João,Disponível,331.0,14,7896255717717.0,Piascledine 300mg 90 Cápsulas Abbott,"25,73","22,89",-11.0%,"22,89",-11.0%
São João,Disponível,331.0,13,7891317129781.0,Gaba ER 500mg 30 Comprimidos Eurofarma (C1),"249,06","199,89",-19.7%,"199,89",-19.7%
São João,Disponível,331.0,17,7896004709291.0,Deflazacorte 30mg 10 Comprimidos Genérico EMS,"156,37","119,69",-23.5%,"119,69",-23.5%
São João,Esgotado,331.0,13,0.0,Clenil A 10 Frascos Chiesi,0,0,0,0,0
São João,Disponível,331.0,12,7896523201054.0,Domperidona 10mg Genérico Cimed 30 Comprimidos,"21,53","10,89",-49.4%,"10,89",-49.4%
São João,Esgotado,331.0,14,0.0,Analgésico Flanax 275mg Bayer com 2 comprimidos,0,0,0,0,0
São João,Disponível,331.0,14,7891317425869.0,Viagra 50mg 1 Comprimido Revestido,"14,53","14,53",-0.0%,"14,53",-0.0%
São João,Esgotado,331.0,13,0.0,"Pulmicort Nebulização 0,25mg x 20 FQM",0,0,0,0,0
São João,Disponível,331.0,14,7896523209845.0,Amytril 25mg 30 Comprimidos Supera (C1),"15,48","1,99",-87.1%,"1,99",-87.1%
São João,Esgotado,331.0,12,0.0,Opti-Free Puremoist 90ml Alcon,0,0,0,0,0
São João,Disponível,331.0,14,7896004713014.0,Tempora 50mg 60 Comprimidos Revestidos Cristália (C1),"197,04","38,24",-80.6%,"38,24",-80.6%
São João,Esgotado,331.0,13,0.0,Fluimucil D Zambon 600mg 16 Envelopes,0,0,0,0,0
São João,Disponível,331.0,12,7891317010065.0,Cod Par 500mg+30mg 12 Comprimidos Supera (A2),"45,72","38,59",-15.6%,"38,59",-15.6%
São João,Disponível,331.0,13,7896714205182.0,Cloridrato De Nebivolol 5mg Genérico Pharlab 30 Comprimidos,"6,86","4,99",-27.3%,"4,99",-27.3%
São João,Disponível,331.0,14,7896637022835.0,Esalerg Aché 5mg 30 Comprimidos Revestidos,"62,81","33,90",-46.0%,"33,90",-46.0%
São João,Disponível,331.0,14,7891317465650.0,"Serenus 0,15mg/0,2mg/1,5mg 20 Comprimidos Revestidos","75,40","64,59",-14.3%,"64,59",-14.3%
São João,Disponível,331.0,13,7897595602589.0,Olmy Anlo 20+5mg 30 Comprimidos Germed,"27,40","6,99",-74.5%,"6,99",-74.5%
São João,Disponível,331.0,13,7891058002145.0,Rivaroxabana 10mg 30 Comprimidos Revestidos Genérico Medley,"190,87","190,87",-0.0%,"190,87",-0.0%
São João,Disponível,331.0,13,7897595602589.0,Atenolol Genérico Medley 50mg 30 Comprimidos,"27,40","6,99",-74.5%,"6,99",-74.5%
São João,Disponível,331.0,13,7908134200392.0,Gynpro 200mg 15 Cápsulas Exeltis,"79,74","79,74",-0.0%,"79,74",-0.0%
São João,Disponível,331.0,12,7896241293669.0,Patz SL 10mg 30 comprimidos,"39,75","29,79",-25.1%,"29,79",-25.1%
São João,Esgotado,331.0,12,0.0,Inalajet 64mcg 120 doses Legrand,0,0,0,0,0
São João,Disponível,331.0,14,7896004711287.0,Maleato De Dexclorfeniramina 2mg Genérico Neo Química 20 Comprimidos,"16,20","10,49",-35.2%,"10,49",-35.2%
São João,Disponível,331.0,13,7891058005665.0,Nidue 100+20mg 12 Comprimidos Germed,"22,13","12,90",-41.7%,"12,90",-41.7%
São João,Disponível,331.0,12,7896004709413.0,Cetoconazol + Betametasona + Neomicina Pomada Genérico Medley 30g,"31,71","27,09",-14.6%,"27,09",-14.6%
São João,Disponível,331.0,13,7891106001946.0,Aspirina Prevent 300mg 30 Comprimidos Revestidos Bayer,"24,17","22,29",-7.8%,"22,29",-7.8%
São João,Disponível,331.0,12,7896112486787.0,Aradois 50mg 30 Comprimidos Revestidos,"56,60","5,80",-89.8%,"5,80",-89.8%
São João,Esgotado,330.0,15,0.0,Fontelax 10 Sachês Geyer,0,0,0,0,0
São João,Esgotado,330.0,13,0.0,"Vacina Pentavalente Infanrix DTPA HIB IPV Injetável Frasco + Seringa 0,5 ml GSK + Aplicação",0,0,0,0,0
São João,Disponível,330.0,14,7891158101687.0,Depakote 250mg 30 Comprimidos Revestidos Abbott (C1),"279,50","279,50",-0.0%,"279,50",-0.0%
São João,Disponível,330.0,12,7896004733234.0,Pioglitazona 30mg 15 Comprimidos Genérico EMS,"23,36","10,90",-53.3%,"10,90",-53.3%
São João,Disponível,330.0,13,7896181920410.0,Iccor 5mg 30 Comprimidos Revestidos Torrent,"14,94","5,70",-61.8%,"5,70",-61.8%
São João,Esgotado,330.0,13,0.0,Gamax 30 Cápsulas Hebron,0,0,0,0,0
São João,Disponível,330.0,13,7896094920453.0,Novotram 50mg 10 Cápsulas Hypermarcas (A2),"24,26","22,29",-8.1%,"22,29",-8.1%
São João,Esgotado,330.0,13,0.0,Ventus Spray 60 Doses Eurofarma,0,0,0,0,0
São João,Disponível,330.0,14,7891317425869.0,Xadago 50mg 30 Comprimidos Revestidos,"14,53","14,53",-0.0%,"14,53",-0.0%
São João,Disponível,330.0,13,7896004742076.0,Esomeprazol 40mg 28 Comprimidos Revestidos Genérico EMS,"298,41","67,99",-77.2%,"67,99",-77.2%
São João,Disponível,330.0,14,7896637031943.0,Mefex 250mg 14 Comprimidos Revestidos Aché,"64,50","56,59",-12.3%,"56,59",-12.3%
São João,Disponível,330.0,14,7896637023771.0,Leukeran 2mg 25 Comprimidos Aspen,"34,15","34,15",-0.0%,"34,15",-0.0%
São João,Disponível,330.0,13,7898569763015.0,Olmesartana 20mg 30 Comprimidos Revestidos Genérico Althaia,"46,46","27,90",-39.9%,"27,90",-39.9%
São João,Disponível,330.0,15,7897851250530.0,Rosulib 20mg 30 Comprimidos Sandoz,"23,10","23,10",-0.0%,"23,10",-0.0%
São João,Disponível,330.0,13,7896181920410.0,Triade Osso 30 Comprimidos Revestidos Gross,"14,94","5,70",-61.8%,"5,70",-61.8%
São João,Disponível,330.0,12,7795320008821.0,Ixium Creme Dermatológico 12 Sachês de 25g,"50,17","44,69",-10.9%,"44,69",-10.9%
São João,Disponível,330.0,13,7891317425869.0,Tylenol 750mg 30 Comprimidos Revestidos J&amp;J,"14,53","14,53",-0.0%,"14,53",-0.0%
São João,Esgotado,330.0,14,0.0,Leite de Magnésia Cimed 80mg/ml,0,0,0,0,0
São João,Disponível,330.0,14,7896637024358.0,"Celergin 2mg/0,25mg 20 Comprimidos","83,67","83,67",-0.0%,"83,67",-0.0%
São João,Disponível,330.0,14,7896004751641.0,Desogestrel 75mcg Genérico Sandoz 28 Comprimidos Revestidos,"37,52","9,99",-73.4%,"9,99",-73.4%
São João,Disponível,330.0,14,7896523226798.0,"Levonorgestrel 1,5mg 1 Comprimido Genérico Cimed","42,72","18,29",-57.2%,"18,29",-57.2%
São João,Esgotado,330.0,15,0.0,Famox 8mg Solução Oral + Kit Diluição Aché,0,0,0,0,0
São João,Disponível,330.0,13,7896004789873.0,Vognus 10mg 30 Comprimidos Revestidos EMS (C1),"51,77","51,77",-0.0%,"51,77",-0.0%
São João,Esgotado,330.0,12,0.0,Lantus Solução Subcutânea 1 Carpule de 3ml,0,0,0,0,0
São João,Disponível,330.0,14,7896006290216.0,Glaucotrat Solução Oftálmica 5ml,"47,65","40,79",-14.4%,"40,79",-14.4%
São João,Disponível,330.0,12,7896637023658.0,Procoralan 5mg 56 Comprimidos Revestidos,"20,15","20,15",-0.0%,"20,15",-0.0%
São João,Esgotado,330.0,14,0.0,Ocupress 2% Solução Oftálmica 5ml Genom,0,0,0,0,0
São João,Disponível,329.0,14,7896422512145.0,Ciclopirox Olamina 10mg/ml Genérico Medley Solução Tópica 15ml,"27,63","17,90",-35.2%,"17,90",-35.2%
São João,Disponível,329.0,13,7897851250622.0,Perivasc 450mg + 50mg 30 Comprimidos,"43,49","43,49",-0.0%,"43,49",-0.0%
São João,Disponível,329.0,12,7896226506142.0,"Mylus 0,075mg 28 Comprimidos","383,83","321,89",-16.1%,"321,89",-16.1%
São João,Disponível,329.0,13,7896637023641.0,Clomid 50mg 10 Comprimidos Medley,"52,76","46,49",-11.9%,"46,49",-11.9%
São João,Esgotado,329.0,13,0.0,Óleo Essencial Therapi 10ml Menta Piperita,0,0,0,0,0
São João,Disponível,329.0,14,7896658000379.0,Motore 500mg 120 Comprimidos Ache,"34,57","30,49",-11.8%,"30,49",-11.8%
São João,Disponível,329.0,13,7896094203044.0,"Elani 28 3mg/0,03mg 84 Comprimidos Revestidos","229,49","160,64",-30.0%,"160,64",-30.0%
São João,Disponível,329.0,13,7898569762674.0,Ezetimiba 10mg 30 Comprimidos Revestidos Genérico Althaia,"93,02","44,90",-51.7%,"44,90",-51.7%
São João,Esgotado,329.0,12,0.0,Pen-Ve Oral 400 000 UI/5ml 60ml Supera,0,0,0,0,0
São João,Disponível,329.0,13,7896004703596.0,Paracetamol 750mg 10 Comprimidos Genérico Prati AV*,"23,22","13,49",-41.9%,"13,49",-41.9%
São João,Esgotado,329.0,16,0.0,Junno 200mg 42 Cápsulas FQM,0,0,0,0,0
São João,Disponível,329.0,14,7894916501408.0,Deflaimmun Sigma Pharma 6mg 20 Comprimidos,"77,73","64,19",-17.4%,"64,19",-17.4%
São João,Esgotado,329.0,14,0.0,Fosamax D Organon 70mg + 5600UI 4 Comprimidos,0,0,0,0,0
São João,Disponível,329.0,14,7896004758268.0,Desonida Creme 30g Genérico EMS,"30,10","25,89",-14.0%,"25,89",-14.0%
São João,Esgotado,329.0,13,0.0,Fisiocrem Active 60ml,0,0,0,0,0
São João,Disponível,329.0,13,7896637023658.0,Desalex 5mg 10 Comprimidos Revestidos,"20,15","20,15",-0.0%,"20,15",-0.0%
São João,Disponível,329.0,14,7891317435431.0,Yasmin 21+7 Comprimidos Revestidos Bayer,"59,69","53,79",-9.9%,"53,79",-9.9%
São João,Esgotado,329.0,14,0.0,Benegrip Imuno Energy 20 Comprimidos Efervecentes,0,0,0,0,0
São João,Disponível,329.0,12,7896004782546.0,Dipirona 1g 10 Comprimidos Genérico EMS,"23,74","12,90",-45.7%,"12,90",-45.7%
São João,Esgotado,329.0,14,0.0,Symbicort 12+400mcg 60 Doses FQM,0,0,0,0,0
São João,Esgotado,329.0,14,0.0,Tossmed 120ml Almeida Prado,0,0,0,0,0
São João,Disponível,329.0,12,7891268100228.0,Olmetec Anlo 40 + 5mg 30 Comprimidos Pfizer,"69,59","58,89",-15.4%,"58,89",-15.4%
São João,Esgotado,329.0,14,0.0,Colírio De Euphrasia Officinalis 20ml Almeida Prado,0,0,0,0,0
São João,Disponível,329.0,13,7896094207851.0,Bravan 160mg 30 Comprimidos Revestidos Aché,"58,81","49,89",-15.2%,"49,89",-15.2%
São João,Disponível,329.0,14,7896422513951.0,Venlafaxina 75mg 30 Cápsulas Genérico Medley (C1),"105,77","35,99",-66.0%,"35,99",-66.0%
São João,Disponível,329.0,14,7896181920410.0,Mesacol 800mg 30 Comprimidos Revestidos,"14,94","5,70",-61.8%,"5,70",-61.8%
São João,Disponível,329.0,13,7896004730172.0,Ciclobenzaprina 10mg 30 Comprimidos Revestidos Genérico EMS,"22,66","13,90",-38.7%,"13,90",-38.7%
São João,Disponível,329.0,13,7896004789873.0,Sumax 50mg 6 Comprimidos Revestidos Libbs,"51,77","51,77",-0.0%,"51,77",-0.0%
São João,Disponível,329.0,14,7896004713137.0,Levofloxacino 500mg 7 Comprimidos Revestidos Genérico EMS,"127,68","103,49",-18.9%,"103,49",-18.9%
São João,Esgotado,329.0,14,0.0,Haldol Decanoato 50mg 5 x 1 ml Janssen (C1),0,0,0,0,0
São João,Disponível,329.0,16,7896004766997.0,Rivaroxabana 10mg 30 Comprimidos Revestidos Genérico Prati,"271,97","59,90",-78.0%,"59,90",-78.0%
São João,Disponível,329.0,14,7896658008849.0,Levoid 200mcg 30 Comprimidos Aché,"33,99","30,09",-11.5%,"30,09",-11.5%
São João,Esgotado,329.0,13,0.0,Winter AP 6+120mg 8 Cápsulas Diffucap,0,0,0,0,0
São João,Esgotado,328.0,12,0.0,Lactulose 120ml Colact Frutas,0,0,0,0,0
São João,Disponível,328.0,14,7898430194504.0,Nactil 600mg 30 Comprimidos Revestidos Myralis,"80,90","40,45",-50.0%,"40,45",-50.0%
São João,Esgotado,328.0,12,0.0,Provagin Gel Hidratante Intravaginal 30g com 10 Aplicadores,0,0,0,0,0
São João,Disponível,328.0,15,7891158103384.0,Andes 50mg 60 Comprimidos Revestidos Supera (C1),"431,23","431,23",-0.0%,"431,23",-0.0%
São João,Disponível,328.0,13,7896658005305.0,Floral Thérapi Bach Thérapi 30ml,"42,28","39,19",-7.3%,"39,19",-7.3%
São João,Esgotado,328.0,12,0.0,Motilium 100Ml Janssen-Cilag,0,0,0,0,0
São João,Esgotado,328.0,12,0.0,Óleo Essencial Therapi 10ml Limão Siciliano,0,0,0,0,0
São João,Disponível,328.0,12,7896004790169.0,Ondset Odt 8mg 10 Comprimidos Genom,"55,77","19,99",-64.2%,"19,99",-64.2%
São João,Disponível,328.0,13,7896523212319.0,Simeticona 75mg/ml Cereja Genérico Cimed Gotas 15ml,"5,99","5,19",-13.4%,"5,19",-13.4%
São João,Disponível,328.0,12,7896004704036.0,Nimesulida 100mg 12 Comprimidos Genérico Neo Química,"22,46","9,99",-55.5%,"9,99",-55.5%
São João,Disponível,328.0,14,7896637023658.0,Mefex 500mg 14 Comprimidos Revestidos,"20,15","20,15",-0.0%,"20,15",-0.0%
São João,Esgotado,328.0,15,0.0,Maxidrate Gel Nasal 30g,0,0,0,0,0
São João,Esgotado,328.0,14,0.0,Valda Imune Infantil Sachê 30 Gomas Mastigáveis,0,0,0,0,0
São João,Esgotado,328.0,15,0.0,Nasonex 50mcg Spray Nasal com 120 doses,0,0,0,0,0
São João,Disponível,328.0,13,7896637023658.0,Pasalix Marjan 30 Comprimidos Revestidos,"20,15","20,15",-0.0%,"20,15",-0.0%
São João,Disponível,328.0,16,7896112486787.0,Brasart 80mg 30 Comprimidos Revestidos,"56,60","5,80",-89.8%,"5,80",-89.8%
São João,Disponível,328.0,15,7897460401422.0,Brasart BCC 320mg + 10mg 30 Comprimidos Revestidos Sigma,"80,87","80,87",-0.0%,"80,87",-0.0%
São João,Disponível,328.0,13,7896658009532.0,Prelone 3mg 60ml Aché,"57,73","53,39",-7.5%,"53,39",-7.5%
São João,Disponível,328.0,14,7896523213989.0,Glibenclamida 5mg 30 Comprimidos Genérico EMS,"16,01","2,99",-81.3%,"2,99",-81.3%
São João,Disponível,328.0,13,7898605330690.0,Lacto Purga 12 Comprimidos Revestidos,"377,34","301,87",-20.0%,"301,87",-20.0%
São João,Esgotado,328.0,13,0.0,Pílulas De-Lussen 8mg/10mg/30mg/10mg 36 Drágeas,0,0,0,0,0
São João,Esgotado,328.0,14,0.0,Pyloripac Cellera 14 Cartelas,0,0,0,0,0
São João,Esgotado,328.0,12,0.0,"Ritmoneuran 182,93mg 20 Cápsulas",0,0,0,0,0
São João,Disponível,328.0,13,7896255717724.0,Teolong 200mg 30 Cápsulas Abbott,"40,84","35,29",-13.6%,"35,29",-13.6%
São João,Disponível,328.0,13,7896004789873.0,Ruva 20mg 30 Comprimidos Revestidos Eurofarma,"51,77","51,77",-0.0%,"51,77",-0.0%
São João,Disponível,327.0,13,7896004821610.0,Ondansetrona 8mg 30 Comprimidos Orodissolúveis Genérico Althaia,"30,73","14,90",-51.5%,"14,90",-51.5%
São João,Disponível,327.0,13,7896422522663.0,"Bisoprolol 2,5mg 30 Comprimidos Revestidos Genérico Medley","51,33","29,90",-41.7%,"29,90",-41.7%
São João,Disponível,327.0,13,7891317425869.0,Andes 50mg 30 Comprimidos Revestidos,"14,53","14,53",-0.0%,"14,53",-0.0%
São João,Esgotado,327.0,15,0.0,Ciflogex Mel e Limão 3mg 12 Pastilhas,0,0,0,0,0
São João,Disponível,327.0,12,7896004700533.0,Enalapril 10mg 30 Comprimidos Genérico OneFarma,"25,13","7,09",-71.8%,"7,09",-71.8%
São João,Esgotado,327.0,13,0.0,Engov Up Morango e Kiwi 269ml,0,0,0,0,0
São João,Disponível,327.0,13,7896658008849.0,Synthroid 175mcg 30 Comprimidos Abbott,"33,99","30,09",-11.5%,"30,09",-11.5%
São João,Disponível,327.0,12,7896094209022.0,Imense 100mg 30 Comprimidos Revestidos de Liberação Prolongada EMS (C1),"248,63","198,90",-20.0%,"198,90",-20.0%
São João,Disponível,327.0,13,7896422517041.0,Alprazolam 2mg 30 Comprimidos Genérico Medley (B1),"70,26","29,90",-57.4%,"29,90",-57.4%
São João,Disponível,327.0,13,7896004715032.0,"Desalex D12 2,5mg/120mg 10 Comprimidos","21,90","20,59",-6.0%,"20,59",-6.0%
São João,Disponível,327.0,13,7891142981363.0,Oximax 400mcg 30 Comprimidos + Inal Mantecorp,"39,94","36,49",-8.6%,"36,49",-8.6%
São João,Disponível,327.0,12,7897595632548.0,Sinvastatina 20mg 30 Comprimidos Revestidos Genérico Novartis,"18,08","10,99",-39.2%,"10,99",-39.2%
São João,Disponível,327.0,15,7891317412692.0,Amome 50mg Suspensão Oral 60ml,"57,34","52,19",-9.0%,"52,19",-9.0%
São João,Disponível,327.0,12,7896637022569.0,Retemic UD 10mg 30 Comprimidos,"74,30","62,29",-16.2%,"62,29",-16.2%
São João,Esgotado,327.0,12,0.0,Oftpred Colírio 5ml,0,0,0,0,0
São João,Disponível,327.0,14,7897851250622.0,"Tenadren 40+12,5mg 30 Comprimidos Sigma","43,49","43,49",-0.0%,"43,49",-0.0%
São João,Disponível,327.0,13,7896112125617.0,Fluoxetina 20mg 30 Cápsulas Genérico Teuto (C1),"60,22","13,19",-78.1%,"13,19",-78.1%
São João,Esgotado,327.0,12,0.0,Plantaben Mylan 5g 10 Envelopes,0,0,0,0,0
São João,Esgotado,327.0,13,0.0,Dramin Capsgel 25mg 10 Cápsulas Gelatinosas,0,0,0,0,0
São João,Esgotado,327.0,12,0.0,Lamictal Dispersível 25mg 30 Comprimidos GSK (C1),0,0,0,0,0
São João,Disponível,327.0,14,7896181920410.0,Corus 50mg 30 Comprimidos Revestidos,"14,94","5,70",-61.8%,"5,70",-61.8%
São João,Disponível,327.0,14,7896641808982.0,Lyberdia 30mg X 30 Cápsulas,"128,20","103,89",-19.0%,"103,89",-19.0%
São João,Disponível,327.0,13,7896006290216.0,Claroft Solução Oftálmica 15ml,"47,65","40,79",-14.4%,"40,79",-14.4%
São João,Disponível,327.0,13,7896004705866.0,Atenolol 50mg 60 Comprimidos Genérico EMS,"69,32","29,90",-56.9%,"29,90",-56.9%
São João,Disponível,327.0,13,7896241293669.0,Seloken 100mg 30 Comprimidos,"39,75","29,79",-25.1%,"29,79",-25.1%
São João,Disponível,327.0,13,7896523213569.0,Clavulin 500Mg Com 30 Comprimidos Gsk,"30,55","5,82",-80.9%,"5,82",-80.9%
São João,Disponível,327.0,13,7898049793310.0,Metformina 850mg 30 Comprimidos Genérico Vitamedic,"37,84","33,09",-12.6%,"33,09",-12.6%
São João,Disponível,326.0,12,7897473207011.0,Salmeterol 25Mcg + 50Mcg Spray 120 Doses Genérico Glenmark,"57,52","33,90",-41.1%,"33,90",-41.1%
São João,Esgotado,326.0,13,0.0,Flixotide GSK 250mcg 60 Doses,0,0,0,0,0
São João,Disponível,326.0,13,7896255717724.0,Rubenti 200Mg 30 Cápsulas Abbott,"40,84","35,29",-13.6%,"35,29",-13.6%
São João,Esgotado,326.0,14,0.0,"Bepantol Derma Creme Hidratante Toque Seco Oil Free 30g, Pele Normal a Seca",0,0,0,0,0
São João,Disponível,326.0,13,7896637029117.0,Síbus 15mg 60 Cápsulas Duras,"77,57","33,00",-57.5%,"33,00",-57.5%
São João,Esgotado,326.0,13,0.0,Piemonte 4mg 30 Sachês Eurofarma,0,0,0,0,0
São João,Disponível,326.0,14,7896094207851.0,Ancoron 100mg 30 Comprimidos Revestidos,"58,81","49,89",-15.2%,"49,89",-15.2%
São João,Disponível,326.0,14,7896004759593.0,Viverdal 1mg 30 Comprimidos Revestidos Genom (C1),"217,62","59,90",-72.5%,"59,90",-72.5%
São João,Disponível,326.0,14,7891268107067.0,Tramal Retard 100mg 30 Comprimidos Revestidos Grünenthal (A2),"161,86","112,99",-30.2%,"112,99",-30.2%
São João,Disponível,326.0,13,7897473207677.0,Levocetirizina 5mg 10 Comprimidos Revestidos Genérico Neo Química,"48,45","24,90",-48.6%,"24,90",-48.6%
São João,Disponível,326.0,12,7894916500777.0,Contracep Sigma Pharma 150mg 1ml Ampola,"94,66","77,29",-18.3%,"77,29",-18.3%
São João,Disponível,326.0,14,7896004713137.0,Moxifloxacino 400mg 7 Comprimidos Revestidos Genérico EMS,"127,68","103,49",-18.9%,"103,49",-18.9%
São João,Disponível,326.0,15,7896094914414.0,Estomazil Pó 100g sem sabor Hypera Pharma,"3,43","2,89",-15.7%,"2,89",-15.7%
São João,Esgotado,326.0,12,0.0,Ana-Flex 35 + 300 + 50mg 20ml Cristália,0,0,0,0,0
São João,Disponível,326.0,13,7891317444952.0,Allestra 20 75mcg/20mcg 63 Comprimidos Revestidos,"93,45","77,49",-17.1%,"77,49",-17.1%
São João,Esgotado,326.0,14,0.0,Xarope Resiratus  100Ml Medley,0,0,0,0,0
São João,Esgotado,326.0,13,0.0,Probiatop Pó para Solução Oral 15 Sachês de 1g,0,0,0,0,0
São João,Disponível,326.0,13,7896241293669.0,Isoflavine 150mg 30 Comprimidos,"39,75","29,79",-25.1%,"29,79",-25.1%
São João,Disponível,326.0,15,7897076918864.0,Cinarizina 75mg 30 Comprimidos Genérico Ranbaxy,"296,56","99,90",-66.3%,"99,90",-66.3%
São João,Disponível,326.0,13,7896241293669.0,Predsim 40mg 7 Comprimidos,"39,75","29,79",-25.1%,"29,79",-25.1%
São João,Esgotado,326.0,14,0.0,Melagrião Spray 30ml Menta Catarinense,0,0,0,0,0
São João,Esgotado,326.0,14,0.0,Olmetec Anlo 40 + 10mg 30 Comprimidos Wyeth,0,0,0,0,0
São João,Disponível,326.0,13,7891317125455.0,Duspatalin 200mg 30 Cápsulas,"88,54","74,19",-16.2%,"74,19",-16.2%
São João,Esgotado,326.0,12,0.0,Cloridrato De Ambroxol 3mg/ml Genérico Cimed Xarope 120ml,0,0,0,0,0
São João,Esgotado,326.0,12,0.0,Xarope Brondelix 100ml Ems,0,0,0,0,0
São João,Esgotado,326.0,13,0.0,Exodus 20mg 15ml solução oral Aché (C1),0,0,0,0,0
São João,Disponível,326.0,12,7896658008849.0,Levoid 125mcg 30 Comprimidos Aché,"33,99","30,09",-11.5%,"30,09",-11.5%
São João,Disponível,326.0,15,7891058002961.0,Cetoprofeno 150mg 10 Comprimidos Genérico Eurofarma,"43,49","34,90",-19.8%,"34,90",-19.8%
São João,Disponível,326.0,13,7896637031509.0,Ibuprofeno 600mg 20 Comprimidos,"72,96","72,96",-0.0%,"72,96",-0.0%
São João,Disponível,326.0,13,7896641813597.0,Juneve 70mg 28 Cápsulas Takeda (A3),"449,99","359,99",-20.0%,"359,99",-20.0%
São João,Disponível,326.0,17,7896523216812.0,Zina 5mg 10 Comprimidos,"19,90","19,90",-0.0%,"19,90",-0.0%
São João,Disponível,326.0,12,7896637025362.0,Pomada Dermatológica Drenison 30g,"148,92","124,69",-16.3%,"124,69",-16.3%
São João,Disponível,325.0,14,7897595624642.0,Amoxicilina + Clavulanato De Potássio 500mg 12 Comprimidos Revestidos Genérico Sandoz,"167,05","99,90",-40.2%,"99,90",-40.2%
São João,Disponível,325.0,12,7896004715032.0,"Stezza 28 Comprimidos 2,5mg+1,5mg","21,90","20,59",-6.0%,"20,59",-6.0%
São João,Disponível,325.0,14,7896181922711.0,Loratadina 10mg 12 Comprimidos Revestidos Genérico Biosintética,"65,29","26,09",-60.0%,"26,09",-60.0%
São João,Disponível,325.0,13,7896004762319.0,Gliclazida 60mg 30 Comprimidos de Liberação Prolongada Genérico EMS,"30,33","16,90",-44.3%,"16,90",-44.3%
São João,Disponível,325.0,13,7896006290216.0,Lumigan RC Solução Oftálmica 5ml,"47,65","40,79",-14.4%,"40,79",-14.4%
São João,Esgotado,325.0,12,0.0,"Polaradex 0,4mg 100ml Natulab",0,0,0,0,0
São João,Disponível,325.0,12,7899547520880.0,Nimesulida 100mg 12 Comprimidos Genérico Prati-Donaduzzi,"31,56","17,49",-44.6%,"17,49",-44.6%
São João,Esgotado,325.0,12,0.0,Ibuprofeno 100mg 30ml Ibuflex Legrand,0,0,0,0,0
São João,Disponível,325.0,12,7896112134213.0,Aminofilina 100mg Genérico Teuto 20 Comprimidos,"32,10","13,39",-58.3%,"13,39",-58.3%
São João,Esgotado,325.0,13,0.0,"Exelon Patch 9mg/5cm (4,6mg) 30 Adesivos  (C1)",0,0,0,0,0
São João,Esgotado,325.0,14,0.0,Ecoxe 60mg 14 Comprimidos Hypera Pharma (C1),0,0,0,0,0
São João,Esgotado,325.0,13,0.0,Imescard 10mg/10mg/10mg/30mg 36 Drágeas,0,0,0,0,0
São João,Esgotado,325.0,14,0.0,Artrolive 30 Sachês Ache,0,0,0,0,0
São João,Esgotado,325.0,14,0.0,Hidróxido de Alumínio Suspensão Oral 240ml Genérico EMS,0,0,0,0,0
São João,Disponível,325.0,12,7896637031608.0,Inzelm 10mg Revestidos 60 Comprimidos,"154,89","125,09",-19.2%,"125,09",-19.2%
São João,Esgotado,325.0,16,0.0,Tylex 30Mg 24 Comprimidos Janssen (A2),0,0,0,0,0
São João,Disponível,325.0,13,7891721202988.0,Levotiroxina Sódica 175mcg Genérico Merck 30 Comprimidos,"11,79","11,79",-0.0%,"11,79",-0.0%
São João,Disponível,325.0,13,7896094210295.0,"Niki 3mg + 0,02mg 24 + 4 Comprimidos Revestidos EMS","243,34","170,34",-30.0%,"170,34",-30.0%
São João,Disponível,325.0,14,7894916510011.0,"Bravan HCT 80mg+12,5mg 30 Comprimidos Revestidos Aché","106,25","106,25",-0.0%,"106,25",-0.0%
São João,Disponível,325.0,13,7896637023115.0,Marevan FQM 5mg 10 Comprimidos,"29,28","26,89",-8.2%,"26,89",-8.2%
São João,Disponível,325.0,13,7891058020286.0,Enterogermina Probiótico Crianças e Adultos 5ml 10 Frascos,"49,00","39,99",-18.4%,"39,99",-18.4%
São João,Esgotado,325.0,13,0.0,"Diane 35 2mg/0,035mg 21 Drágeas",0,0,0,0,0
São João,Disponível,325.0,13,7896006290216.0,Combigan Solução Oftálmica 10ml,"47,65","40,79",-14.4%,"40,79",-14.4%
São João,Disponível,325.0,13,7896004718842.0,"Alprazolam 0,25mg 30 Comprimidos Genérico EMS (B1)","88,21","20,39",-76.9%,"20,39",-76.9%
São João,Disponível,325.0,12,7891317455040.0,Duomo 2mg 30 Comprimidos Eurofarma,"31,03","27,59",-11.1%,"27,59",-11.1%
São João,Disponível,325.0,12,7896658027703.0,Klev 20mg 14 Comprimidos,"65,89","55,99",-15.0%,"55,99",-15.0%
São João,Disponível,324.0,12,7896658047992.0,Actonel Theramex 150mg 1 Comprimido Revestido,"168,73","139,09",-17.6%,"139,09",-17.6%
São João,Disponível,324.0,13,7894916502641.0,"Concardio 1,25mg 30 Comprimidos Revestidos Sigma Pharma","45,40","40,09",-11.7%,"40,09",-11.7%
São João,Disponível,324.0,12,7899420507410.0,Ibanuno 150mg 1 Comprimido Revestido Supera,"58,34","49,39",-15.3%,"49,39",-15.3%
São João,Disponível,324.0,14,7891721023576.0,Mesidox 2mg 30 Comprimidos Merck,"86,21","86,21",-0.0%,"86,21",-0.0%
São João,Disponível,324.0,13,7897595602589.0,Atenolol 50mg 30 Comprimidos Genérico Sandoz,"27,40","6,99",-74.5%,"6,99",-74.5%
São João,Esgotado,324.0,13,0.0,Etira Solução Oral 100ml,0,0,0,0,0
São João,Disponível,324.0,13,7899547511338.0,Ciclobenzaprina 10mg 15 Cápsulas Genérico Prati-Donaduzzi,"129,00","55,62",-56.9%,"55,62",-56.9%
São João,Esgotado,324.0,15,0.0,Decadron Solução Nasal 20ml,0,0,0,0,0
São João,Esgotado,324.0,15,0.0,Cogit 16mg 30 Cápsulas Biolab (C1),0,0,0,0,0
São João,Disponível,324.0,14,7897595601834.0,Sitagliptina Genérico Sandoz 50mg 60 Comprimidos Revestidos,"209,09","49,90",-76.1%,"49,90",-76.1%
São João,Esgotado,324.0,13,0.0,Permanganato de Potássio Envelope 10 Doses Uniphar AV*,0,0,0,0,0
São João,Disponível,324.0,14,7898687736472.0,Propafenona 300mg 30 Comprimidos Revestidos Genérico Althaia,"144,84","107,09",-26.1%,"107,09",-26.1%
São João,Disponível,324.0,12,7897337716512.0,Implanon Etonogestrel NXT 68mg 1 Aplicador/Implante Organon,"1175,74","873,99",-25.7%,"873,99",-25.7%
São João,Disponível,324.0,13,7896006231127.0,Desogestrel 84 Comprimidos Genérico União Química,"91,78","46,90",-48.9%,"46,90",-48.9%
São João,Disponível,324.0,13,7896658021688.0,Aldomet 250mg 30 Comprimidos Revestidos Aspen,"60,45","50,49",-16.5%,"50,49",-16.5%
São João,Disponível,324.0,13,7896006280507.0,Topcoid Gel Dermatológico 40g,"33,90","31,49",-7.1%,"31,49",-7.1%
São João,Disponível,324.0,13,7896094209015.0,"Indapen SR 1,5mg 90 Comprimidos Revestidos de Liberação Prolongada Torrent","197,76","158,49",-19.9%,"158,49",-19.9%
São João,Esgotado,324.0,13,0.0,Neosoro Fluid 50ml Neoquimica,0,0,0,0,0
São João,Disponível,324.0,13,7896658030208.0,Oxotron 60mg 30 Comprimidos Aché,"80,55","66,79",-17.1%,"66,79",-17.1%
São João,Disponível,324.0,13,7896637022767.0,Donaren 50mg 60 Comprimidos Revestidos,"61,13","52,09",-14.8%,"52,09",-14.8%
São João,Disponível,324.0,13,7896112425328.0,Monessa 90 Cápsulas Biolab,"113,90","96,69",-15.1%,"96,69",-15.1%
São João,Esgotado,324.0,14,0.0,"Strepsils 8,75mg 16 Pastilhas",0,0,0,0,0
São João,Esgotado,324.0,14,0.0,Press Plus 5mg + 20mg 30 Cápsulas Biolab,0,0,0,0,0
São João,Esgotado,324.0,13,0.0,Pomada Nebacetin Baby Regeneração 30g Hypera Pharma,0,0,0,0,0
São João,Disponível,324.0,15,7896714275390.0,Pepsamar Hypera Pharma 10 Comprimidos,"9,78","9,78",-0.0%,"9,78",-0.0%
São João,Esgotado,324.0,13,0.0,Dimetigass 75mg 15ml Cimed,0,0,0,0,0
São João,Esgotado,324.0,13,0.0,Ecoxe 90mg 14 Comprimidos Hypera Pharma (Controlado 1),0,0,0,0,0
São João,Esgotado,324.0,15,0.0,Ciflogex Pastilhas Cimed Sabor Menta e Limão 12 Unidades,0,0,0,0,0
São João,Esgotado,324.0,12,0.0,"Combodart 0,5mg/0,4mg 90 Cápsulas",0,0,0,0,0
São João,Disponível,324.0,13,7896004731308.0,Miogesic Lis 125+5mg com 15 Comprimidos EMS,"70,08","22,99",-67.2%,"22,99",-67.2%
São João,Esgotado,324.0,13,0.0,Vick Drops 20 Pastilhas Mentol Procter,0,0,0,0,0
São João,Esgotado,324.0,15,0.0,"Trayenta Duo 2,5+1000Mg 60 Comprimidos Boehringer",0,0,0,0,0
São João,Esgotado,323.0,13,0.0,Dexador Injetável 6 Ampolas 3 Doses 1ml Arese,0,0,0,0,0
São João,Disponível,323.0,12,7898049793310.0,Ivermectina 6mg Genérico Vitamedic 2 Comprimidos,"37,84","33,09",-12.6%,"33,09",-12.6%
São João,Disponível,323.0,13,7896009498459.0,Advil Mulher 400mg 10 Cápsulas Moles,"50,80","33,00",-35.0%,"33,00",-35.0%
São João,Disponível,323.0,13,7896523213989.0,Glibenclamida 5mg Genérico Cimed 30 Comprimidos,"16,01","2,99",-81.3%,"2,99",-81.3%
São João,Disponível,323.0,14,7898569762674.0,Ezetimiba 10mg 30 Comprimidos Revestidos Genérico Neo Química,"93,02","44,90",-51.7%,"44,90",-51.7%
São João,Esgotado,323.0,16,0.0,Sinumed Almeida Prado Xarope 120ml,0,0,0,0,0
São João,Disponível,323.0,12,7896112121114.0,Quetiapina 100mg 30 Comprimidos Revestidos Genérico Teuto (C1),"153,45","62,89",-59.0%,"62,89",-59.0%
São João,Disponível,323.0,14,7896658015113.0,Lipless 100mg 60 Comprimidos Biolab,"217,88","198,49",-8.9%,"198,49",-8.9%
São João,Disponível,323.0,12,7896004746937.0,Ezetimiba 10mg 60 Comprimidos Genérico EMS,"99,47","28,99",-70.9%,"28,99",-70.9%
São João,Disponível,323.0,14,7891045031493.0,Evortia 15mg 60 Comprimidos Revestidos Hypera (C1),"195,02","117,01",-40.0%,"117,01",-40.0%
São João,Esgotado,323.0,14,0.0,Vick Pyrena 5g Caixa 5 Unidades Mel/Limão,0,0,0,0,0
São João,Disponível,323.0,12,7891317444952.0,Benegrip 500mg/2mg/30mg 12 Comprimidos Revestidos,"93,45","77,49",-17.1%,"77,49",-17.1%
São João,Disponível,323.0,13,7896255717724.0,Duspatalin 200Mg 60 Cápsulas Abbott,"40,84","35,29",-13.6%,"35,29",-13.6%
São João,Disponível,323.0,12,7897595602572.0,Atenolol 25mg Genérico Prati 30 Comprimidos,"22,27","2,49",-88.8%,"2,49",-88.8%
São João,Disponível,323.0,13,7896658008849.0,Levoid 25mcg 30 Comprimidos Aché,"33,99","30,09",-11.5%,"30,09",-11.5%
São João,Esgotado,323.0,13,0.0,"Tansudart 0,4mg 30 cápsulas GSK",0,0,0,0,0
São João,Esgotado,323.0,13,0.0,Cimegripe Dor e Febre 750mg 20 Comprimidos,0,0,0,0,0
São João,Disponível,323.0,12,7896637031509.0,Inilok 40mg 30 Comprimidos,"72,96","72,96",-0.0%,"72,96",-0.0%
São João,Disponível,323.0,16,7897595620620.0,Rosuvastatina 10mg 60 Comprimidos Revestidos Genérico Sandoz,"78,85","44,90",-43.1%,"44,90",-43.1%
São João,Esgotado,323.0,12,0.0,Pradaxa 110Mg 30 Cápsulas Boehringer,0,0,0,0,0
São João,Esgotado,323.0,12,0.0,Artelac Splash Solução Oftálmica 10mL Bausch &amp; Lomb,0,0,0,0,0
São João,Disponível,323.0,14,7891010256401.0,Pyridium 200mg 18 Comprimidos,"91,14","79,69",-12.6%,"79,69",-12.6%
São João,Disponível,323.0,13,7896422501651.0,Tadalafila 5mg Genérico Medley 30 Comprimidos Revestidos,"99,22","32,90",-66.8%,"32,90",-66.8%
São João,Esgotado,323.0,12,0.0,"Diovan HCT FQM 80mg + 12,5mg 28 Comprimidos",0,0,0,0,0
São João,Disponível,323.0,12,7891268101416.0,Dalacin C 300Mg 16 Cápsulas Pfizer,"196,82","161,29",-18.1%,"161,29",-18.1%
São João,Esgotado,323.0,14,0.0,Aloxidil 50mg/ml Sol Capi 60ml 2 Unidades Theraskin,0,0,0,0,0
São João,Disponível,323.0,13,7896006290216.0,"Alphabrin 2,0mg/ml Solução Oftálmica 5ml Gbió","47,65","40,79",-14.4%,"40,79",-14.4%
São João,Esgotado,323.0,13,0.0,"Clob-X 0,05% 125ml Shampoo Galderma",0,0,0,0,0
São João,Disponível,323.0,14,7896523216812.0,"Diad 1,5mg 1 Comprimido","19,90","19,90",-0.0%,"19,90",-0.0%
São João,Esgotado,323.0,12,0.0,Melleril Medquímica 100mg 20 Drágeas (C1),0,0,0,0,0
São João,Disponível,323.0,13,7896004790152.0,Ondset ODT 4mg 10 Comprimidos Genom,"30,73","14,90",-51.5%,"14,90",-51.5%
São João,Disponível,323.0,13,7895296446211.0,"Desloratadina 0,5mg/ml Genérico Prati Xarope 60ml","54,77","19,90",-63.7%,"19,90",-63.7%
São João,Disponível,323.0,12,7894916202671.0,Deposteron Solução Injetável Sigma Pharma 200mg 3 Ampolas (C5),"147,10","123,89",-15.8%,"123,89",-15.8%
São João,Esgotado,323.0,15,0.0,Alenia 6+200mcg 60 Cápsulas Refil,0,0,0,0,0
São João,Esgotado,323.0,13,0.0,Avelox 400Mg 5 Comprimidos Bayer,0,0,0,0,0
São João,Esgotado,323.0,14,0.0,Gastrol Pastilhas Hypera Pharma 20 Unidades,0,0,0,0,0
São João,Esgotado,322.0,14,0.0,Metoclopramida Solução Oral 10ml Genérico Teuto,0,0,0,0,0
São João,Esgotado,322.0,12,0.0,Loratadina + Pseudoefedrina Xarope 60ml Genérico Biosintética,0,0,0,0,0
São João,Disponível,322.0,13,7896181920410.0,Revia 50mg 30 Comprimidos Revestidos Cristália (C1),"14,94","5,70",-61.8%,"5,70",-61.8%
São João,Disponível,322.0,13,7896004720746.0,Amoxicilina + Clavulanato De Potássio 250mg 75ml Genérico União Química,"102,04","59,90",-41.3%,"59,90",-41.3%
São João,Esgotado,322.0,15,0.0,Lyberdia Gotas 40mg X 50ml,0,0,0,0,0
São João,Esgotado,322.0,12,0.0,Ster Suspensão Oftálmico 10ml,0,0,0,0,0
São João,Esgotado,322.0,12,0.0,Canabidiol 200mg/ml 30ml Herbarium (B1),0,0,0,0,0
São João,Disponível,322.0,12,7896226506142.0,Rizi 5Mg 10 Comprimidos Farmasa,"383,83","321,89",-16.1%,"321,89",-16.1%
São João,Esgotado,322.0,13,0.0,Decongex Plus 12mg/15mg 12 Comprimidos Aché,0,0,0,0,0
São João,Disponível,322.0,14,7896637024358.0,"Axonium 2,5mg 30 Comprimidos Aché (C1)","83,67","83,67",-0.0%,"83,67",-0.0%
São João,Esgotado,322.0,14,0.0,"Sorine Jet Baby 0,9% Solução Nasal 100ml Aché",0,0,0,0,0
São João,Disponível,322.0,14,7891721016165.0,Clavulin Bd 875Mg 20 Comprimidos Revestidos Gsk,"115,99","115,99",-0.0%,"115,99",-0.0%
São João,Disponível,322.0,13,7898029558809.0,Vastarel MR 35mg 30 Comprimidos Revestidos Servier,"100,61","81,09",-19.4%,"81,09",-19.4%
São João,Esgotado,322.0,12,0.0,Azox 20mg Suspensão 100ml,0,0,0,0,0
São João,Esgotado,322.0,15,0.0,Regressa 16mg 30 Cápsulas Aché (C1),0,0,0,0,0
São João,Esgotado,322.0,12,0.0,Digedrat 200Mg 30 Comprimidos Farmasa Mantecorp,0,0,0,0,0
São João,Esgotado,322.0,13,0.0,Estomazil Pó 100g Abacaxi Hypera Pharma,0,0,0,0,0
São João,Disponível,322.0,15,7896637022552.0,Serenata 50mg 30 Comprimidos Torrent (C1),"44,74","39,29",-12.2%,"39,29",-12.2%
São João,Esgotado,322.0,13,0.0,Azopt 1% 5ml Colírio Alcon,0,0,0,0,0
São João,Disponível,322.0,14,7897076909121.0,Nortriptilina 50mg 30 Comprimidos Genéricos Ranbaxy (C1),"152,39","152,39",-0.0%,"152,39",-0.0%
São João,Disponível,322.0,14,7896004754161.0,Metilfenidato 10mg 60 Comprimidos Genérico Althaia (A3),"67,70","38,49",-43.1%,"38,49",-43.1%
São João,Disponível,322.0,13,7896523212319.0,Simeticona 75ml Sabor Cereja Genérico Prati Gotas 15ml,"5,99","5,19",-13.4%,"5,19",-13.4%
São João,Esgotado,322.0,14,0.0,Neocopan 10ml União Química,0,0,0,0,0
São João,Disponível,322.0,14,7897595635655.0,Sitagliptina 25mg 30 Comprimidos Revestidos Genérico Ranbaxy,"240,05","99,90",-58.4%,"99,90",-58.4%
São João,Esgotado,322.0,14,0.0,"Ceftriaxona 1000mg 3,5ml IM Genérico Blau",0,0,0,0,0
São João,Disponível,322.0,14,7891045031493.0,Hetori 60mg 7 Comprimidos revestidos Grunenthal (C1),"195,02","117,01",-40.0%,"117,01",-40.0%
São João,Esgotado,322.0,13,0.0,Colidis Solução Oral 5ml,0,0,0,0,0
São João,Disponível,322.0,13,7896004704036.0,Nimesulida 100mg Genérico Globo Pharma 12 Comprimidos,"22,46","9,99",-55.5%,"9,99",-55.5%
São João,Disponível,322.0,14,7896658008849.0,Nisulid Aché 12 Comprimidos,"33,99","30,09",-11.5%,"30,09",-11.5%
São João,Disponível,322.0,15,7891317125455.0,Figmed 200mg 30 Cápsulas Cimed,"88,54","74,19",-16.2%,"74,19",-16.2%
São João,Disponível,322.0,13,7896004790152.0,Ondansetrona Volig 4mg 10 Comprimidos Orod Legrand,"30,73","14,90",-51.5%,"14,90",-51.5%
São João,Esgotado,322.0,13,0.0,Pradaxa 150Mg 60 Cápsulas Boehringer,0,0,0,0,0
São João,Disponível,322.0,12,7891010256401.0,Dimorf 10mg 50 Comprimidos Cristália (A1),"91,14","79,69",-12.6%,"79,69",-12.6%
São João,Disponível,322.0,14,7891058005672.0,Prednisona Genérico Prati 20 Comprimidos 20 mg,"68,04","44,90",-34.0%,"44,90",-34.0%
São João,Esgotado,321.0,12,0.0,Fluir 12mcg 30 Cápsulas + Inalador Mantecorp Log d,0,0,0,0,0
São João,Esgotado,321.0,13,0.0,Tramadol 100mg 10ml Genérico Neo Química (A2),0,0,0,0,0
São João,Disponível,321.0,13,7500435260541.0,Aviv 100mg 30 Comprimidos Revestidos Hypera Pharma (C1),"74,62","64,29",-13.8%,"64,29",-13.8%
São João,Disponível,321.0,14,7899547544541.0,Anlodipino 5mg 60 Comprimidos Genérico Prati-Donaduzzi,"17,14","9,99",-41.7%,"9,99",-41.7%
São João,Disponível,321.0,14,7896637025362.0,Pomada DermatológicaTrok  30g,"148,92","124,69",-16.3%,"124,69",-16.3%
São João,Disponível,321.0,12,7896637022767.0,Frontlev 500mg 60 Comprimidos Revestidos Aché (C1),"61,13","52,09",-14.8%,"52,09",-14.8%
São João,Disponível,321.0,14,7897004711062.0,Aripiprazol 10mg Genérico Sandoz 30 Comprimidos (C1),"296,67","129,90",-56.2%,"129,90",-56.2%
São João,Disponível,321.0,13,7896006201731.0,Hidrion 30 Comprimidos Gross,"56,31","49,39",-12.3%,"49,39",-12.3%
São João,Disponível,321.0,13,7891317125455.0,Zyloric 100mg 30 Cápsulas,"88,54","74,19",-16.2%,"74,19",-16.2%
São João,Disponível,321.0,13,7896112486787.0,Bhena 10mg 30 Comprimidos Revestidos Biolab,"56,60","5,80",-89.8%,"5,80",-89.8%
São João,Disponível,321.0,14,7896637022767.0,Rusovas 5mg 60 Comprimidos Revestidos Germed,"61,13","52,09",-14.8%,"52,09",-14.8%
São João,Esgotado,321.0,12,0.0,Lumigan RC Solução Oftálmica 3ml,0,0,0,0,0
São João,Esgotado,321.0,12,0.0,Pastilhas Mastigáveis Eno sabor Menta 8 pastilhas,0,0,0,0,0
São João,Disponível,321.0,13,7896004784083.0,Bilastina 20mg Genérico EMS 30 Comprimidos,"90,64","49,90",-44.9%,"49,90",-44.9%
São João,Esgotado,321.0,14,0.0,"Refil Nasoar XT 0,9% 15 Envelopes",0,0,0,0,0
São João,Esgotado,321.0,14,0.0,Eparema 10ml 12 Frascos Hypera Pharma,0,0,0,0,0
São João,Disponível,321.0,12,7896658000379.0,Baclofen 10Mg 20 Comprimidos Teuto,"34,57","30,49",-11.8%,"30,49",-11.8%
São João,Disponível,321.0,14,7896004706795.0,Losartana 50mg Genérico Cimed 30 Comprimidos Revestidos,"21,73","3,90",-82.1%,"3,90",-82.1%
São João,Esgotado,321.0,13,0.0,Extrato de Cannabis Sativa 200mg/ml 10ml Aura Pharma (B1),0,0,0,0,0
São João,Esgotado,321.0,13,0.0,Permetrina Pediletan Cimed 60ml,0,0,0,0,0
São João,Esgotado,321.0,12,0.0,"Condroflex 1,5g + 1,2g Sabor Limão 60 Sachês",0,0,0,0,0
São João,Disponível,321.0,16,7896637033961.0,Atentah 18mg 30 Cápsulas Apsen (C1),"81,86","68,49",-16.3%,"68,49",-16.3%
São João,Disponível,321.0,13,7891721016165.0,Glifage 500mg 30 Comprimidos Revestidos Merck,"115,99","115,99",-0.0%,"115,99",-0.0%
São João,Disponível,321.0,14,7897851220779.0,"Novanlo 2,5mg 60 Comprimidos Biolab","76,75","62,59",-18.4%,"62,59",-18.4%
São João,Disponível,321.0,13,7896658008849.0,Alektos 20Mg 30 Comprimidos Takeda,"33,99","30,09",-11.5%,"30,09",-11.5%
São João,Esgotado,321.0,13,0.0,Clobetasol Solução 50g Genérico Prati,0,0,0,0,0
São João,Esgotado,321.0,12,0.0,Duxxen 30mg 60 Cápsulas Hypera (C1),0,0,0,0,0
São João,Esgotado,321.0,13,0.0,Pamelor 75mg 30 Comprimidos Cellera (C1),0,0,0,0,0
São João,Disponível,321.0,13,7896094210714.0,Natifa 1mg 28 Comprimidos Libbs,"185,74","148,59",-20.0%,"148,59",-20.0%
São João,Disponível,320.0,13,7894916502641.0,Tamiram 750mg 5 Comprimidos Revestidos Eurofarma,"45,40","40,09",-11.7%,"40,09",-11.7%
São João,Disponível,320.0,14,7891010256401.0,Motilium 10mg 90 Comprimidos,"91,14","79,69",-12.6%,"79,69",-12.6%
São João,Esgotado,320.0,13,0.0,"Advipro 11,6mg 85ml Spray GSK",0,0,0,0,0
São João,Disponível,320.0,13,8902220109520.0,Olmecor 20mg 30 Comprimidos Revestidos Torrent,"75,69","62,29",-17.7%,"62,29",-17.7%
São João,Disponível,320.0,16,7896658008801.0,Levoid 50mcg 30 Comprimidos Aché,"27,15","24,29",-10.5%,"24,29",-10.5%
São João,Disponível,320.0,14,7894916502641.0,Thioctacid HR 600mg 30 Comprimidos Revestidos Mylan,"45,40","40,09",-11.7%,"40,09",-11.7%
São João,Esgotado,320.0,13,0.0,Moriale ODT 10mg 60 Comprimidos Orodispersíveis Sigma Pharma (C1),0,0,0,0,0
São João,Disponível,320.0,14,7896523227184.0,Omeprazol Genérico Cimed 20mg 28 Cápsulas,"29,69","10,99",-63.0%,"10,99",-63.0%
São João,Esgotado,320.0,13,0.0,Estomazil Leite de Magnésia 100ml Hypera Pharma,0,0,0,0,0
São João,Esgotado,320.0,14,0.0,Alurax 2mg 90ml Spray GSK,0,0,0,0,0
São João,Disponível,320.0,12,7891106904582.0,Livalo 4mg 60 Comprimidos Biolab,"73,39","60,99",-16.9%,"60,99",-16.9%
São João,Disponível,320.0,12,7896094208858.0,Jardiance 10mg 30 Comprimidos Revestidos,"137,00","111,29",-18.8%,"111,29",-18.8%
São João,Disponível,320.0,12,7896015521684.0,Gastrol Abacaxi Pó Efervescente 1 Envelope de 5g,"4,93","4,29",-13.0%,"4,29",-13.0%
São João,Esgotado,320.0,13,0.0,Tobramicina 3mg/ml Genérico Germed,0,0,0,0,0
São João,Disponível,320.0,13,7892953208625.0,Symdulor Sl Adium 10mg 20 Comprimidos,"68,64","27,46",-60.0%,"27,46",-60.0%
São João,Disponível,320.0,14,7896015560034.0,Sal de Fruta Eno Laranja 2 Envelopes com 5g cada,"4,93","4,29",-13.0%,"4,29",-13.0%
São João,Disponível,320.0,13,7896016807251.0,Onglyza 5mg 28 Comprimidos Revestidos AstraZeneca,"177,06","141,65",-20.0%,"141,65",-20.0%
São João,Disponível,320.0,12,7896637032209.0,Probid 30 Cápsulas,"135,90","135,90",-0.0%,"135,90",-0.0%
São João,Disponível,320.0,13,7891317177652.0,Femina 150mcg/20mcg 63 Comprimidos Revestidos,"93,49","77,49",-17.1%,"77,49",-17.1%
São João,Esgotado,320.0,14,0.0,LuftaGastro Sachê Líquido - 12 Sachês de 10ml,0,0,0,0,0
São João,Disponível,320.0,16,7896181901747.0,"Marevan 7,5mg 30 Comprimidos FQM","38,22","32,89",-13.9%,"32,89",-13.9%
São João,Esgotado,320.0,12,0.0,Imunoflan Xarope 120ml,0,0,0,0,0
São João,Disponível,320.0,12,7896004715902.0,Neomicina + Bacitracina Pomada Dermatológica 15g Genérico EMS,"15,06","10,49",-30.3%,"10,49",-30.3%
São João,Disponível,320.0,12,7891721202810.0,Levotiroxina Sódica 50mcg Genérico Merck 30 Comprimidos,"13,02","13,02",-0.0%,"13,02",-0.0%
São João,Disponível,320.0,14,618231025725.0,Nutravitta Lino Plus 120 Cápsulas,"94,90","94,90",-0.0%,"94,90",-0.0%
São João,Disponível,320.0,12,7896241293669.0,Edistride 10mg 30 Comprimidos,"39,75","29,79",-25.1%,"29,79",-25.1%
São João,Esgotado,320.0,13,0.0,Atak Clav 875+125mg 20 Comprimidos Momenta,0,0,0,0,0
São João,Disponível,320.0,13,7896523227191.0,Omeprazol 20mg 56 Cápsulas Genérico Teuto,"42,88","13,67",-68.1%,"13,67",-68.1%
São João,Disponível,320.0,14,7896004701233.0,Drozolamina Solução Oftálmica 2% 5ml Genérico EMS,"22,83","21,59",-5.4%,"21,59",-5.4%
São João,Disponível,320.0,13,7896112110576.0,Propranolol 80mg 30 Comprimidos Sigma,"7,06","3,91",-44.6%,"3,91",-44.6%
São João,Disponível,320.0,13,7898133139253.0,Hidralyte Água de Coco Solução Oral 500ml,"18,90","18,90",-0.0%,"18,90",-0.0%
São João,Disponível,320.0,14,7896641809026.0,Dexilant 60mg 30 Cápsulas,"128,20","104,29",-18.7%,"104,29",-18.7%
São João,Esgotado,320.0,14,0.0,Travatan Bak-Free 5Ml Novartis,0,0,0,0,0
São João,Disponível,320.0,12,7898074614857.0,Varicell 500mg 30 Comprimidos,"66,32","59,49",-10.3%,"59,49",-10.3%
São João,Disponível,320.0,13,7897460401422.0,Seizla 100mg 30 Comprimidos Revestidos Torrent (C1),"80,87","80,87",-0.0%,"80,87",-0.0%
São João,Esgotado,320.0,13,0.0,Pilox 50mg/ml Solução 50ml Momenta,0,0,0,0,0
São João,Esgotado,320.0,16,0.0,Dipropionato de Betametasona + Fosfato Dissódico de Betametasona Injetável Genérico Eurofarma,0,0,0,0,0
São João,Esgotado,320.0,14,0.0,Manivasc 10Mg 28 Omprimidos Chiesi,0,0,0,0,0
São João,Esgotado,320.0,14,0.0,Deksametasona Supera 30mg 30 Cápsulas Revestidas Supera (A3),0,0,0,0,0
São João,Disponível,320.0,12,7891317465650.0,"Dalyne 3mg/0,03mg 63 Comprimidos Revestidos","75,40","64,59",-14.3%,"64,59",-14.3%
São João,Esgotado,320.0,12,0.0,Dimetilpolisiloxane Sol 10ml Ophthalmos,0,0,0,0,0
São João,Disponível,319.0,12,7896637025362.0,Pomada Dermatológica Trok G  30g,"148,92","124,69",-16.3%,"124,69",-16.3%
São João,Esgotado,319.0,13,0.0,"Pomada Aciclovir Oftálmica 4,5g Genérico Pharlab",0,0,0,0,0
São João,Disponível,319.0,13,7898916521923.0,Natucler 10ml Abacaxi Natulab Avulso,"1,99","1,99",-0.0%,"1,99",-0.0%
São João,Disponível,319.0,13,7891106914369.0,"Microvlar 0,15mg/0,03mg 21 Drágueas","29,86","25,89",-13.3%,"25,89",-13.3%
São João,Esgotado,319.0,13,0.0,Clenil HFA 50 mcg Spray 200 Doses Chiesi,0,0,0,0,0
São João,Disponível,319.0,14,7896004782713.0,"Clortalidona Genérico EMS 12,5mg 60 Comprimidos","260,18","112,90",-56.6%,"112,90",-56.6%
São João,Esgotado,319.0,16,0.0,Pantogar Resist Silício 10g 30 Sachês,0,0,0,0,0
São João,Disponível,319.0,14,7896094203044.0,"Elani 3mg/0,03mg 28 Comprimidos Revestidos","229,49","160,64",-30.0%,"160,64",-30.0%
São João,Disponível,319.0,15,7897595900654.0,Flagyl 400mg 24 Comprimidos Sanofi-Aventis,"48,88","48,88",-0.0%,"48,88",-0.0%
São João,Esgotado,319.0,15,0.0,Nebido 250Mg/Ml Injetavel Ampola 4Ml Bayer (C5),0,0,0,0,0
São João,Esgotado,319.0,14,0.0,Precol Intoliv Gotas 30ml Arese,0,0,0,0,0
São João,Disponível,319.0,13,7896422512145.0,Ciclopirox Olamina 15ml Genérico EMS,"27,63","17,90",-35.2%,"17,90",-35.2%
São João,Esgotado,319.0,16,0.0,Ritalina LP 10mg 30 Cápsulas Gelatinosas,0,0,0,0,0
São João,Esgotado,319.0,12,0.0,Pyloripac 7 Cartelas Medley,0,0,0,0,0
São João,Disponível,319.0,13,7895296097055.0,Levetiracetam 250Mg 60 Comprimidos Revestidos Genérico Neo Quimica (C1),"131,40","131,40",-0.0%,"131,40",-0.0%
São João,Esgotado,319.0,14,0.0,Magnopyrol Farmasa 10ml,0,0,0,0,0
São João,Esgotado,319.0,14,0.0,Ultibro 110+50Mcg 30 Cápsulas+Inalador Novartis,0,0,0,0,0
São João,Esgotado,319.0,13,0.0,Rinosoro Alto Volume 30 Sachês + Frasco 250ml Farmasa,0,0,0,0,0
São João,Esgotado,319.0,14,0.0,"Condroflex Abacaxi Pó para Solução Oral 30 Sachês de 4,135g",0,0,0,0,0
São João,Esgotado,319.0,14,0.0,Glyxambi 10+5mg 30 Comprimidos Boehringer,0,0,0,0,0
São João,Disponível,319.0,12,7896004700038.0,Paracetamol Solução Oral 15ml Genérico EMS,"12,06","4,49",-62.8%,"4,49",-62.8%
São João,Disponível,319.0,13,7896523212685.0,Nimesulida 100mg Genérico Cimed 12 Comprimidos,"25,22","5,69",-77.4%,"5,69",-77.4%
São João,Esgotado,319.0,13,0.0,Atacand 16Mg 30 Cápsulas Astrazeneca,0,0,0,0,0
São João,Disponível,319.0,12,7891317444952.0,"Tâmisa 0,06mg/0,015mg 28 Comprimidos Revestidos","93,45","77,49",-17.1%,"77,49",-17.1%
São João,Disponível,319.0,12,7896241293669.0,Lexapro 10mg 30 Comprimidos Lundbeck (C1),"39,75","29,79",-25.1%,"29,79",-25.1%
São João,Esgotado,319.0,13,0.0,Prolopa HBS 100mg/25mg 30 Cápsulas Duras,0,0,0,0,0
São João,Disponível,319.0,12,7896004716176.0,Hidroclorotiazida 25mg Genérico Prati 30 Comprimidos,"9,94","1,25",-87.4%,"1,25",-87.4%
São João,Disponível,319.0,12,7891317425869.0,Ateroma 40mg 30 Comprimidos Revestidos Supera,"14,53","14,53",-0.0%,"14,53",-0.0%
São João,Disponível,319.0,13,7896637037617.0,Brasart 160mg 30 Comprimidos Revestidos,"152,08","152,08",-0.0%,"152,08",-0.0%
São João,Disponível,319.0,14,7897595602572.0,Candesartana Cilexetila 16mg Genérico Sandoz 30 Comprimidos,"22,27","2,49",-88.8%,"2,49",-88.8%
São João,Esgotado,319.0,13,0.0,Busonid 200mcg 60 Cápsulas Inalador Aché,0,0,0,0,0
São João,Disponível,319.0,13,7899547514254.0,"Pramipexol 0,125mg 30 Comprimidos Genérico Prati-Donaduzzi (C1)","226,80","103,99",-54.1%,"103,99",-54.1%
São João,Esgotado,319.0,12,0.0,Nevralpro Gel 60g Cimed,0,0,0,0,0
São João,Esgotado,319.0,13,0.0,Decongex Plus Gotas 20ml Aché,0,0,0,0,0
São João,Esgotado,319.0,13,0.0,Depo-Provera Suspensão Injetável 150mg 1x1ml com Seringa Preenchida Pfizer,0,0,0,0,0
São João,Disponível,319.0,14,7891317455040.0,Roxflan 10mg 30 Comprimidos Merck,"31,03","27,59",-11.1%,"27,59",-11.1%
São João,Disponível,319.0,14,7891158103384.0,Luvox 100mg 60 Comprimidos Revestidos Abbott (C1),"431,23","431,23",-0.0%,"431,23",-0.0%
São João,Disponível,319.0,13,7896523210940.0,Glimepirida 2mg Genérico Cimed 30 Comprimidos,"53,57","19,90",-62.9%,"19,90",-62.9%
São João,Esgotado,318.0,13,0.0,Gynazole-1 Creme Ginecológico 5g,0,0,0,0,0
São João,Esgotado,318.0,13,0.0,"Extrato Cannabis Sativa Greencare 79,14mg/ml 30ml",0,0,0,0,0
São João,Disponível,318.0,13,7896523201573.0,Advantan Creme Dermatológico 15g,"22,69","10,89",-52.0%,"10,89",-52.0%
São João,Disponível,318.0,12,7896637031509.0,Lipitor 40mg 30 Comprimidos Upjohn,"72,96","72,96",-0.0%,"72,96",-0.0%
São João,Esgotado,318.0,14,0.0,Brintellix 10mg 30 Comprimidos Lundbeck (C1),0,0,0,0,0
São João,Disponível,318.0,13,7896523207803.0,Diclofenaco Dietilamônio 10mg/g Gel Dermatológico Genérico Medley 60g,"20,70","10,59",-48.8%,"10,59",-48.8%
São João,Esgotado,318.0,13,0.0,Sensilacri 15ml,0,0,0,0,0
São João,Esgotado,318.0,12,0.0,"Avodart 0,5mg 90 Cápsulas GSK",0,0,0,0,0
São João,Disponível,318.0,12,7897076909121.0,Manidipino 10mg 30 Comprimidos Genérico Pharlab,"152,39","152,39",-0.0%,"152,39",-0.0%
São João,Disponível,318.0,15,7891721023576.0,Zimiex 10mg 30 Comprimidos Merck,"86,21","86,21",-0.0%,"86,21",-0.0%
São João,Disponível,318.0,14,7896004701967.0,Omeprazol 20mg 28 Cápsulas Genérico Teuto,"33,94","12,90",-62.0%,"12,90",-62.0%
São João,Disponível,318.0,15,7891058000943.0,Succinato De Metoprolol 50mg Genérico Medley 30 Comprimidos Revestidos,"48,79","17,63",-63.9%,"17,63",-63.9%
São João,Disponível,318.0,12,7891317125455.0,Irritratil 200mg 30 Cápsulas Gel,"88,54","74,19",-16.2%,"74,19",-16.2%
São João,Disponível,318.0,14,7896637023979.0,Oxene 10mg 30 Comprimidos Biosintética,"132,71","132,71",-0.0%,"132,71",-0.0%
São João,Esgotado,318.0,13,0.0,Capy 50mg Solução 2 Frascos 50ml,0,0,0,0,0
São João,Disponível,318.0,15,7896637024358.0,"Colchis 0,5mg 30 Comprimidos Apsen","83,67","83,67",-0.0%,"83,67",-0.0%
São João,Esgotado,318.0,12,0.0,Coledue-R 10mg + 10mg 30 Cápsulas Dura,0,0,0,0,0
São João,Disponível,318.0,14,7896112110576.0,Naproxeno Teuto 500mg 20 Comprimidos,"7,06","3,91",-44.6%,"3,91",-44.6%
São João,Esgotado,318.0,13,0.0,Spidufen 600mg + 555mg Menta 3g 10 Envelopes,0,0,0,0,0
São João,Esgotado,318.0,13,0.0,Ganfort UD 4Ml 30 Flaconetes Allergan,0,0,0,0,0
São João,Disponível,318.0,13,7896637023979.0,Rahime 8mg 30 Comprimidos Apsen (C1),"132,71","132,71",-0.0%,"132,71",-0.0%
São João,Esgotado,318.0,13,0.0,Sonrisal Tradicional 10 Comprimidos Efervescentes,0,0,0,0,0
São João,Disponível,318.0,12,7896004723020.0,Ácido Tranexâmico 250mg Genérico EMS 12 Comprimidos,"55,50","48,99",-11.7%,"48,99",-11.7%
São João,Disponível,318.0,13,7896004715322.0,Alendronato de Sódio 70mg 4 Comprimidos Genérico Novartis,"100,50","8,07",-92.0%,"8,07",-92.0%
São João,Disponível,318.0,12,7896112421498.0,"Cor-Select 2,5mg 30 Comprimidos Biolab","53,68","47,09",-12.3%,"47,09",-12.3%
São João,Disponível,317.0,15,7891142982407.0,Alivium 400mg 3 Cápsulas Mantecorp AV*,"31,32","31,32",-0.0%,"31,32",-0.0%
São João,Disponível,317.0,13,7899547501100.0,"Indapamida 1,5mg 30 Comprimidos Revestidos Genérico Prati-Donaduzzi","88,26","22,49",-74.5%,"22,49",-74.5%
São João,Disponível,317.0,13,7896009498459.0,Alivium 400mg 8 Cápsulas Moles,"50,80","33,00",-35.0%,"33,00",-35.0%
São João,Disponível,317.0,15,7896004704364.0,Albendazol Suspensão Oral 40mg/ml 10ml Genérico EMS,"70,68","40,46",-42.8%,"40,46",-42.8%
São João,Disponível,317.0,12,7896004751016.0,Depzel 10mg 30 Comprimidos Genérico GENOM (C1),"174,59","59,90",-65.7%,"59,90",-65.7%
São João,Disponível,317.0,13,7894916502641.0,Escilex 10Mg 60 Comprimidos Revestidos Sigma Pharma (C1),"45,40","40,09",-11.7%,"40,09",-11.7%
São João,Esgotado,317.0,13,0.0,PreviGrip 20g Weleda,0,0,0,0,0
São João,Disponível,317.0,12,7891317038878.0,Dimesilato de Lisdexanfetamina 50mg 30 Cápsulas Genérico Eurofarma (A3),"381,12","199,00",-47.8%,"199,00",-47.8%
São João,Disponível,317.0,13,7898569760267.0,Zolpidem 5mg 30 Comprimidos Sublinguais Genérico Althaia (B1),"40,38","24,19",-40.1%,"24,19",-40.1%
São João,Disponível,317.0,15,7896004713007.0,Topiramato 100mg 60 Comprimidos Revestidos Genérico EMS (C1),"289,15","104,89",-63.7%,"104,89",-63.7%
São João,Disponível,317.0,12,7795320008821.0,Trok-N Creme Dermatológico 30g,"50,17","44,69",-10.9%,"44,69",-10.9%
São João,Disponível,317.0,15,7896181901747.0,Marevan 5mg 30 Comprimidos FQM,"38,22","32,89",-13.9%,"32,89",-13.9%
São João,Disponível,317.0,12,7896004789873.0,Emprol XR 100mg 30 Comprimidos Revestidos Hypermarcas,"51,77","51,77",-0.0%,"51,77",-0.0%
São João,Disponível,317.0,12,7896637022767.0,Nesina 25mg 60 Comprimidos Revestidos Hypera,"61,13","52,09",-14.8%,"52,09",-14.8%
São João,Esgotado,317.0,14,0.0,"Trol Par 37,5+325mg 20 Cápsulas Supera (A2)",0,0,0,0,0
São João,Disponível,317.0,12,7896226500386.0,"Atacand HCT 16mg/12,5mg 30 Comprimidos","37,61","26,99",-28.2%,"26,99",-28.2%
São João,Disponível,317.0,14,7896181920410.0,"Corus H 50mg/12,5mg 30 Comprimidos Revestidos","14,94","5,70",-61.8%,"5,70",-61.8%
São João,Esgotado,317.0,13,0.0,"Vacina Meningocócica B Bexsero AD/PED Injetável 1 Seringa Preenchida 0,5 ml GSK + Aplicação",0,0,0,0,0
São João,Disponível,317.0,12,7891268100228.0,Olmetec Anlo 20 + 5mg 30 Comprimidos Pfizer,"69,59","58,89",-15.4%,"58,89",-15.4%
São João,Disponível,317.0,13,8902220109520.0,"Iccor 1,25mg 30 Comprimidos Revestidos Torrent","75,69","62,29",-17.7%,"62,29",-17.7%
São João,Esgotado,317.0,13,0.0,Solução Oftálmica Zymar XD 5ml Allergan,0,0,0,0,0
São João,Disponível,317.0,13,7891317455040.0,Domperix 10mg 30 Comprimidos Eurofarma,"31,03","27,59",-11.1%,"27,59",-11.1%
São João,Disponível,317.0,13,7896637023658.0,Dolamin Flex 125 + 5mg 12 Comprimidos Revestidos FQM,"20,15","20,15",-0.0%,"20,15",-0.0%
São João,Disponível,317.0,12,7896637023979.0,Donaren 100mg 30 Comprimidos Apsen (C1),"132,71","132,71",-0.0%,"132,71",-0.0%
São João,Disponível,317.0,13,7894916508506.0,"Concárdio 2,5mg 30 Comprimidos Revestidos","68,82","68,82",-0.0%,"68,82",-0.0%
São João,Disponível,317.0,14,7896637022552.0,Rybelsus 3mg 30 Comprimidos,"44,74","39,29",-12.2%,"39,29",-12.2%
São João,Esgotado,317.0,14,0.0,Salonpas Aerossol Solução Dermatológica 80ml,0,0,0,0,0
São João,Esgotado,317.0,14,0.0,"Drenatan Solução Oftálmica 2,5ml",0,0,0,0,0
São João,Disponível,317.0,14,7896637023979.0,Ansitec 10mg 60 Comprimidos Libbs (C1),"132,71","132,71",-0.0%,"132,71",-0.0%
São João,Disponível,317.0,12,7896004784083.0,Cebrilin 20mg 30 Comprimidos Liberação LIBBS (C1),"90,64","49,90",-44.9%,"49,90",-44.9%
São João,Esgotado,317.0,12,0.0,Sédatif PC 60 Comprimidos,0,0,0,0,0
São João,Esgotado,317.0,15,0.0,Flagass 125Mg 10 Cápsulas Ache,0,0,0,0,0
São João,Disponível,317.0,14,7896523213408.0,Levofloxacino 500mg Genérico Cimed 7 Comprimidos Revestidos,"93,61","39,90",-57.4%,"39,90",-57.4%
São João,Disponível,316.0,13,7898040321512.0,Annita 500mg 6 Comprimidos,"79,37","68,19",-14.1%,"68,19",-14.1%
São João,Disponível,316.0,13,7896026173018.0,Complexo Homeopático Almeida Prado 01 60 Comprimidos,"41,75","37,69",-9.7%,"37,69",-9.7%
São João,Disponível,316.0,13,300652510149.0,Oftane Colírio 10mL Alcon,"103,95","103,95",-0.0%,"103,95",-0.0%
São João,Disponível,316.0,12,7896004706795.0,Olmesartana 40mg 30 Comprimidos Revestidos Genérico Eurofarma,"21,73","3,90",-82.1%,"3,90",-82.1%
São João,Disponível,316.0,12,7896422506649.0,Cetoprofeno 20mg/ml Genérico Teuto Solução Oral 20ml,"23,17","11,90",-48.6%,"11,90",-48.6%
São João,Disponível,316.0,14,7896181920410.0,Flavenos 900mg + 100mg 30 Comprimidos Revestidos,"14,94","5,70",-61.8%,"5,70",-61.8%
São João,Disponível,316.0,13,7896004730172.0,Ciclobenzaprina 10mg 30 Comprimidos Revestidos Genérico Biosintético,"22,66","13,90",-38.7%,"13,90",-38.7%
São João,Esgotado,316.0,13,0.0,Acheflan Creme 60g Aché,0,0,0,0,0
São João,Esgotado,316.0,15,0.0,Florate 5Ml Mundipharma,0,0,0,0,0
São João,Disponível,316.0,14,7891058005665.0,Piotaz 30mg 30 Comprimidos Germed,"22,13","12,90",-41.7%,"12,90",-41.7%
São João,Disponível,316.0,12,7896523201054.0,Domperidona 10mg 60 Comprimidos Genérico EMS,"21,53","10,89",-49.4%,"10,89",-49.4%
São João,Esgotado,316.0,13,0.0,Pomada Esperson 20g Aventis,0,0,0,0,0
São João,Disponível,316.0,12,7896637031509.0,Flebon 50mg 30 Comprimidos,"72,96","72,96",-0.0%,"72,96",-0.0%
São João,Disponível,316.0,13,7896658005305.0,Flogoral Menta 8 Pastilhas Aché,"42,28","39,19",-7.3%,"39,19",-7.3%
São João,Esgotado,316.0,13,0.0,Aloxidil 50mg/ml Sol Capi 60ml 3 Unidades Theraskin,0,0,0,0,0
São João,Esgotado,316.0,13,0.0,Climene Genom 2+2+1mg 21 Drágeas,0,0,0,0,0
São João,Esgotado,316.0,13,0.0,Frontal XR Upjohn 1mg 30 Comprimidos (B1),0,0,0,0,0
São João,Disponível,316.0,13,7896714274645.0,Maxalt 10mg 2 Comprimidos Supera,"27,78","25,29",-9.0%,"25,29",-9.0%
São João,Disponível,316.0,13,7897851200603.0,ProHN 50mg com 30 Cápsulas,"93,14","77,19",-17.1%,"77,19",-17.1%
São João,Disponível,316.0,13,7891142981363.0,Predsim 10mg 10 Comprimidos Mantecorp,"39,94","36,49",-8.6%,"36,49",-8.6%
São João,Esgotado,316.0,13,0.0,Canabidiol 100mg/ml 10ml Aché (B1),0,0,0,0,0
São João,Esgotado,316.0,13,0.0,Calminex Ice Aerossol 60g Hypera Pharma,0,0,0,0,0
São João,Disponível,316.0,13,7896523200101.0,"Valsartana 320mg + 12,5mg 30 Comprimidos Revestidos Genérico Torrent","78,26","47,49",-39.3%,"47,49",-39.3%
São João,Disponível,316.0,14,7896658027130.0,Bravan Duo 320+10mg 30 Comprimidos Revestidos Aché,"131,87","106,99",-18.9%,"106,99",-18.9%
São João,Esgotado,316.0,13,0.0,Gino Dermazine 30G 6 Aplicações Silvestre,0,0,0,0,0
São João,Esgotado,316.0,13,0.0,Estradot 100mcg 8 Sistemas Sandoz,0,0,0,0,0
São João,Esgotado,316.0,13,0.0,Patz SL Sigma Pharma 5mg 30 Comprimidos (B1) Nova Embalagem,0,0,0,0,0
São João,Esgotado,316.0,14,0.0,Cortigen  Creme 10mg 20g,0,0,0,0,0
São João,Disponível,316.0,13,7908134200392.0,Naprix A 10mg+5mg 30 Cápsulas Libbs,"79,74","79,74",-0.0%,"79,74",-0.0%
São João,Disponível,316.0,13,7896004767130.0,Zolpidem Genérico EMS 10mg 30 Comprimidos Revestidos (B1),"80,49","19,90",-75.3%,"19,90",-75.3%
São João,Esgotado,316.0,12,0.0,Keflex 250Mg Suspensão 100Ml Bago,0,0,0,0,0
São João,Esgotado,316.0,14,0.0,Advantan Gotas Leofarma 20ml,0,0,0,0,0
São João,Esgotado,315.0,13,0.0,Deksametasona Supera 70mg 30 Cápsulas Revestidas Supera (A3),0,0,0,0,0
São João,Esgotado,315.0,13,0.0,Pomada Gelo-Bio 20g União Química,0,0,0,0,0
São João,Disponível,315.0,13,7891010256401.0,Deocil SL 10mg 30 Comprimidos Diffucap,"91,14","79,69",-12.6%,"79,69",-12.6%
São João,Esgotado,315.0,13,0.0,Decongex Plus Xarope 120ml Aché,0,0,0,0,0
São João,Disponível,315.0,12,7891317465650.0,Sedamed 30mg/300mg/30mg 20 Comprimidos Revestidos,"75,40","64,59",-14.3%,"64,59",-14.3%
São João,Esgotado,315.0,12,0.0,Maleato De Trimebutina 200mg Genérico Althaia 30 Cápsulas Gelatinosas Moles,0,0,0,0,0
São João,Disponível,315.0,13,7894916502641.0,Azi 500mg 5 Comprimidos Revestidos Sigma Pharma,"45,40","40,09",-11.7%,"40,09",-11.7%
São João,Disponível,315.0,13,7896637022767.0,Jardiance 25mg 30 Comprimidos Revestidos,"61,13","52,09",-14.8%,"52,09",-14.8%
São João,Esgotado,315.0,12,0.0,Xarope Torante 200ml,0,0,0,0,0
São João,Disponível,315.0,13,7896004821696.0,Bilastina 20mg 15 Comprimidos Revestidos Genérico Neo Química,"56,31","24,90",-55.8%,"24,90",-55.8%
São João,Disponível,315.0,12,7896004752211.0,Trazodona 100mg 30 Comprimidos Revestidos Genérico EMS (C1),"86,26","42,75",-50.4%,"42,75",-50.4%
São João,Esgotado,315.0,12,0.0,Eno Probiótico 10 Cápsulas GSK,0,0,0,0,0
São João,Esgotado,315.0,14,0.0,Hidralis Sais 45 4 Envelopes Guaraná Airela,0,0,0,0,0
São João,Disponível,315.0,13,7896004729435.0,Atorvastatina 20mg 30 Comprimidos Revestidos Genérico EMS,"87,01","26,90",-69.1%,"26,90",-69.1%
São João,Disponível,315.0,15,7896658030208.0,Prelone 5mg 20 Comprimidos Aché,"80,55","66,79",-17.1%,"66,79",-17.1%
São João,Esgotado,315.0,13,0.0,Solução Oftálmica Acular LS 10ml Allergan,0,0,0,0,0
São João,Disponível,315.0,12,7896094207851.0,Reconter 20mg 30 Comprimidos Revestidos Libbs (C1),"58,81","49,89",-15.2%,"49,89",-15.2%
São João,Disponível,315.0,13,7896261001671.0,Voltaren 50mg 20 Comprimidos Novartis,"462,50","306,78",-33.7%,"306,78",-33.7%
São João,Disponível,315.0,12,7896658008849.0,Ekson Aché 100mg + 25mg 30 Comprimidos,"33,99","30,09",-11.5%,"30,09",-11.5%
São João,Disponível,315.0,17,7896004703275.0,Cefadroxila 500mg 8 Cápsulas Genérico Eurofarma,"69,83","58,39",-16.4%,"58,39",-16.4%
São João,Esgotado,315.0,14,0.0,Ciclobenzaprina 5mg 30 Comprimidos Benziflex EMS,0,0,0,0,0
São João,Disponível,315.0,14,7898967006141.0,Salonpas Pequeno Adesivos Transdérmicos 10 Unidades,"146,38","119,09",-18.6%,"119,09",-18.6%
São João,Disponível,315.0,13,7896004716299.0,Paracetamol Bebê 100mg 15mL Genérico Germed,"27,30","21,89",-19.8%,"21,89",-19.8%
São João,Esgotado,315.0,15,0.0,Forfig 200mg 20 Cápsulas Momenta,0,0,0,0,0
São João,Esgotado,315.0,12,0.0,Coedez 200mg 30 Cápsulas Biolab,0,0,0,0,0
São João,Disponível,315.0,12,7891142982100.0,Doril 10 Comprimidos Hypera Pharma,"43,95","43,95",-0.0%,"43,95",-0.0%
São João,Disponível,315.0,12,7896004712499.0,Doxazosina 2mg 30 Comprimidos Revestidos Genérico EMS,"54,07","24,90",-53.9%,"24,90",-53.9%
São João,Disponível,315.0,12,7891317458867.0,Lemont 10+5mg 7 Comprimidos Revestidos Eurofarma,"909,92","199,90",-78.0%,"199,90",-78.0%
São João,Esgotado,315.0,12,0.0,Sonozzz Melatonina 60 Cápsulas Procter,0,0,0,0,0
São João,Esgotado,315.0,12,0.0,Analgésico Aspirina MicroAtiva Bayer caixa com 20 comprimidos,0,0,0,0,0
São João,Esgotado,315.0,14,0.0,Spidufen 770mg (ibuprofeno 400mg+ Arginina 370mg) Zambon 10 Comprimidos Revestidos,0,0,0,0,0
São João,Esgotado,315.0,12,0.0,Vibral Gotas Abbott 10Ml,0,0,0,0,0
São João,Disponível,315.0,13,7896658015113.0,Fisioton 400mg 60 Comprimidos Aché,"217,88","198,49",-8.9%,"198,49",-8.9%
São João,Disponível,314.0,12,7896658008115.0,Artrosil 320mg 10 Cápsulas Aché,"38,71","34,39",-11.2%,"34,39",-11.2%
São João,Disponível,314.0,13,7896004729428.0,Atorvastatina 10mg 30 Comprimidos Revestidos Genérico Medley,"87,01","21,90",-74.8%,"21,90",-74.8%
São João,Disponível,314.0,14,7896641806414.0,"Nesina Met 12,5+1000Mg 60 Comprimidos Revestidos Takeda","195,13","156,10",-20.0%,"156,10",-20.0%
São João,Disponível,314.0,12,7899547524796.0,Sildenafil 50mg 8 Comprimidos Revestidos Genérico Prati-Donaduzzi,"27,35","19,99",-26.9%,"19,99",-26.9%
São João,Disponível,314.0,12,7896004743967.0,Esomeprazol Magnésico Tri-Hidratado 40mg Astrazeneca Genérico 28 Comprimidos Revestidos,"335,31","89,90",-73.2%,"89,90",-73.2%
São João,Esgotado,314.0,13,0.0,Baryta Composta Vidora 30ml,0,0,0,0,0
São João,Disponível,314.0,13,7891058002145.0,Rivaroxabana 10mg 10 Comprimidos Revestidos Genérico Medley,"190,87","190,87",-0.0%,"190,87",-0.0%
São João,Disponível,314.0,13,7896637023771.0,Labirin 24mg 30 Comprimidos Apsen,"34,15","34,15",-0.0%,"34,15",-0.0%
São João,Disponível,314.0,12,7891721014130.0,Ketto 10mg 20 Comprimidos Momenta,"59,76","52,19",-12.7%,"52,19",-12.7%
São João,Esgotado,314.0,12,0.0,Sal Amargo 30g,0,0,0,0,0
São João,Disponível,314.0,13,7896637031608.0,Dispetic 40mg 60 Comprimidos Revestidos Aché,"154,89","125,09",-19.2%,"125,09",-19.2%
São João,Disponível,314.0,15,7894916508513.0,Concardio 5mg 100 Comprimidos Revestidos,"80,15","80,15",-0.0%,"80,15",-0.0%
São João,Disponível,314.0,12,7896637031608.0,Finalop 1mg 30 Comprimidos Revestidos,"154,89","125,09",-19.2%,"125,09",-19.2%
São João,Disponível,314.0,12,7896523227535.0,Carvedilol Genérico Cimed 25mg 30 Comprimidos,"45,86","17,99",-60.8%,"17,99",-60.8%
São João,Disponível,314.0,12,7891317455040.0,Coledue 10mg 30 Comprimidos Hypera Pharma,"31,03","27,59",-11.1%,"27,59",-11.1%
São João,Disponível,314.0,14,7896637023665.0,"Diva 3 + 0,03Mg 21 Comprimidos Exeltis","22,44","22,44",-0.0%,"22,44",-0.0%
São João,Esgotado,314.0,12,0.0,Arlivry 7mg/ml Xarope Cereja 100ml,0,0,0,0,0
São João,Esgotado,314.0,12,0.0,Pomada Kollagenase Com Cloranfenicol 50G Cristalia,0,0,0,0,0
São João,Esgotado,314.0,13,0.0,Floral Kids Therapi 30ml Teimosia,0,0,0,0,0
São João,Disponível,314.0,12,7899547514322.0,Gabapentina 300mg 30 Cápsulas Genérico Biolab (C1),"156,63","99,90",-36.2%,"99,90",-36.2%
São João,Esgotado,314.0,14,0.0,Micardis 40mg 30 Comprimidos Boehringer Ingelheim,0,0,0,0,0
São João,Disponível,314.0,12,7897595901316.0,Puran T4 300mcg 30 Comprimidos Sanofi,"20,16","17,99",-10.8%,"17,99",-10.8%
São João,Disponível,314.0,12,7898569760496.0,Rosuvastatina 40mg 30 Comprimidos Revestidos Genérico Althaia,"88,12","23,90",-72.9%,"23,90",-72.9%
São João,Esgotado,314.0,12,0.0,Akineton Bago 2mg 80 Comprimidos (C1),0,0,0,0,0
São João,Esgotado,314.0,12,0.0,Bicarbonato De Sódio 50g,0,0,0,0,0
São João,Esgotado,314.0,13,0.0,Bicarbonato De Sódio 100g,0,0,0,0,0
São João,Esgotado,314.0,14,0.0,"Etna 1,0mg/2,5mg/1,5mg 20 Cápsulas Duras",0,0,0,0,0
São João,Disponível,314.0,13,7896006201731.0,Probiatop 30 Comprimidos FQM,"56,31","49,39",-12.3%,"49,39",-12.3%
São João,Disponível,314.0,13,7896658015106.0,Forlut 50mg 30 Comprimidos Biolab (C1),"126,62","102,53",-19.0%,"102,53",-19.0%
São João,Disponível,314.0,13,7896261003996.0,Flotac 70mg 20 Comprimidos Novartis,"36,99","21,17",-42.8%,"21,17",-42.8%
São João,Esgotado,314.0,12,0.0,Acnezil Sabonete Barra 70g Pele Acneica Cimed,0,0,0,0,0
São João,Disponível,314.0,14,7896637022552.0,Renitec 5mg 30 Comprimidos Organon,"44,74","39,29",-12.2%,"39,29",-12.2%
São João,Esgotado,314.0,12,0.0,Dorflex UNO Analgésico Contra Enxaqueca Dipirona Monoidratada 1g 20 Comprimidos,0,0,0,0,0
São João,Esgotado,314.0,15,0.0,Alta D Cal 60 Comprimidos,0,0,0,0,0
São João,Disponível,314.0,12,7896004786117.0,Pitavastatina Cálcica 2mg 30 Comprimidos Genérico Eurofarma,"108,77","69,90",-35.7%,"69,90",-35.7%
São João,Disponível,313.0,13,7891058005672.0,Nifedipress 20mg 30 Comprimidos,"68,04","44,90",-34.0%,"44,90",-34.0%
São João,Esgotado,313.0,14,0.0,Profenid 20mg/ml 20ml Gotas Sanofi,0,0,0,0,0
São João,Esgotado,313.0,13,0.0,Hexomedine Colutório Bucal 50ml,0,0,0,0,0
São João,Disponível,313.0,13,7891317177652.0,Januvia 50mg 28 Comprimidos Revestidos Merck,"93,49","77,49",-17.1%,"77,49",-17.1%
São João,Disponível,313.0,12,7896004723020.0,Ácido Mefenâmico 500mg 24 Comprimidos Genérico EMS,"55,50","48,99",-11.7%,"48,99",-11.7%
São João,Disponível,313.0,13,7896181905851.0,Fluconazol 150mg 1 Cápsula Genérico Cimed,"14,38","9,90",-31.2%,"9,90",-31.2%
São João,Disponível,313.0,12,7896181920410.0,Dore Eurofarma 500mg 14 Comprimidos Revestidos,"14,94","5,70",-61.8%,"5,70",-61.8%
São João,Disponível,313.0,13,7891317425869.0,Zirk 500mg 3 Comprimidos Revestidos Aché,"14,53","14,53",-0.0%,"14,53",-0.0%
São João,Esgotado,313.0,13,0.0,Repatha 140mg Injeção 2 Seringas Preenchidas 1ml Amgen,0,0,0,0,0
São João,Esgotado,313.0,12,0.0,Sulfametoxazol + Trimetoprima Suspensão Oral 200mg/40mg 100ml Genérico Teuto,0,0,0,0,0
São João,Disponível,313.0,15,7896006201731.0,Flebodia 30 Comprimidos Gross,"56,31","49,39",-12.3%,"49,39",-12.3%
São João,Esgotado,313.0,12,0.0,Glya 150mg 30 Cápsulas Cristália (C1),0,0,0,0,0
São João,Disponível,313.0,14,7896004701820.0,Diclofenaco Potássico 50mg Genérico Cimed 20 Comprimidos Revestidos,"28,48","16,39",-42.5%,"16,39",-42.5%
São João,Disponível,313.0,14,7896523208107.0,Amoxicilina 500mg 15 Cápsulas Genérico EMS,"29,54","25,59",-13.4%,"25,59",-13.4%
São João,Disponível,313.0,13,7896637031943.0,Flancox 600mg 14 Comprimidos Revestidos Apsen,"64,50","56,59",-12.3%,"56,59",-12.3%
São João,Disponível,313.0,16,7898569763015.0,Olmesartana 20mg 30 Comprimidos Revestidos Genérico Medley,"46,46","27,90",-39.9%,"27,90",-39.9%
São João,Disponível,313.0,12,78905016.0,Leite de Magnésia Original Suspenção Oral 120ml Aspen,"20,99","20,99",-0.0%,"20,99",-0.0%
São João,Disponível,313.0,14,7891317129781.0,Piemonte 5mg 30 Comprimidos Eurofarma,"249,06","199,89",-19.7%,"199,89",-19.7%
São João,Esgotado,313.0,13,0.0,Visoptic 5mg/ml Solução Oftálmica 5ml Gbió,0,0,0,0,0
São João,Disponível,313.0,13,7894916508513.0,Flavonid 450mg/50mg 30 Comprimidos Revestidos,"80,15","80,15",-0.0%,"80,15",-0.0%
São João,Esgotado,313.0,12,0.0,Palexis LP 150mg 30 Comprimidos Grunenthal (A1),0,0,0,0,0
São João,Disponível,313.0,15,7896015560027.0,Sal de Fruta Eno Tônica 2 Envelopes com 5g cada,"4,93","4,29",-13.0%,"4,29",-13.0%
São João,Disponível,313.0,16,7897851250394.0,Posicor Sin 10mg+20mg 30 Comprimidos Biolab,"20,76","12,90",-37.9%,"12,90",-37.9%
São João,Disponível,313.0,13,7896637023665.0,Olsar 40mg 30 Comprimidos Revestidos Momenta,"22,44","22,44",-0.0%,"22,44",-0.0%
São João,Disponível,313.0,14,7896004731308.0,"Cardilol 12,5mg 30 Comprimidos Libbs","70,08","22,99",-67.2%,"22,99",-67.2%
São João,Disponível,313.0,14,7896181901747.0,Persur 5mg 30 Comprimidos Hypera,"38,22","32,89",-13.9%,"32,89",-13.9%
São João,Disponível,313.0,12,7891058001155.0,Novalgina 1G 10 Comprimidos Efervescentes Dipirona,"25,43","19,99",-21.4%,"19,99",-21.4%
São João,Disponível,313.0,13,7894916502641.0,Brasart HCT 320+25mg 30 Comprimidos Revestidos Sigma,"45,40","40,09",-11.7%,"40,09",-11.7%
São João,Disponível,313.0,12,7896658030284.0,Aria 5mg 30 Comprimidos Mast Momenta,"124,93","103,59",-17.1%,"103,59",-17.1%
São João,Disponível,313.0,13,7891058005986.0,Pantoprazol 40mg Genérico Medley 42 Comprimidos Revestidos,"108,98","40,09",-63.2%,"40,09",-63.2%
São João,Disponível,313.0,13,7898687736472.0,Propafenona 150mg 60 Comprimidos Revestidos Genérico Althaia,"144,84","107,09",-26.1%,"107,09",-26.1%
São João,Disponível,313.0,13,7898687736472.0,Propafenona 150mg 90 Comprimidos Revestidos Genérico Althaia,"144,84","107,09",-26.1%,"107,09",-26.1%
São João,Disponível,313.0,14,7896094203051.0,Elani Ciclo 3mg 63 Comprimido Revestido,"171,98","120,39",-30.0%,"120,39",-30.0%
São João,Disponível,313.0,13,7898029558809.0,Vastarel MR 35mg 60 Comprimidos Revestidos Servier,"100,61","81,09",-19.4%,"81,09",-19.4%
São João,Disponível,313.0,12,7896523220352.0,Fexofenadina 60mg 10 Comprimidos Revestidos Genérico Cimed,"82,33","17,09",-79.2%,"17,09",-79.2%
São João,Disponível,313.0,14,7896523200101.0,Valsartana 320mg Genérico Cimed 30 Comprimidos Revestidos,"78,26","47,49",-39.3%,"47,49",-39.3%
São João,Esgotado,313.0,12,0.0,Vibramicina Solúvel Pfizer 100mg 20 Comprimidos,0,0,0,0,0
São João,Disponível,313.0,14,7899620913776.0,Paracetamol 750mg 20 Comprimidos Genérico Globo,"22,00","8,59",-61.0%,"8,59",-61.0%
São João,Disponível,313.0,13,7896094927797.0,Benegrip Multi Dia 800mg + 20mg 12 Comprimidos,"28,64","28,64",-0.0%,"28,64",-0.0%
São João,Disponível,313.0,13,7896004713366.0,Acetilcisteína 120ml Adulto Genérico EMS,"52,76","23,90",-54.7%,"23,90",-54.7%
São João,Esgotado,312.0,13,0.0,Pomada Gino Kollagenase 30G Cristalia,0,0,0,0,0
São João,Disponível,312.0,14,7896016808135.0,Xigduo XR 5mg+1000mg 60 Comprimidos Revestidos,"258,89","207,11",-20.0%,"207,11",-20.0%
São João,Disponível,312.0,13,7896094203068.0,"Previane 0,075mg + 0,020mg 63 Comprimidos Revestidos Legrand","163,02","114,11",-30.0%,"114,11",-30.0%
São João,Esgotado,312.0,13,0.0,Leiba 6 Sachês Laranja União Química,0,0,0,0,0
São João,Disponível,312.0,15,7896637022767.0,Divena 40mg 60 Comprimidos Revestidos de Liberação Retardada,"61,13","52,09",-14.8%,"52,09",-14.8%
São João,Disponível,312.0,13,7898148295159.0,Ibuprofeno 600mg Genérico Prati 20 Comprimidos Revestidos,"22,99","10,19",-55.7%,"10,19",-55.7%
São João,Esgotado,312.0,13,0.0,Elotin 5Ml Elofar,0,0,0,0,0
São João,Disponível,312.0,14,7891317458867.0,"Holmes H 20+12,5mg 30 Comprimidos Revestidos Eurofarma","909,92","199,90",-78.0%,"199,90",-78.0%
São João,Disponível,312.0,13,7896004722122.0,Comfect 10 mg 30 Comprimidos Revestidos Aché (C1),"49,78","29,90",-39.9%,"29,90",-39.9%
São João,Disponível,312.0,13,7896004701172.0,Carbamazepina 400mg 20 Comprimidos Genérico EMS (C1),"186,35","99,90",-46.4%,"99,90",-46.4%
São João,Disponível,312.0,13,7898560664137.0,Dymista Suspensão Spray Inalatória 23g,"154,46","126,99",-17.8%,"126,99",-17.8%
São João,Esgotado,312.0,13,0.0,Allegra Antialérgico Cloridrato de Fexofenadina 120mg 10 Comprimidos Revestidos,0,0,0,0,0
São João,Esgotado,312.0,14,0.0,Androcur 100mg 20 Comprimidos Bayer,0,0,0,0,0
São João,Disponível,312.0,13,7896004711744.0,Tramadol 50mg 10 Cápsulas Genérico EMS (A2),"35,35","12,05",-65.9%,"12,05",-65.9%
São João,Disponível,312.0,13,7896112486787.0,"Aradois H 50mg/12,5mg 90 Comprimidos Revestidos","56,60","5,80",-89.8%,"5,80",-89.8%
São João,Disponível,312.0,13,7898133137358.0,Hidraplex Pó 4 Envelopes Natural Natulab,"21,90","21,90",-0.0%,"21,90",-0.0%
São João,Disponível,312.0,13,7896523209845.0,Captopril 25mg Generico Cimed 30 Comprimidos,"15,48","1,99",-87.1%,"1,99",-87.1%
São João,Disponível,312.0,13,7898148299317.0,Aciclovir 50mg/g Genérico Prati Creme Dermatológico 10g,"28,79","14,90",-48.2%,"14,90",-48.2%
São João,Disponível,312.0,13,7895296446228.0,"Desloratadina 0,5mg/ml Genérico Prati Xarope 100ml","91,38","29,90",-67.3%,"29,90",-67.3%
São João,Disponível,312.0,12,7896004715322.0,Alendronato de Sódio 70mg 4 Comprimidos Genérico Neo Química,"100,50","8,07",-92.0%,"8,07",-92.0%
São João,Disponível,312.0,14,7896472521777.0,Valsartana 80mg 30 Comprimidos Genérico Neo Química,"76,03","76,03",-0.0%,"76,03",-0.0%
São João,Disponível,312.0,13,7896422522632.0,Escitalopram Genérico Medley 15mg 30 Comprimidos Revestidos (C1),"153,38","59,90",-60.9%,"59,90",-60.9%
São João,Disponível,312.0,14,7896004729428.0,Atorvastatina 10mg 30 Comprimidos Revestidos Genérico EMS,"87,01","21,90",-74.8%,"21,90",-74.8%
São João,Esgotado,312.0,12,0.0,Extrato de Própolis Verde Baldoni Própion spray 30ml,0,0,0,0,0
São João,Esgotado,312.0,13,0.0,Berotec 100mcg 10ml Aerossol Boehringer,0,0,0,0,0
São João,Disponível,312.0,12,7896004789873.0,Equitam 120mg 30 Comprimidos Revestidos,"51,77","51,77",-0.0%,"51,77",-0.0%
São João,Esgotado,312.0,14,0.0,Noretisterona + Estradiol 50mg Genérico Cifarma,0,0,0,0,0
São João,Esgotado,312.0,14,0.0,Tobracort Supensão Oftamológica 5Ml Genom,0,0,0,0,0
São João,Esgotado,312.0,13,0.0,Estomazil Leite de Magnésia 300ml Hypera Pharma,0,0,0,0,0
São João,Esgotado,312.0,13,0.0,Figavit Elixir Gaúcho 240ml Praiamar,0,0,0,0,0
São João,Disponível,312.0,14,7891721023576.0,Mesidox 4mg 30 Comprimidos Merck,"86,21","86,21",-0.0%,"86,21",-0.0%
São João,Esgotado,312.0,13,0.0,Verutex 2% Creme 15G Roche,0,0,0,0,0
São João,Esgotado,311.0,14,0.0,Renu Plus Solução para Lentes de Contato Sem Fricção 120ml,0,0,0,0,0
São João,Disponível,311.0,13,7898605330690.0,Polaramine 2mg 20 Comprimidos Revestidos,"377,34","301,87",-20.0%,"301,87",-20.0%
São João,Disponível,311.0,13,7896637023658.0,Miosan 10mg 30 Comprimidos Revestidos,"20,15","20,15",-0.0%,"20,15",-0.0%
São João,Disponível,311.0,13,7896658000379.0,Lasix 40mg 20 Comprimidos Aventis,"34,57","30,49",-11.8%,"30,49",-11.8%
São João,Esgotado,311.0,12,0.0,Coglive 24mg 60 Cápsulas Dura Liberação Prolongada Liberação LIBBS (C1),0,0,0,0,0
São João,Esgotado,311.0,13,0.0,Exforge HCT Valsartana 320mg + Hidroclorotiazida 25mg + Anlodipino 10mgcom 28 comprimidos,0,0,0,0,0
São João,Esgotado,311.0,13,0.0,Celestone 2mg 10 Comprimidos Mantecorp Log d,0,0,0,0,0
São João,Disponível,311.0,14,7896181906582.0,Koprexx 5mg 30 Comprimidos Biosintética,"23,78","7,43",-68.8%,"7,43",-68.8%
São João,Esgotado,311.0,15,0.0,Valeriane 50mg 20 Drágeas Nikkho,0,0,0,0,0
São João,Esgotado,311.0,13,0.0,Benatux Framboesa 5mg/50mg/10mg 12 Pastilhas,0,0,0,0,0
São João,Esgotado,311.0,13,0.0,Tiras para Controle de Glicemia OneTouch Select Plus 50+10 Unidades,0,0,0,0,0
São João,Disponível,311.0,13,7897411603141.0,Loxonin Flex 7 Adesivos Transdérmicos,"122,15","105,79",-13.4%,"105,79",-13.4%
São João,Disponível,311.0,14,7896004713014.0,Seth 150mg 60 Comprimidos Revestidos União Química (C1),"197,04","38,24",-80.6%,"38,24",-80.6%
São João,Disponível,311.0,12,7896112421498.0,Pressat 5mg 30 Comprimidos Biolab,"53,68","47,09",-12.3%,"47,09",-12.3%
São João,Disponível,311.0,13,7894916501408.0,Penvir 125mg 10 Comprimidos Sigma Pharma,"77,73","64,19",-17.4%,"64,19",-17.4%
São João,Esgotado,311.0,12,0.0,"Etna 1,0mg + 2,5mg + 1,5mg 180 Cápsulas",0,0,0,0,0
São João,Disponível,311.0,13,7896637023665.0,Betrat 5000mcg+100mg+100mg 60 Comprimidos Revestidos Myralis,"22,44","22,44",-0.0%,"22,44",-0.0%
São João,Disponível,311.0,13,7896004705989.0,Pantoprazol 40mg 28 Comprimidos Revestidos Genérico EMS,"33,10","20,89",-36.9%,"20,89",-36.9%
São João,Esgotado,311.0,13,0.0,Cimegripe 400mg/4mg/4mg 20 Cápsulas Duras,0,0,0,0,0
São João,Disponível,311.0,13,7896641807381.0,Gamaline V Herbarium 900mg 30 Comprimidos,"198,79","163,09",-18.0%,"163,09",-18.0%
São João,Disponível,311.0,13,7896241293669.0,Vasopril Biolab 20mg 30 Comprimidos,"39,75","29,79",-25.1%,"29,79",-25.1%
São João,Disponível,311.0,14,7896094208674.0,"Daisan 37,5 + 325mg 20 Comprimidos Revestidos Daiichi (A2)","182,45","127,72",-30.0%,"127,72",-30.0%
São João,Disponível,311.0,12,7896004777795.0,Ivermectina 6mg 2 Comprimidos Genérico Germed,"21,22","13,99",-34.1%,"13,99",-34.1%
São João,Disponível,311.0,12,7895296097055.0,Levetiracetam 250Mg 30 Comprimidos Revestidos Genérico Neo Quimica (C1),"131,40","131,40",-0.0%,"131,40",-0.0%
São João,Esgotado,311.0,14,0.0,Xarope Desalex 100ml Supera,0,0,0,0,0
São João,Disponível,311.0,12,7894916510127.0,Osteoform 70mg 8 Comprimidos Sigma Pharma,"79,37","79,37",-0.0%,"79,37",-0.0%
São João,Esgotado,311.0,12,0.0,Fibernorm 10 Saches Original Takeda,0,0,0,0,0
São João,Esgotado,310.0,15,0.0,OsCal Cálcio+ 500mg + Vitamina D 400UI 60 Comprimidos,0,0,0,0,0
São João,Disponível,310.0,12,8902220109520.0,Roxetin XR 25mg 30 Comprimidos Revestidos Supera (C1),"75,69","62,29",-17.7%,"62,29",-17.7%
São João,Disponível,310.0,15,7896090611645.0,Enomagno Leite de Magnésia Hortelã  350ml,"3,60","3,60",-0.0%,"3,60",-0.0%
São João,Disponível,310.0,14,7896241293669.0,Tynna 20mg 30 Comprimidos Supera,"39,75","29,79",-25.1%,"29,79",-25.1%
São João,Disponível,310.0,13,7896732600112.0,Lunera 10ml,"48,78","34,99",-28.3%,"34,99",-28.3%
São João,Disponível,310.0,12,7897411650787.0,Benicar Anlo 20+5mg 30 Comprimidos Revestidos Sankyo,"83,42","66,74",-20.0%,"66,74",-20.0%
São João,Disponível,310.0,14,7896094920453.0,Macrodantina 100Mg 144 Cápsulas Hypermarcas,"24,26","22,29",-8.1%,"22,29",-8.1%
São João,Esgotado,310.0,13,0.0,Fluimucil 600mg Sabor Limão 16 Comprimidos Efervescentes,0,0,0,0,0
São João,Esgotado,310.0,13,0.0,Sibutramina 15mg 30 Cápsulas Genérico Biosintética (B2),0,0,0,0,0
São João,Disponível,310.0,13,7896181920410.0,Pristiq 50mg 28 Comprimidos Revestidos,"14,94","5,70",-61.8%,"5,70",-61.8%
São João,Disponível,310.0,14,7896181906582.0,Venoxide 1g 30 Comprimidos Biosintética,"23,78","7,43",-68.8%,"7,43",-68.8%
São João,Disponível,310.0,14,7898906376465.0,Tiorfan 30Mg 18 Sachês Bago,"64,34","58,19",-9.6%,"58,19",-9.6%
São João,Disponível,310.0,12,7896004747637.0,Aripiprazol 15mg 30 Comprimidos Genérico EMS (C1),"434,87","174,90",-59.8%,"174,90",-59.8%
São João,Disponível,310.0,15,7891142137135.0,Pratium 140mg/ml 15ml Mantecorp,"39,51","39,51",-0.0%,"39,51",-0.0%
São João,Disponível,310.0,13,7795320008821.0,Psorex Creme Dermatológico 30g,"50,17","44,69",-10.9%,"44,69",-10.9%
São João,Disponível,310.0,12,7896422505550.0,Simeticona 40mg Genérico Medley 20 Comprimidos,"11,61","8,90",-23.3%,"8,90",-23.3%
São João,Disponível,310.0,13,7897337716208.0,Ceclor BD 750mg 14 Comprimidos Revestidos,"146,57","99,66",-32.0%,"99,66",-32.0%
São João,Disponível,310.0,13,7896637022552.0,Retemic 5mg 30 Comprimidos,"44,74","39,29",-12.2%,"39,29",-12.2%
São João,Esgotado,310.0,12,0.0,Suplemento Alimentar de Fibras Fibermais Sem Sabor 260g,0,0,0,0,0
São João,Disponível,310.0,12,7898074614857.0,Salicetil 100mg 10 Comprimidos,"66,32","59,49",-10.3%,"59,49",-10.3%
São João,Disponível,310.0,13,7896014669028.0,"Metrexato 2,5mg 24 Comprimidos Blausiegel","41,90","27,99",-33.2%,"27,99",-33.2%
São João,Esgotado,310.0,12,0.0,Jolik 20mg/ml 225ml Libbs (C1),0,0,0,0,0
São João,Esgotado,310.0,13,0.0,Spidufen 770mg (ibuprofeno 400mg+ Arginina 370mg) Zambon 20 Comprimidos Revestidos,0,0,0,0,0
São João,Disponível,310.0,12,7896094207776.0,Stavigile 100mg 30 Comprimidos Libbs (B1),"242,56","194,05",-20.0%,"194,05",-20.0%
São João,Disponível,310.0,14,7896676435221.0,Hylo Comod Solução Oftalmológica 10ml,"59,19","51,59",-12.8%,"51,59",-12.8%
São João,Disponível,310.0,12,7897595602473.0,Doxiciclina 100mg 15 Comprimidos Genérico Sandoz,"57,39","30,79",-46.3%,"30,79",-46.3%
São João,Esgotado,310.0,12,0.0,Floral Therapi 30ml Motiva Mais,0,0,0,0,0
São João,Disponível,310.0,12,7896004730981.0,Clomipramina 25mg 20 Comprimidos Revisado Genérico EMS (C1),"64,06","26,90",-58.0%,"26,90",-58.0%
São João,Disponível,310.0,12,7899547544541.0,Alopurinol 300mg 30 Comprimidos Genérico Prati-Donaduzzi,"17,14","9,99",-41.7%,"9,99",-41.7%
São João,Esgotado,310.0,14,0.0,Nyteb 5mg Diffucap Chemobras 30 Comprimidos,0,0,0,0,0
São João,Disponível,310.0,13,7898569760458.0,Vortioxetina 15mg 60 Comprimidos Revestidos Genérico Althaia (C1),"60,68","19,90",-67.2%,"19,90",-67.2%
São João,Disponível,310.0,13,7896523201382.0,Ressaliv Dor 30+300+30mg 10 Comprimidos Revestidos Cimed,"262,84","109,90",-58.2%,"109,90",-58.2%
São João,Disponível,310.0,12,7896422522687.0,Olmy Anlo 40+10mg 30 Comprimidos Revestidos Germed,"71,18","49,90",-29.9%,"49,90",-29.9%
São João,Esgotado,310.0,13,0.0,"Pomada Dermatológica Tarfic 0,3 mg 30 g Libbs",0,0,0,0,0
São João,Esgotado,309.0,12,0.0,"Alenthus XR 37,5mg 30 Cápsulas Cellera (C1)",0,0,0,0,0
São João,Disponível,309.0,14,7896004758121.0,Mirtazapina ODT 30mg 30 Comprimidos Genérico EMS (C1),"219,50","94,39",-57.0%,"94,39",-57.0%
São João,Esgotado,309.0,14,0.0,Dermotil Fusid Cr 10g Mantecorp,0,0,0,0,0
São João,Esgotado,309.0,13,0.0,"Rehidrat 50 Pó para Solução Oral 4 Envelopes de 7,625g",0,0,0,0,0
São João,Esgotado,309.0,12,0.0,Cataflampro Emulgel 30g,0,0,0,0,0
São João,Disponível,309.0,12,7894916502641.0,Tamiram 750mg 7 Comprimidos Revestidos Eurofarma,"45,40","40,09",-11.7%,"40,09",-11.7%
São João,Disponível,309.0,15,7896658027703.0,Diva 20 (24+4) Comprimidos  Exeltis,"65,89","55,99",-15.0%,"55,99",-15.0%
São João,Esgotado,309.0,17,0.0,Parzo 200mg 15 Cápsulas Biosintética,0,0,0,0,0
São João,Disponível,309.0,12,7897851250394.0,Cebralat 100mg 120 Comprimidos Libbs,"20,76","12,90",-37.9%,"12,90",-37.9%
São João,Disponível,309.0,14,7899420507410.0,Neumosin 400mg 5 Comprimidos Revestidos Supera,"58,34","49,39",-15.3%,"49,39",-15.3%
São João,Disponível,309.0,13,7891317425869.0,Revoc 50mg 30 Comprimidos Revestidos,"14,53","14,53",-0.0%,"14,53",-0.0%
São João,Disponível,309.0,13,7896004733234.0,Prednisolona 20mg Genérico Althaia 10 Comprimidos,"23,36","10,90",-53.3%,"10,90",-53.3%
São João,Disponível,309.0,12,7891317177652.0,Lípitor 20mg 30 Comprimidos Revestidos,"93,49","77,49",-17.1%,"77,49",-17.1%
São João,Disponível,309.0,12,7896714234564.0,Etoricoxibe 60Mg 7 Comprimidos Genérico Neo Quimica (C1),"23,89","9,99",-58.2%,"9,99",-58.2%
São João,Disponível,309.0,12,7891317016043.0,Triaxin 500Mg 1 Ampola 2Ml Injetável Momenta,"28,62","25,19",-12.0%,"25,19",-12.0%
São João,Disponível,309.0,15,7896523213590.0,Benfotiamina 150mg 30 Comprimidos Genérico Biolab,"39,19","7,99",-79.6%,"7,99",-79.6%
São João,Disponível,309.0,14,7896004700038.0,Paracetamol Genérico Farmace Gotas 15ml,"12,06","4,49",-62.8%,"4,49",-62.8%
São João,Esgotado,309.0,13,0.0,"Trelegy 100+62,5+25mg 30 Doses GSK",0,0,0,0,0
São João,Disponível,309.0,12,7896676401776.0,Flexenema 160mg + 60mg Solução Retal 130ml,"20,70","20,70",-0.0%,"20,70",-0.0%
São João,Esgotado,309.0,12,0.0,Xantinon Complex Avulso 10ml,0,0,0,0,0
São João,Disponível,309.0,14,7896112155003.0,Dexametasona 10g Creme Genérico EMS,"16,70","13,90",-16.8%,"13,90",-16.8%
São João,Disponível,309.0,14,7891158103384.0,Depakote ER 500mg 60 Comprimidos Revestidos Abbott (C1),"431,23","431,23",-0.0%,"431,23",-0.0%
São João,Disponível,309.0,12,7896004723020.0,Ácido Ursodesoxicólico 300mg 30 Comprimidos Genérico EMS,"55,50","48,99",-11.7%,"48,99",-11.7%
São João,Disponível,309.0,13,7896004742069.0,Gaeso 20mg 28 Comprimidos Revestidos de Liberação Retardada Aché,"87,41","49,90",-42.9%,"49,90",-42.9%
São João,Disponível,309.0,13,7898148294381.0,Metronidazol 250mg Genérico Prati 20 Comprimidos Revestidos,"17,05","8,59",-49.6%,"8,59",-49.6%
São João,Disponível,309.0,12,7896094207851.0,Ancoron 200mg 30 Comprimidos Revestidos,"58,81","49,89",-15.2%,"49,89",-15.2%
São João,Esgotado,309.0,13,0.0,"Femiane 0,075mg+0,02mg 63 Comprimidos Genom",0,0,0,0,0
São João,Esgotado,309.0,12,0.0,"Pomada Oftamológica Cylocort 3,5G Genom",0,0,0,0,0
São João,Esgotado,309.0,14,0.0,"Salbutamol Xarope 0,4mg/ml 120ml Genérico Geolab",0,0,0,0,0
São João,Esgotado,309.0,12,0.0,Melatonina em Gotas Fast Equaliv Sabor Menta 30ml,0,0,0,0,0
São João,Disponível,309.0,13,7896112486787.0,Aradois Hct 100+25Mg 30 Comprimidos Biolab,"56,60","5,80",-89.8%,"5,80",-89.8%
São João,Esgotado,309.0,13,0.0,Fexofenadina 6mg/ml 150ml Vitamedic,0,0,0,0,0
São João,Esgotado,309.0,12,0.0,"Artico 1,5+1,2g Gran Maracujá 30 Sachês Eurofarma",0,0,0,0,0
São João,Esgotado,308.0,13,0.0,Proctyl Supositório 15 Unidades,0,0,0,0,0
São João,Disponível,308.0,13,7891142981363.0,Predsim 5mg 10 Comprimidos Mantecorp,"39,94","36,49",-8.6%,"36,49",-8.6%
São João,Disponível,308.0,12,7896523200118.0,Valsartana 160mg 30 Comprimidos Revestidos Genérico Cimed,"65,71","34,49",-47.5%,"34,49",-47.5%
São João,Disponível,308.0,13,7899547531213.0,Dipirona Sódica 500mg Genérico Prati 10 Comprimidos,"30,55","16,29",-46.7%,"16,29",-46.7%
São João,Disponível,308.0,13,7891158103384.0,Revoc 100mg 60 Comprimidos Revestidos,"431,23","431,23",-0.0%,"431,23",-0.0%
São João,Disponível,308.0,13,7896523201382.0,Nevralgex DC 20 Comprimidos Revestidos Cimed,"262,84","109,90",-58.2%,"109,90",-58.2%
São João,Disponível,308.0,13,7896112492740.0,Triazol 150mg 2 Cápsulas Biolab,"38,17","33,99",-11.0%,"33,99",-11.0%
São João,Disponível,308.0,12,7899547528626.0,Losartana 50mg 60 Comprimidos Revestidos Genérico Prati,"20,70","8,90",-57.0%,"8,90",-57.0%
São João,Disponível,308.0,12,7897595635259.0,Aclasta 5mg 100ml Sandoz,"3493,14","1129,80",-67.7%,"1129,80",-67.7%
São João,Disponível,308.0,12,7896523227528.0,"Carvedilol 12,5mg 30 Comprimidos Genérico Cimed","31,24","8,90",-71.5%,"8,90",-71.5%
São João,Disponível,308.0,12,300652439259.0,Systane Ul Alcon 10ml,"70,39","70,39",-0.0%,"70,39",-0.0%
São João,Disponível,308.0,15,7896094210295.0,"Molieri 20 3mg + 0,02mg 24 Comprimidos Revestidos","243,34","170,34",-30.0%,"170,34",-30.0%
São João,Esgotado,308.0,12,0.0,Cebrilin 30mg 30 Comprimidos Liberação LIBBS (C1),0,0,0,0,0
São João,Disponível,308.0,13,7894916500746.0,Sinot Clav Suspensão Oral 70ml,"116,57","97,79",-16.1%,"97,79",-16.1%
São João,Esgotado,308.0,12,0.0,Elatium 8mg 30 Cápsulas Liberação Prolongada Prati RX (C1),0,0,0,0,0
São João,Esgotado,308.0,14,0.0,Propomax 30ml Própolis Zero Apis Flora,0,0,0,0,0
São João,Disponível,308.0,12,7894916508506.0,"Nesina 12,5mg 30 Comprimidos Revestidos Hypera","68,82","68,82",-0.0%,"68,82",-0.0%
São João,Esgotado,308.0,13,0.0,Flogoral Laranja 12 Pastilhas Aché,0,0,0,0,0
São João,Disponível,308.0,13,7896637031943.0,Flancox 400mg 10 Comprimidos Revestidos Apsen,"64,50","56,59",-12.3%,"56,59",-12.3%
São João,Esgotado,308.0,13,0.0,"Pomada Protopic 0,03% 10g Leofarma",0,0,0,0,0
São João,Disponível,308.0,15,7896094208858.0,Vatis 150mg 90 Comprimidos Revestidos Libbs,"137,00","111,29",-18.8%,"111,29",-18.8%
São João,Esgotado,308.0,13,0.0,Artelac Rebalance Frasco 10Ml Bausch&amp;Lomb,0,0,0,0,0
São João,Esgotado,308.0,14,0.0,"Allestra 15 0,015+0,06mg 28 Comprimidos Aché",0,0,0,0,0
São João,Disponível,308.0,12,7500435260541.0,Alginac 1000 30 Comprimidos Revestidos Procter,"74,62","64,29",-13.8%,"64,29",-13.8%
São João,Disponível,308.0,12,7896094207851.0,Ancoron 200mg 60 Comprimidos Revestidos,"58,81","49,89",-15.2%,"49,89",-15.2%
São João,Esgotado,308.0,13,0.0,Floral Thérapi Mau hábito 30ml,0,0,0,0,0
São João,Esgotado,308.0,14,0.0,Floral Thérapi Chora Não 30ml,0,0,0,0,0
São João,Disponível,308.0,14,7891158101656.0,Rivacrist 20mg 14 Comprimidos Revestidos Abbott,"145,18","145,18",-0.0%,"145,18",-0.0%
São João,Disponível,308.0,14,7898148294596.0,Dexametasona 1mg/g Genérico Prati Creme Dermatológico 10g,"13,92","13,92",-0.0%,"13,92",-0.0%
São João,Disponível,308.0,15,7896181906582.0,Runner EZE 10+10mg 30 Comprimidos Biosintética,"23,78","7,43",-68.8%,"7,43",-68.8%
São João,Disponível,308.0,12,7896004722122.0,Aceclofenaco 100mg 12 Comprimidos Revestidos Genérico EMS,"49,78","29,90",-39.9%,"29,90",-39.9%
São João,Disponível,308.0,13,7896658021749.0,Acertil 10mg 30 Comprimidos Revestidos,"73,62","61,79",-16.1%,"61,79",-16.1%
São João,Esgotado,308.0,13,0.0,Óleo Essencial Therapi Eucalipto Globulus 10ml,0,0,0,0,0
São João,Esgotado,307.0,13,0.0,Multi-Bi 335mg 30 Cápsulas,0,0,0,0,0
São João,Disponível,307.0,12,7898908753141.0,"Motix 301,5mg 50 Comprimidos Sublinguais","94,99","75,99",-20.0%,"75,99",-20.0%
São João,Esgotado,307.0,13,0.0,Óleo Essencial Therapi 10ml Capim Limão,0,0,0,0,0
São João,Esgotado,307.0,15,0.0,Gargojuice 30 ml spray Belfar,0,0,0,0,0
São João,Disponível,307.0,13,7891721022845.0,Flexive CDM Creme Dermatológico 50g,"93,61","79,59",-15.0%,"79,59",-15.0%
São João,Disponível,307.0,13,7896112401698.0,Xifaxan 550mg 28 Comprimidos Revestidos Biolab,"894,55","685,99",-23.3%,"685,99",-23.3%
São João,Disponível,307.0,15,7891268100228.0,Alevo 500mg 7 Comprimidos Supera,"69,59","58,89",-15.4%,"58,89",-15.4%
São João,Esgotado,307.0,12,0.0,"Condroflex Pó para Solução Oral 30 Envelopes de 4,135g",0,0,0,0,0
São João,Esgotado,307.0,12,0.0,Kelo-Cote Spray 100ml FQM,0,0,0,0,0
São João,Disponível,307.0,14,7891317425869.0,Seakalm 260mg 20 Comprimidos Revestidos,"14,53","14,53",-0.0%,"14,53",-0.0%
São João,Esgotado,307.0,14,0.0,Arnica D3 80 Comprimidos Weleda,0,0,0,0,0
São João,Esgotado,307.0,15,0.0,Vick 5 Pastilhas Envelope Cereja AV*,0,0,0,0,0
São João,Esgotado,307.0,12,0.0,Antara 100mg/mg Solução 150mg Eurofarma (C1),0,0,0,0,0
São João,Disponível,307.0,13,7891317036973.0,Antara XR 500mg 30 Comprimidos Revestidos Liberação Prolongada Eurofarma (C1),"215,88","177,69",-17.7%,"177,69",-17.7%
São João,Disponível,307.0,13,7896523220291.0,Fexofenadina 120mg 10 Comprimidos Genérico Cimed,"49,89","12,69",-74.6%,"12,69",-74.6%
São João,Esgotado,307.0,12,0.0,Milmune Concentrado Mel e Limão Avulso 5g,0,0,0,0,0
São João,Esgotado,307.0,14,0.0,Amoxilina + Clavulanato 400mg 70ml Policlavamoxil EMS,0,0,0,0,0
São João,Esgotado,307.0,12,0.0,"Nasoar Infantil 0,9% Lavagem Nasal 15 Envelopes + Lavador Nasal 120mlMyralis",0,0,0,0,0
São João,Disponível,307.0,13,7891106904582.0,Vonau Flash 4mg 10 Comprimidos Biolab,"73,39","60,99",-16.9%,"60,99",-16.9%
São João,Disponível,307.0,13,7897595901316.0,Puran T4 50mcg 30 Comprimidos Sanofi,"20,16","17,99",-10.8%,"17,99",-10.8%
São João,Esgotado,307.0,13,0.0,Cetrolac Md 4mg/ml 5ml União Química,0,0,0,0,0
São João,Esgotado,307.0,14,0.0,Clenil Nasal Aquoso Chiesi 50mcg 30ml 200 Doses,0,0,0,0,0
São João,Esgotado,307.0,13,0.0,Suplemento Sensilatte Sabor Baunilha 9000FCC 30 Comprimidos Prati-Donaduzzi,0,0,0,0,0
São João,Disponível,307.0,13,7896637022767.0,Donila 10mg 60 Comprimidos Revestidos Aché (C1),"61,13","52,09",-14.8%,"52,09",-14.8%
São João,Disponível,307.0,12,7891317482541.0,Desvenlafaxina 50mg 30 Comprimidos Revestidos Genérico Althaia (C1),"1110,02","149,99",-86.5%,"149,99",-86.5%
São João,Esgotado,307.0,14,0.0,Cimegripe 400mg/4mg/4mg 4 Cápsulas Duras,0,0,0,0,0
São João,Disponível,307.0,12,7899547501100.0,Olanzapina 5mg 30 Comprimidos Revestidos Genérico Prati-Donaduzzi (C1),"88,26","22,49",-74.5%,"22,49",-74.5%
São João,Disponível,307.0,12,7896672203893.0,Broncho-Vaxom 7mg 30 Cápsulas Chiesi,"314,08","251,26",-20.0%,"251,26",-20.0%
São João,Esgotado,307.0,13,0.0,Cloridrato De Ambroxol 6mg/ml Adulto Genérico Cimed Xarope 120ml,0,0,0,0,0
São João,Esgotado,307.0,14,0.0,Clotrigel Creme 2% 20g Glenmark,0,0,0,0,0
São João,Esgotado,307.0,13,0.0,Prolive 6 Cápsulas ACHE,0,0,0,0,0
São João,Disponível,307.0,14,7897851250530.0,Escena 20mg 30 Comprimidos Cristália (C1),"23,10","23,10",-0.0%,"23,10",-0.0%
São João,Disponível,307.0,14,7891721014130.0,Euthyrox 175mcg 50 Comprimidos Merck,"59,76","52,19",-12.7%,"52,19",-12.7%
São João,Disponível,307.0,12,7896004746937.0,Ezetimiba + Sinvastatina 10mg + 20mg 30 Comprimidos Genérico EMS,"99,47","28,99",-70.9%,"28,99",-70.9%
São João,Disponível,307.0,15,7896422513951.0,Venlafaxina XR 75mg 30 Cápsulas Genérico Neo Química (C1),"105,77","35,99",-66.0%,"35,99",-66.0%
São João,Disponível,307.0,13,7896523201887.0,Neuralgex Dip 1g 10 Comprimidos Cimed,"27,67","5,99",-78.4%,"5,99",-78.4%
São João,Disponível,307.0,12,7896004720784.0,Maleato De Dexclorfeniramina 10mg/g Genérico EMS Creme Dermatológico 30g,"17,69","15,79",-10.7%,"15,79",-10.7%
São João,Disponível,307.0,12,7891317009755.0,Tâmisa 30 75mcg/30mcg 21 Drágeas,"124,60","102,49",-17.7%,"102,49",-17.7%
São João,Disponível,307.0,15,7891317009755.0,Tâmisa 30 75mcg/30mcg 28 Drágeas,"124,60","102,49",-17.7%,"102,49",-17.7%
São João,Esgotado,307.0,15,0.0,Cetrolac SL 10mg 20 comprimidos União Química,0,0,0,0,0
São João,Disponível,307.0,13,7897473207011.0,Mometasona 50mcg 120 Doses Genérico Eurofarma,"57,52","33,90",-41.1%,"33,90",-41.1%
São João,Disponível,307.0,13,7896004708492.0,Loperamida 2mg 12 Comprimidos Genérico Sandoz,"33,10","14,90",-55.0%,"14,90",-55.0%
São João,Disponível,307.0,14,7894916516013.0,Patz SL 10mg 20 Comprimidos Sigma Pharma (B1),"39,05","35,99",-7.8%,"35,99",-7.8%
São João,Disponível,307.0,15,7896255764384.0,Sintocalmy 600mg 30 Comprimidos Revestidos Aché,"150,64","120,51",-20.0%,"120,51",-20.0%
São João,Disponível,307.0,14,7896241293669.0,Lorax 1mg 30 Comprimidos Pfizer,"39,75","29,79",-25.1%,"29,79",-25.1%
São João,Esgotado,306.0,13,0.0,Óleo Essencial Therapi 10ml Melaleuca,0,0,0,0,0
São João,Esgotado,306.0,14,0.0,Florax Pediátrico 5 Flaconetes 5ml Hebron,0,0,0,0,0
São João,Esgotado,306.0,13,0.0,Spidufen 770mg (ibuprofeno 400mg+ Arginina 370mg) Zambon 6 Comprimidos Revestidos,0,0,0,0,0
São João,Disponível,306.0,14,7896658036354.0,Levofloxacino 750mg 7 Comprimidos Revestidos Genérico Sandoz,"119,53","79,90",-33.2%,"79,90",-33.2%
São João,Disponível,306.0,13,7896112425328.0,Pantogar Neo 60 Cápsulas,"113,90","96,69",-15.1%,"96,69",-15.1%
São João,Esgotado,306.0,13,0.0,Lotar 5mg+100mg 30 Cápsulas Aché,0,0,0,0,0
São João,Disponível,306.0,14,7896658000379.0,Lutab 40mg 30 Comprimidos Ache (C1),"34,57","30,49",-11.8%,"30,49",-11.8%
São João,Disponível,306.0,12,7898569760267.0,Vildagliptina 50mg 30 Comprimidos Genérico Althaia,"40,38","24,19",-40.1%,"24,19",-40.1%
São João,Esgotado,306.0,14,0.0,Sedavan Xarope Expectorante 6mg/ml 100ml,0,0,0,0,0
São João,Disponível,306.0,13,7897460401422.0,Brasart 160mg 60 Comprimidos Revestidos Sigma,"80,87","80,87",-0.0%,"80,87",-0.0%
São João,Disponível,306.0,13,7891721014130.0,Euthyrox 25mcg 50 Comprimidos Merck,"59,76","52,19",-12.7%,"52,19",-12.7%
São João,Esgotado,306.0,13,0.0,"Avicis Solução Capilar Galderma 0,025% 100ml",0,0,0,0,0
São João,Disponível,306.0,12,7897076910950.0,"Digoxina 0,25mg Genérico Pharlab 20 Comprimidos","57,70","24,39",-57.7%,"24,39",-57.7%
São João,Disponível,306.0,13,7896004729442.0,Atorvastatina 40mg 30 Comprimidos Revestidos Genérico EMS,"174,77","34,90",-80.0%,"34,90",-80.0%
São João,Disponível,306.0,12,7896004784083.0,Dienogeste 2mg 30 Comprimidos Genérico Althaia,"90,64","49,90",-44.9%,"49,90",-44.9%
São João,Disponível,306.0,13,7896523208473.0,Amoxicilina 250mg Genérico Prati Suspensão Oral 150ml,"29,54","12,29",-58.4%,"12,29",-58.4%
São João,Disponível,306.0,14,7896112405870.0,Pitavastatina Cálcica 4mg 30 Comprimidos Genérico Biolab,"266,30","219,69",-17.5%,"219,69",-17.5%
São João,Disponível,306.0,14,7896004768212.0,Donepezila 10mg 30 Comprimidos Revestidos Genérico EMS (C1),"178,11","39,99",-77.5%,"39,99",-77.5%
São João,Esgotado,306.0,13,0.0,Dorilen Solução Oral 15ml,0,0,0,0,0
São João,Disponível,306.0,12,300651481198.0,Systane Complete Alcon 10ml Gotas Oftálmicas Lubrificantes,"110,00","110,00",-0.0%,"110,00",-0.0%
São João,Disponível,306.0,14,7899547505252.0,Losartana Potássica 50mg Genérico Teuto 30 Comprimidos Revestidos,"10,34","7,89",-23.7%,"7,89",-23.7%
São João,Esgotado,306.0,12,0.0,Terocoxi 90mg 14 Comprimidos Cristália (C1),0,0,0,0,0
São João,Disponível,306.0,12,7896523208107.0,Amoxicilina 500mg Generico Cimed 21 Cápsulas Duras,"29,54","25,59",-13.4%,"25,59",-13.4%
São João,Esgotado,306.0,13,0.0,Flogoral Pastilhas Aché Sabor Menta 12 Unidades,0,0,0,0,0
São João,Esgotado,306.0,14,0.0,Pomada com Aplicador Dbriz Gino 30g Supera,0,0,0,0,0
São João,Esgotado,306.0,13,0.0,Posdrink Vibe 250ml Citrus,0,0,0,0,0
São João,Disponível,305.0,13,7891317036973.0,"Pisa 1,5mg 30 Comprimidos de Liberação Prolongada Eurofarma (C1)","215,88","177,69",-17.7%,"177,69",-17.7%
São João,Disponível,305.0,13,7891317129781.0,Zina ODT 5mg 10 Comprimidos Eurofarma,"249,06","199,89",-19.7%,"199,89",-19.7%
São João,Disponível,305.0,14,7896637022835.0,Miosan Odt 10mg 10 Comprimidos Apsen,"62,81","33,90",-46.0%,"33,90",-46.0%
São João,Esgotado,305.0,14,0.0,Alektos Solução Oral 120ml,0,0,0,0,0
São João,Esgotado,305.0,13,0.0,Dermomax Creme 4% 5g Ache,0,0,0,0,0
São João,Disponível,305.0,13,7898569760496.0,Vortioxetina 20mg 30 Comprimidos Revestidos Genérico Althaia (C1),"88,12","23,90",-72.9%,"23,90",-72.9%
São João,Disponível,305.0,13,7891317425869.0,Zodel 50mg 30 Comprimidos Revestidos Medley (C1),"14,53","14,53",-0.0%,"14,53",-0.0%
São João,Esgotado,305.0,12,0.0,Suplemento Alimentar Melatonina Sublingual SonoZzz Sabor Menta 30 Comprimidos,0,0,0,0,0
São João,Disponível,305.0,13,7896112134213.0,Cefalexina Genérico EMS 500mg 8 Comprimidos,"32,10","13,39",-58.3%,"13,39",-58.3%
São João,Disponível,305.0,15,7896422519830.0,Ibuprofeno 100mg Genérico Medley Suspensão Oral 20ml,"19,12","10,79",-43.6%,"10,79",-43.6%
São João,Disponível,305.0,14,7896004711287.0,Maleato De Dexclorfeniramina 2mg Genérico Germed 20 Comprimidos,"16,20","10,49",-35.2%,"10,49",-35.2%
São João,Disponível,305.0,13,7896658008115.0,Artrosil 320mg 20 Cápsulas Aché,"38,71","34,39",-11.2%,"34,39",-11.2%
São João,Esgotado,305.0,12,0.0,Hipersinus Herbarium Spray 3% 100ml,0,0,0,0,0
São João,Disponível,305.0,13,7896004749624.0,Tadalafila 5mg 30 Comprimidos Revestidos Genérico EMS,"118,13","24,90",-78.9%,"24,90",-78.9%
São João,Esgotado,305.0,12,0.0,Fenticonazol 40g Genérico Eurofarma,0,0,0,0,0
São João,Disponível,305.0,12,7894916508513.0,Curc AOX+ 60 Comprimidos Revestidos Mantecorp,"80,15","80,15",-0.0%,"80,15",-0.0%
São João,Esgotado,305.0,15,0.0,Micolamina Creme 20G Theraskin,0,0,0,0,0
São João,Disponível,305.0,15,7896004782713.0,"Apixabana 2,5mg 60 Comprimidos Genérico Neo Química","260,18","112,90",-56.6%,"112,90",-56.6%
São João,Esgotado,305.0,13,0.0,Repoflor Pó para Solução Oral 4 Envelopes de 1g,0,0,0,0,0
São João,Esgotado,305.0,12,0.0,Clotrimix Creme Clotrimazol 10mg/g 20g,0,0,0,0,0
São João,Disponível,305.0,12,7896004713007.0,Topamax 100mg 60 Comprimidos Revestidos Janssen (C1),"289,15","104,89",-63.7%,"104,89",-63.7%
São João,Disponível,305.0,13,7891106904582.0,"Novanlo 2,5mg 30 Comprimidos Biolab","73,39","60,99",-16.9%,"60,99",-16.9%
São João,Disponível,305.0,12,7896004701233.0,Bromoprida Solução Oral 20ml Genérico Cimed,"22,83","21,59",-5.4%,"21,59",-5.4%
São João,Esgotado,305.0,12,0.0,Betaserc 24mg 30 Comprimidos Abbott,0,0,0,0,0
São João,Disponível,305.0,14,7795320008821.0,Promergan Creme Dermatológico 30g,"50,17","44,69",-10.9%,"44,69",-10.9%
São João,Esgotado,305.0,13,0.0,Lexapro 10mg 60 Comprimidos Lundbeck (C1),0,0,0,0,0
São João,Disponível,305.0,14,7898029558809.0,Valdoxan 25mg 28 Comprimidos Revestidos Servier (C1),"100,61","81,09",-19.4%,"81,09",-19.4%
São João,Disponível,305.0,14,7896637023658.0,Etod 500mg 14 Comprimidos Revestidos Cristália,"20,15","20,15",-0.0%,"20,15",-0.0%
São João,Disponível,305.0,15,7896112486787.0,Astro 500mg 5 Comprimidos Revestidos,"56,60","5,80",-89.8%,"5,80",-89.8%
São João,Disponível,305.0,13,7891058061562.0,Rifocina Spray  Aventis 20Ml,"44,80","44,80",-0.0%,"44,80",-0.0%
São João,Esgotado,305.0,13,0.0,"Estomazil Laranja 462mg + 90mg + 438mg, envelope com 5g de pó Efervescente",0,0,0,0,0
São João,Esgotado,305.0,15,0.0,Belfaren Gel 60g Belfar,0,0,0,0,0
São João,Esgotado,305.0,12,0.0,Tylenol Multiplas Dores 4 Comprimidos Revestidos,0,0,0,0,0
São João,Esgotado,305.0,13,0.0,Haldol 2mg 30 ml Gotas Cellera (C1),0,0,0,0,0
São João,Disponível,305.0,13,7896637023665.0,Daflon 900mg/100mg 30 Comprimidos Revestidos,"22,44","22,44",-0.0%,"22,44",-0.0%
São João,Disponível,305.0,14,7894916515764.0,Rosa 10mg 30 Comprimidos Revestidos FQM,"52,75","52,75",-0.0%,"52,75",-0.0%
São João,Disponível,305.0,12,7891317177645.0,"Mercilon 0,15mg/0,02mg 63 Comprimidos","44,50","38,49",-13.5%,"38,49",-13.5%
São João,Disponível,305.0,12,7896004754161.0,Metilfenidato 10mg 30 Comprimidos Genérico Althaia (A3),"67,70","38,49",-43.1%,"38,49",-43.1%
São João,Disponível,305.0,12,7896637031943.0,Losec Mups 20mg 14 Comprimidos Revestidos Biopas,"64,50","56,59",-12.3%,"56,59",-12.3%
São João,Disponível,305.0,13,7891317177645.0,Prolopa BD 100mg/25mg 60 Comprimidos,"44,50","38,49",-13.5%,"38,49",-13.5%
São João,Esgotado,304.0,13,0.0,Zinnat 250mg 50ml Sandoz,0,0,0,0,0
São João,Disponível,304.0,13,7891106904582.0,"Ablok Plus 50mg+12,5mg 30 Comprimidos Biolab","73,39","60,99",-16.9%,"60,99",-16.9%
São João,Esgotado,304.0,13,0.0,Floratil 200mg em Pó 4 Envelopes,0,0,0,0,0
São João,Disponível,304.0,13,7896004780504.0,Rivaroxabana 15mg 30 Comprimidos Revestidos Genérico EMS,"256,86","49,90",-80.6%,"49,90",-80.6%
São João,Disponível,304.0,12,7894916515832.0,"Vynaxa 2,5mg 30 Comprimidos Revestidos","69,88","69,88",-0.0%,"69,88",-0.0%
São João,Disponível,304.0,15,7897705203095.0,"Wegovy 0,25mg 1,5ml Novo Nordisk","1284,04","1284,04",-0.0%,"1284,04",-0.0%
São João,Esgotado,304.0,15,0.0,Benalet Menta 12 Pastilhas,0,0,0,0,0
São João,Disponível,304.0,13,7896226506142.0,Tylenol 750mg 20 Comprimidos,"383,83","321,89",-16.1%,"321,89",-16.1%
São João,Disponível,304.0,13,7891317022662.0,Astro 500mg 2 Comprimidos Revestidos Eurofarma,"1015,82","89,50",-91.2%,"89,50",-91.2%
São João,Disponível,304.0,13,7897851250530.0,Vaslip Biolab 20mg 30 Comprimidos Revestidos,"23,10","23,10",-0.0%,"23,10",-0.0%
São João,Disponível,304.0,13,7896026301428.0,Escopen Composto 20 Comprimidos Revestidos Pharlab,"26,94","26,94",-0.0%,"26,94",-0.0%
São João,Esgotado,304.0,13,0.0,Lacday 10 000U Fcc Enzima Lactase 8 Comprimidos Mastigáveis,0,0,0,0,0
São João,Esgotado,304.0,13,0.0,Ginna Creme Ginecológico 40g + 7 Aplicadores,0,0,0,0,0
São João,Esgotado,304.0,13,0.0,Antrofi CR 30g 20 Aplicações Eurofarma,0,0,0,0,0
São João,Disponível,304.0,13,7896658003981.0,Creme Nitrato de Fenticonazol 40g Genérico EMS,"44,09","39,59",-10.2%,"39,59",-10.2%
São João,Disponível,304.0,14,7896004789873.0,Rosa 20mg 30 Comprimidos Revestidos FQM,"51,77","51,77",-0.0%,"51,77",-0.0%
São João,Esgotado,304.0,12,0.0,Andrum 20mg/ml 5ml Aché,0,0,0,0,0
São João,Disponível,304.0,13,7896637022835.0,Osteotrat 35Mg 4 Comprimidos Revestidos Ache,"62,81","33,90",-46.0%,"33,90",-46.0%
São João,Disponível,304.0,12,7896637033978.0,Atentah 40mg 30 Cápsulas Apsen (C1),"130,98","108,39",-17.2%,"108,39",-17.2%
São João,Esgotado,304.0,13,0.0,Peg-Lax 250ml Morango Myralis,0,0,0,0,0
São João,Disponível,304.0,13,7896046302047.0,Liposic Gel Oftálmico 10g,"56,42","48,49",-14.1%,"48,49",-14.1%
São João,Disponível,304.0,13,7896026301428.0,Buscopan Composto 10mg + 250mg 4 Comprimidos Revestidos,"26,94","26,94",-0.0%,"26,94",-0.0%
São João,Disponível,304.0,12,7891317125455.0,Oximax 200mcg 30 Cápsulas Mantecorp,"88,54","74,19",-16.2%,"74,19",-16.2%
São João,Disponível,304.0,12,7896422504812.0,Clotrimazol Creme Genérico EMS 10mg/g 20g,"18,70","14,90",-20.3%,"14,90",-20.3%
São João,Disponível,304.0,12,7899547505252.0,Losartana Potássica Genérico Prati-Donaduzzi 50mg 30 Comprimidos Revestidos,"10,34","7,89",-23.7%,"7,89",-23.7%
São João,Disponível,304.0,12,7896714267241.0,Hidroclorotiazida 50mg 20 Cápsulas Genérico Neo Química,"6,94","4,99",-28.1%,"4,99",-28.1%
São João,Disponível,304.0,13,7896637023658.0,"Olsar H 40mg+12,5mg 30 Comprimidos Revestidos Momenta","20,15","20,15",-0.0%,"20,15",-0.0%
São João,Disponível,304.0,13,7897595900654.0,Clavulin 500Mg 21 Comprimidos Gsk,"48,88","48,88",-0.0%,"48,88",-0.0%
São João,Disponível,304.0,13,7891317482541.0,Quet XR 50mg 30 Comprimidos Revestidos Eurofarma (C1),"1110,02","149,99",-86.5%,"149,99",-86.5%
São João,Disponível,304.0,13,7896004708492.0,Pantocal 20mg 28 Comprimidos Eurofarma,"33,10","14,90",-55.0%,"14,90",-55.0%
São João,Esgotado,304.0,13,0.0,Cicloprimogyna 21 Comprimidos Bayer,0,0,0,0,0
São João,Disponível,304.0,13,7891317425869.0,Leps ER 500mg 30 Comprimidos Revestidos Torrent (C1),"14,53","14,53",-0.0%,"14,53",-0.0%
São João,Disponível,304.0,13,7898074614857.0,Iludral 500mg 30 Comprimidos Adium (C1),"66,32","59,49",-10.3%,"59,49",-10.3%
São João,Disponível,304.0,13,7896094207776.0,Stanglit 45mg 30 Comprimidos Libbs,"242,56","194,05",-20.0%,"194,05",-20.0%
São João,Disponível,304.0,13,7896004748214.0,Quetiapina 25mg 30 Comprimidos Revestidos Genérico EMS (C1),"59,87","15,10",-74.8%,"15,10",-74.8%
São João,Disponível,304.0,12,7896094928046.0,Zodel 100mg 30 Comprimidos Revestidos Medley (C1),"22,99","20,99",-8.7%,"20,99",-8.7%
São João,Esgotado,303.0,12,0.0,Multi-Bi 495mg 5 Cápsulas Blíster Supera,0,0,0,0,0
São João,Disponível,303.0,14,7891721023576.0,Zetsim 10+40mg 30 Comprimidos Supera,"86,21","86,21",-0.0%,"86,21",-0.0%
São João,Disponível,303.0,12,7896637022767.0,Januvia 25mg 28 Comprimidos Revestidos,"61,13","52,09",-14.8%,"52,09",-14.8%
São João,Disponível,303.0,12,7896009498459.0,Alivium 400mg 10 Cápsulas Moles,"50,80","33,00",-35.0%,"33,00",-35.0%
São João,Esgotado,303.0,13,0.0,"Nasoar Infantil 0,9%, caixa com refil de 15 envelopes com 1,080g de granulado",0,0,0,0,0
São João,Disponível,303.0,14,7891058000943.0,Quicard 35mg 30 Comprimidos Revestidos Liberação Prolongada Germed,"48,79","17,63",-63.9%,"17,63",-63.9%
São João,Esgotado,303.0,12,0.0,Xantinon Complex 10Ml Nova Embtakeda Avulso,0,0,0,0,0
São João,Disponível,303.0,13,7896004716299.0,Levetiracetam 100mg 150ml Solução Oral Genérico EMS (C1),"27,30","21,89",-19.8%,"21,89",-19.8%
São João,Disponível,303.0,14,7896637031943.0,Cialis 20mg 1 Comprimido Revestido Lilly,"64,50","56,59",-12.3%,"56,59",-12.3%
São João,Disponível,303.0,16,7895296449823.0,"Naratriptana 2,5mg 10 Comprimidos Revestidos Genérico Nova Química","41,00","21,90",-46.6%,"21,90",-46.6%
São João,Disponível,303.0,14,7896637023665.0,Allexofedrin 120mg 10 Comprimidos Revestidos,"22,44","22,44",-0.0%,"22,44",-0.0%
São João,Disponível,303.0,13,7896637033961.0,Insit 150mg 30 Cápsulas Apsen (C1),"81,86","68,49",-16.3%,"68,49",-16.3%
São João,Disponível,303.0,13,7891268100228.0,Aldactone 50mg 30 Comprimidos Pfizer,"69,59","58,89",-15.4%,"58,89",-15.4%
São João,Esgotado,303.0,14,0.0,Pomada Diprosalic 30g Mantecorp,0,0,0,0,0
São João,Disponível,303.0,12,7896658000379.0,Motore 250mg 120 Comprimidos Ache,"34,57","30,49",-11.8%,"30,49",-11.8%
São João,Esgotado,303.0,13,0.0,Eparema Hortelã Flaconete 10ml,0,0,0,0,0
São João,Disponível,303.0,12,7891058464073.0,Novalgina Dipirona Infanitl Dor e Febre Solução Oral 50mg/ml 100ml,"48,44","34,99",-27.8%,"34,99",-27.8%
São João,Disponível,303.0,13,7896004700038.0,Paracetamol 15ml Genérico União Química,"12,06","4,49",-62.8%,"4,49",-62.8%
São João,Disponível,303.0,14,7896523207988.0,Dexclorfeniramina + Betametasona 120ml Genérico Cimed,"15,91","7,85",-50.7%,"7,85",-50.7%
São João,Disponível,303.0,12,7896094207851.0,Bioflan 250mg 30 Comprimidos Revestidos Myralis,"58,81","49,89",-15.2%,"49,89",-15.2%
São João,Disponível,303.0,13,7896641809033.0,Velija 60mg 60 Cápsulas,"256,39","205,11",-20.0%,"205,11",-20.0%
São João,Disponível,303.0,14,7896422513951.0,Venlafaxina 75mg 30 Cápsulas Genérico Germed (C1),"105,77","35,99",-66.0%,"35,99",-66.0%
São João,Esgotado,303.0,13,0.0,Própolis Propion 30ml Gotas Baldoni,0,0,0,0,0
São João,Disponível,303.0,12,7896637023665.0,Dioless 150mcg + 20mcg 21 Comprimidos Revestidos,"22,44","22,44",-0.0%,"22,44",-0.0%
São João,Esgotado,303.0,13,0.0,Lacday EMS 10 000FCC 60 Comprimidos Mastigáveis,0,0,0,0,0
São João,Disponível,303.0,13,7897460401422.0,"Siblima 0,015mg/0,060mg 24 Comprimidos Revestidos","80,87","80,87",-0.0%,"80,87",-0.0%
São João,Disponível,303.0,14,7896165600406.0,Pentasa 1g 28Sup Ferring,"884,82","884,82",-0.0%,"884,82",-0.0%
São João,Esgotado,303.0,13,0.0,Verutex B Creme 15G Roche,0,0,0,0,0
São João,Disponível,303.0,13,7896637024723.0,Labirin 24mg 60 Comprimidos Apsen,"65,65","65,65",-0.0%,"65,65",-0.0%
São João,Disponível,303.0,14,7891721202988.0,Levotiroxina Sódica 125mcg Genérico Merck 30 Comprimidos,"11,79","11,79",-0.0%,"11,79",-0.0%
São João,Esgotado,303.0,12,0.0,Nusira 25mg + 25mg 30 Comprimidos Adium (A2),0,0,0,0,0
São João,Esgotado,303.0,13,0.0,Culturelle Junior 6 Sachês Cellera,0,0,0,0,0
São João,Esgotado,303.0,13,0.0,Pomada Proctyl 30g + 10 Aplicadores Takeda,0,0,0,0,0
São João,Disponível,303.0,13,7896658021688.0,Firialta 20mg Caixa 28 Comprimidos Revestidos,"60,45","50,49",-16.5%,"50,49",-16.5%
São João,Disponível,303.0,12,7894916512022.0,Somalgin Cardio 325mg 32 Comprimidos Sigma,"49,34","42,59",-13.7%,"42,59",-13.7%
São João,Esgotado,303.0,14,0.0,Gel Hirudoid 300 40g Sankyo,0,0,0,0,0
São João,Esgotado,303.0,12,0.0,Rinosoro Alto Volume Baby 15 Sachês Hypera,0,0,0,0,0
São João,Esgotado,303.0,12,0.0,Luftal Infantil 15ml Reckitt,0,0,0,0,0
São João,Disponível,302.0,13,7896004709291.0,Diltiazem 60mg 50 Comprimidos Genérico EMS,"156,37","119,69",-23.5%,"119,69",-23.5%
São João,Disponível,302.0,14,7898029558809.0,"Triplixam 5 + 1,25 + 10mg 30 Comprimidos Revestidos Servier","100,61","81,09",-19.4%,"81,09",-19.4%
São João,Esgotado,302.0,12,0.0,Lamictal 25mg 30 Comprimidos GSK (C1),0,0,0,0,0
São João,Esgotado,302.0,14,0.0,Eparema 10 Drágeas Hypera Pharma,0,0,0,0,0
São João,Esgotado,302.0,15,0.0,Lipiblock 120mg 60 Cápsulas Germed,0,0,0,0,0
São João,Esgotado,302.0,14,0.0,Insulina Humalog Kwikpen Mix 25 3Ml Lilly,0,0,0,0,0
São João,Disponível,302.0,12,7896181920410.0,Lonium 40mg 30 Comprimidos Revestidos,"14,94","5,70",-61.8%,"5,70",-61.8%
São João,Disponível,302.0,14,7897595900654.0,Clorana 25mg 30 Comprimidos Sanofi,"48,88","48,88",-0.0%,"48,88",-0.0%
São João,Disponível,302.0,14,7908134200392.0,Gynpro 200mg 30 Cápsulas Exeltis,"79,74","79,74",-0.0%,"79,74",-0.0%
São João,Esgotado,302.0,14,0.0,Alenthus XR 75mg 30 Cápsulas Cellera (C1),0,0,0,0,0
São João,Disponível,302.0,13,7896094928046.0,Passare 900+100mg 30 Comprimidos Revestidos Germed,"22,99","20,99",-8.7%,"20,99",-8.7%
São João,Esgotado,302.0,14,0.0,Omepramix Ibp 7 Cartelas 28 Comprimidos Ache,0,0,0,0,0
São João,Disponível,302.0,12,7898133139277.0,Hidralyte Solução Oral Sabor Laranja 500ml,"18,90","18,90",-0.0%,"18,90",-0.0%
São João,Disponível,302.0,12,7896637022552.0,"Norestin 0,35mg 35 Comprimidos","44,74","39,29",-12.2%,"39,29",-12.2%
São João,Disponível,302.0,13,7896331700459.0,Pomada Proctosan 20g Hertz,"35,90","33,29",-7.3%,"33,29",-7.3%
São João,Disponível,302.0,14,7896658019036.0,Edifican 150mg 3 Comprimidos Ache,"60,18","50,79",-15.6%,"50,79",-15.6%
São João,Disponível,302.0,13,7896241293669.0,Urbanil 10mg 20 Comprimidos,"39,75","29,79",-25.1%,"29,79",-25.1%
São João,Esgotado,302.0,13,0.0,"Estomazil Abacaxi 462mg + 90mg + 438mg, envelope com 5g de pó Efervescente",0,0,0,0,0
São João,Esgotado,302.0,13,0.0,Lantus Insulina Glargina Aventis 100UI/ml 1 Ampola 10ml,0,0,0,0,0
São João,Disponível,302.0,12,7896637023658.0,Razapina 45mg 28 Comprimidos Revestidos Moksha8 (C1),"20,15","20,15",-0.0%,"20,15",-0.0%
São João,Esgotado,302.0,12,0.0,Pant 50mg/ml 50ml Refil Aché,0,0,0,0,0
São João,Disponível,302.0,14,7896009498459.0,Alivium 600mg 10 Cápsulas Moles,"50,80","33,00",-35.0%,"33,00",-35.0%
São João,Disponível,302.0,12,7896004722122.0,Aceclofenaco 100mg 12 Comprimidos Revestidos Genérico Cimed,"49,78","29,90",-39.9%,"29,90",-39.9%
São João,Esgotado,302.0,12,0.0,Noex 64mcg 120 Doses Eurofarma,0,0,0,0,0
São João,Disponível,302.0,13,7898906376410.0,Tramadon 100mg 10 Cápsulas Duras,"55,60","50,89",-8.5%,"50,89",-8.5%
São João,Esgotado,302.0,13,0.0,Capy 50mg/ml Solução Capilar 50ml,0,0,0,0,0
São João,Disponível,302.0,13,7896637022552.0,Venzer 8mg 30 Comprimidos,"44,74","39,29",-12.2%,"39,29",-12.2%
São João,Disponível,302.0,13,7896241293669.0,Klev 10mg 30 Comprimidos,"39,75","29,79",-25.1%,"29,79",-25.1%
São João,Disponível,302.0,14,7891142158130.0,"Hyzaar 50mg+12,5mg 30 Comprimidos Organon","25,88","22,89",-11.6%,"22,89",-11.6%
São João,Disponível,301.0,14,7896004715292.0,Acebrofilina Xarope Infantil 120ml Genérico EMS,"39,56","33,09",-16.4%,"33,09",-16.4%
São João,Esgotado,301.0,12,0.0,Acetilcisteína 20mg/ml 100ml Momentos,0,0,0,0,0
São João,Disponível,301.0,14,7896004711744.0,Tramal 50mg 20 Cápsulas (A2),"35,35","12,05",-65.9%,"12,05",-65.9%
São João,Disponível,301.0,12,7896637025362.0,Pomada DermatológicaTrok 10g,"148,92","124,69",-16.3%,"124,69",-16.3%
São João,Disponível,301.0,15,7896241293669.0,Zetia 10mg 60 Comprimidos Supera,"39,75","29,79",-25.1%,"29,79",-25.1%
São João,Esgotado,301.0,12,0.0,Noex 32mcg 120 Doses Eurofarma,0,0,0,0,0
São João,Disponível,301.0,14,7896181906582.0,Bromazepam 6mg 30 Comprimidos Genérico Biosintética (B1),"23,78","7,43",-68.8%,"7,43",-68.8%
São João,Disponível,301.0,12,7896637022576.0,Torante 15mg/ml Xarope 100ml,"59,43","50,99",-14.2%,"50,99",-14.2%
São João,Disponível,301.0,12,7896004716299.0,Paracetamol Bebê 100mg 15ml Solução Genérico EMS,"27,30","21,89",-19.8%,"21,89",-19.8%
São João,Disponível,301.0,13,7896112421498.0,Embo 5mg 20 Comprimidos Revestidos Biolab,"53,68","47,09",-12.3%,"47,09",-12.3%
São João,Disponível,301.0,12,7896004789873.0,Lipistat 10mg 60 Comprimidos Revestidos EMS-Sigma,"51,77","51,77",-0.0%,"51,77",-0.0%
São João,Disponível,301.0,12,7896004701233.0,Bromoprida Solução Oral Genérico Prati 20ml,"22,83","21,59",-5.4%,"21,59",-5.4%
São João,Disponível,301.0,12,7896226506142.0,Tylenol 750mg 10 Comprimidos,"383,83","321,89",-16.1%,"321,89",-16.1%
São João,Disponível,301.0,12,7896004715971.0,Azitromicina 600mg 15ml Genérico Pharlab,"79,28","24,49",-69.1%,"24,49",-69.1%
São João,Disponível,301.0,12,7896422506243.0,Dipirona Solução Oral Genérico Medley 500mg/ml 10ml,"27,07","17,99",-33.5%,"17,99",-33.5%
São João,Disponível,301.0,13,7896004718446.0,Dipirona 500mg 20ml Genérico EMS,"16,59","10,09",-39.2%,"10,09",-39.2%
São João,Disponível,301.0,12,7896523226798.0,Meloxicam 15mg 10 Comprimidos Genérico Pharlab,"42,72","18,29",-57.2%,"18,29",-57.2%
São João,Disponível,301.0,13,7894916516013.0,Tenadren 80+25mg 30 Comprimidos Sigma Pharma,"39,05","35,99",-7.8%,"35,99",-7.8%
São João,Disponível,301.0,12,7898148291984.0,Ciprofloxacino 500mg 14 Comprimidos Revestidos Genérico Prati,"44,40","34,90",-21.4%,"34,90",-21.4%
São João,Disponível,301.0,12,7898605330690.0,Cialis Lilly 20mg 2 Comprimidos Revestidos,"377,34","301,87",-20.0%,"301,87",-20.0%
São João,Disponível,301.0,12,7896658021749.0,Adipept 40mg 14 Comprimidos Revestidos Aché,"73,62","61,79",-16.1%,"61,79",-16.1%
São João,Disponível,301.0,12,7896637023771.0,Artane Apsen 2mg 30 Comprimidos (B1),"34,15","34,15",-0.0%,"34,15",-0.0%
São João,Esgotado,301.0,15,0.0,Buscofem 400mg 2 Cápsulas Avulsos,0,0,0,0,0
São João,Esgotado,301.0,13,0.0,Busonid 200mcg 60 Cápsulas Aché,0,0,0,0,0
São João,Disponível,301.0,15,7896004742069.0,Esomeprazol 20mg 28 Comprimidos Revestidos Genérico EMS,"87,41","49,90",-42.9%,"49,90",-42.9%
São João,Disponível,301.0,12,7891721201806.0,Glifage XR 500mg 30 Comprimidos,"11,81","8,49",-28.1%,"8,49",-28.1%
São João,Disponível,301.0,13,7896004789873.0,Mesacol MMX 1200mg 30 Comprimidos Revestidos Takeda,"51,77","51,77",-0.0%,"51,77",-0.0%
São João,Esgotado,301.0,13,0.0,Duomo HP 2mg/5mg 60 Cápsulas Duras,0,0,0,0,0
São João,Disponível,301.0,13,5060632500878.0,Estreva Gel 50g Farma Vision,"95,62","79,09",-17.3%,"79,09",-17.3%
São João,Disponível,301.0,12,7896637023979.0,Sabril 500mg 60 Comprimidos Aventis (C1),"132,71","132,71",-0.0%,"132,71",-0.0%
São João,Disponível,301.0,13,7896637023979.0,Mensyva 200mg 30 Comprimidos Ache (C1),"132,71","132,71",-0.0%,"132,71",-0.0%
São João,Esgotado,300.0,12,0.0,Demedrox 150Mg/Ml Injetavel 1 Ampola+Seringa Genom,0,0,0,0,0
São João,Esgotado,300.0,12,0.0,"Olina 0,18mL/ml + 4mg/ml Essência de Vida 60ml",0,0,0,0,0
São João,Esgotado,300.0,14,0.0,Loratamed D Xarope 60ml,0,0,0,0,0
São João,Esgotado,300.0,13,0.0,Brixag 2mg+5mg 5ml Legrand,0,0,0,0,0
São João,Disponível,300.0,14,7896637032209.0,Eno Probiótico 30 Cápsulas,"135,90","135,90",-0.0%,"135,90",-0.0%
São João,Disponível,300.0,12,7896004821610.0,Ondansetrona 4mg 10 Comprimidos Orodispersíveis Genérico Althaia,"30,73","14,90",-51.5%,"14,90",-51.5%
São João,Disponível,300.0,13,7891317036973.0,"Molieri 20 Sem Parar 3+0,02MG 30 Comprimidos Revestidos Eurofarma","215,88","177,69",-17.7%,"177,69",-17.7%
São João,Disponível,300.0,14,7897851250394.0,Sintezys 150mg 3 Comprimidos Biolab,"20,76","12,90",-37.9%,"12,90",-37.9%
São João,Esgotado,300.0,12,0.0,"Azitromicina Genérico Eurofarma 1500mg 37,5ml",0,0,0,0,0
São João,Disponível,300.0,13,7898948648087.0,Androgel Gel Transdérmico 50mg 10mg/g 30 Envelopes de 5g,"339,79","271,83",-20.0%,"271,83",-20.0%
São João,Disponível,300.0,12,7896004789873.0,Rusovas 20mg COM 30 Comprimidos Revestidos Germed,"51,77","51,77",-0.0%,"51,77",-0.0%
São João,Disponível,300.0,13,7896004784083.0,Runner EZE 20+10mg 30 Comprimidos Biosintética,"90,64","49,90",-44.9%,"49,90",-44.9%
São João,Disponível,300.0,13,7896523201573.0,Cimecort Creme Dermatológico 30g,"22,69","10,89",-52.0%,"10,89",-52.0%
São João,Disponível,300.0,12,7896094201767.0,Pomada Topison 1mg 20g Libbs,"74,60","65,49",-12.2%,"65,49",-12.2%
São João,Esgotado,300.0,13,0.0,Ambroxmel Mel/Eucalipto 30ml,0,0,0,0,0
São João,Disponível,300.0,14,7894916515801.0,Vynaxa 15mg 28 Comprimidos Revestidos,"69,88","69,88",-0.0%,"69,88",-0.0%
São João,Esgotado,300.0,14,0.0,Amytril 10mg 30 Cápsulas Supera (C1),0,0,0,0,0
São João,Esgotado,300.0,14,0.0,Codex 500mg + 30mg 36 Comprimidos Genom (A2),0,0,0,0,0
São João,Disponível,300.0,13,7896004746937.0,Ezetimiba 10mg 30 Comprimidos Genérico EMS,"99,47","28,99",-70.9%,"28,99",-70.9%
São João,Disponível,300.0,13,7898029558809.0,Risperidona 3mg 30 Comprimidos Revestido Supera,"100,61","81,09",-19.4%,"81,09",-19.4%
São João,Esgotado,300.0,13,0.0,Dicoxibe 200Mg 30 Cápsulas Upjohn (C1),0,0,0,0,0
São João,Disponível,300.0,13,7896658024887.0,Dramin Capsgel 50mg 10 Cápsulas Moles,"128,97","104,79",-18.7%,"104,79",-18.7%
São João,Esgotado,300.0,15,0.0,Permetrina 10mg/g 60ml Genérico Prati,0,0,0,0,0
São João,Esgotado,300.0,13,0.0,Vick VapoBanho 3 Pastilhas,0,0,0,0,0
São João,Esgotado,300.0,13,0.0,Posdrink Vibe 250ml Frutas Vermelhas,0,0,0,0,0
São João,Disponível,300.0,12,7896026173018.0,Complexo Homeopático Almeida Prado 35 60 Comprimidos,"41,75","37,69",-9.7%,"37,69",-9.7%
São João,Disponível,300.0,13,7896255717717.0,Teolong 100mg 30 Cápsulas Abbott,"25,73","22,89",-11.0%,"22,89",-11.0%
São João,Disponível,300.0,12,7896658008801.0,Levoid 38mcg 30 Comprimidos Aché,"27,15","24,29",-10.5%,"24,29",-10.5%
São João,Esgotado,300.0,13,0.0,Cafilisador 16 Comprimidos Farmasa,0,0,0,0,0
São João,Disponível,300.0,14,7896004731575.0,Etoricoxibe 60mg 14 Comprimidos Revestidos Genérico EMS (C1),"149,40","37,49",-74.9%,"37,49",-74.9%
São João,Disponível,300.0,13,7896181920410.0,Cozaar 50mg 30 Comprimidos Revestidos,"14,94","5,70",-61.8%,"5,70",-61.8%
São João,Disponível,300.0,12,7898074614857.0,Neural 50mg 30 Comprimidos Cristalia (C1),"66,32","59,49",-10.3%,"59,49",-10.3%
São João,Esgotado,300.0,13,0.0,"Condroflex Tangerina Pó para Solução Oral 30 Sachês de 4,135g",0,0,0,0,0
São João,Esgotado,299.0,12,0.0,Gargotricin Prevent Sabor Mel e Limão 12 Pastilhas,0,0,0,0,0
São João,Esgotado,299.0,13,0.0,"Gastrol 185mg + 231,5mg + 178mg 10 Pastilhas",0,0,0,0,0
São João,Disponível,299.0,15,7896112134213.0,Aminofilina 200mg Genérico Teuto 20 Comprimidos,"32,10","13,39",-58.3%,"13,39",-58.3%
São João,Disponível,299.0,13,7896422504652.0,Zinpass 20mg 60 Comprimidos Revestidos Medley,"183,70","149,79",-18.5%,"149,79",-18.5%
São João,Disponível,299.0,13,7891317425869.0,"Roxetin XR 12,5mg 30 Comprimidos Revestidos Supera (C1)","14,53","14,53",-0.0%,"14,53",-0.0%
São João,Disponível,299.0,12,7891317125455.0,Steaton 200mg 60 Cápsulas,"88,54","74,19",-16.2%,"74,19",-16.2%
São João,Disponível,299.0,12,7896004768212.0,Donepezila + Memantina 10 + 20mg 30 Comprimidos Genérico EMS (C1),"178,11","39,99",-77.5%,"39,99",-77.5%
São João,Esgotado,299.0,13,0.0,Aires 600mg 16env Momenta,0,0,0,0,0
São João,Disponível,299.0,13,7891106001946.0,Aspirina Bayer 500mg 10 Comprimidos,"24,17","22,29",-7.8%,"22,29",-7.8%
São João,Disponível,299.0,12,7896004701820.0,Diclofenaco Potássico 50mg Genérico EMS 10 Comprimidos Revestidos,"28,48","16,39",-42.5%,"16,39",-42.5%
São João,Disponível,299.0,12,7896523216812.0,"Saya Control 1,5mg 1 Comprimido DKT","19,90","19,90",-0.0%,"19,90",-0.0%
São João,Esgotado,299.0,14,0.0,Analgésico Nuromol 4 comprimidos - Ibuprofeno e Paracetamol,0,0,0,0,0
São João,Disponível,299.0,14,7891317412692.0,"Astro 900mg Suspensão Oral 22,5ml Eurofarma","57,34","52,19",-9.0%,"52,19",-9.0%
São João,Disponível,299.0,12,7896637022552.0,VeePi 750mg 60 Comprimidos Torrent (C1),"44,74","39,29",-12.2%,"39,29",-12.2%
São João,Disponível,299.0,12,7894916501408.0,Finastil Sigma Pharma 5mg 30 Comprimidos,"77,73","64,19",-17.4%,"64,19",-17.4%
São João,Esgotado,299.0,13,0.0,Oftane Colirio 15Ml Alcon,0,0,0,0,0
São João,Esgotado,299.0,12,0.0,Suplemento Alimentar Fixare Flex 120 Comprimidos,0,0,0,0,0
São João,Disponível,299.0,14,5702191025637.0,Azelan 30g Gel Leofarma,"83,36","75,39",-9.6%,"75,39",-9.6%
São João,Esgotado,299.0,12,0.0,Magnazia Abacaxi 153mg/200mg/25mg 30 Comprimidos,0,0,0,0,0
São João,Esgotado,299.0,12,0.0,HederaFlux 100ml Sabor Cereja Hertz,0,0,0,0,0
São João,Disponível,299.0,13,7897411650787.0,Benicar ODT 20mg 30 Comprimidos Sankyo,"83,42","66,74",-20.0%,"66,74",-20.0%
São João,Esgotado,299.0,14,0.0,Insulina Apidra Solostar 3Ml Sanofi,0,0,0,0,0
São João,Esgotado,299.0,12,0.0,Gynotran 750mg/200mg 7 Óvulos + 14 Dedeiras,0,0,0,0,0
São João,Esgotado,299.0,12,0.0,Bromelin Spray Solucão Oral 50ml,0,0,0,0,0
São João,Disponível,299.0,13,7891058001155.0,Novalgina 1G 10 Comprimidos Dipirona,"25,43","19,99",-21.4%,"19,99",-21.4%
São João,Disponível,299.0,12,7894916206860.0,Brasart BCC 320+5mg 60 Comprimidos Revestidos Sigma,"59,02","49,19",-16.7%,"49,19",-16.7%
São João,Disponível,299.0,14,7898133137358.0,Hidraplex Pó 4 Envelopes Uva Natulab,"21,90","21,90",-0.0%,"21,90",-0.0%
São João,Esgotado,299.0,15,0.0,Nisulid Disp 12 comprimidos,0,0,0,0,0
São João,Esgotado,299.0,13,0.0,Tramodon 100Mg 10Ml Gotas Cristalia (A2),0,0,0,0,0
São João,Esgotado,299.0,16,0.0,Colidis Solução Oral 10ml,0,0,0,0,0
São João,Disponível,299.0,14,7896422504652.0,Zinpass 20mg 30 Comprimidos Revestidos Medley,"183,70","149,79",-18.5%,"149,79",-18.5%
São João,Esgotado,299.0,13,0.0,Dexalgen Injetável 3 Ampolas 1ml + 3 Ampolas 2ml,0,0,0,0,0
São João,Disponível,299.0,13,7894916502641.0,Zitromax Pfizer 500mg 2 Comprimidos Revestidos,"45,40","40,09",-11.7%,"40,09",-11.7%
São João,Disponível,298.0,13,7896658030284.0,Montelair 5mg 30 Comprimidos Mast Aché,"124,93","103,59",-17.1%,"103,59",-17.1%
São João,Disponível,298.0,13,7896004700991.0,Claritromicina 500mg 14 Comprimidos Revisado Genérico Medley,"273,10","119,90",-56.1%,"119,90",-56.1%
São João,Disponível,298.0,16,7891317425869.0,Zinnat 500mg 20 Comprimidos Sandoz,"14,53","14,53",-0.0%,"14,53",-0.0%
São João,Disponível,298.0,14,7891317129781.0,Pietra Ed 2mg 90 Comprimidos Eurofarma,"249,06","199,89",-19.7%,"199,89",-19.7%
São João,Esgotado,298.0,13,0.0,"Advipro 11,6mg 60g Gel GSK",0,0,0,0,0
São João,Disponível,298.0,12,7896523227115.0,Doxazosina Genérico Sandoz 4mg 30 Comprimidos,"78,01","28,40",-63.6%,"28,40",-63.6%
São João,Esgotado,298.0,13,0.0,Gastrogel de Bolso Menta Solução Oral 10ml,0,0,0,0,0
São João,Esgotado,298.0,13,0.0,Blefos 120ml Higienizante Ocular,0,0,0,0,0
São João,Esgotado,298.0,13,0.0,Anador Opella 500mg 24 Comprimidos,0,0,0,0,0
São João,Esgotado,298.0,13,0.0,Analgésico Aspirina 500mg  Bayer 20 comprimidos,0,0,0,0,0
São João,Disponível,298.0,12,7896523227559.0,Finasterida 5mg 30 Comprimidos Revestidos Genérico Cimed,"126,13","32,49",-74.2%,"32,49",-74.2%
São João,Disponível,298.0,13,7896004713120.0,Levofloxacino 750mg 5 Comprimidos Revestidos Genérico Eurofarma,"117,58","59,90",-49.1%,"59,90",-49.1%
São João,Disponível,298.0,13,7896637023658.0,Lacto-Purga 5mg 16 Comprimidos Revestidos,"20,15","20,15",-0.0%,"20,15",-0.0%
São João,Disponível,298.0,13,7896637022903.0,Inibina 10Mg 20 Comprimidos Apsen,"25,86","25,86",-0.0%,"25,86",-0.0%
São João,Disponível,298.0,14,7896637023658.0,Dolamin 250mg 12 Comprimidos Revestidos FQM,"20,15","20,15",-0.0%,"20,15",-0.0%
São João,Disponível,298.0,15,7896004782768.0,Apixabana 5mg 60 Comprimidos Genérico Neo Química,"260,18","119,90",-53.9%,"119,90",-53.9%
São João,Disponível,298.0,13,7896004790152.0,Ondansetrona 4mg 10 Comprimidos Genérico Biolab,"30,73","14,90",-51.5%,"14,90",-51.5%
São João,Disponível,298.0,14,7891106904582.0,"Novanlo 2,5mg 90 Comprimidos Biolab","73,39","60,99",-16.9%,"60,99",-16.9%
São João,Disponível,298.0,13,7899420507410.0,Nimegon 100Mg 28 Comprimidos Revestidos Supera,"58,34","49,39",-15.3%,"49,39",-15.3%
São João,Esgotado,298.0,12,0.0,Primogyna 1mg 28 Drágeas Bayer,0,0,0,0,0
São João,Disponível,298.0,12,7897337716215.0,Belfaren 50mg 20 Comprimidos Revestidos,"61,04","41,50",-32.0%,"41,50",-32.0%
São João,Esgotado,298.0,12,0.0,Hemorroimed Pomada Almeida Prado 25g,0,0,0,0,0
São João,Esgotado,298.0,12,0.0,Novalgina 1G 4 Comprimidos Blister,0,0,0,0,0
São João,Disponível,298.0,12,7891317455040.0,Desve 50mg 60 Comprimidos Eurofarma (C1),"31,03","27,59",-11.1%,"27,59",-11.1%
São João,Esgotado,298.0,12,0.0,Creme Clobetasol 30g Genérico Neoquímica,0,0,0,0,0
São João,Esgotado,298.0,13,0.0,Preni Solução 3mg/ml 60ml Eurofarma,0,0,0,0,0
São João,Esgotado,298.0,14,0.0,Calcitran MDK 30 Comprimidos Mastigáveis Divcom,0,0,0,0,0
São João,Esgotado,298.0,12,0.0,Enomagno Leite de Magnésia Tradicional 120ml,0,0,0,0,0
São João,Disponível,298.0,12,7896637024723.0,Betaserc 24mg 60 Comprimidos,"65,65","65,65",-0.0%,"65,65",-0.0%
São João,Esgotado,298.0,13,0.0,"Exelon Patch 27mg/15cm (13,3mg) 30 Adesivos  (C1)",0,0,0,0,0
São João,Disponível,298.0,12,7896112486787.0,Aradois 50mg 60 Comprimidos Revestidos Biolab,"56,60","5,80",-89.8%,"5,80",-89.8%
São João,Disponível,298.0,12,7898569760458.0,Rosuvastatina 10mg 60 Comprimidos Revestidos Genérico Althaia,"60,68","19,90",-67.2%,"19,90",-67.2%
São João,Disponível,298.0,12,7896006213130.0,Lactulose Colact 120ml Frutas União Química,"22,90","21,29",-7.0%,"21,29",-7.0%
São João,Esgotado,297.0,13,0.0,Celestone 4mg 1x1ml Ampola Mantecorp Log d,0,0,0,0,0
São João,Esgotado,297.0,13,0.0,Risperdal Cellera 1mg 20 Comprimidos (C1),0,0,0,0,0
São João,Disponível,297.0,15,7896004718460.0,Clobetasol Creme Dermatológico Genérico EMS 30g,"32,18","15,69",-51.2%,"15,69",-51.2%
São João,Disponível,297.0,14,7895858005962.0,Indocid Aspen 50mg 30 Cápsulas,"55,10","48,29",-12.4%,"48,29",-12.4%
São João,Disponível,297.0,12,7891317425869.0,Sumaxpro 500mg/50mg 2 Comprimidos Revestidos,"14,53","14,53",-0.0%,"14,53",-0.0%
São João,Esgotado,297.0,12,0.0,Nitazoxanida 20mg/ml Pó para Suspensão 100ml Genérico Germed,0,0,0,0,0
São João,Disponível,297.0,12,7896004703596.0,"Tramadol + Paracetamol 37,5mg + 325mg 30 Comprimidos Genérico EMS (A2)","23,22","13,49",-41.9%,"13,49",-41.9%
São João,Disponível,297.0,14,7898074615212.0,Monuril Solução Oral Granulado Tangerina 2 Envelopes Zambon,"145,02","125,19",-13.7%,"125,19",-13.7%
São João,Disponível,297.0,13,7896112121282.0,Prometazina 25mg 20 Comprimidos Revestidos Genérico Teuto,"61,49","29,09",-52.7%,"29,09",-52.7%
São João,Disponível,297.0,12,7897460400357.0,Transamin Nikkho 250mg 12 Comprimidos,"85,35","73,89",-13.4%,"73,89",-13.4%
São João,Disponível,297.0,16,7896637022767.0,Doril Enxaqueca 8 Comprimidos Revestidos,"61,13","52,09",-14.8%,"52,09",-14.8%
São João,Esgotado,297.0,12,0.0,Biofenac Gel 60g Aché,0,0,0,0,0
São João,Disponível,297.0,13,7896523227108.0,Doxazosina Genérico Cimed 2mg 30 Comprimidos,"39,41","18,89",-52.1%,"18,89",-52.1%
São João,Esgotado,297.0,12,0.0,Flogoral Colutório Laranja 150ml,0,0,0,0,0
São João,Disponível,297.0,15,7896523220352.0,Fexofenadina Genérico Cimed 180mg 10 Comprimidos,"82,33","17,09",-79.2%,"17,09",-79.2%
São João,Disponível,297.0,13,7896004701035.0,Terbinafina Creme Genérico EMS 20g,"42,08","27,19",-35.4%,"27,19",-35.4%
São João,Disponível,297.0,15,7895296422024.0,Prednisona 20mg 10 Cápsulas Genérico Neo Química,"135,49","39,90",-70.6%,"39,90",-70.6%
São João,Disponível,297.0,14,7894916508933.0,Tenadren Sigma Pharma 40mg + 25mg 30 Comprimidos,"98,37","98,37",-0.0%,"98,37",-0.0%
São João,Esgotado,297.0,13,0.0,"Pulmicort 0,25mg 5 Frascos FQM",0,0,0,0,0
São João,Disponível,297.0,12,7896094209510.0,"Venzer HCT 8+12,5mg 30 Comprimidos Revestidos Libbs","156,27","109,39",-30.0%,"109,39",-30.0%
São João,Disponível,297.0,13,7891317010171.0,Bupropiona LP 300mg 30 Comprimidos Revestidos Genérico Eurofarma (C1),"188,81","132,19",-30.0%,"132,19",-30.0%
São João,Disponível,297.0,12,7891058020286.0,Enterogermina Probiótico Crianças e Adultos 5ml 20 Frascos,"49,00","39,99",-18.4%,"39,99",-18.4%
São João,Disponível,297.0,12,7896637023115.0,"Libiam 1,25mg 84 Comprimidos","29,28","26,89",-8.2%,"26,89",-8.2%
São João,Disponível,297.0,13,7891721016165.0,Calde MDK 2000 UI 30 Comprimidos Revestidos,"115,99","115,99",-0.0%,"115,99",-0.0%
São João,Disponível,297.0,13,7898430195792.0,Pealiv 600Mg Com 30 Comprimidos,"67,17","67,17",-0.0%,"67,17",-0.0%
São João,Esgotado,297.0,15,0.0,Epigel Gel 10g Bausch &amp; Lomb,0,0,0,0,0
São João,Disponível,297.0,13,7795320008821.0,Novacort Creme Dermatológico 30g,"50,17","44,69",-10.9%,"44,69",-10.9%
São João,Esgotado,297.0,13,0.0,"Bepantol Derma Creme Hidratante Multirrestaurador 20g, Pele Extrasseca",0,0,0,0,0
São João,Disponível,297.0,13,7891317177652.0,Pivast 2mg 30 Comprimidos Revestidos,"93,49","77,49",-17.1%,"77,49",-17.1%
São João,Disponível,297.0,13,7896523209647.0,Ciprofloxacino Genérico Cimed 500mg 14 Comprimidos Revestidos,"48,88","12,54",-74.3%,"12,54",-74.3%
São João,Disponível,296.0,13,7896094209015.0,Zetron XL 150mg 30 Comprimidos Liberação Prolongada Libbs (C1),"197,76","158,49",-19.9%,"158,49",-19.9%
São João,Disponível,296.0,15,7896004724102.0,Ison 10mg 30 Cápsulas Moles Genom (C2),"218,80","138,19",-36.8%,"138,19",-36.8%
São João,Disponível,296.0,14,7896658000379.0,Cipide 100mg 30 Comprimidos Aché,"34,57","30,49",-11.8%,"30,49",-11.8%
São João,Esgotado,296.0,12,0.0,Rexulti 2mg 30 Comprimidos Lundbeck (C1),0,0,0,0,0
São João,Disponível,296.0,12,7891317036966.0,Heimer 10mg 60 Comprimidos Revestidos Eurofarma (C1),"172,18","143,39",-16.7%,"143,39",-16.7%
São João,Disponível,296.0,13,7896641807381.0,Equitam Momenta 80mg 30 Comprimidos,"198,79","163,09",-18.0%,"163,09",-18.0%
São João,Disponível,296.0,12,7894916510004.0,"Benicar Triplo 40mg + 12,5mg + 5mg 30 Comprimidos","106,25","106,25",-0.0%,"106,25",-0.0%
São João,Disponível,296.0,13,7896004700564.0,Bromexina 120ml Infantil Genérico EMS,"26,98","25,59",-5.2%,"25,59",-5.2%
São João,Esgotado,296.0,12,0.0,Lisvenx 50mg 30 Cápsulas Torrent (A3),0,0,0,0,0
São João,Esgotado,296.0,13,0.0,Calmador Contradores Aerossol Efervescente 150ml,0,0,0,0,0
São João,Disponível,296.0,14,7891142981363.0,Predsim Mantecorp 20mg 10 Comprimidos,"39,94","36,49",-8.6%,"36,49",-8.6%
São João,Disponível,296.0,16,7891317125455.0,Ellura 200mg 30 Cápsulas,"88,54","74,19",-16.2%,"74,19",-16.2%
São João,Disponível,296.0,14,7896658001864.0,Artrosil 160mg 20 Cápsulas Aché,"81,99","68,89",-16.0%,"68,89",-16.0%
São João,Esgotado,296.0,14,0.0,Atrofem 2 Cápsulas Gel Hypera Pharma Avulso,0,0,0,0,0
São João,Disponível,296.0,14,7896112421498.0,Tapazol 10mg 100 Comprimidos Revestidos Biolab,"53,68","47,09",-12.3%,"47,09",-12.3%
São João,Disponível,296.0,12,7896637031943.0,Flexone 60 Comprimidos Revestidos Arese,"64,50","56,59",-12.3%,"56,59",-12.3%
São João,Disponível,296.0,12,7897076909121.0,Lamotrigina 25mg Genérico Ranbaxy 30 Comprimidos (C1),"152,39","152,39",-0.0%,"152,39",-0.0%
São João,Esgotado,296.0,12,0.0,Quepsia LP 50mg 30 Comprimidos Momenta (C1),0,0,0,0,0
São João,Esgotado,296.0,13,0.0,Coledue-R 10mg + 20mg 30 Cápsulas Dura,0,0,0,0,0
São João,Disponível,296.0,12,7896637026802.0,Lactosil 10 000FCC 30 Tabletes Dispersíveis,"57,63","57,63",-0.0%,"57,63",-0.0%
São João,Disponível,296.0,14,7896523207704.0,Loratadina 1mg/ml Genérico Prati Xarope 100ml,"37,96","8,15",-78.5%,"8,15",-78.5%
São João,Disponível,296.0,13,7891317455040.0,Riss 1mg 30 Comprimidos Eurofarma (C1),"31,03","27,59",-11.1%,"27,59",-11.1%
São João,Esgotado,296.0,13,0.0,Versa 80mg Injetável 2 Seringa Preenchidas Eurofarma,0,0,0,0,0
São João,Disponível,296.0,14,7896241293669.0,Venzer 16mg 30 Comprimidos,"39,75","29,79",-25.1%,"29,79",-25.1%
São João,Disponível,296.0,14,7891317177645.0,"Mercilon Organon 0,15mg + 0,02mg 21 Comprimidos","44,50","38,49",-13.5%,"38,49",-13.5%
São João,Esgotado,296.0,12,0.0,Kit Wegovy + Creatina,0,0,0,0,0
São João,Esgotado,296.0,13,0.0,Dorflex UNO Analgésico Contra Enxaqueca Dipirona 1g 10 Comprimidos Efervescentes,0,0,0,0,0
São João,Disponível,296.0,13,7896004715032.0,Doril 500mg/30mg 6 Comprimidos,"21,90","20,59",-6.0%,"20,59",-6.0%
São João,Esgotado,296.0,13,0.0,Cimegripe 10 Cápsulas,0,0,0,0,0
São João,Esgotado,296.0,14,0.0,Xarope Abrilar L Mentol 200ml FQM,0,0,0,0,0
São João,Esgotado,296.0,13,0.0,Floral Therapi 30ml Sete Chakras,0,0,0,0,0
São João,Esgotado,296.0,13,0.0,Engov After Citrus 250ml Hypera Pharma,0,0,0,0,0
São João,Disponível,295.0,13,7897595634795.0,Apixabana 5mg 60 Comprimidos Revestidos Genérico Sandoz,"188,41","99,90",-47.0%,"99,90",-47.0%
São João,Disponível,295.0,15,7896004782980.0,Levetiracetam 1000mg 30 Comprimidos Revestidos Genérico Torrent (C1),"266,35","99,90",-62.5%,"99,90",-62.5%
São João,Disponível,295.0,14,7891317425869.0,Waryz 30 Comprimidos Revestidos Cimed,"14,53","14,53",-0.0%,"14,53",-0.0%
São João,Esgotado,295.0,12,0.0,Resfedryl Sachê 5g Pharmascience Avulso,0,0,0,0,0
São João,Disponível,295.0,12,7891158101755.0,Divalproato de Sódio 500mg 30 Comprimidos Revestidos Genérico Ranbaxy (C1),"101,39","71,39",-29.6%,"71,39",-29.6%
São João,Esgotado,295.0,14,0.0,Pomada Dermatológica Proctfis H 20g + 10 Aplicadores,0,0,0,0,0
São João,Disponível,295.0,13,7896112421498.0,Vonau Flash 8mg 10 Comprimidos Biolab,"53,68","47,09",-12.3%,"47,09",-12.3%
São João,Disponível,295.0,12,7896422506649.0,Cetoprofeno Solução Oral Gotas 20ml Genérico Medley,"23,17","11,90",-48.6%,"11,90",-48.6%
São João,Disponível,295.0,13,7896094209022.0,Andes 100mg 30 Comprimidos Revestidos Liberação Prolongada Supera (C1),"248,63","198,90",-20.0%,"198,90",-20.0%
São João,Esgotado,295.0,13,0.0,"Lubrificante Oftálmico Carmelose Sódica 0,5% 15ml Aché",0,0,0,0,0
São João,Disponível,295.0,14,7896004703596.0,Paracetamol + Codeína 24 Comprimidos Genérico EMS (A2),"23,22","13,49",-41.9%,"13,49",-41.9%
São João,Disponível,295.0,14,7891317458867.0,Holmes 40mg 30 Comprimidos Revestidos Eurofarma,"909,92","199,90",-78.0%,"199,90",-78.0%
São João,Esgotado,295.0,14,0.0,Coristina D Congest 120ml,0,0,0,0,0
São João,Disponível,295.0,13,7891317412692.0,Novamox 2x Suspensão Oral 70ml,"57,34","52,19",-9.0%,"52,19",-9.0%
São João,Disponível,295.0,12,7896255713160.0,Femoston Conti Abbott 28 Comprimidos Revestidos,"66,77","53,42",-20.0%,"53,42",-20.0%
São João,Disponível,295.0,13,7894916515764.0,Epéz 10mg 30 Comprimidos Revestidos,"52,75","52,75",-0.0%,"52,75",-0.0%
São João,Disponível,295.0,14,7897595608161.0,Hemitartarato De Zolpidem 10mg Genérico Sandoz 30 Comprimidos Revestidos (B1),"94,93","29,90",-68.5%,"29,90",-68.5%
São João,Disponível,295.0,15,7896637023771.0,Labirin XR 48mg 30 Comprimidos Apsen,"34,15","34,15",-0.0%,"34,15",-0.0%
São João,Disponível,295.0,14,7894916508513.0,Concerta 36mg 30 Comprimidos Revestidos,"80,15","80,15",-0.0%,"80,15",-0.0%
São João,Disponível,295.0,13,7896658030208.0,Zetron XL 300mg 60 Comprimidos,"80,55","66,79",-17.1%,"66,79",-17.1%
São João,Esgotado,295.0,14,0.0,Funtly 250mg 14 Cápsulas Cristalia,0,0,0,0,0
São João,Disponível,295.0,13,7896094203044.0,"Diclin 2mg/0,035mg 21 Comprimidos Revestidos","229,49","160,64",-30.0%,"160,64",-30.0%
São João,Esgotado,295.0,14,0.0,"Rovamicina 1,5M Ui 16 Cápsulas Aventis",0,0,0,0,0
São João,Disponível,295.0,13,7896004701233.0,Dexametasona Solução Oral 120ml Genérico EMS,"22,83","21,59",-5.4%,"21,59",-5.4%
São João,Esgotado,295.0,12,0.0,Dimorf 10mg Solução 60ml Cristália (A1),0,0,0,0,0
São João,Esgotado,295.0,13,0.0,Perosteo KM 30 Tabletes Mastigáveis Eurofarma,0,0,0,0,0
São João,Disponível,295.0,14,7894916508506.0,Picbam 5mg 20 Comprimidos Revestidos Mantecorp,"68,82","68,82",-0.0%,"68,82",-0.0%
São João,Esgotado,295.0,14,0.0,Permetrina 50 mg/ml 60 ml Kaodine Geolab,0,0,0,0,0
São João,Esgotado,295.0,12,0.0,Arnica D3 50ml Weleda,0,0,0,0,0
São João,Disponível,294.0,13,7897595901323.0,Puran T4 75mcg 30 Comprimidos Sanofi,"21,98","19,59",-10.9%,"19,59",-10.9%
São João,Disponível,294.0,13,7894916502641.0,Concardio 10Mg 30 Comprimidos Revestidos Sigma Pharma,"45,40","40,09",-11.7%,"40,09",-11.7%
São João,Disponível,294.0,16,7891721201806.0,Valtrex GSK 500mg 10 Comprimidos,"11,81","8,49",-28.1%,"8,49",-28.1%
São João,Disponível,294.0,12,7896637023665.0,Etod 400mg 10 Comprimidos Revestidos Cristalia,"22,44","22,44",-0.0%,"22,44",-0.0%
São João,Disponível,294.0,13,7896422525206.0,Citrato De Sildenafila 50mg Genérico Medley 8 Comprimidos Revestidos,"82,31","18,90",-77.0%,"18,90",-77.0%
São João,Disponível,294.0,12,7891317038861.0,Dimesilato de Lisdexanfetamina 30mg 30 Cápsulas Genérico Eurofarma (A3),"314,28","179,90",-42.8%,"179,90",-42.8%
São João,Disponível,294.0,13,7891158101656.0,Tolrest Aché 75mg 30 Comprimidos Revestidos (C1),"145,18","145,18",-0.0%,"145,18",-0.0%
São João,Disponível,294.0,12,7896523227191.0,Neprazol 20mg 56 Cápsulas,"42,88","13,67",-68.1%,"13,67",-68.1%
São João,Disponível,294.0,13,7896658047992.0,Tolrest 100mg 60 Comprimidos Revestidos Aché (C1),"168,73","139,09",-17.6%,"139,09",-17.6%
São João,Esgotado,294.0,13,0.0,Betalor 5mg/50mg 30 Cápsulas Duras,0,0,0,0,0
São João,Esgotado,294.0,12,0.0,Flixotide Aerossol Solução Oral 120 Doses,0,0,0,0,0
São João,Disponível,294.0,13,7891317425869.0,Sosseg 260mg 20 Comprimidos Revestidos,"14,53","14,53",-0.0%,"14,53",-0.0%
São João,Esgotado,294.0,13,0.0,Narix Spray Nasal 50ml,0,0,0,0,0
São João,Esgotado,294.0,14,0.0,Noex 100mcg 100 Doses Eurofarma,0,0,0,0,0
São João,Disponível,294.0,13,7896658005305.0,Flogoral Spray Menta 30ml Aché,"42,28","39,19",-7.3%,"39,19",-7.3%
São João,Esgotado,294.0,12,0.0,Biomag 15mg 30 Cápsulas Aché (B2),0,0,0,0,0
São João,Esgotado,293.0,14,0.0,Pomada Kollagenase Com Cloranfenicol 30G Cristalia,0,0,0,0,0
São João,Disponível,293.0,12,7896004789873.0,Viverdal 2mg 30 Comprimidos Revestidos Genom (C1),"51,77","51,77",-0.0%,"51,77",-0.0%
São João,Disponível,293.0,13,7896004713120.0,Naproxeno 550mg 10 Comprimidos Revestidos Nexflen Legrand,"117,58","59,90",-49.1%,"59,90",-49.1%
São João,Disponível,293.0,13,7896006290216.0,Ganfort Solução Oftálmica 5ml,"47,65","40,79",-14.4%,"40,79",-14.4%
São João,Disponível,293.0,13,7896658008849.0,Dorilax DT 450+50+35mg 12 Comprimidos Aché,"33,99","30,09",-11.5%,"30,09",-11.5%
São João,Disponível,293.0,13,7896637029117.0,Prebictal 75mg 30 Cápsulas Gelatinosas Duras,"77,57","33,00",-57.5%,"33,00",-57.5%
São João,Esgotado,293.0,15,0.0,Bisolvon Xarope Expectorante Cloridrato de Bromexina 8mg/5ml Adulto 120ml,0,0,0,0,0
São João,Disponível,293.0,12,7896714274645.0,Pietra Ed 2mg 30 Comprimidos,"27,78","25,29",-9.0%,"25,29",-9.0%
São João,Esgotado,293.0,13,0.0,Plurair 50mcg 60 Doses Libbs,0,0,0,0,0
São João,Esgotado,293.0,12,0.0,Pomada Esperson N  20g Aventis,0,0,0,0,0
São João,Esgotado,293.0,15,0.0,Sedamed 30+300+30mg 10 Comprimidos Cimed,0,0,0,0,0
São João,Disponível,293.0,14,7896281152018.0,Artrodar TRB Pharma 50mg 30 Comprimidos,"251,12","198,00",-21.2%,"198,00",-21.2%
São João,Disponível,293.0,12,7897595635655.0,Sitagliptina 50mg 30 Comprimidos Revestidos Genérico Ranbaxy,"240,05","99,90",-58.4%,"99,90",-58.4%
São João,Esgotado,293.0,13,0.0,Rinosoro Alto Volume Infantil 15 Sachês + Frasco 120ml Farmasa,0,0,0,0,0
São João,Disponível,293.0,12,7891317177645.0,"Triquilar 0,05mg + 0,03mg 21 Comprimidos","44,50","38,49",-13.5%,"38,49",-13.5%
São João,Disponível,293.0,13,7896637022767.0,Azox 500mg 6 Comprimidos Revestidos Eurofarma,"61,13","52,09",-14.8%,"52,09",-14.8%
São João,Esgotado,293.0,13,0.0,Trileptal 6% suspensão 100ml Novartis (C1),0,0,0,0,0
São João,Disponível,293.0,12,7894916515764.0,Rohypnol 1mg 30 Comprimidos Revestidos,"52,75","52,75",-0.0%,"52,75",-0.0%
São João,Disponível,293.0,15,7897460401422.0,"Siblima 0,015mg/0,060mg 72 Comprimidos Revestidos","80,87","80,87",-0.0%,"80,87",-0.0%
São João,Esgotado,293.0,12,0.0,Candicort Pomada Aché 30g,0,0,0,0,0
São João,Disponível,293.0,13,7896004710679.0,Meloxicam 15mg 10 Cápsulas Genérico EMS,"41,71","18,59",-55.4%,"18,59",-55.4%
São João,Disponível,293.0,12,7896004703305.0,Anlodipino Genérico Medley 5mg 30 Comprimidos,"33,86","7,99",-76.4%,"7,99",-76.4%
São João,Disponível,293.0,12,7500435260541.0,Meritor 4+1000mg 30 Comprimidos Revestidos Aché,"74,62","64,29",-13.8%,"64,29",-13.8%
São João,Disponível,293.0,14,7894916510011.0,"Bramicar HCT 80mg+12,5mg 30 Comprimidos Sigma Pharma","106,25","106,25",-0.0%,"106,25",-0.0%
São João,Esgotado,293.0,12,0.0,Symbicort Suspensão Inalatória 120 Doses + Valvula Dosadora,0,0,0,0,0
São João,Esgotado,293.0,14,0.0,Vick Pyrena Grip-7 10 Cápsulas Procter,0,0,0,0,0
São João,Esgotado,293.0,12,0.0,Captopril 25mg 30 Cápsulas Genérico Neo Química,0,0,0,0,0
São João,Disponível,293.0,13,7896004700526.0,Enalapril Genérico EMS 5mg 30 Comprimidos,"26,28","10,99",-58.2%,"10,99",-58.2%
São João,Esgotado,293.0,13,0.0,Luftal 30ml Reckitt,0,0,0,0,0
São João,Disponível,293.0,16,7896637031509.0,Lipitor 80Mg 30 Comprimidos Upjohn,"72,96","72,96",-0.0%,"72,96",-0.0%
São João,Disponível,293.0,14,7896181906582.0,Oxcene 5mg 30 Comprimidos Biosintética,"23,78","7,43",-68.8%,"7,43",-68.8%
São João,Esgotado,292.0,14,0.0,Maxitrol Suspensão Oftamológica 5Ml Mundipharma,0,0,0,0,0
São João,Disponível,292.0,12,7896181920410.0,Labrea 5mg 30 Comprimidos Revestidos Cristália (C1),"14,94","5,70",-61.8%,"5,70",-61.8%
São João,Disponível,292.0,14,7891142981363.0,Predsim 40mg 10 Comprimidos Mantecorp,"39,94","36,49",-8.6%,"36,49",-8.6%
São João,Disponível,292.0,13,7896658030192.0,Prelone 5mg 10 Comprimidos Aché,"40,27","35,79",-11.1%,"35,79",-11.1%
São João,Esgotado,292.0,14,0.0,Flutivate Creme 15g GSK,0,0,0,0,0
São João,Disponível,292.0,13,7898569760496.0,Rosuvastatina Althaia Genérico 20mg 30 Comprimidos Revestidos,"88,12","23,90",-72.9%,"23,90",-72.9%
São João,Disponível,292.0,12,7896112110576.0,Propranolol Genérico Teuto 40mg 30 Comprimidos,"7,06","3,91",-44.6%,"3,91",-44.6%
São João,Disponível,292.0,12,7896112421498.0,Ecasil 81mg 90 Comprimidos Revestidos Biolab,"53,68","47,09",-12.3%,"47,09",-12.3%
São João,Disponível,292.0,13,7891045031493.0,Ecoxe 60mg 7 Comprimidos Revestidos Hypera Pharma (C1),"195,02","117,01",-40.0%,"117,01",-40.0%
São João,Disponível,292.0,12,7896004718446.0,Dipirona Solução Oral Genérico EMS 500mg/ml 10ml,"16,59","10,09",-39.2%,"10,09",-39.2%
São João,Disponível,292.0,13,7896112425328.0,Monessa 30 Cápsulas Biolab,"113,90","96,69",-15.1%,"96,69",-15.1%
São João,Disponível,292.0,14,7899095200586.0,"Claril 0,25mg/ml + 3mg/ml Solução Oftálmica 15ml","50,04","44,79",-10.5%,"44,79",-10.5%
São João,Disponível,292.0,13,7891317177645.0,"Triquilar 0,05mg + 0,03mg 63 Comprimidos","44,50","38,49",-13.5%,"38,49",-13.5%
São João,Disponível,292.0,15,7894916515764.0,Pinazan 100mg 30 Comprimidos Cristalia (C1),"52,75","52,75",-0.0%,"52,75",-0.0%
São João,Esgotado,292.0,14,0.0,Subtrax 100ml Eurofarma,0,0,0,0,0
São João,Disponível,292.0,13,7896112121145.0,Tramal 50mg 10 Cápsulas Grünenthal (A2),"37,51","19,90",-46.9%,"19,90",-46.9%
São João,Esgotado,292.0,14,0.0,Icaden Spray 1% 50Ml,0,0,0,0,0
São João,Disponível,292.0,12,7896637023658.0,Mirtax Aché 5mg 15 Comprimidos Revestidos,"20,15","20,15",-0.0%,"20,15",-0.0%
São João,Disponível,292.0,12,7891317129781.0,Totacef 500mg 14 Comprimidos Eurofarma,"249,06","199,89",-19.7%,"199,89",-19.7%
São João,Esgotado,292.0,13,0.0,"Minilax 714mg/g + 7,70mg/g Pediatrico 7 Bisnagas",0,0,0,0,0
São João,Esgotado,292.0,12,0.0,Oto-Xilodase Solução 8ml Apsen,0,0,0,0,0
São João,Disponível,292.0,15,7896637023658.0,Larc 500mg 14 Comprimidos Revestidos Momenta,"20,15","20,15",-0.0%,"20,15",-0.0%
São João,Esgotado,292.0,14,0.0,Ansiodoron Weleda 50ml,0,0,0,0,0
São João,Disponível,292.0,15,7896112134213.0,Cefalexina 500mg 10 Comprimidos Genérico EMS,"32,10","13,39",-58.3%,"13,39",-58.3%
São João,Esgotado,292.0,13,0.0,Analgésico Flanax 275mg Bayer com 20 comprimidos (embalagem econômica),0,0,0,0,0
São João,Disponível,292.0,14,7896422513951.0,Venlaxin XR 75mg 30 Cápsulas Eurofarma (C1),"105,77","35,99",-66.0%,"35,99",-66.0%
São João,Disponível,292.0,12,7896004762319.0,Gliclazida 60mg Genérico Pharlab 60 Comprimidos De Liberação Prolongada,"30,33","16,90",-44.3%,"16,90",-44.3%
São João,Esgotado,292.0,13,0.0,Arflex Retard 200mg 12 Cápsulas,0,0,0,0,0
São João,Disponível,292.0,13,7896523213989.0,Gliclazida Genérico Pharlab 30mg 60 Comprimidos,"16,01","2,99",-81.3%,"2,99",-81.3%
São João,Disponível,292.0,12,7896112126430.0,Nitazoxanida Genérico EMS Suspensão Oral 20mg/ml 100ml,"33,75","30,59",-9.4%,"30,59",-9.4%
São João,Esgotado,292.0,13,0.0,"Vacina Hepatite A/B AD/PED Twinrix Injetável 1 Seringa 0,5 GSK + Aplicação",0,0,0,0,0
São João,Esgotado,292.0,16,0.0,Xarope Hytos Plus 100ml União Química,0,0,0,0,0
São João,Disponível,292.0,14,7897595602206.0,Doxiciclina 100mg 20 Comprimidos Revestidos Genérico Pharlab,"72,20","39,89",-44.8%,"39,89",-44.8%
São João,Disponível,291.0,12,7896094210295.0,"Iumi 3mg/0,02mg 24 Comprimidos Revestidos","243,34","170,34",-30.0%,"170,34",-30.0%
São João,Esgotado,291.0,13,0.0,Salonpas Gel-Patch com 3 Unidades Hisamitsu,0,0,0,0,0
São João,Disponível,291.0,12,7891317482541.0,Bicalutamida 50mg 30 Comprimidos Revestidos Genérico Eurofarma,"1110,02","149,99",-86.5%,"149,99",-86.5%
São João,Disponível,291.0,12,8902220109520.0,Rosucor 20mg 100 Comprimidos Revestidos,"75,69","62,29",-17.7%,"62,29",-17.7%
São João,Esgotado,291.0,13,0.0,Nitazoxanida Suspensão Oral Genérico Eurofarma 20mg/ml 45ml,0,0,0,0,0
São João,Disponível,291.0,14,7897705202548.0,"Ozempic 0,25mg + 0,5mg com 6 Agulhas NovoFine 4mm","1284,04","1284,04",-0.0%,"1284,04",-0.0%
São João,Disponível,291.0,14,7896658038709.0,Pant Sec 50mg/ml Solução Capilar Frasco 50ml Refil Ache,"109,13","95,19",-12.8%,"95,19",-12.8%
São João,Esgotado,291.0,14,0.0,Gastrobion Gel Cereja 240ml,0,0,0,0,0
São João,Disponível,291.0,12,7896637023979.0,Loredon 100mg 30 Comprimidos Torrent (C1),"132,71","132,71",-0.0%,"132,71",-0.0%
São João,Disponível,291.0,14,7896523208473.0,Amoxicilina Suspensão Oral 250mg/5ml 150ml Genérico EMS,"29,54","12,29",-58.4%,"12,29",-58.4%
São João,Disponível,291.0,12,7891058005672.0,Ácido Mefenâmico 500mg Genérico Medley 12 Comprimidos,"68,04","44,90",-34.0%,"44,90",-34.0%
São João,Esgotado,291.0,13,0.0,Pomada Fitoscar 60mg/g 50g Apsen,0,0,0,0,0
São João,Disponível,291.0,13,7891317129781.0,Prysma 2mg 20 Comprimidos Eurofarma (B1),"249,06","199,89",-19.7%,"199,89",-19.7%
São João,Esgotado,291.0,13,0.0,Provance Mini 5 Sachês,0,0,0,0,0
São João,Esgotado,291.0,12,0.0,Valda Friends Canela 25g,0,0,0,0,0
São João,Esgotado,291.0,14,0.0,Seretide Spray 25mcg + 250mcg 120 Doses,0,0,0,0,0
São João,Disponível,291.0,12,7896637023979.0,Azilect 1mg 30 Comprimidos Teva (C1),"132,71","132,71",-0.0%,"132,71",-0.0%
São João,Esgotado,291.0,13,0.0,Atroveran Hot Adesivo,0,0,0,0,0
São João,Esgotado,291.0,13,0.0,Candicort Creme 30g Aché,0,0,0,0,0
São João,Disponível,291.0,14,7891317004330.0,Preni 40mg 7 Comprimidos Eurofarma,"45,34","29,90",-34.1%,"29,90",-34.1%
São João,Disponível,291.0,13,7894916502641.0,Linadib 5mg 30 Comprimidos Revestidos Sigma Pharma,"45,40","40,09",-11.7%,"40,09",-11.7%
São João,Esgotado,291.0,13,0.0,"Frontal XR Upjohn 0,5mg 30 Comprimidos (B1)",0,0,0,0,0
São João,Disponível,291.0,13,7891317455040.0,Zart H 100+25mg 30 Comprimidos Eurofarma,"31,03","27,59",-11.1%,"27,59",-11.1%
São João,Esgotado,291.0,13,0.0,Naldecon Febre Infantil 120ml Sabor Morango - Paracetamol 32mg/ml,0,0,0,0,0
São João,Disponível,291.0,12,7896658019036.0,Algie Momenta 150mg 10 Comprimidos,"60,18","50,79",-15.6%,"50,79",-15.6%
São João,Esgotado,291.0,14,0.0,"Esalerg 1,25mg/ml 20ml Gotas Aché",0,0,0,0,0
São João,Disponível,291.0,13,7891317177652.0,Primera 30Mcg 63 Comprimidos Revestidos,"93,49","77,49",-17.1%,"77,49",-17.1%
São João,Disponível,291.0,13,7891721016165.0,Janumet XR 50+500mg 60 Comprimidos Revestidos Merck,"115,99","115,99",-0.0%,"115,99",-0.0%
São João,Disponível,291.0,14,7896255713160.0,Laclev 9000Fcc 30 Comprimidos Abbott,"66,77","53,42",-20.0%,"53,42",-20.0%
São João,Esgotado,291.0,15,0.0,Engov Up Original 269ml,0,0,0,0,0
São João,Disponível,291.0,14,7896112486787.0,Bhena 5mg 30 Comprimidos Revestidos Biolab,"56,60","5,80",-89.8%,"5,80",-89.8%
São João,Disponível,291.0,12,7896637023979.0,Duepoli 500mg 60 Comprimido  Apsen (C1),"132,71","132,71",-0.0%,"132,71",-0.0%
São João,Esgotado,291.0,15,0.0,Bifilac Sii 30 Cápsulas,0,0,0,0,0
São João,Disponível,291.0,15,7896637023979.0,Mensyva 100mg 30 Comprimidos Ache (C1),"132,71","132,71",-0.0%,"132,71",-0.0%
São João,Disponível,290.0,13,7898216367634.0,Dimesilato de Lisdexanfetamina 70mg 30 Cápsulas Genérico Pharlab (A3),"367,49","254,90",-30.6%,"254,90",-30.6%
São João,Disponível,290.0,14,7896714205182.0,Cloridrato De Nebivolol 5mg Genérico Pharlab 60 Comprimidos,"6,86","4,99",-27.3%,"4,99",-27.3%
São João,Disponível,290.0,12,7896714274645.0,Percoide 40mg 7 Comprimidos Momenta,"27,78","25,29",-9.0%,"25,29",-9.0%
São João,Disponível,290.0,14,7894916206860.0,Sigma-Clav BD 875mg + 125mg 14 Comprimidos Revestidos Sigma,"59,02","49,19",-16.7%,"49,19",-16.7%
São João,Disponível,290.0,13,7891058061562.0,Malvatricin Spray 50ml,"44,80","44,80",-0.0%,"44,80",-0.0%
São João,Disponível,290.0,12,7896181922711.0,Nesta Diário 5mg 30 Comprimidos Biosintética,"65,29","26,09",-60.0%,"26,09",-60.0%
São João,Disponível,290.0,13,7896181901747.0,Cordarex 5mg 30 Comprimidos,"38,22","32,89",-13.9%,"32,89",-13.9%
São João,Esgotado,290.0,15,0.0,"Revange 37,5+325mg 30 Comprimidos Ache (A2)",0,0,0,0,0
São João,Esgotado,290.0,12,0.0,Velus Magnésio 30 Comprimidos,0,0,0,0,0
São João,Esgotado,290.0,12,0.0,Proctyl Pomada Takeda 3g com 10 Aplicadores,0,0,0,0,0
São João,Esgotado,290.0,14,0.0,Pomada Dermatológica Novacort 30g Ache,0,0,0,0,0
São João,Disponível,290.0,13,7898908753172.0,Pomada Dermatológico Traumeel S 50g,"93,99","75,19",-20.0%,"75,19",-20.0%
São João,Disponível,290.0,13,7896637022835.0,Miosan ODT 5mg 10 Comprimidos Orodispersíveis Apsen,"62,81","33,90",-46.0%,"33,90",-46.0%
São João,Esgotado,290.0,13,0.0,Foraseq 12mcg+400mcg 120 Cápsulas com Inalador Sandoz,0,0,0,0,0
São João,Disponível,290.0,13,7896112425328.0,Vonau Flash 4mg 30 Cápsulas Biolab,"113,90","96,69",-15.1%,"96,69",-15.1%
São João,Esgotado,290.0,14,0.0,Vurtuoso 10mg 30 Comprimidos Lundbeck (C1),0,0,0,0,0
São João,Disponível,290.0,12,7896112486787.0,Amplictil 25mg 20 Comprimidos Revestidos,"56,60","5,80",-89.8%,"5,80",-89.8%
São João,Disponível,290.0,12,7896004733234.0,Pioglitazona 15mg 15 Comprimidos Genérico EMS,"23,36","10,90",-53.3%,"10,90",-53.3%
São João,Disponível,290.0,15,7891106913966.0,Acetato de Clormadinona + Etinilestradiol 21 Comprimidos Revestidos Genérico Althaia,"42,26","37,49",-11.3%,"37,49",-11.3%
São João,Disponível,290.0,15,7896094210271.0,Olsar H 40mg+25mg 30 Comprimidos Revestidos Momenta,"76,95","65,19",-15.3%,"65,19",-15.3%
São João,Disponível,290.0,12,7897595901033.0,Puran T4 25mcg 30 Comprimidos Sanofi,"17,16","15,69",-8.6%,"15,69",-8.6%
São João,Disponível,290.0,15,7891317177652.0,Qlaira 26 + 2 Comprimidos Revestidos,"93,49","77,49",-17.1%,"77,49",-17.1%
São João,Disponível,290.0,13,7898049793310.0,Ivermectina Genérico Prati 4 Comprimidos 6 mg,"37,84","33,09",-12.6%,"33,09",-12.6%
São João,Disponível,290.0,14,7896637031516.0,Inzelm 20mg 60 Comprimidos,"131,36","131,36",-0.0%,"131,36",-0.0%
São João,Esgotado,290.0,14,0.0,"Colírio Xalatan 0,005% 2,5Ml Upjohn",0,0,0,0,0
São João,Disponível,290.0,12,7896004715032.0,"Diublok 50+12,5mg 30 Comprimidos Momenta","21,90","20,59",-6.0%,"20,59",-6.0%
São João,Disponível,290.0,13,7896004724102.0,Isotretinoína 20mg 30 Cápsulas Genérico EMS (C2),"218,80","138,19",-36.8%,"138,19",-36.8%
São João,Disponível,290.0,13,7896004747880.0,Celecoxibe 200mg 10 Cápsulas Genérico Eurofarma (C1),"52,64","26,99",-48.7%,"26,99",-48.7%
São João,Disponível,290.0,12,7896094928046.0,Osteotec 150mg 3 Comprimidos Revestidos Adium,"22,99","20,99",-8.7%,"20,99",-8.7%
São João,Disponível,290.0,12,7891317129781.0,Preni 5mg 20 Comprimidos Eurofarma,"249,06","199,89",-19.7%,"199,89",-19.7%
São João,Esgotado,290.0,12,0.0,Optocare UL Solução Oftálmica 10ml,0,0,0,0,0
São João,Esgotado,290.0,14,0.0,"Xarope Vick 200mg/12,5ml Mel 100ml",0,0,0,0,0
São João,Esgotado,290.0,14,0.0,Oseltamivir 45mg 10 Cápsulas Genérico Natcofarma,0,0,0,0,0
São João,Esgotado,290.0,14,0.0,Eparema Flaconete Laranja 10ml,0,0,0,0,0
São João,Disponível,290.0,13,7897076910950.0,Fexofenadina 120mg 10 Comprimidos Genérico Ranbaxy,"57,70","24,39",-57.7%,"24,39",-57.7%
São João,Esgotado,290.0,12,0.0,Apresolina 50mg 20 Drágeas Novartis,0,0,0,0,0
São João,Disponível,290.0,13,7896004711232.0,Gliclazida 30mg 30 Comprimidos Genérico EMS,"70,44","20,89",-70.3%,"20,89",-70.3%
São João,Esgotado,290.0,13,0.0,Arnica do Mato Gel Creme 65g Via Botanica,0,0,0,0,0
São João,Disponível,289.0,14,7896015518875.0,"Monax 0,5mcg Spray Nasal 120 doses","74,30","74,30",-0.0%,"74,30",-0.0%
São João,Esgotado,289.0,12,0.0,Alergomine 120ml Cimed,0,0,0,0,0
São João,Disponível,289.0,13,7896637025362.0,Pomada Dermatológica Tarfic 30g,"148,92","124,69",-16.3%,"124,69",-16.3%
São João,Disponível,289.0,12,7891317177645.0,"Primera 30 0,150mg/0,030mg 21 Comprimidos","44,50","38,49",-13.5%,"38,49",-13.5%
São João,Disponível,289.0,14,7891058020286.0,Enterogermina Probiótico Plus Crianças e Adultos 5ml 10 Frascos,"49,00","39,99",-18.4%,"39,99",-18.4%
São João,Esgotado,289.0,14,0.0,Lotar 5+50mg 30 Cápsulas Biosintética,0,0,0,0,0
São João,Esgotado,289.0,13,0.0,Rinidon 50ml Weleda,0,0,0,0,0
São João,Esgotado,289.0,12,0.0,Duoflam Injetável 12 Ampolas 1ml Supera,0,0,0,0,0
São João,Disponível,289.0,12,7896094914414.0,Estomazil 5g 6 Envelopes Efervescentes Sem Sabor Hypera Pharma,"3,43","2,89",-15.7%,"2,89",-15.7%
São João,Esgotado,289.0,12,0.0,Tepev 500mg 100 Cápsulas EMS,0,0,0,0,0
São João,Esgotado,289.0,12,0.0,Etoxin 50mg 120ml Apsen (C1),0,0,0,0,0
São João,Disponível,289.0,14,7896004705781.0,"Atelop 2,5mg 60 Comprimidos Germed","23,72","2,49",-89.5%,"2,49",-89.5%
São João,Disponível,289.0,12,7896016807251.0,Nexium 20Mg 28 Comprimidos Revestidos Astrazeneca,"177,06","141,65",-20.0%,"141,65",-20.0%
São João,Esgotado,289.0,13,0.0,Claritin 10mg 12 Comprimidos,0,0,0,0,0
São João,Disponível,289.0,14,7896637023658.0,Mobility Oscal D Opella 500mg + 1000UI 60 Comprimidos Revestidos,"20,15","20,15",-0.0%,"20,15",-0.0%
São João,Disponível,289.0,14,7897460401422.0,"Triplixam 5mg/1,25mg/5mg 30 Comprimidos Revestidos","80,87","80,87",-0.0%,"80,87",-0.0%
São João,Disponível,289.0,12,7896523212685.0,Nimesulida 12 Comprimidos Dispersíveis Genérico Cifarma,"25,22","5,69",-77.4%,"5,69",-77.4%
São João,Esgotado,289.0,14,0.0,Propomax Kids 30ml Própolis Tutti Frutti Apis Flora,0,0,0,0,0
São João,Esgotado,289.0,13,0.0,Beneflora 6 Envelopes,0,0,0,0,0
São João,Disponível,289.0,12,7894916372855.0,Artroflan 150mg 40 Comprimidos Revestidos Mantecorp,"1015,82","49,90",-95.1%,"49,90",-95.1%
São João,Esgotado,289.0,14,0.0,Salonpas Gel 20g,0,0,0,0,0
São João,Esgotado,289.0,12,0.0,Diprosone Creme 30g Mantecorp,0,0,0,0,0
São João,Esgotado,289.0,16,0.0,Lactosil 10000 FCC 30Saches Apsen,0,0,0,0,0
São João,Esgotado,289.0,13,0.0,"Vivencia Patch 15cm 27mg 13,3mg 30 Adesivos Aché (C1)",0,0,0,0,0
São João,Disponível,289.0,13,7896422504454.0,Neomicina + Bacitracina Pomada Genérico Medley 15g,"15,71","11,99",-23.7%,"11,99",-23.7%
São João,Esgotado,289.0,13,0.0,Fibra Alimentar Fibernorm 225g,0,0,0,0,0
São João,Disponível,289.0,13,7898216360741.0,Secnidazol 1000mg 4 Comprimidos Genérico Pharlab,"40,95","24,90",-39.2%,"24,90",-39.2%
São João,Disponível,289.0,12,7891721202810.0,Levotiroxina Sódica 88mcg Genérico Merck 30 Comprimidos,"13,02","13,02",-0.0%,"13,02",-0.0%
São João,Esgotado,289.0,12,0.0,Neosaldina Avulso 10 Drágeas,0,0,0,0,0
São João,Disponível,289.0,13,7898074614857.0,Alpes Xl 300mg 30 Comprimidos Supera (C1),"66,32","59,49",-10.3%,"59,49",-10.3%
São João,Esgotado,289.0,14,0.0,Minti 20mg/ml 45ml Momenta,0,0,0,0,0
São João,Esgotado,289.0,12,0.0,Strepsils Pastilhas Mel e Limão 24 Unidades Reckitt Benckiser,0,0,0,0,0
São João,Esgotado,289.0,12,0.0,"Allestra Conti 30 0,075+0,03mg 28 Drágeas Aché",0,0,0,0,0
São João,Disponível,289.0,13,7896112121145.0,Tramodon 50Mg 10 Cápsulas Cristalia (A2),"37,51","19,90",-46.9%,"19,90",-46.9%
São João,Disponível,289.0,14,7896241293669.0,Renitec Organon 10mg 30 Comprimidos,"39,75","29,79",-25.1%,"29,79",-25.1%
São João,Disponível,289.0,12,7896637031516.0,4Flex 60 Comprimidos,"131,36","131,36",-0.0%,"131,36",-0.0%
São João,Esgotado,288.0,14,0.0,Ondansetrona Biolab 4mg 30 Comprimidos Sabor Morango,0,0,0,0,0
São João,Esgotado,288.0,12,0.0,Pomada Clobetasol 30g Genérico Neoquímica,0,0,0,0,0
São João,Esgotado,288.0,14,0.0,Vensate LP 75mg 30 Cápsulas Cristália (C1),0,0,0,0,0
São João,Esgotado,288.0,15,0.0,Aloxidil 50mg/ml Sol Capi 60ml Com Válvula Theraskin,0,0,0,0,0
São João,Esgotado,288.0,12,0.0,Aquarela 1mg/ml 150ml + Ser Biosintética (C1),0,0,0,0,0
São João,Esgotado,288.0,13,0.0,Polaramine 6mg 12 Drágeas,0,0,0,0,0
São João,Disponível,288.0,12,7896004773339.0,Nortriptilina 75mg 30 Cápsulas Genérico Ranbaxy (C1),"110,08","36,90",-66.5%,"36,90",-66.5%
São João,Esgotado,288.0,15,0.0,Hidrali 500ml de Laranja,0,0,0,0,0
São João,Disponível,288.0,15,7891058005986.0,Pantoprazol Sódico Sesqui-Hidratado 20mg Genérico Medley 42 Comprimidos Revestidos,"108,98","40,09",-63.2%,"40,09",-63.2%
São João,Disponível,288.0,12,7896658030284.0,Vasogard 50mg 60 Comprimidos Aché,"124,93","103,59",-17.1%,"103,59",-17.1%
São João,Esgotado,288.0,12,0.0,Aspirina C Efervescente Sabor Limão 2 Comprimidos,0,0,0,0,0
São João,Disponível,288.0,12,7896714230504.0,Pomada Hemofiss 30g,"19,90","19,90",-0.0%,"19,90",-0.0%
São João,Esgotado,288.0,14,0.0,Florax Adt 5 Flaconetes Hebron,0,0,0,0,0
São João,Esgotado,288.0,13,0.0,Celestamine 20ml Gotas Mantecorp,0,0,0,0,0
São João,Esgotado,288.0,12,0.0,Nausilon B6 Solução Oral 20ml,0,0,0,0,0
São João,Disponível,288.0,13,7898029558809.0,"Tilestal 37,5+325Mg 10 Comprimidos Revestidos Myralis (A2)","100,61","81,09",-19.4%,"81,09",-19.4%
São João,Disponível,288.0,14,7896004754161.0,Metilfenidato Genérico EMS 10mg 30 Comprimidos (A3),"67,70","38,49",-43.1%,"38,49",-43.1%
São João,Disponível,288.0,12,7891142982100.0,Coristina D Congest 4 Comprimidos Hypera Pharma,"43,95","43,95",-0.0%,"43,95",-0.0%
São João,Esgotado,288.0,14,0.0,Silimalon 140 100+140Mg 30 Comprimidos Zydus,0,0,0,0,0
São João,Disponível,288.0,14,7896094210714.0,Naprix 5mg 90 Comprimidos Libbs,"185,74","148,59",-20.0%,"148,59",-20.0%
São João,Disponível,288.0,12,7899547510119.0,Betaistina 24mg 60 Comprimidos Genérico Prati-Donaduzzi,"35,98","19,90",-44.7%,"19,90",-44.7%
São João,Disponível,288.0,13,7891317465650.0,"Diclin 2mg/0,035mg 63 Comprimidos Revestidos","75,40","64,59",-14.3%,"64,59",-14.3%
São João,Disponível,288.0,14,7896094920453.0,Macrodantina 100mg 40 Cápsulas Hypermarcas,"24,26","22,29",-8.1%,"22,29",-8.1%
São João,Disponível,288.0,12,7896112492740.0,Triazol 150mg 4 Cápsulas Biolab,"38,17","33,99",-11.0%,"33,99",-11.0%
São João,Disponível,288.0,15,7896004794051.0,Diclofenaco Colestiramina 70mg 20 Cápsulas Genérico EMS,"264,50","160,34",-39.4%,"160,34",-39.4%
São João,Disponível,288.0,14,7896004791456.0,Risedronato de Sódio 150mg 1 Comprimido Revestido Genérico Althaia,"145,18","35,90",-75.3%,"35,90",-75.3%
São João,Esgotado,288.0,14,0.0,"Vacina Meningocócica ACWY Menveo Conj AD/PED Injetável 1 Frasco 0,5 ml GSK + Aplicação",0,0,0,0,0
São João,Esgotado,288.0,14,0.0,"Atropina 0,5% 5ml Allergan",0,0,0,0,0
São João,Disponível,288.0,13,7896637033992.0,Atentah 80mg 30 Cápsulas Apsen (C1),"261,99","212,89",-18.7%,"212,89",-18.7%
São João,Disponível,288.0,12,7896523200118.0,Valsartana 160mg 30 Comprimidos Revestidos Genérico Germed,"65,71","34,49",-47.5%,"34,49",-47.5%
São João,Esgotado,288.0,13,0.0,Digeplus 7mg/40mg/50mg 30 Cápsulas Duras,0,0,0,0,0
São João,Esgotado,288.0,14,0.0,Diprosone LC 30ml Mantecorp,0,0,0,0,0
São João,Esgotado,288.0,12,0.0,Endofer 50mg/ml 30ml Biolab,0,0,0,0,0
São João,Esgotado,288.0,13,0.0,Bivolet 5mg 30 Comprimidos Biolab,0,0,0,0,0
São João,Disponível,288.0,13,7896637023658.0,"Nesina Met 12,5+850Mg 60 Comprimidos Revestidos Takeda","20,15","20,15",-0.0%,"20,15",-0.0%
São João,Disponível,288.0,13,7896523207629.0,Aciclovir Pomada Genérico Cimed 10g,"31,90","10,35",-67.6%,"10,35",-67.6%
São João,Disponível,288.0,13,7896523227191.0,Omeprazol 20mg 56 Cápsulas Genérico Geolab,"42,88","13,67",-68.1%,"13,67",-68.1%
São João,Disponível,287.0,13,7896094209022.0,Zetron XL 300mg 30 Comprimidos Liberação Prolongada Libbs (C1),"248,63","198,90",-20.0%,"198,90",-20.0%
São João,Disponível,287.0,14,7896658015113.0,Lamitor CD 100mg 60 Comprimidos Torrent (C1),"217,88","198,49",-8.9%,"198,49",-8.9%
São João,Disponível,287.0,13,7896004715032.0,Tandene 125mg + 50mg + 300mg + 30mg 30 Comprimidos,"21,90","20,59",-6.0%,"20,59",-6.0%
São João,Disponível,287.0,14,7896226506142.0,Tamiflu 75Mg 10 Comprimidos,"383,83","321,89",-16.1%,"321,89",-16.1%
São João,Esgotado,287.0,13,0.0,20BI 5 Cápsulas Momenta Novo,0,0,0,0,0
São João,Disponível,287.0,13,7891317004330.0,Prednisolona 40mg 7 Comprimidos Revestidos Genérico Eurofarma,"45,34","29,90",-34.1%,"29,90",-34.1%
São João,Esgotado,287.0,12,0.0,Pomada Dermatológica Massageol 30g Neoquimica,0,0,0,0,0
São João,Esgotado,287.0,14,0.0,Artico 500+400mg 30 Cápsulas Eurofarma,0,0,0,0,0
São João,Disponível,287.0,16,7896094210271.0,"Molièri 30 3mg/0,03mg 21 Comprimidos Revestidos","76,95","65,19",-15.3%,"65,19",-15.3%
São João,Disponível,287.0,12,7897595626127.0,"Exforge HCT Valsartana 160mg + Hidroclorotiazida 12,5mg + Anlodipino 5mg 28 comprimidos","105,77","54,90",-48.1%,"54,90",-48.1%
São João,Disponível,287.0,14,7891058005665.0,Prednisona 20mg Genérico Neo Química 20 Comprimidos,"22,13","12,90",-41.7%,"12,90",-41.7%
São João,Disponível,287.0,14,7894916502641.0,Profloxacino 500mg 14 Comprimidos Revestidos Sigma Pharma,"45,40","40,09",-11.7%,"40,09",-11.7%
São João,Esgotado,287.0,14,0.0,"Anestalcon 0,5% 5ml Alcon (C1)",0,0,0,0,0
São João,Disponível,287.0,13,7891158101656.0,Klaricid Ud 500Mg 10 Comprimidos Abbott,"145,18","145,18",-0.0%,"145,18",-0.0%
São João,Esgotado,287.0,13,0.0,Palexis LP 200mg 30 Comprimidos Grunenthal (A1),0,0,0,0,0
São João,Disponível,287.0,14,7896112486787.0,Ablok 50mg 30 Comprimidos Biolab,"56,60","5,80",-89.8%,"5,80",-89.8%
São João,Disponível,287.0,13,7896523214627.0,Ciclobenzaprina 5mg 30 Comprimidos Revestidos Genérico Biosintética,"25,46","15,99",-37.2%,"15,99",-37.2%
São João,Disponível,287.0,13,7891268031706.0,Cloridrato de Propranolol 10mg 30 Comprimidos,"155,73","124,58",-20.0%,"124,58",-20.0%
São João,Esgotado,287.0,14,0.0,"Bimatoprosta 0,3mg/ml 5ml Genérico EMS",0,0,0,0,0
São João,Disponível,287.0,14,7896658030208.0,Toarip 30mg 30 Comprimidos Torrent (C1),"80,55","66,79",-17.1%,"66,79",-17.1%
São João,Disponível,287.0,15,7891317038861.0,Sibutramina 10mg 30 Cápsulas Genérico Eurofarma (B2),"314,28","179,90",-42.8%,"179,90",-42.8%
São João,Esgotado,287.0,12,0.0,Culturelle Junior 30 Comprimidos Mastigáveis Cellera,0,0,0,0,0
São João,Esgotado,287.0,13,0.0,Azox 20mg/ml Pó para Suspensão Oral 45ml,0,0,0,0,0
São João,Disponível,287.0,12,7896523200002.0,Valsartana 80mg 30 Comprimidos Revestidos Genérico Cimed,"66,33","24,49",-63.1%,"24,49",-63.1%
São João,Esgotado,287.0,12,0.0,Rinosoro Jet Infantil Solução Nasal 100ml,0,0,0,0,0
São João,Esgotado,287.0,12,0.0,Atrovent N 20mcg/200 Doses 10ml Boehringer,0,0,0,0,0
São João,Disponível,287.0,12,7897851220779.0,"Divelol 6,25mg 60 Comprimidos Baldacci","76,75","62,59",-18.4%,"62,59",-18.4%
São João,Disponível,287.0,13,7896523200118.0,Valsartana 160mg + 25mg 30 Comprimidos Revestidos Genérico Torrent,"65,71","34,49",-47.5%,"34,49",-47.5%
São João,Esgotado,287.0,13,0.0,Camilia 10 Frascos Boiron,0,0,0,0,0
São João,Disponível,287.0,14,7896658027130.0,Trezor 20mg 30 Comprimidos Revestidos Aché,"131,87","106,99",-18.9%,"106,99",-18.9%
São João,Disponível,286.0,12,7891317177652.0,Promensil 100mg 30 Comprimidos Revestidos,"93,49","77,49",-17.1%,"77,49",-17.1%
São João,Disponível,286.0,13,7896241293669.0,Vasopril Plus 10+25mg 60 Comprimidos Biolab,"39,75","29,79",-25.1%,"29,79",-25.1%
São João,Esgotado,286.0,12,0.0,Flagass 75mg/mL 1 frasco 10ml,0,0,0,0,0
São João,Disponível,286.0,12,7896422506755.0,Lisinopril 10mg 30 Comprimidos Genérico Medley,"64,09","34,90",-45.5%,"34,90",-45.5%
São João,Disponível,286.0,12,7896004711232.0,Glimepirida 4mg 30 Comprimidos Genérico EMS,"70,44","20,89",-70.3%,"20,89",-70.3%
São João,Disponível,286.0,12,7891317022662.0,Piemonte 10mg 30 Comprimidos Revestidos Eurofarma,"1015,82","89,50",-91.2%,"89,50",-91.2%
São João,Disponível,286.0,15,7891058005672.0,Ácido Mefenâmico 500mg Genérico Medley 24 Comprimidos,"68,04","44,90",-34.0%,"44,90",-34.0%
São João,Disponível,286.0,12,7896004715032.0,Enxak 1mg/350mg/100mg 12 Comprimidos,"21,90","20,59",-6.0%,"20,59",-6.0%
São João,Esgotado,286.0,15,0.0,Eparema Hortelã Solução Oral 200ml,0,0,0,0,0
São João,Disponível,286.0,12,7896004701035.0,Rifamicina Spray Dermatológico 20ml Genérico EMS,"42,08","27,19",-35.4%,"27,19",-35.4%
São João,Esgotado,286.0,12,0.0,Tresiba Flextouch 100U/ml 5 Ampolas Novo Nordisk,0,0,0,0,0
São João,Disponível,286.0,13,7897851220779.0,Divelol 25mg 60 Comprimidos Baldacci,"76,75","62,59",-18.4%,"62,59",-18.4%
São João,Esgotado,286.0,12,0.0,Lugano 12mcg/250mcg 60 Cápsulas Inalatórias,0,0,0,0,0
São João,Disponível,286.0,13,7897076918864.0,Axetil Cefuroxima 250mg 70ml Genérico Ranbaxy,"296,56","99,90",-66.3%,"99,90",-66.3%
São João,Disponível,286.0,15,7896523207803.0,Diclofenaco Dietilamonio Aero 60g Legrand,"20,70","10,59",-48.8%,"10,59",-48.8%
São João,Disponível,286.0,13,7896422507295.0,Baclofeno 10mg 20 Comprimidos Revestidos Genérico União Química,"45,22","30,59",-32.4%,"30,59",-32.4%
São João,Disponível,286.0,13,7899547510119.0,Betaistina Genérico Prati 16mg 60 Comprimidos,"35,98","19,90",-44.7%,"19,90",-44.7%
São João,Disponível,286.0,14,7897337716215.0,Benestare 625mg 30 Comprimidos Revestidos,"61,04","41,50",-32.0%,"41,50",-32.0%
São João,Esgotado,286.0,14,0.0,Buscofem 200mg 20ml,0,0,0,0,0
São João,Esgotado,286.0,13,0.0,Toperma 700mg 10 Emplastos,0,0,0,0,0
São João,Esgotado,286.0,13,0.0,Symbicort Turbuhaler Pó Inalante 60 Doses,0,0,0,0,0
São João,Disponível,286.0,12,7896206402853.0,Minergi 0750mg 30 Comprimidos de Liberação Prolongada Supera (C1),"41,87","31,39",-25.0%,"31,39",-25.0%
São João,Disponível,286.0,12,7896641802850.0,Nene-Dent Gel Hypera Pharma 10g,"26,84","23,59",-12.1%,"23,59",-12.1%
São João,Disponível,286.0,13,7896004703275.0,Cefadroxila 500mg 8 Cápsulas Genérico EMS,"69,83","58,39",-16.4%,"58,39",-16.4%
São João,Disponível,286.0,12,7896004750354.0,Olmesartana + Hidroclorotiazida 40mg + 25mg 30 Comprimidos Revestidos Genérico Eurofarma,"72,30","44,49",-38.5%,"44,49",-38.5%
São João,Disponível,286.0,15,7896004794068.0,Bupropiona 150mg 60 Comprimidos Genérico EMS (C1),"190,36","102,99",-45.9%,"102,99",-45.9%
São João,Esgotado,286.0,13,0.0,Ailuk 250mcg 200 Doses Glenmark,0,0,0,0,0
São João,Disponível,286.0,13,7896637023115.0,Naire 20mg 15 Comprimidos,"29,28","26,89",-8.2%,"26,89",-8.2%
São João,Esgotado,286.0,12,0.0,Zella 150mg 30g Gel Hypera,0,0,0,0,0
São João,Disponível,286.0,14,7896241293669.0,Zetsim 10+10mg 30 Comprimidos Supera,"39,75","29,79",-25.1%,"29,79",-25.1%
São João,Disponível,285.0,12,7896714213040.0,"Levanlodipino 2,5Mg 60 Comprimidos Genérico Neo Quimica","52,45","16,39",-68.8%,"16,39",-68.8%
São João,Disponível,285.0,15,7898569760267.0,Lamotrigina 50mg Genérico Althaia 30 Comprimidos (C1),"40,38","24,19",-40.1%,"24,19",-40.1%
São João,Esgotado,285.0,12,0.0,"Suprahyal Duo Injeção 1 Seringa Pré-enchida 2,5ml Adium",0,0,0,0,0
São João,Esgotado,285.0,12,0.0,Camomilina C 20 Comprimidos,0,0,0,0,0
São João,Esgotado,285.0,12,0.0,ByeBye-Fever Bebês 2 Unidades,0,0,0,0,0
São João,Disponível,285.0,13,7896261003996.0,Tilatil 20mg 10 Comprimidos Mylan,"36,99","21,17",-42.8%,"21,17",-42.8%
São João,Esgotado,285.0,12,0.0,Bromexina 120ml Infantil Genérico Globo,0,0,0,0,0
São João,Disponível,285.0,13,7896637022835.0,Bravan Duo 160+5mg 30 Comprimidos Revestidos Aché,"62,81","33,90",-46.0%,"33,90",-46.0%
São João,Disponível,285.0,12,7896026173018.0,Complexo Homeopático Almeida Prado 32 60 Comprimidos,"41,75","37,69",-9.7%,"37,69",-9.7%
São João,Esgotado,285.0,12,0.0,Citoneurin Complexo B 60 Cápsulas Procter,0,0,0,0,0
São João,Disponível,285.0,13,7891317425869.0,Vesomni 6mg 30 Comprimidos Revestidos,"14,53","14,53",-0.0%,"14,53",-0.0%
São João,Disponível,285.0,15,7896004728827.0,"Indapamida 1,5mg Genérico EMS 30 Comprimidos Revestidos","41,40","19,90",-51.9%,"19,90",-51.9%
São João,Disponível,285.0,14,7896637022569.0,VeePi 500mg 60 Comprimidos Torrent (C1),"74,30","62,29",-16.2%,"62,29",-16.2%
São João,Disponível,285.0,13,7897595605429.0,Atenolol 50mg 60 Comprimidos Revestidos Genérico Sandoz,"28,80","11,99",-58.4%,"11,99",-58.4%
São João,Disponível,285.0,12,7896015517045.0,Eno Guaraná Pó Efervescente 100g,"30,36","22,99",-24.3%,"22,99",-24.3%
São João,Esgotado,285.0,12,0.0,Emgality 120mg Injeção 1 Seringa Preenchida 1ml Libbs,0,0,0,0,0
São João,Disponível,285.0,12,7896422513951.0,Pregabalina 75mg 30 Cápsulas Genérico Medley (C1),"105,77","35,99",-66.0%,"35,99",-66.0%
São João,Disponível,285.0,13,7896016806247.0,Naldecon Noite 4 Comprimidos,"14,80","14,80",-0.0%,"14,80",-0.0%
São João,Disponível,285.0,12,7896004715971.0,Nimesulida Suspensão Oral Genérico EMS 50mg/15ml,"79,28","24,49",-69.1%,"24,49",-69.1%
São João,Disponível,285.0,13,7896637023658.0,"Atrace 37,5+325mg 10 Comprimidos Revestidos Momenta (A2)","20,15","20,15",-0.0%,"20,15",-0.0%
São João,Esgotado,285.0,13,0.0,Basaglar KwikPen 100UI/ml 5carp 3ml+5sis,0,0,0,0,0
São João,Disponível,285.0,12,7896004715971.0,Azitromicina 600mg 15ml Genérico EMS,"79,28","24,49",-69.1%,"24,49",-69.1%
São João,Esgotado,285.0,12,0.0,Fluir 12mcg 60 Cápsulas Inalatórias,0,0,0,0,0
São João,Esgotado,285.0,14,0.0,Pantogar Top LC Antiqueda 80ml Biolab,0,0,0,0,0
São João,Disponível,285.0,14,7891317458867.0,Holmes H 40+25mg 30 Comprimidos Revestidos Eurofarma,"909,92","199,90",-78.0%,"199,90",-78.0%
São João,Esgotado,285.0,13,0.0,Allegra Antialérgico Cloridrato de Fexofenadina 120mg 20 Comprimidos,0,0,0,0,0
São João,Disponível,284.0,12,7891721014239.0,Euthyrox 200mcg 50 Comprimidos Merck,"49,84","43,59",-12.5%,"43,59",-12.5%
São João,Disponível,284.0,13,7891317017378.0,Vascor MR 35mg 60 Comprimidos Revestidos Eurofarma,"80,69","42,09",-47.8%,"42,09",-47.8%
São João,Disponível,284.0,13,7896004703343.0,Fluconazol 150mg 2 Cápsulas Genérico EMS,"25,04","15,59",-37.7%,"15,59",-37.7%
São João,Disponível,284.0,15,7891142158130.0,Ezetrol 10mg 30 Comprimidos Organon,"25,88","22,89",-11.6%,"22,89",-11.6%
São João,Disponível,284.0,13,7896637022835.0,Levoxin 750mg 7 Comprimidos Revestidos Apsen,"62,81","33,90",-46.0%,"33,90",-46.0%
São João,Disponível,284.0,13,8902220109520.0,"Indapen SR 1,5mg 30 Comprimidos Revestidos Torrent","75,69","62,29",-17.7%,"62,29",-17.7%
São João,Disponível,284.0,14,7896181906582.0,Isossorbida 40mg 30 Comprimidos Genérico Biosintética,"23,78","7,43",-68.8%,"7,43",-68.8%
São João,Disponível,284.0,13,7896548197554.0,"Vigamox 5,45mg/ml Solução Oftálmica 5ml","52,63","46,79",-11.1%,"46,79",-11.1%
São João,Disponível,284.0,13,7896004720746.0,Amoxicilina + Clavulanato De Potássio 400mg 70ml Genérico Prati,"102,04","59,90",-41.3%,"59,90",-41.3%
São João,Esgotado,284.0,12,0.0,Novocilin 250Mg/5Ml 150Ml Ache,0,0,0,0,0
São João,Disponível,284.0,12,7896004746388.0,Venlafaxina 75mg Genérico EMS 30 Cápsulas De Liberação Prolongada (C1),"105,74","64,90",-38.6%,"64,90",-38.6%
São João,Disponível,284.0,13,7896004747637.0,Arpejo 15mg 30 Comprimidos EMS (C1),"434,87","174,90",-59.8%,"174,90",-59.8%
São João,Disponível,284.0,13,7894916206860.0,Sinvalip 10mg 30 Comprimidos Revestidos Sigma,"59,02","49,19",-16.7%,"49,19",-16.7%
São João,Disponível,284.0,13,7896004701172.0,Azitromicina 500mg 3 Comprimidos Genérico EMS,"186,35","99,90",-46.4%,"99,90",-46.4%
São João,Disponível,284.0,12,7897851220779.0,Divelol 25mg 30 Comprimidos Baldacci,"76,75","62,59",-18.4%,"62,59",-18.4%
São João,Disponível,284.0,14,7896658000379.0,Nautex 8mg 10 Comprimidos Aché,"34,57","30,49",-11.8%,"30,49",-11.8%
São João,Disponível,284.0,13,7896422515023.0,"Clonazepam 0,5mg Genérico Medley 30 Comprimidos (B1)","34,31","19,90",-42.0%,"19,90",-42.0%
São João,Disponível,284.0,14,7896112421498.0,Solly 5mg 30 Comprimidos Revestidos Biolab,"53,68","47,09",-12.3%,"47,09",-12.3%
São João,Esgotado,284.0,13,0.0,Clenil HFA 250 mcg Spray 200 Doses Chiesi,0,0,0,0,0
São João,Disponível,284.0,13,7896658005305.0,Ciflogex Mel Spray 30ml,"42,28","39,19",-7.3%,"39,19",-7.3%
São João,Disponível,284.0,13,7896523209845.0,Captopril 25mg 30 Comprimidos Genérico Medley,"15,48","1,99",-87.1%,"1,99",-87.1%
São João,Esgotado,284.0,14,0.0,"Targin 5+2,5mg 14 Comprimidos Mundipharma (A1)",0,0,0,0,0
São João,Esgotado,284.0,12,0.0,"Canabidiol 23,75mg/ml 10ml Greencare Pharma (B1)",0,0,0,0,0
São João,Disponível,284.0,12,7897460401422.0,Stilnox 10mg 20 Comprimidos Revestidos Sanofi (B1),"80,87","80,87",-0.0%,"80,87",-0.0%
São João,Esgotado,284.0,12,0.0,Sigma-Clav Bd 875/125mg 20 Comprimidos Sigma,0,0,0,0,0
São João,Disponível,284.0,12,7896181920410.0,Corus H 100+25Mg 30 Comprimidos Revestidos Ache,"14,94","5,70",-61.8%,"5,70",-61.8%
São João,Disponível,284.0,14,7894916508513.0,"Concárdio 2,5mg 100 Comprimidos Revestidos","80,15","80,15",-0.0%,"80,15",-0.0%
São João,Disponível,284.0,14,7896181906582.0,Furosemida 40mg 30 Comprimidos Genérico Biosintética,"23,78","7,43",-68.8%,"7,43",-68.8%
São João,Disponível,284.0,13,8902220109520.0,Rosucor 5mg 60 Comprimidos Revestidos Torrent,"75,69","62,29",-17.7%,"62,29",-17.7%
São João,Esgotado,284.0,13,0.0,Salsep Jet Kids Spray Nasal 100ml,0,0,0,0,0
São João,Esgotado,283.0,13,0.0,"Allestra 30 0,075+0,030mg 21 Drágeas Aché",0,0,0,0,0
São João,Esgotado,283.0,14,0.0,Cefaliv Aché 12 Comprimidos,0,0,0,0,0
São João,Disponível,283.0,12,7897595900654.0,Clorana 50mg 20 Comprimidos Sanofi,"48,88","48,88",-0.0%,"48,88",-0.0%
São João,Disponível,283.0,15,7896206402853.0,Selozok 25mg 60 Comprimidos Libbs Prolongado AstraZeneca,"41,87","31,39",-25.0%,"31,39",-25.0%
São João,Disponível,283.0,12,7896004710761.0,Sinvastatina 20mg 30 Comprimidos Revestidos Genérico EMS,"52,38","15,59",-70.2%,"15,59",-70.2%
São João,Disponível,283.0,13,7896004713137.0,Moxifloxacino 400mg 5 Comprimidos Revestidos Genérico EMS,"127,68","103,49",-18.9%,"103,49",-18.9%
São João,Esgotado,283.0,13,0.0,Maresis Spray Solucão Nasal 100ml,0,0,0,0,0
São João,Disponível,283.0,13,7896226506142.0,Tapazol Biolab 5mg 100 Comprimidos,"383,83","321,89",-16.1%,"321,89",-16.1%
São João,Disponível,283.0,12,7896637022552.0,Nebic 5mg 30 Comprimidos Germed,"44,74","39,29",-12.2%,"39,29",-12.2%
São João,Disponível,283.0,13,7891106914369.0,"Microvlar 0,15mg/0,03mg 63 Drágueas","29,86","25,89",-13.3%,"25,89",-13.3%
São João,Disponível,283.0,13,7896658030208.0,Dorene Tabs Aché 75mg 30 Comprimidos (C1),"80,55","66,79",-17.1%,"66,79",-17.1%
São João,Disponível,283.0,12,7896004712499.0,Renitec 20Mg 30 Comprimidos Organon,"54,07","24,90",-53.9%,"24,90",-53.9%
São João,Disponível,283.0,12,7896523215952.0,Atorvastatina 10mg Generico Cimed 30 Comprimidos Revestidos,"72,05","19,19",-73.4%,"19,19",-73.4%
São João,Disponível,283.0,13,7896523227184.0,Bromoprida 10mg 20 Cápsulas Genérico Medley,"29,69","10,99",-63.0%,"10,99",-63.0%
São João,Esgotado,283.0,12,0.0,Icaden Solução 30ml Leofarma,0,0,0,0,0
São João,Disponível,283.0,12,7891317010065.0,Helleva 80Mg 4 Comprimidos Supera,"45,72","38,59",-15.6%,"38,59",-15.6%
São João,Disponível,283.0,12,7896094206366.0,"Libiam Libbs 2,5mg 28 Comprimidos","84,02","69,49",-17.3%,"69,49",-17.3%
São João,Disponível,283.0,12,7896004704593.0,Amoxicilina Suspensão Oral Genérico Germed 400mg/5ml 100ml,"53,74","32,90",-38.8%,"32,90",-38.8%
São João,Disponível,283.0,14,7896422525466.0,Oxalato De Escitalopram 20mg Genérico Medley 30 Comprimidos Revestidos (C1),"124,50","59,90",-51.9%,"59,90",-51.9%
São João,Esgotado,283.0,12,0.0,Acheflan Creme 30g Aché,0,0,0,0,0
São João,Disponível,283.0,13,7896181906582.0,Vitalia Xr 48mg 30 Comprimidos Biosintética,"23,78","7,43",-68.8%,"7,43",-68.8%
São João,Disponível,283.0,12,7896241293669.0,Oxypynal 10mg 30 Comprimidos Adium (A1),"39,75","29,79",-25.1%,"29,79",-25.1%
São João,Disponível,283.0,14,7891010256401.0,Lipless 100mg 90 Comprimidos,"91,14","79,69",-12.6%,"79,69",-12.6%
São João,Disponível,283.0,13,7896004784342.0,Etodolaco 400mg 10 Comprimidos Revestidos Genérico Germed,"62,23","19,90",-68.0%,"19,90",-68.0%
São João,Disponível,283.0,14,7891721014130.0,Euthyrox 150mcg 50 Comprimidos Merck,"59,76","52,19",-12.7%,"52,19",-12.7%
São João,Disponível,283.0,12,7896637022767.0,Duekal 60 Comprimidos Revestidos Germed,"61,13","52,09",-14.8%,"52,09",-14.8%
São João,Disponível,283.0,13,7896641809026.0,Dual 60mg 30 Cápsulas Duras,"128,20","104,29",-18.7%,"104,29",-18.7%
São João,Esgotado,283.0,15,0.0,Vacina MMR II TrÍplice Viral C/DIL 1 Dose MSD + Aplicação,0,0,0,0,0
São João,Esgotado,283.0,12,0.0,Hepa-Merz 10 Envelopes de 5g Biolab Sanus,0,0,0,0,0
São João,Disponível,283.0,14,7896637022903.0,Unoprost 1mg 20 Comprimidos Apsen,"25,86","25,86",-0.0%,"25,86",-0.0%
São João,Disponível,283.0,15,7891058020286.0,Enterogermina Probiórico Plus Crianças e Adultos 5ml 5 Frascos,"49,00","39,99",-18.4%,"39,99",-18.4%
São João,Esgotado,283.0,13,0.0,"Belara Gedeon Richter 2mg + 0,03mg 21 Comprimidos",0,0,0,0,0
São João,Disponível,282.0,12,7891317177652.0,Esomex 20mg 28 Comprimidos Revestidos,"93,49","77,49",-17.1%,"77,49",-17.1%
São João,Disponível,282.0,14,7896714273006.0,Gelo-Bio Aerossol 150ml,"31,90","31,90",-0.0%,"31,90",-0.0%
São João,Disponível,282.0,13,7895296446228.0,Fexofenadina 6mg 150ml Genérico Nova Química,"91,38","29,90",-67.3%,"29,90",-67.3%
São João,Disponível,282.0,16,7896004700564.0,Ambroxol Infantil Genérico EMS 120ml,"26,98","25,59",-5.2%,"25,59",-5.2%
São João,Disponível,282.0,13,7891158101687.0,Infoc 150mg 30 Comprimidos Biosintética (C1),"279,50","279,50",-0.0%,"279,50",-0.0%
São João,Disponível,282.0,13,7896004762227.0,Azitromicina 500mg 5 Comprimidos Revestidos Genéricos EMS,"61,82","24,49",-60.4%,"24,49",-60.4%
São João,Disponível,282.0,14,7894916502641.0,Clabat 500mg 20 Comprimidos Revestidos Sigma Pharma,"45,40","40,09",-11.7%,"40,09",-11.7%
São João,Disponível,282.0,13,7896281152018.0,Cod Par 500mg+30mg 36 Comprimidos Supera (A2),"251,12","198,00",-21.2%,"198,00",-21.2%
São João,Disponível,282.0,13,7891317129781.0,Melocox ODT 15mg 10 Comprimidos Eurofarma,"249,06","199,89",-19.7%,"199,89",-19.7%
São João,Disponível,282.0,13,7896658000379.0,"Rubia 0,075mg 28 Comprimidos Aché","34,57","30,49",-11.8%,"30,49",-11.8%
São João,Disponível,282.0,15,7896004715032.0,Tandrilax 30mg/125mg/50mg/300mg 15 Comprimidos,"21,90","20,59",-6.0%,"20,59",-6.0%
São João,Disponível,282.0,12,7896004731308.0,"Carvedilol 12,5mg 30 Comprimidos Genérico EMS","70,08","22,99",-67.2%,"22,99",-67.2%
São João,Disponível,282.0,13,7896255717724.0,Movydia 200mg 30 Cápsulas Abbott,"40,84","35,29",-13.6%,"35,29",-13.6%
São João,Disponível,282.0,14,7896658047992.0,Acertil 5mg 60 Comprimidos Revestidos Servier,"168,73","139,09",-17.6%,"139,09",-17.6%
São João,Disponível,282.0,12,7896732600112.0,Olina 100Ml,"48,78","34,99",-28.3%,"34,99",-28.3%
São João,Disponível,282.0,13,7896004750330.0,"Olmesartana + HCT 20 + 12,5mg 30 Comprimidos Revestidos Genérico EMS","63,48","36,90",-41.9%,"36,90",-41.9%
São João,Disponível,282.0,12,7896523201573.0,Cetoconazol Creme Dermatológico 30g,"22,69","10,89",-52.0%,"10,89",-52.0%
São João,Disponível,282.0,12,7896637022552.0,Deller 50mg 30 Comprimidos,"44,74","39,29",-12.2%,"39,29",-12.2%
São João,Disponível,282.0,12,7896181901747.0,Corticorten 5mg 20 Comprimidos,"38,22","32,89",-13.9%,"32,89",-13.9%
São João,Disponível,282.0,14,7896637022552.0,Rizi 5Mg 30 Comprimidos Farmasa,"44,74","39,29",-12.2%,"39,29",-12.2%
São João,Disponível,282.0,12,7891158101687.0,Luvox 100mg 30 Comprimidos Abbott (C1),"279,50","279,50",-0.0%,"279,50",-0.0%
São João,Disponível,282.0,12,7896094203068.0,"Previane Legrand 0,075mg + 0,020mg 21 Comprimidos Revestidos","163,02","114,11",-30.0%,"114,11",-30.0%
São João,Disponível,282.0,13,7896004789873.0,Vast 20mg 30 Comprimidos Revestidos Eurofarma,"51,77","51,77",-0.0%,"51,77",-0.0%
São João,Disponível,282.0,15,7896004709123.0,"Atenolol + Clortalidona Genérico EMS 50mg + 12,5mg 60 Comprimidos","67,73","67,73",-0.0%,"67,73",-0.0%
São João,Esgotado,282.0,12,0.0,Arnica do Mato Extrato Composto 100ml As Ervas Curam,0,0,0,0,0
São João,Disponível,282.0,12,7896714274645.0,Artroflan 150mg 60 Comprimidos Mantecorp,"27,78","25,29",-9.0%,"25,29",-9.0%
São João,Disponível,282.0,13,7896004784083.0,Betaistina 16mg 30 Comprimidos Genérico Biosintética,"90,64","49,90",-44.9%,"49,90",-44.9%
São João,Disponível,282.0,12,7896112486787.0,Belspan Belfar 250mg + 10mg 20 Comprimidos Revestidos,"56,60","5,80",-89.8%,"5,80",-89.8%
São João,Disponível,282.0,12,7896004746388.0,"Quera 0,375mg 30 Cápsulas Liberação Prolongada Cristália (C1)","105,74","64,90",-38.6%,"64,90",-38.6%
São João,Disponível,282.0,12,7896637023658.0,"Revange 37,5 + 325mg 10 Comprimidos Revestidos Aché (A2)","20,15","20,15",-0.0%,"20,15",-0.0%
São João,Disponível,282.0,12,7898040321512.0,Claritin 10mg 6 Comprimidos,"79,37","68,19",-14.1%,"68,19",-14.1%
São João,Disponível,281.0,13,7897337716680.0,Sandrena Gel Organon 1g 28 Sachês,"93,59","63,64",-32.0%,"63,64",-32.0%
São João,Disponível,281.0,13,7896523215747.0,Albendazol 400mg Generico Cimed 1 Comprimido Mastigável,"9,05","5,85",-35.4%,"5,85",-35.4%
São João,Disponível,281.0,12,7898587901369.0,"Ajovy 225mg 1,5ml Seringa Pré-enchida Teva","3218,30","1279,90",-60.2%,"1279,90",-60.2%
São João,Esgotado,281.0,13,0.0,Xarope Melagrião 150 mL Catarinense,0,0,0,0,0
São João,Esgotado,281.0,13,0.0,Torval CR 300mg 60 Comprimidos Torrent (C1),0,0,0,0,0
São João,Disponível,281.0,12,7894916515832.0,Tamisa 20mcg 21 Comprimido Revestido,"69,88","69,88",-0.0%,"69,88",-0.0%
São João,Disponível,281.0,14,7896523213408.0,Levofloxacino 500mg Genérico Cimed 10 Comprimidos Revestidos,"93,61","39,90",-57.4%,"39,90",-57.4%
São João,Disponível,281.0,14,7896004713366.0,Acebrofilina Xarope Adulto 120ml Genérico EMS,"52,76","23,90",-54.7%,"23,90",-54.7%
São João,Disponível,281.0,14,8903855085234.0,"Venlift OD 37,5mg 30 Cápsulas Torrent (C1)","212,90","170,32",-20.0%,"170,32",-20.0%
São João,Esgotado,281.0,13,0.0,"Ablok Plus 50+12,5mg 60 Comprimidos Biolab",0,0,0,0,0
São João,Disponível,281.0,14,7896637022903.0,Inibina 10mg 30 Comprimidos Apsen,"25,86","25,86",-0.0%,"25,86",-0.0%
São João,Esgotado,281.0,13,0.0,Vyzulta Solução Oftálmica 5ml Bausch Lomb,0,0,0,0,0
São João,Disponível,281.0,13,7896637031943.0,Flancox 300mg 30 Comprimidos Revestidos Apsen,"64,50","56,59",-12.3%,"56,59",-12.3%
São João,Esgotado,281.0,13,0.0,Novacort Creme 10G Ache,0,0,0,0,0
São João,Esgotado,281.0,13,0.0,Predsim Gotas 20ml,0,0,0,0,0
São João,Disponível,281.0,13,7896637022569.0,Ebatz 2mg 30 Comprimidos,"74,30","62,29",-16.2%,"62,29",-16.2%
São João,Disponível,281.0,13,7896004708942.0,Espironolactona 25mg 30 Comprimidos Genérico Germed,"29,60","17,09",-42.3%,"17,09",-42.3%
São João,Disponível,281.0,13,7896004713922.0,"Losartana + Hidroclorotiazida 50mg + 12,5mg 30 Comprimidos Genérico Germed","70,73","32,49",-54.1%,"32,49",-54.1%
São João,Esgotado,281.0,14,0.0,Arnica Gel 30g Bisnaga Herbarium,0,0,0,0,0
São João,Disponível,281.0,12,7896658027130.0,Femina 150mcg+20mcg 21 Comprimidos Revestidos Aché,"131,87","106,99",-18.9%,"106,99",-18.9%
São João,Esgotado,281.0,13,0.0,"Jardiance Duo 12,5+850mg 60 comprimidos Boehringer",0,0,0,0,0
São João,Disponível,281.0,12,7894916508506.0,"Glucovance 500mg+2,5mg 30 Comprimidos Revestidos Merck","68,82","68,82",-0.0%,"68,82",-0.0%
São João,Disponível,281.0,13,7897705202586.0,Ozempic 1mg com 4 Agulhas NovoFine 4mm,"1284,04","1284,04",-0.0%,"1284,04",-0.0%
São João,Disponível,281.0,13,8902220109520.0,Iccor 10mg 30 Comprimidos Revestidos Torrent,"75,69","62,29",-17.7%,"62,29",-17.7%
São João,Esgotado,281.0,12,0.0,Pioletal Loção Dermatológica 60ml,0,0,0,0,0
São João,Esgotado,281.0,13,0.0,Plurair 50mcg 120 Doses Libbs,0,0,0,0,0
São João,Esgotado,281.0,14,0.0,Fosfomicina Trometamol 1 Envelope Granulado Genérico Pharmascience,0,0,0,0,0
São João,Esgotado,281.0,12,0.0,"Glanigan MT 0,3+0,5mg/ml 3ml Legrand",0,0,0,0,0
São João,Esgotado,281.0,14,0.0,Combigan 5Ml Allergan,0,0,0,0,0
São João,Disponível,281.0,13,7896637030007.0,Traturil 2 Envelopes Granulados Apsen,"66,38","46,90",-29.3%,"46,90",-29.3%
São João,Disponível,281.0,14,7896637023979.0,Neuleptil 10mg 20 Comprimidos Aventis (C1),"132,71","132,71",-0.0%,"132,71",-0.0%
São João,Disponível,281.0,14,7896112492740.0,Prazol 30mg 14 Cápsulas Cellera,"38,17","33,99",-11.0%,"33,99",-11.0%
São João,Esgotado,280.0,13,0.0,Ácido Valproico 250mg 25 Cápsulas Genérico Biolab (C1),0,0,0,0,0
São João,Disponível,280.0,12,7896004821610.0,Ondansetrona 8mg 10 Comprimidos Orodispersíveis Genérico Althaia,"30,73","14,90",-51.5%,"14,90",-51.5%
São João,Disponível,280.0,12,7896658000393.0,Voric 10mg 10 Comprimidos Eurofarma,"56,36","49,09",-12.9%,"49,09",-12.9%
São João,Disponível,280.0,14,7896004759593.0,Wellbutrin XL 150mg 30 Comprimidos Revestidos  GSK (C1),"217,62","59,90",-72.5%,"59,90",-72.5%
São João,Esgotado,280.0,13,0.0,Insulina Humulin N Ui100 2Ref 3Ml Lilly,0,0,0,0,0
São João,Disponível,280.0,12,7898074614857.0,Pasalix PI 500mg 30 Comprimidos,"66,32","59,49",-10.3%,"59,49",-10.3%
São João,Disponível,280.0,12,7896637031608.0,Lonium 40mg 60 Comprimidos Revestidos,"154,89","125,09",-19.2%,"125,09",-19.2%
São João,Disponível,280.0,13,7896004749624.0,Unitidazin 50mg 20 Comprimidos Revestidos Genom,"118,13","24,90",-78.9%,"24,90",-78.9%
São João,Disponível,280.0,16,7897595634986.0,Varfarina Sódica 5mg Genérico União Quimica 30 Comprimidos,"175,56","90,59",-48.4%,"90,59",-48.4%
São João,Disponível,280.0,12,7899547510119.0,Dicloridrato De Betaistina 16mg Genérico Prati 30 Comprimidos,"35,98","19,90",-44.7%,"19,90",-44.7%
São João,Disponível,280.0,14,7896016807800.0,Eliquis 5Mg 60 Comprimidos Revestidos Pfizer,"396,50","396,50",-0.0%,"396,50",-0.0%
São João,Disponível,280.0,13,7896004715032.0,Migraliv 1mg/100mg/350mg 12 Comprimidos,"21,90","20,59",-6.0%,"20,59",-6.0%
São João,Esgotado,280.0,13,0.0,Hirudoid 500 Gel 90g Sankyo,0,0,0,0,0
São João,Esgotado,280.0,12,0.0,Daflon Flex 1000mg 30 Envelopes Servier,0,0,0,0,0
São João,Disponível,280.0,12,7898605330690.0,Descon 12 Comprimidos Revestidos,"377,34","301,87",-20.0%,"301,87",-20.0%
São João,Disponível,280.0,12,7896523227528.0,Codex 500mg + 30mg 12 Comprimidos Genom (A2),"31,24","8,90",-71.5%,"8,90",-71.5%
São João,Disponível,280.0,12,7896658015106.0,Socian 50mg 20 Comprimidos Sanofi (C1),"126,62","102,53",-19.0%,"102,53",-19.0%
São João,Disponível,280.0,13,7896004747880.0,Celecoxibe 200mg 10 Cápsulas Genérico Teuto (C1),"52,64","26,99",-48.7%,"26,99",-48.7%
São João,Esgotado,280.0,12,0.0,Solaquin Creme Medquímica 4% 30g,0,0,0,0,0
São João,Disponível,280.0,13,7891317017378.0,Sinot Clav 875/125mg 20 Comprimidos Revestido Eurofarma,"80,69","42,09",-47.8%,"42,09",-47.8%
São João,Disponível,280.0,13,7891268107067.0,Tramal Retardado 100mg 10 Comprimidos Revestidos Liberação Prolongada Grünenthal (A2),"161,86","112,99",-30.2%,"112,99",-30.2%
São João,Disponível,280.0,13,7891317129781.0,"Zart H 50+12,5mg 30 Comprimidos Eurofarma","249,06","199,89",-19.7%,"199,89",-19.7%
São João,Disponível,280.0,12,7896637023979.0,Aglucose 100mg 30 Comprimidos EMS,"132,71","132,71",-0.0%,"132,71",-0.0%
São João,Disponível,280.0,14,7896006213130.0,Lactulose 120ml Lactulaxy Sem Sabor Airela,"22,90","21,29",-7.0%,"21,29",-7.0%
São João,Disponível,280.0,14,7896006290216.0,Laxime Solução Oftálmica 10ml,"47,65","40,79",-14.4%,"40,79",-14.4%
São João,Disponível,280.0,14,7896004731322.0,"Cardilol 12,5mg 60 Comprimidos Libbs","116,69","41,89",-64.1%,"41,89",-64.1%
São João,Disponível,280.0,12,7895296446211.0,"Desloratadina 0,5mg/ml Genérico Medley Xarope 60ml","54,77","19,90",-63.7%,"19,90",-63.7%
São João,Esgotado,280.0,13,0.0,Bronfeniramina + Cloridrato de Fenilefrina 12 Comprimidos Revestidos Genérico Neo Química,0,0,0,0,0
São João,Disponível,280.0,12,7896658047992.0,Traum Retard 100mg 10 Comprimidos Revestidos Aché (A2),"168,73","139,09",-17.6%,"139,09",-17.6%
São João,Disponível,280.0,14,7896004732633.0,Desvenlafaxina 50mg 60 Comprimidos De Liberação Prolongada Genérico Althaia (C1),"274,22","64,79",-76.4%,"64,79",-76.4%
São João,Esgotado,280.0,14,0.0,Efexor XR 75mg 30 Cápsulas Upjohn (C1),0,0,0,0,0
São João,Disponível,280.0,13,7896004711034.0,Espironolactona 50mg 30 Comprimidos Genérico EMS,"47,57","28,25",-40.6%,"28,25",-40.6%
São João,Disponível,280.0,15,8903855092805.0,Plenance EZE 20mg/10mg 30 Cápsulas,"104,70","84,09",-19.7%,"84,09",-19.7%
São João,Disponível,280.0,13,7896094916234.0,Lisador 500mg 8 Comprimidos Farmasa Env AV*,"45,44","45,44",-0.0%,"45,44",-0.0%
São João,Disponível,279.0,12,7896714205182.0,Cloridrato De Propranolol 10mg Genérico Medley 30 Comprimidos,"6,86","4,99",-27.3%,"4,99",-27.3%
São João,Esgotado,279.0,14,0.0,Contrave Cloridrato de Naltrexona 8mg + Cloridrato de Bupropiona 90mg 120 Comprimidos,0,0,0,0,0
São João,Disponível,279.0,14,7897595635655.0,Sitagliptina 100mg 30 Comprimidos Revestidos Genérico Ranbaxy,"240,05","99,90",-58.4%,"99,90",-58.4%
São João,Esgotado,279.0,12,0.0,Symbicort Spray FQM 6mcg + 200mcg 120 Doses,0,0,0,0,0
São João,Disponível,279.0,13,7899095237957.0,Olanzapina 5mg 30 Comprimidos Revestidos Genérico Geolab (C1),"230,01","74,90",-67.4%,"74,90",-67.4%
São João,Disponível,279.0,15,8902220109520.0,Olmecor 40mg 60 Comprimidos Revestidos Torrent,"75,69","62,29",-17.7%,"62,29",-17.7%
São João,Esgotado,279.0,12,0.0,Laxenol 100ml Natulab,0,0,0,0,0
São João,Disponível,279.0,13,7896006213130.0,Lactulose Colact 120ml Ameixa União Química,"22,90","21,29",-7.0%,"21,29",-7.0%
São João,Disponível,279.0,13,7891106914154.0,"Yaz 3mg + 0,02mg, caixa com 24 comprimidos revestidos + 4 comprimidos placebos?","115,41","92,39",-19.9%,"92,39",-19.9%
São João,Disponível,279.0,13,7896714294322.0,Neogermina 5ml 5 Frascos 4 Bilhões Neoquímica,"30,99","30,99",-0.0%,"30,99",-0.0%
São João,Disponível,279.0,12,7896004715032.0,Neolefrin Dia 800mg/20mg 20 Comprimidos,"21,90","20,59",-6.0%,"20,59",-6.0%
São João,Disponível,279.0,14,7891317177652.0,Level 100mcg/20mcg 63 Comprimidos Revestidos,"93,49","77,49",-17.1%,"77,49",-17.1%
São João,Disponível,279.0,12,7897411650787.0,Dozoito 100mg 30 Comprimidos Biolab,"83,42","66,74",-20.0%,"66,74",-20.0%
São João,Disponível,279.0,13,7894916501408.0,Proflox 500Mg 10 Comprimidos Sigma Pharma,"77,73","64,19",-17.4%,"64,19",-17.4%
São João,Disponível,279.0,12,7896181920410.0,Etira 500mg 30 Comprimidos Revestidos Aché (C1),"14,94","5,70",-61.8%,"5,70",-61.8%
São João,Disponível,279.0,14,7896261003996.0,Ritalina LA 30Mg 30 Comprimidos Novartis (A3),"36,99","21,17",-42.8%,"21,17",-42.8%
São João,Disponível,279.0,12,8902220109520.0,Rosucor 5mg 30 Comprimidos Revestidos Torrent,"75,69","62,29",-17.7%,"62,29",-17.7%
São João,Disponível,279.0,13,7899470807362.0,Dipirona 1g 10 Comprimidos Maxalgina Natulab,"15,90","9,90",-37.7%,"9,90",-37.7%
São João,Disponível,279.0,13,7896094210295.0,"Niki 3mg/0,02mg 24 Comprimidos Revestidos","243,34","170,34",-30.0%,"170,34",-30.0%
São João,Esgotado,279.0,12,0.0,Pomada Sensifemi 30g Biosintética,0,0,0,0,0
São João,Esgotado,279.0,12,0.0,Funchicórea Solução Oral 3g,0,0,0,0,0
São João,Disponível,279.0,12,7896004703596.0,Paracetamol + Codeína 12 Comprimidos Genérico EMS (A2),"23,22","13,49",-41.9%,"13,49",-41.9%
São João,Disponível,279.0,13,7896004703466.0,Finasterida 5mg 30 Comprimidos Revestidos Genérico EMS,"133,92","52,39",-60.9%,"52,39",-60.9%
São João,Disponível,279.0,12,7896422507400.0,Norfloxacino 400mg 14 Comprimidos Revestidos Genérico Medley,"53,93","29,90",-44.6%,"29,90",-44.6%
São João,Disponível,279.0,12,7891317455040.0,Voric 10mg 20 Comprimidos Eurofarma,"31,03","27,59",-11.1%,"27,59",-11.1%
São João,Disponível,279.0,13,7896637023658.0,Inspra 50mg 30 Comprimidos Revestidos Upjohn,"20,15","20,15",-0.0%,"20,15",-0.0%
São João,Disponível,279.0,12,7896637022569.0,Zyrtec GSK 10mg 12 Comprimidos,"74,30","62,29",-16.2%,"62,29",-16.2%
São João,Esgotado,279.0,12,0.0,Kit Ozempic + Creatina,0,0,0,0,0
São João,Disponível,279.0,15,7896181906582.0,"Olanexyn 2,5mg 30 Comprimidos Biosintética (C1)","23,78","7,43",-68.8%,"7,43",-68.8%
São João,Disponível,278.0,13,7896206402853.0,Selozok 50mg 60 Comprimidos Libbs Prolongado AstraZeneca,"41,87","31,39",-25.0%,"31,39",-25.0%
São João,Esgotado,278.0,12,0.0,Saxenda Solução Injetável 3 Carpules de 3ml + 3 Aplicadores,0,0,0,0,0
São João,Disponível,278.0,13,7896658029028.0,Leduo 30mg 30 Cápsulas Genom (C1),"165,33","135,39",-18.1%,"135,39",-18.1%
São João,Disponível,278.0,13,7891317458867.0,Lemont 10+5mg 14 Comprimidos Revestidos Eurofarma,"909,92","199,90",-78.0%,"199,90",-78.0%
São João,Disponível,278.0,14,7896658000379.0,Decadron 4mg 10 Comprimidos Aché,"34,57","30,49",-11.8%,"30,49",-11.8%
São João,Disponível,278.0,12,7891721014741.0,Janumet 50+500mg 56 Comprimidos Merck,"48,22","42,09",-12.7%,"42,09",-12.7%
São João,Disponível,278.0,13,7891317125455.0,Ison 20mg 30 Cápsulas Moles,"88,54","74,19",-16.2%,"74,19",-16.2%
São João,Disponível,278.0,12,7896637023665.0,Allegra 60mg 10 Comprimidos Revestidos,"22,44","22,44",-0.0%,"22,44",-0.0%
São João,Disponível,278.0,12,7896523201863.0,Dexclorfeniramina Creme Dermatológico 30g Genérico Cimed,"16,11","7,90",-51.0%,"7,90",-51.0%
São João,Disponível,278.0,12,7896523210742.0,Cetoconazol 200mg 30 Comprimidos Genérico Cimed,"94,84","30,29",-68.1%,"30,29",-68.1%
São João,Disponível,278.0,12,7896523216461.0,Ciflogex Cereja 3mg 12 Pastilhas,"16,90","15,59",-7.8%,"15,59",-7.8%
São João,Disponível,278.0,12,7898148299317.0,Ciclopirox Olamina 10mg/g Genérico Medley Creme Dermatológico 20g,"28,79","14,90",-48.2%,"14,90",-48.2%
São João,Disponível,278.0,13,7896015519292.0,Niquitin 21mg 7 Adesivos Transparente,"137,39","137,39",-0.0%,"137,39",-0.0%
São João,Disponível,278.0,13,7896004748214.0,Quetiapina 200mg 30 Comprimidos Revestidos Genérico EMS (C1),"59,87","15,10",-74.8%,"15,10",-74.8%
São João,Esgotado,278.0,13,0.0,Relvar Ellipta Pó Inalante 30 Doses,0,0,0,0,0
São João,Disponível,278.0,13,7896732601300.0,Dordente Hearst 3ml Flaconete Avulso,"2,40","2,40",-0.0%,"2,40",-0.0%
São João,Esgotado,278.0,12,0.0,Vênula 200mg 60 Cápsulas Gelatinosas,0,0,0,0,0
São João,Disponível,278.0,12,7891268107067.0,Tramal Retard 100mg 20 Comprimidos Revestidos Grünenthal (A2),"161,86","112,99",-30.2%,"112,99",-30.2%
São João,Disponível,278.0,15,7896637037617.0,Xafac 20mg Apsen 14 Comprimidos Revestidos,"152,08","152,08",-0.0%,"152,08",-0.0%
São João,Disponível,278.0,12,7891317036966.0,Bup XL 150mg 60 Comprimidos Revestidos Prolongada Eurofarma (C1),"172,18","143,39",-16.7%,"143,39",-16.7%
São João,Esgotado,278.0,12,0.0,Terza 250mg/5ml 100ml Eurofarma,0,0,0,0,0
São João,Disponível,278.0,13,7896004708492.0,Nitrazepan 5mg 20 Comprimidos Genéricos Germed (B1),"33,10","14,90",-55.0%,"14,90",-55.0%
São João,Disponível,278.0,14,7896637023771.0,Caltren 20mg 30 Comprimidos Libbs,"34,15","34,15",-0.0%,"34,15",-0.0%
São João,Disponível,278.0,14,7896255713160.0,Duphaston Abbott 10mg 28 Comprimidos Revestidos,"66,77","53,42",-20.0%,"53,42",-20.0%
São João,Disponível,278.0,12,7895296092111.0,"Cardilol 6,25mg 30 Comprimidos Libbs","60,51","60,51",-0.0%,"60,51",-0.0%
São João,Disponível,278.0,12,7896523201764.0,Unitidazin 100mg 20 Comprimidos Revestidos Genom,"193,45","25,49",-86.8%,"25,49",-86.8%
São João,Esgotado,278.0,12,0.0,Azi 900mg Suspensão Oral Sigma Pharma,0,0,0,0,0
São João,Disponível,278.0,13,7896523200286.0,Fumasil Orodispersível Divcom 300mg 60 Comprimidos,"173,61","89,90",-48.2%,"89,90",-48.2%
São João,Esgotado,278.0,13,0.0,Fusor 20mg/ml 15ml Biosintética (C1),0,0,0,0,0
São João,Esgotado,278.0,13,0.0,Pasurta 140mg/ml Inj 1Ser Preenchido 1ml Novartis,0,0,0,0,0
São João,Disponível,278.0,12,7897851220779.0,Pamelor 25mg 60 Comprimidos Cellera (C1),"76,75","62,59",-18.4%,"62,59",-18.4%
São João,Disponível,278.0,12,7896004719597.0,Amoxicilina + Clavulanato De Potássio 875mg 14 Comprimidos Revestidos Genérico Biosintética,"194,22","138,89",-28.5%,"138,89",-28.5%
São João,Disponível,278.0,12,7896004715032.0,"Acertalix 10mg+2,5mg 30 Comprimidos Servier","21,90","20,59",-6.0%,"20,59",-6.0%
São João,Esgotado,278.0,16,0.0,Hidralis Sais 45 4 Envelopes Framboesa Airela,0,0,0,0,0
São João,Disponível,277.0,16,7896004777801.0,Verapamil 80mg 30 Comprimidos Genérico Germed,"39,18","23,99",-38.8%,"23,99",-38.8%
São João,Disponível,277.0,13,7897595634986.0,Mirtazapina 30mg 28 Comprimidos Genérico Novartis (C1),"175,56","90,59",-48.4%,"90,59",-48.4%
São João,Disponível,277.0,12,7896658027130.0,Trezete 5+10mg 30 Comprimidos Revestidos Aché,"131,87","106,99",-18.9%,"106,99",-18.9%
São João,Disponível,277.0,12,7894916515764.0,Vynaxa 10 Mg 10 Comprimidos,"52,75","52,75",-0.0%,"52,75",-0.0%
São João,Disponível,277.0,15,7891045031493.0,Evortia 10mg 60 Comprimidos Revestidos Hypera (C1),"195,02","117,01",-40.0%,"117,01",-40.0%
São João,Disponível,277.0,12,7896004716176.0,Hidroclorotiazida 25mg Genérico Medley 30 Comprimidos,"9,94","1,25",-87.4%,"1,25",-87.4%
São João,Esgotado,277.0,12,0.0,Tylenol Dor e Febre 500mg 10 Comprimidos J&amp;J,0,0,0,0,0
São João,Disponível,277.0,13,7898430195808.0,Risperidon 3Mg 60 Comprimidos Supera (C1),"110,12","110,12",-0.0%,"110,12",-0.0%
São João,Disponível,277.0,13,7891058001155.0,Neosaldina Dip 1g 10 Comprimidos,"25,43","19,99",-21.4%,"19,99",-21.4%
São João,Disponível,277.0,15,7896004715032.0,Doril 500mg/30mg 20 Comprimidos,"21,90","20,59",-6.0%,"20,59",-6.0%
São João,Disponível,277.0,13,7896523207803.0,Diclofenaco Dietilamônio Gel Genérico Neo Química 60g,"20,70","10,59",-48.8%,"10,59",-48.8%
São João,Disponível,277.0,14,7896658008849.0,Levoid 150mcg 30 Comprimidos Aché,"33,99","30,09",-11.5%,"30,09",-11.5%
São João,Esgotado,277.0,13,0.0,Vonaugasmax 250mg 20 Cápsulas Biolab,0,0,0,0,0
São João,Disponível,277.0,14,7891317036966.0,Praiva 400mg 7 Comprimidos Revestidos Eurofarma,"172,18","143,39",-16.7%,"143,39",-16.7%
São João,Disponível,277.0,14,7896637022576.0,Xarope Retemic 1mg 120ml,"59,43","50,99",-14.2%,"50,99",-14.2%
São João,Disponível,277.0,12,7894916500746.0,Sinot Suspensão Oral 100ml,"116,57","97,79",-16.1%,"97,79",-16.1%
São João,Disponível,277.0,12,7896637022552.0,"Rexulti 0,5mg 30 Comprimidos Lundbeck (C1)","44,74","39,29",-12.2%,"39,29",-12.2%
São João,Disponível,277.0,12,7896112103851.0,Zolpidem 10mg 30 Comprimidos Revestidos Genérico Teuto (B1),"77,17","33,89",-56.1%,"33,89",-56.1%
São João,Disponível,277.0,14,7896112486787.0,Aradois H 100mg/25mg 90 Comprimidos Revestidos?,"56,60","5,80",-89.8%,"5,80",-89.8%
São João,Esgotado,277.0,12,0.0,Atesto 250mg/ml Sol Inj 1amp 4ml Supera (C5),0,0,0,0,0
São João,Disponível,277.0,14,7891317455040.0,Piemonte 10mg 60 Comprimidos Eurofarma,"31,03","27,59",-11.1%,"27,59",-11.1%
São João,Esgotado,277.0,13,0.0,Minti 20mg/ml 100ml Momenta,0,0,0,0,0
São João,Disponível,277.0,13,7896004713342.0,Acetilcisteína 600mg 16 Sachês Momentos,"82,29","32,90",-60.0%,"32,90",-60.0%
São João,Esgotado,277.0,13,0.0,Elixir Paregórico 30ml Catarinense,0,0,0,0,0
São João,Disponível,277.0,12,7896637022569.0,Tegretol 200mg 60 Comprimidos,"74,30","62,29",-16.2%,"62,29",-16.2%
São João,Disponível,277.0,13,7899095250888.0,Itraconazol 100mg 4 Cápsulas Genérico Geolab,"60,23","18,89",-68.6%,"18,89",-68.6%
São João,Disponível,277.0,12,7896658002120.0,Brondilat 120ml Adulto Aché,"48,37","43,69",-9.7%,"43,69",-9.7%
São João,Disponível,277.0,12,7891142982407.0,Oximax 400mcg 30 Cápsulas Mantecorp,"31,32","31,32",-0.0%,"31,32",-0.0%
São João,Disponível,277.0,13,7896004743745.0,Rosuvastatina 5mg 30 Comprimidos Revestidos Genérico EMS,"83,42","17,49",-79.0%,"17,49",-79.0%
São João,Disponível,277.0,13,7897595625137.0,Secnidazol 1 000mg Genérico Sandoz 4 Comprimidos,"43,14","24,49",-43.2%,"24,49",-43.2%
São João,Esgotado,277.0,13,0.0,"Olina 0,18mL/ml + 4mg/ml Essência de Vida 15ml 24 Flaconetes",0,0,0,0,0
São João,Esgotado,277.0,13,0.0,Daivobet Gel Dermatológico 30g,0,0,0,0,0
São João,Disponível,277.0,14,7891058002145.0,Rivaroxabana 15mg 30 Comprimidos Revestidos Genérico Medley,"190,87","190,87",-0.0%,"190,87",-0.0%
São João,Esgotado,277.0,12,0.0,Stilgrip Hertz 5g Antigripal,0,0,0,0,0
São João,Esgotado,276.0,12,0.0,Melhoral Infantil 85mg 8 Comprimidos Envelope Hypera Pharma,0,0,0,0,0
São João,Disponível,276.0,14,7896523218946.0,Ciprofibrato 100mg Genérico Cimed 30 Comprimidos,"37,82","21,57",-43.0%,"21,57",-43.0%
São João,Esgotado,276.0,13,0.0,DoutorSan Adesivo P 4 Unidades,0,0,0,0,0
São João,Esgotado,276.0,13,0.0,Menelat ODT 30mg 30 Comprimidos Torrent (C1),0,0,0,0,0
São João,Disponível,276.0,16,7896226102351.0,Relactagel Creme Vaginal 35g 7 Aplicadores Marjan,"103,71","103,71",-0.0%,"103,71",-0.0%
São João,Esgotado,276.0,12,0.0,Cataflam Sport Ice 120g GSK,0,0,0,0,0
São João,Esgotado,276.0,12,0.0,Drenogrip 120 Comprimido Belfar,0,0,0,0,0
São João,Esgotado,276.0,14,0.0,Cetorolaco Sublingual 10mg 20 Comprimidos Genérico União Química,0,0,0,0,0
São João,Disponível,276.0,13,7896004711034.0,Remeron Soltab Supera 30mg 30 Comprimidos (C1),"47,57","28,25",-40.6%,"28,25",-40.6%
São João,Disponível,276.0,13,7896004715292.0,Cisteil Infantil Xarope 120ml,"39,56","33,09",-16.4%,"33,09",-16.4%
São João,Esgotado,276.0,12,0.0,Lur 125mg 20 ml Biosintética,0,0,0,0,0
São João,Disponível,276.0,12,7896083400935.0,Sinustrat Spray Nasal 30ml,"64,40","51,52",-20.0%,"51,52",-20.0%
São João,Disponível,276.0,12,7896026173018.0,Complexo Homeopático Almeida Prado 03 60 Comprimidos,"41,75","37,69",-9.7%,"37,69",-9.7%
São João,Esgotado,276.0,13,0.0,Ambroxol Adulto Genérico EMS 120ml,0,0,0,0,0
São João,Esgotado,276.0,14,0.0,Blumel Imune Kids 30 Gomas Hypera Pharma,0,0,0,0,0
São João,Disponível,276.0,13,7891721016165.0,Clinfar Merck 10mg 30 Comprimidos Revestidos,"115,99","115,99",-0.0%,"115,99",-0.0%
São João,Esgotado,276.0,12,0.0,Restiva 10mg 2 Adesivos Transdérmicos Mundipharma (A1),0,0,0,0,0
São João,Disponível,276.0,12,7896523208404.0,Nevralgex 300mg + 50mg + 35mg 60 comprimidos Cimed,"15,90","11,69",-26.5%,"11,69",-26.5%
São João,Disponível,276.0,14,7896009498459.0,Advil 400mg 8 Cápsulas Moles,"50,80","33,00",-35.0%,"33,00",-35.0%
São João,Disponível,276.0,12,7894916501408.0,"Deflaimmun 7,5mg 20 Comprimidos Sigma Pharma","77,73","64,19",-17.4%,"64,19",-17.4%
São João,Esgotado,276.0,13,0.0,Deocil SL 10 mg 20 comprimidos Diffucap,0,0,0,0,0
São João,Esgotado,276.0,13,0.0,Tramal Gotas Grünenthal 100mg/ml 10ml (A2),0,0,0,0,0
São João,Esgotado,276.0,12,0.0,Trealens 120ml + 360ml Lebon,0,0,0,0,0
São João,Disponível,276.0,14,7891721022845.0,Flexive CDM Creme Dermatológico 25g,"93,61","79,59",-15.0%,"79,59",-15.0%
São João,Esgotado,276.0,13,0.0,Epocler Solução Oral 6 Flaconetes de 10ml,0,0,0,0,0
São João,Disponível,276.0,12,7898049793310.0,Metformina 500mg 30 Comprimidos Genérico Vitamedic,"37,84","33,09",-12.6%,"33,09",-12.6%
São João,Esgotado,276.0,13,0.0,Promind Triptofano+Melatonina 60 Comprimidos Revestidos Myralis,0,0,0,0,0
São João,Esgotado,276.0,12,0.0,Tiorfan Pó para Solução Oral 18 Sachês de 1g,0,0,0,0,0
São João,Disponível,276.0,13,7896004731261.0,"Carvedilol 3,125mg 30 Comprimidos Genérico EMS","52,05","19,90",-61.8%,"19,90",-61.8%
São João,Disponível,276.0,12,7896658027130.0,Bravan HCT 160mg+25mg 30 Comprimidos Revestidos Aché,"131,87","106,99",-18.9%,"106,99",-18.9%
São João,Disponível,276.0,14,7896658002120.0,Brondilat 120ml Infantil Aché,"48,37","43,69",-9.7%,"43,69",-9.7%
São João,Disponível,276.0,14,7891317425869.0,"Tantin 0,060mg/0,015mg 84 Comprimidos Revestidos","14,53","14,53",-0.0%,"14,53",-0.0%
São João,Disponível,276.0,12,7795320008821.0,Polaramine Creme Dermatológico 30g,"50,17","44,69",-10.9%,"44,69",-10.9%
São João,Esgotado,276.0,13,0.0,Florax Hydra45 500ml Guaraná Hebron,0,0,0,0,0
São João,Disponível,276.0,14,7896523216034.0,Atorvastatina 20mg 30 Comprimidos Revestidos Genérico Cimed,"72,05","20,49",-71.6%,"20,49",-71.6%
São João,Esgotado,276.0,12,0.0,Foldan Pomada União Química 45g,0,0,0,0,0
São João,Esgotado,276.0,12,0.0,Bivolet 5mg 90 Comprimidos Biolab,0,0,0,0,0
São João,Disponível,275.0,17,7891058005986.0,Pantoprazol Genérico Medley 40mg 28 Comprimidos Revestidos,"108,98","40,09",-63.2%,"40,09",-63.2%
São João,Esgotado,275.0,14,0.0,Picoprep Pó para Solução Oral 2 Sachês de 12g,0,0,0,0,0
São João,Esgotado,275.0,12,0.0,Floral Kids Therapi 30ml Tranquilito,0,0,0,0,0
São João,Esgotado,275.0,12,0.0,Frontal 2mg 30 Comprimidos Pfizer (B1),0,0,0,0,0
São João,Disponível,275.0,12,7898605330690.0,Entresto 24mg/26mg 28 Comprimidos Revestidos,"377,34","301,87",-20.0%,"301,87",-20.0%
São João,Esgotado,275.0,13,0.0,Pergo Solução Oral 120ml,0,0,0,0,0
São João,Esgotado,275.0,12,0.0,Aquarela 10mg 30 Comprimido Biosintética (C1),0,0,0,0,0
São João,Disponível,275.0,12,7896112486787.0,Aradois Biolab 100mg 30 Comprimidos Revestidos,"56,60","5,80",-89.8%,"5,80",-89.8%
São João,Disponível,275.0,14,7896004758268.0,Budesonida 32mcg 120 Doses Genérico EMS,"30,10","25,89",-14.0%,"25,89",-14.0%
São João,Disponível,275.0,12,7896004700564.0,Bromexina 120ml Infantil Genérico Pharlab,"26,98","25,59",-5.2%,"25,59",-5.2%
São João,Esgotado,275.0,13,0.0,Broncho-Vaxom 7mg 10 Cápsulas,0,0,0,0,0
São João,Disponível,275.0,12,7896637029117.0,Prebictal 50mg 30 Cápsulas Gelatinosas Duras,"77,57","33,00",-57.5%,"33,00",-57.5%
São João,Disponível,275.0,12,7894916372770.0,Loratadina + Pseudoefedrina Xarope 60ml Genérico EMS,"46,40","21,89",-52.8%,"21,89",-52.8%
São João,Disponível,275.0,13,7898590870331.0,Isotretinoína 20mg 30 Cápsulas Genérico Althaia (C2),"120,55","79,90",-33.7%,"79,90",-33.7%
São João,Disponível,275.0,13,7896658030208.0,Menelat 30mg 30 Comprimidos Torrent (C1),"80,55","66,79",-17.1%,"66,79",-17.1%
São João,Disponível,275.0,12,7896004712543.0,Diazepam 10mg 30 Comprimidos Genérico Germed (B1),"54,07","14,90",-72.4%,"14,90",-72.4%
São João,Disponível,275.0,12,7896004724102.0,Sibutramina 15mg 30 Cápsulas Genérico EMS (B2),"218,80","138,19",-36.8%,"138,19",-36.8%
São João,Disponível,275.0,14,7896094208674.0,"Diminut 0,075mg/0,02mg 63 Comprimidos Revestidos","182,45","127,72",-30.0%,"127,72",-30.0%
São João,Esgotado,275.0,12,0.0,Alginac 5000 3 Ampolas Injetável Procter,0,0,0,0,0
São João,Disponível,275.0,14,7897851250394.0,Monocordil 40mg 30 Comprimidos Baldacci,"20,76","12,90",-37.9%,"12,90",-37.9%
São João,Disponível,275.0,14,7891158101656.0,Depakote 500mg 30 Comprimidos Abbott (C1),"145,18","145,18",-0.0%,"145,18",-0.0%
São João,Disponível,275.0,14,7896637023580.0,Dep 60mg 30 Cápsulas Eurofarma (C1),"167,16","135,29",-19.1%,"135,29",-19.1%
São João,Esgotado,275.0,14,0.0,Dermomax 4% 30g Creme Ache,0,0,0,0,0
São João,Esgotado,275.0,13,0.0,Sabonete Íntimo em Gel Gino-Canesten® Calm Kit Promocional — 2 unidades com 50% de desc. na segunda,0,0,0,0,0
São João,Disponível,275.0,13,7896094916234.0,Lisador Dip 1g 20 Comprimidos,"45,44","45,44",-0.0%,"45,44",-0.0%
São João,Esgotado,275.0,13,0.0,Gargotricin Spray 35ml Extra Forte Prevent Pharma,0,0,0,0,0
São João,Disponível,275.0,13,7897411650787.0,"Benicar Triplo 20mg/12,5mg/5mg 30 Comprimidos","83,42","66,74",-20.0%,"66,74",-20.0%
São João,Disponível,275.0,13,7891317425869.0,Xarelto 15mg 14 Comprimidos Revestidos Bayer,"14,53","14,53",-0.0%,"14,53",-0.0%
São João,Disponível,275.0,13,7897851250394.0,Posicor 10mg 30 Comprimidos Biolab,"20,76","12,90",-37.9%,"12,90",-37.9%
São João,Disponível,275.0,13,7891317425869.0,Trayenta 5mg 30 Comprimidos Revestidos,"14,53","14,53",-0.0%,"14,53",-0.0%
São João,Esgotado,274.0,12,0.0,"Artemidis 35 Sigma 0,035mg + 2mg 21 Comprimidos",0,0,0,0,0
São João,Disponível,274.0,12,7896241270400.0,Pomada Drenison N 30G Biolab,"44,52","39,89",-10.4%,"39,89",-10.4%
São João,Disponível,274.0,12,7897851250394.0,Mind 10mg 30 Comprimidos Biolab (C1),"20,76","12,90",-37.9%,"12,90",-37.9%
São João,Disponível,274.0,12,7896006290216.0,Tobrex Solução Oftálmica Novartis 5ml,"47,65","40,79",-14.4%,"40,79",-14.4%
São João,Disponível,274.0,15,7896658008801.0,Novocilin 875mg 20 Comprimidos Ache,"27,15","24,29",-10.5%,"24,29",-10.5%
São João,Esgotado,274.0,14,0.0,Micardis 80mg 30 Comprimidos Boehringer Ingelheim,0,0,0,0,0
São João,Esgotado,274.0,12,0.0,Gargotricin Prevent Sabor Menta 12 Pastilhas,0,0,0,0,0
São João,Disponível,274.0,12,7896004709123.0,Atenolol + Clortalidona 100mg + 25mg 30 Comprimidos Genérico EMS,"67,73","67,73",-0.0%,"67,73",-0.0%
São João,Disponível,274.0,13,7896422507059.0,Dipirona 1g Genérico Medley 10 Comprimidos,"37,20","19,99",-46.3%,"19,99",-46.3%
São João,Esgotado,274.0,12,0.0,Sulfametoxazol + Trimetoprima Suspensão Oral 200mg/40mg 100ml Genérico EMS,0,0,0,0,0
São João,Disponível,274.0,13,7897460401422.0,Silimalon 100mg/70mg 30 Comprimidos Revestidos,"80,87","80,87",-0.0%,"80,87",-0.0%
São João,Disponível,274.0,14,8902220109520.0,Seizla 200mg 60 Comprimidos Revestidos Torrent (C1),"75,69","62,29",-17.7%,"62,29",-17.7%
São João,Disponível,274.0,15,7896004704999.0,Dexclorfeniramina Creme 30g Genérico Germed,"24,20","18,59",-23.2%,"18,59",-23.2%
São João,Disponível,274.0,12,7896637023979.0,Lamitor CD 100mg 30 Comprimidos Torrent (C1),"132,71","132,71",-0.0%,"132,71",-0.0%
São João,Disponível,274.0,14,7897851250622.0,Singulair Organon 4mg 30 Comprimidos,"43,49","43,49",-0.0%,"43,49",-0.0%
São João,Esgotado,274.0,13,0.0,Analgésico Flanax 275mg Bayer com 8 comprimidos,0,0,0,0,0
São João,Disponível,274.0,12,7896094927797.0,Benegrip Multi Dia Hypera Pharma 4 Comprimidos AV*,"28,64","28,64",-0.0%,"28,64",-0.0%
São João,Disponível,274.0,13,7896637023771.0,Minel 200mg 30 Comprimidos Arese,"34,15","34,15",-0.0%,"34,15",-0.0%
São João,Esgotado,274.0,15,0.0,Nautex ODG 8mg 5 Envelopes Laranja Aché,0,0,0,0,0
São João,Disponível,274.0,13,7896206400385.0,Nolvadex-D 20mg 30 Cápsulas AstraZeneca,"427,66","313,99",-26.6%,"313,99",-26.6%
São João,Disponível,274.0,13,7896637025362.0,Pomada Dermatológica Postec  20g,"148,92","124,69",-16.3%,"124,69",-16.3%
São João,Disponível,274.0,12,7896004711232.0,Glimepirida 2mg 30 Comprimidos Genérico EMS,"70,44","20,89",-70.3%,"20,89",-70.3%
São João,Disponível,274.0,13,7896255717724.0,Parzo 200mg 30 Cápsulas Biosintética,"40,84","35,29",-13.6%,"35,29",-13.6%
São João,Esgotado,273.0,12,0.0,Zyptan 10mg 2 Comprimidos Zydus,0,0,0,0,0
São João,Esgotado,273.0,13,0.0,Cystex EMS 24 Drágeas,0,0,0,0,0
São João,Esgotado,273.0,12,0.0,Analgésico Luftafem 4 comprimidos - Ibuprofeno e Paracetamol,0,0,0,0,0
São João,Esgotado,273.0,13,0.0,Mud Creme 10G Momenta,0,0,0,0,0
São João,Disponível,273.0,16,7896658015113.0,Motore 500mg 60 Comprimidos Ache,"217,88","198,49",-8.9%,"198,49",-8.9%
São João,Esgotado,273.0,13,0.0,Pasalix PI 20 Comprimidos Marjan,0,0,0,0,0
São João,Disponível,273.0,12,7896637022552.0,Olmetec 40Mg 30 Comprimidos Pfizer,"44,74","39,29",-12.2%,"39,29",-12.2%
São João,Disponível,273.0,13,7891317177645.0,"Mercilon Conti 0,15mg/0,02mg 84 Comprimidos","44,50","38,49",-13.5%,"38,49",-13.5%
São João,Disponível,273.0,14,7896422515023.0,Clonazepam 2mg Genérico Medley 30 Comprimidos (B1),"34,31","19,90",-42.0%,"19,90",-42.0%
São João,Esgotado,273.0,14,0.0,Kit Alivio Virose: Eno 5G 2 Env Eferv Laranja Gsk Av* + Vonau Flash 4Mg 10Cp + Dipirona 1G 10Cp + Epocler 10Ml 6Un + Enterogermina Plus 5Ml 5Un,0,0,0,0,0
São João,Disponível,273.0,12,7896523210742.0,Cetoconazol 200mg 30 Comprimidos Genérico EMS,"94,84","30,29",-68.1%,"30,29",-68.1%
São João,Disponível,273.0,12,7896658030208.0,Spark 750mg 30 Comprimidos Momenta (C1),"80,55","66,79",-17.1%,"66,79",-17.1%
São João,Disponível,273.0,13,7896181901747.0,Doxaprost 4mg 30 Comprimidos,"38,22","32,89",-13.9%,"32,89",-13.9%
São João,Disponível,273.0,12,7891158101656.0,Depakote ER 500mg 30 Comprimidos Abbott (C1),"145,18","145,18",-0.0%,"145,18",-0.0%
São João,Esgotado,273.0,13,0.0,Aftine 20Ml Gotas Cifarma,0,0,0,0,0
São João,Disponível,273.0,12,7896523227115.0,Doxazosina 4mg 30 Comprimidos Genérico Cimed,"78,01","28,40",-63.6%,"28,40",-63.6%
São João,Disponível,273.0,13,7896637023665.0,Sumax 100mg 6 Comprimidos Revestidos Libbs,"22,44","22,44",-0.0%,"22,44",-0.0%
São João,Esgotado,273.0,13,0.0,Vick Procter Envelope Sabor Limão 5 Pastilhas,0,0,0,0,0
São João,Disponível,273.0,12,7899547531237.0,Paracetamol Genérico Prati 750mg 20 Comprimidos Revestidos,"16,58","6,98",-57.9%,"6,98",-57.9%
São João,Esgotado,273.0,13,0.0,Vick Drops 20 Pastilhas Mel Procter,0,0,0,0,0
São João,Esgotado,273.0,13,0.0,Pomada Daivobet Roche 30g,0,0,0,0,0
São João,Disponível,273.0,13,5000456028387.0,Xigduo XR 10mg + 1000mg 30 Comprimidos Revestidos,"259,01","207,21",-20.0%,"207,21",-20.0%
São João,Disponível,273.0,13,7896548197967.0,Azopt Suspensão Oftálmica 5ml,"110,72","88,58",-20.0%,"88,58",-20.0%
São João,Esgotado,273.0,12,0.0,Engov After Berry Vibes 250ml Hypera Pharma,0,0,0,0,0
São João,Esgotado,273.0,13,0.0,"Terolac 0,5% Solução Oftálmica 5ml Cristália",0,0,0,0,0
São João,Disponível,273.0,15,7891317465643.0,Triancinolona Orabase Pomada 10g Genérico EMS,"17,13","11,90",-30.5%,"11,90",-30.5%
São João,Disponível,273.0,14,7896004773339.0,Pregabalina 150mg 30 Cápsulas Genérico Eurofarma (C1),"110,08","36,90",-66.5%,"36,90",-66.5%
São João,Esgotado,272.0,14,0.0,Dixil 50mg/ml 50ml,0,0,0,0,0
São João,Disponível,272.0,14,7898605330690.0,Remilev 250+60mg 20 Comprimidos Revestidos Aché,"377,34","301,87",-20.0%,"301,87",-20.0%
São João,Esgotado,272.0,14,0.0,Kit Alivio Virose 2 : Buscopan Composto 20Cp Rev Hypera Pharma + Floratil 200Mg 6Cap Divcom + Hidraplex Po 4Env Guarana Natulab,0,0,0,0,0
São João,Disponível,272.0,12,7898060134246.0,Omeprazol 20mg 56 Comprimidos Genérico Nova Química,"39,95","23,90",-40.2%,"23,90",-40.2%
São João,Disponível,272.0,13,7896094920453.0,Novotram 50mg 20 Cápsulas Hypermarchas (A2),"24,26","22,29",-8.1%,"22,29",-8.1%
São João,Disponível,272.0,12,7896112134213.0,Clortalidona 50mg 30 Comprimidos Genérico Vitamedic,"32,10","13,39",-58.3%,"13,39",-58.3%
São João,Disponível,272.0,13,7897595635792.0,Rosuvastatina Cálcica 10mg Genérico Novartis 30 Comprimidos Revestidos,"82,38","19,90",-75.8%,"19,90",-75.8%
São João,Esgotado,272.0,14,0.0,Descon 20ml Gotas Hypera,0,0,0,0,0
São João,Esgotado,272.0,12,0.0,Aerodini Spray Aerossol 200 Doses,0,0,0,0,0
São João,Esgotado,272.0,13,0.0,Decadron 2mg 2 Ampolas Injetável Aché,0,0,0,0,0
São João,Disponível,272.0,12,7896637032223.0,Prohn 15 Cápsulas,"135,90","135,90",-0.0%,"135,90",-0.0%
São João,Esgotado,272.0,13,0.0,Tandriflan 300+125+50+30mg 15 Comprimidos União Química,0,0,0,0,0
São João,Disponível,272.0,14,7896637022569.0,Nebilet 5mg 90 Comprimidos,"74,30","62,29",-16.2%,"62,29",-16.2%
São João,Disponível,272.0,12,7896004706795.0,"Losartana + HCT 50mg + 12,5mg 30 Comprimidos Revestidos Genérico EMS","21,73","3,90",-82.1%,"3,90",-82.1%
São João,Esgotado,272.0,13,0.0,Noctal 2mg 20 Comprimidos Abbott (B1),0,0,0,0,0
São João,Esgotado,272.0,13,0.0,"Timoptol-Xe 0,5% 5m Mundipharma",0,0,0,0,0
São João,Esgotado,272.0,14,0.0,Epativan Rsk 10ml Flaconete Avulso Cimed,0,0,0,0,0
São João,Disponível,272.0,13,7896181920410.0,Etod 400mg 20 Comprimidos Revestidos Cristalia,"14,94","5,70",-61.8%,"5,70",-61.8%
São João,Disponível,272.0,13,7896112134213.0,Carbamazepina 200mg Genérico Teuto 30 Comprimidos (C1),"32,10","13,39",-58.3%,"13,39",-58.3%
São João,Esgotado,272.0,12,0.0,Hidrocortisona Creme 15g Genérico Teuto,0,0,0,0,0
São João,Disponível,272.0,13,7896241293669.0,Aurom 10mg 2 Comprimidos Prati,"39,75","29,79",-25.1%,"29,79",-25.1%
São João,Esgotado,272.0,13,0.0,"Vacina Hexavalente Infanfix DTPA HB HIB IPV Injetável Frasco + Seringa 0,5 ml GSK + Aplicação",0,0,0,0,0
São João,Disponível,272.0,12,7897595624642.0,Amoxicilina + Clavulanato de Potássio 500mg 12 Comprimidos Revestidos Genérico Novartis,"167,05","99,90",-40.2%,"99,90",-40.2%
São João,Disponível,272.0,13,7891317425869.0,Vartaz 320mg 30 Comprimidos Revestidos Eurofarma,"14,53","14,53",-0.0%,"14,53",-0.0%
São João,Disponível,272.0,14,7897917006163.0,Paracetamol Suspensão Oral Genérico Belfar 15ml,"9,02","5,39",-40.2%,"5,39",-40.2%
São João,Disponível,272.0,14,7899095200586.0,"Hiluropt Max 2,0mg/ml Solução Oftálmica 10ml","50,04","44,79",-10.5%,"44,79",-10.5%
São João,Disponível,272.0,12,7896637023658.0,Gripinew 6 Comprimidos Revestidos Avulso,"20,15","20,15",-0.0%,"20,15",-0.0%
São João,Disponível,272.0,14,7896523200279.0,Pinazan 25mg 30 Comprimidos Cristalia (C1),"105,31","59,90",-43.1%,"59,90",-43.1%
São João,Esgotado,272.0,13,0.0,Arflex Retard 200mg 6 Cápsulas,0,0,0,0,0
São João,Disponível,272.0,14,7896241293669.0,Lipitor 10mg 30 Comprimidos Upjohn,"39,75","29,79",-25.1%,"29,79",-25.1%
São João,Esgotado,272.0,14,0.0,Ad Muc Gel 10g Kids Biolab,0,0,0,0,0
São João,Disponível,272.0,12,7896004722122.0,Aceclofenaco Genérico Ranbaxy 100mg 12 Comprimidos,"49,78","29,90",-39.9%,"29,90",-39.9%
São João,Esgotado,271.0,13,0.0,Motix 30ml FQM,0,0,0,0,0
São João,Esgotado,271.0,12,0.0,Relvar Ellipta 200+25Mcg 30 Drágeas GSK,0,0,0,0,0
São João,Disponível,271.0,12,7896004739588.0,Hemifumarato De Bisoprolol 5mg Genérico EMS 30 Comprimidos Revestidos,"63,01","39,90",-36.7%,"39,90",-36.7%
São João,Esgotado,271.0,13,0.0,Suplemento Alimentar Oral Z 4mg 75 ml 1 Unidade,0,0,0,0,0
São João,Disponível,271.0,13,7891317002190.0,"Ceftriaxona 1g 3,5ml Injetável IM Genérico Teuto","216,93","116,99",-46.1%,"116,99",-46.1%
São João,Disponível,271.0,13,7896004812168.0,Xarope Expec 120ml Legrand,"51,16","32,90",-35.7%,"32,90",-35.7%
São João,Disponível,271.0,12,7898133139246.0,Hidrali Sabor Guaraná 500ml Airela,"18,90","18,90",-0.0%,"18,90",-0.0%
São João,Disponível,271.0,12,7896004729688.0,Metildopa Genérico EMS 250mg 30 Comprimidos,"41,89","37,69",-10.0%,"37,69",-10.0%
São João,Disponível,271.0,12,7896658000379.0,Oxypynal 10mg Adium 10 comprimidos,"34,57","30,49",-11.8%,"30,49",-11.8%
São João,Disponível,271.0,12,7896112110576.0,Nebivolol 5mg 30 Comprimidos Genérico Torrent,"7,06","3,91",-44.6%,"3,91",-44.6%
São João,Esgotado,271.0,12,0.0,Hidralis Sais 45 4 Envelopes Natural Airela,0,0,0,0,0
São João,Esgotado,271.0,13,0.0,Klaricid 50Mg/Ml 60Ml Abbott,0,0,0,0,0
São João,Esgotado,271.0,12,0.0,"Arulatan Solução Oftálmica 2,5Ml Bausch&amp;Lomb",0,0,0,0,0
São João,Esgotado,271.0,14,0.0,Mucosolvan Pediátrico Opella 120ml,0,0,0,0,0
São João,Disponível,271.0,12,7898148296552.0,Fosfato De Prednisolona Genérico Prati Solução Oral 120ml,"19,24","12,04",-37.4%,"12,04",-37.4%
São João,Disponível,271.0,13,7896637023658.0,Miosan Caf 5mg/30mg 15 Comprimidos Revestidos,"20,15","20,15",-0.0%,"20,15",-0.0%
São João,Disponível,271.0,12,7896004705989.0,Pantozol Takeda 20mg 28 Comprimidos,"33,10","20,89",-36.9%,"20,89",-36.9%
São João,Esgotado,271.0,13,0.0,Coques 200mg 10 Cápsulas Eurofarma (C1),0,0,0,0,0
São João,Disponível,271.0,13,7891721014130.0,Perivasc 500mg 60 Comprimidos Eurofarma,"59,76","52,19",-12.7%,"52,19",-12.7%
São João,Disponível,271.0,12,7898029558809.0,Vascor MR 35mg 30 Comprimidos Revestidos Eurofarma,"100,61","81,09",-19.4%,"81,09",-19.4%
São João,Esgotado,271.0,13,0.0,Gapem 300mg 30 Cápsulas Prati RX (C1),0,0,0,0,0
São João,Disponível,271.0,14,7891317013622.0,Afetus 25mg 30 Comprimidos Eurofarma (C1),"143,07","115,09",-19.6%,"115,09",-19.6%
São João,Disponível,271.0,12,7896637023658.0,Flex MSM 60 Comprimidos Revestidos,"20,15","20,15",-0.0%,"20,15",-0.0%
São João,Disponível,271.0,12,7891317016043.0,"Triaxin 1G 1X3,5Ml Injetavel Momenta","28,62","25,19",-12.0%,"25,19",-12.0%
São João,Esgotado,271.0,12,0.0,"Neupro 6mg/24h (13,5mg) 28 Adesivos UCB (C1)",0,0,0,0,0
São João,Esgotado,271.0,14,0.0,Pomada Kollagenase sem Cloranfenicol 30g,0,0,0,0,0
São João,Disponível,271.0,12,7896006290216.0,Cromolerg Solução Oftálmica Allergan 4% 5ml,"47,65","40,79",-14.4%,"40,79",-14.4%
São João,Esgotado,271.0,12,0.0,Penetro Solução Inalatória 45ml,0,0,0,0,0
São João,Disponível,271.0,14,7894916502641.0,Risedross 150Mg 2 Comprimidos Sigma-Pharma,"45,40","40,09",-11.7%,"40,09",-11.7%
São João,Disponível,271.0,13,7896004727776.0,Amitriptilina 25mg 30 Comprimidos Revestidos Genérico EMS (C1),"23,60","8,99",-61.9%,"8,99",-61.9%
São João,Disponível,270.0,12,7896094907324.0,Engov 24 Comprimidos Hypera Pharma,"34,73","29,52",-15.0%,"29,52",-15.0%
São João,Disponível,270.0,13,7898133130403.0,Dipirona 500mg 10ml Maxalgina Natulab,"4,99","2,99",-40.1%,"2,99",-40.1%
São João,Disponível,270.0,12,7896641808982.0,Steaton 300mg 30 Cápsulas Gel Ache,"128,20","103,89",-19.0%,"103,89",-19.0%
São João,Disponível,270.0,13,7894916502641.0,Clabat 500mg 14 Comprimidos Revestidos Sigma Pharma,"45,40","40,09",-11.7%,"40,09",-11.7%
São João,Disponível,270.0,12,7896004749655.0,Teflan 20mg 10 Comprimidos Revestidos Genom,"34,37","34,37",-0.0%,"34,37",-0.0%
São João,Disponível,270.0,13,7896637022903.0,Caltren 10mg 30 Comprimidos Libbs,"25,86","25,86",-0.0%,"25,86",-0.0%
São João,Disponível,270.0,13,7896181920410.0,Dalmadorm 30mg 30 Comprimidos Revestidos,"14,94","5,70",-61.8%,"5,70",-61.8%
São João,Disponível,270.0,13,7896181901747.0,"Paxil CR 12,5mg 30 Comprimidos GSK (C1)","38,22","32,89",-13.9%,"32,89",-13.9%
São João,Disponível,270.0,13,7896637022835.0,"Omnic Ocas 0,4mg 60 Comprimidos Revestidos Astellas","62,81","33,90",-46.0%,"33,90",-46.0%
São João,Disponível,270.0,12,7891317010065.0,Pros 2mg 30 Comprimidos Supera,"45,72","38,59",-15.6%,"38,59",-15.6%
São João,Disponível,270.0,14,7894916500777.0,Cymbi 60mg 60 Cápsulas Sigma Pharma (C1),"94,66","77,29",-18.3%,"77,29",-18.3%
São João,Esgotado,270.0,13,0.0,Cetrolac SL 10mg 10 Comprimidos União Química,0,0,0,0,0
São João,Esgotado,270.0,12,0.0,Cetorolaco Trometamol Colírio 5ml Genérico EMS,0,0,0,0,0
São João,Disponível,270.0,13,7891045031493.0,Losec Mups 10mg 28 Comprimidos Revestidos,"195,02","117,01",-40.0%,"117,01",-40.0%
São João,Disponível,270.0,13,7898049793310.0,Ivermectina 6mg 4 Comprimidos Genérico Neo Química,"37,84","33,09",-12.6%,"33,09",-12.6%
São João,Disponível,270.0,15,7898049793310.0,Ivermectina 6mg 2 Comprimidos Genérico Neo Química,"37,84","33,09",-12.6%,"33,09",-12.6%
São João,Disponível,270.0,14,7896094203044.0,"Cherry 2mg+0,03mg 28 Comprimidos Revestidos FQM","229,49","160,64",-30.0%,"160,64",-30.0%
São João,Disponível,270.0,12,7891317412692.0,Annita Suspensão Oral 100ml,"57,34","52,19",-9.0%,"52,19",-9.0%
São João,Esgotado,270.0,13,0.0,Volare 20mg Injetável 2 Seringas Ache,0,0,0,0,0
São João,Esgotado,270.0,14,0.0,Foraseq 12+400mcg 120 Cápsulas s/Inalador Sandoz,0,0,0,0,0
São João,Disponível,270.0,12,7891317177652.0,Impere 10mg 30 Comprimidos Revestidos EMS,"93,49","77,49",-17.1%,"77,49",-17.1%
São João,Esgotado,270.0,12,0.0,Torval CR 333mg + 145mg 60 Comprimidos,0,0,0,0,0
São João,Disponível,270.0,13,7891268100228.0,Aldactone 100mg 16 Comprimidos Pfizer,"69,59","58,89",-15.4%,"58,89",-15.4%
São João,Disponível,270.0,14,7896422511728.0,Albendazol 400mg Genérico Medley 3 Comprimidos,"9,76","4,99",-48.9%,"4,99",-48.9%
São João,Esgotado,270.0,12,0.0,Aftanax 25ml Airela,0,0,0,0,0
São João,Disponível,270.0,14,7896658000393.0,Naproxeno 500mg 10 comprimidos,"56,36","49,09",-12.9%,"49,09",-12.9%
São João,Disponível,270.0,13,7891317412692.0,Gastrogel Fresh Menta Suspensão Oral 150ml,"57,34","52,19",-9.0%,"52,19",-9.0%
São João,Esgotado,270.0,12,0.0,Perfenol 400mg + 4mg + 4mg com 20 Cápsulas,0,0,0,0,0
São João,Disponível,270.0,14,7896241293669.0,Peridal 10mg 60 Comprimidos,"39,75","29,79",-25.1%,"29,79",-25.1%
São João,Disponível,270.0,13,7896637024358.0,Acertanlo 7mg/5mg 30 Comprimidos,"83,67","83,67",-0.0%,"83,67",-0.0%
São João,Esgotado,270.0,15,0.0,Creme Miconazol 28g Genérico Prati,0,0,0,0,0
São João,Esgotado,270.0,13,0.0,Óleo Essencial Therapi 10ml com Perfume Morada,0,0,0,0,0
São João,Esgotado,269.0,13,0.0,Óleo Essencial Therapi Citronela 10ml,0,0,0,0,0
São João,Disponível,269.0,13,7896016807800.0,Muskard 35mg 60 Comprimidos Revestidos Lib Prol Supera,"396,50","396,50",-0.0%,"396,50",-0.0%
São João,Disponível,269.0,13,7896637023658.0,Musculare 5mg 15 Comprimidos Revestidos,"20,15","20,15",-0.0%,"20,15",-0.0%
São João,Disponível,269.0,14,7896422507400.0,Oxcarbazepina 600mg 30 Comprimidos Revisado Genérico Medley (C1),"53,93","29,90",-44.6%,"29,90",-44.6%
São João,Disponível,269.0,12,7896637023665.0,Allexofedrin 180mg 10 Comprimidos Revestidos,"22,44","22,44",-0.0%,"22,44",-0.0%
São João,Disponível,269.0,13,7896637023658.0,"Mamades 0,075mg 28 Comprimidos Revestidos","20,15","20,15",-0.0%,"20,15",-0.0%
São João,Disponível,269.0,13,7896637023979.0,Alpes Xl 150mg 30 Comprimidos Supera (C1),"132,71","132,71",-0.0%,"132,71",-0.0%
São João,Disponível,269.0,14,7894916502641.0,Targin 10+5mg 14 Comprimidos Revestidos  Mundipharma (A1),"45,40","40,09",-11.7%,"40,09",-11.7%
São João,Disponível,269.0,12,7899095238671.0,Escitalopram OLX 20mg 30 Comprimidos Revestidos Genérico Prati (C1),"69,32","29,90",-56.9%,"29,90",-56.9%
São João,Disponível,269.0,14,7894916502641.0,Esomex 40Mg 56 Comprimidos Revestidos Sigma Pharma,"45,40","40,09",-11.7%,"40,09",-11.7%
São João,Disponível,269.0,12,7896637022835.0,Inseris XR 300mg 10 Comprimidos Revestidos Apsen (C1),"62,81","33,90",-46.0%,"33,90",-46.0%
São João,Disponível,269.0,15,7896004703343.0,Fluconazol 150mg Genérico Medley 2 Cápsulas Duras,"25,04","15,59",-37.7%,"15,59",-37.7%
São João,Disponível,269.0,12,7896658024887.0,Plenance EZE 5mg/10mg 30 Cápsulas,"128,97","104,79",-18.7%,"104,79",-18.7%
São João,Esgotado,269.0,13,0.0,Funtyl Creme 20g Cristália,0,0,0,0,0
São João,Disponível,269.0,12,7896004703305.0,Aglitil 30mg EMS 30 Comprimidos,"33,86","7,99",-76.4%,"7,99",-76.4%
São João,Esgotado,269.0,12,0.0,Pomada Dermatológica Trok-N 10g Eurofarma,0,0,0,0,0
São João,Disponível,269.0,15,7891268100228.0,Alevo 750mg 5 Comprimidos Supera,"69,59","58,89",-15.4%,"58,89",-15.4%
São João,Disponível,269.0,12,7896658008849.0,Lexapro 15mg 30 Comprimidos Lundbeck (C1),"33,99","30,09",-11.5%,"30,09",-11.5%
São João,Disponível,269.0,15,7896094928046.0,Aria 10mg 30 Comprimidos Revestidos Momenta,"22,99","20,99",-8.7%,"20,99",-8.7%
São João,Disponível,269.0,14,7897076923806.0,Amoxicilina + Clavulanato De Potássio 875mg 14 Comprimidos Revestidos Genérico Ranbaxy,"100,32","59,90",-40.3%,"59,90",-40.3%
São João,Esgotado,269.0,12,0.0,Biomag 10mg 30 Cápsulas Aché (B2),0,0,0,0,0
São João,Disponível,269.0,12,7891317425869.0,Waryz 60 Comprimidos Revestidos Cimed,"14,53","14,53",-0.0%,"14,53",-0.0%
São João,Disponível,269.0,14,7896004718996.0,Clortalidona 50mg 30 Comprimidos Genérico EMS,"65,04","39,90",-38.7%,"39,90",-38.7%
São João,Esgotado,269.0,12,0.0,Tramal 50mg Injeção 5x1ml Grünenthal (A2),0,0,0,0,0
São João,Disponível,269.0,12,7894916508513.0,Consiv 54mg 30 Comprimidos Revestidos Adium (A3),"80,15","80,15",-0.0%,"80,15",-0.0%
São João,Esgotado,269.0,13,0.0,Ibuprofeno Ibuliv 400mg 8 Cápsulas EMS,0,0,0,0,0
São João,Disponível,268.0,14,7896004731575.0,Escitalopram 10mg 60 Comprimidos Revestidos Genérico EMS (C1),"149,40","37,49",-74.9%,"37,49",-74.9%
São João,Disponível,268.0,12,7891317129781.0,Epocler Todo Dia 30 Comprimidos,"249,06","199,89",-19.7%,"199,89",-19.7%
São João,Esgotado,268.0,12,0.0,Arpejo 20mg 15mg Gotas Sigma Pharma (C1),0,0,0,0,0
São João,Esgotado,268.0,12,0.0,Rinosoro Sic XT 3 % Spray 50ml Hypera,0,0,0,0,0
São João,Disponível,268.0,12,7896658000379.0,Buscofem 400mg 10 Comprimidos,"34,57","30,49",-11.8%,"30,49",-11.8%
São João,Esgotado,268.0,13,0.0,Promestrieno 10mg/g Genérico Eurofarma Creme Ginecológico 30g + 20 Aplicadores,0,0,0,0,0
São João,Disponível,268.0,13,8902220109520.0,Seizla 50mg 60 Comprimidos Revestidos Torrent (C1),"75,69","62,29",-17.7%,"62,29",-17.7%
São João,Disponível,268.0,12,7896112421498.0,"Cronocor 12,5mg 30 Comprimidos Biolab","53,68","47,09",-12.3%,"47,09",-12.3%
São João,Disponível,268.0,14,7891317129781.0,DOrto 150mg 1 Comprimido Revestido Eurofarma,"249,06","199,89",-19.7%,"199,89",-19.7%
São João,Disponível,268.0,14,7896637033992.0,Atacand 8Mg 30 Cápsulas Astrazeneca,"261,99","212,89",-18.7%,"212,89",-18.7%
São João,Disponível,268.0,14,7896004706009.0,Omeprazol Genérico EMS 20mg 28 Comprimidos,"51,57","27,90",-45.9%,"27,90",-45.9%
São João,Disponível,268.0,12,7897595622037.0,Alopurinol 100mg 60 Comprimidos Genérico Sandoz,"55,46","39,90",-28.1%,"39,90",-28.1%
São João,Disponível,268.0,14,7896004706795.0,Mesalazina 800mg Genérico Germed 30 Comprimidos Revestidos,"21,73","3,90",-82.1%,"3,90",-82.1%
São João,Disponível,268.0,16,7896006201731.0,Primosiston 30 Comprimidos Genom,"56,31","49,39",-12.3%,"49,39",-12.3%
São João,Esgotado,268.0,13,0.0,Sinustrat Vasoconstritor 10Ml Biolab,0,0,0,0,0
São João,Disponível,268.0,12,7896641809026.0,Dexilant 30mg 60 Cápsulas,"128,20","104,29",-18.7%,"104,29",-18.7%
São João,Esgotado,268.0,12,0.0,Neurexan 50 Comprimidos Heel,0,0,0,0,0
São João,Disponível,268.0,13,7896241293669.0,Prebictal 150mg 30 Comprimidos Adium (C1),"39,75","29,79",-25.1%,"29,79",-25.1%
São João,Esgotado,268.0,12,0.0,Pradaxa 110Mg 60 Cápsulas Boehringer,0,0,0,0,0
São João,Disponível,268.0,13,7891317412692.0,Astro Suspensão Oral 15ml,"57,34","52,19",-9.0%,"52,19",-9.0%
São João,Esgotado,268.0,12,0.0,Nifedipina 10mg 30 Comprimidos Neo Fedipina Neoquímica,0,0,0,0,0
São João,Esgotado,268.0,13,0.0,Sinot Clav 400mg + 57mg Suspensão 140ml Eurofarma,0,0,0,0,0
São João,Disponível,268.0,14,7896714213040.0,"Levanlodipino 2,5Mg 30 Comprimidos Genérico Neo Quimica","52,45","16,39",-68.8%,"16,39",-68.8%
São João,Disponível,268.0,13,7896004730172.0,Lisina + Ciclobenzaprina 125mg + 5mg 15 Comprimidos Revestidos Genérico EMS,"22,66","13,90",-38.7%,"13,90",-38.7%
São João,Disponível,268.0,15,7896241293669.0,Singulair Organon 10mg 30 Comprimidos,"39,75","29,79",-25.1%,"29,79",-25.1%
São João,Disponível,268.0,12,7891317425869.0,Zart 50mg 30 Comprimidos Revestidos,"14,53","14,53",-0.0%,"14,53",-0.0%
São João,Disponível,268.0,12,7896422522687.0,Midazolam 15mg 30 Comprimidos Revestidos Genérico Medley (B1),"71,18","49,90",-29.9%,"49,90",-29.9%
São João,Disponível,268.0,12,7891317017378.0,Nortriptilina 25mg 30 Comprimidos Genéricos Eurofarma (C1),"80,69","42,09",-47.8%,"42,09",-47.8%
São João,Disponível,268.0,14,7899620913776.0,Paracetamol + Codeína 500mg + 30mg 24 Comprimidos Genérico Geolab (A2),"22,00","8,59",-61.0%,"8,59",-61.0%
São João,Esgotado,268.0,12,0.0,Melatonina Sublingual Fast Equaliv Sabor Menta 120 Comprimidos,0,0,0,0,0
São João,Disponível,267.0,12,7896009498459.0,Atrofem 400mg 10 Cápsulas Moles,"50,80","33,00",-35.0%,"33,00",-35.0%
São João,Esgotado,267.0,13,0.0,Nimesulida 50 mg/ml 15 ml Scaflogin Globo,0,0,0,0,0
São João,Disponível,267.0,12,7896658047992.0,Seizla 100mg 60 Comprimidos Revestidos Torrent (C1),"168,73","139,09",-17.6%,"139,09",-17.6%
São João,Disponível,267.0,14,7896094206366.0,Nuit Flash 5mg 30 Comprimidos,"84,02","69,49",-17.3%,"69,49",-17.3%
São João,Esgotado,267.0,12,0.0,Creme Adinos Genérico 30g Aché,0,0,0,0,0
São João,Esgotado,267.0,12,0.0,Nitrato De Miconazol 20mg/g Genérico Teuto Creme Ginecológico 80g,0,0,0,0,0
São João,Esgotado,267.0,15,0.0,Proepa Uni Achevita 30 Cápsulas,0,0,0,0,0
São João,Disponível,267.0,14,7896658024887.0,"Press Plus 2,5mg/10mg 30 Cápsulas Duras","128,97","104,79",-18.7%,"104,79",-18.7%
São João,Disponível,267.0,14,7896658008849.0,Nienza 25mg 30 Comprimidos Aché,"33,99","30,09",-11.5%,"30,09",-11.5%
São João,Esgotado,267.0,12,0.0,Legalon Suspenção 100ml,0,0,0,0,0
São João,Disponível,267.0,14,7898569763602.0,Pregabalina 150mg 30 Cápsulas Genérico Teuto (C1),"134,84","44,99",-66.6%,"44,99",-66.6%
São João,Esgotado,267.0,12,0.0,Metamucil Laranja Pó para Solução Oral 174g,0,0,0,0,0
São João,Disponível,267.0,12,7897595635655.0,Vildagliptina + Metformina 50mg + 1000mg 60 Comprimidos Revestidos Genérico Althaia,"240,05","99,90",-58.4%,"99,90",-58.4%
São João,Disponível,267.0,12,7897705203118.0,"Wegovy 2,4mg 3ml Novo Nordisk","2473,85","2473,85",-0.0%,"2473,85",-0.0%
São João,Esgotado,267.0,12,0.0,Magmilk 100ml tradicional Airela,0,0,0,0,0
São João,Disponível,267.0,12,7896112486787.0,Aradois 25mg 60 Comprimidos Biolab,"56,60","5,80",-89.8%,"5,80",-89.8%
São João,Disponível,267.0,13,7891721016165.0,Glifage 850mg 30 Comprimidos Revestidos Merck,"115,99","115,99",-0.0%,"115,99",-0.0%
São João,Disponível,267.0,12,7896004720746.0,Amoxicilina + Clavulanato De Potássio 400mg 70ml Genérico Germed,"102,04","59,90",-41.3%,"59,90",-41.3%
São João,Disponível,266.0,13,7896004718996.0,Ampicilina 500mg 12 Comprimidos Genérico EMS,"65,04","39,90",-38.7%,"39,90",-38.7%
São João,Disponível,266.0,15,7897316805114.0,Optive Lubrificante Ocular 10ml,"69,59","56,18",-19.3%,"56,18",-19.3%
São João,Disponível,266.0,15,7899547514254.0,Glimepirida 2mg 30 Comprimidos Genérico Prati-Donaduzzi,"226,80","103,99",-54.1%,"103,99",-54.1%
São João,Disponível,266.0,12,7896004715537.0,Creme Mometasona 20g Genérico EMS,"42,68","19,90",-53.4%,"19,90",-53.4%
São João,Esgotado,266.0,13,0.0,Pyloripac Retrat 10 Cartelas Medley,0,0,0,0,0
São João,Disponível,266.0,12,7891317013622.0,Carbolitium 300mg 60 Comprimidos Eurofarma (C1),"143,07","115,09",-19.6%,"115,09",-19.6%
São João,Disponível,266.0,12,7896637023658.0,Rizi M 10mg+5mg 7 Comprimidos Revestidos Farmasa,"20,15","20,15",-0.0%,"20,15",-0.0%
São João,Disponível,266.0,12,7891058001155.0,Neosaldina Dip Averso 4 Comprimidos,"25,43","19,99",-21.4%,"19,99",-21.4%
São João,Esgotado,266.0,13,0.0,Benatux Cifarma Pastilhas Sabor Menta 12 Unidades,0,0,0,0,0
São João,Disponível,266.0,13,7896004715032.0,Doril Enxaqueca 250mg/250mg/65mg 4 Comprimidos,"21,90","20,59",-6.0%,"20,59",-6.0%
São João,Disponível,266.0,14,7896241293669.0,Forfig 100mg 30 Comprimidos,"39,75","29,79",-25.1%,"29,79",-25.1%
São João,Disponível,266.0,13,7896658019036.0,Allegra Opella 180mg 10 Comprimidos,"60,18","50,79",-15.6%,"50,79",-15.6%
São João,Disponível,266.0,12,7896026173018.0,Complexo Homeopático Almeida Prado N 46 150mg 60 Comprimidos,"41,75","37,69",-9.7%,"37,69",-9.7%
São João,Disponível,266.0,12,7898216360741.0,Secnidazol 1000mg 4 Comprimidos Genérico Medley,"40,95","24,90",-39.2%,"24,90",-39.2%
São João,Esgotado,266.0,12,0.0,Furoato De Mometasona 1mg/g Genérico Medley Pomada Dermatológica 20g,0,0,0,0,0
São João,Disponível,266.0,15,7898430195082.0,Ultrox Sl 10mg 10 Comprimidos Supera,"21,74","9,90",-54.5%,"9,90",-54.5%
São João,Disponível,266.0,14,7891268107067.0,Tramal Retardado 50mg 10 Comprimidos Revestidos Grünenthal (A2),"161,86","112,99",-30.2%,"112,99",-30.2%
São João,Disponível,266.0,15,7896004706795.0,Losartana 50mg 30 Comprimidos Revestidos Genérico Neo Química,"21,73","3,90",-82.1%,"3,90",-82.1%
São João,Esgotado,266.0,13,0.0,Adinos Gel 5mg/g 30g Ache,0,0,0,0,0
São João,Disponível,266.0,12,7896422515023.0,"Clonazepam 0,5mg Genérico Medley 60 Comprimidos (B1)","34,31","19,90",-42.0%,"19,90",-42.0%
São João,Disponível,266.0,12,7891158101687.0,Exodus 10mg 30 Comprimidos Revestidos Aché (C1),"279,50","279,50",-0.0%,"279,50",-0.0%
São João,Disponível,266.0,12,7896112486787.0,Arpadol 400mg 60 Comprimidos Revestidos,"56,60","5,80",-89.8%,"5,80",-89.8%
São João,Disponível,266.0,13,7891317465650.0,"Diane 35 2mg + 0,035mg 21 Comprimidos Revestidos","75,40","64,59",-14.3%,"64,59",-14.3%
São João,Disponível,266.0,13,7896658024887.0,"Dastene 0,5mg 30 Cápsulas Moles","128,97","104,79",-18.7%,"104,79",-18.7%
São João,Disponível,266.0,14,7891058002725.0,Ibupril Ibuprofeno 10 Cápsulas Gel Teuto 400mg,"24,70","16,49",-33.2%,"16,49",-33.2%
São João,Esgotado,266.0,12,0.0,"Biofenac 11,6mg/g Gel 100g",0,0,0,0,0
São João,Esgotado,266.0,14,0.0,Inthos 250mg 60 Cápsulas Gelatinosa FQM,0,0,0,0,0
São João,Disponível,265.0,13,7896004733234.0,Prednisolona 20mg 10 Comprimidos Genérico Biosintética,"23,36","10,90",-53.3%,"10,90",-53.3%
São João,Disponível,265.0,12,7896422519922.0,"Venlaxin XR 37,5mg 30 Cápsulas Eurofarma (C1)","58,34","23,89",-59.1%,"23,89",-59.1%
São João,Esgotado,265.0,14,0.0,"Tess 2mg + 0,035mg 21 Drágeas",0,0,0,0,0
São João,Disponível,265.0,12,7894916516013.0,Toragesic SL Peel Off 10mg com 10 Comprimidos,"39,05","35,99",-7.8%,"35,99",-7.8%
São João,Disponível,265.0,12,7896714274645.0,Maizher 10mg 60 Comprimidos Prati RX (C1),"27,78","25,29",-9.0%,"25,29",-9.0%
São João,Disponível,265.0,13,7896004747880.0,Celecoxibe 200mg 30 Cápsulas Genérico EMS (C1),"52,64","26,99",-48.7%,"26,99",-48.7%
São João,Disponível,265.0,13,7908020507017.0,Dexa+Ciano+Tiam+Pirid 100mg/ml 3+3 Ampolas Solução Injetável Genérico Eurofarma,"179,89","124,29",-30.9%,"124,29",-30.9%
São João,Disponível,265.0,14,7896658015113.0,Voextor 10mg 60 Comprimidos Libbs (C1),"217,88","198,49",-8.9%,"198,49",-8.9%
São João,Esgotado,265.0,12,0.0,AAS Infantil Dormec Imec 100mg 10 Comprimidos,0,0,0,0,0
São João,Disponível,265.0,12,7898074614857.0,Ursacol 300mg 30 Comprimidos Zambon,"66,32","59,49",-10.3%,"59,49",-10.3%
São João,Esgotado,265.0,13,0.0,Gelol Spray Solução Dermatológica 60ml,0,0,0,0,0
São João,Esgotado,265.0,13,0.0,Hidrion 100 Comprimidos Gross,0,0,0,0,0
São João,Disponível,265.0,14,7896004713137.0,Levofloxacino 500mg 7 Comprimidos Revestidos Genérico Germed,"127,68","103,49",-18.9%,"103,49",-18.9%
São João,Esgotado,265.0,15,0.0,"Adaptis Gel 2,0mg 10G Adapt",0,0,0,0,0
São João,Esgotado,265.0,13,0.0,Digeliv Apsen 400FCC 15 Comprimidos Mastigáveis,0,0,0,0,0
São João,Disponível,265.0,12,7894916502641.0,Risedross 35mg 4 Comprimidos Revestidos Sigma-Pharma,"45,40","40,09",-11.7%,"40,09",-11.7%
São João,Disponível,265.0,12,7894916508513.0,Glucovance 500mg+5mg 30 Comprimidos Revestidos Merck,"80,15","80,15",-0.0%,"80,15",-0.0%
São João,Esgotado,265.0,13,0.0,Luftal Gel 20 Cápsulas Reckitt,0,0,0,0,0
São João,Disponível,265.0,14,7894916501408.0,Indux 50mg 10 Comprimidos Sigma Pharma,"77,73","64,19",-17.4%,"64,19",-17.4%
São João,Disponível,265.0,12,7896004701233.0,Bromoprida 20ml Genérico EMS,"22,83","21,59",-5.4%,"21,59",-5.4%
São João,Esgotado,265.0,13,0.0,"Acertanlo 3,5mg/2,5mg 30 Comprimidos",0,0,0,0,0
São João,Esgotado,265.0,14,0.0,Tratamento de micoses e frieira Canesten® Spray 30ml,0,0,0,0,0
São João,Esgotado,265.0,14,0.0,Moriale ODT 10mg 30 Comprimidos Orodispersíveis Sigma Pharma (C1),0,0,0,0,0
São João,Disponível,265.0,12,7896181920410.0,"Diva 3+0,03mg 63 Comprimidos Revestidos Cristalia","14,94","5,70",-61.8%,"5,70",-61.8%
São João,Esgotado,265.0,12,0.0,Fiasp FlexTouch 100U/ml 1 Unidade 3ml Novo,0,0,0,0,0
São João,Disponível,265.0,12,7898158691187.0,Trimusk 125mg/50mg/300mg/30mg 15 Comprimidos,"18,54","17,09",-7.8%,"17,09",-7.8%
São João,Esgotado,265.0,13,0.0,Multi-Bi 335mg 5 Cápsulas,0,0,0,0,0
São João,Disponível,264.0,13,7897851250622.0,Sinvascor 40mg 30 Comprimidos,"43,49","43,49",-0.0%,"43,49",-0.0%
São João,Disponível,264.0,12,7891317129781.0,Tamiram 500mg 7 Comprimidos Eurofarma,"249,06","199,89",-19.7%,"199,89",-19.7%
São João,Disponível,264.0,12,7896004731322.0,Carvedilol 25mg 30 Comprimidos Genérico Medley,"116,69","41,89",-64.1%,"41,89",-64.1%
São João,Disponível,264.0,13,7896004709413.0,Cetoconazol + Betametasona Creme Dermatológico 30g Genérico Medley,"31,71","27,09",-14.6%,"27,09",-14.6%
São João,Disponível,264.0,12,7891317129781.0,Duomo 4mg 30 Comprimidos Eurofarma,"249,06","199,89",-19.7%,"199,89",-19.7%
São João,Disponível,264.0,13,7896004734392.0,"Drospirenona e Etinilestradiol 3mg/0,03mg Genérico Althaia 21 Comprimidos Revestidos","65,76","29,99",-54.4%,"29,99",-54.4%
São João,Disponível,264.0,13,7899547513226.0,Tadalafila 20mg 8 Comprimidos Revestidos Genérico Prati,"56,65","19,90",-64.9%,"19,90",-64.9%
São João,Disponível,264.0,12,7896004718842.0,Alprazolam 2mg 30 Comprimidos Genérico Biosintética (B1),"88,21","20,39",-76.9%,"20,39",-76.9%
São João,Disponível,264.0,12,7897473207011.0,Momate 50mcg 120 Doses Glenmark,"57,52","33,90",-41.1%,"33,90",-41.1%
São João,Esgotado,264.0,14,0.0,Magmilk 100ml de hortelã Airela,0,0,0,0,0
São João,Esgotado,264.0,12,0.0,Ponstan Pfizer 500mg 24 Comprimidos,0,0,0,0,0
São João,Disponível,264.0,13,7896658024887.0,Press Plus 5mg/10mg 30 Cápsulas Duras,"128,97","104,79",-18.7%,"104,79",-18.7%
São João,Disponível,264.0,12,7896637023771.0,Lorax 2mg 30 Comprimidos Pfizer (B1),"34,15","34,15",-0.0%,"34,15",-0.0%
São João,Disponível,264.0,14,7898569763602.0,Pregabalina 75mg 30 Cápsulas Genérico Althaia (C1),"134,84","44,99",-66.6%,"44,99",-66.6%
São João,Disponível,264.0,12,7891317455040.0,Altiva 180mg 10 Comprimidos Eurofarma,"31,03","27,59",-11.1%,"27,59",-11.1%
São João,Esgotado,264.0,13,0.0,Luftal Gel 30 Cápsulas Reckitt,0,0,0,0,0
São João,Disponível,264.0,13,7891317425869.0,Sumax Libbs 50mg 2 Comprimidos Revestidos,"14,53","14,53",-0.0%,"14,53",-0.0%
São João,Disponível,264.0,12,7795320008821.0,Topison Creme Dermatológico 20g,"50,17","44,69",-10.9%,"44,69",-10.9%
São João,Disponível,264.0,14,7896226500386.0,Bactrim F 800mg + 160mg 10 Comprimidos,"37,61","26,99",-28.2%,"26,99",-28.2%
São João,Disponível,264.0,15,7899547522150.0,Ralzin 50mg 30 Comprimidos Revestidos Prati Donaduzzi (C1),"51,15","12,49",-75.6%,"12,49",-75.6%
São João,Esgotado,264.0,13,0.0,Amplium-G Creme Vaginal 80g 14 Ampolas Mantecorp,0,0,0,0,0
São João,Disponível,264.0,14,7896637033978.0,Insit 50mg 30 Cápsulas Apsen (C1),"130,98","108,39",-17.2%,"108,39",-17.2%
São João,Disponível,264.0,15,7896637023115.0,Imosec 2mg 12 Comprimidos,"29,28","26,89",-8.2%,"26,89",-8.2%
São João,Disponível,264.0,14,7896523200002.0,"Valsartana 80mg + 12,5mg 30 Comprimidos Revestidos Genérico Torrent","66,33","24,49",-63.1%,"24,49",-63.1%
São João,Disponível,264.0,12,7897595900654.0,Urbanil 20mg 20 Comprimidos Aventis (B1),"48,88","48,88",-0.0%,"48,88",-0.0%
São João,Esgotado,264.0,13,0.0,Lipiblock 120mg 84 Cápsulas Gelatinosas Duras,0,0,0,0,0
São João,Disponível,264.0,12,7896094208124.0,Nactali 75mcg 28 Comprimidos Revestidos,"123,47","86,43",-30.0%,"86,43",-30.0%
São João,Esgotado,264.0,13,0.0,Xarope Resfben Infantil 120ml Momentos,0,0,0,0,0
São João,Esgotado,264.0,13,0.0,Duxxen 30mg 30 Cápsulas Hypera (C1),0,0,0,0,0
São João,Disponível,264.0,13,7896206400385.0,Crestor 10mg 30 Cápsulas Astrazeneca,"427,66","313,99",-26.6%,"313,99",-26.6%
São João,Esgotado,263.0,12,0.0,Esogastro Ibp 7 Cartelas 28 Comprimidos Sigma,0,0,0,0,0
São João,Disponível,263.0,14,7896658000379.0,"Nienza 12,5mg 30 Comprimidos Aché","34,57","30,49",-11.8%,"30,49",-11.8%
São João,Disponível,263.0,13,7891058001667.0,Amiodarona Genérico Ranbaxy 200mg 30 Comprimidos,"21,12","18,99",-10.1%,"18,99",-10.1%
São João,Disponível,263.0,12,7896422525190.0,Citrato De Sildenafila 50mg Genérico Medley 4 Comprimidos Revestidos,"19,10","9,90",-48.2%,"9,90",-48.2%
São João,Disponível,263.0,13,7896094907324.0,Engov 12 Comprimidos Hypera Pharma,"34,73","29,52",-15.0%,"29,52",-15.0%
São João,Disponível,263.0,12,7897851220779.0,Ziprol 20mg 28 Comprimidos Baldacci,"76,75","62,59",-18.4%,"62,59",-18.4%
São João,Disponível,263.0,12,7891268100228.0,Aldactone 25mg 30 Comprimidos Pfizer,"69,59","58,89",-15.4%,"58,89",-15.4%
São João,Disponível,263.0,14,7896094914414.0,Estomazil 5g Efervescente Sem Sabor Hypera Pharma (AV),"3,43","2,89",-15.7%,"2,89",-15.7%
São João,Disponível,263.0,14,7896004755342.0,Rosuvastatina 5mg 60 Comprimidos Genérico EMS,"150,27","69,90",-53.5%,"69,90",-53.5%
São João,Disponível,263.0,13,7896714213040.0,"Levonorgestrel 1,5mg 1 Comprimido Genérico Neo Química","52,45","16,39",-68.8%,"16,39",-68.8%
São João,Disponível,263.0,13,7891268100228.0,Aglucose 50mg 30 Comprimidos EMS,"69,59","58,89",-15.4%,"58,89",-15.4%
São João,Disponível,263.0,14,7896637023658.0,Mirtax 10mg 15 Comprimidos Revestidos Aché,"20,15","20,15",-0.0%,"20,15",-0.0%
São João,Disponível,263.0,13,7896004700526.0,Gabapentina 300mg 30 Comprimidos Genérico EMS (C1),"26,28","10,99",-58.2%,"10,99",-58.2%
São João,Esgotado,263.0,12,0.0,Ailuk 200mcg 200 Doses Glenmark,0,0,0,0,0
São João,Disponível,263.0,12,7896004718996.0,Amoxicilina 500mg 30 Comprimidos Genérico EMS,"65,04","39,90",-38.7%,"39,90",-38.7%
São João,Disponível,263.0,13,7896637022835.0,Micpure 50mg 30 Comprimidos Apsen,"62,81","33,90",-46.0%,"33,90",-46.0%
São João,Disponível,263.0,13,7894916510004.0,"Bart H 150+12,5mg 30 Comprimidos Momenta","106,25","106,25",-0.0%,"106,25",-0.0%
São João,Esgotado,263.0,13,0.0,Betametasona + Gentamicina + Tolnaftato + Clioquinol Creme Dermatológico 20g Genérico EMS,0,0,0,0,0
São João,Disponível,263.0,14,7895296449830.0,"Naratriptana 2,5mg 4 Comprimidos Revestidos Genérico Nova Química","83,03","44,90",-45.9%,"44,90",-45.9%
São João,Disponível,263.0,14,7896658019036.0,Osteotrat 35mg 12 Comprimidos Aché,"60,18","50,79",-15.6%,"50,79",-15.6%
São João,Esgotado,263.0,13,0.0,Ambroxmel Adulto Xarope 120ml,0,0,0,0,0
São João,Disponível,263.0,13,7896004733234.0,Prednisolona 5mg 10 Comprimidos Genérico Althaia,"23,36","10,90",-53.3%,"10,90",-53.3%
São João,Esgotado,263.0,14,0.0,Prednisolona 3mg 60ml Genérico Biosintética,0,0,0,0,0
São João,Disponível,263.0,14,7898687736472.0,Vildagliptina + Metformina 50mg + 850mg 60 Comprimidos Revestidos Genérico Althaia,"144,84","107,09",-26.1%,"107,09",-26.1%
São João,Esgotado,263.0,12,0.0,Nusira 25mg + 25mg 20 Comprimidos Adium (A2),0,0,0,0,0
São João,Disponível,263.0,13,7894916515801.0,Vynaxa 15mg 42 Comprimidos Revestidos,"69,88","69,88",-0.0%,"69,88",-0.0%
São João,Disponível,263.0,13,7896015521684.0,Sal de Fruta Eno Abacaxi 2 Envelopes com 5g cada,"4,93","4,29",-13.0%,"4,29",-13.0%
São João,Esgotado,263.0,13,0.0,"Sigmatriol 0,25mcg 30 Cápsulas Gelatinosas Moles",0,0,0,0,0
São João,Disponível,263.0,13,7896181922711.0,"Xarope Desloratadina 0,5mg 100ml Genérico Biosintética","65,29","26,09",-60.0%,"26,09",-60.0%
São João,Disponível,263.0,14,7897411650787.0,"Benicar HCT 20mg+12,5mg 30 Comprimidos Revestidos Sankyo","83,42","66,74",-20.0%,"66,74",-20.0%
São João,Esgotado,263.0,12,0.0,Suplemento Alimentar de Fibras Fibermais Sem Sabor 50g,0,0,0,0,0
São João,Disponível,262.0,13,7898569760496.0,Rosuvastatina 5mg  60 Comprimidos Revestidos Genérico Althaia,"88,12","23,90",-72.9%,"23,90",-72.9%
São João,Esgotado,262.0,13,0.0,Androcur 50mg 20 Comprimidos Bayer,0,0,0,0,0
São João,Disponível,262.0,13,7500435260527.0,Alginac 1000 15 Comprimidos Revestidos Procter,"37,17","33,89",-8.8%,"33,89",-8.8%
São João,Disponível,262.0,12,7899547501100.0,"Olanzapina 2,5mg 30 Comprimidos Revestidos Genérico Prati-Donaduzzi (C1)","88,26","22,49",-74.5%,"22,49",-74.5%
São João,Esgotado,262.0,12,0.0,Gel Trombofob Abbott 40g,0,0,0,0,0
São João,Disponível,262.0,12,7898074614178.0,Monuril Solução Oral Granulado Tangerina 1 Envelope Zambon,"74,14","65,69",-11.4%,"65,69",-11.4%
São João,Disponível,262.0,12,7891142981363.0,"Ivevi 2,5mg 28 Comprimidos Mantecorp","39,94","36,49",-8.6%,"36,49",-8.6%
São João,Disponível,262.0,13,7896241293669.0,"DDAVP 0,1mg 30 Comprimidos Ferring","39,75","29,79",-25.1%,"29,79",-25.1%
São João,Esgotado,262.0,12,0.0,Cáscara Sagrada 45 Cápsulas Herbarium,0,0,0,0,0
São João,Disponível,262.0,14,7891721014741.0,Euthyrox 75mcg 50 Comprimidos Merck,"48,22","42,09",-12.7%,"42,09",-12.7%
São João,Esgotado,262.0,12,0.0,Aloxidil 50mg/ml Sol Capi 60ml Refil Theraskin,0,0,0,0,0
São João,Disponível,262.0,14,7896112421498.0,Nebilet Biolab 5mg 30 Comprimidos,"53,68","47,09",-12.3%,"47,09",-12.3%
São João,Esgotado,262.0,15,0.0,Arcoxia 60mg 7 Comprimidos Supera (C1),0,0,0,0,0
São João,Disponível,262.0,14,7896422504621.0,Zinpass Eze 20mg/10mg 30 Comprimidos Revestidos,"90,01","72,59",-19.4%,"72,59",-19.4%
São João,Disponível,262.0,12,7896181906582.0,Somalium 6mg 30 Comprimidos Biosintética (B1),"23,78","7,43",-68.8%,"7,43",-68.8%
São João,Esgotado,262.0,12,0.0,Esc 20mg/ml 15ml Eurofarma (C1),0,0,0,0,0
São João,Disponível,262.0,14,7891317022662.0,Heimer 10mg 30 Comprimidos Revestidos Eurofarma (C1),"1015,82","89,50",-91.2%,"89,50",-91.2%
São João,Esgotado,262.0,13,0.0,"Molieri 30 Sem Parar 3+0,03mg 28 Comprimidos Eurofarma",0,0,0,0,0
São João,Disponível,262.0,12,7891317177652.0,Diost 2mg 30 Comprimidos Revestidos Myralis,"93,49","77,49",-17.1%,"77,49",-17.1%
São João,Disponível,262.0,12,7896637031509.0,Ibupril 300mg 20 Comprimidos,"72,96","72,96",-0.0%,"72,96",-0.0%
São João,Disponível,262.0,14,7896181906582.0,Vitalia Xr 32mg 30 Comprimidos Biosintética,"23,78","7,43",-68.8%,"7,43",-68.8%
São João,Disponível,262.0,12,7896004711232.0,Gliclazida 30mg 60 Comprimidos Genérico EMS,"70,44","20,89",-70.3%,"20,89",-70.3%
São João,Disponível,262.0,14,7896094208124.0,Natifa Pro UBD 28 Comprimidos Revestidos Libbs,"123,47","86,43",-30.0%,"86,43",-30.0%
São João,Esgotado,262.0,13,0.0,Naldecon Febre Bebê 30ml Sabor Uva - Paracetamol 100mg/ml,0,0,0,0,0
São João,Esgotado,262.0,13,0.0,Naridrin AD EMS 12h 30ml,0,0,0,0,0
São João,Disponível,262.0,13,736532110374.0,Micofenolato de Mofetila 500mg 50 Comprimidos Farma Vision,"989,59","356,90",-63.9%,"356,90",-63.9%
São João,Disponível,262.0,13,7891317016043.0,"Triaxin 1g 5x3,5ml Injeção Momenta","28,62","25,19",-12.0%,"25,19",-12.0%
São João,Esgotado,262.0,13,0.0,Filinar Pediátrico Supera 5mg/120ml,0,0,0,0,0
São João,Disponível,262.0,13,7896206402853.0,Selozok Fix 5+50mg 30 Comprimidos AstraZeneca,"41,87","31,39",-25.0%,"31,39",-25.0%
São João,Esgotado,262.0,12,0.0,"Tanduo 0,5mg+0,4mg 90 Cápsulas Apsen",0,0,0,0,0
São João,Esgotado,262.0,14,0.0,"Exelon 4,5mg 28 Comprimidos United (C1)",0,0,0,0,0
São João,Disponível,262.0,14,7896004701820.0,Diclofenaco Sódico 100mg Genérico EMS 20 Comprimidos Revestidos,"28,48","16,39",-42.5%,"16,39",-42.5%
São João,Disponível,262.0,14,7896523200279.0,Mirtazapina 15mg 30 Comprimidos Genérico Cimed (C1),"105,31","59,90",-43.1%,"59,90",-43.1%
São João,Disponível,262.0,12,7896004731575.0,Etoricoxibe 60mg 7 Comprimidos Revestidos Genérico EMS (C1),"149,40","37,49",-74.9%,"37,49",-74.9%
São João,Esgotado,261.0,12,0.0,Angeliq 1mg + 2mg 28 Comprimidos,0,0,0,0,0
São João,Esgotado,261.0,12,0.0,Glicel 6 Unidades Supositório Pediátrico Bras Terapêutica,0,0,0,0,0
São João,Disponível,261.0,13,7896004731575.0,Etoricoxibe 90mg 14 Comprimidos Revestidos Genérico EMS (C1),"149,40","37,49",-74.9%,"37,49",-74.9%
São João,Disponível,261.0,13,7894916516013.0,Toragesic SL 10mg Nova Apresentação 20 Comprimidos Sigma Pharma,"39,05","35,99",-7.8%,"35,99",-7.8%
São João,Disponível,261.0,13,7896004715032.0,Torsilax 125mg/50mg/300mg/30mg 12 Comprimidos,"21,90","20,59",-6.0%,"20,59",-6.0%
São João,Esgotado,261.0,13,0.0,DK2 Cal 60 Comprimidos,0,0,0,0,0
São João,Disponível,261.0,13,7891317425869.0,Vartaz 80mg 30 Comprimidos Revestidos Eurofarma,"14,53","14,53",-0.0%,"14,53",-0.0%
São João,Disponível,261.0,12,7896009498459.0,Advil 400mg 16 Cápsulas Moles,"50,80","33,00",-35.0%,"33,00",-35.0%
São João,Esgotado,261.0,14,0.0,"Diovan HCT 320mg + 12,5mg 28 Comprimidos FQM",0,0,0,0,0
São João,Esgotado,261.0,13,0.0,Solução Bucal Daudt Malvatricin 100ml,0,0,0,0,0
São João,Esgotado,261.0,12,0.0,Reuquinol 400mg 30 Cápsulas Revestidas Apsen,0,0,0,0,0
São João,Disponível,261.0,14,7896004748214.0,Quetiapina 25mg 30 Comprimidos Revestidos Genérico Cimed (C1),"59,87","15,10",-74.8%,"15,10",-74.8%
São João,Esgotado,261.0,14,0.0,"Lotar 2,5mg+50mg 30 Cápsulas Biosintética",0,0,0,0,0
São João,Esgotado,261.0,12,0.0,Dividol 12 Cápsulas Zambon (A1),0,0,0,0,0
São João,Esgotado,261.0,12,0.0,Dorene 25mg/ml 60ml Ache (C1),0,0,0,0,0
São João,Disponível,261.0,13,7896422506243.0,Domperidona 1mg Suspensão Oral Genérico Medley 100ml,"27,07","17,99",-33.5%,"17,99",-33.5%
São João,Disponível,261.0,13,7899547544541.0,Anlodipino 5mg 30 Comprimidos Genérico Prati,"17,14","9,99",-41.7%,"9,99",-41.7%
São João,Esgotado,261.0,12,0.0,Duomo HP 2 mg + 5 mg 30 Cápsulas Gelatinosa Eurofarma,0,0,0,0,0
São João,Esgotado,261.0,13,0.0,Lacribell Colírio 15ml,0,0,0,0,0
São João,Disponível,261.0,13,7891106904582.0,Cronocor 25mg 30 Comprimidos Biolab,"73,39","60,99",-16.9%,"60,99",-16.9%
São João,Disponível,261.0,12,7896523201542.0,Succinato De Metoprolol 100mg Astrazeneca Genérico 30 Comprimidos Revestidos,"85,49","49,90",-41.6%,"49,90",-41.6%
São João,Disponível,261.0,12,7896523216119.0,Atorvastatina 40mg Generico Cimed 30 Comprimidos Revestidos,"144,19","29,99",-79.2%,"29,99",-79.2%
São João,Disponível,261.0,14,7896004720746.0,Amoxicilina + Clavulanato de Potássio Suspensão Oral 250mg/5ml 75ml Genérico EMS,"102,04","59,90",-41.3%,"59,90",-41.3%
São João,Disponível,261.0,14,7896004789835.0,Desloratadina 5mg 30 Comprimidos Revestidos Genérico EMS,"178,19","37,99",-78.7%,"37,99",-78.7%
São João,Esgotado,261.0,12,0.0,Composto de Mel e Própolis Própion Kids Chico Bento Tutti-Frutti Spray 30ml,0,0,0,0,0
São João,Disponível,261.0,12,7896181922711.0,Desloratadina 5mg 10 Comprimidos Revestidos Genérico Biosintética,"65,29","26,09",-60.0%,"26,09",-60.0%
São João,Esgotado,261.0,12,0.0,"Paratram 37,5mg + 325mg 30 Comprimidos Adium (A2)",0,0,0,0,0
São João,Disponível,261.0,12,7896241293669.0,Daraprim 25mg 30 Comprimidos FQM,"39,75","29,79",-25.1%,"29,79",-25.1%
São João,Disponível,261.0,14,7896006213130.0,Lactulose Colact 120ml União Química,"22,90","21,29",-7.0%,"21,29",-7.0%
São João,Esgotado,261.0,13,0.0,"Trayenta Duo 2,5 + 850mg 60 Comprimidos Boehringer",0,0,0,0,0
São João,Esgotado,261.0,13,0.0,Depakene 250mg 25 Cápsulas Abbott (C1),0,0,0,0,0
São João,Disponível,260.0,12,7897322709802.0,Tamarine Geleia 250g Zero Açúcar Hypera Pharma,"130,39","108,79",-16.6%,"108,79",-16.6%
São João,Esgotado,260.0,14,0.0,Beclosol 50mcg Spray 200 Doses GSK,0,0,0,0,0
São João,Disponível,260.0,14,7896004730172.0,Ciclobenzaprina 10mg 15 Comprimidos Revestidos Genérico EMS,"22,66","13,90",-38.7%,"13,90",-38.7%
São João,Esgotado,260.0,13,0.0,Simeticona Lufty 15ml,0,0,0,0,0
São João,Disponível,260.0,13,7898133137297.0,Hidraplex Pó 4 Envelopes Água de Coco,"24,90","10,19",-59.1%,"10,19",-59.1%
São João,Disponível,260.0,13,7896658027703.0,Valtrex 500mg 42 Comprimidos GSK,"65,89","55,99",-15.0%,"55,99",-15.0%
São João,Disponível,260.0,12,7896523212685.0,Nimesulida 50mg/l Genérico Cimed 15ml,"25,22","5,69",-77.4%,"5,69",-77.4%
São João,Esgotado,260.0,13,0.0,Carbamazepina Suspensão Oral 20mg/ml 100ml Genérico União Química (C1),0,0,0,0,0
São João,Disponível,260.0,13,7896004737218.0,Orlistate 120mg 42 Cápsulas Genérico EMS,"213,21","94,99",-55.4%,"94,99",-55.4%
São João,Esgotado,260.0,12,0.0,Renu Plus Bausch&amp;Lomb 8ml Umidificante,0,0,0,0,0
São João,Esgotado,260.0,13,0.0,Busonid 400mcg 60 Cápsulas Inalador Aché,0,0,0,0,0
São João,Disponível,260.0,15,7891317177652.0,Enax 200mg 30 Comprimidos Revestidos,"93,49","77,49",-17.1%,"77,49",-17.1%
São João,Disponível,260.0,12,7896637022767.0,Daflon 900mg/100mg 60 Comprimidos Revestidos,"61,13","52,09",-14.8%,"52,09",-14.8%
São João,Disponível,260.0,14,7896004730981.0,Citalopram 20mg 30 Comprimidos Revisado Genérico Medley (C1),"64,06","26,90",-58.0%,"26,90",-58.0%
São João,Disponível,260.0,12,7894916501095.0,Gaudy 16mg 28 Cápsulas Sigma Pharma,"39,44","35,59",-9.8%,"35,59",-9.8%
São João,Esgotado,260.0,12,0.0,Loncord 40mg 20 Cápsulas Diffucap,0,0,0,0,0
São João,Esgotado,260.0,13,0.0,Creme Antiassaduras Desitin Máxima Proteção 57g,0,0,0,0,0
São João,Disponível,260.0,13,7897473207004.0,Mometasona 50mcg 60 Doses Genérico Glenmark,"40,62","24,99",-38.5%,"24,99",-38.5%
São João,Esgotado,260.0,14,0.0,Biomag 10mg 60 Cápsulas Aché (B2),0,0,0,0,0
São João,Disponível,260.0,12,7891268100228.0,Cod 60mg 30 Comprimidos Supera (A2),"69,59","58,89",-15.4%,"58,89",-15.4%
São João,Disponível,260.0,14,7896004755984.0,Nimegon Met 50+500Mg 56 Comprimidos Revestidos Supera,"101,46","22,90",-77.4%,"22,90",-77.4%
São João,Esgotado,260.0,13,0.0,Calman Aspen 100ml,0,0,0,0,0
São João,Disponível,260.0,13,7896004705781.0,Atenolol Genérico EMS 25mg 30 Comprimidos,"23,72","2,49",-89.5%,"2,49",-89.5%
São João,Disponível,260.0,12,7896255717724.0,Steaton Aché 200mg 30 Cápsulas Gel,"40,84","35,29",-13.6%,"35,29",-13.6%
São João,Esgotado,260.0,12,0.0,Bronfeniramina + Cloridrato De Fenilefrina 20Ml Gotas Genérico Neo Quimica,0,0,0,0,0
São João,Esgotado,260.0,12,0.0,"Clob-X Gel Galderma 0,05% 30g",0,0,0,0,0
São João,Esgotado,260.0,14,0.0,Spidufen Zambon 1155mg/600mg 10 Sachês Sabor Damasco,0,0,0,0,0
São João,Disponível,260.0,13,7891010256401.0,Motilium Janssen-Cilag 10mg 60 Comprimidos,"91,14","79,69",-12.6%,"79,69",-12.6%
São João,Disponível,260.0,13,7896004713342.0,Acetilcisteína 600mg 16 Envelopes Genérico EMS,"82,29","32,90",-60.0%,"32,90",-60.0%
São João,Disponível,259.0,14,7896181906582.0,Somalium 3mg 30 Comprimidos Biosintética (B1),"23,78","7,43",-68.8%,"7,43",-68.8%
São João,Disponível,259.0,13,7896004715292.0,Acetilcisteína Xarope 20mg/ml 120ml Morango Momentos,"39,56","33,09",-16.4%,"33,09",-16.4%
São João,Disponível,259.0,12,7894916501095.0,Itraspor 100mg 4 Cápsulas Sigma Pharma,"39,44","35,59",-9.8%,"35,59",-9.8%
São João,Disponível,259.0,12,7897851250394.0,Amiobal Baldacci 200mg 30 Comprimidos,"20,76","12,90",-37.9%,"12,90",-37.9%
São João,Esgotado,259.0,13,0.0,Eno Pastilhas Mastigáveis 4 Comprimidos Menta GSK AV*,0,0,0,0,0
São João,Disponível,259.0,14,7898908753141.0,Zeel Comp N Heel 50 Comprimidos Sublinguais,"94,99","75,99",-20.0%,"75,99",-20.0%
São João,Esgotado,259.0,12,0.0,Coledue-R 10+5mg 30 Cápsulas Duração Hypera Pharma,0,0,0,0,0
São João,Disponível,259.0,14,7895296422024.0,Omeprazol 40mg 30 Cápsulas Genérico Nova Química,"135,49","39,90",-70.6%,"39,90",-70.6%
São João,Disponível,259.0,13,7896714230504.0,Pomada Dermosalic 30g,"19,90","19,90",-0.0%,"19,90",-0.0%
São João,Esgotado,259.0,13,0.0,Endofolin 5mg 30 Cápsulas Marjan,0,0,0,0,0
São João,Disponível,259.0,14,7898569760267.0,Telmisartana 40mg 30 Comprimidos Genérico Althaia,"40,38","24,19",-40.1%,"24,19",-40.1%
São João,Esgotado,259.0,12,0.0,Coques 200mg 30 Cápsulas Eurofarma (C1),0,0,0,0,0
São João,Disponível,259.0,12,7896094207851.0,Lakos 100mg 60 Comprimidos Revestidos Libbs (C1),"58,81","49,89",-15.2%,"49,89",-15.2%
São João,Esgotado,259.0,13,0.0,Hizofito 150mg 30 Cápsulas Hebron,0,0,0,0,0
São João,Disponível,259.0,12,7896004730134.0,Sildenafila 50mg 4 Comprimidos Revestidos Genérico EMS,"18,55","7,99",-56.9%,"7,99",-56.9%
São João,Disponível,259.0,12,7898148294381.0,Metronidazol 400mg 24 Comprimidos Genérico Teuto,"17,05","8,59",-49.6%,"8,59",-49.6%
São João,Disponível,259.0,14,7896637023641.0,Naxotec 500mg 24 Comprimidos,"52,76","46,49",-11.9%,"46,49",-11.9%
São João,Esgotado,259.0,12,0.0,"Cloridrato De Oximetazolina 0,25mg Genérico EMS Solução Nasal 20ml",0,0,0,0,0
São João,Disponível,259.0,13,7898169080642.0,Dermazine Creme 30G Silvestre,"70,86","60,99",-13.9%,"60,99",-13.9%
São João,Esgotado,259.0,12,0.0,Dual 60mg 60 Cápsulas Ache (C1),0,0,0,0,0
São João,Disponível,259.0,12,7896112126430.0,Nistatina 100 000UI/ml Genérico Prati Suspensão Oral 50ml,"33,75","30,59",-9.4%,"30,59",-9.4%
São João,Esgotado,259.0,14,0.0,Naridrin Alto Volume 30env+240ml EMS,0,0,0,0,0
São João,Disponível,259.0,13,7894916508933.0,Piotaz 30mg 60 Comprimidos Brace Pharma,"98,37","98,37",-0.0%,"98,37",-0.0%
São João,Disponível,259.0,12,7891317129781.0,"Pisa 0,750mg 30 Comprimidos Eurofarma (C1)","249,06","199,89",-19.7%,"199,89",-19.7%
São João,Disponível,259.0,14,7896523208107.0,Amoxicilina Genérico EMS 500mg 21 Cápsulas,"29,54","25,59",-13.4%,"25,59",-13.4%
São João,Esgotado,259.0,13,0.0,Fluoresceína 1% Solução Oftálmica Ophtalmos 5ml,0,0,0,0,0
São João,Disponível,258.0,13,7891268100228.0,Pazine 315mg 30 Comprimidos Arese,"69,59","58,89",-15.4%,"58,89",-15.4%
São João,Disponível,258.0,14,7896637023665.0,Miosan 10mg 10 Comprimidos Revestidos,"22,44","22,44",-0.0%,"22,44",-0.0%
São João,Disponível,258.0,13,7896094203068.0,"Micropil R21 0,075mg/0,020mg 21 Comprimidos Revestidos","163,02","114,11",-30.0%,"114,11",-30.0%
São João,Disponível,258.0,14,7896212426812.0,Systen Conti Adesivos Transdérmicos 8 Unidades,"168,96","133,49",-21.0%,"133,49",-21.0%
São João,Disponível,258.0,12,7898074614857.0,Triploa 150mg 10 Comprimidos Supera,"66,32","59,49",-10.3%,"59,49",-10.3%
São João,Esgotado,258.0,13,0.0,Dramin B6 Solução Oral 30ml,0,0,0,0,0
São João,Disponível,258.0,13,7896181920410.0,Desduo 50mg 30 Comprimidos Revestidos,"14,94","5,70",-61.8%,"5,70",-61.8%
São João,Disponível,258.0,13,7896004701967.0,Omeprazol 20mg 7 Cápsulas Genérico Medley,"33,94","12,90",-62.0%,"12,90",-62.0%
São João,Esgotado,258.0,14,0.0,Carbocisteína 100ml adulto Genérico Cimed,0,0,0,0,0
São João,Disponível,258.0,15,7896637022576.0,Xarope Clope 120ml EMS,"59,43","50,99",-14.2%,"50,99",-14.2%
São João,Disponível,258.0,12,7896094920453.0,Macrodantina 100mg 28 Cápsulas Hypermarcas,"24,26","22,29",-8.1%,"22,29",-8.1%
São João,Disponível,258.0,12,7896004782980.0,Levetiracetam 250mg 30 Comprimidos Revestidos Genérico Eurofarma (C1),"266,35","99,90",-62.5%,"99,90",-62.5%
São João,Esgotado,258.0,13,0.0,Primogyna 2mg 28 Drágeas Bayer,0,0,0,0,0
São João,Disponível,258.0,13,7896094207776.0,Stanglit Libbs 15mg 60 Comprimidos,"242,56","194,05",-20.0%,"194,05",-20.0%
São João,Esgotado,258.0,13,0.0,Nitazoxanida Suspensão Oral 20mg/ml 100ml Genérico Eurofarma,0,0,0,0,0
São João,Disponível,258.0,13,7896637031608.0,Litocit 1 080mg 60 Comprimidos Revestidos,"154,89","125,09",-19.2%,"125,09",-19.2%
São João,Disponível,258.0,12,7896016807251.0,Nexium AstraZeneca 20mg 14 Comprimidos,"177,06","141,65",-20.0%,"141,65",-20.0%
São João,Disponível,258.0,13,7896714274645.0,Metoclopramida 10mg 20 Comprimidos,"27,78","25,29",-9.0%,"25,29",-9.0%
São João,Esgotado,258.0,14,0.0,Eparema 20 Drágeas Hypera Pharma,0,0,0,0,0
São João,Disponível,258.0,13,8903855085609.0,Tiag Torrent 90mg 60 Comprimidos Revestidos,"326,98","244,19",-25.3%,"244,19",-25.3%
São João,Esgotado,258.0,13,0.0,Nites Organon 120 Doses 18g,0,0,0,0,0
São João,Disponível,258.0,13,7896004711232.0,Metildopa 500mg 30 Comprimidos Genérico EMS,"70,44","20,89",-70.3%,"20,89",-70.3%
São João,Disponível,258.0,16,7891317425869.0,Zyad 5mg 30 Comprimidos Revestidos,"14,53","14,53",-0.0%,"14,53",-0.0%
São João,Disponível,258.0,13,7891317425869.0,Zyxem 5mg 10 Comprimidos Revestidos,"14,53","14,53",-0.0%,"14,53",-0.0%
São João,Disponível,258.0,12,7895296449823.0,Naproxeno 550mg 10 Comprimidos Revestidos Genérico Neo Química,"41,00","21,90",-46.6%,"21,90",-46.6%
São João,Esgotado,257.0,14,0.0,Óleo de Coco Macrophytus Extra Virgem 200ml,0,0,0,0,0
São João,Disponível,257.0,14,7896004705781.0,Ablok 25mg 30 Comprimidos,"23,72","2,49",-89.5%,"2,49",-89.5%
São João,Disponível,257.0,12,7899095236400.0,Ibuprofeno 400mg 4 Cápsulas Genérico Geolab AV*,"21,08","10,49",-50.2%,"10,49",-50.2%
São João,Disponível,257.0,14,7897473207004.0,Momate 50mcg 60 Doses Glenmark,"40,62","24,99",-38.5%,"24,99",-38.5%
São João,Esgotado,257.0,12,0.0,Pros HP 2mg + 5mg 30 Cápsulas Supera,0,0,0,0,0
São João,Disponível,257.0,13,7896422501675.0,Tadalafila 20mg Genérico Medley 2 Comprimidos Revestidos,"32,42","14,90",-54.0%,"14,90",-54.0%
São João,Disponível,257.0,12,7891317458867.0,Holmes 20mg 30 Comprimidos Revestidos Eurofarma,"909,92","199,90",-78.0%,"199,90",-78.0%
São João,Esgotado,257.0,14,0.0,MareSis Flex Alto Volume 30 Sachês + Frasco 240ml FQM,0,0,0,0,0
São João,Esgotado,257.0,12,0.0,Coxeto 90mg 7 Comprimidos Brace Pharma (C1),0,0,0,0,0
São João,Disponível,257.0,14,7891268100228.0,Citalor 20mg 30 Comprimidos Pfizer,"69,59","58,89",-15.4%,"58,89",-15.4%
São João,Disponível,257.0,12,7896004794044.0,Cloridrato De Duloxetina 30mg Genérico EMS 30 Cápsulas Gelatinosas (C1),"147,55","80,49",-45.4%,"80,49",-45.4%
São João,Disponível,257.0,12,7896548197967.0,Otociriax Suspensão Otológica 5ml,"110,72","88,58",-20.0%,"88,58",-20.0%
São João,Esgotado,257.0,14,0.0,Floral Therapi Mais Humor 30ml,0,0,0,0,0
São João,Disponível,257.0,12,7896658000379.0,Betadine XR 32mg 30 Comprimidos Aché,"34,57","30,49",-11.8%,"30,49",-11.8%
São João,Disponível,257.0,12,7896523218946.0,Cilostazol 100mg 60 Comprimidos Genérico Aché,"37,82","21,57",-43.0%,"21,57",-43.0%
São João,Disponível,257.0,13,7896226500386.0,Bactrim F 400mg+800mg 100ml,"37,61","26,99",-28.2%,"26,99",-28.2%
São João,Disponível,257.0,12,7896015560331.0,Eno Laranja Pó Efervescente 100g,"30,36","22,99",-24.3%,"22,99",-24.3%
São João,Disponível,257.0,13,7898158693709.0,"Linadib Duo 2,5mg + 850mg 60 comprimidos","89,90","69,59",-22.6%,"69,59",-22.6%
São João,Disponível,256.0,14,7891317009755.0,"Tâmisa 30 0,75mg/0,30mg 84 Drágeas","124,60","102,49",-17.7%,"102,49",-17.7%
São João,Disponível,256.0,13,7896181901747.0,Cordarex 5mg 60 Comprimidos Biosintética,"38,22","32,89",-13.9%,"32,89",-13.9%
São João,Disponível,256.0,12,7896004750330.0,"Olmesartana + Hidroclorotiazida 20mg + 12,5mg 30 Comprimidos Genérico Eurofarma","63,48","36,90",-41.9%,"36,90",-41.9%
São João,Disponível,256.0,15,7896422506243.0,Dipirona Solução Oral Genérico Medley 100ml,"27,07","17,99",-33.5%,"17,99",-33.5%
São João,Disponível,256.0,12,7891721202858.0,Levotiroxina Sódica 100mcg Genérico Merck 30 Comprimidos,"11,13","11,13",-0.0%,"11,13",-0.0%
São João,Esgotado,256.0,14,0.0,Crestor 20mg 30 Cápsulas Astra Zeneca,0,0,0,0,0
São João,Esgotado,256.0,12,0.0,Etna Injeção 3 Ampolas Gross,0,0,0,0,0
São João,Esgotado,256.0,13,0.0,Nisulid 15ml Gotas Aché,0,0,0,0,0
São João,Disponível,256.0,12,7896004731575.0,Etoricoxibe 90mg 7 Comprimidos Revestidos Genérico EMS (C1),"149,40","37,49",-74.9%,"37,49",-74.9%
São João,Disponível,256.0,14,7896658030284.0,Motraz 50mg 60 Comprimidos Momenta (C1),"124,93","103,59",-17.1%,"103,59",-17.1%
São João,Disponível,256.0,13,7896637022835.0,Bravan Duo 80+5mg 30 Comprimidos Revestidos Aché,"62,81","33,90",-46.0%,"33,90",-46.0%
São João,Disponível,256.0,12,7896004739595.0,Bisoprolol 10mg 30 Comprimidos Revestidos Genérico EMS,"137,26","47,99",-65.0%,"47,99",-65.0%
São João,Esgotado,256.0,12,0.0,Pedialyte Max 500ml Maçã com Zinco Abbott,0,0,0,0,0
São João,Disponível,256.0,14,7896004718460.0,Clobetasol Creme Dermatológico 30g Genérico Medley,"32,18","15,69",-51.2%,"15,69",-51.2%
São João,Disponível,256.0,12,7896658030208.0,Dozoito 50mg 30 Comprimidos Biolab,"80,55","66,79",-17.1%,"66,79",-17.1%
São João,Disponível,256.0,13,7891317425869.0,"Revert 50mg+12,5mg 30 Comprimidos FQM","14,53","14,53",-0.0%,"14,53",-0.0%
São João,Disponível,256.0,12,7898148290420.0,Cetoconazol Genérico Prati 30 Comprimidos 200 mg,"80,03","36,19",-54.8%,"36,19",-54.8%
São João,Disponível,256.0,13,7894916500746.0,Sucrafilm 200mg Suspensão Oral 200ml EMS,"116,57","97,79",-16.1%,"97,79",-16.1%
São João,Esgotado,256.0,14,0.0,Lyrica 75mg 28 Cápsulas Upjohn (C1),0,0,0,0,0
São João,Disponível,256.0,12,7896641807381.0,Hiperico 45 Comprimidos Herbarium,"198,79","163,09",-18.0%,"163,09",-18.0%
São João,Disponível,256.0,12,7896637025362.0,Pomada Dermatológica Bactroban 10g,"148,92","124,69",-16.3%,"124,69",-16.3%
São João,Disponível,256.0,12,7891142158130.0,Hyzaar 100mg+25mg 30 Comprimidos Organon,"25,88","22,89",-11.6%,"22,89",-11.6%
São João,Esgotado,256.0,13,0.0,Óleo Essencial Therapi 10ml com Perfume Quartinho do Bebê,0,0,0,0,0
São João,Disponível,256.0,14,7896523201542.0,Succinato De Metoprolol 100mg Genérico Medley 30 Comprimidos Revestidos,"85,49","49,90",-41.6%,"49,90",-41.6%
São João,Esgotado,256.0,14,0.0,Versa 40mg Injetável 2 Seringa Preenchidas Eurofarma,0,0,0,0,0
São João,Disponível,256.0,13,7896004728612.0,Venlaxin XR 150mg 30 Cápsulas Eurofarma (C1),"205,72","74,90",-63.6%,"74,90",-63.6%
São João,Disponível,255.0,13,7891317425869.0,Zirk 500mg 5 Comprimidos Revestidos Aché,"14,53","14,53",-0.0%,"14,53",-0.0%
São João,Disponível,255.0,14,7896094928046.0,Janumet XR 50+1000mg 60 Comprimidos Revestidos Merck,"22,99","20,99",-8.7%,"20,99",-8.7%
São João,Disponível,255.0,13,7896112125617.0,Fluoxetina 20mg 60 Cápsulas Genérico Eurofarma (C1),"60,22","13,19",-78.1%,"13,19",-78.1%
São João,Esgotado,255.0,12,0.0,Sulfametoxazol+Trimetoprima 400/80mg 20 Comprimidos Genérico Prati,0,0,0,0,0
São João,Esgotado,255.0,12,0.0,Cylocort   Colírio 5ml,0,0,0,0,0
São João,Disponível,255.0,14,7891317022662.0,Musculare 10mg 30 Comprimidos Revestidos Eurofarma,"1015,82","89,50",-91.2%,"89,50",-91.2%
São João,Esgotado,255.0,13,0.0,Vibral Adulto 120ml,0,0,0,0,0
São João,Disponível,255.0,12,7891317013622.0,Esc 20mg 60 Comprimidos Eurofarma (C1),"143,07","115,09",-19.6%,"115,09",-19.6%
São João,Disponível,255.0,13,7897595636195.0,Ciprofloxacino Genérico EMS 500mg 14 Comprimidos,"36,59","22,90",-37.4%,"22,90",-37.4%
São João,Esgotado,255.0,14,0.0,Arcoxia 60mg 14 Comprimidos Supera (C1),0,0,0,0,0
São João,Esgotado,255.0,12,0.0,Reumamax 500mg Com 60 Cápsulas Praiamar,0,0,0,0,0
São João,Esgotado,255.0,12,0.0,Systane Lid Wipes 30 Unidades Lenço Umedecido para Olhos Alcon,0,0,0,0,0
São João,Disponível,255.0,12,7896637022767.0,Concor 10mg 30 Comprimidos Revestidos Merck,"61,13","52,09",-14.8%,"52,09",-14.8%
São João,Disponível,255.0,12,7897595901033.0,Puran T4 112mcg 30 Comprimidos Sanofi,"17,16","15,69",-8.6%,"15,69",-8.6%
São João,Disponível,255.0,12,7891317036966.0,Pondera 40mg 20 Comprimidos Revestidos Eurofarma (C1),"172,18","143,39",-16.7%,"143,39",-16.7%
São João,Disponível,255.0,12,7894916515764.0,Vynaxa 10mg 30 Comprimidos Revestidos,"52,75","52,75",-0.0%,"52,75",-0.0%
São João,Disponível,255.0,12,7896094930209.0,Foq XR 18mg 30 Comprimidos Revestidos de Liberação Prolongada Hypera (A3),"26,99","26,99",-0.0%,"26,99",-0.0%
São João,Disponível,255.0,13,7896658019036.0,Totti SL 10mg 10 Comprimidos Aché,"60,18","50,79",-15.6%,"50,79",-15.6%
São João,Disponível,255.0,14,7896658008849.0,Stabil 1mg 30 Comprimidos Aché (C1),"33,99","30,09",-11.5%,"30,09",-11.5%
São João,Disponível,255.0,13,7891268107067.0,Tramal Retardado 50mg 20 Comprimidos Revestidos Grünenthal (A2),"161,86","112,99",-30.2%,"112,99",-30.2%
São João,Esgotado,255.0,13,0.0,Xylocaína Pomada Aspen Pharma 5% 25g,0,0,0,0,0
São João,Disponível,255.0,13,7891317010065.0,Hezo 2mg 20 Comprimidos Supera (B1),"45,72","38,59",-15.6%,"38,59",-15.6%
São João,Disponível,255.0,14,7896523207988.0,Dexclorfeniramina + Betametasona Xarope 120ml Genérico Prati-Donaduzzi,"15,91","7,85",-50.7%,"7,85",-50.7%
São João,Disponível,255.0,12,7898148291267.0,Cloridrato De Metformina 850mg Genérico Prati 30 Comprimidos Revestidos,"8,38","5,99",-28.5%,"5,99",-28.5%
São João,Disponível,255.0,14,7896637023665.0,Lixiana 30mg 30 Comprimidos Revestidos,"22,44","22,44",-0.0%,"22,44",-0.0%
São João,Esgotado,255.0,14,0.0,Venalot Hypera 15mg + 90mg 60 Drágeas,0,0,0,0,0
São João,Disponível,255.0,12,7891058002725.0,Ibuprofeno 400mg Genérico Medley 10 Cápsulas,"24,70","16,49",-33.2%,"16,49",-33.2%
São João,Disponível,255.0,12,7898473020877.0,Genuxal 50mg 50 Comprimidos Astamedica,"103,64","79,31",-23.5%,"79,31",-23.5%
São João,Disponível,255.0,12,7891142982100.0,Coristina D Pro 4 Comprimidos Avulso,"43,95","43,95",-0.0%,"43,95",-0.0%
São João,Disponível,255.0,12,7891317425869.0,Trezor 5mg 30 Comprimidos Revestidos Aché,"14,53","14,53",-0.0%,"14,53",-0.0%
São João,Disponível,255.0,13,7897595636195.0,Ciprofar 500Mg 14 Comprimidos Elofar,"36,59","22,90",-37.4%,"22,90",-37.4%
São João,Disponível,255.0,12,7896094209022.0,Desduo 100mg 30 Comprimidos Revestidos Liberação Prolongada Torrent (C1),"248,63","198,90",-20.0%,"198,90",-20.0%
São João,Disponível,255.0,13,7896004720746.0,Amoxicilina + Clavulanato de Potássio Suspensão Oral 400mg/5ml 70ml Genérico Novartis,"102,04","59,90",-41.3%,"59,90",-41.3%
São João,Disponível,254.0,13,7896658015106.0,Diosmin 900mg+100mg 30 Comprimidos Aché,"126,62","102,53",-19.0%,"102,53",-19.0%
São João,Esgotado,254.0,13,0.0,Diclofenaco Resinato Genérico Cimed Suspensão Oral 20ml,0,0,0,0,0
São João,Disponível,254.0,14,7894916502641.0,Escilex 20Mg 30 Comprimidos Revestidos Sigma Pharma (C1),"45,40","40,09",-11.7%,"40,09",-11.7%
São João,Disponível,254.0,12,7899547527650.0,Albendazol 400mg Genérico Prati 3 Comprimidos Mastigáveis,"27,62","14,90",-46.1%,"14,90",-46.1%
São João,Disponível,254.0,12,7891317455040.0,Gaba ER 250mg 30 Comprimidos Eurofarma (C1),"31,03","27,59",-11.1%,"27,59",-11.1%
São João,Disponível,254.0,13,7897595901323.0,Puran T4 175mcg 28 comprimidos Sanofi,"21,98","19,59",-10.9%,"19,59",-10.9%
São João,Disponível,254.0,12,7898569760458.0,Rosuvastatina 10mg 30 Comprimidos Revestidos Genérico Althaia,"60,68","19,90",-67.2%,"19,90",-67.2%
São João,Esgotado,254.0,12,0.0,Dipirona 500mg/ml 2ml Injetável 100 Ampolas,0,0,0,0,0
São João,Disponível,254.0,14,7891317444952.0,"Asea HCT 20+12,5mg 30 Comprimidos Revestidos Supera","93,45","77,49",-17.1%,"77,49",-17.1%
São João,Disponível,254.0,14,7896094209510.0,Benziflex Lis 125mg/5mg 15 Comprimidos Revestidos,"156,27","109,39",-30.0%,"109,39",-30.0%
São João,Disponível,254.0,12,7896658027130.0,Trezete 20+10mg 60 Comprimidos Ache,"131,87","106,99",-18.9%,"106,99",-18.9%
São João,Esgotado,254.0,12,0.0,Floral Thérapi Focus 30ml,0,0,0,0,0
São João,Esgotado,254.0,12,0.0,Coglive 16mg 30 Cápsulas Dura Liberação Prolongada Liberação LIBBS (C1),0,0,0,0,0
São João,Esgotado,254.0,12,0.0,Dermosalic Solução Tópica 30ml,0,0,0,0,0
São João,Disponível,254.0,12,7898029552203.0,Diamicron MR 60mg 30 Comprimidos,"104,57","104,57",-0.0%,"104,57",-0.0%
São João,Disponível,254.0,12,7896637023115.0,Hisbila 20mg 15 Comprimidos,"29,28","26,89",-8.2%,"26,89",-8.2%
São João,Esgotado,254.0,13,0.0,Invega 6mg 28 Comprimidos Janssen-Cilag (C1),0,0,0,0,0
São João,Disponível,254.0,14,7896658005930.0,Stodal Xarope 150ml,"47,25","42,49",-10.1%,"42,49",-10.1%
São João,Disponível,254.0,13,7896004703312.0,Baclofeno 10mg 20 Comprimidos Genom,"66,41","13,90",-79.1%,"13,90",-79.1%
São João,Disponível,254.0,12,7891045031493.0,Losec Mups 20mg 28 Comprimidos Revestidos Biopas,"195,02","117,01",-40.0%,"117,01",-40.0%
São João,Disponível,254.0,14,7891268107067.0,Divena Liberação Retardada Aché 40mg 30 Comprimidos Revestidos,"161,86","112,99",-30.2%,"112,99",-30.2%
São João,Disponível,253.0,13,7896004730981.0,Citalopram 20mg 30 Comprimidos Revestidos Genérico Teuto (C1),"64,06","26,90",-58.0%,"26,90",-58.0%
São João,Disponível,253.0,13,7891142981363.0,Preni 20mg 10 Comprimidos Eurofarma,"39,94","36,49",-8.6%,"36,49",-8.6%
São João,Disponível,253.0,12,7896637024723.0,Litocit 540mg (5 Meq) 60 Comprimidos Apsen,"65,65","65,65",-0.0%,"65,65",-0.0%
São João,Esgotado,253.0,14,0.0,Leduo 30mg 60 Cápsulas Genom (C1),0,0,0,0,0
São João,Esgotado,253.0,13,0.0,Pastilha Valda Friends Café 25g,0,0,0,0,0
São João,Disponível,253.0,13,7896006290216.0,Decadron Solução Oftálmica Aché 5ml,"47,65","40,79",-14.4%,"40,79",-14.4%
São João,Disponível,253.0,12,7891317435431.0,Zinnat 500mg 14 Comprimidos Sandoz,"59,69","53,79",-9.9%,"53,79",-9.9%
São João,Esgotado,253.0,12,0.0,Óleo Essencial Therapi 10ml Brisa do Mar,0,0,0,0,0
São João,Esgotado,253.0,13,0.0,Tormiv ODG Aché 10mg 20 Sachês,0,0,0,0,0
São João,Disponível,253.0,13,7896523201559.0,Pregabalina 75mg Genérico Cimed 30 cápsulas (C1),"61,59","23,52",-61.8%,"23,52",-61.8%
São João,Esgotado,253.0,12,0.0,Seretide 50mcg + 250mcg 60 Doses,0,0,0,0,0
São João,Esgotado,253.0,13,0.0,Glicel 6 Unidades Supositório Adulto Bras Terapêutica,0,0,0,0,0
São João,Esgotado,253.0,13,0.0,Fitovein 300mg 45 cápsulas Catarinense,0,0,0,0,0
São João,Disponível,253.0,13,7897411610620.0,Novanlo 5mg 30 Comprimidos Biolab,"87,73","70,18",-20.0%,"70,18",-20.0%
São João,Disponível,253.0,14,7891317017378.0,Quet 25mg 60 Comprimidos Revestidos Eurofarma (C1),"80,69","42,09",-47.8%,"42,09",-47.8%
São João,Disponível,253.0,13,7896004790169.0,Ondansetrona 8mg 10 Comprimidos Genérico Biolab,"55,77","19,99",-64.2%,"19,99",-64.2%
São João,Disponível,253.0,12,7896637023979.0,Leponex 100mg 30 Comprimidos Mylan (C1),"132,71","132,71",-0.0%,"132,71",-0.0%
São João,Disponível,253.0,13,7891317458867.0,Reuplaq 400mg 30 Comprimidos Revestidos Eurofarma,"909,92","199,90",-78.0%,"199,90",-78.0%
São João,Disponível,253.0,12,7896004749648.0,Tadalafila 20mg 4 Comprimidos Revestidos Genérico EMS,"42,28","9,90",-76.6%,"9,90",-76.6%
São João,Disponível,253.0,13,7897411610620.0,Benicar ODT 40mg 30 Comprimidos Sankyo,"87,73","70,18",-20.0%,"70,18",-20.0%
São João,Disponível,253.0,13,7896094927797.0,Kelac 10mg 10 Comprimidos Hypera Pharma,"28,64","28,64",-0.0%,"28,64",-0.0%
São João,Disponível,253.0,12,7896004719597.0,Amoxicilina + Clavulanato de Potássio 875mg 12 Comprimidos Revestidos Genérico EMS,"194,22","138,89",-28.5%,"138,89",-28.5%
São João,Disponível,253.0,13,7896637023665.0,Miosan Caf 10mg/60mg 15 Comprimidos Revestidos,"22,44","22,44",-0.0%,"22,44",-0.0%
São João,Disponível,253.0,12,7896112406501.0,Cronobe Complex 3 Ampolas Injetável Biolab,"26,30","24,39",-7.3%,"24,39",-7.3%
São João,Disponível,253.0,13,7896422507295.0,Cetoprofeno 100mg 20 Comprimidos Revestidos Genérico Medley,"45,22","30,59",-32.4%,"30,59",-32.4%
São João,Esgotado,253.0,12,0.0,Voltaren 75mg 3ml Injetável Novartis,0,0,0,0,0
São João,Disponível,253.0,15,7896261003996.0,Flotac 70mg 14 Comprimidos Novartis,"36,99","21,17",-42.8%,"21,17",-42.8%
São João,Disponível,253.0,12,7896637023115.0,"Reducilim 1,25mg 35 Comprimidos FQM","29,28","26,89",-8.2%,"26,89",-8.2%
São João,Esgotado,253.0,12,0.0,Xarope Leucogen 120ml Aché,0,0,0,0,0
São João,Disponível,253.0,12,7896637031509.0,4Flex 30 Comprimidos,"72,96","72,96",-0.0%,"72,96",-0.0%
São João,Disponível,252.0,12,7896637024358.0,Angipress 50mg 30 Comprimidos Aché,"83,67","83,67",-0.0%,"83,67",-0.0%
São João,Disponível,252.0,13,7891010256401.0,Mytedom 10mg 20 Comprimidos,"91,14","79,69",-12.6%,"79,69",-12.6%
São João,Disponível,252.0,13,7896004700991.0,Claritromicina Genérico EMS 500mg 14 Comprimidos,"273,10","119,90",-56.1%,"119,90",-56.1%
São João,Disponível,252.0,14,7896658036354.0,Levofloxacino 750mg 7 Comprimidos Revestidos Genérico Aché,"119,53","79,90",-33.2%,"79,90",-33.2%
São João,Esgotado,252.0,12,0.0,"Restasis Emulsão Oftálmica 30 Flaconetes de 0,4ml",0,0,0,0,0
São João,Disponível,252.0,12,7896732600433.0,Neogermina 5ml 10 flaconetes,"6,99","4,49",-35.8%,"4,49",-35.8%
São João,Esgotado,252.0,12,0.0,Enomagno Leite de Magnésia Tradicional 350ml,0,0,0,0,0
São João,Esgotado,252.0,12,0.0,Gargojuice 3mg 12 Pastilhas,0,0,0,0,0
São João,Disponível,252.0,13,7896255717724.0,Venula 200Mg 30 Cápsulas Biolab,"40,84","35,29",-13.6%,"35,29",-13.6%
São João,Esgotado,252.0,13,0.0,Sensilatte Sem Sabor 9000FCC 30 Cápsulas Prati,0,0,0,0,0
São João,Esgotado,252.0,12,0.0,Ana-Flex 35 + 300 + 50mg 30 Comprimidos Cristália,0,0,0,0,0
São João,Esgotado,252.0,15,0.0,Hidrali 500ml de Uva Roxa,0,0,0,0,0
São João,Disponível,252.0,12,7897595901033.0,Pasalix Pi 1000mg 20 Comprimidos Marjan,"17,16","15,69",-8.6%,"15,69",-8.6%
São João,Disponível,252.0,13,7896714291987.0,Mirador Cólica 20 Comprimidos,"15,90","15,90",-0.0%,"15,90",-0.0%
São João,Esgotado,252.0,13,0.0,Colírio Cineraria Marítima Almeida Prado 10ml,0,0,0,0,0
São João,Disponível,252.0,12,7896523201122.0,Rivaroxabana 20mg Genérico Aché 28 comprimidos,"241,14","47,53",-80.3%,"47,53",-80.3%
São João,Disponível,252.0,14,7896004703596.0,Paracetamol 750mg 20 Comprimidos Genérico EMS,"23,22","13,49",-41.9%,"13,49",-41.9%
São João,Disponível,252.0,12,7896112408970.0,Fluvoxamina 100mg 30 Comprimidos Revestidos Genérico Biolab (C1),"230,29","184,23",-20.0%,"184,23",-20.0%
São João,Esgotado,252.0,14,0.0,Hidrocortisona Pomada 10mg 30g Genérico EMS,0,0,0,0,0
São João,Disponível,252.0,13,7898569760496.0,Rosuvastatina 5mg 30 Comprimidos Revestidos Genérico Althaia,"88,12","23,90",-72.9%,"23,90",-72.9%
São João,Disponível,252.0,14,7891058005986.0,Pantoprazol Genérico Medley 20mg 28 Comprimidos Revestidos,"108,98","40,09",-63.2%,"40,09",-63.2%
São João,Disponível,252.0,13,7896637023658.0,Lisador Cólica 20 Comprimidos Revestidos,"20,15","20,15",-0.0%,"20,15",-0.0%
São João,Esgotado,251.0,12,0.0,Britens 10ml União Química,0,0,0,0,0
São João,Disponível,251.0,14,7896094210271.0,"Iumi ES 3mg/0,02mg 30 Comprimidos Revestidos","76,95","65,19",-15.3%,"65,19",-15.3%
São João,Disponível,251.0,15,7896094209510.0,"Iziz 2,5mg/1,5mg 72 Comprimidos Revestidos + 12 Placebos","156,27","109,39",-30.0%,"109,39",-30.0%
São João,Esgotado,251.0,12,0.0,Lactofos 15 Saches 6g FQM,0,0,0,0,0
São João,Disponível,251.0,12,7891317129781.0,"Tamisa 0,075 + 0,030mg 63 Drágeas/Comprimidos Eurofarma","249,06","199,89",-19.7%,"199,89",-19.7%
São João,Esgotado,251.0,12,0.0,Mesigyna Solução Injetável 1 Ampola de 1ml,0,0,0,0,0
São João,Disponível,251.0,13,7896112408970.0,Semtri Maleato de Fluvoxamina 100mg Biolab 30 Comprimidos,"230,29","184,23",-20.0%,"184,23",-20.0%
São João,Esgotado,251.0,12,0.0,Canabidiol Promediol 200mg/30ml Biolab (B1),0,0,0,0,0
São João,Disponível,251.0,13,7896523201542.0,Succinato De Metoprolol 50mg Astrazeneca Genérico 30 Comprimidos Revestidos,"85,49","49,90",-41.6%,"49,90",-41.6%
São João,Disponível,251.0,13,7898569760458.0,Valsartana 160mg Genérico Althaia 30 Comprimidos Revestidos,"60,68","19,90",-67.2%,"19,90",-67.2%
São João,Disponível,251.0,14,7891142158130.0,"Livial 2,5mg 28 Comprimidos Organon","25,88","22,89",-11.6%,"22,89",-11.6%
São João,Disponível,251.0,13,7896181920410.0,Foritus 500mg 14 Comprimidos Revestidos,"14,94","5,70",-61.8%,"5,70",-61.8%
São João,Disponível,251.0,13,8903855092782.0,Rosucor Eze 5 + 10mg 30 Cápsulas Torrent,"73,42","60,19",-18.0%,"60,19",-18.0%
São João,Esgotado,251.0,15,0.0,Lipanon 250mg 30 Cápsulas Farmasa,0,0,0,0,0
São João,Disponível,251.0,12,7896181906582.0,Lur 5mg 10 Comprimidos Biosintética,"23,78","7,43",-68.8%,"7,43",-68.8%
São João,Esgotado,251.0,12,0.0,Biomag 15mg 60 Cápsulas Aché (B2),0,0,0,0,0
São João,Disponível,251.0,14,7896637023979.0,Prebictal 100mg 30 Comprimidos Adium (C1),"132,71","132,71",-0.0%,"132,71",-0.0%
São João,Disponível,251.0,13,7891721023576.0,Roxflan 5mg 30 Comprimidos Merck,"86,21","86,21",-0.0%,"86,21",-0.0%
São João,Disponível,251.0,12,7896004718460.0,Betametasona Creme Dermatológico 30g Genérico EMS,"32,18","15,69",-51.2%,"15,69",-51.2%
São João,Esgotado,251.0,13,0.0,Belspan 20ml Belfar,0,0,0,0,0
São João,Disponível,251.0,14,7891106904582.0,Livalo 2mg 90 Comprimidos Biolab,"73,39","60,99",-16.9%,"60,99",-16.9%
São João,Disponível,251.0,13,7897076923806.0,Amoxicilina + Clavulanato De Potássio 875mg 20 Comprimidos Genérico Ranbaxy,"100,32","59,90",-40.3%,"59,90",-40.3%
São João,Esgotado,251.0,14,0.0,Traumac Aerosol 125ml Catarinense,0,0,0,0,0
São João,Disponível,251.0,15,7898040321338.0,Utrogestan FQM/Besins 100mg 30 Cápsulas,"85,16","70,79",-16.9%,"70,79",-16.9%
São João,Disponível,251.0,14,7896523227450.0,Valeriana Cimed 50mg 20 Comprimidos,"170,77","15,87",-90.7%,"15,87",-90.7%
São João,Disponível,251.0,14,5702191025637.0,Advantan LC 20g Leofarma,"83,36","75,39",-9.6%,"75,39",-9.6%
São João,Esgotado,251.0,12,0.0,Novalgina Dipirona Dor e Febre Gotas Sanofi 500mg/ml 10ml,0,0,0,0,0
São João,Disponível,251.0,12,7891317177652.0,"Paratram 37,5+325mg 10 Comprimidos Revestidos Adium (A2)","93,49","77,49",-17.1%,"77,49",-17.1%
São João,Disponível,251.0,14,7894916515764.0,Sensaz 10mg 30 Comprimidos Cristália (C1),"52,75","52,75",-0.0%,"52,75",-0.0%
São João,Disponível,251.0,14,7891721201806.0,Glivance Xr 500+30mg 30 Comprimidos Merck,"11,81","8,49",-28.1%,"8,49",-28.1%
São João,Disponível,251.0,14,7896241293669.0,Paxil CR 25mg 30 Comprimidos GSK (C1),"39,75","29,79",-25.1%,"29,79",-25.1%
São João,Disponível,251.0,12,7897473207011.0,Mometasona 50mcg 120 Doses Genérico Glenmark,"57,52","33,90",-41.1%,"33,90",-41.1%
São João,Esgotado,250.0,12,0.0,"Tamarine Pó para Solução Oral 10 Sachês de 5,7g",0,0,0,0,0
São João,Disponível,250.0,12,7896658027130.0,Trezete 20mg/10mg 30 Comprimidos Revestidos,"131,87","106,99",-18.9%,"106,99",-18.9%
São João,Disponível,250.0,13,7896004711188.0,Sinvastatina 40mg 30 Comprimidos Revestidos Genérico EMS,"62,62","21,99",-64.9%,"21,99",-64.9%
São João,Disponível,250.0,12,7896004703596.0,Paracetamol 750mg Belfar Genérico 10 Comprimidos,"23,22","13,49",-41.9%,"13,49",-41.9%
São João,Esgotado,250.0,13,0.0,Pomada Nebacetin Baby Prevenção 120g Hypera Pharma,0,0,0,0,0
São João,Disponível,250.0,13,7896637022569.0,Nebilet 5mg 60 Comprimidos,"74,30","62,29",-16.2%,"62,29",-16.2%
São João,Disponível,250.0,13,7896014681426.0,Ondansetrona 8mg 10 Comprimidos Revestidos Genérico Blau,"1096,22","105,23",-90.4%,"105,23",-90.4%
São João,Disponível,250.0,14,7898569763015.0,Olmesartana 20mg 30 Comprimidos Revestidos Genérico Eurofarma,"46,46","27,90",-39.9%,"27,90",-39.9%
São João,Disponível,250.0,12,7896637023115.0,Plavix 75mg 28 Comprimidos Medley,"29,28","26,89",-8.2%,"26,89",-8.2%
São João,Disponível,250.0,13,7896714274645.0,Primolut-Nor 10mg 30 Comprimidos Genom,"27,78","25,29",-9.0%,"25,29",-9.0%
São João,Disponível,250.0,12,7896241293669.0,Provera 10mg 14 Comprimidos,"39,75","29,79",-25.1%,"29,79",-25.1%
São João,Disponível,250.0,14,7897851220779.0,OsCal Cálcio+ 500mg 60 Comprimidos,"76,75","62,59",-18.4%,"62,59",-18.4%
São João,Disponível,250.0,13,7896181906582.0,Oxcene 4mg 30 Comprimidos Biosintética,"23,78","7,43",-68.8%,"7,43",-68.8%
São João,Disponível,250.0,12,7898908753141.0,"Traumeel S 301,5mg 50 Comprimidos Sublinguais","94,99","75,99",-20.0%,"75,99",-20.0%
São João,Disponível,250.0,12,7896658047992.0,Trezete 10+10mg 60 Comprimidos Revestidos Aché,"168,73","139,09",-17.6%,"139,09",-17.6%
São João,Disponível,250.0,12,7897851200603.0,Floratil 250mg 10 Cápsulas,"93,14","77,19",-17.1%,"77,19",-17.1%
São João,Esgotado,250.0,12,0.0,Benegrip Multi Noite 800mg/20mg 4 Comprimidos,0,0,0,0,0
São João,Esgotado,250.0,13,0.0,Tylenol Gotas 15ml,0,0,0,0,0
São João,Disponível,250.0,13,7896637023115.0,Tynna 20mg 15 Comprimidos Supera,"29,28","26,89",-8.2%,"26,89",-8.2%
São João,Disponível,250.0,15,7896004708942.0,Espironolactona 25mg 30 Comprimidos Genérico EMS,"29,60","17,09",-42.3%,"17,09",-42.3%
São João,Disponível,250.0,13,7896004789828.0,Desloratadina 5mg 10 Comprimidos Revestidos Genérico Germed,"74,20","16,99",-77.1%,"16,99",-77.1%
São João,Disponível,250.0,13,7896112421498.0,Xefo 8mg 30 Comprimidos Revestidos Biolab,"53,68","47,09",-12.3%,"47,09",-12.3%
São João,Disponível,250.0,14,7896094203044.0,"Glink Met 2,5mg + 1000mg 60 Comprimidos Revestidos Libbs","229,49","160,64",-30.0%,"160,64",-30.0%
São João,Disponível,250.0,13,7896004730134.0,Sildenafila 50mg 4 Comprimidos Revestidos Genérico Prati,"18,55","7,99",-56.9%,"7,99",-56.9%
São João,Disponível,250.0,13,7896094210714.0,Naprix 10mg 90 Comprimidos Libbs,"185,74","148,59",-20.0%,"148,59",-20.0%
São João,Disponível,249.0,14,7896004706795.0,Mesalazina 800mg 30 Comprimidos Revestidos Genérico EMS,"21,73","3,90",-82.1%,"3,90",-82.1%
São João,Disponível,249.0,12,7898216367498.0,Dimesilato de Lisdexanfetamina 30mg 30 Cápsulas Genérico Pharlab (A3),"303,04","209,99",-30.7%,"209,99",-30.7%
São João,Esgotado,249.0,13,0.0,Eno Tabs Frutas Sortidas 48 Comprimidos,0,0,0,0,0
São João,Disponível,249.0,15,7896181920410.0,Ruva 5mg 30 Comprimidos Revestidos Eurofarma,"14,94","5,70",-61.8%,"5,70",-61.8%
São João,Esgotado,249.0,13,0.0,Vicog 30 Comprimidos Marjan Farma,0,0,0,0,0
São João,Disponível,249.0,13,7896004749358.0,Pantoprazol 40mg 42 Comprimidos Revestidos Genérico EMS,"77,39","39,90",-48.4%,"39,90",-48.4%
São João,Esgotado,249.0,12,0.0,Hidralis Sais 45 4 Envelopes Laranja Airela,0,0,0,0,0
São João,Disponível,249.0,13,7896658027130.0,Benicar Triplo 40mg/25mg/10mg 30 Comprimidos Revestidos,"131,87","106,99",-18.9%,"106,99",-18.9%
São João,Disponível,249.0,13,7896094209510.0,"Glink Met 2,5mg + 500mg 60 Comprimidos Revestidos Libbs","156,27","109,39",-30.0%,"109,39",-30.0%
São João,Disponível,249.0,12,7896004731322.0,Cardilol 25mg 60 Comprimidos Libbs,"116,69","41,89",-64.1%,"41,89",-64.1%
São João,Disponível,249.0,12,7896261003996.0,Cataflam 50mg 10 Comprimidos Novartis,"36,99","21,17",-42.8%,"21,17",-42.8%
São João,Esgotado,249.0,13,0.0,Invega Sustenna 100mg Injeção Janssen (C1),0,0,0,0,0
São João,Esgotado,249.0,12,0.0,"TecnoMet 2,5mg 20 Comprimidos Adium",0,0,0,0,0
São João,Disponível,249.0,12,7897411610620.0,Benicar Anlo 40+5mg 30 Comprimidos Revestidos Sankyo,"87,73","70,18",-20.0%,"70,18",-20.0%
São João,Disponível,249.0,12,7896548197554.0,Triplenex Solução Oftálmica 5ml,"52,63","46,79",-11.1%,"46,79",-11.1%
São João,Esgotado,249.0,13,0.0,"Combfix 37,5/325mg 10 Comprimidos Biosintética (A2)",0,0,0,0,0
São João,Disponível,249.0,13,7896658000379.0,Pamelor 50mg 30 Comprimidos Cellera (C1),"34,57","30,49",-11.8%,"30,49",-11.8%
São João,Disponível,249.0,14,7891317465650.0,"Amora 2mg/0,03mg 21 Comprimidos Revestidos","75,40","64,59",-14.3%,"64,59",-14.3%
São João,Disponível,249.0,12,7899420507410.0,Nimegon Met 50+850mg 56 Comprimidos Revestidos Supera,"58,34","49,39",-15.3%,"49,39",-15.3%
São João,Disponível,249.0,13,7896422506649.0,Bromexina 120ml Adulto Genérico Medley,"23,17","11,90",-48.6%,"11,90",-48.6%
São João,Disponível,249.0,13,7896004704999.0,Cloperastina Xarope 120ml Genérico EMS,"24,20","18,59",-23.2%,"18,59",-23.2%
São João,Esgotado,248.0,13,0.0,Luftal Gel 10 Cápsulas Reckitt,0,0,0,0,0
São João,Disponível,248.0,13,7891317177652.0,Primogyna 1mg 84 Comprimidos Revestidos Bayer,"93,49","77,49",-17.1%,"77,49",-17.1%
São João,Disponível,248.0,14,7896523214627.0,Ciclobenzaprina 5mg 30 Comprimidos Revestidos Genérico EMS,"25,46","15,99",-37.2%,"15,99",-37.2%
São João,Esgotado,248.0,12,0.0,Lactulaxy 667mg/ml Solução Oral Ameixa 120ml,0,0,0,0,0
São João,Esgotado,248.0,12,0.0,Pomada Dbriz 15g Supera,0,0,0,0,0
São João,Disponível,248.0,13,7894916510004.0,"Malena HCT 20+12,5mg 30 Comprimidos Sigma Pharma","106,25","106,25",-0.0%,"106,25",-0.0%
São João,Disponível,248.0,14,7896004775043.0,Aciclovir 400mg 30 Comprimidos Genérico Novartis,"207,20","99,00",-52.2%,"99,00",-52.2%
São João,Disponível,248.0,14,7897595604460.0,"Lectrum 3,75mg Injeção 1,5ml Sandoz","1042,17","280,49",-73.1%,"280,49",-73.1%
São João,Disponível,248.0,12,7891010256401.0,Valium 10mg 30 Comprimidos Moksha8 (B1),"91,14","79,69",-12.6%,"79,69",-12.6%
São João,Disponível,248.0,13,7896658015106.0,Lamitor CD 50mg 30 Comprimidos Torrent (C1),"126,62","102,53",-19.0%,"102,53",-19.0%
São João,Disponível,248.0,14,7896094210295.0,Gripinew 250mg/30mg/250mg/2mg 20 Comprimidos Revestidos,"243,34","170,34",-30.0%,"170,34",-30.0%
São João,Disponível,248.0,12,7896094206366.0,Venzer 32mg 30 Comprimidos Libbs,"84,02","69,49",-17.3%,"69,49",-17.3%
São João,Esgotado,248.0,12,0.0,Arcoxia Supera 90mg 14 Comprimidos (C1),0,0,0,0,0
São João,Disponível,248.0,14,7896004715032.0,Nevralgex 300mg + 50mg + 35mg 30 comprimidos,"21,90","20,59",-6.0%,"20,59",-6.0%
São João,Esgotado,248.0,13,0.0,Pralivio 100mg 20ml Cimed,0,0,0,0,0
São João,Disponível,248.0,13,7891317036966.0,Pondera 15mg 20 Comprimidos Revestidos Eurofarma (C1),"172,18","143,39",-16.7%,"143,39",-16.7%
São João,Disponível,248.0,13,7896006290216.0,Lascaft Solução Oftalmológica 3ml,"47,65","40,79",-14.4%,"40,79",-14.4%
São João,Disponível,248.0,12,7896112486787.0,Bi-Profenid 150mg 10 Comprimidos Aventis,"56,60","5,80",-89.8%,"5,80",-89.8%
São João,Esgotado,248.0,12,0.0,Lexotan 3mg 30 Comprimidos Moksha8 (B1),0,0,0,0,0
São João,Disponível,248.0,12,7896004703336.0,Fluconazol Genérico EMS 150mg 1 Cápsula,"15,59","7,99",-48.7%,"7,99",-48.7%
São João,Disponível,248.0,12,7896004703411.0,Amoxicilina + Clavulanato de Potássio 500mg 18 Comprimidos Genérico EMS,"167,14","100,49",-39.9%,"100,49",-39.9%
São João,Disponível,248.0,13,7896004751009.0,Desvenlafaxina Genérico EMS 50mg 30 Comprimidos Revestidos (C1),"166,71","66,49",-60.1%,"66,49",-60.1%
São João,Disponível,248.0,13,7894916502641.0,"Linadib Duo 2,5mg + 1000mg 60 Comprimidos Revestidos Sigma Pharma","45,40","40,09",-11.7%,"40,09",-11.7%
São João,Esgotado,248.0,13,0.0,Buscofem Hot 2 Adesivos Avulsos,0,0,0,0,0
São João,Esgotado,248.0,15,0.0,"Optive UD 0,4ml 30 Unidades Allergan",0,0,0,0,0
São João,Disponível,248.0,13,7894916501408.0,Ceclor 250Mg 100Ml Sigma Pharma,"77,73","64,19",-17.4%,"64,19",-17.4%
São João,Disponível,248.0,12,7896523202822.0,Loratamed 10mg 12 Comprimidos,"14,90","13,79",-7.4%,"13,79",-7.4%
São João,Esgotado,248.0,12,0.0,Nitazoxanida 20mg/ml Genérico Germed caixa Com 1 frasco Com pó para suspensão De uso oral (frasco Co,0,0,0,0,0
São João,Disponível,248.0,12,7894916513173.0,Buscoduo 10mg/500mg 20 Comprimidos Revestidos,"163,58","133,39",-18.5%,"133,39",-18.5%
São João,Disponível,248.0,13,7896637032247.0,Lactosil Flora 30 Cápsulas,"126,90","86,90",-31.5%,"86,90",-31.5%
São João,Disponível,248.0,12,7896523208770.0,Fluconazol 150mg 2 Cápsulas Genérico Cimed,"23,03","6,29",-72.7%,"6,29",-72.7%
São João,Disponível,248.0,14,7897595633675.0,Clopidogrel 75mg 28 Comprimidos Revisado Genérico EMS,"67,46","29,99",-55.5%,"29,99",-55.5%
São João,Esgotado,247.0,12,0.0,Vensate LP 150mg 30 Cápsulas Cristália (C1),0,0,0,0,0
São João,Disponível,247.0,12,7896094207851.0,Zider 10mg 120 Comprimidos Revestidos Libbs (C1),"58,81","49,89",-15.2%,"49,89",-15.2%
São João,Disponível,247.0,12,7896004789873.0,Vynaxa 20mg 30 Comprimidos Revestidos EMS,"51,77","51,77",-0.0%,"51,77",-0.0%
São João,Esgotado,247.0,14,0.0,Sepurin 120mg/20mg 20 Drágeas,0,0,0,0,0
São João,Esgotado,247.0,13,0.0,"Umma Creme Ginecológico 6,5g",0,0,0,0,0
São João,Disponível,247.0,12,7896004715032.0,Torsilax 125mg + 50mg + 300mg + 30mg 10 Comprimidos,"21,90","20,59",-6.0%,"20,59",-6.0%
São João,Esgotado,247.0,13,0.0,Apice 75mg 30 Cápsulas Supera (C1),0,0,0,0,0
São João,Disponível,247.0,14,7896637022569.0,Piemonte 5mg 60 Comprimidos Eurofarma,"74,30","62,29",-16.2%,"62,29",-16.2%
São João,Disponível,247.0,15,7897337716215.0,Brasart BCC 320mg/5mg 30 Comprimidos Revestidos,"61,04","41,50",-32.0%,"41,50",-32.0%
São João,Esgotado,247.0,12,0.0,Brimonidina 5ml Genérico EMS,0,0,0,0,0
São João,Esgotado,247.0,12,0.0,Naturetti Geleia 130g Hypera Pharma,0,0,0,0,0
São João,Esgotado,247.0,13,0.0,Floratil 250mg em Pó 10 Envelopes,0,0,0,0,0
São João,Disponível,247.0,13,7896523227566.0,Ibuprofeno 100mg/ml Genérico MedQuímica Solução Oral 20ml,"22,19","6,49",-70.8%,"6,49",-70.8%
São João,Esgotado,247.0,14,0.0,Florax Sem Sabor Adulto 5mL 5 Frascos Hebron,0,0,0,0,0
São João,Esgotado,247.0,14,0.0,Equilid 50mg 20 Cápsulas Aventis (C1),0,0,0,0,0
São João,Disponível,247.0,14,7896004715032.0,Engov 15mg/150mg/150mg/50mg 6 Comprimidos,"21,90","20,59",-6.0%,"20,59",-6.0%
São João,Esgotado,247.0,13,0.0,Spray de Própolis Mel Gengibre 35ml,0,0,0,0,0
São João,Disponível,247.0,12,7896422525206.0,Citrato De Sildenafila 50mg Genérico Medley 2 Comprimidos Revestidos,"82,31","18,90",-77.0%,"18,90",-77.0%
São João,Disponível,247.0,13,7896004748214.0,Quetiapina 100mg 30 Comprimidos Revestidos Genérico EMS (C1),"59,87","15,10",-74.8%,"15,10",-74.8%
São João,Disponível,247.0,13,7891317465650.0,"Selene 0,035mg/2mg 63 Comprimidos Revestidos","75,40","64,59",-14.3%,"64,59",-14.3%
São João,Disponível,247.0,14,7896004700564.0,Carbocisteína Xarope Infantil 100ml Genérico Prati-Donaduzzi,"26,98","25,59",-5.2%,"25,59",-5.2%
São João,Disponível,246.0,13,7897917006163.0,Albendazol 40mg/ml Genérico Prati Suspensão Oral 10ml,"9,02","5,39",-40.2%,"5,39",-40.2%
São João,Disponível,246.0,13,7899547508437.0,Ralzin 100mg 30 Comprimidos Revestidos Prati Donaduzzi (C1),"87,29","31,04",-64.4%,"31,04",-64.4%
São João,Disponível,246.0,12,7896523200118.0,Sumatriptana 50mg 6 Comprimidos Revestidos Genérico Biolab,"65,71","34,49",-47.5%,"34,49",-47.5%
São João,Disponível,246.0,13,7894916513173.0,Amato 25mg 60 Comprimidos Revestidos,"163,58","133,39",-18.5%,"133,39",-18.5%
São João,Disponível,246.0,13,7891317435431.0,Clavulin BD 875mg 14 Comprimidos Revestidos,"59,69","53,79",-9.9%,"53,79",-9.9%
São João,Disponível,246.0,12,7899547504682.0,Terbinafina 250mg 28 Comprimidos Genérico Prati-Donaduzzi,"178,83","96,99",-45.8%,"96,99",-45.8%
São João,Disponível,246.0,13,7896004718804.0,"Alprazolam 0,5mg 30 Comprimidos Genérico Biosintética (B1)","15,95","4,99",-68.7%,"4,99",-68.7%
São João,Disponível,246.0,14,7896094208674.0,"Diminut 0,075mg/0,02mg 21 Comprimidos Revestidos","182,45","127,72",-30.0%,"127,72",-30.0%
São João,Esgotado,246.0,14,0.0,Digesan 10mg 20 Cápsulas Eurofarma,0,0,0,0,0
São João,Disponível,246.0,13,7891317038878.0,Gésico Eurofarma 50mg 10 Cápsulas (A2),"381,12","199,00",-47.8%,"199,00",-47.8%
São João,Disponível,246.0,15,7896004709123.0,"Atenolol + Clortalidona 50mg + 12,5mg 30 Comprimidos Genérico Sandoz","67,73","67,73",-0.0%,"67,73",-0.0%
São João,Esgotado,246.0,12,0.0,Gelmax EMS Tradicional 240ml,0,0,0,0,0
São João,Disponível,246.0,12,7896094207851.0,Aymee 10mg 7 Comprimidos Revestidos Libbs (C1),"58,81","49,89",-15.2%,"49,89",-15.2%
São João,Esgotado,246.0,12,0.0,Anador 1g 20 Comprimidos,0,0,0,0,0
São João,Disponível,246.0,14,7894916500586.0,Azi Sigma Pharma 500mg 3 Comprimidos,"43,82","37,49",-14.4%,"37,49",-14.4%
São João,Esgotado,246.0,14,0.0,Lisador Dip Solução Oral 20ml,0,0,0,0,0
São João,Disponível,246.0,14,7896523207803.0,Diclofenaco Dietilamônio Gel 60g Genérico EMS,"20,70","10,59",-48.8%,"10,59",-48.8%
São João,Disponível,246.0,13,7899095250901.0,Tramadol 100mg 15ml Genérico Germed (A2),"180,09","69,90",-61.2%,"69,90",-61.2%
São João,Esgotado,246.0,13,0.0,"Etna 1,0mg/2,5mg/1,5mg 50 Cápsulas Duras",0,0,0,0,0
São João,Disponível,246.0,12,7896523207704.0,Loratadina 1mg/ml Genérico Cimed Xarope 100ml,"37,96","8,15",-78.5%,"8,15",-78.5%
São João,Esgotado,246.0,13,0.0,Oxycontin 20Mg 28 Comprimidos Mundipharma (A1),0,0,0,0,0
São João,Disponível,246.0,12,7894916508506.0,"Microdiol 0,15mg/0,03mg 21 Comprimidos Revestidos","68,82","68,82",-0.0%,"68,82",-0.0%
São João,Disponível,246.0,12,7898148295159.0,Ibuprofeno 600mg Genérico Prati 30 Comprimidos Revestidos,"22,99","10,19",-55.7%,"10,19",-55.7%
São João,Disponível,246.0,14,7897851250622.0,Vytorin 10+40mg 30 Comprimidos Organon,"43,49","43,49",-0.0%,"43,49",-0.0%
São João,Disponível,245.0,13,7896004737119.0,Paroxetina 20mg 30 Comprimidos Revestidos Genérico Teuto (C1),"60,52","29,90",-50.6%,"29,90",-50.6%
São João,Esgotado,245.0,13,0.0,Allexofedrin Pediátrico Framboesa Suspensão Oral 60ml,0,0,0,0,0
São João,Disponível,245.0,14,7896523201054.0,Domperidona 10mg Genérico Ranbaxy 30 Comprimidos,"21,53","10,89",-49.4%,"10,89",-49.4%
São João,Disponível,245.0,12,7896658021688.0,"Allestra 15 0,015+0,06mg 84 Comprimidos Revestidos Aché","60,45","50,49",-16.5%,"50,49",-16.5%
São João,Esgotado,245.0,13,0.0,Dorilax DT 450+50+35mg 4 Comprimidos Envelope Avulso Aché,0,0,0,0,0
São João,Disponível,245.0,13,7896004703312.0,Acertanlo 14+10mg 30 Comprimidos Servier,"66,41","13,90",-79.1%,"13,90",-79.1%
São João,Disponível,245.0,12,7896004705736.0,Cetoprofeno 50mg 24 Cápsulas Genérico EMS,"40,35","18,90",-53.2%,"18,90",-53.2%
São João,Esgotado,245.0,14,0.0,Jogger 500+400mg 30 Cápsulas Biosintética,0,0,0,0,0
São João,Disponível,245.0,12,7896181920410.0,Paco 500+30Mg 12 Comprimidos Revestidos,"14,94","5,70",-61.8%,"5,70",-61.8%
São João,Disponível,245.0,15,7896658000379.0,Biofenac DI 50mg 10 Comprimidos Aché,"34,57","30,49",-11.8%,"30,49",-11.8%
São João,Disponível,245.0,14,7896004733234.0,Prednisolona 3mg 120ml Genérico Biosintética,"23,36","10,90",-53.3%,"10,90",-53.3%
São João,Disponível,245.0,15,7896112121145.0,Tramadol 50mg 10 Cápsulas Genérico Germed (A2),"37,51","19,90",-46.9%,"19,90",-46.9%
São João,Esgotado,245.0,13,0.0,Traumeel S 10 Ampolas Heel,0,0,0,0,0
São João,Disponível,245.0,14,7898029556812.0,"Natrilix SR 1,5mg 30 Comprimidos Revestidos Servier","86,84","70,59",-18.7%,"70,59",-18.7%
São João,Esgotado,245.0,13,0.0,Creme Belavie 30g Genom,0,0,0,0,0
São João,Esgotado,245.0,13,0.0,Óleo Essencial Therapi Alecrim 10ml,0,0,0,0,0
São João,Disponível,245.0,13,7896422504621.0,Zinpass Eze 10mg/10mg 30 Comprimidos Revestidos,"90,01","72,59",-19.4%,"72,59",-19.4%
São João,Disponível,244.0,12,7896658008849.0,Levoid 112mcg 30 Comprimidos Aché,"33,99","30,09",-11.5%,"30,09",-11.5%
São João,Disponível,244.0,13,7896004703596.0,"Tramadol + Paracetamol 37,5mg + 325mg 10 Comprimidos Genérico EMS (A2)","23,22","13,49",-41.9%,"13,49",-41.9%
São João,Disponível,244.0,13,7892953208618.0,Tormiv SL 10mg 10 Comprimidos Sublinguais,"36,14","14,46",-60.0%,"14,46",-60.0%
São João,Disponível,244.0,13,7896094208858.0,Plenance 10mg 90 Comprimidos Revestidos,"137,00","111,29",-18.8%,"111,29",-18.8%
São João,Disponível,244.0,13,7896004821610.0,Ondansetrona 4mg 30 Comprimidos Orodispersíveis Genérico Althaia,"30,73","14,90",-51.5%,"14,90",-51.5%
São João,Disponível,244.0,14,7896004710679.0,Simeticona 125mg 10 Cápsulas Genérico EMS,"41,71","18,59",-55.4%,"18,59",-55.4%
São João,Disponível,244.0,13,7891317125455.0,Forfig 200mg 60 Cápsulas,"88,54","74,19",-16.2%,"74,19",-16.2%
São João,Disponível,244.0,13,7896004704593.0,Amoxicilina 400mg 100ml Genérico EMS,"53,74","32,90",-38.8%,"32,90",-38.8%
São João,Disponível,244.0,14,7896658000393.0,Caldê Max 60 Comprimidos,"56,36","49,09",-12.9%,"49,09",-12.9%
São João,Esgotado,244.0,12,0.0,Floratil 250mg 6 Cápsulas,0,0,0,0,0
São João,Disponível,244.0,12,7891158103384.0,Azod 50mg 60 Comprimidos Revestidos Supera (C1),"431,23","431,23",-0.0%,"431,23",-0.0%
São João,Disponível,244.0,13,7899547510119.0,Dicloridrato De Betaistina 24mg Genérico Prati 30 Comprimidos,"35,98","19,90",-44.7%,"19,90",-44.7%
São João,Disponível,244.0,13,7896004789873.0,Emprol XR 25mg 30 Comprimidos Revestidos,"51,77","51,77",-0.0%,"51,77",-0.0%
São João,Disponível,244.0,14,7898029552203.0,Diovan 160mg 28 Comprimidos FQM,"104,57","104,57",-0.0%,"104,57",-0.0%
São João,Disponível,244.0,13,7897411610620.0,"Benicar HCT 40mg+12,5mg 30 Comprimidos Sankyo","87,73","70,18",-20.0%,"70,18",-20.0%
São João,Disponível,244.0,13,7898430195808.0,Lipidil 160mg 60 Comprimidos Abbott,"110,12","110,12",-0.0%,"110,12",-0.0%
São João,Disponível,244.0,13,7896422515023.0,Clonazepam 2mg 60 Comprimidos Genérico EMS (B1),"34,31","19,90",-42.0%,"19,90",-42.0%
São João,Disponível,244.0,15,7896637023665.0,Evista 60mg 30 Comprimidos Revestidos Lilly,"22,44","22,44",-0.0%,"22,44",-0.0%
São João,Esgotado,244.0,12,0.0,Aristab 10mg 60 Comprimidos Aché (C1),0,0,0,0,0
São João,Disponível,244.0,15,7894916502641.0,Targin 10+5mg 28 Comprimidos Revestidos  Mundipharma (A1),"45,40","40,09",-11.7%,"40,09",-11.7%
São João,Esgotado,244.0,13,0.0,Gotas Prostáticas Praiamar 60ml,0,0,0,0,0
São João,Esgotado,244.0,12,0.0,Novotram Par 37+325mg 20 Comprimidos Hypermarcas (A2),0,0,0,0,0
São João,Disponível,244.0,12,7896090611645.0,Leite de Magnésia Eno Magno Sachê 10ml Hortelã GSK Avulso,"3,60","3,60",-0.0%,"3,60",-0.0%
São João,Esgotado,244.0,13,0.0,Adinos Gel Dermatológico 15g,0,0,0,0,0
São João,Esgotado,244.0,13,0.0,Relestat Solução Oftálmica 5ml,0,0,0,0,0
São João,Disponível,243.0,12,7891106904582.0,Dozoito 25mg 30 Comprimidos Biolab,"73,39","60,99",-16.9%,"60,99",-16.9%
São João,Esgotado,243.0,12,0.0,Xarope Adulto Atossion 100ml Elofar,0,0,0,0,0
São João,Disponível,243.0,13,7898074614857.0,Nervocalm 250mg 20 Comprimidos,"66,32","59,49",-10.3%,"59,49",-10.3%
São João,Disponível,243.0,13,7894916515832.0,"Vynaxa 2,5mg 60 Comprimidos Revestidos","69,88","69,88",-0.0%,"69,88",-0.0%
São João,Disponível,243.0,13,7896241293669.0,Vasopril Plus 10mg+25mg 30 Comprimidos Biolab,"39,75","29,79",-25.1%,"29,79",-25.1%
São João,Disponível,243.0,13,7896004743745.0,Sitagliptina Genérico Sandoz 50mg 30 Comprimidos Revestidos,"83,42","17,49",-79.0%,"17,49",-79.0%
São João,Disponível,243.0,12,7896212478972.0,Cinarizina Genérico Ranbaxy 25mg 30 Comprimidos,"27,51","25,09",-8.8%,"25,09",-8.8%
São João,Disponível,243.0,13,7896732601300.0,Hepalina Avulso 10ml Flaconete,"2,40","2,40",-0.0%,"2,40",-0.0%
São João,Disponível,243.0,13,7897595900654.0,Cataflam 50mg 20 Comprimidos Novartis,"48,88","48,88",-0.0%,"48,88",-0.0%
São João,Esgotado,243.0,13,0.0,Spidufen 770mg (ibuprofeno 400mg+ Arginina 370mg) Zambon Blister 3 Comprimidos Revestidos,0,0,0,0,0
São João,Disponível,243.0,12,7896422507295.0,Firmacal MDK Artro 1000mg 30 Comprimidos Revestidos Benne,"45,22","30,59",-32.4%,"30,59",-32.4%
São João,Esgotado,243.0,12,0.0,Artrolive 500mg/400mg 90 Cápsulas Dura,0,0,0,0,0
São João,Esgotado,243.0,13,0.0,Angipress 25mg 30 Comprimidos Aché,0,0,0,0,0
São João,Esgotado,243.0,12,0.0,Durateston 250mg/ml Solução Injetável 1ml 1 Ampola,0,0,0,0,0
São João,Esgotado,243.0,12,0.0,Propion Mel e Verde 30ml,0,0,0,0,0
São João,Disponível,243.0,12,7896004792293.0,Dimesilato de Lisdexanfetamina 50 mg 30 Cápsulas Genérico Nova Química (A3),"381,12","264,49",-30.6%,"264,49",-30.6%
São João,Disponível,243.0,12,7897595602589.0,Atelop 5mg 30 Comprimidos Germed,"27,40","6,99",-74.5%,"6,99",-74.5%
São João,Disponível,243.0,12,7899547500363.0,Dipirona Sódica 1g Genérico Prati 10 Comprimidos,"23,21","16,99",-26.8%,"16,99",-26.8%
São João,Disponível,243.0,13,7894916502641.0,Daforin 20mg 30 Comprimidos Revestidos Sigma Phar (C1),"45,40","40,09",-11.7%,"40,09",-11.7%
São João,Esgotado,243.0,13,0.0,Novotram Par 37+325mg 10 Comprimidos Hypermarcas (A2),0,0,0,0,0
São João,Esgotado,243.0,12,0.0,Elatium 24mg 30 Cápsulas Liberação Prolongada Prati RX (C1),0,0,0,0,0
São João,Disponível,243.0,12,7896004718996.0,Stugeron 75mg 30 Comprimidos Janssen-Cilag,"65,04","39,90",-38.7%,"39,90",-38.7%
São João,Disponível,243.0,13,7896094203044.0,"Repopil 35 2mg/0,035mg 21 Comprimidos Revestidos","229,49","160,64",-30.0%,"160,64",-30.0%
São João,Disponível,242.0,13,7896112134213.0,Cefalexina 500mg Genérico Teuto 10 Comprimidos Revestidos,"32,10","13,39",-58.3%,"13,39",-58.3%
São João,Esgotado,242.0,12,0.0,Allegra Antialérgico Pediátrico Cloridrato de Fexofenadina Suspensão Oral 150ml,0,0,0,0,0
São João,Esgotado,242.0,14,0.0,Ibuprofeno 300mg 20 Comprimidos Algy-Fland Vitamedic,0,0,0,0,0
São João,Disponível,242.0,13,7896004700038.0,Paracetamol 200mg/ml Genérico Cimed Solução Oral 15ml,"12,06","4,49",-62.8%,"4,49",-62.8%
São João,Disponível,242.0,13,7891317435431.0,Plagrel 75mg 28 Comprimidos Revestidos Sandoz,"59,69","53,79",-9.9%,"53,79",-9.9%
São João,Disponível,242.0,13,7896181922711.0,Desenvo 100mg 60 Comprimidos Revestidos Biosintética (C1),"65,29","26,09",-60.0%,"26,09",-60.0%
São João,Esgotado,242.0,13,0.0,Novocilin 400Mg/5M 100Ml Ache,0,0,0,0,0
São João,Disponível,242.0,13,7891142180773.0,Pomada Quadriderm 20G Mantecorp,"60,39","53,19",-11.9%,"53,19",-11.9%
São João,Esgotado,242.0,12,0.0,Dorflex Max 600+70+100mg 4 Comprimidos Opella Avulso,0,0,0,0,0
São João,Disponível,242.0,12,7891106904582.0,"Ablok Plus 25+12,5mg 30 Comprimidos Biolab","73,39","60,99",-16.9%,"60,99",-16.9%
São João,Disponível,242.0,13,7896004703466.0,Finasterida 1mg 30 Comprimidos Revestidos Genérico EMS,"133,92","52,39",-60.9%,"52,39",-60.9%
São João,Esgotado,242.0,13,0.0,"Efexor XR 37,5mg 30 Cápsulas Upjohn (C1)",0,0,0,0,0
São João,Disponível,242.0,13,7896004706306.0,Prednisona 5mg 20 Comprimidos Genérico Neo Química,"19,01","13,90",-26.9%,"13,90",-26.9%
São João,Disponível,241.0,13,7891058001667.0,Cloridrato De Amiodarona 100mg Genérico Medley 30 Comprimidos,"21,12","18,99",-10.1%,"18,99",-10.1%
São João,Disponível,241.0,14,7898029552203.0,Diamicron MR 30 Comprimidos Servier,"104,57","104,57",-0.0%,"104,57",-0.0%
São João,Disponível,241.0,12,7896658019036.0,Edifican 150mg 1 Comprimido Ache,"60,18","50,79",-15.6%,"50,79",-15.6%
São João,Esgotado,241.0,12,0.0,Leiba 12 Cápsulas União Química,0,0,0,0,0
São João,Disponível,241.0,12,7896637022569.0,"Persur 2,5mg 60 Comprimidos Hypera","74,30","62,29",-16.2%,"62,29",-16.2%
São João,Esgotado,241.0,13,0.0,Enantato De Noretisterona 50mg + Valerato De Estradiol 5mg Genérico Eurofarma Ampola 1ml,0,0,0,0,0
São João,Disponível,241.0,13,7896004708942.0,Remeron Soltab 15mg 30 Comprimidos Supera (C1),"29,60","17,09",-42.3%,"17,09",-42.3%
São João,Disponível,241.0,12,7891317412692.0,Cimelide Suspensão Oral 15ml,"57,34","52,19",-9.0%,"52,19",-9.0%
São João,Esgotado,241.0,12,0.0,"Artico 1,5+1,2g Gran Guaraná 30 Sachês Eurofarma",0,0,0,0,0
São João,Esgotado,241.0,12,0.0,Arnica Gel 60g Total Almeida Prado,0,0,0,0,0
São João,Disponível,241.0,13,8903855085609.0,Gliclazida 30mg 30 Comprimidos Revestidos Genérico Torrent,"326,98","244,19",-25.3%,"244,19",-25.3%
São João,Disponível,241.0,13,8902220109520.0,Rosucor 10mg 60 Comprimidos Revestidos Torrent,"75,69","62,29",-17.7%,"62,29",-17.7%
São João,Disponível,241.0,13,7896181920410.0,Olmecor 40mg 30 Comprimidos Revestidos Torrent,"14,94","5,70",-61.8%,"5,70",-61.8%
São João,Esgotado,241.0,15,0.0,Depo-Medrol 40mg/ml Suspensão Injetável 2ml 1 Ampola,0,0,0,0,0
São João,Disponível,241.0,12,7896523208473.0,Amoxicilina Suspensão Oral 250mg/5ml 150ml Genérico Cimed,"29,54","12,29",-58.4%,"12,29",-58.4%
São João,Disponível,241.0,12,7891317425869.0,Desalex 5mg 30 Comprimidos Revestidos Supera,"14,53","14,53",-0.0%,"14,53",-0.0%
São João,Esgotado,241.0,12,0.0,Biofenac DI 20 Comprimidos Aché,0,0,0,0,0
São João,Esgotado,241.0,12,0.0,Sonozzz Passiflora 30 Cápsulas Procter,0,0,0,0,0
São João,Disponível,241.0,12,7894916512022.0,Somalgin Cardio 200mg 32 Comprimidos Revestidos Sigma,"49,34","42,59",-13.7%,"42,59",-13.7%
São João,Esgotado,241.0,12,0.0,"Viofta 0,40% Sol Oft 10Ml Legrand",0,0,0,0,0
São João,Esgotado,240.0,13,0.0,Lipidil 160mg 30 Cápsulas,0,0,0,0,0
São João,Disponível,240.0,12,7896026173018.0,Complexo Homeopático Almeida Prado 11 60 Comprimidos,"41,75","37,69",-9.7%,"37,69",-9.7%
São João,Disponível,240.0,13,7896523215235.0,Sinvastatina 20mg Genérico Cimed 30 Comprimidos Revestidos,"34,84","7,54",-78.4%,"7,54",-78.4%
São João,Disponível,240.0,12,7896637023658.0,Feminique 30 21 Comprimidos Revestidos Aché,"20,15","20,15",-0.0%,"20,15",-0.0%
São João,Esgotado,240.0,12,0.0,Digeliv 30 Sachês de 2g,0,0,0,0,0
São João,Esgotado,240.0,13,0.0,Movydia 200mg 10 Cápsulas Abbott (C1),0,0,0,0,0
São João,Esgotado,240.0,12,0.0,Xarope Guaco Herbarium 120ml,0,0,0,0,0
São João,Disponível,240.0,14,7896094203068.0,"Micropil R21 0,075 + 0,030mg 63 Comprimidos Revestidos Sigma","163,02","114,11",-30.0%,"114,11",-30.0%
São João,Disponível,240.0,12,7899547514322.0,Gabapentina 300mg 30 Cápsulas Genérico Prati (C1),"156,63","99,90",-36.2%,"99,90",-36.2%
São João,Disponível,240.0,12,7896004704036.0,Nimesilam 100mg 12 Comprimidos,"22,46","9,99",-55.5%,"9,99",-55.5%
São João,Esgotado,240.0,14,0.0,Creme Nistatina Vaginal 60g Genérico Prati,0,0,0,0,0
São João,Disponível,240.0,13,7896004715902.0,Cetoconazol + Betametasona + Neomicina Pomada Dermatológica 30g Genérico Eurofarma,"15,06","10,49",-30.3%,"10,49",-30.3%
São João,Disponível,240.0,14,7896004731575.0,Escitalopram 20mg 60 Comprimidos Revestidos Genérico Sandoz (C1),"149,40","37,49",-74.9%,"37,49",-74.9%
São João,Disponível,239.0,12,7891106904582.0,"Pressat 2,5mg 60 Comprimidos Biolab","73,39","60,99",-16.9%,"60,99",-16.9%
São João,Esgotado,239.0,13,0.0,Ondif 4mg 10 Filmes,0,0,0,0,0
São João,Disponível,239.0,13,7896112421498.0,"Flux SR 1,5mg 90 Comprimidos Revestidos Biolab","53,68","47,09",-12.3%,"47,09",-12.3%
São João,Disponível,239.0,15,7898906376410.0,Rubenti 200mg 60 Cápsulas Duras,"55,60","50,89",-8.5%,"50,89",-8.5%
São João,Disponível,239.0,13,7896004773339.0,Pregabalina 75mg 30 Cápsulas Genérico Teuto (C1),"110,08","36,90",-66.5%,"36,90",-66.5%
São João,Disponível,239.0,13,78905030.0,Leite de Magnésia Hortelã Suspensão Oral 120ml,"20,99","20,99",-0.0%,"20,99",-0.0%
São João,Esgotado,239.0,13,0.0,Abcler 10ml Airela,0,0,0,0,0
São João,Disponível,239.0,12,7891317425869.0,Tylenol 500mg 20 Comprimidos Revestidos,"14,53","14,53",-0.0%,"14,53",-0.0%
São João,Esgotado,239.0,13,0.0,Terocoxi 60mg 14 Comprimidos Cristália (C1),0,0,0,0,0
São João,Disponível,239.0,15,7896637023658.0,Losec Mups 10mg 14 Comprimidos Revestidos,"20,15","20,15",-0.0%,"20,15",-0.0%
São João,Disponível,239.0,12,7898074614857.0,Prysma 3mg 20 Comprimidos,"66,32","59,49",-10.3%,"59,49",-10.3%
São João,Disponível,239.0,14,7891058002725.0,Ibuprofeno 600mg 10 Cápsulas Genérico Althaia,"24,70","16,49",-33.2%,"16,49",-33.2%
São João,Esgotado,239.0,12,0.0,Noex 50mcg 200 Doses Eurofarma,0,0,0,0,0
São João,Disponível,239.0,14,7896094210271.0,"Niki Conect 3mg + 0,02mg 30 Comprimidos Revestidos EMS","76,95","65,19",-15.3%,"65,19",-15.3%
São João,Disponível,239.0,14,7896637031509.0,Ecasil 81mg 30 Comprimidos,"72,96","72,96",-0.0%,"72,96",-0.0%
São João,Esgotado,239.0,12,0.0,Clenil HFA 200 mcg Spray 200 Doses Chiesi,0,0,0,0,0
São João,Esgotado,239.0,13,0.0,"Advipro 11,6mg 30g Gel GSK",0,0,0,0,0
São João,Disponível,239.0,13,7896083400935.0,Salsep Spray Nasal 50ml,"64,40","51,52",-20.0%,"51,52",-20.0%
São João,Disponível,239.0,13,7896637031943.0,Flancox 500mg 14 Comprimidos Revestidos Aspen,"64,50","56,59",-12.3%,"56,59",-12.3%
São João,Disponível,239.0,14,7896422504492.0,Diclofenaco Potássico 50mg 20 Comprimidos Revestidos Genérico Medley,"18,28","15,99",-12.5%,"15,99",-12.5%
São João,Disponível,239.0,12,7898605330690.0,Drenogrip 12 Comprimidos Revestidos Belfar,"377,34","301,87",-20.0%,"301,87",-20.0%
São João,Disponível,239.0,12,7896006290216.0,Maxiflox Solução Oftálmica 5ml Latinofarma,"47,65","40,79",-14.4%,"40,79",-14.4%
São João,Disponível,239.0,13,7896181920410.0,Dexador Arese 5000mcg 20 Comprimidos Revestidos,"14,94","5,70",-61.8%,"5,70",-61.8%
São João,Disponível,239.0,12,7896004733234.0,Prednisolona 20mg 10 Comprimidos Genérico EMS,"23,36","10,90",-53.3%,"10,90",-53.3%
São João,Disponível,239.0,12,7891058002725.0,Ibuprofeno 400mg Genérico Cimed 10 Cápsulas,"24,70","16,49",-33.2%,"16,49",-33.2%
São João,Disponível,238.0,12,7896004706306.0,Prednisolona 5mg 20 Comprimidos Genérico Althaia,"19,01","13,90",-26.9%,"13,90",-26.9%
São João,Disponível,238.0,12,7896004768212.0,Donepezila 10mg 30 Comprimidos Revestidos Genérico Torrent (C1),"178,11","39,99",-77.5%,"39,99",-77.5%
São João,Disponível,238.0,13,7896523208404.0,Nevralgex 300+50+35mg 10 Comprimidos Envelope Cimed Avulso,"15,90","11,69",-26.5%,"11,69",-26.5%
São João,Disponível,238.0,12,7896637037617.0,Aplause 20mg 30 Comprimidos Revestidos,"152,08","152,08",-0.0%,"152,08",-0.0%
São João,Disponível,238.0,12,7896094207776.0,Stanglit 15mg 30 Comprimidos Libbs,"242,56","194,05",-20.0%,"194,05",-20.0%
São João,Esgotado,238.0,12,0.0,Andriodermol Solução Dermatológica 50ml,0,0,0,0,0
São João,Esgotado,238.0,13,0.0,"Diovan HCT FQM 160mg + 12,5mg 28 Comprimidos",0,0,0,0,0
São João,Esgotado,238.0,12,0.0,Artico PO 30 Sachês Laranja Eurofarma,0,0,0,0,0
São João,Disponível,238.0,12,7896112486787.0,"Embo 2,5mg 60 Comprimidos Revestidos Biolab","56,60","5,80",-89.8%,"5,80",-89.8%
São João,Esgotado,238.0,12,0.0,Epocler Todo Dia 60 Comprimidos,0,0,0,0,0
São João,Disponível,238.0,14,7897411650787.0,Spark 250mg 30 Comprimidos Momenta (C1),"83,42","66,74",-20.0%,"66,74",-20.0%
São João,Esgotado,238.0,12,0.0,"Allestra 20 0,075mg+0,020mg 21 Drágeas Aché",0,0,0,0,0
São João,Disponível,238.0,14,7896637022569.0,Pressat 5mg 60 Comprimidos Biolab,"74,30","62,29",-16.2%,"62,29",-16.2%
São João,Esgotado,238.0,13,0.0,Mylanta Plus Menta Suspensão Oral 240ml,0,0,0,0,0
São João,Esgotado,238.0,12,0.0,Forfig 300mg 30 Cápsulas Momenta,0,0,0,0,0
São João,Esgotado,238.0,12,0.0,"Xaloftal 0,05mg/ml Solução Oftálmica 2,5ml",0,0,0,0,0
São João,Disponível,238.0,12,7898060134246.0,Omeprazol 20mg Genérico Globo Pharma 28 Comprimidos,"39,95","23,90",-40.2%,"23,90",-40.2%
São João,Disponível,238.0,13,7897851200603.0,Monocordil 50mg 30 Cápsulas,"93,14","77,19",-17.1%,"77,19",-17.1%
São João,Esgotado,238.0,12,0.0,"Decadron 4mg 1x2,5ml Injetável Aché",0,0,0,0,0
São João,Esgotado,238.0,12,0.0,"Tanduo 0,5mg+0,4mg 30 Cápsulas Apsen",0,0,0,0,0
São João,Esgotado,238.0,13,0.0,Fiasp 100U/ml 1 Unidade 10ml Novo Nordisk,0,0,0,0,0
São João,Esgotado,238.0,12,0.0,Amplium G Creme Vaginal 40g 7 Aplicadores,0,0,0,0,0
São João,Esgotado,238.0,12,0.0,Codein 30mg 12 Comprimidos Cristália (A2),0,0,0,0,0
São João,Disponível,237.0,14,7896094208858.0,Plenance 20mg 30 Comprimidos Revestidos Libbs,"137,00","111,29",-18.8%,"111,29",-18.8%
São João,Disponível,237.0,13,7896004711287.0,Dexclorfeniramina Genérico EMS 2mg 20 Comprimidos,"16,20","10,49",-35.2%,"10,49",-35.2%
São João,Disponível,237.0,12,7898074614857.0,Vurtuoso 5mg 30 Comprimidos Lundbeck (C1),"66,32","59,49",-10.3%,"59,49",-10.3%
São João,Disponível,237.0,12,7891317022662.0,Quet 100mg 30 Comprimidos Revestidos Cl Eurofarma (C1),"1015,82","89,50",-91.2%,"89,50",-91.2%
São João,Disponível,237.0,13,7896658027130.0,Trezete 10mg/10mg 30 Comprimidos Revestidos,"131,87","106,99",-18.9%,"106,99",-18.9%
São João,Esgotado,237.0,13,0.0,"Clob-X 0,05% 59ml Loção Capilar Galderma",0,0,0,0,0
São João,Esgotado,237.0,12,0.0,Nazzo Oto 20ml Supera,0,0,0,0,0
São João,Disponível,237.0,12,7896241293669.0,Ritalina 10mg 30 Comprimidos,"39,75","29,79",-25.1%,"29,79",-25.1%
São João,Esgotado,237.0,14,0.0,Velija 30mg 30 Cápsulas Libbs (C1),0,0,0,0,0
São João,Esgotado,237.0,13,0.0,Nazzo 240ml+30 Sachês Supera,0,0,0,0,0
São João,Disponível,237.0,13,7896422504652.0,Zinpass 10mg 30 Comprimidos Revestidos Medley,"183,70","149,79",-18.5%,"149,79",-18.5%
São João,Disponível,237.0,13,7891317036966.0,BUP 150mg 30 Comprimidos Revestidos Eurofarma (C1),"172,18","143,39",-16.7%,"143,39",-16.7%
São João,Esgotado,237.0,14,0.0,Enterofigon 50mg/10mg/ml Solução Oral Abacaxi 10ml,0,0,0,0,0
São João,Esgotado,237.0,12,0.0,Diprosalic Solução 30ml Mantecorp,0,0,0,0,0
São João,Disponível,237.0,13,7894916501095.0,Vazy 10mg 30 Cápsulas Sigma Pharma (B2),"39,44","35,59",-9.8%,"35,59",-9.8%
São João,Disponível,237.0,13,7896241293669.0,Helleva Supera 80mg 10 Comprimidos,"39,75","29,79",-25.1%,"29,79",-25.1%
São João,Esgotado,237.0,13,0.0,Insulina Humalog U-100 10Ml Eli Lilly,0,0,0,0,0
São João,Disponível,237.0,13,7896241293669.0,Ultrox SL 10mg 20 Comprimidos Supera,"39,75","29,79",-25.1%,"29,79",-25.1%
São João,Esgotado,236.0,13,0.0,Extrato de Própolis Silvestre Baldoni 30ml,0,0,0,0,0
São João,Esgotado,236.0,12,0.0,Gamaline V 900mg 15 Cápsulas Herbarium,0,0,0,0,0
São João,Disponível,236.0,12,7894916501408.0,Euprostatin 2mg 30 Comprimidos Sigma-Pharma,"77,73","64,19",-17.4%,"64,19",-17.4%
São João,Esgotado,236.0,15,0.0,Deltametrina Shampoo 2mg 100ml Pediderm Cifar,0,0,0,0,0
São João,Disponível,236.0,12,7896009498459.0,Advil Mulher 400mg 2 Cápsulas,"50,80","33,00",-35.0%,"33,00",-35.0%
São João,Disponível,236.0,13,7891721016165.0,Caldê K2 30 Comprimidos Revestidos,"115,99","115,99",-0.0%,"115,99",-0.0%
São João,Esgotado,236.0,12,0.0,Dipropionato de Beclometasona 200Mcg Aerosol 200 Doses Genérico Glenmark,0,0,0,0,0
São João,Esgotado,236.0,12,0.0,Modik 50mg 12 Sachês Germed,0,0,0,0,0
São João,Disponível,236.0,13,7896523201528.0,Olmy HCT 40+25mg 30 Comprimidos Revestidos Germed,"32,78","15,49",-52.7%,"15,49",-52.7%
São João,Disponível,236.0,12,7896714213040.0,Neo Loratadin 10mg 12 Comprimidos,"52,45","16,39",-68.8%,"16,39",-68.8%
São João,Disponível,236.0,13,7897595635143.0,Plagrel 75mg 56 Comprimidos Revestidos Sandoz,"210,46","69,90",-66.8%,"69,90",-66.8%
São João,Disponível,236.0,12,7896181906582.0,Runner EZE 10+10mg 60 Comprimidos Biosintética,"23,78","7,43",-68.8%,"7,43",-68.8%
São João,Disponível,236.0,13,7894916515764.0,Serenata 100mg 60 Comprimidos Revestidos,"52,75","52,75",-0.0%,"52,75",-0.0%
São João,Disponível,236.0,13,7891317177652.0,Primera 20Mcg 63 Comprimidos Revestidos,"93,49","77,49",-17.1%,"77,49",-17.1%
São João,Esgotado,236.0,13,0.0,Floral Therapi Calmim 30ml,0,0,0,0,0
São João,Disponível,236.0,12,7896637037617.0,Assert 100mg 30 Comprimidos Revestidos,"152,08","152,08",-0.0%,"152,08",-0.0%
São João,Esgotado,236.0,12,0.0,Dobeven 500mg 60 Cápsulas Duras,0,0,0,0,0
São João,Disponível,236.0,14,7896004705989.0,Pantoprazol 20mg 42 Comprimidos Revestidos Genérico EMS,"33,10","20,89",-36.9%,"20,89",-36.9%
São João,Esgotado,236.0,13,0.0,"Dropropizina 1,5mg/ml Genérico Aché 120ml",0,0,0,0,0
São João,Esgotado,236.0,12,0.0,"Amclavu BD 80+11,4mg/ml Pó para Suspensão Oral 70ml Genom",0,0,0,0,0
São João,Disponível,236.0,13,7896094916234.0,Lisador Dip 1g 4 Comprimidos Farmasa AV*,"45,44","45,44",-0.0%,"45,44",-0.0%
São João,Disponível,236.0,13,7896004729459.0,Atorvastatina 80mg 30 Comprimidos Revestidos Genérico EMS,"369,69","184,90",-50.0%,"184,90",-50.0%
São João,Esgotado,236.0,12,0.0,Prazol 15mg 28 Cápsulas Cellera,0,0,0,0,0
São João,Disponível,235.0,13,7896658008849.0,Levoid 175mcg 30 Comprimidos Aché,"33,99","30,09",-11.5%,"30,09",-11.5%
São João,Disponível,235.0,14,7896637031516.0,Neo Fedipina 20mg 30 Comprimidos,"131,36","131,36",-0.0%,"131,36",-0.0%
São João,Disponível,235.0,13,7896094203044.0,"Dalyne 3mg/0,03mg 21 Comprimidos Revestidos","229,49","160,64",-30.0%,"160,64",-30.0%
São João,Disponível,235.0,13,7896004706306.0,Nebivolol 5mg 30 Comprimidos Genérico EMS,"19,01","13,90",-26.9%,"13,90",-26.9%
São João,Disponível,235.0,13,7899547514322.0,Gabapentina 300mg 30 Cápsulas Genérico Cimed (C1),"156,63","99,90",-36.2%,"99,90",-36.2%
São João,Esgotado,235.0,12,0.0,Novolin R Penfil 100ui/Ml 5x3ml Novo Nor,0,0,0,0,0
São João,Disponível,235.0,12,7896004759722.0,"Drospirenona + Etinilestradiol Genérico EMS 3mg + 0,02mg 72 Comprimidos Revestidos","188,69","89,90",-52.4%,"89,90",-52.4%
São João,Disponível,235.0,13,7896004731308.0,"Sincro XR 12,5mg 30 Comprimidos Momenta (C1)","70,08","22,99",-67.2%,"22,99",-67.2%
São João,Disponível,235.0,12,8903855092782.0,Serenata 100mg 30 Cápsulas Torrent (C1),"73,42","60,19",-18.0%,"60,19",-18.0%
São João,Disponível,235.0,12,7891317017378.0,Quet 25mg 30 Comprimidos Revestidos Cl Eurofarma (C1),"80,69","42,09",-47.8%,"42,09",-47.8%
São João,Esgotado,235.0,15,0.0,Flutinol 1mg/ml frasco 5ml,0,0,0,0,0
São João,Disponível,235.0,12,7896094203068.0,"Gestinol 0,075mg/0,030mg 28 Comprimidos Revestidos","163,02","114,11",-30.0%,"114,11",-30.0%
São João,Esgotado,235.0,14,0.0,Provance Imune 10ml Gotas Aché,0,0,0,0,0
São João,Disponível,235.0,14,7896523210940.0,Glimepirida 4mg Genérico Cimed 30 Comprimidos,"53,57","19,90",-62.9%,"19,90",-62.9%
São João,Disponível,235.0,12,7896523212685.0,Cimelide 100mg 12 Comprimidos,"25,22","5,69",-77.4%,"5,69",-77.4%
São João,Disponível,235.0,12,7891317013622.0,Carbolitium Cr 450mg 60 Comprimidos Eurofarma (C1),"143,07","115,09",-19.6%,"115,09",-19.6%
São João,Disponível,235.0,13,7896637032209.0,Probid 5 Cápsulas,"135,90","135,90",-0.0%,"135,90",-0.0%
São João,Esgotado,235.0,14,0.0,Domperix 1mg 100ml,0,0,0,0,0
São João,Esgotado,235.0,12,0.0,Pedialyte Max Uva 500ml,0,0,0,0,0
São João,Disponível,235.0,13,7896637023641.0,Velunid 450+50mg 60 Comprimidos Farmasa,"52,76","46,49",-11.9%,"46,49",-11.9%
São João,Esgotado,235.0,13,0.0,"Strepsils Laranja 8,75mg 16 Pastilhas",0,0,0,0,0
São João,Esgotado,234.0,12,0.0,"Xarope Leg 0,5mg/ml 100ml Eurofarma",0,0,0,0,0
São João,Esgotado,234.0,13,0.0,Fostair Spray 200/6mcg 120 Doses Chiesi,0,0,0,0,0
São João,Disponível,234.0,13,7896523201528.0,Metoprolol 25mg Genérico Cimed 30 Comprimidos Revestidos,"32,78","15,49",-52.7%,"15,49",-52.7%
São João,Esgotado,234.0,12,0.0,"Tobracin Solução Oftálmica 0,3% 5ml Latinofarma",0,0,0,0,0
São João,Disponível,234.0,13,7896637023665.0,Pristiq 100mg 28 Comprimidos Revestidos,"22,44","22,44",-0.0%,"22,44",-0.0%
São João,Disponível,234.0,13,7896004751016.0,Escena Cristália 10mg 30 Comprimidos (C1),"174,59","59,90",-65.7%,"59,90",-65.7%
São João,Disponível,234.0,13,7896112486787.0,Bhena 10mg 90 Comprimidos Revestidos Biolab,"56,60","5,80",-89.8%,"5,80",-89.8%
São João,Disponível,234.0,14,7896004719597.0,Amoxicilina + Clavulanato de Potássio 875mg 14 Comprimidos Revestidos Genérico Eurofarma,"194,22","138,89",-28.5%,"138,89",-28.5%
São João,Esgotado,234.0,12,0.0,Novocilin Aché 500mg 21 Cápsulas,0,0,0,0,0
São João,Disponível,234.0,12,7894916500746.0,Simeco Plus Suspensão Oral 240ml,"116,57","97,79",-16.1%,"97,79",-16.1%
São João,Esgotado,234.0,12,0.0,Metamucil Pó para Solução Oral 210g,0,0,0,0,0
São João,Disponível,234.0,13,7896658000393.0,Novamox 875mg/125mg 14 Comprimidos,"56,36","49,09",-12.9%,"49,09",-12.9%
São João,Esgotado,234.0,12,0.0,Ultraproct LDO Creme Retal 30g + Aplicador,0,0,0,0,0
São João,Disponível,234.0,13,7896658000379.0,Ecoxe 90mg 7 Comprimidos (C1),"34,57","30,49",-11.8%,"30,49",-11.8%
São João,Esgotado,234.0,12,0.0,"Glucoreumin 1,5g 30 Sachês Mylan",0,0,0,0,0
São João,Disponível,234.0,15,7896658001864.0,Artrolive 30 Cápsulas Ache,"81,99","68,89",-16.0%,"68,89",-16.0%
São João,Disponível,234.0,13,7896006290216.0,Ganfort Solução Oftálmica 3ml,"47,65","40,79",-14.4%,"40,79",-14.4%
São João,Esgotado,234.0,13,0.0,Aristab 20mg 30 Comprimidos Aché (C1),0,0,0,0,0
São João,Disponível,234.0,12,7894916508933.0,Bramicar Sigma Pharma 40mg 30 Comprimidos,"98,37","98,37",-0.0%,"98,37",-0.0%
São João,Disponível,234.0,12,7891010256630.0,Tylenol Sinus Johnson &amp; Johnson 24 Comprimidos Revestidos,"21,87","14,99",-31.5%,"14,99",-31.5%
São João,Esgotado,234.0,15,0.0,Melysse XPE 50mg/ml Adicional 120ml Biosintética,0,0,0,0,0
São João,Disponível,234.0,12,7896112486787.0,Brasart BCC 160mg/5mg 30 Comprimidos Revestidos,"56,60","5,80",-89.8%,"5,80",-89.8%
São João,Disponível,233.0,12,7894916512022.0,Brasart BCC 160+5mg 60 Comprimidos Revestidos Sigma,"49,34","42,59",-13.7%,"42,59",-13.7%
São João,Disponível,233.0,14,7896004782980.0,Levetiracetam 750mg 30 Comprimidos Revestidos Genérico Eurofarma (C1),"266,35","99,90",-62.5%,"99,90",-62.5%
São João,Disponível,233.0,12,7891317177652.0,"Revange 37,5 + 325mg 20 Comprimidos Revestidos Aché (A2)","93,49","77,49",-17.1%,"77,49",-17.1%
São João,Esgotado,233.0,12,0.0,Capilarema 75mg 60 Comprimidos,0,0,0,0,0
São João,Esgotado,233.0,14,0.0,Floral Therapi Maternim 30ml,0,0,0,0,0
São João,Disponível,233.0,12,7896637023641.0,Gengimin 160mg 15 Comprimidos FQM,"52,76","46,49",-11.9%,"46,49",-11.9%
São João,Disponível,233.0,14,7896637022767.0,"Concor 1,25mg 30 Comprimidos Revestidos Merck","61,13","52,09",-14.8%,"52,09",-14.8%
São João,Disponível,233.0,13,7895296446228.0,"Xarope Desloratadina 0,5mg/ml 100ml Genérico EMS","91,38","29,90",-67.3%,"29,90",-67.3%
São João,Disponível,233.0,13,7898049793310.0,Ivermectina 6mg Genérico Vitamedic 4 Comprimidos,"37,84","33,09",-12.6%,"33,09",-12.6%
São João,Disponível,233.0,14,7896658000379.0,Maxapran 20mg 28 Comprimidos Ache (C1),"34,57","30,49",-11.8%,"30,49",-11.8%
São João,Disponível,233.0,13,7896658008801.0,Nebitah 5mg 30 Comprimidos Aché,"27,15","24,29",-10.5%,"24,29",-10.5%
São João,Disponível,233.0,15,7896004715032.0,Doricin 35mg/300mg/50mg 36 Comprimidos,"21,90","20,59",-6.0%,"20,59",-6.0%
São João,Disponível,233.0,12,7896004768212.0,Donepezila 5mg 30 Comprimidos Revestidos Genérico Torrent (C1),"178,11","39,99",-77.5%,"39,99",-77.5%
São João,Disponível,233.0,13,7896004782713.0,Clortalidona 25mg 60 Comprimidos Genérico EMS,"260,18","112,90",-56.6%,"112,90",-56.6%
São João,Disponível,233.0,12,7896658047992.0,Trezor 20mg 60 Comprimidos Revestidos Aché,"168,73","139,09",-17.6%,"139,09",-17.6%
São João,Disponível,233.0,13,7896094210271.0,Ebatz 2mg 90 Comprimidos Revestidos Libbs,"76,95","65,19",-15.3%,"65,19",-15.3%
São João,Disponível,233.0,13,7896004712499.0,Hixizine 25mg 30 Comprimidos Theraskin,"54,07","24,90",-53.9%,"24,90",-53.9%
São João,Disponível,233.0,12,7899095250888.0,"Tansulosina 0,4mg 60 Cápsulas Genérico Geolab","60,23","18,89",-68.6%,"18,89",-68.6%
São João,Disponível,233.0,13,7891317412692.0,Mylicon Suspensão Oral 15ml,"57,34","52,19",-9.0%,"52,19",-9.0%
São João,Disponível,233.0,14,7896004767130.0,Zolpidem 5mg 30 Comprimidos Sublinguais Genérico Germed (B1),"80,49","19,90",-75.3%,"19,90",-75.3%
São João,Disponível,233.0,14,7897337716215.0,Cerazette 75mcg 28 Comprimidos Revestidos,"61,04","41,50",-32.0%,"41,50",-32.0%
São João,Disponível,233.0,12,7896637022767.0,Pondera 10mg 20 Comprimidos Revestidos,"61,13","52,09",-14.8%,"52,09",-14.8%
São João,Disponível,233.0,12,7891142180766.0,Quadriderm Creme 20G Mantecorp,"60,19","52,99",-12.0%,"52,99",-12.0%
São João,Disponível,233.0,13,7891317455040.0,Esc ODT 10mg 30 Comprimidos Eurofarma (C1),"31,03","27,59",-11.1%,"27,59",-11.1%
São João,Disponível,233.0,12,7896637023771.0,Xafac 20mg Apsen 98 Comprimidos,"34,15","34,15",-0.0%,"34,15",-0.0%
São João,Disponível,232.0,13,7896676435214.0,Colírio Geolab Solução Oftalmológica 20ml,"27,27","25,69",-5.8%,"25,69",-5.8%
São João,Esgotado,232.0,12,0.0,Cocyntal 10 Frascos Boiron,0,0,0,0,0
São João,Disponível,232.0,14,7898430195808.0,Azukon MR 30mg 60 Comprimidos Torrent,"110,12","110,12",-0.0%,"110,12",-0.0%
São João,Disponível,232.0,14,7896637031943.0,Lactosil 4.500 FCC 30 Comprimidos Apsen,"64,50","56,59",-12.3%,"56,59",-12.3%
São João,Disponível,232.0,12,7896253902146.0,Creon 25000 30 Cápsulas Abbott,"178,95","143,16",-20.0%,"143,16",-20.0%
São João,Esgotado,232.0,13,0.0,Dual 30mg 60 Cápsulas Ache (C1),0,0,0,0,0
São João,Disponível,232.0,13,7896094210295.0,"Iumi ES 3mg/0,02mg 120 Comprimidos Revestidos","243,34","170,34",-30.0%,"170,34",-30.0%
São João,Disponível,232.0,12,7896094207851.0,Alurax 2mg 30 Comprimidos Revestidos,"58,81","49,89",-15.2%,"49,89",-15.2%
São João,Disponível,232.0,12,7891058001667.0,Alopurinol 100mg Genérico Medley 30 Comprimidos,"21,12","18,99",-10.1%,"18,99",-10.1%
São João,Esgotado,232.0,13,0.0,Monocordil Sublingual 5mg 30 Comprimidos Baldacci,0,0,0,0,0
São João,Esgotado,232.0,13,0.0,Óleo Essencial Therapi 10ml Refúgio,0,0,0,0,0
São João,Disponível,232.0,15,8902220109520.0,Seizla 150mg 60 Comprimidos Revestidos Torrent (C1),"75,69","62,29",-17.7%,"62,29",-17.7%
São João,Disponível,232.0,12,7896004706306.0,"Tibolona 2,5mg 30 Comprimidos Genérico EMS","19,01","13,90",-26.9%,"13,90",-26.9%
São João,Disponível,232.0,12,7896004759593.0,Sertralina 100mg 30 Comprimidos Revestidos Genérico EMS (C1),"217,62","59,90",-72.5%,"59,90",-72.5%
São João,Esgotado,232.0,12,0.0,Floral Kids Therapi 30ml Desobediência,0,0,0,0,0
São João,Disponível,232.0,14,7891106904582.0,Lipless 100mg 30 Comprimidos Biolab,"73,39","60,99",-16.9%,"60,99",-16.9%
São João,Disponível,232.0,12,7896112486787.0,"Aradois HCT Biolab 50mg + 12,5mg 30 Comprimidos","56,60","5,80",-89.8%,"5,80",-89.8%
São João,Esgotado,232.0,13,0.0,Besomed Almeida Prado 60 Comprimidos,0,0,0,0,0
São João,Esgotado,232.0,12,0.0,Profenid 100mg/2ml Injetável 6 Ampolas Aventis,0,0,0,0,0
São João,Esgotado,232.0,13,0.0,Teroquatro 4mg/ml 5ml Latinofarma,0,0,0,0,0
São João,Esgotado,232.0,13,0.0,Cabertrix 8 Comprimidos Adium,0,0,0,0,0
São João,Disponível,231.0,12,7896637030007.0,Traturil Granulado 1 Envelopes de 8g,"66,38","46,90",-29.3%,"46,90",-29.3%
São João,Esgotado,231.0,14,0.0,Acheflan Aerosol 75ml Aché,0,0,0,0,0
São João,Disponível,231.0,13,7891317129781.0,Suganon 5mg 30 Comprimidos Eurofarma,"249,06","199,89",-19.7%,"199,89",-19.7%
São João,Esgotado,231.0,13,0.0,"Calminex Diclo 11,6mg/g 85ml Aerossol",0,0,0,0,0
São João,Disponível,231.0,14,7894916508513.0,Curc AOX+ 30 Comprimidos Revestidos Mantecorp,"80,15","80,15",-0.0%,"80,15",-0.0%
São João,Esgotado,231.0,13,0.0,Cebion 1g 10 Comprimidos Efervescentes Procter,0,0,0,0,0
São João,Disponível,231.0,14,7891317425869.0,Runner 5mg 30 Comprimidos Revestidos Ache,"14,53","14,53",-0.0%,"14,53",-0.0%
São João,Esgotado,231.0,13,0.0,Xarope Ebastel 60ml Eurofarma,0,0,0,0,0
São João,Disponível,231.0,12,7894916500777.0,Daforin Sigma Pharma 10mg 20 Cápsulas (C1),"94,66","77,29",-18.3%,"77,29",-18.3%
São João,Disponível,231.0,14,7894916515832.0,Vimpat 100mg 28 Comprimidos Revestidos UCB (C1),"69,88","69,88",-0.0%,"69,88",-0.0%
São João,Esgotado,231.0,14,0.0,Maresis Jato Forte Spray Solucão Nasal 150ml,0,0,0,0,0
São João,Esgotado,231.0,12,0.0,Vacina Pneumocócica 23 Pneumovax 23 AD/PED 25 MCG MSD + Aplicação,0,0,0,0,0
São João,Disponível,231.0,12,7896637022767.0,Donaren Retard 150mg 30 Comprimidos,"61,13","52,09",-14.8%,"52,09",-14.8%
São João,Disponível,231.0,12,7896637022767.0,Diovan Amlo Fix 80+5mg 28 Comprimidos Revestidos FQM,"61,13","52,09",-14.8%,"52,09",-14.8%
São João,Disponível,231.0,13,7896094927797.0,Benegrip Multi Febre e Dor 15ml Gotas Hypera Pharma,"28,64","28,64",-0.0%,"28,64",-0.0%
São João,Esgotado,231.0,14,0.0,Floral Kids Therapi 30ml Sonequita,0,0,0,0,0
São João,Disponível,231.0,13,7894916508940.0,Sitglu Met 850mg 56 Comprimidos Brace Pharma,"98,37","98,37",-0.0%,"98,37",-0.0%
São João,Disponível,231.0,13,7897322702032.0,Rinosoro XT Gotas 30ml,"22,35","22,35",-0.0%,"22,35",-0.0%
São João,Disponível,231.0,13,7896241293669.0,Vaslip 10mg 30 Comprimidos Biolab,"39,75","29,79",-25.1%,"29,79",-25.1%
São João,Disponível,231.0,13,7897595624642.0,Amoxicilina + Clavulanato De Potássio 500mg 21 Comprimidos Revestidos Genérico Sandoz,"167,05","99,90",-40.2%,"99,90",-40.2%
São João,Disponível,231.0,13,7896004729442.0,Atorvastatina 40mg 30 Comprimidos Revestidos Genérico Medley,"174,77","34,90",-80.0%,"34,90",-80.0%
São João,Esgotado,231.0,12,0.0,Otosylase Sol Otol 10ml Geolab,0,0,0,0,0
São João,Esgotado,231.0,14,0.0,Epocler 10ml 12 Unidades Hypera Pharma,0,0,0,0,0
São João,Esgotado,230.0,12,0.0,Acebrofilina 120ml Adulto Genérico Biosintética,0,0,0,0,0
São João,Disponível,230.0,12,7898148300556.0,Azitromicina Di-Hidratada 500mg Genérico Prati 3 Comprimidos Revestidos,"28,41","25,89",-8.9%,"25,89",-8.9%
São João,Disponível,230.0,13,7898074614857.0,Tylenol Sinus 500mg 36 Comprimidos,"66,32","59,49",-10.3%,"59,49",-10.3%
São João,Disponível,230.0,13,7898569763015.0,Prednisolona 40mg 7 Comprimidos Revestidos Genérico Althaia,"46,46","27,90",-39.9%,"27,90",-39.9%
São João,Esgotado,230.0,12,0.0,Antiverrugas Pointts Aerossol Dermatológico 80ml + 12 Aplicadores,0,0,0,0,0
São João,Disponível,230.0,13,7896004703596.0,Paracetamol + Codeína 24 Comprimidos Genérico Biolab (A2),"23,22","13,49",-41.9%,"13,49",-41.9%
São João,Disponível,230.0,13,7896004766997.0,Rivaroxabana 10mg 30 Comprimidos Revestidos Genérico EMS,"271,97","59,90",-78.0%,"59,90",-78.0%
São João,Disponível,230.0,12,7896004755342.0,Sinvastatina Genérico EMS 10mg 30 Comprimidos,"150,27","69,90",-53.5%,"69,90",-53.5%
São João,Disponível,230.0,13,7896523226811.0,Azitromicina Genérico Cimed 500mg 3 Comprimidos Revestidos,"46,62","14,90",-68.0%,"14,90",-68.0%
São João,Disponível,230.0,12,7896004731322.0,Carvedilol 25mg 30 Comprimidos Genérico EMS,"116,69","41,89",-64.1%,"41,89",-64.1%
São João,Esgotado,230.0,14,0.0,Allegra Antialérgico Pediátrico Cloridrato de Fexofenadina 6mg/ml Suspenção Oral 150ml,0,0,0,0,0
São João,Disponível,230.0,12,7896112486787.0,Brilinta 90mg 60 Comprimidos Revestidos AstraZeneca,"56,60","5,80",-89.8%,"5,80",-89.8%
São João,Disponível,230.0,12,7896523201542.0,Metoprolol 100mg 30 Comprimidos Genérico Biolab,"85,49","49,90",-41.6%,"49,90",-41.6%
São João,Esgotado,229.0,13,0.0,Salbutamol Xarope 120ml Genérico Prati-Donaduzzi,0,0,0,0,0
São João,Disponível,229.0,12,7896658008801.0,Vasogard Aché 50mg 30 Comprimidos,"27,15","24,29",-10.5%,"24,29",-10.5%
São João,Disponível,229.0,13,7896004789828.0,Dorii Pro 550mg 10 Comprimidos Revestidos Hypera Pharma,"74,20","16,99",-77.1%,"16,99",-77.1%
São João,Esgotado,229.0,12,0.0,Foraseq 12+200mcg 120 Cápsulas s/Inalador Sandoz,0,0,0,0,0
São João,Disponível,229.0,14,7896004700540.0,Enalapril 20mg 30 Comprimidos Genérico Neo Química,"38,17","14,90",-61.0%,"14,90",-61.0%
São João,Disponível,229.0,12,7896094921344.0,Buscofem Girls 200mg 10 Cápsulas Hypera Pharma,"34,56","27,99",-19.0%,"27,99",-19.0%
São João,Disponível,229.0,12,7898133137372.0,Hidraplex Pó 4 Envelopes Sabor Laranja,"21,90","21,90",-0.0%,"21,90",-0.0%
São João,Disponível,229.0,14,7898906376410.0,Floratil 100mg 12 Cápsulas,"55,60","50,89",-8.5%,"50,89",-8.5%
São João,Esgotado,229.0,13,0.0,Arcalion 200mg 60 Drágeas Servier,0,0,0,0,0
São João,Esgotado,229.0,12,0.0,Aristab 15mg 60 Comprimidos Aché (C1),0,0,0,0,0
São João,Disponível,229.0,12,7896241293669.0,Prolopa 250mg 30 Comprimidos,"39,75","29,79",-25.1%,"29,79",-25.1%
São João,Disponível,229.0,13,7891317435431.0,Tantin 60mcg/15mcg 28 Comprimidos Revestidos,"59,69","53,79",-9.9%,"53,79",-9.9%
São João,Disponível,229.0,12,7896523218946.0,Ciprofibrato 100mg 30 Comprimidos Genérico Neo Química,"37,82","21,57",-43.0%,"21,57",-43.0%
São João,Esgotado,229.0,12,0.0,Diprospan Hypak Injetável 1x1ml Mantecorp,0,0,0,0,0
São João,Disponível,229.0,12,8903855092805.0,Rosucor Eze 20 + 10mg 30 Cápsulas Torrent,"104,70","84,09",-19.7%,"84,09",-19.7%
São João,Disponível,229.0,13,7896112121145.0,Tramadol 50mg 10 Cápsulas Genérico Prati-Donaduzzi (A2),"37,51","19,90",-46.9%,"19,90",-46.9%
São João,Disponível,229.0,13,7891317010065.0,Cod 30mg 12 Comprimidos Supera (A2),"45,72","38,59",-15.6%,"38,59",-15.6%
São João,Disponível,229.0,12,7896004758268.0,Budesonida 64mcg 120 Doses Genérico EMS,"30,10","25,89",-14.0%,"25,89",-14.0%
São João,Disponível,229.0,13,7897851250394.0,Amiobal Baldacci 100mg 30 Comprimidos,"20,76","12,90",-37.9%,"12,90",-37.9%
São João,Disponível,229.0,12,7894916508506.0,"Concor HCT 5+12,5mg 30 Comprimidos Merck","68,82","68,82",-0.0%,"68,82",-0.0%
São João,Esgotado,229.0,14,0.0,GlyA 75mg 60 Cápsulas Cristália (C1),0,0,0,0,0
São João,Disponível,229.0,12,7896004733234.0,"Tansulosina 0,4mg 30 Comprimidos Genérico EMS","23,36","10,90",-53.3%,"10,90",-53.3%
São João,Esgotado,228.0,13,0.0,Auris-Sedina Solução Otológica 10ml,0,0,0,0,0
São João,Disponível,228.0,14,7896004715292.0,Acetilcisteína 120ml Infantil Genérico EMS,"39,56","33,09",-16.4%,"33,09",-16.4%
São João,Disponível,228.0,14,7897595622037.0,Alopurinol 300mg Genérico Medley 30 Comprimidos,"55,46","39,90",-28.1%,"39,90",-28.1%
São João,Esgotado,228.0,13,0.0,Xarope Abrilar 200ml FQM,0,0,0,0,0
São João,Esgotado,228.0,13,0.0,A Saúde da Mulher Xarope EMS 150ml,0,0,0,0,0
São João,Disponível,228.0,13,7896004789873.0,Rusovas 10mg 60 Comprimidos Revestidos Germed,"51,77","51,77",-0.0%,"51,77",-0.0%
São João,Esgotado,228.0,13,0.0,Engov After Red Hits 250ml Hypera Pharma,0,0,0,0,0
São João,Disponível,228.0,13,7898158693709.0,Vicog 5mg 90 Comprimidos,"89,90","69,59",-22.6%,"69,59",-22.6%
São João,Disponível,228.0,13,7896637023665.0,Razapina 30mg 30 Comprimidos Revestidos Moksha8 (C1),"22,44","22,44",-0.0%,"22,44",-0.0%
São João,Disponível,228.0,12,7898148291267.0,Cloridrato De Metformina 500mg Genérico Prati 30 Comprimidos Revestidos,"8,38","5,99",-28.5%,"5,99",-28.5%
São João,Esgotado,228.0,14,0.0,NovoRapid FlexPen Solução Injetável 1 Ampola de 3ml + Aplicador,0,0,0,0,0
São João,Esgotado,228.0,13,0.0,Fleodid 500 40g Pomada Divcom,0,0,0,0,0
São João,Esgotado,228.0,12,0.0,Neural Cristália 25mg 30 Cápsulas (C1),0,0,0,0,0
São João,Esgotado,228.0,14,0.0,Codeína 3mg 120ml Cristália (A2),0,0,0,0,0
São João,Disponível,228.0,12,7896004784083.0,Cilostazol 100mg 60 Comprimidos Genérico EMS,"90,64","49,90",-44.9%,"49,90",-44.9%
São João,Esgotado,228.0,14,0.0,Velija 60mg 30 Cápsulas Libbs (C1),0,0,0,0,0
São João,Disponível,228.0,14,7896004711232.0,Gliclazida 60mg Genérico EMS 60 Comprimidos,"70,44","20,89",-70.3%,"20,89",-70.3%
São João,Disponível,227.0,13,7896004718446.0,"Clonazepam 2,5mg 20ml Solução Genérica EMS (B1)","16,59","10,09",-39.2%,"10,09",-39.2%
São João,Disponível,227.0,13,7894916500777.0,Itraspor 100mg 15 Cápsulas Sigma Pharma,"94,66","77,29",-18.3%,"77,29",-18.3%
São João,Esgotado,227.0,13,0.0,Oxypynal 20mg 30 Comprimidos Adium (A1),0,0,0,0,0
São João,Disponível,227.0,13,7896181922711.0,Melik 75mcg 28 Comprimidos Revestidos Biosintética,"65,29","26,09",-60.0%,"26,09",-60.0%
São João,Disponível,227.0,14,7891158101656.0,Atip XR 50mg 30 Comprimidos Revestidos Supera (C1),"145,18","145,18",-0.0%,"145,18",-0.0%
São João,Disponível,227.0,13,7899547514254.0,Rexulti 1mg 30 Comprimidos Lundbeck (C1),"226,80","103,99",-54.1%,"103,99",-54.1%
São João,Esgotado,227.0,12,0.0,Benegrip Multi Solução Oral 240ml,0,0,0,0,0
São João,Disponível,227.0,13,7894916502641.0,Esomex 20mg 56 Comprimidos Revestidos Sigma Pharma,"45,40","40,09",-11.7%,"40,09",-11.7%
São João,Esgotado,227.0,12,0.0,Traumeel S 30ml Gotas Heel,0,0,0,0,0
São João,Esgotado,227.0,13,0.0,Óleo Mineral 100ml Uniphar,0,0,0,0,0
São João,Disponível,227.0,12,7896637022767.0,Ivahart 5mg 60 comprimidos revestidos Torrent,"61,13","52,09",-14.8%,"52,09",-14.8%
São João,Disponível,227.0,12,7896637023979.0,Mantidan 100mg 30 Comprimidos Momenta (C1),"132,71","132,71",-0.0%,"132,71",-0.0%
São João,Esgotado,226.0,12,0.0,"Stub 0,4mg 30 Cápsulas Eurofarma",0,0,0,0,0
São João,Disponível,226.0,14,7896523200101.0,Valsartana 320mg 30 Comprimidos Revestidos Genérico Germed,"78,26","47,49",-39.3%,"47,49",-39.3%
São João,Esgotado,226.0,15,0.0,Creo-Cálcio Xarope Jobim Saúde 150ml,0,0,0,0,0
São João,Esgotado,226.0,13,0.0,"Zoladex 3,6mg Depot Injeção AstraZeneca",0,0,0,0,0
São João,Esgotado,226.0,14,0.0,"Cyclofemina Suspensão Injetável Carnot 25mg + 0,5mg 0,5ml",0,0,0,0,0
São João,Disponível,226.0,13,7896637031516.0,Novanlo 5mg 90 Comprimidos?,"131,36","131,36",-0.0%,"131,36",-0.0%
São João,Disponível,226.0,14,7896004821696.0,Verapamil 80mg 30 Comprimidos Genérico Biosintética,"56,31","24,90",-55.8%,"24,90",-55.8%
São João,Disponível,226.0,13,7896658027703.0,"Eliquis 2,5mg 20 Comprimidos","65,89","55,99",-15.0%,"55,99",-15.0%
São João,Esgotado,226.0,12,0.0,Lanico 400/57mg Suspensão 70ml Supera,0,0,0,0,0
São João,Disponível,226.0,12,7891317455040.0,Esio 20mg 28 Comprimidos Eurofarma,"31,03","27,59",-11.1%,"27,59",-11.1%
São João,Disponível,226.0,12,7896523226750.0,Rosuvastatina Genérico Cimed 10mg 30 Comprimidos,"145,31","16,49",-88.7%,"16,49",-88.7%
São João,Disponível,226.0,14,7896422522687.0,Noctiden 10mg 30 Comprimidos Revestidos Biolab (B1),"71,18","49,90",-29.9%,"49,90",-29.9%
São João,Esgotado,226.0,13,0.0,Pant Solução Capilar 50ml,0,0,0,0,0
São João,Esgotado,226.0,13,0.0,Busonid 400mcg 60 Cápsulas Biosintética,0,0,0,0,0
São João,Disponível,226.0,12,7896523201054.0,Domperidona 10mg 30 Comprimidos Genérico EMS,"21,53","10,89",-49.4%,"10,89",-49.4%
São João,Disponível,226.0,13,7896026301428.0,Benegrip 20 Comprimidos Revestidos Hypera Pharma,"26,94","26,94",-0.0%,"26,94",-0.0%
São João,Esgotado,226.0,13,0.0,Rinosoro SIC Infantil Spray Nasal 50ml,0,0,0,0,0
São João,Disponível,226.0,12,7896004703596.0,Paracetamol + Codeína 36 Comprimidos Genérico Eurofarma (A2),"23,22","13,49",-41.9%,"13,49",-41.9%
São João,Disponível,225.0,15,7896261003996.0,Flotac 70mg 10 Comprimidos Novartis,"36,99","21,17",-42.8%,"21,17",-42.8%
São João,Disponível,225.0,12,7896714205182.0,Cloridrato De Propranolol 40mg Genérico Medley 30 Comprimidos,"6,86","4,99",-27.3%,"4,99",-27.3%
São João,Esgotado,225.0,13,0.0,Opti-Free Express 710ml Alcon,0,0,0,0,0
São João,Disponível,225.0,13,7899095238671.0,Escitalopram 15mg 30 Comprimidos Revestidos Genérico Novartis (C1),"69,32","29,90",-56.9%,"29,90",-56.9%
São João,Esgotado,225.0,13,0.0,Traumaflan Healthy Emulgel 60g,0,0,0,0,0
São João,Disponível,225.0,15,7891317412692.0,Gastrogel Suspensão Oral Medquímica 240ml,"57,34","52,19",-9.0%,"52,19",-9.0%
São João,Disponível,225.0,14,7891317455040.0,Domperidona 10mg 30 Comprimidos Genérico Eurofarma,"31,03","27,59",-11.1%,"27,59",-11.1%
São João,Disponível,225.0,14,7898148290512.0,Captopril 25mg Genérico Prati 30 Comprimidos,"5,72","3,99",-30.2%,"3,99",-30.2%
São João,Disponível,225.0,13,7896004701820.0,Diclofenaco Sódico 100mg 10 Comprimidos Revestidos Genérico EMS,"28,48","16,39",-42.5%,"16,39",-42.5%
São João,Esgotado,225.0,14,0.0,Vick Vaporub 50g,0,0,0,0,0
São João,Disponível,225.0,12,7896015560027.0,Gastrol Pó Efervescente 1 Envelope de 5g,"4,93","4,29",-13.0%,"4,29",-13.0%
São João,Disponível,225.0,12,7896094206366.0,Naprix D 5mg+25mg 30 Cápsulas Libbs,"84,02","69,49",-17.3%,"69,49",-17.3%
São João,Disponível,225.0,13,7891317482541.0,Quet XR 300mg 30 Comprimidos Revestidos Eurofarma (C1),"1110,02","149,99",-86.5%,"149,99",-86.5%
São João,Disponível,225.0,13,7896004731322.0,Captopril Genérico EMS 25mg 30 Comprimidos,"116,69","41,89",-64.1%,"41,89",-64.1%
São João,Disponível,224.0,13,7896009498459.0,Advil 400mg 12 Cápsulas GSK,"50,80","33,00",-35.0%,"33,00",-35.0%
São João,Disponível,224.0,12,7896261003996.0,Exforge Hct 160+25+10Mg 28 Comprimidos Novartis,"36,99","21,17",-42.8%,"21,17",-42.8%
São João,Esgotado,224.0,12,0.0,"Extrato de Cannabis Sativa 36,76 mg/ml 30 ml Ease Labs (b1)",0,0,0,0,0
São João,Disponível,224.0,13,7898569760298.0,Lamotrigina 100mg Genérico Althaia 30 Comprimidos (C1),"62,98","39,90",-36.6%,"39,90",-36.6%
São João,Disponível,224.0,12,7891317444952.0,Allestra 30 75mcg/30mcg 63 Comprimidos Revestidos,"93,45","77,49",-17.1%,"77,49",-17.1%
São João,Disponível,224.0,12,7891721201806.0,Clazi XR 60mg 30 Comprimidos Germed,"11,81","8,49",-28.1%,"8,49",-28.1%
São João,Esgotado,224.0,14,0.0,Flogoral 3g Laranja 4 Pastilhas,0,0,0,0,0
São João,Disponível,224.0,13,7896523213590.0,Anlodipino 10mg Generico Cimed 30 Comprimidos,"39,19","7,99",-79.6%,"7,99",-79.6%
São João,Disponível,224.0,12,7896714234564.0,Etoricoxibe 60Mg 14 Comprimidos Genérico Neo Quimica (C1),"23,89","9,99",-58.2%,"9,99",-58.2%
São João,Disponível,224.0,12,7908134200552.0,Slinda Exeltis 4mg 24 Comprimidos + 4 Placebos,"307,85","244,19",-20.7%,"244,19",-20.7%
São João,Disponível,224.0,12,7896004755878.0,"Drospirenona + Etinilestradiol 3mg + 0,03mg 63 Comprimidos Revestidos Genérico EMS","155,73","69,90",-55.1%,"69,90",-55.1%
São João,Disponível,224.0,12,7896004782980.0,Levetiracetam 500mg 30 Comprimidos Revestidos Genérico EMS (C1),"266,35","99,90",-62.5%,"99,90",-62.5%
São João,Disponível,224.0,12,7897595602473.0,Doxiclina 100mg 15 Comprimidos Pharlab,"57,39","30,79",-46.3%,"30,79",-46.3%
São João,Disponível,224.0,13,7896637022552.0,VeePi 500mg 30 Comprimidos Torrent (C1),"44,74","39,29",-12.2%,"39,29",-12.2%
São João,Disponível,224.0,12,7898216360727.0,Pronazol 150mg 2 Comprimidos Difucap,"22,94","14,90",-35.0%,"14,90",-35.0%
São João,Esgotado,224.0,13,0.0,Arcoxia 90mg 5 Comprimidos (C1),0,0,0,0,0
São João,Esgotado,224.0,12,0.0,"Buscopan Composto 4mg/0,5mg 5ml Injetável 50 Unidades",0,0,0,0,0
São João,Disponível,224.0,13,7896004711232.0,Glimepirida 1mg 30 Comprimidos Genérico EMS,"70,44","20,89",-70.3%,"20,89",-70.3%
São João,Disponível,224.0,12,7896637022767.0,Flavonid 60 Comprimidos Revestidos,"61,13","52,09",-14.8%,"52,09",-14.8%
São João,Disponível,224.0,13,7894916508933.0,Sitglu 100mg 30 Comprimidos Brace Pharma,"98,37","98,37",-0.0%,"98,37",-0.0%
São João,Esgotado,224.0,13,0.0,Figatil 20 Drágeas,0,0,0,0,0
São João,Esgotado,223.0,12,0.0,Extrato de Própolis Verde 70 30ml Gotas Apis Flora,0,0,0,0,0
São João,Disponível,223.0,13,7896637024358.0,Codein 30mg 30 Comprimidos,"83,67","83,67",-0.0%,"83,67",-0.0%
São João,Disponível,223.0,13,7896004737119.0,Esc 10mg 60 Comprimidos Revestidos Eurofarma (C1),"60,52","29,90",-50.6%,"29,90",-50.6%
São João,Disponível,223.0,12,7896658015106.0,Parasin Aché 400mg 1 Comprimido,"126,62","102,53",-19.0%,"102,53",-19.0%
São João,Disponível,223.0,13,7896004709291.0,Deflazacorte 6mg 20 Comprimidos Genérico EMS,"156,37","119,69",-23.5%,"119,69",-23.5%
São João,Esgotado,223.0,13,0.0,Pomada Hipoglós Transparente 120g,0,0,0,0,0
São João,Esgotado,223.0,13,0.0,Sorine Infantil Gotas 30ml Aché,0,0,0,0,0
São João,Disponível,223.0,13,7896255713160.0,Divalcon ER 250mg 60 Comprimidos Revestidos Abbott (C1),"66,77","53,42",-20.0%,"53,42",-20.0%
São João,Disponível,223.0,12,7896181901747.0,Torval CR 500mg 30 Comprimidos,"38,22","32,89",-13.9%,"32,89",-13.9%
São João,Disponível,222.0,13,7896004718828.0,Alprazolam 1mg 30 Comprimidos Genérico EMS (B1),"31,30","7,49",-76.1%,"7,49",-76.1%
São João,Disponível,222.0,13,7897595635808.0,Rosuvastatina 20mg Genérico Novartis 30 Comprimidos Revestidos,"146,40","22,90",-84.4%,"22,90",-84.4%
São João,Disponível,222.0,12,7896004718804.0,"Alprazolam 0,5mg 30 Comprimidos Genérico EMS (B1)","15,95","4,99",-68.7%,"4,99",-68.7%
São João,Disponível,222.0,12,7896004705989.0,Pantoprazol 20mg 28 Comprimidos Revestidos Genérico EMS,"33,10","20,89",-36.9%,"20,89",-36.9%
São João,Esgotado,222.0,15,0.0,Malvona Propolis Spray 30Ml Daudt,0,0,0,0,0
São João,Disponível,222.0,12,7896523214382.0,Pantoprazol 40mg Genérico Cimed 28 Comprimidos Revestidos,"109,85","16,99",-84.5%,"16,99",-84.5%
São João,Disponível,222.0,12,7891721201806.0,Wellbutrin XL 300mg 30 Comprimidos,"11,81","8,49",-28.1%,"8,49",-28.1%
São João,Disponível,222.0,13,7896004712499.0,Dienogeste 2mg 30 Comprimidos Genérico EMS,"54,07","24,90",-53.9%,"24,90",-53.9%
São João,Disponível,222.0,12,7896241293669.0,Plasil 10mg 20 Comprimidos,"39,75","29,79",-25.1%,"29,79",-25.1%
São João,Disponível,222.0,13,7891010256401.0,Motilium 10mg 30 Comprimidos,"91,14","79,69",-12.6%,"79,69",-12.6%
São João,Disponível,222.0,13,7897851250530.0,20BI 30 Comprimidos Momentos Novo,"23,10","23,10",-0.0%,"23,10",-0.0%
São João,Disponível,222.0,13,7896241293669.0,Forxiga 10mg 30 Comprimidos,"39,75","29,79",-25.1%,"29,79",-25.1%
São João,Disponível,222.0,12,7896112425328.0,Vonau Flash 8mg 30 Cápsulas Biolab,"113,90","96,69",-15.1%,"96,69",-15.1%
São João,Disponível,222.0,13,7896523214627.0,Ciclobenzaprina 10mg 15 Comprimidos Revestidos Genérico Cimed,"25,46","15,99",-37.2%,"15,99",-37.2%
São João,Disponível,222.0,13,7896094209510.0,"Glink Met 2,5mg + 850mg 60 Comprimidos Revestidos Libbs","156,27","109,39",-30.0%,"109,39",-30.0%
São João,Esgotado,221.0,13,0.0,Zyptan 10mg 8 Comprimidos Zydus,0,0,0,0,0
São João,Disponível,221.0,15,7891317455040.0,Esio 40mg 28 Comprimidos Eurofarma,"31,03","27,59",-11.1%,"27,59",-11.1%
São João,Disponível,221.0,12,7896637022767.0,Deller 50mg 60 Comprimidos Revestidos Ache (C1),"61,13","52,09",-14.8%,"52,09",-14.8%
São João,Disponível,221.0,12,7896004790169.0,Ondansetrona Volig 8mg 10 Comprimidos Orod Legrand,"55,77","19,99",-64.2%,"19,99",-64.2%
São João,Disponível,221.0,12,7896004715537.0,Furoato De Mometasona 1mg/g Genérico Medley Creme Dermatológico 20g,"42,68","19,90",-53.4%,"19,90",-53.4%
São João,Esgotado,221.0,13,0.0,Multi-Bi 495mg 30 Cápsulas Blíster Supera,0,0,0,0,0
São João,Disponível,221.0,15,7897595601834.0,Tamoxifeno Genérico Sandoz 20mg 30 Comprimidos Revestidos,"209,09","49,90",-76.1%,"49,90",-76.1%
São João,Disponível,221.0,12,7896004704364.0,Cefalexina Suspensão Oral 250mg/5ml 100ml Genérico Eurofarma,"70,68","40,46",-42.8%,"40,46",-42.8%
São João,Disponível,221.0,13,7896317907834.0,Celerg Xarope 120ml,"43,40","26,35",-39.3%,"26,35",-39.3%
São João,Disponível,221.0,12,7897595634986.0,Mirtazapina 45mg 30 Comprimidos Genérico Novartis (C1),"175,56","90,59",-48.4%,"90,59",-48.4%
São João,Disponível,221.0,13,7896004712543.0,Doxazosina 2mg 30 Comprimidos Genérico Novartis,"54,07","14,90",-72.4%,"14,90",-72.4%
São João,Esgotado,221.0,12,0.0,Dorzolamida + Timolol Oftálmico 5ml Genérico EMS,0,0,0,0,0
São João,Disponível,221.0,13,7897851220779.0,"Divelol 12,5mg 60 Comprimidos Baldacci","76,75","62,59",-18.4%,"62,59",-18.4%
São João,Disponível,221.0,12,7891317458867.0,"Gesico Duo 37,5mg + 325mg 20 Comprimidos Revestidos Eurofarma (A2)","909,92","199,90",-78.0%,"199,90",-78.0%
São João,Disponível,221.0,13,7896241293669.0,Hisbila 20mg 30 Comprimidos,"39,75","29,79",-25.1%,"29,79",-25.1%
São João,Esgotado,221.0,13,0.0,Pomada Hemofiss 30g + 10 Aplicadores,0,0,0,0,0
São João,Disponível,221.0,12,7896112425328.0,Pantogar 90 Cápsulas,"113,90","96,69",-15.1%,"96,69",-15.1%
São João,Disponível,220.0,12,7896523227443.0,Tadalafila Genérico Cimed 20mg 4 Comprimidos,"96,29","24,49",-74.6%,"24,49",-74.6%
São João,Disponível,220.0,12,7897851220779.0,Ziprol 40mg 28 Comprimidos Baldacci,"76,75","62,59",-18.4%,"62,59",-18.4%
São João,Disponível,220.0,12,7896637023658.0,Neocopan Composto 10mg + 250mg 20 Comprimidos Revestidos,"20,15","20,15",-0.0%,"20,15",-0.0%
São João,Disponível,220.0,13,7896004718460.0,Cetoconazol + Betametasona Creme Dermatológico 30g Genérico EMS,"32,18","15,69",-51.2%,"15,69",-51.2%
São João,Disponível,220.0,12,7898967006141.0,Targus Lat Adesivos Transdérmicos 10 Unidades,"146,38","119,09",-18.6%,"119,09",-18.6%
São João,Disponível,220.0,12,7896165600406.0,Pentasa 1g 50Saches Ferring,"884,82","884,82",-0.0%,"884,82",-0.0%
São João,Disponível,220.0,13,7898029558755.0,Vastarel LP 80mg 30 Cápsulas,"215,72","215,72",-0.0%,"215,72",-0.0%
São João,Esgotado,220.0,13,0.0,Trimbow 120 Doses Spray,0,0,0,0,0
São João,Disponível,220.0,13,7898148294381.0,Prometazina 25mg 20 Comprimidos Revestidos Genérico Prati,"17,05","8,59",-49.6%,"8,59",-49.6%
São João,Disponível,220.0,13,7896004721842.0,Clazi XR 30mg 60 Comprimidos Germed,"22,87","9,90",-56.7%,"9,90",-56.7%
São João,Disponível,220.0,13,7897595901316.0,"Stilnox CR 6,25mg 20 Comprimidos Sanofi (B1)","20,16","17,99",-10.8%,"17,99",-10.8%
São João,Disponível,220.0,12,7896637023979.0,Ezonia 1mg 30 comprimidos Momenta (B1),"132,71","132,71",-0.0%,"132,71",-0.0%
São João,Disponível,220.0,12,7891317444952.0,"Tilestal 37,5 + 325mg 20 Comprimidos Revestidos Myralis (A2)","93,45","77,49",-17.1%,"77,49",-17.1%
São João,Disponível,220.0,13,7896094208124.0,Onua 75mcg 84 Comprimidos Revestidos FQM,"123,47","86,43",-30.0%,"86,43",-30.0%
São João,Esgotado,220.0,13,0.0,Água de Melissa Officinalis 30ml,0,0,0,0,0
São João,Disponível,219.0,12,7896112421498.0,Livalo 4Mg 30 Comprimidos Revestidos Biolab,"53,68","47,09",-12.3%,"47,09",-12.3%
São João,Esgotado,219.0,12,0.0,Dep 30mg 30 Cápsulas Eurofarma (C1),0,0,0,0,0
São João,Disponível,219.0,15,7898148291267.0,Cloridrato De Metformina XR 500mg Genérico Prati 30 Comprimidos Revestidos,"8,38","5,99",-28.5%,"5,99",-28.5%
São João,Disponível,219.0,15,7891058002725.0,Propafenona 300mg 30 Cápsulas Genérico Prati,"24,70","16,49",-33.2%,"16,49",-33.2%
São João,Esgotado,219.0,13,0.0,Benalet Pastilhas Mel e Limão 12 Unidades J&amp;J,0,0,0,0,0
São João,Disponível,219.0,12,7896523218946.0,Ciprofibrato 100mg 30 Comprimidos Lipneo Neoquímica,"37,82","21,57",-43.0%,"21,57",-43.0%
São João,Esgotado,219.0,16,0.0,Sulfametoxazol 800mg+ Trimetoprima 160mg 10 Comprimidos Genérico Prati,0,0,0,0,0
São João,Disponível,219.0,15,7896004715032.0,Lisador 500mg/5mg/10mg 16 Comprimidos,"21,90","20,59",-6.0%,"20,59",-6.0%
São João,Disponível,219.0,13,7896637031509.0,Neblock 5mg 30 Comprimidos,"72,96","72,96",-0.0%,"72,96",-0.0%
São João,Esgotado,219.0,12,0.0,Notuss Tss Adu Xarope 120ml,0,0,0,0,0
São João,Disponível,219.0,13,7896523210742.0,Cetoconazol 200mg Generico Cimed 10 Comprimidos,"94,84","30,29",-68.1%,"30,29",-68.1%
São João,Disponível,219.0,12,7898967006141.0,Evra Adesivos Transdérmicos 3 Unidades,"146,38","119,09",-18.6%,"119,09",-18.6%
São João,Esgotado,219.0,12,0.0,Leduo 60mg 60 Cápsulas Genom (C1),0,0,0,0,0
São João,Disponível,218.0,12,7896112421498.0,"Flux SR 1,5mg 30 Comprimidos Revestidos Biolab","53,68","47,09",-12.3%,"47,09",-12.3%
São João,Disponível,218.0,12,7896004715032.0,Mioflex A 125mg/50mg/300mg/30mg 30 Comprimidos,"21,90","20,59",-6.0%,"20,59",-6.0%
São João,Disponível,218.0,14,7899547500363.0,Dipirona 1g 20 Comprimidos Genérico Prati,"23,21","16,99",-26.8%,"16,99",-26.8%
São João,Esgotado,218.0,12,0.0,Strepsils Pastilhas Sabor Laranja 8 Unidades Reckitt Benckiser,0,0,0,0,0
São João,Disponível,218.0,12,7896637032209.0,Probid 15 Cápsulas,"135,90","135,90",-0.0%,"135,90",-0.0%
São João,Esgotado,218.0,14,0.0,Psorex Solução Dermatológica 50g,0,0,0,0,0
São João,Esgotado,218.0,13,0.0,"Paratram 37,5+325Mg 20 Comprimidos Adium (A2)",0,0,0,0,0
São João,Disponível,218.0,12,7896241293669.0,Pamelor 10Mg 30 Comprimidos,"39,75","29,79",-25.1%,"29,79",-25.1%
São João,Esgotado,218.0,12,0.0,Combiwave 25+125mcg Spray 120 Doses Glenmark,0,0,0,0,0
São João,Esgotado,218.0,12,0.0,Vick Xarope Procter 44E 240ml,0,0,0,0,0
São João,Disponível,218.0,12,7896094210714.0,Perlid 2mg 30 Comprimidos Prati RX (C1),"185,74","148,59",-20.0%,"148,59",-20.0%
São João,Disponível,218.0,14,7891317425869.0,Selozok 50mg 30 Comprimidos Revestidos,"14,53","14,53",-0.0%,"14,53",-0.0%
São João,Esgotado,218.0,12,0.0,Pomada Dbriz 30g Supera,0,0,0,0,0
São João,Disponível,218.0,15,7896637022552.0,Ebatz 4mg 30 Comprimidos,"44,74","39,29",-12.2%,"39,29",-12.2%
São João,Disponível,217.0,12,7896004701820.0,Diclofenaco Potássico 50mg 20 Comprimidos Genérico EMS,"28,48","16,39",-42.5%,"16,39",-42.5%
São João,Disponível,217.0,13,7894916502641.0,Rohydorm 2mg 30 Comprimidos Revestidos Sigma Pharma (B1),"45,40","40,09",-11.7%,"40,09",-11.7%
São João,Disponível,217.0,13,7891317455040.0,Esc ODT 15mg 30 Comprimidos Eurofarma (C1),"31,03","27,59",-11.1%,"27,59",-11.1%
São João,Disponível,217.0,14,7898430195792.0,"Venolise 26,7 30 Comprimidos Myralis","67,17","67,17",-0.0%,"67,17",-0.0%
São João,Disponível,217.0,14,7896014660506.0,Alfaepoetina 4000UI Injeção Frasco 1ml Blausiegel,"325,62","89,90",-72.4%,"89,90",-72.4%
São João,Disponível,217.0,16,7896004709123.0,"Atenolol + Clortalidona 50mg + 12,5mg 30 Comprimidos Genérico EMS","67,73","67,73",-0.0%,"67,73",-0.0%
São João,Disponível,217.0,13,7898569764517.0,Nitazoxanida 500mg Genérico Althaia 6 Comprimidos,"61,60","26,39",-57.2%,"26,39",-57.2%
São João,Disponível,217.0,13,7896637022835.0,Assert 50mg 30 Comprimidos Revestidos,"62,81","33,90",-46.0%,"33,90",-46.0%
São João,Disponível,217.0,13,7896523218946.0,Ciprofibrato 100mg Genérico Biolab 60 Comprimidos,"37,82","21,57",-43.0%,"21,57",-43.0%
São João,Esgotado,217.0,13,0.0,Sinudoron 50ml Weleda,0,0,0,0,0
São João,Disponível,217.0,12,7896523226774.0,Rosuvastatina 20mg 30 Comprimidos Genérico Cimed,"254,45","22,90",-91.0%,"22,90",-91.0%
São João,Disponível,217.0,12,7896241293669.0,Rivotril 2mg 30 Comprimidos,"39,75","29,79",-25.1%,"29,79",-25.1%
São João,Disponível,217.0,13,7896658005930.0,Xarope Bronquivita 150ml,"47,25","42,49",-10.1%,"42,49",-10.1%
São João,Disponível,217.0,13,7891317010065.0,Denyl 20mg 28 Comprimidos Supera (C1),"45,72","38,59",-15.6%,"38,59",-15.6%
São João,Esgotado,217.0,14,0.0,Seakalm Solução Oral 100ml,0,0,0,0,0
São João,Disponível,216.0,13,7897595901316.0,"Stilnox CR 12,5mg 20 Comprimidos Sanofi (B1)","20,16","17,99",-10.8%,"17,99",-10.8%
São João,Esgotado,216.0,12,0.0,Zyxem 5mg/ml Gotas 20ml,0,0,0,0,0
São João,Disponível,216.0,13,7896637029117.0,Insit 75mg 30 Cápsulas Duras,"77,57","33,00",-57.5%,"33,00",-57.5%
São João,Esgotado,216.0,12,0.0,Esalerg 60ml Aché,0,0,0,0,0
São João,Disponível,216.0,14,7896637022767.0,Montelair 10mg 60 Comprimidos Revestidos Aché,"61,13","52,09",-14.8%,"52,09",-14.8%
São João,Disponível,216.0,14,7894916508506.0,"Olmy HCT 40+12,5mg 30 Comprimidos Revestidos Germed","68,82","68,82",-0.0%,"68,82",-0.0%
São João,Disponível,216.0,12,7896004718804.0,"Apraz 0,5mg 30 Comprimidos Mantecorp (B1)","15,95","4,99",-68.7%,"4,99",-68.7%
São João,Esgotado,216.0,12,0.0,Andolba 43g Aerossol,0,0,0,0,0
São João,Esgotado,216.0,13,0.0,Analgésico Flanax XR 660mg Bayer Dores Insistentes com 8 comprimidos | até 24h de alívio,0,0,0,0,0
São João,Esgotado,216.0,13,0.0,Densis 5mg Solução Injetável 100ml com Bolsa Momenta,0,0,0,0,0
São João,Disponível,216.0,12,7897595901033.0,Rosulib 10mg 30 Comprimidos Sandoz,"17,16","15,69",-8.6%,"15,69",-8.6%
São João,Disponível,216.0,14,7896637023658.0,"Olsar H 20mg + 12,5mg 30 Comprimidos Revestidos","20,15","20,15",-0.0%,"20,15",-0.0%
São João,Disponível,216.0,12,7896658021749.0,Advil 12h 600mg 2 Comprimidos Revestidos,"73,62","61,79",-16.1%,"61,79",-16.1%
São João,Disponível,216.0,13,7891317177645.0,"Nociclin EMS 0,15mg + 0,03mg 21 Comprimidos","44,50","38,49",-13.5%,"38,49",-13.5%
São João,Disponível,216.0,12,7896181901747.0,Miorrelax 20 Comprimidos,"38,22","32,89",-13.9%,"32,89",-13.9%
São João,Disponível,216.0,12,7896004710891.0,AAS 100mg 30 Comprimidos Infantil Genérico EMS,"13,72","10,39",-24.3%,"10,39",-24.3%
São João,Disponível,216.0,13,7897851250530.0,Sincro XR 25mg 30 Comprimidos Momenta (C1),"23,10","23,10",-0.0%,"23,10",-0.0%
São João,Disponível,216.0,14,7896004723020.0,Ácido Ursodesoxicólico 150mg 30 Comprimidos Genérico EMS,"55,50","48,99",-11.7%,"48,99",-11.7%
São João,Esgotado,216.0,12,0.0,Esogastro IBP EMS 14 Cartelas + 14 Comprimidos,0,0,0,0,0
São João,Disponível,216.0,13,7896637031608.0,Latuda 40mg 60 Comprimidos Revestidos Daiichi (C1),"154,89","125,09",-19.2%,"125,09",-19.2%
São João,Disponível,216.0,12,7891317455040.0,Prysma 1mg 30 Comprimidos Eurofarma (B1),"31,03","27,59",-11.1%,"27,59",-11.1%
São João,Disponível,216.0,15,7896241270400.0,"Drenison 0,0125% Creme 30g Biolab","44,52","39,89",-10.4%,"39,89",-10.4%
São João,Disponível,216.0,13,7896094208858.0,Plenance 20mg 90 Comprimidos Revestidos,"137,00","111,29",-18.8%,"111,29",-18.8%
São João,Disponível,216.0,14,7896658009532.0,Prelone 3mg 120ml Aché,"57,73","53,39",-7.5%,"53,39",-7.5%
São João,Disponível,215.0,12,7891317129781.0,Totacef 500mg 20 Comprimidos Eurofarma,"249,06","199,89",-19.7%,"199,89",-19.7%
São João,Disponível,215.0,14,7896523216812.0,Lisador Dip 1g 10 Comprimidos,"19,90","19,90",-0.0%,"19,90",-0.0%
São João,Esgotado,215.0,14,0.0,Terocoxi 90mg 7 Comprimidos Cristália (C1),0,0,0,0,0
São João,Esgotado,215.0,13,0.0,Soliqua Insulina 30-60 Solostar 3Ml Sanofi,0,0,0,0,0
São João,Disponível,215.0,14,7896523201139.0,Rivaroxabana 20mg Genérico Cimed 30 Comprimidos Revestidos,"241,14","96,90",-59.8%,"96,90",-59.8%
São João,Disponível,215.0,12,7898060134246.0,Omeprazol 20mg Genérico Globo Pharma 56 Comprimidos,"39,95","23,90",-40.2%,"23,90",-40.2%
São João,Disponível,215.0,12,7891317425869.0,Alevo 750mg 7 Comprimidos Revestidos Supera,"14,53","14,53",-0.0%,"14,53",-0.0%
São João,Disponível,215.0,12,7896637023979.0,Ansitec Libbs 10mg 20 Comprimidos (C1),"132,71","132,71",-0.0%,"132,71",-0.0%
São João,Disponível,215.0,13,7896004709413.0,Pomada Cetoconazol + Betametasona 30g Genérico EMS,"31,71","27,09",-14.6%,"27,09",-14.6%
São João,Disponível,215.0,13,7899547544541.0,Ciclobenzaprina 5mg 15 Cápsulas Genérico Prati-Donaduzzi,"17,14","9,99",-41.7%,"9,99",-41.7%
São João,Esgotado,215.0,14,0.0,"Celestone 0,5mg 20 Comprimidos Mantecorp Log d",0,0,0,0,0
São João,Disponível,215.0,13,7896241293669.0,Vasopril 10mg 30 Comprimidos,"39,75","29,79",-25.1%,"29,79",-25.1%
São João,Disponível,215.0,14,8902220109520.0,Toarip 20mg 30 Comprimidos Torrent (C1),"75,69","62,29",-17.7%,"62,29",-17.7%
São João,Disponível,215.0,12,7795320008821.0,Trok Creme Dermatológico 10g,"50,17","44,69",-10.9%,"44,69",-10.9%
São João,Disponível,214.0,12,7896016807251.0,Crestor 5mg 30 Comprimidos Revestidos Astrazeneca,"177,06","141,65",-20.0%,"141,65",-20.0%
São João,Disponível,214.0,13,7896523227573.0,Loratadina 10mg 12 Comprimidos Genéricos Cimed,"22,83","5,99",-73.8%,"5,99",-73.8%
São João,Disponível,214.0,12,7896009498459.0,Advil 400mg 8 Cápsulas Gel,"50,80","33,00",-35.0%,"33,00",-35.0%
São João,Esgotado,214.0,13,0.0,Biofenac Aerossol Solução Dermatológica 60g,0,0,0,0,0
São João,Disponível,214.0,13,7896422522663.0,Hemifumarato De Bisoprolol 5mg Genérico Medley 30 Comprimidos Revestidos,"51,33","29,90",-41.7%,"29,90",-41.7%
São João,Esgotado,214.0,13,0.0,Hedera 7mg/ml 100ml Cimed,0,0,0,0,0
São João,Esgotado,214.0,13,0.0,Apresolina 25mg 60 Dragés Novartis,0,0,0,0,0
São João,Disponível,214.0,13,7896112486787.0,Avalox Bayer 400mg 7 Comprimidos Revestidos,"56,60","5,80",-89.8%,"5,80",-89.8%
São João,Esgotado,214.0,13,0.0,Micardis Hct 80+25Mg 30 Comprimidos Boehringer,0,0,0,0,0
São João,Disponível,214.0,14,7896637033961.0,Atentah 10mg 30 Cápsulas Apsen (C1),"81,86","68,49",-16.3%,"68,49",-16.3%
São João,Disponível,214.0,13,7896637037617.0,Asea HCT 40+25mg 30 Comprimidos Revestidos Supera,"152,08","152,08",-0.0%,"152,08",-0.0%
São João,Esgotado,214.0,14,0.0,Betatrinta 5mg/ml + 2 mg/ml 1 Ampola + 1 Suspensão injetável,0,0,0,0,0
São João,Esgotado,214.0,12,0.0,Sonridor GSK 2 Comprimidos Efervescentes,0,0,0,0,0
São João,Esgotado,214.0,13,0.0,Ducox 200mg 10 Cápsulas Momenta (C1),0,0,0,0,0
São João,Disponível,213.0,12,7891317038878.0,Sibutramina 15mg 60 Cápsulas Genérico Eurofarma (B2),"381,12","199,00",-47.8%,"199,00",-47.8%
São João,Disponível,213.0,13,7897595633675.0,Aciclovir 200mg 25 Comprimidos Genérico Novartis,"67,46","29,99",-55.5%,"29,99",-55.5%
São João,Esgotado,213.0,14,0.0,"Moment Creme 0,075% Apsen 50G",0,0,0,0,0
São João,Disponível,213.0,14,7891058005672.0,Trazodona 150mg Genérico Medley 30 Comprimidos (C1),"68,04","44,90",-34.0%,"44,90",-34.0%
São João,Esgotado,213.0,13,0.0,"Stilnox CR 12,5mg 28 Comprimidos Sanofi (B1)",0,0,0,0,0
São João,Disponível,213.0,13,7896004703398.0,Dipirona Sódica 500mg 10 Comprimidos Genérico EMS,"9,55","4,99",-47.7%,"4,99",-47.7%
São João,Disponível,213.0,12,7896006201731.0,Enjoy 4 Comprimidos Pharmascience,"56,31","49,39",-12.3%,"49,39",-12.3%
São João,Disponível,213.0,13,300652439266.0,Systane UL Lubrificante Oftálmico 15ml,"95,19","95,19",-0.0%,"95,19",-0.0%
São João,Esgotado,213.0,12,0.0,Buscopan Composto 20ml Hypera Pharma,0,0,0,0,0
São João,Disponível,213.0,12,7896015560027.0,Sal de Fruta Eno Tradicional 2 Envelopes com 5g cada,"4,93","4,29",-13.0%,"4,29",-13.0%
São João,Disponível,213.0,13,7896637022835.0,Unoprost 4mg 30 Comprimidos Apsen,"62,81","33,90",-46.0%,"33,90",-46.0%
São João,Esgotado,212.0,13,0.0,Cogit 24mg 30 Cápsulas Biolab (C1),0,0,0,0,0
São João,Esgotado,212.0,14,0.0,Aerolin Spray GSK 200 Doses,0,0,0,0,0
São João,Esgotado,212.0,12,0.0,Flagyl Gel 50g 10 Aplicadores Sanofi-Aventis,0,0,0,0,0
São João,Disponível,212.0,12,7896004713922.0,"Valsartana 80mg + Hidroclorotiazida 12,5mg Genérico Torrent 30 Comprimidos Revestidos","70,73","32,49",-54.1%,"32,49",-54.1%
São João,Esgotado,212.0,12,0.0,"Moment Creme 0,025% Apsen",0,0,0,0,0
São João,Esgotado,212.0,12,0.0,Aristab 1mg/ml 150ml Aché (C1),0,0,0,0,0
São João,Esgotado,212.0,13,0.0,Systen 50mcg/dia 8 Adesivos Theramex,0,0,0,0,0
São João,Esgotado,212.0,12,0.0,"Pomada Maxidex Oftálmica 3,5g Novartis",0,0,0,0,0
São João,Esgotado,212.0,12,0.0,"Própolis, Mel e Menta Baldoni Chico Bento 30ml Gotas",0,0,0,0,0
São João,Esgotado,212.0,12,0.0,Pomada Diprosone 30g Mantecorp,0,0,0,0,0
São João,Disponível,212.0,12,7896658027130.0,Brasart HCT 160mg/25mg 30 Comprimidos Revestidos,"131,87","106,99",-18.9%,"106,99",-18.9%
São João,Esgotado,212.0,12,0.0,Motilium 200Ml Janssen-Cilag,0,0,0,0,0
São João,Esgotado,212.0,13,0.0,Multigrip Antigripal - 4 Cápsulas,0,0,0,0,0
São João,Disponível,212.0,12,7894916500777.0,Cymbi 60mg 30 Cápsulas Sigma Pharma (C1),"94,66","77,29",-18.3%,"77,29",-18.3%
São João,Disponível,211.0,12,7896637022569.0,"Cor-Select 2,5mg 60 Comprimidos Biolab","74,30","62,29",-16.2%,"62,29",-16.2%
São João,Disponível,211.0,13,7500435260541.0,Meritor 2+1000mg 30 Comprimidos Revestidos Aché,"74,62","64,29",-13.8%,"64,29",-13.8%
São João,Esgotado,211.0,12,0.0,Fly Gotas 150mg 15ml Biolab,0,0,0,0,0
São João,Esgotado,211.0,12,0.0,Extrato de Própolis Verde Baldoni 30ml,0,0,0,0,0
São João,Disponível,211.0,13,7897851250394.0,Monocordil 20mg 30 Comprimidos Baldacci,"20,76","12,90",-37.9%,"12,90",-37.9%
São João,Esgotado,211.0,13,0.0,Cilodex Suspensão Oftamolófica 5Ml Novartis,0,0,0,0,0
São João,Disponível,211.0,13,7891058017507.0,Dorflex Analgésico e Relaxante Muscular 300mg + 35mg + 50mg Sanofi 24 Comprimidos,"24,64","16,90",-31.4%,"16,90",-31.4%
São João,Disponível,211.0,13,7891721016165.0,"Cherry 2+0,03mg 21 Comprimidos Revestidos FQM","115,99","115,99",-0.0%,"115,99",-0.0%
São João,Esgotado,211.0,14,0.0,Novolin R U-100 10mL Novo Nordisk,0,0,0,0,0
São João,Disponível,211.0,12,7896094206366.0,Naprix A Libbs 5mg + 5mg 30 Cápsulas,"84,02","69,49",-17.3%,"69,49",-17.3%
São João,Esgotado,211.0,12,0.0,Eno Limão Pó Efervescente 100g,0,0,0,0,0
São João,Esgotado,211.0,12,0.0,Estriol Creme Vaginal 50g Genérico Biolab,0,0,0,0,0
São João,Disponível,211.0,13,7891317010065.0,"Lefor 2,5mg 30 Comprimidos EMS","45,72","38,59",-15.6%,"38,59",-15.6%
São João,Esgotado,211.0,13,0.0,Diovan HCT 160+25mg 28 Comprimidos FQM,0,0,0,0,0
São João,Disponível,211.0,12,7898687736472.0,Propafenona 300mg 60 Comprimidos Revestidos Genérico Althaia,"144,84","107,09",-26.1%,"107,09",-26.1%
São João,Disponível,210.0,12,7896523213569.0,Anlodipino 5mg Generico Cimed 30 Comprimidos,"30,55","5,82",-80.9%,"5,82",-80.9%
São João,Disponível,210.0,14,7896523210773.0,Maleato De Enalapril 20mg Genérico Cimed 30 Comprimidos,"38,16","14,49",-62.0%,"14,49",-62.0%
São João,Disponível,210.0,14,7896714234564.0,Diltiazem 60mg 50 Comprimidos Genérico Nova Química,"23,89","9,99",-58.2%,"9,99",-58.2%
São João,Disponível,210.0,14,7896658008801.0,Synthroid 88mcg 30 Comprimidos,"27,15","24,29",-10.5%,"24,29",-10.5%
São João,Disponível,210.0,12,7891721202858.0,Levotiroxina Sódica 200Mcg 30 Comprimidos Genérico Merck,"11,13","11,13",-0.0%,"11,13",-0.0%
São João,Disponível,210.0,14,7891317025571.0,Creme Cetoconazol + Betametasona 30g Genérico Eurofarma,"40,57","36,99",-8.8%,"36,99",-8.8%
São João,Esgotado,210.0,13,0.0,Betaserc 16mg 30 Comprimidos Abbott,0,0,0,0,0
São João,Disponível,210.0,12,7897129301506.0,Hixizine Xarope 120ml Theraskin,"63,55","57,19",-10.0%,"57,19",-10.0%
São João,Disponível,210.0,12,7896004715032.0,Mioflex A 50mg/300mg/125mg/30mg 12 Comprimidos,"21,90","20,59",-6.0%,"20,59",-6.0%
São João,Disponível,210.0,12,7896637023665.0,Fexx 120mg 10 Comprimidos Revestidos,"22,44","22,44",-0.0%,"22,44",-0.0%
São João,Esgotado,210.0,12,0.0,Enterogermina Adulto 2g 9 Sachês,0,0,0,0,0
São João,Esgotado,210.0,12,0.0,Gotas Preciosas Hertz 30ml,0,0,0,0,0
São João,Disponível,210.0,13,7896006290216.0,Lacrima Plus Solução Oftálmica 15ml,"47,65","40,79",-14.4%,"40,79",-14.4%
São João,Disponível,210.0,13,7894916502641.0,Neovangy MR 35mg 30 Comprimidos Revestidos Sigma Pharma,"45,40","40,09",-11.7%,"40,09",-11.7%
São João,Disponível,210.0,12,7896637022767.0,Olsar 20mg 30 Comprimidos Revestidos,"61,13","52,09",-14.8%,"52,09",-14.8%
São João,Disponível,210.0,13,7896094210271.0,"Yaz Flex 3mg/0,02mg 30 Comprimidos Revestidos","76,95","65,19",-15.3%,"65,19",-15.3%
São João,Disponível,209.0,12,7896658027130.0,"Acertalix 5mg+1,25mg 30 Comprimidos Revestidos Servier","131,87","106,99",-18.9%,"106,99",-18.9%
São João,Disponível,209.0,12,7896714267241.0,Ibuprofeno 400mg 10 Comprimidos Genérico Neo Química,"6,94","4,99",-28.1%,"4,99",-28.1%
São João,Esgotado,209.0,12,0.0,Vonau Flash 4mg 10 Cápsulas Menta Biolab,0,0,0,0,0
São João,Disponível,209.0,13,7896004782980.0,Levetiracetam 500mg 60 Comprimidos Revestidos Genérico Sandoz (C1),"266,35","99,90",-62.5%,"99,90",-62.5%
São João,Disponível,209.0,13,7896523215754.0,Albendazol 400mg Generico Cimed 3 Comprimidos Mastigáveis,"26,82","17,90",-33.3%,"17,90",-33.3%
São João,Disponível,209.0,13,7896112421498.0,Pressat 10mg 60 Comprimidos Biolab,"53,68","47,09",-12.3%,"47,09",-12.3%
São João,Disponível,209.0,12,7896658008115.0,Artrosil 160mg 10 Cápsulas Aché,"38,71","34,39",-11.2%,"34,39",-11.2%
São João,Disponível,209.0,13,7896004706009.0,Pantocal 40mg 28 Comprimidos Eurofarma,"51,57","27,90",-45.9%,"27,90",-45.9%
São João,Disponível,209.0,14,7896523216812.0,"Neodia 1,5mg 1 Comprimido","19,90","19,90",-0.0%,"19,90",-0.0%
São João,Esgotado,209.0,13,0.0,Tylenol Criança 60ml,0,0,0,0,0
São João,Disponível,209.0,13,7896015518875.0,Avamys Spray Nasal 120 Doses,"74,30","74,30",-0.0%,"74,30",-0.0%
São João,Disponível,209.0,12,7898029552203.0,Diatarcom MR 60 mg 30 comprimidos Servier,"104,57","104,57",-0.0%,"104,57",-0.0%
São João,Disponível,209.0,12,7891317465643.0,Triancinolona Pomada Oral Orabase 10g Genérico Prati-Donaduzzi,"17,13","11,90",-30.5%,"11,90",-30.5%
São João,Disponível,209.0,13,7896004821153.0,Verapamil Retard 120mg 20 Comprimidos Revestidos Genérico Biosintética,"130,45","49,90",-61.7%,"49,90",-61.7%
São João,Esgotado,209.0,13,0.0,Fresh Tears Colírio Allergan 15ml,0,0,0,0,0
São João,Disponível,209.0,12,7891317458867.0,"Gesico Duo 37,5mg + 325mg 10 Comprimidos Revestidos Eurofarma (A2)","909,92","199,90",-78.0%,"199,90",-78.0%
São João,Esgotado,209.0,12,0.0,Mesigyna solução injetável 50 mg + 5 mg/ml 1 ml 1 seringa preenchida,0,0,0,0,0
São João,Esgotado,209.0,13,0.0,Guaco 35Mg/ml Xarope Mel Mentolado 100ml,0,0,0,0,0
São João,Esgotado,209.0,13,0.0,Condroflex 500+400mg 60 Cápsulas Adium,0,0,0,0,0
São João,Esgotado,209.0,13,0.0,"Ambroxol 7,5mg 50ml Genérico Nativita",0,0,0,0,0
São João,Disponível,208.0,12,7898569762681.0,Ezetimiba Genérico Althaia 10mg 60 Comprimidos Revestidos,"167,48","79,90",-52.3%,"79,90",-52.3%
São João,Esgotado,208.0,12,0.0,Betaprospan Injecção 1x1ml + Ser União Química,0,0,0,0,0
São João,Disponível,208.0,13,7896637022835.0,Levoxin 750mg 5 Comprimidos Revestidos Apsen,"62,81","33,90",-46.0%,"33,90",-46.0%
São João,Disponível,208.0,12,7898074614857.0,Ursacol 150mg 30 Comprimidos,"66,32","59,49",-10.3%,"59,49",-10.3%
São João,Disponível,208.0,15,7899547543858.0,Paracetamol 500mg 20 Comprimidos Genérico Prati,"18,59","10,49",-43.6%,"10,49",-43.6%
São João,Disponível,208.0,12,7897473202771.0,Sulfato de Salbutamol 100mcg 200 Doses Spray Glenmark,"36,33","18,39",-49.4%,"18,39",-49.4%
São João,Disponível,208.0,12,7896004706306.0,Prednisona Genérico Prati 20 Comprimidos 5 mg,"19,01","13,90",-26.9%,"13,90",-26.9%
São João,Disponível,208.0,12,7896658030192.0,Zetron XL 150mg 60 Comprimidos,"40,27","35,79",-11.1%,"35,79",-11.1%
São João,Esgotado,207.0,12,0.0,"Daisan 37,5+325mg 10 Comprimidos Daiichi (A2)",0,0,0,0,0
São João,Disponível,207.0,12,7896523201542.0,Tartarato de Metoprolol 100mg 30 Comprimidos Revestidos Genérico Biolab,"85,49","49,90",-41.6%,"49,90",-41.6%
São João,Esgotado,207.0,12,0.0,Beserol 4 Comprimidos Megalabs,0,0,0,0,0
São João,Esgotado,207.0,14,0.0,Clavulin Bd 400Mg 70Ml Gsk,0,0,0,0,0
São João,Esgotado,207.0,13,0.0,Melysse XPE 25mg/ml Pediátrico 120ml Biosintética,0,0,0,0,0
São João,Disponível,207.0,13,7896004720746.0,Amoxicilina + Clavulanato De Potássio 400mg 70ml Genérico Sandoz,"102,04","59,90",-41.3%,"59,90",-41.3%
São João,Disponível,206.0,12,7894916508506.0,"Crisapina 2,5mg 30 Comprimidos Revestidos Cristalia (C1)","68,82","68,82",-0.0%,"68,82",-0.0%
São João,Disponível,206.0,14,7896548197554.0,Vigadexa 5mg/ml + 1mg/ml Solução Oftálmica 5ml,"52,63","46,79",-11.1%,"46,79",-11.1%
São João,Disponível,206.0,13,7896004715032.0,Lisador 500mg/5mg/10mg 24 Comprimidos,"21,90","20,59",-6.0%,"20,59",-6.0%
São João,Esgotado,206.0,13,0.0,ByeBye-Fever Crianças 2 Unidades,0,0,0,0,0
São João,Disponível,206.0,13,7898074614857.0,Velunid 450+50mg 30 Comprimidos Farmasa,"66,32","59,49",-10.3%,"59,49",-10.3%
São João,Disponível,206.0,13,7898569763015.0,Olmesartana + Anlodipino 20mg + 5mg 30 Comprimidos Revestidos Genérico EMS,"46,46","27,90",-39.9%,"27,90",-39.9%
São João,Esgotado,206.0,13,0.0,Engov After Tangerina 250ml Hypera Pharma,0,0,0,0,0
São João,Disponível,206.0,12,7896422507059.0,Genfibrozila 600mg 30 Comprimidos Revisado Genérico Medley,"37,20","19,99",-46.3%,"19,99",-46.3%
São João,Disponível,206.0,12,7896112425328.0,Pantogar 30 Cápsulas,"113,90","96,69",-15.1%,"96,69",-15.1%
São João,Disponível,205.0,12,7897595901316.0,"Puran T4 12,5mcg 30 Comprimidos Sanofi","20,16","17,99",-10.8%,"17,99",-10.8%
São João,Disponível,205.0,12,7891317425869.0,Zapsy 30mg 30 Comprimidos Revestidos Prati RX (C1),"14,53","14,53",-0.0%,"14,53",-0.0%
São João,Disponível,205.0,14,7896004730134.0,Citrato De Sildenafila 50mg Genérico Neo Química 4 Comprimidos Revestidos,"18,55","7,99",-56.9%,"7,99",-56.9%
São João,Esgotado,205.0,14,0.0,Neupro 4mg/24h (9mg) 28 Adesivos UCB (C1),0,0,0,0,0
São João,Disponível,205.0,12,7896523227566.0,Ibuprofeno 100mg Genérico Cimed Solução Oral 20ml,"22,19","6,49",-70.8%,"6,49",-70.8%
São João,Disponível,205.0,12,7891010256630.0,Tylenol Dor de Cabeça 500+65mg 10 Comprimidos J&amp;J,"21,87","14,99",-31.5%,"14,99",-31.5%
São João,Disponível,205.0,12,7899420507410.0,Lanico 875/125mg 20 Comprimidos Revestidos Supera,"58,34","49,39",-15.3%,"49,39",-15.3%
São João,Esgotado,205.0,13,0.0,Aristab 15mg 30 Comprimidos Aché (C1),0,0,0,0,0
São João,Esgotado,205.0,12,0.0,DoutorSan Adesivo G 2 Unidades,0,0,0,0,0
São João,Disponível,205.0,12,7897851250394.0,Fenazic 15mg 30 Comprimidos Adium,"20,76","12,90",-37.9%,"12,90",-37.9%
São João,Esgotado,205.0,13,0.0,Pros HP 2mg+5mg 60 Cápsulas Supera,0,0,0,0,0
São João,Disponível,205.0,13,7896658030192.0,Oxotron 60mg 15 Comprimidos Ache,"40,27","35,79",-11.1%,"35,79",-11.1%
São João,Esgotado,204.0,12,0.0,Tylex 30mg 36 Comprimidos Cellera (A2),0,0,0,0,0
São João,Esgotado,204.0,16,0.0,ByeBye-Fever 2 Unidades Super Gelado Hisamitsu,0,0,0,0,0
São João,Disponível,204.0,13,7891317425869.0,Xarelto 20mg 14 Comprimidos Revestidos Bayer,"14,53","14,53",-0.0%,"14,53",-0.0%
São João,Esgotado,204.0,13,0.0,Canela de Velho Pomada 150g,0,0,0,0,0
São João,Disponível,204.0,13,7896658000393.0,Rivaxa 10mg 10 Comprimidos Momenta,"56,36","49,09",-12.9%,"49,09",-12.9%
São João,Disponível,204.0,12,7896004715971.0,"Azitromicina 900mg 22,5ml Genérico Pharlab","79,28","24,49",-69.1%,"24,49",-69.1%
São João,Esgotado,204.0,13,0.0,Decongex Plus 4 Comprimidos Revestidos Avulso Aché,0,0,0,0,0
São João,Esgotado,204.0,12,0.0,Gelmax Dim Antiácido e Antigases - Suspensão Oral 240ml,0,0,0,0,0
São João,Disponível,204.0,12,7891158101687.0,Atip 25mg 30 Comprimidos Revestidos Supera (C1),"279,50","279,50",-0.0%,"279,50",-0.0%
São João,Esgotado,204.0,12,0.0,Novalgina Dipirona Monoidratada Infantil Dor e Febre Solução Oral 50mg/ml 100ml,0,0,0,0,0
São João,Disponível,204.0,14,7897595901033.0,Puran T4 200mcg 30 Comprimidos Sanofi,"17,16","15,69",-8.6%,"15,69",-8.6%
São João,Disponível,203.0,12,7896658021749.0,"Adoless 0,060mg/0,015mg 28 Comprimidos Revestidos","73,62","61,79",-16.1%,"61,79",-16.1%
São João,Esgotado,203.0,12,0.0,Florax SM Pediátrico Uva Solução Oral 5 Flaconetes de 5ml,0,0,0,0,0
São João,Esgotado,203.0,13,0.0,Kaloba Solução Oral 20ml,0,0,0,0,0
São João,Disponível,203.0,12,7891058017507.0,Dorflex Analgésico e Relaxante Muscular 300mg + 35mg + 50mg 36 Comprimidos,"24,64","16,90",-31.4%,"16,90",-31.4%
São João,Esgotado,203.0,12,0.0,Luftal 15ml Cereja Reckitt,0,0,0,0,0
São João,Disponível,203.0,13,7896181901747.0,Miorrelax 300mg/50mg/35mg 30 Comprimidos,"38,22","32,89",-13.9%,"32,89",-13.9%
São João,Esgotado,203.0,13,0.0,Fixare Suplemento Alimentar com cálcio - 60 Comprimidos,0,0,0,0,0
São João,Esgotado,203.0,14,0.0,Quietude Solução Oral 1ml 20 Flaconetes,0,0,0,0,0
São João,Disponível,202.0,14,7899547514322.0,Gabapentina 400mg 30 Cápsulas Genérico Prati (C1),"156,63","99,90",-36.2%,"99,90",-36.2%
São João,Disponível,202.0,12,7897595605429.0,Profenid Sanofi-Aventis 100mg 20 Comprimidos Revestidos,"28,80","11,99",-58.4%,"11,99",-58.4%
São João,Esgotado,202.0,15,0.0,Laxsotrin 120ml Ameixa Catarinense,0,0,0,0,0
São João,Disponível,201.0,12,7897595900654.0,Atlansil 200mg 20 Comprimidos Sanofi,"48,88","48,88",-0.0%,"48,88",-0.0%
São João,Disponível,201.0,12,7896026173018.0,Complexo Homeopático Almeida Prado 34 60 Comprimidos,"41,75","37,69",-9.7%,"37,69",-9.7%
São João,Disponível,201.0,13,7896255764384.0,Ritmonorm 300Mg 60 Comprimidos Abbott,"150,64","120,51",-20.0%,"120,51",-20.0%
São João,Disponível,201.0,12,7891106904582.0,Rivotril 2mg 20 Comprimidos Biopas (B1),"73,39","60,99",-16.9%,"60,99",-16.9%
São João,Disponível,201.0,12,7896004731568.0,Deciprax 10mg 30 Comprimidos Revestidos Mantecorp (C1),"83,00","24,89",-70.0%,"24,89",-70.0%
São João,Esgotado,201.0,13,0.0,Symbicort Turbuhaler 6+100mcg 60 Doses FQM,0,0,0,0,0
São João,Esgotado,201.0,13,0.0,Engov Up Melancia 269ml,0,0,0,0,0
São João,Esgotado,200.0,14,0.0,Keflex 500Mg 8 Drágeas Bago,0,0,0,0,0
São João,Disponível,200.0,12,7896637022552.0,"Fenazic 7,5mg 30 Comprimidos Adium","44,74","39,29",-12.2%,"39,29",-12.2%
São João,Esgotado,200.0,13,0.0,Hidantal Hypermarcas 100mg 25 Comprimidos (C1),0,0,0,0,0
São João,Disponível,200.0,14,7894916508940.0,Bramicar 80mg 60 Comprimidos Sigma Pharma,"98,37","98,37",-0.0%,"98,37",-0.0%
São João,Disponível,200.0,13,7896422511728.0,Albendazol 400mg Genérico Medley 1 Comprimido,"9,76","4,99",-48.9%,"4,99",-48.9%
São João,Disponível,200.0,13,7896094209022.0,Desduo 100mg 60 Comprimidos Revestidos Liberação Prolongada Torrent (C1),"248,63","198,90",-20.0%,"198,90",-20.0%
São João,Disponível,200.0,13,7898074614857.0,Ursacol 50mg 30 Comprimidos,"66,32","59,49",-10.3%,"59,49",-10.3%
São João,Disponível,200.0,12,300652439266.0,Optive Allergan Lubrificante Oftálmico 15ml,"95,19","95,19",-0.0%,"95,19",-0.0%
São João,Esgotado,200.0,12,0.0,Xarope Depakene 250mg/5ml 100m Abbott (C1),0,0,0,0,0
São João,Disponível,200.0,14,7897460401422.0,"Triplixam 10mg/2,5mg/10mg 30 Comprimidos Revestidos","80,87","80,87",-0.0%,"80,87",-0.0%
São João,Disponível,200.0,13,7894916501408.0,Enavo ODT 4mg 10 Comprimidos Sigma Pharma,"77,73","64,19",-17.4%,"64,19",-17.4%
São João,Disponível,200.0,14,7894916508506.0,Apracur Duo 500mg/2mg/30mg 12 Comprimidos Revestidos,"68,82","68,82",-0.0%,"68,82",-0.0%
São João,Esgotado,200.0,15,0.0,Mel Silvestre 300g Bisnaga Baldoni,0,0,0,0,0
São João,Disponível,200.0,13,7896241293669.0,Peridal 10mg 30 Comprimidos,"39,75","29,79",-25.1%,"29,79",-25.1%
São João,Esgotado,200.0,13,0.0,Malvona 200ml Megalabs,0,0,0,0,0
São João,Esgotado,200.0,12,0.0,Maleato De Timolol 5mg Genérico EMS,0,0,0,0,0
São João,Disponível,200.0,12,7891268107067.0,Tramadol Retard 100mg 10 Comprimidos Revestidos Genérico EMS (A2),"161,86","112,99",-30.2%,"112,99",-30.2%
São João,Disponível,199.0,15,7891317010065.0,Diupress 25+5mg 30 Comprimidos Supera,"45,72","38,59",-15.6%,"38,59",-15.6%
São João,Disponível,199.0,12,7894916508506.0,Glyxambi 25mg/5mg 30 Comprimidos Revestidos,"68,82","68,82",-0.0%,"68,82",-0.0%
São João,Disponível,199.0,12,7896004751016.0,Succinato De Desvenlafaxina Monoidratado 100mg Genérico EMS 30 Comprimidos Revestidos (C1),"174,59","59,90",-65.7%,"59,90",-65.7%
São João,Disponível,199.0,13,7898158693709.0,Novamox 875mg/125mg 20 Comprimidos,"89,90","69,59",-22.6%,"69,59",-22.6%
São João,Esgotado,199.0,12,0.0,Clenil Compositium A 10 Frascos Chiesi,0,0,0,0,0
São João,Disponível,199.0,13,7897337716208.0,Betrat 5000mcg+100+100mg 90 Comprimidos Revestidos,"146,57","99,66",-32.0%,"99,66",-32.0%
São João,Esgotado,199.0,12,0.0,Vurtuoso 20mg 30 Comprimidos Lundbeck (C1),0,0,0,0,0
São João,Disponível,199.0,12,7897595635655.0,Sitagliptina Genérico Sandoz 100mg 30 Comprimidos Revestidos,"240,05","99,90",-58.4%,"99,90",-58.4%
São João,Esgotado,199.0,14,0.0,"Fontelax 10g + 3g Pó Oral 13,4g 30 Sachês",0,0,0,0,0
São João,Esgotado,198.0,12,0.0,Stressdoron 80 Comprimidos Weleda,0,0,0,0,0
São João,Disponível,198.0,12,7899420507410.0,Analgésico Ketalgi 500mg 14 Comprimidos Revestidos Supera,"58,34","49,39",-15.3%,"49,39",-15.3%
São João,Disponível,198.0,13,7896004786117.0,Pitavastatina Cálcica 2mg 30 Comprimidos Genérico EMS,"108,77","69,90",-35.7%,"69,90",-35.7%
São João,Esgotado,198.0,13,0.0,Pomada Kollagenase Com Cloranfenicol 15G Cristalia,0,0,0,0,0
São João,Disponível,198.0,13,7891010256401.0,Valium 5mg 30 Comprimidos Moksha8 (B1),"91,14","79,69",-12.6%,"79,69",-12.6%
São João,Disponível,198.0,13,7896637022835.0,"Xafac 2,5mg 30 Comprimidos Revestidos Apsen","62,81","33,90",-46.0%,"33,90",-46.0%
São João,Esgotado,197.0,12,0.0,Floral Thérapi Mais Desejo 30ml,0,0,0,0,0
São João,Disponível,197.0,13,8902220109520.0,Rosucor 10mg 30 Comprimidos Revestidos Torrent,"75,69","62,29",-17.7%,"62,29",-17.7%
São João,Disponível,197.0,12,7896004753089.0,Nitrendipino 20mg 30 Comprimidos Revestidos Genérico Biosintética,"123,59","87,29",-29.4%,"87,29",-29.4%
São João,Disponível,197.0,12,7896637023771.0,Betina 24mg 30 Comprimidos,"34,15","34,15",-0.0%,"34,15",-0.0%
São João,Esgotado,197.0,12,0.0,Caverject Pfizer 10mcg,0,0,0,0,0
São João,Disponível,197.0,14,7891317022662.0,Amato 100mg 60 Comprimidos Revestidos Eurofarma (C1),"1015,82","89,50",-91.2%,"89,50",-91.2%
São João,Esgotado,197.0,13,0.0,Bryophyllum Argentum Cultum 50ml Weleda,0,0,0,0,0
São João,Esgotado,197.0,12,0.0,Allexofedrin Pediátrico Framboesa Suspensão Oral 150ml,0,0,0,0,0
São João,Esgotado,197.0,12,0.0,Allexofedrin D 60+120mg 10 Comprimidos EMS,0,0,0,0,0
São João,Esgotado,196.0,12,0.0,Pomada Fibrinase Supera 30G,0,0,0,0,0
São João,Esgotado,196.0,15,0.0,Tormiv ODG 10mg 10 Sachês Aché,0,0,0,0,0
São João,Esgotado,196.0,13,0.0,Bisalax 5mg 20 Drágeas,0,0,0,0,0
São João,Disponível,196.0,15,7896004755342.0,"Tansulosina 0,4mg 60 Comprimidos Genérico EMS","150,27","69,90",-53.5%,"69,90",-53.5%
São João,Disponível,196.0,13,7896523216034.0,Arava 20mg 30 Comprimidos Revestidos Aventis (C1),"72,05","20,49",-71.6%,"20,49",-71.6%
São João,Esgotado,196.0,14,0.0,Aftliv 100mg/ml Solução Oral 25ml,0,0,0,0,0
São João,Esgotado,196.0,14,0.0,Luftal Max 15ml Cereja Reckitt,0,0,0,0,0
São João,Disponível,196.0,12,7896637023979.0,Toarip 10mg 30 Comprimidos Torrent (C1),"132,71","132,71",-0.0%,"132,71",-0.0%
São João,Disponível,196.0,12,7894916515832.0,Zeforus 20mg 4 Comprimidos Revestidos Upjohn,"69,88","69,88",-0.0%,"69,88",-0.0%
São João,Esgotado,196.0,14,0.0,Atesto 250mg/ml Solução Injetável 2 ampolas 4ml Supera (C5),0,0,0,0,0
São João,Disponível,196.0,12,7896637023641.0,Pentasa 500mg 50 Comprimidos Ferring,"52,76","46,49",-11.9%,"46,49",-11.9%
São João,Disponível,195.0,15,7899420507410.0,Muskard 35mg 30 Comprimidos Revestidos Lib Prol Supera,"58,34","49,39",-15.3%,"49,39",-15.3%
São João,Disponível,195.0,12,7896004752525.0,Cetoprofeno 150mg 10 Comprimidos de Liberação Prolongada Genérico EMS,"54,74","22,90",-58.2%,"22,90",-58.2%
São João,Disponível,195.0,14,7898040321512.0,Atensina 100mcg 30 Comprimidos,"79,37","68,19",-14.1%,"68,19",-14.1%
São João,Disponível,195.0,12,7896676435214.0,Cerumin Solução Otológica 8ml,"27,27","25,69",-5.8%,"25,69",-5.8%
São João,Disponível,195.0,14,7896422506243.0,Dipirona 500mg/ml Genérico MedQuímica Solução Oral 10ml,"27,07","17,99",-33.5%,"17,99",-33.5%
São João,Esgotado,195.0,12,0.0,Condroflex 500mg + 400mg 90 Cápsulas,0,0,0,0,0
São João,Disponível,194.0,13,7896004701035.0,Hidroquinona 40mg Genérico EMS Creme Dermatológico 30g,"42,08","27,19",-35.4%,"27,19",-35.4%
São João,Disponível,194.0,12,7898029558809.0,Daflon 500mg 30 Comprimidos Revestidos Servier,"100,61","81,09",-19.4%,"81,09",-19.4%
São João,Esgotado,194.0,13,0.0,Vick Pyrena 5g Envelope AV*,0,0,0,0,0
São João,Esgotado,194.0,12,0.0,Equilid Aventis 200mg 20 Comprimidos (C1),0,0,0,0,0
São João,Disponível,194.0,12,7896637031943.0,Levoxin 500Mg 10 Comprimidos Revestidos Apsen,"64,50","56,59",-12.3%,"56,59",-12.3%
São João,Esgotado,194.0,12,0.0,Topotecana 4mg Sol Inj 4ml Accord,0,0,0,0,0
São João,Disponível,194.0,14,7896004789873.0,"Xakilis 2,5mg 20 Comprimidos Revestidos EMS","51,77","51,77",-0.0%,"51,77",-0.0%
São João,Disponível,194.0,13,7897076909121.0,"Irbesartana + HCT 150 mg + 12,5mg 30 comprimidos Genérico Ranbaxy","152,39","152,39",-0.0%,"152,39",-0.0%
São João,Disponível,194.0,13,7894916516013.0,Toragesic Gotas Sigma Pharma 20mg/ml 10ml,"39,05","35,99",-7.8%,"35,99",-7.8%
São João,Esgotado,194.0,12,0.0,"Belarina 2mg/0,02mg 24 + 4 Comprimidos",0,0,0,0,0
São João,Disponível,194.0,12,7896637031943.0,Flancox 300mg 14 Comprimidos Revestidos Apsen,"64,50","56,59",-12.3%,"56,59",-12.3%
São João,Disponível,194.0,12,7896004789873.0,Nesina 25Mg 30 Comprimidos Revestidos Takeda,"51,77","51,77",-0.0%,"51,77",-0.0%
São João,Disponível,194.0,13,7898906376410.0,Florent 200mg 6 Cápsulas Duras,"55,60","50,89",-8.5%,"50,89",-8.5%
São João,Esgotado,194.0,12,0.0,Oprox Solução Oftálmica Allergan 5ml,0,0,0,0,0
São João,Esgotado,193.0,14,0.0,Atroveran Dip Gotas 20ml,0,0,0,0,0
São João,Disponível,193.0,12,7894916508506.0,"Iccor 2,5mg 30 Comprimidos Revestidos Torrent","68,82","68,82",-0.0%,"68,82",-0.0%
São João,Disponível,193.0,12,7896637023665.0,Indosso 150mg 1 Comprimido Revestido,"22,44","22,44",-0.0%,"22,44",-0.0%
São João,Disponível,193.0,13,7896004715322.0,Alendronato de Sódio 70mg 4 Comprimidos Genérico EMS,"100,50","8,07",-92.0%,"8,07",-92.0%
São João,Esgotado,193.0,12,0.0,Toperma 30 Emplastros Grunenthal,0,0,0,0,0
São João,Esgotado,193.0,13,0.0,Analgésico Flanax 550mg Bayer  Dores Intensas  com 10 comprimidos,0,0,0,0,0
São João,Disponível,193.0,14,7896004739588.0,"Hemifumarato De Bisoprolol 2,5mg Genérico EMS 30 Comprimidos Revestidos","63,01","39,90",-36.7%,"39,90",-36.7%
São João,Disponível,193.0,13,7896641803871.0,Neosaldina 20 Drágeas Hypera Pharma,"30,30","30,30",-0.0%,"30,30",-0.0%
São João,Esgotado,193.0,12,0.0,Ressaliv 10ml Abacaxi Cimed Avulso,0,0,0,0,0
São João,Disponível,193.0,13,7896094208858.0,Plenance Libbs 5mg 30 Comprimidos Revestidos,"137,00","111,29",-18.8%,"111,29",-18.8%
São João,Esgotado,193.0,14,0.0,"Pomada Protopic 0,1% 30g Leofarma",0,0,0,0,0
São João,Disponível,192.0,12,7896658027130.0,Runner 20mg 30 Comprimidos Revestidos Ache,"131,87","106,99",-18.9%,"106,99",-18.9%
São João,Disponível,192.0,13,7898569763602.0,Ciclobenzaprina 10mg 30 Cápsulas Genérico Prati,"134,84","44,99",-66.6%,"44,99",-66.6%
São João,Disponível,192.0,12,7898569763015.0,Olmesartana 40mg 30 Comprimidos Revestidos Genérico Althaia,"46,46","27,90",-39.9%,"27,90",-39.9%
São João,Disponível,192.0,13,7899095237957.0,Olanzapina 10mg 30 Comprimidos Revestidos Genérico Geolab (C1),"230,01","74,90",-67.4%,"74,90",-67.4%
São João,Esgotado,191.0,13,0.0,Bicarbonato de Sódio 100g,0,0,0,0,0
São João,Esgotado,191.0,14,0.0,"Minilax Solução Retal 7 Bisnagas de 6,5g",0,0,0,0,0
São João,Esgotado,191.0,13,0.0,Acetilcisteína 10 Comprimidos Efervescentes Momentos,0,0,0,0,0
São João,Esgotado,191.0,15,0.0,Azi 1500mg + 200mg/5ml Suspensão Oral Sigma Pharma,0,0,0,0,0
São João,Disponível,191.0,13,7891158103384.0,Escena 10mg 60 Comprimidos Cristália (C1),"431,23","431,23",-0.0%,"431,23",-0.0%
São João,Disponível,191.0,12,7898158693709.0,Micardis Anlo  80mg + 10mg 30 Comprimidos,"89,90","69,59",-22.6%,"69,59",-22.6%
São João,Disponível,191.0,13,7896004706795.0,"Naratriptana 2,5mg 10 Comprimidos Revestidos Genérico EMS","21,73","3,90",-82.1%,"3,90",-82.1%
São João,Esgotado,191.0,15,0.0,"Combodart 0,5mg/0,4mg 30 Cápsulas",0,0,0,0,0
São João,Esgotado,191.0,13,0.0,Novorapid 100UI/ml Injeção 10ml Novo Nordisk,0,0,0,0,0
São João,Esgotado,190.0,15,0.0,Formocaps 12mcg 30 Cápsulas+Inalador Biosintética,0,0,0,0,0
São João,Esgotado,190.0,12,0.0,Muvinlax Pó para Solução Oral 20 Envelopes de 14g,0,0,0,0,0
São João,Esgotado,190.0,12,0.0,Deriva Micro Gel 1mg/g 30g Mantecorp,0,0,0,0,0
São João,Disponível,190.0,13,7894916206860.0,Sinvalip 20mg 30 Comprimidos Revestidos Sigma,"59,02","49,19",-16.7%,"49,19",-16.7%
São João,Disponível,190.0,14,7896004715032.0,"Lur D12 2,5mg+120mg 10 Comprimidos Aché","21,90","20,59",-6.0%,"20,59",-6.0%
São João,Disponível,190.0,13,7896241293669.0,Parnate 10mg 20 Comprimidos GSK (C1),"39,75","29,79",-25.1%,"29,79",-25.1%
São João,Esgotado,190.0,12,0.0,Citoneurin Complexo B 90 Cápsulas Procter,0,0,0,0,0
São João,Esgotado,190.0,12,0.0,Laxol Solução Oral 60ml,0,0,0,0,0
São João,Esgotado,189.0,12,0.0,Bromelin Suspensão 100ml Hebron,0,0,0,0,0
São João,Esgotado,189.0,12,0.0,MAQ Derma 30 Cápsulas,0,0,0,0,0
São João,Esgotado,189.0,12,0.0,Fluibron A  2ml Chiesi,0,0,0,0,0
São João,Esgotado,189.0,14,0.0,"Vacina Herpes Zoster Shingrix AD 0,5 ml GSK  + Aplicação",0,0,0,0,0
São João,Esgotado,189.0,12,0.0,Mesacol 500mg 15 Supositórios Takeda,0,0,0,0,0
São João,Esgotado,189.0,15,0.0,"Cronoplex 7,5mg/ml União Química Solução Oral 20ml",0,0,0,0,0
São João,Esgotado,189.0,13,0.0,Naprix A 10 mg + 10 mg 30 Cápsulas Libbs,0,0,0,0,0
São João,Esgotado,189.0,14,0.0,Vick Drops 20 Pastilhas Gengibre Procter,0,0,0,0,0
São João,Disponível,188.0,13,7896637024358.0,Androsten 94mg 30 Comprimidos,"83,67","83,67",-0.0%,"83,67",-0.0%
São João,Esgotado,188.0,13,0.0,Lomecan Creme Vaginal 3 Dias Genomma 20g,0,0,0,0,0
São João,Esgotado,188.0,13,0.0,"Toujeo Solostar Injetável 1 Carpule de 1,5mL + 1 Caneta Aplicadora",0,0,0,0,0
São João,Disponível,188.0,14,7896090611645.0,Leite de Magnésia Eno Magno Sachê 10ml Tradicional GSK Avulso,"3,60","3,60",-0.0%,"3,60",-0.0%
São João,Disponível,188.0,13,7896641807381.0,Isoflavine 75mg 30 Comprimidos Herbarium,"198,79","163,09",-18.0%,"163,09",-18.0%
São João,Disponível,188.0,12,7899095200586.0,"Hiluropt 1,5mg/ml Solução Oftálmica 10ml","50,04","44,79",-10.5%,"44,79",-10.5%
São João,Disponível,188.0,13,7898148300556.0,Claritromicina 500mg 10 Comprimidos Revestidos Genérico Pharlab,"28,41","25,89",-8.9%,"25,89",-8.9%
São João,Disponível,187.0,12,7891058001155.0,Novalgina 1G 20 Comprimidos Dipirona,"25,43","19,99",-21.4%,"19,99",-21.4%
São João,Esgotado,187.0,12,0.0,Pomada Antiassaduras Hipoglós Amêndoas 80g,0,0,0,0,0
São João,Disponível,187.0,13,7896637022576.0,Cisteil Xarope 120ml,"59,43","50,99",-14.2%,"50,99",-14.2%
São João,Disponível,187.0,12,7896004782546.0,Dipirona 1g 20 Comprimidos Genérico EMS,"23,74","12,90",-45.7%,"12,90",-45.7%
São João,Disponível,187.0,13,7897595624642.0,Amoxicilina + Clavulanato De Potássio 500mg 30 Comprimidos Revestidos Genérico Sandoz,"167,05","99,90",-40.2%,"99,90",-40.2%
São João,Esgotado,187.0,12,0.0,Vonaugasmax 250mg 10 Cápsulas Biolab,0,0,0,0,0
São João,Disponível,187.0,12,7894916502641.0,Tamiram 500mg 10 Comprimidos Revestidos Eurofarma,"45,40","40,09",-11.7%,"40,09",-11.7%
São João,Disponível,187.0,13,7896112121114.0,Mesalazina Genérico Takeda 30 Comprimidos Revestidos 1200 mg,"153,45","62,89",-59.0%,"62,89",-59.0%
São João,Disponível,187.0,14,7891317125455.0,Trimeb 200mg 30 Cápsulas,"88,54","74,19",-16.2%,"74,19",-16.2%
São João,Esgotado,187.0,12,0.0,Neopiridin Spray Neo Química 50ml,0,0,0,0,0
São João,Disponível,186.0,13,7896637023658.0,Rizi M 10mg+5mg 14 Comprimidos Revestidos Farmasa,"20,15","20,15",-0.0%,"20,15",-0.0%
São João,Disponível,186.0,13,7897851250530.0,"Rivotril 0,25mg 30 Comprimidos Sublinguais","23,10","23,10",-0.0%,"23,10",-0.0%
São João,Esgotado,186.0,13,0.0,Rehidrat 50 Supera 4 Envelopes,0,0,0,0,0
São João,Disponível,186.0,13,7899095238671.0,Labrea Duo 10mg + 20mg 30 Comprimidos Revestidos Cristália (C1),"69,32","29,90",-56.9%,"29,90",-56.9%
São João,Disponível,186.0,14,7898605330690.0,Esomex 40mg 28 Comprimidos Revestidos,"377,34","301,87",-20.0%,"301,87",-20.0%
São João,Esgotado,185.0,12,0.0,Secnidal 1000Mg 4 Comprimidos Aventis,0,0,0,0,0
São João,Disponível,185.0,13,7891317036973.0,Desve 50mg 30 Comprimidos Revestidos Liberação Prolongada Eurofarma (C1),"215,88","177,69",-17.7%,"177,69",-17.7%
São João,Disponível,185.0,12,7896004704364.0,Cefalexina 250mg 100ml Genérico EMS,"70,68","40,46",-42.8%,"40,46",-42.8%
São João,Esgotado,185.0,12,0.0,Desalex Xarope 60ml Supera,0,0,0,0,0
São João,Esgotado,184.0,13,0.0,Hormotrop 4UI Pó 1 Frasco 1ml Bergamo (C5),0,0,0,0,0
São João,Disponível,184.0,14,7896181920410.0,Corus 25mg 30 Comprimidos Revestidos,"14,94","5,70",-61.8%,"5,70",-61.8%
São João,Disponível,184.0,14,7896637023658.0,Esalerg 5mg 10 Comprimidos Revestidos Aché,"20,15","20,15",-0.0%,"20,15",-0.0%
São João,Disponível,184.0,12,7896016807251.0,"Atrace 37,5+325mg 20 Comprimidos Revestidos Momenta (A2)","177,06","141,65",-20.0%,"141,65",-20.0%
São João,Disponível,184.0,13,7896422513968.0,Cloridrato De Venlafaxina 150mg Genérico Medley 30 Cápsulas Duras (C1),"182,88","109,90",-39.9%,"109,90",-39.9%
São João,Disponível,184.0,13,7894916508506.0,Apracur Duo 500mg/2mg/30mg 20 Comprimidos Revestidos,"68,82","68,82",-0.0%,"68,82",-0.0%
São João,Disponível,183.0,12,7896006280507.0,Salonpas Gel Dermatológico 40g,"33,90","31,49",-7.1%,"31,49",-7.1%
São João,Disponível,183.0,13,7891721201806.0,Glifage XR 850mg 30 Comprimidos Merck,"11,81","8,49",-28.1%,"8,49",-28.1%
São João,Disponível,183.0,12,7896641800429.0,Legalon Mylan 90mg 30 Drágeas,"156,36","156,36",-0.0%,"156,36",-0.0%
São João,Disponível,183.0,12,7896004791418.0,Diltiazem 30mg 50 Comprimidos Genérico EMS,"152,14","94,90",-37.6%,"94,90",-37.6%
São João,Disponível,182.0,14,7896641807381.0,Maracujá Herbarium 20 comprimidos,"198,79","163,09",-18.0%,"163,09",-18.0%
São João,Disponível,182.0,14,7897851250394.0,Sinvascor 10mg 30 Comprimidos Baldacci,"20,76","12,90",-37.9%,"12,90",-37.9%
São João,Disponível,182.0,12,7896004767130.0,Zolpidem 5mg 30 Comprimidos Sublinguais Genérico Eurofarma (B1),"80,49","19,90",-75.3%,"19,90",-75.3%
São João,Disponível,181.0,12,7795320008821.0,Trok-N Creme Dermatológico 10g,"50,17","44,69",-10.9%,"44,69",-10.9%
São João,Disponível,181.0,12,7896241270400.0,"Drenison Loção Capilar Biolab 0,5% 30ml","44,52","39,89",-10.4%,"39,89",-10.4%
São João,Disponível,181.0,13,7896641807381.0,Clifemin Herbarium 30 Comprimidos,"198,79","163,09",-18.0%,"163,09",-18.0%
São João,Disponível,180.0,12,7897595616968.0,Neotiapim 100mg 30 Comprimidos Revestidos Sandoz (C1),"100,58","56,73",-43.6%,"56,73",-43.6%
São João,Disponível,180.0,12,7896004737119.0,Paroxetina 20mg 30 Comprimidos Revestidos Genérico EMS (C1),"60,52","29,90",-50.6%,"29,90",-50.6%
São João,Disponível,180.0,12,7896658000379.0,"Rubia 0,075mg 84 Comprimidos Aché","34,57","30,49",-11.8%,"30,49",-11.8%
São João,Esgotado,180.0,12,0.0,Simbrinza Solução Oftálmica 8ml Alcon,0,0,0,0,0
São João,Esgotado,179.0,12,0.0,Maresis Baby Spray,0,0,0,0,0
São João,Esgotado,179.0,12,0.0,Seretide 50mcg + 100mcg 60 Doses,0,0,0,0,0
São João,Disponível,179.0,12,7891158101687.0,Azod 100mg 30 Comprimidos Revestidos Supera (C1),"279,50","279,50",-0.0%,"279,50",-0.0%
São João,Disponível,179.0,13,7899547522150.0,Sertralina 50mg 30 Comprimidos Revestidos Genérico Prati-Donaduzzi (C1),"51,15","12,49",-75.6%,"12,49",-75.6%
São João,Disponível,179.0,12,7891317412692.0,"Astro 1500mg Suspensão Oral 37,5ml Eurofarma","57,34","52,19",-9.0%,"52,19",-9.0%
São João,Disponível,179.0,13,7891317177645.0,"Ciclo 21 0,15mg/0,03mg 21 Comprimidos","44,50","38,49",-13.5%,"38,49",-13.5%
São João,Esgotado,179.0,12,0.0,Dicoxibe 200Mg 10 Cápsulas Upjohn (C1),0,0,0,0,0
São João,Disponível,178.0,13,7896181906582.0,Betaistina 8mg 30 Comprimidos Genérico Biosintética,"23,78","7,43",-68.8%,"7,43",-68.8%
São João,Esgotado,178.0,12,0.0,Floral Therapi 30Ml Baixa Auto Estima,0,0,0,0,0
São João,Esgotado,178.0,13,0.0,Gino-Canesten Calm Sabonete Íntimo em Gel para Coceira Vaginal 100ml,0,0,0,0,0
São João,Esgotado,178.0,12,0.0,Diovan HCT 320mg + 25mg 28 Comprimidos FQM,0,0,0,0,0
São João,Disponível,178.0,12,7896016807251.0,Daxas 500mcg 30 Comprimidos Revestidos Astrazeneca,"177,06","141,65",-20.0%,"141,65",-20.0%
São João,Disponível,178.0,15,7898074614857.0,Daonil Aventis 5mg 30 Comprimidos,"66,32","59,49",-10.3%,"59,49",-10.3%
São João,Esgotado,177.0,14,0.0,Xarope Gabiru 220g Promel,0,0,0,0,0
São João,Esgotado,177.0,13,0.0,Bactrim 200g+40mg 100ml,0,0,0,0,0
São João,Disponível,177.0,14,7891317412692.0,Annita Suspensão Oral 45ml,"57,34","52,19",-9.0%,"52,19",-9.0%
São João,Disponível,177.0,12,7896658021749.0,Atak Clav 14 Comprimidos Revestidos,"73,62","61,79",-16.1%,"61,79",-16.1%
São João,Disponível,177.0,13,7896004780511.0,Xanev Rivaroxabana 20mg 28 Comprimidos Revestidos Mylan,"256,86","49,90",-80.6%,"49,90",-80.6%
São João,Esgotado,177.0,12,0.0,Hidralyte 45 45mg/ml Solução Oral Uva 500ml,0,0,0,0,0
São João,Esgotado,177.0,15,0.0,Vitasay Melatonina Laranja 150 Comprimidos,0,0,0,0,0
São João,Esgotado,176.0,12,0.0,Pen Ve Oral Supera 500 000 UI 12 Comprimidos,0,0,0,0,0
São João,Disponível,176.0,12,7896181901747.0,Cordarex 10mg 30 Comprimidos Aché,"38,22","32,89",-13.9%,"32,89",-13.9%
São João,Esgotado,176.0,13,0.0,Simbioflora Pó para Solução Oral 15 Sachês de 6g,0,0,0,0,0
São João,Disponível,176.0,12,7898158693709.0,Vurtuoso 10mg 60 Comprimidos  (C1),"89,90","69,59",-22.6%,"69,59",-22.6%
São João,Disponível,175.0,13,7891317435431.0,Sinot 875mg 14 Comprimidos Revestidos,"59,69","53,79",-9.9%,"53,79",-9.9%
São João,Esgotado,175.0,12,0.0,Supositório Glicerina Adulto 6 Supositórios Glicerilax Belfar,0,0,0,0,0
São João,Disponível,175.0,12,7891317017378.0,Riss 2mg 30 Comprimidos Eurofarma (C1),"80,69","42,09",-47.8%,"42,09",-47.8%
São João,Esgotado,175.0,14,0.0,"Travatan Bak-Free 2,5Ml Colirio Novartis",0,0,0,0,0
São João,Esgotado,175.0,13,0.0,DexaCitoneurin NFF Solução Injetável 3 Ampolas de 1ml + Diluente 3 Ampolas de 2ml,0,0,0,0,0
São João,Disponível,175.0,12,7891317425869.0,Rosucor 10mg 100 Comprimidos Revestidos,"14,53","14,53",-0.0%,"14,53",-0.0%
São João,Esgotado,174.0,15,0.0,Camilia Solução Oral 30 Flaconetes de 1ml,0,0,0,0,0
São João,Esgotado,174.0,13,0.0,Vizuria 1 Envelope Granulado Exeltis,0,0,0,0,0
São João,Disponível,173.0,12,7896253902122.0,Creon 10000 30 Cápsulas Abbott,"89,32","74,29",-16.8%,"74,29",-16.8%
São João,Esgotado,173.0,13,0.0,"Estomazil Guaraná 462mg + 90mg + 438mg, envelope com 5g de pó Efervescente",0,0,0,0,0
São João,Disponível,173.0,13,7899547514254.0,Pramipexol 1mg 30 Comprimidos Genérico Prati-Donaduzzi (C1),"226,80","103,99",-54.1%,"103,99",-54.1%
São João,Disponível,173.0,12,7896004701172.0,Claritromicina Genérico EMS 500mg 10 Comprimidos,"186,35","99,90",-46.4%,"99,90",-46.4%
São João,Disponível,172.0,12,7896094206366.0,Vatis 300mg 60 Comprimidos Libbs,"84,02","69,49",-17.3%,"69,49",-17.3%
São João,Esgotado,171.0,14,0.0,Enzima Digestiva Protese Gastrol Digest Glúten Hypera Pharma 6 Cápsulas,0,0,0,0,0
São João,Disponível,171.0,12,7896422501651.0,Trimetazidina 35mg 60 Comprimidos Revisado Genérico Medley,"99,22","32,90",-66.8%,"32,90",-66.8%
São João,Disponível,171.0,12,7891317425869.0,Sumaxpro 500mg/85mg 2 Comprimidos Revestidos,"14,53","14,53",-0.0%,"14,53",-0.0%
São João,Disponível,170.0,14,7896523201054.0,Domperidona 10mg Genérico Cimed 60 Comprimidos,"21,53","10,89",-49.4%,"10,89",-49.4%
São João,Esgotado,170.0,12,0.0,Feldene Wyeth 20mg 10 Cápsulas,0,0,0,0,0
São João,Disponível,169.0,12,7896094206366.0,Naprix 5mg 30 Comprimidos,"84,02","69,49",-17.3%,"69,49",-17.3%
São João,Esgotado,169.0,13,0.0,Blumel Hedera Xarope Pediátrico 100ml Hypera Pharma,0,0,0,0,0
São João,Disponível,169.0,12,7896112486787.0,Aradois 25mg 30 Comprimidos Revestidos Biolab,"56,60","5,80",-89.8%,"5,80",-89.8%
São João,Disponível,168.0,13,7896004749648.0,Tadalafila 20mg 2 Comprimidos Revestidos Genérico EMS,"42,28","9,90",-76.6%,"9,90",-76.6%
São João,Disponível,168.0,14,7896658015113.0,Reconter ODT 10mg 30 Comprimidos Libbs (C1),"217,88","198,49",-8.9%,"198,49",-8.9%
São João,Esgotado,168.0,13,0.0,Floral Therapi Resgate SOS 30ml,0,0,0,0,0
São João,Esgotado,167.0,12,0.0,"Naprix D 5mg+12,5mg 30 Cápsulas Libbs",0,0,0,0,0
São João,Esgotado,167.0,12,0.0,Florence Pro Avert 6 Sachês 4g,0,0,0,0,0
São João,Esgotado,166.0,13,0.0,Press Plus 5mg/20mg 60 Cápsulas Duras,0,0,0,0,0
São João,Disponível,166.0,13,7896179850040.0,Tamarine 6mg 20 Cápsulas Hypera Pharma,"99,76","85,09",-14.7%,"85,09",-14.7%
São João,Disponível,166.0,13,7896523201542.0,Metoprolol 50mg Genérico Cimed 30 Comprimidos Revestidos,"85,49","49,90",-41.6%,"49,90",-41.6%
São João,Esgotado,166.0,14,0.0,Sorine Solução Nasal 30ml,0,0,0,0,0
São João,Disponível,164.0,12,7896672203923.0,"Broncho-Vaxom 3,5mg 30 Sachês Chiesi","212,03","172,69",-18.6%,"172,69",-18.6%
São João,Esgotado,164.0,13,0.0,Alenia 6+100mcg 60 Cápsulas + Inalador ACHE,0,0,0,0,0
São João,Disponível,163.0,14,7896637023658.0,"Minian 0,15mg/0,02mg 63 Comprimidos Revestidos","20,15","20,15",-0.0%,"20,15",-0.0%
São João,Disponível,163.0,12,7896094207851.0,"Bravan HCT 160mg+12,5mg 30 Comprimidos Revestidos Aché","58,81","49,89",-15.2%,"49,89",-15.2%
São João,Esgotado,163.0,13,0.0,Bronfeniramina + Cloridrato De Fenilefrina 120Ml Genérico Neo Quimica,0,0,0,0,0
São João,Disponível,163.0,12,7896637023658.0,Livepax 500Mg 10 Comprimidos Revestidos Aché,"20,15","20,15",-0.0%,"20,15",-0.0%
São João,Disponível,162.0,13,7896004730981.0,Citalopram Genérico Prati 20mg 30 Comprimidos Revestidos (C1),"64,06","26,90",-58.0%,"26,90",-58.0%
São João,Esgotado,162.0,13,0.0,Alivium 30ml Gotas Pediátricas Mantecorp,0,0,0,0,0
São João,Disponível,161.0,14,7896658030284.0,Montelair 4mg 30 Comprimidos Mast Aché,"124,93","103,59",-17.1%,"103,59",-17.1%
São João,Disponível,159.0,14,7894916512022.0,Somalgin Cardio 81mg 60 Comprimidos Revestidos Sigma,"49,34","42,59",-13.7%,"42,59",-13.7%
São João,Disponível,157.0,13,7896004777801.0,Ivermectina 6mg 4 Comprimidos Genérico Germed,"39,18","23,99",-38.8%,"23,99",-38.8%
São João,Esgotado,157.0,12,0.0,"Extrato Cannabis Sativa 160,32mg/ml 10ml Greencare Pharma (A3)",0,0,0,0,0
São João,Disponível,156.0,12,7896004768212.0,Donepezila + Memantina 10 + 10mg 7 Comprimidos Genérico EMS (C1),"178,11","39,99",-77.5%,"39,99",-77.5%
São João,Esgotado,155.0,12,0.0,Plenigell 5mg/ml Solução Oftálmica 5ml,0,0,0,0,0
São João,Disponível,155.0,12,7896637023641.0,Vimpat 50mg 14 Comprimidos UCB (C1),"52,76","46,49",-11.9%,"46,49",-11.9%
São João,Disponível,155.0,14,7896658000393.0,Ketto 10mg 10 Comprimidos Momenta,"56,36","49,09",-12.9%,"49,09",-12.9%
São João,Esgotado,154.0,14,0.0,"Combfix 37,5/325mg 20 Comprimidos Biosintética (A2)",0,0,0,0,0
São João,Esgotado,154.0,12,0.0,"Vacina Gripe Influvac Tetra 1 Seringa Preenchida 0,5 ml Abbott + Aplicação",0,0,0,0,0
São João,Disponível,153.0,12,7896658000393.0,Enavo ODT 8mg 10 Comprimidos,"56,36","49,09",-12.9%,"49,09",-12.9%
São João,Esgotado,151.0,16,0.0,Zider 20mg/ml 30ml Libbs (C1),0,0,0,0,0
São João,Disponível,149.0,13,7896016807251.0,Nexium 40mg 14 Comprimidos AstraZeneca,"177,06","141,65",-20.0%,"141,65",-20.0%
São João,Esgotado,149.0,13,0.0,Lidocaína 50mg Genérico EMS Pomada Laranja 50mg,0,0,0,0,0
São João,Disponível,148.0,12,7898569764517.0,Vildagliptina 50mg 60 Comprimidos Genérico Althaia,"61,60","26,39",-57.2%,"26,39",-57.2%
São João,Disponível,148.0,12,7896658000393.0,Junno FQM 200mg 14 Comprimidos,"56,36","49,09",-12.9%,"49,09",-12.9%
São João,Disponível,147.0,13,7896004753089.0,Lercanidipino 10mg 30 Comprimidos Revestidos Genérico EMS,"123,59","87,29",-29.4%,"87,29",-29.4%
São João,Esgotado,145.0,13,0.0,Secnidal 1000Mg 2 Comprimidos Aventis,0,0,0,0,0
São João,Esgotado,145.0,13,0.0,MareSis Flex Alto Volume 15 Sachês + Frasco 120ml FQM,0,0,0,0,0
São João,Disponível,143.0,13,7896004789873.0,Inspra 25mg 30 Comprimidos Revestidos Upjohn,"51,77","51,77",-0.0%,"51,77",-0.0%
São João,Esgotado,142.0,13,0.0,Massageol Aerossol Solução Dermatológica 90g,0,0,0,0,0
São João,Esgotado,140.0,14,0.0,Loratadina 100ml Alergaliv Legrand,0,0,0,0,0
São João,Disponível,140.0,13,7896658015113.0,Motore 250mg 60 Comprimidos Ache,"217,88","198,49",-8.9%,"198,49",-8.9%
São João,Disponível,138.0,12,7891317013622.0,Carbolitium 300mg 90 Comprimidos  (C1),"143,07","115,09",-19.6%,"115,09",-19.6%
São João,Disponível,138.0,13,7891158103384.0,Rivacrist 15mg 28 Comprimidos Revestidos Abbott,"431,23","431,23",-0.0%,"431,23",-0.0%
São João,Disponível,138.0,13,7891142982100.0,Coristina D Pro 16 Comprimidos Hypera Pharma,"43,95","43,95",-0.0%,"43,95",-0.0%
São João,Disponível,135.0,14,7897595901323.0,Synthroid 75mcg 30 Comprimidos,"21,98","19,59",-10.9%,"19,59",-10.9%
São João,Disponível,134.0,12,7896094207776.0,Stavigile 200mg 30 Comprimidos Libbs (B1),"242,56","194,05",-20.0%,"194,05",-20.0%
São João,Disponível,132.0,13,7899470802565.0,Buscoplex Composto Solução Oral 20ml,"19,90","14,90",-25.1%,"14,90",-25.1%
São João,Disponível,131.0,12,7896241293669.0,"Vasopril Plus 20+12,5mg 60 Comprimidos Biolab","39,75","29,79",-25.1%,"29,79",-25.1%
São João,Disponível,130.0,12,8902220109520.0,Rosucor 20mg 60 Comprimidos Revestidos Torrent,"75,69","62,29",-17.7%,"62,29",-17.7%
São João,Disponível,129.0,13,7896004731568.0,Escitalopram 10mg 30 Comprimidos Revestidos Genérico EMS (C1),"83,00","24,89",-70.0%,"24,89",-70.0%
São João,Disponível,128.0,13,7896004705866.0,Atenolol Genérico EMS 50mg 30 Comprimidos,"69,32","29,90",-56.9%,"29,90",-56.9%
São João,Disponível,128.0,12,7895296097055.0,Nitazoxanida 500mg 6 Comprimidos Revestidos Genérico Neo Química,"131,40","131,40",-0.0%,"131,40",-0.0%
São João,Disponível,128.0,14,7896637023658.0,Qtern 5mg/10mg 30 Comprimidos Revestidos,"20,15","20,15",-0.0%,"20,15",-0.0%
São João,Disponível,125.0,12,7896637031509.0,Ibupril 600mg 20 Comprimidos,"72,96","72,96",-0.0%,"72,96",-0.0%
São João,Esgotado,122.0,13,0.0,Novalgina 1G 2 Comprimdos Efervecentes Opella Avulso,0,0,0,0,0
São João,Disponível,119.0,13,7896422508742.0,Simeticona Genérico Medley 125mg 10 Cápsulas,"13,17","9,99",-24.1%,"9,99",-24.1%
São João,Disponível,115.0,13,7894916502641.0,Tamiram Eurofarma 500mg 3 Comprimidos Revestidos,"45,40","40,09",-11.7%,"40,09",-11.7%
São João,Disponível,115.0,12,7891721202834.0,Levotiroxina Sódica 75mcg Genérico Merck 30 Comprimidos,"14,24","14,24",-0.0%,"14,24",-0.0%
São João,Esgotado,88.0,12,0.0,Coglive 16mg 60 Cápsulas Dura Liberação Prolongada Liberação LIBBS (C1),0,0,0,0,0
