Farmácia,Status,Total Unidades Vendidas,Frequencia_Vendas,EAN_ou_SKU,Nome_do_Produto,Preco_Tabela,Preco_Cartao_Valor,Desconto_Cartao,Preco_Pix_Valor,Desconto_Pix
FarmaPonte,Esgotado,743.0,29,0.0,Algodão Hidrófilo Ever Care 25g,0,0,0,0,0
FarmaPonte,Esgotado,615.0,16,0.0,Océane Retouch My Glam - Pó Translúcido 8g,0,0,0,0,0
FarmaPonte,Esgotado,612.0,26,0.0,Algodão Hidrófilo Ever Care 50g,0,0,0,0,0
FarmaPonte,Esgotado,606.0,25,0.0,Grampo Para Cabelo Loiro Número 7 Corpus,0,0,0,0,0
FarmaPonte,Esgotado,600.0,24,0.0,Algodão Hidrófilo Ever Care 500g,0,0,0,0,0
Drogaria São Paulo,Disponível,596.0,15,7896006209027.0,Baclon 10mg União Química 20 comprimidos,"27,03","16,03",-40.7%,"16,03",-40.7%
Drogaria São Paulo,Disponível,577.0,17,7896226506388.0,Prolopa 200mg + 50mg Roche 30 Comprimidos,"131,38","101,99",-22.4%,"101,99",-22.4%
Drogaria São Paulo,Disponível,575.0,16,7897076909077.0,Cloridrato Tizanidina 2mg Genérico Ranbaxy 30 Comprimidos,"42,46","36,74",-13.5%,"36,74",-13.5%
FarmaPonte,Esgotado,548.0,15,0.0,Perfume Miss Gabriela Sabatini Eau de Toilette 30ml,0,0,0,0,0
Drogaria São Paulo,Disponível,545.0,15,7896181907176.0,Busonid 50mcg/dose Aché 6ml 120 Doses Solução Nasal,"47,24","37,59",-20.4%,"37,59",-20.4%
FarmaPonte,Esgotado,538.0,15,0.0,Bico Para Mamadeira Philips Avent Pétala Número 4 6+M 2 Unidades,0,0,0,0,0
FarmaPonte,Esgotado,531.0,15,0.0,Base Líquida Matte Eudora Niina Secrets Daily Tint Cream Cor 48 25 ml,0,0,0,0,0
Drogaria São Paulo,Disponível,529.0,15,7896004720746.0,Amoxicilina 400mg/5ml + Clavulanato de Potássio 57mg/5ml Genérico EMS 70ml Suspensão Oral,"96,23","39,99",-58.4%,"39,99",-58.4%
FarmaPonte,Esgotado,529.0,18,0.0,Óleo Corporal Infantil Cheirinho De Bebê Amêndoas Suave 140ml,0,0,0,0,0
FarmaPonte,Esgotado,527.0,16,0.0,Máscara Capilar Aussie Non Stop Hydratation Tratamento Intensivo 270ml,0,0,0,0,0
FarmaPonte,Esgotado,525.0,15,0.0,"Actifedrin 2,5mg + 60mg Farmoquímica 20 Comprimidos",0,0,0,0,0
Drogaria São Paulo,Disponível,521.0,16,7898158693709.0,Varicoss 15mg + 90mg Cifarma 60 Drágeas,"114,04","69,59",-39.0%,"69,59",-39.0%
FarmaPonte,Esgotado,520.0,18,0.0,Catharine Hill Angel Wings by Pri Lessa  - Base Alta Cobertura  40ml - A5,0,0,0,0,0
FarmaPonte,Esgotado,519.0,24,0.0,Kit Miss Frandy - Cílios Postiços com 10 Pares,0,0,0,0,0
FarmaPonte,Esgotado,519.0,13,0.0,Pincel Para Iluminador - Shimmer Brush Ocn6 Océane - Pincel Para Iluminador - Shimmer Brush Ocn6 Indefinido,0,0,0,0,0
FarmaPonte,Esgotado,517.0,15,0.0,Preservativo Blowtex Efeito Retardante 9 Unidades,0,0,0,0,0
Drogaria São Paulo,Disponível,517.0,14,7891268148831.0,"Concor HCT 5mg + 12,5mg Merck 30 Comprimidos","191,72","182,20",-5.0%,"182,20",-5.0%
FarmaPonte,Esgotado,515.0,15,0.0,Escova de Cabelo Ricca Shower Flex Turquesa 1 Unidade,0,0,0,0,0
Drogaria São Paulo,Disponível,514.0,13,7896714215976.0,Ciprofibrato 100mg Genérico Neo Química 30 Comprimidos,"82,95","31,99",-61.4%,"31,99",-61.4%
Drogaria São Paulo,Disponível,514.0,14,7891721003042.0,Valsed 100mg Cifarma 20 Comprimidos,"30,28","26,32",-13.1%,"26,32",-13.1%
Drogaria São Paulo,Disponível,512.0,13,7897595609816.0,Sinvastatina 10mg Genérico Sandoz 30 Comprimidos Revestidos,"26,18","10,48",-60.0%,"10,48",-60.0%
FarmaPonte,Esgotado,510.0,17,0.0,Minoxidil 5% com biotina 120ml,0,0,0,0,0
Drogaria São Paulo,Disponível,510.0,17,7897076906038.0,Oxcarbazepina 300mg Genérico Ranbaxy 60 Comprimidos,"98,50","74,24",-24.6%,"74,24",-24.6%
Drogaria São Paulo,Disponível,510.0,14,7899551303868.0,Cloridrato de Nebivolol 5mg Genérico Biolab 30 Comprimidos,"56,63","42,99",-24.1%,"42,99",-24.1%
FarmaPonte,Esgotado,507.0,15,0.0,Bolinha Para Massagem Corporal Incoterm,0,0,0,0,0
FarmaPonte,Esgotado,507.0,16,0.0,Barra De Proteína Crisp Bar Doce de Coco 1 Unidade,0,0,0,0,0
FarmaPonte,Esgotado,507.0,14,0.0,Geleia de morango 270g - Delicassis,0,0,0,0,0
FarmaPonte,Esgotado,505.0,14,0.0,Deprasil 30mg Cristália 30 Cápsulas Duras,0,0,0,0,0
FarmaPonte,Esgotado,504.0,13,0.0,Refresco Magro Sabor Laranja Zero Açucares 8G,0,0,0,0,0
FarmaPonte,Esgotado,502.0,15,0.0,Bico de Mamadeira MAM Ortodôntico,0,0,0,0,0
FarmaPonte,Esgotado,501.0,16,0.0,Refil Sabonete Líquido Protex Vitamina E 900ml,0,0,0,0,0
Drogaria São Paulo,Disponível,500.0,15,7891721202391.0,Aciclovir 400mg Genérico Merck 30 Comprimidos,"295,98","58,99",-80.1%,"58,99",-80.1%
FarmaPonte,Esgotado,498.0,14,0.0,Óleo Essencial de Lavandin 5ml - WNF,0,0,0,0,0
Drogaria São Paulo,Disponível,497.0,14,7897851220069.0,Amiobal 100mg Baldacci 30 Comprimidos,"26,52","22,07",-16.8%,"22,07",-16.8%
Drogaria São Paulo,Disponível,496.0,14,7898029552302.0,Diatarcom MR 60mg Servier 30 Comprimidos,"49,42","37,52",-24.1%,"37,52",-24.1%
FarmaPonte,Esgotado,495.0,14,0.0,Pasta de Dente Infantil Oral-B Kids Mickey 50g,0,0,0,0,0
FarmaPonte,Esgotado,494.0,16,0.0,Creme para Pernas Diosmin 200g,0,0,0,0,0
FarmaPonte,Esgotado,493.0,16,0.0,Algodão Ever Care Hidrófilo Rolo 250g,0,0,0,0,0
FarmaPonte,Esgotado,492.0,16,0.0,"Nordette 0,15mg + 0,03mg Pfizer 21 Drágeas",0,0,0,0,0
FarmaPonte,Esgotado,490.0,14,0.0,Acetona Beira Alta - 450ml,0,0,0,0,0
Drogaria São Paulo,Disponível,490.0,15,7896658000409.0,Flebon 50mg Farmoquimica  30 Comprimidos,"114,45","107,09",-6.4%,"107,09",-6.4%
Drogaria São Paulo,Disponível,490.0,14,7896112143369.0,"Asmofen 0,2mg/1ml Teuto 120ml Xarope","31,71","27,59",-13.0%,"27,59",-13.0%
FarmaPonte,Esgotado,489.0,16,0.0,Kit Protetor Solar Nivea Protect & Bronze FPS30 200ml + 100ml,0,0,0,0,0
Drogaria São Paulo,Disponível,489.0,14,7895858000004.0,Deca Durabolin 50mg/ml Aspen 1ml Ampola Injetável,"31,46","23,35",-25.8%,"23,35",-25.8%
Drogaria São Paulo,Disponível,489.0,15,7896658038112.0,Tormiv SL 10mg Ache 10 Comprimidos Sublinguais,"36,34","20,69",-43.1%,"20,69",-43.1%
Drogaria São Paulo,Disponível,488.0,15,7899620910478.0,Novoprazol 20mg Globo 28 Comprimidos,"15,52","15,19",-2.1%,"15,19",-2.1%
FarmaPonte,Esgotado,487.0,15,0.0,Espuma de Barbear Bozzano Refrescante Antibac 200ml,0,0,0,0,0
FarmaPonte,Esgotado,487.0,14,0.0,Leave-in de Recarga de Queratina Magic Beauty Liss Extreme 120 ml,0,0,0,0,0
Drogaria São Paulo,Disponível,486.0,13,7896094202030.0,Cicladol 20mg Chiesi 5 Comprimidos,"47,18","37,62",-20.3%,"37,62",-20.3%
FarmaPonte,Esgotado,486.0,14,0.0,Bebida Isotônica Powerade Tangerina 500ml,0,0,0,0,0
FarmaPonte,Esgotado,485.0,15,0.0,Mamadeira Kuka Natural Color com Bico Ortodôntico Rosa 1557 250ml,0,0,0,0,0
FarmaPonte,Esgotado,485.0,15,0.0,Óleo de Amêndoas Ever You Meu SPA Mandarina & Limão Siciliano 130ml,0,0,0,0,0
FarmaPonte,Esgotado,485.0,13,0.0,Bolsa Termogel Grande,0,0,0,0,0
FarmaPonte,Esgotado,483.0,15,0.0,Brinco Studex Supermaxxi Pedra Branca Prata 1 Par,0,0,0,0,0
FarmaPonte,Esgotado,482.0,17,0.0,Refil para Escova Elétrica Oral-B Flossaction 2 Unidades,0,0,0,0,0
Drogaria São Paulo,Disponível,481.0,15,7894916146067.0,Atorvastatina Cálcica 20mg Genérico Legrand 30 Comprimidos,"81,00","18,17",-77.6%,"18,17",-77.6%
Drogaria São Paulo,Disponível,480.0,14,7894916148245.0,Ezetimiba 10mg Genérico Hypermarcas 30 Comprimidos,"86,10","37,99",-55.9%,"37,99",-55.9%
FarmaPonte,Esgotado,479.0,15,0.0,Spray Knut Multiuso Amino Color  200ml,0,0,0,0,0
FarmaPonte,Esgotado,479.0,15,0.0,Aparelho de Barbea Enox Clássico 1 Unidade,0,0,0,0,0
FarmaPonte,Esgotado,477.0,13,0.0,Aparelho de Barbear Gillette Prestobarba3 Fresh com Eucalipto 4 Unidades,0,0,0,0,0
FarmaPonte,Esgotado,477.0,15,0.0,Chá Gaab Mom To Mom 30sch 45g,0,0,0,0,0
FarmaPonte,Esgotado,475.0,13,0.0,Shampoo Anticaspa Head & Shoulders Limpeza Eficaz 400ml,0,0,0,0,0
FarmaPonte,Esgotado,475.0,15,0.0,Fralda Ever Baby Pants Roupinha XXG 24 Unidades,0,0,0,0,0
FarmaPonte,Esgotado,475.0,18,0.0,Bombom de chocolate ao leite sabor com recheio de cereja sem álcool 55g - Montevergine,0,0,0,0,0
FarmaPonte,Esgotado,474.0,15,0.0,Creme Hidratante Nivea Soft 48g,0,0,0,0,0
FarmaPonte,Esgotado,474.0,15,0.0,Cera Quente em Barra Negra - Depil Bella - 500g,0,0,0,0,0
FarmaPonte,Esgotado,474.0,15,0.0,Unhas Postiças Curta Autocolante Quadrada Pintada Absolute New York Magiquick Cappuchino Brown 24 Unidades,0,0,0,0,0
FarmaPonte,Esgotado,474.0,14,0.0,Gran D 22.400UI Cristália 1 Comprimido,0,0,0,0,0
Drogaria São Paulo,Disponível,473.0,14,7897595619518.0,Januvia 25mg MSD 28 Comprimidos,"88,16","74,47",-15.5%,"74,47",-15.5%
FarmaPonte,Esgotado,473.0,14,0.0,Maxilerg 1mg/ml Cristália 5ml Solução Oftálmica,0,0,0,0,0
FarmaPonte,Esgotado,471.0,17,0.0,Barra sabor Flocos com Chocolate Chips 90g - Darkness Dark Bar,0,0,0,0,0
FarmaPonte,Esgotado,469.0,16,0.0,Bebida Ades A Base de Amêndoas Sabor Baunilha 1L,0,0,0,0,0
FarmaPonte,Esgotado,468.0,15,0.0,Bolsa Refrigerada para Transporte de Insulina Frigo Wellion,0,0,0,0,0
Drogaria São Paulo,Disponível,467.0,14,7891142981394.0,Predsim 40mg Mantecorp Farmasa 7 Comprimidos Revestidos,"69,00","69,00",-,"69,00",-
Drogaria São Paulo,Disponível,467.0,16,7896004707990.0,Prednisona 20mg Genérico Germed 10 Comprimidos,"13,22","13,22",-,"13,22",-
Drogaria São Paulo,Disponível,466.0,14,8903855086583.0,Desduo 100mg  Torrent 30 Comprimidos,"210,30","125,77",-40.2%,"125,77",-40.2%
FarmaPonte,Esgotado,466.0,14,0.0,Shampoo Johnson's Baby Cheirinho Prolongado 400ml,0,0,0,0,0
FarmaPonte,Esgotado,466.0,16,0.0,Loção Hidratante Corporal Creamy Calming 200 g,0,0,0,0,0
FarmaPonte,Esgotado,465.0,15,0.0,Kit Viagem Ever Care Compacto 1 Unidade,0,0,0,0,0
Drogaria São Paulo,Disponível,465.0,15,7898430193644.0,Vitamina D Dprev 100.000UI Myralis 2 Comprimidos Revestidos,"87,07","82,59",-5.1%,"82,59",-5.1%
FarmaPonte,Esgotado,465.0,15,0.0,Lenço Umedecido Pampers Aloe Vera 48 Unidades,0,0,0,0,0
FarmaPonte,Esgotado,465.0,14,0.0,Gel Pós Depilatório Finalizador - Depi Roll - 120g,0,0,0,0,0
FarmaPonte,Esgotado,464.0,15,0.0,Condicionador Pantene Pro-V 3 Minutos Milagrosos Restauração 170ml,0,0,0,0,0
FarmaPonte,Esgotado,463.0,14,0.0,Hidratante Labial Chupa Chups The Skin Soul Tutti Fruitti 10g,0,0,0,0,0
FarmaPonte,Esgotado,463.0,16,0.0,Absorvente Always Noturno Tamanho G Cobertura Seca 8 Unidades,0,0,0,0,0
Drogaria São Paulo,Disponível,463.0,13,7896004715537.0,Furoato de Mometasona 1mg/g Genérico EMS 20g Creme,"40,24","16,59",-58.8%,"16,59",-58.8%
Drogaria São Paulo,Disponível,463.0,14,7896181915034.0,"Carvedilol 6,25mg Genérico Biosintética 30 Comprimidos","36,16","9,59",-73.5%,"9,59",-73.5%
FarmaPonte,Esgotado,462.0,13,0.0,Gel Dental 50gr Infantil - Ice Fresh,0,0,0,0,0
FarmaPonte,Esgotado,462.0,16,0.0,"Lápis de Olhos Retrátil Marrom Escuro Marília Mendonça By Océane - Eyeliner Dark Brown 1,2g",0,0,0,0,0
Drogaria São Paulo,Disponível,462.0,15,7894916143868.0,Amoxicilina 875mg + Clavulanato de Potássio 125mg Genérico Legrand 14 Comprimidos,"182,37","54,84",-69.9%,"54,84",-69.9%
Drogaria São Paulo,Disponível,462.0,14,7896422512145.0,Ciclopirox Olamina 10mg/ml Genérico Medley 15ml Solução Tópica,"26,06","15,32",-41.2%,"15,32",-41.2%
Drogaria São Paulo,Disponível,461.0,16,7898505095514.0,Conduvaz 450mg + 50mg Mabra 30 Comprimidos,"101,48","89,99",-11.3%,"89,99",-11.3%
FarmaPonte,Esgotado,461.0,14,0.0,Gel de Banho Giovanna Baby Moments Blanc Vanilla 250ml,0,0,0,0,0
FarmaPonte,Esgotado,461.0,14,0.0,Aquasept Foam - Espuma Antisséptica - 150 Ml,0,0,0,0,0
FarmaPonte,Esgotado,460.0,16,0.0,Kit Caneta Delineadora + Máscara Para Cílios Drama Lash Océane Edition (2 Produtos),0,0,0,0,0
FarmaPonte,Esgotado,460.0,17,0.0,Chocolate Prestígio Nestlé 33g,0,0,0,0,0
FarmaPonte,Esgotado,460.0,13,0.0,Refresco em pó sabor laranja docinha com 18g - Tang,0,0,0,0,0
FarmaPonte,Esgotado,459.0,15,0.0,Shampoo Dove Baby Hidratação Enriquecida 200ml,0,0,0,0,0
FarmaPonte,Esgotado,459.0,15,0.0,Água Micelar Hidramais Ácido Hialurônico 250ml,0,0,0,0,0
Drogaria São Paulo,Disponível,459.0,15,7896181915027.0,"Carvedilol 3,125mg Genérico Biosintética 30 Comprimidos","31,81","9,59",-69.9%,"9,59",-69.9%
FarmaPonte,Esgotado,459.0,14,0.0,Condicionador Infantil Seda Juntinhos Frozen Brilho Encantado 300ml,0,0,0,0,0
FarmaPonte,Esgotado,459.0,15,0.0,Spray Depilatório Depilsam Men Corpo Aerosol 150Ml,0,0,0,0,0
FarmaPonte,Esgotado,458.0,14,0.0,Batom Líquido Matte Eudora Niina Secrets Skinny Pink Peônia 5  ml,0,0,0,0,0
FarmaPonte,Esgotado,458.0,15,0.0,Protetor Solar Sundown Praia e Piscina FPS50 200ml,0,0,0,0,0
FarmaPonte,Esgotado,458.0,14,0.0,Lápis De Sobrancelhas Essence Eyebrow Designer 2 Marrom 1g,0,0,0,0,0
FarmaPonte,Esgotado,456.0,13,0.0,Minoxidil 10%  Propilenoglicol - 60Ml,0,0,0,0,0
Drogaria São Paulo,Disponível,456.0,13,7891317013998.0,Aria 5mg Momenta 30 Comprimidos Mastigáveis,"74,33","69,99",-5.8%,"69,99",-5.8%
FarmaPonte,Esgotado,456.0,13,0.0,Escova para Desembaraçar Tangle Teezer The Original Preto,0,0,0,0,0
Drogaria São Paulo,Disponível,456.0,13,7898040328597.0,Bactrim 400mg + 80mg Farmoquímica 20 Comprimidos,"38,78","35,76",-7.8%,"35,76",-7.8%
Drogaria São Paulo,Disponível,456.0,14,7899824400775.0,"Folifer 30mg/ml + 0,2mg/ml Arese 30ml Gotas","70,52","69,81",-1.0%,"69,81",-1.0%
FarmaPonte,Esgotado,455.0,14,0.0,Bauny Efeito Matte - Base Facial Vegana 27g - Matte Cor 060,0,0,0,0,0
FarmaPonte,Esgotado,455.0,15,0.0,Kit Lenço Umedecido Infantil Huggies Recém Nascido Sem Fragrância 4 Pacotes com 48 Unidades,0,0,0,0,0
Drogaria São Paulo,Disponível,454.0,16,7891058005979.0,Pantoprazol 40mg Genérico Medley 28 Comprimidos,"45,34","15,59",-65.6%,"15,59",-65.6%
Drogaria São Paulo,Disponível,454.0,14,7898927562069.0,Divalproato de Sódio 500mg Genérico Zydus 20 Comprimidos,"63,40","47,99",-24.3%,"47,99",-24.3%
FarmaPonte,Esgotado,454.0,14,0.0,Óleo Corporal De Ameixa Farmax 100ml,0,0,0,0,0
FarmaPonte,Esgotado,453.0,13,0.0,Hastes Flexíveis Ever Care 75 Unidades,0,0,0,0,0
FarmaPonte,Esgotado,453.0,13,0.0,Kit Garnier SkinActive Água Micelar Tudo Em 1 400ml + Gel Facial Uniform & Matte Vitamina C 150ml,0,0,0,0,0
FarmaPonte,Esgotado,453.0,14,0.0,Pincel de Silicone - Skincare Silicone Brush Océane,0,0,0,0,0
Drogaria São Paulo,Disponível,452.0,14,7899095256378.0,Dicloridrato De Betaistina 24mg Genérico Geolab 30 Comprimidos,"36,85","19,52",-47.0%,"19,52",-47.0%
FarmaPonte,Esgotado,452.0,13,0.0,Lenço Umedecido Huggies Recém Nascido Sem Fragrância 48 Unidades,0,0,0,0,0
FarmaPonte,Esgotado,452.0,15,0.0,Mamadeira MAM Fashion Bottle Girls 330mL - 4834,0,0,0,0,0
FarmaPonte,Esgotado,452.0,14,0.0,Payot Boca Rosa Beauty Wow! - Pó Solto Iluminador,0,0,0,0,0
FarmaPonte,Esgotado,452.0,14,0.0,Argila Rosa com Pó de Turmalina 30g - Elemento Mineral,0,0,0,0,0
FarmaPonte,Esgotado,451.0,15,0.0,Leite em Pó Molico Adulto Zero Lactose 260g,0,0,0,0,0
Drogaria São Paulo,Disponível,451.0,14,7896862992255.0,Azitromicina Di-Hidratada 500mg Genérico Medquímica 5 Comprimidos,"36,81","22,49",-38.9%,"22,49",-38.9%
FarmaPonte,Esgotado,451.0,14,0.0,Sabonete em Barra Protex Baby Suave Glicerina 85g,0,0,0,0,0
FarmaPonte,Esgotado,451.0,17,0.0,"Océane Eyeliner Pen Mariana Saad by Océane Caneta Delineadora 1,8g - RealBlue-MarianaSaad",0,0,0,0,0
Drogaria São Paulo,Disponível,451.0,13,7898148293681.0,Nistatina 100.000UI/ml Genérico Prati Donaduzzi 50ml Suspensão Oral,"30,93","15,74",-49.1%,"15,74",-49.1%
Drogaria São Paulo,Disponível,450.0,14,7894916206877.0,Sinvasmax 40mg Globo 30 Comprimidos,"119,17","86,99",-27.0%,"86,99",-27.0%
FarmaPonte,Esgotado,450.0,15,0.0,Bico Mamadeira Chicco Step Up Fluxo Rápido 6M+ 2 Unidades,0,0,0,0,0
Drogaria São Paulo,Disponível,450.0,14,8903855086668.0,Olmecor 20mg Torrent 30 Comprimidos,"410,62","323,99",-21.1%,"323,99",-21.1%
Drogaria São Paulo,Disponível,450.0,14,7895858010331.0,Zyloric 300mg Aspen Pharma 30 Comprimidos,"69,83","62,99",-9.8%,"62,99",-9.8%
FarmaPonte,Esgotado,450.0,14,0.0,Mix de Farinhas Sem Glúten - Mundo Verde 500g,0,0,0,0,0
FarmaPonte,Esgotado,449.0,15,0.0,Pomada  Para Dermatite De Fralda - 50 Gramas,0,0,0,0,0
FarmaPonte,Esgotado,449.0,14,0.0,Suplemento Proteico Líquido Integralmedica My Whey Banana Zero Lactose 250ml,0,0,0,0,0
FarmaPonte,Esgotado,449.0,13,0.0,"Chocolate Bis Lacta Chocolate Branco 100,8g",0,0,0,0,0
Drogaria São Paulo,Disponível,449.0,14,7893454101224.0,Endrostan 70mg Cellera 4 Comprimidos,"757,11","66,14",-91.3%,"66,14",-91.3%
FarmaPonte,Esgotado,448.0,16,0.0,Creme Depilatório Depimiel Sensitive Facial Sistema A + B Óleo de Argan 45g,0,0,0,0,0
Drogaria São Paulo,Disponível,448.0,13,7895296113182.0,Oxalato De Escitalopram 20mg Genérico Nova Química 30 Comprimidos Revestidos,"160,17","19,70",-87.7%,"19,70",-87.7%
FarmaPonte,Esgotado,448.0,15,0.0,Refil Para Escova Interdental Curaprox Cilíndrico Cps 09 8 Unidades,0,0,0,0,0
FarmaPonte,Esgotado,447.0,14,0.0,Energético Red Bull Energy Drink The Summer Edition Morango & Pêssego 250ml,0,0,0,0,0
Drogaria São Paulo,Disponível,447.0,14,7891317005269.0,Desloratadina 5mg Genérico Eurofarma 10 Comprimidos,"52,56","20,09",-61.8%,"20,09",-61.8%
FarmaPonte,Esgotado,447.0,15,0.0,Lipstick Dermage Hyaluage 10g,0,0,0,0,0
Drogaria São Paulo,Disponível,447.0,15,7891721202858.0,Levotiroxina Sódica 200mcg Genérico Merck S/A 30 Comprimidos,"10,49","9,99",-4.8%,"9,99",-4.8%
FarmaPonte,Esgotado,447.0,15,0.0,Kit Esponjas de Maquiagem Flat Drop + Special Diamond Blend (2 Produtos),0,0,0,0,0
FarmaPonte,Esgotado,447.0,16,0.0,Pill Food 60 Cápsulas,0,0,0,0,0
FarmaPonte,Esgotado,446.0,16,0.0,Lenços de Papel Elite Softys C/ 50 Folhas,0,0,0,0,0
FarmaPonte,Esgotado,446.0,13,0.0,Ampola para Nutrição Wella Professionals Invigo Nutri Enrich 10 ml,0,0,0,0,0
Drogaria São Paulo,Disponível,446.0,13,7898581710417.0,"Rivotril 2,0mg Roche 20 Comprimidos","22,56","17,19",-23.8%,"17,19",-23.8%
FarmaPonte,Esgotado,446.0,15,0.0,Bolsa Para Água Quente Redonda com Capa 800ml - UniqCare,0,0,0,0,0
Drogaria São Paulo,Disponível,446.0,13,7896112401322.0,Maleato de Enalapril 5mg Genérico Biolab 30 Comprimidos,"23,62","8,31",-64.8%,"8,31",-64.8%
FarmaPonte,Esgotado,445.0,15,0.0,"Sombra Em Bastão Essence Blend & Line 01 Copper Feels 1,8g",0,0,0,0,0
Drogaria São Paulo,Disponível,445.0,15,7897851260041.0,Divelol 25mg Baldacci 30 Comprimidos,"44,33","36,74",-17.1%,"36,74",-17.1%
FarmaPonte,Esgotado,445.0,15,0.0,Lápis para Sobrancelha Maybelline Master Shape Pencil Brow,0,0,0,0,0
Drogaria São Paulo,Disponível,445.0,15,7896658034220.0,Dry 5mg Cristália 30 Comprimidos,"95,91","87,80",-8.5%,"87,80",-8.5%
FarmaPonte,Esgotado,445.0,15,0.0,Doce de Leite Zero Flormel 20g,0,0,0,0,0
FarmaPonte,Esgotado,444.0,14,0.0,Kit Dove Reconstrução Completa Shampoo 400ml + Condicionador 400ml,0,0,0,0,0
Drogaria São Paulo,Disponível,444.0,13,7896181926696.0,Montelucaste de Sódio 10mg Genérico Aché 30 Comprimidos Revestidos,"80,71","44,09",-45.4%,"44,09",-45.4%
FarmaPonte,Esgotado,444.0,13,0.0,Gelatina 500mg 60 Cápsulas,0,0,0,0,0
FarmaPonte,Esgotado,444.0,14,0.0,Protetor solar em cápsulas Polypodium leucotomos  250 mg 60 Cápsulas BS Pharma,0,0,0,0,0
FarmaPonte,Esgotado,444.0,13,0.0,Fórmula Infantil Aptamil Premium 1 400g,0,0,0,0,0
Drogaria São Paulo,Disponível,443.0,13,7898096577840.0,Arflex Retard 200mg Diffucap 6 Cápsulas,"51,30","44,49",-13.3%,"44,49",-13.3%
FarmaPonte,Esgotado,443.0,13,0.0,Preservativo Prudence Masculino Lubrificado Super Sensitive 8 Unidades,0,0,0,0,0
Drogaria São Paulo,Disponível,443.0,15,7891268100501.0,"Frontal 0,25mg Pfizer 30 Comprimidos","1516,29","670,90",-55.8%,"670,90",-55.8%
FarmaPonte,Esgotado,443.0,14,0.0,Predsim 3mg/ml Cosmed 60ml,0,0,0,0,0
FarmaPonte,Esgotado,443.0,15,0.0,Barra de Cereais Nutry Castanha-de-Caju Com Chocolate 22g,0,0,0,0,0
FarmaPonte,Esgotado,443.0,15,0.0,Base Líquida Aveludada Bruna Tavares BT Skin D20 40 ml,0,0,0,0,0
Drogaria São Paulo,Disponível,443.0,15,7891317434342.0,Topiramato 100mg Genérico Eurofarma 60 Comprimidos,"270,50","61,94",-77.1%,"61,94",-77.1%
FarmaPonte,Esgotado,442.0,14,0.0,Mamadeira Lillo Tamanho 2 Azul 240ml,0,0,0,0,0
FarmaPonte,Esgotado,442.0,15,0.0,Escova Dental Curaprox Ultra Soft CS5460B Cores Sortidas,0,0,0,0,0
FarmaPonte,Esgotado,442.0,13,0.0,Superfood Mix Berries Desidratado Mundo Verde Seleção 150g,0,0,0,0,0
FarmaPonte,Esgotado,441.0,14,0.0,Fio Dental Com Cera Dental Clean Menta 130m,0,0,0,0,0
Drogaria São Paulo,Disponível,441.0,16,7896006225928.0,Carbamazepina 200mg Genérico União Química 30 Comprimidos,"29,53","15,73",-46.7%,"15,73",-46.7%
Drogaria São Paulo,Disponível,440.0,14,7896714291901.0,"Atelop 2,5mg Brace Pharma 30 Comprimidos","105,22","92,99",-11.6%,"92,99",-11.6%
FarmaPonte,Esgotado,440.0,14,0.0,Preservativo Prudence Efeito Retardante 8 Unidades,0,0,0,0,0
FarmaPonte,Esgotado,440.0,15,0.0,Bouquet (Blend) Incenso 5ml - Laszlo,0,0,0,0,0
FarmaPonte,Esgotado,440.0,14,0.0,"Bauny - Lápis Delineador para Olhos 1,10g - Bege",0,0,0,0,0
FarmaPonte,Esgotado,440.0,14,0.0,Máscara de Tratamento Dove Ritual de Reparação em 1 Minuto 500g,0,0,0,0,0
FarmaPonte,Esgotado,440.0,15,0.0,Chocolate 5star Lacta 40g,0,0,0,0,0
Drogaria São Paulo,Disponível,439.0,14,7896006290667.0,"Ster Md 1,2mg/ml União Química 10ml Suspensão Oftálmica","53,81","50,59",-6.0%,"50,59",-6.0%
FarmaPonte,Esgotado,439.0,14,0.0,Algodão Em Bolas Cremer 95g,0,0,0,0,0
Drogaria São Paulo,Disponível,439.0,13,7892953101865.0,"Paratram 37,5mg + 325mg Adium 20 Comprimidos","44,94","34,90",-22.3%,"34,90",-22.3%
FarmaPonte,Esgotado,439.0,14,0.0,Refresco em pó sabor laranja com 18g - Tang,0,0,0,0,0
Drogaria São Paulo,Disponível,439.0,13,7896004712406.0,"Propionato de Clobetasol 0,5mg/g Genérico Germed 30g Pomada","25,42","14,99",-41.0%,"14,99",-41.0%
Drogaria São Paulo,Disponível,438.0,13,7896658000409.0,"Motix 301,5mg Farmoquímica 50 Comprimidos","114,45","107,09",-6.4%,"107,09",-6.4%
Drogaria São Paulo,Disponível,438.0,13,7896472502776.0,Buprovil 600mg Multilab 30 Comprimidos,"34,63","25,59",-26.1%,"25,59",-26.1%
FarmaPonte,Esgotado,437.0,15,0.0,Spray Brilho  Acqua Kids Marshmallow - Nazca -  110ml,0,0,0,0,0
FarmaPonte,Esgotado,437.0,15,0.0,Gel Hidratante Pós-Sol Argila Anasol - 200g,0,0,0,0,0
FarmaPonte,Esgotado,437.0,16,0.0,Pó Solto Matte Fran by Franciny Ehlke Solto Plush 3 15 g,0,0,0,0,0
Drogaria São Paulo,Disponível,437.0,13,7894916140348.0,Finasterida 5mg Genérico Legrand 30 Comprimidos Revestidos,"126,30","42,16",-66.6%,"42,16",-66.6%
FarmaPonte,Esgotado,436.0,15,0.0,Benicar Anlo 40mg + 10mg Daiichi Sankyo 30 Comprimidos,0,0,0,0,0
Drogaria São Paulo,Disponível,435.0,14,7898049792351.0,Ivermectina 6mg Genérico Vitamedic 2 Comprimidos,"21,39","9,49",-55.6%,"9,49",-55.6%
Drogaria São Paulo,Disponível,435.0,15,7896523201641.0,Enxak 451mg Cazi 12 Comprimidos,"10,70","5,99",-44.0%,"5,99",-44.0%
FarmaPonte,Esgotado,435.0,15,0.0,Synthroid 25mcg Abbott 30 Cápsulas,0,0,0,0,0
FarmaPonte,Esgotado,435.0,15,0.0,Unhas Postiças Curta Autocolante Quadrada Pintada Absolute New York Magiquick Wine Red 24 Unidades,0,0,0,0,0
FarmaPonte,Esgotado,434.0,13,0.0,Absorvente Intimus® Tripla Proteção Suave C/Abas 16 Unidades,0,0,0,0,0
FarmaPonte,Esgotado,434.0,14,0.0,Óleo Capilar Niely Gold Com Coco 100ml,0,0,0,0,0
FarmaPonte,Esgotado,434.0,13,0.0,Retoque de Raiz L'Oréal Paris Spray Instantâneo Magic Retouch Castanho Escuro 75ml,0,0,0,0,0
FarmaPonte,Esgotado,434.0,18,0.0,Chocolate M&M's Amendoim 148g,0,0,0,0,0
FarmaPonte,Esgotado,434.0,15,0.0,Esponja Belliz Make Up Duo 360º,0,0,0,0,0
Drogaria São Paulo,Disponível,434.0,14,7896112102663.0,Metronidazol 400mg Genérico Teuto 24 Comprimidos,"23,74","19,99",-15.8%,"19,99",-15.8%
FarmaPonte,Esgotado,434.0,14,0.0,Kit Pasta de Dente Sensodyne Rápido Alívio Dentes Sensíveis Original 3 Unidades de 90g,0,0,0,0,0
FarmaPonte,Esgotado,434.0,14,0.0,Benicar Anlo 40mg + 5mg Daiichi Sankyo 30 Comprimidos,0,0,0,0,0
FarmaPonte,Esgotado,433.0,15,0.0,Cera Fria Corporal Veet Peles Normais e Secas 12 Folhas,0,0,0,0,0
Drogaria São Paulo,Disponível,433.0,12,7896714205182.0,Cloridrato Propranolol 40mg Genérico Neo Química 30 comprimidos,"6,47","4,19",-35.2%,"4,19",-35.2%
FarmaPonte,Esgotado,433.0,14,0.0,Belpele 1mg/g Melora 50g Gel Dermatológico,0,0,0,0,0
FarmaPonte,Esgotado,433.0,13,0.0,Água Micelar Garnier SkinActive Antioleosidade Vitamina C 400ml,0,0,0,0,0
FarmaPonte,Esgotado,433.0,16,0.0,Luva Massageadora Corporal Com Esferas Acte R23,0,0,0,0,0
FarmaPonte,Esgotado,433.0,15,0.0,Bico de Silicone Neopan Pansuper 1 Unidade,0,0,0,0,0
FarmaPonte,Esgotado,433.0,15,0.0,Leite em Pó Ninho Integral Instantâneo Lata 380g,0,0,0,0,0
Drogaria São Paulo,Disponível,433.0,15,7897076911131.0,Axetilcefuroxima 250mg Genérico Ranbaxy 50ml,"104,69","63,99",-38.9%,"63,99",-38.9%
Drogaria São Paulo,Disponível,432.0,17,7891058005955.0,Pantoprazol 20mg Genérico Medley 28 Comprimidos,"29,10","14,59",-49.9%,"14,59",-49.9%
FarmaPonte,Esgotado,432.0,13,0.0,Creme Para as Mãos Nivea Hand 3 em 1 Reparação Nutrição 75g,0,0,0,0,0
FarmaPonte,Esgotado,432.0,14,0.0,Bamifix 300mg Chiesi 20 Drágeas,0,0,0,0,0
Drogaria São Paulo,Disponível,432.0,15,7898216360727.0,Secnidazol 1000mg Genérico Pharlab 2 Comprimidos,"21,64","11,99",-44.6%,"11,99",-44.6%
Drogaria São Paulo,Disponível,432.0,14,7896006298151.0,Colírio Drusolol 20mg/ml + 5mg/ml União Química 5ml,"104,01","97,99",-5.8%,"97,99",-5.8%
FarmaPonte,Esgotado,432.0,15,0.0,Máscara Facial de Limão e Hortelã - Lemon And Mint Mask 8g Océane,0,0,0,0,0
Drogaria São Paulo,Disponível,431.0,12,7897460401743.0,Kios 640mg Quesalon 14 Comprimidos,"131,00","113,84",-13.1%,"113,84",-13.1%
FarmaPonte,Esgotado,431.0,15,0.0,Cílios Postiços I-Envy Collection 156 Crush 3D 1 Unidade,0,0,0,0,0
FarmaPonte,Esgotado,431.0,15,0.0,Retoque Instantâneo Spray Koleston Castanho Claro 100ml,0,0,0,0,0
FarmaPonte,Esgotado,431.0,13,0.0,Gel Dental Infantil Bitufo Cocoricó Sem Flúor Sabor Tutti-Frutti 90g,0,0,0,0,0
FarmaPonte,Esgotado,431.0,13,0.0,Kit Pasta de Dente Colgate Total Clean Mint 4 unidades de 90g,0,0,0,0,0
Drogaria São Paulo,Disponível,431.0,14,7896714211978.0,Hidroclorotiazida 25mg Genérico Neo Química 30 Comprimidos,"4,24","3,99",-5.9%,"3,99",-5.9%
FarmaPonte,Esgotado,431.0,13,0.0,Unhas Postiças Curta Autocolante Quadrada Pintada Absolute New York Magiquick Magic Black 24 Unidades,0,0,0,0,0
FarmaPonte,Esgotado,431.0,14,0.0,Gel Hidratante Pós- Sol Aloe Vera e Calêndula 140g - Khor Cosmetics,0,0,0,0,0
FarmaPonte,Esgotado,430.0,15,0.0,Azelan Gel 150mg/g LEO Pharma 1 Bisnaga com 30g,0,0,0,0,0
FarmaPonte,Esgotado,430.0,17,0.0,Base Em Mousse Essence Soft Touch 03 Matt Honey 16g,0,0,0,0,0
FarmaPonte,Esgotado,430.0,14,0.0,Delineador Líquido Matte À Prova D'Água Essence Lash Princess Liner Preto 3 ml,0,0,0,0,0
FarmaPonte,Esgotado,430.0,13,0.0,Byphasse Fleur de Tiaré de Tahiti - Gel de Banho 500ml,0,0,0,0,0
Drogaria São Paulo,Disponível,429.0,14,7896261023185.0,Tegretol Cr 200mg Novartis 60 Comprimidos,"28584,59","18699,90",-34.6%,"18699,90",-34.6%
FarmaPonte,Esgotado,429.0,14,0.0,Pincel Duo Para Corretivo e Base Corpus,0,0,0,0,0
FarmaPonte,Esgotado,429.0,13,0.0,"Protetor Solar Hidratante Labial Nivea Sun Protect Alta Proteção FPS 30 4,8g",0,0,0,0,0
FarmaPonte,Esgotado,428.0,14,0.0,"Pé de Moleque Pacote 1,5Kg - Gulosina",0,0,0,0,0
Drogaria São Paulo,Disponível,428.0,16,7896004708539.0,Losartana Potássica 50mg Genérico Germed 30 Comprimidos Revestidos,"9,75","6,99",-28.3%,"6,99",-28.3%
FarmaPonte,Esgotado,428.0,13,0.0,"Batom Líquido Matte Essence 8h Matte 04 Rosy Nude 2,5ml",0,0,0,0,0
FarmaPonte,Esgotado,428.0,14,0.0,Cílios Postiços Longo Natural Absolute New York Magiquick 605 Preto 1 Par,0,0,0,0,0
Drogaria São Paulo,Disponível,427.0,15,7897655400223.0,Pyr-Pam 10mg/ml Uci-Farma 40ml Suspensão Oral,"28,59","28,59",-,"28,59",-
FarmaPonte,Esgotado,427.0,13,0.0,Escova de Língua Bitufo Hálito Puro,0,0,0,0,0
FarmaPonte,Esgotado,427.0,14,0.0,Cílios Postiços Kiss New York Lash Couture Naked Drama Tulle 1 Par,0,0,0,0,0
FarmaPonte,Esgotado,427.0,16,0.0,Kit Lenço Umedecido Ever Baby Sem Perfume 4 pacotes 48 Unidades,0,0,0,0,0
FarmaPonte,Esgotado,427.0,15,0.0,Barra de cereal Castanha de caju com chocolate com 22g - NUTRY,0,0,0,0,0
FarmaPonte,Esgotado,426.0,15,0.0,"Chá Leão Mel, Gengibre e Cúrcuma 10 Sachês",0,0,0,0,0
Drogaria São Paulo,Disponível,426.0,14,7896658046872.0,Corus 50mg Biosintética 30 Comprimidos Revestidos,"65,85","52,99",-19.5%,"52,99",-19.5%
FarmaPonte,Esgotado,425.0,13,0.0,Ampola Capilar de Hidratação e Reparação 15ml Océane,0,0,0,0,0
FarmaPonte,Esgotado,425.0,13,0.0,Bicarbonato 15 Sachês 600g Menta - Schuster,0,0,0,0,0
FarmaPonte,Esgotado,425.0,15,0.0,Bauny Efeito Matte - Base Facial Vegana 27g - Matte Cor 010,0,0,0,0,0
FarmaPonte,Esgotado,425.0,13,0.0,Aparelho de Depilar Gillette Venus Suave Sensitive 4 Unidades,0,0,0,0,0
FarmaPonte,Esgotado,425.0,14,0.0,Escova para Mamadeiras e Bicos Philips Avent - SCF145/06 - Azul,0,0,0,0,0
Drogaria São Paulo,Disponível,425.0,13,7897316801277.0,"Colírio Oflox 0,30% Allergan 5ml","13,80","12,59",-8.8%,"12,59",-8.8%
FarmaPonte,Esgotado,424.0,14,0.0,Kit Renu Fresh (bausch + Lomb) - Kit Renu Fresh (Bausch + Lomb),0,0,0,0,0
FarmaPonte,Esgotado,424.0,13,0.0,Pastilha Valda Diet Menta e Eucalipto Sem Açúcar,0,0,0,0,0
FarmaPonte,Esgotado,424.0,15,0.0,Paramonoclorofenol Canforado 20ml - Biodinâmica,0,0,0,0,0
Drogaria São Paulo,Disponível,424.0,16,7898569760465.0,Rosuvastatina Cálcica 10mg Genérico Althaia 60 Comprimidos Revestidos,"67,03","31,41",-53.1%,"31,41",-53.1%
Drogaria São Paulo,Disponível,424.0,15,7894916501415.0,Toragesic SL 10mg EMS 10 Comprimidos Sublingual,"49,44","49,44",-,"49,44",-
Drogaria São Paulo,Disponível,423.0,13,7898569765361.0,Prednisolona 5mg Genérico Althaia 20 Comprimidos,"15,07","10,65",-29.3%,"10,65",-29.3%
FarmaPonte,Esgotado,423.0,16,0.0,Dramin 50mg Cosmed 10 Cápsulas,0,0,0,0,0
Drogaria São Paulo,Disponível,423.0,13,7896422504492.0,Diclofenaco Sódico 50mg Genérico Medley 20 Comprimidos,"17,24","8,39",-51.3%,"8,39",-51.3%
FarmaPonte,Esgotado,423.0,15,0.0,Leite em Pó Ninho Integral Instantâneo 575g,0,0,0,0,0
FarmaPonte,Esgotado,422.0,13,0.0,Bruna Tavares BT Skinpowder - Pó Solto Facial Deep 15g,0,0,0,0,0
Drogaria São Paulo,Disponível,422.0,16,7891268100228.0,Sinvascor 40mg Baldacci  30 Comprimidos,"70,44","65,16",-7.5%,"65,16",-7.5%
Drogaria São Paulo,Disponível,422.0,13,7896206400385.0,Seloken 100mg Astrazeneca 30 Comprimidos,"432,87","209,90",-51.5%,"209,90",-51.5%
Drogaria São Paulo,Disponível,422.0,14,7896523223841.0,Cloridrato de Sertralina 50mg Genérico Cimed 30 Comprimidos,"92,84","13,89",-85.0%,"13,89",-85.0%
FarmaPonte,Esgotado,422.0,13,0.0,Óleo Corporal Hidratante Farmax Semente de Uva 100ml,0,0,0,0,0
Drogaria São Paulo,Disponível,422.0,13,7895296262026.0,Cinarizina 25mg Genérico Mepha 30 comprimidos,"15,52","12,59",-18.9%,"12,59",-18.9%
FarmaPonte,Esgotado,421.0,15,0.0,Cera Depilatória P/ Microondas Depilsam Cremosa Mel 100g,0,0,0,0,0
Drogaria São Paulo,Disponível,421.0,16,7899095230309.0,"Cloridrato De Ciprofloxacino 3,5mg/ml + Dexametasona 1mg/ml Genérico Geolab 5ml Solução Oftálmica","32,07","26,52",-17.3%,"26,52",-17.3%
FarmaPonte,Esgotado,420.0,14,0.0,Fio Dental GUM Flosser Ultra Deslizante Sabor Menta 40 Unidades,0,0,0,0,0
FarmaPonte,Esgotado,420.0,12,0.0,Chocolate Garoto Talento Branco Crocante Com Doce De Leite 85g,0,0,0,0,0
Drogaria São Paulo,Disponível,420.0,15,7896112138501.0,Narcaricina 100mg Sinterapico 30 Comprimidos,"88,05","38,45",-56.3%,"38,45",-56.3%
FarmaPonte,Esgotado,420.0,14,0.0,Kit Lenço de Papel de Bolso Kleenex Dia a Dia 4 Unidades,0,0,0,0,0
FarmaPonte,Esgotado,420.0,14,0.0,Roll-on de Lavanda e Eucalipto Radiata Narizinho Infantil Iarê 10ml - Terraflor,0,0,0,0,0
FarmaPonte,Esgotado,420.0,13,0.0,Creme Antisséptico Para Os Pés - 100Gr,0,0,0,0,0
FarmaPonte,Esgotado,420.0,13,0.0,Pó Descolorante Aloe Vera e Silicone - Amend - 300g,0,0,0,0,0
FarmaPonte,Esgotado,420.0,13,0.0,Mamadeira Mam Easy Start Azul 130ml 1 Unidade,0,0,0,0,0
FarmaPonte,Esgotado,419.0,15,0.0,Tracta Vanessa Rozan - Batom Bala,0,0,0,0,0
FarmaPonte,Esgotado,419.0,15,0.0,Pincel Para Acabamento Mariana Saad By Océane Ms3,0,0,0,0,0
FarmaPonte,Esgotado,419.0,14,0.0,Fórmula Infantil Nestogeno 2 800g,0,0,0,0,0
FarmaPonte,Esgotado,419.0,14,0.0,"Alphabrin 1,0ml/mg Geolab 5ml",0,0,0,0,0
FarmaPonte,Esgotado,419.0,13,0.0,"Etna 1mg + 2,5mg + 1,5mg Gross 3 Diluentes 2ml Injetável + 3 Ampolas Solução",0,0,0,0,0
FarmaPonte,Esgotado,419.0,14,0.0,Creme Hidratante Nivea Lata 29g,0,0,0,0,0
FarmaPonte,Esgotado,419.0,15,0.0,Retoque de Raiz L'Oréal Paris Spray Instantâneo Magic Retouch Preto 75ml,0,0,0,0,0
FarmaPonte,Esgotado,418.0,15,0.0,Mamadeira Lolly Kinddy Branca Star 330ml,0,0,0,0,0
FarmaPonte,Esgotado,418.0,12,0.0,Sabonete Líquido Infantil Baruel Baby Glicerina Da Cabeça Aos Pés Refil 210ml,0,0,0,0,0
FarmaPonte,Esgotado,418.0,14,0.0,Shampoo Dove Baby Hidratação Glicerinada 200ml,0,0,0,0,0
FarmaPonte,Esgotado,418.0,15,0.0,Removedor de Esmaltes Ever Care Hipoalergênico 100ml,0,0,0,0,0
FarmaPonte,Esgotado,418.0,12,0.0,Bicarbonato Polident 15 Sachês 40g Morango - Polident,0,0,0,0,0
FarmaPonte,Esgotado,418.0,16,0.0,Bolsa Térmica Natural Grande,0,0,0,0,0
Drogaria São Paulo,Disponível,417.0,14,7894916143042.0,Losartana Potássica 100mg + Hidroclorotiazida 25mg Genérico Legrand 30 Comprimidos,"60,95","10,29",-83.1%,"10,29",-83.1%
Drogaria São Paulo,Disponível,417.0,15,7898040321505.0,Annita 20mg/ml Farmoquímica 100ml Suspensão,"74,05","64,99",-12.2%,"64,99",-12.2%
Drogaria São Paulo,Disponível,417.0,14,7891721020506.0,Citoneurin 100mg/mL + 100mg/mL + 5000mcg/mL P&G 3 Ampolas Injetáveis de 1ml,"20,64","18,31",-11.3%,"18,31",-11.3%
FarmaPonte,Esgotado,417.0,12,0.0,Piranha para Cabelo Ever Care Tradicional 1 Unidade,0,0,0,0,0
FarmaPonte,Esgotado,417.0,14,0.0,Gel Para Barbear Giovanna Baby GB Men 180g,0,0,0,0,0
Drogaria São Paulo,Disponível,417.0,14,7896004727363.0,Cloridrato Hidroxizina 2mg/ml Genérico Germed 120ml Solução Oral,"29,94","25,19",-15.9%,"25,19",-15.9%
Drogaria São Paulo,Disponível,417.0,14,7897076923769.0,Amoxicilina 500mg + Clavulanato De Potássio 125mg Genérico Ranbaxy 14 Comprimidos Revestidos,"105,02","62,99",-40.0%,"62,99",-40.0%
FarmaPonte,Esgotado,417.0,13,0.0,Sombra e Iluminador em Pó 2x1 Bruna Tavares BT Marble Doucrome Gold 5 g,0,0,0,0,0
Drogaria São Paulo,Disponível,416.0,14,7897337716239.0,"Gracial 0,25mg + 0,005mg Organon 22 Comprimidos","61,16","44,48",-27.3%,"44,48",-27.3%
FarmaPonte,Esgotado,416.0,14,0.0,Ampola de Hidratação Capilar Imecap Hair Max Antiqueda e Reparação FQM 15ml,0,0,0,0,0
FarmaPonte,Esgotado,416.0,14,0.0,Colírio Flutinol 1mg/ml Latinofarma 5ml,0,0,0,0,0
Drogaria São Paulo,Disponível,416.0,13,7891721202810.0,Levotiroxina Sódica 50mcg Genérico Merck S/A 30 Comprimidos,"12,29","11,59",-5.7%,"11,59",-5.7%
FarmaPonte,Esgotado,416.0,13,0.0,Esponja Splum Vegetal Oval Atoalhada Santa Maria,0,0,0,0,0
FarmaPonte,Esgotado,416.0,14,0.0,Chá Desinchá 60 Unidades,0,0,0,0,0
FarmaPonte,Esgotado,416.0,15,0.0,Refil Para Escova Interdental Curaprox Cilíndrico Cps 06 8 Unidades,0,0,0,0,0
FarmaPonte,Esgotado,416.0,15,0.0,Creme Para Pentear Seda Cachos Definidos 300ml,0,0,0,0,0
FarmaPonte,Esgotado,416.0,13,0.0,Loção Hidratante Johnson's Baby Recém-Nascido 200ml,0,0,0,0,0
FarmaPonte,Esgotado,416.0,14,0.0,Manteiga Ghee com Trufas Natural Dom Afonso 200g,0,0,0,0,0
FarmaPonte,Esgotado,416.0,15,0.0,Base Líquida Aveludada Bruna Tavares BT Skin T30 40 ml,0,0,0,0,0
FarmaPonte,Esgotado,416.0,13,0.0,LENÇO DE PAPEL ELITE SOFTY'S MÁXIMA SUAV 75 FLS,0,0,0,0,0
FarmaPonte,Esgotado,415.0,13,0.0,Farinha de Linhaça Dourada Mundo Verde Seleção 200g,0,0,0,0,0
FarmaPonte,Esgotado,415.0,17,0.0,Lapiseira Delineadora Para Os Olhos Vult Fun Roxo Diversão 350mg,0,0,0,0,0
FarmaPonte,Esgotado,415.0,15,0.0,Barra Proteica Mini Chocolate Belga 25g - Dobro,0,0,0,0,0
FarmaPonte,Esgotado,415.0,14,0.0,Creme para Pentear Huggies Kids Enrolados Nutrição e Força 360ml,0,0,0,0,0
FarmaPonte,Esgotado,415.0,17,0.0,"Bombom Ouro Branco Lacta 21,5g",0,0,0,0,0
FarmaPonte,Esgotado,415.0,15,0.0,Escova de Dente Sensodyne Multiproteção com Cerdas Macias para Dentes Sensíveis,0,0,0,0,0
FarmaPonte,Esgotado,415.0,14,0.0,Barra de Nuts Mãe Terra Coco 25g,0,0,0,0,0
Drogaria São Paulo,Disponível,414.0,13,7908236800698.0,Celebra 100mg Viatris 20 Cápsulas,"99,60","90,49",-9.1%,"90,49",-9.1%
FarmaPonte,Esgotado,414.0,13,0.0,Presília para Cabelos Tic Tac Zalike Estampado Shiinning 6 Unidades,0,0,0,0,0
FarmaPonte,Esgotado,414.0,14,0.0,Massageador Facial - 3d Facial Roller Océane,0,0,0,0,0
Drogaria São Paulo,Disponível,414.0,14,7899095238527.0,Besilato de Anlodipino 5mg Genérico Geolab 30 Comprimidos,"19,03","5,83",-69.4%,"5,83",-69.4%
Drogaria São Paulo,Disponível,414.0,16,7896004711409.0,Clotrimazol 20mg/g Genérico Germed 20g Creme Vaginal + 3 Aplicadores,"59,24","17,00",-71.3%,"17,00",-71.3%
Drogaria São Paulo,Disponível,414.0,13,7894916148252.0,"Drospirenona 3mg + Etinilestradiol 0,03mg Genérico Legrand 21 Comprimidos","146,21","63,35",-56.7%,"63,35",-56.7%
FarmaPonte,Esgotado,414.0,14,0.0,Lenço Umedecido Baby Aloe Vera Ever Care 96 Unidades,0,0,0,0,0
FarmaPonte,Esgotado,413.0,15,0.0,Grampo Para Cabelo Moreno Número 7 Corpus,0,0,0,0,0
FarmaPonte,Esgotado,413.0,13,0.0,Preservativo Olla Lubrificado 8 Unidades,0,0,0,0,0
Drogaria São Paulo,Disponível,413.0,13,7896676427844.0,"Kollagenase Com Cloranfenicol 0,6U/g + 0,01g/g Cristália 15g Pomada","38,43","32,92",-14.3%,"32,92",-14.3%
Drogaria São Paulo,Disponível,413.0,13,7893454100678.0,Tanderalgin 125mg + 50mg + 300mg + 30mg Cellera 15 Comprimidos,"15,21","13,39",-12.0%,"13,39",-12.0%
FarmaPonte,Esgotado,413.0,14,0.0,Pingo de Leite Tradicional Pote com 50 unidades - Jazam,0,0,0,0,0
FarmaPonte,Esgotado,413.0,14,0.0,Removedor De Esmalte Sem Acetona Ever Care 100ml,0,0,0,0,0
FarmaPonte,Esgotado,413.0,13,0.0,Fio Dental 100M - Hillo,0,0,0,0,0
FarmaPonte,Esgotado,412.0,16,0.0,Barra De Proteína Nutrata Whey Grego Dulce De Leche Havanna & Morango 40g,0,0,0,0,0
Drogaria São Paulo,Disponível,412.0,14,7895296448192.0,Pregabalina 150mg Genérico Nova Química 30 Cápsulas,"165,59","45,30",-72.6%,"45,30",-72.6%
Drogaria São Paulo,Disponível,412.0,15,7894916206860.0,Sinvasmax 20mg Globo 30 Comprimidos,"56,85","49,59",-12.8%,"49,59",-12.8%
Drogaria São Paulo,Disponível,412.0,17,7896658036224.0,Vitamina D Sany D 10.000UI Aché 4 Comprimidos,"57,86","54,99",-5.0%,"54,99",-5.0%
FarmaPonte,Esgotado,412.0,13,0.0,Grampo para Cabelo Ever You N5 Dourado 50 Unidades,0,0,0,0,0
FarmaPonte,Esgotado,412.0,15,0.0,Maca Peruana Vitalab 60 Cápsulas,0,0,0,0,0
FarmaPonte,Esgotado,412.0,15,0.0,Fórmula Infantil Aptamil Premium 2 800g,0,0,0,0,0
Drogaria São Paulo,Disponível,412.0,13,7896112406464.0,Pressat 5mg Biolab 90 Comprimidos,"235,24","187,99",-20.1%,"187,99",-20.1%
FarmaPonte,Esgotado,411.0,14,0.0,Sombra e Iluminador em Pó 2x1 Bruna Tavares BT Marble Doucrome Glam Copper 5 g,0,0,0,0,0
FarmaPonte,Esgotado,411.0,12,0.0,Vizzela Brow & Lash - Serum Para Cilios E Sobrancelha 3g,0,0,0,0,0
Drogaria São Paulo,Disponível,411.0,12,7891158103285.0,Depakene 50mg/ml Abbott 100ml Xarope,"28,19","26,23",-7.0%,"26,23",-7.0%
FarmaPonte,Esgotado,411.0,13,0.0,Máscara Capilar de Tratamento Dove Bond Intense Repair 250g,0,0,0,0,0
Drogaria São Paulo,Disponível,411.0,13,7896714239712.0,Vertigium 10mg Neo Química 50 Comprimidos,"16,29","13,99",-14.1%,"13,99",-14.1%
Drogaria São Paulo,Disponível,411.0,13,7896094202771.0,Ceci 2mg + 1mg Libbs 28 Comprimidos,"50,03","46,99",-6.1%,"46,99",-6.1%
FarmaPonte,Esgotado,411.0,14,0.0,Gel Fixador Eudora Kids Poder Congelante 100ml,0,0,0,0,0
Drogaria São Paulo,Disponível,410.0,15,7898569763015.0,Olmesartana Medoxomila 20mg Genérico Althaia 30 Comprimidos,"43,82","25,59",-41.6%,"25,59",-41.6%
Drogaria São Paulo,Disponível,410.0,13,7898586631380.0,Timoptol 5mg/ml Mundipharma 5ml Solução Oftálmica,"24,04","20,59",-14.4%,"20,59",-14.4%
FarmaPonte,Esgotado,410.0,13,0.0,Gel Fixador Bozzano Ação Prolongada Mega Forte Fixação 4 Bisnaga 150g,0,0,0,0,0
FarmaPonte,Esgotado,410.0,14,0.0,Condicionador Tresemmé Brilho Lamelar 650ml,0,0,0,0,0
Drogaria São Paulo,Disponível,410.0,13,7896006205081.0,"Primosiston 2mg + 0,01mg União Química 30 Comprimidos","21,08","17,02",-19.3%,"17,02",-19.3%
FarmaPonte,Esgotado,410.0,15,0.0,Spray Finalizador Cicatriliss - Nazca - 110ml,0,0,0,0,0
FarmaPonte,Esgotado,410.0,14,0.0,Pastilha Mentos Morango Acido Zero Açúcar Kiss Sour 55 Unidades,0,0,0,0,0
FarmaPonte,Esgotado,409.0,13,0.0,Adoçante Linea Sucralose 75ml Grátis 25ml,0,0,0,0,0
FarmaPonte,Esgotado,409.0,13,0.0,Esponja Splum Vegetal Pedaço Pequeno Cor Santa Maria,0,0,0,0,0
Drogaria São Paulo,Disponível,409.0,13,7896004708461.0,Piroxicam 20mg Genérico Germed 15 Cápsulas,"30,48","10,49",-65.6%,"10,49",-65.6%
FarmaPonte,Esgotado,409.0,13,0.0,Suplemento Alimentar Líquido Reign Lemon HDZ 473ml,0,0,0,0,0
FarmaPonte,Esgotado,409.0,12,0.0,Kit Aparelho Para Depilar Bic Soleil Lavanda e Eucalipto 3 Unidades + 2 Desodorante Nivea Invisible Black&White 150ml,0,0,0,0,0
Drogaria São Paulo,Disponível,408.0,14,7891268130072.0,Zitromax 500mg Pfizer 2 Comprimidos Revestidos,"45,59","40,46",-11.3%,"40,46",-11.3%
FarmaPonte,Esgotado,408.0,13,0.0,Mari Maria Creamy Matte - Batom Liquido 4ml - Lavish,0,0,0,0,0
FarmaPonte,Esgotado,408.0,14,0.0,Shampoo Seda Recarga Natural Pureza Detox 325ml,0,0,0,0,0
FarmaPonte,Esgotado,407.0,15,0.0,Óleo Essencial de Artemísia Annua 5ml,0,0,0,0,0
FarmaPonte,Esgotado,407.0,14,0.0,Kit Sabonete Em Barra Dove Original 90g 6 Unidades,0,0,0,0,0
FarmaPonte,Esgotado,407.0,13,0.0,Adoçante Líquido Zero-Cal Stévia 80ml,0,0,0,0,0
FarmaPonte,Esgotado,407.0,12,0.0,"Cetobeta 20mg/g + 0,5g/g + 2,5mg/g Cellera 30g Pomada",0,0,0,0,0
FarmaPonte,Esgotado,407.0,14,0.0,Conjunto para Cabelo Soft Kuka Azul 7257,0,0,0,0,0
FarmaPonte,Esgotado,407.0,12,0.0,Shampoo Anticaspa Head & Shoulders Men 3 em 1 200ml,0,0,0,0,0
FarmaPonte,Esgotado,407.0,13,0.0,Chá Verde (Green Tea) 500mg 60 Cápsulas Vegan,0,0,0,0,0
Drogaria São Paulo,Disponível,407.0,15,7896523215747.0,Albendazol 400mg Genérico Cimed 1 Comprimido Mastigável,"8,54","4,17",-51.2%,"4,17",-51.2%
FarmaPonte,Esgotado,407.0,16,0.0,Chocolate Galak ao Leite 90g,0,0,0,0,0
FarmaPonte,Esgotado,407.0,13,0.0,Bala de Gengibre Ever Nutri com Canela 40g,0,0,0,0,0
FarmaPonte,Esgotado,406.0,13,0.0,Espuma De Higiene Intima NUAÁ Menopausa Sem Perfume 150ml,0,0,0,0,0
Drogaria São Paulo,Disponível,406.0,16,7892953208823.0,Reconter 10mg Libbs 60 Comprimidos Revestidos,"188,94","164,33",-13.0%,"164,33",-13.0%
Drogaria São Paulo,Disponível,406.0,15,7894916140348.0,Finasterida 1mg Genérico Legrand 30 Comprimidos Revestidos,"126,30","42,16",-66.6%,"42,16",-66.6%
FarmaPonte,Esgotado,406.0,16,0.0,Óleo De Banana Ever You 30ml,0,0,0,0,0
Drogaria São Paulo,Disponível,406.0,15,7896422507158.0,Bromoprida 10mg Genérico Medley 20 Cápsulas,"25,61","14,74",-42.4%,"14,74",-42.4%
Drogaria São Paulo,Disponível,406.0,15,7896714291895.0,"Atelop 2,5mg Brace Pharma 60 Comprimidos","291,90","265,31",-9.1%,"265,31",-9.1%
FarmaPonte,Esgotado,406.0,12,0.0,Citobê 5000mcg + 100mg + 100mg Momenta Pharma 30 Comprimidos,0,0,0,0,0
Drogaria São Paulo,Disponível,406.0,14,7899095249639.0,"Bimatoprosta 0,3mg/ml Genérico Geolab 3ml Solução Oftálmica","124,68","45,99",-63.1%,"45,99",-63.1%
FarmaPonte,Esgotado,406.0,12,0.0,Unhas Postiças Média Autocolante Quadrada Pintada Absolute New York Magiquick Magic Black 24 Unidades,0,0,0,0,0
FarmaPonte,Esgotado,406.0,16,0.0,Creme para Depilação Gillette Venus com Óleo de Amêndoas 150mL,0,0,0,0,0
FarmaPonte,Esgotado,406.0,14,0.0,Pomada de Hamamelis 5% para Hemorroida 30g,0,0,0,0,0
FarmaPonte,Esgotado,406.0,14,0.0,Kit Pantene Restauração Shampoo 350ml + Condicionador 175ml,0,0,0,0,0
FarmaPonte,Esgotado,406.0,14,0.0,Sabonete Líquido Lux Botanicals Buquê de Jasmim Refil 200ml,0,0,0,0,0
FarmaPonte,Esgotado,406.0,14,0.0,Creme Hidratante Facial Anti-idade L'Oréal Paris Revitalift Laser X3 Diurno 50ml,0,0,0,0,0
Drogaria São Paulo,Disponível,405.0,14,7896181915041.0,"Carvedilol 12,5mg Genérico Biosintética 30 Comprimidos","50,68","18,89",-62.7%,"18,89",-62.7%
Drogaria São Paulo,Disponível,405.0,13,7894916141550.0,Cloridrato de Tramadol 50mg Genérico Legrand 10 Cápsulas,"33,33","12,56",-62.3%,"12,56",-62.3%
Drogaria São Paulo,Disponível,405.0,13,7896112401025.0,Vaslip 20mg Biolab 30 Compromidos Revestidos,"116,12","97,99",-15.6%,"97,99",-15.6%
FarmaPonte,Esgotado,405.0,14,0.0,Kit Shampoo Eudora Siage Hair Plastia 250ml + Condicionado Eudora Siage Hair e Plastia 200ml,0,0,0,0,0
FarmaPonte,Esgotado,405.0,13,0.0,Escova Dental Bitufo Class Soft Extra Macia + Protetor de Cerdas 1 Unidade,0,0,0,0,0
Drogaria São Paulo,Disponível,405.0,14,7896004775654.0,Fixenato 35mg Germed 4 Comprimidos,"61,89","61,89",-,"61,89",-
Drogaria São Paulo,Disponível,405.0,15,7895296393027.0,"Neovlar 0,25mg + 0,05mg União Química 21 Comprimidos","29,95","14,59",-51.3%,"14,59",-51.3%
FarmaPonte,Esgotado,405.0,13,0.0,Hipertonic 50mg/ml Ophthalmos 10ml Solução Oftálmica,0,0,0,0,0
Drogaria São Paulo,Disponível,405.0,13,7896004729442.0,Atorvastatina 40mg Genérico EMS 30 Cápsulas,"164,84","37,59",-77.2%,"37,59",-77.2%
FarmaPonte,Esgotado,404.0,14,0.0,Água Micelar Ever You Rosa Mosqueta 200ml,0,0,0,0,0
FarmaPonte,Esgotado,404.0,14,0.0,Protetor Solar Facial L'Oréal Paris Solar Expertise Antirrugas Com Cor FPS 60 40g,0,0,0,0,0
FarmaPonte,Esgotado,404.0,13,0.0,Protetor Solar Nivea Sun Kids & Babies FPS60 Pele Sensível 125ml,0,0,0,0,0
FarmaPonte,Esgotado,404.0,14,0.0,Mamadeira Mam Easy Active 270ml Cor Neutra 1 Unidade,0,0,0,0,0
Drogaria São Paulo,Disponível,404.0,13,7897076910905.0,Cinarizina 25mg Genérico Ranbaxy Farm  30 Comprimidos,"16,69","12,59",-24.6%,"12,59",-24.6%
FarmaPonte,Esgotado,404.0,14,0.0,LATIKA BB CREAM SPF 44  CLARO 08 30G - LATIKA BB CREAM 08 SPF 44  CLARO 30G,0,0,0,0,0
FarmaPonte,Esgotado,403.0,13,0.0,Snack Mucilon Meu Primeiro Lanchinho Abobrinha 35g,0,0,0,0,0
Drogaria São Paulo,Disponível,403.0,15,7891317191740.0,Escitalopram  20mg/ml Genérico Eurofarma 15ml,"134,94","66,99",-50.4%,"66,99",-50.4%
FarmaPonte,Esgotado,403.0,14,0.0,Uva Passa Escura Pacote com 200g - Brasil Frutt,0,0,0,0,0
FarmaPonte,Esgotado,403.0,14,0.0,Máscara Facial Petit Azul - Tecnident,0,0,0,0,0
Drogaria São Paulo,Disponível,403.0,14,7891268100501.0,Aldactone 25mg Pfizer 30 Comprimidos,"1516,29","670,90",-55.8%,"670,90",-55.8%
FarmaPonte,Esgotado,403.0,14,0.0,Suco de Soja Ades Sabor Pêssego 200ml,0,0,0,0,0
FarmaPonte,Esgotado,403.0,12,0.0,"Dunia 35 2,0 + 0,035mg Melcon 63 Comprimidos",0,0,0,0,0
FarmaPonte,Esgotado,403.0,14,0.0,FSG Mistura para bolo sem gluten 300g - Aminna,0,0,0,0,0
Drogaria São Paulo,Disponível,403.0,14,7899095202412.0,"Clonazepam 2,5mg/ml Genérico Geolab 20ml Gotas","13,53","8,90",-34.2%,"8,90",-34.2%
Drogaria São Paulo,Disponível,402.0,13,7891045031417.0,Desvenlafaxina 100mg Genérico Wyeth 28 Comprimidos,"114,91","75,59",-34.2%,"75,59",-34.2%
Drogaria São Paulo,Disponível,402.0,14,7896112401872.0,Hemitartarato de Zolpidem 10mg Genérico Biolab 30 Comprimidos,"41,49","20,29",-51.1%,"20,29",-51.1%
Drogaria São Paulo,Disponível,402.0,14,7894916507981.0,"Iumi ES 3mg + 0,02mg Libbs 30 Comprimidos Revestidos","118,89","111,59",-6.1%,"111,59",-6.1%
Drogaria São Paulo,Disponível,402.0,13,7898216365135.0,Diazepam 10mg Genérico Pharlab 30 Comprimidos,"20,75","12,99",-37.4%,"12,99",-37.4%
Drogaria São Paulo,Disponível,402.0,13,8902220108721.0,Cloridrato De Donepezila 10mg Genérico Torrent Pharma 30 Comprimidos,"119,48","42,56",-64.4%,"42,56",-64.4%
Drogaria São Paulo,Disponível,402.0,15,7898906376748.0,"Tranquinal 0,5mg Bagó 15 Comprimidos","33,75","33,75",-,"33,75",-
FarmaPonte,Esgotado,402.0,14,0.0,Acetona Beira Alta - 90ml,0,0,0,0,0
Drogaria São Paulo,Disponível,402.0,14,7891268101621.0,Zoltec 150mg Pfizer 1 Cápsulas,"109,72","101,49",-7.5%,"101,49",-7.5%
Drogaria São Paulo,Disponível,402.0,15,7897316802250.0,Colírio Zymar Xd 5mg/ml Allergan 3ml,"63,99","63,99",-,"63,99",-
Drogaria São Paulo,Disponível,402.0,14,7896523202600.0,"Narix 0,5mg/ml Cimed 30ml Solução Nasal","9,94","7,29",-26.7%,"7,29",-26.7%
Drogaria São Paulo,Disponível,402.0,14,7896658025518.0,Zyptan 10mg Zydus 2 Comprimidos,"44,99","44,99",-,"44,99",-
FarmaPonte,Esgotado,402.0,13,0.0,Elástico para Cabelo Ever Care de Tecido Verde 1 Unidade,0,0,0,0,0
Drogaria São Paulo,Disponível,402.0,14,7897595624642.0,Amoxicilina 500mg + Clavulanato de Potássio 125mg Genérico Sandoz 21 Comprimidos,"157,57","65,39",-58.5%,"65,39",-58.5%
FarmaPonte,Esgotado,401.0,14,0.0,Pasta de Dente Colgate OrthoGard Cuidado Ortodôntico 90g,0,0,0,0,0
FarmaPonte,Esgotado,401.0,15,0.0,Spray Retoque De Raiz Koleston Castanho Claro - 100ml,0,0,0,0,0
FarmaPonte,Esgotado,401.0,14,0.0,Creme Depilatório Facial Depi Roll Argan Oil 50g,0,0,0,0,0
FarmaPonte,Esgotado,401.0,13,0.0,Condicionador Elseve Hydra Detox 48h Anticaspa 400ml,0,0,0,0,0
FarmaPonte,Esgotado,401.0,16,0.0,Barra de Proteína Vo2 Protein Bar Integralmedica Chocolate 30g,0,0,0,0,0
FarmaPonte,Esgotado,401.0,13,0.0,Vizzela BB Cream Fps 30 - BB Cream 35g - BBCREAM04,0,0,0,0,0
FarmaPonte,Esgotado,401.0,15,0.0,Isotônico Powerade Fifa World Cup Qatar 2022 Laranja 500ml,0,0,0,0,0
FarmaPonte,Esgotado,401.0,15,0.0,Fralda Pampers Confort Sec XXXG 74 Unidades,0,0,0,0,0
FarmaPonte,Esgotado,401.0,13,0.0,Vizzela Xoxo Fps 20 - Balm Labial 4g - Bitoquinha4g,0,0,0,0,0
FarmaPonte,Esgotado,401.0,14,0.0,Kit Aussie Bye Bye Frizz Shampoo 360ml + Condicionador 180ml,0,0,0,0,0
FarmaPonte,Esgotado,401.0,15,0.0,Bronzeador Australian Gold Spray Gel Clear 237ml,0,0,0,0,0
FarmaPonte,Esgotado,400.0,14,0.0,Bauny Efeito Matte - Base Facial Vegana 27g - Matte Cor 020,0,0,0,0,0
Drogaria São Paulo,Disponível,400.0,12,7898040328191.0,Rosa 10mg Farmoquímica 30 Comprimidos,"22,96","20,99",-8.6%,"20,99",-8.6%
FarmaPonte,Esgotado,400.0,16,0.0,Porta Leite em Pó Bebê Milk Powder Box Triangular Rosa - MAM,0,0,0,0,0
FarmaPonte,Esgotado,400.0,13,0.0,"Protetor Labial Ever You Amora 3,6g",0,0,0,0,0
FarmaPonte,Esgotado,400.0,14,0.0,Kit 3 tratamento de Minoxidil 60ml,0,0,0,0,0
Drogaria São Paulo,Disponível,400.0,14,7896112403111.0,Mecobe 1000mcg Myralis 30 Comprimidos Sublinguais,"98,91","49,90",-49.6%,"49,90",-49.6%
Drogaria São Paulo,Disponível,400.0,13,7894916515917.0,Olmy Hct 40mg + 25mg EMS 30 Comprimidos,"170,63","162,20",-4.9%,"162,20",-4.9%
FarmaPonte,Esgotado,400.0,12,0.0,Granola Super 280g - Alquimya,0,0,0,0,0
FarmaPonte,Esgotado,400.0,14,0.0,Demaquilante Hada Labo Cleasing Oil Gokujyun com Ácido Hialurônico 200ml,0,0,0,0,0
FarmaPonte,Esgotado,400.0,13,0.0,Cílios Postiços Sintético Volumoso Absolute New York Eternity 5D Silk Lash Sapphire 201 Preto 1 Par,0,0,0,0,0
FarmaPonte,Esgotado,400.0,14,0.0,Mamadeira Kuka Aquarela Big Orto Com Alça Rosa 330ml,0,0,0,0,0
FarmaPonte,Esgotado,400.0,15,0.0,Esponja de Maquiagem - Flat Drop Océane Edition,0,0,0,0,0
FarmaPonte,Esgotado,399.0,12,0.0,Máscara Facial Noturna com Melancia - Watermelon Sleep Mask 35ml Océane,0,0,0,0,0
FarmaPonte,Esgotado,399.0,12,0.0,Adoçante Finn Xilintol 65ml,0,0,0,0,0
Drogaria São Paulo,Disponível,399.0,12,7896658049644.0,Atensina 100mg Boehringer 30 Comprimidos,"69,51","60,99",-12.3%,"60,99",-12.3%
Drogaria São Paulo,Disponível,399.0,13,7894916146241.0,Sildenafila 50mg Genérico Legrand 8 Comprimidos Revestidos,"36,35","10,49",-71.1%,"10,49",-71.1%
FarmaPonte,Esgotado,399.0,13,0.0,Esponja de Banho Ponjita 3M Facial,0,0,0,0,0
FarmaPonte,Esgotado,399.0,15,0.0,Batom Líquido Matte Fran by Franciny Ehlke Sensualizani 5 ml,0,0,0,0,0
FarmaPonte,Esgotado,399.0,14,0.0,Retoque de Raiz L'Oréal Paris Spray Instantâneo Magic Retouch Louro Escuro 75ml,0,0,0,0,0
FarmaPonte,Esgotado,399.0,13,0.0,Suco Ades com Soja Sabor Abacaxi 200ml,0,0,0,0,0
FarmaPonte,Esgotado,399.0,14,0.0,Barra de castanhas e sementes Caixa com 12 unidades - NutsBar,0,0,0,0,0
Drogaria São Paulo,Disponível,399.0,15,7896112402435.0,"Targin 5mg + 2,5mg Mundipharma 14 Comprimidos Revestidos","38,41","35,56",-7.4%,"35,56",-7.4%
FarmaPonte,Esgotado,399.0,13,0.0,"Creme Varicell para Varizes, Dores e Pernas Cansadas Pele Normal FQM 150g",0,0,0,0,0
FarmaPonte,Esgotado,399.0,14,0.0,Barra De Proteína Nutrata Whey Grego Dulce De Leche Havanna 40g,0,0,0,0,0
Drogaria São Paulo,Disponível,398.0,15,7896523201665.0,Ibuprofeno 400mg Genérico Cimed 10 Cápsulas Líquidas,"20,66","9,89",-52.1%,"9,89",-52.1%
FarmaPonte,Esgotado,398.0,15,0.0,Algodão Rolete com 100 24gr - Soft Plus,0,0,0,0,0
FarmaPonte,Esgotado,398.0,13,0.0,Gelatina Lowçucar Sabor Maracuja Refil 200G,0,0,0,0,0
FarmaPonte,Esgotado,398.0,14,0.0,Algodão Hidrófilo em Rolo 500 Gramas Nathalya,0,0,0,0,0
FarmaPonte,Esgotado,398.0,13,0.0,"Diane 35 2,0mg + 0,035mg Bayer 21 Drágeas",0,0,0,0,0
FarmaPonte,Esgotado,398.0,15,0.0,Sombra Líquida e Primer 2x1 Bruna Tavares BT Velvet Tangerine 6 ml,0,0,0,0,0
Drogaria São Paulo,Disponível,398.0,14,7895858010362.0,Miosan Caf 10mg + 60mg Apsen 15 Comprimidos,"289,86","189,90",-34.5%,"189,90",-34.5%
FarmaPonte,Esgotado,398.0,15,0.0,Fini Beijos Morango 90g,0,0,0,0,0
FarmaPonte,Esgotado,398.0,14,0.0,Cera Depilatório P/ Pernas a Frio Tradicional - Depi Roll - 240g - Cera Depilatório p/ Pernas A Frio Tradicional - Depi Roll - 240g,0,0,0,0,0
FarmaPonte,Esgotado,398.0,13,0.0,Energético Engov Up Melancia 269ml,0,0,0,0,0
FarmaPonte,Esgotado,398.0,14,0.0,Supermate Gaseificado Desinchá 269ml,0,0,0,0,0
FarmaPonte,Esgotado,398.0,13,0.0,Geleia Capilar Seladora Widi Care Modelando a Juba 300g,0,0,0,0,0
FarmaPonte,Esgotado,397.0,13,0.0,Loção Facial Pós-Barba Bozzano Mentolada Antibac 100ml,0,0,0,0,0
FarmaPonte,Esgotado,397.0,12,0.0,Kit 8 Unid. Refrescos Magro Sabores Variados Zero Açucares 8G,0,0,0,0,0
FarmaPonte,Esgotado,397.0,14,0.0,Protetor Labial Lip Ice Cube Fps 15 Baunilha,0,0,0,0,0
Drogaria São Paulo,Disponível,397.0,14,7898560664021.0,Syntocinon 40UI/ml Mylan 5ml Spray Nasal,"54,51","54,51",-,"54,51",-
Drogaria São Paulo,Disponível,397.0,14,7896422503990.0,Succinato de Desvenlafaxina Monoidratado 50mg Genérico Medley 30 Comprimidos,"131,25","40,14",-69.4%,"40,14",-69.4%
Drogaria São Paulo,Disponível,397.0,13,7896261020450.0,Mitrip 25mg Myralis 30 Comprimidos Revestidos,"34387,19","21999,90",-36.0%,"21999,90",-36.0%
Drogaria São Paulo,Disponível,397.0,12,7897316801239.0,Facoba 5mg/ml + 1mg/ml Legrand Pharma 5ml Solução Oftálmica,"46,13","46,13",-,"46,13",-
FarmaPonte,Esgotado,396.0,14,0.0,Reparador Acquaflora Elixir  60ml,0,0,0,0,0
FarmaPonte,Esgotado,396.0,16,0.0,Barra de Cereais Nutry Avelã com Chocolate 22g,0,0,0,0,0
Drogaria São Paulo,Disponível,396.0,13,7899095257788.0,Tadalafila 5mg Genérico Geolab 30 Comprimidos,"91,07","18,80",-79.4%,"18,80",-79.4%
FarmaPonte,Esgotado,396.0,13,0.0,Condicionador Pantene Hidratação 175ml,0,0,0,0,0
FarmaPonte,Esgotado,396.0,14,0.0,Mascara Para Dormir - Mercur Mascara Para Dormir - Mercur,0,0,0,0,0
Drogaria São Paulo,Disponível,396.0,13,7896714207018.0,"Propionato de Clobetasol 0,5mg/g Genérico Neo Química 30g Pomada","25,82","12,27",-52.5%,"12,27",-52.5%
FarmaPonte,Esgotado,396.0,14,0.0,Bauny Super Size Cor Preto - Máscara Para Cílios Alongados 8g,0,0,0,0,0
Drogaria São Paulo,Disponível,396.0,17,7896004712147.0,"Dexametasona 4,0mg Genérico EMS 10 Comprimdos","15,76","10,99",-30.3%,"10,99",-30.3%
Drogaria São Paulo,Disponível,396.0,15,7891721029646.0,Alginac 1000mg P&G 30 Comprimidos Revestidos,"75,52","69,59",-7.9%,"69,59",-7.9%
FarmaPonte,Esgotado,396.0,13,0.0,Kit Dove Nutrição Shampoo 350ml + Condicionador 175ml,0,0,0,0,0
FarmaPonte,Esgotado,396.0,12,0.0,Kit Gel Dental Infantil Colgate Tandy com Flúor Morangostoso 2 Unidades 50g Cada - Kit Pasta de Dente Gel Infantil Tandy Morangostoso 2 Unidades de 50g,0,0,0,0,0
FarmaPonte,Esgotado,396.0,13,0.0,Suplemento Vitamínico LAVITAN Cálcio + Vitamina D 1.000 UI com 60 Comprimidos Revestidos,0,0,0,0,0
Drogaria São Paulo,Disponível,396.0,14,7896181901150.0,Cloridrato Ciclobenzaprina 5mg Genérico Biosintética 15 Comprimidos,"17,90","5,87",-67.2%,"5,87",-67.2%
FarmaPonte,Esgotado,396.0,13,0.0,Vizzela Hello Brow! Marrom Claro - Gel Para Sobrancelhas 8g,0,0,0,0,0
Drogaria São Paulo,Disponível,396.0,15,7898569762674.0,Ezetimiba 10mg Genérico Althaia 30 Comprimidos,"87,74","36,99",-57.8%,"36,99",-57.8%
FarmaPonte,Esgotado,396.0,14,0.0,Kit Nivea 2 Hidratante Milk Pele Seca e Extraseca 400ml,0,0,0,0,0
Drogaria São Paulo,Disponível,396.0,12,7891317473709.0,Lamotrigina 100mg Genérico Eurofarma 30 Comprimidos,"76,06","31,47",-58.6%,"31,47",-58.6%
Drogaria São Paulo,Disponível,396.0,12,7896255766333.0,Duphaston 10mg Abbott 28 Comprimidos Revestidos,"83,79","62,36",-25.6%,"62,36",-25.6%
Drogaria São Paulo,Disponível,396.0,14,7896004781280.0,Cloridrato de Donepezila 10mg + Cloridrato de Memantina 10mg Genérico EMS 7 Comprimidos Revestidos,"28,81","15,39",-46.6%,"15,39",-46.6%
FarmaPonte,Esgotado,396.0,13,0.0,Shakeira Mundo Verde Aloha 400ml,0,0,0,0,0
FarmaPonte,Esgotado,396.0,14,0.0,Creme Facial Antissinais Nivea Cellular Expert Filler FPS30 Dia 49g,0,0,0,0,0
Drogaria São Paulo,Disponível,396.0,15,7898430193590.0,Vitamina D Dprev 14.000UI Myralis 4 Comprimidos Revestidos,"45,45","36,20",-20.4%,"36,20",-20.4%
FarmaPonte,Esgotado,395.0,13,0.0,Mamadeira Super Evolution com Bico em Látex 150ml 0m+ Lillo,0,0,0,0,0
FarmaPonte,Esgotado,395.0,14,0.0,Gel Secativo Asepxia Diminui a Inflamação das Espinhas 15g,0,0,0,0,0
FarmaPonte,Esgotado,395.0,13,0.0,Máscara Capilar Eudora Siàge Cica Therapy 250g,0,0,0,0,0
FarmaPonte,Esgotado,395.0,13,0.0,Lyrica 25mg Pfizer 14 Cápsulas,0,0,0,0,0
FarmaPonte,Esgotado,395.0,13,0.0,Elástico para Cabelo Ever You Preto 12 Unidades,0,0,0,0,0
FarmaPonte,Esgotado,395.0,14,0.0,Tônico Facial Colágeno Samana Collagen System 150ml - Tônico Face e Olhos Samana Collagen System,0,0,0,0,0
FarmaPonte,Esgotado,395.0,15,0.0,Bamifix 600mg Chiesi 20 Drágeas,0,0,0,0,0
FarmaPonte,Esgotado,395.0,15,0.0,Barra de Nuts Nutry Morango 30g,0,0,0,0,0
Drogaria São Paulo,Disponível,395.0,14,7896226506388.0,Prolopa BD 125mg Roche 30 Comprimidos,"131,38","101,99",-22.4%,"101,99",-22.4%
FarmaPonte,Esgotado,395.0,14,0.0,Gel Lubrificante Íntimo KY Original 50g,0,0,0,0,0
FarmaPonte,Esgotado,395.0,14,0.0,Celestrat 2mg/25mg União Química 120ml Xarope,0,0,0,0,0
FarmaPonte,Esgotado,395.0,15,0.0,"Océane Eyeliner Pen Mariana Saad by Océane Caneta Delineadora 1,8g - RealRoseGold-MarianaSaad",0,0,0,0,0
Drogaria São Paulo,Disponível,395.0,13,7891317411909.0,Percof 6mg/ml Eurofarma 120ml Xarope,"46,63","40,38",-13.4%,"40,38",-13.4%
FarmaPonte,Esgotado,395.0,14,0.0,Vizzela Carimbo e Caneta Delineadora Line e Stamp - 2ml,0,0,0,0,0
FarmaPonte,Esgotado,395.0,15,0.0,Chocolate Ao Leite Lacta Recheio Sonho De Valsa 98g,0,0,0,0,0
Drogaria São Paulo,Disponível,395.0,14,7898430191893.0,Duelle 2mg Zydus 63 Comprimidos,"68,51","34,50",-49.6%,"34,50",-49.6%
FarmaPonte,Esgotado,394.0,13,0.0,Mamadeira Kuka Aquarela com Bico Ortodôntico Azul  250ml 1466,0,0,0,0,0
Drogaria São Paulo,Disponível,394.0,13,7898953165425.0,Haldol 5mg Janssen 20 Comprimidos,"17,43","15,63",-10.3%,"15,63",-10.3%
FarmaPonte,Esgotado,394.0,15,0.0,Beyoung Flex Blender - Esponja Versátil Para Maquiagem,0,0,0,0,0
FarmaPonte,Esgotado,394.0,13,0.0,Curvex Modelador De Cílios Merheje Preto 1 Unidade,0,0,0,0,0
FarmaPonte,Esgotado,394.0,15,0.0,Proteína Vegana True Vegan - Doce de Leite 34g,0,0,0,0,0
FarmaPonte,Esgotado,394.0,13,0.0,Lenços de Limpeza Demaquilantes Nivea 3 EM 1 Ação Refrescante 25 Unidades,0,0,0,0,0
FarmaPonte,Esgotado,394.0,13,0.0,Whey Protein Isolado - 5 Sachês  Sabor Baunilha,0,0,0,0,0
Drogaria São Paulo,Disponível,394.0,14,7897595615022.0,Sinvastacor 20mg Sandoz do Brasil  30 Compirmidos,"114,66","52,73",-54.0%,"52,73",-54.0%
FarmaPonte,Esgotado,394.0,14,0.0,"Sombra Em Bastão Essence Blend & Line 02 Oh My Ruby 1,8g",0,0,0,0,0
Drogaria São Paulo,Disponível,394.0,14,7896714225753.0,"Maleato de Timolol 0,5% Genérico Neo Química 5ml","13,70","11,59",-15.4%,"11,59",-15.4%
Drogaria São Paulo,Disponível,394.0,14,7898040320683.0,"Adoless 0,060mg + 0,015mg Farmoquímica 28 Comprimidos Revestidos","52,65","49,00",-6.9%,"49,00",-6.9%
Drogaria São Paulo,Disponível,394.0,14,7896112123033.0,Cloridrato de Clindamicina 300mg Genérico Teuto 16 Cápsulas Gelatinosas,"98,17","35,69",-63.6%,"35,69",-63.6%
FarmaPonte,Esgotado,394.0,15,0.0,Cera Cremosa Facial Depilsam de Micro-Ondas Maracujá 40G,0,0,0,0,0
FarmaPonte,Esgotado,394.0,14,0.0,Adoçante líquido 200ml - Assugrin,0,0,0,0,0
Drogaria São Paulo,Disponível,394.0,16,7896523227443.0,Tadalafila 20mg Genérico Cimed 4 Comprimidos,"90,81","15,04",-83.4%,"15,04",-83.4%
FarmaPonte,Esgotado,394.0,13,0.0,Suco Integral Villa Piva Uva Tinto com Hortelã 300ml,0,0,0,0,0
FarmaPonte,Esgotado,394.0,12,0.0,Mari Maria Creamy Matte - Batom Liquido 4ml - Classy,0,0,0,0,0
FarmaPonte,Esgotado,393.0,12,0.0,L-CARN 2000 líquida Laranja 480 ML Integralmédica,0,0,0,0,0
FarmaPonte,Esgotado,393.0,12,0.0,Energético Monster Energy 473ml,0,0,0,0,0
Drogaria São Paulo,Disponível,393.0,14,7896714212104.0,Prednisona 20mg Genérico Neo Química 10 comprimidos,"26,17","10,64",-59.3%,"10,64",-59.3%
FarmaPonte,Esgotado,393.0,14,0.0,Óleo Essencial De Alecrim Energizar 10ml Multilaser Saúde - HC123,0,0,0,0,0
Drogaria São Paulo,Disponível,393.0,12,7898569762803.0,Telmisartana 40mg Genérico Althaia 30 Comprimidos,"85,57","69,79",-18.4%,"69,79",-18.4%
FarmaPonte,Esgotado,393.0,15,0.0,Creme Dental Colgate Kids Sem Fluor 50g,0,0,0,0,0
FarmaPonte,Esgotado,393.0,14,0.0,Bombom Garoto Serenata de Amor 16g,0,0,0,0,0
FarmaPonte,Esgotado,393.0,13,0.0,"Diane 35 2mg + 0,035mg Bayer 63 Drágeas",0,0,0,0,0
FarmaPonte,Esgotado,393.0,13,0.0,"Paleta de Sombras - Glam To Go Palette Nádia Tambasco By Océane 9,5g",0,0,0,0,0
Drogaria São Paulo,Disponível,393.0,13,7896637032858.0,Inpruv Dk 7.000UI + 100mcg Apsen 30 Comprimidos,"135,42","107,99",-20.3%,"107,99",-20.3%
FarmaPonte,Esgotado,393.0,12,0.0,Pó Descolorante Azul Aloe Vera E Silicone Amend 300g,0,0,0,0,0
FarmaPonte,Esgotado,393.0,13,0.0,Toalhas Umedecidas Ever Care Adulto 80 Unidades,0,0,0,0,0
Drogaria São Paulo,Disponível,393.0,14,7891268148831.0,"Olmy HTC 40mg + 12,5mg Brace Pharma 30 Comprimidos","191,72","182,20",-5.0%,"182,20",-5.0%
FarmaPonte,Esgotado,393.0,13,0.0,Fórmula Infantil Nestogeno 1 400g,0,0,0,0,0
Drogaria São Paulo,Disponível,393.0,14,7891317016333.0,Bilastina 20mg Genérico Eurofarma 30 Comprimidos,"87,97","51,47",-41.5%,"51,47",-41.5%
Drogaria São Paulo,Disponível,393.0,16,7897595632548.0,Sinvastatina 20mg Genérico Novartis 30 Comprimidos Revestidos,"17,06","13,59",-20.3%,"13,59",-20.3%
FarmaPonte,Esgotado,393.0,13,0.0,Pó Descolorante Ultra Rápido Ervas E Proteínas Refil Yamá - 300g,0,0,0,0,0
FarmaPonte,Esgotado,393.0,16,0.0,Kit Miss Frandy - Cílios Postiços com 3 Pares e Uma Pinça,0,0,0,0,0
FarmaPonte,Esgotado,392.0,13,0.0,Cera Depilatória Cremosa Corporal Depilsam para Microondas Mel Pote 200g,0,0,0,0,0
Drogaria São Paulo,Disponível,392.0,13,7896181918424.0,Pantoprazol 20mg Genérico Biosintética 28 Comprimidos,"37,77","11,38",-69.9%,"11,38",-69.9%
FarmaPonte,Esgotado,392.0,13,0.0,Fórmula Infantil Aptanutri Profutura 3 800g,0,0,0,0,0
FarmaPonte,Esgotado,392.0,14,0.0,Hair Spray Amend Ultra Forte Valorize 400ml,0,0,0,0,0
FarmaPonte,Esgotado,392.0,14,0.0,Chá branco 500mg 120 Cápsulas,0,0,0,0,0
Drogaria São Paulo,Disponível,392.0,15,7896714223841.0,Nimesulida 100mg Genérico Neo Química 12 Comprimidos,"24,68","7,34",-70.3%,"7,34",-70.3%
FarmaPonte,Esgotado,392.0,13,0.0,Chocolate Bel Moranguete 25g,0,0,0,0,0
FarmaPonte,Esgotado,392.0,14,0.0,Kit Lenço Umedecido Ever Baby Camomila 4 Pacotes com 96 Unidades,0,0,0,0,0
Drogaria São Paulo,Disponível,392.0,12,7899095246676.0,Captopril 25mg Genérico Geolab 30 Comprimidos,"12,12","2,47",-79.6%,"2,47",-79.6%
Drogaria São Paulo,Disponível,392.0,14,7899547503913.0,Alopurinol 300mg Genérico Prati 30 Comprimidos,"40,51","24,25",-40.1%,"24,25",-40.1%
Drogaria São Paulo,Disponível,392.0,14,7898040324223.0,Otociriax 2mg/ml + 10mg/ml Farmoquímica 5ml Suspensão Otológica,"52,26","48,59",-7.0%,"48,59",-7.0%
FarmaPonte,Esgotado,391.0,14,0.0,Escova Dental Oral-B Sensitive Indicator Extra Macia 2 Unidades + Fio Dental Satin Floss,0,0,0,0,0
FarmaPonte,Esgotado,391.0,14,0.0,Creme Bed Head After Party Smooth 50ml,0,0,0,0,0
FarmaPonte,Esgotado,391.0,13,0.0,Myrbetric 50mg Astellas 10 Cápsulas,0,0,0,0,0
FarmaPonte,Esgotado,391.0,12,0.0,Snack Mucilon Meu Primeiro Lanchinho Laranja e Banana 35g,0,0,0,0,0
FarmaPonte,Esgotado,391.0,15,0.0,Pasta de Dente Infantil Oral-B Kids Disney Princesas 50g,0,0,0,0,0
FarmaPonte,Esgotado,391.0,15,0.0,Absorvente Interno Intimus® Discreto Super 8 Unidades,0,0,0,0,0
FarmaPonte,Esgotado,391.0,15,0.0,Preservativo Olla Play 6 Unidades,0,0,0,0,0
FarmaPonte,Esgotado,391.0,13,0.0,Sabonete Líquido Dove Baby Hidratação Glicerinada Refil 400ml,0,0,0,0,0
FarmaPonte,Esgotado,391.0,14,0.0,Óleo Capilar Elixir Ceramidas Beautycolor 40ml,0,0,0,0,0
Drogaria São Paulo,Disponível,391.0,15,7896112406044.0,Cronobe Complex 100mg + 100mg + 5mg Biolab 30 Comprimidos,"25,61","19,59",-23.5%,"19,59",-23.5%
FarmaPonte,Esgotado,391.0,12,0.0,Fralda Turma da Mônica Baby XG 42 Unidades,0,0,0,0,0
FarmaPonte,Esgotado,390.0,14,0.0,Óleo Essencial de Capim Limão 10ml - Laszlo,0,0,0,0,0
FarmaPonte,Esgotado,390.0,13,0.0,Bb Cream Clareador Fps44 - Latika - Bege Médio - BB Cream Clareador FPS44 - Latika - Bege Médio,0,0,0,0,0
Drogaria São Paulo,Disponível,390.0,15,7891142981363.0,Predsim 20mg Mantecorp Farmasa 10 Comprimidos Revestidos,"40,42","40,42",-,"40,42",-
FarmaPonte,Esgotado,390.0,15,0.0,Gel Secativo Ever You Pele Mista a Oleosa 20g,0,0,0,0,0
FarmaPonte,Esgotado,390.0,14,0.0,Óleo Corporal Infantil Hidratante Pampers 110ml,0,0,0,0,0
Drogaria São Paulo,Disponível,390.0,15,7896112401698.0,Tantin 50mg Biolab 28 Comprimidos,"905,46","789,90",-12.8%,"789,90",-12.8%
FarmaPonte,Esgotado,390.0,13,0.0,Dermomax 40mg/g Biosintética 5g Creme,0,0,0,0,0
FarmaPonte,Esgotado,390.0,16,0.0,Fórmula Infantil Nestogeno 1 800g,0,0,0,0,0
Drogaria São Paulo,Disponível,390.0,13,7896422515122.0,Adapaleno 1mg/g Genérico Medley 30g Gel,"58,19","24,77",-57.4%,"24,77",-57.4%
FarmaPonte,Esgotado,390.0,14,0.0,Lenço Umedecido Pampers Higiene Completa 48 Unidades,0,0,0,0,0
Drogaria São Paulo,Disponível,390.0,14,7898049796564.0,Maleato De Enalapril 10mg Genérico Vitamedic 30 Comprimidos,"9,03","3,68",-59.2%,"3,68",-59.2%
FarmaPonte,Esgotado,390.0,12,0.0,Absorvente Externo Sempre Livre Adapt Plus Suave 32 Unidades,0,0,0,0,0
FarmaPonte,Esgotado,390.0,14,0.0,Kit Aparelho de Barbear Bic Comfort 3 Pele Sensível 4 Unidades,0,0,0,0,0
Drogaria São Paulo,Disponível,390.0,16,7896523210742.0,Cetoconazol 200mg Genérico Cimed 30 Comprimidos,"89,44","38,84",-56.6%,"38,84",-56.6%
FarmaPonte,Esgotado,390.0,14,0.0,"Cherry 2mg + 0,03mg Melora 21 Comprimidos + 7 Placebos",0,0,0,0,0
FarmaPonte,Esgotado,390.0,14,0.0,Piranha de Cabeli Zalike Acrílico Mini 3 Cores 12 Unidades,0,0,0,0,0
FarmaPonte,Esgotado,390.0,13,0.0,Máscara Cílios 5 em 1 Volume - 6g - Payot - Máscara Payot Cílios 5 em 1 Volume 6g,0,0,0,0,0
FarmaPonte,Esgotado,390.0,15,0.0,Máscara Capilar Tresemmé Brilho Lamelar 400g,0,0,0,0,0
FarmaPonte,Esgotado,390.0,12,0.0,Valda Xilitol 36g,0,0,0,0,0
Drogaria São Paulo,Disponível,389.0,12,7898146825280.0,Fumarato de Quetiapina 25mg Genérico Actavis 30 Comprimidos,"55,26","18,19",-67.1%,"18,19",-67.1%
FarmaPonte,Esgotado,389.0,14,0.0,Perfume Masculino Parfum Brasil Apollo Azure 100ml,0,0,0,0,0
FarmaPonte,Esgotado,389.0,12,0.0,Hair Spray Fixador Cless Charming Extra Forte Black 150ml,0,0,0,0,0
FarmaPonte,Esgotado,389.0,13,0.0,Creme Para Barba de Respeito Beard Calm 30ml,0,0,0,0,0
FarmaPonte,Esgotado,389.0,13,0.0,Tônico Antioxidante Natural C Agradal 200ml,0,0,0,0,0
Drogaria São Paulo,Disponível,389.0,13,7896112121114.0,Hemifumarato de Quetiapina 100mg Genérico Biolab 30 Comprimidos,"144,73","53,54",-63.0%,"53,54",-63.0%
FarmaPonte,Esgotado,389.0,13,0.0,Vastarel Mr 35mg Servier 30 Cápsulas,0,0,0,0,0
FarmaPonte,Esgotado,389.0,15,0.0,Gelatina Capilar Soul Power Modeladora Black Gold Gelatine 400g,0,0,0,0,0
FarmaPonte,Esgotado,389.0,14,0.0,Modelador De Cílios Belliz Preto 616,0,0,0,0,0
FarmaPonte,Esgotado,389.0,14,0.0,"Payot Cor Preto À Prova D'água - Delineador Líquido 2,5ml",0,0,0,0,0
FarmaPonte,Esgotado,389.0,13,0.0,Suco Integral Villa Piva Uva Tinto 300ml,0,0,0,0,0
FarmaPonte,Esgotado,389.0,16,0.0,Barra de Proteína Vo2 Protein Bar Cookies 30g,0,0,0,0,0
FarmaPonte,Esgotado,389.0,14,0.0,Bauny - Bruma Matte 100ml,0,0,0,0,0
FarmaPonte,Esgotado,389.0,13,0.0,Bolsa De Gelo Flexível Média,0,0,0,0,0
FarmaPonte,Esgotado,389.0,14,0.0,Adoçante dietético em pó 120g - Tal e Qual,0,0,0,0,0
FarmaPonte,Esgotado,388.0,13,0.0,Suplemento Alimentar Nutren Protein Chocolate 260ml,0,0,0,0,0
FarmaPonte,Esgotado,388.0,13,0.0,Kit Aparelho De Barbear Descartavel Gillette Prestobarba 3 Sens 4 Unidades,0,0,0,0,0
FarmaPonte,Esgotado,388.0,13,0.0,Kit Adoçante Aritritol 65ml + 65ml,0,0,0,0,0
FarmaPonte,Esgotado,388.0,12,0.0,Máscara De Tratamento Amend Intensiva Complete Repair 300g,0,0,0,0,0
FarmaPonte,Esgotado,388.0,13,0.0,Fórmula Infantil Aptamil AR 800g,0,0,0,0,0
Drogaria São Paulo,Disponível,388.0,13,7897076914057.0,Esomeprazol 20mg Genérico Ranbaxy 28 Comprimidos Revestidos,"134,57","32,46",-75.9%,"32,46",-75.9%
Drogaria São Paulo,Disponível,388.0,13,7891317457211.0,Indosso 150mg Eurofarma 1 Comprimido,"60,16","52,46",-12.8%,"52,46",-12.8%
FarmaPonte,Esgotado,388.0,15,0.0,Catharine Hill - Lápis de Contorno Labial Duna,0,0,0,0,0
Drogaria São Paulo,Disponível,388.0,13,7896422516921.0,Alopurinol 100mg Genérico Medley 30 Cápsulas,"11,50","8,11",-29.5%,"8,11",-29.5%
Drogaria São Paulo,Disponível,388.0,17,7897337706506.0,Singulair 4mg Organon 30 Comprimidos Mastigáveis,"94,53","88,99",-5.9%,"88,99",-5.9%
FarmaPonte,Esgotado,388.0,14,0.0,Bebida Láctea UHT YoPRO Baunilha 15g de proteínas 250ml - Bebida Láctea UHT Baunilha Zero Lactose Yopro Danone 15g Proteínas 250ml,0,0,0,0,0
FarmaPonte,Esgotado,387.0,14,0.0,Chocolate Bis ao Leite Flowpack 126g,0,0,0,0,0
FarmaPonte,Esgotado,387.0,13,0.0,Aparelho de Barbear Gillette Fusion5 + 1 Cartucho,0,0,0,0,0
FarmaPonte,Esgotado,387.0,13,0.0,Bebida Proteica NotCo NotShake Protein 16g de Proteina Panqueca de Banana com Canela 250ml,0,0,0,0,0
FarmaPonte,Esgotado,387.0,15,0.0,Removedor de Esmalte Zulu 90ml,0,0,0,0,0
Drogaria São Paulo,Disponível,387.0,13,7895296096195.0,Rosustatin 20mg Mepha 30 Comprimidos,"173,81","123,99",-28.7%,"123,99",-28.7%
FarmaPonte,Esgotado,387.0,13,0.0,Bolsa De Gelo Flexivel Grande,0,0,0,0,0
Drogaria São Paulo,Disponível,387.0,13,7897322709505.0,Vitamina D Addera D3 10.000UI  Hypera 10 Comprimidos,"120,89","96,71",-20.0%,"96,71",-20.0%
FarmaPonte,Esgotado,387.0,12,0.0,Tônico Capilar Antioleosidade - 60Ml,0,0,0,0,0
Drogaria São Paulo,Disponível,387.0,15,7896382703331.0,Insulina Humulin R 100UI/mL Eli Lilly Refil Para Caneta 2 Unidades 3ml,"138,52","101,47",-26.7%,"101,47",-26.7%
FarmaPonte,Esgotado,387.0,14,0.0,Espuma Cremosa de Limpeza Vita Derm Cleanser,0,0,0,0,0
FarmaPonte,Esgotado,387.0,13,0.0,Mari Maria Creamy Matte - Batom Liquido 4ml - Fancy,0,0,0,0,0
FarmaPonte,Esgotado,386.0,14,0.0,Massageador Roller Pro Acte T222,0,0,0,0,0
Drogaria São Paulo,Disponível,386.0,13,7899420501715.0,Maxalt 10mg Supera 2 Comprimidos,"109,99","109,99",-,"109,99",-
FarmaPonte,Esgotado,386.0,13,0.0,Elástico para Cabelo Ever You Preto 8 Unidades,0,0,0,0,0
FarmaPonte,Esgotado,386.0,16,0.0,Esponja de Banho Ponjita 3M Kids As Princesas,0,0,0,0,0
Drogaria São Paulo,Disponível,386.0,12,7896023743009.0,Inspra 50mg Upjohn Brasil 30 Comprimidos Revestidos,"24,67","24,42",-1.0%,"24,42",-1.0%
FarmaPonte,Esgotado,386.0,13,0.0,Escova Interdental Soft Picks GUM Original 40 Unidades,0,0,0,0,0
FarmaPonte,Esgotado,386.0,14,0.0,Desin Apple Cider 10sch 30g,0,0,0,0,0
FarmaPonte,Esgotado,386.0,13,0.0,Wafer sabor Chocolate 140g - Bauducco,0,0,0,0,0
FarmaPonte,Esgotado,386.0,16,0.0,Algodão Em Discos Dupla Face Cremer 100 Unidades,0,0,0,0,0
FarmaPonte,Esgotado,386.0,14,0.0,Escova de Cabelo Ever You Modelo Oval de Madeira para Bolsa 1 Unidade,0,0,0,0,0
FarmaPonte,Esgotado,386.0,14,0.0,Tônico Capilar Love Beauty and Planet Crescimento Saudável 120 ml,0,0,0,0,0
FarmaPonte,Esgotado,386.0,12,0.0,Bebida de Castanha de Caju e Pará A Tal da Castanha 1l,0,0,0,0,0
FarmaPonte,Esgotado,386.0,15,0.0,Océane Mariana Saad Ms 15 - Pincel Para Marcação do Côncavo,0,0,0,0,0
FarmaPonte,Esgotado,386.0,12,0.0,Pomada para Prevenção de Assaduras Dermodex Prevent 60g,0,0,0,0,0
FarmaPonte,Esgotado,386.0,15,0.0,Absorvente Always Noites Tranquilas Tamanho XG Cobertura Suave 26 Unidades,0,0,0,0,0
FarmaPonte,Esgotado,385.0,14,0.0,Desincha Moro Laranja Hibiscus Desinchá 30sch 45g,0,0,0,0,0
Drogaria São Paulo,Disponível,385.0,16,7897851220779.0,"Divelol 25,0mg Baldacci 60 Comprimidos","77,69","70,55",-9.2%,"70,55",-9.2%
Drogaria São Paulo,Disponível,385.0,13,7897705203224.0,Insulina Novolin R 100UI/ml Novo Nordisk 10ml Ampola,"67,36","57,59",-14.5%,"57,59",-14.5%
Drogaria São Paulo,Disponível,385.0,13,7898040321512.0,Annita 500mg Farmoquímica 6 comprimidos,"80,34","63,99",-20.4%,"63,99",-20.4%
FarmaPonte,Esgotado,385.0,14,0.0,Isotônico Sorox Bebida Hidratante Tangerina 8 Íons Zero Açucar 550ml,0,0,0,0,0
Drogaria São Paulo,Disponível,385.0,14,7897076912312.0,Cloridrato De Nortriptilina 75mg Genérico Ranbaxy 30 Cápsulas,"79,70","56,99",-28.5%,"56,99",-28.5%
Drogaria São Paulo,Disponível,385.0,14,4030729003767.0,Vimpat 50mg UCB Biopharma 14 comprimidos revestidos,"92,64","64,85",-30.0%,"64,85",-30.0%
FarmaPonte,Esgotado,385.0,16,0.0,Tracta HD Ultrafino - Pó Compacto 9g - Dark-129g,0,0,0,0,0
FarmaPonte,Esgotado,385.0,14,0.0,Suco Del Valle Mais Pêssego 290ml,0,0,0,0,0
FarmaPonte,Esgotado,385.0,13,0.0,Máscara De Tratamento Love Beauty And Planet Smooth And Serene 190g,0,0,0,0,0
FarmaPonte,Esgotado,385.0,12,0.0,Tônico Equilibrante Pele Mista a Oleosa Higiporo 120ml - Davene,0,0,0,0,0
FarmaPonte,Esgotado,385.0,13,0.0,Fórmula Infantil Aptamil Profutura 1 400g,0,0,0,0,0
FarmaPonte,Esgotado,385.0,17,0.0,Formocresol 10ml - Maquira,0,0,0,0,0
Drogaria São Paulo,Disponível,384.0,12,7895296211185.0,Cloridrato De Sibutramina Monoidratado 15mg Genérico Nova Química 30 Cápsulas,"30,99","30,99",-,"30,99",-
FarmaPonte,Esgotado,384.0,13,0.0,Suplemento Alimentar Líquido Reign Melon Mania 473ml,0,0,0,0,0
FarmaPonte,Esgotado,384.0,14,0.0,Barra De Proteína Black Skull Brownie De Chocolate 45g,0,0,0,0,0
FarmaPonte,Esgotado,384.0,12,0.0,Barra de Proteína Bold Thin Cookies & Cream 40g,0,0,0,0,0
Drogaria São Paulo,Disponível,384.0,14,7896523226323.0,Pantoprazol 40mg Genérico Cimed 42 Comprimidos,"139,88","13,99",-90.0%,"13,99",-90.0%
FarmaPonte,Esgotado,384.0,12,0.0,Trifamox IBL BD 200/50mg Bago  30ml,0,0,0,0,0
FarmaPonte,Esgotado,384.0,13,0.0,Chá de Limão Nutren Fresh 200ml,0,0,0,0,0
FarmaPonte,Esgotado,384.0,13,0.0,Escova de Dente Colgate Slim Soft 4 unidades,0,0,0,0,0
FarmaPonte,Esgotado,384.0,16,0.0,Óleo em Gel Capilar Seda Boom Volumão Power 200ml,0,0,0,0,0
Drogaria São Paulo,Disponível,384.0,14,7896241221853.0,Ablok 25mg Biolab 30 Comprimidos,"15,85","12,99",-18.0%,"12,99",-18.0%
FarmaPonte,Esgotado,384.0,12,0.0,Catharine Hill Angel Wings by Pri Lessa  - Base Alta Cobertura  40ml - A1,0,0,0,0,0
FarmaPonte,Esgotado,384.0,13,0.0,Máscara de Tratamento Dove Ritual de Crescimento em 1 Minuto 500g,0,0,0,0,0
FarmaPonte,Esgotado,384.0,13,0.0,Kit  Olhos Descansados - Massageador Para Olhos de Quartzo + Máscara Para Olhos de Pepino + Máscaras Para Olhos com Hydrogel (3 Produtos) Océane,0,0,0,0,0
FarmaPonte,Esgotado,384.0,16,0.0,Branco de Espanha - Asfer - 1000g (Cód. 25.0009),0,0,0,0,0
FarmaPonte,Esgotado,384.0,14,0.0,Tônico Revitalizante Payot Vitamina C 220ml,0,0,0,0,0
FarmaPonte,Esgotado,384.0,14,0.0,Bebida Láctea Uht Piracanjuba Whey Morango Zero Lactose 250ml,0,0,0,0,0
Drogaria São Paulo,Disponível,384.0,14,7891268105919.0,Viagra 50mg Pfizer 1 Comprimido,"36,58","36,58",-,"36,58",-
Drogaria São Paulo,Disponível,383.0,13,7896658004704.0,Infralax 300mg + 30mg + 125mg + 50mg EMS 15 comprimidos,"20,18","16,99",-15.8%,"16,99",-15.8%
Drogaria São Paulo,Disponível,383.0,13,7898505095521.0,Conduvaz 450mg + 50mg Mabra 60 Comprimidos,"193,02","101,97",-47.2%,"101,97",-47.2%
Drogaria São Paulo,Disponível,383.0,16,7896226103037.0,"Concor 2,5mg Merck 30 Comprimidos Revestidos","256,10","211,85",-17.3%,"211,85",-17.3%
FarmaPonte,Esgotado,383.0,13,0.0,"Lápis Delineador Coral Larissa Manoela By Océane - Colorful Eyeliner Lollipop 1,2g",0,0,0,0,0
Drogaria São Paulo,Disponível,383.0,17,7896714263137.0,Paracetamol 500mg + Fosfato de Codeína 30mg Genérico Neo Química 12 Comprimidos,"22,38","17,99",-19.6%,"17,99",-19.6%
FarmaPonte,Esgotado,383.0,15,0.0,Nutridrink Protein Sabor Morango Danone 200ml,0,0,0,0,0
FarmaPonte,Esgotado,383.0,14,0.0,Creme para Pentear Johnson's Baby Cachos dos Sonhos 200ml,0,0,0,0,0
FarmaPonte,Esgotado,383.0,15,0.0,Fralda Babysec Ultrasec Galinha Pintadinha G 64 Unidades,0,0,0,0,0
FarmaPonte,Esgotado,383.0,13,0.0,Biscoito Passatempo Cookie Chocolate 130g,0,0,0,0,0
Drogaria São Paulo,Disponível,383.0,14,7894916149037.0,Desogestrel 75mcg Genérico Legrand 28 Comprimidos Revestidos,"35,39","16,99",-52.0%,"16,99",-52.0%
FarmaPonte,Esgotado,383.0,14,0.0,Base Líquida Natural Eudora Niina Secrets Hidra Glow 100 30 ml,0,0,0,0,0
Drogaria São Paulo,Disponível,383.0,12,7894916502863.0,"Imovane 7,5mg Sanofi 20 Comprimidos","64,81","64,59",-0.3%,"64,59",-0.3%
Drogaria São Paulo,Disponível,383.0,14,7894916146111.0,Cloridrato de Hidroxizina 25mg Genérico Legrand 30 Comprimidos,"39,51","37,32",-5.5%,"37,32",-5.5%
Drogaria São Paulo,Disponível,383.0,12,7896658022203.0,Manivasc 10mg Chiesi 14 Comprimidos,"66,33","63,89",-3.7%,"63,89",-3.7%
Drogaria São Paulo,Disponível,383.0,14,7896226103037.0,Magnen B6 Marjan 30 Comprimidos Revestidos,"256,10","211,85",-17.3%,"211,85",-17.3%
FarmaPonte,Esgotado,383.0,13,0.0,Escova para Limpar Mamadeiras 2 em 1 First Moments Rosa Fisher Price - BB1061,0,0,0,0,0
FarmaPonte,Esgotado,383.0,15,0.0,Fita Dental Com Cabo Ever Care 50 Unidades,0,0,0,0,0
Drogaria São Paulo,Disponível,383.0,14,7896658018954.0,"Desloratadina 0,5mg/ml Genérico Aché 60ml Xarope + Seringa Dosadoura","42,95","27,59",-35.8%,"27,59",-35.8%
Drogaria São Paulo,Disponível,383.0,12,5702191026641.0,"Protopic 0,3mg/g Leo Pharma 10g Pomada","123,74","97,52",-21.2%,"97,52",-21.2%
FarmaPonte,Esgotado,382.0,12,0.0,"Esperson 2,5mg/g Sanofi 20g Pomada",0,0,0,0,0
FarmaPonte,Esgotado,382.0,15,0.0,Óleo Essencial de Laranja Amarga 10ml – Terra Flor,0,0,0,0,0
FarmaPonte,Esgotado,382.0,14,0.0,Colírio Loteprol 5mg/ml Bausch 5ml,0,0,0,0,0
FarmaPonte,Esgotado,382.0,13,0.0,Água Micelar Nivea Solução de Limpeza 6 em 1 200ml,0,0,0,0,0
FarmaPonte,Esgotado,382.0,12,0.0,Kit 2 Bicos Para Mamadeira Smart Flow 6m+ Fluxo Médio - NUK,0,0,0,0,0
Drogaria São Paulo,Disponível,382.0,13,7898328480498.0,Synthroid 137mg Abbott 30 Comprimidos,"10838,98","8799,90",-18.8%,"8799,90",-18.8%
Drogaria São Paulo,Disponível,382.0,13,7896112171416.0,Risperidona 2mg Genérico Teuto 30 Comprimidos Revestidos,"44,17","19,69",-55.4%,"19,69",-55.4%
Drogaria São Paulo,Disponível,382.0,14,7896658049149.0,Hizofito 150mg Quesalon 30 Comprimidos,"116,68","91,07",-21.9%,"91,07",-21.9%
Drogaria São Paulo,Disponível,382.0,15,7897076922885.0,"Cloridrato de Olopatadina 2mg/ml Genérico Ranbaxy 2,5ml 1 Frasco","46,85","36,74",-21.6%,"36,74",-21.6%
FarmaPonte,Esgotado,382.0,15,0.0,Absorvente Interno OB Super ProComfort 16 Unidades,0,0,0,0,0
FarmaPonte,Esgotado,381.0,15,0.0,Isotônico Powerade Mountain Blast 500ml,0,0,0,0,0
FarmaPonte,Esgotado,381.0,14,0.0,Gel para Massagem Suave Penetro 30g,0,0,0,0,0
FarmaPonte,Esgotado,381.0,15,0.0,Complemento Alimentar Sustagen Kids Sabor Morango 350g,0,0,0,0,0
FarmaPonte,Esgotado,381.0,13,0.0,Cílios Postiços Curto Absolute New York Istabeauty Garnet 304 Preto 1 Par,0,0,0,0,0
Drogaria São Paulo,Disponível,381.0,14,7895296383011.0,Hemifumarato De Quetiapina 25mg Genérico Nova Química 30 Comprimidos,"20,99","20,99",-,"20,99",-
FarmaPonte,Esgotado,381.0,14,0.0,Lenço Umedecido Baby Lavanda Ever Care 96 Unidades,0,0,0,0,0
FarmaPonte,Esgotado,381.0,13,0.0,Composto Lácteo Ninho Fases 3+ 400g,0,0,0,0,0
Drogaria São Paulo,Disponível,381.0,14,7897076911810.0,Oxcarbazepina 300mg Genérico Ranbaxy Farm 20 Comprimidos,"30,15","26,22",-13.0%,"26,22",-13.0%
FarmaPonte,Esgotado,381.0,14,0.0,Kit Elseve Glycolic Gloss Shampoo 375ml + Condicionador 170ml,0,0,0,0,0
FarmaPonte,Esgotado,381.0,14,0.0,Condicionador Pantene Bambu 150ml,0,0,0,0,0
FarmaPonte,Esgotado,381.0,16,0.0,Condicionador Pantene Bambu 250ml,0,0,0,0,0
FarmaPonte,Esgotado,381.0,14,0.0,"Lip Balm Hidratante Fran By Franciny Ehlke Stick Tint Pink 6,3 g",0,0,0,0,0
FarmaPonte,Esgotado,381.0,13,0.0,Lápis Para Olhos Maybelline Color Sensational Preto 1 Unidade,0,0,0,0,0
FarmaPonte,Esgotado,381.0,13,0.0,"Hidratante Labial Nivea Mickey e Amigos Minnie Original 4,8g",0,0,0,0,0
FarmaPonte,Esgotado,381.0,13,0.0,"Batom Líquido Matte Essence 8h Matte 03 Soft Beige 2,5ml",0,0,0,0,0
FarmaPonte,Esgotado,381.0,15,0.0,Óleo Essencial Puro Ever Home Lavanda 10ml,0,0,0,0,0
Drogaria São Paulo,Disponível,381.0,15,7898687735505.0,Enjovix Flash 8mg Althaia 10 Comprimidos Orodispersiveis Menta,"38,29","35,63",-6.9%,"35,63",-6.9%
FarmaPonte,Esgotado,381.0,15,0.0,Gel De Barbear H2O Evolution Homem 100g,0,0,0,0,0
Drogaria São Paulo,Disponível,381.0,13,7895296377010.0,Paracetamol 500mg + Fosfato de Codeína 30mg Genérico Mepha 24 Comprimidos,"45,62","31,49",-31.0%,"31,49",-31.0%
FarmaPonte,Esgotado,381.0,13,0.0,Gel Lubrificante Vaginal Vagisil 100g,0,0,0,0,0
FarmaPonte,Esgotado,381.0,14,0.0,Loção Autobronzeador Anasol Bronze - 150g,0,0,0,0,0
FarmaPonte,Esgotado,381.0,13,0.0,Pipoca Caramelo com Flor de Sal Mundo Verde 75g,0,0,0,0,0
FarmaPonte,Esgotado,381.0,14,0.0,Kit Protetor Solar Australian Gold - Protetor Facial FPS 50 50 g + Protetor Corporal Gel Creme FPS 50 200 g,0,0,0,0,0
FarmaPonte,Esgotado,381.0,14,0.0,Água Micelar Facial Demaquilante Purificante Etat Pur Pure Skin Care 200 ml,0,0,0,0,0
Drogaria São Paulo,Disponível,380.0,13,7896004763576.0,Sulfato de Hidroxicloroquina 400mg Genérico EMS 30 Comprimidos,"95,19","62,99",-33.8%,"62,99",-33.8%
FarmaPonte,Esgotado,380.0,13,0.0,Mel Florada Silvestre Ever Nutri 40g,0,0,0,0,0
FarmaPonte,Esgotado,380.0,13,0.0,Absorvente Always Noturno Tamanho G Seca 32 Unidades,0,0,0,0,0
Drogaria São Paulo,Disponível,380.0,13,7895296034029.0,Ácido Fusídico 20mg + Valerato Betametasona 1mg Genérico Nova Química 15g Bisnaga,"64,91","47,99",-26.1%,"47,99",-26.1%
FarmaPonte,Esgotado,380.0,13,0.0,Leave-in Redken Extreme Length 150 ml,0,0,0,0,0
FarmaPonte,Esgotado,380.0,13,0.0,Kit Dove Hidratação Intensa com Infusão de Oxigênio Shampoo 400ml + Condicionador 400ml,0,0,0,0,0
Drogaria São Paulo,Disponível,380.0,14,7896261020450.0,Mitrip 25mg Myralis 60 Comprimidos Revestidos,"34387,19","21999,90",-36.0%,"21999,90",-36.0%
FarmaPonte,Esgotado,380.0,12,0.0,Fio Dental 500M - Hillo,0,0,0,0,0
Drogaria São Paulo,Disponível,380.0,16,7898906376434.0,Tiorfan 10mg Bagó 18 Sachês de 1g,"61,49","53,99",-12.2%,"53,99",-12.2%
FarmaPonte,Esgotado,380.0,14,0.0,Hiperico 100mg Herbarium 45 Cápsulas,0,0,0,0,0
FarmaPonte,Esgotado,380.0,13,0.0,Kit 4 Recipientes Para Leite Materno Infanti Azul,0,0,0,0,0
Drogaria São Paulo,Disponível,380.0,14,7896269901379.0,Zovirax 50mg/g GSK 10g Creme,"72,29","62,86",-13.0%,"62,86",-13.0%
FarmaPonte,Esgotado,380.0,13,0.0,"Bauny Cor Preto - Lápis Delineador para Sobrancelhas 1,10g",0,0,0,0,0
FarmaPonte,Esgotado,380.0,14,0.0,Kit Vult Cabelos Shampoo + Condicionador Hidratação 200ml Cada,0,0,0,0,0
FarmaPonte,Esgotado,380.0,13,0.0,Mamadeira Super Evolution com Bico em Látex 300ml 0m+ Lillo,0,0,0,0,0
Drogaria São Paulo,Disponível,380.0,13,7896255766777.0,Creon 10000UI Abbott 30 Cápsulas,"90,41","84,14",-6.9%,"84,14",-6.9%
FarmaPonte,Esgotado,380.0,13,0.0,Bala De Gelatina Fini Sortida Minhocas Azedinhas 90g,0,0,0,0,0
FarmaPonte,Esgotado,380.0,12,0.0,Leave-In Reparador E Termoprotetor Com Filtro Solar Total Repair Gaboni 200ml,0,0,0,0,0
FarmaPonte,Esgotado,380.0,13,0.0,Kit Johnson's Baby Sabonete Líquido de Glicerina + Shampoo 200ml,0,0,0,0,0
FarmaPonte,Esgotado,380.0,13,0.0,Energético Red Bull Drink 473ml,0,0,0,0,0
FarmaPonte,Esgotado,380.0,13,0.0,Sabonete Líquido de Glicerina Johnson's Baby da Cabeça aos Pés Refil 380ml,0,0,0,0,0
FarmaPonte,Esgotado,379.0,12,0.0,Hyaxel Peeling Natural e Hidratação 30g,0,0,0,0,0
Drogaria São Paulo,Disponível,379.0,15,7896004705873.0,Retemic 5mg Apsen 30 Comprimidos,"25,84","7,61",-70.5%,"7,61",-70.5%
FarmaPonte,Esgotado,379.0,14,0.0,Lata de coração para presente Lindt Lindor Chocolate Ao Leite 50g com 4 unidades,0,0,0,0,0
FarmaPonte,Esgotado,379.0,12,0.0,Naxogin 500 mg Pfizer 10 Comprimidos,0,0,0,0,0
Drogaria São Paulo,Disponível,379.0,14,7895296211352.0,Omeprazol 40mg Genérico Mepha 28 Comprimidos,"143,73","59,84",-58.4%,"59,84",-58.4%
FarmaPonte,Esgotado,379.0,15,0.0,Kit Máscara Facial de Melancia + Máscara Para Área Dos Olhos de Melancia (2 Produtos) Océane,0,0,0,0,0
Drogaria São Paulo,Disponível,379.0,15,7898216360659.0,Gliclazida 30mg Genérico Pharlab 30 Comprimidos,"104,50","55,59",-46.8%,"55,59",-46.8%
FarmaPonte,Esgotado,379.0,14,0.0,Leave-in Água de Aloe Magic Beauty Hydra Hero 120 ml,0,0,0,0,0
FarmaPonte,Esgotado,379.0,12,0.0,Absorvente Always Noturno Tamanho XG Suave 8 Unidades,0,0,0,0,0
FarmaPonte,Esgotado,379.0,14,0.0,Mamadeira Clássica Philips Avent 125ml,0,0,0,0,0
FarmaPonte,Esgotado,379.0,12,0.0,Creme Hidratante em Gel Facial Nívea Aqua Rose 50ml,0,0,0,0,0
Drogaria São Paulo,Disponível,379.0,13,7891721202711.0,Levotiroxina Sódica 150mcg Genérico Merck S/A 30 Comprimidos,"16,59","15,34",-7.5%,"15,34",-7.5%
FarmaPonte,Esgotado,379.0,15,0.0,Protetor Solar Facial Sunless FPS50 Toque Seco Cor Bege Claro 60g,0,0,0,0,0
FarmaPonte,Esgotado,379.0,14,0.0,Catharine Hill - Lápis Delineador de Olhos Branco,0,0,0,0,0
FarmaPonte,Esgotado,379.0,13,0.0,Protetor Solar Facial com Cor Pink Cheeks Pro Stick FPS 96 FPUVA 43 Pro20 14 g,0,0,0,0,0
FarmaPonte,Esgotado,379.0,13,0.0,Lubrificante Maqspray Alta e Baixa 100ml - Maquira - Lubrificante Maqspray Alta E Baixa 100 Ml Maquira,0,0,0,0,0
FarmaPonte,Esgotado,379.0,14,0.0,"Chá Mamãe Weleda 22,5g",0,0,0,0,0
FarmaPonte,Esgotado,379.0,12,0.0,Neozine 4% Sanofi Aventis 20ml,0,0,0,0,0
Drogaria São Paulo,Disponível,379.0,14,7896658016653.0,Biovarixon 900mg Vitamedic 30 Comprimidos Revestidos,"51,91","47,81",-7.9%,"47,81",-7.9%
Drogaria São Paulo,Disponível,379.0,13,7895296053044.0,Dicloridrato de Hidroxizina 25mg Genérico Nova Química 30 Comprimidos,"39,51","36,99",-6.4%,"36,99",-6.4%
FarmaPonte,Esgotado,379.0,13,0.0,Bb Cream Clareador Fps44 - Latika - Bege Claro - BB Cream Clareador FPS44 - Latika - Bege Claro,0,0,0,0,0
FarmaPonte,Esgotado,378.0,15,0.0,Fini Tubes Morango Brilho 80g,0,0,0,0,0
Drogaria São Paulo,Disponível,378.0,14,7897076910974.0,Cloridrato de Fexofenadina 180mg Genérico Ranbaxy 10 Comprimidos,"83,09","15,73",-81.1%,"15,73",-81.1%
FarmaPonte,Esgotado,378.0,14,0.0,Analgésico Tylenol Sinus 36 Comprimidos,0,0,0,0,0
FarmaPonte,Esgotado,378.0,13,0.0,Adoçante Em Gotas Finn Stévia e Taumatina 65ml,0,0,0,0,0
Drogaria São Paulo,Disponível,378.0,12,7891158000898.0,Valerimed 50mg Cimed 20 Comprimidos Revestidos,"108,51","100,97",-6.9%,"100,97",-6.9%
FarmaPonte,Esgotado,378.0,13,0.0,Escova de Dente Oral-B Carvão Sensitive Indicator Black 35 Suave e Macia 7 Unidades,0,0,0,0,0
Drogaria São Paulo,Disponível,378.0,14,7896015520298.0,"Clavulin 250mg + 62,5mg/5ml GSK 100ml Suspensão Oral","135,96","125,43",-7.7%,"125,43",-7.7%
FarmaPonte,Esgotado,378.0,14,0.0,Cristal Líquido Selador de Pontas Queravit - Bio Extratus - 60ml,0,0,0,0,0
FarmaPonte,Esgotado,377.0,13,0.0,Bauny - Lapiseira Retrátil para Olhos 350mg - Preto,0,0,0,0,0
FarmaPonte,Esgotado,377.0,14,0.0,Ômega 3 Mais 4800mg Lavitan 90 Cápsulas Gelatinosas,0,0,0,0,0
FarmaPonte,Esgotado,377.0,13,0.0,Agua Destilada P/Autoclave 1L Cpoh Agua Destilada P/Autoclave 1L,0,0,0,0,0
Drogaria São Paulo,Disponível,377.0,14,7891142165770.0,Macrodantina 100mg Cosmed 28 Cápsulas,"17,23","15,87",-7.9%,"15,87",-7.9%
FarmaPonte,Esgotado,377.0,13,0.0,Mari Maria Creamy Matte - Batom Liquido 4ml - Gala,0,0,0,0,0
Drogaria São Paulo,Disponível,377.0,15,7894916149181.0,Gliclazida 60mg Genérico Legrand 30 Comprimidos,"64,12","38,99",-39.2%,"38,99",-39.2%
FarmaPonte,Esgotado,377.0,14,0.0,"BLUZ LAPIS DELINEADOR DE OLHOS FLY 1,2G PRETO",0,0,0,0,0
FarmaPonte,Esgotado,377.0,14,0.0,Cocada Ever Nutri 15g,0,0,0,0,0
FarmaPonte,Esgotado,377.0,13,0.0,Bolsa Térmica Gel Ever Care Quente e Frio 500ml,0,0,0,0,0
FarmaPonte,Esgotado,377.0,13,0.0,Aparelho Depilatório Bic Soleil Naturals 2 Unidades,0,0,0,0,0
FarmaPonte,Esgotado,377.0,13,0.0,Ampola para Cabelos Reparação dos Fios e Nutrição Bacuri e Patauá Phytoervas 3/15ml,0,0,0,0,0
FarmaPonte,Esgotado,377.0,13,0.0,Braè Essential - Finalizador Capilar 60ml,0,0,0,0,0
FarmaPonte,Esgotado,377.0,14,0.0,Sabonete Líquido da Cabeça aos Pés Baby Dove Hidratação Enriquecida 400ml,0,0,0,0,0
Drogaria São Paulo,Disponível,377.0,14,7897851220762.0,"Divelol 12,5mg Baldacci 60 Comprimidos","58,27","53,89",-7.5%,"53,89",-7.5%
FarmaPonte,Esgotado,377.0,13,0.0,Condicionador Pantene Liso Extremo 400ml,0,0,0,0,0
FarmaPonte,Esgotado,377.0,14,0.0,Energético Juice Monster Pipeline Punch 473ml,0,0,0,0,0
Drogaria São Paulo,Disponível,377.0,12,7896261023185.0,"Iumi 3mg + 0,02mg Libbs 24 Comprimidos Revestidos","28584,59","18699,90",-34.6%,"18699,90",-34.6%
FarmaPonte,Esgotado,377.0,14,0.0,Cereal Infantil Multicereais Mucilon 600g,0,0,0,0,0
Drogaria São Paulo,Disponível,377.0,13,7898569762742.0,"Acetato de Clormadinona 2mg + Etinilestradiol 0,03mg Genérico Althaia 21 Comprimidos","39,12","23,59",-39.7%,"23,59",-39.7%
FarmaPonte,Esgotado,376.0,14,0.0,Sabonete Sulfuroso Granado 90g - Sabonete Em Barra Granado Sulfuroso 90g,0,0,0,0,0
Drogaria São Paulo,Disponível,376.0,15,7895296213059.0,Cloridrato de Bupropiona 150mg Genérico Nova Química 60 Comprimidos,"222,02","83,99",-62.2%,"83,99",-62.2%
FarmaPonte,Esgotado,376.0,14,0.0,"Colírio Maxiflox 3,5mg/ml Latinofarma 5ml",0,0,0,0,0
Drogaria São Paulo,Disponível,376.0,14,7898216362837.0,Dphar 50.000UI Pharlab 4 Cápsulas Moles,"74,63","73,88",-1.0%,"73,88",-1.0%
Drogaria São Paulo,Disponível,376.0,13,7898560666957.0,Zeforus 80mg Pfizer 2 Comprimidos Revestidos,"46,88","42,56",-9.2%,"42,56",-9.2%
FarmaPonte,Esgotado,376.0,12,0.0,Pasta de Dente Oral-B Detox Proteção Completa 102g,0,0,0,0,0
Drogaria São Paulo,Disponível,376.0,15,7896714212098.0,Prednisona 20mg Genérico Neo Química 20 Comprimidos,"49,70","26,99",-45.7%,"26,99",-45.7%
FarmaPonte,Esgotado,376.0,14,0.0,Haldol 2mg/ml Janssen 30ml Gotas Uso Oral,0,0,0,0,0
Drogaria São Paulo,Disponível,376.0,13,7898700412260.0,Atenolol 50mg Genérico Vitamedic 30 Comprimidos,"23,68","10,59",-55.3%,"10,59",-55.3%
Drogaria São Paulo,Disponível,376.0,13,7896004711799.0,Fluoxetina 20mg Genérico Germed 30 Comprimidos Revestidos,"25,99","25,99",-,"25,99",-
FarmaPonte,Esgotado,376.0,15,0.0,Brinco Studex Baby Daisy Cristal Rosé 1 Par,0,0,0,0,0
Drogaria São Paulo,Disponível,376.0,14,7897076907400.0,Aciclovir 200mg Genérico Ranbaxy 10 Comprimidos,"52,56","17,99",-65.8%,"17,99",-65.8%
FarmaPonte,Esgotado,376.0,13,0.0,Creme de Contorno Cicatricure Para os Olhos Diminui Rugas e Linhas de Expressão 15g,0,0,0,0,0
Drogaria São Paulo,Disponível,375.0,13,7891058005665.0,Predsim 40mg Cosmed 10 Comprimidos,"20,87","10,59",-49.3%,"10,59",-49.3%
FarmaPonte,Esgotado,375.0,15,0.0,Algodão Cremer 50g,0,0,0,0,0
FarmaPonte,Esgotado,375.0,14,0.0,Lápis De Sobrancelhas Essence Eyebrow Designer 4 Marrom Claro 1g,0,0,0,0,0
Drogaria São Paulo,Disponível,375.0,13,7896094201460.0,Natifa 1mg Libbs 28 Comprimidos,"76,13","55,03",-27.7%,"55,03",-27.7%
FarmaPonte,Esgotado,375.0,14,0.0,Base Líquida Matte Fran by Franciny Ehlke Real Filter E-01 30 g,0,0,0,0,0
Drogaria São Paulo,Disponível,375.0,15,7897595602206.0,Cloridrato de Doxiciclina 100mg Genérico Sandoz 20 Comprimidos Solúveis,"68,10","26,03",-61.8%,"26,03",-61.8%
Drogaria São Paulo,Disponível,375.0,14,7891058006235.0,Fenergan 25mg Sanofi 20 Comprimidos,"53,24","47,99",-9.9%,"47,99",-9.9%
FarmaPonte,Esgotado,375.0,14,0.0,Nevrix 50mg + 50mg + 2500mcg Arese 3 Ampolas 2ml Solução Intramuscular,0,0,0,0,0
Drogaria São Paulo,Disponível,375.0,14,7896004744957.0,"Drospirenona 3mg + Etinilestradiol 0,02mg Genérico EMS 24 Comprimidos","70,75","33,99",-52.0%,"33,99",-52.0%
FarmaPonte,Esgotado,375.0,14,0.0,Doce de Leite Cremoso Zero 210g - Flormel,0,0,0,0,0
Drogaria São Paulo,Disponível,375.0,13,7896548197585.0,Colírio Nevanac 1mg/ml Novartis 5ml,"95,64","89,99",-5.9%,"89,99",-5.9%
FarmaPonte,Esgotado,375.0,13,0.0,Composto Lácteo Milnutri Premium 800g,0,0,0,0,0
FarmaPonte,Esgotado,375.0,14,0.0,Minoxidil hipoalergênico 100 mL BS Pharma,0,0,0,0,0
FarmaPonte,Esgotado,375.0,14,0.0,"BLUZ LAPIS DELINEADOR DE OLHOS FLY 1,2G COBRE",0,0,0,0,0
FarmaPonte,Esgotado,375.0,14,0.0,Kit Esponja de Maquiagem Para Acabamento Powder Puff,0,0,0,0,0
FarmaPonte,Esgotado,375.0,14,0.0,Lenço De Papel Softys Kids 50 Folhas,0,0,0,0,0
FarmaPonte,Esgotado,375.0,14,0.0,Whey Protein Concentrado - 6 Sachês (Um De Cada Sabor)  Kit Wpc,0,0,0,0,0
Drogaria São Paulo,Disponível,375.0,14,7896181915188.0,Busonid Aquoso Nasal 64mcg/dose Biosintética 120 Doses,"36,95","31,39",-15.0%,"31,39",-15.0%
FarmaPonte,Esgotado,375.0,13,0.0,Shampoo Para Barba Dr. Jones Com Carvão Vegetal 140ml,0,0,0,0,0
FarmaPonte,Esgotado,374.0,13,0.0,Mini Bombom Coco Flormel 70g,0,0,0,0,0
FarmaPonte,Esgotado,374.0,14,0.0,Lenço Umedecido Johnson's Baby Limpeza e Suavidade 44 Unidades,0,0,0,0,0
Drogaria São Paulo,Disponível,374.0,13,7891058006389.0,Puran T4 25mcg Sanofi 30 Comprimidos,"14,39","14,39",-,"14,39",-
FarmaPonte,Esgotado,374.0,15,0.0,Cílios Postiços Curto Absolute New York Istabeauty Garnet 310 Preto 1 Par,0,0,0,0,0
FarmaPonte,Esgotado,374.0,14,0.0,Protetor Solar Sundown Praia e Piscina FPS30 200ml,0,0,0,0,0
FarmaPonte,Esgotado,374.0,14,0.0,"Microvlar 0,15mg + 0,03mg Bayer 63 Drágeas",0,0,0,0,0
FarmaPonte,Esgotado,374.0,14,0.0,Fralda Piquitucho G 30 Unidades,0,0,0,0,0
Drogaria São Paulo,Disponível,374.0,12,7896181927587.0,Valsartana 160mg Genérico Biosintética 30 Comprimidos,"59,40","45,59",-23.2%,"45,59",-23.2%
FarmaPonte,Esgotado,374.0,15,0.0,Esponja Facial Ever Care Celulose 1 Unidade,0,0,0,0,0
FarmaPonte,Esgotado,374.0,13,0.0,Pomada para Assadura Babymed Pomada Rosa 45g,0,0,0,0,0
FarmaPonte,Esgotado,374.0,14,0.0,Escova de Dente Sanifill Extra Macia 1 Unidade,0,0,0,0,0
FarmaPonte,Esgotado,374.0,13,0.0,Suplemento Alimentar Centrum Essencial Adulto com 8 nutrientes essenciais 30 Comprimidos,0,0,0,0,0
FarmaPonte,Esgotado,374.0,12,0.0,Cera Depilatória em Blocos Tradicional - Depi Roll - 250g,0,0,0,0,0
FarmaPonte,Esgotado,374.0,16,0.0,Shampoo Dove Bond Intense Repair 350ml,0,0,0,0,0
FarmaPonte,Esgotado,374.0,13,0.0,Barra de Cereais Nuts & Joy Regular Cranberry 30g,0,0,0,0,0
Drogaria São Paulo,Disponível,374.0,13,7898272945692.0,Olmy Anlo 20mg/5mg Brace Pharma 30 Comprimidos,"1327,01","19,90",-98.5%,"19,90",-98.5%
FarmaPonte,Esgotado,374.0,14,0.0,Fórmula Infantil Aptanutri Premium 3 800g,0,0,0,0,0
Drogaria São Paulo,Disponível,374.0,16,7896714234557.0,Furosemida 40mg Genérico Neo Química 20 Comprimidos,"11,52","5,19",-54.9%,"5,19",-54.9%
Drogaria São Paulo,Disponível,374.0,14,7898148298587.0,Bromoprida 10mg Genérico Prati  Donaduzzi 20 Comprimidos,"32,38","13,36",-58.7%,"13,36",-58.7%
Drogaria São Paulo,Disponível,374.0,12,7898948648131.0,Utrogestan 100mg Besins Healthcare 30 Comprimidos,"86,20","73,75",-14.4%,"73,75",-14.4%
FarmaPonte,Esgotado,373.0,15,0.0,"Cyclofemina 25mg + 5mg Hemafarma 1 Ampola 0,5ml Injetável",0,0,0,0,0
Drogaria São Paulo,Disponível,373.0,16,7896112400073.0,Vitamina D Doss 3000UI Biolab 30 Cápsulas,"74,55","60,49",-18.9%,"60,49",-18.9%
FarmaPonte,Esgotado,373.0,14,0.0,Lenço Umedecido Nasal Ever Baby Sem Perfume 25 Unidades,0,0,0,0,0
Drogaria São Paulo,Disponível,373.0,14,7898574611400.0,"Desogestrel 0,15mg + Etinilestradiol 0,02mg Genérico Melcon 63 Comprimidos","77,31","31,99",-58.6%,"31,99",-58.6%
Drogaria São Paulo,Disponível,373.0,13,7896006214762.0,"Colírio Octifen 0,25mg/ml União Química 5ml","26,16","26,16",-,"26,16",-
Drogaria São Paulo,Disponível,373.0,14,7891317013905.0,"Actifedrin 6mg/ml + 0,25mg/ml Farmoquímica 100ml Xarope","72,89","72,59",-0.4%,"72,59",-0.4%
FarmaPonte,Esgotado,373.0,14,0.0,Modelador de Barba - Jungle Boogie 80ml,0,0,0,0,0
Drogaria São Paulo,Disponível,373.0,13,7896181928690.0,Trezor 10mg Aché 60 Comprimidos,"52,59","51,99",-1.1%,"51,99",-1.1%
FarmaPonte,Esgotado,373.0,14,0.0,Barra De Proteína Bold Tube Trufa De Chocolate 30g,0,0,0,0,0
Drogaria São Paulo,Disponível,373.0,13,7891317457211.0,"Olsar H 40mg + 12,5mg Eurofarma 30 Comprimidos","60,16","52,46",-12.8%,"52,46",-12.8%
Drogaria São Paulo,Disponível,373.0,13,7895858015824.0,Omcilon-A Orabase 1mg/g Aspen 10g Pasta,"27,07","25,24",-6.8%,"25,24",-6.8%
FarmaPonte,Esgotado,373.0,12,0.0,Aparelho de Depilar Descartável Feminino Gillette Prestobarba3 4 Unidades,0,0,0,0,0
Drogaria São Paulo,Disponível,373.0,13,7897595616821.0,Symdulor SL 10mg Zodiac 20 Comprimidos,"33,73","27,03",-19.9%,"27,03",-19.9%
FarmaPonte,Esgotado,373.0,14,0.0,SH RD Protein Cream - Leave-in 5ml,0,0,0,0,0
FarmaPonte,Esgotado,373.0,16,0.0,Chocolate Suflair ao Leite 50g,0,0,0,0,0
FarmaPonte,Esgotado,373.0,13,0.0,Bombom de chocolate ao leite sabor com recheio de cereja 55g - Montevergine,0,0,0,0,0
FarmaPonte,Esgotado,373.0,14,0.0,Cera Cremosa Depilsam de Micro-Ondas Maracujá 100G,0,0,0,0,0
FarmaPonte,Esgotado,373.0,15,0.0,Esponja Para Banho Cabo Longo Corpus,0,0,0,0,0
FarmaPonte,Esgotado,372.0,13,0.0,Quadradinhos De Algodão Sussex 95g,0,0,0,0,0
FarmaPonte,Esgotado,372.0,14,0.0,Unhas Postiças Curta Autocolante Quadrada Pintada Absolute New York Magiquick Rose Pink 24 Unidades,0,0,0,0,0
FarmaPonte,Esgotado,372.0,13,0.0,Gel de Limpeza Facial Dove Regenerative Efeito Matte & Antioleosidade 300ml,0,0,0,0,0
FarmaPonte,Esgotado,372.0,14,0.0,Bolsa Térmica Gel,0,0,0,0,0
FarmaPonte,Esgotado,372.0,14,0.0,Loção para Cabelos Brancos 60 ml,0,0,0,0,0
FarmaPonte,Esgotado,372.0,12,0.0,Hastes Flexíveis Cotonetes 300 Unidades,0,0,0,0,0
FarmaPonte,Esgotado,372.0,15,0.0,Demaquilante 100ml,0,0,0,0,0
FarmaPonte,Esgotado,372.0,15,0.0,"Hidratante Labial Beta Morango 9,5g",0,0,0,0,0
FarmaPonte,Esgotado,372.0,13,0.0,Escova Massageadora Ever You 1 Unidade,0,0,0,0,0
FarmaPonte,Esgotado,372.0,16,0.0,Geleia Creme Capilar 2 em 1 Seda Boom Definição Intensa 500g,0,0,0,0,0
Drogaria São Paulo,Disponível,372.0,13,7898040328191.0,Sustrate 10mg Farmoquímica 50 Comprimidos,"22,96","20,99",-8.6%,"20,99",-8.6%
Drogaria São Paulo,Disponível,371.0,12,7896014680597.0,"Ceftriaxona Dissódica Hemieptaidratada 1000mg Genérico Blau 1 Frasco Pó Solução + 3,5ml Ampola Diluente","45,46","22,36",-50.8%,"22,36",-50.8%
FarmaPonte,Esgotado,371.0,12,0.0,"Lápis de Olho Vult Azul Modo Turbo 1,1g",0,0,0,0,0
FarmaPonte,Esgotado,371.0,13,0.0,Carb Up Gel Super Fórmula Probiótica Baunilha 30g - Carb UP Gel Super Fórmula Probiótica BAUNILHA 30g,0,0,0,0,0
FarmaPonte,Esgotado,371.0,12,0.0,Rk Diamond Pop Bouncy Gold Glow - Multi Glitter,0,0,0,0,0
Drogaria São Paulo,Disponível,371.0,13,7896112401247.0,Valproato de Sódio 500mg Genérico Biolab 50 Comprimidos,"65,69","58,99",-10.2%,"58,99",-10.2%
FarmaPonte,Esgotado,371.0,14,0.0,Sabonete em Barra Enxofre Antiacne Granado 90g,0,0,0,0,0
FarmaPonte,Esgotado,371.0,14,0.0,Pincel Kolinsky - Kota - Pincel Kolinsky N°2 - Kota,0,0,0,0,0
FarmaPonte,Esgotado,371.0,14,0.0,Fralda Babysec Ultrasec Galinha Pintadinha XG 60 Unidades,0,0,0,0,0
Drogaria São Paulo,Disponível,371.0,15,7891058006389.0,"Puran T4 12,5mcg Sanofi Aventis 30 Comprimidos Revestidos","14,39","14,39",-,"14,39",-
FarmaPonte,Esgotado,371.0,13,0.0,"Limbitrol 12,5mg + 5,0mg Medquímica 20 Cápsulas",0,0,0,0,0
FarmaPonte,Esgotado,371.0,13,0.0,"Dormonid 7,5mg FQM Melora 30 Cápsulas",0,0,0,0,0
FarmaPonte,Esgotado,371.0,12,0.0,Kit Tresemmé Reconstrução e Força Shampoo 350ml + Condicionador 175ml,0,0,0,0,0
Drogaria São Paulo,Disponível,371.0,12,7896714225890.0,Cloridrato de Tramadol 100mg/ml Genérico Neo Química 10ml Gotas,"87,59","33,95",-61.2%,"33,95",-61.2%
FarmaPonte,Esgotado,371.0,16,0.0,Barra Proteica Mini Pasta de Pistache 25g - Dobro,0,0,0,0,0
Drogaria São Paulo,Disponível,371.0,14,7894916145541.0,Tobramicina 3mg/mL Genérico Legrand 1 Frasco com 5mL,"24,19","16,37",-32.3%,"16,37",-32.3%
FarmaPonte,Esgotado,371.0,12,0.0,Algodão Cremer 25g,0,0,0,0,0
FarmaPonte,Esgotado,371.0,14,0.0,Cílios Postiços Sintético Volumoso Absolute New York Eternity 5D Silk Lash Sapphire 204 Preto 1 Par,0,0,0,0,0
FarmaPonte,Esgotado,371.0,13,0.0,Bala Fini Tubes Morango Cítrico 80g,0,0,0,0,0
FarmaPonte,Esgotado,371.0,13,0.0,Escova para Desembaraçar WetBrush Naturals Marrom Médio,0,0,0,0,0
Drogaria São Paulo,Disponível,371.0,14,7897460401804.0,Ipsilon 500mg Zydus Nikkho 36 Comprimidos,"121,38","106,98",-11.9%,"106,98",-11.9%
FarmaPonte,Esgotado,371.0,13,0.0,Cocada Flormel Zero 35g,0,0,0,0,0
FarmaPonte,Esgotado,371.0,15,0.0,Absorvente Always Noites Tranquilas Tamanho XXG Suave 10 Unidades,0,0,0,0,0
FarmaPonte,Esgotado,370.0,14,0.0,Complemento Alimentar Nutren Senior Baunilha 370g,0,0,0,0,0
FarmaPonte,Esgotado,370.0,13,0.0,Máscara de Argila Negra Purificante - Hidramais - 200g,0,0,0,0,0
FarmaPonte,Esgotado,370.0,13,0.0,Kit Lenço Umedecido Pampers Aloe Vera 4 Pacotes com 48 Unidades,0,0,0,0,0
FarmaPonte,Esgotado,370.0,14,0.0,Achocolatado Nescau Fast 280ml,0,0,0,0,0
FarmaPonte,Esgotado,370.0,13,0.0,Gel de Limpeza Facial com Vitamina C – Vitamin C Cleanser 100ml,0,0,0,0,0
FarmaPonte,Esgotado,370.0,12,0.0,Creme de Barbear Bozzano Hidratação 65g,0,0,0,0,0
FarmaPonte,Esgotado,370.0,14,0.0,Óleo Labial Cintilante Essence Hydra Kiss 03 Pink Champagne 4 ml,0,0,0,0,0
FarmaPonte,Esgotado,370.0,12,0.0,"Clob-X 0,5mg/G Galderma Pomada 30g",0,0,0,0,0
Drogaria São Paulo,Disponível,370.0,13,7898040325565.0,Abretia 30mg Farmoquimica 30 Cápsulas Dura De Liberação Retardada,"94,59","90,59",-4.2%,"90,59",-4.2%
FarmaPonte,Esgotado,370.0,14,0.0,Esponja para Maquiagem Oce'ane Diamond Sponge 4 Unidades,0,0,0,0,0
Drogaria São Paulo,Disponível,370.0,16,7898216366088.0,Rosuvastatina Cálcica 5mg Genérico Pharlab 30 Comprimidos,"41,94","24,05",-42.7%,"24,05",-42.7%
FarmaPonte,Esgotado,370.0,12,0.0,Kit Smilebox Luciano Martins Estojo e Fio Dental 2 Em 1 Fazendinha 1 Unidade,0,0,0,0,0
FarmaPonte,Esgotado,370.0,13,0.0,Máscara Capilar Reconstrução Lola Cosmetics Be(m)dita Ghee Papaya e Queratina Vegetal 100g,0,0,0,0,0
Drogaria São Paulo,Disponível,370.0,12,7899095238473.0,Besilato De Anlodipino 10mg Genérico Geolab 30 Comprimidos,"38,07","10,78",-71.7%,"10,78",-71.7%
FarmaPonte,Esgotado,370.0,13,0.0,Chocolate Diamante Negro 90g,0,0,0,0,0
FarmaPonte,Esgotado,370.0,12,0.0,Tônico Elixir Cabeleira Cresce e Fortalece -Widi Care- 120ml - Tônico Elixir Cabeleira Cresce e Fortalece -Widicare- 120ml,0,0,0,0,0
FarmaPonte,Esgotado,370.0,14,0.0,Mentos Pure Fresh Wintergreen 56g,0,0,0,0,0
FarmaPonte,Esgotado,370.0,14,0.0,Creme Depilatório Corporal Depilsam Karité 100G,0,0,0,0,0
FarmaPonte,Esgotado,370.0,14,0.0,Gel De Barbear King C.Gillette Menos Irritação 170ml,0,0,0,0,0
FarmaPonte,Esgotado,369.0,13,0.0,Adoçante Líquido Adocyl Sacarina 200ml,0,0,0,0,0
FarmaPonte,Esgotado,369.0,15,0.0,Bruna Tavares BT - Glitter 3g - Rose-Gold,0,0,0,0,0
FarmaPonte,Esgotado,369.0,12,0.0,Bico de Silicone Advanced Nuk Líquidos Médios - First Choice - 1,0,0,0,0,0
FarmaPonte,Esgotado,369.0,15,0.0,Delineador Líquido Matte Essence Liquid Ink Preto 3 ml,0,0,0,0,0
FarmaPonte,Esgotado,369.0,15,0.0,Lenço Umedecido Pampers Camomila 48 Unidades,0,0,0,0,0
FarmaPonte,Esgotado,369.0,13,0.0,Desinchá Maçã e Canela Desinchá 30 sachês,0,0,0,0,0
FarmaPonte,Esgotado,369.0,14,0.0,Levittá Crocante de Aendoim Pé de Moleque Banana Brasil 24x12g,0,0,0,0,0
FarmaPonte,Esgotado,369.0,13,0.0,Biscoito Passatempo Cookie Chocolate 60g,0,0,0,0,0
FarmaPonte,Esgotado,369.0,14,0.0,"Sombra Em Bastão Essence Blend & Line 03 Feeling Leafy 1,8g",0,0,0,0,0
FarmaPonte,Esgotado,369.0,13,0.0,Kit De Transporte Para Insulina - Embaeps - Médio,0,0,0,0,0
FarmaPonte,Esgotado,369.0,14,0.0,Condicionador Johnson's Baby 400ml,0,0,0,0,0
FarmaPonte,Esgotado,369.0,14,0.0,Spray Termoativo Com Filtro Solar Liso Único Gaboni 100ml,0,0,0,0,0
Drogaria São Paulo,Disponível,369.0,12,7895296211062.0,Cloridrato Diltiazem 30mg Genérico Mepha  50 Comprimidos,"25,67","18,59",-27.6%,"18,59",-27.6%
Drogaria São Paulo,Disponível,369.0,15,7896006213093.0,Cloridrato de Fluoxetina 20mg Genérico União Química 30 Cápsulas,"38,09","14,74",-61.3%,"14,74",-61.3%
FarmaPonte,Esgotado,369.0,14,0.0,Barra de Cereais Nutry Aveia com Banana e Mel 22g,0,0,0,0,0
FarmaPonte,Esgotado,369.0,13,0.0,Protetor Solar Facial Neutrogena Sun Fresh Pele Morena FPS70 40g,0,0,0,0,0
FarmaPonte,Esgotado,369.0,15,0.0,"Lápis Para Sobrancelhas Cor 2 Vult 1,1g",0,0,0,0,0
FarmaPonte,Esgotado,369.0,15,0.0,"Brilho Labial Rosa Marília Mendonça By Océane - Lip Gloss Rose 3,8g",0,0,0,0,0
Drogaria São Paulo,Disponível,369.0,14,7891058013318.0,Mestinon 60mg Cellera 60 Comprimidos,"98,39","85,59",-13.0%,"85,59",-13.0%
FarmaPonte,Esgotado,369.0,14,0.0,Kit Vult Cabelos Shampoo + Condicionador Reconstrução 200ml Cada,0,0,0,0,0
Drogaria São Paulo,Disponível,369.0,14,7898687735321.0,Enjovix Flash 4mg Althaia Menta 10 Comprimidos Orodispersíveis,"20,81","19,39",-6.8%,"19,39",-6.8%
FarmaPonte,Esgotado,368.0,14,0.0,Bronzeador Anasol Oléo Spray FPS6 125ml,0,0,0,0,0
FarmaPonte,Esgotado,368.0,13,0.0,Cera Fria Facial Veet Peles Delicadas 12 Folhas,0,0,0,0,0
FarmaPonte,Esgotado,368.0,13,0.0,Reparador de Pontas Tutano - Bio Extratus - 30ml,0,0,0,0,0
Drogaria São Paulo,Disponível,368.0,14,7891721202988.0,Levotiroxina Sódica 25mcg Genérico Merck S/A 30 Comprimidos,"11,13","9,59",-13.8%,"9,59",-13.8%
Drogaria São Paulo,Disponível,368.0,16,7899095256538.0,Espironolactona 50mg Genérico Geolab 30 Comprimidos,"44,99","19,99",-55.6%,"19,99",-55.6%
Drogaria São Paulo,Disponível,368.0,15,7896523209111.0,Acebrofilina 50mg/5ml Genérico Cimed 120ml Xarope Adulto,"38,57","19,99",-48.2%,"19,99",-48.2%
FarmaPonte,Esgotado,368.0,13,0.0,Mamadeira MAM First Bottle Boys 260mL - 4663,0,0,0,0,0
FarmaPonte,Esgotado,368.0,13,0.0,Palito Desencravador Corpus,0,0,0,0,0
FarmaPonte,Esgotado,368.0,13,0.0,Bebida Láctea Whey Drink Black Skull Doce De Leite 250ml,0,0,0,0,0
Drogaria São Paulo,Disponível,368.0,12,7897337716819.0,Zetsim 10/20mg Supera 30 Comprimidos,"125,44","117,99",-5.9%,"117,99",-5.9%
FarmaPonte,Esgotado,368.0,14,0.0,Loção Autobronzeadora Australian Gold Kakadu Bronzer 120ml,0,0,0,0,0
FarmaPonte,Esgotado,368.0,14,0.0,Balas de Gelatina Fini Diet 18g,0,0,0,0,0
Drogaria São Paulo,Disponível,368.0,13,7896006261308.0,Sulfadiazina de Prata 10mg/g Genérico União Química 30g Creme,"27,66","17,02",-38.5%,"17,02",-38.5%
Drogaria São Paulo,Disponível,368.0,13,7898040328191.0,"Ginesse 0,075 mg +  0,02mg Farmoquímica 63 Comprimidos","22,96","20,99",-8.6%,"20,99",-8.6%
FarmaPonte,Esgotado,368.0,13,0.0,Suplemento Alimentar Energético Reign Orange Dreamsicle 473ml,0,0,0,0,0
Drogaria São Paulo,Disponível,368.0,12,7896181908302.0,Mononitrato Isossorbida 20mg Genérico Biosintética 30 comprimidos,"13,78","9,40",-31.8%,"9,40",-31.8%
FarmaPonte,Esgotado,368.0,13,0.0,Pasta de Dente Infantil Dentalclean Liga da Justiça Tutti Frutti 50g,0,0,0,0,0
FarmaPonte,Esgotado,368.0,13,0.0,Hidrafemme Gel Vaginal Farmoquímica 24g,0,0,0,0,0
FarmaPonte,Esgotado,368.0,15,0.0,Hidratante Corporal Nivea Q10 Firmador + Vitamina C  2 Unidades com 400ml Cada,0,0,0,0,0
Drogaria São Paulo,Disponível,368.0,13,7895296423014.0,Paracetamol 500mg + Fosfato de Codeína 30mg Genérico Mepha 12 Comprimidos,"23,00","17,84",-22.4%,"17,84",-22.4%
FarmaPonte,Esgotado,368.0,13,0.0,Pó Descolorante Yamá Ultrarrápido Active 50g - pó Descolorante Yamá ultrarrápido active 50g,0,0,0,0,0
Drogaria São Paulo,Disponível,368.0,13,7897129300516.0,"Vitacid 0,25mg/g Theraskin 25g Gel","45,52","32,46",-28.7%,"32,46",-28.7%
Drogaria São Paulo,Disponível,368.0,12,7896094201477.0,"Natifa Pro 1mg + 0,5mg Libbs 28 Comprimidos","98,17","70,28",-28.4%,"70,28",-28.4%
Drogaria São Paulo,Disponível,367.0,14,7896658004704.0,Tandrilax 30mg + 125mg + 50mg + 300mg Aché 15 Comprimidos,"20,18","16,99",-15.8%,"16,99",-15.8%
FarmaPonte,Esgotado,367.0,14,0.0,Água Micelar L'Oréal Paris Solução de Limpeza 5 em 1 200ml,0,0,0,0,0
FarmaPonte,Esgotado,367.0,15,0.0,Tracta Finalizador - Pó Matte 15g - Po-Caramelo15g,0,0,0,0,0
Drogaria São Paulo,Disponível,367.0,13,7897316801277.0,Colírio Cicloplégico 50mg/ml Allergan 5ml,"13,80","12,59",-8.8%,"12,59",-8.8%
FarmaPonte,Esgotado,367.0,12,0.0,Espuma de Barbear Gillette Foamy Sensitive 175g,0,0,0,0,0
FarmaPonte,Esgotado,367.0,13,0.0,Preservativo Camisinha Jontex Orgasmo em Sintonia 4 Unidades,0,0,0,0,0
FarmaPonte,Esgotado,367.0,13,0.0,Winter AP 6mg + 120mg Diffucap 8 Comprimidos,0,0,0,0,0
FarmaPonte,Esgotado,367.0,12,0.0,Sabonete Líquido Granado Bebê Tradicional Refil 250ml,0,0,0,0,0
FarmaPonte,Esgotado,367.0,14,0.0,Lápis De Sobrancelhas Essence Eyebrow Designer 1 Preto 1g,0,0,0,0,0
FarmaPonte,Esgotado,367.0,14,0.0,Loção Bronzeadora Sunless FPS15 120ml,0,0,0,0,0
FarmaPonte,Esgotado,367.0,13,0.0,Gel Salon Line #To De Cacho Modeladora Multiuso 120g,0,0,0,0,0
FarmaPonte,Esgotado,367.0,13,0.0,Bebida Láctea UHT YoPRO Milkshake de Baunilha 25g de proteínas 250ml,0,0,0,0,0
FarmaPonte,Esgotado,367.0,12,0.0,Fio Dental Hillo 100m,0,0,0,0,0
FarmaPonte,Esgotado,367.0,13,0.0,Protetor Solar Bioré Uv Aqua Rich FPS50 Creme 70g,0,0,0,0,0
FarmaPonte,Esgotado,367.0,12,0.0,Australian Gold Bronzinc Dry Oil Intensifier - Bronzeador Spray 237ml,0,0,0,0,0
FarmaPonte,Esgotado,367.0,14,0.0,Bico Para Mamadeira Kuka Big Universal 1 Unidade,0,0,0,0,0
FarmaPonte,Esgotado,367.0,13,0.0,Fórmula Infantil Nan Science Pro EspessAR HMO 800g,0,0,0,0,0
FarmaPonte,Esgotado,367.0,13,0.0,Óleo de Coco Banho de Verniz 60ml,0,0,0,0,0
Drogaria São Paulo,Disponível,367.0,13,7891058006389.0,Puran T4 150mcg Sanofi 30 Comprimidos,"14,39","14,39",-,"14,39",-
Drogaria São Paulo,Disponível,367.0,15,7896658000713.0,Exodus 10mg Aché 60 Comprimidos,"40,69","39,99",-1.7%,"39,99",-1.7%
FarmaPonte,Esgotado,367.0,14,0.0,Barra de Cereais Nutry Nuts Damasco 30g,0,0,0,0,0
FarmaPonte,Esgotado,366.0,14,0.0,"Máscara Para Cílios, Sobrancelhas E Cabelos Vult Incolor 2,5g",0,0,0,0,0
FarmaPonte,Esgotado,366.0,13,0.0,Coco Cream Pura Vida 250g,0,0,0,0,0
FarmaPonte,Esgotado,366.0,13,0.0,Revlon Colorstay - Base Full Cover - Natural Ochre,0,0,0,0,0
FarmaPonte,Esgotado,366.0,13,0.0,Motix FQM Melora 30ml Gotas,0,0,0,0,0
FarmaPonte,Esgotado,366.0,14,0.0,Barra Cereal Assiflora Zero Banana 22g,0,0,0,0,0
FarmaPonte,Esgotado,366.0,13,0.0,Barra De Nuts Ever Nutri Coco 30g,0,0,0,0,0
Drogaria São Paulo,Disponível,366.0,15,7895296193016.0,Amoxicilina 875mg Genérico Nova Química 14 Comprimidos Revestidos,"78,98","51,99",-34.2%,"51,99",-34.2%
FarmaPonte,Esgotado,366.0,12,0.0,Pincel Para Olhos Chanfrado Mariana Saad By Océane Ms13,0,0,0,0,0
FarmaPonte,Esgotado,366.0,13,0.0,Gel de Banho Giovanna Baby Moments Blue 250ml,0,0,0,0,0
FarmaPonte,Esgotado,366.0,15,0.0,Kit Máscara Para Cílios + Batom Matte Nude Marília Mendonça By Océane,0,0,0,0,0
Drogaria São Paulo,Disponível,366.0,13,7896004761817.0,"Cloridrato de Tansulosina 0,4mg Genérico EMS 30 comprimidos","108,84","64,59",-40.7%,"64,59",-40.7%
FarmaPonte,Esgotado,366.0,15,0.0,Kit Pantene Queratina Shampoo 300ml + Condicionador 150ml,0,0,0,0,0
FarmaPonte,Esgotado,366.0,13,0.0,Pincel Para Blush Chanfrado - Pink My Apple Ocn5 Océane,0,0,0,0,0
FarmaPonte,Esgotado,366.0,13,0.0,Unhas Postiças Curta Autocolante Quadrada Pintada Absolute New York Magiquick Burgundy Red 24 Unidades,0,0,0,0,0
Drogaria São Paulo,Disponível,366.0,15,7896672202872.0,Clenil HFA 200mcg/dose Chiesi 200 Doses,"81,81","76,99",-5.9%,"76,99",-5.9%
Drogaria São Paulo,Disponível,366.0,15,7898560666261.0,Siilif 100mg Takeda 30 Comprimidos Revestidos,"354,57","174,71",-50.7%,"174,71",-50.7%
FarmaPonte,Esgotado,366.0,13,0.0,Suco de Soja Ades Uva 200ml,0,0,0,0,0
FarmaPonte,Esgotado,366.0,14,0.0,Garrafinha Proteína Vegetal Chocolate Avelã Muke 34g - Mais Mu,0,0,0,0,0
Drogaria São Paulo,Disponível,366.0,15,7897851220236.0,Capilarema 75mg Baldacci 30 Comprimidos,"67,27","58,40",-13.2%,"58,40",-13.2%
Drogaria São Paulo,Disponível,366.0,13,7894916515979.0,Toragesic SL 10mg EMS 20 Comprimidos Sublinguais,"206,08","202,59",-1.7%,"202,59",-1.7%
Drogaria São Paulo,Disponível,366.0,12,7897076913319.0,Pantoprazol 40mg Genérico Ranbaxy 28 Comprimidos,"47,36","14,44",-69.5%,"14,44",-69.5%
Drogaria São Paulo,Disponível,365.0,15,7899547528640.0,Cloridrato de Metformina 850mg Genérico Prati-Donaduzzi 60 Comprimidos,"14,10","10,99",-22.1%,"10,99",-22.1%
FarmaPonte,Esgotado,365.0,14,0.0,Balas de Gelatina Fini Natural Sweets Vitamina C 18g,0,0,0,0,0
Drogaria São Paulo,Disponível,365.0,13,7898148299010.0,"Brometo Ipratrópio 0,025% Genérico Nds 20ml","13,41","8,87",-33.9%,"8,87",-33.9%
Drogaria São Paulo,Disponível,365.0,14,7892953208526.0,Iludral 500mg Zodiac 30 Comprimidos,"88,84","76,90",-13.4%,"76,90",-13.4%
Drogaria São Paulo,Disponível,365.0,12,7891721000614.0,Glifage 500mg Merck S/A 30 Comprimidos,"30,34","28,11",-7.4%,"28,11",-7.4%
Drogaria São Paulo,Disponível,365.0,12,7897595602473.0,Cloridrato de Doxiciclina 100mg Genérico Sandoz 15 Comprimidos,"54,12","31,67",-41.5%,"31,67",-41.5%
FarmaPonte,Esgotado,365.0,13,0.0,Cílios Postiços Curto Absolute New York Istabeauty Ruby 002 Preto 1 Par,0,0,0,0,0
FarmaPonte,Esgotado,365.0,13,0.0,Babeador Bic Comfort Hybrid com 6 Cartuchos 1 Unidade,0,0,0,0,0
FarmaPonte,Esgotado,365.0,13,0.0,Bolsa Térmica Gel Mercur - Tamanho P - Bolsa Térmica Gel - Mercur - Tam P - 200g - 16x13cm,0,0,0,0,0
FarmaPonte,Esgotado,365.0,13,0.0,Chá Pitta Ayurveda 30sch 45g,0,0,0,0,0
FarmaPonte,Esgotado,365.0,14,0.0,Protetor Solar Neutrogena Sun Fresh FPS 50 200ml,0,0,0,0,0
FarmaPonte,Esgotado,365.0,12,0.0,Velox  Medicatriz - Removedor De Cuticula 35ml,0,0,0,0,0
FarmaPonte,Esgotado,365.0,13,0.0,Ondif 4mg Cosmed 10 Strips,0,0,0,0,0
Drogaria São Paulo,Disponível,365.0,13,7898569763077.0,Olmesartana Medoxomila 40mg Genérico Althaia 30 Comprimidos,"49,05","41,99",-14.4%,"41,99",-14.4%
Drogaria São Paulo,Disponível,365.0,15,7891317021894.0,Mobale 75mg Momenta Farma 30 Cápsulas,"68,42","63,84",-6.7%,"63,84",-6.7%
Drogaria São Paulo,Disponível,365.0,14,7897595616821.0,Rispalum 1mg Sandoz 20 Comprimidos,"33,73","27,03",-19.9%,"27,03",-19.9%
FarmaPonte,Esgotado,365.0,15,0.0,Cílios Postiços - Eyelashes Fashion Océane,0,0,0,0,0
Drogaria São Paulo,Disponível,365.0,13,7896004706306.0,Predsinona 5mg Genérico EMS  20 Comprimidos,"17,93","7,13",-60.2%,"7,13",-60.2%
FarmaPonte,Esgotado,364.0,13,0.0,Mari Maria Creamy Matte - Batom Liquido 4ml - Blazing,0,0,0,0,0
FarmaPonte,Esgotado,364.0,13,0.0,Brinco Girassol 1 Par,0,0,0,0,0
Drogaria São Paulo,Disponível,364.0,13,7891317446383.0,Primogyna 2mg Bayer 28 Comprimidos,"63,32","56,81",-10.3%,"56,81",-10.3%
FarmaPonte,Esgotado,364.0,13,0.0,Óleo Capilar Elixir Cártamo & Argan Knut 35ml,0,0,0,0,0
FarmaPonte,Esgotado,364.0,13,0.0,Mamadeira Lillo Miniform Azul 50ml,0,0,0,0,0
FarmaPonte,Esgotado,364.0,13,0.0,Sabonete Pom Pom Óleo de Amêndoas 80g,0,0,0,0,0
Drogaria São Paulo,Disponível,364.0,15,7897076911780.0,Lamotrigina 100mg Genérico Ranbaxy 30 Comprimidos,"76,08","38,45",-49.5%,"38,45",-49.5%
FarmaPonte,Esgotado,364.0,15,0.0,Payot Pó Compacto Retinol 10g - Cor_50,0,0,0,0,0
FarmaPonte,Esgotado,364.0,13,0.0,Máscara de Tratamento Pantene Bambu 600ml,0,0,0,0,0
FarmaPonte,Esgotado,364.0,14,0.0,Máscara para Cílios de Volume À Prova D'Água Essence I Love Extreme Crazy Volume Preto 12 ml,0,0,0,0,0
FarmaPonte,Esgotado,364.0,14,0.0,Creme Imecap Body Redutor de Medidas e Anticelulite FQM 70g,0,0,0,0,0
Drogaria São Paulo,Disponível,364.0,12,7896523212944.0,Atelop 5mg Brace Pharma 30 Comprimidos,"15,10","10,39",-31.2%,"10,39",-31.2%
FarmaPonte,Esgotado,364.0,15,0.0,Minoxidil Turbo 120ml,0,0,0,0,0
Drogaria São Paulo,Disponível,364.0,12,7898505095187.0,Nimsy 100mg Mbra 12 Comprimidos,"48,11","36,29",-24.6%,"36,29",-24.6%
FarmaPonte,Esgotado,364.0,13,0.0,Sombra Líquida e Primer 2x1 Bruna Tavares BT Velvet Khaki 6 ml,0,0,0,0,0
FarmaPonte,Esgotado,364.0,12,0.0,Fralda Huggies Little Swimmers Praia e Piscina G/XG 10 Unidades,0,0,0,0,0
FarmaPonte,Esgotado,364.0,14,0.0,Esponja para Banho sem enxágue Kolpbath pacote com 24 unidades,0,0,0,0,0
Drogaria São Paulo,Disponível,364.0,13,7895858010362.0,Inilok 40mg Apsen 30 Comprimidos,"289,86","189,90",-34.5%,"189,90",-34.5%
FarmaPonte,Esgotado,363.0,13,0.0,Óleo Corporal De Amêndoas Farmax 100ml,0,0,0,0,0
FarmaPonte,Esgotado,363.0,13,0.0,Bauny - Batom Líquido Matte Vegano 5ml - Cor 030,0,0,0,0,0
FarmaPonte,Esgotado,363.0,13,0.0,Delice Solaire Olio Abbronzante Black Carrot Spray - Óleo Bronzeador 150ml,0,0,0,0,0
FarmaPonte,Esgotado,363.0,14,0.0,Escova para Cabelo Ever You Oval Grande Fun Colors 1 Unidade,0,0,0,0,0
FarmaPonte,Esgotado,363.0,14,0.0,Adoçante Lowçucar Sucralose Liquido 65Ml,0,0,0,0,0
Drogaria São Paulo,Disponível,363.0,14,7899095238312.0,"Latanoprosta 50mcg/ml + Timolol 5mg/ml Genérico Geolab 2,5ml Solução Oftálmica","88,99","88,99",-,"88,99",-
FarmaPonte,Esgotado,363.0,12,0.0,Ampola de Hidratação Braé Divine Power Dose 13 ml,0,0,0,0,0
Drogaria São Paulo,Disponível,363.0,12,7896523227184.0,Omeprazol 20mg Genérico Cimed 28 Cápsulas,"28,01","12,99",-53.6%,"12,99",-53.6%
FarmaPonte,Esgotado,363.0,13,0.0,Suplemento Vitamínico Lavitan Memoria Zero 60 Comprimidos,0,0,0,0,0
FarmaPonte,Esgotado,363.0,13,0.0,Bebida lactea uth chocolate 250ml - Mais Mu,0,0,0,0,0
Drogaria São Paulo,Disponível,363.0,15,7897076911551.0,Cloridrato de Amiodarona 100mg Genérico Ranbaxy 20 Comprimidos,"14,93","10,48",-29.8%,"10,48",-29.8%
FarmaPonte,Esgotado,363.0,12,0.0,"Água Mineral Crystal Com Gás 1,5L",0,0,0,0,0
FarmaPonte,Esgotado,363.0,14,0.0,Imosec 2mg Johnson & Johnson 12 Comprimidos,0,0,0,0,0
FarmaPonte,Esgotado,363.0,14,0.0,Sombra Líquida e Primer 2x1 Bruna Tavares BT Velvet Grape 6 ml,0,0,0,0,0
FarmaPonte,Esgotado,363.0,13,0.0,Retoque de Raiz L'Oréal Paris Spray Instantâneo Magic Retouch Castanho Claro 75ml,0,0,0,0,0
FarmaPonte,Esgotado,363.0,15,0.0,"Ferane 35 2mg + 0,035mg Cifarma 21 Comprimidos",0,0,0,0,0
Drogaria São Paulo,Disponível,363.0,14,7891317143084.0,Dexfer 400mg Eurofarma 30 Comprimidos,"105,63","95,99",-9.1%,"95,99",-9.1%
Drogaria São Paulo,Disponível,363.0,13,7891317180539.0,Desogestrel 75mcg Genérico Eurofarma 28 Comprimidos,"35,83","17,81",-50.3%,"17,81",-50.3%
FarmaPonte,Esgotado,363.0,13,0.0,"Hidratante Labial Nivea Hidra Color 2 em 1 Vermelho 4,8g",0,0,0,0,0
Drogaria São Paulo,Disponível,363.0,13,7897337707336.0,Cozaar 100mg Organon 30 Comprimdos,"102,94","95,05",-7.7%,"95,05",-7.7%
Drogaria São Paulo,Disponível,363.0,14,7896226506388.0,Prolopa 100mg + 25mg Roche 30 Comprimidos,"131,38","101,99",-22.4%,"101,99",-22.4%
FarmaPonte,Esgotado,363.0,14,0.0,Mousse Modelador Capilar Lola From Rio Plot Twist 150ml,0,0,0,0,0
Drogaria São Paulo,Disponível,363.0,12,7896004742069.0,Esomeprazol 20mg Genérico EMS 28 Comprimidos,"82,45","30,75",-62.7%,"30,75",-62.7%
FarmaPonte,Esgotado,363.0,15,0.0,Kiss Mentos Morango C/ 50 Unidades,0,0,0,0,0
Drogaria São Paulo,Disponível,363.0,12,7893454101460.0,Cloridrato de Venlafaxina 75mg Genérico Cellera Farma 30 Cápsulas,"196,42","38,40",-80.5%,"38,40",-80.5%
FarmaPonte,Esgotado,363.0,14,0.0,Gel Acelerador de Bronzeado Corporal Australian Gold 237 g,0,0,0,0,0
FarmaPonte,Esgotado,363.0,14,0.0,Fórmula Infantil Nestogeno Espessar 800g,0,0,0,0,0
Drogaria São Paulo,Disponível,362.0,14,7896004710365.0,Maleato De Enalapril 20mg Genérico Germed 30 Comprimidos,"36,01","10,32",-71.3%,"10,32",-71.3%
FarmaPonte,Esgotado,362.0,14,0.0,Algodão Quadrado Cremer 2 Pacotes com 100 Unidades Cada,0,0,0,0,0
FarmaPonte,Esgotado,362.0,14,0.0,Escova Dental Curaprox Black Is White + Creme Dental  8ml,0,0,0,0,0
Drogaria São Paulo,Disponível,362.0,13,7899095259546.0,"Cetoconazol 20mg/g + Dipropionato De Betametasona 0,64mg/g Genérico Geolab 30g Creme Dermatológico","27,40","18,59",-32.2%,"18,59",-32.2%
FarmaPonte,Esgotado,362.0,16,0.0,Óleo De Coco Capilar Salon Line S.O.S Cachos 42ml,0,0,0,0,0
FarmaPonte,Esgotado,362.0,13,0.0,Pasta de Dente Oral-B 4 em 1 Menta Fresca 70g,0,0,0,0,0
FarmaPonte,Esgotado,362.0,14,0.0,"Bauny Sérum Gel Transparente - Cílios & Sobrancelhas 3,5g",0,0,0,0,0
FarmaPonte,Esgotado,362.0,13,0.0,Barra De Proteína Bold Bombom Crocante 60g,0,0,0,0,0
Drogaria São Paulo,Disponível,362.0,12,7896112126225.0,Enalapril 10mg Genérico Teuto 30 Comprimidos,"15,98","4,64",-71.0%,"4,64",-71.0%
Drogaria São Paulo,Disponível,362.0,13,7895858010362.0,Meclin 25mg Apsen 15 Comprimidos,"289,86","189,90",-34.5%,"189,90",-34.5%
FarmaPonte,Esgotado,362.0,13,0.0,Shampoo Elseve Hydra Detox 48h Anticaspa 400ml,0,0,0,0,0
FarmaPonte,Esgotado,362.0,13,0.0,Dorzal 20mg/ml Legrand 5ml,0,0,0,0,0
FarmaPonte,Esgotado,362.0,14,0.0,Lenço Umedecido Facial Ever You Demaquilante 25 Unidades,0,0,0,0,0
FarmaPonte,Esgotado,362.0,15,0.0,Pasta Castanha Caju Chocolate Belga 300g - Eat Clean,0,0,0,0,0
Drogaria São Paulo,Disponível,362.0,15,7896676431582.0,Dry 5mg Cristália 60 Comprimidos,"50,80","50,80",-,"50,80",-
FarmaPonte,Esgotado,362.0,13,0.0,Leave-In Restore Knut 250ml,0,0,0,0,0
Drogaria São Paulo,Disponível,362.0,15,7896523210759.0,Maleato de Enalapril 10mg Genérico Cimed 30 Comprimidos,"19,96","4,99",-75.0%,"4,99",-75.0%
FarmaPonte,Esgotado,362.0,13,0.0,Vizzela LipLiner Lapiseira Labial - 05-Livre,0,0,0,0,0
Drogaria São Paulo,Disponível,362.0,13,7898040328191.0,"Ginesse 0,075mg + 0,020mg Farmoquímica 21 Comprimidos","22,96","20,99",-8.6%,"20,99",-8.6%
FarmaPonte,Esgotado,362.0,12,0.0,Unak 40mg Diffucap Chemobras 30 Comprimidos,0,0,0,0,0
FarmaPonte,Esgotado,362.0,15,0.0,Bala Halls Mini Melancia 15g,0,0,0,0,0
FarmaPonte,Esgotado,362.0,12,0.0,Escova de Dente Colgate Ultra Soft Edição Especial 3 Unidades Cores Sortidas,0,0,0,0,0
FarmaPonte,Esgotado,362.0,14,0.0,Dorzal MT 20mg + 5mg Legrand 5ml,0,0,0,0,0
Drogaria São Paulo,Disponível,362.0,14,7896004775432.0,Clazi XR 30mg Brace Pharma 60 Cápsulas,"75,01","75,01",-,"75,01",-
Drogaria São Paulo,Disponível,362.0,14,7896422505789.0,Besilato de Anlodipino 5mg Genérico Medley 30 Comprimidos,"24,11","5,83",-75.8%,"5,83",-75.8%
Drogaria São Paulo,Disponível,362.0,13,7896004710402.0,"Diprosone 0,5mg/g Mantecorp Farmasa 30g Creme","40,93","18,80",-54.1%,"18,80",-54.1%
FarmaPonte,Esgotado,361.0,14,0.0,Óleo Corporal Nupill Gold Skin Amêndoas Doce 100ml,0,0,0,0,0
FarmaPonte,Esgotado,361.0,13,0.0,Ampola Tratamento Capilar D Pantenol Skafe  10ml,0,0,0,0,0
FarmaPonte,Esgotado,361.0,13,0.0,Pincel Para Sombra - Smoke My Eyes Ocn12 Océane,0,0,0,0,0
Drogaria São Paulo,Disponível,361.0,14,7891317452964.0,Mesilato Doxazosina 2mg Genérico Eurofarma 30 Comprimidos,"58,82","5,59",-90.5%,"5,59",-90.5%
FarmaPonte,Esgotado,361.0,14,0.0,Tônico Capilar Gota Dourada Fortalecimento 100ml,0,0,0,0,0
Drogaria São Paulo,Disponível,361.0,13,7894916148726.0,Maleato de Trimebutina 200mg Genérico Legrand 30 Cápsulas,"83,18","49,99",-39.9%,"49,99",-39.9%
FarmaPonte,Esgotado,361.0,13,0.0,"Hidratante Labial Nivea Hidra Color 2 em 1 Nude 4,8g",0,0,0,0,0
FarmaPonte,Esgotado,361.0,13,0.0,Kit Shampoo Cadiveu Quartzo Shine Essentials 250ml + Condicionador 250ml,0,0,0,0,0
FarmaPonte,Esgotado,361.0,15,0.0,Preservativo Camisinha Masculina Jontex Sensação Pele com Pele 2 Unidades,0,0,0,0,0
Drogaria São Paulo,Disponível,361.0,12,7896004729411.0,Sigran 15mg Brace Pharma 30 Cápsulas,"63,66","63,66",-,"63,66",-
FarmaPonte,Esgotado,361.0,13,0.0,Condicionador Eudora Siàge Cauterização dos Fios Bisnaga 200ml,0,0,0,0,0
Drogaria São Paulo,Disponível,361.0,13,7896004777634.0,Nebic 5mg Natures Plus 30 Comprimidos,"88,52","8,97",-89.9%,"8,97",-89.9%
FarmaPonte,Esgotado,361.0,12,0.0,Kit Lápis Para Olhos Marrom + Brilho Labial Nude Marília Mendonça By Océane,0,0,0,0,0
Drogaria São Paulo,Disponível,361.0,13,7894916144971.0,Ácido Tranexâmico 250mg Genérico Legrand 12 Comprimidos,"52,34","49,29",-5.8%,"49,29",-5.8%
FarmaPonte,Esgotado,361.0,12,0.0,Kit Neutrogena Sun Fresh Protetor Solar Corporal FPS70 200ml + Facial FPS70 40g,0,0,0,0,0
FarmaPonte,Esgotado,361.0,14,0.0,"Etna 1,0mg + 2,5mg + 1,5mg Gross 20 Cápsulas",0,0,0,0,0
Drogaria São Paulo,Disponível,361.0,13,7896862993122.0,Solaquin 40mg Bausch 30g Creme,"94,51","82,16",-13.1%,"82,16",-13.1%
FarmaPonte,Esgotado,361.0,13,0.0,Protetor Solar Facial Episol Sec OC - FPS60 - 60g - Protetor Solar Facial - Episol -Sec OC - FPS60 - 60g,0,0,0,0,0
Drogaria São Paulo,Disponível,361.0,14,7896112492740.0,Triazol 150mg Zurita 1 Cápsula,"38,64","36,29",-6.1%,"36,29",-6.1%
FarmaPonte,Esgotado,360.0,13,0.0,Kit Shampoo + Condicionador Novex Vitay Meus Cachos De Cinema 300ml,0,0,0,0,0
FarmaPonte,Esgotado,360.0,13,0.0,Bebida Proteica NotCo NotMilk High Protein Cafe Caramelo 250ml,0,0,0,0,0
FarmaPonte,Esgotado,360.0,12,0.0,Bolsa para Água Quente Mercur P 330ml,0,0,0,0,0
Drogaria São Paulo,Disponível,360.0,14,7896004818993.0,"Previane 0,075mg + 0,020mg Legrand Pharma 63 Comprimidos","102,13","77,59",-24.0%,"77,59",-24.0%
FarmaPonte,Esgotado,360.0,12,0.0,Lenço de Limpeza Facial Ricca Equilibrar a Pele 25 Unidades,0,0,0,0,0
FarmaPonte,Esgotado,360.0,13,0.0,Mari Maria Makeup Lashes - Cílios Postiços - Foxy,0,0,0,0,0
Drogaria São Paulo,Disponível,360.0,14,7895296449823.0,"Cloridrato de Naratriptana 2,5mg Genérico Nova Química 10 Comprimidos","38,68","25,29",-34.6%,"25,29",-34.6%
FarmaPonte,Esgotado,360.0,15,0.0,Cílios Postiços First Kiss Juicy Volume 2,0,0,0,0,0
FarmaPonte,Esgotado,360.0,12,0.0,Pasta de Dente Colgate Periogard Gengiva Saudável Hortelã 90g,0,0,0,0,0
FarmaPonte,Esgotado,360.0,14,0.0,Shampoo Love Beauty and Planet Nutrição Antifrizz 300 ml,0,0,0,0,0
FarmaPonte,Esgotado,360.0,15,0.0,Gel Pós Barba Dr. Jones Energizante 75ml,0,0,0,0,0
FarmaPonte,Esgotado,360.0,14,0.0,"Pomada Cicatrizante, Antimicrobiana e Repelente Pet 30g",0,0,0,0,0
FarmaPonte,Esgotado,360.0,13,0.0,Farinha Aveia Vitalin 200g,0,0,0,0,0
FarmaPonte,Esgotado,360.0,14,0.0,Clopixol Acuphase 50mg Lundbeck 1ml,0,0,0,0,0
FarmaPonte,Esgotado,360.0,16,0.0,Complemento Alimentar Sustagen Morango Adultos+ 400g,0,0,0,0,0
FarmaPonte,Esgotado,360.0,13,0.0,Máscara de Cafeína Para Olhos - Wake Up Patches 30un Océane,0,0,0,0,0
FarmaPonte,Esgotado,360.0,13,0.0,Cúrcuma 400mg Drogaria São Paulo 60 Cápsulas,0,0,0,0,0
Drogaria São Paulo,Disponível,360.0,15,7891317121235.0,Olmesartana Medoxomila 40mg Genérico Eurofarma 30 Comprimidos,"53,72","40,59",-24.4%,"40,59",-24.4%
FarmaPonte,Esgotado,360.0,13,0.0,Creme Depilatório Depi Roll Spa Care Buço 50g,0,0,0,0,0
Drogaria São Paulo,Disponível,360.0,14,7896112125822.0,Venaflon 450mg + 50mg Teuto 30 Comprimidos,"105,37","67,59",-35.9%,"67,59",-35.9%
FarmaPonte,Esgotado,360.0,14,0.0,Hidratante Labial Carmed Fini Banana 10g,0,0,0,0,0
FarmaPonte,Esgotado,360.0,13,0.0,Loção Infantil Hidratante Pampers 400ml,0,0,0,0,0
Drogaria São Paulo,Disponível,360.0,14,7891317431334.0,Espironolactona 50mg Genérico Eurofarma 30 Comprimidos,"44,92","31,59",-29.7%,"31,59",-29.7%
FarmaPonte,Esgotado,360.0,14,0.0,Bauny Efeito Matte - Base Facial Vegana 27g - Matte Cor 050,0,0,0,0,0
FarmaPonte,Esgotado,360.0,13,0.0,Bauny - Cera Nutritiva Para Unhas e Cutículas 5g,0,0,0,0,0
Drogaria São Paulo,Disponível,360.0,13,7896112403579.0,Keppra 250mg UCB Biopharma 30 Comprimidos,"43,71","39,99",-8.5%,"39,99",-8.5%
FarmaPonte,Esgotado,359.0,13,0.0,Creme Facial Hidrabene Retinol Anti Idade Noturno 30g,0,0,0,0,0
FarmaPonte,Esgotado,359.0,14,0.0,Suco Del Valle Mais Néctar de Goiaba 290ml,0,0,0,0,0
FarmaPonte,Esgotado,359.0,13,0.0,Gel Pós Depilação Depilsam 300G,0,0,0,0,0
Drogaria São Paulo,Disponível,359.0,13,7896676422320.0,Vellana 50mg Cristália 30 Comprimidos,"136,18","127,70",-6.2%,"127,70",-6.2%
FarmaPonte,Esgotado,359.0,14,0.0,"Chocolate Kit Kat 4 Fingers ao Leite 41,5g",0,0,0,0,0
Drogaria São Paulo,Disponível,359.0,14,7893454101187.0,Olanzapina 5mg Genérico Cellera Farma 30 Comprimidos,"378,48","86,72",-77.1%,"86,72",-77.1%
FarmaPonte,Esgotado,359.0,12,0.0,"BLUZ LAPIS DELINEADOR DE OLHOS FLY 1,2G MARRON",0,0,0,0,0
Drogaria São Paulo,Disponível,359.0,12,7898216365708.0,Azitromicina Di-Hidratada 500mg Genérico Pharlab 5 Comprimidos,"26,31","18,80",-28.5%,"18,80",-28.5%
Drogaria São Paulo,Disponível,359.0,13,7891721022579.0,Glifage Xr 1g Merck S/A 30 Comprimidos,"57,50","42,16",-26.7%,"42,16",-26.7%
FarmaPonte,Esgotado,359.0,14,0.0,Máscara Capilar Eudora Siage Cauterização Dos Fios 250g,0,0,0,0,0
FarmaPonte,Esgotado,359.0,14,0.0,Algodão Hidrófilo Delicato Cremer 500 G,0,0,0,0,0
FarmaPonte,Esgotado,359.0,15,0.0,Paleta De Sombras Essence Fancy Vibes Only 18g,0,0,0,0,0
Drogaria São Paulo,Disponível,359.0,13,7898049796168.0,Fluconazol 150mg Genérico Vitamedic 2 Cápsulas,"18,07","5,53",-69.4%,"5,53",-69.4%
FarmaPonte,Esgotado,359.0,14,0.0,Leite em Pó Ninho Idade Escolar Semidesnatado 380g,0,0,0,0,0
FarmaPonte,Esgotado,359.0,12,0.0,Óleo Capilar Naturat Sos Babosa Skafe 60ml,0,0,0,0,0
Drogaria São Paulo,Disponível,359.0,14,0.0,Noripurum 20mg/ml Blanver 5ml 5 Ampolas Solução Injetável,"4649,50","4649,50",-,"4649,50",-
FarmaPonte,Esgotado,359.0,14,0.0,Fralda Huggies Supreme Care XG 58 Unidades,0,0,0,0,0
Drogaria São Paulo,Disponível,359.0,13,7897076923806.0,Amoxicilina 875mg + Clavulanato de Potássio 125mg Genérico Ranbaxy 14 Comprimidos,"94,61","43,35",-54.2%,"43,35",-54.2%
Drogaria São Paulo,Disponível,359.0,14,7896181918684.0,Montelucaste 10mg Genérico Biosintetica 10 Comprimidos Revestidos,"59,56","15,83",-73.4%,"15,83",-73.4%
FarmaPonte,Esgotado,359.0,13,0.0,Pincel de Precisão Para Esfumar - Firm Shader Brush Ocn10 Océane,0,0,0,0,0
FarmaPonte,Esgotado,358.0,13,0.0,Pasta de Dente Sensodyne Repair & Protect Whitening Dentes Sensíveis 100g,0,0,0,0,0
Drogaria São Paulo,Disponível,358.0,13,7896004734026.0,"Repopil 2mg + 0,035mg Legrand 63 Drágeas","78,65","32,13",-59.1%,"32,13",-59.1%
FarmaPonte,Esgotado,358.0,13,0.0,Adoçante Líquido Adocyl Stevia 160ml,0,0,0,0,0
Drogaria São Paulo,Disponível,358.0,13,7891317004163.0,Fosfato Sódico de Prednisolona 3mg/ml Genérico Cimed 1 Frasco 60ml,"41,93","39,49",-5.8%,"39,49",-5.8%
FarmaPonte,Esgotado,358.0,12,0.0,Óleo Johnson's Baby 200ml,0,0,0,0,0
Drogaria São Paulo,Disponível,358.0,12,7896112400387.0,Cloridrato Ondansetrona 4mg Genérico Biolab  10 Comprimidos,"29,48","17,31",-41.3%,"17,31",-41.3%
Drogaria São Paulo,Disponível,358.0,13,7899547509458.0,Lamotrigina 25mg Genérico Prati-Donaduzzi 30 Comprimidos,"34,45","14,99",-56.5%,"14,99",-56.5%
FarmaPonte,Esgotado,358.0,12,0.0,Spray Gloss Capilar Eu Amo Charming Cless 150ml,0,0,0,0,0
Drogaria São Paulo,Disponível,358.0,14,7891721014697.0,Euthyrox 50mcg Merck S/A 50 Comprimidos,"44,16","41,08",-7.0%,"41,08",-7.0%
Drogaria São Paulo,Disponível,358.0,13,7896676431582.0,Dimorf 10mg Cristália 50 Comprimidos,"50,80","50,80",-,"50,80",-
FarmaPonte,Esgotado,358.0,15,0.0,"Nasonex 0,5mg/g Organon 60 Doses Spray",0,0,0,0,0
Drogaria São Paulo,Disponível,358.0,13,7896548112717.0,Colírio Tobrex 3mg/ml Novartis 5ml,"40,06","37,59",-6.2%,"37,59",-6.2%
Drogaria São Paulo,Disponível,358.0,14,7896637033220.0,Labirin 24mg Apsen 30 comprimidos,"356,53","352,93",-1.0%,"352,93",-1.0%
FarmaPonte,Esgotado,358.0,15,0.0,Suplemento Damater Caixa 30 Cápsulas Gelatinosas,0,0,0,0,0
FarmaPonte,Esgotado,358.0,14,0.0,Sabonete Líquido Dove Baby Hidratação Glicerinada Refil 180ml,0,0,0,0,0
FarmaPonte,Esgotado,358.0,12,0.0,Adoçante em Pó Zero-Cal Eritritol 5g 30 Sachês,0,0,0,0,0
FarmaPonte,Esgotado,358.0,13,0.0,Unhas Postiças Média Autocolante Quadrada Pintada Absolute New York Magiquick Candy Red 24 Unidades,0,0,0,0,0
FarmaPonte,Esgotado,358.0,13,0.0,Sabonete Líquido Johnson’s Baby Da Cabeça Aos Pés 200ml,0,0,0,0,0
FarmaPonte,Esgotado,358.0,13,0.0,Preservativo Blowtex Skyn Extra Lubrificado 3 Unidades,0,0,0,0,0
Drogaria São Paulo,Disponível,358.0,13,7895296098113.0,Pioglitazona 30mg Genérico Mepha 30 Comprimidos,"162,55","82,99",-48.9%,"82,99",-48.9%
Drogaria São Paulo,Disponível,358.0,14,7896658025532.0,Transamin 250mg Zydus 12 Comprimidos,"72,97","67,81",-7.1%,"67,81",-7.1%
Drogaria São Paulo,Disponível,358.0,14,7896658040634.0,Rosucor 5mg Torrent 60 Comprimidos Revestidos,"147,64","146,99",-0.4%,"146,99",-0.4%
FarmaPonte,Esgotado,358.0,13,0.0,Leave-In Hair Remedy Intensive Care Knut 130g,0,0,0,0,0
FarmaPonte,Esgotado,358.0,14,0.0,Maracugina Kids 150ml,0,0,0,0,0
Drogaria São Paulo,Disponível,357.0,15,7897316804735.0,Colírio Acular LS 4mg/ml Allergan 5ml,"77,80","72,59",-6.7%,"72,59",-6.7%
FarmaPonte,Esgotado,357.0,13,0.0,Bala de Gengibre Ever Nutri Tradicional 40g,0,0,0,0,0
Drogaria São Paulo,Disponível,357.0,13,7896004730370.0,Fumarato de Quetiapina 200mg Genérico Actavis 30 Comprimidos,"150,49","65,99",-56.1%,"65,99",-56.1%
FarmaPonte,Esgotado,357.0,12,0.0,Absorvente Interno Intimus® Discreto Super 16 Unidades,0,0,0,0,0
FarmaPonte,Esgotado,357.0,14,0.0,Diprospan 5mg/ml + 2mg/ml Cosmed 1x1ml Ampola,0,0,0,0,0
Drogaria São Paulo,Disponível,357.0,13,7896181922247.0,Venzer 16mg Libbs 30 Comprimidos,"56,74","51,59",-9.1%,"51,59",-9.1%
Drogaria São Paulo,Disponível,357.0,13,7891317143084.0,Bup XL 300mg Eurofarma 30 Comprimidos,"105,63","95,99",-9.1%,"95,99",-9.1%
FarmaPonte,Esgotado,357.0,13,0.0,Fini Dentaduras 90g,0,0,0,0,0
Drogaria São Paulo,Disponível,357.0,15,7897076911575.0,Cloridrato Amiodarona 200mg Genérico Ranbaxy 20 Comprimidos,"29,93","14,69",-50.9%,"14,69",-50.9%
FarmaPonte,Esgotado,357.0,13,0.0,Água Micelar Ever You Pele Normal 200ml,0,0,0,0,0
Drogaria São Paulo,Disponível,357.0,12,7897595615763.0,Ziledon 5mg Sandoz 10 Comprimidos,"47,74","47,74",-,"47,74",-
FarmaPonte,Esgotado,357.0,14,0.0,Minancora Pomada 30g,0,0,0,0,0
FarmaPonte,Esgotado,357.0,13,0.0,Bruma Facial Tonificante Dailus Feat. Mentos Face Mist 100ml,0,0,0,0,0
FarmaPonte,Esgotado,357.0,13,0.0,Óleo Capilar de Coco Virgem Inoar 200ml,0,0,0,0,0
FarmaPonte,Esgotado,357.0,13,0.0,Tônico De Transição Capilar - 100Ml,0,0,0,0,0
Drogaria São Paulo,Disponível,357.0,18,7896676432886.0,"Regencel 10.000UI/g + 25mg/g + 5mg/g + 5mg/g Cristália 3,5g Pomada","17,98","15,79",-12.2%,"15,79",-12.2%
FarmaPonte,Esgotado,357.0,13,0.0,Pó Compacto Translúcido Essence All About Matt Waterproof Á Prova D´Água 9g,0,0,0,0,0
Drogaria São Paulo,Disponível,357.0,14,7899547507430.0,Nistatina 25.000UI/g Genérico Prati Donaduzzi 60g Creme Vaginal + 14 Aplicadores,"20,82","15,83",-24.0%,"15,83",-24.0%
Drogaria São Paulo,Disponível,357.0,14,7896212423781.0,Tylex 30mg Janssen-Cilag 36 comprimidos,"646,07","618,59",-4.3%,"618,59",-4.3%
FarmaPonte,Esgotado,357.0,13,0.0,Kit Elseve Shampoo Longo Dos Sonhos 375ml + Condicionador 170ml,0,0,0,0,0
Drogaria São Paulo,Disponível,357.0,14,7895296048033.0,Domperidona 10mg Genérico Nova Quimica 30 Comprimidos,"22,62","8,59",-62.0%,"8,59",-62.0%
FarmaPonte,Esgotado,356.0,13,0.0,Cílios Postiços First Kiss Juicy Nude 03,0,0,0,0,0
Drogaria São Paulo,Disponível,356.0,13,7898216366323.0,Sinvastatina 40mg Genérico Pharlab 30 Comprimidos Revestidos,"35,71","17,51",-51.0%,"17,51",-51.0%
FarmaPonte,Esgotado,356.0,13,0.0,Escova de Cabelo Ever You Madeira 1 Unidade,0,0,0,0,0
Drogaria São Paulo,Disponível,356.0,12,7898049796830.0,Fosfato Sódico de Prednisolona 3mg/ml Genérico Vitamedic 60ml,"15,99","13,99",-12.5%,"13,99",-12.5%
FarmaPonte,Esgotado,356.0,13,0.0,Protetor Solar Facial com Cor Pink Cheeks Pink Stick FPS 90 FPUVA 70 15Km 14 g - Pro15Km,0,0,0,0,0
FarmaPonte,Esgotado,356.0,13,0.0,Unhas Postiças Média Autocolante Quadrada Pintada Absolute New York Magiquick Cobalt Blue 24 Unidades,0,0,0,0,0
FarmaPonte,Esgotado,356.0,14,0.0,Preservativo Camisinha Jontex Efeito Retardante 6 Unidades,0,0,0,0,0
Drogaria São Paulo,Disponível,356.0,15,7896523210728.0,Cetoconazol 200mg  Genérico Cimed 10 Comprimidos,"34,42","17,42",-49.4%,"17,42",-49.4%
FarmaPonte,Esgotado,356.0,15,0.0,Gel Modelador Capilar Lola From Rio Plot Twist Guava Butter 480g,0,0,0,0,0
Drogaria São Paulo,Disponível,356.0,14,7891045164993.0,Feldene 20mg Pfizer 15 Cápsulas,"169196,03","139169,90",-17.7%,"139169,90",-17.7%
Drogaria São Paulo,Disponível,356.0,14,7898430193989.0,Myrafer 100mg/ml Myralis 30ml + 1 Adaptador,"56,21","40,09",-28.7%,"40,09",-28.7%
FarmaPonte,Esgotado,356.0,12,0.0,Mix Básico de Farinhas sem Glúten 500g - Sabor Alternativo,0,0,0,0,0
Drogaria São Paulo,Disponível,356.0,12,7898096577857.0,Arflex Retard 200mg Diffucap 12 Cápsulas,"97,38","84,99",-12.7%,"84,99",-12.7%
Drogaria São Paulo,Disponível,356.0,17,7898216365166.0,Doxiclin 100mg Pharlab 15 Comprimidos,"41,83","29,58",-29.3%,"29,58",-29.3%
FarmaPonte,Esgotado,356.0,15,0.0,Mari Maria Creamy Matte - Batom Liquido 4ml - Rose Nude,0,0,0,0,0
Drogaria São Paulo,Disponível,355.0,14,7891317121198.0,Olmesartana Medoxomila 20mg Genérico Eurofarma 30 Comprimidos,"51,11","19,59",-61.7%,"19,59",-61.7%
FarmaPonte,Esgotado,355.0,13,0.0,Creme Depilatório Ever You Masculino 150g,0,0,0,0,0
Drogaria São Paulo,Disponível,355.0,14,7896094203075.0,Finalop 1mg Libbs 30 Comprimidos,"89,18","60,58",-32.1%,"60,58",-32.1%
Drogaria São Paulo,Disponível,355.0,12,7897595630773.0,"Triplixam 5mg + 1,25mg + 5mg Servier 30 Comprimidos","13,80","9,10",-34.1%,"9,10",-34.1%
FarmaPonte,Esgotado,355.0,13,0.0,Óleo de Coco Sem Sabor Copra Coco 200ml,0,0,0,0,0
FarmaPonte,Esgotado,355.0,13,0.0,Mãozinha para Coçar as Costas com Cabo Regulável - Supermedy,0,0,0,0,0
FarmaPonte,Esgotado,355.0,13,0.0,Bicarbonato de Sódio Natural Clean Okta 200g - DCMA,0,0,0,0,0
FarmaPonte,Esgotado,355.0,13,0.0,Bebida de Arroz Mundo Verde Seleção 200g,0,0,0,0,0
FarmaPonte,Esgotado,355.0,14,0.0,Óleo ozonizado  - 30ml,0,0,0,0,0
Drogaria São Paulo,Disponível,355.0,12,7897076921680.0,Succinato De Solifenacina 10mg Genérico Ranbaxy 30 Comprimidos,"170,66","99,99",-41.4%,"99,99",-41.4%
Drogaria São Paulo,Disponível,355.0,12,7897076912275.0,Cloridrato Nortriptilina 25mg Genérico Ranbaxy 30 comprimidos,"40,34","27,74",-31.2%,"27,74",-31.2%
FarmaPonte,Esgotado,355.0,14,0.0,Mari Maria Makeup Invisible Silk - Pó Solto Facial 8g - Quick-Bake8g,0,0,0,0,0
Drogaria São Paulo,Disponível,355.0,14,7896181921011.0,Prednisolona 3mg Genérico Biosintética 120ml,"21,95","15,59",-29.0%,"15,59",-29.0%
FarmaPonte,Esgotado,355.0,13,0.0,Aparelho Depilatório Bic Soleil Shave & Trim 2 Unidades,0,0,0,0,0
FarmaPonte,Esgotado,355.0,13,0.0,Pomada para Tratamento de Assaduras Dermodex Tratamento 60g,0,0,0,0,0
Drogaria São Paulo,Disponível,355.0,12,7891317123956.0,"Olmesartana Medoxomila 20mg + Hidroclorotiazida 12,5mg Genérico Eurofarma 30 comprimidos","59,87","42,59",-28.9%,"42,59",-28.9%
FarmaPonte,Esgotado,355.0,13,0.0,Bolsa de Água quente 2 litros Supermedy,0,0,0,0,0
Drogaria São Paulo,Disponível,355.0,14,7898054580189.0,"Neovlar 0,25mg + 0,05mg União Química 63 Comprimidos Revestidos","775,93","669,90",-13.7%,"669,90",-13.7%
Drogaria São Paulo,Disponível,355.0,12,7897316801277.0,Colírio Atropina 10mg/ml Allergan 5ml,"13,80","12,59",-8.8%,"12,59",-8.8%
FarmaPonte,Esgotado,355.0,15,0.0,Lenço Removedor De Oleosidade Ricca,0,0,0,0,0
FarmaPonte,Esgotado,355.0,14,0.0,Pós Barba Bálsamo Nivea Men Original Protect 100ml,0,0,0,0,0
FarmaPonte,Esgotado,355.0,14,0.0,Creme para Pentear Milagroso 3 em 1 L'Oréal Paris Elseve Cachos Longos dos Sonhos 500ml,0,0,0,0,0
FarmaPonte,Esgotado,355.0,14,0.0,Pasta Castanha de Caju Doce de Leite Eat Clean 300g,0,0,0,0,0
Drogaria São Paulo,Disponível,355.0,12,7896181916246.0,Arpadol 400mg Apsen 30 Comprimidos,"39,95","36,84",-7.8%,"36,84",-7.8%
FarmaPonte,Esgotado,355.0,13,0.0,Kit Hidramais Hidratante Corporal Perfume De Bebê 2 Unidades 500ml Cada,0,0,0,0,0
FarmaPonte,Esgotado,355.0,13,0.0,Fio Dental Oral-B Essential Floss Encerado Menta 50m,0,0,0,0,0
FarmaPonte,Esgotado,355.0,13,0.0,Bolsa De Água Quente Termogel 1 Unidade,0,0,0,0,0
FarmaPonte,Esgotado,355.0,14,0.0,Kit Escova de Dente Sensodyne Extra Macia Limpeza Profunda 2 Unidades,0,0,0,0,0
FarmaPonte,Esgotado,355.0,13,0.0,Perfume para Cabelo Sebastian Professional Dark Oil 200 ml,0,0,0,0,0
FarmaPonte,Esgotado,355.0,12,0.0,Bolsa Para Água Quente Pequena - Cor: Lilas,0,0,0,0,0
FarmaPonte,Esgotado,354.0,14,0.0,Hidratante Labial Carmed Fini Beijos 10g,0,0,0,0,0
Drogaria São Paulo,Disponível,354.0,13,7895296262040.0,Cinarizina 75mg Genérico Mepha 30 comprimidos,"21,69","16,37",-24.5%,"16,37",-24.5%
FarmaPonte,Esgotado,354.0,14,0.0,Máscara p/ Dormir Black Mask Termogel Beauty,0,0,0,0,0
Drogaria São Paulo,Disponível,354.0,14,7896112128762.0,Aciclovir 200mg Genérico Teuto 25 Comprimidos,"73,77","23,99",-67.5%,"23,99",-67.5%
FarmaPonte,Esgotado,354.0,13,0.0,Óleo Tratamento Capilar Salon Line S.O.S Cachos Multibenefícios 42ml,0,0,0,0,0
FarmaPonte,Esgotado,354.0,15,0.0,Caixa Família Exclusividade com 185g - Dadinho,0,0,0,0,0
FarmaPonte,Esgotado,354.0,13,0.0,Suprasoy sem Lactose Banana 300g,0,0,0,0,0
Drogaria São Paulo,Disponível,354.0,14,7896094211032.0,Renitec 10mg Organon 30 Comprimidos,"86,97","79,99",-8.0%,"79,99",-8.0%
Drogaria São Paulo,Disponível,354.0,13,7899095202221.0,"Xaloftal 0,05mg/ml Geolab 2,5ml Solução Oftálmica","105,40","97,99",-7.0%,"97,99",-7.0%
FarmaPonte,Esgotado,354.0,14,0.0,Bebida a Base de Aveia Orgânica Nude Cacau 200ml,0,0,0,0,0
Drogaria São Paulo,Disponível,354.0,12,7896714268873.0,Cloridrato de Nebivolol 5mg Genérico Hypermarcas 28 Comprimidos,"94,37","47,99",-49.1%,"47,99",-49.1%
Drogaria São Paulo,Disponível,354.0,15,7891268130065.0,Zitromax 500mg Pfizer 3 Comprimidos Revestidos,"48,76","44,87",-8.0%,"44,87",-8.0%
FarmaPonte,Esgotado,354.0,14,0.0,Barra De Proteína Bold Tube Avelã 30g,0,0,0,0,0
Drogaria São Paulo,Disponível,354.0,12,7896862918583.0,Hidroclorotiazida 25mg Genérico Medquimica 30 Comprimidos,"3,48","2,02",-42.0%,"2,02",-42.0%
FarmaPonte,Esgotado,354.0,13,0.0,Fécula de mandioca sem glúten 300g - Aminna,0,0,0,0,0
FarmaPonte,Esgotado,354.0,13,0.0,Cílios Postiços Profissionais Com 2 Unidades Corpus,0,0,0,0,0
FarmaPonte,Esgotado,354.0,13,0.0,Escova Dental Colgate Slim Soft Black 2 Unidades,0,0,0,0,0
FarmaPonte,Esgotado,354.0,12,0.0,"Regenerador Labial Ever You Dexpantenol Derma 7,5ml",0,0,0,0,0
FarmaPonte,Esgotado,354.0,14,0.0,Batom Líquido Matte Eudora Niina Secrets Skinny Rose Gardênia 5 ml,0,0,0,0,0
FarmaPonte,Esgotado,354.0,14,0.0,Whey Protein Isolado Sachê 27G Dux Nutrition Sachê Chocolate,0,0,0,0,0
FarmaPonte,Esgotado,354.0,14,0.0,Kit Shampoo Dabelle Abacate Nutritivo 250ml + Condicionador 200ml,0,0,0,0,0
FarmaPonte,Esgotado,354.0,14,0.0,Água de Limpeza Facial - Fand Makeup - 130ml,0,0,0,0,0
FarmaPonte,Esgotado,354.0,13,0.0,"Hidratante Labial Nivea Cereja Shine 4,8g",0,0,0,0,0
FarmaPonte,Esgotado,354.0,13,0.0,Mari Maria Makeup Invisible Silk - Pó Solto Facial 8g - Golden-Set8g,0,0,0,0,0
FarmaPonte,Esgotado,354.0,14,0.0,Pomada Massageadora Fisiofort 150G Bio Instinto,0,0,0,0,0
FarmaPonte,Esgotado,354.0,14,0.0,Spray Clareador de Cabelo Phytoervas Sun In 120ml,0,0,0,0,0
Drogaria São Paulo,Disponível,354.0,14,7896094921177.0,Venalot 15mg + 90mg Cosmed 30 Comprimidos,"76,17","70,59",-7.3%,"70,59",-7.3%
FarmaPonte,Esgotado,353.0,13,0.0,Carb Up Gel Morango Silvestre Probiótica - 30 G,0,0,0,0,0
FarmaPonte,Esgotado,353.0,13,0.0,Pasta de Dente Oral-B Kids Spiderman 50g,0,0,0,0,0
FarmaPonte,Esgotado,353.0,13,0.0,Cílios Postiços Juice Volume 02 - Kiss New York,0,0,0,0,0
FarmaPonte,Esgotado,353.0,12,0.0,Mentos Ice Mint - 38g,0,0,0,0,0
Drogaria São Paulo,Disponível,353.0,15,7898581711261.0,Neuleptil 10mg Sanofi 20 Comprimidos,"14,75","13,75",-6.8%,"13,75",-6.8%
FarmaPonte,Esgotado,353.0,13,0.0,Fio Dental Johnson's Reach Expansion Plus Menta 50m,0,0,0,0,0
FarmaPonte,Esgotado,353.0,14,0.0,"Naridrin 1mg/ml + 0,2mg/ml + 5mg/ml EMS 30ml Solução Nasal",0,0,0,0,0
Drogaria São Paulo,Disponível,353.0,12,7898569760496.0,Rosuvastatina Cálcica 20mg Genérico Althaia 30 Comprimidos,"83,11","23,99",-71.1%,"23,99",-71.1%
FarmaPonte,Esgotado,353.0,14,0.0,"Lápis para Lábios Vult Paz e Amor Vermelho Hippie 1,2g",0,0,0,0,0
Drogaria São Paulo,Disponível,353.0,13,7896070603271.0,Nootropil 800mg Sanofi Aventis 30 cápsulas,"48,15","44,38",-7.8%,"44,38",-7.8%
FarmaPonte,Esgotado,353.0,13,0.0,Lenços Systane Lid Wipes Alcon 30 Unidades,0,0,0,0,0
FarmaPonte,Esgotado,353.0,13,0.0,Retoque Instantâneo Spray Koleston Castanho Escuro 100ml,0,0,0,0,0
FarmaPonte,Esgotado,353.0,14,0.0,Hastes Plásticas Flexcíveis Ever Care 300 Unidades,0,0,0,0,0
Drogaria São Paulo,Disponível,353.0,13,7891317127404.0,"Indapamida 1,5mg Genérico Eurofarma 30 Comprimidos","36,72","13,99",-61.9%,"13,99",-61.9%
FarmaPonte,Esgotado,353.0,15,0.0,"Creme Cicatricure Antissinais Técnologia Bioregenext Rosto, Pescoço e Colo 30g",0,0,0,0,0
FarmaPonte,Esgotado,353.0,15,0.0,Pó Compacto Aveludado Bruna Tavares BT Powder Cor 70 11 g,0,0,0,0,0
Drogaria São Paulo,Disponível,353.0,15,7899420501715.0,Alektos 20mg Hypera 20 Comprimidos,"109,99","109,99",-,"109,99",-
FarmaPonte,Esgotado,353.0,15,0.0,"Lápis Labial Essence Soft & Precise 24 Fierce 0,78g - 0,78G",0,0,0,0,0
FarmaPonte,Esgotado,353.0,13,0.0,Creme clareador HydrOlive 20g,0,0,0,0,0
FarmaPonte,Esgotado,353.0,13,0.0,Percoide 3mg/ml Momenta 60ml Solução Oral,0,0,0,0,0
Drogaria São Paulo,Disponível,353.0,14,7891317016326.0,Atak Clav 875mg + 125mg Eurofarma 20 Comprimidos,"43,93","26,52",-39.6%,"26,52",-39.6%
FarmaPonte,Esgotado,353.0,14,0.0,"Hidra Balm Hidratante Eudora Niina Secrets Caramelo 3,2 g",0,0,0,0,0
FarmaPonte,Esgotado,353.0,12,0.0,Creme para Pentear Johnson's Kids Blackinho Poderoso 200ml,0,0,0,0,0
Drogaria São Paulo,Disponível,352.0,13,7896004704180.0,Carbamazepina 200mg Genérico EMS 20 Comprimidos,"13,94","9,84",-29.4%,"9,84",-29.4%
FarmaPonte,Esgotado,352.0,13,0.0,Barra De Proteína Ever Nutri Chocolate 40g,0,0,0,0,0
FarmaPonte,Esgotado,352.0,13,0.0,Pipoca Lemon Pepper Mais Pura 40g,0,0,0,0,0
Drogaria São Paulo,Disponível,352.0,12,7891317003647.0,Levofloxacino 750mg Genérico Eurofarma 7 Comprimidos,"113,46","62,99",-44.5%,"62,99",-44.5%
Drogaria São Paulo,Disponível,352.0,14,7898581710608.0,"Noripurum Fólico 100mg + 0,35mg Blanver 30 Comprimidos","78,03","71,99",-7.7%,"71,99",-7.7%
FarmaPonte,Esgotado,352.0,14,0.0,Keflex 500mg Bagó 8 drágeas,0,0,0,0,0
Drogaria São Paulo,Disponível,352.0,14,7896006209027.0,Climene 2mg + 2mg + 1mg União Química 21 Comprimidos,"27,03","16,03",-40.7%,"16,03",-40.7%
FarmaPonte,Esgotado,352.0,13,0.0,Loção Prolongadora Do Bronzeado Ever Care 120g,0,0,0,0,0
FarmaPonte,Esgotado,352.0,13,0.0,Loção Hidratante Corporal Nivea Milk Pele Seca e Extrasseca 400ml,0,0,0,0,0
Drogaria São Paulo,Disponível,352.0,14,7896004737324.0,"Diclin 2mg + 0,035mg Merck 21 Comprimidos Revestidos","57,00","57,00",-,"57,00",-
Drogaria São Paulo,Disponível,352.0,15,7896004747910.0,Cibex 200mg Supera 10 Cápsulas,"49,66","44,99",-9.4%,"44,99",-9.4%
FarmaPonte,Esgotado,352.0,13,0.0,"Miranova 0,10mg + 0,02mg Bayer 21 Drágeas",0,0,0,0,0
FarmaPonte,Esgotado,352.0,13,0.0,Eudora Niina Secrets Skin - Gel de Limpeza Facial 100ml,0,0,0,0,0
Drogaria São Paulo,Disponível,352.0,14,7896181925828.0,Cilostazol 50mg Genérico Aché 60 Comprimidos,"28,02","24,54",-12.4%,"24,54",-12.4%
FarmaPonte,Esgotado,352.0,14,0.0,Lubrificante Íntimo K-Med Gel Ice Netflix Sex Education 200g,0,0,0,0,0
Drogaria São Paulo,Disponível,352.0,14,7899547501230.0,Olanzapina 5mg Genérico Prati-Donaduzzi 30 Comprimidos,"124,63","31,49",-74.7%,"31,49",-74.7%
Drogaria São Paulo,Disponível,352.0,13,7897337706384.0,Cozaar 50mg Organon 30 Comprimidos,"69,81","64,67",-7.4%,"64,67",-7.4%
FarmaPonte,Esgotado,352.0,13,0.0,Bebida Repositora Hidroeletrolítico Pedialyte Max Maçã 500ml,0,0,0,0,0
FarmaPonte,Esgotado,352.0,13,0.0,Tônico De Crescimento Capilar - 100 Ml,0,0,0,0,0
FarmaPonte,Esgotado,352.0,12,0.0,Esponja Splum Vegetal Pedaço Médio Santa Maria,0,0,0,0,0
Drogaria São Paulo,Disponível,352.0,13,7896523216621.0,Aciclovir 200mg Genérico Cimed 30 Comprimidos,"118,57","22,03",-81.4%,"22,03",-81.4%
FarmaPonte,Esgotado,352.0,13,0.0,Preservativo Camisinha Jontex Sensitive 8 Unidades,0,0,0,0,0
FarmaPonte,Esgotado,351.0,13,0.0,Protetor Solar Neutrogena Sun Fresh FPS 70 200ml,0,0,0,0,0
FarmaPonte,Esgotado,351.0,14,0.0,"Lidosporin 12000UI/ml + 45,4mg/ml Farmoquímica 10ml Solução Otológica",0,0,0,0,0
FarmaPonte,Esgotado,351.0,13,0.0,Océane Duo Brow Pencil Cor 4705/476 - Lápis Para Sobrancelha,0,0,0,0,0
Drogaria São Paulo,Disponível,351.0,15,7898430191893.0,Diost 2mg Myralis 30 Comprimidos,"68,51","34,50",-49.6%,"34,50",-49.6%
FarmaPonte,Esgotado,351.0,14,0.0,Barra de Proteína Black Skull Whey Torta de Coco com Chocolate Zero Lactose 45g,0,0,0,0,0
Drogaria São Paulo,Disponível,351.0,15,7896658038068.0,Trometamol Cetorolaco 10mg Genérico Biosintética 10 Comprimidos Sublinguais Sabor Limão,"32,85","21,99",-33.1%,"21,99",-33.1%
Drogaria São Paulo,Disponível,351.0,12,8902220119574.0,Gliclazida 30mg Genérico Torrent Pharma 30 Comprimidos,"28,62","16,99",-40.6%,"16,99",-40.6%
Drogaria São Paulo,Disponível,351.0,13,8054083015101.0,Level 100mcg + 20mcg Biolab 21 Comprimidos Revestidos,"84041,83","72999,90",-13.1%,"72999,90",-13.1%
FarmaPonte,Esgotado,351.0,14,0.0,Protetor Labial Cube Morango + Lip Ice Alta Proteção Fps 30 Grátis - Cube Morango + Lip Ice® Alta Proteção Fps 30 Grátis,0,0,0,0,0
Drogaria São Paulo,Disponível,351.0,15,7895858016241.0,Durateston 30mg + 60mg + 100mg + 60mg Apsen 1ml 1 Ampola,"60,12","43,59",-27.5%,"43,59",-27.5%
FarmaPonte,Esgotado,351.0,14,0.0,Adoçante Líquido Stevita Zero Lactose 60ml,0,0,0,0,0
FarmaPonte,Esgotado,351.0,13,0.0,Esponja Para Limpeza de Pele - Piggy Sponge Azul Océane,0,0,0,0,0
FarmaPonte,Esgotado,351.0,12,0.0,Lenço Umedecido Nasal Salsep 30 Unidades,0,0,0,0,0
FarmaPonte,Esgotado,351.0,12,0.0,Máscara Amend Expertise Marula Fabulous Nutrittion 300g,0,0,0,0,0
Drogaria São Paulo,Disponível,351.0,14,7894916509503.0,Quetros 25mg Aché 60 Comprimidos Revestidos,"86,61","74,59",-13.9%,"74,59",-13.9%
FarmaPonte,Esgotado,351.0,15,0.0,Lapiseira Para Olhos Cat Lovers Tigrado Bege Vizzela,0,0,0,0,0
FarmaPonte,Esgotado,351.0,14,0.0,Chá Leão Ice Tea Pêssego 450ml,0,0,0,0,0
FarmaPonte,Esgotado,351.0,14,0.0,Australian Gold  FPS 30 Instant Bronzer Gel Sunscreen - Acelerador Bronzeador 237ml,0,0,0,0,0
Drogaria São Paulo,Disponível,351.0,14,7894916209908.0,Somalgin Cardio 81mg EMS 60 Comprimidos,"25,34","25,34",-,"25,34",-
FarmaPonte,Esgotado,351.0,13,0.0,Topison 1mg/g Libbs 20g Creme,0,0,0,0,0
FarmaPonte,Esgotado,351.0,13,0.0,Rk Diamond Pop Bouncy Crystal Glam Shine - Multi Glitter,0,0,0,0,0
FarmaPonte,Esgotado,351.0,12,0.0,Vizzela Hello Brow! Marrom Médio - Gel Para Sobrancelhas 8g,0,0,0,0,0
Drogaria São Paulo,Disponível,351.0,13,7891158101724.0,Divalproato de Sodio ER 250mg Genérico Abbot 30 Comprimidos,"47,46","40,99",-13.6%,"40,99",-13.6%
FarmaPonte,Esgotado,350.0,14,0.0,Grampo para Cabelo Ever You Apliques 3 Unidades,0,0,0,0,0
Drogaria São Paulo,Disponível,350.0,16,7896004753157.0,Chá Verde (Green Tea) 500mg 120 Cápsulas,"392,31","275,90",-29.7%,"275,90",-29.7%
FarmaPonte,Esgotado,350.0,12,0.0,"Bauny - Lápis Delineador para Olhos 1,10g - Branco",0,0,0,0,0
Drogaria São Paulo,Disponível,350.0,13,7896261001183.0,Femoston Conti 1mg + 5mg Abbott 28 Comprimidos Revestidos,"1306,50","1300,90",-0.4%,"1300,90",-0.4%
Drogaria São Paulo,Disponível,350.0,13,7896658022203.0,Trezete 10mg + 10mg Aché 30 Comprimidos,"66,33","63,89",-3.7%,"63,89",-3.7%
FarmaPonte,Esgotado,350.0,13,0.0,Hidratante Labial Carmed Barbie 65 Pink 10g,0,0,0,0,0
FarmaPonte,Esgotado,350.0,12,0.0,Energético Red Bull The Summer Edition Drink Pitaya 250ml,0,0,0,0,0
FarmaPonte,Esgotado,350.0,15,0.0,Gel Facial Anti-Idade Vitamina C Dermachem 100g,0,0,0,0,0
FarmaPonte,Esgotado,350.0,16,0.0,Creme de Barbear Bozzano Refrescante e Antibac 65g,0,0,0,0,0
Drogaria São Paulo,Disponível,350.0,15,7896672203886.0,Broncho-Vaxon Adulto 7mg Chiesi Farmacêutica 10 Cápsulas,"110,72","101,91",-8.0%,"101,91",-8.0%
FarmaPonte,Esgotado,350.0,12,0.0,Reparador De Pontas Haskell Cavalo Forte 35ml,0,0,0,0,0
FarmaPonte,Esgotado,350.0,15,0.0,Lenço Umedecido Nasal Adulto Ever Care Sem Perfume 25 Unidades,0,0,0,0,0
FarmaPonte,Esgotado,350.0,13,0.0,Algodão Quadrado Ever Care Baby 100 Unidades,0,0,0,0,0
FarmaPonte,Esgotado,350.0,13,0.0,Leave-in N.P.P.E. Hair Care SH-RD Protein Cream 15 ml,0,0,0,0,0
Drogaria São Paulo,Disponível,350.0,14,7896004705873.0,Vesicare 5mg Astellas 10 Comprimidos,"25,84","7,61",-70.5%,"7,61",-70.5%
Drogaria São Paulo,Disponível,350.0,13,7895296280204.0,Alprazolam 2mg Genérico Mepha 30 Comprimidos,"83,20","35,99",-56.7%,"35,99",-56.7%
FarmaPonte,Esgotado,350.0,13,0.0,Oleo de Gergelim Sesamo Real 250ml,0,0,0,0,0
Drogaria São Paulo,Disponível,350.0,13,7891317431358.0,Espironolactona 25mg Genérico Eurofarma 30 Comprimidos,"28,56","19,59",-31.4%,"19,59",-31.4%
FarmaPonte,Esgotado,350.0,12,0.0,Brinco Infantil System 75 Cristal,0,0,0,0,0
Drogaria São Paulo,Disponível,350.0,16,7894916144469.0,Cloridrato De Sibutramina Monoidratado 15mg Genérico Legrand 30 Cápsulas,"97,82","39,89",-59.2%,"39,89",-59.2%
FarmaPonte,Esgotado,350.0,14,0.0,Bebida Láctea UHT Energy Boost YoPRO Cappuccino 15g de proteínas 250ml,0,0,0,0,0
Drogaria São Paulo,Disponível,350.0,12,7897076910929.0,Cinarizina 75mg Genérico Ranbaxy Farm  30 Comprimidos,"23,38","14,59",-37.6%,"14,59",-37.6%
FarmaPonte,Esgotado,350.0,14,0.0,Chá sabor camomila caixa com 10 sachês - Leão,0,0,0,0,0
FarmaPonte,Esgotado,350.0,13,0.0,Shampoo Infantil Seda Juntinhos Frozen Brilho Encantado 300ml,0,0,0,0,0
FarmaPonte,Esgotado,350.0,12,0.0,Pó Descolorante Queratina Yamá 50g,0,0,0,0,0
FarmaPonte,Esgotado,350.0,13,0.0,Creme Depilatório Depi Roll Power 130g,0,0,0,0,0
Drogaria São Paulo,Disponível,349.0,13,7899095238671.0,Oxalato De Escitalopram 10mg Genérico Geolab 30 Comprimidos,"65,38","45,66",-30.2%,"45,66",-30.2%
Drogaria São Paulo,Disponível,349.0,14,7896206402020.0,"Pulmicort 0,5mg/ml Astrazeneca 2ml 5 Flaconetes Solução para Nebulização","73,39","68,99",-6.0%,"68,99",-6.0%
Drogaria São Paulo,Disponível,349.0,15,7896015516956.0,"Roxetin Xr 12,5mg Supera 30 Comprimidos","124,96","115,63",-7.5%,"115,63",-7.5%
FarmaPonte,Esgotado,349.0,13,0.0,Kit Protetor Solar Corporal Helioderm Suncare FPS50 200ml + 150ml - Kit Protetor Solar Corporal Helioderm Suncare FPS50 200ml + 120ml,0,0,0,0,0
Drogaria São Paulo,Disponível,349.0,13,7896714291963.0,"Apixabana 2,5mg Genérico Neo Química 20 Comprimidos Revestidos","77,67","60,99",-21.5%,"60,99",-21.5%
Drogaria São Paulo,Disponível,349.0,12,7897595602473.0,Cloridrato de Doxilina 100mg Genérico Pharlab 15 Comprimidos,"54,12","31,67",-41.5%,"31,67",-41.5%
FarmaPonte,Esgotado,349.0,12,0.0,Óleo Capilar Sebastian Professional Dark Oil 30 ml,0,0,0,0,0
Drogaria São Paulo,Disponível,349.0,13,7891721202858.0,Levotiroxina Sódica 100mcg Genérico Merck S/A 30 Comprimidos,"10,49","9,99",-4.8%,"9,99",-4.8%
Drogaria São Paulo,Disponível,349.0,12,7898687733990.0,Etodolaco 500mg Genérico Althaia 14 Comprimidos Revestidos,"32,97","23,99",-27.2%,"23,99",-27.2%
FarmaPonte,Esgotado,349.0,13,0.0,Kit Elseve Hidra Hialurônico Shampoo 375ml + Condicionador 170ml,0,0,0,0,0
FarmaPonte,Esgotado,349.0,15,0.0,Brinco Studex Baby Daisy Cristal Rosa Fúcsia 1 Par,0,0,0,0,0
FarmaPonte,Esgotado,349.0,12,0.0,"Batom Líquido Matte Essence 8h Matte 02 Silky Hazelnut 2,5ml",0,0,0,0,0
FarmaPonte,Esgotado,349.0,12,0.0,Farinha sem Glúten Aminna 500g,0,0,0,0,0
Drogaria São Paulo,Disponível,349.0,13,7897917004671.0,Pamelor 25mg Cellera 30 Cápsulas,"188,79","161,99",-14.2%,"161,99",-14.2%
FarmaPonte,Esgotado,349.0,13,0.0,Máscara de Tratamento Lola Cosmetics Be(m)dita Ghee Hidratação Banana e Aloe Vera 100g,0,0,0,0,0
FarmaPonte,Esgotado,349.0,13,0.0,Loção de Limpeza Pré Depilação Depilsam 310Ml,0,0,0,0,0
FarmaPonte,Esgotado,349.0,13,0.0,Protetor Diário Carefree Proteção Original Com Fragrância 40 Unidades,0,0,0,0,0
Drogaria São Paulo,Disponível,349.0,12,7895296196017.0,"Sulfato de Terbutalina 0,3mg/ml + Guaifenesina 13,3mg/ml Genérico EMS 100 ml Xarope","14,20","13,64",-3.9%,"13,64",-3.9%
FarmaPonte,Esgotado,349.0,12,0.0,Condicionador Pantene 3 Minutos Milagrosos Nutrição Umectante 170ml,0,0,0,0,0
FarmaPonte,Esgotado,349.0,13,0.0,Caixa de Bombom Nestle Especialidades Caixa 251g,0,0,0,0,0
Drogaria São Paulo,Disponível,349.0,13,7898060138060.0,Captocord 25mg Globo 30 Comprimidos,"14,05","10,59",-24.6%,"10,59",-24.6%
Drogaria São Paulo,Disponível,349.0,15,7891317021948.0,"Drospirenona 3mg + Etinilestradiol 0,03mg Genérico Eurofarma 21 Comprimidos","53,76","23,75",-55.8%,"23,75",-55.8%
Drogaria São Paulo,Disponível,349.0,15,7896112170310.0,Furosemida 40mg Genérico Teuto 20 Comprimidos,"11,42","5,63",-50.7%,"5,63",-50.7%
FarmaPonte,Esgotado,349.0,13,0.0,Choco KI Achocolatado Vitamin Essential Nutrition 300g,0,0,0,0,0
FarmaPonte,Esgotado,349.0,14,0.0,Creme Facial Antissinais Nivea Cellular Expert Filler Noite 49g,0,0,0,0,0
FarmaPonte,Esgotado,349.0,14,0.0,Absorvente Always Tamanho P Suave 32 Unidades,0,0,0,0,0
FarmaPonte,Esgotado,349.0,14,0.0,Óleo Bioré Make Up Demaquilante Removedor 230ml,0,0,0,0,0
FarmaPonte,Esgotado,349.0,13,0.0,Suplemento Vitamínico LAVITAN Ômega 3 1000mg com 60 Cápsulas Gelatinosas,0,0,0,0,0
FarmaPonte,Esgotado,349.0,12,0.0,Protetor Labial Pack Soft de Baunilha com Cereja Refrescante - Pack Soft Baunilha com Cereja Refrescante,0,0,0,0,0
FarmaPonte,Esgotado,348.0,13,0.0,Creme Finalizador Bed Head Small Talk 125ml,0,0,0,0,0
FarmaPonte,Esgotado,348.0,13,0.0,Pasta de Dente Oral-B Anticáries Escudo Antiaçúcar 70g,0,0,0,0,0
FarmaPonte,Esgotado,348.0,13,0.0,"Caneta Delineadora Líquida Matte Fran by Franciny Ehlke Black 1,2 mL",0,0,0,0,0
FarmaPonte,Esgotado,348.0,13,0.0,Refresco Magro Sabor Uva Zero Açucares Refil 80G,0,0,0,0,0
FarmaPonte,Esgotado,348.0,14,0.0,Cera Refil Roll-On Corporal Depilsam Menta 100G,0,0,0,0,0
Drogaria São Paulo,Disponível,348.0,14,7896112403173.0,"Levonorgestrel 0,15mg + Etinilestradiol 0,03mg Genérico Biolab 63 Comprimidos","23,24","18,99",-18.3%,"18,99",-18.3%
FarmaPonte,Esgotado,348.0,13,0.0,Elástico para Cabelo Ever You Vermelho Fio de Meia 8 Unidades,0,0,0,0,0
FarmaPonte,Esgotado,348.0,13,0.0,Piranha de Cabelo Zalike Acrílico Animal Pequena 7cm,0,0,0,0,0
FarmaPonte,Esgotado,348.0,13,0.0,Chocolate Crunsh ao Leite90g,0,0,0,0,0
FarmaPonte,Esgotado,348.0,15,0.0,Bala Halls Cereja 28g,0,0,0,0,0
FarmaPonte,Esgotado,348.0,14,0.0,Mamadeira Mam Easy Active 330ml Cor Neutra 1 Unidade,0,0,0,0,0
Drogaria São Paulo,Disponível,348.0,13,7891317139469.0,Pregabalina 150mg Genérico Eurofarma 30 Cápsulas,"153,98","45,99",-70.1%,"45,99",-70.1%
FarmaPonte,Esgotado,348.0,13,0.0,Uno-Ciclo 150mg/ml + 10mg/ml União Química 1ml Ampola,0,0,0,0,0
FarmaPonte,Esgotado,348.0,13,0.0,Geléia de Vaselina Vasenol Recuperação Intensiva 100g,0,0,0,0,0
FarmaPonte,Esgotado,348.0,16,0.0,Esponja de Banho Ever Care Sintética Softcare 1 Unidade,0,0,0,0,0
Drogaria São Paulo,Disponível,348.0,12,7898148291298.0,Metformina 850mg Genérico Prati 30 Comprimidos,"7,98","6,59",-17.4%,"6,59",-17.4%
FarmaPonte,Esgotado,348.0,14,0.0,Protetor Solar Facial com Cor Pink Cheeks Pink Stick FPS 90 FPUVA 70 42Km 14g,0,0,0,0,0
FarmaPonte,Esgotado,348.0,12,0.0,Pincel Para Detalhe - Make Me Perfect Baby Ocn14 Océane,0,0,0,0,0
FarmaPonte,Esgotado,348.0,12,0.0,Creme para Barbear Gillette 150ml,0,0,0,0,0
FarmaPonte,Esgotado,348.0,14,0.0,Gel de Limpeza Facial Océane Acne Care Cleanser 100 ml,0,0,0,0,0
FarmaPonte,Esgotado,348.0,14,0.0,Lubrificante Íntimo Ever You 120g,0,0,0,0,0
FarmaPonte,Esgotado,348.0,13,0.0,Cílios Postiços Sintético Volumoso Absolute New York Eternity 5D Silk Lash Sapphire 203 Preto 1 Par,0,0,0,0,0
FarmaPonte,Esgotado,348.0,13,0.0,Aparelho De Barbear Gillette Mach3 Aqua-Grip Regular + 2 Cargas,0,0,0,0,0
FarmaPonte,Esgotado,348.0,13,0.0,Pielsana Polihexanida Gel - 100G,0,0,0,0,0
FarmaPonte,Esgotado,348.0,15,0.0,"Máscara Para Sobrancelhas Em Gel Essence Make Me Brow 4 Ashy Brows 3,8ml",0,0,0,0,0
Drogaria São Paulo,Disponível,348.0,12,8902220106758.0,Lamitor CD 100mg Torrent 30 Comprimidos,"107,86","100,48",-6.8%,"100,48",-6.8%
Drogaria São Paulo,Disponível,347.0,14,7896658002403.0,Leucogen 20mg/5ml Aché 120ml Xarope,"118,12","81,67",-30.9%,"81,67",-30.9%
FarmaPonte,Esgotado,347.0,14,0.0,Protetor Solar Facial Nívea Sun Toque Seco FPS70 Antissinais 40ml,0,0,0,0,0
FarmaPonte,Esgotado,347.0,14,0.0,Sabonete Facial Bioré Marshmallow Whip Moistyre 150ml,0,0,0,0,0
Drogaria São Paulo,Disponível,347.0,15,7891317014162.0,Atak Clav 875g Momenta 14 Comprimdios,"75,12","59,99",-20.1%,"59,99",-20.1%
Drogaria São Paulo,Disponível,347.0,13,7897316801277.0,Colírio Cromolerg 40mg/ml Allergan 5ml,"13,80","12,59",-8.8%,"12,59",-8.8%
FarmaPonte,Esgotado,347.0,12,0.0,Base Líquida Matte Fran by Franciny Ehlke Real Filter M-04 30 g,0,0,0,0,0
FarmaPonte,Esgotado,347.0,12,0.0,Bauny - Pó Compacto Facial com FPS 25 10g - Cor 040,0,0,0,0,0
FarmaPonte,Esgotado,347.0,13,0.0,Bolsa Térmica de Gel Baby Termogel,0,0,0,0,0
Drogaria São Paulo,Disponível,347.0,14,7896004756851.0,Orlistate 120mg Genérico Germed 30 Cápsulas,"141,05","82,16",-41.8%,"82,16",-41.8%
Drogaria São Paulo,Disponível,347.0,12,7899551304094.0,Cloridrato de Nebivolol 5mg Genérico Biolab 60 Comprimidos,"96,93","57,99",-40.2%,"57,99",-40.2%
FarmaPonte,Esgotado,347.0,13,0.0,Desinchá Morango com Baunilha 10sch 15g,0,0,0,0,0
FarmaPonte,Esgotado,347.0,12,0.0,Pincel Para Pó - Fix My Shine Ocn4 Océane,0,0,0,0,0
FarmaPonte,Esgotado,347.0,12,0.0,Protetor Solar Neutrogena Sun Fresh FPS 30 200ml,0,0,0,0,0
FarmaPonte,Esgotado,347.0,14,0.0,Minancora Action Antiacne 30g,0,0,0,0,0
FarmaPonte,Esgotado,347.0,13,0.0,Kinder Bueno White 39g,0,0,0,0,0
FarmaPonte,Esgotado,347.0,14,0.0,Escova de Cabelo Belliz Flex Raquete Rosa 1 Unidade,0,0,0,0,0
FarmaPonte,Esgotado,347.0,14,0.0,Manteiga Nutritiva Nutrição Intensa Murumuru Haskell 500g,0,0,0,0,0
Drogaria São Paulo,Disponível,347.0,15,7898569765149.0,Vitamina D3 10.000UI Althaia 30 Cápsulas,"148,30","81,59",-45.0%,"81,59",-45.0%
FarmaPonte,Esgotado,347.0,13,0.0,Payot Pó Compacto Retinol 10g - Cor_10,0,0,0,0,0
FarmaPonte,Esgotado,347.0,14,0.0,Conjunto para Cabelo Soft Kuka Rosa 7258,0,0,0,0,0
FarmaPonte,Esgotado,347.0,15,0.0,Creme Fortalecedor Para Unhas - 12 Gramas,0,0,0,0,0
Drogaria São Paulo,Disponível,347.0,15,7899420507885.0,Tramal Retard 50mg Grünenthal 10 Comprimidos,"157,47","134,99",-14.3%,"134,99",-14.3%
FarmaPonte,Esgotado,347.0,12,0.0,Gel Lubrificante Olla Íntimo 50g,0,0,0,0,0
Drogaria São Paulo,Disponível,347.0,13,7896523201887.0,Dipirona Monoidratada 1g Genérico Cimed 10 Comprimidos,"26,09","10,59",-59.4%,"10,59",-59.4%
FarmaPonte,Esgotado,347.0,13,0.0,Óleo Essencial de Mandarina 10ml – Terra Flor,0,0,0,0,0
FarmaPonte,Esgotado,347.0,12,0.0,Creme OAZ para Pernas Cansadas 300ml,0,0,0,0,0
FarmaPonte,Esgotado,347.0,13,0.0,Fórmula Infantil NAN Comfor HMO de 6 a 12 Meses 800g,0,0,0,0,0
FarmaPonte,Esgotado,346.0,13,0.0,"Protetor Labial Ever You Cereja 3,6g",0,0,0,0,0
FarmaPonte,Esgotado,346.0,17,0.0,Cefaliv 1mg + 100mg + 350mg Aché 12 Comprimidos,0,0,0,0,0
FarmaPonte,Esgotado,346.0,14,0.0,Cera Depilatória Cremosa Facial Depilsam Mel 40g,0,0,0,0,0
FarmaPonte,Esgotado,346.0,13,0.0,Balm Hidratante Para Barbear Dr. Jones 100ml,0,0,0,0,0
FarmaPonte,Esgotado,346.0,14,0.0,Bala De Gelatina Fini Amoras 90g,0,0,0,0,0
FarmaPonte,Esgotado,346.0,12,0.0,Absorvente Sym Cobertura Suave Com Abas 16 Unidades,0,0,0,0,0
Drogaria São Paulo,Disponível,346.0,13,7891268148831.0,"Venzer HCT 16mg + 12,5mg Libbs 30 Comprimidos","191,72","182,20",-5.0%,"182,20",-5.0%
Drogaria São Paulo,Disponível,346.0,13,7896523200118.0,Valsartana 160mg Genérico Cimed 30 Comprimidos,"48,99","48,99",-,"48,99",-
Drogaria São Paulo,Disponível,346.0,13,7897595631510.0,Secnidazol 1000mg Genérico Sandoz 2 Comprimidos,"25,64","14,59",-43.1%,"14,59",-43.1%
FarmaPonte,Esgotado,346.0,12,0.0,Shampoo Anticaspa Clear Hidratação Intensa 400ml,0,0,0,0,0
FarmaPonte,Esgotado,346.0,13,0.0,Loção Demaquilante Facial Ever You Oil Free 200ml,0,0,0,0,0
FarmaPonte,Esgotado,346.0,13,0.0,Kit Smilebox Luciano Martins Estojo e Fio Dental 2 Em 1 Fada Dos Dentes 1 Unidade,0,0,0,0,0
FarmaPonte,Esgotado,346.0,13,0.0,Amêndoa torrada e salgada pacote com 200g - Brasil Frutt,0,0,0,0,0
Drogaria São Paulo,Disponível,346.0,15,7897851221141.0,"Divelol 6,25mg Baldacci 60 Comprimidos","58,27","53,89",-7.5%,"53,89",-7.5%
Drogaria São Paulo,Disponível,346.0,15,7896004710433.0,Rifamicina SV Sódica 10mg/ml Genérico Germed 20ml Solução Spray,"26,38","16,99",-35.6%,"16,99",-35.6%
FarmaPonte,Esgotado,346.0,14,0.0,Tracta Vanessa Rozan - Batom Bala - Pina,0,0,0,0,0
FarmaPonte,Esgotado,346.0,13,0.0,Lexotan 3mg Moksha8 30 Cápsulas,0,0,0,0,0
FarmaPonte,Esgotado,346.0,13,0.0,Bucha Ogânica Ever Care Vegetal 1 Unidade,0,0,0,0,0
FarmaPonte,Esgotado,346.0,16,0.0,Bucha Orgânica Ever Care Vegetal Costura 1 Unidade,0,0,0,0,0
FarmaPonte,Esgotado,345.0,13,0.0,Mamadeira Clássica Philips Avent 260ml,0,0,0,0,0
Drogaria São Paulo,Disponível,345.0,14,7896094210707.0,"Naramig 2,5mg GSK 4 Comprimidos","188,01","176,59",-6.1%,"176,59",-6.1%
Drogaria São Paulo,Disponível,345.0,13,7894916325769.0,Allovita 50mg/mL Legrand 1 Frasco Spray com 50 Ml + Extensor,"61,21","55,83",-8.8%,"55,83",-8.8%
Drogaria São Paulo,Disponível,345.0,17,7896226506388.0,Prolopa DR 200mg + 50mg Roche 30 Comprimidos,"131,38","101,99",-22.4%,"101,99",-22.4%
FarmaPonte,Esgotado,345.0,13,0.0,Chocolate Bis Xtra Oreo 45g,0,0,0,0,0
FarmaPonte,Esgotado,345.0,13,0.0,Minoxidil em caneta 15 mL BS Pharma,0,0,0,0,0
FarmaPonte,Esgotado,345.0,14,0.0,Chá branco 500mg 60 Cápsulas,0,0,0,0,0
FarmaPonte,Esgotado,345.0,14,0.0,Gel creme anti rugas 30g,0,0,0,0,0
FarmaPonte,Esgotado,345.0,13,0.0,"Kolpocervix 0,6U/g + 0,01g/g Zydus Nikkho 1 Bisnaga com 30g + 6 Aplicadores",0,0,0,0,0
FarmaPonte,Esgotado,345.0,13,0.0,Granola Dark Chocolate Puravida 180g,0,0,0,0,0
FarmaPonte,Esgotado,345.0,13,0.0,Dicoxibe 200mg Pfizer-Whitehall 15 Comprimidos,0,0,0,0,0
Drogaria São Paulo,Disponível,345.0,13,7896004759692.0,Clonazepam 2mg Genérico EMS 60 Comprimidos,"39,83","10,09",-74.7%,"10,09",-74.7%
FarmaPonte,Esgotado,345.0,13,0.0,Preservativo Camisinha Jontex Orgasmo em Sintonia 2 Unidades,0,0,0,0,0
FarmaPonte,Esgotado,345.0,14,0.0,Dermotil Fusid 1mg/g + 20mg/g Glenmark 10g Creme,0,0,0,0,0
FarmaPonte,Esgotado,345.0,12,0.0,"Gestinol 28 0,030mg + 0,075mg Libbs 28 Comprimidos",0,0,0,0,0
FarmaPonte,Esgotado,345.0,15,0.0,Doce de Leite Portão de Cambuí Tradicional 25g,0,0,0,0,0
Drogaria São Paulo,Disponível,345.0,14,7896714255934.0,Tadalafila 20mg Genérico Neo Química 1 Comprimido Revestido,"21,70","9,59",-55.8%,"9,59",-55.8%
FarmaPonte,Esgotado,345.0,13,0.0,Óleo Essencial Orgânico de Lavanda Brasil 10ml - WNF,0,0,0,0,0
Drogaria São Paulo,Disponível,345.0,13,7896523226774.0,Rosuvastatina Cálcica 20mg Genérico Cimed 30 Comprimidos,"239,99","31,49",-86.9%,"31,49",-86.9%
FarmaPonte,Esgotado,345.0,13,0.0,Bico para Mamadeira X MAM Fluxo super rápido - 1436,0,0,0,0,0
Drogaria São Paulo,Disponível,345.0,12,7897473207103.0,Dipropionato de Beclometasona 250mcg/dose Genérico Glenmark 200 Doses Aerosol,"70,46","44,99",-36.1%,"44,99",-36.1%
FarmaPonte,Esgotado,344.0,12,0.0,CHÁ MOROTEA - 30 dias - 30 sachês,0,0,0,0,0
Drogaria São Paulo,Disponível,344.0,14,7896006202875.0,Aciclovir 200mg Genérico União Química 30 Comprimidos,"105,79","20,78",-80.4%,"20,78",-80.4%
FarmaPonte,Esgotado,344.0,14,0.0,Preservativo Camisinha Jontex Lubrificado 8 Unidades,0,0,0,0,0
FarmaPonte,Esgotado,344.0,14,0.0,Whey Isolado e Hidrolisado Muke Garrafinha Morango 27g - Mais Mu,0,0,0,0,0
FarmaPonte,Esgotado,344.0,13,0.0,Creme Hidratante Nivea Lata 56g,0,0,0,0,0
FarmaPonte,Esgotado,344.0,12,0.0,Colírio Oftpred 10mg/ml Latinofarma 5ml,0,0,0,0,0
Drogaria São Paulo,Disponível,344.0,12,7896181927297.0,Oxalato de Escitalopram 10mg Genérico Biosintética 60 Comprimidos,"108,91","57,48",-47.2%,"57,48",-47.2%
FarmaPonte,Esgotado,344.0,13,0.0,Wafer recheado com cobertura intensa black 45g - Bis Xtra,0,0,0,0,0
FarmaPonte,Esgotado,344.0,14,0.0,Ultragel Lubrificante Íntimo KY Hot 50g,0,0,0,0,0
Drogaria São Paulo,Disponível,344.0,12,7898216365784.0,Dicloridrato de Manidipino 10mg Genérico Pharlab 30 Comprimidos,"128,30","97,10",-24.3%,"97,10",-24.3%
FarmaPonte,Esgotado,344.0,14,0.0,Colírio Maxitrol 1mg/ml + 5mg/ml + 6000UI/ml Novartis 5ml,0,0,0,0,0
FarmaPonte,Esgotado,344.0,15,0.0,Lenço de Limpeza Facial Rica Detox 25 Unidades,0,0,0,0,0
FarmaPonte,Esgotado,344.0,12,0.0,Protetor Solar Facial Neutrogena Sun Fresh Derm Care Sem Cor FPS30 40g,0,0,0,0,0
FarmaPonte,Esgotado,344.0,12,0.0,Fibrinase 666U/g + 1U/g + 10mg/g Supera 10g Pomada,0,0,0,0,0
Drogaria São Paulo,Disponível,344.0,13,7896637025225.0,Hidrion 40mg +100mg Gross 20 Comprimidos,"99,48","89,99",-9.5%,"89,99",-9.5%
FarmaPonte,Esgotado,344.0,13,0.0,Barra De Proteína Bold Tube Paçoca 30g,0,0,0,0,0
FarmaPonte,Esgotado,344.0,13,0.0,Água Micelar Phyto Face 200ML,0,0,0,0,0
FarmaPonte,Esgotado,344.0,13,0.0,Escova para Cabelo Ever You Oval de Bolsa Color Vibes 1 Unidade,0,0,0,0,0
FarmaPonte,Esgotado,344.0,12,0.0,Super Ampola Résistence Fibra de Bambu - Inoar - 45ml,0,0,0,0,0
FarmaPonte,Esgotado,344.0,13,0.0,Lenço Umedecido Bebê Limpinho 140 Unidades,0,0,0,0,0
Drogaria São Paulo,Disponível,344.0,14,8903855082455.0,Azukon MR 30mg Torrent 100 Comprimidos,"69,29","65,59",-5.3%,"65,59",-5.3%
Drogaria São Paulo,Disponível,344.0,15,7896112138501.0,Montelucaste 10mg Genérico Geolab 30 Comprimidos,"88,05","38,45",-56.3%,"38,45",-56.3%
FarmaPonte,Esgotado,343.0,13,0.0,Gel Lubrificante KY Ultra Silicone 50g,0,0,0,0,0
FarmaPonte,Esgotado,343.0,14,0.0,Kit Óleo Corporal De Girassol Moph Derme Almotolia 2 Unidades 200ml Cada,0,0,0,0,0
FarmaPonte,Esgotado,343.0,13,0.0,Espuma De Barbear Nivea Men Sensitive 200ml,0,0,0,0,0
Drogaria São Paulo,Disponível,343.0,13,7896094210646.0,Rosucor 10mg Torrent 60 comprimidos revestidos,"276,86","219,50",-20.7%,"219,50",-20.7%
FarmaPonte,Esgotado,343.0,12,0.0,Fio Dental Oral-B Expert Super Floss Fio Dental 50 Unidades,0,0,0,0,0
FarmaPonte,Esgotado,343.0,13,0.0,Pipoca Pronta Linea Caramelo 50g,0,0,0,0,0
FarmaPonte,Esgotado,343.0,13,0.0,Pincel Triangular Grande Max A20 - Macrilan,0,0,0,0,0
FarmaPonte,Esgotado,343.0,12,0.0,Oto-Betnovate 1mg/ml + 10mg/ml + 5mg/ml Farmoquímica 10ml Gotas,0,0,0,0,0
FarmaPonte,Esgotado,343.0,12,0.0,Geleia de goma sabor frutas citricas com 20 unidades - Clamel,0,0,0,0,0
Drogaria São Paulo,Disponível,343.0,14,7895296288026.0,Predsigma 3mg/ml Nova Química 1 Frasco com 60ml Solução Oral + Seringa Dosadora,"29,89","26,29",-12.0%,"26,29",-12.0%
Drogaria São Paulo,Disponível,343.0,14,7896004758268.0,Budesonida 32mcg Genérico Ems 120 Doses Spray Nasal,"28,38","23,49",-17.2%,"23,49",-17.2%
FarmaPonte,Esgotado,343.0,13,0.0,Condicionador L’Oréal Paris Elseve Glycolic Gloss 200ml,0,0,0,0,0
FarmaPonte,Esgotado,343.0,12,0.0,Leave-in Lowell Extrato de Mirtilo 180 ml,0,0,0,0,0
Drogaria São Paulo,Disponível,343.0,13,7896006219095.0,"Neodia 1,5mg Elite 1 Comprimido","57,47","53,99",-6.1%,"53,99",-6.1%
FarmaPonte,Esgotado,343.0,13,0.0,Água Micelar Pele Normal Clássicos Da Natureza 300ml - Davene,0,0,0,0,0
Drogaria São Paulo,Disponível,343.0,14,7896658046889.0,Corus 25mg Biosintética 30 Comprimidos Revestidos,"65,85","54,99",-16.5%,"54,99",-16.5%
Drogaria São Paulo,Disponível,343.0,14,7896181921363.0,Dicloridrato de Betaistina 24mg Genérico Biosintética 30 Comprimidos,"39,81","15,99",-59.8%,"15,99",-59.8%
FarmaPonte,Esgotado,343.0,15,0.0,Sabonete Íntimo Gino-Canesten Calm Em Gel 2 Unidades,0,0,0,0,0
FarmaPonte,Esgotado,343.0,14,0.0,L-Carnitina 1000mg 250 ml - transforma gordura em energia,0,0,0,0,0
FarmaPonte,Esgotado,343.0,15,0.0,Pincéis Para Maquiagem Com 5 Unidades Corpus,0,0,0,0,0
FarmaPonte,Esgotado,343.0,12,0.0,Bico de Mamadeira Perfect 5 Fl Papa (6M+) Chicco 2 Unidades,0,0,0,0,0
FarmaPonte,Esgotado,343.0,12,0.0,"Hidratante Labial Beta Coco 9,5g",0,0,0,0,0
FarmaPonte,Esgotado,343.0,14,0.0,Rk Diamond Pop Bouncy Rose Shine - Multi Glitter,0,0,0,0,0
FarmaPonte,Esgotado,343.0,12,0.0,Preservativo Camisinha Masculina Jontex Lubrificado 3 Unidades,0,0,0,0,0
FarmaPonte,Esgotado,342.0,13,0.0,Oral-B Essential Floss Fio Dental Encerado 50 m,0,0,0,0,0
FarmaPonte,Esgotado,342.0,14,0.0,Fio Dental Flossers GUM Original Sabor Menta 20 Unidades,0,0,0,0,0
FarmaPonte,Esgotado,342.0,14,0.0,Máscara Reparadora Lola Morte Súbita 450g,0,0,0,0,0
Drogaria São Paulo,Disponível,342.0,15,7898096577413.0,Novidat 75mg Diffucap 14 Cápsulas,"36,38","36,38",-,"36,38",-
Drogaria São Paulo,Disponível,342.0,13,7896714234564.0,Furosemida 40mg Genérico Neo Química 30 Comprimidos,"22,53","13,99",-37.9%,"13,99",-37.9%
FarmaPonte,Esgotado,342.0,13,0.0,Nutridrink Protein Sabor Baunilha Danone 200ml,0,0,0,0,0
Drogaria São Paulo,Disponível,342.0,12,7897337712576.0,Meticorten 20mg Organon 10 Comprimidos,"35,32","33,29",-5.7%,"33,29",-5.7%
FarmaPonte,Esgotado,342.0,13,0.0,Bruna Tavares Soft Blender - Esponja Para Maquiagem,0,0,0,0,0
FarmaPonte,Esgotado,342.0,13,0.0,Farinha de Banana Verde Mundo Verde Seleção 200g,0,0,0,0,0
FarmaPonte,Esgotado,342.0,14,0.0,Lubrificante Íntimo K-Med Original 100g,0,0,0,0,0
Drogaria São Paulo,Disponível,342.0,13,8903855086668.0,Olmecor 20mg Torrent 60 Comprimidos,"410,62","323,99",-21.1%,"323,99",-21.1%
FarmaPonte,Esgotado,342.0,14,0.0,Composto Lácteo Ninho Forti+ Zero Lactose Lata 380g,0,0,0,0,0
FarmaPonte,Esgotado,342.0,14,0.0,Biomarine Bronzeador Sun Marine FPS 40 Absolute Bronze 150g,0,0,0,0,0
Drogaria São Paulo,Disponível,342.0,14,7898569760298.0,Lamotrigina 25mg Genérico Actavis 30 Comprimidos,"59,40","25,19",-57.6%,"25,19",-57.6%
Drogaria São Paulo,Disponível,342.0,12,8903855086620.0,Rosucor 10mg Torrent 30 Comprimidos,"315,45","262,34",-16.8%,"262,34",-16.8%
FarmaPonte,Esgotado,342.0,13,0.0,Kit Aparelho Depilatório Bic Soleil Clic + 6 Refis,0,0,0,0,0
FarmaPonte,Esgotado,342.0,13,0.0,Kit Adoçante Líquido Linea 75ml  + 75ml,0,0,0,0,0
FarmaPonte,Esgotado,342.0,14,0.0,"Caneta Delineadora para Olhos Midnight 1,2ml Preta",0,0,0,0,0
Drogaria São Paulo,Disponível,342.0,13,7899420501715.0,Ibanuno 150mg Supera 1 Comprimido,"109,99","109,99",-,"109,99",-
Drogaria São Paulo,Disponível,342.0,13,7896094928312.0,Cetrolac SL 10mg Genom 10 Comprimidos Sublinguais,"36,69","34,12",-7.0%,"34,12",-7.0%
Drogaria São Paulo,Disponível,342.0,13,7891058002961.0,Cetoprofeno 150mg Genérico Medley 10 Comprimidos Revestidos,"41,02","13,29",-67.6%,"13,29",-67.6%
FarmaPonte,Esgotado,342.0,12,0.0,ÓLEO DE RÍCINO CAPILAR FARMAX 100% PURO 30ML,0,0,0,0,0
Drogaria São Paulo,Disponível,342.0,13,7898148290840.0,Gabapentina 300mg Genérico Prati 30 Comprimidos Revestidos,"17,53","7,83",-55.3%,"7,83",-55.3%
FarmaPonte,Esgotado,342.0,14,0.0,Relax Foot (Par) - Ortho Pauher Relax Foot,0,0,0,0,0
FarmaPonte,Esgotado,342.0,15,0.0,Suplemento Alimentar Intelligence Neuro Booster 2 Cápsulas,0,0,0,0,0
FarmaPonte,Esgotado,342.0,14,0.0,Suplemento Alimentar Vitasay Melatonina 90 Comprimidos,0,0,0,0,0
Drogaria São Paulo,Disponível,342.0,13,7896676438765.0,Epithelize 50mg/g Cristália 10g Gel Oftálmico,"58,81","47,59",-19.1%,"47,59",-19.1%
FarmaPonte,Esgotado,342.0,13,0.0,Balas de Gelatina Fini Kids Vitamina C Morango 18g,0,0,0,0,0
FarmaPonte,Esgotado,342.0,14,0.0,Absorvente Always Tamanho P Seca 32 Unidades,0,0,0,0,0
FarmaPonte,Esgotado,342.0,13,0.0,Adoçante Linea Líquido 25ml,0,0,0,0,0
FarmaPonte,Esgotado,342.0,12,0.0,Mamadeira Lillo Divertida Azul Silicone Super 260ml,0,0,0,0,0
FarmaPonte,Esgotado,341.0,12,0.0,Creme Hidratante Nivea Men 4 em 1 30g,0,0,0,0,0
FarmaPonte,Esgotado,341.0,12,0.0,Deva Curl B'Leave-In Texture & Volume - Leave-In 200ml,0,0,0,0,0
FarmaPonte,Esgotado,341.0,16,0.0,Kit Lenço Umedecido Pampers Higiene Completa 4 Pacotes com 48 Unidades,0,0,0,0,0
FarmaPonte,Esgotado,341.0,12,0.0,Grampo para Cabelo Ever You Gliter Colorido 20 Unidades,0,0,0,0,0
FarmaPonte,Esgotado,341.0,13,0.0,Protetor Solar Facial Sunless FPS50 Toque Seco Cor Bege Médio 60g,0,0,0,0,0
FarmaPonte,Esgotado,341.0,15,0.0,Barra de Proteína Bold Thin Caramelo & Amendoim 40g,0,0,0,0,0
FarmaPonte,Esgotado,341.0,13,0.0,Nutridrink Protein Sabor Chocolate Danone 200ml,0,0,0,0,0
FarmaPonte,Esgotado,341.0,12,0.0,Escova de Dente Infantil Oral-B Mickey Disney Junior 4 Unidades,0,0,0,0,0
FarmaPonte,Esgotado,341.0,14,0.0,Spray Fixador Para Cabelos Karina Controle e Volume Flora 400ml - Spray Fixador Para Cabelos Karina Controle e Volume 400ml,0,0,0,0,0
Drogaria São Paulo,Disponível,341.0,13,7898581710462.0,"Rivotril 0,25mg Blanver 30 Comprimidos Sublinguais","10,30","9,59",-6.9%,"9,59",-6.9%
FarmaPonte,Esgotado,341.0,13,0.0,Vitamina D Addera + Imunidade Kids com 75ml,0,0,0,0,0
FarmaPonte,Esgotado,341.0,13,0.0,Bala Halls Menta 28g,0,0,0,0,0
FarmaPonte,Esgotado,341.0,12,0.0,Kit L'Oréal Professionnel Serie Expert Vitamino Color - Ampola para Cuidado da Cor 3 x 10 ml,0,0,0,0,0
Drogaria São Paulo,Disponível,341.0,14,7897595902146.0,Gardenal 100mg Sanofi Aventis 20 Comprimidos,"106,53","98,59",-7.5%,"98,59",-7.5%
Drogaria São Paulo,Disponível,341.0,15,7896004712420.0,"Propionato de Clobetasol 0,5mg/g Genérico Germed 30g Creme","25,42","17,12",-32.7%,"17,12",-32.7%
FarmaPonte,Esgotado,341.0,13,0.0,Esponja de Maquiagem Para Base - Beauty Charm Océane,0,0,0,0,0
Drogaria São Paulo,Disponível,341.0,13,7898040325732.0,Ultrafer 50mg/ml Farmoquimica 30ml Gotas,"110,15","104,99",-4.7%,"104,99",-4.7%
Drogaria São Paulo,Disponível,341.0,14,7896112408734.0,Flavenos 500mg Zurita 30 Comprimidos,"98,81","92,99",-5.9%,"92,99",-5.9%
Drogaria São Paulo,Disponível,341.0,12,7897595630773.0,Beserol 300mg + 125mg + 50mg + 30m Daudt 12 Comprimidos,"13,80","9,10",-34.1%,"9,10",-34.1%
FarmaPonte,Esgotado,341.0,13,0.0,"Belara 2mg + 0,03mg Grunenthal 21 Comprimidos",0,0,0,0,0
Drogaria São Paulo,Disponível,341.0,12,7897595639707.0,Oxalato de Escitalopram 10mg Genérico Sandoz 60 Comprimidos,"99,34","42,99",-56.7%,"42,99",-56.7%
FarmaPonte,Esgotado,341.0,13,0.0,Bruna Tavares BT Glitter - Rose-Gold,0,0,0,0,0
FarmaPonte,Esgotado,341.0,14,0.0,Chocolate Lacta Laka 34g,0,0,0,0,0
Drogaria São Paulo,Disponível,341.0,14,7891317004071.0,Renitec 5mg Organon 30 Comprimidos,"11,38","10,59",-6.9%,"10,59",-6.9%
FarmaPonte,Esgotado,341.0,12,0.0,Spray Reparador Capilar Lola Total La Morte Súbita 250ml,0,0,0,0,0
Drogaria São Paulo,Disponível,341.0,14,7891721014086.0,Euthyrox 125mg Merck S/A 50 Comprimidos,"56,38","49,49",-12.2%,"49,49",-12.2%
FarmaPonte,Esgotado,340.0,13,0.0,Blend de Óleos Essenciais Para Reduzir Stress - No Stress Oil 10ml Océane,0,0,0,0,0
Drogaria São Paulo,Disponível,340.0,14,8903855069173.0,"Indapen Sr 1,5mg Torrent 30 Comprimidos","37,88","12,56",-66.8%,"12,56",-66.8%
Drogaria São Paulo,Disponível,340.0,13,7896004723570.0,Domperidona 10mg Genérico EMS 60 Comprimidos,"43,26","15,59",-64.0%,"15,59",-64.0%
FarmaPonte,Esgotado,340.0,13,0.0,Unhas Postiças Curta Autocolante Quadrada Pintada Absolute New York Magiquick French French 24 Unidades,0,0,0,0,0
FarmaPonte,Esgotado,340.0,13,0.0,Escova de Banho Marco Boni Cabo Longo Cerdas Nylon,0,0,0,0,0
FarmaPonte,Esgotado,340.0,14,0.0,"Clob-X 0,5mg/g Galderma 30g Creme",0,0,0,0,0
FarmaPonte,Esgotado,340.0,14,0.0,Kit QOD Shave Creme de Barbear 150g + Loção Pós Barba 80g,0,0,0,0,0
FarmaPonte,Esgotado,340.0,13,0.0,Algodão Hidrófilo Apolo - 25g,0,0,0,0,0
FarmaPonte,Esgotado,340.0,13,0.0,Algodão Bola Ever Care 50g,0,0,0,0,0
FarmaPonte,Esgotado,340.0,14,0.0,Bebida Repositora Hidroeletrolítico Pedialyte Max Morango 500ml,0,0,0,0,0
FarmaPonte,Esgotado,340.0,13,0.0,Kit 2 Mamadeiras Super Evolution Bico Látex 150/300ml Lillo,0,0,0,0,0
FarmaPonte,Esgotado,340.0,12,0.0,Absorvente Para Seios Ever Care 30 Unidades,0,0,0,0,0
Drogaria São Paulo,Disponível,340.0,13,7898040320973.0,Abrilar 7mg/ml Farmoquímica 100ml Xarope,"49,77","39,79",-20.1%,"39,79",-20.1%
FarmaPonte,Esgotado,340.0,12,0.0,Suprasoy Sem Lactose Original 300g,0,0,0,0,0
FarmaPonte,Esgotado,340.0,14,0.0,Escova Dental Oral-B Pró Saúde Ultrafino 2 Unidades,0,0,0,0,0
FarmaPonte,Esgotado,340.0,14,0.0,"Bauny - Lápis Delineador de Lábios 1,10g - Vinho",0,0,0,0,0
FarmaPonte,Esgotado,340.0,13,0.0,Mel Orgânico Mundo Verde Seleção 350g,0,0,0,0,0
FarmaPonte,Esgotado,340.0,14,0.0,"Protetor Labial Reparação Ever You 3,6g",0,0,0,0,0
FarmaPonte,Esgotado,340.0,14,0.0,Kit Máscara Labial Noturna (2 Produtos) Océane,0,0,0,0,0
FarmaPonte,Esgotado,340.0,13,0.0,Mamadeira Lillo Divertida Rosa Silicone Super 260ml,0,0,0,0,0
FarmaPonte,Esgotado,340.0,15,0.0,Caixa de Bombons Chocolate Lindt Lindor Ao Leite 75g Com 6 unidades,0,0,0,0,0
FarmaPonte,Esgotado,340.0,13,0.0,Cera Depilatória Roll-On Mel Ever You 100g Refil,0,0,0,0,0
Drogaria São Paulo,Disponível,340.0,13,7898049797332.0,Nimesulida 100mg Genérico Vitamedic 12 Comprimidos,"16,02","6,13",-61.7%,"6,13",-61.7%
Drogaria São Paulo,Disponível,340.0,12,7896004711041.0,Espironolactona 50mg Genérico Germed 30 Comprimidos,"44,33","23,59",-46.8%,"23,59",-46.8%
FarmaPonte,Esgotado,339.0,14,0.0,Energético Red Bull Figo E Maça The Summer Editition 250ml,0,0,0,0,0
FarmaPonte,Esgotado,339.0,12,0.0,Suplemento Alimentar Neo Química AZ 60 comprimidos,0,0,0,0,0
FarmaPonte,Esgotado,339.0,13,0.0,Escova para Esfoliar Tangle Teezer Scalp Exfoliator Preta,0,0,0,0,0
Drogaria São Paulo,Disponível,339.0,14,7891317013813.0,"Revert 50mg + 12,5mg Melora 33 Comprimidos","32,91","32,91",-,"32,91",-
FarmaPonte,Esgotado,339.0,15,0.0,Batom Líquido Matte Eudora Niina Secrets Skinny Matte Marsala Magnólia 5 ml,0,0,0,0,0
FarmaPonte,Esgotado,339.0,13,0.0,Barra de Proteína Bold Thin Trufa de Morango 40g,0,0,0,0,0
Drogaria São Paulo,Disponível,339.0,15,7891106915342.0,"Yaz 3mg + 0,02mg Bayer 24 Comprimidos Revestidos + 4 Comprimidos Placebos","116,82","80,18",-31.4%,"80,18",-31.4%
FarmaPonte,Esgotado,339.0,15,0.0,Tônico Adstringente Ever You Pele Mista à Oleosa 200ml,0,0,0,0,0
Drogaria São Paulo,Disponível,339.0,14,7898216360192.0,Cloridrato de Fluoxetina 20mg Genérico Pharlab 30 Cápsulas,"35,34","10,40",-70.6%,"10,40",-70.6%
Drogaria São Paulo,Disponível,339.0,13,7898582382217.0,"Zomig OD 2,5mg Grünenthal 2 Comprimidos","76,78","68,30",-11.0%,"68,30",-11.0%
FarmaPonte,Esgotado,339.0,13,0.0,Shampoo Para Bebê Johnson's Baby De Glicerina 750ml,0,0,0,0,0
Drogaria São Paulo,Disponível,339.0,15,7891721023965.0,Alginac 1mg + 100mg + 100mg + 100mg P&G 10 Comprimidos Revestidos de Liberação Retardada,"74,11","56,59",-23.6%,"56,59",-23.6%
FarmaPonte,Esgotado,339.0,15,0.0,Clareador Anaconda Biondina Reflexos Naturais  140ml,0,0,0,0,0
Drogaria São Paulo,Disponível,339.0,14,7896862918958.0,Azitromicina Di-Hidratada 500mg Genérico Medquimica 3 Comprimidos,"21,98","15,74",-28.4%,"15,74",-28.4%
Drogaria São Paulo,Disponível,339.0,13,7897316805442.0,Zypred 3mg/ml + 10mg/ml Allergan 6ml Suspensão Oftálmica Estéril,"96,11","90,49",-5.8%,"90,49",-5.8%
Drogaria São Paulo,Disponível,339.0,13,7896112403579.0,Bioflan 150mg Myralis 30 comprimidos,"43,71","39,99",-8.5%,"39,99",-8.5%
FarmaPonte,Esgotado,339.0,13,0.0,Kit Escova Dental Oral-B Complete 5 Ações de Limpeza Macia 2 Unidades,0,0,0,0,0
FarmaPonte,Esgotado,339.0,14,0.0,Melleril Retard 200mg Bausch 20 Comprimidos,0,0,0,0,0
FarmaPonte,Esgotado,339.0,14,0.0,Óleo Reparador Capilar Eico Pro Óleo Sublime 30ml Spray,0,0,0,0,0
Drogaria São Paulo,Disponível,339.0,12,7891317013981.0,Aria 4mg Momenta 30 Comprimidos Mastigáveis,"74,33","69,99",-5.8%,"69,99",-5.8%
FarmaPonte,Esgotado,339.0,13,0.0,Pincel P/ Sombra - Ana Paula Marçal - 20,0,0,0,0,0
FarmaPonte,Esgotado,339.0,15,0.0,"Manteiga de Cacau Ever Care Luxo FPS8 3,3g",0,0,0,0,0
FarmaPonte,Esgotado,339.0,13,0.0,Nutridrink Protein Sênior Chocolate Danone 380g,0,0,0,0,0
FarmaPonte,Esgotado,339.0,13,0.0,Máscara Para Olhos em Gel Verde - Hot & Cold Gel Eye Mask Océane,0,0,0,0,0
Drogaria São Paulo,Disponível,339.0,15,7891317016432.0,Vitamina D Doss 7.000UI Biolab 4 Cápsulas,"96,36","88,99",-7.6%,"88,99",-7.6%
FarmaPonte,Esgotado,339.0,14,0.0,Insulina Wosulin R 100UI/ml Biomm Frasco 10ml,0,0,0,0,0
Drogaria São Paulo,Disponível,339.0,12,7898968453104.0,"Atensina 0,150mg Mawdsleys 30 Comprimidos","13,34","12,34",-7.5%,"12,34",-7.5%
FarmaPonte,Esgotado,339.0,14,0.0,Kit Máscara Hidratante Para Pés com Óleo de Coco - Foot Mask 1 Par (2 Produtos),0,0,0,0,0
FarmaPonte,Esgotado,339.0,17,0.0,Biscoito Wafer Mundo Verde Seleção Recheio Chocolate Sem Gluten 50g,0,0,0,0,0
Drogaria São Paulo,Disponível,339.0,15,7896637033480.0,Insit 75mg Apsen 60 Cápsulas Duras,"98,36","57,31",-41.7%,"57,31",-41.7%
FarmaPonte,Esgotado,339.0,14,0.0,Bruna Tavares BT Glue - Fixador de Glitter 10ml,0,0,0,0,0
FarmaPonte,Esgotado,339.0,12,0.0,Mentos Stick Fruit 38g,0,0,0,0,0
Drogaria São Paulo,Disponível,339.0,14,7891317123994.0,"Olmesartana Medoxomila 40mg + Hidroclorotiazida 12,5mg Genérico Eurofarma 30 comprimidos","68,20","40,59",-40.5%,"40,59",-40.5%
Drogaria São Paulo,Disponível,339.0,13,7898096578243.0,Neural 25mg Cristalia 30 Comprimidos,"39,15","24,53",-37.3%,"24,53",-37.3%
Drogaria São Paulo,Disponível,338.0,14,7896006259732.0,Acetilcisteína 100mg/ml Genérico União Química 3ml Com 5 Ampolas Intramuscular,"22,68","20,78",-8.4%,"20,78",-8.4%
FarmaPonte,Esgotado,338.0,13,0.0,Removedor De Esmalte Sem Acetona Ever Care 200ml,0,0,0,0,0
FarmaPonte,Esgotado,338.0,13,0.0,Preservativo Camisinha Masculina Jontex Sensitive 16 Unidades,0,0,0,0,0
FarmaPonte,Esgotado,338.0,13,0.0,Tônico Facial Vult 180ml,0,0,0,0,0
Drogaria São Paulo,Disponível,338.0,13,7894916515917.0,Olmy Anlo 40mg + 5mg EMS 30 Comprimidos,"170,63","162,20",-4.9%,"162,20",-4.9%
FarmaPonte,Esgotado,338.0,14,0.0,Tônico Capilar Gota Dourada Fort Escova 100ml,0,0,0,0,0
FarmaPonte,Esgotado,338.0,15,0.0,Barra De Proteína Crisp Bar Trufa Avelã 1 Unidade,0,0,0,0,0
FarmaPonte,Esgotado,338.0,14,0.0,Creme para Cabelo Lola Alisante Vintage Girls 100g,0,0,0,0,0
FarmaPonte,Esgotado,338.0,14,0.0,Suplemento Alimentar 50+ Mulher Lavitan 60 Comprimidos,0,0,0,0,0
Drogaria São Paulo,Disponível,338.0,14,7897316802212.0,"Colírio Relestat 0,5mg/ml Allergan 5ml","31,80","30,59",-3.8%,"30,59",-3.8%
FarmaPonte,Esgotado,338.0,13,0.0,Unhas Postiças Curta Autocolante Quadrada Pintada Absolute New York Magiquick Marsala Red 24 Unidades,0,0,0,0,0
FarmaPonte,Esgotado,338.0,13,0.0,Esponja de Banho Ponjita 3M Fibra Natural,0,0,0,0,0
FarmaPonte,Esgotado,338.0,12,0.0,Aparelho de Barbear Gillette Prestobarba Ultragrip 2 Unidades,0,0,0,0,0
FarmaPonte,Esgotado,338.0,14,0.0,Lubrificante Íntimo K-Med 2 Em 1 203g,0,0,0,0,0
Drogaria São Paulo,Disponível,338.0,13,7896014679546.0,Cloridrato De Ondansetrona 4mg Genérico Blau 10 Comprimidos,"29,40","20,99",-28.6%,"20,99",-28.6%
Drogaria São Paulo,Disponível,338.0,14,7896004747774.0,Loxonin 60mg Sankyo 30 Cápsulas,"148,72","88,99",-40.2%,"88,99",-40.2%
Drogaria São Paulo,Disponível,338.0,13,7898569761448.0,Propafenona 300mg Genérico Althaia 60 Comprimidos Revestidos,"144,02","98,99",-31.3%,"98,99",-31.3%
Drogaria São Paulo,Disponível,338.0,13,7898495604376.0,Eupept 20mg Cifarma 30 Cápsulas,"14,38","14,38",-,"14,38",-
FarmaPonte,Esgotado,338.0,12,0.0,"Brilho Labial Nude Marília Mendonça By Océane - Lip Gloss Nude 3,8g",0,0,0,0,0
Drogaria São Paulo,Disponível,338.0,14,7896255766487.0,Revectina 6mg Abbott 4 Cápsulas,"61,86","43,99",-28.9%,"43,99",-28.9%
FarmaPonte,Esgotado,338.0,15,0.0,Océane Edition Cover Me Up Powder - Pó Translúcido Solto 13g,0,0,0,0,0
FarmaPonte,Esgotado,338.0,14,0.0,Bala Valda Vitamina C 50g,0,0,0,0,0
Drogaria São Paulo,Disponível,338.0,12,7908134200620.0,"Exelring 0,120mg + 0,015mg Exeltis 1 Anel Vaginal","89,36","76,99",-13.8%,"76,99",-13.8%
FarmaPonte,Esgotado,338.0,12,0.0,"Hidratante Labial Nivea Nivea Original Care 4,8g",0,0,0,0,0
FarmaPonte,Esgotado,337.0,12,0.0,Escova para Cabelo Ever You Modeladora Média 1 Unidade,0,0,0,0,0
FarmaPonte,Esgotado,337.0,14,0.0,Escova para Mamadeira Kuka Dupla Ação,0,0,0,0,0
FarmaPonte,Esgotado,337.0,13,0.0,Hastes Flexíveis Ever Care Cartucho Com 150 Unidades,0,0,0,0,0
FarmaPonte,Esgotado,337.0,14,0.0,Loção Neutralizante Wellastrate Wella Professionals  125g,0,0,0,0,0
Drogaria São Paulo,Disponível,337.0,15,7891721201530.0,Glifage 850mg Merck S/A 30 Comprimidos,"42,48","31,27",-26.4%,"31,27",-26.4%
FarmaPonte,Esgotado,337.0,13,0.0,Máscara de Hidratação Salon Line To de Cacho Matizadora Vermelha 500g,0,0,0,0,0
FarmaPonte,Esgotado,337.0,14,0.0,Kit Escova De Dente Ultra Soft 5460 Curaprox 2 Unidades,0,0,0,0,0
FarmaPonte,Esgotado,337.0,14,0.0,Creme Hidratante Facial Anti-Idade Revitalift Laser X3 L'Oréal Paris Cicatri Correct FPS25 30ml,0,0,0,0,0
FarmaPonte,Esgotado,337.0,15,0.0,Mousse Fixadora Charming Forte 140ml,0,0,0,0,0
Drogaria São Paulo,Disponível,337.0,13,7896226101873.0,Endofolin 5mg Marjan 30 Comprimidos Revestidos,"47,26","41,08",-13.1%,"41,08",-13.1%
FarmaPonte,Esgotado,337.0,15,0.0,Colírio Azopt 10mg/ml Novartis 5ml,0,0,0,0,0
Drogaria São Paulo,Disponível,337.0,13,7891106907057.0,Xarelto 10mg Bayer 10 Comprimidos,"197,62","176,99",-10.4%,"176,99",-10.4%
FarmaPonte,Esgotado,337.0,12,0.0,Fio Dental Johnson's Reach Expansion Plus 50m,0,0,0,0,0
Drogaria São Paulo,Disponível,337.0,15,7897595605429.0,Atenolol 50mg Genérico Sandoz 60 Comprimidos,"27,16","18,99",-30.1%,"18,99",-30.1%
FarmaPonte,Esgotado,337.0,13,0.0,Brinco Antialérgico Studex Classic Bezel Furtacor Médio Dourado,0,0,0,0,0
FarmaPonte,Esgotado,337.0,13,0.0,Gel de Massagem Bendita Cânfora Ative 80g,0,0,0,0,0
FarmaPonte,Esgotado,337.0,14,0.0,Soro Hidratante e Fortalecedor  de Unhas - 10ml,0,0,0,0,0
FarmaPonte,Esgotado,337.0,15,0.0,Máscara Facial Petit Cinza - Tecnident,0,0,0,0,0
FarmaPonte,Esgotado,337.0,12,0.0,Eudora Niina Secrets Skin - Máscara Esfoliante Enzimática 75ml,0,0,0,0,0
Drogaria São Paulo,Disponível,337.0,13,7895296240093.0,Tadalafila 20mg Genérico Nova Química 2 Comprimidos Revestidos,"56,20","9,59",-82.9%,"9,59",-82.9%
FarmaPonte,Esgotado,337.0,14,0.0,Spray Reconstrutor Anti-emborrachamento - Verde Brasil - 390ml - Spray Reconstrutor Anti-Emborrachamento - Verde Brasil - 390ml,0,0,0,0,0
FarmaPonte,Esgotado,337.0,13,0.0,Escova Dental Colgate Classic Clean 3 Unidades,0,0,0,0,0
Drogaria São Paulo,Disponível,337.0,13,7895296092180.0,"Carvedilol 12,5mg Genérico Nova Quimica 30 Comprimidos","62,11","21,62",-65.2%,"21,62",-65.2%
FarmaPonte,Esgotado,337.0,14,0.0,Creme Gel Capilar Oh My! Hair Power 500ml,0,0,0,0,0
FarmaPonte,Esgotado,337.0,15,0.0,Esponja de Banho Ever Care Infantil Bathtoys 1 Unidade,0,0,0,0,0
FarmaPonte,Esgotado,336.0,15,0.0,Mari Maria Creamy Matte - Batom Liquido 4ml - Must Nude,0,0,0,0,0
Drogaria São Paulo,Disponível,336.0,14,7894916143264.0,Albendazol 40ml/ml Genérico Legrand 10ml Suspensão Oral,"11,82","6,29",-46.8%,"6,29",-46.8%
FarmaPonte,Esgotado,336.0,13,0.0,"Nuvaring 11,7mg + 2,7mg Organon 1 Anel Vaginal",0,0,0,0,0
FarmaPonte,Esgotado,336.0,12,0.0,AC078 - Rolo Hot/Cold Massageador,0,0,0,0,0
Drogaria São Paulo,Disponível,336.0,12,7896006219132.0,Vitamina D Font D 10.000UI União Química 8 Comprimidos,"41,25","33,99",-17.6%,"33,99",-17.6%
Drogaria São Paulo,Disponível,336.0,15,7891721016165.0,Codein 60mg Cristália 30 Comprimidos,"117,41","109,88",-6.4%,"109,88",-6.4%
Drogaria São Paulo,Disponível,336.0,12,7899095245686.0,"Colchicina 0,5mg Genérico Geolab 30 comprimidos","51,28","14,99",-70.8%,"14,99",-70.8%
Drogaria São Paulo,Disponível,336.0,13,7896676437430.0,Teroquatro 4mg/mL Cristália 1 Frasco Gotejador com 5mL,"45,54","45,54",-,"45,54",-
FarmaPonte,Esgotado,336.0,12,0.0,"Grampo de Cabelo Zalike Twist Metálico 5,5 12 Unidades",0,0,0,0,0
FarmaPonte,Esgotado,336.0,13,0.0,Kit Óleo de Limpeza Facial Gokujyun 200g + Escova Massageadora Facial 1 Unidade,0,0,0,0,0
FarmaPonte,Esgotado,336.0,14,0.0,Gel Lubrificante Íntimo Jontex Sabor Cereja 3 em 1 50g,0,0,0,0,0
Drogaria São Paulo,Disponível,336.0,13,7891721202872.0,Levotiroxina Sódica 112mcg Genérico Merck S/A 30 Comprimidos,"20,65","19,20",-7.0%,"19,20",-7.0%
Drogaria São Paulo,Disponível,336.0,14,7896112118763.0,Lanzoprazol 30mg + Claritromicina 500mg + Amoxicilina 500mg Genérico Teuto 28 Cápsulas,"240,95","213,99",-11.2%,"213,99",-11.2%
FarmaPonte,Esgotado,336.0,14,0.0,Loção Tônica Capilar Antiqueda Imecap Hair Max 100ml,0,0,0,0,0
FarmaPonte,Esgotado,336.0,12,0.0,Óleo Spray Bronzeador Cenoura & Bronze FPS 6 110ml,0,0,0,0,0
Drogaria São Paulo,Disponível,336.0,15,7898040327965.0,Demi D 50.000UI Farmoquímica 4 Comprimidos,"23,30","23,30",-,"23,30",-
Drogaria São Paulo,Disponível,336.0,13,7896658022203.0,Montelair 10mg Aché 30 Comprimidos,"66,33","63,89",-3.7%,"63,89",-3.7%
FarmaPonte,Esgotado,336.0,15,0.0,Sais Efervecentes Escalda-Pés Labotrat Dia a Dia 250g,0,0,0,0,0
Drogaria São Paulo,Disponível,336.0,12,7898049798841.0,Clortalidona 50mg Genérico Vitamedic 30 Comprimidos,"18,11","10,59",-41.5%,"10,59",-41.5%
Drogaria São Paulo,Disponível,336.0,12,7897595635914.0,Alopurinol 100mg Genérico Novartis 30 Comprimidos,"14,25","8,70",-38.9%,"8,70",-38.9%
FarmaPonte,Esgotado,336.0,12,0.0,Blend de Óleos Essenciais Para Aumentar Imunidade - Immunity Oil 10ml Océane,0,0,0,0,0
FarmaPonte,Esgotado,336.0,13,0.0,Removedor De Esmalte Com Acetona Ever Care 100ml,0,0,0,0,0
FarmaPonte,Esgotado,336.0,12,0.0,Gel de Limpeza Esfoliante Facial - Purifying Cleansing Gel 50ml Océane,0,0,0,0,0
FarmaPonte,Esgotado,336.0,13,0.0,Bombom Flormel com Coco Mini + Pacote 12g,0,0,0,0,0
FarmaPonte,Esgotado,336.0,13,0.0,Bolsa Térmica de Gel Quente e Fria Hot Cold 400 ML AC073 Orthopauher 400 ml,0,0,0,0,0
FarmaPonte,Esgotado,336.0,14,0.0,Condicionador L'Oréal Paris Elseve Reparação Total 5 400ml,0,0,0,0,0
Drogaria São Paulo,Disponível,336.0,14,7898272945692.0,Piotaz 15mg Brace Pharma 30 Comprimidos,"1327,01","19,90",-98.5%,"19,90",-98.5%
FarmaPonte,Esgotado,336.0,13,0.0,Óleo de Semente de Abóbora 10ml,0,0,0,0,0
Drogaria São Paulo,Disponível,336.0,13,7895296109017.0,"Travoprosta 0,04mg/ml Genérico Nova Química 2,5ml Solução Oftálmica","111,73","36,99",-66.9%,"36,99",-66.9%
FarmaPonte,Esgotado,335.0,12,0.0,Esponja para Maquiagem Mariana Saad Oce'ane Sister Blend Vinho 1 Unidade,0,0,0,0,0
FarmaPonte,Esgotado,335.0,15,0.0,Bebida Láctea Piracanjuba Whey Cacau Zero Lactose 250ml,0,0,0,0,0
FarmaPonte,Esgotado,335.0,15,0.0,Farinha Castanhas de Caju Torrada Amigos do Bem 250G,0,0,0,0,0
FarmaPonte,Esgotado,335.0,12,0.0,Escova de Dente Colgate Ultramacia Sensitive,0,0,0,0,0
FarmaPonte,Esgotado,335.0,12,0.0,Pincel Para Base Corretivo e Iluminador Corpus,0,0,0,0,0
Drogaria São Paulo,Disponível,335.0,13,7896094921375.0,Amome 50mcg Cosmed 120 Doses Spray Nasal,"72,33","67,99",-6.0%,"67,99",-6.0%
FarmaPonte,Esgotado,335.0,13,0.0,Bombom Amendoim Chocolate Haoma 200g,0,0,0,0,0
FarmaPonte,Esgotado,335.0,13,0.0,Mascara de Cilios Growactive 8g Preta,0,0,0,0,0
FarmaPonte,Esgotado,335.0,13,0.0,Absorvente Intimus® Noturno Suave com Abas 30 Unidades,0,0,0,0,0
FarmaPonte,Esgotado,335.0,13,0.0,Espuma de Barbear Gillette Prestobarba Sensitive 150g,0,0,0,0,0
Drogaria São Paulo,Disponível,335.0,13,7894916145336.0,Gliclazida 30mg Genérico Legrand 60 Comprimidos,"41,54","36,99",-11.0%,"36,99",-11.0%
FarmaPonte,Esgotado,335.0,13,0.0,Spray Texturizador Braé Gorgeous Volume 100 ml,0,0,0,0,0
FarmaPonte,Esgotado,335.0,14,0.0,Energético Red Bull Energy Drink 250ml,0,0,0,0,0
Drogaria São Paulo,Disponível,335.0,12,7898581711278.0,Equilid 50mg Sanofi Aventis 20 Cápsulas,"20,32","19,00",-6.5%,"19,00",-6.5%
FarmaPonte,Esgotado,335.0,12,0.0,Phyto Shampoo Controle De Oleosidade 250ml,0,0,0,0,0
FarmaPonte,Esgotado,335.0,13,0.0,Pedra Hume Ever Care Pó 20g,0,0,0,0,0
FarmaPonte,Esgotado,335.0,14,0.0,Creme Para Pentear L’Oréal Paris Elseve Glycolic Gloss 250ml,0,0,0,0,0
FarmaPonte,Esgotado,335.0,12,0.0,Leave-in Joico Defy Damage 50 ml,0,0,0,0,0
FarmaPonte,Esgotado,335.0,13,0.0,Condicionador Johnson's Baby Gotas de Brilho 200ml,0,0,0,0,0
FarmaPonte,Esgotado,335.0,14,0.0,Fio Dental Kess Com Fio Encerado Individual 50 unidades,0,0,0,0,0
FarmaPonte,Esgotado,335.0,13,0.0,"Chá Preto, Gengibre e Canela 10 Sachês - Chá Mais",0,0,0,0,0
FarmaPonte,Esgotado,335.0,13,0.0,Barra de Frutas Supino Zero Banana Nozes E Damasco 24g,0,0,0,0,0
FarmaPonte,Esgotado,335.0,13,0.0,"Clob-X 0,5mg/g Galderma 30g Gel",0,0,0,0,0
FarmaPonte,Esgotado,335.0,12,0.0,Creme Depilatório Corporal Veet Pure & Fresh Peles Delicadas 200ml,0,0,0,0,0
Drogaria São Paulo,Disponível,335.0,15,7896523227559.0,Finasterida 5mg Genérico Cimed 30 Comprimidos Revestidos,"118,97","49,99",-58.0%,"49,99",-58.0%
FarmaPonte,Esgotado,335.0,14,0.0,Protetor Solar Facial Nivea Sun Tripla Proteção Controle de Oleosidade FPS 65 40ml,0,0,0,0,0
FarmaPonte,Esgotado,335.0,12,0.0,Lapiseira Para Olhos Colorida Have Fun Roxa Vizzela,0,0,0,0,0
FarmaPonte,Esgotado,335.0,14,0.0,Gel Lubrificante Íntimo Jontex Naturals 100% Natural Extra Hidratação com Ácido Hialurônico 100g,0,0,0,0,0
Drogaria São Paulo,Disponível,335.0,14,7896112138501.0,Lamotrigina 100mg Genérico Teuto 30 Comprimidos,"88,05","38,45",-56.3%,"38,45",-56.3%
Drogaria São Paulo,Disponível,335.0,14,7898049796861.0,Fosfato Sódico de Prednisolona 3mg/ml Genérico Vitamedic 120ml,"33,76","28,11",-16.7%,"28,11",-16.7%
FarmaPonte,Esgotado,335.0,12,0.0,"Doce de Leite em Sachê Pacote 1,2Kg - Oliveira",0,0,0,0,0
Drogaria São Paulo,Disponível,335.0,14,7891058002008.0,Percoide 11mg/ml Eurofarma 20ml Gotas,"45,54","42,79",-6.0%,"42,79",-6.0%
Drogaria São Paulo,Disponível,335.0,14,7893454101446.0,"Cloridrato de Venlafaxina 37,5mg Genérico Cellera Farma 30 Cápsulas","101,04","31,49",-68.8%,"31,49",-68.8%
FarmaPonte,Esgotado,334.0,15,0.0,"Lápis Delineador Retrátil Océane Larissa Manoela Bubble Gum Rosa 1,2 g",0,0,0,0,0
Drogaria São Paulo,Disponível,334.0,15,7896112427704.0,AAS Protect 100mg Hypera 30 comprimidos,"155,71","141,59",-9.1%,"141,59",-9.1%
FarmaPonte,Esgotado,334.0,13,0.0,Suplemento Proteico Líquido Integralmedica My Whey Chocolate Zero Lactose 250ml,0,0,0,0,0
Drogaria São Paulo,Disponível,334.0,14,7891721029639.0,Alginac 1000mcg P&G 15 Comprimidos,"37,63","29,29",-22.2%,"29,29",-22.2%
Drogaria São Paulo,Disponível,334.0,12,7898569762858.0,Telmisartana 80mg Genérico Althaia 30 Comprimidos,"100,43","94,54",-5.9%,"94,54",-5.9%
FarmaPonte,Esgotado,334.0,13,0.0,Bolsa De Gel Média - Mercur Bolsa De Gel Média - Mercur,0,0,0,0,0
FarmaPonte,Esgotado,334.0,14,0.0,Bolsa Termica Natural Com Algodao Reciclado P - Mercur Bolsa P,0,0,0,0,0
FarmaPonte,Esgotado,334.0,14,0.0,Óleo Capilar Mágico Dabelle Hair Oliva e Babosa 40ml,0,0,0,0,0
FarmaPonte,Esgotado,334.0,13,0.0,"Hidratante Labial Nivea Disney® Mickey e Amigos Margarida Soft Rosé 4,8g Ed. Limitada",0,0,0,0,0
Drogaria São Paulo,Disponível,334.0,14,7892953208298.0,Prebictal 75mg Zodiac 30 Cápsulas Duras,"103,74","88,60",-14.6%,"88,60",-14.6%
FarmaPonte,Esgotado,334.0,14,0.0,Cereal Mucilon Multicereais 180g,0,0,0,0,0
FarmaPonte,Esgotado,334.0,12,0.0,Kit Protetor Solar Corporal Nivea Protect&Hidrata FPS30 200ml + Protetor Solar Corporal FPS30 100ml,0,0,0,0,0
FarmaPonte,Esgotado,334.0,12,0.0,Óleo Essencial de Alecrim Verbenona Selvagem 5ml,0,0,0,0,0
Drogaria São Paulo,Disponível,334.0,12,7896112424147.0,Triazol 150mg Zurita 4 Comprimidos,"126,65","112,99",-10.8%,"112,99",-10.8%
FarmaPonte,Esgotado,334.0,12,0.0,Pincel Para Sombra - Dazzle Eyes Ocn11 Océane,0,0,0,0,0
FarmaPonte,Esgotado,334.0,12,0.0,Protetor Solar Facial com Cor Pink Cheeks Pink Stick FPS 90 FPUVA 70 10Km 14 g,0,0,0,0,0
FarmaPonte,Esgotado,334.0,13,0.0,Gel para Barbear Barba de Respeito - 500ml,0,0,0,0,0
Drogaria São Paulo,Disponível,334.0,12,7896422530699.0,Lacotem 50mg Zodiac 30 Comprimidos Revestidos,"46,70","46,70",-,"46,70",-
FarmaPonte,Esgotado,334.0,13,0.0,Bauny - Lapiseira Retrátil para Olhos 350mg - Marrom,0,0,0,0,0
Drogaria São Paulo,Disponível,334.0,13,7896006216766.0,Cefalexina 500mg Genérico União Química 8 Cápsulas,"30,33","16,23",-46.5%,"16,23",-46.5%
FarmaPonte,Esgotado,334.0,13,0.0,"Lápis Kajal Eudora Glam Preto Absoluto com Esfumado 1,1g",0,0,0,0,0
Drogaria São Paulo,Disponível,334.0,13,7896004727493.0,Amitriptilina 25mg Genérico Germed 30 Comprimidos Revestidos,"22,96","14,44",-37.1%,"14,44",-37.1%
Drogaria São Paulo,Disponível,333.0,12,7896714274652.0,Nourin 5mg Supera 60 Comprimidos,"53,56","46,99",-12.3%,"46,99",-12.3%
Drogaria São Paulo,Disponível,333.0,14,7896112406044.0,Monocordil 40mg Baldacci 30 Comprimidos,"25,61","19,59",-23.5%,"19,59",-23.5%
Drogaria São Paulo,Disponível,333.0,14,7896026300247.0,"Atrovent 0,25mg/ml Boehringer 20ml Gotas","8,38","8,38",-,"8,38",-
Drogaria São Paulo,Disponível,333.0,13,7896112121114.0,Hemifumarato de Quetiapina 100mg Genérico Teuto 30 Comprimidos,"144,73","53,54",-63.0%,"53,54",-63.0%
FarmaPonte,Esgotado,333.0,12,0.0,Óleo Essencial de Pinheiro-Silvestre GT Bulgária 10 ml - Laszlo - Óleo Essencial Pinheiro-Silvestre GT Bulgária 10 ml - Laszlo,0,0,0,0,0
Drogaria São Paulo,Disponível,333.0,14,7894916507509.0,Hidrion 40+100mg Gross 30 Comprimidos,"217,81","192,99",-11.4%,"192,99",-11.4%
FarmaPonte,Esgotado,333.0,15,0.0,Amolecedor de Cutículas Óleo de Argan - Ideal - 100ml,0,0,0,0,0
Drogaria São Paulo,Disponível,333.0,14,7895296444811.0,Topiramato 25mg Genérico Nova Química 60 Comprimidos Revestidos,"102,69","31,49",-69.3%,"31,49",-69.3%
FarmaPonte,Esgotado,333.0,13,0.0,Piranha de Cabelo Zalike Acrílico Animal Pequena 4cm,0,0,0,0,0
FarmaPonte,Esgotado,333.0,14,0.0,Océane Whale Azul - Esponja De Limpeza Facial,0,0,0,0,0
FarmaPonte,Esgotado,333.0,15,0.0,Reparador de Pontas Gold-black - 30ml - Reparador de Pontas Gold-Black - 30ml,0,0,0,0,0
Drogaria São Paulo,Disponível,333.0,13,8903855083490.0,"Indapen Sr 1,5mg Torrent 90 Comprimidos","99,77","93,99",-5.8%,"93,99",-5.8%
FarmaPonte,Esgotado,333.0,13,0.0,Energético Red Bull Energy Drink Açaí 250ml,0,0,0,0,0
FarmaPonte,Esgotado,333.0,15,0.0,Tracta Vanessa Rozan - Batom Bala - Lourdes,0,0,0,0,0
FarmaPonte,Esgotado,333.0,12,0.0,Zirvit Baby Arese Suspensão Oral 30ml,0,0,0,0,0
Drogaria São Paulo,Disponível,333.0,13,7891317025601.0,"Tanduo 0,5mg + 0,4mg Apsen 30 Cápsulas Liberação Prolongada","146,28","61,94",-57.7%,"61,94",-57.7%
FarmaPonte,Esgotado,333.0,13,0.0,Vizzela Satin Powder Cor 02 - Pó Translúcido 9g,0,0,0,0,0
FarmaPonte,Esgotado,333.0,13,0.0,Pomada Modeladora - Verde Brasil - 60g,0,0,0,0,0
FarmaPonte,Esgotado,333.0,12,0.0,Algodão Em Bola Cremer - 95 G,0,0,0,0,0
FarmaPonte,Esgotado,333.0,13,0.0,Fluído Micelar Pure Detox Purità 200ml - Davene,0,0,0,0,0
FarmaPonte,Esgotado,333.0,14,0.0,Fralda Ever Baby XXG 34 Unidades,0,0,0,0,0
FarmaPonte,Esgotado,333.0,14,0.0,Gelatina Capilar #Todecacho Efeito Intensificador Salon Line 550g,0,0,0,0,0
FarmaPonte,Esgotado,333.0,14,0.0,Condicionador Pantene Cachos Hidra-Vitaminados 400ml,0,0,0,0,0
FarmaPonte,Esgotado,333.0,14,0.0,Lenço Umedecido Pampers Cuidado de Bebê 48 Unidades,0,0,0,0,0
FarmaPonte,Esgotado,333.0,13,0.0,Máscara de Tratamento Pantene Booster Colágeno Resgate do Dano Químico 90ml,0,0,0,0,0
FarmaPonte,Esgotado,332.0,16,0.0,Booster Drink Red Limonade 6 unid 269 ml Integralmédica,0,0,0,0,0
FarmaPonte,Esgotado,332.0,15,0.0,Bauny - Batom Líquido Matte Vegano 5ml - Cor 040,0,0,0,0,0
FarmaPonte,Esgotado,332.0,13,0.0,Sabonete Íntimo Nivea Natural 250ml,0,0,0,0,0
Drogaria São Paulo,Disponível,332.0,15,7896004754826.0,Sonebon 5mg Nova Química 20 Comprimidos,"16,46","14,10",-14.3%,"14,10",-14.3%
Drogaria São Paulo,Disponível,332.0,13,7898430192906.0,Vitamina D DPrev 7000UI Myralis 8 Comprimidos Revestidos,"27,00","16,49",-38.9%,"16,49",-38.9%
FarmaPonte,Esgotado,332.0,12,0.0,Mamadeira Philips Avent Classic Sem Anel 330ml,0,0,0,0,0
FarmaPonte,Esgotado,332.0,13,0.0,Máscara Facial de Romã e Limão - Pomegranate And Lime Mask 8g Océane,0,0,0,0,0
FarmaPonte,Esgotado,332.0,12,0.0,Isotônica Sorox Bebida Hidratante Uva 8 Íons Zero Açucar 550ml,0,0,0,0,0
Drogaria São Paulo,Disponível,332.0,12,7898906376410.0,Tiorfan 100mg Bagó 9 Cápsulas,"56,27","46,59",-17.2%,"46,59",-17.2%
FarmaPonte,Esgotado,332.0,13,0.0,Máscara Facial Gel - Hotcold,0,0,0,0,0
FarmaPonte,Esgotado,332.0,14,0.0,Hidratante Labial OAZ Sabor Cereja 10ml,0,0,0,0,0
Drogaria São Paulo,Disponível,332.0,14,7891058006389.0,Neozine 25mg Sanofi Aventis 20 Comprimidos,"14,39","14,39",-,"14,39",-
FarmaPonte,Esgotado,332.0,14,0.0,Condicionador L'Oréal Paris Elseve Óleo Extraordinário 200ml,0,0,0,0,0
FarmaPonte,Esgotado,332.0,14,0.0,Mousse Amend Valorize  140g,0,0,0,0,0
FarmaPonte,Esgotado,332.0,12,0.0,Modelador de Barba - Light my Fire 80ml,0,0,0,0,0
Drogaria São Paulo,Disponível,332.0,14,7896422514873.0,Azitromicina 500mg Genérico Medley 5 Comprimidos Revestidos,"50,85","21,08",-58.5%,"21,08",-58.5%
Drogaria São Paulo,Disponível,332.0,15,7896112140269.0,Dexason 1mg/g Teuto 10g Creme,"12,97","10,98",-15.3%,"10,98",-15.3%
Drogaria São Paulo,Disponível,332.0,13,7896006238508.0,Tenoxicam 20mg União Química 10 Comprimidos,"39,81","25,33",-36.4%,"25,33",-36.4%
Drogaria São Paulo,Disponível,332.0,14,7898687731743.0,Cloridrato de Ondansetrona 8mg Genérico Althaia 30 Comprimidos,"128,75","108,40",-15.8%,"108,40",-15.8%
FarmaPonte,Esgotado,332.0,16,0.0,Bebida Láctea UHT Dux Whey Protein Shake Cookies 250ml,0,0,0,0,0
FarmaPonte,Esgotado,332.0,13,0.0,"Batom Líquido Matte Aveludado Karen Bachini Afrodite 3,8 ml",0,0,0,0,0
FarmaPonte,Esgotado,332.0,12,0.0,Chá Verde Magro Sabor Limao Zero Açucares 8G,0,0,0,0,0
Drogaria São Paulo,Disponível,332.0,12,7898430192852.0,Vitamina D DPrev 1.000UI Myralis Pharma 60 Comprimidos,"46,19","46,19",-,"46,19",-
FarmaPonte,Esgotado,332.0,13,0.0,Creme para Pentear Pentear Seda Juntinhos Frozen Brilho Encantado 300ml,0,0,0,0,0
Drogaria São Paulo,Disponível,332.0,13,7896112405818.0,Pitavastatina Cálcica 2mg Genérico Biolab 30 Comprimidos,"102,57","76,99",-24.9%,"76,99",-24.9%
Drogaria São Paulo,Disponível,332.0,13,7896523215235.0,Sinvastatina 20mg Genérico Cimed 30 Comprimidos,"32,86","10,99",-66.6%,"10,99",-66.6%
FarmaPonte,Esgotado,332.0,13,0.0,Bico Mamadeira Phillips Avent 0 a 6 Meses 2 Unidades,0,0,0,0,0
FarmaPonte,Esgotado,332.0,12,0.0,Tônico De Alho Para Fortalecimento De Cabelos Gota Dourada 30ml,0,0,0,0,0
FarmaPonte,Esgotado,331.0,13,0.0,Biomarine Autobronzeador Body Bronzer 200ml,0,0,0,0,0
Drogaria São Paulo,Disponível,331.0,14,7895296277051.0,Fenbip 150mg Nova Química 10 Comprimidos,"60,18","41,99",-30.2%,"41,99",-30.2%
FarmaPonte,Esgotado,331.0,13,0.0,Bebida Láctea UHT Dux Whey Protein Shake Chocolate Branco 250ml,0,0,0,0,0
FarmaPonte,Esgotado,331.0,13,0.0,Fio Dental Colgate Total 50m,0,0,0,0,0
FarmaPonte,Esgotado,331.0,13,0.0,Shampoo Infantil Johnson's Baby Regular 400ml,0,0,0,0,0
Drogaria São Paulo,Disponível,331.0,13,7897337713498.0,"Desalex D12 2,5mg + 120mg Organon 10 Comprimidos","65,72","61,37",-6.6%,"61,37",-6.6%
Drogaria São Paulo,Disponível,331.0,13,7897337716703.0,"Sandrena 0,5mg/0,5g Organon 28 Sachês 0,5g Gel","51,84","33,59",-35.2%,"33,59",-35.2%
FarmaPonte,Esgotado,331.0,14,0.0,Kit Lenço Umedecido Pampers Splashers Baby Shark 4 Pacotes com 48 Unidades,0,0,0,0,0
Drogaria São Paulo,Disponível,331.0,13,7899095251045.0,Hemitartarato De Zolpidem 10mg Genérico Geolab 30 Comprimidos,"60,55","23,99",-60.4%,"23,99",-60.4%
Drogaria São Paulo,Disponível,331.0,14,7891317446383.0,Città 20mg Momenta 30 Comprimidos,"63,32","56,81",-10.3%,"56,81",-10.3%
FarmaPonte,Esgotado,331.0,12,0.0,Bicarbonato de Sódio Clean Okta Sabor Natural com 15 Sachês de 40g - DCMA,0,0,0,0,0
FarmaPonte,Esgotado,331.0,14,0.0,Kit Máscara Labial Noturna + Esfoliante Labial (2 Produtos) Océane,0,0,0,0,0
FarmaPonte,Esgotado,331.0,13,0.0,Amolecedor de Cutículas e Fortalecedor de Unhas Querapro Podoprática 20ml – WNF,0,0,0,0,0
FarmaPonte,Esgotado,331.0,13,0.0,Algodão Rolete - Dental Partner,0,0,0,0,0
FarmaPonte,Esgotado,331.0,13,0.0,Pincel Grande Para Sombra Corpus,0,0,0,0,0
FarmaPonte,Esgotado,331.0,12,0.0,Gel Hidratante Intravaginal Relactagel 35g + 7 Aplicadores,0,0,0,0,0
FarmaPonte,Esgotado,331.0,15,0.0,Kit 2 Mamadeiras Step Up Chicco Rosa,0,0,0,0,0
Drogaria São Paulo,Disponível,331.0,14,7899547513219.0,Tadalafila 20mg Genérico Prati-Donaduzzi 4 Comprimidos,"28,40","9,59",-66.2%,"9,59",-66.2%
Drogaria São Paulo,Disponível,331.0,13,7891317457266.0,Levocetirizina 5mg Genérico Eurofarma 10 Comprimidos,"45,58","24,59",-46.1%,"24,59",-46.1%
Drogaria São Paulo,Disponível,331.0,13,7897473207004.0,Furoato de Mometasona Monoidratado 50mcg Genérico Glenmark 60 Doses Spray Nasal,"38,32","28,70",-25.1%,"28,70",-25.1%
FarmaPonte,Esgotado,331.0,14,0.0,Garasone 1mg/ml+ 3mg/ml Cosmed 20ml,0,0,0,0,0
FarmaPonte,Esgotado,331.0,14,0.0,Cera Depilatória Corporal Depi Roll Tradicional Refil 100g,0,0,0,0,0
FarmaPonte,Esgotado,331.0,14,0.0,Gel de Limpeza Facial Antibacteriano Garnier Uniform & Matte Vitamina C 150ml,0,0,0,0,0
Drogaria São Paulo,Disponível,331.0,12,7895296100038.0,"Drospirenona 3mg + Etinilestradiol 0,03mg Genérico Nova Química 21 Comprimidos","62,02","23,09",-62.8%,"23,09",-62.8%
Drogaria São Paulo,Disponível,331.0,13,7895858010362.0,Miosan Caf 5mg + 30mg Apsen 15 Comprimidos,"289,86","189,90",-34.5%,"189,90",-34.5%
Drogaria São Paulo,Disponível,331.0,14,7896714290201.0,"Cloridrato de Tansulosina 0,4mg Genérico Neo Química 30 Comprimidos","107,57","45,99",-57.2%,"45,99",-57.2%
FarmaPonte,Esgotado,331.0,13,0.0,Adoçante Líquido Adocyl Sucralose 160ml,0,0,0,0,0
Drogaria São Paulo,Disponível,331.0,13,7899095202627.0,Albendazol 400mg Genérico Geolab 1 Comprimido Mastigável,"9,30","4,84",-48.0%,"4,84",-48.0%
Drogaria São Paulo,Disponível,331.0,12,7896422501330.0,Pregabalina 150mg Genérico Medley 30 Cápsulas,"153,98","31,49",-79.5%,"31,49",-79.5%
FarmaPonte,Esgotado,331.0,13,0.0,Océane Fragrance Oil Lemongrass & Ginger - Essência - 10ml,0,0,0,0,0
Drogaria São Paulo,Disponível,331.0,14,7898146823422.0,Lânico 875mg + 125mg Supera RX 14 Comprimidos Revestidos,"41,37","20,48",-50.5%,"20,48",-50.5%
Drogaria São Paulo,Disponível,331.0,13,7896422504720.0,Cloridrato de Terbinafina 250mg Genérico Medley 28 Comprimidos,"165,01","71,77",-56.5%,"71,77",-56.5%
Drogaria São Paulo,Disponível,330.0,15,7897473206106.0,Dipropionato de Beclometasona 200mcg/dose Genérico Glenmark 1 Frasco com 200 Doses + Bombinha,"56,10","45,14",-19.5%,"45,14",-19.5%
Drogaria São Paulo,Disponível,330.0,13,7897337716680.0,Sandrena 1mg/g Organon 28 Sachês Gel,"94,72","68,80",-27.4%,"68,80",-27.4%
Drogaria São Paulo,Disponível,330.0,14,7896658025518.0,Zyad 5mg Aché 30 Comprimidos,"44,99","44,99",-,"44,99",-
FarmaPonte,Esgotado,330.0,13,0.0,Máscara Facial com Frutas Silvestres - Berry Mask 35ml Océane,0,0,0,0,0
FarmaPonte,Esgotado,330.0,13,0.0,Kit Aussie Mega Moist Shampoo 360ml + Condicionador 180ml Hidratação,0,0,0,0,0
FarmaPonte,Esgotado,330.0,14,0.0,Kit Caladryl Pós Sol Loção 100ml + Pós Sol Gel Aloe Vera 120g,0,0,0,0,0
FarmaPonte,Esgotado,330.0,15,0.0,Máscara Labial 2 Etapas - 2 Step Lip Mask 3g. Océane,0,0,0,0,0
FarmaPonte,Esgotado,330.0,14,0.0,Motilium 1mg/ml Janssen 60ml Suspensão,0,0,0,0,0
FarmaPonte,Esgotado,330.0,13,0.0,Refil Para Escova Interdental Curaprox Cilíndrico Cps 011 8 Unidades,0,0,0,0,0
FarmaPonte,Esgotado,330.0,15,0.0,Spray Capilar Day After Seda Boom Definição Intensa 350ml,0,0,0,0,0
Drogaria São Paulo,Disponível,330.0,13,7894916507998.0,Donaren 50mg Apsen 60 Comprimidos Revestidos,"190,17","177,59",-6.6%,"177,59",-6.6%
FarmaPonte,Esgotado,330.0,13,0.0,Isotônico Powerade Fifa World Cup Qatar 2022 Limão 500ml,0,0,0,0,0
FarmaPonte,Esgotado,330.0,12,0.0,Aveia em Flocos Grossos Sem Glúten MV Seleção 200g,0,0,0,0,0
FarmaPonte,Esgotado,330.0,13,0.0,Babosa Gel de Aloe Vera AhoAloe 250ml,0,0,0,0,0
FarmaPonte,Esgotado,330.0,13,0.0,Chocolate GAROTO TALENTO Diet com Avelãs 25g,0,0,0,0,0
FarmaPonte,Esgotado,330.0,13,0.0,Deocil Sl 10mg Diffucap Chemobras 30 Comprimidos,0,0,0,0,0
Drogaria São Paulo,Disponível,330.0,12,7898687731552.0,Cloridrato de Ondansetrona 4mg Genérico Althaia 10 Comprimidos,"22,27","15,18",-31.8%,"15,18",-31.8%
FarmaPonte,Esgotado,330.0,14,0.0,Aparelho de Depilação Bic Soleil Rosa/Roxo 2 unidades,0,0,0,0,0
Drogaria São Paulo,Disponível,330.0,12,7899824400911.0,"Tericin At 25mg/g + 12,5mg/g Arese 45g Creme Vaginal + 10 Aplicadores","80,65","69,57",-13.7%,"69,57",-13.7%
FarmaPonte,Esgotado,330.0,12,0.0,Biscoito Leite Maltado Piraquê Cobertura Chocolate 80g,0,0,0,0,0
Drogaria São Paulo,Disponível,330.0,14,7898074616073.0,Fluimucil 100mg/ml Zambon 3ml 5 Ampolas Solução,"37,71","31,97",-15.2%,"31,97",-15.2%
Drogaria São Paulo,Disponível,330.0,12,7891721202889.0,Levotiroxina Sódica 125mcg Genérico Merck S/A 30 Comprimidos,"15,39","14,25",-7.4%,"14,25",-7.4%
FarmaPonte,Esgotado,330.0,14,0.0,Base Líquida Matte Eudora Niina Secrets Daily Tint Cream Cor 95 25 ml,0,0,0,0,0
Drogaria São Paulo,Disponível,330.0,12,7896004704692.0,Cefalexina 500mg Genérico EMS 10 Comprimidos,"31,33","12,19",-61.1%,"12,19",-61.1%
Drogaria São Paulo,Disponível,330.0,13,7896422501187.0,Pregabalina 75mg Genérico Medley 30 Cápsulas,"103,81","22,59",-78.2%,"22,59",-78.2%
FarmaPonte,Esgotado,330.0,14,0.0,Mollitia - Chá misto,0,0,0,0,0
FarmaPonte,Esgotado,330.0,13,0.0,Creme Hidratante Corporal Bioderma Atoderm Intensive Baume 200 ml,0,0,0,0,0
FarmaPonte,Esgotado,330.0,14,0.0,Creme Para Pentear Elseve Óleo Extraordinário L'Oréal 250ml,0,0,0,0,0
Drogaria São Paulo,Disponível,329.0,13,7896226501284.0,Acertil 5mg Servier 30 Comprimidos Revestidos,"1652,25","669,90",-59.5%,"669,90",-59.5%
FarmaPonte,Esgotado,329.0,14,0.0,Balas de Gelatina Valda C Laranja Mentolada 24g,0,0,0,0,0
Drogaria São Paulo,Disponível,329.0,14,7898569763534.0,Pregabalina 75mg Genérico Althaia 30 Cápsulas Duras,"90,87","24,05",-73.5%,"24,05",-73.5%
FarmaPonte,Esgotado,329.0,13,0.0,Escova Dental Curaprox Super Soft CS3960B Cores Sortidas,0,0,0,0,0
FarmaPonte,Esgotado,329.0,13,0.0,Ampola De Tratamento Capilar Vitamina E Skafe  10ml,0,0,0,0,0
FarmaPonte,Esgotado,329.0,13,0.0,Bicarbonato de Sódio Airon Natural com 24 Sachês de 40g - Maquira,0,0,0,0,0
FarmaPonte,Esgotado,329.0,13,0.0,Creme Facial Nivea Antissinais Q10 Energy Dia FPS15 50g,0,0,0,0,0
FarmaPonte,Esgotado,329.0,13,0.0,Barra de Cereais Nuts & Joy Nozes e Canela 30g,0,0,0,0,0
Drogaria São Paulo,Disponível,329.0,13,7896112147640.0,Aerodini 100mcg/dose Teuto 200 doses Aerosol,"53,67","18,05",-66.4%,"18,05",-66.4%
FarmaPonte,Esgotado,329.0,14,0.0,Condicionador Pantene Pro-V Miracles Colágeno Hidrata & Resgata 150ml,0,0,0,0,0
Drogaria São Paulo,Disponível,329.0,13,7893454101798.0,"Cherry 2mg + 0,03mg FQM Melora 21 Comprimidos","36,24","12,17",-66.4%,"12,17",-66.4%
Drogaria São Paulo,Disponível,329.0,15,7897316801239.0,"Duodex 3,5mg/ml + 1mg/ml GBio 5ml Solução Oftálmica","46,13","46,13",-,"46,13",-
Drogaria São Paulo,Disponível,329.0,13,7891058006389.0,Puran T4 50mcg Sanofi 30 Comprimidos,"14,39","14,39",-,"14,39",-
Drogaria São Paulo,Disponível,329.0,13,7896548112717.0,Colírio Tobracin 3mg/ml Cristália 5ml,"40,06","37,59",-6.2%,"37,59",-6.2%
FarmaPonte,Esgotado,329.0,12,0.0,Pasta integral de amendoim crunchy com 500g-Amendo Power,0,0,0,0,0
Drogaria São Paulo,Disponível,329.0,14,7895296271035.0,Acebrofilina 50mg/5ml Genérico Nova Química 120ml Xarope + Copo Dosador,"41,06","18,99",-53.8%,"18,99",-53.8%
FarmaPonte,Esgotado,329.0,12,0.0,Lubrificante Íntimo Gel Skyn Naturally Endless 100g,0,0,0,0,0
Drogaria São Paulo,Disponível,329.0,13,7898146825129.0,Cloridrato Memantina 10mg Genérico Biolab 60 Comprimidos Revestidos,"72,52","26,99",-62.8%,"26,99",-62.8%
Drogaria São Paulo,Disponível,329.0,12,7891721012884.0,Clinfar 20mg Merck S/A 30 comprimidos,"57,94","53,95",-6.9%,"53,95",-6.9%
FarmaPonte,Esgotado,329.0,13,0.0,Chips de Banana com Sal Mundo Verde 40g - Chips De Banana Com Sal Mundo Verde Seleção 40g,0,0,0,0,0
FarmaPonte,Esgotado,329.0,14,0.0,Hidratante Labial Carmed Ana Castela Docinhos Brigadeiro 10g,0,0,0,0,0
FarmaPonte,Esgotado,329.0,12,0.0,Bolsa Térmica Água Quente 2 Litros,0,0,0,0,0
Drogaria São Paulo,Disponível,329.0,13,7896472516292.0,"Colchicina 0,5mg Genérico Multilab 20 Comprimidos","30,94","9,02",-70.8%,"9,02",-70.8%
FarmaPonte,Esgotado,329.0,15,0.0,"Colírio Maxibell 0,5mg/ml + 4mg/ml Latinofarma 10ml",0,0,0,0,0
FarmaPonte,Esgotado,329.0,12,0.0,Loção De Fatores De Crescimento Capilar / Barba 60Ml,0,0,0,0,0
FarmaPonte,Esgotado,329.0,13,0.0,Glargilin 100UI/ml Biomm 1 Carpule com 3ml + 1 Caneta Aplicadora,0,0,0,0,0
FarmaPonte,Esgotado,329.0,14,0.0,Deo Colônia Íntima Puzzy By Anitta Se Envolve 25ml,0,0,0,0,0
Drogaria São Paulo,Disponível,329.0,13,7898158693693.0,Varicoss Grb 15mg + 90mg 20 Drágeas,"46,08","32,99",-28.4%,"32,99",-28.4%
FarmaPonte,Esgotado,329.0,12,0.0,Bastão de Massagem T144 Acte,0,0,0,0,0
Drogaria São Paulo,Disponível,329.0,13,8903855083506.0,Mirtazapina 30mg Genérico Pharlab 30 Comprimidos,"192,62","80,99",-58.0%,"80,99",-58.0%
FarmaPonte,Esgotado,329.0,13,0.0,Condicionador L'Oréal Paris Elseve Óleo Extraordinário 400ml,0,0,0,0,0
Drogaria São Paulo,Disponível,328.0,14,7891058002008.0,Profenid 20mg/ml Sanofi 20ml Gotas,"45,54","42,79",-6.0%,"42,79",-6.0%
FarmaPonte,Esgotado,328.0,12,0.0,"Creme Varicell para Varizes, Dores e Pernas Cansadas Pele Normal 300g",0,0,0,0,0
Drogaria São Paulo,Disponível,328.0,13,8903855069173.0,Rosucor 5mg Torrent 30 Comprimidos,"37,88","12,56",-66.8%,"12,56",-66.8%
FarmaPonte,Esgotado,328.0,12,0.0,Vizzela Lip Liner Lapiseira Labial - Sonhadora,0,0,0,0,0
FarmaPonte,Esgotado,328.0,14,0.0,Mamadeira Mam Easy Start Rosa 130ml 1 Unidade,0,0,0,0,0
Drogaria São Paulo,Disponível,328.0,13,7891268100204.0,Aldactone 100mg Pfizer 16 comprimidos,"51,08","47,03",-7.9%,"47,03",-7.9%
Drogaria São Paulo,Disponível,328.0,13,7897473207011.0,Furoato de Mometasona Monoidratado 50mcg Genérico Glenmark 120 Doses Spray Nasal,"54,25","24,49",-54.9%,"24,49",-54.9%
FarmaPonte,Esgotado,328.0,13,0.0,Óleo Essencial de Limão Siciliano 10ml - Phytoterapica,0,0,0,0,0
Drogaria São Paulo,Disponível,328.0,14,7896523207988.0,"Maleato de Dexclorfeniramina 2mg/5ml + Betametasona 0,25mg/5ml Genérico Cimed 120ml Xarope","15,00","10,49",-30.1%,"10,49",-30.1%
FarmaPonte,Esgotado,328.0,13,0.0,Esponja Make Up Perfect - Ricca - 989,0,0,0,0,0
FarmaPonte,Esgotado,328.0,12,0.0,Paris Elysees Night Caviar For Men Eau De Toilette - Perfume Masculino 100ml,0,0,0,0,0
FarmaPonte,Esgotado,328.0,13,0.0,Creme de Massagem para Estrias Palmers Cocoa Butter 125g,0,0,0,0,0
Drogaria São Paulo,Disponível,328.0,13,7898565160085.0,"Letrozol 2,5mg Genérico Natcofarma 30 Comprimidos","745,64","31,90",-95.7%,"31,90",-95.7%
FarmaPonte,Esgotado,328.0,13,0.0,Pó Descolorante Lightner Gérmen de Trigo 20g,0,0,0,0,0
FarmaPonte,Esgotado,328.0,13,0.0,Água Micelar Loreal Paris Solução de Limpeza 5 em 1 - 100ml,0,0,0,0,0
Drogaria São Paulo,Disponível,328.0,12,7891721014987.0,Euthyrox 112mcg Merck S/A 50 Comprimidos,"56,85","52,96",-6.8%,"52,96",-6.8%
Drogaria São Paulo,Disponível,328.0,14,7896006219064.0,Fosfato Dissódico de Betametasona 5mg/ml + Dipropionato de Betametasona 2mg/ml Genérico União Química 1 Ampola 1ml + 1 Seringa + 1 Agulha,"27,95","20,68",-26.0%,"20,68",-26.0%
Drogaria São Paulo,Disponível,328.0,14,7896181919391.0,Alprazolam 2mg Genérico Biosintetica 30 Comprimidos,"70,62","27,70",-60.8%,"27,70",-60.8%
FarmaPonte,Esgotado,328.0,14,0.0,Bolsa Térmica Gel Para Olhos Mercur,0,0,0,0,0
FarmaPonte,Esgotado,328.0,13,0.0,Loxonin 60mg Sankyo 15 Cápsulas,0,0,0,0,0
FarmaPonte,Esgotado,328.0,14,0.0,Kit QOD Barber Shop Creme De Barbear + Loção Pós-Barba 100g Cada,0,0,0,0,0
FarmaPonte,Esgotado,328.0,12,0.0,Ampola N.P.P.E. Hair Care Miracle Luminous Elixir 25 ml,0,0,0,0,0
FarmaPonte,Esgotado,328.0,13,0.0,Ampola De Tratamento Skafe Reconstrução Capilar  10ml,0,0,0,0,0
Drogaria São Paulo,Disponível,328.0,13,7891058002428.0,Oxalato de Escitalopram 10mg Genérico Medley 60 Comprimidos,"92,07","73,99",-19.6%,"73,99",-19.6%
FarmaPonte,Esgotado,328.0,15,0.0,Alfarroba com Uva Passa Carob House 13g,0,0,0,0,0
FarmaPonte,Esgotado,328.0,13,0.0,Pasta Amendoim Salted Caramel Eat Clean 300g,0,0,0,0,0
FarmaPonte,Esgotado,328.0,13,0.0,Barra de Proteína Protein Crisp Bar Leite Ninho e Creme de Avelã 45g,0,0,0,0,0
FarmaPonte,Esgotado,327.0,15,0.0,Isotônico Powerade Sport Uva 500ml,0,0,0,0,0
Drogaria São Paulo,Disponível,327.0,15,7898040328627.0,Bactrim F 400mg/5ml + 80mg/5ml Farmoquímica 100ml Suspensão,"59,43","54,87",-7.7%,"54,87",-7.7%
Drogaria São Paulo,Disponível,327.0,12,7895296448154.0,Pregabalina 75mg Genérico Nova Química 30 Cápsulas,"84,72","22,75",-73.1%,"22,75",-73.1%
Drogaria São Paulo,Disponível,327.0,13,7898049795260.0,Aceclofenaco 100mg Genérico Vitamedic 12 Comprimidos Revestidos,"44,42","10,78",-75.7%,"10,78",-75.7%
Drogaria São Paulo,Disponível,327.0,13,7891058006389.0,Puran T4 175mcg Sanofi 30 Comprimidos,"14,39","14,39",-,"14,39",-
Drogaria São Paulo,Disponível,327.0,12,7896004737218.0,Orlistate 120mg Genérico Ems 42 Capsulas,"201,10","83,15",-58.7%,"83,15",-58.7%
Drogaria São Paulo,Disponível,327.0,13,7896523206868.0,"Diad 1,5mg Cimed 1 Comprimido","18,30","18,30",-,"18,30",-
FarmaPonte,Esgotado,327.0,13,0.0,Fio Dental Extra Fino - Medfio - 50m (Cód. 25.2443),0,0,0,0,0
FarmaPonte,Esgotado,327.0,14,0.0,Brinco Antialérgico Studex Bola Prateado,0,0,0,0,0
Drogaria São Paulo,Disponível,327.0,12,7896006219606.0,Paracetamol 500mg + Fosfato De Codeína 30mg Genérico União Química 36 Comprimidos,"76,22","42,16",-44.7%,"42,16",-44.7%
FarmaPonte,Esgotado,327.0,15,0.0,Kit Veet Depilação Facial Creme 50ml + Pós-Depilatório 50ml,0,0,0,0,0
FarmaPonte,Esgotado,327.0,15,0.0,Preservativo Olla Sensitive 3 Unidades,0,0,0,0,0
Drogaria São Paulo,Disponível,327.0,14,7898148295210.0,Albendazol 400mg Genérico Prati 1 Comprimido,"9,46","4,99",-47.3%,"4,99",-47.3%
Drogaria São Paulo,Disponível,327.0,13,7898096577550.0,Deocil SL 10mg Diffucap Chemobras 20 Comprimidos Sublinguais,"77,47","65,33",-15.7%,"65,33",-15.7%
Drogaria São Paulo,Disponível,327.0,13,7899824400881.0,Zelix 150mg Arese 2 Cápsulas,"104,03","94,49",-9.2%,"94,49",-9.2%
FarmaPonte,Esgotado,327.0,12,0.0,Hemospon Pattern Photo Gel Vermelho - Maquira - Hemospon Pattern Photo Gel Vermelho com 1 Seringa com 3g e 3 Ponteiras - Maquira,0,0,0,0,0
Drogaria São Paulo,Disponível,327.0,13,7896472516292.0,"Cocichimil 0,5mg Multilab 30 Comprimidos","30,94","9,02",-70.8%,"9,02",-70.8%
Drogaria São Paulo,Disponível,327.0,13,7896026302432.0,Atrovent 20mcg/dose Boehringer 10ml Aerosol,"42,50","39,99",-5.9%,"39,99",-5.9%
FarmaPonte,Esgotado,327.0,13,0.0,Ampola Tratamento Capilar Vitamina Óleo De Argan Skafe  10ml,0,0,0,0,0
FarmaPonte,Esgotado,327.0,13,0.0,Máscara para Cílios de Volume Fran by Franciny Ehlke Maravicherry Preto 6 g,0,0,0,0,0
FarmaPonte,Esgotado,327.0,12,0.0,Óleo Capilar Cadiveu Professional Açaí Oil 10 ml,0,0,0,0,0
FarmaPonte,Esgotado,327.0,12,0.0,Escova De Cabelo Ricca Oval Grande Black&Pink 1 Unidade,0,0,0,0,0
FarmaPonte,Esgotado,326.0,13,0.0,"Fluibron 7,5mg/ml Chiesi 50ml Gotas",0,0,0,0,0
Drogaria São Paulo,Disponível,326.0,13,7896181927693.0,Desvenlafaxina 50mg Genérico Aché 30 Comprimidos Revestidos,"130,57","32,26",-75.3%,"32,26",-75.3%
FarmaPonte,Esgotado,326.0,13,0.0,Leave-In de Tratamento Elseve L'Oréal Paris Cicatri Renov 50ml,0,0,0,0,0
FarmaPonte,Esgotado,326.0,13,0.0,Absorvente Externo Sempre Livre Adapt Plus Noite e Dia Cobertura Suave Com Abas 32 Unidades,0,0,0,0,0
FarmaPonte,Esgotado,326.0,13,0.0,Escova para Banho Ever Care 1 Unidade,0,0,0,0,0
Drogaria São Paulo,Disponível,326.0,14,7897076907714.0,Norfloxacino 400mg Genérico Ranbaxy 14 Comprimidos,"44,66","23,59",-47.2%,"23,59",-47.2%
Drogaria São Paulo,Disponível,326.0,14,7896006215912.0,Risperidona 1mg Genérico União Química 30 Comprimidos,"56,00","22,99",-58.9%,"22,99",-58.9%
Drogaria São Paulo,Disponível,326.0,14,8903855076034.0,Azukon 30mg Torrent 60 Comprimidos,"42,97","40,59",-5.5%,"40,59",-5.5%
FarmaPonte,Esgotado,326.0,12,0.0,Condicionador Pantene Restauração 400ml,0,0,0,0,0
Drogaria São Paulo,Disponível,326.0,13,7896269900105.0,Afrat 150mg Cristália 1 Comprimido,"42,25","42,25",-,"42,25",-
FarmaPonte,Esgotado,326.0,14,0.0,Regenerador Labial Nivea 3 em 1 10g,0,0,0,0,0
FarmaPonte,Esgotado,326.0,12,0.0,Água Micelar Milimetric Skincare 200ml,0,0,0,0,0
FarmaPonte,Esgotado,326.0,14,0.0,Ducox 200mg Momenta Farma 10 Cápsulas,0,0,0,0,0
Drogaria São Paulo,Disponível,326.0,13,7896094922075.0,Dramin B6 25mg/ml + 5mg/ml Cosmed 30ml,"24,35","21,29",-12.6%,"21,29",-12.6%
Drogaria São Paulo,Disponível,326.0,15,7896094921382.0,Amome 50mcg Mantecorp Farmasa 60 Doses Spray Nasal,"51,92","48,79",-6.0%,"48,79",-6.0%
Drogaria São Paulo,Disponível,326.0,13,7896112406099.0,Ibandronato de Sódio 150mg Genérico Biolab 3 Comprimidos,"161,40","90,99",-43.6%,"90,99",-43.6%
FarmaPonte,Esgotado,326.0,14,0.0,Máscara Capilar Bio Extratus Mais Liso 250g,0,0,0,0,0
Drogaria São Paulo,Disponível,326.0,14,7896181906582.0,Furosemida 40mg Genérico Biosintética 30 Comprimidos,"22,44","13,99",-37.7%,"13,99",-37.7%
FarmaPonte,Esgotado,326.0,15,0.0,Gel de Sobrancelha Maybelline NY Tattoo Brow 3 dias Deep Brown 5g,0,0,0,0,0
Drogaria São Paulo,Disponível,326.0,13,7896382705342.0,Cialis 20mg Eli Lilly 1 comprimido,"84,02","74,59",-11.2%,"74,59",-11.2%
FarmaPonte,Esgotado,326.0,14,0.0,Chocolate Snickers Pé de Moleque 42g,0,0,0,0,0
FarmaPonte,Esgotado,326.0,15,0.0,Removedor De Esmalte Zulu Seduction 500ml,0,0,0,0,0
Drogaria São Paulo,Disponível,326.0,12,7898216360420.0,"Digoxina 0,25mg Genérico Pharlab 30 Comprimidos","18,28","8,59",-53.0%,"8,59",-53.0%
FarmaPonte,Esgotado,326.0,14,0.0,Kit King.C.Gillette Shampoo 241ml + Sérum Preenchedor Para Barba 50ml,0,0,0,0,0
FarmaPonte,Esgotado,326.0,12,0.0,Caneta Delineadora Mariana Saad - Océane - Real Black,0,0,0,0,0
FarmaPonte,Esgotado,326.0,13,0.0,Ampola Capilar Pantene Pro-V Reconstrução Revitalizadora 15 ml,0,0,0,0,0
FarmaPonte,Esgotado,326.0,12,0.0,Kit Esponja de Maquiagem Flat Drop Océane Edition (4 Produtos),0,0,0,0,0
FarmaPonte,Esgotado,326.0,13,0.0,Kit Neutrogena Sun Fresh Protetor Solar Corporal Toque Seco FPS50 200ml + 120ml,0,0,0,0,0
FarmaPonte,Esgotado,326.0,14,0.0,Sabonete Líquido Protex Cuidado Íntimo Delicate Care 40ml,0,0,0,0,0
FarmaPonte,Esgotado,326.0,13,0.0,Nausilon B6 25mg/ml + 5mg/ml Cifarma 20ml,0,0,0,0,0
Drogaria São Paulo,Disponível,326.0,14,7899547528626.0,"Losartana Potássica 50mg Genérico Prati, Donaduzzi 60 Comprimidos","19,52","11,57",-40.7%,"11,57",-40.7%
Drogaria São Paulo,Disponível,326.0,14,7896676432824.0,"Maxiflox-D 3,5mg/g + 1mg/g Cristália 3,5g Pomada","51,25","47,99",-6.4%,"47,99",-6.4%
FarmaPonte,Esgotado,325.0,14,0.0,Acelerador de Bronzeado Ever Care FPS6 120g,0,0,0,0,0
FarmaPonte,Esgotado,325.0,13,0.0,Leave-In Spray Intensive Care Proteção Térmica Knut 70ml,0,0,0,0,0
FarmaPonte,Esgotado,325.0,14,0.0,Pasta de Dente Infantil Colgate Minions Bubble Fruit 100g,0,0,0,0,0
FarmaPonte,Esgotado,325.0,13,0.0,Bauny - Batom Líquido Matte Vegano 5ml - Cor 060,0,0,0,0,0
FarmaPonte,Esgotado,325.0,12,0.0,Sombra Líquida e Primer 2x1 Bruna Tavares BT Velvet Grey 6 ml,0,0,0,0,0
FarmaPonte,Esgotado,325.0,12,0.0,Bebida Láctea UHT YoPRO Chocolate 25g de proteínas 250ml,0,0,0,0,0
FarmaPonte,Esgotado,325.0,12,0.0,Snack Saudável Mãe Terra Remix Cacau 25g,0,0,0,0,0
FarmaPonte,Esgotado,325.0,13,0.0,Kit Esponja de Maquiagem Special Diamond Blend,0,0,0,0,0
FarmaPonte,Esgotado,325.0,15,0.0,"Máscara de Argila Branca 60g - Ação clareadora, esfoliante e revitalizante",0,0,0,0,0
Drogaria São Paulo,Disponível,325.0,15,7896672202810.0,Clenil HFA 50mcg/dose Chiesi 200 Doses Spray,"49,99","44,59",-10.8%,"44,59",-10.8%
FarmaPonte,Esgotado,325.0,12,0.0,Kit Lenço Umedecido Infantil Huggies Higiene Superior 4 Pacotes com 48 Unidades,0,0,0,0,0
Drogaria São Paulo,Disponível,325.0,12,7898216360659.0,Gliclazida 60mg Genérico Pharlab 60 Comprimidos,"104,50","55,59",-46.8%,"55,59",-46.8%
FarmaPonte,Esgotado,325.0,13,0.0,Adoçante Linea Sucralose Pó 70 Envelopes de 800mg,0,0,0,0,0
FarmaPonte,Esgotado,325.0,12,0.0,Adoçante Finn Xilitol Pó com 30 Envelopes com 5g,0,0,0,0,0
Drogaria São Paulo,Disponível,325.0,14,7897316802861.0,"Pred Mild Suspensão Oftálmica 0,12% 10ml","59,25","51,99",-12.3%,"51,99",-12.3%
FarmaPonte,Esgotado,325.0,13,0.0,Kit Aparelho de Barbear Bic Comfort 3 4 Unidades,0,0,0,0,0
FarmaPonte,Esgotado,325.0,13,0.0,Escova para Desembaraçar Tangle Teezer The Original Azul e Rosa,0,0,0,0,0
FarmaPonte,Esgotado,325.0,13,0.0,Kit Esponja de Maquiagem Para Base Beauty Charm Esponja Flat Drop Edition,0,0,0,0,0
FarmaPonte,Esgotado,325.0,13,0.0,Minoxidil + Auxina Tricógena 100 mL BS Pharma,0,0,0,0,0
FarmaPonte,Esgotado,325.0,15,0.0,Base Tint Be Easy Fps20 040 Bauny 35g,0,0,0,0,0
FarmaPonte,Esgotado,325.0,15,0.0,Wafer sabor mais Cookies'n'Creme com 102g - Hershey's,0,0,0,0,0
FarmaPonte,Esgotado,325.0,12,0.0,Pó Descolorante Nacre Blond Apparel - Kostume - 300g,0,0,0,0,0
Drogaria São Paulo,Disponível,325.0,14,7891317013998.0,Meclin Jet 50mg Apsen 10 Comprimidos Mastigáveis,"74,33","69,99",-5.8%,"69,99",-5.8%
FarmaPonte,Esgotado,325.0,12,0.0,Pomada Modeladora para Cabelos Charming Black 50g,0,0,0,0,0
FarmaPonte,Esgotado,325.0,12,0.0,Aparelho de Barbear Gillette Fusion Proshield Flexball,0,0,0,0,0
FarmaPonte,Esgotado,325.0,13,0.0,Aparelho de Barbear Bic Sensitive 7 Unidades,0,0,0,0,0
FarmaPonte,Esgotado,325.0,17,0.0,Pomada para Assadura Babymed Azul 45g,0,0,0,0,0
FarmaPonte,Esgotado,325.0,12,0.0,Base Líquida Matte Fran by Franciny Ehlke Real Filter M-02 30 g,0,0,0,0,0
FarmaPonte,Esgotado,325.0,13,0.0,Pomada Modeladora Capilar Extraforte Charming Men Efeito Matte 50g,0,0,0,0,0
FarmaPonte,Esgotado,325.0,13,0.0,Kit 6x NotCo NotMilk High Protein 15g Cafe Caramelo 250ml,0,0,0,0,0
Drogaria São Paulo,Disponível,325.0,12,7896212424023.0,"Risperdal 0,5mg Janssen 10 Comprimidos","42,84","42,41",-1.0%,"42,41",-1.0%
FarmaPonte,Esgotado,325.0,12,0.0,Mamadeira Philips Avent Pétala 2.0 Transparente 125ml,0,0,0,0,0
FarmaPonte,Esgotado,325.0,13,0.0,Espuma de Barbear Bozzano Hidratação 200ml,0,0,0,0,0
Drogaria São Paulo,Disponível,325.0,13,7896523210773.0,Maleato de Enalapril 20mg Genérico Cimed 30 Comprimidos,"35,98","13,99",-61.1%,"13,99",-61.1%
FarmaPonte,Esgotado,325.0,13,0.0,2 Em 1 Protetor E Hidratante Labial - 15Gr,0,0,0,0,0
FarmaPonte,Esgotado,324.0,13,0.0,Shampoo Anticaspa Clear Men Ice Cool Menthol 200ml,0,0,0,0,0
Drogaria São Paulo,Disponível,324.0,12,7891317016135.0,Zoup Sl 5mg Supera 30 Comprimidos,"157,27","137,99",-12.3%,"137,99",-12.3%
FarmaPonte,Esgotado,324.0,14,0.0,Argila Facial Profissional Verde 150g – WNF,0,0,0,0,0
FarmaPonte,Esgotado,324.0,14,0.0,Lenço de Papel de Bolso Kleenex Dia a Dia 10 Folhas,0,0,0,0,0
FarmaPonte,Esgotado,324.0,14,0.0,Pasta de Dente Infantil Colgate Kids Zero Morango 70g,0,0,0,0,0
Drogaria São Paulo,Disponível,324.0,14,7894916148252.0,"Drospirenona 3mg + Etinilestradiol 0,03mg Genérico Legrand 63 Comprimidos","146,21","63,35",-56.7%,"63,35",-56.7%
FarmaPonte,Esgotado,324.0,12,0.0,Autobronzeador Corporal Skelt Red Carpet Glow Mousse 45ml,0,0,0,0,0
Drogaria São Paulo,Disponível,324.0,13,7896015591656.0,Vitanol-A 1mg/g GSK 30g Creme,"74,97","69,79",-6.9%,"69,79",-6.9%
FarmaPonte,Esgotado,324.0,13,0.0,Argiloterapia Facial Vita Derm Acne Control,0,0,0,0,0
FarmaPonte,Esgotado,324.0,13,0.0,Energético Red Bull Energy Drink Melância 250ml,0,0,0,0,0
FarmaPonte,Esgotado,324.0,13,0.0,Chocolate CHARGE 40g,0,0,0,0,0
FarmaPonte,Esgotado,324.0,15,0.0,Creme Facial Nivea Antissinais 100g,0,0,0,0,0
FarmaPonte,Esgotado,324.0,12,0.0,Chocolate Hershey's com Ovomaltine Ao Leite 77g,0,0,0,0,0
FarmaPonte,Esgotado,324.0,14,0.0,Chá Mune C Misto 30 Sachês,0,0,0,0,0
FarmaPonte,Esgotado,324.0,13,0.0,Hidratante Facial Nívea Beleza Radiante 7 em 1 Pele Negra 100g,0,0,0,0,0
FarmaPonte,Esgotado,324.0,14,0.0,Bebida Láctea UHT YoPRO Banana 15g de proteínas 250ml,0,0,0,0,0
Drogaria São Paulo,Indisponível,324.0,13,7896523208770.0,Fluconazol 150mg Genérico Cimed 2 Comprimidos,-,-,-,-,-
FarmaPonte,Esgotado,324.0,12,0.0,"Triquilar 0,05mg + 0,03mg + 0,075mg + 0,04mg + 0,125mg + 0,03mg Genom 3 Blísters 21 Comprimidos",0,0,0,0,0
FarmaPonte,Esgotado,324.0,12,0.0,PuraVit Imune Myralis Sabor Maçã-Verde 75ml,0,0,0,0,0
FarmaPonte,Esgotado,324.0,13,0.0,Pó Descolorante Yamá Camomila 50g - Pó Descolorante YAMÁ Camomila 50g,0,0,0,0,0
Drogaria São Paulo,Disponível,324.0,13,7897473206090.0,Dipropionato de Beclometasona 50mcg/dose Genérico Glenmark 200 Doses Aerossol Via Oral,"34,28","28,34",-17.3%,"28,34",-17.3%
FarmaPonte,Esgotado,324.0,14,0.0,Kit Sabonete Líquido Intimo Lucretin Neutro 2 Unidades 200ml Cada,0,0,0,0,0
FarmaPonte,Esgotado,324.0,13,0.0,Bala de Gengibre Ever Nutri com Mel e Própolis 40g,0,0,0,0,0
FarmaPonte,Esgotado,324.0,13,0.0,Barra de Frutas Supino Zero Banana Branco 24g,0,0,0,0,0
Drogaria São Paulo,Disponível,324.0,13,7898430193019.0,Vitamina D DPrev 10.000UI Myralis 8 Comprimidos Revestidos,"40,68","40,68",-,"40,68",-
Drogaria São Paulo,Disponível,324.0,13,7898430192203.0,Vitamina D Dprev D3 7000UI Myralis 12 Cápsulas,"32,29","32,29",-,"32,29",-
FarmaPonte,Esgotado,324.0,13,0.0,Biscoito Recheado sabor Doce de leite com 90g - Bono,0,0,0,0,0
FarmaPonte,Esgotado,324.0,14,0.0,Kit Shampoo para Barba Go Tea Tree 140ml + Óleo em Creme,0,0,0,0,0
FarmaPonte,Esgotado,324.0,14,0.0,Máscara para Cílios Alongadora Essence Lash Princess Preto 12 ml,0,0,0,0,0
FarmaPonte,Esgotado,324.0,13,0.0,Pé de Moleque Pacote com 450g - Gulosina,0,0,0,0,0
FarmaPonte,Esgotado,324.0,13,0.0,Kit Lenço Umedecido Piquitucho Premium Capim Limão 4 Pacotes com 60 Unidades,0,0,0,0,0
Drogaria São Paulo,Disponível,324.0,14,7896523207629.0,Aciclovir 50mg/g Genérico Cimed 10g Creme,"30,09","12,07",-59.9%,"12,07",-59.9%
FarmaPonte,Esgotado,324.0,13,0.0,Mel Orgânico Mundo Verde Seleção 300g,0,0,0,0,0
FarmaPonte,Esgotado,324.0,12,0.0,Mentos Pure Fresh Fresh Mint 56g,0,0,0,0,0
FarmaPonte,Esgotado,324.0,12,0.0,Escova de Cabelo Ricca Oval Almofada Pink 1 Unidade,0,0,0,0,0
FarmaPonte,Esgotado,324.0,13,0.0,Energético Monster Dragon Ice Tea Lemon 473ml,0,0,0,0,0
FarmaPonte,Esgotado,324.0,12,0.0,"Lápis para Olhos Maybelline Colossal Kajal Marrom 0,35g",0,0,0,0,0
FarmaPonte,Esgotado,323.0,15,0.0,Kit Multifuncional Océane Edition (2 Produtos),0,0,0,0,0
FarmaPonte,Esgotado,323.0,13,0.0,Óleo Corporal De Rosa Mosqueta Negra Rosa 100ml,0,0,0,0,0
FarmaPonte,Esgotado,323.0,14,0.0,NINHO® Leite em Pó Proteen 350g,0,0,0,0,0
FarmaPonte,Esgotado,323.0,12,0.0,"Batom Nude Semi-Matte – The Lipstick Sienna Océane Edition 3,2g",0,0,0,0,0
FarmaPonte,Esgotado,323.0,14,0.0,Bebida de Tapioca Mundo Verde Seleção 200g,0,0,0,0,0
FarmaPonte,Esgotado,323.0,13,0.0,Kit Sabonete Líquido Íntimo Dermacyd Femina 200ml + 100ml,0,0,0,0,0
Drogaria São Paulo,Disponível,323.0,13,7896004708881.0,Valerato de Betametasona 1mg/g Genérico Germed Pharma 1 Bisnaga com 30g,"28,65","18,41",-35.7%,"18,41",-35.7%
FarmaPonte,Esgotado,323.0,14,0.0,Biscoito Nesfit Cookie Integral Cacau e Avelã 60g,0,0,0,0,0
FarmaPonte,Esgotado,323.0,13,0.0,Pincel Para Lábios Corpus,0,0,0,0,0
FarmaPonte,Esgotado,323.0,13,0.0,"Kit De Viagem Colgate Com Escova, pasta e Enxaguante Bucal",0,0,0,0,0
Drogaria São Paulo,Disponível,323.0,15,7899551309266.0,Aradois 50mg Biolab 30 Comprimidos,"62,03","58,79",-5.2%,"58,79",-5.2%
FarmaPonte,Esgotado,323.0,14,0.0,Ampola De Tratamento Capilar Pró B5 Skafe 10ml,0,0,0,0,0
Drogaria São Paulo,Disponível,323.0,14,7896422515580.0,Citalopram 20mg Genérico Medley 30 Comprimidos Revestidos,"58,26","17,42",-70.1%,"17,42",-70.1%
FarmaPonte,Esgotado,323.0,12,0.0,Gel Lubrificante Íntimo Jontex Naturals Original H2O 100% Natural 100g com Probióticos,0,0,0,0,0
FarmaPonte,Esgotado,323.0,15,0.0,Paleta Multifuncional Karen Bachini Beauty Hécate 4 Shades 12 g,0,0,0,0,0
FarmaPonte,Esgotado,323.0,12,0.0,Creme Dental Colgate Total Clean Mint 140g 2 unidades - Kit Pasta de Dente Colgate Total Clean Mint 2 Unidades de 140g,0,0,0,0,0
FarmaPonte,Esgotado,323.0,14,0.0,Água Saborizada Com Gás Crystal Tangerina E Capim-Limão 510ml,0,0,0,0,0
Drogaria São Paulo,Disponível,323.0,12,7896004704623.0,"Maleato Dexclorfeniramina 0,4mg/ml + Betametasona 0,05mg/ml Genérico EMS 120ml Xarope","22,90","11,59",-49.4%,"11,59",-49.4%
FarmaPonte,Esgotado,323.0,13,0.0,Sabonete Liquido Dove Nutrição Profunda 250ml,0,0,0,0,0
FarmaPonte,Esgotado,323.0,13,0.0,Água Perfumada Chicco Baby Moments Pele Delicada 100ml,0,0,0,0,0
FarmaPonte,Esgotado,323.0,14,0.0,Mari Maria Creamy Matte - Batom Liquido 4ml - Sexy,0,0,0,0,0
FarmaPonte,Esgotado,323.0,12,0.0,Creme para Pentear Nutritivo L'Oréal Paris Elseve Cachos Longos dos Sonhos 250ml,0,0,0,0,0
FarmaPonte,Esgotado,323.0,13,0.0,"Hormoskin 40mg/g + 0,5mg/g + 0,1mg/g Germed 15g Creme",0,0,0,0,0
FarmaPonte,Esgotado,323.0,13,0.0,Cera Depilatória Quente Mel - Depil Bella - 1kg - Cera Depilatória Quente Mel - Depil Bella - 1KG,0,0,0,0,0
FarmaPonte,Esgotado,323.0,13,0.0,"Océane Eyeliner Pen Mariana Saad by Océane Caneta Delineadora 1,8g - RealBrown-MarianaSaad",0,0,0,0,0
FarmaPonte,Esgotado,322.0,15,0.0,Ampola Gaboni Ultimate Uti  15ml,0,0,0,0,0
FarmaPonte,Esgotado,322.0,13,0.0,Hastes Flexíveis Cotonetes Pote 150 Unidades,0,0,0,0,0
Drogaria São Paulo,Disponível,322.0,12,7897076913890.0,Selzic 300mg Ranbaxy 30 Comprimidos Revestidos,"46,79","46,79",-,"46,79",-
Drogaria São Paulo,Disponível,322.0,15,7896382706721.0,Cymbalta 30mg Eli Lilly 30 Cápsulas,"129,97","79,99",-38.5%,"79,99",-38.5%
FarmaPonte,Esgotado,322.0,13,0.0,Energético Red Bull Energy Drink Coco e Açaí 250ml,0,0,0,0,0
FarmaPonte,Esgotado,322.0,13,0.0,"Dunia 35 2mg + 0,035mg Melcon 21 Comprimidos",0,0,0,0,0
Drogaria São Paulo,Disponível,322.0,13,7898096578458.0,Nyteb 5mg Diffucap Chemobras 30 Comprimidos,"66,73","65,39",-2.0%,"65,39",-2.0%
FarmaPonte,Esgotado,322.0,13,0.0,Loção Bronzeadora Com Cor Cenoura & Bronze FPS 6 110ml,0,0,0,0,0
FarmaPonte,Esgotado,322.0,13,0.0,Creme de Barbear Bozzano Pele Sensível 65g,0,0,0,0,0
FarmaPonte,Esgotado,322.0,13,0.0,Lapiseira Para Olhos Colorida Have Fun Rosa Vizzela,0,0,0,0,0
FarmaPonte,Esgotado,322.0,12,0.0,Brinco Studex Supermaxxi Pedra Branca Dourado 1 Par,0,0,0,0,0
FarmaPonte,Esgotado,322.0,12,0.0,Pincel de Maquiagem Angulado - Soft Angled Brush Ocn2 Océane - Pincel de Maquiagem Angulado - Soft Angled Brush Ocn2 Indefinido,0,0,0,0,0
Drogaria São Paulo,Disponível,322.0,13,7898049796151.0,Fluconazol 150mg Genérico Vitamedic 1 Cápsula,"12,47","3,99",-68.0%,"3,99",-68.0%
Drogaria São Paulo,Disponível,322.0,15,7899824400942.0,Dexador 5mg + 100mg + 100mg + 4mg Arese 1ml + 2ml 3 Ampolas,"50,85","44,49",-12.5%,"44,49",-12.5%
FarmaPonte,Esgotado,322.0,13,0.0,Bebida Láctea Uht Piracanjuba Whey Baunilha Zero Lactose 250ml,0,0,0,0,0
FarmaPonte,Esgotado,322.0,13,0.0,Kit Shampoo + Condicionador Seda Cachos Definidos 325ml,0,0,0,0,0
FarmaPonte,Esgotado,322.0,13,0.0,Barra de Nuts Nutry Sementes 30g,0,0,0,0,0
FarmaPonte,Esgotado,322.0,12,0.0,Escova Dental Oral-B Advanced 7 Benefícios 2 Unidades,0,0,0,0,0
FarmaPonte,Esgotado,322.0,14,0.0,Energético Monster Energy Absolutely Zero 473ml,0,0,0,0,0
FarmaPonte,Esgotado,322.0,13,0.0,Complemento Alimentar Sustagen Chocolate Adultos+ 400g,0,0,0,0,0
Drogaria São Paulo,Disponível,322.0,12,7896015591618.0,"Vitanol-A 0,05% GSK 30g Creme","59,57","55,43",-6.9%,"55,43",-6.9%
FarmaPonte,Esgotado,322.0,13,0.0,Barra de Proteína Vegana Caffè Mocha 65g - Hart's Natural,0,0,0,0,0
FarmaPonte,Esgotado,322.0,15,0.0,Lenço De Papel Elite Softy's Folha Dupla Máxima Suavidade 150 Folhas,0,0,0,0,0
Drogaria São Paulo,Disponível,322.0,12,7896014669028.0,"Metrexato 2,5mg Blausiegel 24 Comprimidos","42,41","28,90",-31.9%,"28,90",-31.9%
FarmaPonte,Esgotado,322.0,13,0.0,Preservativo Masculino Jontex Intense Lubrificado Especial Flavorizado Menta 4 Unidades,0,0,0,0,0
FarmaPonte,Esgotado,322.0,14,0.0,Kit Dr. Jones The Razor6 Aparelho de Barbear Recarregável + Carga Para Barbear,0,0,0,0,0
FarmaPonte,Esgotado,322.0,12,0.0,Protetor Labial Lip Ice Cube Chocolate Com Menta Com Fps 15,0,0,0,0,0
FarmaPonte,Esgotado,322.0,12,0.0,Gel Lubrificante K-MED 50g,0,0,0,0,0
FarmaPonte,Esgotado,322.0,14,0.0,Fio Dental Infantil Flosser GUM Trolls Sabor Uva 20 Unidades,0,0,0,0,0
Drogaria São Paulo,Disponível,322.0,15,7895296444859.0,Topiramato 50mg Genérico Nova Química 60 Comprimidos Revestidos,"187,51","64,99",-65.3%,"64,99",-65.3%
FarmaPonte,Esgotado,322.0,13,0.0,Suplemento Alimentar Puravit ADZ Sem Sabor 10ml Suspensão Gotas,0,0,0,0,0
FarmaPonte,Esgotado,321.0,14,0.0,Pradaxa 110mg Boehringer 10 Comprimidos,0,0,0,0,0
FarmaPonte,Esgotado,321.0,12,0.0,Manteiga Ghee com Especiarias Natural Dom Afonso 190g,0,0,0,0,0
FarmaPonte,Esgotado,321.0,15,0.0,Água Termal Capilar Essence Care - Vizcaya 250ml,0,0,0,0,0
Drogaria São Paulo,Disponível,321.0,13,7893736003291.0,Combiron Fólico Aché 45 Comprimidos,"18,18","18,18",-,"18,18",-
Drogaria São Paulo,Disponível,321.0,12,7891317457211.0,Flodin Duo 150mg Zodiac 10 comprimidos,"60,16","52,46",-12.8%,"52,46",-12.8%
Drogaria São Paulo,Disponível,321.0,13,7899095258747.0,"Travoprosta 0,04mg/mL Genérico Geolab 1 Frasco com 2,5mL de Solução","115,33","36,74",-68.1%,"36,74",-68.1%
FarmaPonte,Esgotado,321.0,13,0.0,Hastes Flexíveis Ever Care Pote Com 150 Unidades,0,0,0,0,0
Drogaria São Paulo,Disponível,321.0,13,7899547524796.0,Sildenafila 50mg Genérico Prati-Donaduzzi 8 Comprimidos,"25,81","12,96",-49.8%,"12,96",-49.8%
FarmaPonte,Esgotado,321.0,15,0.0,Creme Facial Anti-Idade Nivea Noturno 100g,0,0,0,0,0
FarmaPonte,Esgotado,321.0,14,0.0,Chocolate Bis Xtra ao Leite Lacta 45g,0,0,0,0,0
Drogaria São Paulo,Disponível,321.0,13,7891058002657.0,Hidroclorotiazida 25mg Genérico Medley 30 Comprimidos,"5,92","3,99",-32.6%,"3,99",-32.6%
FarmaPonte,Esgotado,321.0,13,0.0,Gelatines amoras com 80g - Docile,0,0,0,0,0
FarmaPonte,Esgotado,321.0,14,0.0,Absorvente Interno OB Médio ProComfort 16 Unidades,0,0,0,0,0
FarmaPonte,Esgotado,321.0,13,0.0,Escova Para Cabelo Ricca Flex Raquete Pink 1 Unidade,0,0,0,0,0
Drogaria São Paulo,Disponível,321.0,15,7896112119210.0,Carbamazepina 200mg Genérico Teuto 30 Comprimidos,"24,58","9,83",-60.0%,"9,83",-60.0%
Drogaria São Paulo,Disponível,321.0,13,7899095250901.0,Itraconazol 100mg Genérico Geolab 15 Cápsulas,"169,86","57,99",-65.9%,"57,99",-65.9%
Drogaria São Paulo,Disponível,321.0,14,7896112408727.0,Maxsulid 400mg Cosmed 10 Comprimidos,"41,18","38,79",-5.8%,"38,79",-5.8%
FarmaPonte,Esgotado,321.0,14,0.0,Adoçante em Pó Zero-Cal Stévia 50 Sachês,0,0,0,0,0
FarmaPonte,Esgotado,321.0,15,0.0,Lápis de Contorno Labial Vermelho Mariana Saad By Océane - Lip Liner True Red 2g,0,0,0,0,0
FarmaPonte,Esgotado,321.0,14,0.0,Pó Descolorante Amend Colágeno E Proteína Da Seda - 300g,0,0,0,0,0
FarmaPonte,Esgotado,321.0,12,0.0,Absorvente Intimus® Noturno Cobertura Seca Com Abas 30 Unidades,0,0,0,0,0
Drogaria São Paulo,Disponível,321.0,13,7896676422320.0,Neural 50mg Cristalia 30 Comprimidos,"136,18","127,70",-6.2%,"127,70",-6.2%
FarmaPonte,Esgotado,321.0,13,0.0,Tônico Adstringente Facial Nivea Controle Do Brilho 200ml,0,0,0,0,0
Drogaria São Paulo,Disponível,321.0,12,7897705203231.0,Insulina Humulin N NPH 1000UI Eli Lilly 10ml 1 Frasco Ampola,"67,36","35,59",-47.2%,"35,59",-47.2%
Drogaria São Paulo,Disponível,321.0,14,7896004715568.0,Furoato de Mometasona 1mg/g Genérico Germed 20g Pomada,"39,92","22,17",-44.5%,"22,17",-44.5%
FarmaPonte,Esgotado,321.0,12,0.0,Delineador Líquido Colorido Have Fun Branco Vizzela 4ml,0,0,0,0,0
Drogaria São Paulo,Disponível,321.0,13,7893454100685.0,Tandene 125mg + 50mg + 300mg + 30mg Delta 15 Comprimidos,"30,98","27,29",-11.9%,"27,29",-11.9%
FarmaPonte,Esgotado,321.0,13,0.0,Dicoxibe 200mg Pfizer-Whitehall 10 Comprimidos,0,0,0,0,0
FarmaPonte,Esgotado,321.0,13,0.0,Máscara Capilar Lola Dream Cream 200g,0,0,0,0,0
Drogaria São Paulo,Disponível,321.0,14,7896004710501.0,Amoxicilina 875mg Genérico Germed 14 Comprimidos Revestidos,"73,86","32,86",-55.5%,"32,86",-55.5%
FarmaPonte,Esgotado,321.0,14,0.0,Gelatina Lowçucar Plus Com Stevia Sabor Uva 10G,0,0,0,0,0
FarmaPonte,Esgotado,320.0,13,0.0,Grampo Para Cabelo Loiro Número 5 Corpus,0,0,0,0,0
FarmaPonte,Esgotado,320.0,12,0.0,Óleo Essencial de Alecrim Cineol orgânico - 5mL,0,0,0,0,0
Drogaria São Paulo,Disponível,320.0,13,7891721201530.0,Glifage Xr 850mg Merck 30 Comprimidos,"42,48","31,27",-26.4%,"31,27",-26.4%
Drogaria São Paulo,Disponível,320.0,13,7896637032506.0,Eniagor 50mg/ml Apsen 50ml Solução Capilar,"87,02","46,32",-46.8%,"46,32",-46.8%
Drogaria São Paulo,Disponível,320.0,14,7891106005616.0,Aspirina Prevent 300mg Bayer 30 Comprimidos,"71,61","62,89",-12.2%,"62,89",-12.2%
FarmaPonte,Esgotado,320.0,15,0.0,Condicionador Pantene Hidro-Cauterização 400ml,0,0,0,0,0
Drogaria São Paulo,Disponível,320.0,13,7895296422024.0,Lansoprazol 30mg Genérico Nova Química 28 Cápsulas,"127,79","32,96",-74.2%,"32,96",-74.2%
FarmaPonte,Esgotado,320.0,13,0.0,Tônico Facial de Limpeza Bruna Tavares BT Cherry Blossom 150 ml,0,0,0,0,0
Drogaria São Paulo,Disponível,320.0,14,7891058003029.0,Insulina Lantus Solostar 100UI/ml Sanofi 3ml 1 Caneta Descartável,"125,06","83,59",-33.2%,"83,59",-33.2%
Drogaria São Paulo,Disponível,320.0,13,7898581710547.0,Noripurum 100mg Blanver 30 Comprimidos Mastigável,"75,63","71,59",-5.3%,"71,59",-5.3%
Drogaria São Paulo,Disponível,320.0,12,7896676439236.0,Terocoxi 90mg Cristália 14 Comprimidos Revestidos,"108,21","98,99",-8.5%,"98,99",-8.5%
FarmaPonte,Esgotado,320.0,13,0.0,Biscoito integral com cacau e cereais 160g - Nesfit,0,0,0,0,0
FarmaPonte,Esgotado,320.0,12,0.0,Kit Composto Lácteo Ninho Fases 1+ 800g 2 Unidades,0,0,0,0,0
FarmaPonte,Esgotado,320.0,14,0.0,Fralda Babysec Ultrasec Galinha Pintadinha XG 20 Unidades,0,0,0,0,0
FarmaPonte,Esgotado,320.0,14,0.0,Farelo de Aveia Vitalin 200g,0,0,0,0,0
FarmaPonte,Esgotado,320.0,15,0.0,Desin Apple Cider 30sch 45g,0,0,0,0,0
Drogaria São Paulo,Disponível,320.0,12,7896862910556.0,Dolamin 250mg Farmoquímica 12 comprimidos,"13,34","10,99",-17.6%,"10,99",-17.6%
FarmaPonte,Esgotado,320.0,12,0.0,"Vizzela Ecobrilho Crystals Pedras Dos Signos - Brilho Para Os Olhos 1,5g - Capricórnio",0,0,0,0,0
FarmaPonte,Esgotado,320.0,14,0.0,Bauny Efeito Matte - Base Facial Vegana 27g - Matte Cor 080,0,0,0,0,0
FarmaPonte,Esgotado,320.0,14,0.0,Barra De Proteína YoPRO Morango com Chocolate Branco Nutrata 55g,0,0,0,0,0
FarmaPonte,Esgotado,320.0,14,0.0,Benzetacil 1200UI Supera 4ml 1 Frasco,0,0,0,0,0
FarmaPonte,Esgotado,320.0,13,0.0,Doce de Leite cremoso com soro Pote de 360g - Oliveira,0,0,0,0,0
FarmaPonte,Esgotado,320.0,14,0.0,Esponja Ricca Makeup Perfect M Individual 1 Unidade,0,0,0,0,0
FarmaPonte,Esgotado,320.0,12,0.0,Preservativo Camisinha Olla Efeito Retardante 6 Unidades,0,0,0,0,0
FarmaPonte,Esgotado,320.0,13,0.0,Chocolate Trento Massimo Branco Com Cookies 30g,0,0,0,0,0
FarmaPonte,Esgotado,319.0,13,0.0,Preservativo Prudence Extra Grande Ultra Sensível 8 Unidades,0,0,0,0,0
Drogaria São Paulo,Disponível,319.0,13,7891058001681.0,Cloridrato De Amiodarona 200mg Genérico Medley 30 Comprimidos,"36,12","22,59",-37.5%,"22,59",-37.5%
Drogaria São Paulo,Disponível,319.0,15,7896422519922.0,"Cloridrato Venlafaxina 37,5mg Genérico Medley 30 Cápsulas","55,03","25,24",-54.1%,"25,24",-54.1%
Drogaria São Paulo,Disponível,319.0,14,7896004785660.0,Ansitec 5mg Libbs 60 Comprimidos,"130,64","116,31",-11.0%,"116,31",-11.0%
Drogaria São Paulo,Disponível,319.0,14,7898940658794.0,"Cloridrato De Tramadol 37,5mg + Paracetamol 325mg Genérico Zydus 30 Comprimidos","71,36","54,27",-23.9%,"54,27",-23.9%
Drogaria São Paulo,Disponível,319.0,14,7894916503761.0,Aglucose 100mg Brace Pharma 30 comprimidos,"67,34","61,61",-8.5%,"61,61",-8.5%
Drogaria São Paulo,Disponível,319.0,13,7896137607730.0,Manitol 200mg/ml Jp Farma 250ml Solução Injetável,"19,99","19,99",-,"19,99",-
FarmaPonte,Esgotado,319.0,14,0.0,Escova de Cabelo Ventilada Preta - Soft Brush Océane,0,0,0,0,0
Drogaria São Paulo,Disponível,319.0,15,7892953001899.0,Lyrica 75mg Lyrica 14 Cápsulas,"47,05","47,05",-,"47,05",-
Drogaria São Paulo,Disponível,319.0,12,5060632500854.0,Colpotrofine 10mg Theramex 20 Cápsulas,"102,54","82,99",-19.1%,"82,99",-19.1%
FarmaPonte,Esgotado,319.0,13,0.0,Adoçante Finn Stevia e Taumatina 50 Unidades,0,0,0,0,0
Drogaria São Paulo,Disponível,319.0,13,7896004722337.0,Paracetamol 500mg + Cloridrato de Pseudoefedrina 30mg Genérico EMS 24 Comprimidos,"14,61","12,59",-13.8%,"12,59",-13.8%
Drogaria São Paulo,Disponível,319.0,13,7897411650817.0,Benicar ODT 40mg Daiichi Sankyo 30 Comprimidos,"88,79","83,99",-5.4%,"83,99",-5.4%
FarmaPonte,Esgotado,319.0,14,0.0,Protetor Solar Facial Nivea Toque Seco FPS30 Antissinais 40ml,0,0,0,0,0
Drogaria São Paulo,Disponível,319.0,14,7896714290355.0,Montelucaste de Sódio 10mg Genérico Neo Química 30 Comprimidos Revestidos,"68,98","43,04",-37.6%,"43,04",-37.6%
Drogaria São Paulo,Disponível,319.0,13,7896269900631.0,"Psorex 0,5mg/g GSK 1 Bisnaga 30g Pomada","51,33","48,29",-5.9%,"48,29",-5.9%
Drogaria São Paulo,Disponível,319.0,14,7893454714325.0,Benerva 300mg Cellera Farma 30 Comprimidos,"35,20","30,48",-13.4%,"30,48",-13.4%
FarmaPonte,Esgotado,319.0,13,0.0,Desinchá Laranja com Canela 10sch 15g,0,0,0,0,0
FarmaPonte,Esgotado,319.0,13,0.0,Tônico de Crescimento Lola Rapunzel 230ml,0,0,0,0,0
FarmaPonte,Esgotado,319.0,12,0.0,Kit Shampoo Eudora Siàge Nutri Rosé 250ml + Condicionador Eudora Siàge Nutri Rosé 200ml,0,0,0,0,0
FarmaPonte,Esgotado,319.0,13,0.0,Fralda Ever Baby Pants Roupinha XG 24 Unidades,0,0,0,0,0
FarmaPonte,Esgotado,319.0,14,0.0,Doce de Leite em Sachê 60g - Oliveira,0,0,0,0,0
FarmaPonte,Esgotado,319.0,15,0.0,Loção Pós Barba Nivea Men Deep Black Comfort 100ml,0,0,0,0,0
FarmaPonte,Esgotado,319.0,13,0.0,Sabonete Líquido Monange Frutas Vermelhas 240ml,0,0,0,0,0
FarmaPonte,Esgotado,319.0,13,0.0,Condicionador Pantene Pró-V Miracles Queratina Preenche & Blinda 150ml,0,0,0,0,0
FarmaPonte,Esgotado,319.0,14,0.0,Loção Hidratante Corporal Nivea Firmador Q10 + Vitamina C Todos Os Tipos De Pele 400ml,0,0,0,0,0
FarmaPonte,Esgotado,319.0,12,0.0,Creme para Pernas Goicoechea Calmante com Arnica e Camomila 350g,0,0,0,0,0
Drogaria São Paulo,Disponível,319.0,14,7891721029424.0,"Acetato de Ciproterona 2mg + Etinilestradiol 0,035mg Genérico Merck 21 Comprimidos","21,90","15,59",-28.8%,"15,59",-28.8%
FarmaPonte,Esgotado,319.0,13,0.0,Bauny Efeito Matte - Base Facial Vegana 27g - Matte Cor 040,0,0,0,0,0
FarmaPonte,Esgotado,319.0,14,0.0,Barra de Cereais Nutry Frutas Vermelhas 22g,0,0,0,0,0
FarmaPonte,Esgotado,319.0,13,0.0,"Protetor Labial Vult Morango 3,5g",0,0,0,0,0
Drogaria São Paulo,Disponível,319.0,14,7898581710448.0,"Frontal 0,5mg Pfizer 30 Comprimidos","19,41","18,59",-4.2%,"18,59",-4.2%
Drogaria São Paulo,Disponível,319.0,12,7896658001666.0,Tandrilax 30mg + 125mg + 50mg + 300mg Aché 30 Comprimidos,"37,16","32,49",-12.6%,"32,49",-12.6%
FarmaPonte,Esgotado,319.0,15,0.0,Bruma Hidratante - Catharine Hill - 150ml,0,0,0,0,0
FarmaPonte,Esgotado,319.0,13,0.0,"Bruna Tavares The Magician Purple - Pó Facial 5,3g - Purple-Powder",0,0,0,0,0
FarmaPonte,Esgotado,319.0,12,0.0,Bruma Revigorante Facial - Vitamin C Jelly Face Mist 100ml,0,0,0,0,0
FarmaPonte,Esgotado,319.0,12,0.0,Leave-in Frizz Killer Cadiveu Essentials Bye Bye Frizz 120 ml,0,0,0,0,0
Drogaria São Paulo,Disponível,319.0,12,7897316802250.0,Colírio Pilocarpina 20mg/ml Allergan 10ml,"63,99","63,99",-,"63,99",-
FarmaPonte,Esgotado,318.0,13,0.0,Bananinha Com Chocolate Ever Nutri Sem Adição De Açúcar 25g,0,0,0,0,0
Drogaria São Paulo,Disponível,318.0,12,7898687730500.0,Ibuprofeno 600mg Genérico Althaia 10 Cápsulas,"29,46","15,04",-48.9%,"15,04",-48.9%
FarmaPonte,Esgotado,318.0,15,0.0,Caixa de Bombom 250g Garoto Sortidos Nestle Brasil,0,0,0,0,0
FarmaPonte,Esgotado,318.0,14,0.0,Gel De Limpeza Facial Antimarcas L’Oréal Paris Glycolic-Bright 150g,0,0,0,0,0
FarmaPonte,Esgotado,318.0,14,0.0,Chocolate Talento Garoto Ao Leite Com Avelãs 85g,0,0,0,0,0
FarmaPonte,Esgotado,318.0,14,0.0,Cereal Infantil Mucilon Milho 180g,0,0,0,0,0
FarmaPonte,Esgotado,318.0,14,0.0,Chocolate Nestlé Classic ao Leite 90g,0,0,0,0,0
Drogaria São Paulo,Disponível,318.0,13,7899420506369.0,Atip 25mg Supera 30 Comprimidos,"54,13","46,59",-13.9%,"46,59",-13.9%
Drogaria São Paulo,Disponível,318.0,12,7898216360598.0,Artritec 15mg Pharlab 10 Comprimidos,"32,32","30,19",-6.6%,"30,19",-6.6%
FarmaPonte,Esgotado,318.0,13,0.0,Minoxidil + D-Pantenol + Auxina Tricógena + Queratina 120ml,0,0,0,0,0
FarmaPonte,Esgotado,318.0,12,0.0,Espuma De Barbear Dr. Jones Precision Form 160ml,0,0,0,0,0
Drogaria São Paulo,Disponível,318.0,12,7896622304847.0,Dramavit B6 25mg/ml + 5mg/ml Neo Química 20ml Gotas,"14,59","14,59",-,"14,59",-
FarmaPonte,Esgotado,318.0,14,0.0,Geleia Capilar Seda Boom Volume Maximo 500g,0,0,0,0,0
Drogaria São Paulo,Disponível,318.0,14,7891317010829.0,Oxalato de Escitalopram 20mg Genérico Eurofarma 60 Comprimidos,"182,16","90,99",-50.0%,"90,99",-50.0%
Drogaria São Paulo,Disponível,318.0,13,7898148291267.0,Metformina 500mg Genérico Prati Donaduzzi 30 Comprimidos Revestidos,"7,91","6,99",-11.6%,"6,99",-11.6%
FarmaPonte,Esgotado,318.0,15,0.0,Lavitan Mais Hair Cabelos e Unhas 60 Cápsulas,0,0,0,0,0
Drogaria São Paulo,Disponível,318.0,12,7896004749624.0,Tadalafila 5mg Genérico EMS 30 Comprimidos Revestidos,"111,41","10,99",-90.1%,"10,99",-90.1%
FarmaPonte,Esgotado,318.0,12,0.0,Azelan Creme Dermatológico 200mg/g LEO Pharma 1 Bisnaga com 30g,0,0,0,0,0
FarmaPonte,Esgotado,318.0,13,0.0,Bauny Efeito Matte - Base Facial Vegana 27g - Matte Cor 090,0,0,0,0,0
Drogaria São Paulo,Disponível,318.0,13,7896658033872.0,Piotaz 30mg Brace Pharma 30 Comprimidos,"75,73","65,69",-13.3%,"65,69",-13.3%
Drogaria São Paulo,Disponível,318.0,13,7899095239630.0,Diclofenaco Potássico 50mg Genérico Geolab 20 Comprimidos,"14,40","6,92",-51.9%,"6,92",-51.9%
Drogaria São Paulo,Disponível,318.0,13,7897595902146.0,Urbanil 10mg Sanofi Aventis 20 Comprimidos,"106,53","98,59",-7.5%,"98,59",-7.5%
Drogaria São Paulo,Disponível,318.0,13,7896676442380.0,"Diva 20 3mg + 0,02mg Exeltis 28 Comprimidos Revestidos","72,32","66,32",-8.3%,"66,32",-8.3%
FarmaPonte,Esgotado,318.0,12,0.0,Óleo Corporal Musquée Rosa Mosqueta 140ml,0,0,0,0,0
Drogaria São Paulo,Disponível,318.0,14,7898687732627.0,Trazodona 50mg Genérico Althaia 60 Comprimidos,"65,02","55,03",-15.4%,"55,03",-15.4%
Drogaria São Paulo,Disponível,318.0,14,7896006299820.0,Trometamol Cetorolaco 10mg Genérico União Química 10 Comprimidos Sublinguais,"32,85","17,71",-46.1%,"17,71",-46.1%
FarmaPonte,Esgotado,318.0,13,0.0,Blend De Óleos Natutrat S.O.S Bomba De Vitaminas  60ml,0,0,0,0,0
FarmaPonte,Esgotado,318.0,12,0.0,Pantogar 60mg + 20mg + 60mg + 100mg + 20mg + 20mg Biolab 30 Cápsulas,0,0,0,0,0
FarmaPonte,Esgotado,318.0,13,0.0,Composto Lácteo com Fibras Ninho Instantâneo Forti+ Lata 380g,0,0,0,0,0
FarmaPonte,Esgotado,318.0,12,0.0,Preservativo Blowtex Sabor Menta 9 Unidades,0,0,0,0,0
FarmaPonte,Esgotado,318.0,13,0.0,Advantan 1mg/g Leo Pharma 20g Loção,0,0,0,0,0
FarmaPonte,Esgotado,317.0,12,0.0,Adoçante em Pó Zero-Cal Eritritol 250g,0,0,0,0,0
Drogaria São Paulo,Disponível,317.0,13,7898216366583.0,Meloxicam 15mg Genérico Pharlab 10 Comprimidos,"21,26","17,59",-17.3%,"17,59",-17.3%
FarmaPonte,Esgotado,317.0,14,0.0,Complemento Alimentar Sustagen Kids Baunilha 380g,0,0,0,0,0
Drogaria São Paulo,Disponível,317.0,13,7897595620620.0,Rosuvastatina Cálcica 10mg Genérico Sandoz 60 Comprimidos,"74,38","59,59",-19.9%,"59,59",-19.9%
FarmaPonte,Esgotado,317.0,12,0.0,Condicionador Eudora Siage Cica Theraphy 200ml,0,0,0,0,0
FarmaPonte,Esgotado,317.0,12,0.0,Máscara de Tratamento Tresemmé Pró-Hidratação Ativa 400gr,0,0,0,0,0
FarmaPonte,Esgotado,317.0,13,0.0,Adoçante Linea Sucralose Gotas 75ml,0,0,0,0,0
FarmaPonte,Esgotado,317.0,14,0.0,Óleo Essencial Phyto Ritual 10ml,0,0,0,0,0
FarmaPonte,Esgotado,317.0,15,0.0,Biomarine Autobronzeador Sun Marine Acelerador de Bronzeado sem Sol 240ml,0,0,0,0,0
FarmaPonte,Esgotado,317.0,14,0.0,Fio Dental Oral-B Pro Saúde Fio Dental 25 m 2 Unidades,0,0,0,0,0
FarmaPonte,Esgotado,317.0,13,0.0,Kit Pantene Hidro-Cauterização Shampoo 350ml + Condicionador 175ml,0,0,0,0,0
FarmaPonte,Esgotado,317.0,14,0.0,Protetor Solar Facial Bioderma Photoderm Cover Touch FPS 50+ Dourado 40 g,0,0,0,0,0
FarmaPonte,Esgotado,317.0,13,0.0,Máscara Capilar Siáge Nutri Eudora Óleos Poderosos 250g,0,0,0,0,0
FarmaPonte,Esgotado,317.0,15,0.0,Urocran Myralis 30 Cápsulas,0,0,0,0,0
Drogaria São Paulo,Disponível,317.0,15,7896226102504.0,"Trivagel-N 0,32mg/5g +100.000UI/5g + 10mg/5g + 2mg/5g + 50mg/5g + 150mg/5g Marjan 60g  Creme + Aplicadores","98,37","82,59",-16.0%,"82,59",-16.0%
FarmaPonte,Esgotado,317.0,13,0.0,Pincel Para Coloração Corpus,0,0,0,0,0
FarmaPonte,Esgotado,317.0,12,0.0,Condicionador L’Oréal Paris Elseve Glycolic Gloss 400ml,0,0,0,0,0
Drogaria São Paulo,Disponível,317.0,14,7899095202283.0,Optilar 5mg/ml Gbio 5ml,"80,51","72,99",-9.3%,"72,99",-9.3%
Drogaria São Paulo,Disponível,317.0,13,7895858010324.0,Clopixol 10mg Lundbeck 20 Comprimidos,"23,65","22,07",-6.7%,"22,07",-6.7%
Drogaria São Paulo,Disponível,317.0,13,7891721202728.0,Levotiroxina Sódica 175mcg Genérico Merck S/A 30 Comprimidos,"20,96","19,39",-7.5%,"19,39",-7.5%
FarmaPonte,Esgotado,317.0,13,0.0,Primogyna 1mg Bayer 28 Drágeas,0,0,0,0,0
Drogaria São Paulo,Disponível,317.0,12,7896226501284.0,Revoc 50mg Abbott 30 Comprimidos Revestidos,"1652,25","669,90",-59.5%,"669,90",-59.5%
Drogaria São Paulo,Disponível,317.0,12,7899095204072.0,Oftalmox 5mg/ml Gbio 5ml Solução Oftálmica Estéril,"35,84","32,59",-9.1%,"32,59",-9.1%
FarmaPonte,Esgotado,317.0,12,0.0,Refresco em pó sabor abacaxi com 18g - Tang,0,0,0,0,0
Drogaria São Paulo,Disponível,317.0,12,7896112403258.0,Vitamina D Doss 15000UI Biolab 4 Cápsulas Moles,"41,28","38,99",-5.5%,"38,99",-5.5%
FarmaPonte,Esgotado,317.0,12,0.0,"Suco Integral Villa Piva Maçã com Hibisco, Canela & Gengibre 300ml",0,0,0,0,0
FarmaPonte,Esgotado,317.0,13,0.0,Chá Verde Villa Piva Hibisco Cavalinha e Dente-de-Leão 300ml,0,0,0,0,0
FarmaPonte,Esgotado,317.0,13,0.0,Gel Noturno Para Tratamento Da Acne 30G,0,0,0,0,0
FarmaPonte,Esgotado,317.0,13,0.0,Absorvente Protetor Diário Intimus® Cuidado Diário 40 unidades,0,0,0,0,0
FarmaPonte,Esgotado,317.0,14,0.0,Gel de Limpeza Facial Monange Suave e Profunda Antioleosidade 120g,0,0,0,0,0
FarmaPonte,Esgotado,317.0,14,0.0,"Gino Kollagenase 0,6U/g + 0,01g/g Cristália 30g Pomada",0,0,0,0,0
FarmaPonte,Esgotado,317.0,13,0.0,oleo Corporal Paixão Framboesa Negra 100ml,0,0,0,0,0
Drogaria São Paulo,Disponível,316.0,14,7896004716138.0,Espironolactona 100mg Genérico EMS 30 comprimidos,"49,10","46,59",-5.1%,"46,59",-5.1%
FarmaPonte,Esgotado,316.0,13,0.0,Biscoito cream cracker 164g - Triunfo,0,0,0,0,0
FarmaPonte,Esgotado,316.0,13,0.0,Tônico Hidrafortificante Dabelle Cachos da Onda 100ml,0,0,0,0,0
Drogaria São Paulo,Disponível,316.0,15,7896112406075.0,Monocordil 20mg Baldacci 30 Comprimidos,"32,45","26,99",-16.8%,"26,99",-16.8%
FarmaPonte,Esgotado,316.0,13,0.0,Leite Demaquilante Higiporo 120ml - Davene,0,0,0,0,0
Drogaria São Paulo,Disponível,316.0,14,7896006209690.0,Varfarina Sódica 5mg Genérico União Química 30 Comprimidos,"18,40","12,17",-33.9%,"12,17",-33.9%
Drogaria São Paulo,Disponível,316.0,15,7896422506304.0,Cloridato de Sertralina 50g Genérico Medley 30 Comprimidos,"48,27","11,79",-75.6%,"11,79",-75.6%
FarmaPonte,Esgotado,316.0,12,0.0,Fralda Huggies Supreme Care M 72 Unidades,0,0,0,0,0
Drogaria São Paulo,Disponível,316.0,13,7896112406419.0,Aradois 25mg Biolab 60 Comprimidos,"235,24","185,99",-20.9%,"185,99",-20.9%
FarmaPonte,Esgotado,316.0,13,0.0,Loção Demaquilante Facial Ever You Bifásico 120ml,0,0,0,0,0
FarmaPonte,Esgotado,316.0,15,0.0,Elástico para Cabelo Ever Care Silicone Preto 1 Unidade,0,0,0,0,0
FarmaPonte,Esgotado,316.0,15,0.0,Escova de Cabelo Belliz Flex Pocket Cassis 1 Unidade,0,0,0,0,0
FarmaPonte,Esgotado,316.0,12,0.0,Condicionador Eudora Siage Nutri Rose Refil 400ml,0,0,0,0,0
FarmaPonte,Esgotado,316.0,13,0.0,Complemento Alimentar Sustagen Baunilha Adultos+ 400g,0,0,0,0,0
FarmaPonte,Esgotado,316.0,13,0.0,Pó Compacto Ultrafino - Dailus - D.2 Claro,0,0,0,0,0
FarmaPonte,Esgotado,316.0,12,0.0,Pigmento para Resina Epic 2g - Biodinâmica - Pigmento para Resina Epic Azul 2g - Biodinâmica,0,0,0,0,0
FarmaPonte,Esgotado,316.0,13,0.0,Creme Depolatório Depimiel Men Powefull Corporal Azuleno 120g,0,0,0,0,0
Drogaria São Paulo,Disponível,316.0,12,7891317448653.0,Risperidona 1mg Genérico Eurofarma 30 Comprimidos,"28,17","7,91",-71.9%,"7,91",-71.9%
FarmaPonte,Esgotado,316.0,12,0.0,Óleo Para Massagem Estimulante PhytoSPA 10ml,0,0,0,0,0
Drogaria São Paulo,Disponível,316.0,13,7898040328290.0,Abrilar 7mg/ml Farmoquímica 200ml Xarope,"90,91","88,60",-2.5%,"88,60",-2.5%
FarmaPonte,Esgotado,316.0,13,0.0,Manteiga Ghee com Sal Rosa Natural Dom Afonso 200g,0,0,0,0,0
FarmaPonte,Esgotado,316.0,13,0.0,Gel de Limpeza Facial Monange Gentil Antirressecamento 120g,0,0,0,0,0
Drogaria São Paulo,Disponível,316.0,13,7897316804902.0,Zymar 3mg/ml Allergan 5ml Solução Oftálmica,"55,33","51,99",-6.0%,"51,99",-6.0%
FarmaPonte,Esgotado,316.0,13,0.0,Preservativo Camisinha Olla Sensitive 16 Unidades,0,0,0,0,0
FarmaPonte,Esgotado,316.0,13,0.0,Bolas De Algodão Sussex 100g,0,0,0,0,0
FarmaPonte,Esgotado,316.0,13,0.0,Suplemento Alimentar Nutren Protein Chocolate 400g,0,0,0,0,0
FarmaPonte,Esgotado,316.0,12,0.0,Umectação Noturna Xô Frizz Forever Liss 250g,0,0,0,0,0
Drogaria São Paulo,Disponível,315.0,14,7898953165401.0,Haldol 1mg Janssen 20 Comprimidos,"9,11","8,21",-9.9%,"8,21",-9.9%
FarmaPonte,Esgotado,315.0,13,0.0,Ampola De Tratamento Keramax Cachos Perfeitos  10ml,0,0,0,0,0
FarmaPonte,Esgotado,315.0,13,0.0,Creme Depilatório Facial Ever You Pétalas De Rosas 40g,0,0,0,0,0
Drogaria São Paulo,Disponível,315.0,15,7891721027017.0,Hemifumarato de Bisoprol 10mg Genérico Merck 30 Comprimidos,"67,13","40,38",-39.8%,"40,38",-39.8%
FarmaPonte,Esgotado,315.0,14,0.0,Aparelho de Barbear Gillette Prestobarba Ultragrip - 2 Unidades,0,0,0,0,0
Drogaria São Paulo,Disponível,315.0,13,7896006214717.0,Omeprazol 20mg Genérico União Química 56 Cápsulas Duras,"43,85","16,23",-63.0%,"16,23",-63.0%
Drogaria São Paulo,Disponível,315.0,12,7898569765125.0,Vitamina D3 10.000UI Althaia 8 Cápsulas,"39,51","36,99",-6.4%,"36,99",-6.4%
Drogaria São Paulo,Disponível,315.0,12,7891317015336.0,Vitamina D Ohde 7.000UI Momenta Farma 4 Cápsulas,"20,04","17,41",-13.1%,"17,41",-13.1%
FarmaPonte,Esgotado,315.0,12,0.0,Absorvente Externo SempreLivre Adapt Cobertura Suave 32 Unidades,0,0,0,0,0
FarmaPonte,Esgotado,315.0,14,0.0,Máscara para Cílios Curvado Essence Lash Princess Preto 12 ml,0,0,0,0,0
FarmaPonte,Esgotado,315.0,13,0.0,Pielsana Polihexanida - Solução Aquosa - 350 Ml,0,0,0,0,0
FarmaPonte,Esgotado,315.0,12,0.0,Água Saborizada Com Gás Crystal Limão 510ml,0,0,0,0,0
FarmaPonte,Esgotado,315.0,13,0.0,Ampola Capilar de Nutrição 15ml Océane,0,0,0,0,0
FarmaPonte,Esgotado,315.0,13,0.0,Mamadeira Lillo Divertida Rosa Silicone Ortodôntico 240ml,0,0,0,0,0
Drogaria São Paulo,Disponível,315.0,14,7897076907431.0,Aciclovir 400mg Genérico Ranbaxy 25 Comprimidos,"219,32","70,99",-67.6%,"70,99",-67.6%
FarmaPonte,Esgotado,315.0,14,0.0,Óleo Johnson's Baby Amêndoas 200ml,0,0,0,0,0
FarmaPonte,Esgotado,315.0,13,0.0,Kit Johnson's Baby Cabelos Claros Shampoo 400ml + Condicionador Camomila 200ml,0,0,0,0,0
FarmaPonte,Esgotado,315.0,13,0.0,Kit De Transporte Para Insulina - Embaeps - Grande,0,0,0,0,0
FarmaPonte,Esgotado,315.0,13,0.0,Espuma de Barbear Gillette Carbono 150g,0,0,0,0,0
Drogaria São Paulo,Disponível,315.0,13,7896112401230.0,Ácido Valproico 250mg Genérico Biolab 25 Cápsulas,"21,68","17,42",-19.6%,"17,42",-19.6%
Drogaria São Paulo,Disponível,315.0,13,7896658033872.0,Levoid 50mcg Aché 30 Comprimidos,"75,73","65,69",-13.3%,"65,69",-13.3%
FarmaPonte,Esgotado,315.0,14,0.0,Espuma De Limpeza Facial Kiss Carvão Detox Refrescante 100ml,0,0,0,0,0
Drogaria São Paulo,Disponível,315.0,12,7894916503143.0,Grece 15mg Supera 30 Cápsulas,"66,90","66,90",-,"66,90",-
FarmaPonte,Esgotado,315.0,14,0.0,Gel de Limpeza Facial Dove Regenerative Efeito Matte & Antioleosidade 150ml,0,0,0,0,0
FarmaPonte,Esgotado,315.0,13,0.0,Creme Cicatricure Gel Antissinais Diurno FPS 30 Reduz Rugas Profundas e Perda de Firmeza 50g,0,0,0,0,0
Drogaria São Paulo,Disponível,315.0,14,7896006201144.0,Vitamina D Cygnus D 7.000 UI Daiichi Sankyo 30 Cápsulas Moles,"68,98","59,89",-13.2%,"59,89",-13.2%
Drogaria São Paulo,Disponível,315.0,13,7897917005975.0,Valium 5mg Roché 30 Comprimidos,"26,68","23,51",-11.9%,"23,51",-11.9%
FarmaPonte,Esgotado,315.0,12,0.0,"Caneta Delineadora Preta - Line My Eyes Océane Edition 1,2ml",0,0,0,0,0
FarmaPonte,Esgotado,315.0,13,0.0,Supermate Gaseificado Desinchá Lata 269ml,0,0,0,0,0
FarmaPonte,Esgotado,315.0,12,0.0,Bauny - Tônico Facial 100ml,0,0,0,0,0
FarmaPonte,Esgotado,315.0,14,0.0,Bauny Great Volume Cor Preto - Máscara para Cílios Great 8g,0,0,0,0,0
FarmaPonte,Esgotado,315.0,13,0.0,Protetor Solar Facial Neutrogena Sun Fresh Derm Care FPS70 40g,0,0,0,0,0
FarmaPonte,Esgotado,315.0,13,0.0,L-CARN 2000 líquida Limão 480 ML Integralmédica,0,0,0,0,0
FarmaPonte,Esgotado,315.0,13,0.0,Cílios Ricca Fios Sintéticos Vol 2 Médio Longo 1 Par,0,0,0,0,0
Drogaria São Paulo,Disponível,315.0,14,7896004750330.0,"Olmesartana Medoxomila 20mg + Hidroclorotiazida 12,5mg Genérico EMS 30 Comprimidos","59,87","41,37",-30.9%,"41,37",-30.9%
FarmaPonte,Esgotado,315.0,14,0.0,Chá Matte Leão Camomila 15 Sachês,0,0,0,0,0
Drogaria São Paulo,Disponível,315.0,12,7896676410389.0,Mesigyna 50mg/ml + 5mg/ml Bayer 1ml Solução Injetável,"69,91","58,99",-15.6%,"58,99",-15.6%
Drogaria São Paulo,Disponível,315.0,12,7896014684007.0,Filgrastine 300mcg/mL Blau 1 Frasco com 1mL de Solução,"846,97","41,90",-95.1%,"41,90",-95.1%
FarmaPonte,Esgotado,314.0,14,0.0,Sabonete Líquido Dove Baby Hidratação Enriquecida Refil 180ml,0,0,0,0,0
FarmaPonte,Esgotado,314.0,14,0.0,Óleo Corporal De Cenoura Farmax 100ml,0,0,0,0,0
FarmaPonte,Esgotado,314.0,12,0.0,Adoçante Zero-Cal Líquido Ciclamato - 100ml,0,0,0,0,0
FarmaPonte,Esgotado,314.0,14,0.0,Pincel Para Marcação do Côncavo Mariana Saad By Océane Ms15,0,0,0,0,0
FarmaPonte,Esgotado,314.0,13,0.0,Óleo Para Massagem Bem-Estar PhytoSPA 10ml,0,0,0,0,0
Drogaria São Paulo,Disponível,314.0,13,7896015591618.0,"Vitanol-A 0,25mg/g GSK 30g Creme","59,57","55,43",-6.9%,"55,43",-6.9%
FarmaPonte,Esgotado,314.0,13,0.0,Tônico Facial Adstringente Payot Ação Antibrilho 220ml,0,0,0,0,0
FarmaPonte,Esgotado,314.0,12,0.0,Óleo Corporal de Amêndoas com Avelã Paixão Ação Desodorante 100ml,0,0,0,0,0
FarmaPonte,Esgotado,314.0,13,0.0,Mamadeira MAM First Bottle Girls 260mL - 4664,0,0,0,0,0
FarmaPonte,Esgotado,314.0,13,0.0,Óleo Capilar Wella Professionals Oil Reflections Light 30 ml,0,0,0,0,0
FarmaPonte,Esgotado,314.0,13,0.0,Mamadeira Avent Pétala Decorada Flamingo 260ml,0,0,0,0,0
FarmaPonte,Esgotado,314.0,13,0.0,Protetor solar FPS 60 com Densiskin 5% + EGF 1% 50g,0,0,0,0,0
FarmaPonte,Esgotado,314.0,13,0.0,Bicarbonato Menta 200g - Clean Okta,0,0,0,0,0
FarmaPonte,Esgotado,314.0,12,0.0,Kit Creme Depilatório Corporal Depilsam Aloe Vera 200G com 3 unidades,0,0,0,0,0
FarmaPonte,Esgotado,314.0,14,0.0,Kit Depimiel Creme Depilatório Corporal 120g + Creme Depilatório Facial 40g + Água Micelar 60ml,0,0,0,0,0
Drogaria São Paulo,Disponível,314.0,12,7896112126485.0,Metformina 850mg Genérico Teuto 30 Comprimidos,"12,94","6,59",-49.1%,"6,59",-49.1%
Drogaria São Paulo,Disponível,314.0,13,7895296354028.0,Cloridrato De Duloxetina 30mg Genérico Nova Química 30 Cápsulas,"59,99","59,99",-,"59,99",-
FarmaPonte,Esgotado,314.0,14,0.0,Pós Sol Caladryl Loção 100ml,0,0,0,0,0
Drogaria São Paulo,Disponível,314.0,15,7899547514193.0,"Dicloridrato de Pramipexol 0,250mg Genérico Prati-Donaduzzi 30 Comprimidos","53,45","30,99",-42.0%,"30,99",-42.0%
FarmaPonte,Esgotado,314.0,12,0.0,Bolsa Térmica Gel Ever Care Quente e Frio 250ml,0,0,0,0,0
FarmaPonte,Esgotado,314.0,14,0.0,Kit Pasta de Dente Colgate Máxima Proteção Anticáries Neutraçúcar 3 Unidades de 70g,0,0,0,0,0
FarmaPonte,Esgotado,314.0,13,0.0,Protetor Solar Facial Infantil Ever Care FPS70 Stick Kids 12g,0,0,0,0,0
FarmaPonte,Esgotado,314.0,13,0.0,Esponja Facial Ricca Celulose 2 Unidades,0,0,0,0,0
FarmaPonte,Esgotado,314.0,12,0.0,Protetor Solar Cenoura & Bronze FPS50 Aerosol 200ml,0,0,0,0,0
FarmaPonte,Esgotado,314.0,15,0.0,Aparelho de Barbear Gillette Prestobarba Feminino Cabeça Móvel - 2 Unidades,0,0,0,0,0
FarmaPonte,Esgotado,314.0,13,0.0,Shampoo a Seco Ricca Shakeberry Fruit Berries 150ml,0,0,0,0,0
FarmaPonte,Esgotado,314.0,13,0.0,Chá Vermelho 250mg - 120 Cáps,0,0,0,0,0
FarmaPonte,Esgotado,314.0,15,0.0,Shampoo para Barba e Cabelo 2 em 1 Go Mr. Wild 140ml,0,0,0,0,0
FarmaPonte,Esgotado,314.0,14,0.0,Autobronzeador Facial Skelt Red Carpet Glow 30ml,0,0,0,0,0
FarmaPonte,Esgotado,314.0,13,0.0,Lenço Umedecido Lysoform Desinfetante Original 36 Unidades,0,0,0,0,0
FarmaPonte,Esgotado,314.0,12,0.0,Aparelho De Barbear  Gillette Prestobarba3 Extra Suave 8 Unidades,0,0,0,0,0
Drogaria São Paulo,Disponível,314.0,13,7899547513202.0,Tadalafila 20mg Genérico Farmaco 2 Comprimidos Revestidos,"21,57","12,59",-41.6%,"12,59",-41.6%
FarmaPonte,Esgotado,314.0,13,0.0,Pastilha Mentos Orangemint Zero Açúcar Vita+ Clear Breath 50 Unidades,0,0,0,0,0
FarmaPonte,Esgotado,314.0,12,0.0,Pincel Facial - Skincare Brush Océane,0,0,0,0,0
Drogaria São Paulo,Disponível,314.0,13,7891058000950.0,Succinato de Metoprolol 25mg Genérico Sanofi Medley 30 Comprimidos,"24,11","19,99",-17.1%,"19,99",-17.1%
Drogaria São Paulo,Disponível,314.0,13,7891317473679.0,Lamotrigina 50mg Genérico Eurofarma 30 Comprimidos,"45,69","16,62",-63.6%,"16,62",-63.6%
Drogaria São Paulo,Disponível,314.0,12,7898430192890.0,Dprev 4000UI Myralis 30 Comprimidos Revestidos,"70,62","70,62",-,"70,62",-
FarmaPonte,Esgotado,314.0,13,0.0,Pincel Kolinsky - Kota - Pincel Kolinsky Nº1 - Kota,0,0,0,0,0
FarmaPonte,Esgotado,314.0,12,0.0,Protetor Solar Facial Neutrogena Sun Fresh Pele Clara FPS70 40g,0,0,0,0,0
FarmaPonte,Esgotado,313.0,13,0.0,Tramontina Palito Para Unhas Inox,0,0,0,0,0
FarmaPonte,Esgotado,313.0,14,0.0,Kit Macrilan - Kit Pincel Profissional para Olhos com 6 peças,0,0,0,0,0
Drogaria São Paulo,Disponível,313.0,13,7896658022203.0,Trezor 20mg Aché 30 Comprimidos,"66,33","63,89",-3.7%,"63,89",-3.7%
Drogaria São Paulo,Disponível,313.0,14,7896181926429.0,Rosuvastatina Cálcica 5mg Genérico Aché 30 Comprimidos,"36,05","18,50",-48.7%,"18,50",-48.7%
FarmaPonte,Esgotado,313.0,12,0.0,Melleril 100mg Medquímica 20 Drágeas,0,0,0,0,0
Drogaria São Paulo,Disponível,313.0,13,7896472512270.0,Amoxicilina Tri Hidratada 500mg Genérico Multilab 21 Cápsulas,"30,37","19,52",-35.7%,"19,52",-35.7%
Drogaria São Paulo,Disponível,313.0,13,7896641810756.0,Rozerem 8mg Takeda 10 Comprimidos,"41,33","41,33",-,"41,33",-
FarmaPonte,Esgotado,313.0,14,0.0,Tônico Capilar Bio Extratus Jaborandi 10,0,0,0,0,0
FarmaPonte,Esgotado,313.0,13,0.0,Gel Corporal Firmador Nivea Q10 Bye Bye Celulite 200g,0,0,0,0,0
FarmaPonte,Esgotado,313.0,12,0.0,Sombra Líquida e Primer 2x1 Bruna Tavares BT Velvet Navy 6 ml,0,0,0,0,0
FarmaPonte,Esgotado,313.0,12,0.0,Cereal Infantil Mucilon Arroz e Aveia Integral 180g,0,0,0,0,0
FarmaPonte,Esgotado,313.0,13,0.0,"Hidratante Labial Protetor Nivea FPS15 Med Repair 4,8g",0,0,0,0,0
FarmaPonte,Esgotado,313.0,12,0.0,Fralda Pampers Pants Ajuste Total Roupinha XXG 78 Unidades,0,0,0,0,0
Drogaria São Paulo,Disponível,313.0,15,7896422500500.0,Fumarato Quetiapina 25mg Genérico Geolab 30 Comprimidos Geolab,"77,89","19,52",-74.9%,"19,52",-74.9%
Drogaria São Paulo,Disponível,313.0,13,7897595614513.0,"Stezza 2,5mg + 1,5mg Farma Vision 28 Comprimidos Revestidos","15,57","15,57",-,"15,57",-
FarmaPonte,Esgotado,313.0,13,0.0,Nutri Whey Protein Baunilha Pote  900 g Integralmédica,0,0,0,0,0
FarmaPonte,Esgotado,313.0,15,0.0,Kit Protetor Solar Corporal Nivea FPS50 200ml + FPS50 100ml,0,0,0,0,0
FarmaPonte,Esgotado,313.0,13,0.0,Bolsa Termica Adesiva - Relax Medic Bolsa Adesivo - Relax Medic,0,0,0,0,0
Drogaria São Paulo,Disponível,313.0,13,7891317434335.0,Topiramato 50mg Genérico Eurofarma 60 Comprimidos,"184,33","36,99",-79.9%,"36,99",-79.9%
FarmaPonte,Esgotado,313.0,15,0.0,Bolsa De Gelo Bioland Bg100 Azul Pequeno Para Joelho Cabeça Bolsa De Gelo Bioland Bg100 Azul Pequeno Para Joelho Cabeça,0,0,0,0,0
FarmaPonte,Esgotado,313.0,13,0.0,Fio Dental Kess Extra Fino - 100m,0,0,0,0,0
FarmaPonte,Esgotado,313.0,14,0.0,"Batom Líquido Matte Essence 8h Matte 05 Pink Blush 2,5ml",0,0,0,0,0
FarmaPonte,Esgotado,313.0,15,0.0,Dermacerium HS 10mg + 4mg Cristália 15g Gel,0,0,0,0,0
FarmaPonte,Esgotado,313.0,12,0.0,Discos de Algodão Ever Care 50 Unidades,0,0,0,0,0
FarmaPonte,Esgotado,313.0,14,0.0,Del Valle Uva 450ml,0,0,0,0,0
Drogaria São Paulo,Disponível,313.0,14,7896112493440.0,Triazol 150mg Zurita 2 Cápsulas,"63,32","56,49",-10.8%,"56,49",-10.8%
Drogaria São Paulo,Disponível,313.0,13,7898096577062.0,Pronazol 150mg Diffucap  2 Cápsulas,"28,54","26,23",-8.1%,"26,23",-8.1%
Drogaria São Paulo,Disponível,313.0,13,7896004703299.0,Azitromed 500mg Medquimica 2 Comprimidos Revestidos,"13,99","13,99",-,"13,99",-
FarmaPonte,Esgotado,313.0,15,0.0,Shampoo Pantene Pro-V Miracles Colágeno Hidrata & Resgata 510ml,0,0,0,0,0
Drogaria São Paulo,Disponível,313.0,13,7896004705880.0,Retemic 5mg Apsen 60 Comprimidos,"42,63","10,49",-75.4%,"10,49",-75.4%
Drogaria São Paulo,Disponível,313.0,13,7899547521214.0,"Azitromicina 500mg Genérico Prati, Donaduzzi 5 Comprimidos","39,32","17,42",-55.7%,"17,42",-55.7%
Drogaria São Paulo,Disponível,313.0,12,7899420502330.0,Ateroma 10mg Supera RX 30 Comprimidos Revestidos,"61,33","56,83",-7.3%,"56,83",-7.3%
FarmaPonte,Esgotado,313.0,13,0.0,Shampoo Infantil Trá Lá Lá Justice League Aventura Força e Proteção 250ml,0,0,0,0,0
Drogaria São Paulo,Disponível,313.0,15,7891058005665.0,Zinpass Eze 20mg + 10mg Medley 30 Comprimidos,"20,87","10,59",-49.3%,"10,59",-49.3%
FarmaPonte,Esgotado,313.0,13,0.0,Aparelho de Barbear Gillette Mach3 Carbono Recarregável 1 Unidade,0,0,0,0,0
FarmaPonte,Esgotado,313.0,14,0.0,Loção Pós Sol Ever Care com Calamina 120ml,0,0,0,0,0
FarmaPonte,Esgotado,313.0,13,0.0,Preservativo Prudence Lubrificado 8 Unidades,0,0,0,0,0
Drogaria São Paulo,Disponível,313.0,15,7891317004071.0,Riposo SL 5mg Eurofarma 30 Comprimidos,"11,38","10,59",-6.9%,"10,59",-6.9%
FarmaPonte,Esgotado,313.0,13,0.0,Pasta Amendoim Chocolate Belga Eat Clean 300g,0,0,0,0,0
FarmaPonte,Esgotado,313.0,12,0.0,Óleo Vegetal de Semente de Maracujá 30ml - Harmonie Aromaterapia,0,0,0,0,0
FarmaPonte,Esgotado,312.0,14,0.0,Creme Vaginal De Barbatimão E Melaleuca - 60Gr,0,0,0,0,0
Drogaria São Paulo,Disponível,312.0,14,7898430192166.0,Vitamina D Dprev Caps 5.000UI Myralis 30 Cápsulas,"72,72","72,72",-,"72,72",-
FarmaPonte,Esgotado,312.0,12,0.0,Máscara Capilar Eudora Siàge Flor das Geleiras Glow Expert 250g,0,0,0,0,0
FarmaPonte,Esgotado,312.0,15,0.0,Hastes Flexíveis Cremer Minions 150 Unidades,0,0,0,0,0
FarmaPonte,Esgotado,312.0,15,0.0,"Océane Mariana Saad by  Eyeliner Super Black - Lápis de Olho 1,2g",0,0,0,0,0
FarmaPonte,Esgotado,312.0,13,0.0,Creme para Pernas e Pés Varicell Materna Gestantes FQM 200g,0,0,0,0,0
FarmaPonte,Esgotado,312.0,14,0.0,Unhas Postiças Curta Autocolante Quadrada Pintada Absolute New York Magiquick Candy Red 24 Unidades,0,0,0,0,0
Drogaria São Paulo,Disponível,312.0,13,7898074610880.0,Spidufen Menta 600mg Zambon 10 Envelopes,"55,37","51,99",-6.1%,"51,99",-6.1%
Drogaria São Paulo,Disponível,312.0,13,7897595630773.0,Torsilax 125mg + 50mg + 300mg + 30mg Neo Química 12 Comprimidos,"13,80","9,10",-34.1%,"9,10",-34.1%
FarmaPonte,Esgotado,312.0,14,0.0,"Bebida Láctea Neston Maçã, Banana e Mamão 280ml",0,0,0,0,0
Drogaria São Paulo,Disponível,312.0,12,7898906376281.0,Noctal 2mg Abbott 20 Comprimidos,"57,26","57,26",-,"57,26",-
FarmaPonte,Esgotado,312.0,12,0.0,Bebida Láctea UHT Dux Whey Protein Shake Doce De Leite 250ml,0,0,0,0,0
FarmaPonte,Esgotado,312.0,14,0.0,Balas de Gelatina Fini Kids Vitamina C Banana 18g,0,0,0,0,0
Drogaria São Paulo,Disponível,312.0,15,7896658025518.0,Zyrtec 10mg GSK 12 Comprimidos,"44,99","44,99",-,"44,99",-
FarmaPonte,Esgotado,312.0,12,0.0,Óleo Essencial de Cipreste 10ml - Terra Flor,0,0,0,0,0
Drogaria São Paulo,Disponível,312.0,14,7896422515894.0,Cloridrato de Paroxetina 20mg Genérico Medley 30 Comprimidos,"51,33","21,83",-57.5%,"21,83",-57.5%
Drogaria São Paulo,Disponível,312.0,12,7896637025225.0,Tramadon 100mg Cristália 10 Comprimidos,"99,48","89,99",-9.5%,"89,99",-9.5%
FarmaPonte,Esgotado,312.0,15,0.0,Óleo Essencial de Eucalipto Staigeriana 5ml – Terra Flor,0,0,0,0,0
FarmaPonte,Esgotado,312.0,14,0.0,Dhalga Myralis Ômega 3 60ml,0,0,0,0,0
Drogaria São Paulo,Disponível,312.0,12,7896112103776.0,Beneum 300mg Teuto 30 comprimidos,"35,19","23,35",-33.6%,"23,35",-33.6%
FarmaPonte,Esgotado,312.0,14,0.0,Pincel Para Delineador - Kitty My Eyes Ocn15 Océane,0,0,0,0,0
FarmaPonte,Esgotado,312.0,14,0.0,Kit Go. Rock - Pomada 50g + Balm Tattoo 90g + Necessarie,0,0,0,0,0
FarmaPonte,Esgotado,312.0,14,0.0,Discos de Algodão Ever Care 100 Unidades,0,0,0,0,0
Drogaria São Paulo,Disponível,312.0,13,7891721026898.0,"Hemifumarato de Bisoprolol 2,5mg Genérico Merck 30 Comprimidos","48,40","27,99",-42.2%,"27,99",-42.2%
Drogaria São Paulo,Disponível,312.0,13,7896862993054.0,Efurix 50mg/g Medquímica 15g Creme,"26,17","23,75",-9.2%,"23,75",-9.2%
Drogaria São Paulo,Disponível,312.0,13,7896714291949.0,Apixabana 5mg Genérico Neo Química 20 Comprimidos,"77,67","48,99",-36.9%,"48,99",-36.9%
FarmaPonte,Esgotado,311.0,14,0.0,Óleo de Amendoa Ever You Meu Spa 130ml,0,0,0,0,0
FarmaPonte,Esgotado,311.0,12,0.0,Óleo Para Massagem Relaxante PhytoSPA 10ml,0,0,0,0,0
FarmaPonte,Esgotado,311.0,13,0.0,Escova de Cabelo Belliz Flex Raquete Cassis 1 Unidade,0,0,0,0,0
Drogaria São Paulo,Disponível,311.0,15,7896004708959.0,Espironolactona 25mg Genérico Germed 30 Comprimidos,"27,75","19,59",-29.4%,"19,59",-29.4%
Drogaria São Paulo,Disponível,311.0,13,7899095245631.0,Cloridrato Amiodarona 200mg Genérico Geolab 30 Comprimidos,"44,88","27,81",-38.0%,"27,81",-38.0%
Drogaria São Paulo,Disponível,311.0,12,7896004791418.0,Glifage 1g Merck 30 Comprimidos,"143,50","124,99",-12.9%,"124,99",-12.9%
FarmaPonte,Esgotado,311.0,14,0.0,Kit 2 Mamadeiras Step Up Chicco Azul,0,0,0,0,0
FarmaPonte,Esgotado,311.0,14,0.0,Kit Retoque Sobrancelhas - Maquiagem Capilar Castanho Escuro + Pincel Para Sobrancelhas (2 Produtos) Océane,0,0,0,0,0
Drogaria São Paulo,Disponível,311.0,12,7891106005616.0,Aspirina Prevent 100mg Bayer 100 Comprimidos,"71,61","62,89",-12.2%,"62,89",-12.2%
FarmaPonte,Esgotado,311.0,13,0.0,Bauny - Batom Líquido Matte Vegano 5ml - Cor 050,0,0,0,0,0
Drogaria São Paulo,Disponível,311.0,14,7896112125839.0,Venaflon 450mg + 50mg Teuto 60 Comprimidos,"184,77","113,99",-38.3%,"113,99",-38.3%
FarmaPonte,Esgotado,311.0,13,0.0,Limpeza Facial Garnier Uniform & Matte Vitamina C Antioleosidade 120g,0,0,0,0,0
FarmaPonte,Esgotado,311.0,13,0.0,Wafer sabor Chocolate com avelã 140g - Bauducco,0,0,0,0,0
FarmaPonte,Esgotado,311.0,13,0.0,Hastes Flexíveis Ever Care Ecológicas 75 Unidades,0,0,0,0,0
Drogaria São Paulo,Disponível,311.0,13,7894916507981.0,Miosan 10mg Apsen 30 Comprimidos Revestidos,"118,89","111,59",-6.1%,"111,59",-6.1%
FarmaPonte,Esgotado,311.0,14,0.0,Barra de Cereais Nuts & Joy Sementes 30g,0,0,0,0,0
FarmaPonte,Esgotado,311.0,12,0.0,"Therapsor 0,5mg/ml Theraskin 25ml Solução",0,0,0,0,0
FarmaPonte,Esgotado,311.0,12,0.0,Base Em Mousse Essence Soft Touch 13 Matt Porcelain 16g,0,0,0,0,0
FarmaPonte,Esgotado,311.0,15,0.0,Mel  280g - Flora Néctar,0,0,0,0,0
FarmaPonte,Esgotado,311.0,13,0.0,Esponja Frangance Violeta Corpus,0,0,0,0,0
Drogaria São Paulo,Disponível,311.0,15,7896112125617.0,Cloridrato de Fluoxetina 20mg Genérico Teuto 30 Cápsulas,"56,79","12,46",-78.1%,"12,46",-78.1%
Drogaria São Paulo,Disponível,311.0,12,7894916145718.0,Cloridrato de Hidroxizina 2mg/ml Genérico Legrand 120ml Xarope,"29,94","19,20",-35.9%,"19,20",-35.9%
FarmaPonte,Esgotado,311.0,12,0.0,Protetor Solar Facial L'Oréal Paris Solar Expertise Antioleosidade FPS 60 40g,0,0,0,0,0
Drogaria São Paulo,Disponível,310.0,14,7897595902146.0,Amplictil 100mg Sanofi Aventis 20 Comprimidos,"106,53","98,59",-7.5%,"98,59",-7.5%
Drogaria São Paulo,Disponível,310.0,12,7896658022203.0,"Acertalix 5mg + 1,25mg Servier 30 Comprimidos","66,33","63,89",-3.7%,"63,89",-3.7%
FarmaPonte,Esgotado,310.0,13,0.0,Óleo Finalizador Capilar Lola From Rio Plot Twist Guava 90ml,0,0,0,0,0
FarmaPonte,Esgotado,310.0,15,0.0,Algodão Hidrófilo 500g em Rolo Não Estéril Melhor Med - Minasrey,0,0,0,0,0
Drogaria São Paulo,Disponível,310.0,13,7897316805619.0,Zypred 3mg/ml + 10mg/ml Allergan 3ml Suspensão Oftálmica Estéril,"48,03","44,99",-6.3%,"44,99",-6.3%
FarmaPonte,Esgotado,310.0,13,0.0,Absorvente Intimus® Tripla Proteção Seca C/Abas 32 Unidades,0,0,0,0,0
FarmaPonte,Esgotado,310.0,13,0.0,Mix Yep To Go Equilíbrio 30g,0,0,0,0,0
Drogaria São Paulo,Disponível,310.0,14,5702191027068.0,Fucidin 20mg/G Leo 15g Pomada Dermatológica,"86,65","63,30",-26.9%,"63,30",-26.9%
Drogaria São Paulo,Disponível,310.0,13,5702191025620.0,Icaden 10mg/g Leo Pharma 20g Creme,"52,34","45,79",-12.5%,"45,79",-12.5%
FarmaPonte,Esgotado,310.0,13,0.0,Escova de Cabelo Ricca Basic Racket 1 Unidade,0,0,0,0,0
FarmaPonte,Esgotado,310.0,12,0.0,Escova Dental Colgate Classic Clean 1 Unidade,0,0,0,0,0
FarmaPonte,Esgotado,310.0,13,0.0,Aparelho de Barbear Bic Flex Hybrid 3 Lâminas,0,0,0,0,0
FarmaPonte,Esgotado,310.0,14,0.0,Mari Maria Makeup Lashes - Cílios Postiços - Drama Glam,0,0,0,0,0
Drogaria São Paulo,Disponível,310.0,14,7891317477592.0,Citrato Sildenafila 50mg Genérico Eurofarma 4 Comprimidos,"33,09","5,78",-82.5%,"5,78",-82.5%
Drogaria São Paulo,Disponível,310.0,12,7896523206110.0,Cimelide 100mg Cimed  12 Comprimidos,"15,99","15,99",-,"15,99",-
FarmaPonte,Esgotado,310.0,13,0.0,Pós Sol em Gel Nívea Reparador 175ml,0,0,0,0,0
Drogaria São Paulo,Disponível,310.0,12,7898060134154.0,Omeprazol 20mg Genérico Laboratório Globo 56 Cápsulas,"37,69","13,99",-62.9%,"13,99",-62.9%
FarmaPonte,Esgotado,310.0,13,0.0,Pamelor 50mg Cellera 30 Cápsulas,0,0,0,0,0
FarmaPonte,Esgotado,310.0,13,0.0,Kit Máscara Para Olhos de Melancia,0,0,0,0,0
FarmaPonte,Esgotado,310.0,12,0.0,Esponja Facial Ricca Silicone 1 Unidade,0,0,0,0,0
FarmaPonte,Esgotado,310.0,12,0.0,Gamax 980mg Hebron 15 Cápsulas,0,0,0,0,0
FarmaPonte,Esgotado,310.0,13,0.0,"Creme Cetobeta 20mg + 0,5mg + 2,5mg Cellera 30g",0,0,0,0,0
Drogaria São Paulo,Disponível,310.0,13,7898581710448.0,"Frontal XR 0,5mg Pfizer 30 Comprimidos","19,41","18,59",-4.2%,"18,59",-4.2%
FarmaPonte,Esgotado,310.0,12,0.0,Energético Monster Ultra Watermelon Zero Açúcar 473ml,0,0,0,0,0
FarmaPonte,Esgotado,310.0,13,0.0,Fita Dental Sanifill Sabor Menta 125 Metros,0,0,0,0,0
FarmaPonte,Esgotado,310.0,13,0.0,Energético Monster Energy Juice Mango Loco 473ml,0,0,0,0,0
Drogaria São Paulo,Disponível,310.0,14,7898430192937.0,Vitamina D DPrev 50000UI Myralis 4 Comprimidos Revestidos,"75,35","53,21",-29.4%,"53,21",-29.4%
Drogaria São Paulo,Disponível,310.0,13,7896004763453.0,Atobach 1mg/g Germed 10g Pomada,"73,57","68,80",-6.5%,"68,80",-6.5%
Drogaria São Paulo,Disponível,310.0,12,7896658033872.0,Levoid 38mcg Aché 30 Comprimidos,"75,73","65,69",-13.3%,"65,69",-13.3%
FarmaPonte,Esgotado,309.0,13,0.0,Biscoito de polvilho 200g - Cassini,0,0,0,0,0
Drogaria São Paulo,Disponível,309.0,13,7896714229843.0,Brimonidina 2mg/ml Genérico Neo Química 5ml Solução Oftálmica,"75,15","34,64",-53.9%,"34,64",-53.9%
FarmaPonte,Esgotado,309.0,12,0.0,Brinco Antialérgico Studex Classic Bezel Azul Escuro Cristal,0,0,0,0,0
FarmaPonte,Esgotado,309.0,14,0.0,Lenço Umedecido Neve Toque de Seda 40 Unidades,0,0,0,0,0
FarmaPonte,Esgotado,309.0,12,0.0,"Protetor Labial Balm Morango Fps15 Vult 3,5g",0,0,0,0,0
Drogaria São Paulo,Disponível,309.0,12,7896004742090.0,Esomeprazol Magnésio 20mg Genérico Germed 28 Comprimidos Revestidos,"158,14","62,99",-60.2%,"62,99",-60.2%
Drogaria São Paulo,Disponível,309.0,14,7891058013318.0,Synthroid 88mcg Abbott 30 Comprimidos,"98,39","85,59",-13.0%,"85,59",-13.0%
FarmaPonte,Esgotado,309.0,13,0.0,"Protetor Solar Infantil Corporal Pink Cheeks Sunsafe Baby & Kids FPS 60 FPUVA 50 15,5 g",0,0,0,0,0
FarmaPonte,Esgotado,309.0,14,0.0,"Protetor Labial Vult Melancia FPS15 3,5g",0,0,0,0,0
FarmaPonte,Esgotado,309.0,14,0.0,Hastes Cremer Minions 75 Unidades,0,0,0,0,0
Drogaria São Paulo,Disponível,309.0,13,7896004778198.0,Cloridrato De Ciprofloxacino 500mg Genérico Nova Química 14 Comprimidos Revestidos,"48,22","24,99",-48.2%,"24,99",-48.2%
FarmaPonte,Esgotado,309.0,13,0.0,Shiseido Case HydroBB  Estojo Pó Compacto,0,0,0,0,0
FarmaPonte,Esgotado,309.0,14,0.0,Snack de Soja Good Soy Churrasco 25g,0,0,0,0,0
FarmaPonte,Esgotado,309.0,13,0.0,Hidratante Labial Chupa Chups The Skin Soul Framboesa 10g,0,0,0,0,0
FarmaPonte,Esgotado,309.0,13,0.0,Vizzela Lip Liner Lapiseira Labial - Delicada,0,0,0,0,0
FarmaPonte,Esgotado,309.0,13,0.0,Aparelhos Descartáveis para depilação Gillette Corpo 4 unidades,0,0,0,0,0
Drogaria São Paulo,Disponível,309.0,12,7897595605900.0,Alopurinol 100mg Genérico Sandoz 30 Comprimidos,"14,07","8,90",-36.7%,"8,90",-36.7%
Drogaria São Paulo,Disponível,309.0,12,7896422507295.0,Cetoprofeno 100mg Genérico Medley 20 Comprimidos,"42,65","28,79",-32.5%,"28,79",-32.5%
Drogaria São Paulo,Disponível,309.0,12,7896658047886.0,Vitamina D 14000UI Sany D Aché 4 Comprimidos Revestidos,"34,73","31,99",-7.9%,"31,99",-7.9%
Drogaria São Paulo,Disponível,309.0,12,7898430192920.0,Vitamina D DPrev 10.000UI Myralis 4 Comprimidos Revestidos,"21,49","21,49",-,"21,49",-
Drogaria São Paulo,Disponível,309.0,13,7899095246720.0,Captopril 50mg Genérico Geolab 30 Comprimidos,"24,23","14,99",-38.1%,"14,99",-38.1%
FarmaPonte,Esgotado,309.0,14,0.0,Amplictil 40mg/ml Sanofi 20ml Gotas,0,0,0,0,0
FarmaPonte,Esgotado,309.0,13,0.0,Motilium 10mg Johnson's 60 Cápsulas,0,0,0,0,0
Drogaria São Paulo,Disponível,309.0,13,7891058013318.0,Jofix 8mg Arese 10 Comprimidos,"98,39","85,59",-13.0%,"85,59",-13.0%
Drogaria São Paulo,Disponível,309.0,13,7896112192466.0,Valsartana 80mg Genérico Teuto 30 Comprimidos Revestidos,"72,41","37,79",-47.8%,"37,79",-47.8%
Drogaria São Paulo,Disponível,309.0,13,7898430194399.0,"Peg-Lax Macrogol 0,5g/ml Myralis 250ml Solução Oral + Copo Dosador","63,59","60,38",-5.0%,"60,38",-5.0%
FarmaPonte,Esgotado,309.0,15,0.0,Hastes Flexíveis Paw Patrol Topz Baby 150 Unidades,0,0,0,0,0
FarmaPonte,Esgotado,309.0,12,0.0,Condicionador Johnson's Baby Cheirinho Prolongado 200ml,0,0,0,0,0
Drogaria São Paulo,Disponível,309.0,12,7894916146067.0,Atorvastatina Cálcica 20mg Genérico Nova Química 30 Comprimido,"81,00","18,17",-77.6%,"18,17",-77.6%
FarmaPonte,Esgotado,309.0,14,0.0,Reparador de Lábios Mariana Saad By Océane - Lip Glowy Balm 12g,0,0,0,0,0
FarmaPonte,Esgotado,309.0,15,0.0,Gel Íntimo Clitoriano Jontex Intense 10g,0,0,0,0,0
Drogaria São Paulo,Disponível,309.0,13,7896658040634.0,Loredon 50mg Torrent 60 Comprimidos,"147,64","146,99",-0.4%,"146,99",-0.4%
FarmaPonte,Esgotado,309.0,13,0.0,Shampoo Clear Anti Coceira Botanique Anti Caspa Anti Coceira 200ml,0,0,0,0,0
FarmaPonte,Esgotado,309.0,15,0.0,Máscara Capilar Intensiva Pantene Pro-V Hidratação 270 ml,0,0,0,0,0
FarmaPonte,Esgotado,309.0,13,0.0,Paramonoclorofenol 20ml - Biodinâmica,0,0,0,0,0
Drogaria São Paulo,Disponível,309.0,12,7891268105919.0,Pletil 500mg Pfizer 8 Comprimidos,"36,58","36,58",-,"36,58",-
Drogaria São Paulo,Disponível,309.0,13,7899420506253.0,Dioless 150mcg + 20mcg Supera 21 Comprimidos,"48,11","44,84",-6.8%,"44,84",-6.8%
Drogaria São Paulo,Disponível,308.0,14,7896658034220.0,Mytedom 5mg Cristalia 20 Comprimidos,"95,91","87,80",-8.5%,"87,80",-8.5%
FarmaPonte,Esgotado,308.0,12,0.0,"Vizzela Hello Brow! Cor - Lapiseira Para Sobrancelha 0,24g - Cor2",0,0,0,0,0
FarmaPonte,Esgotado,308.0,13,0.0,Hidratante Para Banho Nivea Body Milk 250ml,0,0,0,0,0
FarmaPonte,Esgotado,308.0,14,0.0,Suplemento Combi Ad Ache 30ml,0,0,0,0,0
FarmaPonte,Esgotado,308.0,14,0.0,Água Micelar Vizzela 150ml,0,0,0,0,0
Drogaria São Paulo,Disponível,308.0,13,7896676433142.0,"Colírio Maxiflox D 3,5mg/ml + 1mg/ml Cristália 5ml","33,39","31,59",-5.4%,"31,59",-5.4%
FarmaPonte,Esgotado,308.0,14,0.0,Ampola De Tratamento Capilar Babosa Skafe  10ml,0,0,0,0,0
Drogaria São Paulo,Disponível,308.0,15,7899547503647.0,Risperidona 1mg/ml Genérico Prati 30ml + Seringa Dosadora,"69,97","25,59",-63.4%,"25,59",-63.4%
FarmaPonte,Esgotado,308.0,13,0.0,Condicionador Infantil Seda Juntinhos Moana Cachos Encantados 300ml,0,0,0,0,0
FarmaPonte,Esgotado,308.0,14,0.0,Chá Leão Fases Cheguei Menopausa 10 Sachês,0,0,0,0,0
FarmaPonte,Esgotado,308.0,14,0.0,"Psorex 0,5mg GSK 30g Creme",0,0,0,0,0
Drogaria São Paulo,Disponível,308.0,13,7896523206868.0,Waryz 450mg + 50mg Cimed 30 Comprimidos,"18,30","18,30",-,"18,30",-
Drogaria São Paulo,Disponível,308.0,13,7896004822013.0,Hetori 90mg Grunenthal 7 Comprimidos,"56,22","52,19",-7.2%,"52,19",-7.2%
FarmaPonte,Esgotado,308.0,12,0.0,Wafer Trento Massimo Morango 30g,0,0,0,0,0
Drogaria São Paulo,Disponível,308.0,12,7891721202841.0,Levotiroxina Sódica 88mcg Genérico Merck S/A 30 Comprimidos,"16,22","15,04",-7.3%,"15,04",-7.3%
Drogaria São Paulo,Disponível,308.0,13,7896658022203.0,Enax 200mg Arese 30 Comprimidos,"66,33","63,89",-3.7%,"63,89",-3.7%
Drogaria São Paulo,Disponível,308.0,14,7896112121145.0,Tramadon 50mg Cristália 10 Cápsulas,"35,38","10,78",-69.5%,"10,78",-69.5%
FarmaPonte,Esgotado,308.0,14,0.0,Lenço Umedecido Free Wipes Antisséptico 20 Unidades,0,0,0,0,0
FarmaPonte,Esgotado,308.0,13,0.0,Gel Lubrificante Íntimo K-MED Hot 200g,0,0,0,0,0
Drogaria São Paulo,Disponível,308.0,13,7891142177155.0,Predsim 3mg/ml Cosmed 100ml Solução Oral + Dosador,"62,65","58,99",-5.8%,"58,99",-5.8%
FarmaPonte,Esgotado,308.0,12,0.0,Bepantriz Derma Creme 20g,0,0,0,0,0
Drogaria São Paulo,Disponível,308.0,14,7898216362431.0,Cloridrato de Propranolol 40mg Genérico Pharlab 30 Comprimidos,"9,43","3,95",-58.1%,"3,95",-58.1%
Drogaria São Paulo,Disponível,308.0,12,7896523227191.0,Omeprazol 20mg Genérico Cimed 56 Cápsulas,"40,45","12,46",-69.2%,"12,46",-69.2%
Drogaria São Paulo,Disponível,308.0,14,7891721014963.0,Euthyrox 88mcg Merck S/A 50 Comprimidos,"44,63","41,57",-6.9%,"41,57",-6.9%
Drogaria São Paulo,Disponível,308.0,13,7897316802250.0,Colírio Pilocarpina 40mg/ml Allergan 10ml,"63,99","63,99",-,"63,99",-
FarmaPonte,Esgotado,308.0,14,0.0,Óleo Essencial de Grapefruit Rosa 5ml – Terra Flor,0,0,0,0,0
FarmaPonte,Esgotado,308.0,14,0.0,Preservativo Blowtex Skyn Elite 3 Unidades,0,0,0,0,0
FarmaPonte,Esgotado,307.0,13,0.0,78.01.102 Refil Escova Interdental Cilíndrica M - Morelli - 7801102 Refil Escova Interdental Cilíndrica M - Morelli,0,0,0,0,0
FarmaPonte,Esgotado,307.0,13,0.0,Esponja Splum Para Banho Baby Fragance Santa Maria,0,0,0,0,0
FarmaPonte,Esgotado,307.0,14,0.0,Escova Dental Oral-B Infantil Stages 1 - 4 A 24 meses,0,0,0,0,0
FarmaPonte,Esgotado,307.0,13,0.0,Algodão Hidrófilo em Disco Apolo - Embalagem Abre e Fecha - 35g,0,0,0,0,0
Drogaria São Paulo,Disponível,307.0,14,7898216366286.0,Sinvastatina 10mg Genérico Pharlab 30 Comprimidos,"22,44","10,07",-55.1%,"10,07",-55.1%
FarmaPonte,Esgotado,307.0,13,0.0,Loção Neutralizante Wella Professionals Wellastrate - 125 g,0,0,0,0,0
FarmaPonte,Esgotado,307.0,14,0.0,Esponja Facial Ricca Makeup Perfect Curved Shape 1 Unidade,0,0,0,0,0
FarmaPonte,Esgotado,307.0,13,0.0,Snack MUCILON Pipoquinha Milho 35g,0,0,0,0,0
FarmaPonte,Esgotado,307.0,12,0.0,Refil Escova Dental Elétrica Oral-B Advanced Charcoal 2 Unidades,0,0,0,0,0
FarmaPonte,Esgotado,307.0,12,0.0,Gel De Limpeza Facial Dailus Feat. Mentos Jelly Cleanser 150ml,0,0,0,0,0
Drogaria São Paulo,Disponível,307.0,13,7897851250394.0,Ritalina 10mg Novartis 30 Comprimidos,"21,03","10,09",-52.0%,"10,09",-52.0%
FarmaPonte,Esgotado,307.0,12,0.0,Satin Powder - Vizzela - Cor 03,0,0,0,0,0
FarmaPonte,Esgotado,307.0,15,0.0,Hastes Flexíveis Paw Patrol Topz Baby 75 Unidades,0,0,0,0,0
Drogaria São Paulo,Disponível,307.0,14,7896181922544.0,Risedronato Sódico 35mg Genérico Biosintética 4 Comprimidos,"158,22","52,49",-66.8%,"52,49",-66.8%
Drogaria São Paulo,Disponível,307.0,13,5000456011617.0,Selozok 50mg AstraZeneca 30 Comprimidos,"55382,67","35799,90",-35.4%,"35799,90",-35.4%
Drogaria São Paulo,Disponível,307.0,13,7898040327965.0,Demi D 1.000UI Melora 30 Comprimidos,"23,30","23,30",-,"23,30",-
FarmaPonte,Esgotado,307.0,14,0.0,Gel Hidratante Nutritivo Facial Eudora Niina Secrets Skin 30 ml,0,0,0,0,0
Drogaria São Paulo,Disponível,307.0,15,7891058005986.0,Pantoprazol 40mg Genérico Medley 42 Comprimidos,"102,78","38,84",-62.2%,"38,84",-62.2%
FarmaPonte,Esgotado,307.0,14,0.0,"Lápis de Olho Cremosa Natural Pink Cheeks Sport Eyepencil Preto 1,2 g",0,0,0,0,0
FarmaPonte,Esgotado,307.0,13,0.0,Preservativo Camisinha Masculina Jontex Sensação Pele com Pele 4 Unidades,0,0,0,0,0
FarmaPonte,Esgotado,307.0,14,0.0,Esponja para Maquiagem Oce'ane Powder Puff Rosa 1 Unidade,0,0,0,0,0
Drogaria São Paulo,Disponível,307.0,13,7896676442403.0,"Diva 3mg + 0,03mg Exeltis 21 Comprimidos Revestidos","63,25","57,99",-8.3%,"57,99",-8.3%
Drogaria São Paulo,Disponível,307.0,12,7896422527491.0,Sulfato de Hidroxicloroquina 400mg Genérico Medley 30 Comprimidos,"86,86","71,77",-17.4%,"71,77",-17.4%
Drogaria São Paulo,Disponível,307.0,12,7897473202771.0,Sulfato de Salbutamol 100mcg/dose Genérico Glenmark 19ml 1 Frasco + Dispositivo Inalatório,"34,27","22,04",-35.7%,"22,04",-35.7%
FarmaPonte,Esgotado,307.0,13,0.0,Melatonina Drogaria São Paulo Maracujá 20ml,0,0,0,0,0
Drogaria São Paulo,Disponível,307.0,14,7891158104091.0,Vitamina D Sof D 10.000UI Abbott 4 Cápsulas,"36,90","31,97",-13.4%,"31,97",-13.4%
FarmaPonte,Esgotado,307.0,13,0.0,"Diprosalic 0,64mg/ml + 20mg/ml Cosmed 30ml Solução",0,0,0,0,0
FarmaPonte,Esgotado,307.0,13,0.0,Sombra Líquida e Primer 2x1 Bruna Tavares BT Velvet Pink 6 ml,0,0,0,0,0
FarmaPonte,Esgotado,307.0,14,0.0,Barra de Cereal sabor Banana e Mel caixa com 12 unidades de 25g - Corpo e Sabor,0,0,0,0,0
FarmaPonte,Esgotado,307.0,12,0.0,Leave In Wella Professionals Invigo Sun 150 ml,0,0,0,0,0
FarmaPonte,Esgotado,307.0,15,0.0,Chocolate Chocotrio NESTLÉ Cookies & Cream 90g,0,0,0,0,0
FarmaPonte,Esgotado,307.0,13,0.0,Cereal Infantil Integral Mucilon Arroz & Aveia 180g,0,0,0,0,0
FarmaPonte,Esgotado,307.0,13,0.0,Tônico Fortalecedor S.O.S Bomba Crescimento Salon Line 100ml,0,0,0,0,0
Drogaria São Paulo,Disponível,307.0,15,7894916507981.0,Osteotec 150mg Adium 1 Comprimido Revestido,"118,89","111,59",-6.1%,"111,59",-6.1%
Drogaria São Paulo,Disponível,306.0,13,7896714223971.0,Tenoxicam 20mg Genérico Neo Química 10 Comprimidos,"57,39","25,55",-55.5%,"25,55",-55.5%
Drogaria São Paulo,Disponível,306.0,12,7896714224114.0,Valerato Betametasona 1mg/g Genérico Neo Química 50ml Solução Capilar,"51,34","37,79",-26.4%,"37,79",-26.4%
Drogaria São Paulo,Disponível,306.0,13,7899470808130.0,"Valessone 225,75mg Natulab 20 Comprimidos","46,99","43,99",-6.4%,"43,99",-6.4%
FarmaPonte,Esgotado,306.0,13,0.0,Bombom sabor Morango Pacote com 50 unidades de 15g - Bon o Bon,0,0,0,0,0
FarmaPonte,Esgotado,306.0,13,0.0,Suplemento Alimentar Melatonina Neo Química Maracujá 90 Comprimidos,0,0,0,0,0
FarmaPonte,Esgotado,306.0,15,0.0,Bruna Tavares BT Skinpowder - Pó Solto Facial Tan 15g,0,0,0,0,0
Drogaria São Paulo,Disponível,306.0,13,7891317013912.0,"Aloff 0,5mg/ml Eurofarma 60ml Xarope + Seringa","52,10","51,59",-1.0%,"51,59",-1.0%
FarmaPonte,Esgotado,306.0,13,0.0,Ampola De Tratamento Skafe 12x1  10ml,0,0,0,0,0
FarmaPonte,Esgotado,306.0,13,0.0,Lenço Umedecido Piquitucho Premium Capim Limão 120 Unidades,0,0,0,0,0
FarmaPonte,Esgotado,306.0,14,0.0,Balm Labial Hidratante Vizzela Xoxo FPS20 Beijão Vermelho 4g,0,0,0,0,0
FarmaPonte,Esgotado,306.0,13,0.0,Fixador de Maquiagem Nádia Tambasco By Océane - Perfect Fix 100ml,0,0,0,0,0
FarmaPonte,Esgotado,306.0,14,0.0,Pincel Para Blush Corpus,0,0,0,0,0
FarmaPonte,Esgotado,306.0,12,0.0,Absorvente Descartável p/Fralda Infantil Reutilizavel Huggies Eco Protect 20 Unidades,0,0,0,0,0
FarmaPonte,Esgotado,306.0,13,0.0,Bicarbonato de Sódio Clean Okta Morango 500g - DCMA,0,0,0,0,0
Drogaria São Paulo,Disponível,306.0,13,7897316802212.0,Colírio Zymar XD 5mg/ml Allergan 5ml,"31,80","30,59",-3.8%,"30,59",-3.8%
FarmaPonte,Esgotado,306.0,12,0.0,"Barra de frutas com cobertura de chocolate sabor Banana, Maça e Canela Caixa com 16 unidades - Supino",0,0,0,0,0
FarmaPonte,Esgotado,306.0,13,0.0,Vizzela Skincare Demaquilante Bifasico - Demaquilante 150ml,0,0,0,0,0
FarmaPonte,Esgotado,306.0,13,0.0,Peeling Iluminador 8 em 1 - 30g,0,0,0,0,0
FarmaPonte,Esgotado,306.0,13,0.0,Óleo Corporal Hidramais Semente de Uva & Colágeno 120ml,0,0,0,0,0
FarmaPonte,Esgotado,306.0,15,0.0,Whey Protein Concentrado Pote 450G Dux Nutrition Butter Cookies - 450G,0,0,0,0,0
FarmaPonte,Esgotado,306.0,13,0.0,"Protetor Labial Ever Care Reparação FPS 15 3,6g",0,0,0,0,0
Drogaria São Paulo,Disponível,306.0,13,7899547521405.0,Mirtazapina 45mg Genérico Prati-Dunaduzzi 30 Comprimidos,"213,17","109,99",-48.4%,"109,99",-48.4%
FarmaPonte,Esgotado,306.0,12,0.0,Betnovate 1mg/ml GSK 50ml Solução,0,0,0,0,0
FarmaPonte,Esgotado,306.0,13,0.0,Adoçante Linea Eritritol Pó 5g 50 Envelopes,0,0,0,0,0
FarmaPonte,Esgotado,306.0,14,0.0,Sachê Descolorante Biocolor Proteína e Queratina 20g,0,0,0,0,0
FarmaPonte,Esgotado,306.0,14,0.0,"Vizzela Hello Brow! Cor - Lapiseira Para Sobrancelha 0,24g - Cor3",0,0,0,0,0
Drogaria São Paulo,Disponível,306.0,15,7898074616042.0,Dividol 70mg Zambon 12 Cápsulas,"57,80","48,99",-15.2%,"48,99",-15.2%
FarmaPonte,Esgotado,306.0,13,0.0,Nutri Whey Protein Cookies Pote 900g Integralmédica,0,0,0,0,0
FarmaPonte,Esgotado,306.0,15,0.0,Barra De Proteína Dux Nutrition Lab Chocolate e Avelã 60g,0,0,0,0,0
FarmaPonte,Esgotado,306.0,13,0.0,Pasta de Dente Colgate Total 12 Gengiva Reforçada 140g,0,0,0,0,0
Drogaria São Paulo,Disponível,306.0,13,7898040324421.0,Melatonina 5mg 100 cápsulas,"2371,86","1999,90",-15.7%,"1999,90",-15.7%
FarmaPonte,Esgotado,305.0,12,0.0,Absorvente Externo Sempre Livre Adapt Sem Abas 8 Unidades,0,0,0,0,0
FarmaPonte,Esgotado,305.0,12,0.0,Tracta HD Ultrafino - Pó Compacto 9g - Medio-Escuro-229g,0,0,0,0,0
FarmaPonte,Esgotado,305.0,12,0.0,Óleo de Peixe 1000mg (Ômega 3) 60 Cápsulas,0,0,0,0,0
Drogaria São Paulo,Disponível,305.0,13,7898216360659.0,Dicazid Mr 30mg Pharlab 30 Comprimidos,"104,50","55,59",-46.8%,"55,59",-46.8%
FarmaPonte,Esgotado,305.0,13,0.0,Cera Depilatória em Blocos Tradicional - Depi Roll - 500g,0,0,0,0,0
Drogaria São Paulo,Disponível,305.0,14,7896422516877.0,Ácido Mefenâmico 500mg Genérico Medley 12 Comprimidos,"12,10","10,08",-16.7%,"10,08",-16.7%
FarmaPonte,Esgotado,305.0,13,0.0,Leite em Pó Ninho Adulto Lata 350g,0,0,0,0,0
Drogaria São Paulo,Disponível,305.0,12,7896658048821.0,Neblock 5mg Torrent 30 Comprimidos,"49,59","45,53",-8.2%,"45,53",-8.2%
FarmaPonte,Esgotado,305.0,14,0.0,Fluxtar Sr 6mg Diffucap 30 Cápsulas,0,0,0,0,0
Drogaria São Paulo,Disponível,305.0,13,7896112172208.0,Pregabalina 150mg Genérico Teuto 30 Cápsulas,"146,00","45,13",-69.1%,"45,13",-69.1%
Drogaria São Paulo,Disponível,305.0,14,8903855073118.0,Cloridrato De Venlafaxina 75mg Genérico Torrent Pharma 30 Cápsulas,"105,01","41,00",-61.0%,"41,00",-61.0%
FarmaPonte,Esgotado,305.0,12,0.0,Chocolate Talento Mini Branco com Cereais 25g - Chocolate Garoto Talento Branco Cereais e Passas 25g,0,0,0,0,0
FarmaPonte,Esgotado,305.0,13,0.0,Condicionador Dove Bond Intense Repair 250ml,0,0,0,0,0
FarmaPonte,Esgotado,305.0,13,0.0,Condicionador Dove Baby Hidratação Enriquecida Cabelos Cacheados 200ml,0,0,0,0,0
FarmaPonte,Esgotado,305.0,13,0.0,Gel Relaxante Estrela - Acte Estrela,0,0,0,0,0
FarmaPonte,Esgotado,305.0,14,0.0,Máscara Capilar Kerasys Oriental Premium 200ml,0,0,0,0,0
Drogaria São Paulo,Disponível,305.0,12,7896094999978.0,Dramin B6 50mg + 10mg Cosmed 30 Comprimidos,"25,51","25,51",-,"25,51",-
FarmaPonte,Esgotado,305.0,12,0.0,"Reparador Labial Quintal Seiva Reparadora 8,5g",0,0,0,0,0
Drogaria São Paulo,Disponível,305.0,13,7896112403579.0,Endofer 100mg Biolab 30 Comprimidos Mastigáveis,"43,71","39,99",-8.5%,"39,99",-8.5%
FarmaPonte,Esgotado,305.0,16,0.0,Aparelho de Barbear Recarregável Gillette Mach3 + 1 Refil,0,0,0,0,0
Drogaria São Paulo,Disponível,305.0,12,7896523227108.0,Mesilato de Doxazosina 2mg Genérico Cimed 30 Comprimidos,"37,17","7,61",-79.5%,"7,61",-79.5%
FarmaPonte,Esgotado,305.0,12,0.0,Fórmula Infantil Para Lactentes Nan Science Pro S.L. 400g,0,0,0,0,0
Drogaria São Paulo,Disponível,305.0,17,7894916209908.0,Somalgin Cardio 100mg EMS 60 Comprimidos Revestidos,"25,34","25,34",-,"25,34",-
FarmaPonte,Esgotado,305.0,12,0.0,Paleta de Sombra em Pó Essence The Brown 9 Shades,0,0,0,0,0
FarmaPonte,Esgotado,305.0,14,0.0,Suco Villa Piva Pink Lemonade 300ml,0,0,0,0,0
FarmaPonte,Esgotado,305.0,14,0.0,Bruna Tavares BT - Glitter 3g - Navyrose-Shine,0,0,0,0,0
FarmaPonte,Esgotado,305.0,13,0.0,Lapiseira Para Os Olhos Bruna Tavares Brown 300mg,0,0,0,0,0
Drogaria São Paulo,Disponível,305.0,12,7897337713382.0,Melik 75mcg Melcon 28 Comprimidos,"49,93","46,52",-6.8%,"46,52",-6.8%
FarmaPonte,Esgotado,305.0,14,0.0,Gel Lubrificante Íntimo Lubs Hot Moves 20g,0,0,0,0,0
FarmaPonte,Esgotado,305.0,14,0.0,"Paleta de Sombras - 4 Eyeshadow Palette Cosmic Océane Edition 4,5g",0,0,0,0,0
FarmaPonte,Esgotado,304.0,14,0.0,Adoçante Zero-Cal Sucralose 50 Sachês,0,0,0,0,0
FarmaPonte,Esgotado,304.0,15,0.0,Benicar Anlo 20mg + 5mg Daiichi Sankyo 30 Comprimidos,0,0,0,0,0
FarmaPonte,Esgotado,304.0,12,0.0,Escova Interdental Oral-B Expert Mini 10 Unidades,0,0,0,0,0
FarmaPonte,Esgotado,304.0,13,0.0,Pyverm 10mg/ml Cifarma 40ml,0,0,0,0,0
FarmaPonte,Esgotado,304.0,13,0.0,Páprica Defumada 20g -  Bombay,0,0,0,0,0
Drogaria São Paulo,Disponível,304.0,14,7896004728261.0,"Travoptic 0,04mg/ml Geolab 2,5ml","113,08","41,99",-62.9%,"41,99",-62.9%
FarmaPonte,Esgotado,304.0,14,0.0,Máscara Facial de Coco - Coconut Mask  35ml Océane,0,0,0,0,0
Drogaria São Paulo,Disponível,304.0,13,7896112132936.0,Acetato De Hidrocortisona 10mg/g Genérico Teuto 15g Creme Dermatológico,"16,77","12,59",-24.9%,"12,59",-24.9%
FarmaPonte,Esgotado,304.0,13,0.0,Esponja Splum Para Banho Fragrance Santa Maria,0,0,0,0,0
Drogaria São Paulo,Disponível,304.0,12,7894916509503.0,"Concor 1,25mg Merck 30 Comprimidos Revestidos","86,61","74,59",-13.9%,"74,59",-13.9%
FarmaPonte,Esgotado,304.0,14,0.0,Manteiga Modeladora Capilar Lola From Rio Plot Twist Nut Bettercream 480g,0,0,0,0,0
FarmaPonte,Esgotado,304.0,15,0.0,Biomarine Medical Hidratante Labial 5g,0,0,0,0,0
Drogaria São Paulo,Disponível,304.0,12,7893454101484.0,Cloridrato de Venlafaxina 150mg Genérico Cellera Farma 30 Cápsulas,"335,27","42,07",-87.5%,"42,07",-87.5%
FarmaPonte,Esgotado,304.0,13,0.0,Gel Fixador Capilar Bozzano Ação Prolongada Fator 4 300g,0,0,0,0,0
Drogaria São Paulo,Disponível,304.0,13,7897337716819.0,Zetsim 10/10mg Supera 30 Comprimidos,"125,44","117,99",-5.9%,"117,99",-5.9%
Drogaria São Paulo,Disponível,304.0,14,8054083018324.0,Amytril 25mg Supera 30 comprimidos revestidos,"8026,22","7920,90",-1.3%,"7920,90",-1.3%
Drogaria São Paulo,Disponível,304.0,13,7897337713399.0,Perola 75mcg Supera 84 Comprimidos,"131,14","106,91",-18.5%,"106,91",-18.5%
FarmaPonte,Esgotado,304.0,14,0.0,Kit 5 Unid.Chocolate Ao Leite Zero Adição De Açúcares 22G,0,0,0,0,0
FarmaPonte,Esgotado,304.0,12,0.0,Shampoo Pantene Pro-V Miracles Colágeno Hidrata & Resgata 175ml,0,0,0,0,0
Drogaria São Paulo,Disponível,304.0,12,7896004790947.0,Palexis LP 50mg Grunenthal 30 Comprimidos,"142,50","135,98",-4.6%,"135,98",-4.6%
FarmaPonte,Esgotado,304.0,14,0.0,Creme Depilatório Depimiel Men Partes Íntimas 48g,0,0,0,0,0
Drogaria São Paulo,Disponível,304.0,12,7896548199961.0,"Patanol S 2,22 mg/ml Novartis 2,5ml Solução Oftalmológica","55,55","51,69",-6.9%,"51,69",-6.9%
FarmaPonte,Esgotado,304.0,12,0.0,Granola Super 800g - Alquimya,0,0,0,0,0
FarmaPonte,Esgotado,304.0,13,0.0,Protetor Labial Cube Morango e Sheer 20% Off,0,0,0,0,0
FarmaPonte,Esgotado,304.0,12,0.0,Elástico para Cabelo Ever You Marrom Fio de Meia 8 Unidades,0,0,0,0,0
FarmaPonte,Esgotado,304.0,12,0.0,Elástico para Cabelo Ever You Transparente 70 Unidades,0,0,0,0,0
Drogaria São Paulo,Disponível,304.0,14,7895296100038.0,"Drospirenona 0,03mg + Etinilestradiol 3mg Genérico Nova Química 63 Comprimidos","62,02","23,09",-62.8%,"23,09",-62.8%
FarmaPonte,Esgotado,304.0,13,0.0,Base Líquida Matte Fran by Franciny Ehlke Real Filter E-03 30 g,0,0,0,0,0
FarmaPonte,Esgotado,304.0,12,0.0,Faixa de Cabelo Ricca 1 Unidade,0,0,0,0,0
FarmaPonte,Esgotado,304.0,13,0.0,Aplicador de Cílios Kiss Grip I Envy KPA02 1 Unidade,0,0,0,0,0
FarmaPonte,Esgotado,304.0,13,0.0,"Flutivate 0,5mg/g GSK 15g Creme",0,0,0,0,0
FarmaPonte,Esgotado,304.0,13,0.0,Suplemento Alimentar Nutren Protein Coco 260ml,0,0,0,0,0
Drogaria São Paulo,Disponível,304.0,13,7894916206877.0,Lasix 40mg Sanofi 20 Comprimidos,"119,17","86,99",-27.0%,"86,99",-27.0%
Drogaria São Paulo,Disponível,304.0,12,7898074614178.0,"Monuril 5,631g/g Zambon 1 Envelope Granulado 8g","75,04","51,44",-31.4%,"51,44",-31.4%
Drogaria São Paulo,Disponível,304.0,14,7896658030284.0,Montelair 4mg Aché 60 Comprimidos Mastigáveis,"126,47","118,99",-5.9%,"118,99",-5.9%
FarmaPonte,Esgotado,304.0,13,0.0,Mel Yep To Go Bisnaga 300g,0,0,0,0,0
FarmaPonte,Esgotado,304.0,12,0.0,Melleril 50mg Bausch 20 Drágeas,0,0,0,0,0
FarmaPonte,Esgotado,304.0,13,0.0,Pasta de Dente Elmex Sensitive Professional Dentes Sensíveis 110g,0,0,0,0,0
FarmaPonte,Esgotado,304.0,13,0.0,Gel Lubrificante Íntimo KY Original Sachê 5g,0,0,0,0,0
Drogaria São Paulo,Disponível,304.0,13,7898616360976.0,Insulina Humalog MIX 50 Kwikpen 100UI/ml Eli Lilly 3ml 1 Caneta Descartável,"76,63","62,99",-17.8%,"62,99",-17.8%
FarmaPonte,Esgotado,304.0,13,0.0,Carga De Aparelho Para Barbear Gillette Mach3 Carbono 8 Unidades,0,0,0,0,0
FarmaPonte,Esgotado,304.0,12,0.0,Sabonete Liquido de Glicerina Baby Dove Hora de Dormir 400ml,0,0,0,0,0
Drogaria São Paulo,Disponível,304.0,12,7896006290162.0,"Colírio Glaucotrat 6,8mg/ml União Química 5ml","16,82","15,49",-7.9%,"15,49",-7.9%
FarmaPonte,Esgotado,304.0,13,0.0,"Vizzela Hello Brow! Cor 1 - Lapiseira Para Sobrancelha 0,24g",0,0,0,0,0
FarmaPonte,Esgotado,304.0,14,0.0,Ampola Turbinada Explosão de Força - Gllendex - 15ml,0,0,0,0,0
Drogaria São Paulo,Disponível,304.0,13,7896112401209.0,Estriol 1mg/g Genérico Biolab 50g Creme Vaginal + Aplicador,"43,58","33,59",-22.9%,"33,59",-22.9%
FarmaPonte,Esgotado,304.0,13,0.0,Pomada para Prevenção de Assaduras Dermodex Prevent 30g,0,0,0,0,0
FarmaPonte,Esgotado,304.0,13,0.0,Protetor Labial Cube Morango e Baunilha 20% Off,0,0,0,0,0
Drogaria São Paulo,Disponível,304.0,13,7891317026431.0,Donaren 100mg Apsen 30 Comprimidos Revestidos,"23,68","16,29",-31.2%,"16,29",-31.2%
Drogaria São Paulo,Disponível,304.0,13,7891317025861.0,Nusira 25mg + 25mg Zodiac 20 Comprimidos,"81,51","81,51",-,"81,51",-
FarmaPonte,Esgotado,304.0,13,0.0,Suco Del Valle 100% Maçã 1L,0,0,0,0,0
Drogaria São Paulo,Disponível,303.0,13,7896004749303.0,Pantoprazol 40mg Genérico EMS 42 comprimidos revestidos,"60,27","24,74",-59.0%,"24,74",-59.0%
FarmaPonte,Esgotado,303.0,14,0.0,Kit Miss Frandy - Cílios Postiços com 3 Pares e uma Pinça,0,0,0,0,0
FarmaPonte,Esgotado,303.0,14,0.0,Kit Lenço Umedecido MamyPoko Dia & Noite 4 Pacotes com 50 Unidades,0,0,0,0,0
Drogaria São Paulo,Disponível,303.0,12,7896658022203.0,Trezor 10mg Aché 30 Comprimidos,"66,33","63,89",-3.7%,"63,89",-3.7%
FarmaPonte,Esgotado,303.0,13,0.0,Biomarine Up Cílios Serum para Crescimento de Cílios e Sobrancelhas,0,0,0,0,0
Drogaria São Paulo,Disponível,303.0,13,7898216360185.0,Cloridrato de Ciprofloxacino 500mg Genérico Pharlab 14 Comprimidos Revestidos,"34,52","26,99",-21.8%,"26,99",-21.8%
FarmaPonte,Esgotado,303.0,14,0.0,Dolamin Flex 125mg + 5mg Farmoquímica 15 Comprimidos,0,0,0,0,0
Drogaria São Paulo,Disponível,303.0,13,7896523207780.0,"Candicort 20mg/g + 0,64mg/g Aché 30g Creme Dermatológico","21,54","21,54",-,"21,54",-
FarmaPonte,Esgotado,303.0,13,0.0,"Caixa de Bombom Lacta Favoritos 250,6g",0,0,0,0,0
Drogaria São Paulo,Disponível,303.0,13,8903855076096.0,"Indapen Sr 1,5mg Torrent 60 Comprimidos","77,89","70,99",-8.9%,"70,99",-8.9%
FarmaPonte,Esgotado,303.0,14,0.0,Brinco Antialérgico Studex Classic Bezel Verde Claro Médio,0,0,0,0,0
FarmaPonte,Esgotado,303.0,13,0.0,Brinco Antialérgico Studex Classic Tiffany Cristal Médio,0,0,0,0,0
FarmaPonte,Esgotado,303.0,12,0.0,Leave-in Revlon Professional Uniq One Lotus Flower Hair Tratament 150 ml,0,0,0,0,0
FarmaPonte,Esgotado,303.0,12,0.0,Pincel Para Sombra - Light Me Up Ocn7 Océane,0,0,0,0,0
FarmaPonte,Esgotado,303.0,13,0.0,Mix Frutas Secas Pacote com 200g - Brasil Frutt,0,0,0,0,0
FarmaPonte,Esgotado,303.0,12,0.0,Brinco Antialérgico Studex Classic Estrela Cristal Médio Dourado,0,0,0,0,0
FarmaPonte,Esgotado,303.0,12,0.0,Fralda Ever Baby XG 36 Unidades,0,0,0,0,0
FarmaPonte,Esgotado,303.0,13,0.0,Máscara Para Cílios Vult Extreme Iconic Multibenefícios Preto 10g,0,0,0,0,0
FarmaPonte,Esgotado,303.0,13,0.0,Máscara Térmica de Gel p/ Olhos Aberta Termogel,0,0,0,0,0
FarmaPonte,Esgotado,303.0,14,0.0,Kit Pasta de Dente Sensodyne Rápido Alívio Dentes Sensíveis 3 Unidades de 50g,0,0,0,0,0
FarmaPonte,Esgotado,303.0,12,0.0,Shampoo Pantene Bambu 400ml,0,0,0,0,0
FarmaPonte,Esgotado,303.0,12,0.0,Wafer mais com recheio sabor beijinho e cobertura de chocolate branco com 102g - Hershey's,0,0,0,0,0
Drogaria São Paulo,Disponível,303.0,13,7895296414012.0,Diclofenaco Sódico 100mg Genérico Mepha 10 comprimidos,"33,25","17,42",-47.6%,"17,42",-47.6%
FarmaPonte,Esgotado,303.0,13,0.0,Minoxidil com fator de crescimento 60g,0,0,0,0,0
FarmaPonte,Esgotado,303.0,13,0.0,Removedor De Esmalte Zulu Seduction 200ml,0,0,0,0,0
FarmaPonte,Esgotado,303.0,12,0.0,Óleo Removedor Pós Depilatório Ever You Algodão Hidratante 140ml,0,0,0,0,0
Drogaria São Paulo,Disponível,303.0,12,7899095237254.0,Oxalato de Escitalopram 20mg/ml Genérico Geolab 15ml Gotas,"128,91","66,82",-48.2%,"66,82",-48.2%
FarmaPonte,Esgotado,303.0,12,0.0,"Flutivate 0,5mg GSK 30g",0,0,0,0,0
FarmaPonte,Esgotado,303.0,12,0.0,Tônico Capilar Vita Derm Antiqueda 140ml,0,0,0,0,0
FarmaPonte,Esgotado,303.0,12,0.0,Adoçante Líquido Adocyl Sucralose 80ml,0,0,0,0,0
FarmaPonte,Esgotado,303.0,12,0.0,Massageador Para Pernas Multi Esferas Ortho Pauher Massageador Para Pernas Multi Esferas Ortho Pauher,0,0,0,0,0
FarmaPonte,Esgotado,302.0,13,0.0,Monessa 20mg + 20mg + 20mg + 100mg + 60mg + 60mg Biolab 30 Cápsulas,0,0,0,0,0
FarmaPonte,Esgotado,302.0,14,0.0,Lenço de Papel Kleenex Box 60 Folhas,0,0,0,0,0
Drogaria São Paulo,Disponível,302.0,12,7896006201144.0,Vitamina D D3Caps 7.000UI União Química 30 Cápsulas Moles,"68,98","59,89",-13.2%,"59,89",-13.2%
FarmaPonte,Esgotado,302.0,12,0.0,Icaden 10mg/ml Leo Pharma 30ml Solução,0,0,0,0,0
FarmaPonte,Esgotado,302.0,13,0.0,Ampola De Tratamento Capilar Crescimento Fortalecido Skafe  10ml,0,0,0,0,0
Drogaria São Paulo,Disponível,302.0,14,7896112408727.0,Neosulida 100mg Elite 12 Comprimidos,"41,18","38,79",-5.8%,"38,79",-5.8%
Drogaria São Paulo,Disponível,302.0,14,7895296204019.0,Oxalato De Escitalopram 15mg Genérico Nova Química 30 Comprimidos,"181,98","68,99",-62.1%,"68,99",-62.1%
FarmaPonte,Esgotado,302.0,14,0.0,Protetor Solar Nivea Sun Protect & Hidrata FPS 70 200ml,0,0,0,0,0
Drogaria São Paulo,Disponível,302.0,12,7896006201779.0,Fosfato Sódico De Prednisolona 3mg/ml Genérico Uniao Quimica 60ml Solução Oral + Seringa Dosadora,"23,31","13,65",-41.4%,"13,65",-41.4%
Drogaria São Paulo,Disponível,302.0,13,7891721024481.0,"Dexa-Citoneurin 100mg + 100mg + 5mg + 4,37mg P&G 3 Ampolas 1ml + 3 Ampolas 2ml","53,51","46,79",-12.6%,"46,79",-12.6%
FarmaPonte,Esgotado,302.0,12,0.0,Bruna Tavares BT - Glitter 3g - Moss-Metal,0,0,0,0,0
FarmaPonte,Esgotado,302.0,12,0.0,Óleo Capilar L'Oréal Professionnel Serie Expert Absolut Repair Gold Quinoa Protein 10 in 1 30 ml,0,0,0,0,0
Drogaria São Paulo,Disponível,302.0,12,7896006274506.0,Ocylin 500mg Multilab 21 Comprimidos,"25,85","10,99",-57.5%,"10,99",-57.5%
FarmaPonte,Esgotado,302.0,14,0.0,Hidratante Facial Bruna Tavares Cherry Blossom Water Cream 35 g,0,0,0,0,0
FarmaPonte,Esgotado,302.0,12,0.0,Máscara Facial Esfoliante de Chá Verde e Pepino - Revitalizing Scrub Mask 35ml Océane,0,0,0,0,0
FarmaPonte,Esgotado,302.0,12,0.0,Aparelho Para Depilar Bic Soleil Escape Rosa E Magnolia 3 Unidades,0,0,0,0,0
FarmaPonte,Esgotado,302.0,13,0.0,Kit Aussie Shampoo Mega Moist 180ml + 3 Minute Miracle Mega Moist 236ml,0,0,0,0,0
Drogaria São Paulo,Disponível,302.0,13,7896658040634.0,Azod 50mg Supera RX 60 Comprimidos Revestidos,"147,64","146,99",-0.4%,"146,99",-0.4%
FarmaPonte,Esgotado,302.0,15,0.0,Adoçante Linea Stevia Pó 600mg 100 Envelopes,0,0,0,0,0
FarmaPonte,Esgotado,302.0,13,0.0,Massa Tipo Fettuccine Konjac 270g,0,0,0,0,0
FarmaPonte,Esgotado,302.0,12,0.0,Sabonete Líquido para o Corpo Palmolive Luminous Oils Sensação Nutritiva 250ml,0,0,0,0,0
FarmaPonte,Esgotado,302.0,12,0.0,Leave-in Selagem Gradativa Cadiveu Essentials Bye Bye Frizz 200 ml,0,0,0,0,0
FarmaPonte,Esgotado,302.0,14,0.0,Pipoca CacauMundo Verde 75g,0,0,0,0,0
FarmaPonte,Esgotado,302.0,12,0.0,Mamadeira Lillo MiniForm Rosa 50ml,0,0,0,0,0
Drogaria São Paulo,Disponível,301.0,15,7898328480498.0,Synthroid 175mcg Abbott 30 Comprimidos,"10838,98","8799,90",-18.8%,"8799,90",-18.8%
Drogaria São Paulo,Disponível,301.0,13,7895296449274.0,Vitamina Neo Química Ômega 3 60 comprimidos,"18,18","10,09",-44.5%,"10,09",-44.5%
FarmaPonte,Esgotado,301.0,13,0.0,Refresco Magro Sabor Uva Zero Açucares 8G,0,0,0,0,0
FarmaPonte,Esgotado,301.0,12,0.0,Lenço Umedecido Johnson's Baby Recém-Nascido Sem Fragrância 48 Unidades,0,0,0,0,0
FarmaPonte,Esgotado,301.0,12,0.0,Kit Ampola Capilar Pantene Pro-V Nutrição Umectante Tratamento Hidratante 3 Unidades 15ml Cada,0,0,0,0,0
FarmaPonte,Esgotado,301.0,12,0.0,Milani Stay Put Brow Pomade -  Lápis 03 Medium,0,0,0,0,0
FarmaPonte,Esgotado,301.0,12,0.0,Lubrificante Maqspray Alta E Baixa 200ml Refil - Maquira,0,0,0,0,0
Drogaria São Paulo,Disponível,301.0,13,7899547508857.0,Ginkoba 120mg Nikkho 30 Comprimidos Revestidos,"39,00","39,00",-,"39,00",-
FarmaPonte,Esgotado,301.0,13,0.0,Composto Lácteo Ninho Fases 3+ 800g,0,0,0,0,0
Drogaria São Paulo,Disponível,301.0,12,7897595612397.0,Alopurinol 100mg Genérico Sandoz 60 Comprimidos,"19,73","12,17",-38.3%,"12,17",-38.3%
Drogaria São Paulo,Disponível,301.0,13,7899095250949.0,Furosemida 40mg Genérico Geolab 20 Comprimidos,"11,43","5,83",-49.0%,"5,83",-49.0%
Drogaria São Paulo,Disponível,301.0,13,7896004713588.0,Pentoxifilina 400mg Genérico Germed 30 Comprimidos,"72,14","68,30",-5.3%,"68,30",-5.3%
FarmaPonte,Esgotado,301.0,14,0.0,Senscience V6 Moisture Intensif - Ampola 25ml,0,0,0,0,0
FarmaPonte,Esgotado,301.0,14,0.0,Escova de Dente Media Oral-B Complete Color Collection Clean 4 Unidades,0,0,0,0,0
FarmaPonte,Esgotado,301.0,12,0.0,Óleo Vegetal Capilar Widi Care Juba 60ml,0,0,0,0,0
Drogaria São Paulo,Disponível,301.0,15,7897129304781.0,Aloxidil 50mg/ml Theraskin 50ml Spray Solução Capilar,"87,33","58,20",-33.4%,"58,20",-33.4%
FarmaPonte,Esgotado,301.0,13,0.0,Absorvente Always Noturno Tamanho G Suave 16 Unidades,0,0,0,0,0
FarmaPonte,Esgotado,301.0,12,0.0,Algodão Quadrado Ever Care  Baby 50 Unidades - Algodão Quadrado Ever Care Baby 50 Unidades,0,0,0,0,0
FarmaPonte,Esgotado,301.0,15,0.0,Kit Zero Cal Sucralose 100ml 2 Unidades,0,0,0,0,0
FarmaPonte,Esgotado,301.0,14,0.0,Lubrificante Íntimo Ever You 60g,0,0,0,0,0
FarmaPonte,Esgotado,301.0,12,0.0,Pomada Modeladora Efeito Seco Forte Barba De Respeito 55g,0,0,0,0,0
FarmaPonte,Esgotado,301.0,14,0.0,Hair Spray Tabu Fixação Normal 400Ml,0,0,0,0,0
FarmaPonte,Esgotado,301.0,12,0.0,Cera Fria Facial Veet Peles Normais e Secas 12 Folhas,0,0,0,0,0
FarmaPonte,Esgotado,301.0,13,0.0,Latika Sun Cream Spf50 - Protetor Solar - 30g,0,0,0,0,0
FarmaPonte,Esgotado,301.0,13,0.0,Barra de Cereais Nutry Trufa 20g,0,0,0,0,0
Drogaria São Paulo,Disponível,301.0,13,7894916148016.0,Cloridrato de Duloxetina 30mg Genérico Legrand Pharma 30 cápsulas,"69,59","51,99",-25.3%,"51,99",-25.3%
FarmaPonte,Esgotado,301.0,12,0.0,Composto Lácteo Molico Fibras 260g,0,0,0,0,0
FarmaPonte,Esgotado,301.0,12,0.0,Achocolatado de 200ml - Toddynho,0,0,0,0,0
FarmaPonte,Esgotado,301.0,14,0.0,Alginac 5000mcg + 100mg + 100mg + 75mg P&G 3 ampolas 2ml Cada,0,0,0,0,0
FarmaPonte,Esgotado,301.0,13,0.0,Protetor Labial Cube Morango + Pack Soft  Limonada & Framboesa Grátis,0,0,0,0,0
FarmaPonte,Esgotado,301.0,13,0.0,Kit 2 Bicos De Mamadeira Smart Flow 6m+ Fluxo Rápido - NUK,0,0,0,0,0
FarmaPonte,Esgotado,300.0,14,0.0,"Lápis de Olho À Prova D'Água e Suor Pink Cheeks Sport Eyepencil Marrom 1,2 g",0,0,0,0,0
FarmaPonte,Esgotado,300.0,13,0.0,Aveia em Flocos Vitalin 200g,0,0,0,0,0
FarmaPonte,Esgotado,300.0,15,0.0,Água de Beleza Hidratante Bruna Tavares BT Cherry Blossom Beauty Water 100 ml,0,0,0,0,0
FarmaPonte,Esgotado,300.0,13,0.0,Algodão Rolete nº 1  Não Estéril com 100 - Cremer,0,0,0,0,0
FarmaPonte,Esgotado,300.0,12,0.0,Massa Tipo Arroz Konjac 270g,0,0,0,0,0
Drogaria São Paulo,Disponível,300.0,12,7891317448936.0,Desogestrel 150mcg + Etinilestradiol 20mcg Genérico Eurofarma 21 Comprimidos,"39,72","20,99",-47.2%,"20,99",-47.2%
Drogaria São Paulo,Disponível,300.0,13,7908020507024.0,"Dextamine 0,4mg/ml + 0,05mg/ml Cifarma 120ml Xarope","35,94","32,99",-8.2%,"32,99",-8.2%
FarmaPonte,Esgotado,300.0,13,0.0,Bebida Láctea UHT YoPRO Morango Shake 15g de proteínas  250ml,0,0,0,0,0
Drogaria São Paulo,Disponível,300.0,13,7896422522632.0,Oxalato de Escitalopram 15mg Genérico Medley 30 Comprimidos,"144,67","32,66",-77.4%,"32,66",-77.4%
FarmaPonte,Esgotado,300.0,12,0.0,"Lápis Para Olhos Vult Marrom Quente 1,1g",0,0,0,0,0
Drogaria São Paulo,Disponível,300.0,12,7891317004071.0,Prysma 3mg Eurofarma 20 Comprimidos,"11,38","10,59",-6.9%,"10,59",-6.9%
FarmaPonte,Esgotado,300.0,13,0.0,Hidratante Labial Chupa Chups The Skin Soul Cola 10g,0,0,0,0,0
FarmaPonte,Esgotado,300.0,15,0.0,Wafer Trento Speciale Avelã com Chocolate ao Leite 26g,0,0,0,0,0
FarmaPonte,Esgotado,300.0,12,0.0,Creme de Tratamento Capilar Preenchedor L'Oréal Paris Elseve Hidra Hialurônico 300g,0,0,0,0,0
Drogaria São Paulo,Disponível,300.0,13,7896862970567.0,Fluconazol 150mg Genérico Medquímica 1 Cápsula,"14,38","5,87",-59.2%,"5,87",-59.2%
FarmaPonte,Esgotado,300.0,13,0.0,"Océane Mariana Saad Eyeliner Pen Cor Preto - Lapís Para Olhos 1,2g",0,0,0,0,0
FarmaPonte,Esgotado,300.0,13,0.0,Pó Descolorante Ervas E Proteínas Yamá 50g,0,0,0,0,0
Drogaria São Paulo,Disponível,300.0,12,7897595618733.0,Videnfil 50mg Sandoz do Brasil 4 Comprimidos,"11,91","10,52",-11.7%,"10,52",-11.7%
FarmaPonte,Esgotado,300.0,12,0.0,Balas de Gelatina Fini Natural Sweets Colágeno 18g,0,0,0,0,0
Drogaria São Paulo,Disponível,300.0,14,7896658002120.0,Filinar 5mg/ml Eurofarma 120ml Xarope Pediátrico,"48,95","44,54",-9.0%,"44,54",-9.0%
Drogaria São Paulo,Disponível,300.0,14,7896094925137.0,"Alektos Pediátrico 2,5mg/Ml Hypera 120ml Solução Oral","90,71","71,77",-20.9%,"71,77",-20.9%
FarmaPonte,Esgotado,300.0,13,0.0,"Protetor Labial Balm Menta Fps15 Vult 3,5g",0,0,0,0,0
FarmaPonte,Esgotado,300.0,13,0.0,Sabonete Líquido para o Corpo Palmolive Luminous Oils Sensação Refrescante 250ml,0,0,0,0,0
FarmaPonte,Esgotado,300.0,14,0.0,Protetor Solar Facial Nivea Sun Beauty Expert Controle de Oleosidade  FPS60 50g,0,0,0,0,0
FarmaPonte,Esgotado,300.0,14,0.0,Domador Sebo De Carneiro Gel Massageador Extra Forte 200G Domador,0,0,0,0,0
FarmaPonte,Esgotado,300.0,15,0.0,Creme Hidratante Nivea Lata 97g,0,0,0,0,0
Drogaria São Paulo,Disponível,300.0,13,7896181921325.0,Dicloridrato de Betaistina 16mg Genérico Biosintética 30 Comprimidos,"29,63","11,59",-60.9%,"11,59",-60.9%
FarmaPonte,Esgotado,300.0,14,0.0,"Microvlar 0,15mg + 0,03mg União Química 21 Drágeas",0,0,0,0,0
FarmaPonte,Esgotado,300.0,12,0.0,Removedor de Esmalte Granado Pink 75ml,0,0,0,0,0
Drogaria São Paulo,Disponível,300.0,14,7896658015779.0,Chá Verde (Green Tea) 500mg 90 Cápsulas,"197,09","196,20",-0.5%,"196,20",-0.5%
FarmaPonte,Esgotado,300.0,12,0.0,Gel Condicionador Fixador Ny Looks Fator 4 240g,0,0,0,0,0
Drogaria São Paulo,Disponível,300.0,12,7896862992941.0,Bacrocin 20mg/g Medquímica 15g Pomada,"81,08","81,08",-,"81,08",-
FarmaPonte,Esgotado,299.0,13,0.0,Océane Larissa Manoela Jelly Eye Shadow Pot - Sombra em Gel Translúcida 4g - Dragon,0,0,0,0,0
Drogaria São Paulo,Disponível,299.0,13,7893454100678.0,"Tylex 500mg + 7,5mg Cellera 12 Comprimidos","15,21","13,39",-12.0%,"13,39",-12.0%
FarmaPonte,Esgotado,299.0,14,0.0,Pamelor 10mg Cellera 30 Cápsulas,0,0,0,0,0
Drogaria São Paulo,Disponível,299.0,12,7892953001899.0,Prebictal 50mg Zodiac 30 Cápsulas Duras,"47,05","47,05",-,"47,05",-
FarmaPonte,Esgotado,299.0,13,0.0,Tônico Capilar Para Dermatite-Psoríase - 100 Ml,0,0,0,0,0
FarmaPonte,Esgotado,299.0,12,0.0,Porta Escova de Dente Ever Care 1 Unidade,0,0,0,0,0
Drogaria São Paulo,Disponível,299.0,14,7897595620293.0,"Desogestrel 0,075mg Genérico Sandoz 28 Comprimidos Revestidos","35,38","11,99",-66.1%,"11,99",-66.1%
FarmaPonte,Esgotado,299.0,13,0.0,Pó Descolorante Queratina Refil Yamá - 300g,0,0,0,0,0
FarmaPonte,Esgotado,299.0,13,0.0,Bauny Cor 060 - Pó Compacto Matte Facial com FPS 25 10g,0,0,0,0,0
Drogaria São Paulo,Disponível,299.0,12,7897337706575.0,Singulair 5mg Organon 30 Comprimidos,"94,53","88,99",-5.9%,"88,99",-5.9%
Drogaria São Paulo,Disponível,299.0,14,7896181915171.0,Busonid 32mcg/dose Aché 120 doses Suspensão Nasal,"32,18","30,29",-5.9%,"30,29",-5.9%
FarmaPonte,Esgotado,299.0,12,0.0,Água Tônica Schweppes Sem Açúcar 220ml,0,0,0,0,0
Drogaria São Paulo,Disponível,299.0,15,7896658022203.0,Trezete 20mg + 10mg Aché 30 Comprimidos,"66,33","63,89",-3.7%,"63,89",-3.7%
FarmaPonte,Esgotado,299.0,12,0.0,Gel creme com azeloglicina 30g,0,0,0,0,0
FarmaPonte,Esgotado,299.0,13,0.0,"Caneta Delineadora para Olhos Mirage 1,2ml Azul",0,0,0,0,0
FarmaPonte,Esgotado,299.0,14,0.0,Pasta de Dente Colgate Total Clean Mint 90g,0,0,0,0,0
FarmaPonte,Esgotado,299.0,14,0.0,Pasta de Dente Colgate Luminous White Instant 70g,0,0,0,0,0
FarmaPonte,Esgotado,299.0,14,0.0,Tônico de Tratamento Capilar Dabelle Hair Love Fortificante 100ml,0,0,0,0,0
Drogaria São Paulo,Disponível,299.0,14,7897595630889.0,Sancol 10mg Daiichi Sankyo 30 Comprimidos Revestidos,"43,08","43,08",-,"43,08",-
FarmaPonte,Esgotado,299.0,12,0.0,Creme Depilatório Depimiel Corporal 120g,0,0,0,0,0
Drogaria São Paulo,Disponível,299.0,13,7898148295159.0,Ibuprofeno 600mg Genérico Prati Donaduzzi 20 Comprimidos,"21,68","9,59",-55.8%,"9,59",-55.8%
Drogaria São Paulo,Disponível,299.0,14,7897337716239.0,"Hyzaar 50mg + 12,5mg Organon 30 Comprimidos","61,16","44,48",-27.3%,"44,48",-27.3%
FarmaPonte,Esgotado,299.0,13,0.0,Reparador De Pontas Mandioca Haskell 35ml,0,0,0,0,0
FarmaPonte,Esgotado,299.0,14,0.0,Barra de cereal Coco com chocolate de 22g - NUTRY,0,0,0,0,0
FarmaPonte,Esgotado,299.0,13,0.0,Fórmula Infantil Nestogeno 2 400g,0,0,0,0,0
Drogaria São Paulo,Disponível,299.0,14,7896658015779.0,Chá Verde (Green Tea) 500mg 60 Cápsulas,"197,09","196,20",-0.5%,"196,20",-0.5%
Drogaria São Paulo,Disponível,299.0,12,7891058000943.0,Succinato de Metoprolol 50mg Genérico Sanofi Medley 30 Comprimidos,"46,01","34,59",-24.8%,"34,59",-24.8%
FarmaPonte,Esgotado,299.0,14,0.0,Dimorf 10mg Cristália 60ml Solução,0,0,0,0,0
FarmaPonte,Esgotado,299.0,12,0.0,Fio Dental Oral-B Expert Floss Picks 45 Unidades,0,0,0,0,0
FarmaPonte,Esgotado,299.0,13,0.0,Farelo de Aveia Sem Glúten MV Seleção 200g,0,0,0,0,0
Drogaria São Paulo,Disponível,299.0,13,7897595902146.0,Plasil 10mg Sanofi Aventis 20 Comprimidos,"106,53","98,59",-7.5%,"98,59",-7.5%
FarmaPonte,Esgotado,299.0,14,0.0,Aparelho Depilatório Bic Soleil Color 4 Unidades,0,0,0,0,0
Drogaria São Paulo,Disponível,299.0,14,7899420501791.0,Promim 10mg/g Supera 30g Creme + 20 Aplicadores Descartáveis,"102,73","95,53",-7.0%,"95,53",-7.0%
Drogaria São Paulo,Disponível,299.0,13,7891045015912.0,Zolpirest 10mg Pfizer 20 Comprimidos,"46,02","46,02",-,"46,02",-
Drogaria São Paulo,Disponível,299.0,16,7899095202405.0,Clonazepam 2mg Genérico Geolab 30 Comprimidos,"16,05","8,76",-45.4%,"8,76",-45.4%
FarmaPonte,Esgotado,299.0,12,0.0,Bebida Láctea Uht Piracanjuba Whey Coco Zero Lactose 250ml,0,0,0,0,0
FarmaPonte,Esgotado,299.0,15,0.0,Bebida Láctea Piracanjuba Whey Frutas Vermelhas Zero Lactose 250ml,0,0,0,0,0
FarmaPonte,Esgotado,299.0,12,0.0,Base Líquida Matte Fran by Franciny Ehlke Real Filter E-04 30 g,0,0,0,0,0
FarmaPonte,Esgotado,299.0,13,0.0,Preservativo Olla Morango 6 Unidades,0,0,0,0,0
FarmaPonte,Esgotado,299.0,13,0.0,Kit Shampoo Pantene Colágeno 300ml +  Condicionador 150ml,0,0,0,0,0
Drogaria São Paulo,Disponível,299.0,12,7896004762364.0,Gliclazida 60mg Genérico EMS 60 comprimidos,"116,77","48,49",-58.5%,"48,49",-58.5%
Drogaria São Paulo,Disponível,298.0,12,7891058006389.0,Puran T4 75mcg Sanofi 30 Comprimidos,"14,39","14,39",-,"14,39",-
FarmaPonte,Esgotado,298.0,13,0.0,Gel Lubrificante Olla Mix Sensations 50g,0,0,0,0,0
FarmaPonte,Esgotado,298.0,14,0.0,Carb Up Gel Black Morango Probiótica 30g - Carb Up Gel Black MORANGO Probiótica 30g,0,0,0,0,0
FarmaPonte,Esgotado,298.0,14,0.0,"Vizzela Hello Brow! Cor - Lapiseira Para Sobrancelha 0,24g - Cor4",0,0,0,0,0
FarmaPonte,Esgotado,298.0,14,0.0,True Protein Bar Chocolate Meio Amargo True Source,0,0,0,0,0
FarmaPonte,Esgotado,298.0,14,0.0,Gel de Reposição Tens Alívio Já G-tech 1 Par,0,0,0,0,0
Drogaria São Paulo,Disponível,298.0,14,7898687730296.0,Cloridrato de Metilfenidato 10mg Genérico Althaia 60 Comprimidos,"64,11","40,88",-36.2%,"40,88",-36.2%
FarmaPonte,Esgotado,298.0,14,0.0,Chips De Batata-Doce E Mandioca Com Sal Mundo Verde Seleção 40g,0,0,0,0,0
FarmaPonte,Esgotado,298.0,17,0.0,Creme para Pentear Elseve L'Oréal Paris Preenchedor Hidra Hialurônico 250ml,0,0,0,0,0
FarmaPonte,Esgotado,298.0,12,0.0,Gel Arnica e Calêndula Bio Mustela Bebê 100ml,0,0,0,0,0
FarmaPonte,Esgotado,298.0,13,0.0,Hair Spray Fixador Cless Charming Normal 150ml,0,0,0,0,0
FarmaPonte,Esgotado,298.0,13,0.0,Elástico para Cabelo Ever Care Silicone Colorido 20 Unidades,0,0,0,0,0
FarmaPonte,Esgotado,298.0,13,0.0,Descolador Molt 2-4 Millennium - Golgran - Descolador Molt 2-4 Millenium - Golgran,0,0,0,0,0
Drogaria São Paulo,Disponível,298.0,12,7898430192845.0,Vitamina D DPrev 1.000UI Myralis 30 Comprimidos Revestidos,"31,49","31,49",-,"31,49",-
FarmaPonte,Esgotado,298.0,14,0.0,Oleo Mineral 100 Ml - Rioquimica Oleo Mineral,0,0,0,0,0
Drogaria São Paulo,Disponível,298.0,14,7899420507984.0,Ultrox 10mg Supera 10 Comprimidos Sublinguais,"34,91","31,59",-9.5%,"31,59",-9.5%
Drogaria São Paulo,Disponível,298.0,14,7896004767130.0,Hemitartarato de Zolpidem 10mg Genérico EMS 30 Comprimidos,"75,91","19,39",-74.5%,"19,39",-74.5%
FarmaPonte,Esgotado,298.0,13,0.0,Hastes Flexíveis Cotonetes 150 Unidades,0,0,0,0,0
Drogaria São Paulo,Disponível,298.0,13,7891045015912.0,"Provera 10,0mg Pfizer 14 Comprimidos","46,02","46,02",-,"46,02",-
FarmaPonte,Esgotado,298.0,12,0.0,Clindoxyl 10mg/g + 50mg/g GSK 45g Gel,0,0,0,0,0
FarmaPonte,Esgotado,298.0,13,0.0,Kit Protetor Solar Corporal Nivea Protect & Hidrata FPS50 200ml + Sensitive Kids FPS60 100ml,0,0,0,0,0
FarmaPonte,Esgotado,298.0,13,0.0,Desinchá Limão com Gengibre 10sch 15g,0,0,0,0,0
FarmaPonte,Esgotado,298.0,14,0.0,Kit Esponja de Maquiagem Special Diamond Blend (3 Produtos),0,0,0,0,0
FarmaPonte,Esgotado,298.0,13,0.0,Pincel Duo Para Sombra e Iluminadior Corpus,0,0,0,0,0
FarmaPonte,Esgotado,298.0,14,0.0,Protetor Solar Sundown Praia e Piscina FPS70 200ml,0,0,0,0,0
FarmaPonte,Esgotado,298.0,13,0.0,Máscara Térmica de Gel p/ Olhos Fechada Termogel,0,0,0,0,0
Drogaria São Paulo,Disponível,297.0,15,7895296113182.0,Escitalopram 20mg Genérico Neo Química 30 Comprimidos Revestidos,"160,17","19,70",-87.7%,"19,70",-87.7%
FarmaPonte,Esgotado,297.0,13,0.0,Colírio Vigadexa 5mg/ml + 1mg/ml Novartis 5ml,0,0,0,0,0
FarmaPonte,Esgotado,297.0,14,0.0,Lápis de Olho Vult Top Hits Verde Solta o Beat 1 1g,0,0,0,0,0
FarmaPonte,Esgotado,297.0,15,0.0,Pincel Para Blush - Blush Brush Ocn3 Océane,0,0,0,0,0
Drogaria São Paulo,Disponível,297.0,12,7896112194576.0,Dexametasona 4mg Genérico Teuto 10 Comprimidos,"15,76","9,02",-42.8%,"9,02",-42.8%
Drogaria São Paulo,Disponível,297.0,13,7896112144816.0,Cloridrato De Metoclopramida 4mg/ml Genérico Teuto 10ml Gotas,"6,98","4,59",-34.2%,"4,59",-34.2%
FarmaPonte,Esgotado,297.0,13,0.0,Gli-Instan Lowçucar Sabor Morango Glicose Instantanea 5X15G,0,0,0,0,0
Drogaria São Paulo,Disponível,297.0,15,7891721003042.0,Clinfar 10mg Merck S/A 30 Comprimidos,"30,28","26,32",-13.1%,"26,32",-13.1%
Drogaria São Paulo,Disponível,297.0,12,7896094202771.0,Ancoron 200mg LIBBS 60 Comprimidos,"50,03","46,99",-6.1%,"46,99",-6.1%
FarmaPonte,Esgotado,297.0,15,0.0,Unhas Postiças Curta Autocolante Quadrada Pintada Absolute New York Magiquick Eclipse Black 24 Unidades,0,0,0,0,0
FarmaPonte,Esgotado,297.0,12,0.0,Loção Desodorante Hidratante Vasenol Recuperação Intensiva Reparadora 200ml,0,0,0,0,0
FarmaPonte,Esgotado,297.0,12,0.0,Minoxidil 5% Loção Spray 120ml Unic,0,0,0,0,0
Drogaria São Paulo,Disponível,297.0,13,7896004706795.0,Losartana Potássica 50mg Genérico EMS 30 Comprimidos,"20,50","7,99",-61.0%,"7,99",-61.0%
FarmaPonte,Esgotado,297.0,15,0.0,"Lip Balm Hidratante Pink Cheeks Ultra Balm FPS 50 FPUVA 22 Be Rose 6,5 g",0,0,0,0,0
FarmaPonte,Esgotado,297.0,12,0.0,Pomada Antiassadura - 45Gr,0,0,0,0,0
FarmaPonte,Esgotado,297.0,13,0.0,Kit Esponja de Maquiagem Special Diamond Blend (4 Produtos),0,0,0,0,0
Drogaria São Paulo,Disponível,297.0,13,7896181911715.0,Citalopram 20mg Genérico Biosintética 28 Comprimidos,"69,74","20,99",-69.9%,"20,99",-69.9%
FarmaPonte,Esgotado,297.0,13,0.0,"Bombom com recheio cremoso de avelã caixa com 8 unidades de 12,5g - Ferrero Rocher",0,0,0,0,0
FarmaPonte,Esgotado,297.0,12,0.0,Bolsa Térmica Pequena Quente e Fria com 10 bag de 100g - Maquira,0,0,0,0,0
Drogaria São Paulo,Disponível,297.0,14,7896472513307.0,Buprovil 600mg Multilab 20 Comprimidos,"25,66","22,46",-12.5%,"22,46",-12.5%
FarmaPonte,Esgotado,297.0,12,0.0,"Vizzela Caneta Delineadora Line Pen - 1,2ml",0,0,0,0,0
FarmaPonte,Esgotado,297.0,13,0.0,Pós Sol Caladryl Gel Aloe Vera 120g,0,0,0,0,0
FarmaPonte,Esgotado,297.0,14,0.0,Wafer sabor mais ao leite com 102g - Hershey's,0,0,0,0,0
Drogaria São Paulo,Disponível,297.0,13,7891106005616.0,Aspirina Prevent 100mg Bayer 30 Comprimidos,"71,61","62,89",-12.2%,"62,89",-12.2%
FarmaPonte,Esgotado,297.0,13,0.0,Booster Drink Energy Drink 6 unid 269 ml Integralmédica,0,0,0,0,0
FarmaPonte,Esgotado,297.0,14,0.0,Brinco Studex Supermaxxi Pedra Cristal Dourado Espelhado 1 Par,0,0,0,0,0
FarmaPonte,Esgotado,297.0,15,0.0,Óleo Capilar Inoar Argan 7ml 1 Unidade,0,0,0,0,0
FarmaPonte,Esgotado,297.0,12,0.0,Kit 2 Bicos de Silicone Para Mamadeira E Copo 0m+ MAM,0,0,0,0,0
FarmaPonte,Esgotado,297.0,12,0.0,Esfoliador Elétrico p/ os Pés Supermedy,0,0,0,0,0
FarmaPonte,Esgotado,297.0,13,0.0,Kit Adoçante Líquido Zero-Cal Stévia 80ml 2 Unidades,0,0,0,0,0
FarmaPonte,Esgotado,296.0,14,0.0,Shampoo Anticaspa Clear Men Limpeza Diária 2 em 1 400ml Grátis 70ml,0,0,0,0,0
FarmaPonte,Esgotado,296.0,14,0.0,Kit Protetor Solar + Thiomucase 400Utr Anti- Celulite - 90 Capsulas,0,0,0,0,0
FarmaPonte,Esgotado,296.0,13,0.0,Batom Líquido Matte Fran by Franciny Ehlke Clarice 5 ml,0,0,0,0,0
Drogaria São Paulo,Disponível,296.0,12,7895296449830.0,"Cloridrato de Naratriptana 2,5mg Genérico Nova Química 4 Comprimidos","78,32","50,99",-34.9%,"50,99",-34.9%
FarmaPonte,Esgotado,296.0,12,0.0,Adoçante Linea 100% Stevia 60ml,0,0,0,0,0
FarmaPonte,Esgotado,296.0,15,0.0,Óleo Bronzeador Australian Gold Intensifier 237ml,0,0,0,0,0
Drogaria São Paulo,Disponível,296.0,12,7897930760943.0,Tetralysal 150mg Galderma 16 cápsulas,"112,66","103,87",-7.8%,"103,87",-7.8%
FarmaPonte,Esgotado,296.0,12,0.0,Verutex 20mg/g Leo Pharma 15g Creme,0,0,0,0,0
FarmaPonte,Esgotado,296.0,12,0.0,BB Cream Vizzela FPS30 Cor 1.5 35g,0,0,0,0,0
FarmaPonte,Esgotado,296.0,14,0.0,Suco Integral Villa Piva Maçã 300ml,0,0,0,0,0
FarmaPonte,Esgotado,296.0,14,0.0,Kit De Transporte Para Insulina - Embaeps - Pequeno,0,0,0,0,0
FarmaPonte,Esgotado,296.0,14,0.0,Bolsa Para Água Quente Media - Cor: Lilas  Tam: M,0,0,0,0,0
Drogaria São Paulo,Disponível,296.0,12,7896006238508.0,Slow-K 600mg União Química 20 Comprimidos,"39,81","25,33",-36.4%,"25,33",-36.4%
Drogaria São Paulo,Disponível,296.0,14,7896714292410.0,Ondavon 8mg Neo Química 10 Comprimidos,"173,62","173,62",-,"173,62",-
FarmaPonte,Esgotado,296.0,13,0.0,Protetor Labial Lip Ice One - Leve 3 Pague 2 - One Leve 3 Pague 2,0,0,0,0,0
Drogaria São Paulo,Disponível,296.0,12,7898040328603.0,Bactrim F 800mg + 160mg Farmoquímica 10 Comprimidos,"38,07","34,99",-8.1%,"34,99",-8.1%
FarmaPonte,Esgotado,296.0,14,0.0,Brinco Antialérgico Studex Classic Bezel Rosa Médio Dourado,0,0,0,0,0
Drogaria São Paulo,Disponível,296.0,13,7898581710578.0,Noripurum 10mg/ml Blanver 120ml Xarope,"36,10","33,99",-5.8%,"33,99",-5.8%
Drogaria São Paulo,Disponível,296.0,13,7898565165097.0,Vildagliptina 50mg Genérico Natcofarma Brasil 28 Comprimidos,"81,19","58,40",-28.1%,"58,40",-28.1%
FarmaPonte,Esgotado,296.0,13,0.0,Máscara de Argila Vermelha 60g,0,0,0,0,0
FarmaPonte,Esgotado,296.0,13,0.0,Condicionador Tresemmé Hidratação Profunda 650ml,0,0,0,0,0
Drogaria São Paulo,Disponível,296.0,15,7896004760025.0,Olmy Anlo 40mg + 10mg EMS 30 Comprimidos,"499,90","499,90",-,"499,90",-
FarmaPonte,Esgotado,296.0,12,0.0,Fralda Ever Baby G 38 Unidades,0,0,0,0,0
Drogaria São Paulo,Disponível,296.0,13,7891317000530.0,Desvenlafaxina 100mg Genérico Eurofarma 30 Comprimidos Revestidos,"170,81","48,27",-71.7%,"48,27",-71.7%
Drogaria São Paulo,Disponível,296.0,13,7897595622037.0,Alopurinol 300mg Genérico Sandoz 60 Comprimidos,"52,31","44,84",-14.3%,"44,84",-14.3%
FarmaPonte,Esgotado,296.0,12,0.0,Preservativo Blowtex Sabor Tutti Frutti 9 Unidades,0,0,0,0,0
FarmaPonte,Esgotado,296.0,13,0.0,Spray Capilar Antifrizz Up2you 300ml,0,0,0,0,0
Drogaria São Paulo,Disponível,296.0,14,7897316802335.0,Still 1mg/ml Allergan 5ml Solução Oftálmica,"22,78","21,28",-6.6%,"21,28",-6.6%
FarmaPonte,Esgotado,296.0,13,0.0,Creme Depilatório Facial Depimiel Com Argila Branca E Rosa Mosqueta 40g,0,0,0,0,0
FarmaPonte,Esgotado,296.0,13,0.0,"Liberfem 2mg + 0,03mg  Zodiac 21 Comprimidos",0,0,0,0,0
Drogaria São Paulo,Disponível,295.0,15,7899095202627.0,Albendazol 400mg Genérico Geolab 3 Comprimidos Mastigáveis,"9,30","4,84",-48.0%,"4,84",-48.0%
Drogaria São Paulo,Disponível,295.0,13,7896112126270.0,Maleato de Enalapril 20mg Genérico Teuto 30 Comprimidos,"35,63","11,54",-67.6%,"11,54",-67.6%
FarmaPonte,Esgotado,295.0,13,0.0,Esponja Para Pancake Corretivo Base Com 2 Unidades Corpus,0,0,0,0,0
Drogaria São Paulo,Disponível,295.0,14,7891158101755.0,Divalproato de Sodio 500mg Genérico Abbot 30 Comprimidos,"95,63","56,99",-40.4%,"56,99",-40.4%
FarmaPonte,Esgotado,295.0,13,0.0,Sombra Líquida e Primer 2x1 Bruna Tavares BT Velvet Yellow 6 ml,0,0,0,0,0
FarmaPonte,Esgotado,295.0,13,0.0,Wafer Trento Avelã Choco Branco 32g,0,0,0,0,0
FarmaPonte,Esgotado,295.0,12,0.0,Hidratante Corporal Ever You Pele Extra Seca 400ml,0,0,0,0,0
Drogaria São Paulo,Disponível,295.0,13,7897322709994.0,Vitamina D Addera D3 10.000UI Hypera 10 Cápsulas,"120,61","96,49",-20.0%,"96,49",-20.0%
FarmaPonte,Esgotado,295.0,13,0.0,Barra de Cereais Nutry Morango com Chocolate 22g,0,0,0,0,0
FarmaPonte,Esgotado,295.0,14,0.0,Cera Quente em Barra Camomila C/ Calêndula - Depil Bella - 250g,0,0,0,0,0
FarmaPonte,Esgotado,295.0,12,0.0,Vitamina Zirvit Kids Suspensão Oral 100ml,0,0,0,0,0
FarmaPonte,Esgotado,295.0,13,0.0,Pastilha Diet Valda Sachê 12g,0,0,0,0,0
Drogaria São Paulo,Disponível,295.0,12,7899095202122.0,Zobilar 3mg/ml Geolab 5ml Gotas,"30,98","27,99",-9.7%,"27,99",-9.7%
FarmaPonte,Esgotado,295.0,12,0.0,Aparelho de Depilação Bic Soleil Azul/Verde 2 unidades,0,0,0,0,0
Drogaria São Paulo,Disponível,295.0,13,7896112121282.0,Hemifumarato de Quetiapina 25mg Genérico Teuto 30 comprimidos,"58,00","13,22",-77.2%,"13,22",-77.2%
Drogaria São Paulo,Disponível,295.0,15,7898569765347.0,Prednisolona 5mg Genérico Althaia 10 Comprimidos,"7,52","5,24",-30.3%,"5,24",-30.3%
FarmaPonte,Esgotado,295.0,13,0.0,Pasta Castanha de Caju Leite de Coco Eat Clean 300g,0,0,0,0,0
FarmaPonte,Esgotado,295.0,12,0.0,Sabonete Líquido Infantil Baruel Baby Glicerina Da Cabeça Aos Pés 400ml,0,0,0,0,0
Drogaria São Paulo,Disponível,295.0,13,7896637029117.0,Glya 75mg Cristália 30 Cápsulas,"78,51","29,90",-61.9%,"29,90",-61.9%
FarmaPonte,Esgotado,295.0,14,0.0,Apresolina 25mg Novartis 60 Drágeas,0,0,0,0,0
Drogaria São Paulo,Disponível,295.0,13,7898040321420.0,Annita 20mg/ml Farmoquímica 45ml Suspensão Oral,"32,83","28,79",-12.3%,"28,79",-12.3%
FarmaPonte,Esgotado,295.0,15,0.0,Fita Dental Johnson's Reach Expansion Plus 50m,0,0,0,0,0
FarmaPonte,Esgotado,295.0,14,0.0,Shampoo Tresemmé Hidratação Profunda 650ml,0,0,0,0,0
Drogaria São Paulo,Disponível,295.0,13,7896212480562.0,Mitrip 10mg Myralis 30 Comprimidos Revestidos,"23485,39","16599,90",-29.3%,"16599,90",-29.3%
Drogaria São Paulo,Disponível,295.0,13,7896004757445.0,"Latanoprosta 0,05mg/ml + Maleato de Timolol 5mg/ml Genérico Germed 2,5ml Solução Oftálmica","218,52","206,59",-5.5%,"206,59",-5.5%
FarmaPonte,Esgotado,295.0,13,0.0,Leave-In Capilar Eudora Siage Cauterização dos Lisos 100ml,0,0,0,0,0
FarmaPonte,Esgotado,295.0,13,0.0,Kit Pasta de Dente Oral-B 3D White Brilliant Fresh 3 Unidades de 70g,0,0,0,0,0
FarmaPonte,Esgotado,295.0,12,0.0,Garra do Diabo 200mg Herbarium 45 Comprimidos,0,0,0,0,0
FarmaPonte,Esgotado,295.0,14,0.0,Multivitamínico Lavitan Super Fórmula A-Z + Homem 60 Comprimidos,0,0,0,0,0
FarmaPonte,Esgotado,295.0,14,0.0,Suplemento Alimentar Equaliv Melatonina 0.21mg 120 Comprimidos,0,0,0,0,0
FarmaPonte,Esgotado,294.0,12,0.0,Polivitamínico Gerovital EMS 60 Cápsulas,0,0,0,0,0
FarmaPonte,Esgotado,294.0,12,0.0,Kit Elseve Shampoo Reparação Total 5 375ml + Condicionador 170ml,0,0,0,0,0
Drogaria São Paulo,Disponível,294.0,13,7500435191791.0,Citoneurin Control 1.000mcg P&G 30 Comprimidos Revestidos,"83,20","68,59",-17.6%,"68,59",-17.6%
FarmaPonte,Esgotado,294.0,13,0.0,Bico De Silicone Neopan Ortodôntica Tamanho M,0,0,0,0,0
Drogaria São Paulo,Disponível,294.0,12,7896226108513.0,Endofolin 5mg Marjan 90 Comprimidos,"113,58","97,51",-14.1%,"97,51",-14.1%
FarmaPonte,Esgotado,294.0,13,0.0,Pomada Para Hemorroidas (Tratamento Com 6 Ativos Naturais) - 60Gr,0,0,0,0,0
Drogaria São Paulo,Disponível,294.0,12,7898569764753.0,Desvenlafaxina 100mg Genérico Althaia 30 Comprimidos,"115,27","60,97",-47.1%,"60,97",-47.1%
Drogaria São Paulo,Disponível,294.0,12,7897129304798.0,Aloxidil 50mg/ml Theraskin 60ml Solucao Spray Refil,"64,00","59,59",-6.9%,"59,59",-6.9%
FarmaPonte,Esgotado,294.0,13,0.0,Máscara Labial Noturna - Lip Sleeping Mask 15g Océane,0,0,0,0,0
Drogaria São Paulo,Disponível,294.0,12,7896026302784.0,Berotec 100mcg Boehringer 10ml Aerosol,"35,13","32,99",-6.1%,"32,99",-6.1%
FarmaPonte,Esgotado,294.0,14,0.0,Máscara Facial com Esferas em Gel Para Quente ou Frio - Hot & Cold Gel Face Mask Océane,0,0,0,0,0
FarmaPonte,Esgotado,294.0,12,0.0,Loção Inibidor De Pelos Labotrat Dermo Skin Corporal Facial 140ml,0,0,0,0,0
FarmaPonte,Esgotado,294.0,13,0.0,Kit L’oreal Paris Solar Expertise Protetor Solar Corporal FPS70 200ml + Facial FPS 60 25g,0,0,0,0,0
Drogaria São Paulo,Disponível,294.0,12,7898907313872.0,"Acetato de Ciproterona 2mg + Etinilestradiol 0,035mg Genérico Melcon 63 Comprimidos Revestidos","55,20","30,44",-44.9%,"30,44",-44.9%
FarmaPonte,Esgotado,294.0,15,0.0,Bolsa Para Gelo Bioland - Flexível - Tamanho G,0,0,0,0,0
FarmaPonte,Esgotado,294.0,14,0.0,Bolsa Para Gelo - Tam: G - Mercur Bolsa Para Gelo,0,0,0,0,0
FarmaPonte,Esgotado,294.0,14,0.0,Bombom com recheio cremoso de amêndoa coberto com coco caixa com 9 unidades - Raffaello,0,0,0,0,0
FarmaPonte,Esgotado,294.0,14,0.0,Refrigerante Fanta Guaraná 2L,0,0,0,0,0
FarmaPonte,Esgotado,294.0,14,0.0,Hidratante Facial Nívea Acne Control 50g,0,0,0,0,0
FarmaPonte,Esgotado,294.0,13,0.0,Leave-In Sérum  Reparador Aussie Hydro-Mania Non Stop Hydration 95ml,0,0,0,0,0
Drogaria São Paulo,Disponível,294.0,12,7896112403265.0,Doss 15000UI Biolab 8 Cápsulas Moles,"68,71","56,49",-17.8%,"56,49",-17.8%
FarmaPonte,Esgotado,294.0,13,0.0,Kit 2 Bicos de Silicone Mamadeira Clássica 0 à 6 Meses Lillo,0,0,0,0,0
FarmaPonte,Esgotado,294.0,13,0.0,Pimenta do Reino em Grão  40g -  Bombay,0,0,0,0,0
FarmaPonte,Esgotado,294.0,13,0.0,Bala Halls Extra Forte 28g,0,0,0,0,0
FarmaPonte,Esgotado,294.0,13,0.0,Barra de Frutas Supino Zero Banana ao Leite 24g,0,0,0,0,0
FarmaPonte,Esgotado,294.0,12,0.0,Pó Modelador Para Cabelos Acquaflora 5g,0,0,0,0,0
FarmaPonte,Esgotado,294.0,15,0.0,Massageador Para Olhos de Quartzo Rosa - Rose Quartz Eye Massager Océane,0,0,0,0,0
FarmaPonte,Esgotado,294.0,12,0.0,Coca Cola 220ml,0,0,0,0,0
FarmaPonte,Esgotado,294.0,13,0.0,Absorvente Geriátrico Adultcare Premium Unissex 20 Unidades,0,0,0,0,0
Drogaria São Paulo,Disponível,294.0,13,7897595603494.0,Aciclovir 400mg Genérico Sandoz 30 Comprimidos Revestidos,"295,93","56,92",-80.8%,"56,92",-80.8%
FarmaPonte,Esgotado,293.0,12,0.0,Preservativo Blowtex Zero 3 Unidades,0,0,0,0,0
Drogaria São Paulo,Disponível,293.0,14,7891317013998.0,Meclin JET 25mg Apsen 10 Comprimidos Mastigáveis,"74,33","69,99",-5.8%,"69,99",-5.8%
FarmaPonte,Esgotado,293.0,13,0.0,"Mamadeira Avent Pétala 3,0 Decorada Coala 260ml",0,0,0,0,0
FarmaPonte,Esgotado,293.0,13,0.0,"Chá do Mickey Tangerina e Maracujá 15sch 22,5g",0,0,0,0,0
FarmaPonte,Esgotado,293.0,13,0.0,Escova de cabelo The Original Mini Tangle Teezer - Aqua,0,0,0,0,0
FarmaPonte,Esgotado,293.0,12,0.0,Pó Descolorante Lightner Gérmen de Trigo 50gr,0,0,0,0,0
FarmaPonte,Esgotado,293.0,13,0.0,Barra De Proteína Ever Nutri Amendoim 40g,0,0,0,0,0
FarmaPonte,Esgotado,293.0,13,0.0,Kit Adoçante em Pó Zero-Cal 50 Envelopes 3 Unidades,0,0,0,0,0
FarmaPonte,Esgotado,293.0,12,0.0,Escova de Dente Sensodyne Limpeza Profunda Extra Macia para Dentes Sensíveis,0,0,0,0,0
FarmaPonte,Esgotado,293.0,12,0.0,Bala Halls Melância 28g,0,0,0,0,0
Drogaria São Paulo,Disponível,293.0,13,7896181901341.0,Cloridrato de Ciclobenzaprina 10mg Genérico Biosintética 30 Comprimidos,"40,57","16,13",-60.2%,"16,13",-60.2%
FarmaPonte,Esgotado,293.0,13,0.0,Estreva 1mg/g Farma Vision 50g Gel,0,0,0,0,0
FarmaPonte,Esgotado,293.0,12,0.0,"Duo De Sombras Para Sobrancelha Essence Brow Powder Cor 02 2,3g",0,0,0,0,0
Drogaria São Paulo,Disponível,293.0,13,7899547521306.0,Mirtazapina 30mg Genérico Prati-Donaduzzi 30 Comprimidos,"161,83","66,82",-58.7%,"66,82",-58.7%
FarmaPonte,Esgotado,293.0,13,0.0,Spray Amend Valorize  Forte  400ml,0,0,0,0,0
FarmaPonte,Esgotado,293.0,14,0.0,"Fórmula Infantil Nestogeno 1 1,2Kg",0,0,0,0,0
Drogaria São Paulo,Disponível,293.0,13,7898927564148.0,Cloridrato de Trazodona 50mg Genérico Zydus Nikkho 60 Comprimidos,"69,78","38,84",-44.3%,"38,84",-44.3%
FarmaPonte,Esgotado,293.0,14,0.0,"Lynax 30g Myralis 1 Bisnaga com 30g + Aplicadores Descartáveis de 2,5g",0,0,0,0,0
FarmaPonte,Esgotado,293.0,13,0.0,Retoque Instantâneo Spray Koleston Preto 100ml,0,0,0,0,0
FarmaPonte,Esgotado,293.0,13,0.0,Mari Maria Creamy Matte - Batom Liquido 4ml - Hazel Nude,0,0,0,0,0
FarmaPonte,Esgotado,293.0,14,0.0,Barra de Proteína Bold Cookies & Cream 60g,0,0,0,0,0
Drogaria São Paulo,Disponível,293.0,13,7896637029032.0,Insit 25mg Apsen 30 Cápsulas Duras,"34,95","31,59",-9.6%,"31,59",-9.6%
Drogaria São Paulo,Disponível,293.0,13,7896658004704.0,Nevrix 100mg + 100mg + 5000mcg Arese 20 Comprimidos,"20,18","16,99",-15.8%,"16,99",-15.8%
FarmaPonte,Esgotado,293.0,15,0.0,Pasta de Dente Gel Infantil Malvatrikids Anticáries Tutti Frutti 85g,0,0,0,0,0
FarmaPonte,Esgotado,293.0,13,0.0,Pincel para Base Real Techniques Expert Face Laranja,0,0,0,0,0
Drogaria São Paulo,Disponível,293.0,12,7896226108926.0,Dozemast 1.000mcg Marjan Farma 30 Comprimidos,"104,46","76,22",-27.0%,"76,22",-27.0%
FarmaPonte,Esgotado,293.0,13,0.0,Barra De Proteína Ever Nutri Cookies 40g,0,0,0,0,0
Drogaria São Paulo,Disponível,293.0,13,7891317134303.0,Fumarato de Quetiapina 50mg Genérico Eurofarma 30 Comprimidos,"267,98","110,99",-58.6%,"110,99",-58.6%
FarmaPonte,Esgotado,293.0,12,0.0,Lençol TNT com Elástico Kolplast TNT com Elástico,0,0,0,0,0
FarmaPonte,Esgotado,293.0,13,0.0,Creme Facial Nivea Nutritivo Nivea 100g,0,0,0,0,0
FarmaPonte,Esgotado,293.0,12,0.0,Kit Elseve Liso dos Sonhos Shampoo 375ml + Condicionador 170ml,0,0,0,0,0
FarmaPonte,Esgotado,292.0,12,0.0,Chocolate Garoto Talento Ao Leite Com Castanha-do-pará 85g,0,0,0,0,0
Drogaria São Paulo,Disponível,292.0,13,7898029556812.0,"Natrilix SR 1,5mg Servier 60 comprimidos","87,91","82,99",-5.6%,"82,99",-5.6%
FarmaPonte,Esgotado,292.0,12,0.0,Brinco Studex Daisy Cristal Rosé Ouro 1 Par,0,0,0,0,0
Drogaria São Paulo,Disponível,292.0,13,7898569766610.0,Vitamina D3 50000UI Althaia 8 Cápsulas,"21,09","17,59",-16.6%,"17,59",-16.6%
Drogaria São Paulo,Disponível,292.0,13,7897316802212.0,Colírio Pred-Fort 10mg/ml Allergan 5ml,"31,80","30,59",-3.8%,"30,59",-3.8%
FarmaPonte,Esgotado,292.0,13,0.0,Absorvente Interno Intimus Sport Super c/Aplicador 8 Unidades,0,0,0,0,0
FarmaPonte,Esgotado,292.0,12,0.0,Absorvente Interno Intimus® Discreto Médio 16 Unidades,0,0,0,0,0
FarmaPonte,Esgotado,292.0,14,0.0,Barra de Proteína Línea Cookies'n Cream 32g,0,0,0,0,0
FarmaPonte,Esgotado,292.0,13,0.0,Brinco Antialérgico Studex Cristal Pequeno Dourado,0,0,0,0,0
FarmaPonte,Esgotado,292.0,15,0.0,Creme Depilatório Depilsam Men Corporal Masculino 150g,0,0,0,0,0
FarmaPonte,Esgotado,292.0,12,0.0,Icacort 1mg/g + 10mg/g Leo Pharma 30g Creme,0,0,0,0,0
FarmaPonte,Esgotado,292.0,13,0.0,Kit Esponja de Maquiagem Flat Drop Océane Edition (2 Produtos),0,0,0,0,0
FarmaPonte,Esgotado,292.0,13,0.0,Desinchá Frutas Vermelhas 10sch 15g,0,0,0,0,0
FarmaPonte,Esgotado,292.0,12,0.0,Bauny - Batom Líquido Matte Vegano 5ml - Cor 020,0,0,0,0,0
FarmaPonte,Esgotado,292.0,14,0.0,Barra De Proteína YoPRO Chocolate Nutrata 55g,0,0,0,0,0
Drogaria São Paulo,Disponível,292.0,12,7896714214405.0,Naproxeno Sódico 550mg Genérico Neo Química 10 Comprimidos,"27,10","18,40",-32.1%,"18,40",-32.1%
FarmaPonte,Esgotado,292.0,15,0.0,Tergencal 200ml - Biodinâmica,0,0,0,0,0
FarmaPonte,Esgotado,292.0,14,0.0,Kit Gillette Venus 4 Aparelhos Descartáveis Para Depilar Suave + 2 Intima,0,0,0,0,0
FarmaPonte,Esgotado,292.0,13,0.0,"Hidratante Labial Beta Menta 9,5g",0,0,0,0,0
FarmaPonte,Esgotado,292.0,14,0.0,Fio Dental Reach Expansion Plus Extra Fino 50m - Johnson & Johnson,0,0,0,0,0
Drogaria São Paulo,Disponível,292.0,13,7897337716543.0,"Nasonex 0,05mg/g Organon 120 Atomizações Solução Nasal","70,46","57,59",-18.3%,"57,59",-18.3%
FarmaPonte,Esgotado,292.0,14,0.0,Óleo Capilar Herbal Essences Babosa & Óleo de Argan 100ml,0,0,0,0,0
FarmaPonte,Esgotado,292.0,12,0.0,Condicionador Huggies Kids Brilho Mágico 360ml,0,0,0,0,0
Drogaria São Paulo,Disponível,292.0,12,7896676430516.0,Amytril 10mg Supera 30 Comprimidos,"191,63","159,99",-16.5%,"159,99",-16.5%
FarmaPonte,Esgotado,292.0,14,0.0,Adoçante Forno E Fogao Tanto Quanto Lowçucar 95G,0,0,0,0,0
FarmaPonte,Esgotado,292.0,14,0.0,Spray Finalizador Geléia Real 300ml P/ Cães e Gatos Smell Fresh,0,0,0,0,0
FarmaPonte,Esgotado,292.0,12,0.0,Presília para Cabelos Tic Tac Zalike Preto 6cm 6 Unidades,0,0,0,0,0
FarmaPonte,Esgotado,292.0,12,0.0,"Dexmine 0,05mg/ml + 0,4mg/ml Cimed 120ml Xarope",0,0,0,0,0
Drogaria São Paulo,Disponível,292.0,13,7894916141499.0,Dexametasona 4mg Genérico Legrand 10 Comprimidos,"15,76","9,59",-39.1%,"9,59",-39.1%
FarmaPonte,Esgotado,292.0,12,0.0,Cílios Postiços Longo Natural Absolute New York Pack Tanjanite 504 Preto 5 Pares,0,0,0,0,0
FarmaPonte,Esgotado,292.0,14,0.0,Shampoo Para Barba H2O Evolution Homem 200ml,0,0,0,0,0
FarmaPonte,Esgotado,292.0,13,0.0,Escova Dental Extramacia Sensitive Oral-B Pro-Saúde Indicator Black 2 Unidades,0,0,0,0,0
FarmaPonte,Esgotado,292.0,15,0.0,Pomada Calmante para Bebês Vick BabyRub 12g,0,0,0,0,0
Drogaria São Paulo,Disponível,291.0,14,7895296280143.0,Alprazolam 1mg Genérico Nova Química 30 Comprimidos,"31,02","9,99",-67.8%,"9,99",-67.8%
FarmaPonte,Esgotado,291.0,12,0.0,Curvador de Cílios Corpus,0,0,0,0,0
FarmaPonte,Esgotado,291.0,12,0.0,Água Boricada Ever Care 100ml - Água Boricada 3% Ever Care 100ml,0,0,0,0,0
FarmaPonte,Esgotado,291.0,13,0.0,Óleo De Rosa Mosqueta Musquée 50ml,0,0,0,0,0
Drogaria São Paulo,Disponível,291.0,12,7897595610096.0,Alendronato Sódio 70mg Genérico Sandoz 8 Comprimidos,"31,99","20,99",-34.4%,"20,99",-34.4%
Drogaria São Paulo,Disponível,291.0,12,7894916503754.0,Aglucose 50mg Brace Pharma 30 comprimidos,"44,36","41,37",-6.7%,"41,37",-6.7%
FarmaPonte,Esgotado,291.0,13,0.0,Óleo Capilar Elixir Queratina Beautycolor 40ml,0,0,0,0,0
FarmaPonte,Esgotado,291.0,14,0.0,Pomada Bio Extratus Silitan  40g,0,0,0,0,0
FarmaPonte,Esgotado,291.0,14,0.0,Kit Seda Limpeza Micelar Flor De Lotus By Niina Secrets Shampoo + Condicionador 325ml,0,0,0,0,0
FarmaPonte,Esgotado,291.0,13,0.0,Reparador De Pontas Tutano Vegetal Haskell 35ml,0,0,0,0,0
Drogaria São Paulo,Disponível,291.0,13,7896112110576.0,Propranolol 40mg EMS 30 Comprimidos,"6,66","3,95",-40.7%,"3,95",-40.7%
FarmaPonte,Esgotado,291.0,13,0.0,Cílios Postiços Longo Natural Absolute New York Pack Tanjanite 505 Preto 5 Pares,0,0,0,0,0
Drogaria São Paulo,Disponível,291.0,12,7891317457211.0,"Olsar H 20mg + 12,5mg Eurofarma 30 Comprimidos","60,16","52,46",-12.8%,"52,46",-12.8%
FarmaPonte,Esgotado,291.0,16,0.0,Cílios Ricca Fios Sintéticos Vol 2 Longo 1 Par,0,0,0,0,0
FarmaPonte,Esgotado,291.0,14,0.0,Piranha para Cabelo Ever You Tradicional Pequena 2 Unidades,0,0,0,0,0
Drogaria São Paulo,Disponível,291.0,12,7896004703954.0,"Repópil 2mg + 0,035mg Legrand 21 Comprimidos","27,55","23,06",-16.3%,"23,06",-16.3%
FarmaPonte,Esgotado,291.0,14,0.0,Fio Dental Edel White Encerada 70m,0,0,0,0,0
FarmaPonte,Esgotado,291.0,12,0.0,Suavicid 40g Legrand Pharma 15g,0,0,0,0,0
Drogaria São Paulo,Disponível,291.0,12,7891317014261.0,"Atrace 37,5mg + 325mg Momenta Farma 10 Comprimidos","38,39","33,25",-13.4%,"33,25",-13.4%
FarmaPonte,Esgotado,291.0,12,0.0,Hemospon Pattern Photo Gel A1 - Maquira - Hemospon Pattern Photo Gel A1 com 1 Seringa com 3g e 3 Ponteiras - Maquira,0,0,0,0,0
FarmaPonte,Esgotado,291.0,12,0.0,Vo2 Gel X-Caffeine Tangerina 10un Integralmédica,0,0,0,0,0
FarmaPonte,Esgotado,291.0,14,0.0,Bolsa Térmica Gel Gato,0,0,0,0,0
FarmaPonte,Esgotado,291.0,14,0.0,Creme Facial Nivea Antissinais Q10 Power Dia FPS30 50g,0,0,0,0,0
Drogaria São Paulo,Disponível,291.0,12,7896714234885.0,Bissulfato de Clopidogrel 75mg Genérico Neo Química 14 Comprimidos,"60,56","23,59",-61.0%,"23,59",-61.0%
Drogaria São Paulo,Disponível,291.0,16,7891268100228.0,Aldactone 50mg Pfizer 30 Comprimidos,"70,44","65,16",-7.5%,"65,16",-7.5%
Drogaria São Paulo,Disponível,291.0,13,7895296014014.0,Cloridrato De Tramadol 50mg Genérico Nova Química 10 Cápsulas,"33,33","10,99",-67.0%,"10,99",-67.0%
FarmaPonte,Esgotado,291.0,14,0.0,Ampola Tratamento Capilar Óleo De Coco Skafe  10ml,0,0,0,0,0
FarmaPonte,Esgotado,291.0,13,0.0,Biscoito Cookie Vegano Mundo Verde Seleção Integral Maça Com Canela 30g,0,0,0,0,0
Drogaria São Paulo,Disponível,291.0,15,7898569766610.0,Vitamina D3 7000UI Althaia 8 Cápsulas,"21,09","17,59",-16.6%,"17,59",-16.6%
Drogaria São Paulo,Disponível,291.0,13,7897129301223.0,Micolamina 10mg/g Theraskin 20g Creme,"98,80","85,63",-13.3%,"85,63",-13.3%
FarmaPonte,Esgotado,291.0,15,0.0,"Chá da Frozen Frutas Vermelhas 15sch 22,5g",0,0,0,0,0
FarmaPonte,Esgotado,290.0,14,0.0,Água Autobronzeadora Corporal Skelt Red Carpet Glow 150ml,0,0,0,0,0
Drogaria São Paulo,Disponível,290.0,13,7896004755342.0,Rosuvastatina Cálcica 5mg Genérico EMS 60 Comprimidos,"141,73","33,58",-76.3%,"33,58",-76.3%
FarmaPonte,Esgotado,290.0,12,0.0,Absorvente Externo Sempre Livre Adapt Cobertura Suave com Abas 16 Unidades,0,0,0,0,0
FarmaPonte,Esgotado,290.0,12,0.0,Kit Lenço Umedecido Neve Toque De Seda 4 Pacotes com 48 Unidades,0,0,0,0,0
FarmaPonte,Esgotado,290.0,17,0.0,Máscara de Tratamento Pantene Booster Colágeno Proteção Pré e Pós 90ml,0,0,0,0,0
FarmaPonte,Esgotado,290.0,12,0.0,Preservativo Camisinha Masculina Jontex Lubrificado 24 Unidades,0,0,0,0,0
Drogaria São Paulo,Disponível,290.0,12,7894916140423.0,Pantoprazol Sódico Sesqui-Hidratado 20mg Genérico Legrand 28 Comprimidos,"31,22","14,99",-52.0%,"14,99",-52.0%
FarmaPonte,Esgotado,290.0,13,0.0,"Pó Solto Fixador De Maquiagem Essence Fix & Last 14h 9,5g",0,0,0,0,0
FarmaPonte,Esgotado,290.0,13,0.0,Cílios Postiços Longo Natural Absolute New York Eternity Ruby 001 Preto 1 Par,0,0,0,0,0
Drogaria São Paulo,Disponível,290.0,12,7896004754031.0,Cloridrato De Duloxetina 30mg Genérico Germed 30 Cápsulas,"69,59","54,99",-21.0%,"54,99",-21.0%
Drogaria São Paulo,Disponível,290.0,12,7897076922397.0,Gliclazida 30mg Genérico Ranbaxy 30 comprimidos de liberação prolongada,"49,69","29,20",-41.2%,"29,20",-41.2%
Drogaria São Paulo,Disponível,290.0,13,7894916341288.0,Lorazepam 2mg Genérico Legrand 30 Comprimidos,"26,94","12,99",-51.8%,"12,99",-51.8%
FarmaPonte,Esgotado,290.0,12,0.0,"Bombom Dadinho Black Cacau 16,5g",0,0,0,0,0
Drogaria São Paulo,Disponível,290.0,13,7896181926641.0,Minoxidil 50mg/ml Genérico Biosintética 50ml Spray,"113,86","53,54",-53.0%,"53,54",-53.0%
FarmaPonte,Esgotado,290.0,13,0.0,"Livanel 11mg + 3,474mg (0,120mg + 0,015mg) Abbott 1 Anel Vaginal",0,0,0,0,0
FarmaPonte,Esgotado,290.0,13,0.0,"Psorex 0,5mg/g GSK 50g Loção",0,0,0,0,0
FarmaPonte,Esgotado,290.0,12,0.0,Aparelho de Depilar Gillette Venus Spa 1 Unidade,0,0,0,0,0
FarmaPonte,Esgotado,290.0,14,0.0,Bauny Efeito Matte - Base Facial Vegana 27g - Matte Cor 030,0,0,0,0,0
Drogaria São Paulo,Disponível,290.0,12,7895296048057.0,Domperidona 10mg Genérico Nova Quimica 60 Comprimidos,"42,63","15,99",-62.5%,"15,99",-62.5%
Drogaria São Paulo,Disponível,290.0,12,7896006216544.0,Cefalexina 500mg Genérico União Química 10 Cápsulas Gelatinosas,"38,97","12,39",-68.2%,"12,39",-68.2%
FarmaPonte,Esgotado,290.0,13,0.0,Mousse Modelador para Cabelos Charming Special Black 140ml,0,0,0,0,0
Drogaria São Paulo,Disponível,290.0,14,7895858010324.0,Angiopril 10mg Diffucap 30 Comprimidos,"23,65","22,07",-6.7%,"22,07",-6.7%
Drogaria São Paulo,Disponível,290.0,12,7896112416142.0,Ancoron 100mg LIBBS 60 Comprimidos,"208,19","206,09",-1.0%,"206,09",-1.0%
FarmaPonte,Esgotado,290.0,13,0.0,Kit Adoçante Líquido Linea Sucralose 60ml + 60ml,0,0,0,0,0
Drogaria São Paulo,Disponível,290.0,12,7891317422028.0,Nimesulida 100mg Genérico Eurofarma 12 Comprimidos,"21,04","4,95",-76.5%,"4,95",-76.5%
Drogaria São Paulo,Disponível,290.0,12,7896181918431.0,Pantoprazol 20mg Genérico Biosintética 42 Comprimidos Revestidos,"68,11","23,09",-66.1%,"23,09",-66.1%
Drogaria São Paulo,Disponível,290.0,13,7898272945692.0,Olmy 20mg Brace Pharma 30 Comprimidos,"1327,01","19,90",-98.5%,"19,90",-98.5%
Drogaria São Paulo,Disponível,290.0,14,7891317030070.0,"Citobê-Dexa 100mg/ml + 100mg/ml + 5mg + 4,37mg Eurofarma 3 ampolas com 1ml + 3 ampolas com 2ml Solução Intramuscular","46,66","40,79",-12.6%,"40,79",-12.6%
FarmaPonte,Esgotado,290.0,12,0.0,Leave-in Braé Revival 200 ml,0,0,0,0,0
FarmaPonte,Esgotado,290.0,13,0.0,Protetor Solar Facial Sunless FPS50 Toque Seco 60g,0,0,0,0,0
FarmaPonte,Esgotado,290.0,13,0.0,Creme para Mãos Nivea Q10 Plus Reparação 75g,0,0,0,0,0
FarmaPonte,Esgotado,290.0,13,0.0,Vizzela Pó Compacto Vegano 02 - Pó Matte 9g,0,0,0,0,0
FarmaPonte,Esgotado,290.0,15,0.0,Atentah 18mg Apsen 30 Cápsulas,0,0,0,0,0
FarmaPonte,Esgotado,290.0,12,0.0,Água Micelar Higiporo Todos os Tipos de Pele 120ml - Davene,0,0,0,0,0
FarmaPonte,Esgotado,290.0,14,0.0,Água Micelar Bifásica L'Oréal Paris Solução de Limpeza 5 em 1 200ml,0,0,0,0,0
FarmaPonte,Esgotado,290.0,12,0.0,Óleo Corporal Hidramais Ameixa Negra & Vitamina E 120ml,0,0,0,0,0
FarmaPonte,Esgotado,290.0,13,0.0,Composto Lácteo NINHO® Zero Lactose 700g,0,0,0,0,0
FarmaPonte,Esgotado,290.0,13,0.0,Tubo Fisioterápico Fisiopauher - Ref. Fg 03 - Ortho Pauher,0,0,0,0,0
Drogaria São Paulo,Disponível,290.0,14,7898029552135.0,Diamicron MR 30mg Servier 60 Comprimidos,"105,30","99,59",-5.4%,"99,59",-5.4%
FarmaPonte,Esgotado,290.0,12,0.0,Máscara Para Cílios Preta – Drama Lash Océane Edition 6g,0,0,0,0,0
FarmaPonte,Esgotado,290.0,12,0.0,Betnovate 1mg/g GSK 30g Creme,0,0,0,0,0
FarmaPonte,Esgotado,290.0,12,0.0,Sabonete em Barra Protex Aveia 85g 6 unidades,0,0,0,0,0
FarmaPonte,Esgotado,290.0,13,0.0,Condicionador Eudora Siàge Acelera o Crescimento 200ml,0,0,0,0,0
FarmaPonte,Esgotado,290.0,13,0.0,Tônico Capilar Nectavita Mandioca Haskell 35ml,0,0,0,0,0
FarmaPonte,Esgotado,290.0,12,0.0,Óleo Capilar Elixir Babosa Beautycolor 40ml,0,0,0,0,0
Drogaria São Paulo,Disponível,289.0,12,7899095201972.0,Albel 40mg/5ml Geolab 10ml Suspensão Oral,"12,53","10,19",-18.7%,"10,19",-18.7%
FarmaPonte,Esgotado,289.0,14,0.0,Água Mineral Crystal Sem Gás 500ml,0,0,0,0,0
FarmaPonte,Esgotado,289.0,13,0.0,Creme Depilatório Corporal Depilsam Aloe Vera 200G,0,0,0,0,0
FarmaPonte,Esgotado,289.0,13,0.0,Mamadeira Natural Kuka Color com Bico Ortodôntico Rosa 70ml 1567,0,0,0,0,0
FarmaPonte,Esgotado,289.0,12,0.0,Óleo Essencial Puro Ever Home Capim-Limão 10ml,0,0,0,0,0
Drogaria São Paulo,Disponível,289.0,13,7898216365449.0,"Aciclovir 30mg/g Genérico Pharlab 4,5g Pomada Oftálmica","84,90","56,99",-32.9%,"56,99",-32.9%
FarmaPonte,Esgotado,289.0,13,0.0,Base Líquida Matte Payot Retinol Cor 60 35 ml,0,0,0,0,0
Drogaria São Paulo,Disponível,289.0,12,7894916508933.0,Olmy 40mg Brace Pharma 30 Comprimidos,"99,56","99,56",-,"99,56",-
FarmaPonte,Esgotado,289.0,12,0.0,Kit Viagem Curaprox Escova Dental + Mini Creme Dental 10ml + Escova Interdental + Caixa - Kit Viagem Curaprox Escova Dental CS5460 + Mini Creme Dental 10ml + Escova Interdental + Caixa,0,0,0,0,0
Drogaria São Paulo,Disponível,289.0,13,7897595618573.0,Citrato de Sildenafila 25mg Genérico Sandoz 4 Comprimidos,"46,13","15,59",-66.2%,"15,59",-66.2%
Drogaria São Paulo,Disponível,289.0,14,7897337713382.0,Perola 75mcg Supera 28 Comprimidos,"49,93","46,52",-6.8%,"46,52",-6.8%
FarmaPonte,Esgotado,289.0,13,0.0,Shampoo Anticaspa Head & Shoulders Anticoceira 650ml,0,0,0,0,0
Drogaria São Paulo,Disponível,289.0,13,7896112114574.0,Fenitoina 100mg Genérico Teuto 30 comprimidos,"12,00","6,59",-45.1%,"6,59",-45.1%
FarmaPonte,Esgotado,289.0,12,0.0,"Suplemento Alimentar Sany D Vitaminas D e K2, Cálcio, Magnésio 30 Comprimidos Revestidos",0,0,0,0,0
FarmaPonte,Esgotado,289.0,14,0.0,Desinchá Noite Com 60 Sachês,0,0,0,0,0
FarmaPonte,Esgotado,289.0,13,0.0,"Brilho Labial Transparente Mariana Saad By Océane - Lip Gloss Lust 6,3g",0,0,0,0,0
FarmaPonte,Esgotado,289.0,15,0.0,Suplemento Alimentar Nutren Protein Baunilha 400g,0,0,0,0,0
FarmaPonte,Esgotado,289.0,13,0.0,Creme Depilatório Facial Depilsam Aloe Vera 50G,0,0,0,0,0
Drogaria São Paulo,Disponível,289.0,12,7896112121145.0,Tramal 50mg Grunenthal 10 cápsulas,"35,38","10,78",-69.5%,"10,78",-69.5%
FarmaPonte,Esgotado,289.0,15,0.0,Óleo e Sérum Capilar Bifásico Dove Bond Intense Repair 110ml,0,0,0,0,0
Drogaria São Paulo,Disponível,289.0,13,7896082900269.0,"Sinustrat 0,5mg/ml Biolab 10ml Solução Nasal","19,07","19,07",-,"19,07",-
Drogaria São Paulo,Disponível,289.0,12,7897595609892.0,Sinvastatina 40mg Genérico Sandoz 30 Comprimidos Revestidos,"146,86","17,99",-87.8%,"17,99",-87.8%
Drogaria São Paulo,Disponível,289.0,14,7896112148715.0,Omeprazol 20mg Genérico Teuto 28 Cápsulas,"31,28","11,70",-62.6%,"11,70",-62.6%
FarmaPonte,Esgotado,289.0,12,0.0,BB Cream Vizzela FPS30 Cor 02 35g,0,0,0,0,0
FarmaPonte,Esgotado,289.0,12,0.0,Cera Rol Depi Roll Tampa Fixa - Rosa - 100g,0,0,0,0,0
FarmaPonte,Esgotado,289.0,12,0.0,Lenço Umedecido Intimus Defesas Naturais 16 Unidades,0,0,0,0,0
FarmaPonte,Esgotado,289.0,12,0.0,Frutose Lowçucar Refil 500G,0,0,0,0,0
Drogaria São Paulo,Disponível,288.0,12,7897076913289.0,Oxalato de Escitalopram 10mg Genérico Ranbaxy 28 Comprimidos,"120,07","22,59",-81.2%,"22,59",-81.2%
Drogaria São Paulo,Disponível,288.0,12,7894916141567.0,Cloridrato de Fluoxetina 20mg Genérico Legrand 30 Comprimidos,"57,81","9,44",-83.7%,"9,44",-83.7%
FarmaPonte,Esgotado,288.0,14,0.0,Barra de cereal sabor cappuccino 20g - NUTRY,0,0,0,0,0
Drogaria São Paulo,Disponível,288.0,14,7891058006389.0,Puran T4 200mcg Sanofi 30 Comprimidos,"14,39","14,39",-,"14,39",-
Drogaria São Paulo,Disponível,288.0,12,7896226102542.0,Iccor 5mg Torrent 30 Comprimidos,"35,41","30,37",-14.2%,"30,37",-14.2%
Drogaria São Paulo,Disponível,288.0,13,7891317137359.0,Celecoxibe 200mg Genérico Eurofarma 10 Cápsulas,"49,68","21,08",-57.6%,"21,08",-57.6%
Drogaria São Paulo,Disponível,288.0,12,7896181922667.0,"Desloratadina 0,5mg/mL Genérico Biosintética 100ml","69,64","33,59",-51.8%,"33,59",-51.8%
FarmaPonte,Esgotado,288.0,13,0.0,Best Whey Protein Ball Duo 50g,0,0,0,0,0
Drogaria São Paulo,Disponível,288.0,12,7894916146012.0,Rosuvastatina Cálcica 20mg Genérico Legrand 30 Comprimidos,"198,59","30,44",-84.7%,"30,44",-84.7%
FarmaPonte,Esgotado,288.0,12,0.0,Saco para Leite Materno Buba 200ml - 25 unidades,0,0,0,0,0
Drogaria São Paulo,Disponível,288.0,13,7896094203075.0,Lorax 1mg Pfizer-Whitehall 30 Comprimidos,"89,18","60,58",-32.1%,"60,58",-32.1%
FarmaPonte,Esgotado,288.0,12,0.0,"Cicloprimogyna 2mg + 2mg + 0,25mg Bayer 21 Drágeas",0,0,0,0,0
FarmaPonte,Esgotado,288.0,13,0.0,Batom Líquido Matte Fran by Franciny Ehlke Delicate 5 ml,0,0,0,0,0
FarmaPonte,Esgotado,288.0,12,0.0,Mamadeira Kuka Aquarela Big Orto Com Alça Branca 330ml,0,0,0,0,0
Drogaria São Paulo,Disponível,288.0,13,7897129300509.0,"Vitacid 0,5mg/g Theraskin 25g Creme","65,10","59,67",-8.3%,"59,67",-8.3%
FarmaPonte,Esgotado,288.0,12,0.0,Cílios Ricca Fios Sintéticos Vol 2 Médio Curto 1 Par,0,0,0,0,0
FarmaPonte,Esgotado,288.0,12,0.0,Shampoo Antiqueda Tio Nacho Antigrisalho 415ml,0,0,0,0,0
FarmaPonte,Esgotado,288.0,12,0.0,Piranha de Cabelo Zalike Acrílico MIni Animal 2cm 2 Unidades,0,0,0,0,0
Drogaria São Paulo,Disponível,288.0,14,7897076912190.0,Domperidona 10mg Genérico Ranbaxy 60 Comprimidos,"35,74","15,59",-56.4%,"15,59",-56.4%
FarmaPonte,Esgotado,288.0,13,0.0,Kit Lenço Umedecido Granado Bebê Tradicional 4 Pacotes de 50 Unidades,0,0,0,0,0
Drogaria São Paulo,Disponível,288.0,13,7896658016677.0,Rusovas 10mg Brace Pharma 30 Comprimidos Revestidos,"51,91","47,81",-7.9%,"47,81",-7.9%
FarmaPonte,Esgotado,288.0,13,0.0,Escova para Cabelo Ricca Shampoo Brush 1 Unidade,0,0,0,0,0
Drogaria São Paulo,Disponível,288.0,14,7896023743009.0,Ginkoba 80mg Zydus 30 Comprimidos Revestidos,"24,67","24,42",-1.0%,"24,42",-1.0%
FarmaPonte,Esgotado,288.0,13,0.0,Kit Máscara Facial Esfoliante de Aveia e Abacate (2 Produtos) Océane,0,0,0,0,0
Drogaria São Paulo,Disponível,288.0,13,7895296449274.0,Sinvastatina 20mg Genérico Nova Química 30 Comprimidos,"18,18","10,09",-44.5%,"10,09",-44.5%
Drogaria São Paulo,Disponível,288.0,12,7896714274058.0,Cloridrato De Amitriptilina 25mg Genérico Neo Química 30 Comprimidos,"21,54","12,99",-39.7%,"12,99",-39.7%
FarmaPonte,Esgotado,288.0,13,0.0,"Bimagan 0,3mg/ml Geolab 3ml",0,0,0,0,0
Drogaria São Paulo,Disponível,288.0,12,7895296444897.0,Topiramato 100mg Genérico Nova Química 60 Comprimidos Revestidos,"272,71","65,72",-75.9%,"65,72",-75.9%
FarmaPonte,Esgotado,288.0,12,0.0,Refrigerante Coca Cola Original 2L,0,0,0,0,0
Drogaria São Paulo,Disponível,288.0,12,7897337704984.0,Arcoxia 90mg Supera RX 7 Comprimidos,"85,74","80,49",-6.1%,"80,49",-6.1%
FarmaPonte,Esgotado,288.0,12,0.0,CERA DEPILATÓRIA BANDEJA TRADICIONAL MENTA 1KG - Cera Depilatória Bandeja Tradicional Menta 1KG,0,0,0,0,0
Drogaria São Paulo,Disponível,288.0,12,7898146821633.0,Succinato de Sumatriptana 50mg Genérico Biolab 2 Comprimidos,"28,50","19,99",-29.9%,"19,99",-29.9%
Drogaria São Paulo,Disponível,288.0,14,7891317021924.0,Mobale 150mg Momenta Farma 30 Cápsulas,"105,05","86,59",-17.6%,"86,59",-17.6%
Drogaria São Paulo,Disponível,288.0,13,7895296043069.0,Isotretinoína 10mg Genérico Nova Química 30 Comprimidos,"143,84","64,99",-54.8%,"64,99",-54.8%
Drogaria São Paulo,Disponível,288.0,12,7896422500500.0,Fumarato De Quetiapina 25mg Genérico Medley 30 Comprimidos,"77,89","19,52",-74.9%,"19,52",-74.9%
FarmaPonte,Esgotado,288.0,13,0.0,Kit Go Mr. Wild Shampoo 2 Em 1 140ml + Balm Para Barba E Cabelo 90g + Necessaire,0,0,0,0,0
FarmaPonte,Esgotado,287.0,14,0.0,Algodao Ricca Discos C/50-3218,0,0,0,0,0
FarmaPonte,Esgotado,287.0,12,0.0,Deprasil 60mg Cristália 30 Cápsulas Duras,0,0,0,0,0
Drogaria São Paulo,Disponível,287.0,12,7896226506388.0,Prolopa BD 100mg + 25mg Roche 60 Comprimidos,"131,38","101,99",-22.4%,"101,99",-22.4%
FarmaPonte,Esgotado,287.0,12,0.0,Água Sem Gas Crystal 1lt,0,0,0,0,0
Drogaria São Paulo,Disponível,287.0,13,7897595605276.0,"Amoxicilina 250mg/5ml + Clavulanato de Potássio 62,5mg/5ml Genérico Sandoz 75ml Suspensão","75,76","36,22",-52.2%,"36,22",-52.2%
Drogaria São Paulo,Disponível,287.0,12,7896006231127.0,Desogestrel 75mcg Genérico Uniao Quimica 84 Comprimidos Revestidos,"86,55","61,57",-28.9%,"61,57",-28.9%
FarmaPonte,Esgotado,287.0,12,0.0,Fio Dental Extrafino Hillo 100m,0,0,0,0,0
FarmaPonte,Esgotado,287.0,13,0.0,Óleo Essencial Puro Ever Home Laranja-Doce 10ml,0,0,0,0,0
FarmaPonte,Esgotado,287.0,14,0.0,Escova de Banho Ever Care 1 Unidade,0,0,0,0,0
Drogaria São Paulo,Disponível,287.0,13,7891142981356.0,Predsim 20mg Mantecorp Farmasa 20 Comprimidos Revestidos,"77,98","72,99",-6.4%,"72,99",-6.4%
FarmaPonte,Esgotado,287.0,14,0.0,Bico Mamadeira Phillips Avent Clássico Anti Cólica Número 4 2 Unidades,0,0,0,0,0
FarmaPonte,Esgotado,287.0,13,0.0,Shampoo Dove Baby Hidratação Enriquecida Cabelos Cacheados 200ml,0,0,0,0,0
FarmaPonte,Esgotado,287.0,13,0.0,Aparelho de Depilação Corporal Gillette Mach3 Corpo com Barras Umectantes 1 Unidade,0,0,0,0,0
Drogaria São Paulo,Disponível,287.0,13,7896004714196.0,"Microdiol 0,15mg + 0,03mg Organon 21 Comprimidos","12,99","10,99",-15.4%,"10,99",-15.4%
FarmaPonte,Esgotado,287.0,14,0.0,Pós-Sol Geleia Corporal Lola Cosmetics Be(m)dita Praia 200ml,0,0,0,0,0
FarmaPonte,Esgotado,287.0,14,0.0,Minoxidil 5%  mais Propilenoglicol 120ml,0,0,0,0,0
Drogaria São Paulo,Disponível,287.0,12,7891317004071.0,Predsim 5mg Cosmed 10 Comprimidos,"11,38","10,59",-6.9%,"10,59",-6.9%
Drogaria São Paulo,Disponível,287.0,13,7899095249325.0,Fluconazol 150mg Genérico Geolab 2 Cápsulas Duras,"24,09","5,34",-77.8%,"5,34",-77.8%
Drogaria São Paulo,Disponível,287.0,14,7898906376465.0,Tiorfan 30mg Bago 18 sachês,"65,13","56,99",-12.5%,"56,99",-12.5%
FarmaPonte,Esgotado,287.0,13,0.0,Biozinc 10mg Aché 15ml,0,0,0,0,0
FarmaPonte,Esgotado,287.0,12,0.0,Cera Depilatória Algas com Menta - Depil Bella -  1kg,0,0,0,0,0
FarmaPonte,Esgotado,287.0,12,0.0,Fórmula Infantil NAN Comfor HMO de 0 a 6 Meses 400g,0,0,0,0,0
Drogaria São Paulo,Disponível,287.0,13,7897595630773.0,Mioflex A 50mg + 300mg + 125mg + 30mg Cosmed 12 Comprimidos,"13,80","9,10",-34.1%,"9,10",-34.1%
Drogaria São Paulo,Disponível,287.0,13,7899337000653.0,Myrafer 400mg Myralis 30 Comprimidos,"329,24","235,59",-28.4%,"235,59",-28.4%
FarmaPonte,Esgotado,287.0,12,0.0,Kit 2 Bicos de Mamadeira MAM Ortodôntico 3,0,0,0,0,0
Drogaria São Paulo,Disponível,287.0,12,7896004777795.0,Ivermectina 6mg Genérico Germed Pharma 2 Comprimidos,"20,02","9,59",-52.1%,"9,59",-52.1%
FarmaPonte,Esgotado,287.0,14,0.0,Biscoito Wafer Mundo Verde Seleção Recheio Coco Sem Gluten 50g,0,0,0,0,0
FarmaPonte,Esgotado,287.0,15,0.0,Fluxtar Sr 3mg Diffucap 30 Cápsulas,0,0,0,0,0
Drogaria São Paulo,Disponível,287.0,12,7897595601834.0,Citrato de Tamoxifeno 20mg Genérico Sandoz 30 comprimidos,"197,22","44,90",-77.2%,"44,90",-77.2%
FarmaPonte,Esgotado,287.0,14,0.0,Esponja Facial Ricca Konjac 1 Unidade,0,0,0,0,0
FarmaPonte,Esgotado,287.0,12,0.0,Preservativo Olla Prazer da Pele 4 Unidades,0,0,0,0,0
FarmaPonte,Esgotado,286.0,15,0.0,Adoçante Linea 100% Stevia Pó 6g 50 Envelopes,0,0,0,0,0
FarmaPonte,Esgotado,286.0,13,0.0,Adoçante Linea Xilitol Sachê 5g 250g,0,0,0,0,0
Drogaria São Paulo,Disponível,286.0,13,7891158000898.0,Depakene 500mg Abbott 50 Comprimidos Revestidos,"108,51","100,97",-6.9%,"100,97",-6.9%
Drogaria São Paulo,Disponível,286.0,12,7895296232081.0,Cloridrato de Sertralina 50mg Genérico Mepha 30 Comprimidos,"84,26","29,39",-65.1%,"29,39",-65.1%
Drogaria São Paulo,Disponível,286.0,14,7898581710448.0,"Rivotril 0,5mg Roche 30 Comprimidos","19,41","18,59",-4.2%,"18,59",-4.2%
FarmaPonte,Esgotado,286.0,13,0.0,POMADA MASSAGEADORA CANELA DE VELHO 150G BIO INSTINTO,0,0,0,0,0
Drogaria São Paulo,Disponível,286.0,13,7898216361595.0,"Digoxina 0,25mg Genérico Pharlab 20 Comprimidos","12,59","7,59",-39.7%,"7,59",-39.7%
FarmaPonte,Esgotado,286.0,13,0.0,True Protein Bar Caramelo True Source,0,0,0,0,0
FarmaPonte,Esgotado,286.0,12,0.0,Máscara para Cílios de Volume À Prova D'Água Essence I Love Extreme Preto 12 ml,0,0,0,0,0
FarmaPonte,Esgotado,286.0,14,0.0,Energético Monster Ultra 473ml,0,0,0,0,0
FarmaPonte,Esgotado,286.0,14,0.0,Mamadeira Natural Kuka Color com Bico Ortodôntico Azul 70ml 1566,0,0,0,0,0
FarmaPonte,Esgotado,286.0,14,0.0,Synthroid 75mcg Abbott 30 Cápsulas,0,0,0,0,0
FarmaPonte,Esgotado,286.0,12,0.0,Hixizine 2mg/ml Theraskin 120ml Xarope,0,0,0,0,0
Drogaria São Paulo,Disponível,286.0,15,7893454714486.0,Tanderalgin 125mg + 50mg + 300mg + 30mg Cellera 30 Comprimidos,"47,60","22,99",-51.7%,"22,99",-51.7%
Drogaria São Paulo,Disponível,286.0,14,7898927562052.0,Divalproato de Sódio 250mg Genérico Zydus 20 Comprimidos,"34,04","18,99",-44.2%,"18,99",-44.2%
FarmaPonte,Esgotado,286.0,14,0.0,Whey Protein Concentrado Pote 450G Dux Nutrition Chocolate - 450G,0,0,0,0,0
FarmaPonte,Esgotado,286.0,13,0.0,Suplemento Alimentar Adulto Materna Ômega 3 30 Unidades,0,0,0,0,0
FarmaPonte,Esgotado,286.0,13,0.0,Creme Hidratante Plus DiabetTX 10% Uréia Alivia o Ressecamentextremo e Aspereza Intensa 250g,0,0,0,0,0
FarmaPonte,Esgotado,286.0,13,0.0,Removedor para Autobronzeador Skelt Red Carpet Glow Spray 150ml,0,0,0,0,0
FarmaPonte,Esgotado,286.0,12,0.0,Lowell Liso Mágico - Óleo Disciplinante 30ml,0,0,0,0,0
FarmaPonte,Esgotado,286.0,12,0.0,Esponja de Banho Ponjita 3M Bucha Vegetal,0,0,0,0,0
Drogaria São Paulo,Disponível,286.0,13,7891721003042.0,Sinvascor 10mg Baldacci 30 Comprimidos,"30,28","26,32",-13.1%,"26,32",-13.1%
FarmaPonte,Esgotado,286.0,12,0.0,Shampoo Eudora Siàge Acelera o Crescimento 250ml,0,0,0,0,0
Drogaria São Paulo,Disponível,286.0,12,7899095202771.0,Optilar 4mg/ml Gbio 5ml Solução Oftálmica Estéril,"45,94","43,29",-5.8%,"43,29",-5.8%
FarmaPonte,Esgotado,286.0,14,0.0,Gel Pós-Barba Pele Sensível H2O Evolution Homem 150g,0,0,0,0,0
Drogaria São Paulo,Disponível,286.0,13,7896112166221.0,Nitrofurantoína 100mg Genérico Teuto 28 Cápsulas,"10,47","7,34",-29.9%,"7,34",-29.9%
Drogaria São Paulo,Disponível,286.0,14,8902220106734.0,Lamitor CD 25mg Torrent 30 Comprimidos,"48,03","40,88",-14.9%,"40,88",-14.9%
FarmaPonte,Esgotado,286.0,14,0.0,Preservativo Blowtex Super Sensitive Aloe Vera 9 Unidades,0,0,0,0,0
FarmaPonte,Esgotado,286.0,12,0.0,Complemento Alimentar Ensure Protein Baunilha 220ml,0,0,0,0,0
FarmaPonte,Esgotado,286.0,13,0.0,Combo 2 Xô Frizz Modelador de Fios Forever Liss,0,0,0,0,0
FarmaPonte,Esgotado,286.0,12,0.0,Massa Tipo Espaguete Konjac 270g,0,0,0,0,0
FarmaPonte,Esgotado,286.0,14,0.0,Kit Protetor Solar Corporal Sundown Praia e Piscina FPS50 200ml + 120ml,0,0,0,0,0
FarmaPonte,Esgotado,285.0,12,0.0,Lápis para Sobrancelha Maybelline Master Shape Pencil Cinza,0,0,0,0,0
FarmaPonte,Esgotado,285.0,14,0.0,Manteiga Corporal Relaxante CBA Lola Cosmetics Chapada Que Já Foi Mar 240 ml,0,0,0,0,0
FarmaPonte,Esgotado,285.0,14,0.0,Algodão Hidrófilo Apolo - 100g,0,0,0,0,0
FarmaPonte,Esgotado,285.0,13,0.0,Pasta de Dente Colgate Luminous White Lovers Manchas de Café 70g,0,0,0,0,0
FarmaPonte,Esgotado,285.0,13,0.0,"Bepantriz Derma Regenerador Labial 7,5ml",0,0,0,0,0
Drogaria São Paulo,Disponível,285.0,13,7899547503333.0,"Maleato de Dexclorfeniramina 0,4mg/ml + Betametasona 0,05mg/ml Genérico Prati Donaduzzi 120ml Xarope","14,58","9,49",-34.9%,"9,49",-34.9%
FarmaPonte,Esgotado,285.0,14,0.0,Bico Lillo Ortodôntico Tam.2 +6 Meses 2 Unidades,0,0,0,0,0
FarmaPonte,Esgotado,285.0,14,0.0,Bico Direcionador para Secador 90° Graus - Bivolt - Taiff,0,0,0,0,0
Drogaria São Paulo,Disponível,285.0,12,7896658016677.0,Bravan 160mg Aché 30 Comprimidos Revestidos,"51,91","47,81",-7.9%,"47,81",-7.9%
Drogaria São Paulo,Disponível,285.0,12,7899420502330.0,Alpes XL 150mg Supera 30 Comprimidos Revestidos,"61,33","56,83",-7.3%,"56,83",-7.3%
FarmaPonte,Esgotado,285.0,12,0.0,Creme Depilatório Corporal Depimiel Com Argila Branca E Rosa Mosqueta 120g,0,0,0,0,0
Drogaria São Paulo,Disponível,285.0,12,7896472519033.0,Cefalexina Monoidratada 500mg Genérico Multilab 10 Comprimidos,"39,51","17,12",-56.7%,"17,12",-56.7%
Drogaria São Paulo,Disponível,285.0,14,7898328480498.0,Synthroid 112mcg Abbott 30 Comprimidos,"10838,98","8799,90",-18.8%,"8799,90",-18.8%
Drogaria São Paulo,Disponível,285.0,13,7891058002985.0,Insulina Apidra Solostar 100UI/ml Sanofi 1 Caneta Descartável 3ml,"48,59","44,99",-7.4%,"44,99",-7.4%
Drogaria São Paulo,Disponível,285.0,14,7896714275208.0,Ivermectina 6mg Genérico Neo Química 4 Comprimidos,"36,03","19,94",-44.7%,"19,94",-44.7%
FarmaPonte,Esgotado,285.0,12,0.0,Suplemento alimentar Materna Vitaminas & Minerais 30 unidades,0,0,0,0,0
FarmaPonte,Esgotado,285.0,13,0.0,Bala Skittles Original 38g,0,0,0,0,0
Drogaria São Paulo,Disponível,285.0,12,7896112158363.0,Ibupril 600mg Teuto 20 Comprimidos,"25,01","16,99",-32.1%,"16,99",-32.1%
FarmaPonte,Esgotado,285.0,15,0.0,Cera Fria Corporal Veet Peles Delicadas 12 Folhas,0,0,0,0,0
FarmaPonte,Esgotado,285.0,12,0.0,Spray Fixador Truss Sculpt Fix Extra Forte 500 ml,0,0,0,0,0
FarmaPonte,Esgotado,285.0,12,0.0,Bolsa Térmica Natural para Bebês Mercur,0,0,0,0,0
FarmaPonte,Esgotado,285.0,12,0.0,Máscara Capilar Nutrição Intensa Widi Care Juba Butter Oil 500g,0,0,0,0,0
FarmaPonte,Esgotado,285.0,12,0.0,Hidratante Labial Carmed Barbie 65 Rose Gold 10g,0,0,0,0,0
FarmaPonte,Esgotado,285.0,12,0.0,Creme Depilatório Depimiel Facial 40g,0,0,0,0,0
Drogaria São Paulo,Disponível,285.0,14,7896112425137.0,Vonau Flash 4mg Biolab 10 comprimidos,"26,40","25,31",-4.1%,"25,31",-4.1%
FarmaPonte,Esgotado,285.0,12,0.0,"Payot - Lápis para Sobrancelha 1,1g - Universal-Payot",0,0,0,0,0
Drogaria São Paulo,Disponível,285.0,13,7899095200449.0,Diclofenaco Sódico 50mg Genérico Geolab 20 Comprimidos,"18,04","7,59",-57.9%,"7,59",-57.9%
Drogaria São Paulo,Disponível,285.0,12,7897076911421.0,Donepezila 5mg Genérico Ranbaxy 30 comprimidos revestidos,"176,51","47,24",-73.2%,"47,24",-73.2%
FarmaPonte,Esgotado,285.0,14,0.0,Escova Dental Sanifill Pocket Macia Cores Sortidas 1 Unidade,0,0,0,0,0
Drogaria São Paulo,Disponível,285.0,12,7896112452775.0,Neural 100mg Cristália  30 Comprimidos,"45,57","37,41",-17.9%,"37,41",-17.9%
FarmaPonte,Esgotado,285.0,12,0.0,Aparelho de Barbear Gillette Derma Proteção 4 Unidades,0,0,0,0,0
FarmaPonte,Esgotado,285.0,13,0.0,Minoxidil  5% 100 mL BS Pharma,0,0,0,0,0
FarmaPonte,Esgotado,285.0,12,0.0,Aparelho Para Depilar Bic Soleil Escape Lavanda e Eucalipto 3 Unidades,0,0,0,0,0
FarmaPonte,Esgotado,285.0,13,0.0,Demaquilante Nivea Bifásico 125ml,0,0,0,0,0
FarmaPonte,Esgotado,285.0,13,0.0,Bauny Efeito Matte - Base Facial Vegana 27g - Matte Cor 070,0,0,0,0,0
FarmaPonte,Esgotado,285.0,14,0.0,Nutridrink Protein Senior Café com Leite Danone 750g,0,0,0,0,0
FarmaPonte,Esgotado,285.0,12,0.0,Kit Shampoo Pantene Equilíbrio Raiz e Pontas 300ml + Condicionador 150ml,0,0,0,0,0
FarmaPonte,Esgotado,285.0,13,0.0,Hair Spray Fixador Cless Charming Forte 150ml,0,0,0,0,0
FarmaPonte,Esgotado,285.0,13,0.0,Máscara de Tratamento Love Beauty and Planet Reparação Intensa 190 g,0,0,0,0,0
Drogaria São Paulo,Disponível,285.0,15,7897316805558.0,"Pred Mild 0,12% Allergan 5ml Suspensão Oftálmica","29,63","26,49",-10.6%,"26,49",-10.6%
FarmaPonte,Esgotado,284.0,12,0.0,Kit Pasta de Dente Sensodyne Branqueador Extra Fresh 3 Unidades de 90g,0,0,0,0,0
Drogaria São Paulo,Disponível,284.0,14,7908020502517.0,Algestona Acetofenida 150mg/ml + Enantato de Estradiol 10mg/ml Genérico Cifarma 1ml Injetável,"15,93","12,99",-18.5%,"12,99",-18.5%
FarmaPonte,Esgotado,284.0,12,0.0,"Protetor Labial Vult Amora FPS15 3,5g",0,0,0,0,0
Drogaria São Paulo,Disponível,284.0,15,7896714292663.0,Vitamina D3 7.000ui Neo Química 30 Cápsulas,"74,25","50,59",-31.9%,"50,59",-31.9%
Drogaria São Paulo,Disponível,284.0,12,7896523201641.0,Ziprol 40mg Baldacci 28 Comprimidos,"10,70","5,99",-44.0%,"5,99",-44.0%
FarmaPonte,Esgotado,284.0,13,0.0,Blend de Óleos Essenciais Para Desintoxicar - Detox Oil 10ml Océane,0,0,0,0,0
FarmaPonte,Esgotado,284.0,13,0.0,Kit Dr. Jones The Razor4 1 Aparelho de Barbear Recarregável + 1 Carga de Barbear,0,0,0,0,0
FarmaPonte,Esgotado,284.0,12,0.0,"Duoflam 6,43mg+2,63mg Supera 1ml Injetável",0,0,0,0,0
FarmaPonte,Esgotado,284.0,14,0.0,Mari Maria Creamy Matte - Batom Liquido 4ml - Frosty,0,0,0,0,0
Drogaria São Paulo,Disponível,284.0,13,7896006214670.0,Omeprazol 20mg Genérico União Química 28 Cápsulas,"28,02","12,76",-54.5%,"12,76",-54.5%
FarmaPonte,Esgotado,284.0,15,0.0,Ômega 3 Drogaria São Paulo 120 Comprimidos,0,0,0,0,0
FarmaPonte,Esgotado,284.0,12,0.0,Óleo Corporal Bio-Oil 100% Natural 60ml,0,0,0,0,0
FarmaPonte,Esgotado,284.0,12,0.0,Óleo Capilar Mágico Dabelle Hair Coco 40ml,0,0,0,0,0
FarmaPonte,Esgotado,284.0,12,0.0,Cera Depilatório P/ Pernas a Frio Tradicional - Depi Roll - 120g - Cera Depilatório p/ Pernas A Frio Tradicional - Depi Roll - 120g,0,0,0,0,0
Drogaria São Paulo,Disponível,284.0,12,7891721014239.0,Euthyrox 100mcg Merck S/A 50 Comprimidos,"50,45","46,52",-7.8%,"46,52",-7.8%
Drogaria São Paulo,Disponível,284.0,12,7896714223971.0,Torsilax Neo Química 30 Comprimidos,"57,39","25,55",-55.5%,"25,55",-55.5%
FarmaPonte,Esgotado,284.0,13,0.0,"Triquilar 0,05 mg + 0,03mg/0,075mg + 0,04mg/0,125mg + 0,03mg União Química 21 Drágeas",0,0,0,0,0
FarmaPonte,Esgotado,284.0,14,0.0,Barra de Frutas Supino Original Banana ao Leite 24g,0,0,0,0,0
Drogaria São Paulo,Disponível,284.0,15,7896226103037.0,Az + Mulher Lavitan 90 Comprimidos Revestidos,"256,10","211,85",-17.3%,"211,85",-17.3%
Drogaria São Paulo,Disponível,284.0,13,7897595636539.0,"Desogestrel 0,075mg Genérico Melcon 28 Comprimidos Revestidos","23,23","12,17",-47.6%,"12,17",-47.6%
Drogaria São Paulo,Disponível,284.0,14,7898146827895.0,Olanzapina 10mg Genérico Biolab 30 Comprimidos Revestidos,"285,79","82,99",-71.0%,"82,99",-71.0%
FarmaPonte,Esgotado,284.0,13,0.0,Colírio Mydriacil 1% Alcon 5ml,0,0,0,0,0
FarmaPonte,Esgotado,284.0,13,0.0,Condicionador Selador Elseve L'Oréal Paris Selador Cachos Longos dos Sonhos 400ml,0,0,0,0,0
FarmaPonte,Esgotado,284.0,12,0.0,Preservativo Prudence Cores e Sabores 8 Unidades,0,0,0,0,0
FarmaPonte,Esgotado,284.0,13,0.0,Escova Dental MAM Girls - 8114,0,0,0,0,0
FarmaPonte,Esgotado,284.0,14,0.0,Pasta de Dente Colgate Luminous White Brilliant 70g,0,0,0,0,0
FarmaPonte,Esgotado,284.0,13,0.0,Escova para Desembaraçar WetBrush Kids Detangler Unicórnio Roxa,0,0,0,0,0
FarmaPonte,Esgotado,284.0,12,0.0,Óleo De Amêndoas Ever Care 200ml,0,0,0,0,0
Drogaria São Paulo,Disponível,284.0,14,7896422517843.0,Omeprazol 20mg Genérico Medley 42 cápsulas,"63,62","27,41",-56.9%,"27,41",-56.9%
FarmaPonte,Esgotado,283.0,13,0.0,Óleo Bifásico Vult Cabelos Óleos Poderosos Nutrição 90ml,0,0,0,0,0
Drogaria São Paulo,Disponível,283.0,13,7897076922687.0,Ácido Ursodesoxicolico 150mg Genérico Ranbaxy 30 Comprimidos,"90,23","53,54",-40.7%,"53,54",-40.7%
Drogaria São Paulo,Disponível,283.0,12,7896261000261.0,Voltaren 100mg Novartis 10 Comprimidos,"54,84","51,49",-6.1%,"51,49",-6.1%
FarmaPonte,Esgotado,283.0,12,0.0,Aparelho de Barbear Gillette Mach3 Sensitive + 1 Refil,0,0,0,0,0
FarmaPonte,Esgotado,283.0,12,0.0,Bálsamo para Bebês Vick BabyRub 50g,0,0,0,0,0
FarmaPonte,Esgotado,283.0,12,0.0,Chocolate Branco Laka 90g,0,0,0,0,0
Drogaria São Paulo,Disponível,283.0,14,7896672202902.0,Clenil HFA 250mcg/dose Chiesi 200 Doses Spray,"80,69","75,99",-5.8%,"75,99",-5.8%
Drogaria São Paulo,Disponível,283.0,12,7898560664113.0,Tilatil 20mg Mylan 10 Comprimidos,"103,39","92,49",-10.5%,"92,49",-10.5%
FarmaPonte,Esgotado,283.0,12,0.0,Algodão Hidrófilo Apolo - 50g,0,0,0,0,0
FarmaPonte,Esgotado,283.0,14,0.0,"Benicar HCT 20mg + 12,5mg Daiichi Sankyo 30 Comprimidos",0,0,0,0,0
FarmaPonte,Esgotado,283.0,13,0.0,Millani Stay Put Brow Pomade - Lápis 01 Soft Para Olhos,0,0,0,0,0
FarmaPonte,Esgotado,283.0,14,0.0,Preservativo Skyn Elite 16 Unidades,0,0,0,0,0
Drogaria São Paulo,Disponível,283.0,13,7896006205883.0,Elprazol 20mg Pharlab 28 Cápsulas,"25,93","12,19",-53.0%,"12,19",-53.0%
Drogaria São Paulo,Disponível,283.0,12,7893454100678.0,Tylex 500mg + 30mg Cellera 12 Comprimidos,"15,21","13,39",-12.0%,"13,39",-12.0%
FarmaPonte,Esgotado,283.0,12,0.0,Creme Para Pentear Seda Boom Definição Óleo de Coco 1kg,0,0,0,0,0
FarmaPonte,Esgotado,283.0,12,0.0,Creme Para Pentear Dove Reconstrução 200ml,0,0,0,0,0
Drogaria São Paulo,Disponível,283.0,12,7896658033872.0,Levoid 75mcg Aché 30 Comprimidos,"75,73","65,69",-13.3%,"65,69",-13.3%
FarmaPonte,Esgotado,283.0,13,0.0,Pó Descolorante Yamá Ametista Ultrarrápido Refil - 300g,0,0,0,0,0
FarmaPonte,Esgotado,283.0,12,0.0,Biscoito Óreo Original 90g,0,0,0,0,0
FarmaPonte,Esgotado,283.0,13,0.0,Ogestan Pré Besins Healthcare 30 Cápsulas,0,0,0,0,0
FarmaPonte,Esgotado,283.0,14,0.0,Creme Facial Ever You Rosa Mosqueta + Ácido Hialurônico 100g,0,0,0,0,0
Drogaria São Paulo,Disponível,283.0,14,7896714265766.0,Nistatina 25.000UI/g Genérico Neo Química 60g Creme Vaginal + 14 Aplicadores,"21,93","15,73",-28.3%,"15,73",-28.3%
FarmaPonte,Esgotado,283.0,13,0.0,Revlon Colorstay - Base Full Cover - Sand Beige,0,0,0,0,0
FarmaPonte,Esgotado,283.0,12,0.0,Lapiseira Para Olhos Cat Lovers Tigrado Marrom Vizzela,0,0,0,0,0
FarmaPonte,Esgotado,283.0,15,0.0,Océane Larissa Manoela Jelly Eye Shadow Pot - Sombra em Gel Translúcida 4g - Fenix,0,0,0,0,0
Drogaria São Paulo,Disponível,283.0,14,7891317143084.0,Olmecor 40mg Torrent 30 Comprimidos,"105,63","95,99",-9.1%,"95,99",-9.1%
FarmaPonte,Esgotado,283.0,12,0.0,Creme Depilatório Depi Roll Buço 50g,0,0,0,0,0
Drogaria São Paulo,Disponível,282.0,12,7891317016098.0,Algie 150mg Momenta Farma 10 Comprimidos,"107,76","102,59",-4.8%,"102,59",-4.8%
Drogaria São Paulo,Disponível,282.0,12,7897076911568.0,Amiodarona 100mg Genérico Ranbaxy 30 Comprimidos,"22,40","13,04",-41.8%,"13,04",-41.8%
FarmaPonte,Esgotado,282.0,12,0.0,Aparelho De Barbear Gillette Prestobarba3 Sensitive 2 Unidades,0,0,0,0,0
Drogaria São Paulo,Disponível,282.0,12,7895858017118.0,Xylocaína 50mg/g Aspen 25g Pomada,"30,32","27,59",-9.0%,"27,59",-9.0%
FarmaPonte,Esgotado,282.0,15,0.0,Massageador Facial Ice Globes Caixa com 2 unidades - UNIQCARE,0,0,0,0,0
FarmaPonte,Esgotado,282.0,12,0.0,Manteiga Ghee Natural Dom Afonso 200g,0,0,0,0,0
FarmaPonte,Esgotado,282.0,16,0.0,Kit Pantene Liso Extremo Shampoo 350ml + Condicionador 175ml,0,0,0,0,0
FarmaPonte,Esgotado,282.0,13,0.0,Braé Defense Antiqueda Power Dose - Ampola de Tratamento 13ml,0,0,0,0,0
Drogaria São Paulo,Disponível,282.0,13,7899547528633.0,Cloridrato de Metformina 500mg Genérico Prati-Donaduzzi 60 Comprimidos,"12,61","11,99",-4.9%,"11,99",-4.9%
FarmaPonte,Esgotado,282.0,12,0.0,Nutridrink Protein Senior Café com Leite Danone 380g,0,0,0,0,0
Drogaria São Paulo,Disponível,282.0,15,7896714273426.0,Nitazoxanida 500mg Genérico Neo Química 6 Comprimidos Revestidos,"67,92","27,99",-58.8%,"27,99",-58.8%
FarmaPonte,Esgotado,282.0,12,0.0,Bombom Ferrero Raffaello 3 Unidades,0,0,0,0,0
Drogaria São Paulo,Disponível,282.0,13,7898906376281.0,Tranquinal 2mg Bago 20 Comprimidos,"57,26","57,26",-,"57,26",-
FarmaPonte,Esgotado,282.0,16,0.0,Condicionador Aussie Mega Moist Super Hidratação 360ml,0,0,0,0,0
FarmaPonte,Esgotado,282.0,14,0.0,Bicarbonato de Sódio Clean Okta Menta 500g - DCMA,0,0,0,0,0
Drogaria São Paulo,Disponível,282.0,12,7891317003487.0,"Desloratadina 0,5mg/ml Genérico Eurofarma 60ml Xarope","42,05","27,59",-34.4%,"27,59",-34.4%
FarmaPonte,Esgotado,282.0,13,0.0,Biscoito de maizena sabor original com 200g - Tostines,0,0,0,0,0
FarmaPonte,Esgotado,282.0,13,0.0,Kit Tresemmé Blindagem Antifrizz Shampoo 350ml + Condicionador 175ml,0,0,0,0,0
FarmaPonte,Esgotado,282.0,14,0.0,Bauny Cor Preto - Caneta Delineadora para Olhos 1ml,0,0,0,0,0
Drogaria São Paulo,Disponível,282.0,12,7896862920449.0,"Hemitartarato de Zolpidem 12,5mg Genérico Medquímica 20 Comprimidos","64,51","44,09",-31.7%,"44,09",-31.7%
FarmaPonte,Esgotado,282.0,14,0.0,Grampo para Cabelo Ever You Gliter Tradicional 20 Unidades,0,0,0,0,0
FarmaPonte,Esgotado,282.0,13,0.0,Tônico Capilar Nectavita Reconstrução E Força Queratina & Provit B5 Haskell 35ml,0,0,0,0,0
FarmaPonte,Esgotado,282.0,12,0.0,True Protein Bar Coconut True Source,0,0,0,0,0
FarmaPonte,Esgotado,282.0,14,0.0,"Cylocort 3mg/g + 1mg/g União Química 3,5g Pomada",0,0,0,0,0
Drogaria São Paulo,Disponível,282.0,12,7891721026836.0,"Hemifumarato de Bisoprolol 1,25mg Genérico Merck 30 Comprimidos","44,63","30,88",-30.8%,"30,88",-30.8%
FarmaPonte,Esgotado,282.0,12,0.0,Bebida Láctea UHT YoPRO Chocolate 15g de proteínas 250ml,0,0,0,0,0
Drogaria São Paulo,Disponível,282.0,13,7895296210218.0,Albendazol 40mg/ml Genérico Nova Química 10ml Suspensão Oral + Copo Dosador,"13,35","7,22",-45.9%,"7,22",-45.9%
FarmaPonte,Esgotado,282.0,12,0.0,Escova Dental Curaprox Kids Ultra Soft 1 Unidade,0,0,0,0,0
Drogaria São Paulo,Disponível,282.0,12,7896112149422.0,Cefalexina 500mg Genérico Teuto 40 Comprimidos,"117,65","85,47",-27.4%,"85,47",-27.4%
FarmaPonte,Esgotado,282.0,12,0.0,Fórmula Infantil Aptamil Premium 2 400g,0,0,0,0,0
FarmaPonte,Esgotado,282.0,13,0.0,Manteiga Corporal Reparadora Tucumã Lola Cosmetics Açaídêra 240 ml,0,0,0,0,0
FarmaPonte,Esgotado,281.0,15,0.0,Absorvente Protetor Diário Intimus Sem Abas Longo Extra Proteção 48 Unidades,0,0,0,0,0
FarmaPonte,Esgotado,281.0,12,0.0,"Zylet 0,5mg + 0,3mg Bausch Lomb 5ml Solução Oftálmica",0,0,0,0,0
FarmaPonte,Esgotado,281.0,13,0.0,Elástico para Cabelo Ever You Dourado 12 Unidades,0,0,0,0,0
FarmaPonte,Esgotado,281.0,12,0.0,Mamadeira Lillo Unicórnio 240ml,0,0,0,0,0
FarmaPonte,Esgotado,281.0,12,0.0,Spray de Brilho 2x1 Lowell Professional Deslumbre 120 ml,0,0,0,0,0
Drogaria São Paulo,Disponível,281.0,14,7898049796861.0,Fosfato Sódico de Prednisolona 3mg Genérico Prati 120ml,"33,76","28,11",-16.7%,"28,11",-16.7%
FarmaPonte,Esgotado,281.0,12,0.0,Adoçante Stevia Lowçucar Plus Em Po Pote 300G,0,0,0,0,0
FarmaPonte,Esgotado,281.0,13,0.0,Unhas Postiças Média Autocolante Quadrada Pintada Absolute New York Magiquick Reddish Black 24 Unidades,0,0,0,0,0
FarmaPonte,Esgotado,281.0,13,0.0,Bauny - Pó Compacto Facial com FPS 25 10g - Cor 080,0,0,0,0,0
FarmaPonte,Esgotado,281.0,12,0.0,Cílios Postiços Curto Absolute New York Istabeauty Garnet 307 Preto 1 Par,0,0,0,0,0
Drogaria São Paulo,Disponível,281.0,12,7894916516716.0,Olmy 40mg Brace Pharma 60 Comprimidos,"127,46","112,90",-11.4%,"112,90",-11.4%
Drogaria São Paulo,Disponível,281.0,12,7898687731736.0,Cloridrato de Ondansetrona 8mg Genérico Althaia 10 Comprimidos,"41,00","22,76",-44.5%,"22,76",-44.5%
Drogaria São Paulo,Disponível,281.0,13,7896523206110.0,Nisulid 100mg Aché 12 Comprimidos,"15,99","15,99",-,"15,99",-
FarmaPonte,Esgotado,281.0,12,0.0,Sabonete Líquido Johnson’s Baby Recém-Nascido 200ml,0,0,0,0,0
FarmaPonte,Esgotado,281.0,12,0.0,Creme Depilatório Corporal Ever You Romã 100g,0,0,0,0,0
Drogaria São Paulo,Disponível,281.0,14,7897595639288.0,Renitec 20mg Organon 30 Comprimidos,"302,35","236,99",-21.6%,"236,99",-21.6%
FarmaPonte,Esgotado,281.0,13,0.0,"Hidratante Labial Nivea Ultra Hialurônico 5,2g",0,0,0,0,0
FarmaPonte,Esgotado,281.0,13,0.0,Sabonete em Barra Nivea Creme Care 6 Unidades 90g Cada,0,0,0,0,0
FarmaPonte,Esgotado,281.0,12,0.0,Sabonete Líquido Íntimo Nivea Suave 250ml,0,0,0,0,0
Drogaria São Paulo,Disponível,281.0,13,7895296033053.0,Cloridrato De Ciclobenzaprina 10mg Genérico Nova Quimica 15 Comprimidos,"21,32","9,59",-55.0%,"9,59",-55.0%
FarmaPonte,Esgotado,281.0,13,0.0,Snack de Soja Good Soy Queijo 25g,0,0,0,0,0
Drogaria São Paulo,Disponível,281.0,12,7896112114413.0,"Brometo Ipratrópio 0,25mg/ml Genérico Teuto 20ml Solução para Inalação","12,72","8,68",-31.8%,"8,68",-31.8%
Drogaria São Paulo,Disponível,281.0,13,7891317457211.0,Bup XL 150mg Eurofarma 30 Comprimidos,"60,16","52,46",-12.8%,"52,46",-12.8%
FarmaPonte,Esgotado,281.0,12,0.0,"Duo De Sombras Para Sobrancelha Essence Brow Powder Cor 01 2,3g",0,0,0,0,0
FarmaPonte,Esgotado,281.0,12,0.0,Loção Antiqueda Imecap Hair Men Cabelo e Barba FQM 100ml,0,0,0,0,0
FarmaPonte,Esgotado,281.0,13,0.0,Aplicador de Cílios Postiços Belliz 2619 Easy Lashes 1 Unidade,0,0,0,0,0
Drogaria São Paulo,Disponível,281.0,12,7896714215129.0,Atenolol 50mg Genérico Neo Química 30 Comprimidos,"17,60","7,63",-56.6%,"7,63",-56.6%
FarmaPonte,Esgotado,281.0,14,0.0,Lubrificante K-Y Líquido Íntimo Sem Perfume 50g,0,0,0,0,0
FarmaPonte,Esgotado,281.0,13,0.0,Protetor Solar Helioderm Suncare FPS 50 200g,0,0,0,0,0
FarmaPonte,Esgotado,281.0,12,0.0,Glicose Líquida Turbo Energy GOLD Sabor Baunilha Wellion,0,0,0,0,0
FarmaPonte,Esgotado,281.0,12,0.0,Creme para Pentear Dove Liberdade dos Cabelos Texturas Reais 355ml,0,0,0,0,0
Drogaria São Paulo,Disponível,281.0,12,7891317031756.0,Glivance XR 500mg + 30mg Merck 60 Comprimidos,"135,94","126,71",-6.8%,"126,71",-6.8%
FarmaPonte,Esgotado,281.0,12,0.0,"Protetor solar FPS 30 com Adenin 0,1%+ Skin Oil Control 3% 30g",0,0,0,0,0
FarmaPonte,Esgotado,280.0,13,0.0,Gel Lubrificante Íntimo Lubs Naked Taste 50g,0,0,0,0,0
FarmaPonte,Esgotado,280.0,12,0.0,Minoxidil Turbo 60ml,0,0,0,0,0
Drogaria São Paulo,Disponível,280.0,12,7899420506550.0,Folacin 5mg Arese 30 Comprimidos Revestidos,"120,22","95,99",-20.2%,"95,99",-20.2%
Drogaria São Paulo,Disponível,280.0,15,7898216361991.0,"Cetoconazol 20mg/g + Betametasona 0,5mg/g + Sulfato de Neomicina 2,5mg/g Genérico Pharlab 30g Pomada de uso Dermatológico","27,62","15,59",-43.6%,"15,59",-43.6%
FarmaPonte,Esgotado,280.0,12,0.0,Nathalia Capelo Velvet Powder 3.0 Beige - Pó Solto 80g,0,0,0,0,0
FarmaPonte,Esgotado,280.0,13,0.0,Pasta de Dente Clareador Oral-B 3D White Perfection 102g,0,0,0,0,0
FarmaPonte,Esgotado,280.0,12,0.0,Energético Red Bull Energy Drink sem Açucar 355ml,0,0,0,0,0
FarmaPonte,Esgotado,280.0,13,0.0,oleo Corporal Paixão Inspiradora Rosas Brancas 100ml,0,0,0,0,0
FarmaPonte,Esgotado,280.0,12,0.0,AC089 - Kit P/Transporte De Insulina,0,0,0,0,0
FarmaPonte,Esgotado,280.0,14,0.0,Absorvente Intimus® Tripla Proteção Suave C/Abas 32 Unidades,0,0,0,0,0
Drogaria São Paulo,Disponível,280.0,13,7898569761448.0,Irôse 500mg Althaia 6 Comprimidos Revestidos,"144,02","98,99",-31.3%,"98,99",-31.3%
Drogaria São Paulo,Disponível,280.0,14,7896637025232.0,Imipra 25mg Cristália 20 Comprimidos,"46,95","43,59",-7.2%,"43,59",-7.2%
FarmaPonte,Esgotado,280.0,12,0.0,Sabonete em Barra Infantil Protex Baby 85g,0,0,0,0,0
Drogaria São Paulo,Disponível,280.0,12,7896004707846.0,"Previane 0,075mg + 0,02mg Legrand Pharma 21 Comprimidos","43,02","34,59",-19.6%,"34,59",-19.6%
FarmaPonte,Esgotado,280.0,12,0.0,Sabonete Líquido Huggies Extra Suave Refil 200ml,0,0,0,0,0
FarmaPonte,Esgotado,280.0,14,0.0,Composto De Mel Com Abacaxi Ever Nutri 300g,0,0,0,0,0
Drogaria São Paulo,Disponível,280.0,13,7896226500614.0,Rocefin IV 1g Roche 1 Ampola 10ml,"99,54","99,54",-,"99,54",-
Drogaria São Paulo,Disponível,280.0,13,7891058006389.0,Bi-Profenid 150mg Sanofi Aventis 10 Comprimidos,"14,39","14,39",-,"14,39",-
Drogaria São Paulo,Disponível,280.0,14,5000456011617.0,Selozok Fix 5mg + 50mg Astrazeneca 30 Comprimidos,"55382,67","35799,90",-35.4%,"35799,90",-35.4%
FarmaPonte,Esgotado,280.0,12,0.0,Kit Grampo para Cabelo Ever You Colorido 30 Unidades,0,0,0,0,0
FarmaPonte,Esgotado,280.0,12,0.0,Kit Cicatricure Água Micelar Limpeza Eficaz 200ml 3 Unidades,0,0,0,0,0
FarmaPonte,Esgotado,280.0,13,0.0,Chá Vata Ayurveda 30sch 45g,0,0,0,0,0
Drogaria São Paulo,Disponível,280.0,12,7896006208266.0,Glaub MD 1mg/ml União Química 5ml Solução Oftalmológica,"38,63","36,29",-6.1%,"36,29",-6.1%
Drogaria São Paulo,Disponível,280.0,14,7896226102351.0,Takil 100mg/5g +150mg/5g Marjan 35g Creme Vaginal + 7 Aplicadores,"104,98","91,99",-12.4%,"91,99",-12.4%
FarmaPonte,Esgotado,280.0,13,0.0,Algodão Ever Care Quadradinho 250 Unidades,0,0,0,0,0
FarmaPonte,Esgotado,280.0,13,0.0,Máscara Capilar Seda Prebióticos + Biotina 300g,0,0,0,0,0
Drogaria São Paulo,Disponível,280.0,13,7891058006389.0,Puran T4 125mcg Sanofi 30 Comprimidos,"14,39","14,39",-,"14,39",-
FarmaPonte,Esgotado,280.0,12,0.0,Lenço Umedecido Granado Bebê Peles Sensíveis 50 Unidades,0,0,0,0,0
FarmaPonte,Esgotado,280.0,12,0.0,Truss  Shock Repair - Ampola de Reconstrução 17ml,0,0,0,0,0
Drogaria São Paulo,Disponível,280.0,12,7891317443399.0,Litocit 1080mg Apsen 60 Comprimidos,"255,48","225,99",-11.5%,"225,99",-11.5%
Drogaria São Paulo,Disponível,280.0,13,7897322709734.0,Vitamina D Addera D3 7.000UI Hypera 10 Cápsulas,"91,57","73,26",-20.0%,"73,26",-20.0%
Drogaria São Paulo,Disponível,280.0,12,7898430192869.0,Vitamina D DPrev 2000UI Myralis 30 Comprimidos Revestidos,"53,78","38,48",-28.4%,"38,48",-28.4%
FarmaPonte,Esgotado,280.0,13,0.0,Lenço Micelar Facial Ever Care 25 Unidades,0,0,0,0,0
Drogaria São Paulo,Disponível,280.0,12,7896004729695.0,Dicloridrato de Hidroxizina 25mg Genérico Germed Pharma 30 Comprimidos,"37,70","35,63",-5.5%,"35,63",-5.5%
Drogaria São Paulo,Disponível,279.0,13,7896004746920.0,Ezetimiba 10mg Genérico EMS 60 Comprimidos,"156,42","57,59",-63.2%,"57,59",-63.2%
Drogaria São Paulo,Disponível,279.0,12,7894916146852.0,Acetato de Prednisolona 20mg Genérico Legrand 10 Comprimidos,"19,40","13,59",-29.9%,"13,59",-29.9%
Drogaria São Paulo,Disponível,279.0,13,7893736003291.0,Ácido Fólico Acfol 5mg Cazi 40 Comprimidos,"18,18","18,18",-,"18,18",-
Drogaria São Paulo,Disponível,279.0,13,7898430192890.0,Vitamina D DPrev 5000UI Myralis 30 Comprimidos Revestidos,"70,62","70,62",-,"70,62",-
FarmaPonte,Esgotado,279.0,15,0.0,Creme Facial Antissinais Nívea Celullar Lift Expert Noite 50ml,0,0,0,0,0
FarmaPonte,Esgotado,279.0,14,0.0,Mel Com Agrião Ever Nutri 40g,0,0,0,0,0
FarmaPonte,Esgotado,279.0,13,0.0,Fralda Pampers Pants Ajuste Total Roupinha XG 86 Unidades,0,0,0,0,0
FarmaPonte,Esgotado,279.0,12,0.0,Óleo Essencial de Camomila Azul 2ml - Aromalife,0,0,0,0,0
FarmaPonte,Esgotado,279.0,13,0.0,Kit Aparelho De Depilação Gillette Venus Tropical 3 Unidades + Creme Depilatório Gillette Vênus 150ml,0,0,0,0,0
Drogaria São Paulo,Disponível,279.0,12,7897337706568.0,Singulair 10mg Organon 30 Comprimidos,"94,53","88,99",-5.9%,"88,99",-5.9%
FarmaPonte,Esgotado,279.0,12,0.0,Máscara Capilar Intensiva Pantene Pro-V Restauração 270 ml,0,0,0,0,0
FarmaPonte,Esgotado,279.0,13,0.0,Biscoito Recheado Chocolate Lowçucar 120g,0,0,0,0,0
FarmaPonte,Esgotado,279.0,13,0.0,Keflex 100mg/mL Bagó 30ml Gotas,0,0,0,0,0
Drogaria São Paulo,Disponível,279.0,12,7895296393027.0,Secnidazol 1000mg Genérico Nova Química 2 Comprimidos,"29,95","14,59",-51.3%,"14,59",-51.3%
FarmaPonte,Esgotado,279.0,13,0.0,Pasta Castanha de Caju Integral Eat Clean 300g,0,0,0,0,0
Drogaria São Paulo,Disponível,279.0,14,7898590870331.0,Isotretinoína 10mg Genérico Bausch + Lomb 30 Cápsulas,"113,69","66,93",-41.1%,"66,93",-41.1%
FarmaPonte,Esgotado,279.0,12,0.0,Loção Adstringente Pepitônico Natuseiva 200ml,0,0,0,0,0
FarmaPonte,Esgotado,279.0,13,0.0,Queratina Pantene Preenche & Blinda 160ml Spray,0,0,0,0,0
FarmaPonte,Esgotado,279.0,14,0.0,Musquée Balm Labial - 12g,0,0,0,0,0
FarmaPonte,Esgotado,279.0,13,0.0,Refil Para Escova Interdental Curaprox Cilíndrico Cps 08 8 Unidades,0,0,0,0,0
FarmaPonte,Esgotado,279.0,14,0.0,Protetor Solar Facial com Cor Pink Cheeks Pink Stick FPS 90 FPUVA 70 100Km Ultra 14 g,0,0,0,0,0
FarmaPonte,Esgotado,279.0,14,0.0,Doce De Leite Ever Nutri 15g,0,0,0,0,0
FarmaPonte,Esgotado,279.0,14,0.0,Ultraproct LDO 1mg/g + 20mg/g Moksha8 30g Creme,0,0,0,0,0
FarmaPonte,Esgotado,279.0,13,0.0,Cílios Postiços Longo Natural Absolute New York Magiquick 601 Preto 1 Par,0,0,0,0,0
Drogaria São Paulo,Disponível,279.0,13,7899095200296.0,Traxonol 100mg Geolab 4 Cápsulas,"46,67","26,59",-43.0%,"26,59",-43.0%
FarmaPonte,Esgotado,279.0,13,0.0,Lenço Umedecido Prudence Íntimo 20 Unidades,0,0,0,0,0
FarmaPonte,Esgotado,279.0,15,0.0,Barra Best Whey Bar Brigadeiro 32g,0,0,0,0,0
Drogaria São Paulo,Disponível,279.0,14,7896714215501.0,Azitromicina Di-Hidratada 600mg Genérico Neo Química 15ml Suspensão Oral,"67,02","28,34",-57.7%,"28,34",-57.7%
FarmaPonte,Esgotado,278.0,13,0.0,Fita Dental Ever Care 90m,0,0,0,0,0
Drogaria São Paulo,Disponível,278.0,12,7891317004293.0,Prednisolona 5mg Genérico Eurofarma 10 Comprimidos,"8,41","5,44",-35.3%,"5,44",-35.3%
Drogaria São Paulo,Disponível,278.0,13,7896261000445.0,Cataflam 50mg Novartis 20 Comprimidos Dispersíveis,"55,24","51,99",-5.9%,"51,99",-5.9%
FarmaPonte,Esgotado,278.0,12,0.0,Adacne Clin 1mg/g + 10mg/g Glenmark 45g Gel,0,0,0,0,0
FarmaPonte,Esgotado,278.0,12,0.0,Preservativo Lubrificado Olla Sensitive 8 Unidades,0,0,0,0,0
FarmaPonte,Esgotado,278.0,12,0.0,Spray Condicionante Caviar By Lunna Hair Hidrabell 120ml,0,0,0,0,0
FarmaPonte,Esgotado,278.0,12,0.0,Ampola para Cabelos Fragilizados Babaçu e Macadâmia Phytoervas 3/15ml,0,0,0,0,0
FarmaPonte,Esgotado,278.0,14,0.0,Água Micelar Ever You Pele Mista à Oleosa 200ml,0,0,0,0,0
FarmaPonte,Esgotado,278.0,12,0.0,Cera Roll-on Natural - Depilflax - Refil 100g - Cera Roll-On Natural - Depilflax - Refil 100g,0,0,0,0,0
Drogaria São Paulo,Disponível,278.0,13,7891317013905.0,"Aloff 0,5mg/ml Eurofarma 100ml Xarope","72,89","72,59",-0.4%,"72,59",-0.4%
Drogaria São Paulo,Disponível,278.0,12,7896637031943.0,Flancox 600mg Apsen 14 Comprimidos,"65,29","56,49",-13.5%,"56,49",-13.5%
FarmaPonte,Esgotado,278.0,12,0.0,Óleo Essencial de Eucalipto - Eucalyptus Oil 10ml Océane,0,0,0,0,0
Drogaria São Paulo,Disponível,278.0,12,7891317452995.0,Domperidona 10mg Genérico Eurofarma 30 Comprimidos Revestidos,"22,83","8,59",-62.4%,"8,59",-62.4%
FarmaPonte,Esgotado,278.0,13,0.0,Doce Leite Nozes Zero Flormel - 20g,0,0,0,0,0
Drogaria São Paulo,Disponível,278.0,14,7899547504675.0,Cloridrato de Terbinafina 250mg Genérico Prati-Donaduzzi 14 Comprimidos,"85,26","39,89",-53.2%,"39,89",-53.2%
FarmaPonte,Esgotado,278.0,14,0.0,Sal Rosa do Himalaia Grosso Mundo Verde Seleção 500g,0,0,0,0,0
FarmaPonte,Esgotado,278.0,13,0.0,Elástico para Cabelo Ever You Sortido Fio de Meia 8 Unidades,0,0,0,0,0
FarmaPonte,Esgotado,278.0,12,0.0,Cílios Postiços Longo Natural Absolute New York Magiquick 604 Preto 1 Par,0,0,0,0,0
FarmaPonte,Esgotado,278.0,13,0.0,Refrigerante Sprite Original 220ml,0,0,0,0,0
Drogaria São Paulo,Disponível,278.0,13,7896212479689.0,Stugeron 75mg Janssen 30 Comprimidos,"38,86","35,23",-9.3%,"35,23",-9.3%
FarmaPonte,Esgotado,278.0,13,0.0,Kit Lenço Umedecido Pampers Cuidado do Bebê 4 Pacotes com 48 Unidades,0,0,0,0,0
FarmaPonte,Esgotado,278.0,13,0.0,Keltix 50mg Gross 10 Cápsulas,0,0,0,0,0
Drogaria São Paulo,Disponível,278.0,15,7896112110378.0,Cimetidina 200mg Genérico Teuto 10 Comprimidos,"16,71","8,90",-46.7%,"8,90",-46.7%
Drogaria São Paulo,Disponível,278.0,13,7891721029646.0,Buclina Sanofi Avnetis 30 Comprimidos Revestidos,"75,52","69,59",-7.9%,"69,59",-7.9%
Drogaria São Paulo,Disponível,278.0,12,7896112403470.0,Aradois 50mg Biolab 60 Comprimidos,"48,83","37,99",-22.2%,"37,99",-22.2%
Drogaria São Paulo,Disponível,278.0,12,7896004737058.0,Atorvastatina 20mg Genérico EMS 60 Cápsulas,"145,83","35,27",-75.8%,"35,27",-75.8%
Drogaria São Paulo,Disponível,278.0,12,7891058001667.0,Cloridrato de Amiodarona 100mg Genérico Medley 30 Comprimidos,"19,92","13,04",-34.5%,"13,04",-34.5%
Drogaria São Paulo,Disponível,278.0,13,7896004720937.0,"Dipropionato Betametasona 0,64mg/ml + Ácido Salicílico 20mg/ml Genérico Germed 30ml Solução","31,87","17,22",-46.0%,"17,22",-46.0%
FarmaPonte,Esgotado,278.0,12,0.0,Visoptic 5mg/ml Geolab 5ml,0,0,0,0,0
FarmaPonte,Esgotado,278.0,13,0.0,Grampos para Cabelo Ever You Apliques 2 Unidades,0,0,0,0,0
Drogaria São Paulo,Disponível,278.0,13,7897076922397.0,Gliclazida 30mg Genérico Ranbaxy 60 comprimidos de liberação prolongada,"49,69","29,20",-41.2%,"29,20",-41.2%
FarmaPonte,Esgotado,278.0,13,0.0,Whey Protein Isolado - Sachê 28G Sachê Chocolate Branco,0,0,0,0,0
Drogaria São Paulo,Disponível,278.0,14,7898948648148.0,Utrogestan 200mg Besins Healthcare 14 Comprimidos,"80,50","56,65",-29.6%,"56,65",-29.6%
FarmaPonte,Esgotado,278.0,12,0.0,Bico Para Mamadeira Kuka Big Ortodôntico 1 Unidade,0,0,0,0,0
Drogaria São Paulo,Disponível,278.0,12,7891058003159.0,Olmesartana Medoxomila 20mg Genérico Medley 30 Comprimidos Revestidos,"50,68","29,99",-40.8%,"29,99",-40.8%
FarmaPonte,Esgotado,278.0,13,0.0,Creme para Olhos Anti-idade L'Oréal Paris Revitalift Hialurônico 15g,0,0,0,0,0
FarmaPonte,Esgotado,278.0,14,0.0,Condicionador Elseve L'Oréal Paris Selador Hidra Hialurônico 400ml,0,0,0,0,0
Drogaria São Paulo,Disponível,278.0,12,7891317017682.0,Oxypynal 10mg Zodiac 10 Comprimidos,"16,17","14,99",-7.3%,"14,99",-7.3%
FarmaPonte,Esgotado,278.0,14,0.0,Hetori 60mg Grunenthal 7 Comprimidos,0,0,0,0,0
Drogaria São Paulo,Disponível,278.0,12,7897595619518.0,Razapina ODT 15mg Sandoz 28 Comprimidos,"88,16","74,47",-15.5%,"74,47",-15.5%
FarmaPonte,Esgotado,278.0,13,0.0,Removedor de Cera Depilsam 150Ml,0,0,0,0,0
FarmaPonte,Esgotado,278.0,13,0.0,Multivitamínico Femibion 1 Planejamento e Início da Gravidez 28 Comprimidos,0,0,0,0,0
Drogaria São Paulo,Disponível,277.0,15,7897595635198.0,Aciclovir 200mg Genérico Sandoz 50 Comprimidos,"160,09","48,99",-69.4%,"48,99",-69.4%
FarmaPonte,Esgotado,277.0,13,0.0,Fórmula Infantil Nestonutri 1+ 800g,0,0,0,0,0
FarmaPonte,Esgotado,277.0,14,0.0,Óleo Corporal Paixão Flor de Baunilha 100ml,0,0,0,0,0
FarmaPonte,Esgotado,277.0,14,0.0,Fondant de leite pote com 20 unidades - Clamel,0,0,0,0,0
Drogaria São Paulo,Disponível,277.0,12,7896523227542.0,Finasterida 1mg Genérico Cimed 30 Comprimidos Revestidos,"75,04","24,54",-67.3%,"24,54",-67.3%
Drogaria São Paulo,Disponível,277.0,14,7897473203082.0,Aerogold 100mcg/dose Glenmark 1 Frasco com 19ml + Dispositivo Inalatório,"46,93","28,59",-39.1%,"28,59",-39.1%
FarmaPonte,Esgotado,277.0,13,0.0,Água Lamelar Eudora Siàge Resgate Imediato 150ml,0,0,0,0,0
Drogaria São Paulo,Disponível,277.0,13,7897705201831.0,Insulina Novorapid FlexPen 100UI/ml Novo Nordisk 3ml 1 Carpule,"66,52","59,99",-9.8%,"59,99",-9.8%
FarmaPonte,Esgotado,277.0,14,0.0,Protetor Solar Facial Helioderm FPS50 Com Cor 50g,0,0,0,0,0
FarmaPonte,Esgotado,277.0,12,0.0,Motilium 10mg Johnson's 30 Cápsulas,0,0,0,0,0
Drogaria São Paulo,Disponível,277.0,14,7897595616968.0,Hemifumarato De Quetiapina 25mg Genérico Sandoz 60 Comprimidos,"94,87","36,99",-61.0%,"36,99",-61.0%
Drogaria São Paulo,Disponível,277.0,14,7897316801277.0,Colírio Cromolerg 20mg/ml Allergan 5ml,"13,80","12,59",-8.8%,"12,59",-8.8%
FarmaPonte,Esgotado,277.0,13,0.0,Biomarine Tônico Demaquilante Acqua Tonic Micelar 200ml,0,0,0,0,0
FarmaPonte,Esgotado,277.0,12,0.0,Hidratante Corporal Infantil Johnson's Baby Derma Protect Sem Fragrância 200ml,0,0,0,0,0
Drogaria São Paulo,Disponível,277.0,14,7894916501415.0,Deocil 10mg Diffucap 10 Comprimidos,"49,44","49,44",-,"49,44",-
FarmaPonte,Esgotado,277.0,13,0.0,Pós Barba Bálsamo Nivea Men Sensitive 100ml,0,0,0,0,0
Drogaria São Paulo,Disponível,277.0,13,7897705203231.0,Insulina Wosulin-N 100UI/ml Biomm Frasco 10ml,"67,36","35,59",-47.2%,"35,59",-47.2%
FarmaPonte,Esgotado,277.0,13,0.0,Keflex 100mg/ml Bagó 15ml Gotas,0,0,0,0,0
Drogaria São Paulo,Disponível,277.0,14,7897076921901.0,Divalproato de Sódio 500mg Genérico Ranbaxy 30 Comprimidos,"95,86","47,99",-49.9%,"47,99",-49.9%
FarmaPonte,Esgotado,277.0,14,0.0,Gel de Barbear 2 em 1 Gillette Fusion Proglide Hidratante 200ml,0,0,0,0,0
FarmaPonte,Esgotado,277.0,14,0.0,"Protetor Labial Morango Ever You 3,6g",0,0,0,0,0
FarmaPonte,Esgotado,277.0,15,0.0,Pasta de Dente Colgate Natural Extracts Reinforced Defense Citrus e Eucalipto 140g,0,0,0,0,0
Drogaria São Paulo,Disponível,277.0,13,7896112425137.0,Tapazol 10mg Biolab 100 Comprimidos,"26,40","25,31",-4.1%,"25,31",-4.1%
FarmaPonte,Esgotado,277.0,13,0.0,Bolsa de Gelo Flexível Grande AC 070 Orthopauher,0,0,0,0,0
FarmaPonte,Esgotado,277.0,13,0.0,Sabonete Íntimo Em Gel Gino-Canesten Calm 100ml,0,0,0,0,0
FarmaPonte,Esgotado,277.0,13,0.0,Biozinc Kids Aché 75ml,0,0,0,0,0
Drogaria São Paulo,Disponível,277.0,12,7896004726908.0,Cloridrato de Ciclobenzaprina 10mg Genérico EMS 10 Comprimidos,"14,22","7,99",-43.8%,"7,99",-43.8%
Drogaria São Paulo,Disponível,277.0,15,7897595631527.0,Secnidazol 1000mg Genérico Sandoz 4 Comprimidos,"40,69","26,72",-34.3%,"26,72",-34.3%
FarmaPonte,Esgotado,277.0,12,0.0,Kit Protetor Solar Australian Gold - Protetor FPS 30 237g + Bronzeador 125g,0,0,0,0,0
Drogaria São Paulo,Disponível,277.0,13,7896714212081.0,Neo Fólico 5mg Neo Química 20 Comprimidos,"17,93","13,59",-24.2%,"13,59",-24.2%
FarmaPonte,Esgotado,277.0,12,0.0,Kit Hidramais Hidratante Corporal Colágeno Ultra e Vitamina E 2 Unidades 500ml Cada,0,0,0,0,0
FarmaPonte,Esgotado,277.0,13,0.0,Suplemento Alimentar Blumel Imune Kids Morango e Mel  Goma 30 Unidades - Suplemento Alimentar Blumel Imune Kids Morango e Mel Goma 30 Unidades,0,0,0,0,0
FarmaPonte,Esgotado,277.0,14,0.0,Máscara de Argila Verde com Codage 60g,0,0,0,0,0
FarmaPonte,Esgotado,277.0,13,0.0,Kit K-MED Lubrificante Íntimo Gel Ice 50g + 8 Preservativos Masculinos Vai que Rola,0,0,0,0,0
FarmaPonte,Esgotado,276.0,12,0.0,Óleo de Rícino Ever Care 30 ml,0,0,0,0,0
FarmaPonte,Esgotado,276.0,12,0.0,Protetor Solar Dermoplex FPS 60 50 g BS Pharma,0,0,0,0,0
FarmaPonte,Esgotado,276.0,14,0.0,Pasta de Dente Colgate Natural Extracts Detox Coco e Gengibre 90g,0,0,0,0,0
Drogaria São Paulo,Disponível,276.0,13,7896004733234.0,Prednisolona 20mg Genérico EMS 10 Comprimidos,"22,04","14,79",-32.9%,"14,79",-32.9%
FarmaPonte,Esgotado,276.0,13,0.0,Esponja Para Maquiagem Nude - Special Diamond Blend Océane,0,0,0,0,0
FarmaPonte,Esgotado,276.0,13,0.0,Fio Dental Black - Medfio - Menta (Cód. 26.9127),0,0,0,0,0
FarmaPonte,Esgotado,276.0,14,0.0,Synthroid 50mcg Abbott 30 Cápsulas,0,0,0,0,0
FarmaPonte,Esgotado,276.0,14,0.0,Máscara Capilar Siàge Hair-Plastia 250g,0,0,0,0,0
FarmaPonte,Esgotado,276.0,13,0.0,"Bauny Cor Preto - Delineador Líquido 1,9ml",0,0,0,0,0
FarmaPonte,Esgotado,276.0,12,0.0,Bicarbonato De Sodio Natural - Biodinamica - Bicarbonato De Sódio 500g Natural - Biodinâmica,0,0,0,0,0
FarmaPonte,Esgotado,276.0,12,0.0,Brinco Antialérgico Studex Classic Bezel Cristal Médio Dourado,0,0,0,0,0
Drogaria São Paulo,Disponível,276.0,13,7896004781310.0,Cloridrato de Donepezila 10mg + Cloridrato de Memantina 20mg Genérico EMS 30 Comprimidos Revestidos,"133,22","89,99",-32.5%,"89,99",-32.5%
FarmaPonte,Esgotado,276.0,12,0.0,Tônico Capilar Salão em Casa Cronograma Profissional 120ml,0,0,0,0,0
FarmaPonte,Esgotado,276.0,13,0.0,Noregyna 50mg/ml + 5mg/ml Cifarma 1ml 1 Ampola,0,0,0,0,0
FarmaPonte,Esgotado,276.0,14,0.0,Suplemento Alimentar Caldê MDK 1.000UI 30 Comprimidos,0,0,0,0,0
Drogaria São Paulo,Disponível,276.0,13,7896006219088.0,Vitamina D Font D 10.000UI  União Química 4 Comprimidos,"34,34","27,59",-19.7%,"27,59",-19.7%
Drogaria São Paulo,Disponível,276.0,14,7896006225744.0,Cloridrato de Clindamicina 300mg Genérico União 16 Cápsulas Gelatinosas,"120,62","31,67",-73.7%,"31,67",-73.7%
Drogaria São Paulo,Disponível,276.0,14,7896094208124.0,Nactali 75mcg Libbs 84 Comprimidos Revestidos,"124,97","85,63",-31.5%,"85,63",-31.5%
Drogaria São Paulo,Disponível,276.0,13,7899551307743.0,Paracetamol 500mg + Fosfato de Codeína 30mg Genérico Biolab 36 Comprimidos,"76,25","42,16",-44.7%,"42,16",-44.7%
Drogaria São Paulo,Disponível,276.0,13,7896004737324.0,Diclin 2mg+35mg Merck S/A 63 comprimidos revestidos,"57,00","57,00",-,"57,00",-
Drogaria São Paulo,Disponível,276.0,12,7899095236639.0,Losartana Potássica 50mg Genérico Geolab 30 Comprimidos,"12,13","6,59",-45.7%,"6,59",-45.7%
FarmaPonte,Esgotado,276.0,12,0.0,Chips De Batata-Doce Com Sal Mundo Verde Seleção 40g,0,0,0,0,0
Drogaria São Paulo,Disponível,275.0,12,7891317013905.0,"Kóide D 0,25mg/5ml + 2mg/5ml Eurofarma 120mL Xarope","72,89","72,59",-0.4%,"72,59",-0.4%
FarmaPonte,Esgotado,275.0,13,0.0,Base Líquida Matte Fran by Franciny Ehlke Real Filter C-01 30 g,0,0,0,0,0
FarmaPonte,Esgotado,275.0,13,0.0,Batom Líquido Matte Eudora Niina Secrets Skinny Terracota Orquídea 5 ml,0,0,0,0,0
FarmaPonte,Esgotado,275.0,13,0.0,Óleo Capilar Mágico Dabelle Hair Blend de Óleos 40ml,0,0,0,0,0
FarmaPonte,Esgotado,275.0,15,0.0,Complemento Alimentar Nutren Senior Café com Leite 370g,0,0,0,0,0
FarmaPonte,Esgotado,275.0,12,0.0,Refil para Escova Elétrica Oral-B Precision Clean 4 Unidades,0,0,0,0,0
FarmaPonte,Esgotado,275.0,13,0.0,Hidratante Facial em Gel Nivea 5 em 1 Pele Oleosa 100g,0,0,0,0,0
FarmaPonte,Esgotado,275.0,12,0.0,Refrigerante Coca Cola Sem Açucar 2L,0,0,0,0,0
Drogaria São Paulo,Disponível,275.0,13,7898565164519.0,Fosfato de Oseltamivir 30mg Genérico Natcofarma 10 Cápsulas,"94,12","69,99",-25.6%,"69,99",-25.6%
FarmaPonte,Esgotado,275.0,12,0.0,Fio Dental Oral-B Satin Tape Menta 25m,0,0,0,0,0
FarmaPonte,Esgotado,275.0,12,0.0,Amolecedor de Cutículas Ideal Manteiga de Karité 100ml,0,0,0,0,0
FarmaPonte,Esgotado,275.0,14,0.0,Pastilha Valda Friends 25g,0,0,0,0,0
FarmaPonte,Esgotado,275.0,13,0.0,Shampoo Seda Niina Secrets Colágeno e Vitamina C 325ml,0,0,0,0,0
FarmaPonte,Esgotado,275.0,13,0.0,Máscara de Tratamento Tresemmé Reconstrução e Força 400g,0,0,0,0,0
FarmaPonte,Esgotado,275.0,13,0.0,Kit Esponja de Maquiagem Para Base Beauty Charm,0,0,0,0,0
Drogaria São Paulo,Disponível,275.0,12,7896112130192.0,Cefadroxila 500mg Genérico Teuto 8 Cápsulas,"66,52","20,29",-69.5%,"20,29",-69.5%
FarmaPonte,Esgotado,275.0,12,0.0,Máscara Para Cílios Essence Alongadora Lash Princess Marrom 12ml,0,0,0,0,0
Drogaria São Paulo,Disponível,275.0,16,7898029550124.0,Arcalion 200mg Servier 20 Comprimidos,"59,86","51,97",-13.2%,"51,97",-13.2%
FarmaPonte,Esgotado,275.0,14,0.0,Protetor Diário Carefree Proteção Com Perfume 80 Unidades,0,0,0,0,0
Drogaria São Paulo,Disponível,275.0,13,7896181914518.0,Depakote ER 250mg Abbott 30 Comprimidos,"161,41","161,35",-0.0%,"161,35",-0.0%
FarmaPonte,Esgotado,275.0,12,0.0,Minti  20mg/ml Momenta 45ml,0,0,0,0,0
Drogaria São Paulo,Disponível,275.0,12,7898687730470.0,Nitazoxanida 20mg/Ml Genérico Althaia 45ml Pó Suspensão Oral,"18,62","16,82",-9.7%,"16,82",-9.7%
FarmaPonte,Esgotado,275.0,13,0.0,Creme de Barbear Hipoalergênico Noir Men - Alergoshop,0,0,0,0,0
FarmaPonte,Esgotado,275.0,14,0.0,Qlaira 2mg + 2mg + 2mg + 2mg + 3mg + 1mg Bayer 28 Comprimidos,0,0,0,0,0
FarmaPonte,Esgotado,275.0,14,0.0,Unhas Postiças Colors Corpus Nude Corpus,0,0,0,0,0
FarmaPonte,Esgotado,275.0,14,0.0,Kit Lenço Umedecido Infantil Huggies Rosto e Corpo 4 Pacotes com 48 Unidades,0,0,0,0,0
FarmaPonte,Esgotado,275.0,13,0.0,Gel de Limpeza Facial com Ext. de Ginseng - Facial Cleansing Gel 100ml Océane,0,0,0,0,0
FarmaPonte,Esgotado,275.0,13,0.0,Cílios Postiços I-Envy Collection 160 Flash 3D 1 Unidade,0,0,0,0,0
FarmaPonte,Esgotado,274.0,12,0.0,Protetor Diário Always Hipoalergênico Sensitive Sem Perfume 80 Unidades,0,0,0,0,0
FarmaPonte,Esgotado,274.0,13,0.0,Vizzela LipLiner Lapiseira Labial - 07-Maravilhosa,0,0,0,0,0
Drogaria São Paulo,Disponível,274.0,13,7891317014254.0,"Atrace 37,5mg + 325mg Momenta Farma 20 Comprimidos","66,94","61,96",-7.4%,"61,96",-7.4%
FarmaPonte,Esgotado,274.0,12,0.0,Absorvente Geriátrico Bigfral 3 em 1 Tamanho Único 20 Unidades,0,0,0,0,0
FarmaPonte,Esgotado,274.0,13,0.0,Merthiolate Cicatrix 30ml,0,0,0,0,0
FarmaPonte,Esgotado,274.0,13,0.0,Gel De Limpeza Facial Antiacne Vult Facial 300g,0,0,0,0,0
FarmaPonte,Esgotado,274.0,12,0.0,Algodão Hidrófilo Em Bolas - 100G,0,0,0,0,0
FarmaPonte,Esgotado,274.0,12,0.0,Água Micelar L'Oréal Paris Solução de Limpeza 5 em 1 400ml,0,0,0,0,0
FarmaPonte,Esgotado,274.0,14,0.0,Água Glaceau Smartwater Mineral Sem Gás 591ml,0,0,0,0,0
FarmaPonte,Esgotado,274.0,12,0.0,Pasta de Dente Closeup Tripla Proteção Menta 70g,0,0,0,0,0
FarmaPonte,Esgotado,274.0,12,0.0,Pomada Modeladora Orgânica Acqua 100g,0,0,0,0,0
Drogaria São Paulo,Disponível,274.0,14,7898040328191.0,Marevan 5mg Farmoquímica 30 comprimidos,"22,96","20,99",-8.6%,"20,99",-8.6%
Drogaria São Paulo,Disponível,274.0,14,7891721014642.0,Euthyrox 25mcg Merck S/A 50 Cápsulas,"38,58","35,63",-7.6%,"35,63",-7.6%
FarmaPonte,Esgotado,274.0,14,0.0,Valda Própolis e Gengibre 50g,0,0,0,0,0
FarmaPonte,Esgotado,274.0,13,0.0,Leave-In Caviar By Lunna Hair Hidrabell 200g,0,0,0,0,0
FarmaPonte,Esgotado,274.0,13,0.0,Kit Óleo de Limpeza Facial Gokujyun 200ml + Massageador Facial 1 Unidade,0,0,0,0,0
FarmaPonte,Esgotado,274.0,13,0.0,Pasta de Dente Sensodyne Original Dentes Sensíveis 90g,0,0,0,0,0
FarmaPonte,Esgotado,274.0,12,0.0,Gel Condicionador Bozzano Média Fixação Fator 2 300g,0,0,0,0,0
Drogaria São Paulo,Disponível,274.0,13,7897316801239.0,"Biamotil-D 3,5mg/mL + 1mg/mL Allergan 5ml Solução Uso Oftálmico","46,13","46,13",-,"46,13",-
FarmaPonte,Esgotado,274.0,12,0.0,Bauny - Pó Compacto Facial com FPS 25 10g - Cor 010,0,0,0,0,0
FarmaPonte,Esgotado,274.0,12,0.0,Bolsa para Gelo SKY - LISMED,0,0,0,0,0
FarmaPonte,Esgotado,274.0,12,0.0,Indocid 50mg Aspen 30 Cápsulas,0,0,0,0,0
FarmaPonte,Esgotado,274.0,12,0.0,Cílios Postiços Kiss New York Looks So Natural Flirty Kiss 2 Pares,0,0,0,0,0
Drogaria São Paulo,Disponível,274.0,14,7894916507981.0,Miosan 5mg Apsen 10 comprimidos Revestidos,"118,89","111,59",-6.1%,"111,59",-6.1%
FarmaPonte,Esgotado,274.0,14,0.0,Creme Hidratante Facial Anti-idade L'Oréal Paris Revitalift Hialurônico Diurno FPS 20 49g,0,0,0,0,0
FarmaPonte,Esgotado,274.0,14,0.0,Mousse de Limpeza Facial 18/25 150ml - Souvie,0,0,0,0,0
Drogaria São Paulo,Disponível,274.0,12,7893454101149.0,"Olanzapina 2,5mg Genérico Cellera Farma 30 Comprimidos","256,23","20,99",-91.8%,"20,99",-91.8%
FarmaPonte,Esgotado,274.0,13,0.0,Creme Cicatricure Gold Lift Noturno Reduz Rugas 50g,0,0,0,0,0
Drogaria São Paulo,Disponível,274.0,12,7896094208117.0,Nactali 75mcg Libbs 28 Comprimidos Revestidos,"50,54","35,24",-30.3%,"35,24",-30.3%
FarmaPonte,Esgotado,274.0,12,0.0,Hastes Flexíveis Cotonetes 75 Unidades,0,0,0,0,0
FarmaPonte,Esgotado,274.0,16,0.0,Refil Lenço Umedecido Bioré Make Up Demaquilante 44 Unidades,0,0,0,0,0
FarmaPonte,Esgotado,274.0,12,0.0,Descolorante em Pó Blondor Clareador Individual Sachê 20g,0,0,0,0,0
FarmaPonte,Esgotado,274.0,13,0.0,Chocolate M&M Chocolate ao Leite 148g,0,0,0,0,0
FarmaPonte,Esgotado,274.0,14,0.0,Fralda Huggies Supreme Care XXG 58 Unidades,0,0,0,0,0
FarmaPonte,Esgotado,274.0,13,0.0,Cera Depilatória Depilsam Feminina Roll On 100g,0,0,0,0,0
Drogaria São Paulo,Disponível,274.0,13,7896672203909.0,"Broncho-Vaxon Pediátrico 3,5mg Chiesi Farmacêutica 10 Cápsulas","74,73","71,53",-4.3%,"71,53",-4.3%
FarmaPonte,Esgotado,274.0,13,0.0,Refil Sabonete Facial Biorè Marshmallow Whip Moisture 130ml,0,0,0,0,0
Drogaria São Paulo,Disponível,273.0,12,7896006237372.0,Fenobarbital 100mg Genérico União Química 30 Comprimidos,"12,25","7,51",-38.7%,"7,51",-38.7%
Drogaria São Paulo,Disponível,273.0,13,7898927562298.0,Topiramato 50mg Genérico Zydus Brasil 60 Comprimidos Revestidos,"107,64","45,53",-57.7%,"45,53",-57.7%
FarmaPonte,Esgotado,273.0,14,0.0,Esponja de Banho Ever Care Infantil 1 Unidade,0,0,0,0,0
FarmaPonte,Esgotado,273.0,12,0.0,Fralda Ever Baby Pants Roupinha G 30 Unidades,0,0,0,0,0
Drogaria São Paulo,Disponível,273.0,12,7891317014186.0,"Atak Clav 80mg/ml + 11,4mg/ml Momenta 70ml Suspensão Oral","45,29","41,74",-7.8%,"41,74",-7.8%
FarmaPonte,Esgotado,273.0,13,0.0,"Vizzela Ecobrilho Crystals Pedras Dos Signos - Brilho Para Os Olhos 1,5g - Câncer",0,0,0,0,0
FarmaPonte,Esgotado,273.0,12,0.0,Elástico para Cabelo Ever You Fashin Sortidos 2 Unidades,0,0,0,0,0
FarmaPonte,Esgotado,273.0,13,0.0,Óleo De Rosa Mosqueta Puro - 20Ml,0,0,0,0,0
FarmaPonte,Esgotado,273.0,13,0.0,Mel Baldoni Turma Da Mônica Sachê 40g,0,0,0,0,0
Drogaria São Paulo,Disponível,273.0,13,7898049796571.0,Maleato De Enalapril 20mg Genérico Vitamedic 30 Comprimidos,"38,81","10,99",-71.7%,"10,99",-71.7%
FarmaPonte,Esgotado,273.0,12,0.0,Argila Modeladora GO Man com Tea Tree Fixação Forte 500g,0,0,0,0,0
FarmaPonte,Esgotado,273.0,13,0.0,"Bio-Vagin 62,5mg/g + 25.000UI/g + 1,25mg/g Adium 40g Creme + 10 Aplicadores",0,0,0,0,0
FarmaPonte,Esgotado,273.0,12,0.0,Missha 3D Máscara - Rímel para Cílios 7g,0,0,0,0,0
FarmaPonte,Esgotado,273.0,12,0.0,Minoxidil 5% em gel para barba 120g,0,0,0,0,0
FarmaPonte,Esgotado,273.0,12,0.0,Gelatina Capilar Ativadora De Cachos Salon Line S.O.S Cachos Manteiga de Karité 400g,0,0,0,0,0
Drogaria São Paulo,Disponível,273.0,14,7896006231103.0,Desogestrel 75mcg Genérico Uniao Quimica 28 Comprimidos Revestidos,"36,04","16,52",-54.2%,"16,52",-54.2%
FarmaPonte,Esgotado,273.0,14,0.0,Kit Clareador Lightner Gérmen de Trigo - Cless,0,0,0,0,0
FarmaPonte,Esgotado,273.0,13,0.0,Sombra e Iluminador Compacto 2x1 Bruna Tavares Disney Mallow Dream Castle 5 g,0,0,0,0,0
Drogaria São Paulo,Disponível,273.0,14,7896714263144.0,Paracetamol 500mg + Fosfato de Codeína 30mg Genérico Neo Química 24 Comprimidos,"40,10","30,99",-22.7%,"30,99",-22.7%
FarmaPonte,Esgotado,273.0,13,0.0,Chocolate Dark Linea 50% Cacau Zero Açúcar 13g,0,0,0,0,0
Drogaria São Paulo,Disponível,273.0,12,7896641810756.0,Lozeprel 20mg Multilab 14 Comprimidos,"41,33","41,33",-,"41,33",-
FarmaPonte,Esgotado,273.0,13,0.0,Barra Castanha do Brasil e Açai Chocolife 80g,0,0,0,0,0
Drogaria São Paulo,Disponível,273.0,13,8903855086583.0,Loredon 100mg Torrent 30 Comprimidos,"210,30","125,77",-40.2%,"125,77",-40.2%
Drogaria São Paulo,Disponível,273.0,15,7898040328191.0,Junno 200mg Farmoquímica 14 Comprimidos,"22,96","20,99",-8.6%,"20,99",-8.6%
Drogaria São Paulo,Disponível,273.0,12,7898910350079.0,Mononitrato de Isossorbida 40mg Genérico Zydus Nikkho 20 Comprimidos,"21,87","9,10",-58.4%,"9,10",-58.4%
FarmaPonte,Esgotado,273.0,13,0.0,Kit Darrow Água Micelar Dermatológica Peles Oleosas 100ml + Máscara Facial Dermatológica de Argila Esfoliante Peles Oleosas 2 Sachês de 5g,0,0,0,0,0
Drogaria São Paulo,Disponível,273.0,13,7891268101782.0,Depo Provera 150mg/ml Pfizer 1 Seringa Preenchida,"64,56","59,18",-8.3%,"59,18",-8.3%
FarmaPonte,Esgotado,273.0,13,0.0,Sabonete em Barra Lux Botanicals Lavanda 85g,0,0,0,0,0
FarmaPonte,Esgotado,273.0,12,0.0,Creme de Tratamento Elseve L'Oréal Paris Longo dos Sonhos 300g,0,0,0,0,0
FarmaPonte,Esgotado,273.0,12,0.0,Bola Massageadora Dupla Em Epp Colors - Acte,0,0,0,0,0
Drogaria São Paulo,Disponível,273.0,12,7898049793310.0,Ivermectina 6mg Genérico Vitamedic 4 Comprimidos,"35,69","16,99",-52.4%,"16,99",-52.4%
FarmaPonte,Esgotado,273.0,12,0.0,Leave-In Cachos Knut 250ml,0,0,0,0,0
FarmaPonte,Esgotado,273.0,14,0.0,Tracta Finalizador - Pó Matte 15g - Po-Banana15g,0,0,0,0,0
FarmaPonte,Esgotado,273.0,13,0.0,Mousse Redensifica E Encorpa Amend  140g,0,0,0,0,0
FarmaPonte,Esgotado,273.0,13,0.0,Composto Lácteo Nestlé Neslac Supreme Lata 800g,0,0,0,0,0
Drogaria São Paulo,Disponível,272.0,13,7908020500797.0,"Acetato De Ciproterona 2mg + Etinilestradiol 0,035mg Genérico Cifarma 21 Comprimidos","25,58","12,89",-49.6%,"12,89",-49.6%
FarmaPonte,Esgotado,272.0,12,0.0,Kit Naninha e Manta Para Bebê Hannys Baby - Rosa,0,0,0,0,0
Drogaria São Paulo,Disponível,272.0,13,7899420502378.0,Aval 320mg Supera 30 Comprimidos Revestidos,"61,33","56,83",-7.3%,"56,83",-7.3%
FarmaPonte,Esgotado,272.0,14,0.0,Mamadeira Lillo Divertida Azul Silicone Ortodôntico 240ml,0,0,0,0,0
FarmaPonte,Esgotado,272.0,13,0.0,Kit Pantene Hidratação Shampoo 350ml + Condicionador 175ml,0,0,0,0,0
Drogaria São Paulo,Disponível,272.0,13,7896181909880.0,Carvedilol 25mg Genérico Biosintética  30 Comprimidos,"57,95","21,99",-62.1%,"21,99",-62.1%
Drogaria São Paulo,Disponível,272.0,12,7898060138084.0,Captocord 50mg Globo 30 Comprimidos,"24,68","22,59",-8.5%,"22,59",-8.5%
FarmaPonte,Esgotado,272.0,13,0.0,"Hidratante Labial Beta Bauniilha 9,5g",0,0,0,0,0
Drogaria São Paulo,Disponível,272.0,15,7896004761152.0,Lorazepam 2mg Genérico Germed Pharma 30 Comprimidos,"29,96","11,99",-60.0%,"11,99",-60.0%
Drogaria São Paulo,Disponível,272.0,14,7898216363445.0,Claritromicina 500mg Genérico Pharlab 14 Comprimidos,"149,77","79,99",-46.6%,"79,99",-46.6%
Drogaria São Paulo,Disponível,272.0,14,5000456061124.0,Seroquel 25mg Astrazeneca 14 Cápsulas,"51936,03","44999,90",-13.4%,"44999,90",-13.4%
Drogaria São Paulo,Disponível,272.0,13,7899824401208.0,Clic 100mcg + 20mcg Arese Pharma 21 Comprimidos Revestido,"29,39","24,99",-15.0%,"24,99",-15.0%
Drogaria São Paulo,Disponível,272.0,12,7896181914518.0,Benicar 20mg Daiichi Sankyo  30 Comprimidos,"161,41","161,35",-0.0%,"161,35",-0.0%
Drogaria São Paulo,Disponível,272.0,13,7899620915046.0,Scaflogin 100mg Globo 12 Comprimidos,"16,69","11,99",-28.2%,"11,99",-28.2%
FarmaPonte,Esgotado,272.0,14,0.0,Creme clareador para área dos olhos 30g,0,0,0,0,0
FarmaPonte,Esgotado,272.0,13,0.0,Creme Depolatório Facial Depimiel 10g,0,0,0,0,0
Drogaria São Paulo,Disponível,272.0,13,7898430194177.0,Mytro 10mg Myralis 10 Comprimidos Sublinguais,"32,02","32,02",-,"32,02",-
FarmaPonte,Esgotado,272.0,12,0.0,"Hidratante Labial Nivea Amora Shine 4,8g",0,0,0,0,0
Drogaria São Paulo,Disponível,272.0,13,7896422515511.0,Cloridrato de Propanolol 10mg Genérico Medley 30 Comprimidos,"6,54","4,99",-23.7%,"4,99",-23.7%
FarmaPonte,Esgotado,272.0,15,0.0,Esponja de Banho Diário Ponjita 3M,0,0,0,0,0
FarmaPonte,Esgotado,272.0,12,0.0,"Lápis de Olho Vult Dourado Coleção Top Hits Maker 1,1g",0,0,0,0,0
FarmaPonte,Esgotado,272.0,13,0.0,Ampola Mega Dose Eico Salão em Casa Hidratação Intensiva 45ml,0,0,0,0,0
Drogaria São Paulo,Disponível,272.0,13,7896004720876.0,Ácido Mefenâmico 500mg Genérico Germed 24 Comprimidos,"28,70","18,99",-33.8%,"18,99",-33.8%
FarmaPonte,Esgotado,272.0,12,0.0,Creme Dental Clareador Colgate Luminous White Glow 70g - Pasta de Dente Colgate Luminous White Glow Mint 70g,0,0,0,0,0
Drogaria São Paulo,Disponível,272.0,13,7891721016165.0,Codein 30mg Cristália 30 Comprimidos,"117,41","109,88",-6.4%,"109,88",-6.4%
FarmaPonte,Esgotado,272.0,13,0.0,Colírio Maxidex 1mg/ml Novartis 5ml,0,0,0,0,0
FarmaPonte,Esgotado,272.0,12,0.0,Loção Neutralizante Sfera - Nazca - 1000ml,0,0,0,0,0
Drogaria São Paulo,Disponível,272.0,12,7891317457211.0,Mantidan 100mg Eurofarma 30 Comprimidos,"60,16","52,46",-12.8%,"52,46",-12.8%
Drogaria São Paulo,Disponível,271.0,13,7896676422337.0,Pinazan 25mg Cristália 30 Comprimidos,"135,35","126,71",-6.4%,"126,71",-6.4%
FarmaPonte,Esgotado,271.0,15,0.0,Escova para Cabelo Ever You Raquete Glitter 1 Unidade,0,0,0,0,0
FarmaPonte,Esgotado,271.0,12,0.0,kit 3 unidades Ácido hialurônico 1% gel creme 30g,0,0,0,0,0
FarmaPonte,Esgotado,271.0,12,0.0,"Lápis De Olho Cremoso Essence Longlasting 12 I Have A Green 0,28g",0,0,0,0,0
Drogaria São Paulo,Disponível,271.0,14,7896241221853.0,Betaserc 24mg Abbott 30 Comprimidos,"15,85","12,99",-18.0%,"12,99",-18.0%
FarmaPonte,Esgotado,271.0,12,0.0,Bicarbonato de Sódio Clean Okta Morango 200g - DCMA,0,0,0,0,0
Drogaria São Paulo,Disponível,271.0,13,7894916502863.0,Roxflan 5mg Merck S/A 30 Comprimidos,"64,81","64,59",-0.3%,"64,59",-0.3%
Drogaria São Paulo,Disponível,271.0,13,7898616360976.0,Insulina Humalog MIX 25 Kwikpen 100UI/ml Eli Lilly 3ml 1 Caneta Descartável,"76,63","62,99",-17.8%,"62,99",-17.8%
FarmaPonte,Esgotado,271.0,12,0.0,Biscoito tortinhas sabor Chocolate 140g - Adria,0,0,0,0,0
Drogaria São Paulo,Disponível,271.0,13,7896422504386.0,Diclofenaco Potássico 50mg Genérico Medley 20 Comprimidos,"12,62","7,59",-39.9%,"7,59",-39.9%
FarmaPonte,Esgotado,271.0,12,0.0,Gel de Sobrancelha Maybelline NY Tattoo Brow 3 Dias Warm Brown 5g,0,0,0,0,0
Drogaria São Paulo,Disponível,271.0,12,7898569765019.0,Vitamina D 5.000UI Althaia 30 Cápsulas,"80,55","42,99",-46.6%,"42,99",-46.6%
Drogaria São Paulo,Disponível,271.0,13,7896004761824.0,"Cloridrato de Tansulosina 0,4mg Genérico EMS 60 Comprimidos","252,25","135,99",-46.1%,"135,99",-46.1%
Drogaria São Paulo,Disponível,271.0,14,7897411650787.0,Benicar Odt 20mg Daiichi Sankyo 30 Comprimidos,"84,43","79,99",-5.3%,"79,99",-5.3%
FarmaPonte,Esgotado,271.0,13,0.0,Bebida Láctea Alpino Fast Garrafa 280ml,0,0,0,0,0
FarmaPonte,Esgotado,271.0,12,0.0,Base Líquida Matte Fran by Franciny Ehlke Real Filter M-03 30 g,0,0,0,0,0
FarmaPonte,Esgotado,271.0,13,0.0,Melleril 10mg Cellera 20 Drágeas,0,0,0,0,0
FarmaPonte,Esgotado,271.0,13,0.0,Absorvente Intimus® Noturno Discreto C/Abas 28 Unidades,0,0,0,0,0
FarmaPonte,Esgotado,271.0,12,0.0,Protetor Solar Facial Hidratante Garnier Uniform & Matte FPS30 Vitamina C 40g,0,0,0,0,0
FarmaPonte,Esgotado,271.0,12,0.0,Spray Depilatório Depilsam Corpo Aerosol 150Ml,0,0,0,0,0
FarmaPonte,Esgotado,271.0,13,0.0,Autobronzeador Corporal Skelt Red Carpet Glow Mousse 140ml,0,0,0,0,0
Drogaria São Paulo,Disponível,271.0,12,7896006237372.0,Primolut-Nor 10mg União Química 30 Comprimidos,"12,25","7,51",-38.7%,"7,51",-38.7%
Drogaria São Paulo,Disponível,271.0,13,7891317016067.0,Medato 10mg Momenta Farma 30 Comprimidos,"144,99","144,99",-,"144,99",-
FarmaPonte,Esgotado,270.0,13,0.0,Elástico para Cabelo Ever Care de Tecido Branco 1 Unidade,0,0,0,0,0
FarmaPonte,Esgotado,270.0,12,0.0,Água Micelar Pele Mista a Oleosa Higiporo 120ml - Davene,0,0,0,0,0
Drogaria São Paulo,Disponível,270.0,13,7891317448653.0,Peridal 10mg Mantecorp Farmasa 30 Comprimidos,"28,17","7,91",-71.9%,"7,91",-71.9%
Drogaria São Paulo,Disponível,270.0,13,7896112102519.0,Metronidazol 250mg Genérico Teuto 20 Comprimidos,"14,74","9,69",-34.3%,"9,69",-34.3%
FarmaPonte,Esgotado,270.0,14,0.0,Loção Facial Pós-Barba Bozzano Night Blue 100ml,0,0,0,0,0
FarmaPonte,Esgotado,270.0,13,0.0,Pincel Multifuncional Face Mariana Saad By Océane Ms2,0,0,0,0,0
FarmaPonte,Esgotado,270.0,12,0.0,Adoçante Linea Stévia Líquido 25ml 1 Unidade,0,0,0,0,0
FarmaPonte,Esgotado,270.0,13,0.0,Pastilhas Tic-Tac Menta 16g,0,0,0,0,0
Drogaria São Paulo,Disponível,270.0,12,7897337716239.0,Mercilon Conti 150mcg + 20mcg Organon 28 Comprimidos,"61,16","44,48",-27.3%,"44,48",-27.3%
FarmaPonte,Esgotado,270.0,13,0.0,Kit Shampoo Pantene Brilho Extremo 400ml + Condicionador 175ml,0,0,0,0,0
Drogaria São Paulo,Disponível,270.0,12,7895296211086.0,Cloridrato Diltiazem 60mg Genérico Mepha  50 Comprimidos,"48,83","36,99",-24.2%,"36,99",-24.2%
FarmaPonte,Esgotado,270.0,15,0.0,Energético Juice Monster Khaotic Tropical Orange 473ml,0,0,0,0,0
FarmaPonte,Esgotado,270.0,12,0.0,Super Gel 30 Ervas - Pomada Massageadora 150g,0,0,0,0,0
FarmaPonte,Esgotado,270.0,12,0.0,Clareador de manchas proteico do verão 30g,0,0,0,0,0
Drogaria São Paulo,Disponível,270.0,12,7896006201090.0,Vitamina D D3Caps 50.000UI União Química 8 Cápsulas,"104,96","90,50",-13.8%,"90,50",-13.8%
Drogaria São Paulo,Disponível,270.0,15,7896672202810.0,Clenil Compositum Hfa 50mcg/dose + 100mcg/dose Chiesi 200 Doses Spray,"49,99","44,59",-10.8%,"44,59",-10.8%
Drogaria São Paulo,Disponível,270.0,15,7896672202919.0,Clenil Jet HFA 250mcg/dose Chiesi 200 Doses Spray,"80,69","75,99",-5.8%,"75,99",-5.8%
FarmaPonte,Esgotado,270.0,15,0.0,Creme para Pentear Seda Boom Definição Intensa  350ml,0,0,0,0,0
FarmaPonte,Esgotado,270.0,12,0.0,Mamadeira MAM Fashion Bottle Boys 330mL - 4833,0,0,0,0,0
FarmaPonte,Esgotado,270.0,14,0.0,Protetor Diário Carefree Todo Dia Sem Fragrância 80 Unidades,0,0,0,0,0
FarmaPonte,Esgotado,270.0,14,0.0,Adacne 1mg/g Glenmark 30g Gel,0,0,0,0,0
FarmaPonte,Esgotado,270.0,14,0.0,Máscara Facial com Mineiras do Mar Morto - Dead Sea Minerals Mask 8g Océane,0,0,0,0,0
FarmaPonte,Esgotado,270.0,13,0.0,Cera Roll-on Mel - Depil Bella - Refil 100g - Cera Roll-On Mel - Depil Bella - Refil 100g,0,0,0,0,0
FarmaPonte,Esgotado,270.0,13,0.0,Kit L’Oréal Paris Solar Expertise Água Micelar 200ml + Protetor Solar FPS60 Antioleosidade 25g,0,0,0,0,0
FarmaPonte,Esgotado,270.0,12,0.0,Máscara Para Cílios De Volume Essence Get Big Lashes 12ml,0,0,0,0,0
Drogaria São Paulo,Disponível,270.0,13,7899547511031.0,Metformina 500mg Genérico Prati 30 Cápsulas de Liberação Prolongada,"9,59","6,59",-31.3%,"6,59",-31.3%
Drogaria São Paulo,Disponível,269.0,13,7891317016098.0,Tavok 750mg Momenta Farma 7 Comprimidos Revestidos,"107,76","102,59",-4.8%,"102,59",-4.8%
Drogaria São Paulo,Disponível,269.0,15,7899547513226.0,Tadalafila 20mg Genérico Prati Donaduzzi 8 Comprimidos Revestidos,"53,43","16,05",-70.0%,"16,05",-70.0%
FarmaPonte,Esgotado,269.0,14,0.0,Samana Água Micelar Antipoluição 200ml,0,0,0,0,0
FarmaPonte,Esgotado,269.0,13,0.0,Algodão Hidrófilo em Rolo Apolo - 500 G,0,0,0,0,0
FarmaPonte,Esgotado,269.0,13,0.0,Pomada de Mamacadela para Vitiligo 20%,0,0,0,0,0
FarmaPonte,Esgotado,269.0,13,0.0,Bico de Silicone para Mamadeira Kuka 5025 2 Unidades,0,0,0,0,0
Drogaria São Paulo,Disponível,269.0,13,7898040323288.0,Hixizine 25mg Theraskin 30 Comprimidos,"4,13","3,89",-5.8%,"3,89",-5.8%
FarmaPonte,Esgotado,269.0,14,0.0,Barra Nuts Bar Castanhas e Frutas 25g,0,0,0,0,0
FarmaPonte,Esgotado,269.0,12,0.0,Refrigerante Coca-Cola Café Expresso 220ml,0,0,0,0,0
FarmaPonte,Esgotado,269.0,13,0.0,Creme Depilatório Facial Depilsam Karité 50G,0,0,0,0,0
FarmaPonte,Esgotado,269.0,13,0.0,Óleo Bioré Make Up Demaquilante Removedor 150ml,0,0,0,0,0
FarmaPonte,Esgotado,269.0,12,0.0,Óleo Essencial de Melaleuca - Tea Tree Oil 10ml Océane,0,0,0,0,0
FarmaPonte,Esgotado,269.0,13,0.0,Kit Óleo Corporal De Girassol Moph Derme Almotolia 2 Unidades 100ml Cada,0,0,0,0,0
Drogaria São Paulo,Disponível,269.0,14,7896181913511.0,Sibutramina 15mg Genérico Biosintética 30 Cápsulas,"81,92","41,99",-48.7%,"41,99",-48.7%
FarmaPonte,Esgotado,269.0,14,0.0,Super Ampola Inoar Argan 45ml,0,0,0,0,0
Drogaria São Paulo,Disponível,269.0,12,7896672201943.0,Clenil Nasal Aquoso 50mcg/dose Chiesi 1 Frasco com 200 Doses de Suspensão + 1 Pulsador,"84,58","27,59",-67.4%,"27,59",-67.4%
FarmaPonte,Esgotado,269.0,12,0.0,Brinco Antialérgico Studex Cristal Pequeno Prateado,0,0,0,0,0
FarmaPonte,Esgotado,269.0,13,0.0,Kit Capilar para Psoríase - Tônico 100ml + Shampoo 240ml,0,0,0,0,0
Drogaria São Paulo,Disponível,269.0,13,7896004775456.0,Clazi XR 30mg Brace Pharma 30 Cápsulas,"42,00","29,40",-30.0%,"29,40",-30.0%
FarmaPonte,Esgotado,269.0,14,0.0,Whey Protein Concentrado Sachê 28G Dux Nutrition Sachê Cookies,0,0,0,0,0
FarmaPonte,Esgotado,269.0,12,0.0,Suplemento Infantil Fortini Complete Baunilha Danone 400g,0,0,0,0,0
FarmaPonte,Esgotado,269.0,12,0.0,Kit Esponja de Maquiagem Para Pó Cotton Puff,0,0,0,0,0
FarmaPonte,Esgotado,269.0,13,0.0,Vizzela Brow Up! - Cera Para Sobrancelhas 10g,0,0,0,0,0
FarmaPonte,Esgotado,269.0,15,0.0,Manteiga Ghee Natural Dom Afonso 500g,0,0,0,0,0
FarmaPonte,Esgotado,269.0,13,0.0,Acnase Creme Antiacne Biolab 25g,0,0,0,0,0
Drogaria São Paulo,Disponível,269.0,14,7898216367429.0,Aciclovir 200mg Genérico Pharlab 25 Comprimidos,"82,02","19,99",-75.6%,"19,99",-75.6%
FarmaPonte,Esgotado,269.0,12,0.0,Edta Gel 2x3g - Biodinâmica,0,0,0,0,0
FarmaPonte,Esgotado,269.0,12,0.0,Protetor Solar Facial Nivea Sun Tripla Proteção Antissinais Fps 65 40ml,0,0,0,0,0
FarmaPonte,Esgotado,269.0,13,0.0,Suplemento Proteico Líquido Integralmedica My Whey Coco Zero Lactose 250ml,0,0,0,0,0
FarmaPonte,Esgotado,269.0,12,0.0,Brinco Antialérgico Studex Classic Bezel Vermelho Médio Dourado,0,0,0,0,0
FarmaPonte,Esgotado,269.0,13,0.0,Kit Pantene Bambu Shampoo 400ml + Condicionador 150ml,0,0,0,0,0
FarmaPonte,Esgotado,268.0,13,0.0,Lubrificante Íntimo K-Med Gel Hot Netflix Sex Education 200g,0,0,0,0,0
Drogaria São Paulo,Disponível,268.0,12,7896658009693.0,Acertil 10mg Servier 30 comprimidos revestidos,"231,57","215,99",-6.7%,"215,99",-6.7%
FarmaPonte,Esgotado,268.0,13,0.0,"Expectamin 0,4mg/ml + 4mg/ml + 20mg/ml Legrand 120ml Xarope",0,0,0,0,0
FarmaPonte,Esgotado,268.0,12,0.0,Manteiga Hidratante de Focinho  15g - Patas&Raças,0,0,0,0,0
FarmaPonte,Esgotado,268.0,12,0.0,Máscara Facial Maquinox Central - Maquira - Máscara Facial Maquinox Central Rosa - Maquira,0,0,0,0,0
FarmaPonte,Esgotado,268.0,14,0.0,Banana Passa 86g - Banana Brasil,0,0,0,0,0
Drogaria São Paulo,Disponível,268.0,12,7897411650558.0,Desventag 50mg Daiichi Sankyo 30 Comprimidos,"108,74","100,93",-7.2%,"100,93",-7.2%
Drogaria São Paulo,Disponível,268.0,12,7896004706528.0,"Celerg 0,25mg + 2mg Legrand Pharma 20 Comprimidos Revestidos","26,82","12,59",-53.1%,"12,59",-53.1%
Drogaria São Paulo,Disponível,268.0,13,7898430192876.0,Vitamina D DPrev 2.000UI Myralis Pharma 60 Comprimidos,"54,96","54,96",-,"54,96",-
Drogaria São Paulo,Disponível,268.0,12,7897322709970.0,Vitamina D Addera D3 5.000UI Cosmed 30 Cápsulas,"131,73","105,38",-20.0%,"105,38",-20.0%
FarmaPonte,Esgotado,268.0,12,0.0,Kit Gillette Mach3 1 Aparelho Recarregável + 3 Cargas Para Barbear,0,0,0,0,0
Drogaria São Paulo,Disponível,268.0,12,7896112165651.0,Hidroclorotiazida 25mg Genérico Teuto 30 Comprimidos,"4,67","2,59",-44.5%,"2,59",-44.5%
FarmaPonte,Esgotado,268.0,12,0.0,Escova para Cabelo Ever You Modeladora Fina 1 Unidade,0,0,0,0,0
Drogaria São Paulo,Disponível,268.0,13,7897076911780.0,Levocetirizina 5mg Genérico Ranbaxy 10 Comprimidos,"76,08","38,45",-49.5%,"38,45",-49.5%
FarmaPonte,Esgotado,268.0,12,0.0,Máscara Capilar Amend Millenar Óleos Marroquinos 300g,0,0,0,0,0
Drogaria São Paulo,Disponível,268.0,12,7891317420338.0,Rivaxa 20mg Eurofarma 30 Comprimidos,"76,73","24,77",-67.7%,"24,77",-67.7%
Drogaria São Paulo,Disponível,268.0,12,7897851220076.0,Amiobal 200mg Baldacci 30 comprimidos,"46,86","38,90",-17.0%,"38,90",-17.0%
FarmaPonte,Esgotado,268.0,12,0.0,Escova para Cabelo Ever You Raquete de Bolsa Vintage Tartaruga 1 Unidade,0,0,0,0,0
FarmaPonte,Esgotado,268.0,13,0.0,Fórmula Infantil NAN Comfor HMO de 0 a 6 Meses 800g,0,0,0,0,0
FarmaPonte,Esgotado,268.0,12,0.0,Lexotan 6mg Moksha8 30 Cápsulas,0,0,0,0,0
Drogaria São Paulo,Disponível,268.0,12,7908020502524.0,Enantato de Noretisterona 50mg/ml + Valerato de Estradiol 5mg/ml Genérico Cifarma 1 Ampola 1ml Solução Injetável,"27,97","19,21",-31.3%,"19,21",-31.3%
FarmaPonte,Esgotado,268.0,13,0.0,Geleia de uva bordô 270g - Delicassis,0,0,0,0,0
FarmaPonte,Esgotado,268.0,14,0.0,Pasta de Dente Colgate Total 12 Anti-Tártaro 140g,0,0,0,0,0
FarmaPonte,Esgotado,268.0,13,0.0,Galmaline-V 900mg Herbarium 15 Comprimidos - Gamaline-V 900mg Herbarium 15 Comprimidos,0,0,0,0,0
FarmaPonte,Esgotado,268.0,14,0.0,Kit Lenço Umedecido Bepantol Baby 4 Pacotes com 48 Unidades,0,0,0,0,0
FarmaPonte,Esgotado,268.0,13,0.0,Kit Naninha e Manta Para Bebê Hannys Baby - Azul,0,0,0,0,0
Drogaria São Paulo,Disponível,268.0,13,7891721201806.0,Glifage XR 500mg Merck S/A 30 comprimidos,"11,96","9,99",-16.5%,"9,99",-16.5%
FarmaPonte,Esgotado,268.0,12,0.0,Tônico Capilar de Massagem Phytoervas SPA 70ml,0,0,0,0,0
Drogaria São Paulo,Disponível,268.0,13,7898430191916.0,"Tilestal 37,5mg + 325mg Myralis 10 Comprimidos Revestidos","29,05","25,04",-13.8%,"25,04",-13.8%
FarmaPonte,Esgotado,268.0,13,0.0,Bauny - Sombra Duo para Sobrancelhas 5g,0,0,0,0,0
Drogaria São Paulo,Disponível,268.0,12,7891721027451.0,Glifage XR 750mg Merck 30 Comprimidos,"41,33","38,40",-7.1%,"38,40",-7.1%
Drogaria São Paulo,Disponível,267.0,13,7891058006389.0,Puran T4 100mcg Sanofi 30 Comprimidos,"14,39","14,39",-,"14,39",-
FarmaPonte,Esgotado,267.0,12,0.0,Lip Balm Labial Bastão Abacate B.O.B Hidratante 10g,0,0,0,0,0
Drogaria São Paulo,Disponível,267.0,12,7898430192944.0,Vitamina D Prev 7000UI Myralis 4 Comprimidos,"19,16","12,65",-34.0%,"12,65",-34.0%
FarmaPonte,Esgotado,267.0,14,0.0,Océane Larissa Manoela Jelly Eye Shadow Pot - Sombra em Gel Translúcida 4g - Diamond,0,0,0,0,0
FarmaPonte,Esgotado,267.0,13,0.0,Latika Whitening Bege Escuro SPF 15 - BB Cream 30g,0,0,0,0,0
FarmaPonte,Esgotado,267.0,14,0.0,Bico de Mamadeira em Latex Especial Lábios Leporinos - NUK,0,0,0,0,0
FarmaPonte,Esgotado,267.0,13,0.0,Loção para Pernas e Pés FleTop 200ml,0,0,0,0,0
FarmaPonte,Esgotado,267.0,12,0.0,Água Micelar Pele Mista a Oleosa Clássicos Da Natureza 300ml - Davene,0,0,0,0,0
FarmaPonte,Esgotado,267.0,13,0.0,Preservativo Camisinha Masculina Jontex Sensitive 3 Unidades,0,0,0,0,0
FarmaPonte,Esgotado,267.0,13,0.0,Sabonete Líquido Lux Orquídea Negra 250ml,0,0,0,0,0
FarmaPonte,Esgotado,267.0,13,0.0,Creme para Barbear GO Clínical Shave Transparente 150g,0,0,0,0,0
Drogaria São Paulo,Disponível,267.0,13,7896181921011.0,Prednisolona 20mg Genérico Biosintética 10 Comprimidos,"21,95","15,59",-29.0%,"15,59",-29.0%
Drogaria São Paulo,Disponível,267.0,12,7895296423014.0,Paracetamol 500mg + Fosfato De Codeína 30mg Genérico Geolab 12 Comprimidos,"23,00","17,84",-22.4%,"17,84",-22.4%
FarmaPonte,Esgotado,267.0,13,0.0,Óleo Nutritivo Capilar Eico Pro Cachos Mágicos 100ml,0,0,0,0,0
FarmaPonte,Esgotado,267.0,13,0.0,Mel de Abelha Holanda 200g,0,0,0,0,0
Drogaria São Paulo,Disponível,267.0,13,7896862992309.0,Dicloridrato De Hidroxizina 2mg/ml Genérico Medquimica 100ml Com Copo dosador,"32,41","23,26",-28.2%,"23,26",-28.2%
FarmaPonte,Esgotado,267.0,13,0.0,Deo Colônia Íntima Puzzy By Anitta Preparada 25ml,0,0,0,0,0
Drogaria São Paulo,Disponível,267.0,12,7896181918691.0,Pantoprazol 40mg Genérico Biosintética 28 Comprimidos,"90,07","12,37",-86.3%,"12,37",-86.3%
FarmaPonte,Esgotado,267.0,12,0.0,Garrafinha de Proteína Muke Baunilha 27g - Mais Mu,0,0,0,0,0
FarmaPonte,Esgotado,267.0,13,0.0,Chocolate Ferrero Rocher 3 unidades,0,0,0,0,0
FarmaPonte,Esgotado,267.0,12,0.0,Spray Fixador Charming Extra Forte 400ml,0,0,0,0,0
FarmaPonte,Esgotado,267.0,13,0.0,Bolsa Térmica Comfortbag Baby,0,0,0,0,0
FarmaPonte,Esgotado,267.0,12,0.0,Grampo para Cabelo Ever You Jacaré Fashion 1 Unidade,0,0,0,0,0
FarmaPonte,Esgotado,267.0,14,0.0,Hidratante Labial Carmed Fini Dentaduras 10g,0,0,0,0,0
Drogaria São Paulo,Disponível,267.0,14,7896658048272.0,Cloridrato De Sibutramina Monoidratado 15mg Genérico Biosintética 60 Cápsulas,"119,60","68,99",-42.3%,"68,99",-42.3%
Drogaria São Paulo,Disponível,267.0,14,7896672202681.0,Clenil A 400mcg/ml Chiesi 10 Flaconetes,"92,46","65,59",-29.1%,"65,59",-29.1%
Drogaria São Paulo,Disponível,267.0,12,7896269900105.0,Clavulin 500/125mg GSK 21 Comprimidos,"42,25","42,25",-,"42,25",-
Drogaria São Paulo,Disponível,267.0,13,7899547524475.0,Sildenafila 25mg Genérico Prati-Donaduzzi 2 Comprimidos,"20,38","5,59",-72.6%,"5,59",-72.6%
FarmaPonte,Esgotado,267.0,14,0.0,Kit Darrow Água Micelar Dermatológica Peles Oleosas 200ml + Máscara Facial Dermatológica de Argila Esfoliante Peles Oleosas 2 Sachês de 5g,0,0,0,0,0
FarmaPonte,Esgotado,267.0,14,0.0,"Batom Líquido Matte Essence 8h Matte 07 Classic Red 2,5ml",0,0,0,0,0
Drogaria São Paulo,Disponível,267.0,13,7896006238508.0,"Tess 2mg + 0,035mg União Química 21 Comprimidos","39,81","25,33",-36.4%,"25,33",-36.4%
FarmaPonte,Esgotado,267.0,16,0.0,Barra de Cereais Nuts & Joy Coco e Amêndoas 30g,0,0,0,0,0
Drogaria São Paulo,Disponível,267.0,16,7500435191791.0,Citoneurin 5.000mcg P&G 30 Comprimidos Revestidos,"83,20","68,59",-17.6%,"68,59",-17.6%
Drogaria São Paulo,Disponível,267.0,12,7896862910556.0,Gliconil 5mg Medquímica 30 Comprimidos,"13,34","10,99",-17.6%,"10,99",-17.6%
Drogaria São Paulo,Disponível,267.0,13,7896226108919.0,Ketto 10mg Momenta 20 Comprimidos Sublingual,"65,50","57,99",-11.5%,"57,99",-11.5%
Drogaria São Paulo,Disponível,266.0,13,7896862970574.0,Fluconazol 150mg Genérico Medquimica 2 Cápsulas,"22,59","9,59",-57.5%,"9,59",-57.5%
FarmaPonte,Esgotado,266.0,13,0.0,Mandala Make Up - Esponja para Maquiagem,0,0,0,0,0
Drogaria São Paulo,Disponível,266.0,12,7897930760943.0,Meciclin 150mg Natures Plus 16 Cápsulas,"112,66","103,87",-7.8%,"103,87",-7.8%
FarmaPonte,Esgotado,266.0,12,0.0,Protetor Labial Pack Soft Limonada Tropical com Framboesa Intensa - Pack Soft Limonata Tropical com Framboesa Intensa,0,0,0,0,0
Drogaria São Paulo,Disponível,266.0,14,7891158104060.0,Vitamina Sof D 7000UI Abbott 8 Cápsulas,"35,55","30,98",-12.9%,"30,98",-12.9%
FarmaPonte,Esgotado,266.0,14,0.0,Absorvente Always Noturno Tamanho G Cobertura Suave 48 Unidades,0,0,0,0,0
Drogaria São Paulo,Disponível,266.0,13,7896862920418.0,"Hemitartarato de Zolpidem 6,25mg Genérico Medquímica 20 Comprimidos","32,24","24,59",-23.7%,"24,59",-23.7%
FarmaPonte,Esgotado,266.0,13,0.0,Pomada Modeladora para Cabelo Charming Extra Forte 50g,0,0,0,0,0
FarmaPonte,Esgotado,266.0,12,0.0,Pincel Para Iluminador Nádia Tambasco By Océane - Glow To Go,0,0,0,0,0
FarmaPonte,Esgotado,266.0,12,0.0,Creme para Pentear Huggies Kids Cachinhos Poderosos 360ml,0,0,0,0,0
Drogaria São Paulo,Disponível,266.0,13,7898430194238.0,Mytro 10mg Myralis 20 Comprimidos Sublinguais,"50,07","29,90",-40.3%,"29,90",-40.3%
Drogaria São Paulo,Disponível,266.0,14,7898569763916.0,Risedronato Sódico 150mg Genérico Althaia 1 Comprimido,"74,00","36,47",-50.7%,"36,47",-50.7%
FarmaPonte,Esgotado,266.0,12,0.0,Tonico Fortalecedor Capilar Niely Gold Salva Fios 100ml Spray,0,0,0,0,0
Drogaria São Paulo,Disponível,266.0,13,7896212424023.0,TriploA 150mg Supera 10 Comprimidos,"42,84","42,41",-1.0%,"42,41",-1.0%
FarmaPonte,Esgotado,266.0,13,0.0,"Lip Balm Hidratante Pink Cheeks Lip Top Stick FPS 40 Transparente 5,5 g",0,0,0,0,0
FarmaPonte,Esgotado,266.0,13,0.0,Bola Massageadora Dupla Diamond - Acte,0,0,0,0,0
FarmaPonte,Esgotado,266.0,13,0.0,Base Líquida Matte Eudora Niina Secrets Daily Tint Cream Cor 0 25 ml,0,0,0,0,0
FarmaPonte,Esgotado,266.0,13,0.0,Tônico Adstringente Facial Bio Control Agradal 200ml,0,0,0,0,0
FarmaPonte,Esgotado,266.0,13,0.0,Lenço de Limpeza Demaquilante Nivea 3 em 1 Ação Hidratante 25 Unidades,0,0,0,0,0
FarmaPonte,Esgotado,266.0,13,0.0,Bauny Efeito Matte - Base Facial Vegana 27g - Matte Cor 100,0,0,0,0,0
FarmaPonte,Esgotado,266.0,13,0.0,Bala Halls Mini Cereja 15g,0,0,0,0,0
FarmaPonte,Esgotado,266.0,14,0.0,Shampoo Anticaspa Clear Men Ice Cool Menthol 400ml,0,0,0,0,0
FarmaPonte,Esgotado,265.0,14,0.0,Biscoito Recheado sabor tortinha de limão Pacote com 126g - Trakinas,0,0,0,0,0
Drogaria São Paulo,Disponível,265.0,13,7898569760458.0,Rosuvastatina Cálcica 10mg Genérico Althaia 30 Comprimidos,"57,23","18,99",-66.8%,"18,99",-66.8%
Drogaria São Paulo,Disponível,265.0,16,7895296232067.0,Cloridrato de Sertralina 50mg Genérico Mepha 28 Comprimidos,"60,98","39,51",-35.2%,"39,51",-35.2%
FarmaPonte,Esgotado,265.0,12,0.0,Pasta de Dente Gel Closeup Liquifresh Ice 100g,0,0,0,0,0
FarmaPonte,Esgotado,265.0,12,0.0,Adoçante Linea Xilitol Líquido 60ml,0,0,0,0,0
FarmaPonte,Esgotado,265.0,13,0.0,Eudora Niina Secrets Skin Cleansing Oil - Demaquilante 100ml,0,0,0,0,0
FarmaPonte,Esgotado,265.0,13,0.0,Óleo Capilar Wella Professionals Oil Reflections 30 ml,0,0,0,0,0
FarmaPonte,Esgotado,265.0,13,0.0,Loção capilar minoxidil 5% 60ml com propilenoglicol,0,0,0,0,0
FarmaPonte,Esgotado,265.0,13,0.0,Shampoo + Condicionador Seda Liso Perfeito 325ml,0,0,0,0,0
FarmaPonte,Esgotado,265.0,12,0.0,Bala Mastigavel Fruit-Tella Morango 10 Unidades 40g,0,0,0,0,0
FarmaPonte,Esgotado,265.0,12,0.0,"Celestrat 2mg + 0,25mg União Química 20 Comprimidos",0,0,0,0,0
FarmaPonte,Esgotado,265.0,12,0.0,Minoxidil com fator de crescimento 120g,0,0,0,0,0
Drogaria São Paulo,Disponível,265.0,13,7898581710523.0,Noripurum 50mg/ml Blanver 30ml Gotas,"47,54","44,99",-5.4%,"44,99",-5.4%
Drogaria São Paulo,Disponível,265.0,13,7891317009168.0,Tinidazol 30mg/g + Nitrato de Miconazol 20mg/g Genérico Eurofarma 40g Creme Vaginal + 7 Aplicadores,"31,22","27,19",-12.9%,"27,19",-12.9%
FarmaPonte,Esgotado,265.0,12,0.0,Hair Spray Fixador Karina Extra Forte 250ml,0,0,0,0,0
Drogaria São Paulo,Disponível,265.0,12,7896004724577.0,Gliclazida 30mg Genérico EMS 60 Comprimidos,"41,54","28,30",-31.9%,"28,30",-31.9%
FarmaPonte,Esgotado,265.0,12,0.0,Autobronzeador Corporal Skelt Red Carpet Glow Gradual Anticelulite Spray 120ml,0,0,0,0,0
Drogaria São Paulo,Disponível,265.0,13,7899095201187.0,Sodix 50mg Geolab 20 Comprimidos,"15,53","12,59",-18.9%,"12,59",-18.9%
FarmaPonte,Esgotado,265.0,13,0.0,Whey Protein Concentrado - Sachê 28G Sabor Doce De Leite,0,0,0,0,0
FarmaPonte,Esgotado,265.0,13,0.0,Perfume Cool Madam Paris Elysees Eau De Toilette Perfume Feminino 100ml,0,0,0,0,0
FarmaPonte,Esgotado,265.0,14,0.0,Gelatina Lowçucar Sabor Frutas Vermelhas 10G,0,0,0,0,0
FarmaPonte,Esgotado,265.0,13,0.0,Gelatina Lowçucar Sabor Abacaxi Refil 200G,0,0,0,0,0
Drogaria São Paulo,Disponível,265.0,14,7891317453008.0,Domperidona 10mg Genérico Eurofarma 60 Comprimidos,"42,10","16,59",-60.6%,"16,59",-60.6%
FarmaPonte,Esgotado,265.0,13,0.0,Absorvente Externo Sempre Livre Conforto Noturno Suave 8 Unidades,0,0,0,0,0
Drogaria São Paulo,Disponível,264.0,14,7899547502565.0,"Sulfato de Salbutamol 0,48mg/mL Genérico Prati 120ml","8,10","6,59",-18.6%,"6,59",-18.6%
FarmaPonte,Esgotado,264.0,13,0.0,Pincel Chanfrado Para Blush Corpus,0,0,0,0,0
FarmaPonte,Esgotado,264.0,12,0.0,Farinha de Aveia Sem Glúten MV Seleção 200g,0,0,0,0,0
FarmaPonte,Esgotado,264.0,13,0.0,Bolsa para Gelo SNOW - LISMED,0,0,0,0,0
FarmaPonte,Esgotado,264.0,15,0.0,Kit Kiss New York 20 Cílios Postiços + 1 Aplicador Antiaderente Natural,0,0,0,0,0
FarmaPonte,Esgotado,264.0,14,0.0,Cera Cremosa Facial Depilsam de Micro-Ondas Argan 40G,0,0,0,0,0
Drogaria São Paulo,Disponível,264.0,12,7898328480498.0,Synthroid 125mcg Abbott 30 Comprimidos,"10838,98","8799,90",-18.8%,"8799,90",-18.8%
Drogaria São Paulo,Disponível,264.0,13,7896641806360.0,Sitglu 50mg Brace Pharma 30 Comprimidos Revestidos,"95,07","82,66",-13.1%,"82,66",-13.1%
FarmaPonte,Esgotado,264.0,12,0.0,Pastilhas Valda Classic Sachê - 12g,0,0,0,0,0
Drogaria São Paulo,Disponível,264.0,13,7898687731569.0,Cloridrato de Ondansetrona 4mg Genérico Althaia 30 Comprimidos,"59,57","41,39",-30.5%,"41,39",-30.5%
FarmaPonte,Esgotado,264.0,13,0.0,Bicarbonato De Sódio Airon Natural 200g - Maquira,0,0,0,0,0
Drogaria São Paulo,Disponível,264.0,12,7898687733624.0,Cloridrato De Propafenona 150mg Genérico Althaia 60 Comprimido,"54,87","42,56",-22.4%,"42,56",-22.4%
Drogaria São Paulo,Disponível,264.0,13,7897595635143.0,Bissulfato de Clopidogrel 75mg Genérico Sandoz 56 Comprimidos,"198,50","82,99",-58.2%,"82,99",-58.2%
FarmaPonte,Esgotado,264.0,13,0.0,Pipoca Kettle Corn Mundo Verde 60g,0,0,0,0,0
Drogaria São Paulo,Disponível,264.0,12,7899547522150.0,Cloridrato de Sertralina 50mg Genérico Prati-Donaduzzi 30 Comprimidos,"48,25","11,67",-75.8%,"11,67",-75.8%
FarmaPonte,Esgotado,264.0,13,0.0,Bico Chicco Fluxo Rápido Perfect 4M 2 Unidades,0,0,0,0,0
Drogaria São Paulo,Disponível,264.0,13,7896523200361.0,"Levonorgestrel 1,5mg Genérico Cimed 1 Comprimido","17,27","8,90",-48.5%,"8,90",-48.5%
FarmaPonte,Esgotado,264.0,16,0.0,Gommage Texturizadora Capilar Widi Care Potencializando a Juba 480g,0,0,0,0,0
Drogaria São Paulo,Disponível,264.0,12,7898216363063.0,Dphar 10.000UI Pharlab 4 Cápsulas Moles,"28,18","22,56",-19.9%,"22,56",-19.9%
Drogaria São Paulo,Disponível,264.0,12,7896714274010.0,"Dicloridrato de Levocetirizina 5,0mg Genérico Neo Química 10 Comprimidos","41,77","27,99",-33.0%,"27,99",-33.0%
Drogaria São Paulo,Disponível,264.0,15,7897337716260.0,"Livial 2,5mg Organon 28 Comprimidos","324,03","233,44",-28.0%,"233,44",-28.0%
FarmaPonte,Esgotado,264.0,14,0.0,Disco de Crochê Reutilizável - Ares de Mato,0,0,0,0,0
Drogaria São Paulo,Disponível,264.0,13,7898907312646.0,"Hora H uno 1,5mg Melcon 1 Comprimido","23,56","10,99",-53.4%,"10,99",-53.4%
FarmaPonte,Esgotado,264.0,12,0.0,Creme Facial Nivea Antissinais Q10 Power Noite 49g,0,0,0,0,0
FarmaPonte,Esgotado,264.0,14,0.0,Ampola De Tratamento Capilar Anticaspa Skafe  10ml,0,0,0,0,0
FarmaPonte,Esgotado,264.0,14,0.0,Cílios Postiços Curto Absolute New York Istabeauty Ruby 016 Preto 1 Par,0,0,0,0,0
FarmaPonte,Esgotado,264.0,12,0.0,Tônico Facial Antioleosidade 100ml,0,0,0,0,0
Drogaria São Paulo,Disponível,264.0,15,7895296444026.0,Zolpidem 10mg Genérico Mepha 30 Comprimidos Revestidos,"75,91","25,19",-66.8%,"25,19",-66.8%
FarmaPonte,Esgotado,264.0,13,0.0,Ampola De Tratamento Capilar Alho Skafe  10ml,0,0,0,0,0
FarmaPonte,Esgotado,263.0,14,0.0,Kit Tresemmé Hidratação Profunda Shampoo 350ml + Condicionador 175ml,0,0,0,0,0
FarmaPonte,Esgotado,263.0,14,0.0,Escova Dental Colgate 360º Carvão 2 unidades,0,0,0,0,0
FarmaPonte,Esgotado,263.0,14,0.0,Creme Hidratante para Mãos Monange Anti-Idade Q10 e Vitamina E 75g,0,0,0,0,0
FarmaPonte,Esgotado,263.0,12,0.0,Barra de Cereal sabor Salada de Frutas caixa com 12 unidades de 25g - Corpo e Sabor,0,0,0,0,0
FarmaPonte,Esgotado,263.0,12,0.0,"Nordette 0,15mg + 0,03mg Pfizer 63 drágeas",0,0,0,0,0
Drogaria São Paulo,Disponível,263.0,13,7896641807237.0,Mytedom 10mg Cristalia 20 Comprimidos,"10,59","10,59",-,"10,59",-
FarmaPonte,Esgotado,263.0,14,0.0,"Océane Eyeliner Pen Mariana Saad by Océane Caneta Delineadora 1,8g - RealGreen-MarianaSaad",0,0,0,0,0
FarmaPonte,Esgotado,263.0,12,0.0,Escova de Cabelo Azul - Joy Brush Océane,0,0,0,0,0
Drogaria São Paulo,Disponível,263.0,16,7897595618627.0,Citrato de Sildenafila 50mg Genérico Sandoz 8 Comprimidos,"37,35","14,06",-62.4%,"14,06",-62.4%
FarmaPonte,Esgotado,263.0,14,0.0,Shampoo Elseve Hydra Detox 48h Antioleosidade 200ml,0,0,0,0,0
FarmaPonte,Esgotado,263.0,13,0.0,Óleo de Rosa Mosqueta Ever You 10ml,0,0,0,0,0
Drogaria São Paulo,Disponível,263.0,12,7895296092111.0,"Carvedilol 6,25mg Genérico Nova Quimica 30 Comprimidos","57,07","9,59",-83.2%,"9,59",-83.2%
FarmaPonte,Esgotado,263.0,13,0.0,Retoque Instantâneo Spray Koleston Louro Escuro 100ml,0,0,0,0,0
FarmaPonte,Esgotado,263.0,12,0.0,Barra de Fruta Nutry Coco com Chocolate 19g,0,0,0,0,0
FarmaPonte,Esgotado,263.0,12,0.0,Gel antiacne para homens com hydrolive 40g,0,0,0,0,0
Drogaria São Paulo,Disponível,263.0,12,7897595620354.0,"Desogestrel 0,075mg Genérico Sandoz 84 Comprimidos Revestidos","85,02","46,99",-44.7%,"46,99",-44.7%
FarmaPonte,Esgotado,263.0,13,0.0,Paramonoclorofenol Canforado Pmcc 20ml - Maquira,0,0,0,0,0
Drogaria São Paulo,Disponível,263.0,12,7898947385730.0,Succinato de Metoprolol 50mg Genérico Neo Química 30 Comprimidos Revestidos,"51,52","26,59",-48.4%,"26,59",-48.4%
FarmaPonte,Esgotado,263.0,13,0.0,Chá Matte Leão Capim Cidreira 15 Sachês,0,0,0,0,0
Drogaria São Paulo,Disponível,263.0,12,7898148291984.0,Ciprofloxacino 500mg Genérico Prati 14 Comprimidos Revestidos,"41,89","25,82",-38.4%,"25,82",-38.4%
Drogaria São Paulo,Disponível,262.0,12,7896112402435.0,"Natrilix 1,5mg Servier 30 Comprimidos Revestidos","38,41","35,56",-7.4%,"35,56",-7.4%
Drogaria São Paulo,Disponível,262.0,13,7896014679577.0,Cloridrato De Ondansetrona 8mg Genérico Blau 10 Comprimidos,"57,94","28,99",-50.0%,"28,99",-50.0%
FarmaPonte,Esgotado,262.0,13,0.0,Esponja de Maquiagem Belliz Make-Up 360°,0,0,0,0,0
FarmaPonte,Esgotado,262.0,13,0.0,Algodão Bolas Cremer 50g,0,0,0,0,0
FarmaPonte,Esgotado,262.0,13,0.0,Brinco Antialérgico Studex Rosa Dourado,0,0,0,0,0
FarmaPonte,Esgotado,262.0,12,0.0,Booster Drink Apple Dream 6 unid 269 ml Integralmédica,0,0,0,0,0
FarmaPonte,Esgotado,262.0,13,0.0,Kit Máscara Facial de Sérum com Retinol (2 Produtos) Océane,0,0,0,0,0
FarmaPonte,Esgotado,262.0,12,0.0,Kit Relaxamento à Dois - 2 Máscaras Faciais+ 2 Máscaras P/ Olhos Océane,0,0,0,0,0
FarmaPonte,Esgotado,262.0,12,0.0,Chá Verde 150Mg Com Alcachofra 300Mg - 90 Cápsulas,0,0,0,0,0
FarmaPonte,Esgotado,262.0,13,0.0,Chocolate Bis Black 45g,0,0,0,0,0
Drogaria São Paulo,Disponível,262.0,12,7896422517034.0,Alprazolam 1mg Genérico Medley 30 Comprimidos,"25,23","10,49",-58.4%,"10,49",-58.4%
FarmaPonte,Esgotado,262.0,14,0.0,Pincel Curvado Para Delinear Linha Max - Macrilan - A24 - Pincel Curvado -Para Delinear Linha Max - Macrilan - A24,0,0,0,0,0
Drogaria São Paulo,Disponível,262.0,14,7896112128861.0,Cefalexina 250mg/5ml Genérico Teuto 100ml Pó para Suspensão Oral,"53,11","32,07",-39.6%,"32,07",-39.6%
Drogaria São Paulo,Disponível,262.0,13,7898146827758.0,"Olanzapina 2,5mg Genérico Biolab 30 Comprimidos","85,94","26,23",-69.5%,"26,23",-69.5%
FarmaPonte,Esgotado,262.0,12,0.0,Condicionador Pom Pom Suave 200ml,0,0,0,0,0
FarmaPonte,Esgotado,262.0,14,0.0,Cookies Negresco gotas de baunilha 60g - Nestle,0,0,0,0,0
FarmaPonte,Esgotado,262.0,14,0.0,Mamadeira Kuka Aquarela com Bico Ortodôntico Rosa 250ml 1467,0,0,0,0,0
FarmaPonte,Esgotado,262.0,12,0.0,BB Cream Vizzela FPS30 Cor 03 35g,0,0,0,0,0
FarmaPonte,Esgotado,262.0,12,0.0,Barra de Cereal sabor Castanha do Pará e Ameixa caixa com 12 unidades de 25g - Corpo e Sabor,0,0,0,0,0
FarmaPonte,Esgotado,262.0,12,0.0,Valda Friends Pote 50g,0,0,0,0,0
FarmaPonte,Esgotado,262.0,12,0.0,Lenço Umedecido Johnson's Baby Recém-Nascido Sem Fragrância 96 Unidades,0,0,0,0,0
FarmaPonte,Esgotado,262.0,13,0.0,"Protetor Labial Ever You Ácido Hialurônico Vegano 3,6g",0,0,0,0,0
FarmaPonte,Esgotado,262.0,12,0.0,Limpador Facial Sallve 60ml,0,0,0,0,0
Drogaria São Paulo,Disponível,262.0,12,7896112406419.0,"Pressat 2,5mg Biolab 60 comprimidos","235,24","185,99",-20.9%,"185,99",-20.9%
Drogaria São Paulo,Disponível,262.0,13,7896004710341.0,Maleato De Enalapril 5mg Genérico Germed 30 Comprimidos,"24,79","8,31",-66.5%,"8,31",-66.5%
Drogaria São Paulo,Disponível,262.0,12,7898040328191.0,"Marevan 7,5mg Farmoquímica 30 Comprimidos","22,96","20,99",-8.6%,"20,99",-8.6%
Drogaria São Paulo,Disponível,262.0,13,7896094922068.0,Dramin Capsgel 25mg Hypera 10 Cápsulas,"24,27","21,29",-12.3%,"21,29",-12.3%
FarmaPonte,Esgotado,262.0,12,0.0,Digeplus 7mg+40mg+50mg Aché 30 Cápsulas,0,0,0,0,0
Drogaria São Paulo,Disponível,262.0,12,7898146820582.0,Gabapentina 300mg Genérico Biosinténtica 30 Cápsulas,"91,19","37,79",-58.6%,"37,79",-58.6%
Drogaria São Paulo,Disponível,261.0,13,7896382706677.0,GynPro 100mg Exeltis 30 Cápsulas,"194,91","143,99",-26.1%,"143,99",-26.1%
Drogaria São Paulo,Disponível,261.0,13,7897129303579.0,Vitacid XT 1mg/g Theraskin 25g Creme,"80,71","75,23",-6.8%,"75,23",-6.8%
FarmaPonte,Esgotado,261.0,12,0.0,Gelatina Magro Com Sucralose Sabor Cereja 10G,0,0,0,0,0
FarmaPonte,Esgotado,261.0,12,0.0,"Protetor Labial Vult Menta FPS15 3,5g",0,0,0,0,0
Drogaria São Paulo,Disponível,261.0,13,7898096577352.0,Pronazol 150mg Diffucap  4 Cápsulas,"54,66","54,66",-,"54,66",-
Drogaria São Paulo,Disponível,261.0,12,7898029552258.0,Diatarcom MR 30mg Servier 60 Comprimidos,"49,42","29,00",-41.3%,"29,00",-41.3%
Drogaria São Paulo,Disponível,261.0,13,7898216365685.0,Azitromicina Di-Hidratada 600mg Genérico Pharlab 15ml Pó Suspensão Tutti Frutti + Seringa Dosadora,"34,17","22,59",-33.9%,"22,59",-33.9%
FarmaPonte,Esgotado,261.0,13,0.0,Óleo Essencial de Cânfora 5ml,0,0,0,0,0
FarmaPonte,Esgotado,261.0,13,0.0,Tônico Facial Adstringente Phyto Face 200ML,0,0,0,0,0
Drogaria São Paulo,Disponível,261.0,12,7896261001183.0,"Daisan 37,5mg + 325mg Daiichi 20 Comprimidos Revestidos","1306,50","1300,90",-0.4%,"1300,90",-0.4%
Drogaria São Paulo,Disponível,261.0,12,7891721003042.0,Ritalina 10mg Novartis Biociências 60 Comprimidos,"30,28","26,32",-13.1%,"26,32",-13.1%
Drogaria São Paulo,Disponível,261.0,13,7896658037009.0,"Fertnon 0,075mg + 0,030mg Cifarma 21 Comprimidos","40,30","38,60",-4.2%,"38,60",-4.2%
FarmaPonte,Esgotado,261.0,12,0.0,Reparador de Pontas Niely Gold Nutrição Poderosa 42ml,0,0,0,0,0
FarmaPonte,Esgotado,261.0,12,0.0,Leave-in Wella Professionals Nutricurls Curlixir 150 ml,0,0,0,0,0
FarmaPonte,Esgotado,261.0,13,0.0,Creme Facial Hidramais Renovador UVA/UVB Ácido Hialurônico 100g,0,0,0,0,0
FarmaPonte,Esgotado,261.0,12,0.0,"Batom Vermelho Semi-Matte – The Lipstick Red Kiss Océane Edition 3,2g",0,0,0,0,0
FarmaPonte,Esgotado,261.0,12,0.0,Composto Lácteo Nestlé Neslac Comfor Zero Lactose 3 à 5 Anos 700g,0,0,0,0,0
FarmaPonte,Esgotado,261.0,14,0.0,Bico para Mamadeira Kuka 5069 Ortodôntico de Silicone,0,0,0,0,0
FarmaPonte,Esgotado,261.0,12,0.0,"Máscara Para Cílios Preta Marília Mendonça By Océane -  Soundtrack 7,5ml",0,0,0,0,0
Drogaria São Paulo,Disponível,261.0,12,7896004749716.0,Tadalafila 5mg Genérico Germed 30 Comprimidos Revestidos,"111,41","18,80",-83.1%,"18,80",-83.1%
FarmaPonte,Esgotado,261.0,12,0.0,Payot Pó Compacto Retinol 10g - Cor_40,0,0,0,0,0
FarmaPonte,Esgotado,261.0,13,0.0,Superfood Farinha de Linhaça Marrom Mundo Verde Seleção 200g,0,0,0,0,0
Drogaria São Paulo,Disponível,261.0,13,7897337716215.0,Cerazette 75mcg Organon 28 comprimidos,"61,80","40,59",-34.3%,"40,59",-34.3%
Drogaria São Paulo,Disponível,261.0,13,7896181921288.0,Cloridato de Betaistina 8mg Genérico Biosintética 30 Comprimidos,"23,84","13,99",-41.3%,"13,99",-41.3%
Drogaria São Paulo,Disponível,261.0,13,7891317014452.0,Percoide 20mg Momenta Farma 10 Comprimidos,"28,22","28,22",-,"28,22",-
Drogaria São Paulo,Disponível,261.0,12,7891317143084.0,Ezonia 3mg Momenta Farma 20 Comprimidos,"105,63","95,99",-9.1%,"95,99",-9.1%
FarmaPonte,Esgotado,261.0,14,0.0,Mousse Modelador Sebastian Professional Twisted Curl Lifter 200 ml,0,0,0,0,0
Drogaria São Paulo,Disponível,261.0,12,7896523214658.0,Cloridrato de Ciclobenzaprina 10mg Genérico Cimed 30 Comprimidos Revestidos,"27,63","12,86",-53.5%,"12,86",-53.5%
Drogaria São Paulo,Disponível,261.0,14,7898945030212.0,Trimebutina 200mg Genérico Althaia 30 Cápsulas,"85,40","29,39",-65.6%,"29,39",-65.6%
FarmaPonte,Esgotado,260.0,13,0.0,Tônico Capilar Fortalecedor Salon Line S.O.S Bomba Força e Engrossamento 100ml,0,0,0,0,0
Drogaria São Paulo,Disponível,260.0,15,7896006290124.0,Colírio Cetrolac MD 4mg/ml União Química 5ml,"60,14","56,99",-5.2%,"56,99",-5.2%
FarmaPonte,Esgotado,260.0,13,0.0,Shampoo Pantene Bambu 200ml,0,0,0,0,0
FarmaPonte,Esgotado,260.0,12,0.0,Leite em Pó Ninho Idade Escolar Semidesnatado 750g,0,0,0,0,0
FarmaPonte,Esgotado,260.0,12,0.0,Biomarine Medical Água Micelar Pré Procedimento Zero B 200ml,0,0,0,0,0
FarmaPonte,Esgotado,260.0,12,0.0,Sal Rosa do Himalaia Fino Mundo Verde Seleção 500g,0,0,0,0,0
FarmaPonte,Esgotado,260.0,13,0.0,Leite em Pó Ninho Integral 380g,0,0,0,0,0
FarmaPonte,Esgotado,260.0,12,0.0,Brinco Antialérgico Studex Classic Tiffany Pérola Médio Dourado,0,0,0,0,0
FarmaPonte,Esgotado,260.0,13,0.0,Kit Máscara Facial de Pepino + Máscara Para Área Dos Olhos de Pepino (2 Produtos) Océane,0,0,0,0,0
FarmaPonte,Esgotado,260.0,12,0.0,Kit Máscara Para Os Olhos de Pepino,0,0,0,0,0
FarmaPonte,Esgotado,260.0,13,0.0,Óleo Extraordinário Elseve L'Oréal Paris Tratamento Sublime Reconstrutor 100ml,0,0,0,0,0
FarmaPonte,Esgotado,260.0,12,0.0,Suco de Soja Ades Sabor Laranja 200ml,0,0,0,0,0
Drogaria São Paulo,Disponível,260.0,13,7897076912299.0,Cloridrato De Nortriptilina 50mg Genérico Ranbaxy 30 Cápsulas,"58,93","43,99",-25.4%,"43,99",-25.4%
FarmaPonte,Esgotado,260.0,13,0.0,"Bombom Sonho De Valsa Lacta 21,5g",0,0,0,0,0
Drogaria São Paulo,Disponível,260.0,13,7898096577550.0,Cetrolac SL 10mg Genom 20 Comprimidos Sublinguais,"77,47","65,33",-15.7%,"65,33",-15.7%
FarmaPonte,Esgotado,260.0,15,0.0,Brinco Antialérgico Studex Classic Bezel Cristal Médio Prata,0,0,0,0,0
FarmaPonte,Esgotado,260.0,12,0.0,Água Micelar Facial Vult 180ml,0,0,0,0,0
FarmaPonte,Esgotado,260.0,12,0.0,Máscara de Tratamento Salon Line Bomba de Vitaminas 500g,0,0,0,0,0
FarmaPonte,Esgotado,260.0,13,0.0,"Payot - Lápis de Olho 1,1g - Preta-Payot",0,0,0,0,0
FarmaPonte,Esgotado,260.0,12,0.0,Pacote de bombom com 1kg - Ouro Branco,0,0,0,0,0
Drogaria São Paulo,Disponível,260.0,13,7891317443399.0,Pyverm 100mg Cifarma 6 Comprimidos,"255,48","225,99",-11.5%,"225,99",-11.5%
FarmaPonte,Esgotado,260.0,12,0.0,Tônico Para Fortalecimento De Cabelos Com Biotina Gota Dourada  100ml,0,0,0,0,0
Drogaria São Paulo,Disponível,260.0,12,7898581710455.0,"Rivotril 2,5mg/ml Blanver 20ml Gotas","31,80","28,40",-10.7%,"28,40",-10.7%
FarmaPonte,Esgotado,260.0,12,0.0,Óleo Capilar De Abacate Le Salon 60ml,0,0,0,0,0
FarmaPonte,Esgotado,260.0,13,0.0,Gel Fixador Ny Looks Média Fixação - 240g,0,0,0,0,0
Drogaria São Paulo,Disponível,260.0,13,7891058006389.0,Puran T4 88mcg Sanofi 30 Comprimidos,"14,39","14,39",-,"14,39",-
FarmaPonte,Esgotado,260.0,13,0.0,Refresco em pó sabor morango com 18g - Tang,0,0,0,0,0
FarmaPonte,Esgotado,260.0,12,0.0,Mini Bombom com Banana Flormel 60g,0,0,0,0,0
FarmaPonte,Esgotado,260.0,15,0.0,Complemento Alimentar Sustagem Kids Sabor Chocolate 350g,0,0,0,0,0
FarmaPonte,Esgotado,260.0,13,0.0,Bebida Láctea Whey Drink Black Skull Sorvete De Morango 250ml,0,0,0,0,0
FarmaPonte,Esgotado,260.0,13,0.0,Cortitop 1mg/g Multilab 10g Creme,0,0,0,0,0
FarmaPonte,Esgotado,260.0,12,0.0,Bebida Energética Red Bull 355ml,0,0,0,0,0
FarmaPonte,Esgotado,259.0,13,0.0,Mari Maria Makeup Cover Up - Base Matte 35ml - MM15,0,0,0,0,0
FarmaPonte,Esgotado,259.0,13,0.0,"Protetor Labial Balm Melancia Fps15 Vult 3,5g",0,0,0,0,0
FarmaPonte,Esgotado,259.0,13,0.0,"Paregórico 0,05ml/ml Catarinense 30ml Elixir",0,0,0,0,0
FarmaPonte,Esgotado,259.0,12,0.0,Pasta de Dente Colgate Sensitive Pro Alívio Imediato Original 3 unidades de 90g,0,0,0,0,0
FarmaPonte,Esgotado,259.0,13,0.0,Tônico Capilar Bio Extratus Jaborandi  100ml,0,0,0,0,0
Drogaria São Paulo,Disponível,259.0,13,7898948648179.0,"Oestrogel 0,6mg/g Besins Healthcare 80g","84,56","73,16",-13.5%,"73,16",-13.5%
FarmaPonte,Esgotado,259.0,13,0.0,Adoçante Líquido Zero Cal Eritritol 65ml,0,0,0,0,0
Drogaria São Paulo,Disponível,259.0,15,7896004705873.0,Acertanlo 7mg/5mg Servier 30 Comprimidos,"25,84","7,61",-70.5%,"7,61",-70.5%
FarmaPonte,Esgotado,259.0,13,0.0,Óleo Suavizante para Gestantes Palmers Cocoa Butter 150ml,0,0,0,0,0
FarmaPonte,Esgotado,259.0,13,0.0,Vitamina Zirvit Kids Suspensão Oral 150ml,0,0,0,0,0
FarmaPonte,Esgotado,259.0,14,0.0,Gel Salon Line #To De Cacho Modeladora Antifrizz 120g,0,0,0,0,0
FarmaPonte,Esgotado,259.0,14,0.0,Unhas Postiças Média Autocolante Quadrada Pintada Absolute New York Magiquick Mocha Brown 24 Unidades,0,0,0,0,0
Drogaria São Paulo,Disponível,259.0,14,7891268105919.0,Viagra 50mg Pfizer 2 Comprimidos,"36,58","36,58",-,"36,58",-
Drogaria São Paulo,Disponível,259.0,13,7897595637215.0,Hemifumarato De Quetiapina 25mg Genérico Novartis 30 Comprimido,"58,98","21,59",-63.4%,"21,59",-63.4%
FarmaPonte,Esgotado,259.0,12,0.0,Verutex B 20mg/g + 1mg/g Leo Pharma 15g Creme,0,0,0,0,0
Drogaria São Paulo,Disponível,259.0,15,7891058006389.0,Puran T4 112mcg Sanofi 30 Comprimidos,"14,39","14,39",-,"14,39",-
FarmaPonte,Esgotado,259.0,12,0.0,"Lip Balm de Esfoliação Fran By Franciny Ehlke Scrub Stick Bamboo 6,2 g",0,0,0,0,0
Drogaria São Paulo,Disponível,259.0,12,7891317000509.0,Desvenlafaxina  50mg Genérico Eurofarma 30 Comprimidos Revestidos,"155,19","39,26",-74.7%,"39,26",-74.7%
FarmaPonte,Esgotado,259.0,14,0.0,Granola cacau 800g - Alquimya,0,0,0,0,0
FarmaPonte,Esgotado,259.0,13,0.0,Sabonete Líquido Lux Botanicals Orquídea Negra Refil 200ml,0,0,0,0,0
FarmaPonte,Esgotado,259.0,13,0.0,Máscara Capilar De Tratamento Dove 10 em 1 Hidratação 270g,0,0,0,0,0
FarmaPonte,Esgotado,259.0,12,0.0,Isotônico Sorox Bebida Hidratante Eletrólitos Limão 8 Íons Zero Açúcar 550ml,0,0,0,0,0
FarmaPonte,Esgotado,259.0,13,0.0,Preservativo Blowtex Skyn Elite 6 Unidades,0,0,0,0,0
FarmaPonte,Esgotado,259.0,13,0.0,Escova para Mamadeiras e Bicos Philips Avent - SCF145/07 - Rosa,0,0,0,0,0
Drogaria São Paulo,Disponível,259.0,12,7891268118001.0,Ponstan 500mg Pfizer 24 Comprimidos,"47,38","44,49",-6.1%,"44,49",-6.1%
FarmaPonte,Esgotado,259.0,13,0.0,Máscara Capilar Intensiva Pantene Pro-V Nutrição 270ml,0,0,0,0,0
FarmaPonte,Esgotado,259.0,13,0.0,Bico Para Mamadeira Philips Avent Variável Número 3 3+M 2 Unidades,0,0,0,0,0
Drogaria São Paulo,Disponível,259.0,12,7896523201641.0,Jumexil 5mg Chiesi 20 Comprimidos,"10,70","5,99",-44.0%,"5,99",-44.0%
FarmaPonte,Esgotado,259.0,14,0.0,Loção De Limpeza Original Leite De Colônia 200ml,0,0,0,0,0
FarmaPonte,Esgotado,259.0,13,0.0,Máscara Disciplinante Capilar Lola Cosmetics Xapadinha 450g,0,0,0,0,0
FarmaPonte,Esgotado,258.0,12,0.0,Pincel Duo Para Sombra Corpus,0,0,0,0,0
Drogaria São Paulo,Disponível,258.0,14,7891317014452.0,Ezonia 2mg Momenta Farma 20 Comprimidos,"28,22","28,22",-,"28,22",-
FarmaPonte,Esgotado,258.0,13,0.0,Máscara de Tratamento Capilar Seda Boom Hidratação Profunda 500g,0,0,0,0,0
FarmaPonte,Esgotado,258.0,12,0.0,Spray Fixador Capilar Capilar Mood Care Extra Forte My Health 400ml,0,0,0,0,0
FarmaPonte,Esgotado,258.0,14,0.0,Sombra e Iluminador em Pó 2x1 Bruna Tavares BT Marble Doucrome Glam Pink 5 g,0,0,0,0,0
FarmaPonte,Esgotado,258.0,14,0.0,Fórmula Infantil Aptamil Premium 1 800g,0,0,0,0,0
FarmaPonte,Esgotado,258.0,12,0.0,"Bola De Massagem Laranja 7,5Cm - Hidrolight Bola 7,5",0,0,0,0,0
FarmaPonte,Esgotado,258.0,14,0.0,Snack Mucilon Meu Primeiro Lanchinho Tradicional 35g,0,0,0,0,0
FarmaPonte,Esgotado,258.0,13,0.0,Kit 2 Mamadeiras Step Up Chicco Branca,0,0,0,0,0
FarmaPonte,Esgotado,258.0,12,0.0,"Hexomedine 1mg/ml + 0,5mg/ml Cosmed 50ml Spray",0,0,0,0,0
FarmaPonte,Esgotado,258.0,16,0.0,Ampola Carbonne - Essendy -12ml,0,0,0,0,0
FarmaPonte,Esgotado,258.0,14,0.0,Energético Monster Energy Ultra Violet 473ml,0,0,0,0,0
FarmaPonte,Esgotado,258.0,13,0.0,Minibiscoito Oreo Chocolate com Recheio de Baunilha 35g,0,0,0,0,0
FarmaPonte,Esgotado,258.0,12,0.0,Energético Reign Mang-O-Matic 473ml,0,0,0,0,0
FarmaPonte,Esgotado,258.0,14,0.0,Bico de Mamadeira Perfect 5 Fl Rápido (4M+) Chico 2 unidades,0,0,0,0,0
Drogaria São Paulo,Disponível,258.0,13,7896004711409.0,Clotrigel 20mg/g Glenmark 20g Creme Vaginal + 3 Aplicadores,"59,24","17,00",-71.3%,"17,00",-71.3%
Drogaria São Paulo,Disponível,258.0,13,7898040324261.0,Rohypnol 1mg FQM Melora 30 Cápsulas,"33,48","30,86",-7.8%,"30,86",-7.8%
Drogaria São Paulo,Disponível,258.0,12,7896206400385.0,Selozok 25mg AstraZeneca 30 Comprimidos,"432,87","209,90",-51.5%,"209,90",-51.5%
FarmaPonte,Esgotado,258.0,12,0.0,Insulina Humulin N NPH 100UI/ml Eli Lilly 3ml 2 Canetas Refil,0,0,0,0,0
Drogaria São Paulo,Disponível,258.0,14,7896862910747.0,Nifedipress 20mg Medquimica 30 Comprimidos,"29,52","23,59",-20.1%,"23,59",-20.1%
Drogaria São Paulo,Disponível,258.0,13,7898590870331.0,Isotretinoína 20mg Genérico Althaia 30 Cápsulas,"113,69","66,93",-41.1%,"66,93",-41.1%
FarmaPonte,Esgotado,258.0,12,0.0,Adoçante Finn Sucralose Pó 100 Envelopes com 600mg,0,0,0,0,0
FarmaPonte,Esgotado,258.0,13,0.0,Óleo Reparador  Capilar Lola Cosmetics Danos Vorazes 50 ml,0,0,0,0,0
FarmaPonte,Esgotado,258.0,13,0.0,Descolador de Molt Simples - Golgran,0,0,0,0,0
Drogaria São Paulo,Disponível,258.0,12,7896094202771.0,Elani Ciclo 3mg Libbs 21 Comprimidos,"50,03","46,99",-6.1%,"46,99",-6.1%
FarmaPonte,Esgotado,258.0,13,0.0,Gel Secativo De Espinhas Vult 15g,0,0,0,0,0
FarmaPonte,Esgotado,258.0,15,0.0,Escova De Cabelo Ever Care Pata Pata 1 Unidade,0,0,0,0,0
FarmaPonte,Esgotado,258.0,12,0.0,"Hidratante Labial Nivea Shine Morango Hidratação Prolongada 4,8g",0,0,0,0,0
FarmaPonte,Esgotado,258.0,12,0.0,Reparador de Pontas Niely Compridos + Fortes 42ml,0,0,0,0,0
FarmaPonte,Esgotado,258.0,12,0.0,Bebida Repositora Hidroeletrolítico Pedialyte Max Uva 500ml,0,0,0,0,0
FarmaPonte,Esgotado,258.0,14,0.0,Achocolatado em pó 200g - Nescau,0,0,0,0,0
FarmaPonte,Esgotado,258.0,13,0.0,"Óleo Labial Cintilante Essence Hydra Kiss 02 Honey, Honey! 4 ml",0,0,0,0,0
FarmaPonte,Esgotado,258.0,13,0.0,Óleo Essencial Puro Ever Home Hortelã-Pimenta 10ml,0,0,0,0,0
FarmaPonte,Esgotado,257.0,13,0.0,"Batom Líquido Matte Aveludado Karen Bachini Pégasus 3,8 ml",0,0,0,0,0
Drogaria São Paulo,Disponível,257.0,12,7908236800988.0,Aldazida 50mg Pfizer 30 Comprimidos,"435,60","435,60",-,"435,60",-
FarmaPonte,Esgotado,257.0,13,0.0,Fio Dental Ortodôntico Gum 50 Usos,0,0,0,0,0
FarmaPonte,Esgotado,257.0,13,0.0,Advantan 1mg/g Leo Pharma 15g Creme,0,0,0,0,0
Drogaria São Paulo,Disponível,257.0,13,7895858005924.0,Metadoxil 500mg Baldacci 30 Comprimidos,"89,98","82,80",-8.0%,"82,80",-8.0%
Drogaria São Paulo,Disponível,257.0,12,7896658022203.0,Runner 10mg Aché 30 Comprimidos,"66,33","63,89",-3.7%,"63,89",-3.7%
FarmaPonte,Esgotado,257.0,14,0.0,Minoxidil 5% Para Barba com biotina mais fatores de crescimento 120g,0,0,0,0,0
FarmaPonte,Esgotado,257.0,13,0.0,Shampoo + Condicionador Seda Ceramidas 325ml,0,0,0,0,0
FarmaPonte,Esgotado,257.0,12,0.0,Óleo Felps Men Poker Bomba De Crescimento Barba E Cabelo - 30ml,0,0,0,0,0
FarmaPonte,Esgotado,257.0,12,0.0,Pincel Para Detalhe Chanfrado - Flat Angled Brush Ocn13 Océane,0,0,0,0,0
FarmaPonte,Esgotado,257.0,13,0.0,Fio Dental Ever Care 50m + 25m 1 Unidade,0,0,0,0,0
FarmaPonte,Esgotado,257.0,13,0.0,Algodão Apolo Bola 100g,0,0,0,0,0
Drogaria São Paulo,Disponível,257.0,13,7892953001899.0,Prebictal 50mg Zodiac 14 Cápsulas,"47,05","47,05",-,"47,05",-
FarmaPonte,Esgotado,257.0,12,0.0,Energético Engov Up Morango e Kiwi 269ml,0,0,0,0,0
FarmaPonte,Esgotado,257.0,12,0.0,Aplicador de Cílios Postiços Ienvy Indivídual ou Fio a Fio,0,0,0,0,0
FarmaPonte,Esgotado,257.0,14,0.0,Vo2 Gel X-Caffeine Chocolate 10un Integralmédica,0,0,0,0,0
Drogaria São Paulo,Disponível,257.0,12,7896004711362.0,"Desonida 0,5mg/g Genérico Germed 30g Pomada","40,32","16,13",-60.0%,"16,13",-60.0%
FarmaPonte,Esgotado,257.0,12,0.0,Tramontina Empurrador e Raspador de Cutículas Inox,0,0,0,0,0
FarmaPonte,Esgotado,257.0,13,0.0,Água Boricada Adv 3% 100ml,0,0,0,0,0
FarmaPonte,Esgotado,257.0,13,0.0,Algodão Quadrado Ever Care 150 Unidades,0,0,0,0,0
FarmaPonte,Esgotado,257.0,14,0.0,Absorvente Always Noturno Tamanho G Cobertura Suave 8 Unidades,0,0,0,0,0
FarmaPonte,Esgotado,257.0,12,0.0,"Protetor Labial Ever You Fresh Mint 3,6g",0,0,0,0,0
Drogaria São Paulo,Disponível,257.0,12,7898216360000.0,Azitromicina Di-Hidratada 500mg Genérico Pharlab 3 Comprimidos,"15,90","14,99",-5.7%,"14,99",-5.7%
FarmaPonte,Esgotado,256.0,12,0.0,Composto Lácteo Nestlé Neslac Comfor Lata 800g,0,0,0,0,0
FarmaPonte,Esgotado,256.0,13,0.0,Biscoito Piraquê Roladinho Goiabinha 75g,0,0,0,0,0
Drogaria São Paulo,Disponível,256.0,13,7897705203231.0,Insulina Novolin N NPH 100UI/ml Novo Nordisk 10ml 1 Frasco Ampola,"67,36","35,59",-47.2%,"35,59",-47.2%
FarmaPonte,Esgotado,256.0,12,0.0,Bico Lillo Super Silicone Tamanho Universal,0,0,0,0,0
Drogaria São Paulo,Disponível,256.0,14,7896112121145.0,Tramadol 50mg Genérico Teuto 10 Cápsulas,"35,38","10,78",-69.5%,"10,78",-69.5%
FarmaPonte,Esgotado,256.0,12,0.0,Farinha de Rosca Sem Glúten 300g - Aminna,0,0,0,0,0
FarmaPonte,Esgotado,256.0,12,0.0,Fio Dental Infantil Com Cabo Ever Care 40 Unidades,0,0,0,0,0
Drogaria São Paulo,Disponível,256.0,13,7896004732633.0,Bupropiona 150mg Genérico EMS 60 comprimidos,"258,64","86,62",-66.5%,"86,62",-66.5%
FarmaPonte,Esgotado,256.0,13,0.0,Fita Dental Hillo 100m,0,0,0,0,0
FarmaPonte,Esgotado,256.0,12,0.0,Alenia 6mcg + 200mcg Biosintética 60 Cápsulas,0,0,0,0,0
Drogaria São Paulo,Disponível,256.0,12,7896004761633.0,Etodolaco 400mg Genérico Germed 10 Comprimidos,"18,82","14,59",-22.5%,"14,59",-22.5%
FarmaPonte,Esgotado,256.0,12,0.0,Bolsa Para Agua Quente Grande - 2Litros (Bordo) 2Litros Bordo,0,0,0,0,0
FarmaPonte,Esgotado,256.0,12,0.0,"Shampoo para Barba, Cabelo e Bigode Bozzano 200ml",0,0,0,0,0
Drogaria São Paulo,Disponível,256.0,14,7891317457211.0,Vazidin Mr 35mg Pharlab 30 Comprimidos,"60,16","52,46",-12.8%,"52,46",-12.8%
FarmaPonte,Esgotado,256.0,12,0.0,Preservativo Camisinha Jontex Lubrificado XL Sensitive 6 Unidades,0,0,0,0,0
FarmaPonte,Esgotado,256.0,13,0.0,Bebida Láctea UHT Energy Boost YoPRO Café Expresso 15g de proteínas 250ml,0,0,0,0,0
Drogaria São Paulo,Disponível,256.0,13,7896181907176.0,Beclosol 50mcg/dose GSK 200 Doses Spray,"47,24","37,59",-20.4%,"37,59",-20.4%
FarmaPonte,Esgotado,256.0,13,0.0,Lapiseira Para Os Olhos Bruna Tavares Black 300mg,0,0,0,0,0
FarmaPonte,Esgotado,256.0,13,0.0,Condicionador Johnson's Cachos Dos Sonhos 200ml,0,0,0,0,0
FarmaPonte,Esgotado,256.0,13,0.0,Retoque de Raiz L'Oréal Paris Spray Instantâneo Magic Retouch Louro Claro 75ml,0,0,0,0,0
FarmaPonte,Esgotado,256.0,13,0.0,Unak 20mg Diffucap Chemobras 30 Comprimidos,0,0,0,0,0
FarmaPonte,Esgotado,256.0,12,0.0,Lorax 2mg Pfizer-Whitehall 30 Comprimidos,0,0,0,0,0
FarmaPonte,Esgotado,256.0,13,0.0,Preservativo Olla Play 3 Unidades,0,0,0,0,0
Drogaria São Paulo,Disponível,256.0,13,7899420502330.0,Aval 160mg Supera RX 30 Comprimidos Revestidos,"61,33","56,83",-7.3%,"56,83",-7.3%
FarmaPonte,Esgotado,256.0,12,0.0,Energético Absolutely zero 473ml - Monster,0,0,0,0,0
FarmaPonte,Esgotado,256.0,13,0.0,Óleo de melaleuca 5% Gel antibacteriano para pele com acne 30g,0,0,0,0,0
Drogaria São Paulo,Disponível,256.0,12,7891317016418.0,Vitamina D3 7000UI Althaia 4 Cápsulas,"20,04","18,59",-7.2%,"18,59",-7.2%
FarmaPonte,Esgotado,256.0,14,0.0,Protetor Solar Facial Antioleosidade FPS 70 La Roche-Posay Anthelios Airlicium 3.0 40 g,0,0,0,0,0
Drogaria São Paulo,Disponível,256.0,12,7898040328191.0,"Marevan 2,5mg Farmoquimica 60 Comprimidos","22,96","20,99",-8.6%,"20,99",-8.6%
FarmaPonte,Esgotado,255.0,12,0.0,Fralda Pom Pom Protek XG 38 Unidades,0,0,0,0,0
Drogaria São Paulo,Disponível,255.0,13,7896023743009.0,Ginkgo Biloba 80 g Catarinense 30 Comprimidos Revestidos,"24,67","24,42",-1.0%,"24,42",-1.0%
Drogaria São Paulo,Disponível,255.0,12,7891317015299.0,Vitamina D Ohde 15.000UI Momenta Farma 4 Cápsulas,"59,40","51,47",-13.4%,"51,47",-13.4%
FarmaPonte,Esgotado,255.0,13,0.0,Chocolate Twix Caramelo 40g,0,0,0,0,0
FarmaPonte,Esgotado,255.0,12,0.0,Gel De Limpeza Facial Dr. Jones com Carvão Vegetal 120ml,0,0,0,0,0
FarmaPonte,Esgotado,255.0,13,0.0,Óleo Reparador Dabelle Abacate Nutritivo 75ml,0,0,0,0,0
FarmaPonte,Esgotado,255.0,13,0.0,Gel de Limpeza Lingual Tung Brush 85g,0,0,0,0,0
FarmaPonte,Esgotado,255.0,13,0.0,Snack Mucilon Meu Primeiro Lanchinho Tomate 35g,0,0,0,0,0
FarmaPonte,Esgotado,255.0,13,0.0,Shampoo L’Oréal Paris Elseve Glycolic Gloss 200ml,0,0,0,0,0
FarmaPonte,Esgotado,255.0,12,0.0,Shampoo Para Barba King C.Gillette Mentol 241ml,0,0,0,0,0
FarmaPonte,Esgotado,255.0,14,0.0,Esponja Para Banho De Acamados - Kolpbath,0,0,0,0,0
FarmaPonte,Esgotado,255.0,14,0.0,Hair Spray Karina Versatilidade & Vitalidade Fixação Normal 400ml,0,0,0,0,0
Drogaria São Paulo,Disponível,255.0,12,7891317016098.0,Rox 5mg Momenta Farma 30 Comprimidos,"107,76","102,59",-4.8%,"102,59",-4.8%
Drogaria São Paulo,Disponível,255.0,14,7896523214627.0,Cloridrato de Ciclobenzaprina 5mg Genérico Cimed 30 Comprimidos,"24,01","12,99",-45.9%,"12,99",-45.9%
FarmaPonte,Esgotado,255.0,14,0.0,Espuma De Barbear Giovanna Baby GB Men 150ml,0,0,0,0,0
FarmaPonte,Esgotado,255.0,12,0.0,Lapiseira Para Olhos Colorida Have Fun Verde Vizzela,0,0,0,0,0
Drogaria São Paulo,Disponível,255.0,12,7896181928690.0,Olmecor 40mg Torrent 60 Comprimidos,"52,59","51,99",-1.1%,"51,99",-1.1%
Drogaria São Paulo,Disponível,255.0,12,7896523213590.0,Besilato de Anlodipino 10mg Genérico Cimed 30 Comprimidos,"36,97","10,99",-70.3%,"10,99",-70.3%
FarmaPonte,Esgotado,255.0,12,0.0,Loção Bronzeadora Nivea Sun Intense & Bronze FPS6 125ml,0,0,0,0,0
Drogaria São Paulo,Disponível,255.0,13,7891317013813.0,Aria 10mg Momenta 30 Comprimidos Revestidos,"32,91","32,91",-,"32,91",-
FarmaPonte,Esgotado,255.0,13,0.0,Barra Nuts Bar Castanhas e Sementes 25g,0,0,0,0,0
Drogaria São Paulo,Disponível,255.0,12,7897473207028.0,Momate 50mcg Glenmark 60 Acionamentos Spray,"47,46","42,99",-9.4%,"42,99",-9.4%
Drogaria São Paulo,Disponível,255.0,15,7891721201219.0,Concor 10mg Merck 30 Comprimidos Revestidos,"72,86","14,69",-79.8%,"14,69",-79.8%
FarmaPonte,Esgotado,255.0,12,0.0,minoxidil turbo 120ml,0,0,0,0,0
Drogaria São Paulo,Disponível,255.0,12,7896006217626.0,Capsfen 600mg Cifarma 10 Cápsulas,"35,94","29,59",-17.7%,"29,59",-17.7%
FarmaPonte,Esgotado,255.0,12,0.0,Mari Maria Makeup Lashes - Cílios Postiços - Naugthy,0,0,0,0,0
FarmaPonte,Esgotado,255.0,12,0.0,Fralda Descartável Infantil Calça MamyPoko Dia & Noite XG 42 Unidades,0,0,0,0,0
Drogaria São Paulo,Disponível,255.0,12,7896004758275.0,Budesonida 64mcg Genérico Ems 120 Doses Spray Nasal,"34,44","29,00",-15.8%,"29,00",-15.8%
FarmaPonte,Esgotado,255.0,13,0.0,"Hidratante Labial Beta Havanna FPS6 Dulce De Leche 9,5g",0,0,0,0,0
Drogaria São Paulo,Disponível,255.0,13,7898040325732.0,Unitram 20mg/ml Farmoquímica 15ml Gotas,"110,15","104,99",-4.7%,"104,99",-4.7%
FarmaPonte,Esgotado,255.0,12,0.0,WeDo Professional Detangle - Spray Desembaraçador 100ml,0,0,0,0,0
Drogaria São Paulo,Disponível,255.0,14,7896658047817.0,Motraz 100mg Momenta 30 Comprimidos Revestidos,"209,87","177,99",-15.2%,"177,99",-15.2%
FarmaPonte,Esgotado,255.0,12,0.0,Lenço De Papel Elite Softy's Máxima Suavidade 100 Folhas,0,0,0,0,0
FarmaPonte,Esgotado,254.0,13,0.0,Máscara de Argila Verde Detox - Hidramais - 200g - Máscara Facial Hidramais - Argila Verde - 200g,0,0,0,0,0
Drogaria São Paulo,Disponível,254.0,13,7894916147736.0,Diazepam 10mg Genérico Germed 30 Comprimidos,"21,61","10,99",-49.1%,"10,99",-49.1%
Drogaria São Paulo,Disponível,254.0,14,7897595620644.0,Rosuvastatina Cálcica 20mg Genérico Sandoz 60 Comprimidos,"121,42","74,99",-38.2%,"74,99",-38.2%
Drogaria São Paulo,Disponível,254.0,13,7897411610620.0,Benicar 40mg Daiichi Sankyo  30 Comprimidos,"88,79","66,59",-25.0%,"66,59",-25.0%
FarmaPonte,Esgotado,254.0,13,0.0,Removedor de Manchas Tartarite 30ml - Iodontosul,0,0,0,0,0
FarmaPonte,Esgotado,254.0,16,0.0,Energético Juice mango loco 473ml - Monster,0,0,0,0,0
FarmaPonte,Esgotado,254.0,13,0.0,Delice Solaire Crema Solare Fps 50 Creme - Protetor Solar 250ml,0,0,0,0,0
Drogaria São Paulo,Disponível,254.0,13,7898040328290.0,Abrilar 7mg/ml Farmoquímica 200ml Xarope Mentol,"90,91","88,60",-2.5%,"88,60",-2.5%
FarmaPonte,Esgotado,254.0,12,0.0,Lenço de Papel Kleenex Box 100 folhas,0,0,0,0,0
FarmaPonte,Esgotado,254.0,13,0.0,Vizzela LipLiner Lapiseira Labial - 08-Determinada,0,0,0,0,0
FarmaPonte,Esgotado,254.0,12,0.0,Vizzela LipLiner Lapiseira Labial - 06-Intensa,0,0,0,0,0
FarmaPonte,Esgotado,254.0,12,0.0,Chocolate Chocotrio NESTLÉ Chocolate 90g,0,0,0,0,0
Drogaria São Paulo,Disponível,254.0,12,7891045031417.0,Desvenlafaxina 50mg Genérico Pfizer 28 Comprimidos,"114,91","75,59",-34.2%,"75,59",-34.2%
Drogaria São Paulo,Disponível,254.0,12,7891317143084.0,Desduo 50mg Torrent 30 Comprimidos,"105,63","95,99",-9.1%,"95,99",-9.1%
FarmaPonte,Esgotado,254.0,13,0.0,Hidratante Labial Carmed Barbie 65 Crystal 10g,0,0,0,0,0
FarmaPonte,Esgotado,254.0,13,0.0,Creme de Tratamento Elseve L'Oréal Paris Elseve Reparação Total 5 300g,0,0,0,0,0
FarmaPonte,Esgotado,254.0,13,0.0,Ampola De Tratamento Capilar Antiqueda Skafe  10ml,0,0,0,0,0
FarmaPonte,Esgotado,254.0,12,0.0,Make Lovers - Lenço Removedor De Maquiagem 25un,0,0,0,0,0
FarmaPonte,Esgotado,254.0,12,0.0,Óleo Essencial de Tomilho Branco QT Timol  (45/55) GT Hungria 10ml - Laszlo - Óleo Essencial de Tomilho Branco QT Timol (45/55) GT Hungria 10ml - Laszlo,0,0,0,0,0
Drogaria São Paulo,Disponível,254.0,13,7891317026431.0,Pivast 2mg Eurofarma 30 Comprimidos Revestidos,"23,68","16,29",-31.2%,"16,29",-31.2%
FarmaPonte,Esgotado,253.0,13,0.0,Protetor Solar Facial L'Oréal Paris Solar Expertise Antirrugas FPS 60 40g,0,0,0,0,0
FarmaPonte,Esgotado,253.0,12,0.0,Ilosone 20mg/ml Valeant 120ml Solução Tópica,0,0,0,0,0
FarmaPonte,Esgotado,253.0,12,0.0,Aparelho de Barbear Gillette Prestobarba Ultragrip3 Descartável - 2 Unidades,0,0,0,0,0
FarmaPonte,Esgotado,253.0,13,0.0,Pincel Para Pigmento - Eye Shading Brush Ocn9 Océane,0,0,0,0,0
FarmaPonte,Esgotado,253.0,15,0.0,Aveia em Flocos Finos Sem Glúten MV Seleção 200g,0,0,0,0,0
FarmaPonte,Esgotado,253.0,13,0.0,Aparelho de Barbear Gillette Probak II - 7 Unidades,0,0,0,0,0
FarmaPonte,Esgotado,253.0,12,0.0,Lubrificante Íntimo Gel Skyn Naturally Endless  50g,0,0,0,0,0
Drogaria São Paulo,Disponível,253.0,12,7895296449069.0,Ampicilina 500mg Genérico Multilab 10 Cápsulas,"19,63","15,99",-18.5%,"15,99",-18.5%
FarmaPonte,Esgotado,253.0,14,0.0,Cygnus D 7.000 UI Daiichi Sankyo 12 Cápsulas Moles,0,0,0,0,0
FarmaPonte,Esgotado,253.0,14,0.0,Base Líquida Matte Eudora Niina Secrets Daily Tint Cream Cor 70 25 ml,0,0,0,0,0
Drogaria São Paulo,Disponível,253.0,14,7891721014741.0,Euthyrox 75mcg Merck S/A 50 Comprimidos,"48,80","45,53",-6.7%,"45,53",-6.7%
Drogaria São Paulo,Disponível,253.0,16,7897595633675.0,Bissulfato de Clopidogrel 75mg Genérico Novartis 28 Comprimidos,"63,62","34,59",-45.6%,"34,59",-45.6%
FarmaPonte,Esgotado,253.0,13,0.0,Granola Classic Vanilla Puravida 180g,0,0,0,0,0
Drogaria São Paulo,Disponível,253.0,13,7897705203231.0,Insulina Humulin 70/30R 1000UI Eli Lilly 10ml Frasco Ampola,"67,36","35,59",-47.2%,"35,59",-47.2%
FarmaPonte,Esgotado,253.0,13,0.0,Leave-in N.P.P.E. Hair Care SH-RD Nutra Therapy 10 ml,0,0,0,0,0
FarmaPonte,Esgotado,253.0,13,0.0,Barra de Cereais Nutry Bolo de Chocolate 22g,0,0,0,0,0
FarmaPonte,Esgotado,253.0,13,0.0,Novo Bico Linha Pétala nº2 Philips Avent - SCF042/27,0,0,0,0,0
Drogaria São Paulo,Disponível,253.0,14,7898569765071.0,Vitamina D 7.000UI Althaia 30 Cápsulas,"67,81","47,24",-30.3%,"47,24",-30.3%
FarmaPonte,Esgotado,253.0,13,0.0,Pomada Cabelo e Barba - Bio Extratus - 50g,0,0,0,0,0
FarmaPonte,Esgotado,253.0,13,0.0,Pomada Bepantriz Derma Tatto 20g,0,0,0,0,0
FarmaPonte,Esgotado,253.0,12,0.0,Máscara Ions - Via Martins - Mascara Ions Tam P - Branco,0,0,0,0,0
Drogaria São Paulo,Disponível,253.0,13,7891317140533.0,Diupress 25mg + 5mg Supera 30 Comprimidos,"69,06","59,89",-13.3%,"59,89",-13.3%
FarmaPonte,Esgotado,253.0,13,0.0,Doce molecão pote com 20 unidades - Unidoces,0,0,0,0,0
Drogaria São Paulo,Disponível,253.0,13,7896714200699.0,Corticorten 20mg Neo Química 20 Cápsulas,"31,81","27,59",-13.3%,"27,59",-13.3%
Drogaria São Paulo,Disponível,253.0,14,7898687730487.0,Nitazoxanida 20mg/Ml Genérico Althaia 100ml Pó Suspensão Oral,"43,17","21,08",-51.2%,"21,08",-51.2%
FarmaPonte,Esgotado,253.0,12,0.0,Escova para Cabelo Ever You Polvo 1 Unidade,0,0,0,0,0
FarmaPonte,Esgotado,252.0,12,0.0,Carb Up Gel Black Laranja Probiótica 30g - Carb Up Gel Black LARANJA Probiótica 30g,0,0,0,0,0
FarmaPonte,Esgotado,252.0,13,0.0,Fio Dental Colgate Menta 50m,0,0,0,0,0
Drogaria São Paulo,Disponível,252.0,12,7896658001789.0,Antux 6mg/ml Aché 120ml Xarope,"49,23","41,97",-14.7%,"41,97",-14.7%
FarmaPonte,Esgotado,252.0,12,0.0,Fio Dental Infantil Com Cabo Gum Miraculous Uva 20 Unidades,0,0,0,0,0
FarmaPonte,Esgotado,252.0,12,0.0,Chocolate Alpino ao Leite 90g,0,0,0,0,0
FarmaPonte,Esgotado,252.0,13,0.0,Cera Depilatória Depimiel Roll On Clássica 100g,0,0,0,0,0
FarmaPonte,Esgotado,252.0,13,0.0,Suco Del Valle Maçã 200ml,0,0,0,0,0
FarmaPonte,Esgotado,252.0,13,0.0,Fio Dental Reach Johnsons Essencial 100m,0,0,0,0,0
FarmaPonte,Esgotado,252.0,12,0.0,Sombra e Iluminador Compacto 2x1 Bruna Tavares Disney Mallow Happily Ever After 5 g,0,0,0,0,0
FarmaPonte,Esgotado,252.0,12,0.0,NINHO® Fases 1+ Lata 800g,0,0,0,0,0
FarmaPonte,Esgotado,252.0,13,0.0,Condicionador Seda Boom Pro Curvatura Hidratação Ultradesembaraço 300ml,0,0,0,0,0
Drogaria São Paulo,Disponível,252.0,14,7898581710424.0,Rivotril 2mg Blanver 30 Comprimidos,"35,34","30,59",-13.4%,"30,59",-13.4%
FarmaPonte,Esgotado,252.0,12,0.0,Rolo de Algodao Hidrofilo Nathy 250g,0,0,0,0,0
FarmaPonte,Esgotado,252.0,12,0.0,Depó Provera 150mg/ml Pfizer 1ml 1 Ampola,0,0,0,0,0
Drogaria São Paulo,Disponível,252.0,14,7895296449830.0,"Cloridrato de Naratriptana 2,5mg Genérico Nova Química 20 Comprimidos","78,32","50,99",-34.9%,"50,99",-34.9%
Drogaria São Paulo,Disponível,252.0,13,7897076922878.0,Cloridrato de Olopatadina 1mg/ml Genérico Ranbaxy 1 Frasco Gotejador com 5mL.,"46,85","36,99",-21.0%,"36,99",-21.0%
FarmaPonte,Esgotado,252.0,12,0.0,Cera Cremosa Corporal Depilsam de Micro-Ondas Argan 200G,0,0,0,0,0
FarmaPonte,Esgotado,251.0,13,0.0,Fralda Pampers Super Sec G 46 Unidades,0,0,0,0,0
FarmaPonte,Esgotado,251.0,12,0.0,Perfume Adidas UEFA Best of the Best Eau de Toilette Masculino 50ml,0,0,0,0,0
FarmaPonte,Esgotado,251.0,12,0.0,Preservativo Prudence Clássico 12 Unidades,0,0,0,0,0
FarmaPonte,Esgotado,251.0,12,0.0,M-Lix 1mg Cosmed 20g,0,0,0,0,0
FarmaPonte,Esgotado,251.0,13,0.0,Removedor De Esmalte Com Acetona Ever Care 200ml,0,0,0,0,0
FarmaPonte,Esgotado,251.0,12,0.0,Lenço Umedecido Ever Care Antissépticos Para Mãos 20 Unidades,0,0,0,0,0
FarmaPonte,Esgotado,251.0,14,0.0,Bronzeador Australian Gold Spray Gel Clear 125ml,0,0,0,0,0
FarmaPonte,Esgotado,251.0,14,0.0,Cílios Postiços Curto Absolute New York Istabeauty Garnet 303 Preto 1 Par,0,0,0,0,0
FarmaPonte,Esgotado,251.0,12,0.0,Recarga De Queratina Capilar Salon Line Meu Liso Restauração Intensa 80g,0,0,0,0,0
FarmaPonte,Esgotado,251.0,12,0.0,Creme Depilatório Depimiel Corporal para Banho 120g,0,0,0,0,0
Drogaria São Paulo,Disponível,251.0,13,7898587901451.0,"Belarina 2mg + 0,02mg Grunenthal 28 Comprimidos Revestidos","259,36","224,99",-13.3%,"224,99",-13.3%
Drogaria São Paulo,Disponível,251.0,14,7896004785660.0,Apresolina 50mg Novartis 60 Comprimidos,"130,64","116,31",-11.0%,"116,31",-11.0%
FarmaPonte,Esgotado,251.0,13,0.0,Elixir Capilar Prolongador L’Oréal Paris Elseve Glycolic Gloss 100ml,0,0,0,0,0
Drogaria São Paulo,Disponível,251.0,14,7894916149815.0,Tadalafila 20mg Genérico Legrand 8 Comprimidos,"77,65","15,74",-79.7%,"15,74",-79.7%
FarmaPonte,Esgotado,251.0,14,0.0,Kit Aussie Shampoo 360ml  Btx Effect  + 3 Minute Miracle Btx Effect 236ml,0,0,0,0,0
Drogaria São Paulo,Disponível,251.0,15,7891317477271.0,Montelucaste 5mg Genérico Eurofarma 30 Comprimidos Mastigáveis,"74,18","41,57",-44.0%,"41,57",-44.0%
FarmaPonte,Esgotado,251.0,13,0.0,Esponja Splum Vegetal In Natura Grande Santa Maria,0,0,0,0,0
Drogaria São Paulo,Disponível,251.0,13,7897316806012.0,"Colírio Lastacaft 2,5mg/ml Allergan 3ml","78,05","68,49",-12.2%,"68,49",-12.2%
Drogaria São Paulo,Disponível,251.0,12,7896714200705.0,Meticorten 5mg Organon 20 Comprimidos,"18,22","14,99",-17.7%,"14,99",-17.7%
FarmaPonte,Esgotado,251.0,15,0.0,Pomage + Siliciumax + Ácido Ferúlico + Vit C - 30g,0,0,0,0,0
FarmaPonte,Esgotado,251.0,12,0.0,Pomada Erva De Bicho  Para Hemorroida - 100Gr,0,0,0,0,0
Drogaria São Paulo,Disponível,251.0,13,7896006201588.0,"Femiane 0,075mg + 0,020mg União Química 21 Drágeas","63,66","45,83",-28.0%,"45,83",-28.0%
Drogaria São Paulo,Disponível,251.0,12,7897337716802.0,Seth 150mg União Química 60 Comprimidos Revestidos,"164,45","125,99",-23.4%,"125,99",-23.4%
FarmaPonte,Esgotado,251.0,13,0.0,Endometric Tamborel de Apoio - Angelus,0,0,0,0,0
FarmaPonte,Esgotado,251.0,12,0.0,Barra De Nuts Ever Nutri Clássica 30g,0,0,0,0,0
FarmaPonte,Esgotado,251.0,13,0.0,Óleo Essencial de Petitgrain 10ml – Aromalife,0,0,0,0,0
FarmaPonte,Esgotado,251.0,14,0.0,Kit Fórmula Infantil Ninho Fases +1 800g 2 Unidades,0,0,0,0,0
FarmaPonte,Esgotado,251.0,12,0.0,Nutridrink Protein Senior Chocolate Danone 750g,0,0,0,0,0
Drogaria São Paulo,Disponível,250.0,13,7896261013490.0,Cataflam 50mg Novartis  10 Comprimidos,"28,02","26,23",-6.4%,"26,23",-6.4%
Drogaria São Paulo,Disponível,250.0,14,7896004758114.0,Mirtazapina 15mg Genérico EMS 30 Comprimidos,"77,51","35,93",-53.6%,"35,93",-53.6%
Drogaria São Paulo,Disponível,250.0,12,7896523215273.0,Sinvastatina 40mg Genérico Cimed 30 Comprimidos,"59,14","18,59",-68.6%,"18,59",-68.6%
FarmaPonte,Esgotado,250.0,12,0.0,Aparelho de barbear Bic Confort Twin Women com 2 unidades,0,0,0,0,0
Drogaria São Paulo,Disponível,250.0,14,7896004775043.0,Aciclovir 400mg Genérico EMS 30 Comprimidos,"195,42","58,98",-69.8%,"58,98",-69.8%
Drogaria São Paulo,Disponível,250.0,12,7898932797838.0,Arasid 25mg Accord 60 comprimidos Revestidos,"36,31","36,31",-,"36,31",-
FarmaPonte,Esgotado,250.0,13,0.0,Cílios Postiço First Kiss Naturale 01,0,0,0,0,0
FarmaPonte,Esgotado,250.0,12,0.0,Chá Leão Guaraná Power Açaí 450ml,0,0,0,0,0
FarmaPonte,Esgotado,250.0,15,0.0,Kit Aparelho de Barbear Gillette Prestobarba3 Sensitive 8 Unidades,0,0,0,0,0
FarmaPonte,Esgotado,250.0,12,0.0,Gel Creme Facial Minancora Antissinais 40g,0,0,0,0,0
Drogaria São Paulo,Disponível,250.0,17,7896006205081.0,Diamox 250mg União Química 30 Comprimidos,"21,08","17,02",-19.3%,"17,02",-19.3%
Drogaria São Paulo,Disponível,250.0,12,7892953001899.0,Mitrul 15mg Zodiac 5 Cápsulas,"47,05","47,05",-,"47,05",-
FarmaPonte,Esgotado,250.0,14,0.0,"Manteiga de Cacau Ever Care FPS8 4,5g",0,0,0,0,0
FarmaPonte,Esgotado,250.0,12,0.0,Biscoito Nutella B-Ready 22g,0,0,0,0,0
Drogaria São Paulo,Disponível,250.0,12,7896004711768.0,Tramadol 50mg Genérico Germed 10 Cápsulas,"12,59","12,59",-,"12,59",-
Drogaria São Paulo,Disponível,250.0,13,7897851221165.0,"Divelol 3,125mg Baldacci 60 Comprimidos","58,27","48,99",-15.9%,"48,99",-15.9%
FarmaPonte,Esgotado,250.0,12,0.0,Hastes Flexiveis Ever Baby 50 Unidades,0,0,0,0,0
FarmaPonte,Esgotado,250.0,15,0.0,Pó Descolorante Bela & Cor Óleo De Argan Pó Azul Beautycolor 50g,0,0,0,0,0
Drogaria São Paulo,Disponível,250.0,14,7896226506388.0,Prolopa HBS 100mg + 25mg Roche 30 Cápsulas,"131,38","101,99",-22.4%,"101,99",-22.4%
Drogaria São Paulo,Disponível,250.0,12,7899547513042.0,"Amoxicilina 400mg + Clavulanato De Potassio 57mg Genérico Prati, Donaduzzi & Cia 70 ml","64,44","34,99",-45.7%,"34,99",-45.7%
FarmaPonte,Esgotado,250.0,12,0.0,Escova Dental Oral B Kids Mickey e Minnie 2 Unidades,0,0,0,0,0
FarmaPonte,Esgotado,250.0,15,0.0,Bico Para Mamadeira Philips Avent Natural Número 3 3+M 1 Unidade,0,0,0,0,0
FarmaPonte,Esgotado,250.0,14,0.0,"Multisoro 0,5mg/ml Multilab 30ml Gotas",0,0,0,0,0
Drogaria São Paulo,Disponível,250.0,13,7891268148831.0,"Asea HCT 40mg + 12,5mg Supera 30 Comprimidos","191,72","182,20",-5.0%,"182,20",-5.0%
FarmaPonte,Esgotado,250.0,13,0.0,Cílios Postiços Curto Absolute New York Istabeauty Garnet 309 Preto 1 Par,0,0,0,0,0
FarmaPonte,Esgotado,250.0,12,0.0,Condicionador Tio Nacho Antiqueda Efeito Antigrisalho 415ml,0,0,0,0,0
Drogaria São Paulo,Disponível,250.0,12,7896714213255.0,"Levonorgestrel 1,5mg  Genéricos Neo Química 1 Comprido","28,96","8,90",-69.3%,"8,90",-69.3%
FarmaPonte,Esgotado,250.0,13,0.0,Coca Cola Sem Açúcar 220m,0,0,0,0,0
Drogaria São Paulo,Disponível,250.0,14,7897337716840.0,Zinpass Eze 10mg + 10mg Medley 30 Comprimidos,"115,79","107,90",-6.8%,"107,90",-6.8%
FarmaPonte,Esgotado,249.0,13,0.0,"Manteiga De Cacau FPS8 Ever You Stick 4,5g",0,0,0,0,0
Drogaria São Paulo,Disponível,249.0,14,7896548133613.0,Azorga 10mg/ml + 5mg/ml Novartis 5ml Suspensão Oftálmica,"14,51","13,99",-3.6%,"13,99",-3.6%
Drogaria São Paulo,Disponível,249.0,13,7898581711247.0,Neuleptil 40mg/ml Sanofi 20ml Gotas,"29,40","27,51",-6.4%,"27,51",-6.4%
FarmaPonte,Esgotado,249.0,14,0.0,Melleril 25mg Bausch 20 Drágeas,0,0,0,0,0
Drogaria São Paulo,Disponível,249.0,12,7896862970789.0,Cloridrato De Fluoxetina 20mg Genérico Medquímica 30 Cápsulas,"43,31","12,46",-71.2%,"12,46",-71.2%
FarmaPonte,Esgotado,249.0,14,0.0,Multivitamínico Mulher Drogaria São Paulo 60 Cápsulas Gelatinosas,0,0,0,0,0
FarmaPonte,Esgotado,249.0,14,0.0,Pudim De Leite Sabor Coco Com Calda Pronta De Sabor Caramelo Zero Adiçao De Açucares.,0,0,0,0,0
FarmaPonte,Esgotado,249.0,14,0.0,Condicionador Dove Baby Hidratação Glicerinada 200ml,0,0,0,0,0
Drogaria São Paulo,Disponível,249.0,12,7896523211855.0,Diclofenaco Resinato 15mg/ml Genérico Cimed 20ml Gotas,"18,99","10,99",-42.1%,"10,99",-42.1%
Drogaria São Paulo,Disponível,249.0,14,7895858010324.0,Zyloric 100mg Aspen Pharma 30 Comprimidos,"23,65","22,07",-6.7%,"22,07",-6.7%
Drogaria São Paulo,Disponível,249.0,12,7891317446383.0,Gazia 40g Momenta 28 Comprimidos,"63,32","56,81",-10.3%,"56,81",-10.3%
FarmaPonte,Esgotado,249.0,13,0.0,Protetor Diário Carefree Todo Dia Sem Fragrância 40 Unidades,0,0,0,0,0
FarmaPonte,Esgotado,249.0,12,0.0,Multivitamínico Lavitan Super Fórmula A-Z + Mulher 60 Comprimidos,0,0,0,0,0
FarmaPonte,Esgotado,249.0,12,0.0,Design Sobrancelhas Com 4 Tamanhos Corpus,0,0,0,0,0
FarmaPonte,Esgotado,249.0,12,0.0,Hidratante Labial Chupa Chups The Skin Soul Choco Vanilla 10g,0,0,0,0,0
Drogaria São Paulo,Disponível,249.0,13,7898430192067.0,"Unizinco 17,60mg/mL Myralis 100mL  + Copo Medidor","34,74","29,99",-13.7%,"29,99",-13.7%
Drogaria São Paulo,Disponível,249.0,14,7896255766470.0,Revectina 6mg Abbott 2 Cápsulas,"25,99","25,99",-,"25,99",-
FarmaPonte,Esgotado,249.0,13,0.0,Aparelho de Depilar Gillette Venus Sensitive 2 Unidades,0,0,0,0,0
Drogaria São Paulo,Disponível,249.0,12,7896004758480.0,Capy 50mg/ml Germed Pharma 50ml Solução Capilar,"53,50","50,09",-6.4%,"50,09",-6.4%
FarmaPonte,Esgotado,249.0,13,0.0,Preservativo Blowtex Lubrificado 9 Unidades,0,0,0,0,0
FarmaPonte,Esgotado,249.0,14,0.0,Absorvente Dryman Masculino c/10 unidades,0,0,0,0,0
FarmaPonte,Esgotado,249.0,14,0.0,Absorvente Interno Intimus® Discreto Médio 8 Unidades,0,0,0,0,0
Drogaria São Paulo,Disponível,248.0,13,7898687733631.0,Cloridrato De Propafenona 150mg Genérico Althaia 90 Comprimido,"82,35","59,99",-27.2%,"59,99",-27.2%
FarmaPonte,Esgotado,248.0,12,0.0,Kit Blend de Óleos Essenciais Para Desintoxicar + Massageador Facial 3d + Máscara em Gel Para Olhos (3 Produtos) Océane,0,0,0,0,0
Drogaria São Paulo,Disponível,248.0,12,7895296292016.0,"Valerato de Betametasona 0,5mg/g + Sulfato de Gentamicina 10mg/g + Clioquinol 10mg/g Genérico Nova Química 20g Pomada","33,19","15,34",-53.8%,"15,34",-53.8%
Drogaria São Paulo,Disponível,248.0,12,7896004707341.0,Cloridrato Propranolol 40mg Genérico Germed 60 Compirmidos,"21,32","7,99",-62.5%,"7,99",-62.5%
FarmaPonte,Esgotado,248.0,12,0.0,Shampoo a Seco Ricca Love Is In The Hair Maçã do Amor 50ml,0,0,0,0,0
Drogaria São Paulo,Disponível,248.0,12,7897595631510.0,Secnidazol 1000mg Genérico Vitamedic 2 Comprimidos Revestidos,"25,64","14,59",-43.1%,"14,59",-43.1%
Drogaria São Paulo,Disponível,248.0,13,7898040328191.0,Tracox 25mg Farmoquímica 30 Comprimidos,"22,96","20,99",-8.6%,"20,99",-8.6%
Drogaria São Paulo,Disponível,248.0,13,7891317125561.0,Prosoy 30mg FQM Melora 6 Comprimidos Revestidos,"244,74","194,03",-20.7%,"194,03",-20.7%
FarmaPonte,Esgotado,248.0,13,0.0,Kit Tio Nacho Shampoo e Condicionador Antiqueda Engrossador Volume Capilar 415ml,0,0,0,0,0
FarmaPonte,Esgotado,248.0,13,0.0,Bolsa Para Gelo - Tam: P - Mercur Bolsa Para Gelo,0,0,0,0,0
FarmaPonte,Esgotado,248.0,12,0.0,Creme Hidratante Ever You UREIA 10% para os Pés 100g,0,0,0,0,0
FarmaPonte,Esgotado,248.0,13,0.0,Creme Para Pentear Pantene Bambu 240g,0,0,0,0,0
FarmaPonte,Esgotado,248.0,12,0.0,Bebida lactea uth cappuccino 250ml - Mais Mu,0,0,0,0,0
Drogaria São Paulo,Disponível,248.0,14,7898430191886.0,Coltrieno 10mg/g Ativus 30g Creme Vaginal + 20 Aplicadores,"100,82","92,99",-7.8%,"92,99",-7.8%
Drogaria São Paulo,Disponível,248.0,15,7895296444033.0,Paracetamol 500mg + Fosfato de Codeína 30mg Genérico Mepha 36 Comprimidos,"72,95","52,46",-28.1%,"52,46",-28.1%
Drogaria São Paulo,Disponível,248.0,12,7896094203266.0,"Naprix D 5mg + 12,5mg Libbs 30 Cápsulas","77,47","66,99",-13.5%,"66,99",-13.5%
FarmaPonte,Esgotado,248.0,12,0.0,Isotônico Powerade Fifa World Cup Qatar 2022 Frutas Tropicais 500ml,0,0,0,0,0
FarmaPonte,Esgotado,248.0,12,0.0,Creme Corporal Cicatricure Antiestrias Cicatrização e Uniformização da Pele 250mg,0,0,0,0,0
FarmaPonte,Esgotado,248.0,13,0.0,Suplemento Infantil Fortini em Pó Baunilha 400g,0,0,0,0,0
Drogaria São Paulo,Disponível,248.0,12,7895296210744.0,Bromoprida 4mg/Ml Genérico Nova Química 20ml Gotas,"21,77","7,42",-65.9%,"7,42",-65.9%
Drogaria São Paulo,Disponível,248.0,14,7897595625106.0,"Losartana 50mg + Hidroclorotiazida 12,5mg Genérico Sandoz 30 Comprimidos","42,99","10,29",-76.1%,"10,29",-76.1%
Drogaria São Paulo,Disponível,248.0,13,7896658040177.0,Dalmadorm 30mg Bausch 30 Comprimidos Revestidos,"56,76","51,99",-8.4%,"51,99",-8.4%
FarmaPonte,Esgotado,247.0,13,0.0,"Barra de frutas com cobertura de chocolate sabor Banana, Maça e Canela 24g - Supino",0,0,0,0,0
FarmaPonte,Esgotado,247.0,13,0.0,Sabonete em Barra Protex Limpeza Profunda 85g 6 unidades,0,0,0,0,0
FarmaPonte,Esgotado,247.0,14,0.0,Espuma de Barbear Bozzano Pele Sensível 200ml,0,0,0,0,0
FarmaPonte,Esgotado,247.0,12,0.0,Preservativo Masculino K-Med K-Misinha Lubrificado Invisível Mais Fina 8 Unidades,0,0,0,0,0
Drogaria São Paulo,Disponível,247.0,14,7897705202425.0,Fiasp 100U/ml Novo Nordisk 1 Cartule com 3ml  + 1 Sistema de Aplicação,"66,52","48,10",-27.7%,"48,10",-27.7%
FarmaPonte,Esgotado,247.0,12,0.0,Permese 5mg/ml + 2mg/ml Eurofarma 1ml Ampola Solução Injetável + Seringa 1ml,0,0,0,0,0
FarmaPonte,Esgotado,247.0,15,0.0,Creme De Olhos Para Rosto Cicatricure Antidade 30g,0,0,0,0,0
FarmaPonte,Esgotado,247.0,13,0.0,Sabonete Líquido Granado Bebê Tradicional  500ml,0,0,0,0,0
Drogaria São Paulo,Disponível,247.0,14,7891721026959.0,Hemifumarato de Bisoprolol 5mg Genérico Merck 30 Comprimidos,"58,92","34,99",-40.6%,"34,99",-40.6%
Drogaria São Paulo,Disponível,247.0,13,7899095256453.0,Espironolactona 25mg Genérico Geolab 30 Comprimidos,"28,54","12,99",-54.5%,"12,99",-54.5%
Drogaria São Paulo,Disponível,247.0,14,7896226103037.0,Concor 5mg Merck 30 Comprimidos Revestidos,"256,10","211,85",-17.3%,"211,85",-17.3%
Drogaria São Paulo,Disponível,247.0,13,7899095257788.0,Montelucaste 5mg Genérico Geolab 30 Comprimidos,"91,07","18,80",-79.4%,"18,80",-79.4%
Drogaria São Paulo,Disponível,247.0,12,7899095234192.0,"Tansulosina 0,4mg Genérico Geolab 20 Cápsulas","95,94","47,11",-50.9%,"47,11",-50.9%
FarmaPonte,Esgotado,247.0,14,0.0,Loção Hidratante Corporal La Florentina Romã 200 ml,0,0,0,0,0
FarmaPonte,Esgotado,247.0,12,0.0,Máscara de Tratamento Lola Cosmetics Be(m)dita Ghee Nutrição Abacaxi e Manteiga de Bacuri 100g,0,0,0,0,0
FarmaPonte,Esgotado,247.0,12,0.0,Água Saborizada Com Gás Crystal Frutas Vermelhas 510ml,0,0,0,0,0
FarmaPonte,Esgotado,247.0,12,0.0,Suco de Soja Ades Sabor Maçã 200ml,0,0,0,0,0
FarmaPonte,Esgotado,247.0,13,0.0,"Bola De Massagem Cinza 9,0Cm - Hidrolight Bola 9Cm",0,0,0,0,0
FarmaPonte,Esgotado,247.0,14,0.0,78.01.101 Refil Escova Interdental Cilíndrica P - Morelli,0,0,0,0,0
FarmaPonte,Esgotado,247.0,14,0.0,Gelatina Lowçucar Sabor Morango Refil 200G,0,0,0,0,0
FarmaPonte,Esgotado,247.0,12,0.0,Energético Red Bull Yellow Edition Tropical 250ml,0,0,0,0,0
FarmaPonte,Esgotado,247.0,13,0.0,Cera Cremosa Corporal Depilsam de Micro-Ondas Maracujá 200G,0,0,0,0,0
Drogaria São Paulo,Disponível,247.0,13,7891158104138.0,Vitamina Sof D 50000UI Abbott 4 Cápsulas,"84,15","73,25",-13.0%,"73,25",-13.0%
FarmaPonte,Esgotado,246.0,14,0.0,Farinha de Chia Vitalin 150g,0,0,0,0,0
Drogaria São Paulo,Disponível,246.0,12,7896658016691.0,Bravan 320mg Aché 30 Comprimidos Revestidos,"63,81","58,79",-7.9%,"58,79",-7.9%
Drogaria São Paulo,Disponível,246.0,14,7898430191923.0,"Tilestal 37,5mg + 325mg Myralis 20 Comprimidos Revestidos","55,74","43,46",-22.0%,"43,46",-22.0%
FarmaPonte,Esgotado,246.0,14,0.0,Bruma Hidratante Capilar Widi Care Revitalizando a Juba 300ml,0,0,0,0,0
Drogaria São Paulo,Disponível,246.0,12,7896676408515.0,Codein 3mg/ml Cristália 120ml Solução Oral,"26,98","26,98",-,"26,98",-
Drogaria São Paulo,Disponível,246.0,13,7896658022203.0,Unak 10mg Diffucap Chemobras 30 Comprimidos,"66,33","63,89",-3.7%,"63,89",-3.7%
FarmaPonte,Esgotado,246.0,13,0.0,Barra de Cereal sabor Cereja e Cacau caixa com 12 unidades de 25g - Corpo e Sabor,0,0,0,0,0
FarmaPonte,Esgotado,246.0,14,0.0,Creme Facial Hidramais Nutritivo Noturno Ácido Hialurônico 100g,0,0,0,0,0
FarmaPonte,Esgotado,246.0,12,0.0,Bebida Láctea UHT YoPRO Coco com Batata Doce 15g de proteínas 250ml,0,0,0,0,0
FarmaPonte,Esgotado,246.0,13,0.0,Protetor Solar Facial Diário Helioderm Suncare FPS 50 50g,0,0,0,0,0
FarmaPonte,Esgotado,246.0,13,0.0,Levittá Crocante de Gergelim e Castanha de Cajú 10g - Banana Brasil,0,0,0,0,0
FarmaPonte,Esgotado,246.0,14,0.0,Gloss Íntimo:Lubrificante + Hidratante Feminino - 15Gr,0,0,0,0,0
FarmaPonte,Esgotado,246.0,12,0.0,"BLUZ LAPIS DELINEADOR DE OLHOS FLY 1,2G VERDE",0,0,0,0,0
FarmaPonte,Esgotado,246.0,12,0.0,Pure De Frutas Org Pura Manzana Ama Time 90g,0,0,0,0,0
Drogaria São Paulo,Disponível,246.0,13,7895858005917.0,Aldomet 250mg Apsen Pharma 30 Comprimidos,"46,20","42,62",-7.7%,"42,62",-7.7%
FarmaPonte,Esgotado,246.0,13,0.0,Kit Creme Dental Sensodyne Repair & Protect 2 Unidades 100g Cada - Kit Pasta de Dente Sensodyne Repair & Protect Dentes Sensíveis 2 Unidades de 100g,0,0,0,0,0
Drogaria São Paulo,Disponível,246.0,15,7896658015724.0,"Venlift OD 37,5mg Torrent 30 cápsulas","132,87","119,99",-9.7%,"119,99",-9.7%
FarmaPonte,Esgotado,246.0,14,0.0,Suplemento Alimentar Digeliv 30 Comprimidos,0,0,0,0,0
FarmaPonte,Esgotado,245.0,12,0.0,Pós Sol Caladryl Aerossol 150ml,0,0,0,0,0
FarmaPonte,Esgotado,245.0,12,0.0,Lapiseira Delineadora Para Os Olhos Vult Fun Coral Elétrico 350mg,0,0,0,0,0
FarmaPonte,Esgotado,245.0,13,0.0,Colírio Vigamox 5mg/ml Novartis 5ml,0,0,0,0,0
FarmaPonte,Esgotado,245.0,12,0.0,Tônico Capilar Cresce Cabelo Forever Liss 60ml,0,0,0,0,0
FarmaPonte,Esgotado,245.0,13,0.0,Sabonete em Barra Lux Botanicals Buquê de Jasmim 85g,0,0,0,0,0
FarmaPonte,Esgotado,245.0,14,0.0,Escova De Cabelo Ricca Oval Almofadada 1 Unidade,0,0,0,0,0
FarmaPonte,Esgotado,245.0,13,0.0,Bolsa Termica Gel Pequena Mercur,0,0,0,0,0
FarmaPonte,Esgotado,245.0,12,0.0,Mel Yep To Go Sachê 40g,0,0,0,0,0
FarmaPonte,Esgotado,245.0,12,0.0,Kit Naninha e Manta Para Bebê Hannys Baby - Bege,0,0,0,0,0
Drogaria São Paulo,Disponível,245.0,12,7896181925866.0,Cilostazol 100mg Genérico Aché 60 Comprimidos,"56,20","44,99",-19.9%,"44,99",-19.9%
FarmaPonte,Esgotado,245.0,14,0.0,Leite em Pó Ninho Adulto Lata 700g,0,0,0,0,0
Drogaria São Paulo,Disponível,245.0,13,7896004711874.0,"Desonida 0,5mg/g Genérico Germed 30g Creme","39,95","20,88",-47.7%,"20,88",-47.7%
FarmaPonte,Esgotado,245.0,13,0.0,Shampoo Herbal Essences Bio:Renew Alecrim e Ervas 400ml,0,0,0,0,0
FarmaPonte,Esgotado,245.0,12,0.0,Adoçante Líquido Adocyl Stevia 80ml,0,0,0,0,0
FarmaPonte,Esgotado,245.0,13,0.0,Óleo Capilar Skafe Natutrat Coco 60ml,0,0,0,0,0
FarmaPonte,Esgotado,245.0,13,0.0,Pincel Para Delinear os Olhos Corpus,0,0,0,0,0
FarmaPonte,Esgotado,245.0,13,0.0,Pó Compacto Ultrafino - Dailus - D.3 Claro,0,0,0,0,0
Drogaria São Paulo,Disponível,245.0,13,8903855069173.0,"Iccor 2,5mg Torrent 30 Comprimidos","37,88","12,56",-66.8%,"12,56",-66.8%
FarmaPonte,Esgotado,245.0,12,0.0,Pé de Moça Pote com 20 unidades - Unidoces,0,0,0,0,0
Drogaria São Paulo,Disponível,245.0,12,7896212480562.0,"Daisan 37,5/325mg Daiichi 10 Comprimidos Revestidos","23485,39","16599,90",-29.3%,"16599,90",-29.3%
Drogaria São Paulo,Disponível,245.0,12,7898908753127.0,Berberis-Homaccord 18 gotas/ml Heel 30ml Solução Oral,"97,99","97,99",-,"97,99",-
FarmaPonte,Esgotado,245.0,13,0.0,Óleo Corporal De Girassol Farmax 100ml,0,0,0,0,0
Drogaria São Paulo,Disponível,245.0,12,7898216360659.0,Gliclazida 30mg Genérico Pharlab 60 Comprimidos,"104,50","55,59",-46.8%,"55,59",-46.8%
FarmaPonte,Esgotado,245.0,14,0.0,Deo Colônia Íntima Puzzy By Anitta Agatta 25ml,0,0,0,0,0
FarmaPonte,Esgotado,245.0,12,0.0,Unhas Postiças Média Autocolante Quadrada Pintada Absolute New York Magiquick French French 24 Unidades,0,0,0,0,0
FarmaPonte,Esgotado,244.0,15,0.0,Fralda Huggies Supreme Care XG 48 Unidades,0,0,0,0,0
Drogaria São Paulo,Disponível,244.0,13,7896714255903.0,Tadalafila 20mg Genérico Neo Química 4 Comprimidos Revestidos,"37,45","15,99",-57.3%,"15,99",-57.3%
Drogaria São Paulo,Disponível,244.0,15,7896004713625.0,Algestona 150mg/ml + Estradiol 10mg/ml Genérico Germed 1ml Injetável,"15,73","13,75",-12.6%,"13,75",-12.6%
FarmaPonte,Esgotado,244.0,12,0.0,Aparelho de Limpeza e Massagem Facial LSM-616 - Aparelho De Limpeza E Massagem Facial Lsm-616,0,0,0,0,0
FarmaPonte,Esgotado,244.0,13,0.0,Bauny - Batom Líquido Matte Vegano 5ml - Cor 010,0,0,0,0,0
Drogaria São Paulo,Disponível,244.0,13,7897595620279.0,Cloridrato de Loperamida 2mg Genérico Sandoz 12 Comprimidos,"7,34","4,15",-43.5%,"4,15",-43.5%
FarmaPonte,Esgotado,244.0,13,0.0,Pincel Para Sobrancelhas - Contour My Brows Ocn16 Océane,0,0,0,0,0
Drogaria São Paulo,Disponível,244.0,13,7897076923813.0,Amoxicilina 875mg + Clavulanato De Potássio 125mg Genérico Ranbaxy 20 Comprimidos,"124,04","71,48",-42.4%,"71,48",-42.4%
Drogaria São Paulo,Disponível,244.0,12,7896112401025.0,Vaslip 10mg Biolab 30 Comprimidos Revestidos,"116,12","97,99",-15.6%,"97,99",-15.6%
FarmaPonte,Esgotado,244.0,14,0.0,Hastes Flexíveis Ever Care Ecológicas 150 Unidades,0,0,0,0,0
FarmaPonte,Esgotado,244.0,12,0.0,Delineador Líquido Matte À Prova D'Água Essence Eyeliner Preto 1 ml,0,0,0,0,0
FarmaPonte,Esgotado,244.0,12,0.0,Esmalte fortalecedor de unhas 5ML,0,0,0,0,0
FarmaPonte,Esgotado,244.0,16,0.0,Hastes Flexíveis Sancare - 75 Unidades,0,0,0,0,0
Drogaria São Paulo,Disponível,244.0,12,7891317013943.0,Alurax 2mg Eurofarma 30 Comprimidos Revestidos,"69,06","59,89",-13.3%,"59,89",-13.3%
FarmaPonte,Esgotado,244.0,13,0.0,Lidial 50mg/g Cellera 25g Pomada,0,0,0,0,0
Drogaria São Paulo,Disponível,244.0,12,7895296277051.0,Deflaz 6mg Genérico Nova Química 20 Comprimidos,"60,18","41,99",-30.2%,"41,99",-30.2%
Drogaria São Paulo,Disponível,244.0,12,7896422504010.0,Succinato de Desvenlafaxina Monoidratado 100mg Genérico Medley 30 Comprimidos,"144,48","48,03",-66.8%,"48,03",-66.8%
FarmaPonte,Esgotado,244.0,15,0.0,Composto Lácteo Milnutri Profutura 800g,0,0,0,0,0
FarmaPonte,Esgotado,244.0,14,0.0,Bebida Ades A Base de Amêndoas Sabor Original 1L,0,0,0,0,0
FarmaPonte,Esgotado,244.0,13,0.0,Máscara Para Cílios Preta - Volume Lash Océane Edition 6g - Máscara Para Cílios Preta Volume Lash Océane Edition,0,0,0,0,0
Drogaria São Paulo,Disponível,243.0,13,7896112101352.0,Acetato de Dexametasona 1mg/g Genérico Teuto 10g Creme Dermatológico,"13,13","8,39",-36.1%,"8,39",-36.1%
FarmaPonte,Esgotado,243.0,12,0.0,Caneta Sos Cutícula - 10Ml,0,0,0,0,0
FarmaPonte,Esgotado,243.0,12,0.0,Mari Maria Creamy Matte - Batom Liquido 4ml - Ashy,0,0,0,0,0
Drogaria São Paulo,Disponível,243.0,13,7894916501415.0,Symdulor SL 10mg Zodiac 10 Comprimidos,"49,44","49,44",-,"49,44",-
FarmaPonte,Esgotado,243.0,13,0.0,Algodão Hidrófilo em Rolo Apolo - 250 g,0,0,0,0,0
FarmaPonte,Esgotado,243.0,13,0.0,Máscara de Hidratação Novex Óleo De Coco 1kg,0,0,0,0,0
FarmaPonte,Esgotado,243.0,14,0.0,Algodão Em Discos Dupla Face Cremer 50 Unidades,0,0,0,0,0
FarmaPonte,Esgotado,243.0,12,0.0,Pasta de Dente Boni Natural Sem Flúor Menta & Melaleuca 90g,0,0,0,0,0
Drogaria São Paulo,Disponível,243.0,13,8902220113107.0,Lamitor CD 50mg Torrent 30 Comprimidos,"69,19","58,99",-14.7%,"58,99",-14.7%
FarmaPonte,Esgotado,243.0,13,0.0,Kit Tio Nacho Clareador Antiqueda Shampoo 415ml + Condicionador 200ml,0,0,0,0,0
FarmaPonte,Esgotado,243.0,12,0.0,Protetor Solar Facial Nivea Sun Spot Control Luminous 360 FPS60 Fluido 40ml,0,0,0,0,0
FarmaPonte,Esgotado,243.0,14,0.0,Água termal lavanda 60ml,0,0,0,0,0
Drogaria São Paulo,Disponível,243.0,12,7896658025518.0,Zyptan 10mg Zydus 8 Comprimidos,"44,99","44,99",-,"44,99",-
Drogaria São Paulo,Disponível,243.0,13,7896015519834.0,Bactroban 20mg/g GSK 10g Pomada,"55,17","47,32",-14.2%,"47,32",-14.2%
FarmaPonte,Esgotado,243.0,13,0.0,Máscara Capilar Matizadora Salon Line #To De Cacho Chocolate 300g,0,0,0,0,0
Drogaria São Paulo,Disponível,243.0,12,7899547505184.0,Diclofenaco Sódico 50mg Genérico Prati-Donaduzzi 20 Comprimidos,"9,57","6,92",-27.7%,"6,92",-27.7%
FarmaPonte,Esgotado,243.0,14,0.0,"Halobex 0,5mg/g Glenmark 30g Creme",0,0,0,0,0
FarmaPonte,Esgotado,243.0,13,0.0,Base Líquida Matte Fran by Franciny Ehlke Real Filter E-02 30 g,0,0,0,0,0
Drogaria São Paulo,Disponível,243.0,12,7896112126430.0,Nistatina 100.000UI/ml Genérico Teuto 50ml Suspensão Oral,"31,82","17,84",-43.9%,"17,84",-43.9%
FarmaPonte,Esgotado,243.0,14,0.0,Esponja de Banho Ever Care Nylon 1 Unidade,0,0,0,0,0
Drogaria São Paulo,Disponível,243.0,12,7896004734392.0,"Drospirenona 3mg + Etinilestradiol 0,03mg Genérico EMS  21 Comprimidos Revestidos","62,02","27,81",-55.2%,"27,81",-55.2%
FarmaPonte,Esgotado,243.0,15,0.0,Escova de Dente Infantil Bitufo Cocoricó Grandinhos Ultramacia 2 a 5 anos 1 Unidade,0,0,0,0,0
Drogaria São Paulo,Disponível,243.0,12,7899547504682.0,Cloridrato de Terbinafina 250mg Genérico Prati-Donaduzzi 28 Comprimidos,"168,67","48,99",-71.0%,"48,99",-71.0%
FarmaPonte,Esgotado,243.0,12,0.0,Kapiderm Vita Derm Elixir Fortificante Antiqueda 15ml,0,0,0,0,0
FarmaPonte,Esgotado,243.0,12,0.0,Bico Mamadeira n° 3 Linha Clássica Philips Avent - SCF633/27,0,0,0,0,0
Drogaria São Paulo,Disponível,243.0,13,7896714274508.0,Cloridrato de Trazodona 50mg Genérico Neo Química 60 Comprimidos,"70,85","35,99",-49.2%,"35,99",-49.2%
Drogaria São Paulo,Disponível,243.0,14,7899547522273.0,Sertralina 100mg Genérico Prati-Donaduzzi 30 Comprimidos,"94,52","39,99",-57.7%,"39,99",-57.7%
FarmaPonte,Esgotado,243.0,12,0.0,Energético Engov Up Original 269ml,0,0,0,0,0
FarmaPonte,Esgotado,243.0,12,0.0,Amônia Ever Care 100ml,0,0,0,0,0
Drogaria São Paulo,Disponível,242.0,13,7891058022778.0,"Allenasal 55mcg/ml Sanofi 16,5ml 120 Doses Spray Antialérgico","75,81","71,49",-5.7%,"71,49",-5.7%
FarmaPonte,Esgotado,242.0,15,0.0,Barra De Proteína Black Skull Torta Mousse De Maracujá 45g,0,0,0,0,0
FarmaPonte,Esgotado,242.0,12,0.0,Gel de Banho Giovanna Baby Moments Classic 250ml,0,0,0,0,0
FarmaPonte,Esgotado,242.0,14,0.0,Máscara Ions - Via Martins - Mascara Ions Tam P - Preta,0,0,0,0,0
FarmaPonte,Esgotado,242.0,12,0.0,Suplemento Proteico Líquido Integralmedica My Whey Morango Zero Lactose 250ml,0,0,0,0,0
FarmaPonte,Esgotado,242.0,14,0.0,"Dolamin Flex 125mg/5,0mg Farmoquimica 12 Comprimidos",0,0,0,0,0
Drogaria São Paulo,Disponível,242.0,13,7896023743009.0,Miosan 10mg Apsen 10 comprimidos Revestidos,"24,67","24,42",-1.0%,"24,42",-1.0%
Drogaria São Paulo,Disponível,242.0,12,7894916500272.0,Neutrofer 500mg EMS 30 comprimidos,"93,25","74,99",-19.6%,"74,99",-19.6%
FarmaPonte,Esgotado,242.0,13,0.0,Bombom Flormel com Amendoim Mini + Pacote 12g,0,0,0,0,0
Drogaria São Paulo,Disponível,242.0,13,7896637034067.0,Miosan Odt 10mg Apsen 10 Comprimidos Orodispersíveis,"23,49","20,38",-13.2%,"20,38",-13.2%
FarmaPonte,Esgotado,242.0,12,0.0,Lenço Umedecido Bepantol Baby 96 Unidades,0,0,0,0,0
Drogaria São Paulo,Disponível,242.0,14,7897595602589.0,Atenolol 50mg Genérico Sandoz 30 Comprimidos,"25,84","7,34",-71.6%,"7,34",-71.6%
FarmaPonte,Esgotado,242.0,12,0.0,"Iziz 2,5mg + 1,5mg Libbs 24 Comprimidos + 4 Placebos",0,0,0,0,0
Drogaria São Paulo,Disponível,242.0,13,7899824400874.0,Zelix 150mg Arese 1 Cápsula,"51,98","46,99",-9.6%,"46,99",-9.6%
FarmaPonte,Esgotado,242.0,13,0.0,Escova Dental Oral-B Indicator Color Collection 4 Unidades,0,0,0,0,0
FarmaPonte,Esgotado,242.0,12,0.0,Bebida a Base de Aveia Nude Caramelo & Flor de Sal 250ml,0,0,0,0,0
Drogaria São Paulo,Disponível,242.0,13,7897473207035.0,Momate 50mcg Glenmark 120 Acionamentos Spray Uso Nasal,"70,28","62,28",-11.4%,"62,28",-11.4%
FarmaPonte,Esgotado,242.0,12,0.0,Óleo de Rosa Mosqueta Puro 10ml,0,0,0,0,0
FarmaPonte,Esgotado,242.0,12,0.0,Bebida Láctea UHT Nescafé Smoovlatte Café Chocolate 270ml,0,0,0,0,0
FarmaPonte,Esgotado,242.0,12,0.0,Loção Capilar Clareadora Camomila Intea Reflexos Louros Teen 100ml Spray,0,0,0,0,0
FarmaPonte,Esgotado,242.0,13,0.0,Lowell Bio Shock Bioplastia Clinic - Tratamento Capilar 25ml,0,0,0,0,0
FarmaPonte,Esgotado,242.0,12,0.0,Creme Hidratante Facial Anti-idade L'Oréal Paris Revitalift Hialurônico Noturno 49g,0,0,0,0,0
Drogaria São Paulo,Disponível,242.0,13,7894916501705.0,Nidue 100mg + 20mg Germed 12 Comprimidos,"18,03","15,19",-15.8%,"15,19",-15.8%
Drogaria São Paulo,Disponível,242.0,12,7897917005982.0,Valium 10mg Roché 30 Comprimidos,"35,63","31,35",-12.0%,"31,35",-12.0%
FarmaPonte,Esgotado,242.0,15,0.0,Base Em Mousse Essence Soft Touch 01 Matt Sand 16g,0,0,0,0,0
FarmaPonte,Esgotado,241.0,13,0.0,Óleo Corporal Paixão Irreversivel Flor de Lis 100ml,0,0,0,0,0
FarmaPonte,Esgotado,241.0,12,0.0,Máscara de Tratamento Love Beauty And Planet Curls Intensify Manteiga de Murumuru e Rosa 190g,0,0,0,0,0
FarmaPonte,Esgotado,241.0,12,0.0,Refil Para Escova Interdental Curaprox Cilíndrico Cps 07 8 Unidades,0,0,0,0,0
FarmaPonte,Esgotado,241.0,13,0.0,Gel Dental Malvatrikids Baby 70g,0,0,0,0,0
Drogaria São Paulo,Disponível,241.0,13,7898328480498.0,Synthroid 200mcg Abbott 30 Comprimidos,"10838,98","8799,90",-18.8%,"8799,90",-18.8%
FarmaPonte,Esgotado,241.0,12,0.0,Gel Cicatricure para Cicatrizes e Estrias 60g,0,0,0,0,0
Drogaria São Paulo,Disponível,241.0,12,7896070600799.0,Flagyl 400mg Sanofi 24 Comprimidos,"39,16","32,99",-15.8%,"32,99",-15.8%
Drogaria São Paulo,Disponível,241.0,12,7896862970574.0,Flucovil 150mg Medquímica 2 Cápsulas,"22,59","9,59",-57.5%,"9,59",-57.5%
Drogaria São Paulo,Disponível,241.0,12,7896015568214.0,Clavulin BD 400mg + 57mg/5ml GSK 70ml Suspensão Oral,"107,07","72,51",-32.3%,"72,51",-32.3%
Drogaria São Paulo,Disponível,241.0,14,7894916509510.0,Monocordil 5mg Baldacci 30 Comprimidos Sublingual,"140,87","140,87",-,"140,87",-
FarmaPonte,Esgotado,241.0,12,0.0,Preservartivo Prudence Super Sensitive 6 Unidades,0,0,0,0,0
FarmaPonte,Esgotado,241.0,14,0.0,Grampo para Cabelo Ever You N5 Preto 50 Unidades,0,0,0,0,0
Drogaria São Paulo,Disponível,241.0,13,7891721014130.0,Euthyrox 150mcg Merck S/A 50 Cápsulas,"60,50","56,42",-6.7%,"56,42",-6.7%
Drogaria São Paulo,Disponível,241.0,13,7896523214092.0,Diclofenaco Potássico 50mg Genérico Cimed 20 Comprimidos,"15,23","7,99",-47.5%,"7,99",-47.5%
Drogaria São Paulo,Disponível,241.0,13,7891317121945.0,Vaslip 40mg Zurita 30 Comprimidos Revestidos,"61,10","56,34",-7.8%,"56,34",-7.8%
FarmaPonte,Esgotado,241.0,12,0.0,Espuma de Limpeza Facial Dove Purificação Profunda 100g,0,0,0,0,0
Drogaria São Paulo,Disponível,241.0,12,7896006274506.0,Scalid 100mg União Química 12 Comprimidos,"25,85","10,99",-57.5%,"10,99",-57.5%
Drogaria São Paulo,Disponível,241.0,13,7896422513951.0,Cloridrato Venlafaxina 75mg Genérico Medley 30 Cápsulas Gelatinosas,"99,76","35,69",-64.2%,"35,69",-64.2%
FarmaPonte,Esgotado,241.0,12,0.0,Condicionador Pantene Pro-V 3 Minutos Milagrosos Hidratação 170 ml,0,0,0,0,0
FarmaPonte,Esgotado,241.0,12,0.0,Kit Clareador Blondor Camomila,0,0,0,0,0
FarmaPonte,Esgotado,241.0,12,0.0,Bicarbonato De Sódio Airon Natural 500g - Maquira,0,0,0,0,0
FarmaPonte,Esgotado,241.0,12,0.0,Kit Gillette Mach3 4 Cargas De Aparelho Para Barbear + Creme de Barbear Rosto e Corpo 150ml,0,0,0,0,0
FarmaPonte,Esgotado,240.0,13,0.0,Chocolate Trento Avelãs 32g,0,0,0,0,0
FarmaPonte,Esgotado,240.0,13,0.0,Pasta de Amendoim ao Leite de Coco Eat Clean 300g,0,0,0,0,0
FarmaPonte,Esgotado,240.0,13,0.0,Fixador de Glitter  Bruna Tavares Bt Glue 10 g,0,0,0,0,0
FarmaPonte,Esgotado,240.0,13,0.0,Bolsa para Água Quente Coração com Capa 950ml - UniqCare,0,0,0,0,0
Drogaria São Paulo,Disponível,240.0,12,7896523208763.0,Fluconazol 150mg Genérico Cimed 1 Comprimido,"13,56","5,99",-55.8%,"5,99",-55.8%
FarmaPonte,Esgotado,240.0,12,0.0,Creme Para Pentear Novex Meus Cachos de Cinema 1kg,0,0,0,0,0
FarmaPonte,Esgotado,240.0,12,0.0,Lenço Umedecido Baby Sem Fragrância Ever Care 96 Unidades,0,0,0,0,0
FarmaPonte,Esgotado,240.0,12,0.0,Creme Cicatricure Gold Lift Diurno Reduz Rugas 50g,0,0,0,0,0
FarmaPonte,Esgotado,240.0,14,0.0,Bombom com 30 unidades de 40g - Charge,0,0,0,0,0
Drogaria São Paulo,Disponível,240.0,12,7898565164526.0,Fosfato de Oseltamivir 45mg Genérico Natcofarma 10 Cápsulas,"141,20","113,99",-19.3%,"113,99",-19.3%
FarmaPonte,Esgotado,240.0,13,0.0,Ampola De Tratamento Skafe Queratina  10ml,0,0,0,0,0
FarmaPonte,Esgotado,240.0,12,0.0,Óleo Para Massagem Equilíbrio PhytoSPA 10ml,0,0,0,0,0
FarmaPonte,Esgotado,240.0,12,0.0,Kit Eico Tratamento Mandioca Shampoo 450ml + Condicionador 450ml,0,0,0,0,0
FarmaPonte,Esgotado,240.0,13,0.0,Espuma de Barbear Nivea Men Deep Suave Carvão Ativado 200ml,0,0,0,0,0
FarmaPonte,Esgotado,240.0,14,0.0,Fórmula Pediátrica Para Nutrição Pediasure Chocolate 400g,0,0,0,0,0
FarmaPonte,Esgotado,240.0,14,0.0,Lubrificante para Canetas de Alta e Baixa Rotação Uni Lub Spray 250ml - DCMA,0,0,0,0,0
FarmaPonte,Esgotado,240.0,12,0.0,Bebida à Base de Plantas Not High Protein Pasta de Amendoim 250ml,0,0,0,0,0
FarmaPonte,Esgotado,240.0,12,0.0,Barra de frutas com cobertura de chocolate ao leite sabor Banana e açai 24g - Supino,0,0,0,0,0
FarmaPonte,Esgotado,240.0,12,0.0,Kit Shampoo Elseve Cachos dos Sonhos 375ml + Condicionador 170ml,0,0,0,0,0
Drogaria São Paulo,Disponível,240.0,13,7891721202834.0,Levotiroxina Sódica 75mcg Genérico Merck 30 Comprimidos,"13,44","12,99",-3.3%,"12,99",-3.3%
FarmaPonte,Esgotado,240.0,13,0.0,Creme Depilatório Corporal Depilsam Aloe Vera 100G,0,0,0,0,0
FarmaPonte,Esgotado,240.0,12,0.0,Sabonete em Barra Protex Nutri Protect Vitamina E 85g 6 unidades,0,0,0,0,0
Drogaria São Paulo,Disponível,239.0,13,7896112411413.0,Iludral 250mg Zodiac 30 Comprimidos,"90,68","69,99",-22.8%,"69,99",-22.8%
FarmaPonte,Esgotado,239.0,13,0.0,Ampola Powerdose Vitamino Color A-Ox 10ml - L'Oréal Professionnel - 10ml - Ampola Powerdose Vitamino Color A-Ox - L'Oréal Professionnel - 10ml,0,0,0,0,0
Drogaria São Paulo,Disponível,239.0,12,7896523209128.0,Acebrofilina 25mg/5ml Genérico Cimed 120ml Xarope,"27,80","17,49",-37.1%,"17,49",-37.1%
FarmaPonte,Esgotado,239.0,13,0.0,Kit Paleta de Sombras Revitalizador Labial Rosa Nádia Tambasco By Océane,0,0,0,0,0
FarmaPonte,Esgotado,239.0,12,0.0,Mamadeira MAM First 130ml Bebê Saúde,0,0,0,0,0
FarmaPonte,Esgotado,239.0,13,0.0,Chocolate Snickers 45g,0,0,0,0,0
Drogaria São Paulo,Disponível,239.0,12,7894916140829.0,Lansoprazol 30mg Genérico Legrand 28 Comprimidos,"126,70","30,28",-76.1%,"30,28",-76.1%
Drogaria São Paulo,Disponível,239.0,12,7896112403111.0,Ativb 1000mcg Biolab 30 Comprimidos Sublinguais,"98,91","49,90",-49.6%,"49,90",-49.6%
FarmaPonte,Esgotado,239.0,12,0.0,Esponja de Banho Infantil  Bob Esponja Ponjita 3m Do Brasil 1 Unidade,0,0,0,0,0
FarmaPonte,Esgotado,239.0,13,0.0,Leite de Limpeza e Tônico Facial Nivea Loção 2 em 1 200ml,0,0,0,0,0
Drogaria São Paulo,Disponível,239.0,14,7896006219248.0,Vitamina D Font D 50.000UI União Química 4 Comprimidos,"72,44","32,59",-55.0%,"32,59",-55.0%
FarmaPonte,Esgotado,239.0,14,0.0,Máscara Capilar Eudora Siage Nutri Rose 250g,0,0,0,0,0
FarmaPonte,Esgotado,239.0,13,0.0,Vitamina C Supra C Kids Garfield Vitamina C e D e Zinco Sabor Laranja 30 Unidades,0,0,0,0,0
FarmaPonte,Esgotado,239.0,13,0.0,Aparelho De Depilação Corporal Gillette Corpo Descartável 2 unidades,0,0,0,0,0
FarmaPonte,Esgotado,239.0,13,0.0,Limpador De Pele Coloplast - 4710,0,0,0,0,0
FarmaPonte,Esgotado,239.0,13,0.0,Suplemento Infantil Fortini Plus Sem Sabor 400g,0,0,0,0,0
FarmaPonte,Esgotado,238.0,13,0.0,Bala Halls Mini Extra Forte 15g,0,0,0,0,0
Drogaria São Paulo,Disponível,238.0,13,7896658034879.0,Cetrolac 5mg/ml União Química 5ml Solução Oftálmico,"64,19","59,74",-6.9%,"59,74",-6.9%
FarmaPonte,Esgotado,238.0,12,0.0,Fraldas Pampers Premium Care Recém-Nascido RN+ 36 Unidades,0,0,0,0,0
FarmaPonte,Esgotado,238.0,14,0.0,Bicarbonato de Sódio Clean Okta Natural 500g - DCMA,0,0,0,0,0
FarmaPonte,Esgotado,238.0,12,0.0,Wafer Trento Speciale Avelã com Chocolate Branco 26g,0,0,0,0,0
FarmaPonte,Esgotado,238.0,12,0.0,Gel Controle de Frizz S.o.s Cachos - Salon Line - 320ml - Gel Controle de Frizz S.O.S Cachos - Salon Line - 320ml,0,0,0,0,0
Drogaria São Paulo,Disponível,238.0,12,7896641808432.0,Tenag 40mg Marjan 20 Comprimidos,"419,16","342,59",-18.3%,"342,59",-18.3%
Drogaria São Paulo,Disponível,238.0,12,7891317484408.0,Zolpaz 10mg União Química 30 Comprimidos,"285,81","89,99",-68.5%,"89,99",-68.5%
FarmaPonte,Esgotado,238.0,12,0.0,Cílios Postiços Longo Natural Absolute New York Magiquick 602 Preto 1 Par,0,0,0,0,0
Drogaria São Paulo,Disponível,238.0,12,7898910350154.0,Cloridrato de Sertralina 50mg Genérico Zydus Nikkho 30 Comprimidos,"49,09","11,67",-76.2%,"11,67",-76.2%
Drogaria São Paulo,Disponível,238.0,12,7896714221847.0,Flavonid 450mg + 50mg Neo Química 60 Comprimidos,"187,97","89,59",-52.3%,"89,59",-52.3%
Drogaria São Paulo,Disponível,238.0,12,7891058013318.0,Jofix 4mg Arese 10 Comprimidos,"98,39","85,59",-13.0%,"85,59",-13.0%
FarmaPonte,Esgotado,238.0,14,0.0,Kit Cadiveu Essentials Quartzo Shine - Proteína de Brilho - 2 Unidades,0,0,0,0,0
FarmaPonte,Esgotado,238.0,13,0.0,Barra sabor Chocolate ao Leite com Chocolate Chips 90g - Darkness Dark Bar,0,0,0,0,0
FarmaPonte,Esgotado,238.0,13,0.0,Biscoito Negresco Recheado sabor Chocolate com 100g- Nestlé,0,0,0,0,0
FarmaPonte,Esgotado,238.0,12,0.0,Geléia Multifuncional Aloe Beleza 300g - Davene,0,0,0,0,0
FarmaPonte,Esgotado,238.0,14,0.0,Shampoo de Glicerina Johnson's Baby 180ml Refil,0,0,0,0,0
FarmaPonte,Esgotado,238.0,12,0.0,Óleo de Tratamento Cadiveu Açaí Oil 60ml,0,0,0,0,0
FarmaPonte,Esgotado,238.0,13,0.0,Spray Defrizante Protetor Térmico Meu Liso Extremo Salon Line 240ml,0,0,0,0,0
FarmaPonte,Esgotado,238.0,12,0.0,Kaloba 825mg/ml Herbarium 20ml Gotas,0,0,0,0,0
FarmaPonte,Esgotado,238.0,12,0.0,Pacote de bombom com 1Kg - Sonho de Valsa,0,0,0,0,0
FarmaPonte,Esgotado,237.0,12,0.0,Absorvente Geriátrico Ever Care Unissex Tamanho Único 20 Unidades,0,0,0,0,0
FarmaPonte,Esgotado,237.0,12,0.0,Lubrificante Íntimo K-Med Ice 200g,0,0,0,0,0
FarmaPonte,Esgotado,237.0,12,0.0,"Neosoro 0,5mg/ml Neo Química 30ml Solução Nasal Adulto",0,0,0,0,0
FarmaPonte,Esgotado,237.0,15,0.0,Loção Hidratante Nivea Lotion Express 48h Hidratação Profunda 200ml,0,0,0,0,0
FarmaPonte,Esgotado,237.0,13,0.0,Kit Neutrogena Protetor Solar Facial Fps 70 + Gel de Limpeza Facial Purified Skin 60g,0,0,0,0,0
FarmaPonte,Esgotado,237.0,13,0.0,Gel Lubrificante Íntimo Jontex Neutro 50g,0,0,0,0,0
FarmaPonte,Esgotado,237.0,12,0.0,Gynotran 750mg + 200mg Exeltis 7 Óvulos + 14 Dedeiras,0,0,0,0,0
FarmaPonte,Esgotado,237.0,13,0.0,Protetor Labial Cube Romã & Blueberry + Lip Ice Alta Proteção Fps 30 Grátis - Cube Romã & Blueberry + Lip Ice® Alta Proteção Fps 30 Grátis,0,0,0,0,0
Drogaria São Paulo,Disponível,237.0,12,7896523213569.0,Besilato de Anlodipino 5mg Genérico Cimed 30 Comprimidos,"28,81","6,59",-77.1%,"6,59",-77.1%
FarmaPonte,Esgotado,237.0,13,0.0,Cera Depolatória Natural Depimiel para MicroOndas 200g,0,0,0,0,0
FarmaPonte,Esgotado,237.0,13,0.0,Lenço Umedecido Huggies Higiene Superior 96 Unidades,0,0,0,0,0
Drogaria São Paulo,Disponível,237.0,12,7897316801277.0,"Colírio Atropina 0,5% Allergan 5ml","13,80","12,59",-8.8%,"12,59",-8.8%
Drogaria São Paulo,Disponível,237.0,14,7898040325695.0,Eudok 10mg União Química 30 Cápsulas,"162,32","154,59",-4.8%,"154,59",-4.8%
Drogaria São Paulo,Disponível,237.0,12,7896422530699.0,Siilif 50mg Takeda 30 Comprimidos Revestidos,"46,70","46,70",-,"46,70",-
Drogaria São Paulo,Disponível,237.0,12,7896004720708.0,Tinidazol 500mg Genérico Germed 4 Comprimidos,"14,39","12,56",-12.7%,"12,56",-12.7%
FarmaPonte,Esgotado,237.0,14,0.0,Cacau Pops Mundo Verde Seleção Flocos De Arroz Vegano Cobertura Chocolate 40g,0,0,0,0,0
Drogaria São Paulo,Disponível,237.0,13,7896523207780.0,"Cimecort 20mg/g + 0,64mg/g + 2,5mg/g Cimed 30g Creme","21,54","21,54",-,"21,54",-
Drogaria São Paulo,Disponível,237.0,12,7896523206868.0,"Cabertrix 0,5mg Zodiac 2 comprimidos","18,30","18,30",-,"18,30",-
FarmaPonte,Esgotado,237.0,12,0.0,"Océane Marília Mendonça Cor Rose - Batom Liquído Matte 4,2g",0,0,0,0,0
Drogaria São Paulo,Disponível,237.0,12,7896112403456.0,Carbonato de Lítio 300mg Genérico Biolab 60 Comprimidos,"37,43","28,01",-25.2%,"28,01",-25.2%
Drogaria São Paulo,Disponível,237.0,13,7891317004071.0,Predsim 5mg Farmasa 20 Comprimidos,"11,38","10,59",-6.9%,"10,59",-6.9%
FarmaPonte,Esgotado,236.0,13,0.0,Lenço Umedecido Bepantol Baby 48 Unidades,0,0,0,0,0
FarmaPonte,Esgotado,236.0,12,0.0,"Lápis Labial Essence Soft & Precise 3 Bold 0,78g - 0,78G",0,0,0,0,0
Drogaria São Paulo,Disponível,236.0,15,7896112121039.0,Hemifumarato de Quetiapina 200mg Genérico Teuto 30 Comprimidos Revestidos,"276,95","74,99",-72.9%,"74,99",-72.9%
FarmaPonte,Esgotado,236.0,12,0.0,Superfood Goji Berry Desidratado Mundo Verde Seleção 150g,0,0,0,0,0
FarmaPonte,Esgotado,236.0,13,0.0,Balm Pós Barba Giovanna Baby GB Men 100ml,0,0,0,0,0
Drogaria São Paulo,Disponível,236.0,12,7896658034978.0,Pant 50mg/ml Aché 50ml Solução Capilar Refil,"72,76","63,35",-12.9%,"63,35",-12.9%
FarmaPonte,Esgotado,236.0,12,0.0,Óleo de Amêndoas Ever You Meu SPA Vanilla e Ameixa 130ml,0,0,0,0,0
FarmaPonte,Esgotado,236.0,12,0.0,Brinco Antialérgico Studex Bola Dourado,0,0,0,0,0
FarmaPonte,Esgotado,236.0,14,0.0,Máscara de Argila Rosa - Pele Renovada 60g,0,0,0,0,0
FarmaPonte,Esgotado,236.0,13,0.0,Aparelho Para Alívio da Dor Pikluc Injeções 1 Unidade,0,0,0,0,0
FarmaPonte,Esgotado,236.0,13,0.0,Kit Creme Depilatório Corporal Depilsam Karité 100G com 3 unidades,0,0,0,0,0
Drogaria São Paulo,Disponível,236.0,13,7896112400394.0,Cloridrato Ondansetrona 8mg Genérico Biolab 10 Comprimidos,"57,97","23,61",-59.3%,"23,61",-59.3%
Drogaria São Paulo,Disponível,236.0,14,7898096577413.0,Loncord 20mg Diffucap 20 Cápsulas,"36,38","36,38",-,"36,38",-
FarmaPonte,Esgotado,236.0,12,0.0,Elástico para Cabelo Ever You Fio de Telefone 4 Unidades,0,0,0,0,0
FarmaPonte,Esgotado,236.0,12,0.0,Condicionador Pantene Pro-V Miracles Colágeno Hidrata & Resgata 510ml,0,0,0,0,0
FarmaPonte,Esgotado,236.0,13,0.0,Revlon Colorstay - Base Full Cover - Nude,0,0,0,0,0
FarmaPonte,Esgotado,236.0,12,0.0,Blend de Óleos Essenciais Para Respirar Melhor - Breath Easy Oil 10ml Océane,0,0,0,0,0
Drogaria São Paulo,Disponível,236.0,14,7896004706559.0,"Celerg 0,25mg/5ml + 2mg/5ml Legrand 120ml Xarope","37,74","31,59",-16.3%,"31,59",-16.3%
FarmaPonte,Esgotado,235.0,13,0.0,Protetor Solar Facial Neutrogena Sun Fresh FPS70 40g,0,0,0,0,0
Drogaria São Paulo,Disponível,235.0,12,7898054580165.0,Mylus 75mcg União Química 28 Comprimidos,"936,43","749,90",-19.9%,"749,90",-19.9%
Drogaria São Paulo,Disponível,235.0,12,7894916501415.0,Rosucor 10mg Torrent 100 Comprimidos,"49,44","49,44",-,"49,44",-
Drogaria São Paulo,Disponível,235.0,12,7892953101865.0,"Tecnomet 2,5mg Adium 20 Comprimidos","44,94","34,90",-22.3%,"34,90",-22.3%
FarmaPonte,Esgotado,235.0,14,0.0,Fórmula Infantil Nestlé Ninho Fases 1+ Lata 400g,0,0,0,0,0
FarmaPonte,Esgotado,235.0,13,0.0,Escova Dental Infantil GUM Patrulha Canina 2 Unidades,0,0,0,0,0
FarmaPonte,Esgotado,235.0,12,0.0,Preservativo Camisinha Masculina Jontex Sensação Invisível 4 Unidades,0,0,0,0,0
FarmaPonte,Esgotado,235.0,13,0.0,Creme Depilatório Depimiel Facial Sensitive 120g,0,0,0,0,0
Drogaria São Paulo,Disponível,235.0,12,7897595636010.0,Besilato De Anlodipino 5mg Genérico Novartis 30 Comprimidos,"14,18","5,83",-58.9%,"5,83",-58.9%
FarmaPonte,Esgotado,235.0,13,0.0,Pincel Para Esfumar Mariana Saad By Océane Ms9,0,0,0,0,0
FarmaPonte,Esgotado,235.0,12,0.0,Kit Smilebox Luciano Martins Estojo e Fio Dental 2 Em 1 Pandinha 1 Unidade,0,0,0,0,0
Drogaria São Paulo,Disponível,235.0,13,7896004722344.0,Paracetamol 500mg + Cloridrato Pseudoefedrina 30mg Genérico Germed 24 Comprimidos,"14,61","13,59",-7.0%,"13,59",-7.0%
FarmaPonte,Esgotado,235.0,12,0.0,"Manteiga De Cacau FPS8 Ever You 3,3g",0,0,0,0,0
FarmaPonte,Esgotado,235.0,14,0.0,Sombra Líquida e Primer 2x1 Bruna Tavares BT Velvet Teal 6 ml,0,0,0,0,0
Drogaria São Paulo,Disponível,235.0,12,7896676438253.0,Dermazine 10mg/g Cristália 50g Creme,"41,85","41,85",-,"41,85",-
FarmaPonte,Esgotado,235.0,13,0.0,Creme Depilatório P/ Buço Coconut Oil - Depi Roll - 50g,0,0,0,0,0
Drogaria São Paulo,Disponível,235.0,13,7896269900105.0,"Poslov 1,5mg Cifarma 1 Comprimido","42,25","42,25",-,"42,25",-
FarmaPonte,Esgotado,235.0,13,0.0,Esponja para Pó Oce'ane Branco 2 Unidades,0,0,0,0,0
FarmaPonte,Esgotado,235.0,12,0.0,Shampoo Infantil Seda Juntinhos Moana Cachos Encantados 300ml,0,0,0,0,0
Drogaria São Paulo,Disponível,235.0,12,7896094210059.0,Plenance EZE 10mg + 10mg Libbs 30 Cápsulas,"96,81","78,59",-18.8%,"78,59",-18.8%
FarmaPonte,Esgotado,235.0,14,0.0,Suco de Soja Ades Sabor Morango 200ml,0,0,0,0,0
FarmaPonte,Esgotado,235.0,13,0.0,"Océane by Marília Mendonça Brilho Labial 3,8g - Nude-Oceane",0,0,0,0,0
FarmaPonte,Esgotado,234.0,13,0.0,Flocos de arroz coberto com chocolate ao leite 40g - Bib's,0,0,0,0,0
FarmaPonte,Esgotado,234.0,13,0.0,Valda Lata Classic 50g,0,0,0,0,0
FarmaPonte,Esgotado,234.0,12,0.0,Refil Escova de Dentes Elétrica Oral-B Pro Kids 3+ Frozen 2 Unidades,0,0,0,0,0
FarmaPonte,Esgotado,234.0,14,0.0,"Dermosalic 0,64mg/g + 30mg/g Cellera Farma 30g Pomada",0,0,0,0,0
FarmaPonte,Esgotado,234.0,12,0.0,Bico De Silicone Para Líquidos Ralos Essence Smart 0m+ NUK,0,0,0,0,0
FarmaPonte,Esgotado,234.0,13,0.0,Bolsa Termica Natural - Tamanho P - Mercur,0,0,0,0,0
FarmaPonte,Esgotado,234.0,14,0.0,Bicarbonato de Sódio Clean Okta Sabor Menta com 15 Sachês de 40g - DCMA,0,0,0,0,0
Drogaria São Paulo,Disponível,234.0,12,7898569766801.0,Vitamina D Tresdê 7.000UI Exeltis 30 Cápsulas,"78,44","46,90",-40.2%,"46,90",-40.2%
FarmaPonte,Esgotado,234.0,12,0.0,Gel Lubrificante Jontex Neutro 100g,0,0,0,0,0
FarmaPonte,Esgotado,234.0,12,0.0,Barra de Nuts  Zero Açúcar Banana  Damasco  Nozes 25g - &Joy,0,0,0,0,0
Drogaria São Paulo,Disponível,234.0,15,7897595604248.0,Cloridrato de Ciprofloxacino 500mg Genérico Sandoz 10 Comprimidos,"123,84","26,99",-78.2%,"26,99",-78.2%
Drogaria São Paulo,Disponível,234.0,12,7896014668007.0,Citrato de Tamoxifeno 10mg Genérico Blau 30 Comprimidos,"127,90","20,90",-83.7%,"20,90",-83.7%
FarmaPonte,Esgotado,234.0,13,0.0,Cera Quente em Barra Mel - Depil Bella - 250g,0,0,0,0,0
FarmaPonte,Esgotado,234.0,14,0.0,Loção Oleosa Anti-assaduras Dersani Baby 50ml,0,0,0,0,0
FarmaPonte,Esgotado,234.0,12,0.0,Acidificante Capilar L’Oréal Paris Elseve Glycolic Gloss 200ml,0,0,0,0,0
Drogaria São Paulo,Disponível,234.0,12,7891268100211.0,Sinvascor 20mg Baldacci 30 Comprimidos,"44,76","39,48",-11.8%,"39,48",-11.8%
Drogaria São Paulo,Disponível,234.0,12,7891010256401.0,Motilium 10mg Janssen Cilag 90 Comprimidos,"92,25","76,99",-16.5%,"76,99",-16.5%
FarmaPonte,Esgotado,234.0,15,0.0,Esponja de Banho Ever Care Sisal Oval Orgânica 1 Unidade,0,0,0,0,0
Drogaria São Paulo,Disponível,234.0,12,7896523201092.0,Atorvastatina Cálcica 10mg Genérico Cimed 30 Comprimidos,"67,96","22,99",-66.2%,"22,99",-66.2%
FarmaPonte,Esgotado,234.0,13,0.0,Escova Dental Infantil Colgate Minions 2 - 5 ano 2 Unidades,0,0,0,0,0
Drogaria São Paulo,Disponível,234.0,14,7894916206877.0,Indux 50mg EMS - 10 Comprimidos,"119,17","86,99",-27.0%,"86,99",-27.0%
FarmaPonte,Esgotado,234.0,13,0.0,Acnase Gel Antiacne Biolab 20g,0,0,0,0,0
Drogaria São Paulo,Disponível,233.0,13,7897595602626.0,Aciclovir 200mg Genérico Sandoz 25 Comprimidos Revestidos,"155,18","20,99",-86.5%,"20,99",-86.5%
FarmaPonte,Esgotado,233.0,12,0.0,Bebida Láctea UHT Dux Whey Protein Shake Chocolate 250ml,0,0,0,0,0
FarmaPonte,Esgotado,233.0,12,0.0,Gel Lubrificante 2 Em 1 K-Med Lgbtq+ 203g - Gel Lubrificante 2 Em 1  Lgbtq+ 203g,0,0,0,0,0
FarmaPonte,Esgotado,233.0,12,0.0,Rede Porta Objetos Chicco Black,0,0,0,0,0
FarmaPonte,Esgotado,233.0,14,0.0,Chocolate Nestlé Classic Meio Amargo 90g,0,0,0,0,0
FarmaPonte,Esgotado,233.0,13,0.0,Espuma Facial  Limpeza e rejuvenescimento 100 mL BS Pharma,0,0,0,0,0
FarmaPonte,Esgotado,233.0,14,0.0,"Brilho Labial Rosa Nádia Tambasco By Océane - Lip To Glow Luxe 1,8g",0,0,0,0,0
Drogaria São Paulo,Disponível,233.0,13,7896014668021.0,Citrato de Tamoxifeno 20mg Genérico Blau 30 Comprimidos,"262,21","25,90",-90.1%,"25,90",-90.1%
Drogaria São Paulo,Disponível,233.0,13,7896004778204.0,Losartana 50mg Genérico Multilab 30 Comprimidos,"15,68","5,87",-62.6%,"5,87",-62.6%
Drogaria São Paulo,Disponível,233.0,13,7897851250394.0,Sinvastacor 10mg Sandoz 30 Comprimidos,"21,03","10,09",-52.0%,"10,09",-52.0%
FarmaPonte,Esgotado,233.0,12,0.0,"Protetor Labial Clássico Ever You 3,6g",0,0,0,0,0
FarmaPonte,Esgotado,233.0,13,0.0,Pipoca Pronta Linea Chocolate 50g,0,0,0,0,0
FarmaPonte,Esgotado,233.0,16,0.0,Tonico Capilar Fortalecedor OX Cosméticos Mari Maria Hair Vita Glow 30ml,0,0,0,0,0
Drogaria São Paulo,Disponível,233.0,12,7898495602358.0,Insit 50mg Apsen 30 Cápsulas,"48,70","30,88",-36.6%,"30,88",-36.6%
FarmaPonte,Esgotado,233.0,13,0.0,Bebida Láctea Whey Drink Black Skull Sorvete De Chocolate 250ml,0,0,0,0,0
FarmaPonte,Esgotado,233.0,13,0.0,Ampola Pantene Restauração 45ml,0,0,0,0,0
FarmaPonte,Esgotado,233.0,13,0.0,Tônico Facial com Vitamina C – Vitamin C Toner 120ml,0,0,0,0,0
FarmaPonte,Esgotado,233.0,12,0.0,Sabonete Líquido Infantil Baruel Baby Sono Tranquilo Da Cabeça Aos Pés Refil 210ml,0,0,0,0,0
FarmaPonte,Esgotado,233.0,12,0.0,"Batom Rosa Semi-Matte – The Lipstick Nude Pink Océane Edition 3,2g",0,0,0,0,0
FarmaPonte,Esgotado,233.0,13,0.0,Adoçante Linea Sucralose Pó 8g 50 Envelopes 3 Caixas,0,0,0,0,0
Drogaria São Paulo,Disponível,233.0,12,7891317127725.0,Tadalafila 5mg Genérico Eurofarma 30 Comprimidos,"381,65","20,99",-94.5%,"20,99",-94.5%
FarmaPonte,Esgotado,233.0,13,0.0,Kit Dove Ritual de Reparação Shampoo 400ml + Condicionador 400ml,0,0,0,0,0
Drogaria São Paulo,Disponível,233.0,13,7896269901348.0,Ziprol 20mg Baldacci 28 Comprimidos,"442,10","442,10",-,"442,10",-
Drogaria São Paulo,Disponível,233.0,12,7898569760298.0,Lamotrigina 100mg Genérico Althaia 30 Comprimidos,"59,40","25,19",-57.6%,"25,19",-57.6%
FarmaPonte,Esgotado,232.0,13,0.0,Pipoca Doce Pronta Orgânica Mãe Terra NuPoca Cacau 45g,0,0,0,0,0
FarmaPonte,Esgotado,232.0,13,0.0,Condicionador Granado Relaxante Bebe Extrato Camomila 250ml,0,0,0,0,0
Drogaria São Paulo,Disponível,232.0,15,7896112126478.0,Cloridrato de Metformina 500mg Genérico Teuto 30 Comprimidos,"8,56","6,99",-18.3%,"6,99",-18.3%
FarmaPonte,Esgotado,232.0,13,0.0,Óleo Essencial de Melaleuca (Tea Tree) 10ml – WNF,0,0,0,0,0
Drogaria São Paulo,Disponível,232.0,12,7896676439229.0,Terocoxi 90mg Cristália 7 Comprimidos Revestidos,"55,02","51,59",-6.2%,"51,59",-6.2%
FarmaPonte,Esgotado,232.0,12,0.0,Barra de Cereais Nuts & Joy Regular Original 30g,0,0,0,0,0
FarmaPonte,Esgotado,232.0,12,0.0,Chá Matte Leão Hortelã 15 Sachês,0,0,0,0,0
FarmaPonte,Esgotado,232.0,13,0.0,Suplemento Alimentar Cebion Zero Açúcar Tripla Ação 30 Comprimidos Efervescentes,0,0,0,0,0
Drogaria São Paulo,Disponível,232.0,13,7894916515917.0,"Olmy HCT 20mg + 12,5mg EMS 30 Comprimidos","170,63","162,20",-4.9%,"162,20",-4.9%
FarmaPonte,Esgotado,232.0,12,0.0,L-CARN 2000 líquida Uva  480 ML Integralmédica,0,0,0,0,0
FarmaPonte,Esgotado,232.0,12,0.0,Descolador Freer Duplo - Quinelato,0,0,0,0,0
FarmaPonte,Esgotado,232.0,14,0.0,Gel Lubrificante Jontex Sensação Pele com Pele 50g,0,0,0,0,0
FarmaPonte,Esgotado,232.0,12,0.0,Argila Branca com Pó de Pérolas 30g - Elemento Mineral,0,0,0,0,0
FarmaPonte,Esgotado,232.0,14,0.0,"Océane Marília Mendonça Cor Charm - Batom Liquído Matte 4,2g",0,0,0,0,0
Drogaria São Paulo,Disponível,232.0,12,7896658039027.0,Literata 300mg Cristália 60 Comprimidos,"153,87","152,31",-1.0%,"152,31",-1.0%
Drogaria São Paulo,Disponível,232.0,14,7896422524636.0,Cloridrato de Amitriptilina 25mg Genérico Sanofi 30 Comprimidos Revestidos,"16,27","11,59",-28.8%,"11,59",-28.8%
Drogaria São Paulo,Disponível,232.0,12,7898029552128.0,Diamicron MR 30mg Servier 30 Comprimidos,"52,92","49,99",-5.5%,"49,99",-5.5%
Drogaria São Paulo,Disponível,232.0,15,7894916340458.0,Gliclazida 60mg Genérico Legrand 60 Comprimidos,"66,59","66,59",-,"66,59",-
FarmaPonte,Esgotado,232.0,13,0.0,Emla 25mg + 25mg Aspen Pharma 5g Creme,0,0,0,0,0
Drogaria São Paulo,Disponível,232.0,12,7896004728858.0,Rosuvastatina Cálcica 20mg Genérico EMS 30 Comprimidos Revestidos,"198,59","33,59",-83.1%,"33,59",-83.1%
Drogaria São Paulo,Disponível,232.0,13,7891317143084.0,Neutrofer 300mg EMS 30 Comprimidos,"105,63","95,99",-9.1%,"95,99",-9.1%
FarmaPonte,Esgotado,232.0,13,0.0,Escova Dental Ortodôntica Bitufo Class Orto Macia e Média 1 Unidade + 1 Protetor de Cerdas,0,0,0,0,0
FarmaPonte,Esgotado,232.0,12,0.0,Kit Creme Depilatório Corporal Depilsam Aloe Vera 100G com 3 unidades,0,0,0,0,0
FarmaPonte,Esgotado,232.0,12,0.0,Esponja de Maquiagem Belliz Make-Up 550,0,0,0,0,0
FarmaPonte,Esgotado,232.0,12,0.0,Fórmula Infantil Nanlac Supreme Pro 800g,0,0,0,0,0
Drogaria São Paulo,Disponível,232.0,12,7891158106811.0,Fórmula Pediátrica Para Nutrição Pediasure Baunilha 400g,"123,99","116,31",-6.2%,"116,31",-6.2%
FarmaPonte,Esgotado,232.0,12,0.0,Mari Maria Creamy Matte - Batom Liquido 4ml - Posh,0,0,0,0,0
FarmaPonte,Esgotado,231.0,14,0.0,Pincel Para Côncavo Mariana Saad By Océane Ms11,0,0,0,0,0
FarmaPonte,Esgotado,231.0,12,0.0,Farinha Multiuso sem Glúten e sem Lactose Schar 500g,0,0,0,0,0
FarmaPonte,Esgotado,231.0,13,0.0,Melavoid + Nano Lightening C Clareador de Manchas 30g,0,0,0,0,0
FarmaPonte,Esgotado,231.0,13,0.0,"Lápis Para Sobrancelhas Cor 1 Vult 1,1g",0,0,0,0,0
Drogaria São Paulo,Disponível,231.0,12,7891721015007.0,Euthyrox 137mcg Merck S/A 50 Comprimidos,"60,00","55,93",-6.8%,"55,93",-6.8%
FarmaPonte,Esgotado,231.0,14,0.0,Shampoo para Barba e Cabelo 2 em 1 Go Rock 140ml,0,0,0,0,0
FarmaPonte,Esgotado,231.0,13,0.0,Kit Clareador Biocolor Pêssego e Camomila,0,0,0,0,0
FarmaPonte,Esgotado,231.0,12,0.0,Kit Go S.O.S Barbudos Fresh Tea Tree Shampoo para Barba 140ml + Balm Modelador 90g,0,0,0,0,0
FarmaPonte,Esgotado,231.0,14,0.0,"Océane Eyeliner Pen Mariana Saad by Océane Caneta Delineadora 1,8g - RealViolet-MarianaSaad",0,0,0,0,0
Drogaria São Paulo,Disponível,231.0,12,7896382706431.0,Insulina Humalog 100UI/ml Eli Lilly 1 Caneta 3ml Solução,"63,52","59,99",-5.6%,"59,99",-5.6%
FarmaPonte,Esgotado,231.0,14,0.0,Pasta de Dente Colgate Tripla Ação Menta Original 180g,0,0,0,0,0
Drogaria São Paulo,Disponível,231.0,12,7898687730289.0,Cloridrato de Metilfenidato 10mg Genérico Althaia 30 Comprimidos,"32,03","26,32",-17.8%,"26,32",-17.8%
FarmaPonte,Esgotado,231.0,12,0.0,Lenço Umedecido Piquitucho Premium Capim Limão 60 Unidades,0,0,0,0,0
Drogaria São Paulo,Disponível,231.0,12,7896269900105.0,Vesicare 10mg Astellas 10 Comprimidos,"42,25","42,25",-,"42,25",-
Drogaria São Paulo,Disponível,231.0,14,7898148294381.0,Metronidazol 250mg Genérico Prati  Donaduzzi  20 Comprimidos Revestidos,"16,08","9,44",-41.3%,"9,44",-41.3%
Drogaria São Paulo,Disponível,231.0,12,7897595611444.0,Risperidona 2mg Genérico Sandoz 60 Comprimidos,"143,58","34,44",-76.0%,"34,44",-76.0%
FarmaPonte,Esgotado,231.0,12,0.0,Fita Dental Sanifill Sabor Menta 100 Metros,0,0,0,0,0
Drogaria São Paulo,Disponível,231.0,15,7895296448802.0,Omeprazol 40mg Genérico Nova Química 30 Cápsulas,"109,88","73,99",-32.7%,"73,99",-32.7%
FarmaPonte,Esgotado,231.0,12,0.0,Vitamina C Supra C Kids Sabor Morango 30 Gomas,0,0,0,0,0
Drogaria São Paulo,Disponível,231.0,12,8903855086668.0,Rosucor 20mg Torrent 30 Comprimidos,"410,62","323,99",-21.1%,"323,99",-21.1%
FarmaPonte,Esgotado,230.0,14,0.0,Bolsa De Gelo BodyFlex - Tam: G,0,0,0,0,0
Drogaria São Paulo,Disponível,230.0,12,7899824400980.0,Dexador 5000mcg Arese 20 Comprimidos Revestidos,"79,65","69,99",-12.1%,"69,99",-12.1%
FarmaPonte,Esgotado,230.0,15,0.0,"Linofeme 0,15mg + 0,03mg Cifarma 21 Comprimidos",0,0,0,0,0
FarmaPonte,Esgotado,230.0,13,0.0,Kit 6x NotCo NotMilk High Protein 15g Chocolate 250ml,0,0,0,0,0
FarmaPonte,Esgotado,230.0,13,0.0,Kit Máscara Para Olhos de Pepino (2 Produtos) Océane,0,0,0,0,0
FarmaPonte,Esgotado,230.0,14,0.0,Óleo Essencial de Hortelã do Campo GT Brasil 10ml - Laszlo,0,0,0,0,0
FarmaPonte,Esgotado,230.0,14,0.0,Absorvente Nortuno Sempre Livre Conforto Noturno Seca 32 Unidades,0,0,0,0,0
FarmaPonte,Esgotado,230.0,14,0.0,Óleo Essencial de Junípero 5ml - Terra Flor,0,0,0,0,0
FarmaPonte,Esgotado,230.0,12,0.0,Mari Maria Creamy Matte - Batom Liquido 4ml - Lush,0,0,0,0,0
FarmaPonte,Esgotado,230.0,12,0.0,Solução Farmax À  Base de Acetona 500ml - Solução Farmax à  Base de Acetona 500ml,0,0,0,0,0
Drogaria São Paulo,Disponível,230.0,12,7897595608161.0,Hemitartarato De Zolpidem 10mg Genérico Sandoz 30 Comprimidos,"89,54","20,67",-76.9%,"20,67",-76.9%
Drogaria São Paulo,Disponível,230.0,13,7896112425137.0,Vonau Flash 8mg Biolab 10 comprimidos,"26,40","25,31",-4.1%,"25,31",-4.1%
FarmaPonte,Esgotado,230.0,12,0.0,"Diprosone 0,5mg/g Cosmed 10g 1 Bisnaga",0,0,0,0,0
Drogaria São Paulo,Disponível,230.0,12,5702191026658.0,"Protopic 0,1mg/g Leo Pharma 10g Pomada","123,74","90,11",-27.2%,"90,11",-27.2%
Drogaria São Paulo,Disponível,230.0,14,7895858010362.0,Rahime 8mg Apsen 30 Comprimidos,"289,86","189,90",-34.5%,"189,90",-34.5%
FarmaPonte,Esgotado,230.0,13,0.0,Pasta de Dente Colgate Tripla Ação Menta 90g,0,0,0,0,0
FarmaPonte,Esgotado,230.0,14,0.0,Absorvente Intimus Sport Médio c/Aplicador 8 Unidades,0,0,0,0,0
FarmaPonte,Esgotado,230.0,12,0.0,Máscara Capilar Matizadora Amend Specialist Blonde 300g,0,0,0,0,0
Drogaria São Paulo,Disponível,230.0,13,7896094920149.0,Pielus Mx 50mg/ml Cosmed 50ml de Solução Capilar + Válvula Spay,"66,38","55,93",-15.7%,"55,93",-15.7%
FarmaPonte,Esgotado,230.0,13,0.0,Shampoo Anticaspa Clear Man Cabelo e Barba 200ml,0,0,0,0,0
FarmaPonte,Esgotado,230.0,13,0.0,Hastes Com Ponta De Algodão Patrulha Canina Topz Baby 50 Unidades,0,0,0,0,0
FarmaPonte,Esgotado,230.0,13,0.0,Protetor Solar Facial L'Oréal Paris UV Defender Fluido FPS60 40g,0,0,0,0,0
Drogaria São Paulo,Disponível,229.0,13,7896714215495.0,"Azitromicina 900mg Genérico Hypermarcas 22,5ml Suspensão Oral","82,53","35,63",-56.8%,"35,63",-56.8%
FarmaPonte,Esgotado,229.0,12,0.0,Água Saborizada Com Gás Crystal Melancia 510ml,0,0,0,0,0
Drogaria São Paulo,Disponível,229.0,12,7896004732923.0,Valsartana 320mg Genérico Germed 30 Comprimidos,"82,64","46,99",-43.1%,"46,99",-43.1%
Drogaria São Paulo,Disponível,229.0,12,7896112403166.0,"Levonorgestrel 0,15mg + Etinilestradiol 0,03mg Genérico Biolab 21 Comprimidos","8,32","6,99",-16.0%,"6,99",-16.0%
FarmaPonte,Esgotado,229.0,12,0.0,Bruna Tavares BT - Glitter 3g - Rosé-Gleam,0,0,0,0,0
Drogaria São Paulo,Disponível,229.0,12,7896004756660.0,Cloridrato De Sertralina 50mg Genérico Germed 30 Comprimidos Revestidos,"92,84","16,52",-82.2%,"16,52",-82.2%
FarmaPonte,Esgotado,229.0,14,0.0,Kit Carmed Natal Hidratante Labial FPS30 10g + Hidratante Labial Maça do Amor  10g,0,0,0,0,0
FarmaPonte,Esgotado,229.0,12,0.0,Formocresol 10ml - Biodinâmica,0,0,0,0,0
Drogaria São Paulo,Disponível,229.0,12,7895296043069.0,Isotretinoina 20mg Genérico Nova Química 30 Comprimidos,"143,84","64,99",-54.8%,"64,99",-54.8%
FarmaPonte,Esgotado,229.0,12,0.0,Removedor de Esmalte Aromatizado Sem Acetona - Farmax - 500ml,0,0,0,0,0
FarmaPonte,Esgotado,229.0,14,0.0,Cílios Postiços Longo Natural Absolute New York Pack Tanjanite 502 Preto 5 Pares,0,0,0,0,0
FarmaPonte,Esgotado,229.0,15,0.0,Aparelho De Depilação Gillette Venus Tropical 3 Unidades,0,0,0,0,0
Drogaria São Paulo,Disponível,229.0,13,7898146823422.0,Inspra 25mg Upjohn Brasil 30 Comprimidos Revestidos,"41,37","20,48",-50.5%,"20,48",-50.5%
Drogaria São Paulo,Disponível,229.0,13,7896676438253.0,"Dermacerium 1% + 0,4% Cristália 30g Creme","41,85","41,85",-,"41,85",-
Drogaria São Paulo,Disponível,229.0,15,7895296096096.0,Rosuvastatina Cálcica 20mg Genérico Nova Química 30 Comprimidos,"198,59","30,69",-84.5%,"30,69",-84.5%
FarmaPonte,Esgotado,229.0,13,0.0,Suco Del Valle 100% Laranja 1L,0,0,0,0,0
FarmaPonte,Esgotado,229.0,12,0.0,Barra de Proteína Bold Leite & Avelã 60g,0,0,0,0,0
FarmaPonte,Esgotado,229.0,12,0.0,Mamadeira Pétala Avent Transparente 260ml,0,0,0,0,0
FarmaPonte,Esgotado,228.0,12,0.0,Lápis Para Olhos Maybelline Color Sensational Nude 1 Unidade,0,0,0,0,0
FarmaPonte,Esgotado,228.0,13,0.0,Ampola Capilar Alfaparf Semi Di Lino Diamante Illuminating Essential Oil  15ml,0,0,0,0,0
FarmaPonte,Esgotado,228.0,12,0.0,Bolsa para Água Quente Mercur - Bordô - Tamanho M,0,0,0,0,0
FarmaPonte,Esgotado,228.0,13,0.0,Bold Tube Cookies e Cream 30g Bold,0,0,0,0,0
FarmaPonte,Esgotado,228.0,13,0.0,Apresolina 50mg Novartis 20 Drágeas,0,0,0,0,0
Drogaria São Paulo,Disponível,228.0,12,7898569765514.0,Prednisolona 40mg Genérico Althaia 7 Comprimidos,"38,96","25,99",-33.3%,"25,99",-33.3%
FarmaPonte,Esgotado,228.0,13,0.0,Kit Dove Reconstrução Shampoo 350ml + Condicionador 175ml,0,0,0,0,0
Drogaria São Paulo,Disponível,228.0,12,7897595634917.0,Valsartana 160mg + Besilato De Anlodipino 5mg Genérico Sandoz 28 Comprimidos,"78,29","49,99",-36.1%,"49,99",-36.1%
FarmaPonte,Esgotado,228.0,12,0.0,Reconstrutor Capilar 200ml Océane,0,0,0,0,0
FarmaPonte,Esgotado,228.0,13,0.0,"Bauny Palette de Sombras Vegano Basic Not Today - Paleta de Sombras 10,2g",0,0,0,0,0
FarmaPonte,Esgotado,228.0,13,0.0,Benicar HCT 40/25mg Daiichi Sankyo  30 Comprimidos,0,0,0,0,0
Drogaria São Paulo,Disponível,228.0,13,7899420509582.0,Codein 30mg Cristália 12 Comprimidos,"25,46","22,07",-13.3%,"22,07",-13.3%
Drogaria São Paulo,Disponível,228.0,14,7896004777801.0,Ivermectina 6mg Genérico Germed 4 Comprimidos,"36,95","19,94",-46.0%,"19,94",-46.0%
FarmaPonte,Esgotado,228.0,15,0.0,Autobronzeador Corporal Skelt Red Carpet Glow Instantâneo 120ml,0,0,0,0,0
FarmaPonte,Esgotado,227.0,13,0.0,Palito Chanfrado Corpus,0,0,0,0,0
FarmaPonte,Esgotado,227.0,12,0.0,Bolas de Algodão Ever Care 95g,0,0,0,0,0
FarmaPonte,Esgotado,227.0,12,0.0,Pomada Capilar QOD Barber Shop Walk 70g,0,0,0,0,0
FarmaPonte,Esgotado,227.0,13,0.0,Mel Silvestre Baldoni Pote 300g,0,0,0,0,0
Drogaria São Paulo,Disponível,227.0,15,7898586631380.0,Timoptol 5mg/ml Mundipharma 5ml Solução Oftalmica,"24,04","20,59",-14.4%,"20,59",-14.4%
FarmaPonte,Esgotado,227.0,13,0.0,Fran By Franciny Ehlke Cleansing Oil Get Off Make Up - Demaquilante 110ml,0,0,0,0,0
FarmaPonte,Esgotado,227.0,12,0.0,"Picoprep 10mg + 3,5g + 12g Ferring 2 Sachês",0,0,0,0,0
FarmaPonte,Esgotado,227.0,13,0.0,Unha Postiça Infantil Autoadesiva Kiss New York Unicorn Pink 24 Unidades,0,0,0,0,0
Drogaria São Paulo,Disponível,227.0,12,7898040328993.0,"Acertanlo 3,5mg/2,5mg Servier 30 Comprimidos","25,52","23,51",-7.9%,"23,51",-7.9%
FarmaPonte,Esgotado,227.0,15,0.0,Barra De Proteína Black Skull Cookies & Cream 45g,0,0,0,0,0
Drogaria São Paulo,Disponível,226.0,12,7897930761162.0,"Clob X 0,5mg/ml Galderma 59ml Emulsão","189,28","174,99",-7.5%,"174,99",-7.5%
FarmaPonte,Esgotado,226.0,13,0.0,Hair Spray Karina Versatilidade & Vitalidade Fixação Normal 250ml,0,0,0,0,0
Drogaria São Paulo,Disponível,226.0,12,7891317004071.0,"Selene 0,035mg + 2mg Eurofarma 63 Comprimidos","11,38","10,59",-6.9%,"10,59",-6.9%
FarmaPonte,Esgotado,226.0,12,0.0,Pomada para Amamentação Lansinoh Lanolina HPA 30g,0,0,0,0,0
FarmaPonte,Esgotado,226.0,12,0.0,Óleo de Amêndoas Ever You Meu SPA Gardênia & Flor de Tangerina 130ml,0,0,0,0,0
FarmaPonte,Esgotado,226.0,12,0.0,Água Destilada Asfer - 5 Litros,0,0,0,0,0
FarmaPonte,Esgotado,226.0,12,0.0,Fio Dental Colgate Total Encerada 25m,0,0,0,0,0
FarmaPonte,Esgotado,226.0,13,0.0,Spray Finalizador Eico Salão em Casa Hidratação Intensiva 120ml,0,0,0,0,0
FarmaPonte,Esgotado,226.0,13,0.0,Creme Para Área Dos Olhos com Niacinamida - Repair Eye Cream 25g Océane,0,0,0,0,0
Drogaria São Paulo,Disponível,226.0,13,7898049792672.0,Sulfametoxazol 400mg + Trimetoprima 80mg Genérico Vitamedic 20 Comprimidos,"22,49","13,85",-38.4%,"13,85",-38.4%
FarmaPonte,Esgotado,226.0,12,0.0,"Baycuten N 10mg/g + 0,443mg/g Bayer 40g Creme",0,0,0,0,0
FarmaPonte,Esgotado,226.0,13,0.0,Pé De Moleque Flormel 20g,0,0,0,0,0
FarmaPonte,Esgotado,226.0,12,0.0,Tônico Be Belle Poros Tonificação e Hidratação 120ml,0,0,0,0,0
Drogaria São Paulo,Disponível,226.0,13,7896006214762.0,Colírio Ster 10mg/ml União Química 5ml,"26,16","26,16",-,"26,16",-
FarmaPonte,Esgotado,226.0,13,0.0,Composto Lácteo Piracanjuba Excellence Pouch 800g,0,0,0,0,0
FarmaPonte,Esgotado,226.0,13,0.0,Energético Red Bull The Winter Edition Cereja & Frutas Silvestres 250ml,0,0,0,0,0
FarmaPonte,Esgotado,226.0,12,0.0,Spidufen 600mg Zambon 10 Envelopes,0,0,0,0,0
Drogaria São Paulo,Disponível,225.0,13,7898040322199.0,"Tilestal 37,5mg + 325mg Myralis 30 Comprimidos","98,46","88,99",-9.6%,"88,99",-9.6%
FarmaPonte,Esgotado,225.0,14,0.0,Neupro 2mg UCB BIOPHARMA 7 Adesivos,0,0,0,0,0
FarmaPonte,Esgotado,225.0,13,0.0,Base Líquida Matte Payot Retinol Cor 70 35 ml,0,0,0,0,0
Drogaria São Paulo,Disponível,225.0,12,7894916509503.0,Quetipin 25mg Cristália 30 Comprimidos Revestidos,"86,61","74,59",-13.9%,"74,59",-13.9%
Drogaria São Paulo,Disponível,225.0,12,7898148297542.0,Mupirocina 20mg/g Genérico Prati Donaduzzi 15g Pomada Dermatológica,"49,27","36,99",-24.9%,"36,99",-24.9%
FarmaPonte,Esgotado,225.0,12,0.0,Tônico Capilar Gota Dourada Anti Queda 100ml,0,0,0,0,0
FarmaPonte,Esgotado,225.0,12,0.0,Loção de Limpeza Pré Depilação Depilsam 150Ml,0,0,0,0,0
FarmaPonte,Esgotado,225.0,12,0.0,Elástico para Cabelo Ever You Colorido 12 Unidades,0,0,0,0,0
FarmaPonte,Esgotado,225.0,12,0.0,Bico de Silicone Classic Liquidos Média Consistencia - NUK,0,0,0,0,0
FarmaPonte,Esgotado,225.0,14,0.0,Absorvente Intimus® Noturno Discreto C/Abas 14 Unidades,0,0,0,0,0
Drogaria São Paulo,Disponível,225.0,15,7891142206329.0,Addera D3 14000UI Cosmed 4 Cápsulas Mole,"77,12","61,70",-20.0%,"61,70",-20.0%
Drogaria São Paulo,Disponível,225.0,12,7896714208565.0,Losartana 50mg Genérico Neo Química 30 Comprimidos Revestidos,"9,76","7,59",-22.2%,"7,59",-22.2%
FarmaPonte,Esgotado,225.0,12,0.0,Minoxidil + BIOEX Capilar 120 mL BS Pharma,0,0,0,0,0
Drogaria São Paulo,Disponível,225.0,12,7896422527026.0,Pregabalina 50mg Genérico Medley 30 Cápsulas,"60,44","48,10",-20.4%,"48,10",-20.4%
FarmaPonte,Esgotado,225.0,12,0.0,Tônico Capilar Gota Dourada Extrato de Alho 100ml,0,0,0,0,0
Drogaria São Paulo,Disponível,224.0,13,7899420502316.0,Aval 80mg Supera 30 Comprimidos Revestidos,"61,33","56,83",-7.3%,"56,83",-7.3%
Drogaria São Paulo,Disponível,224.0,14,7896112175858.0,Baclofen 10mg Teuto 20 comprimidos,"26,93","13,64",-49.4%,"13,64",-49.4%
Drogaria São Paulo,Disponível,224.0,12,7891317004330.0,Prednisolona 40mg Genérico Eurofarma 7 Comprimidos,"42,76","24,59",-42.5%,"24,59",-42.5%
FarmaPonte,Esgotado,224.0,12,0.0,Kit L'oréal Paris Elseve Pure Hialurônico Shampoo 375ml + Condicionador 170ml,0,0,0,0,0
FarmaPonte,Esgotado,224.0,13,0.0,Loção Hidratante Corporal Pharmacy Botanicals Amêndoas 200 ml,0,0,0,0,0
FarmaPonte,Esgotado,224.0,14,0.0,Kit Pasta de Dente Oral-B Extra Fresh 3 Unidades de 70g,0,0,0,0,0
FarmaPonte,Esgotado,224.0,12,0.0,Gel Demaquilante Bioré Make Up Removedor 170g,0,0,0,0,0
Drogaria São Paulo,Disponível,224.0,12,7897316804087.0,Alphagan-Z 1mg/ml Allergan 5ml Solução Oftálmica Estéril,"214,40","199,99",-6.7%,"199,99",-6.7%
FarmaPonte,Esgotado,224.0,17,0.0,Escova Dental Oral-B Clean Indicator Escovas Dental  2 Unidades,0,0,0,0,0
FarmaPonte,Esgotado,224.0,14,0.0,"Cinatrex 5mg/g Cifarma 3,5g Pomada",0,0,0,0,0
Drogaria São Paulo,Disponível,224.0,12,7899824400928.0,"Colpist Mt 62,5mg/g + 25.000UI/g + 1,25mg/g Arese 40g Creme Vaginal + 10 Aplicadores","50,33","43,40",-13.8%,"43,40",-13.8%
FarmaPonte,Esgotado,224.0,13,0.0,Óleo Labial Cintilante Essence Hydra Kiss 01 Kiss From a Rose 4 ml,0,0,0,0,0
FarmaPonte,Esgotado,224.0,14,0.0,Biscoito Oreo Chocolate 36g,0,0,0,0,0
Drogaria São Paulo,Disponível,223.0,14,7896523208855.0,"Cetoconazol 20mg/g + Dipropionato de Betametasona 0,64mg/g + Sulfato de Neomicina 2,5mg/g  Genérico Cimed 30g Creme","27,10","17,32",-36.1%,"17,32",-36.1%
FarmaPonte,Esgotado,223.0,15,0.0,Lidopass 50mg/g 1Farma 25g Bisnaga,0,0,0,0,0
FarmaPonte,Esgotado,223.0,13,0.0,Creme para Pentear Seda Boom Definição Intensa 350ml,0,0,0,0,0
Drogaria São Paulo,Disponível,223.0,12,7898216369669.0,Valerato De Betametasona 1mg/g Genérico Pharlab 30g Pomada,"34,78","17,99",-48.3%,"17,99",-48.3%
Drogaria São Paulo,Disponível,223.0,13,7893454100678.0,Beserol 300mg + 125mg + 50mg + 30mg Daudt 4 Comprimidos,"15,21","13,39",-12.0%,"13,39",-12.0%
Drogaria São Paulo,Disponível,223.0,14,7898040327965.0,Demi D 7.000UI Farmoquímica 8 Comprimidos,"23,30","23,30",-,"23,30",-
FarmaPonte,Esgotado,223.0,13,0.0,Energético Monster Juice Pacific Punch 473ml,0,0,0,0,0
FarmaPonte,Esgotado,222.0,12,0.0,Catharine Hill Angel Spark By Pri Lessa - Iluminador Em Pó 2g - Bride-A2,0,0,0,0,0
FarmaPonte,Esgotado,222.0,12,0.0,Carb Up Gel Super Fórmula Probiótica Laranja 30g - Carb UP Gel Super Fórmula Probiótica LARANJA 30g,0,0,0,0,0
Drogaria São Paulo,Disponível,222.0,14,7896181904250.0,Hemax-Eritr 4000UI S3 Med 1 Ampola,"260,76","37,90",-85.5%,"37,90",-85.5%
Drogaria São Paulo,Disponível,222.0,13,7896658036835.0,Vitamina D Sany D 7.000UI Aché 30 Cápsulas,"78,11","55,93",-28.4%,"55,93",-28.4%
Drogaria São Paulo,Disponível,222.0,12,7896004729640.0,Rosuvastatina Calcica 10mg Genérico EMS 30 Comprimidos  Revestidos,"107,15","28,59",-73.3%,"28,59",-73.3%
FarmaPonte,Esgotado,222.0,12,0.0,Hidratante Labial Carmed BFF Rosa Glitter Tutti Frutti Efeito Gloss 10g,0,0,0,0,0
Drogaria São Paulo,Disponível,222.0,13,7896658015724.0,Venlift OD 75mg Torrent 30 cápsulas,"132,87","119,99",-9.7%,"119,99",-9.7%
Drogaria São Paulo,Disponível,222.0,12,7891317013813.0,"Corus H 50mg + 12,5mg Aché 30 Comprimidos Revestidos","32,91","32,91",-,"32,91",-
FarmaPonte,Esgotado,222.0,13,0.0,Fio Dental Flosser GUM Patrulha Canina Sabor Uva 40 Unidades,0,0,0,0,0
Drogaria São Paulo,Disponível,222.0,12,7896015520700.0,Labirin 16mg Apsen 30 Comprimidos,"6500,00","6500,00",-,"6500,00",-
Drogaria São Paulo,Disponível,222.0,12,7896112102700.0,Metronidazol 100mg/g Genérico Prati-Donaduzzi 50g Gel Vaginal,"26,16","23,55",-10.0%,"23,55",-10.0%
Drogaria São Paulo,Disponível,222.0,12,7891058013318.0,Amplictil 25mg Sanofi Aventis 20 Comprimidos,"98,39","85,59",-13.0%,"85,59",-13.0%
FarmaPonte,Esgotado,222.0,12,0.0,Kit Elseve Shampoo Óleo Extraordinário 375ml + Condicionador 170ml,0,0,0,0,0
FarmaPonte,Esgotado,222.0,13,0.0,Absorvente Geriátrico Adultcare 20 unidades,0,0,0,0,0
FarmaPonte,Esgotado,222.0,13,0.0,Manteiga Ghee Natural Dom Afonso 300g,0,0,0,0,0
FarmaPonte,Esgotado,221.0,13,0.0,Barra de Nuts Nutry Original 30g,0,0,0,0,0
FarmaPonte,Esgotado,221.0,13,0.0,Água Micelar Bisyou Detox 4 em 1 com Água de Coco 200ml,0,0,0,0,0
FarmaPonte,Esgotado,221.0,12,0.0,Aparelho de Depilação Gillette Prestobarba 3 Feminino - 2 Unidades,0,0,0,0,0
FarmaPonte,Esgotado,221.0,13,0.0,Creme Condicionador Skala Divino Potão 1000g,0,0,0,0,0
FarmaPonte,Esgotado,221.0,13,0.0,Reparador Capilar Ponta A Ponta Silicone Puro Flores & Vegetais 60ml,0,0,0,0,0
FarmaPonte,Esgotado,221.0,13,0.0,Océane Mariana Saad Lip Gloss Yes I Do Cor Nude - Brilho Labial 4g,0,0,0,0,0
Drogaria São Paulo,Disponível,221.0,13,7896658022203.0,Levoid 100mcg Aché 30 Comprimidos,"66,33","63,89",-3.7%,"63,89",-3.7%
Drogaria São Paulo,Disponível,221.0,12,7891010256357.0,Daktarin 20mg/g Janssen 40g Gel Oral,"50,17","43,99",-12.3%,"43,99",-12.3%
Drogaria São Paulo,Disponível,221.0,13,7898040328191.0,Junno 100mg Farmoquímica 30 Comprimidos,"22,96","20,99",-8.6%,"20,99",-8.6%
FarmaPonte,Esgotado,221.0,12,0.0,Minoxidil turbinado 120ml,0,0,0,0,0
FarmaPonte,Esgotado,221.0,12,0.0,Shampoo Johnson's Baby 200ml,0,0,0,0,0
FarmaPonte,Esgotado,221.0,13,0.0,Barra de Nuts Bar Castanhas e Chocolate Banana Brasil 25g,0,0,0,0,0
FarmaPonte,Esgotado,221.0,12,0.0,Elástico para Cabelo Ever Care com Orelha Prata 1 Unidade,0,0,0,0,0
Drogaria São Paulo,Disponível,221.0,12,7896004716152.0,Espironolactona 100mg Genérico Germed 30 Comprimidos,"59,03","47,99",-18.7%,"47,99",-18.7%
FarmaPonte,Esgotado,221.0,13,0.0,Payot Pó Compacto Retinol 10g - Cor_20,0,0,0,0,0
FarmaPonte,Esgotado,221.0,14,0.0,Pincel Leque - Gleam My Face Ocn18 Océane,0,0,0,0,0
FarmaPonte,Esgotado,221.0,12,0.0,Preservativo Camisinha Masculina Jontex Sensação Invisível 2 Unidades,0,0,0,0,0
FarmaPonte,Esgotado,220.0,12,0.0,"Revlon Colorstay Blackest - Delineador 2,5ml",0,0,0,0,0
FarmaPonte,Esgotado,220.0,12,0.0,Reparador de Pontas Anti-frizz - Verde Brasil - 30ml - Reparador de Pontas Anti-Frizz - Verde Brasil - 30ml,0,0,0,0,0
FarmaPonte,Esgotado,220.0,14,0.0,Fralda Huggies Natural Care RN 18 Unidades,0,0,0,0,0
FarmaPonte,Esgotado,220.0,13,0.0,Aparelho de Depilar Gillette Venus Suave 4 Unidades,0,0,0,0,0
FarmaPonte,Esgotado,220.0,13,0.0,"Vizzela Lipliner 04 - Lapiseira Labial 0,24g",0,0,0,0,0
FarmaPonte,Esgotado,220.0,12,0.0,Água Termal Skin Essence Care - Vizcaya 60ml,0,0,0,0,0
FarmaPonte,Esgotado,220.0,12,0.0,"Batom Líquido Matte Aveludado Karen Bachini Afrodite Fênix 3,8 ml",0,0,0,0,0
FarmaPonte,Esgotado,220.0,12,0.0,Cera Quente em Barra Negra - Depil Bella - 250g,0,0,0,0,0
Drogaria São Paulo,Disponível,220.0,12,7895296286022.0,Prednisona 5mg Genérico Nova Química 20 Comprimidos,"17,93","12,46",-30.5%,"12,46",-30.5%
FarmaPonte,Esgotado,220.0,12,0.0,Aparelho de Barbear Gillette Prestobarba3 Extra Suave 4 Unidades,0,0,0,0,0
Drogaria São Paulo,Disponível,219.0,12,7896676441772.0,Terolac 5mg/ml Latinofarma 5ml Solução Oftalmológica,"56,96","53,99",-5.2%,"53,99",-5.2%
FarmaPonte,Esgotado,219.0,12,0.0,Fralda Huggies Supreme Care G 66 Unidades,0,0,0,0,0
Drogaria São Paulo,Disponível,219.0,12,7898148292936.0,Albendazol 40mg/ml Genérico Prati Donaduzzi 10ml Suspensão De Uso Oral,"9,26","4,99",-46.1%,"4,99",-46.1%
FarmaPonte,Esgotado,219.0,12,0.0,Chocolate Garoto Talento Branco Com Cereais E Passas 85g,0,0,0,0,0
FarmaPonte,Esgotado,219.0,12,0.0,Pastilhas Tic Tac Laranaja 16g - Pastilhas Tic Tac Laranja 16g,0,0,0,0,0
FarmaPonte,Esgotado,219.0,13,0.0,Suplemento Alimentar Imecap Hair Cabelos e Unhas FQM 60 cápsulas,0,0,0,0,0
FarmaPonte,Esgotado,219.0,12,0.0,Cílios Postiços Longo Natural Absolute New York Pack Tanjanite 503 Preto 5 Pares,0,0,0,0,0
FarmaPonte,Esgotado,219.0,15,0.0,Bombom de chocolate ao leite sabor com recheio de brigadeiro 55g - Montevergine,0,0,0,0,0
FarmaPonte,Esgotado,219.0,13,0.0,Kit Máscaras Para Olhos com Ácido Hialurônico (2 Produtos) Océane,0,0,0,0,0
Drogaria São Paulo,Disponível,219.0,12,7896004775593.0,Dolamin 125mg Famoquímica 16 Comprimidos Revestidos,"140,03","132,99",-5.0%,"132,99",-5.0%
Drogaria São Paulo,Disponível,219.0,13,7898049794683.0,Butacid 200mg Vitapan 20 Comprimidos,"16,06","15,19",-5.4%,"15,19",-5.4%
FarmaPonte,Esgotado,219.0,13,0.0,"Natrilix 2,5mg Servier 30 Drágeas",0,0,0,0,0
Drogaria São Paulo,Disponível,219.0,13,8902220106079.0,Azukon MR 30mg Torrent  30 Comprimidos,"22,60","20,99",-7.1%,"20,99",-7.1%
FarmaPonte,Esgotado,218.0,12,0.0,Reparador De Pontas Natutrat S.O.S Argan E Macadâmia Brilho Milagroso  30ml,0,0,0,0,0
Drogaria São Paulo,Disponível,218.0,13,7891317016067.0,Rox 10mg Momenta Farma 30 Comprimidos,"144,99","144,99",-,"144,99",-
FarmaPonte,Esgotado,218.0,15,0.0,Óleo Essencial Ever You Puro de Melaleuca 10ml,0,0,0,0,0
FarmaPonte,Esgotado,218.0,12,0.0,Óleo Corporal Hidratante Farmax Lavanda 100ml,0,0,0,0,0
Drogaria São Paulo,Disponível,218.0,12,7896094919174.0,Fenofibrato 200mg Genérico Nova Química 30 Cápsulas,"111,05","84,99",-23.5%,"84,99",-23.5%
Drogaria São Paulo,Disponível,218.0,12,7897337716178.0,Nites 50mcg Organon 120 Doses Suspensão Nasal,"70,44","64,59",-8.3%,"64,59",-8.3%
FarmaPonte,Esgotado,218.0,12,0.0,Kit Esponja de Maquiagem Para Pó Cotton Puff + Esponja Powder Puff (2 Produtos),0,0,0,0,0
FarmaPonte,Esgotado,218.0,12,0.0,Máscara Capilar Eudora Siàge Hidratação Micelar 250g,0,0,0,0,0
FarmaPonte,Esgotado,218.0,13,0.0,Cera Depilatória de Micro-Ondas Ever You Mel e Aloe Vera 200g,0,0,0,0,0
Drogaria São Paulo,Disponível,218.0,13,7896112136385.0,Cetoprofeno 20mg/ml Genérico Teuto 20ml Gotas,"19,02","15,01",-21.1%,"15,01",-21.1%
Drogaria São Paulo,Disponível,218.0,12,7899547514377.0,Gabapentina 400mg Genérico Prati 30 Cápsulas Duras,"110,37","30,98",-71.9%,"30,98",-71.9%
FarmaPonte,Esgotado,218.0,14,0.0,Unha Postiça Infantil Autoadesiva Kiss New York Neon Party Pink 24 Unidades,0,0,0,0,0
Drogaria São Paulo,Disponível,218.0,13,7891158101724.0,Depakote ER 250mg Abbott 60 Comprimidos,"47,46","40,99",-13.6%,"40,99",-13.6%
FarmaPonte,Esgotado,217.0,14,0.0,Shampoo Phytoervas Antiqueda 250ml,0,0,0,0,0
Drogaria São Paulo,Disponível,217.0,12,7908134200736.0,"Vizuria 5,631g Granulado Exeltis 1 Envelope","60,29","39,00",-35.3%,"39,00",-35.3%
Drogaria São Paulo,Disponível,217.0,12,7896004787329.0,"Paratram 37,5mg + 325mg Adium 10 Comprimidos","36,41","26,24",-27.9%,"26,24",-27.9%
Drogaria São Paulo,Disponível,217.0,13,7896004734408.0,"Drospirenona 3mg + Etinilestradiol 0,03mg Genérico Germed 21 Comprimidos Revestidos","62,32","27,81",-55.4%,"27,81",-55.4%
Drogaria São Paulo,Disponível,217.0,14,7898040328191.0,Ultrafer 100mg Farmoquímica 30 Comprimidos,"22,96","20,99",-8.6%,"20,99",-8.6%
Drogaria São Paulo,Disponível,217.0,12,7898569763916.0,Ibandronato de Sódio 150mg Genérico Althaia 1 Comprimido,"74,00","36,47",-50.7%,"36,47",-50.7%
Drogaria São Paulo,Disponível,217.0,14,7896472513772.0,Omeprazol 20mg Genérico Multilab 56 Cápsulas,"57,26","16,37",-71.4%,"16,37",-71.4%
FarmaPonte,Esgotado,217.0,12,0.0,"Traturil 5,631g/8g Apsen 1 Envelope",0,0,0,0,0
FarmaPonte,Esgotado,217.0,12,0.0,Suco Del Valle 100% Uva 1L,0,0,0,0,0
FarmaPonte,Esgotado,217.0,13,0.0,Brinco Antialérgico Studex Dourado,0,0,0,0,0
FarmaPonte,Esgotado,217.0,13,0.0,"Catharine Hill Skin 104416 - Lápis Delineador Labial 1,8g",0,0,0,0,0
FarmaPonte,Esgotado,217.0,12,0.0,7801103 Refil Escova Interdental Cônica G - Morelli,0,0,0,0,0
Drogaria São Paulo,Disponível,217.0,13,7895858005924.0,Aldomet 500mg Aspen Pharma 30 comprimidos,"89,98","82,80",-8.0%,"82,80",-8.0%
FarmaPonte,Esgotado,217.0,14,0.0,Wafer sabor Morango Pacote com 110g - Itamaraty,0,0,0,0,0
FarmaPonte,Esgotado,217.0,12,0.0,Doce de Leite Portão de Cambuí com Coco 25g,0,0,0,0,0
FarmaPonte,Esgotado,217.0,13,0.0,Snack Piraquê Presuntinho 100g,0,0,0,0,0
FarmaPonte,Esgotado,216.0,14,0.0,Óleo Corporal Nupill Gold Skin Coconut 100ml,0,0,0,0,0
FarmaPonte,Esgotado,216.0,15,0.0,Bolsa Termogel Pequena,0,0,0,0,0
FarmaPonte,Esgotado,216.0,13,0.0,Chocolate Baton Ao Leite 16g,0,0,0,0,0
Drogaria São Paulo,Disponível,216.0,13,7896422506342.0,Atenolol 25mg Genérico Medley 30 Comprimidos,"6,87","3,99",-41.9%,"3,99",-41.9%
Drogaria São Paulo,Disponível,216.0,12,7898168731194.0,"Sonin 0,5mg/ml Brasterápica 120ml Xarope","9,59","9,59",-,"9,59",-
Drogaria São Paulo,Disponível,216.0,12,7898569762681.0,Ezetimiba 10mg Genérico Althaia 60 Comprimidos,"157,96","47,99",-69.6%,"47,99",-69.6%
FarmaPonte,Esgotado,216.0,13,0.0,Espuma de Barbear Above Men Elements 150ml,0,0,0,0,0
FarmaPonte,Esgotado,216.0,13,0.0,Lenço Umedecido Baby Camomila Ever Care 96 Unidades,0,0,0,0,0
FarmaPonte,Esgotado,216.0,14,0.0,Creme de Tratamento L’Oréal Paris Elseve Antiporosidade Glycolic Gloss 300g,0,0,0,0,0
Drogaria São Paulo,Disponível,216.0,12,7896206402013.0,"Pulmicort 0,25mg/ml Astrazeneca 2ml 5 Frascos Nebulização","58,70","46,59",-20.6%,"46,59",-20.6%
FarmaPonte,Esgotado,216.0,15,0.0,Gel Fixador Clear Man Controle de Caspa 300g,0,0,0,0,0
Drogaria São Paulo,Disponível,216.0,12,7891317016326.0,Bilastina 20mg Genérico Eurofarma 15 Comprimidos,"43,93","26,52",-39.6%,"26,52",-39.6%
Drogaria São Paulo,Disponível,216.0,12,7891158103353.0,Divalcon ER 250mg Abbott 60 Comprimidos Revestidos,"86,31","73,25",-15.1%,"73,25",-15.1%
FarmaPonte,Esgotado,216.0,13,0.0,"Dermosalic 0,64mg + 20mg Cellera 30ml Solução Tópica",0,0,0,0,0
FarmaPonte,Esgotado,216.0,13,0.0,Kit 2 Bicos de Mamadeira MAM Antivazamento,0,0,0,0,0
FarmaPonte,Esgotado,216.0,12,0.0,Creme Depolatório Depimiel Men Partes Íntimas 95g,0,0,0,0,0
FarmaPonte,Esgotado,216.0,13,0.0,Bb Cream Fps 30 Cor 05 Vizzela 35g,0,0,0,0,0
FarmaPonte,Esgotado,216.0,14,0.0,Adoçante Xilitol Linea 300g,0,0,0,0,0
FarmaPonte,Esgotado,216.0,13,0.0,Óleo De Cravo Ever You 9ml,0,0,0,0,0
FarmaPonte,Esgotado,216.0,13,0.0,Óleo Capilar Cadiveu Essentials Quartzo Shine 65 ml,0,0,0,0,0
FarmaPonte,Esgotado,216.0,14,0.0,Pigmento para Resina Epic 2g - Biodinâmica - Pigmento para Resina Epic Branco 2g - Biodinâmica,0,0,0,0,0
Drogaria São Paulo,Disponível,215.0,14,7899547510911.0,"Cabergolina 0,5mg Genérico Prati-Donaduzzi 2 Comprimidos","86,78","37,99",-56.2%,"37,99",-56.2%
FarmaPonte,Esgotado,215.0,14,0.0,Kit Esponja de Maquiagem Flat Drop Océane Edition (3 Produtos),0,0,0,0,0
FarmaPonte,Esgotado,215.0,13,0.0,Lenço de Papel Kleenex Dia a Dia 150 Unidades,0,0,0,0,0
Drogaria São Paulo,Disponível,215.0,13,7896714290355.0,Histadin D 10mg União Química 12 comprimidos revestidos,"68,98","43,04",-37.6%,"43,04",-37.6%
FarmaPonte,Esgotado,215.0,12,0.0,Creme de Barbear 2 em 1 Nivea Men Sensitive 65g,0,0,0,0,0
FarmaPonte,Esgotado,215.0,14,0.0,Leite em Pó Ninho Integral 575g,0,0,0,0,0
FarmaPonte,Esgotado,215.0,12,0.0,Protetor Solar Dermoplex FPS 50 Bege 50 g BS Pharma,0,0,0,0,0
Drogaria São Paulo,Disponível,215.0,13,7896006201281.0,Vitamina D Font D 5.000UI União Química 30 Comprimidos,"85,85","46,59",-45.7%,"46,59",-45.7%
FarmaPonte,Esgotado,215.0,14,0.0,Cílios Postiços Longo Natural Absolute New York Magiquick 603 Preto 1 Par,0,0,0,0,0
Drogaria São Paulo,Disponível,215.0,12,7899547514872.0,"Cloridrato de Propafenona 300mg Genérico Prati, Donaduzzi 60 Comprimidos","138,37","84,64",-38.8%,"84,64",-38.8%
Drogaria São Paulo,Disponível,215.0,13,7898074617056.0,Panotil 10.000UI/ml + 10mg/ml + 1mg/ml + 40mg/ml Zambon 8ml Solução Uso Otológico,"15,23","15,23",-,"15,23",-
FarmaPonte,Esgotado,215.0,12,0.0,Chocolate Caribe Garoto 28g,0,0,0,0,0
FarmaPonte,Esgotado,215.0,13,0.0,Kit com 2 Bicos de Mamadeira Silicone 0m+ Natuform - Lillo,0,0,0,0,0
FarmaPonte,Esgotado,215.0,12,0.0,Vizzela Xoxo Fps 20 - Balm Labial 4g - Selinho4g,0,0,0,0,0
FarmaPonte,Esgotado,215.0,13,0.0,Máscara Térmica Gel para Olhos -  Uniqcare Laranja,0,0,0,0,0
FarmaPonte,Esgotado,214.0,13,0.0,Elástico para Cabelo Ever You com Detalhe em Metal 1 Unidade,0,0,0,0,0
Drogaria São Paulo,Disponível,214.0,12,7908020500483.0,Nimesulida 100mg Genérico Cifarma 12 Comprimidos Dispersíveis,"30,63","14,64",-52.2%,"14,64",-52.2%
FarmaPonte,Esgotado,214.0,12,0.0,Óleo Essencial de Alecrim Cânfora Selvagem 5mL - 5ml,0,0,0,0,0
FarmaPonte,Esgotado,214.0,14,0.0,Snack Mucilon Meu Primeiro Lanchinho Sabor Morango e Banana 35g,0,0,0,0,0
FarmaPonte,Esgotado,214.0,14,0.0,Sombra Líquida e Primer 2x1 Bruna Tavares BT Velvet Watermelon 6 ml,0,0,0,0,0
FarmaPonte,Esgotado,214.0,13,0.0,Cera Refil Roll-On Corporal Depilsam Maracujá 100G,0,0,0,0,0
Drogaria São Paulo,Disponível,214.0,13,7896004785622.0,Amoxil 500mg GSK 21 Comprimidos,"34,24","34,24",-,"34,24",-
Drogaria São Paulo,Disponível,214.0,12,8903855086620.0,Menelat Odt 15mg Torrent 30 Comprimidos,"315,45","262,34",-16.8%,"262,34",-16.8%
Drogaria São Paulo,Disponível,214.0,13,7896006230618.0,Amoxicilina 500mg Genérico União Química 21 Cápsulas,"28,99","18,50",-36.2%,"18,50",-36.2%
Drogaria São Paulo,Disponível,214.0,12,7899551305466.0,Bromidrato de Galantamina 8mg Genérico Biolab 30 Cápsulas,"244,42","94,99",-61.1%,"94,99",-61.1%
FarmaPonte,Esgotado,214.0,12,0.0,Fórmula Infantil de Seguimento para Crianças de Primeira Infância NESTONUTRI 2 Unidades 800g cada,0,0,0,0,0
FarmaPonte,Esgotado,214.0,13,0.0,Adoçante Líquido Finn Sucralose 65ml,0,0,0,0,0
FarmaPonte,Esgotado,214.0,12,0.0,Deriva C Micro 1mg/g + 10mg/g Glenmark 30g Gel,0,0,0,0,0
Drogaria São Paulo,Disponível,214.0,16,7891106915335.0,"Yasmin 3mg + 0,03mg Bayer 21 Comprimidos Revestidos + 7 Comprimidos","350,37","257,99",-26.4%,"257,99",-26.4%
Drogaria São Paulo,Disponível,213.0,14,7908236800049.0,Celebra 200mg Pfizer 10 Cápsulas,"81,98","74,49",-9.1%,"74,49",-9.1%
FarmaPonte,Esgotado,213.0,12,0.0,Esmalte fortalecedor de unhas 10ML,0,0,0,0,0
FarmaPonte,Esgotado,213.0,12,0.0,Óleo de Peixe 1000mg (Ômega 3) 120 Cápsulas,0,0,0,0,0
FarmaPonte,Esgotado,213.0,12,0.0,Chocolate Garoto Talento Ao Leite Com Amêndoas E Passas 85g,0,0,0,0,0
FarmaPonte,Esgotado,213.0,13,0.0,Kit Shampoo Seda By Niina Secrets Colágeno e Vitamina C 325ml + Condicionador 325ml,0,0,0,0,0
FarmaPonte,Esgotado,213.0,13,0.0,Bio Argila Cinza 30g - Elemento Mineral,0,0,0,0,0
FarmaPonte,Esgotado,213.0,14,0.0,Barra de Proteína Bold Thin Bombom de Coco 40g,0,0,0,0,0
FarmaPonte,Esgotado,213.0,14,0.0,Creme Facial Complexo de Reparação Noturna Nivea Cellular Luminous 630 Antispot 50ml,0,0,0,0,0
Drogaria São Paulo,Disponível,213.0,12,7898040328191.0,Sustrate 10mg Farmoquímica 30 Comprimidos,"22,96","20,99",-8.6%,"20,99",-8.6%
FarmaPonte,Esgotado,213.0,12,0.0,Aparelho De Depilação Gillette Venus Simply3 2 Unidades,0,0,0,0,0
Drogaria São Paulo,Disponível,213.0,14,7897337716208.0,Cerazette 75mcg Organon 84 Comprimidos,"148,36","108,80",-26.7%,"108,80",-26.7%
Drogaria São Paulo,Disponível,213.0,13,7897076918840.0,Axetilcefuroxima 500mg Genérico Ranbaxy 10 Comprimidos,"139,86","99,61",-28.8%,"99,61",-28.8%
Drogaria São Paulo,Disponível,213.0,13,7891058006389.0,"Puran T4 62,5mcg Sanofi Aventis 30 Comprimidos Revestidos","14,39","14,39",-,"14,39",-
Drogaria São Paulo,Disponível,212.0,13,7896714226705.0,Sildenafila 50mg Genérico Neo Química 4 Comprimidos Revestidos,"34,30","5,87",-82.9%,"5,87",-82.9%
FarmaPonte,Esgotado,212.0,12,0.0,"Fórmula Infantil Nestogeno 2 1,2Kg",0,0,0,0,0
FarmaPonte,Esgotado,212.0,14,0.0,Loção Hidratante Corporal Nivea Milk Pele Seca a Extrasseca 200ml,0,0,0,0,0
Drogaria São Paulo,Disponível,212.0,13,7896112102519.0,Profergan 25mg Teuto 20 Comprimidos,"14,74","9,69",-34.3%,"9,69",-34.3%
FarmaPonte,Esgotado,212.0,13,0.0,Condicionador Dove Baby Hidratação Enriquecida 200ml,0,0,0,0,0
FarmaPonte,Esgotado,212.0,12,0.0,Gel Lubrificante Íntimo KY Original 100g,0,0,0,0,0
FarmaPonte,Esgotado,212.0,12,0.0,Snack de Soja Good Soy Ervas Finas 25g,0,0,0,0,0
FarmaPonte,Esgotado,212.0,12,0.0,Pasta de Dente Colgate Natural Extracts Branqueador Purificante Carvão Ativado e Menta 140g,0,0,0,0,0
FarmaPonte,Esgotado,211.0,12,0.0,"Cera Modeladora para Sobrancelha Essence Brow Styling Soap Set Transparente 3,4 g",0,0,0,0,0
Drogaria São Paulo,Disponível,211.0,12,7896637023238.0,Flancox 500mg Apsen 14 Comprimidos Revestidos,"52,13","46,90",-10.0%,"46,90",-10.0%
FarmaPonte,Esgotado,211.0,13,0.0,Catharine Hill Angel Wings by Pri Lessa  - Base Alta Cobertura  40ml - A2,0,0,0,0,0
Drogaria São Paulo,Disponível,211.0,12,7891721014239.0,Euthyrox 200mcg Merck 50 Comprimidos,"50,45","46,52",-7.8%,"46,52",-7.8%
Drogaria São Paulo,Disponível,211.0,12,7896641813061.0,Mesacol 250mg Takeda 15 Supositórios,"164,75","148,99",-9.6%,"148,99",-9.6%
FarmaPonte,Esgotado,211.0,13,0.0,Condicionador Huggies Kids Nutrição e Força 360ml,0,0,0,0,0
Drogaria São Paulo,Disponível,211.0,12,7896523212685.0,Nimesulida 100mg Genérico Cimed 12 Comprimidos,"23,78","5,97",-74.9%,"5,97",-74.9%
Drogaria São Paulo,Disponível,211.0,13,7896422513968.0,Cloridrato Venlafaxina 150mg Genérico Medley 30 Cápsulas,"172,49","42,49",-75.4%,"42,49",-75.4%
FarmaPonte,Esgotado,211.0,12,0.0,"Bauny - Lápis Delineador de Lábios 1,10g - Vermelho",0,0,0,0,0
FarmaPonte,Esgotado,211.0,12,0.0,Barra sabor Churros com Doce de Leite 45g - Integral Médica Crisp Bar,0,0,0,0,0
Drogaria São Paulo,Disponível,211.0,14,7898549755726.0,Monocordil Retard 50mg Baldacci 30 Comprimidos,"153,09","126,99",-17.0%,"126,99",-17.0%
Drogaria São Paulo,Disponível,211.0,12,7908236800315.0,Norvasc 5mg Pfizer 30 Comprimidos,"178,69","160,65",-10.1%,"160,65",-10.1%
FarmaPonte,Esgotado,211.0,13,0.0,Bebida Proteica NotCo NotShake Protein 16g de Proteina Morango com Tamara 250ml,0,0,0,0,0
FarmaPonte,Esgotado,211.0,15,0.0,Óleo Essencial De Eucalipto Bem-Estar 10ML Multilaser Saúde - HC128,0,0,0,0,0
FarmaPonte,Esgotado,211.0,13,0.0,Óleo De Amêndoas Ever Care 100ml - Óleo De Amêndoas Ever Care Oficinal 100ml,0,0,0,0,0
Drogaria São Paulo,Disponível,211.0,16,7898907313858.0,"Acetato de Ciproterona 2mg + Etinilestradiol 0,035mg Genérico Biosintética 21 Comprimidos Revestidos","25,92","14,59",-43.7%,"14,59",-43.7%
FarmaPonte,Esgotado,210.0,13,0.0,Synthroid 100mcg Abbott 30 Cápsulas,0,0,0,0,0
FarmaPonte,Esgotado,210.0,12,0.0,"Lápis Delineador Azul Claro Larissa Manoela By Océane - Colorful Eyeliner Marshmallow 1,2g",0,0,0,0,0
FarmaPonte,Esgotado,210.0,12,0.0,"Bombom Banana Brasil NutsBites Castanhas, Caramelo e Chocolate 15g",0,0,0,0,0
FarmaPonte,Esgotado,210.0,15,0.0,Óleo Corporal Bio-Oil 1005 Natural 125ml,0,0,0,0,0
Drogaria São Paulo,Disponível,210.0,13,7894916140478.0,Rifamicina 10mg/ml Genérico Legrand 20ml Spray,"25,09","18,59",-25.9%,"18,59",-25.9%
FarmaPonte,Esgotado,210.0,12,0.0,Base Líquida Natural Eudora Niina Secrets Hidra Glow 80 30 ml,0,0,0,0,0
FarmaPonte,Esgotado,210.0,13,0.0,Insulina Lantus 100UI/ml Sanofi 3ml 1 Carpule,0,0,0,0,0
FarmaPonte,Esgotado,210.0,12,0.0,Brinco Studex Daisy Cristal Ouro 1 Par,0,0,0,0,0
FarmaPonte,Esgotado,210.0,15,0.0,Absorvente Always Noturno Tamanho G Suave 32 Unidades,0,0,0,0,0
Drogaria São Paulo,Disponível,210.0,14,7898216360659.0,Gliclazida 60mg Genérico Pharlab 30 Comprimidos,"104,50","55,59",-46.8%,"55,59",-46.8%
Drogaria São Paulo,Disponível,210.0,13,7896714274393.0,Minoxidil 50mg/ml Genérico Neo Química 50ml Spray,"98,77","53,54",-45.8%,"53,54",-45.8%
FarmaPonte,Esgotado,210.0,13,0.0,Barra De Proteína Equaliv Chocolate Cobertura Chocolate Ao Leite 45g,0,0,0,0,0
Drogaria São Paulo,Disponível,210.0,12,7896676437119.0,Etod 400mg Cristália 10 Comprimidos,"21,93","21,93",-,"21,93",-
FarmaPonte,Esgotado,210.0,12,0.0,Océane Marília Mendonça Queen Cor Preto - Caneta Delineadora,0,0,0,0,0
Drogaria São Paulo,Disponível,210.0,12,7896112100539.0,Cloridrato de Prometazina 25mg Genérico Teuto 20 Comprimidos Revestidos,"12,06","6,78",-43.8%,"6,78",-43.8%
FarmaPonte,Esgotado,210.0,13,0.0,Shampoo Elseve Hydra Detox 48h Anti-Caspa 200ml,0,0,0,0,0
FarmaPonte,Esgotado,210.0,13,0.0,Tônico Capilar Minoxidil 120 mL BS Pharma,0,0,0,0,0
Drogaria São Paulo,Disponível,210.0,12,7896015518875.0,"Avamys 27,5mcg GSK 120 Doses Spray Nasal","75,20","62,79",-16.5%,"62,79",-16.5%
Drogaria São Paulo,Disponível,209.0,13,7897595637161.0,Amoxicilina 500mg + Clavulanato de Potássio 125mg Genérico Sandoz 30 Comprimidos,"189,96","123,99",-34.7%,"123,99",-34.7%
FarmaPonte,Esgotado,209.0,12,0.0,Tônico Adstringente Pele com Acne Higiporo 120ml - Davene - Tônico Adstringente Pele Com Acne Higiporo 120ml - Davene,0,0,0,0,0
Drogaria São Paulo,Disponível,209.0,13,7896676438253.0,Dermacerium 10mg/g + 4mg/g Cristália 50g Creme,"41,85","41,85",-,"41,85",-
FarmaPonte,Esgotado,209.0,13,0.0,Espuma de Barbear Nivea Men Original Protect 200ml,0,0,0,0,0
FarmaPonte,Esgotado,209.0,13,0.0,Minoxidil like 60ml,0,0,0,0,0
FarmaPonte,Esgotado,209.0,12,0.0,"Máscara Para Sobrancelhas Em Gel Essence Make Me Brow 5 Chocolaty Brows 3,8ml",0,0,0,0,0
FarmaPonte,Esgotado,209.0,13,0.0,Cílios Postiços Au Naturale Kiss 02,0,0,0,0,0
Drogaria São Paulo,Disponível,209.0,12,7896637029117.0,Vensate 75mg Cristália 30 Cápsulas,"78,51","29,90",-61.9%,"29,90",-61.9%
FarmaPonte,Esgotado,209.0,12,0.0,Bebida de Castanha de Caju e Coco A Tal da Castanha 1l,0,0,0,0,0
Drogaria São Paulo,Disponível,209.0,13,7891317004330.0,Predsim 40mg Mantecorp Farmasa 7 comprimidos,"42,76","24,59",-42.5%,"24,59",-42.5%
FarmaPonte,Esgotado,209.0,13,0.0,Perfume Masculino Parfum Brasil Gloss 100ml,0,0,0,0,0
FarmaPonte,Esgotado,208.0,14,0.0,Escova de Dente Infantil Bitufo Cocoricó Primeiro Dentinho Ultramacia  4 a 24 meses 1 Unidade,0,0,0,0,0
Drogaria São Paulo,Disponível,208.0,12,7899095255241.0,Cicladol 20mg Chiesi 10 Comprimidos,"37,87","21,99",-41.9%,"21,99",-41.9%
Drogaria São Paulo,Disponível,208.0,12,7896523200286.0,Mirtazapina 30mg Genérico Cimed 30 Comprimidos Oridispersíveis,"163,74","69,09",-57.8%,"69,09",-57.8%
Drogaria São Paulo,Disponível,208.0,12,7898927564155.0,Cloridrato de Trazodona 100mg Genérico Zydus Nikkho 30 Comprimidos,"73,31","52,96",-27.8%,"52,96",-27.8%
FarmaPonte,Esgotado,208.0,14,0.0,Óleo Essencial Orgânico de Palmarosa 5ml – Terra Flor,0,0,0,0,0
FarmaPonte,Esgotado,208.0,12,0.0,Condicionador Infantil Pampers Glicerina 200ml,0,0,0,0,0
FarmaPonte,Esgotado,208.0,12,0.0,Argila Burgundy com Pó de Rubi 30g - Elemento Mineral,0,0,0,0,0
FarmaPonte,Esgotado,208.0,12,0.0,Whey Protein Concentrado - Pote 450G Doce De Leite - 450G,0,0,0,0,0
FarmaPonte,Esgotado,208.0,14,0.0,Chocolate 70% Cacau Lacta Intense 85g,0,0,0,0,0
Drogaria São Paulo,Disponível,208.0,12,7896523200002.0,Valsartana 80mg Genérico Cimed 30 Comprimidos,"62,56","41,59",-33.5%,"41,59",-33.5%
Drogaria São Paulo,Disponível,208.0,12,7896714200705.0,Corticorten 5mg Elite 20 Comprimidos,"18,22","14,99",-17.7%,"14,99",-17.7%
FarmaPonte,Esgotado,207.0,14,0.0,Bauny - Pó Compacto Facial com FPS 25 10g - Cor 030,0,0,0,0,0
Drogaria São Paulo,Disponível,207.0,13,7896676427844.0,"Kollagenase Com Cloranfenicol 0,6U/g + 0,01g/g Cristália 30g Pomada","38,43","32,92",-14.3%,"32,92",-14.3%
FarmaPonte,Esgotado,207.0,13,0.0,Suco Del Valle Nectar Manga 290ml,0,0,0,0,0
FarmaPonte,Esgotado,207.0,14,0.0,Fio Dental Oral-B Pro-Saúde 25m 1 Unidade,0,0,0,0,0
Drogaria São Paulo,Disponível,207.0,13,7896676431582.0,Sumax 25mg Libbs 6 Comprimidos Revestidos,"50,80","50,80",-,"50,80",-
FarmaPonte,Esgotado,207.0,12,0.0,Biscoito Cookie Vegano Mundo Verde Seleção Banana Com Canela 100g,0,0,0,0,0
Drogaria São Paulo,Disponível,207.0,14,7898430192258.0,Vitamina D Dprev 50.000UI Myralis 4 Cápsulas,"80,54","49,42",-38.6%,"49,42",-38.6%
Drogaria São Paulo,Disponível,207.0,13,8903855081298.0,Torval CR 300mg Torrent 60 Comprimidos,"95,51","83,59",-12.5%,"83,59",-12.5%
FarmaPonte,Esgotado,206.0,13,0.0,Cílios Postiços Kiss New York Looks So Natural Sultry 2 Pares,0,0,0,0,0
Drogaria São Paulo,Disponível,206.0,13,7897076921673.0,Succinato De Solifecacina 5mg Genérico Ranbaxy 30 Comprimidos,"139,43","85,13",-38.9%,"85,13",-38.9%
FarmaPonte,Esgotado,206.0,14,0.0,Pasta de Dente Colgate Sensitive Pro Alívio Imediato Braqueador Fresh 90g,0,0,0,0,0
FarmaPonte,Esgotado,206.0,12,0.0,Proteina Vegetal Muke Torta de Banana e Canela Garrafinha 36g - Mais Mu,0,0,0,0,0
FarmaPonte,Esgotado,205.0,13,0.0,Demaquilante Unic 100ml,0,0,0,0,0
FarmaPonte,Esgotado,205.0,12,0.0,Algodão Rolete com 100 - SS Plus,0,0,0,0,0
FarmaPonte,Esgotado,205.0,14,0.0,Óleo De Prímula 500mg Drogaria São Paulo 60 Cápsulas,0,0,0,0,0
Drogaria São Paulo,Disponível,205.0,12,7897595614513.0,Sumaxpro 50mg + 500mg Libbs 2 Comprimidos Revestidos,"15,57","15,57",-,"15,57",-
FarmaPonte,Esgotado,205.0,12,0.0,Minoxidil 5% em Trichosol cabelos e barba sem alcool 60ml,0,0,0,0,0
FarmaPonte,Esgotado,205.0,12,0.0,Óleo Essencial de Laranja Doce - Sweet Orange Oil 10ml Océane,0,0,0,0,0
Drogaria São Paulo,Disponível,205.0,14,7897595630803.0,Renovi B 5000mcg + 100mg + 100mg Supera 30 Comprimidos Revestidos,"32,03","26,59",-17.0%,"26,59",-17.0%
Drogaria São Paulo,Disponível,205.0,13,7891142981301.0,Predsim 5mg Mantecorp Farmasa 20 Comprimidos Revestidos,"27,77","26,29",-5.3%,"26,29",-5.3%
FarmaPonte,Esgotado,205.0,12,0.0,Creme de Tratamento Capilar L'Oréal Paris Elseve Pure Hialurônico 300g,0,0,0,0,0
FarmaPonte,Esgotado,205.0,12,0.0,Crisp Bar Cookies and Cream Integralmedica 45g,0,0,0,0,0
Drogaria São Paulo,Disponível,205.0,13,7898095343125.0,Dipropionato de Betametasona 5mg/ml + Fosfato Dissódico de Betametasona 2mg/ml Genérico Neo Química 1 Ampola Suspensão Injetável,"28,67","13,55",-52.7%,"13,55",-52.7%
FarmaPonte,Esgotado,205.0,14,0.0,Bicarbonato de Sódio Clean Okta Sabor Morango com 15 Saches de 40g - DCMA,0,0,0,0,0
Drogaria São Paulo,Disponível,205.0,13,7896004715377.0,"Clotrimazol 10mg/g + Acetato de Dexametasona 0,4mg/g Genérico Germed 40g Creme","31,16","16,23",-47.9%,"16,23",-47.9%
Drogaria São Paulo,Disponível,205.0,13,7896714292410.0,Propranolol 80mg Nova Química 30 Comprimidos,"173,62","173,62",-,"173,62",-
Drogaria São Paulo,Disponível,205.0,12,7896004714196.0,"Mercilon 0,15mg + 0,02mg Organon 21 Comprimidos","12,99","10,99",-15.4%,"10,99",-15.4%
Drogaria São Paulo,Disponível,205.0,12,7898569765521.0,Prednisolona 40mg Genérico Althaia 10 Comprimidos,"50,65","30,99",-38.8%,"30,99",-38.8%
FarmaPonte,Esgotado,204.0,12,0.0,Balsamo Para Barba QOD Barber Shop Classic Hidratação e Controle 100ml,0,0,0,0,0
Drogaria São Paulo,Disponível,204.0,12,7896004755250.0,Epéz 10mg Torrent 30 Comprimidos,"281,31","25,90",-90.8%,"25,90",-90.8%
FarmaPonte,Esgotado,204.0,12,0.0,Escova de Cabelo Belliz Flex Pocket Rosa 1 Unidade,0,0,0,0,0
FarmaPonte,Esgotado,204.0,12,0.0,"Lápis Delineador Retrátil Océane Larissa Manoela Jelly Bean Verde 1,2 g",0,0,0,0,0
Drogaria São Paulo,Disponível,204.0,12,7896523209647.0,Ciprofloxacino 500mg Genérico Cimed 14 Comprimidos,"46,10","28,50",-38.2%,"28,50",-38.2%
Drogaria São Paulo,Disponível,204.0,12,7898049790944.0,Dicloridrato De Flunarizina 10mg Genérico Vitapan 50 Comprimidos,"14,63","13,85",-5.3%,"13,85",-5.3%
Drogaria São Paulo,Disponível,204.0,13,7896070601796.0,Profenid Retard 200mg Sanofi 10 Comprimidos,"70,41","66,49",-5.6%,"66,49",-5.6%
FarmaPonte,Esgotado,203.0,12,0.0,Loção Hidratante Corporal Pharmacy Botanicals Lavanda 200 ml,0,0,0,0,0
Drogaria São Paulo,Disponível,203.0,12,7891317127800.0,Tadalafila 20mg Genérico Eurofarma 4 Comprimidos,"203,52","38,99",-80.8%,"38,99",-80.8%
FarmaPonte,Esgotado,203.0,13,0.0,Escova de Cabelo Desembaraçadora Rosa - Neon Brush Océane,0,0,0,0,0
Drogaria São Paulo,Disponível,203.0,14,7896112402992.0,Ciprofibrato 100mg Genérico Biolab 60 Comprimidos,"95,24","44,99",-52.8%,"44,99",-52.8%
FarmaPonte,Esgotado,203.0,13,0.0,Bauny - Pó Compacto Facial com FPS 25 10g - Cor 070,0,0,0,0,0
FarmaPonte,Esgotado,203.0,12,0.0,Chá Maracujá 10 sachês - Chá Mais,0,0,0,0,0
FarmaPonte,Esgotado,203.0,12,0.0,Creme Hidratante Vult Antissinais 7 em 1 100g,0,0,0,0,0
FarmaPonte,Esgotado,203.0,13,0.0,Imunoglucan Ds Suspensão Oral Hebron 150ml,0,0,0,0,0
FarmaPonte,Esgotado,203.0,15,0.0,Sabonete Líquido Nivea Creme Care Refil 200ml,0,0,0,0,0
FarmaPonte,Esgotado,202.0,14,0.0,Preservativo K-Med Extra Lubrificado Sex Education K-Misinha 3 Unidades,0,0,0,0,0
FarmaPonte,Esgotado,202.0,12,0.0,Naprix A 5mg + 5mg Libbs 30 Cápsulas,0,0,0,0,0
Drogaria São Paulo,Disponível,202.0,14,7896658047077.0,Aerolin 5mg/ml GSK 10ml Gotas,"40,84","33,65",-17.6%,"33,65",-17.6%
FarmaPonte,Esgotado,202.0,12,0.0,Kit Mamadeira Philips Avent Transparente 125ml + Mamadeira 260ml,0,0,0,0,0
FarmaPonte,Esgotado,202.0,13,0.0,Leave-in de Nutrição Magic Beauty Nutri Expert 120 ml,0,0,0,0,0
Drogaria São Paulo,Disponível,201.0,13,7897460401804.0,Gaballon 50mg + 50mg + 2mg + 4mg + 4mg Zydus 20 Comprimidos,"121,38","106,98",-11.9%,"106,98",-11.9%
FarmaPonte,Esgotado,201.0,12,0.0,"Lápis de Olho Vult Vinho Contatinho 1,1g",0,0,0,0,0
FarmaPonte,Esgotado,201.0,12,0.0,Shampoo Pantene Micelar 400ml,0,0,0,0,0
Drogaria São Paulo,Disponível,201.0,14,7896070601765.0,Profenid Entérico 100mg Sanofi Aventis 20 Comprimidos,"84,77","79,99",-5.6%,"79,99",-5.6%
FarmaPonte,Esgotado,201.0,13,0.0,"Água Crystal Sem Gás 1,5L",0,0,0,0,0
FarmaPonte,Esgotado,201.0,12,0.0,Máscara Capilar De Tratamento Dove 10 em 1 Nutrição 270g,0,0,0,0,0
FarmaPonte,Esgotado,201.0,14,0.0,Ravor - Ativador de Escova Bifásico -  110ml,0,0,0,0,0
FarmaPonte,Esgotado,201.0,12,0.0,Kit 2 frascos de Minoxidil 60ml,0,0,0,0,0
FarmaPonte,Esgotado,200.0,12,0.0,Escova de Cabelo Rosa - Joy Brush Océane,0,0,0,0,0
FarmaPonte,Esgotado,200.0,13,0.0,Escova Dental CuraproxSoft CS1560B Cores Sortidas,0,0,0,0,0
FarmaPonte,Esgotado,200.0,12,0.0,Óleo Corporal Hidramais Amêndoas Doces & Colágeno 120ml,0,0,0,0,0
FarmaPonte,Esgotado,200.0,13,0.0,Descolorante em Pó Cless Lightner Diamond +10 50g,0,0,0,0,0
FarmaPonte,Esgotado,200.0,12,0.0,Paleta de Sombra em Pó Fran by Franciny Ehlke 7 g,0,0,0,0,0
FarmaPonte,Esgotado,200.0,13,0.0,Pasta de Dente Colgate Luminous White Carvão Ativado 140g,0,0,0,0,0
FarmaPonte,Esgotado,199.0,13,0.0,Bolas de Algodão Ever Care 50g,0,0,0,0,0
FarmaPonte,Esgotado,199.0,13,0.0,Rimel para crescimento de sobrancelhas 9ml,0,0,0,0,0
FarmaPonte,Esgotado,199.0,13,0.0,Óleo Capilar SP System Professional Luxe Oil Elixir Reconstrutor 30 ml,0,0,0,0,0
FarmaPonte,Esgotado,199.0,13,0.0,"Elani 3mg + 0,03mg Libbs 28 Comprimidos",0,0,0,0,0
FarmaPonte,Esgotado,199.0,12,0.0,Biscoito Recheado sabor Limao com 90g - Bono,0,0,0,0,0
FarmaPonte,Esgotado,199.0,15,0.0,Shampoo Love Beauty And Planet Energizing Detox 300ml,0,0,0,0,0
FarmaPonte,Esgotado,199.0,12,0.0,Delineador Liquído À Prova D' Água Ink Essence Marrom 3ml,0,0,0,0,0
Drogaria São Paulo,Disponível,199.0,13,7895296098090.0,Pioglitazona 30mg Genérico Mepha 15 Comprimidos,"81,76","53,00",-35.2%,"53,00",-35.2%
FarmaPonte,Esgotado,199.0,12,0.0,Máscaras Para Olhos com Ácido Hialurônico - Hydrogel Eye Masks 2un Océane,0,0,0,0,0
FarmaPonte,Esgotado,199.0,13,0.0,Óleo Finalizador Lola Argan Oil Proteção Térmica 50ml,0,0,0,0,0
FarmaPonte,Esgotado,199.0,14,0.0,Adoçante Líquido Zero Cal Sucralose 100ml,0,0,0,0,0
FarmaPonte,Esgotado,198.0,14,0.0,Brinco Infantil System 75 Pérola,0,0,0,0,0
FarmaPonte,Esgotado,198.0,13,0.0,Suplemento Alimentar Nutren Multivitamínico A-Z  60 Cápsulas,0,0,0,0,0
Drogaria São Paulo,Disponível,198.0,12,7896472508143.0,Captopril 25mg Genérico Multilab 30 Comprimidos,"17,03","5,24",-69.2%,"5,24",-69.2%
Drogaria São Paulo,Disponível,198.0,13,7896206400385.0,Nexium 20mg Astrazeneca 14 Comprimidos,"432,87","209,90",-51.5%,"209,90",-51.5%
Drogaria São Paulo,Disponível,198.0,13,7899551309266.0,Tylex 500mg + 30mg Cellera 24 Comprimidos,"62,03","58,79",-5.2%,"58,79",-5.2%
FarmaPonte,Esgotado,198.0,12,0.0,"Belara 2mg+0,3mg Grunenthal 21 + 7 Comprimidos",0,0,0,0,0
FarmaPonte,Esgotado,198.0,14,0.0,Barra De Proteína Dux Nutrition Lab Chocolate Branco e Frutas Vermelhas 60g,0,0,0,0,0
FarmaPonte,Esgotado,198.0,13,0.0,Removedor De Esmalte Instantâneo Ever Care 75ml,0,0,0,0,0
FarmaPonte,Esgotado,198.0,12,0.0,Composto Lácteo Piracanjuba Excellence Lata 800g,0,0,0,0,0
Drogaria São Paulo,Disponível,198.0,12,7896004775463.0,Clazi XR 60mg Brace Pharma 30 Cápsulas,"85,92","68,74",-20.0%,"68,74",-20.0%
Drogaria São Paulo,Disponível,198.0,14,7896094931619.0,"Aturgyl 0,5mg/ml Cosmed 15ml Spray","19,02","16,69",-12.3%,"16,69",-12.3%
FarmaPonte,Esgotado,198.0,12,0.0,Espuma de Limpeza Facial Dove Hidratação Essencial 50 GR,0,0,0,0,0
Drogaria São Paulo,Disponível,197.0,12,7896181926788.0,Montelucaste 5mg Genérico Biosintética 30 Comprimidos Mastigáveis,"73,89","36,99",-49.9%,"36,99",-49.9%
FarmaPonte,Esgotado,197.0,13,0.0,Preservativo Olla Large com 6 Unidades,0,0,0,0,0
Drogaria São Paulo,Disponível,197.0,12,7897595618658.0,Citrato Sildenafila 100mg Genérico Sandoz Do Brasil 4 Comprimidos,"142,30","39,89",-72.0%,"39,89",-72.0%
Drogaria São Paulo,Disponível,197.0,12,7891058006389.0,Puran T4 37.5mcg Sanofi Aventis 30 Comprimidos Revestidos,"14,39","14,39",-,"14,39",-
FarmaPonte,Esgotado,197.0,15,0.0,Delineador Líquido Matte Essence Lash Princess Liner Preto 3 ml,0,0,0,0,0
FarmaPonte,Esgotado,197.0,12,0.0,"Benicar HCT 40/12,5mg Daiichi Sankyo  30 Comprimidos",0,0,0,0,0
Drogaria São Paulo,Disponível,197.0,13,7891058003166.0,Olmesartana Medoxomila 40mg Genérico Medley 30 Comprimidos Revestidos,"53,29","42,59",-20.1%,"42,59",-20.1%
FarmaPonte,Esgotado,197.0,14,0.0,"Batom Líquido Matte Aveludado Karen Bachini Andrômeda 3,8 ml",0,0,0,0,0
FarmaPonte,Esgotado,197.0,13,0.0,Escova Dental Curaprox Ultra Soft CS Smart Cores Sortidas,0,0,0,0,0
FarmaPonte,Esgotado,197.0,14,0.0,"Brilho Labial Vermelho Mariana Saad By Océane - Lip Glossy Berry Pink 6,3g",0,0,0,0,0
FarmaPonte,Esgotado,196.0,12,0.0,Mascara Pvc Para Face Adulto - Oxigel,0,0,0,0,0
FarmaPonte,Esgotado,196.0,13,0.0,Catharine Hill Angel Spark By Pri Lessa - Iluminador Em Pó 2g - Snow-A1,0,0,0,0,0
FarmaPonte,Esgotado,196.0,14,0.0,"Lápis Para Olhos Vult Preto Intenso 1,1g",0,0,0,0,0
FarmaPonte,Esgotado,196.0,13,0.0,Chocolate Lacta Ao Leite 34g,0,0,0,0,0
FarmaPonte,Esgotado,196.0,12,0.0,Bombom sabor morango pote 400g - Happy Jazam,0,0,0,0,0
Drogaria São Paulo,Disponível,196.0,12,7898096577413.0,Loncord 40mg Diffucap 20 Cápsulas,"36,38","36,38",-,"36,38",-
Drogaria São Paulo,Disponível,196.0,12,7898582380046.0,Tramal 50mg/ml Grunenthal 2ml Solução Intramuscular + 5 Ampolas,"104,86","93,05",-11.3%,"93,05",-11.3%
Drogaria São Paulo,Disponível,196.0,13,7896658001666.0,Beserol 300mg + 125mg + 50mg + 30mg Daudt 30 Comprimidos,"37,16","32,49",-12.6%,"32,49",-12.6%
FarmaPonte,Esgotado,195.0,12,0.0,Atentah 25mg Apsen 30 Cápsulas,0,0,0,0,0
Drogaria São Paulo,Disponível,195.0,13,7896112198246.0,Afopic 5mg Teuto 20 comprimidos,"13,44","8,90",-33.8%,"8,90",-33.8%
FarmaPonte,Esgotado,195.0,13,0.0,Synthroid 150mcg Abbott 30 Cápsulas,0,0,0,0,0
Drogaria São Paulo,Disponível,195.0,13,7898927564124.0,Hemitartarato de Zolpidem 5mg Genérico Zydus Nikkho 30 Comprimidos,"83,53","58,79",-29.6%,"58,79",-29.6%
Drogaria São Paulo,Disponível,194.0,13,7898430192241.0,Vitamina D Pura Dprev 10000UI Myralis 8 Cápsulas,"44,19","44,19",-,"44,19",-
FarmaPonte,Esgotado,194.0,12,0.0,Bolsa Térmica Água Quente 1 Litro,0,0,0,0,0
FarmaPonte,Esgotado,194.0,12,0.0,Chocolate ao Leite Lacta 90g,0,0,0,0,0
FarmaPonte,Esgotado,194.0,13,0.0,Fio Dental Ever Care 100m + 25m 1 Unidade,0,0,0,0,0
FarmaPonte,Esgotado,194.0,12,0.0,Pasta de Dente Elmex Sensitive Professional Whitening Dentes Sensíveis 110g,0,0,0,0,0
Drogaria São Paulo,Disponível,193.0,12,7896112411413.0,Vaslip 20mg Zurita 60 Comprimidos,"90,68","69,99",-22.8%,"69,99",-22.8%
FarmaPonte,Esgotado,193.0,14,0.0,Emulsão Capilar Escabin Pro Tratamento de Infestação 100ml,0,0,0,0,0
FarmaPonte,Esgotado,193.0,15,0.0,Unhas Postiças Colors Corpus Red Corpus,0,0,0,0,0
Drogaria São Paulo,Disponível,192.0,12,7897595609854.0,Sinvastatina 20mg Genérico Sandoz 30 Comprimidos Revestidos,"123,59","10,99",-91.1%,"10,99",-91.1%
FarmaPonte,Esgotado,192.0,13,0.0,"Pé de Moça Pote com 20 unidades 1,1Kg - Clamel",0,0,0,0,0
Drogaria São Paulo,Disponível,192.0,14,7897316802212.0,Colírio Pilocarpina 10mg/ml Allergan 10ml,"31,80","30,59",-3.8%,"30,59",-3.8%
FarmaPonte,Esgotado,192.0,12,0.0,Esponja de Banho Ever Care Esponja Orgânica 1 Unidade,0,0,0,0,0
FarmaPonte,Esgotado,192.0,13,0.0,Bico Mamadeira Chicco Step Up Fluxo Médio 2M+ 1 Unidade,0,0,0,0,0
FarmaPonte,Esgotado,192.0,13,0.0,Batom Líquido Rosa Matte - Color My Lips Hype Océane Edition 4g,0,0,0,0,0
FarmaPonte,Esgotado,191.0,13,0.0,Spray Finalizador Eico Salão em Casa Cronograma Profissional 120ml,0,0,0,0,0
FarmaPonte,Esgotado,191.0,13,0.0,Pudim Lowçucar Zero Açucares Sabor Chocolate 200G,0,0,0,0,0
FarmaPonte,Esgotado,191.0,12,0.0,Óleo Essencial Alecrim QT Cineol-Extra (40/50%) GT Marrocos 10ml - Laszlo,0,0,0,0,0
Drogaria São Paulo,Disponível,191.0,12,7891317014452.0,Percoide 40mg Momenta Farma 7 Comprimidos,"28,22","28,22",-,"28,22",-
Drogaria São Paulo,Disponível,191.0,13,7891045164993.0,Feldene 20mg Pfizer 10 Cápsulas,"169196,03","139169,90",-17.7%,"139169,90",-17.7%
FarmaPonte,Esgotado,191.0,13,0.0,Máscara de Tratamento Whey Fit Bomb 500g MedLeve,0,0,0,0,0
Drogaria São Paulo,Disponível,190.0,13,7891721029417.0,"Acetato de Ciproterona 2mg + Etinilestradio 0,035mg Genérico Merck 63 Comprimidos","55,17","37,99",-31.1%,"37,99",-31.1%
FarmaPonte,Esgotado,190.0,12,0.0,Reparador De Pontas Natutrat S.O.S Óleo De Argan Cuidado Diário  30ml,0,0,0,0,0
FarmaPonte,Esgotado,190.0,12,0.0,Lenço Removedor De Oleosidade Ever You 100 Unidades,0,0,0,0,0
FarmaPonte,Esgotado,190.0,12,0.0,Máscara Disciplinante Capilar Lola Cosmetics Xapadinha 100g,0,0,0,0,0
FarmaPonte,Esgotado,190.0,14,0.0,Catharine Hill Angel Powder - Pó Facil 20g - A3,0,0,0,0,0
Drogaria São Paulo,Disponível,190.0,12,7898569766801.0,Vitamina D Tresdê 50.000UI Exeltis 4 Cápsulas,"78,44","46,90",-40.2%,"46,90",-40.2%
Drogaria São Paulo,Disponível,190.0,13,7896004705071.0,GynPro 200mg Exeltis 15 Cápsulas,"30,73","13,55",-55.9%,"13,55",-55.9%
FarmaPonte,Esgotado,190.0,13,0.0,Bauny Essentials Palette De Sombras Vegano - Paleta de Sombras,0,0,0,0,0
FarmaPonte,Esgotado,190.0,12,0.0,Mamadeira Kuka Aquarela Big Orto Com Alça Azul 330ml,0,0,0,0,0
Drogaria São Paulo,Disponível,190.0,12,7898040328191.0,Unitram 10mg Farmoquímica 30 Comprimidos Revestidos,"22,96","20,99",-8.6%,"20,99",-8.6%
FarmaPonte,Esgotado,189.0,14,0.0,Barra de cereal sabor cookies & cream 20g - NUTRY,0,0,0,0,0
Drogaria São Paulo,Disponível,189.0,12,7898040324506.0,Onua 75mcg Melora 84 Comprimidos,"89,42","86,12",-3.7%,"86,12",-3.7%
FarmaPonte,Esgotado,189.0,14,0.0,Creme para Pentear Pentear Seda Juntinhos Moana Cachos Encantados 300ml,0,0,0,0,0
Drogaria São Paulo,Disponível,189.0,12,7896714212081.0,Prednisona 5mg Genérico Neo Química 20 Comprimidos,"17,93","13,59",-24.2%,"13,59",-24.2%
Drogaria São Paulo,Disponível,189.0,12,7899095238763.0,Cloridrato De Metformina 850mg Genérico Geolab 30 Comprimidos,"12,92","6,54",-49.4%,"6,54",-49.4%
FarmaPonte,Esgotado,189.0,14,0.0,Glargilin 100UI/ml Biomm 1 Carpule com 3ml,0,0,0,0,0
Drogaria São Paulo,Disponível,189.0,13,8903855083087.0,Sumax 50mg Libbs 6 Comprimidos Revestidos,"465,31","391,04",-16.0%,"391,04",-16.0%
Drogaria São Paulo,Disponível,188.0,14,7897705203231.0,Insulina Humulin R 100UI Eli Lilly 10ml 1 Frasco Ampola,"67,36","35,59",-47.2%,"35,59",-47.2%
FarmaPonte,Esgotado,188.0,13,0.0,"Esperson N 2,5mg + 7,145mg Sanofi 20g Pomada",0,0,0,0,0
FarmaPonte,Esgotado,188.0,13,0.0,Gel Lubrificante Íntimo Lubs Vanilla Dream 50g,0,0,0,0,0
FarmaPonte,Esgotado,188.0,13,0.0,Pasta de Dente Colgate Sensitive Pro Alívio Repara Esmalte Dentes Sensíveis 110g,0,0,0,0,0
FarmaPonte,Esgotado,188.0,12,0.0,Faixa de Cabelo Azul - Headband Océane,0,0,0,0,0
FarmaPonte,Esgotado,188.0,12,0.0,Suco Del Valle Mais Uva 290ml,0,0,0,0,0
FarmaPonte,Esgotado,188.0,12,0.0,Leave In Lola Danos Vorazes 200ml,0,0,0,0,0
FarmaPonte,Esgotado,188.0,12,0.0,Esponja Para Banho Dupla Face Ponjita Anatômica Com Cordão + Esponja Facial,0,0,0,0,0
Drogaria São Paulo,Disponível,188.0,13,7898569766801.0,Vitamina D Tresdê 7.000UI Exeltis 8 Cápsulas,"78,44","46,90",-40.2%,"46,90",-40.2%
FarmaPonte,Esgotado,187.0,12,0.0,Gelatina Fixadora Me Defino Crespo Forever Liss 200g,0,0,0,0,0
FarmaPonte,Esgotado,187.0,13,0.0,Água Micelar Facial Antioleosidade Negra Rosa 200ml,0,0,0,0,0
Drogaria São Paulo,Disponível,187.0,12,7897322709758.0,Vitamina D Addera D3 50.000UI Hypera 4 Cápsulas,"142,88","142,88",-,"142,88",-
Drogaria São Paulo,Disponível,187.0,12,7896004744971.0,"Drospirenona 3mg + Etinilestradiol 0,02mg Genérico Germed 24 Comprimidos Revestidos","70,75","26,99",-61.9%,"26,99",-61.9%
FarmaPonte,Esgotado,187.0,13,0.0,Kit Cicatricure Creme Antissinais Redutor de Rugas 60g + Gel para Cicatrizes e Estrias 30g,0,0,0,0,0
FarmaPonte,Esgotado,187.0,12,0.0,Bico Mamadeira n° 2 Linha Clássica Philips Avent - SCF632/27,0,0,0,0,0
FarmaPonte,Esgotado,186.0,12,0.0,Desinchá Maçã Verde com Canela 10sch 15g,0,0,0,0,0
Drogaria São Paulo,Disponível,186.0,12,7896004708003.0,Prednisona 5mg Genérico Germed 20 Comprimidos,"17,72","8,39",-52.7%,"8,39",-52.7%
FarmaPonte,Esgotado,186.0,12,0.0,Massa Tipo Cabelo de Anjo Konjac 270g,0,0,0,0,0
FarmaPonte,Esgotado,186.0,13,0.0,Óleo Disciplinante Capilar Lola Cosmetics Xapadinha Brilho Ouro 50ml,0,0,0,0,0
FarmaPonte,Esgotado,185.0,13,0.0,Suplemento Alimentar Vitergan Master-N 30 Comprimidos,0,0,0,0,0
FarmaPonte,Esgotado,185.0,15,0.0,Elástico para Cabelo Ever You Prateado 12 Unidades,0,0,0,0,0
Drogaria São Paulo,Disponível,184.0,14,7899420506888.0,Clorana 25mg Sanofi Aventis 30 Comprimidos,"62,35","57,99",-7.0%,"57,99",-7.0%
FarmaPonte,Esgotado,184.0,15,0.0,Preservativo Camisinha Jontex Sensação Pele com Pele 12 Unidades,0,0,0,0,0
FarmaPonte,Esgotado,184.0,14,0.0,Refrigerante Coca-Cola Lata 350ml,0,0,0,0,0
Drogaria São Paulo,Disponível,184.0,14,7896006234067.0,"Ciclo 21 0,15mg + 0,03mg União Química 21 Comprimidos","11,05","11,05",-,"11,05",-
FarmaPonte,Esgotado,184.0,12,0.0,Sabonete Facial Payout Higienizante Acnederm 210ml,0,0,0,0,0
FarmaPonte,Esgotado,184.0,14,0.0,Gelatina Liquida #Todecacho Estilização Salon Line 300g,0,0,0,0,0
Drogaria São Paulo,Disponível,184.0,13,7896112402435.0,"Flux SR 1,5mg Biolab 30 Comprimidos Revestidos","38,41","35,56",-7.4%,"35,56",-7.4%
FarmaPonte,Esgotado,183.0,13,0.0,Pasta de Dente Parodontax Flúor 90g,0,0,0,0,0
FarmaPonte,Esgotado,183.0,12,0.0,Refil Para Escova Interdental Curaprox Cilíndrico Cps 06 – 011 5 Unidades,0,0,0,0,0
Drogaria São Paulo,Disponível,183.0,14,7896672201493.0,Clenil Compositum A 400mcg/ml + 800mcg/ml Chiesi 10 Flaconetes,"92,46","86,99",-5.9%,"86,99",-5.9%
FarmaPonte,Esgotado,183.0,13,0.0,Energético Monster Energy Ultra Paradise 473ml,0,0,0,0,0
FarmaPonte,Esgotado,183.0,12,0.0,Pé de Moleque Zero Açúcar - Assiflora - 22g,0,0,0,0,0
Drogaria São Paulo,Disponível,183.0,12,7899095256934.0,Cloridrato De Venlafaxina 75mg Genérico Geolab 30 Cápsulas,"115,95","38,40",-66.9%,"38,40",-66.9%
FarmaPonte,Esgotado,182.0,12,0.0,Chá Leão Fases Xô TPM 20g 10 Sachês,0,0,0,0,0
FarmaPonte,Esgotado,182.0,13,0.0,Fio Dental Oral-B Essencials Floss Menta 25m,0,0,0,0,0
FarmaPonte,Esgotado,182.0,12,0.0,Shampoo Tresemmé Detox Capilar 650ml,0,0,0,0,0
FarmaPonte,Esgotado,181.0,13,0.0,"Pé de Moleque Embrulhado Pote com 1,1Kg - Gulosina",0,0,0,0,0
FarmaPonte,Esgotado,181.0,13,0.0,Base Líquida Matte Fran by Franciny Ehlke Real Filter M-01 30 g,0,0,0,0,0
FarmaPonte,Esgotado,181.0,15,0.0,Óleo Capilar Reparador OX Cosméticos Mari Maria Hair Vita Glow 60ml,0,0,0,0,0
FarmaPonte,Esgotado,180.0,13,0.0,Pasta de Dente Colgate Sensitive Pro Alívio Imediato Gengiva 140g,0,0,0,0,0
Drogaria São Paulo,Disponível,180.0,12,7895296039031.0,Zolpidem 10mg Genérico Mepha 20 Comprimidos Revestidos,"66,97","12,99",-80.6%,"12,99",-80.6%
FarmaPonte,Esgotado,180.0,13,0.0,Fórmula Infantil Nanlac Comfor 800g,0,0,0,0,0
Drogaria São Paulo,Disponível,180.0,12,7896004703466.0,Vicog 5mg Marjan 30 Comprimidos,"126,30","41,99",-66.8%,"41,99",-66.8%
FarmaPonte,Esgotado,180.0,13,0.0,"Protetor Labial Nivea Original Care - 4,8g",0,0,0,0,0
FarmaPonte,Esgotado,179.0,14,0.0,Condicionador Huggies Kids Brilho Mágico Cachinhos Poderosos 360ml,0,0,0,0,0
FarmaPonte,Esgotado,179.0,12,0.0,Sombra Líquida e Primer 2x1 Bruna Tavares BT Velvet Coral 6 ml,0,0,0,0,0
Drogaria São Paulo,Disponível,179.0,13,7891317015916.0,Tavok 750mg Momenta 5 Comprimidos,"119,53","118,99",-0.5%,"118,99",-0.5%
FarmaPonte,Esgotado,179.0,12,0.0,Absorvente Always Tamanho M Ultrafino Seca 8 Unidades,0,0,0,0,0
Drogaria São Paulo,Disponível,179.0,14,7897076909312.0,Aceclofenaco 100mg Genérico Ranbaxy 12 Comprimidos,"45,76","10,29",-77.5%,"10,29",-77.5%
Drogaria São Paulo,Disponível,179.0,13,7899547527681.0,Albendazol 400mg Genérico Prati 5 Comprimidos Mastigáveis,"43,69","24,98",-42.8%,"24,98",-42.8%
Drogaria São Paulo,Disponível,178.0,12,7896181921011.0,Prednisolona 3mg Genérico Biosintética 60ml,"21,95","15,59",-29.0%,"15,59",-29.0%
FarmaPonte,Esgotado,178.0,13,0.0,Brinco Infantil System 75 Bolinha,0,0,0,0,0
FarmaPonte,Esgotado,178.0,15,0.0,Pipoca Doce Orgânica Mãe Terra Nupoca Camu Camu 35g,0,0,0,0,0
FarmaPonte,Esgotado,178.0,13,0.0,"Protetor Solar Labial FPS30 Ever You 3,6g",0,0,0,0,0
FarmaPonte,Esgotado,178.0,13,0.0,Máscara Capilar Lola Meu Cacho Minha Vida 450g,0,0,0,0,0
FarmaPonte,Esgotado,177.0,12,0.0,Efexor XR 375mg Pfizer 30 Cápsulas,0,0,0,0,0
Drogaria São Paulo,Disponível,177.0,13,7898040328191.0,"Onua 0,075mg Farmoquímica 28 Comprimidos","22,96","20,99",-8.6%,"20,99",-8.6%
FarmaPonte,Esgotado,177.0,12,0.0,Otosporin 10mg/ml + 10.000ui/ml + 5mg/ml Farmoquímica 10ml Suspensão,0,0,0,0,0
FarmaPonte,Esgotado,177.0,12,0.0,"Payot - Lápis de Olho 1,1g - Marrom-Payot",0,0,0,0,0
FarmaPonte,Esgotado,177.0,12,0.0,Gel Fixador Capilar Bio Extratus Tanogel Hidratante 150g,0,0,0,0,0
Drogaria São Paulo,Disponível,177.0,13,8903855078168.0,Azod 100mg Supera RX 30 Comprimidos Revestidos,"113,17","101,96",-9.9%,"101,96",-9.9%
Drogaria São Paulo,Disponível,177.0,13,7896422504577.0,Nistatina 25.000UI/g Genérico Medley 60g 1 Bisnaga Creme Vaginal + 14 Aplicadores,"16,73","11,99",-28.3%,"11,99",-28.3%
Drogaria São Paulo,Disponível,176.0,12,7895296213042.0,Cloridrato de Bupropiona 150mg Genérico Nova Química 30 Comprimidos,"121,56","49,99",-58.9%,"49,99",-58.9%
FarmaPonte,Esgotado,176.0,13,0.0,Ad-til 50.000UI/ml + 10.000UI/ml Takeda 20ml Solução,0,0,0,0,0
FarmaPonte,Esgotado,176.0,12,0.0,Base Líquida Matte Fran by Franciny Ehlke Real Filter C-02 30 g,0,0,0,0,0
Drogaria São Paulo,Disponível,176.0,12,7897595605924.0,Bissulfato de Clopidogrel 75mg Genérico Sandoz 28 Comprimidos,"172,72","42,99",-75.1%,"42,99",-75.1%
FarmaPonte,Esgotado,176.0,13,0.0,Óleo Essencial Puro Ever Home Alecrim 10ml,0,0,0,0,0
FarmaPonte,Esgotado,175.0,13,0.0,Shampoo L’Oréal Paris Elseve Glycolic Gloss 400ml,0,0,0,0,0
Drogaria São Paulo,Disponível,175.0,12,7891317443375.0,Amytril 25mg Cristália 60 Comprimidos,"63,18","58,90",-6.8%,"58,90",-6.8%
Drogaria São Paulo,Disponível,175.0,13,7893454100678.0,Tandene 125mg + 50mg + 300mg + 30mg Cellera Farma 30 Comprimidos,"15,21","13,39",-12.0%,"13,39",-12.0%
Drogaria São Paulo,Disponível,175.0,13,7891317001926.0,Cetoprofeno 150mg Genérico Eurofarma 10 Comprimidos De Liberação Prolongada,"51,63","13,29",-74.3%,"13,29",-74.3%
FarmaPonte,Esgotado,175.0,13,0.0,Fio Dental Com Cera Dental Clean Romero Britto 25m,0,0,0,0,0
Drogaria São Paulo,Disponível,175.0,13,7897076918819.0,Axetilcefuroxima 250mg Genérico Ranbaxy 10 Comprimidos,"102,51","62,99",-38.6%,"62,99",-38.6%
Drogaria São Paulo,Disponível,174.0,13,7896714292212.0,"Besilato De Levanlodipino 2,5mg Genérico Neo Quimica 30 Comprimidos","47,74","36,99",-22.5%,"36,99",-22.5%
FarmaPonte,Esgotado,174.0,13,0.0,"Alphabrin 2,0mg/ml Geolab 5ml",0,0,0,0,0
FarmaPonte,Esgotado,174.0,14,0.0,Mari Maria Makeup Cor Taupe - Gel Delineador para Sobrancelhas 5g,0,0,0,0,0
FarmaPonte,Esgotado,174.0,12,0.0,Creme Depilatório Corporal Depi Roll Argan Oil 100g,0,0,0,0,0
FarmaPonte,Esgotado,174.0,13,0.0,Energético Red Bull Sugarfree 250ml,0,0,0,0,0
FarmaPonte,Esgotado,173.0,13,0.0,Pomada Modeladora Cabelo E Barba Giovanna Baby GB Men 50g,0,0,0,0,0
Drogaria São Paulo,Disponível,173.0,13,7899547504743.0,Sulfametoxazol 800mg + Trimetoprima 160mg Genérico Prati Donaduzzi 10 Comprimidos,"21,79","14,59",-33.0%,"14,59",-33.0%
FarmaPonte,Esgotado,172.0,13,0.0,Fralda Huggies Supreme Care XXG 48 Unidades,0,0,0,0,0
Drogaria São Paulo,Disponível,172.0,16,7898216366309.0,Sinvastatina 20mg Genérico Pharlab 30 Comprimidos Revestidos,"17,99","9,44",-47.5%,"9,44",-47.5%
FarmaPonte,Esgotado,172.0,12,0.0,Bala de Gengibre Ever Nutri com Menta 40G,0,0,0,0,0
Drogaria São Paulo,Disponível,172.0,13,7897322709727.0,Vitamina D Addera D3 7.000UI Hypera 4 Cápsulas,"43,95","35,16",-20.0%,"35,16",-20.0%
Drogaria São Paulo,Disponível,171.0,12,7896422505741.0,Aciclovir 50mg/g Genérico Medley 10g Creme,"26,61","12,86",-51.7%,"12,86",-51.7%
Drogaria São Paulo,Disponível,171.0,13,7899095204720.0,"Otosylase 0,250mg/ml + 10.000UI/ml + 3,5mg/ml + 20mg/ml Geolab 10ml Gotas","19,53","17,91",-8.3%,"17,91",-8.3%
FarmaPonte,Esgotado,171.0,13,0.0,Gel Creme com Azeloglicina e Niacinamida 50g,0,0,0,0,0
Drogaria São Paulo,Disponível,171.0,12,7896112149415.0,Cefalexina 500mg Genérico Teuto 8 Comprimidos,"24,72","19,49",-21.2%,"19,49",-21.2%
FarmaPonte,Esgotado,170.0,13,0.0,Kit Lenço Umedecido Infantil Huggies Hidratação e Nutrição 4 Pacotes com 48 Unidades,0,0,0,0,0
Drogaria São Paulo,Disponível,169.0,12,7898569764517.0,Nitazoxanida 500mg Genérico Althaia 6 Comprimidos,"58,10","22,36",-61.5%,"22,36",-61.5%
Drogaria São Paulo,Disponível,169.0,14,7891317015312.0,Vitamina D Ohde 50.000UI Momenta Farma 4 Cápsulas,"96,36","83,65",-13.2%,"83,65",-13.2%
FarmaPonte,Esgotado,169.0,13,0.0,Perfume Capilar 60ml Océane,0,0,0,0,0
FarmaPonte,Esgotado,169.0,13,0.0,Preservativo Blowtex Skyn Cocktail 6 Unidades,0,0,0,0,0
FarmaPonte,Esgotado,168.0,12,0.0,"Océane Marília Mendonça - Lápis De Olhos 1,2g - Black",0,0,0,0,0
FarmaPonte,Esgotado,168.0,12,0.0,Bombom Banana Brasil NutsBites Frutas e Chocolate Branco 15g,0,0,0,0,0
FarmaPonte,Esgotado,168.0,12,0.0,Hidratante Corporal Nivea Beleza Radiante Cuidado Intenso 200ml,0,0,0,0,0
Drogaria São Paulo,Disponível,168.0,13,7898574611387.0,"Desogestrel 0,15mg + Etinilestradiol 0,02mg Genérico Biosintética 21 Comprimidos","31,64","21,99",-30.5%,"21,99",-30.5%
FarmaPonte,Esgotado,167.0,14,0.0,Kit Ampola Capilar Pantene Pro-V Hidratação Poderosa 3 Unidades 15ml Cada,0,0,0,0,0
Drogaria São Paulo,Disponível,167.0,12,7898029552203.0,Diamicron Mr 60mg Servier 30 Comprimidos,"105,84","74,99",-29.1%,"74,99",-29.1%
Drogaria São Paulo,Disponível,166.0,13,7891058005962.0,Pantoprazol 40mg Genérico Medley 14 Comprimidos,"34,87","10,07",-71.1%,"10,07",-71.1%
Drogaria São Paulo,Disponível,166.0,12,7895858010362.0,Reuquinol 400mg Apsen 30 Comprimidos,"289,86","189,90",-34.5%,"189,90",-34.5%
FarmaPonte,Esgotado,166.0,12,0.0,Bala De Gelatina Fini Sortida Minhocas 90g,0,0,0,0,0
FarmaPonte,Esgotado,165.0,12,0.0,Creme Modelador Capilar Bozzano 140g,0,0,0,0,0
FarmaPonte,Esgotado,165.0,12,0.0,Elástico para Cabelo Ever You Silicone Preto 70 Unidades,0,0,0,0,0
FarmaPonte,Esgotado,164.0,12,0.0,Pastilha Mentos Limão Acido Zero Açúcar Kiss Sour 55 Unidades,0,0,0,0,0
FarmaPonte,Esgotado,164.0,12,0.0,Máscara Capilar De Tratamento Dove 10 em 1 Reconstrucao 270g,0,0,0,0,0
FarmaPonte,Esgotado,163.0,13,0.0,Biscoito Recheado sabor Chocolate e Morango Pacote com 126g - Trakinas,0,0,0,0,0
FarmaPonte,Esgotado,163.0,13,0.0,Algodão Quadrado Cremer 100 Unidades,0,0,0,0,0
FarmaPonte,Esgotado,163.0,13,0.0,Máscara Facial com Água de Rosas - Rose Water Mask 8g Océane,0,0,0,0,0
FarmaPonte,Esgotado,162.0,12,0.0,Becan Arese Cranberry Gotas 20ml,0,0,0,0,0
Drogaria São Paulo,Disponível,160.0,12,7896269900150.0,Aerolin 100mcg/dose GSK 200 Doses Spray,"26,90","16,99",-36.8%,"16,99",-36.8%
FarmaPonte,Esgotado,160.0,14,0.0,"Hidratante Labial Ollie Bastão FPS50 Menta Refrescante 4,5g",0,0,0,0,0
Drogaria São Paulo,Disponível,160.0,12,7899095202399.0,Risperidona 2mg Genérico Geolab 30 Comprimidos Revestidos,"34,75","20,09",-42.2%,"20,09",-42.2%
FarmaPonte,Esgotado,159.0,12,0.0,"Maxidex 1mg/g Novartis 3,5g Pomada Oftálmica",0,0,0,0,0
FarmaPonte,Esgotado,159.0,12,0.0,Esponja Splum Para Banho Massageadora e Esfoliante Santa Maria,0,0,0,0,0
FarmaPonte,Esgotado,159.0,12,0.0,Barra de Frutas Supino Zero Banana e Ameixa 24g,0,0,0,0,0
FarmaPonte,Esgotado,157.0,15,0.0,Composto Lácteo Milnutri Vitamina de Frutas 760g,0,0,0,0,0
Drogaria São Paulo,Disponível,157.0,13,7897595621177.0,Cloridrato de Sotalol 160mg Genérico Sandoz 30 Comprimidos,"98,50","56,59",-42.5%,"56,59",-42.5%
Drogaria São Paulo,Disponível,156.0,13,7891142982094.0,Pielus MX 50mg/ml Mantecorp 100ml,"108,73","87,11",-19.9%,"87,11",-19.9%
FarmaPonte,Esgotado,155.0,12,0.0,Tônico de Crescimento Dabelle Meu Cronograma Perfeito 100ml,0,0,0,0,0
FarmaPonte,Esgotado,155.0,13,0.0,Bauny - Pó Compacto Facial com FPS 25 10g - Cor 020,0,0,0,0,0
Drogaria São Paulo,Disponível,154.0,12,7899095238299.0,"Latanoprosta 0,5mg/ml Genérico Geolab 2,5ml Solução Oftálmica","84,99","84,99",-,"84,99",-
Drogaria São Paulo,Disponível,154.0,13,7899095202283.0,Optilar 4mg/ml Gbio 10ml,"80,51","72,99",-9.3%,"72,99",-9.3%
FarmaPonte,Esgotado,154.0,14,0.0,Base Líquida Matte Payot Retinol Cor 50 35 ml,0,0,0,0,0
FarmaPonte,Esgotado,154.0,12,0.0,Adoçante Em Pó Sucralose Zero Cal Caixa 60g 100 Unidades,0,0,0,0,0
FarmaPonte,Esgotado,153.0,12,0.0,Cílios Postiços Curto Absolute New York Istabeauty Sapphire 210 Preto 1 Par,0,0,0,0,0
Drogaria São Paulo,Disponível,153.0,13,7896006299769.0,Finasterida 1mg Genérico União Química 30 Comprimidos,"80,00","25,50",-68.1%,"25,50",-68.1%
FarmaPonte,Esgotado,153.0,12,0.0,Ampola para Cabelo Xô Frizz Forever Liss 15ml,0,0,0,0,0
Drogaria São Paulo,Disponível,152.0,12,7896212478972.0,Stugeron 25mg Janssen 30 Comprimidos,"27,86","25,24",-9.4%,"25,24",-9.4%
Drogaria São Paulo,Disponível,151.0,12,7899547537802.0,Nitrato de Miconazol 20mg Genérico Prati Donaduzzi 80g Creme Vaginal + 14 Aplicadores,"31,77","25,62",-19.4%,"25,62",-19.4%
Drogaria São Paulo,Disponível,149.0,13,7899551305572.0,Bromidrato de Galantamina 16mg Genérico Biolab 30 Cápsulas Duras,"273,43","136,61",-50.0%,"136,61",-50.0%
FarmaPonte,Esgotado,147.0,13,0.0,Kit Gel de Barbear GO + Pós Barba Anti-irritação 30g,0,0,0,0,0
Drogaria São Paulo,Disponível,147.0,12,5000456011617.0,Selozok 25mg AstraZeneca 60 comprimidos revestidos,"55382,67","35799,90",-35.4%,"35799,90",-35.4%
FarmaPonte,Esgotado,146.0,13,0.0,Máscara de Tratamento Capilar Dove Texturas Reais Alta Potência 500g,0,0,0,0,0
FarmaPonte,Esgotado,145.0,12,0.0,Preservativo Masculino Lubrificado Blowtex Skyn Extra Grande 3 Unidades,0,0,0,0,0
Drogaria São Paulo,Disponível,142.0,12,7894916145503.0,Hidroquinona 40mg/g Genérico Legrand 30g Gel Dermatológico,"57,08","37,91",-33.6%,"37,91",-33.6%
FarmaPonte,Esgotado,139.0,13,0.0,Creme Depilatório Corporal Depilsam Karité 200G,0,0,0,0,0
Drogaria São Paulo,Disponível,139.0,13,7896331707106.0,Hederaflux 7mg/ml Kley Hertz 100ml Xarope + Copo Dosador,"28,83","21,77",-24.5%,"21,77",-24.5%
Drogaria São Paulo,Disponível,137.0,14,7892953001899.0,Mitrul 15mg Zodiac 10 Cápsulas,"47,05","47,05",-,"47,05",-
FarmaPonte,Esgotado,136.0,13,0.0,Barra de Chocolate Lacta Recheados Branco Recheio Ouro Branco 98g,0,0,0,0,0
FarmaPonte,Esgotado,135.0,12,0.0,Aparelho de Depilar Gillette Venus Suave Sensitive 2 Unidades,0,0,0,0,0
Drogaria São Paulo,Disponível,134.0,13,7896714292045.0,Ecoxe 90mg Mantecorp Farmasa 7 Comprimidos Revestidos,"75,80","71,49",-5.7%,"71,49",-5.7%
FarmaPonte,Esgotado,133.0,12,0.0,Pó Solto Translúcido Matte Karen Bachini Beauty Rosa Pink Powder 12 g,0,0,0,0,0
Drogaria São Paulo,Disponível,131.0,12,7891058001612.0,Ciprofibrato 100mg Genérico Medley 30 Comprimidos,"58,55","25,24",-56.9%,"25,24",-56.9%
Drogaria São Paulo,Disponível,127.0,13,7897129301223.0,Micolamina 10mg/ml Theraskin 50ml Spray,"98,80","85,63",-13.3%,"85,63",-13.3%
FarmaPonte,Esgotado,127.0,13,0.0,Ampola De Tratamento Bond Angel Braé 13ml,0,0,0,0,0
Drogaria São Paulo,Disponível,125.0,12,7896523213408.0,Levofloxacino 500mg Genérico Cimed 10 Comprimidos,"88,28","32,96",-62.7%,"32,96",-62.7%
Drogaria São Paulo,Disponível,122.0,13,7896226109275.0,Vicog 5mg Marjan 90 Comprimidos,"96,95","83,29",-14.1%,"83,29",-14.1%
FarmaPonte,Esgotado,121.0,12,0.0,Proteína Vegan Chocolate e Avelã 34g - True Source,0,0,0,0,0
FarmaPonte,Esgotado,120.0,13,0.0,Preservativo Blowtex Skin Original 8 Unidades,0,0,0,0,0
Drogaria São Paulo,Disponível,105.0,14,7898430192913.0,Vitamina DPrev 7000UI Myralis 30 Comprimidos Revestidos,"73,44","39,99",-45.5%,"39,99",-45.5%
Drogaria São Paulo,Disponível,104.0,12,7897076907424.0,Aciclovir 400mg Genérico Ranbaxy 10 Comprimidos,"105,25","61,99",-41.1%,"61,99",-41.1%
Drogaria São Paulo,Disponível,103.0,12,7898560666940.0,Zeforus 20mg Pfizer 4 Comprimidos Revestidos,"43,20","37,41",-13.4%,"37,41",-13.4%
FarmaPonte,Esgotado,101.0,12,0.0,Bico Bebedor de Reposição de Silicone Evolution - Lillo,0,0,0,0,0
FarmaPonte,Esgotado,96.0,12,0.0,Água Crystal Com Gas 500ml,0,0,0,0,0
