Produto;Quantidade_Total;Frequencia_Vendas
Acetilcisteína 600mg Granulado Sabor Laranja 16 envelopes EMS Genérico;745.0;29
Babymed 1000UI/g + 400UI/g + 100mg/g, bisnaga com 45g de pomada de uso dermatológico, 3 unidades;679.0;26
Gestrelan 0,15mg + 0,03mg com 21 comprimidos;638.0;28
Enterogermina 2BCFU/5mL, caixa com 10 flaconetes com 5mL de suspensão de uso oral;596.0;24
Hederaflux 7Mg Ml, Caixa Com 1 Frasco Com 100Ml De Xarope + Copo Dosador;591.0;16
Maleato de Enalapril 10mg 30 comprimidos Cimed Genérico;589.0;27
Diclo colestiramina 70 20 l3 ems;556.0;16
Anafranil Sr 75Mg 20Cpr;556.0;17
Spray para Garganta Extrato de Mel, Própolis e Gengibre Ambroxmel Sabor Gengibre 30mL;552.0;14
Salsep 9mg/mL, caixa com 1 frasco spray com 50mL de solução de uso nasal;525.0;26
Mínima 24 Comprimidos + 4 Comprimidos Inertes;524.0;16
Floratil 100mg FQM 12 cápsulas;518.0;14
Biovicerin com 6 flaconetes de 5ml;517.0;16
Nitrendipino 10mg 30 Comprimidos;514.0;15
Ciflogex Pastilha 3mg, caixa com 12 pastilhas, sabor laranja;513.0;14
Sumaxpro 500+85mg com 2 comprimidos revestidos;513.0;16
Atenolol Sandoz 25mg, caixa com 30 comprimidos revestidos;510.0;15
Simeticona Legrand 40mg, caixa com 20 comprimidos;508.0;17
Estomazil Sem Sabor Pó Efervescente Frasco 100g;508.0;26
Diane 35 2mg + 0,035mg, caixa com 21 comprimidos revestidos;505.0;13
Loratadina Biosintética - Aché 10mg, caixa com 12 comprimidos revestidos;504.0;15
Dexclorfeniramina Beta 2Mg 20Cpr Nq;503.0;15
Enzilac 4500 FCC, caixa com 30 comprimidos mastigáveis;502.0;17
Ciconazol Loção 20mg/g, caixa com 1 frasco com 30mL de loção de uso dermatológico;502.0;16
Exodus 20mg solução oral gotas 15ml;500.0;15
Qlaira caixa com 26 comprimidos ativos + 2 comprimidos inativos;499.0;13
Lamitor Cd 25Mg 30Cpr;498.0;15
Famox Famotidina 20mg 10 comprimidos;497.0;15
Depakote ER 500mg caixa com 30 comprimidos revestidos;494.0;13
Damater Omega Frasco Com 30 Capsulas;493.0;16
Fisiogen Ferro Caixa Com 30 Capsulas;493.0;14
@ Levofloxacino 500Mg 10Cp Euro;493.0;16
Maresis 0,9  Spray Nasal Jato Forte com 100mL;491.0;16
Omeprazol 20mg Globo Genérico com 56 Cápsulas Gelatinosas Duras;490.0;14
ASPIRINA C 1X2 MORANGO EFERV;490.0;13
Drospirenona + Etinilestradiol 3Mg + 0,02Mg Nova Quimica 24 Comprimidos;487.0;16
Mioflex A 125mg + 50mg + 300mg + 30mg Cosmed 30 Comprimidos;486.0;14
Benicar 40Mg, Caixa Com 30 Comprimidos Revestidos;485.0;15
Omeprazol 20Mg 56 Cápsulas Teuto Genérico;485.0;14
Ktriz Colagenase 0,6U + Cloranfenicol 0,01Gr Pomada Com 30Gr;484.0;15
Carbocisteina 100mg Xarope Adulto 100mL Genérico;484.0;14
Antara 750Mg Com 30 Comprimidos;484.0;13
Orlistate Prati-Donaduzzi 120mg, caixa com 21 cápsulas duras;483.0;14
Cefalexina 500mg Teuto 8 Comprimidos;483.0;15
Carvedilol 12,5Mg 30Cp Med Gen;481.0;14
Deca-Durabolin 50mg ml 1 Ampola 1ml Solução de Uso Intramuscular;481.0;15
Synthroid 200mcg, caixa com 30 comprimidos;480.0;14
Besilato de Anlodipino Merck 10mg, caixa com 30 comprimidos;480.0;15
Lorazepam 2mg Teuto 30 Comprimidos;480.0;14
Diovan Valsartana 320mg 28 Comprimidos;479.0;13
Prednisolona Althaia 40mg, caixa com 7 comprimidos;479.0;14
Sibutramina 10mg 30 Cápsulas - Eurofarma;479.0;16
Ciprofibrato 100mg 30 comprimidos Biolab Genérico;477.0;15
Novalgina Comprimido 500mg, blíster com 10 comprimidos;476.0;16
@ Amoxicilina+Clav 250Mg Sus Ems;476.0;15
Hexomedine 1mg/mL + 0,5mg/mL, caixa com 1 frasco spray com 50mL de colutório de uso bucal;476.0;15
Coristina D Pro 400Mg + 4Mg + 4Mg Com 4 Comprimidos;475.0;15
Dprev 10000UI, caixa com 8 comprimidos revestidos;474.0;12
Emprol Xr 50Mg, Caixa Com 30 Comprimidos Revestidos De Liberacao Prolongada;474.0;15
Frusalt 460mg/g + 100mg/g + 440mg/g, envelope com 5g de pó efervescente de uso oral;474.0;15
Sorine 15mg, caixa contendo 1 frasco com 30mL de solução de uso nasal + 1 conta-gotas;474.0;16
Noex Budesonida 50mcg Spray Nasal 200 doses;474.0;14
Alenthus XR 150mg caixa com 30 cápsulas;473.0;14
Venlafaxina 75 30caps ems;472.0;15
Melleril 100Mg 20Drg  C1;472.0;14
@ Azitromicina 1500Mg Susp Eur;472.0;14
Gel para Pele com Rosácea Galderma Rozex 7,5mg g com 30g;472.0;15
Phitóss 7mg/mL, caixa com 1 frasco com 100mL de xarope;472.0;13
Neutrofer Folico 30Cpr;471.0;16
Pantoprazol 40Mg 28Cpr Med Gen;471.0;15
Hirudoid 5mg/g, caixa com 1 bisnaga com 40g de gel de uso dermatológico;471.0;14
Levonorgestrel Melcon 1,5Mg, Caixa Com 1 Comprimido;470.0;14
Suplemento Alimentar Ogestan Gold 30Caps;465.0;14
Fitoscar 60mg/g, caixa com 1 bisnaga com 20g de pomada de uso dermatológico;462.0;14
Maleato de Dexclorfeniramina + Betametasona Biosintética - Aché 48mg + 6mg, caixa com 1 frasco com 120mL de xarope + 1 copo medidor;462.0;15
Sonitus Melatonina 210mcg Kester 120 comprímidos;462.0;14
Expectovic 13,33mg/mL, caixa com 1 frasco com 120mL de xarope;461.0;16
ProHN 30 Capsulas;461.0;14
Dipirona Monoidratada Biosintética - Aché 500mg/mL, caixa com 1 frasco gotejador com 10mL de solução de uso oral﻿;461.0;13
Flanax 550mg, caixa com 2 comprimidos revestidos﻿;460.0;14
Xylocaina Pomada 5  25g;459.0;15
Topiramato 50mg 60 Comprimidos - Eurofarma;458.0;16
Benicar 20mg, caixa com 30 comprimidos revestidos;458.0;14
Neosoro 0,5mg/mL, caixa com 1 frasco gotejador com 30mL de solução de uso nasal;458.0;15
Sal de Frutas Eno 2 envelopes com 5g de pó efervescente de uso oral, abacaxi;457.0;15
@ Doxiciclina 100Mg 15Cpr Phar;456.0;16
Cloridrato De Donepezila 5Mg Ache, Caixa Com 30 Comprimidos Revestidos;456.0;15
Propranolol Ems 40Mg, Caixa Com 30 Comprimidos;455.0;15
Fenergan Comprimido 25Mg, Caixa Com 20 Comprimidos Revestidos;455.0;14
Gastrol 185mg + 231,5mg + 178mg, caixa com 20 pastilhas;455.0;13
Prednisona Germed Pharma 20Mg, Caixa Com 10 Comprimidos;455.0;13
MEFEX 500MG 14CPR;455.0;14
Naldecon Pack blíster com 6 comprimidos;455.0;15
Levoid 88mcg, Caixa Contendo 30 Comprimidos;455.0;14
Irbesartana 300mg + Hidroclorotiazida 12,5mg Eurofarma;454.0;13
Brilinta 90mg 60 Comprimidos AstraZeneca;454.0;16
Entresto 24Mg + 26Mg, Caixa Com 28 Comprimidos Revestidos;453.0;15
Zinpass 20mg, caixa com 30 comprimidos revestidos;453.0;14
Alektos Bilastina 20mg 15 comprimidos;453.0;13
Drospirenona 3mg + Etinilestradiol 0,03mg 21 comprimidos Neo Química Genérico;453.0;15
Hirudoid 5mg/g, caixa com 1 bisnaga com 40g de pomada de uso dermatológico;453.0;17
Vasip 20Mg 30Cpr Rev;451.0;14
Daforin 20mg 3 blísteres com 20 comprimidos revestidos;451.0;14
Alprazolam 2mg 30 Comprimidos - Bio;451.0;13
Reconter 20mg Frasco 30ml Solução de Uso Oral;451.0;14
Neocopan Composto 10mg + 250mg, caixa com 20 comprimidos revestidos;450.0;13
Myrafer 100mg ml Solução Gotas 30ml;450.0;13
Diprogenta 064 + 1mg creme bisnaga com 30g + e20;449.0;14
Flancox 400mg 20 Comprimidos Revestidos;449.0;15
Cloridrato de Ciprofloxacino 500mg Pharlab com 14 comprimidos Revestidos;449.0;14
Femina 150Mcg + 20Mcg, Caixa Contendo 21 Comprimidos Revestidos;449.0;15
Hemifumarato De Bisoprolol Merck 2,5Mg, Caixa Com 30 Comprimidos Revestidos;449.0;14
Puran T4 112Mcg 30 Comprimidos;449.0;14
Deflazacorte 30mg 10 comprimidos;448.0;15
Proctosan 0,5% + 2% + 2% + 10%, caixa com 1 bisnaga com 20g de pomada de uso retal + 6 aplicadores;447.0;14
Exforge Hct 160Mg + 25Mg + 5Mg, Caixa Com 28 Comprimidos Revestidos;447.0;15
Molieri 30mcg 21 Comprimidos;447.0;13
Zinpass + Eze 20Mg 10Mg Com 30 Comprimidos Revestidos;446.0;15
Citrato de Sildenafila Medley 50mg, caixa com 4 comprimidos revestidos﻿;446.0;15
Hemofiss 5mg/g + 20mg/g + 100mg/g + 20mg/g, bisnaga com 30g de pomada de uso retal;446.0;14
Leite De Magnesia Eno Hortela 120Ml;446.0;14
Leite De Magnesia De Phillips, Hortela, 350Ml;446.0;13
Maleato De Enalapril Nova Quimica 20Mg, Caixa Com 30 Comprimidos;445.0;16
Suplemento Probiótico Prolive caixa contendo 30 cápsulas;444.0;15
Jardiance 10Mg, Caixa Com 30 Comprimidos Revestidos;443.0;15
Alpes Xl 150Mg Com 30 Comprimidos;443.0;15
Osteonutri Medley 600mg + 400UI, caixa com 30 comprimidos revestidos;442.0;15
Novanlo 5mg 30 Comprimidos;442.0;14
Psorex Propionato de Clobetasol 0,5mg g Creme 30g;442.0;13
Tandrilax 30mg + 125mg + 50mg + 300mg, caixa contendo 30 comprimidos;442.0;17
Advil Extra 400 Mg 3 Capsula;441.0;13
Valsartana 320Mg Ache, Caixa Com 30 Comprimidos Revestidos;441.0;15
Fluxocor 20mg, caixa com 30 comprimidos revestidos;441.0;15
Mel Rosado Farmax 30mL;441.0;14
Sinot clav 875mg 20cps;441.0;13
Simbioflora 15 sachês com 6g de pó para solução de uso oral;440.0;16
Polvilho Antisséptico Granado 3,0g + 0,352g + 17,602g + 11,735g, caixa com 1 frasco com 100g de pó de uso dermatológico;440.0;15
Polaramine Creme 10Mg G, Caixa Com 1 Bisnaga Com 30G De Creme De Uso Dermatologico;440.0;13
Oxipelle 10mg/g, caixa com 1 bisnaga com 20g de creme de uso dermatológico;440.0;14
Duloxetina 30Mg 30Cap Ems;440.0;15
Inseris Xr 150Mg Com 10 Comprimidos Revestidos;440.0;14
Suplemento Urocran Cranberry 30 cápsulas;439.0;14
Pregabalina 75mg Biosintética 30 Cápsulas Duras;438.0;13
Rivotril 0,25Mg 30Cpr;438.0;14
Magnostase 2mg Neo Química 12 Comprimidos;438.0;14
Materna Nestle 30 Capsula;438.0;14
Vitamina C Resfedryl Tripla Ação 10Cpr Efervescentes;438.0;16
Biomag 15mg - 60 cápsulas;437.0;15
Disfor Artro Caixa com 30 sachês com 11,5g cada de pó para solução oral;437.0;14
Colchicina 0,5mg Geolab 30 Comprimidos;437.0;14
Levoid 100Mcg, Caixa Contendo 30 Comprimidos;436.0;15
Alenia 6mcg + 200mcg, caixa com 60 cápsulas gelatinosas duras com pó de uso inalatório﻿ (refil);436.0;13
Efexor XR 150mg 30 Cápsulas Gelatinosas Duras;436.0;14
Cloridrato de Nebivolol 5mg Biosintética 30 Comprimidos;435.0;14
Iumi ES 3mg + 0,02mg, caixa com 120 comprimidos revestidos;435.0;14
Addera D3 Capsulas 10000Ui, Caixa Com 4 Capsulas Moles;435.0;15
Grow D tutti frutti, 10mL;434.0;14
Desogestrel + Etinilestradiol Eurofarma 0,150 + 0,020Mg, Caixa Com 21 Comprimidos;434.0;13
Zider 10mg 120 Comprimidos Revestidos;434.0;15
Oto Betnovate 1 + 10 + 5mg ml solução otológica frasco gotejador com 10ml;434.0;15
Paracetamol Uniao Quimica 750Mg, Caixa Com 20 Comprimidos;434.0;15
Levotiroxina Sodica Merck 112Mcg, Caixa Com 30 Comprimidos;433.0;12
Histamin 2mg, caixa com 20 comprimidos;433.0;13
Torsilax 125mg + 50mg + 300mg + 30mg, caixa com 30 comprimidos;433.0;14
Bucliplex 30Cpr;433.0;14
Paracetamol Medquímica 750mg, caixa com 10 comprimidos;432.0;16
Pantoprazol 40 Mg 28 Comprimidos Eur;431.0;14
Decadron 5ml Colírio;431.0;15
Captopril 25mg 30 Comprimidos Genérico;431.0;14
Microvlar 0,15Mg + 0,03Mg, Caixa Com 21 Drageas;431.0;14
Zyxem Dicloridrato de Levocetirizina 5mg mL Gotas 20mL;430.0;13
Merthiolate 10Mg Ml, Caixa Com 1 Frasco Spray Com 45Ml De Solucao Aquosa De Uso Dermatologico;430.0;15
Profergan 20mg g Creme Dermatológico com 30g;430.0;13
Atenolol + Clortalidona Medley 50mg + 12,5mg, caixa com 30 comprimidos;430.0;14
Valsartana 160Mg Ache, Caixa Com 30 Comprimidos Revestidos;429.0;13
Cloridrato de Sertralina 50mg 30 Comprimidos NQ;428.0;14
Calotrat 5 Ml Galenogal;428.0;15
Rosuvastatina Calcica 10mg 30 Comprimidos Revestidos;428.0;15
Serenus 0,15mg + 0,2mg + 1,5mg, caixa com 20 comprimidos revestidos;428.0;13
Paracetamol Medquímica 200mg/mL, caixa com 1 frasco gotejador com 15mL de solução de uso oral;428.0;14
Digedrat 200Mg 30Cap;428.0;15
Domperidona Nova Quimica 10Mg, Caixa Com 60 Comprimidos;428.0;15
Cicatricure Gel 60G;427.0;15
Epocler 100mg mL + 50mg mL + 10mg mL, caixa com 6 flaconetes com 10mL de solução de uso oral;427.0;14
Olmesartana Medoxomila + Hidroclorotiazida Neo Química 20mg + 12,5mg, caixa com 30 comprimidos revestidos;426.0;13
@ Amoxicilina 875Mg 14Cpr Eur;426.0;14
Cobavital 1mg + 4mg, caixa com 16 microcomprimidos;426.0;13
Forten caixa com 10 frascos com 10mL de solução + pó para preparação de uso oral﻿;426.0;14
Bromazepam 3Mg 30Cpr Bio G;426.0;13
Depo-Provera 150Mg Ml, Caixa Com 1 Frasco Com Suspensao De Uso Intramuscular + 1 Seringa Preenchida Com 1Ml De Diluente + Agulha;426.0;13
Doril DC 500 500mg + 65mg, caixa com 16 comprimidos;425.0;13
Depomês 25mg/mL + 5mg/mL, caixa com 1 ampola com 1mL de suspensão de uso intramuscular;425.0;13
Dipimed 500Mg Ml, Caixa Com 1 Frasco Com 20Ml De Solucao De Uso Oral;425.0;14
Sinot Clav 875mg + 125mg 14 Comprimidos;424.0;13
Clenil Compositum Hfa 50Mcg Dose + 100Mcg Dose, Caixa Com 1 Aerosol Bucal Com 200 Doses De Suspensao De Uso Inalatorio + 1 Dispositivo Oral;424.0;17
Frontal 025mg caixa com 30 comprimidos;424.0;15
Cloridrato de Sibutramina - EMS 15mg caixa com 30 cápsulas;424.0;13
Pregabalina 150mg Eurofarma 30 Cápsulas;423.0;15
Ems Expector 0,4Mg Ml, + 4Mg Ml + 20Mg Ml, Caixa Com 1 Frasco Com 120Ml De Xarope + Copo Dosador;423.0;14
Elani Ciclo 3mg+0,03mg 63 Comprimidos Revestidos;423.0;14
Azukon MR 30mg, caixa com 30 comprimidos de liberação prolongada;423.0;15
Ursacol Ácido Ursodesoxicólico 300mg 30comp.;422.0;14
Fumarato Quetiapina 25 30Cp Med;422.0;14
Captopril Pharlab 50Mg, Caixa Com 30 Comprimidos;422.0;13
Metildopa Ems 500Mg, Caixa Com 30 Comprimidos Revestidos;422.0;16
Paracetamol Prati-Donaduzzi 750Mg, Blister Com 10 Comprimidos Revestidos;422.0;15
Amoxicilina 250mg União Química Frasco 150ml;422.0;15
Sulfato de Neomicina + Bacitracina Zíncica Cimed 5mg/g + 250UI/g, caixa com 1 bisnaga com 15g de pomada de uso dermatológico;422.0;13
Vitamina C Cebion Comprimido 1G, Caixa Com 10 Comprimidos Efervescentes, Sabor Laranja;422.0;13
Vitamina D Doss 2.000UI com 4 Cápsulas;422.0;14
Micardis HCT 40mg + 12,5mg 30 Comprimidos;421.0;12
Labirin 8mg 30 comprimidos;421.0;13
Tylemax Gotas 200mg 15mL;421.0;15
Fumarato de Cetotifeno Xarope 0,2mg mL Genérico Prati 120mL;421.0;14
Endofolin 5 Mg 30 Comprimidos;421.0;13
Lexotan 6mg caixa com 30 comprimidos;420.0;14
Desloratadina 0,5mg ml Xarope 100ml Aché Genérico;420.0;14
Probiatop 30 Saches Com 1G De Po Para Solucao De Uso Oral;420.0;13
Suplemento Vitaminico Centrum 60 Comprimidos;420.0;13
Trol Par 37,5Mg + 325Mg, Com 10 Comprimidos;419.0;14
Rinosoro Jet 9mg/mL, frasco spray com 100mL de solução de uso nasal;419.0;13
Dorene Tabs 75Mg 30Cpr;419.0;15
Pred 10mg/mL, caixa com 1 frasco gotejador com 5mL de solução de uso oftálmico;419.0;13
Paracetamol 500mg + Fosfato de Codeína 30mg Nova Química 12 Comprimidos;419.0;15
Scalid 100mg União Química 12 comprimidos;419.0;12
Janumet 50 1000mg com 56 Comprimidos;418.0;15
Nitazoxanida Eurofarma 20Mg Ml, Caixa Com 1 Frasco Com Po Para Suspensao De Uso Oral  Frasco Com Capacidade De 45Ml  + Seringa Dosadora;418.0;13
Minilax 714Mg G + 7,70Mg G, Caixa Com 7 Bisnagas Com 6,5G De Solucao De Uso Retal;418.0;14
Pradaxa 110mg 60 Cápsulas;418.0;15
Propilracil 100mg com 30 comprimidos;417.0;13
Cloridrato de Metformina 750mg 30 Comprimidos Prati Donaduzzi;417.0;14
Adinos 0,5Mg G, Caixa Com 1 Bisnaga Com 30G De Gel Creme De Uso Dermatologico;417.0;13
Fexx Cloridrato de Fexofenadina 120mg 10 comprimidos;416.0;15
Cetoconazol + Dipropionato de Betametasona Eurofarma 20mg/g + 0,5mg/g, caixa com 1 bisnaga com 30g de creme de uso dermatológico;416.0;16
Magnesia Bisurada 10 Comprimidos;416.0;15
Cetoprofeno 100 Mg 20 Comprimidos Med Gen;416.0;14
Cetoconazol 200mg 10 comprimidos Cimed Genérico;415.0;14
Cefalexina 500mg 10cpr uni;415.0;12
Escitalopram 15Mg 30Cpr Med;415.0;14
Lidocaína Pomada EMS 50mg/g, caixa com 1 bisnaga com 25g de pomada de uso dermatológico;415.0;13
Dividol 70mg 12 Capsulas Gelatinosas Duras A1;414.0;14
Risedross 35mg, caixa com 12 comprimidos revestidos;414.0;14
Libiam 2,5mg Libbs 28 comprimidos;414.0;14
Valsartana Neo Química 80mg, caixa com 30 comprimidos revestidos;413.0;15
Lavitan Multi 5G Homem caixa com 60 comprimidos;413.0;14
Pantogar Neo com 60 Capsulas;413.0;13
Zinco Quelato Kester 60 cápsulas;413.0;14
Tantin 0,060mg + 0,015mg, caixa com 28 comprimidos revestidos;413.0;14
Hemifumarato De Bisoprolol Medley 2,5Mg, Caixa Com 30 Comprimidos Revestidos;413.0;15
Vick Pyrena, 1 Envelope Mel E Limao;413.0;14
Hemitartarato De Zolpidem 5Mg Eurofarma, Caixa Com 30 Comprimidos Subilinguais;412.0;13
Pastilhas Drops Vick laranja com 5 unidades;412.0;15
Sal Amargo Farmax caixa com 30g de pó para solução de uso oral;412.0;13
@ Vigadexa Col 5Ml;412.0;14
Expectuss Xarope Infantil 100mL;412.0;15
Fortice Com 30 Comprimidos;412.0;12
Cálcio Mobility Os-Cal 500mg 60 comprimidos revestidos;412.0;13
Azitromicina 600mg Neo Química Pó para Preparo Extemporâneo 15ml + Diluente + Seringa Dosadora;412.0;12
Stabil 025mg caixa com 30 comprimidos;412.0;12
Doxaprost Mesilato de Doxazosina 4mg 30 Comprimidos;411.0;12
Ferrovitan Com Colina Solução Oral 60mL;411.0;14
Creme Rejuvenescedor Mantecorp Ivy C10 - 30g;411.0;15
Addera D3 Capsulas 7000UI, Caixa Com 30 Comprimidos;411.0;12
Pasalix 30 comprimidos Revestidos;411.0;13
Amoxicilina 500mg Bio 21 Cápsulas;411.0;12
Vatis Cloridrato Propafenona 150mg 90 comprimidos;411.0;15
Otrivina 1mg/mL, caixa com 1 frasco gotejador com 15mL de solução de uso nasal;411.0;14
Succinato de Desvenlafaxina 100mg EMS 30 Comprimidos Revestidos;410.0;14
Cabergolina 0,5mg Genérico Eurofarma 2 Comprimidos;410.0;13
Cebralat 50mg, caixa com 60 comprimidos;410.0;13
Strepsils 8,75mg Sabor Mel e Limão 8 Pastilhas;410.0;15
Ferripolimaltose 50mg mL Gotas 30mL Genérico Biolab;410.0;15
Fosfato Sódico de Prednisolona Vitamedic 3mg/mL, caixa com 1 frasco com 120mL de solução de uso oral + copo medidor;410.0;14
Ciflogex Colutório Spray 1,5mg/mL, caixa com 1 frasco spray com 30mL de colutório, sabor menta;410.0;12
Insunorm N 100UI/mL, caixa com 1 frasco ampola com 10mL de suspensão de uso subcutâneo;410.0;15
Simbiotil 10 sachês com 1g de pó para solução de uso oral;410.0;15
Flixotide Spray 50mcg GSK 120 doses;410.0;13
Montelair 10Mg, Caixa Contendo 30 Comprimidos Revestidos;410.0;13
Rosucor 10mg, caixa com 30 comprimidos revestidos;409.0;14
Concor 1,25Mg, Caixa Com 30 Comprimidos Revestidos;409.0;14
Frutaxx Efervecente 5G Sachê Sabor Abacaxi caixa com 50 unidades;409.0;13
Vick Pyrena, 1 Envelope Canela E Maca;409.0;13
Rosuvastatina Calcica Sanofi Medley 10Mg, Caixa Com 30 Comprimidos Revestidos;409.0;14
Centrum Select Homem 30Cp;409.0;15
Hezo Eszoplicona 2Mg Com 20 Comprimidos;409.0;14
Trinulox Creme 15g;409.0;13
@ Amoxicilina+Clav 400+57Mg 70Ml Ger;409.0;12
Valerimed 50mg 20 Comprimidos Revestidos;409.0;13
Sal de Frutas Eno frasco com 100g de pó efervescente de uso oral, tradicional;408.0;13
Divalcon ER 500mg 60 Comprimidos Revestidos;408.0;13
Spidufen 770mg 20 comprimidos;408.0;14
Cetoconazol Creme Cimed 20Mg G, Caixa Com 1 Bisnaga Com 30G De Creme De Uso Dermatologico;408.0;14
Hidratante Anal em Gel Pro com 3g c 10 Bisnaga;408.0;15
Roxflan Besilato de Anlodipino 10mg 30 comprimidos;408.0;13
Piemonte 4Mg, Caixa Com 30 Comprimidos Mastigaveis;408.0;13
Nesina Pio 25Mg + 30Mg, Caixa Com 30 Comprimidos Revestidos;407.0;15
Haldol 1mg caixa com 20 comprimidos;407.0;15
Tramadol 50mg Genérico Neo Química 10 cápsulas;407.0;13
Fentizol 0,02G G, Caixa Contendo 1 Bisnaga Com Creme De Uso Dermatologico De 20G;407.0;13
RECONTER 10MG 30CPR;407.0;13
Tolrest 75mg 30cpr;407.0;14
Novacort Pom 30Gr;407.0;13
Cetoprofeno Comprimido Sanofi Medley 150Mg, Caixa Com 10 Comprimidos Revestidos De Liberacao Prolongada;406.0;13
Pant Solucao Capilar 50Ml Com 3 Unidades;406.0;14
Biofenac Di 50mg Aché 20 Comprimidos Dispersíveis;406.0;14
Plasil Comprimido 10mg, caixa com 20 comprimidos;406.0;14
Allegra 60mg, caixa com 10 comprimidos revestidos;406.0;14
Azitromicina 500mg 5cpr medley;406.0;15
Cefaliv 1mg + 100mg + 350mg, caixa com 12 comprimidos;406.0;14
Mesilato De Doxazosina Cimed 4Mg, Caixa Com 30 Comprimidos;406.0;13
Ibupril Comprimido 300Mg, Caixa Com 20 Comprimidos;405.0;14
Cicloprimogyna 2Mg +  2Mg + 0,25Mg , Caixa Com 21 Drageas;405.0;14
@ Levofloxacino 500Mg 7Cp io;405.0;15
Desalex D12 2,5mg 10 Comprimidos Merck;405.0;13
Lorax 2mg 30 Comprimidos;405.0;16
Alginac Diclofenaco Sódico 50mg + B1 50mg + B6 50mg + B12 1000mcg 30 comprimidos;405.0;17
Stugeron 25mg, Caixa com 30 comprimidos;405.0;15
Risperidona 1mg União Química 30 Comprimidos Revestidos;405.0;14
Utrogestan 200Mg Caixa Com 14 Cápsulas;405.0;14
Sertralina 50 30 Eur Gen;404.0;13
Sumaxpro 50mg + 500mg, caixa com 2 comprimidos revestidos;404.0;15
Labirin 24Mg, Caixa Com 60 Comprimidos;404.0;14
Analgésico Tylenol Criança Líquido 60mL;404.0;14
Glicerin 6 supositórios Adulto;404.0;14
Folifolin 5Mg, Caixa Com 30 Comprimidos;404.0;13
Óleo de Rícino Farmax frasco com 30mL de óleo de uso oral;403.0;15
Diovan Valsartana 80mg 28 comprimidos;403.0;15
Suplemento Vitamínico e Mineral Puravit Imune Sabor Morango 75ml + Copo Dosador;403.0;12
Ablok Plus 25 12 5mg Biolab 30 Comprimidos;402.0;13
Meclin 25mg, caixa com 15 comprimidos;402.0;14
Suplemento Alimentar Nouve Da 30 Sticks 2g cada;402.0;14
Uro-vaxom 6mg 30cpr;402.0;13
Lifepen g roxa caneta para insulina;402.0;13
Berinat 500mg, caixa com 30 cápsulas;402.0;14
Succinato de Desvenlafaxina Monoidratado 50mg Biosintética 30 comprimidos;402.0;13
Anti-Hipertensivo Brasart Mono 160mg 30 Comprimidos;402.0;15
Dipropionato de Betametasona 5mg mL + Fosfato Dissódico de Betametasona 2mg mL Suspensão Injetável 1 ampola 1mL Eurofarma Genérico;402.0;14
Euthyrox 100mcg, caixa com 50 comprimidos;402.0;12
Omcilon-A Orabase 1mg/g, caixa com 1 bisnaga com 10g de pasta de uso bucal;402.0;13
Diazepam 10mg Pharlab 30 Comprimidos;402.0;16
Olmy Anlo 20mg + 5mg, caixa com 30 comprimidos revestidos;401.0;13
Melocox 7,5mg, caixa com 10 comprimidos;401.0;14
Floral De Bach Polinize Harmonia Sexual 30mL;401.0;13
Amoxicilina 500Mg Eurofarma, Caixa Com 30 Capsulas;401.0;16
Aminofilina Comprimido Teuto 100Mg, Caixa Com 20 Comprimidos;400.0;13
Flogoral Colutorio Laranja 150ml;400.0;13
Diprogenta Pomada Com 30g;400.0;14
Imunovalle Kids Solucao De Uso Oral 120Ml;400.0;17
Amoxicilina 500mg 5ml Prati150ml;400.0;15
Neozine 4  Gts 20Ml  C1;400.0;14
Dimorf 10mg caixa com 50 cápsulas;400.0;16
Omeprazol Medley 20mg, caixa com 42 cápsulas gelatinosas duras de liberação retardada;400.0;13
Flucomed Fluconazol 150mg 1 cápsula;400.0;14
Paracetamol 500mg + Fosfato de Codeína 30mg EMS 12 Comprimidos;399.0;13
Femoston Conti 1mg + 5mg, caixa com 28 comprimidos revestidos;399.0;13
Flavenos 450mg + 50mg, caixa com 60 comprimidos revestidos;399.0;13
Atrovent 0,25mg/mL, caixa com 1 frasco com 20mL de solução de uso inalatório;399.0;15
Cloridrato de Dorzolamida 2  colirio 5ml Bio;399.0;16
Camomila Composta Catarinense 150mL;399.0;14
@ Otosporin Gts;399.0;13
Divena 40mg 60 Comprimidos Revestidos De Liberação Retardada;399.0;15
Suplemento Vitamínico e Mineral Ossone 30 Comprimidos Revestidos;399.0;13
Addera D3 10000Ui 10 Comprimidos;398.0;14
Cloridrato de Sertralina 50mg Biosintética 30 Comprimidos Revestidos;398.0;15
LuftaGastroPro Sabor Menta sachê  unit 10ml;398.0;14
MaterDHA caixa com 30 cápsulas moles;398.0;14
Funchimed Baby 5g;398.0;15
Clonazepam 2,5mg Medley Frasco Gotejador 20ml;398.0;13
Condroflex Zodiac Sabor Abacaxi 30 Sachês;398.0;16
@ Sulfametoxazol Tri 800 160Mg 10Cp Prat;398.0;13
Topiramato 50Mg 60Cpr Bio Gen;398.0;14
Clotrimazol Creme Vaginal Medley 20mg/g, caixa com 1 bisnaga com 20g de creme de uso vaginal + 3 aplicadores;398.0;14
Atenolol 100Mg 30Cpr Bio Ge;397.0;14
Naprix A 10Mg + 10Mg, Caixa Com 30 Capsulas Gelatinosas Duras;397.0;14
Dilatador Nasal Respire Melhor pele normal, médio com 10 unidades;397.0;13
Xarope Vick 16mg/mL, frasco com 120mL de xarope, sabor mel;397.0;15
Castanha Da India Atalaia 30Drg;397.0;16
Fenofibrato Legrand 200mg, caixa com 30 cápsulas gelatinosas duras;397.0;14
Leite de Magnésia Eno frasco com 350mL de suspensão de uso oral, sabor tradicional;397.0;13
Creme Dermatológico Azelan 200mg 30g;397.0;15
Frisium 20mg caixa com 20 comprimidos;397.0;16
Lisador Dip 1g, blíster com 8 comprimidos;397.0;14
Rosuvastatina Calcica Biosintetica 5Mg, Caixa Com 30 Comprimidos Revestidos;397.0;14
Amoxicilina 875mg + Clavulanato 125mg Eurofarma 20 Comprimidos;397.0;12
Zetia Ezetimiba 10mg 60 comprimidos;396.0;13
Symbicort 6Mcg Dose + 100Mcg Dose, Caixa Com 1 Tubo Com 60 Doses De Po De Uso Inalatorio + 1 Valvula Dosadora;396.0;14
Afrat 150mg, caixa com 1 comprimido;396.0;13
Camilia 3,333Mg + 3,333Mg + 3,333Mg, 10 Flaconetes Com 1Ml De Solucao De Uso Oral;396.0;12
Clotrimazol Creme Vaginal EMS 10mg/g, caixa com 1 bisnaga com 35g de creme de uso vaginal + 6 aplicadores;396.0;15
Monocordil Mononitrato de Isossorbida 50mg 30 cápsulas;396.0;13
Bismu-Jet 25mg/mL + 25mg/mL + 15mg/mL, caixa com 1 frasco gotejador com 20mL de suspensão de uso oral;396.0;13
Azox 20mg/mL, caixa com 1 frasco de pó para suspensão de uso oral (frasco com capacidade de 100mL) + seringa dosadora;396.0;13
Nesina 25Mg, Com 30 Comprimidos Revestidos;396.0;13
Atenolol 50Mg 30Cpr Med;396.0;12
Lisador 500mg + 5mg + 10mg, caixa com 24 comprimidos;396.0;13
Claritin 10mg 12 Comprimidos;396.0;16
@ Amoxicilina 500Mg 21Caps Pra;395.0;14
Tobrex 3mg solução oftálmica frasco gotejador com 5ml;395.0;14
Levotiroxina Sodica Merck 150Mcg, Caixa Com 30 Comprimidos;395.0;16
Zyloric 300Mg 30Cpr;394.0;13
Baycuten N Creme 40Gr;394.0;14
Vitamina C Bio-C 1g Sabor Laranja 30 Comprimidos;394.0;12
Sal De Frutas Eno 2 Envelopes Com 5G De Po Efervescente De Uso Oral, Tonica;394.0;14
Hemifumarato De Bisoprolol 5Mg 30Cpr Ems;394.0;15
Uninaltrex 50mg caixa com 30 comprimidos revestidos;394.0;15
Exodus 20mg 60 Comprimidos;394.0;14
Drospirenona + Etinilestradiol Althaia 3Mg + 0,02Mg, Caixa Com 24 Comprimidos Revestidos;394.0;13
Cloridrato de Venlafaxina 75mg Biosintética 28 Comprimidos;394.0;13
Alivium Cápsula 400mg, blíster com 3 cápsulas moles;393.0;14
Ritalina 10mg caixa com 60 comprimidos;393.0;15
Xarope De Guaco G500 Balsamico 150Ml;393.0;16
Durateston 250mg solução injetável 1 ampola com 1ml;393.0;12
Repoflor 100Mg, Caixa Com 12 Capsulas Gelatinosas Duras;393.0;14
Arcoxia 60mg caixa com 7 comprimidos;393.0;13
Neotoss Xarope Adulto 100 Ml;393.0;14
Pant 50Mg Ml, Caixa Com 2 Frascos Com 50Ml De Solucao De Uso Capilar + 1 Valvula Spray;393.0;14
Clotrimazol Creme Dermatologico Medley 10Mg G, Caixa Com 1 Bisnaga Com 20G De Creme De Uso Dermatologico;393.0;13
Cloridrato de Ciprofloxacino 500mg Medley 7 Comprimidos Revestidos;393.0;13
Dorflex 300mg/mL + 35mg/mL + 50mg/mL, caixa com 1 frasco com 20mL de solução de uso oral;392.0;14
Lonium 40 Mg 30 Comprimidos;392.0;13
Lacday 10.000U.Fcc 30 Comprimidos Mastigáveis;392.0;14
Synthroid 25mcg, caixa com 30 comprimidos;392.0;14
Artrolive 1200mg + 1500mg com 30 envelopes de 4g;392.0;14
Kollagenase com Cloranfenicol 10mg g + 0,6UI g 15g Pomada de Uso Dermatológico;392.0;15
Dymista 137Mcg + 50Mcg Dose, Caixa Com 1 Frasco Spray Com 23G De Suspensao De Uso Nasal;392.0;13
Prysma 3mg 20 Comprimidos Revestidos;392.0;13
Cod Par Paracetamol 500Mg + Fosfato De Codeina 30Mg Com 12 Comprimidos;392.0;13
Clavulin BD 875mg + 125mg ml 20 Comprimidos;392.0;13
Coversyl Plus 4 + 125mg caixa com 30 comprimidos;392.0;13
Desogestrel 0,075Mg Germed 84 Comprimidos;392.0;15
Zirvit Multi 30 Comprimidos Rev;392.0;14
Hydralyte Guarana 500mL;392.0;17
Suplemento Alimentar Calde Mdk 1000Ul, Caixa Com 90 Comprimidos;391.0;14
Tegretol 200mg 60 Comprimidos;391.0;14
Venaflon 450mg + 50mg, caixa com 30 comprimidos revestidos;391.0;12
Drospirenona + Etinilestradiol Ems 3Mg + 0,03Mg, Caixa Com 3 Blisters Com 21 Comprimidos;391.0;14
Sulfametoxazol + Trimetoprima - Teuto 400 + 80mg caixa com 20 comprimidos;391.0;12
Sulfadiazina de Prata 10mg g União Química Bisnaga 30g Creme de Uso Dermatológico;391.0;12
Amoxicilina 875mg + Clavulanato de Potássio 125mg Germed 14 Comprimidos;391.0;14
Esomeprazol Magnésico Medley/Astrazeneca 20mg, caixa com 28 comprimidos revestidos;391.0;15
Neutrofer 300Mg, Caixa Com 30 Comprimidos Revestidos;391.0;15
Ablok Plus 50mg + 12,5mg, caixa com 30 comprimidos;390.0;13
Besilato Anlodipino 5mg Genérico EMS 30 comprimidos;390.0;13
Naridrin Aqua Solução Nasal 9mg mL Spray 50mL;390.0;13
Fisioton 400mg 30 comprimidos;390.0;13
Profenid 50Mg Ml, Caixa Com 6 Ampolas Com 2Ml De Solucao De Uso Intramuscular;390.0;17
Estomazil Pastilha 230Mg + 185Mg + 185Mg, Caixa Com 20 Comprimidos Mastigaveis, Abacaxi;390.0;12
Amoxicilina 500mg EMS 15 Cápsulas;390.0;13
Cefalexina 250Mg Ml Uniao Quimica, Caixa Com 100Ml;390.0;15
Cloridrato de Sertralina 30 Comprimidos Revestidos 50mg Prati Donaduzzi;390.0;15
Lidosporin 12000ui+454mg ml sol oto fr gots x 10ml;390.0;13
Sirdalud 2mg, caixa com 30 comprimidos;390.0;13
Claritromicina 500mg EMS 14 Comprimidos;390.0;12
Diclofenaco Sódico Medley 50mg, caixa com 20 comprimidos revestidos﻿;389.0;16
Cloridrato de Metformina Prati-Donaduzzi 500mg, caixa com 30 comprimidos revestidos;389.0;14
Vonau Flash Menta 8 Mg 10 Comprimidos;389.0;14
Filinar 5mg/mL, caixa com 1 frasco com 120mL de xarope infantil + copo medidor;389.0;17
Benziflex Lis 125 5mg com 15 Comprimidos;389.0;14
Nicorette 4 Mg Mint 30 Gomas;388.0;14
Berotec 5mg/mL, caixa com 1 frasco com 20mL de solução oral;388.0;13
Maxalt 10Mg, Caixa Com 2 Comprimidos Revestidos;388.0;13
@ Norfloxacino 400Mg 14Cp Med;388.0;12
Albocresil 18Mg Ml, Caixa Com 1 Bisnaga Com 50G De Gel De Uso Ginecologico;388.0;14
NEBILET 5mg 60 Comprimidos;388.0;15
Miosan 5mg 10 Comprimidos Revestidos;388.0;13
Gotas Binelli Dropropizina 30mg mL Solução Oral 10mL;388.0;12
Transamin 250mg, caixa com 12 comprimidos;388.0;12
Pregabalina 75mg Eurofarma 30 Cápsulas Duras;388.0;13
Fluoxetina 20Mg 30Cpr Ger;387.0;14
Telmisartana 40Mg Althaia, Caixa Com 30 Comprimidos;387.0;14
Furosemida Neo Quimica 40Mg, Caixa Com 20 Comprimidos;387.0;14
Benalet 5mg + 50mg + 10mg, cartela com 4 pastilhas, sabor menta;387.0;13
Torante Extrato Seco de Hedera Helix 15mg Xarope 100mL;387.0;13
Venlift OD 37,5mg 30 Cápsulas;387.0;14
Trezor 5mg 60cpr;387.0;15
Suprelle 1mg + 0,5mg, caixa com 28 comprimidos revestidos;387.0;14
Sulfametoxazol tri susp ems;387.0;13
Bupropiona 150 60Cpr Ems;387.0;14
Nitrato De Miconazol Creme Ginecologico Prati-Donaduzzi 20Mg G, Caixa Com 1 Bisnaga Com 80G De Creme De Uso Ginecologico + 14 Aplicadores;387.0;13
Amoxicilina 250mg EMS Suspensão Oral 150ml;386.0;13
Oxalato de Escitalopram 20mg Eurofarma 30 Comprimidos;386.0;14
Tormiv Sl 10Mg, Caixa Com 10 Comprimidos Sublinguais;386.0;13
Diovan Hct 320Mg + 12,5Mg, Caixa Com 28 Comprimidos Revestidos;386.0;13
Ácido Fusídico + Valerato de Betametasona - Nova Química 20 + 1mg g creme dermatológico bisnaga com 15g;386.0;13
Carvedilol Biosintética - Aché 25mg, caixa com 30 comprimidos;386.0;13
Álcool Gel Higienizante Munila Bichinhos Mistos 30g;385.0;13
Galvus Met 50 + 500mg caixa com 56 cápsulas;385.0;14
Sonitus Melatonina 210mcg gotas Kester 30ml;385.0;13
Elixir Paregorico 0,05Ml Ml, Caixa Com 1 Frasco Com 30Ml De Elixir;385.0;13
Piemonte Montelucaste de Sódio 10mg 30 comprimidos;385.0;12
Dipirona Monoidratada Comprimido EMS 500mg, blister com 10 comprimidos;385.0;12
Dipirona Monoidratada Neo Química 1g, caixa com 10 comprimidos;385.0;14
Artrodar 50mg caixa com 30 drágeas;385.0;14
Lantus Solostar Caneta 100Ui;385.0;13
Neralgyn 30Mg + 300Mg + 30Mg, Frasco Com 20 Drageas;384.0;14
Diovan HCT 160mg + 25mg 28 comprimidos Novartis;384.0;12
Hemifumarato de Bisoprolol 10mg 30 Comprimidos Revestidos - Medley;384.0;13
Lacto-Purga 5mg, caixa com 16 comprimidos revestidos;384.0;14
Drospirenona + Etinilestradiol 3Mg+0,02Mg Ems, Caixa Com 24+4 Comprmidos Revestidos;384.0;12
Siblima 0015 + 60mg caixa com 24 comprimidos revestidos;384.0;13
Xarope Vick Infantil 120Ml;384.0;13
Nifedipress 20Mg, Caixa Com 30 Comprimidos De Liberacao Retardada;384.0;13
Perlid 2Mg 30Cpr;384.0;13
Fenobarbital 100 30Cpr Uq;384.0;12
Beserol 300mg + 125mg + 50mg + 30mg, caixa com 12 comprimidos;384.0;14
Nitrato de Miconazol 20mg g Creme Vaginal 80g + 14 aplicadores Teuto Genérico;384.0;15
Diane 35 2mg + 0,035mg, caixa com 63 comprimidos revestidos;384.0;14
Codein 3mg frasco com 120ml;383.0;15
Britens 2Mg Ml + 5Mg Ml, Caixa Com 1 Frasco Gotejador Com 10Ml De Solucao De Uso Oftalmico;383.0;13
Tegretol 20mg suspensão frasco com 100ml;383.0;14
Naturetti Geleia 130G S Acucar;383.0;12
Nouve Collagen Ha caixa com 30 sachês com 84g de pó para solução de uso oral;383.0;13
Procoralan 7,5mg Servier 56 Comprimidos;383.0;13
Condroflex 1,5g + 1,2g Sabor Limão 30 sachês;383.0;16
Lotar 2,5Mg + 50Mg, Caixa Com 30 Capsulas Gelatinosas Duras;383.0;13
Restiva 5mg 2 Adesivos A1;382.0;15
Digeplus 7mg + 40mg + 50mg, caixa contendo 30 cápsulas gelatinosas duras com microgrânulos;382.0;13
Emistin Comprimido 1Mg + 0,5Mg, Caixa Com 20 Comprimidos;382.0;14
Maxiflox D 35 + 1mg suspensão oftálmica frasco com 5ml;382.0;12
Suplemento Alimentar Trifor Sabor Tangerina 30 Sachês 12,3g;382.0;15
@ Bactrim F 10Cpr;382.0;15
Cod Par Paracetamol 500Mg + Fosfato De Codeina 30Mg Com 24 Comprimidos;382.0;15
Flancox 500mg, caixa com 14 comprimidos revestidos;382.0;14
Soanza Xr 35Mg Com 60 Comprimidos Revestidos De Liberacao Prolongada;381.0;14
Miosan Caf 5Mg + 30Mg, Caixa Com 15 Comprimidos Revestidos;381.0;13
Stilnox Cr 6.25Mg 20Cpr C;381.0;14
Glaub Md 1Mg Ml, Caixa Com 1 Frasco Gotejador Com 5Ml De Solucao De Uso Oftalmico;381.0;13
Provance Mini Com 5 Saches;381.0;13
Enoxalow 100mg/mL, caixa com 10 seringas preenchidas com 0,4mL de solução de uso intravenoso + sistema de segurança;381.0;13
Cloridrato De Donepezila 10Mg Ache, Caixa Com 30 Comprimidos Revestidos;381.0;13
Lipitor Atorvastatina Cálcica 40mg 30 comprimidos;381.0;13
Hidroclorotiazida 25mg c 30 Comprimidos Genérico Teuto;380.0;14
Oxcarbazepina 300Mg Medley, Caixa Com 30 Comprimidos Revestidos;380.0;14
Xafac 10Mg Com 30 Comprimidos Revestidos;380.0;13
Gastrol TC 37mg/mL + 40mg/mL + 5mg/mL, caixa com 1 frasco com 240mL de suspensão de uso oral;380.0;12
Desalex 5mg, caixa com 30 comprimidos revestidos;380.0;15
Allenasal 55Mcg 120Doses, Caixa Com 1 Frasco Spray Com 16,5 Ml De Suspensao De Uso Nasal;380.0;14
Vitamina Alta D 50000UI 4 Cápsulas;380.0;14
Risedross 35Mg, Caixa Com 4 Comprimidos Revestidos;380.0;13
Nimesilam 12 Comprimidos;380.0;14
Fenofibrato Ems 200Mg, Caixa Com 30 Capsulas Gelatinosas Duras;380.0;14
Stodal Xarope 150Ml;380.0;13
Cloridrato de Venlafaxina 150mg Eurofarma 30 Comprimidos;380.0;13
Cloridrato De Donepezila 10mg Ems 30 Comprimido Revestido;380.0;13
Histadin D Comprimido 5Mg + 120Mg, Caixa Com 12 Drageas De Desintegracao Lenta;380.0;16
Ambroxmel 3Mg Ml, Caixa Com 1 Frasco Com 120Ml De Xarope Pediatrico, Mel;380.0;13
Cimecort 20mg/g + 0,64mg/g + 2,5mg/g, caixa com 1 bisnaga com 15g de creme de uso dermatológico;379.0;12
Suc Desvenlafaxina 50Mg 30Cpr Eur;379.0;14
Contraceptivo Dalyne Dalyne Mono 3 Mg + 0,03 Mg 21 Comprimidos;379.0;14
Quetros 25Mg Com 30 Comprimidos Aché;379.0;15
ATENOLOL CLORTA 100MG BIO GEN;379.0;14
Flagyl 250mg 20 Comprimidos Revestidos;379.0;13
Rinosoro SIC 9mg/mL, frasco spray com 50mL de solução de uso nasal, infantil;378.0;13
Vonau Flash 4mg 30 Comprimidos Orodispersíveis;378.0;12
Natrilix SR 1,5mg 60 Comprimidos Revestidos;378.0;13
Venzer HCT 16mg + 12,5mg, caixa com 30 comprimidos;378.0;12
Maracugina PI 420mg, caixa com 20 comprimidos revestidos;378.0;15
Lacto-Purga 5mg, blister com 6 comprimidos revestidos;378.0;15
Zanidip 10mg, caixa com 20 comprimidos revestidos;378.0;14
Maleato De Dexclorfeniramina Prati-Donaduzzi 0,4mg mL, Caixa Com 1 Frasco Com 100Ml De Solucao De Uso Oral + Copo Medidor;378.0;14
Espironolactona EMS 100mg, caixa com 30 comprimidos;378.0;15
Metronidazol 250mg 20cpr neo;378.0;14
Sulfato De Hidroxicloroquina Medley 400mg Com 30 Comprimidos;378.0;14
Clonazepam 0,5mg Medley 30 Comprimidos;378.0;15
Addera D3 14.000Ui Com 4 Capsulas;378.0;14
Salonpas Grande Adesivo Com 2 Unidades;377.0;13
Nevralgex 300mg + 50mg + 35mg, blíster com 10 comprimidos;377.0;14
Elifore 50 mg - 28 comprimidos revestidos de liberação controlada;377.0;13
Sany D 10.000ui 4 Comprimidos Revestidos;377.0;14
Puran T4 100Mcg 30 Comprimidos;377.0;12
Atenolol 50mg Genérico Medley 30 Comprimidos;377.0;14
Nootron 400mg, caixa com 60 comprimidos revestidos;377.0;16
Beserol 300Mg + 125Mg + 50Mg + 30Mg, Caixa Com 30 Comprimidos;377.0;13
Nebacetin 5mg/g + 250UI/g, caixa com 1 bisnaga com 15g de pomada de uso dermatológico;377.0;13
Benicaranlo 40Mg + 5Mg, Caixa Com 30 Comprimidos Revestidos;377.0;14
Amoxicilina 400mg 5ml Biosintética Pó para Suspensão Oral 100ml + Seringa Dosadora;377.0;14
Zolpaz 10mg com 30 comprimidos revestidos;377.0;13
Dexilant 30Mg, Caixa Com 30 Capsulas De Liberacao Retardada;376.0;15
@ Cefalexina 250Mg 100Ml Teu G;376.0;15
Sanasar Sabonete 100mg/g, caixa com 80g de sabonete;376.0;12
Insulina Humana Novolin Regular 100ui com 1 frasco contendo 10ml;376.0;14
Centrum Essentials Mulher caixa com 60 comprimidos revestidos;376.0;15
Motore 250Mg, Caixa Contendo 60 Capsulas;376.0;14
Prelone 3mg Solução com 120mL;376.0;13
Apice 75Mg Caixa Com 30 Capsulas;376.0;14
Losartana Potássica Neo Química 50mg, caixa com 30 comprimidos revestidos;376.0;14
Suplemento Alimentar Gummmy Hair Sabor Maça-Verde Com 180Gr;376.0;15
Brasart HCT 320mg + 25mg com 30 comprimidos;376.0;13
Perivasc 1000mg 30 comprimidos;376.0;14
Montelucaste De Sodio Comprimido Biosintética 10Mg, Caixa Com 30 Comprimidos Revestidos;376.0;14
Hemodase Pomada 25g + 10 Aplicações;375.0;13
Octifen 0,25mg/mL, caixa com 1 frasco com 5mL de solução de uso oftálmico;375.0;14
Buscopan 10mg, caixa com 20 drágeas;375.0;12
Alprazolam 0,5Mg 30Cpr Med;375.0;12
Corus 50Mg, Caixa Com 30 Comprimidos Revestidos;375.0;13
Kwell 10mg/g, caixa com 1 frasco com 60mL de loção de uso capilar;375.0;16
Acebrofilina 25mg 5ml Aché Biosintética Xarope com 120mL Adulto;375.0;16
Sal de Frutas Eno 2 envelopes com 5g de pó efervescente de uso oral, tradicional;375.0;12
Micardis 80mg caixa 30 comprimidos;375.0;14
ZZ Máscara Facial Hidratante Caviar Gold Mask 10gr;375.0;14
Alenia 6mcg + 200mcg com Inalador e 60 cápsulas;374.0;12
Drenison Creme 30g;374.0;15
Versa 40mg Injetável 2 Seringas Preenchidas;374.0;14
Desloratadina Nova Química 5mg, caixa com 30 comprimidos revestidos;374.0;12
Vick Pyrena Grip 7 Com 20 Capsulas;374.0;12
Retemic 1mg/mL, caixa com 1 frasco de xarope com 120mL;374.0;13
Oscillococcinum 6 Tubos Com 1G De Globulos;374.0;13
Suc Desvenlafaxina 100Mg 30Cpr Med;374.0;15
Paracetamol Solução Oral EMS 200mg/mL, caixa com 1 frasco com 15mL de solução de uso oral;374.0;13
Cloreto de Magnésio Kester 60 cápsulas;374.0;13
Gestodeno+Etinilestradiol Ache 0,015+0,06Mg, Caixa Com 28 Comprimidos Revestidos;374.0;13
Fluxocor 40mg, caixa com 30 comprimidos revestidos;374.0;14
Desalex 5mg 10 Comprimidos Revestidos;373.0;13
Daflon 900mg + 100mg 30 Comprimidos;373.0;13
Colaten HA Com 60 Capsulas Duras;373.0;13
Tess 2,0 0,035mg 21 Comprimidos Revestidos;373.0;13
Tensart 857mg 30 Comprimidos;373.0;13
Óleo de Rícino ADV com 30mL;373.0;14
Vodol 20mg/g, caixa com 1 bisnaga com 28g de creme de uso dermatológico;373.0;13
Dorflex UNO 1g, caixa com 20 comprimidos;373.0;13
Azitromicina 900mg Neo Química Pó para Preparo Extemporâneo 22,5ml + Diluente 17ml + Seringa Dosadora;373.0;13
Cetoconazol + Dipropionato De Betametasona Eurofarma 20Mg G + 0,5Mg G, Caixa Com 1 Bisnaga Com 30G De Pomada De Uso Dermatologico;373.0;13
Brondilat Acebrofilina 50mg 5mL Xarope Adulto 120mL;373.0;15
Maxsulid 400Mg, Caixa Com 30 Comprimidos;373.0;14
Antux 6Mg Ml, Caixa Com 1 Frasco Com 120Ml De Xarope + 1 Copo Medidor;373.0;13
Tandrilax 30mg + 125mg + 50mg + 300mg, caixa contendo 15 comprimidos;372.0;14
Orlistate 120mg 42 cápsulas EMS Genérico;372.0;16
Carbolitium 300Mg Com 60 Comprimidos Revestidos;372.0;12
Rabeprazol Sodico 20 Mg 28 Comprimidos Sdz;372.0;14
Stanglit 45mg frasco com 30 comprimidos;372.0;13
Cloridrato de Propranolol 40mg Teuto 30 Comprimidos;372.0;13
Varicoss 60 Drageas;372.0;14
Besilato De Anlodipino 5Mg 30 Comprimidos Nova Quimica;372.0;14
Mononitrato De Isossorbida Ache 40Mg, Caixa Com 30 Comprimidos;372.0;13
Hidropeek 40mg/g, caixa com 1 bisnaga com 30g de gel de uso dermatológico;372.0;12
Naproxeno Sódico 550mg 10 comprimidos;371.0;13
Gardenal 100Mg 20Cpr  C1;371.0;15
Amytril 10mg caixa com 30 comprimidos;371.0;14
Vicog 5Mg, Caixa Com 90 Comprimidos;371.0;13
Axetilcefuroxima 250mg Ranbaxy 10 Comprimidos;371.0;13
Glibenclamida Nova Química 5mg, caixa com 30 comprimidos;371.0;12
Multigood Dr. Good abacaxi e morango, frasco com 30 gomas mastigáveis;371.0;13
Postec 2,5Mg G + 150Utr G, Caixa Com 1 Bisnaga Com 20G De Pomada De Uso Dermatologico;371.0;14
Meloxicam 7,5mg 10 comprimidos EMS Genérico;371.0;15
Tropinal 300mg + 1mg + 0,0065mg + 0,104mg, caixa com 20 comprimidos;371.0;13
Diprosone 0,64mg g Creme;371.0;14
Cefadroxila 50mg ml Eurofarma Frasco com Pó para Suspensão de Uso Oral + Seringa Dosadora;371.0;14
Probid 30 Capsulas;371.0;14
Calminex Ice Aero 60Gr;371.0;13
Primogyna 1mg 28 Drágeas;371.0;13
Suplemento Neutrofer Prev 60Ml Frasco;371.0;13
Acebrofilina Xpe Adu Cim;370.0;14
Icacort 1mg/g + 10mg/g, caixa com 1 bisnaga com 30g de creme de uso dermatológico;370.0;15
Icaden 10mg/g, caixa com 1 bisnaga com 20g de creme de uso dermatológico;370.0;13
Calminex Ice frasco com 170 g de aerossol com gelo instantâneo;370.0;12
Gel Calmante de Arnica Boiron Arnilivium Gel 45g;370.0;16
Suplemento Vitaminico Calcitran Mdk 30 Comprimidos;370.0;13
Besilato de Anlodipino EMS 10mg, caixa com 30 comprimidos;370.0;12
Pediderm 0,2Mg Ml, Caixa Com 1 Frasco Com 100Ml De Locao De Uso Dermatologico;370.0;14
Cloridrato de Sotalol 160mg Aché Biosintética;370.0;12
Alivik 12G Bravir Display Com 12;370.0;13
Ursacol Ácido Ursodesoxicólico 150mg 30 comprimidos;369.0;14
Valerato de Betametasona 1mg g Creme 30g Neo Química;369.0;13
Paracetamol Prati-Donaduzzi 500mg, caixa com 20 comprimidos;369.0;13
Suplemento Combi AD 30mL Solução Achè;369.0;14
Zypred Colírio Com 6ml;369.0;12
Fluir 12mcg, caixa com 60 cápsulas de pó para inalação, refil;369.0;12
Prednisolona 5mg Eurofarma 10 Comprimidos;369.0;14
Suplemento Alimentar Caldê Sabor Menta 60 Comprimidos Mastigáveis;369.0;14
Abrilar Xpe 100Ml;368.0;14
Travatan Bak Free Colírio 5ml;368.0;12
Dorflex Uno 1Gr 10Cpr Eferv;368.0;15
Bisalax 5mg, blíster com 6 comprimidos revestidos de liberação retardada;368.0;15
Foliane frasco com 30 comprimidos revestidos;368.0;15
Drenata 50mcg mL 2,5mL Solução Oftálmica;368.0;14
Cetoprofeno Biosintética - Aché 100mg, caixa com 20 comprimidos revestidos de liberação retardada;368.0;12
Memoactive 700mg Com 30 Comprimidos DOVALLE;368.0;13
Deflazacorte Nova Química 30mg, caixa com 10 comprimidos;368.0;14
Selozok 50Mg, Caixa Com 30 Comprimidos De Liberacao Controlada;368.0;13
Motilex Caps Caixa Com 30 Capsulas;368.0;14
Trezor Rosuvastatina Cálcica 10mg 60 comprimidos;368.0;14
Puran T4 50Mcg 30 Comprimidos;368.0;14
Policalcio 600+D3 frasco com  60 Comprimidos Revestido;368.0;13
Espironolactona Eurofarma 25mg, caixa com 30 comprimidos;368.0;16
@ Macrodantina 100Mg 28Cpr;368.0;13
Betadine 24mg 30 Comprimidos;367.0;14
Pastilha Vick Cereja 5 unidades;367.0;14
Gliclazida EMS 30mg, caixa com 30 comprimidos de liberação prolongada;367.0;12
Besilato de Anlodipino Cimed 5mg, caixa com 30 comprimidos;367.0;12
Somalgin Cardio 81Mg + 24,3Mg + 12,15Mg, Caixa Com 60 Comprimidos Revestidos De Dupla Camada;367.0;13
Cefalexina 500mg 10 Cápsula;367.0;16
Mesilato de Doxazosina Cimed 2mg, caixa com 30 comprimidos;367.0;14
Fluoxetina 20 30Cap Bio Ge;367.0;14
Dprev 1.000UI, caixa com 60 comprimidos revestidos;367.0;13
Sinvastatina Sandoz 20mg, caixa com 30 comprimidos revestidos;367.0;14
@ Maxitrol Col 5Ml;367.0;12
Decadron Nasal Solução Nasal Nebulizador 20ml;367.0;14
Hemifumarato de Quetiapina 100mg 30 Comprimidos Revestidos - Biolab;367.0;12
Toujeo Solostar 450Ui 1,5Ml 1Caneta;366.0;13
Rivotril 2Mg 30Cpr B1;366.0;12
Serenata  50MG 60CPR;366.0;14
Proctosan 0,5% + 2% + 2% + 10%, caixa com 1 bisnaga com 20g de pomada de uso retal + 1 aplicador;366.0;13
Atacand 16mg caixa com 30 comprimidos;366.0;14
Carvedilol 6,25mg 30 comprimidos EMS Genérico;366.0;12
Alprazolam 2mg Genérico Mepha 30 Comprimidos;366.0;14
Vitamina C Suplevit C Zinco 1 Gramas 10 Comprimidos;366.0;13
Atrofem 400 Mg 2 Capsulas X24;366.0;13
Floral Thérapi Tensão e Stress 30mL;366.0;15
Glibenclamida Neo Química 5mg, caixa com 30 comprimidos;366.0;15
Ceftriaxona Sódica 500g Injetável Intramuscular Eurofarma Genérico;366.0;13
Synthroid 137Mcg, Caixa Contendo 30 Comprimidos;366.0;15
Dalmadorm 30mg cx 30 comp rev;366.0;13
Pamelor 10Mg 30Cap C1;366.0;15
Carisoprodol 125mg + Diclofenaco Sódico 50mg + Paracetamol 300mg + Cafeína 30mg Genérico Eurofarma 30 Comprimidos;366.0;15
Vita E 400Mg, Caixa Contendo 30 Capsulas Gelatinosas Moles;365.0;14
Domperidona Sanofi Medley 1Mg Ml, Caixa Com 1 Frasco Com 100Ml De Suspensao De Uso Oral + 1 Pipeta Dosadora;365.0;13
Vicog 5mg 30 comprimidos;365.0;13
Cimecort 20mg/g + 0,64mg/g + 2,5mg/g, caixa com 1 bisnaga com 30g de creme de uso dermatológico;365.0;13
Sulfametoxazol + Trimetoprima - Teuto 40 + 8mg suspensão oral frasco com 100ml + copo medidor;365.0;13
Simeticona Medley 125Mg, Caixa Com 10 Capsulas Gelatinosas Moles;365.0;15
Sigmatriol Calcitriol 0,25mcg 30 Cápsulas;365.0;13
Coltrax 4mg, caixa com 20 comprimidos;365.0;14
Maxibell 0,5mg/mL + 4mg/mL, caixa com 1 frasco gotejador com 10mL de solução de uso oftálmico;365.0;13
Clonazepan 2,5mg ml Germed Solução Oral 20ml;365.0;13
Cetoconazol 200mg 30 comprimidos Cimed Genérico;365.0;14
Utrogestan 100mg, caixa com 30 cápsulas gelatinosas moles;365.0;13
Citalopram 20Mg 30Cpr Eur;364.0;13
Dorflex Icy Hot Spray 118mL;364.0;13
Rubia 0,075mg, caixa com 84 comprimidos revestidos;364.0;14
Nimesulida 50mg ml Cimed 15ml;364.0;12
Benerva 300Mg, Caixa Com 30 Comprimidos Revestidos;364.0;13
Cloridrato de Metformina Prati-Donaduzzi 500mg, caixa com 30 comprimidos de liberação prolongada;364.0;12
Bendita Canfora Gel Bravir 1 Unidade Com 80G;364.0;12
Maleato de Enalapril 5mg Germed 30 Comprimidos;364.0;14
Victoza Injetável 6mg com 2 Sistemas de Aplicação;364.0;13
Trayenta Linagliptina 5mg 30 Comprimidos;364.0;12
Floral De Bach Peso Saudável 30mL;364.0;13
Astro 500mg 5cpr;364.0;12
Carbocisteina 100mg Xarope Pediátrico 100mL;364.0;12
Bactroban 20mg g Pomada de Uso Dermatológico 10g;363.0;12
@ Amoxicilina 500Mg 15Cpr Ger;363.0;13
Hezo 3mg 20 Comprimidos Revestidos;363.0;14
Triancinolona Acetonida Eurofarma 1mg/g, caixa com 1 bisnaga com 10g de pomada de uso bucal;363.0;13
Sominex 20Cpr Ems;363.0;15
Maleato de Timolol Biosintética - Aché 0,25%, caixa com 1 frasco gotejador com 5mL de solução de uso oftálmico;363.0;14
Omeprazol Nova Química 40mg, caixa com 30 cápsulas duras de liberação retardada (embalagem fracionada);363.0;17
Allestra 20 0,075Mg + 0,020Mg, Caixa Com 63 Comprimidos Revestidos;363.0;13
Natrilix SR 1,5mg 30 Comprimidos Revestidos de Liberação Prolongada;363.0;14
Cloridrato de Fluoxetina 20mg 30 Comprimidos;363.0;14
Pepsamar 10 Comprimidos X20;363.0;12
Jardiance 25mg, caixa com 30 comprimidos revestidos﻿;362.0;13
Suplemento Alimentar de Fibras Nestlé FiberMais Zero Açúcares suco verde, lata com 200g;362.0;16
Cloridrato de Memantina 10mg Prati Donaduzzi 60 Comprimidos;362.0;13
Ixium 50mg creme dermatológico 12 sachês com 025g;362.0;15
Tâmisa 30 0,075mg + 0,030mg, caixa com 84 comprimidos revestidos;362.0;14
Maresis Ar Sol Spray 100mL;362.0;14
Aciclovir Creme Neo Química 50mg/g, caixa com 1 bisnaga com 10g de creme de uso dermatológico;362.0;12
Clopin Duo 75mg + 100mg Com 30 Comprimidos;362.0;13
Depakene 250mg frasco com 25 cápsulas;362.0;13
Égide 50mg caixa com 60 comprimidos revestidos;362.0;12
Tadalafila 20mg 4 comprimidos;362.0;14
Hemifumarato de Quetiapina 100mg Germed 30 Comprimidos Revestidos;361.0;13
Fentizol Ovulo 600Mg, Caixa Contendo 1 Ovulo De Uso Ginecologico + 1 Aplicador;361.0;15
Cilostazol Eurofarma 100mg, caixa com 60 comprimidos;361.0;13
Ciflogex Pastilha 3mg, caixa com 12 pastilhas, sabor cereja;361.0;14
Mamades 0,075 Mg 28 Comprimidos;361.0;13
Noex Budesonida 100mcg Spray Nasal Aerossol 100 doses;361.0;13
Diamicron Mr 60Mg, Caixa Com 60 Comprimidos De Liberacao Prolongada;361.0;15
Carvedilol Nova Química 12,5mg, caixa com 30 comprimidos;361.0;14
Tioconazol + Tinidazol Prati-Donaduzzi 20Mg G + 30Mg G, Caixa Com 1 Bisnaga Com 35G De Creme De Uso Ginecologico + 7 Aplicadores;361.0;13
Succinato de Metoprolol 25mg Medley 30 Comprimidos Revestidos;361.0;13
Sulfametoxazol Trimetoprima 400mg + 80mg Prati Donaduzzi 20 Comprimidos;361.0;15
Primogyna 2mg Bayer com 28 Comprimidos;361.0;14
Levotiroxina Sodica Merck 125Mcg, Caixa Com 30 Comprimidos;361.0;13
Deriva Micro 1mg creme dermatológico bisnaga com 30g;361.0;14
Angino Rub 3Mg Mel E Limao Com 16 Pastilhas;361.0;15
Levedo de Cerveja Kester 100 comprimidos;361.0;13
Vitamina C Vitergyl C 1 Gramas 10 Comprimidos Efervecente;360.0;13
Acetilcisteina Injetavel Uniao Quimica 10 , Caixa Com 5 Ampolas Com 3Ml De Solucao De Uso Intramuscular;360.0;12
@ Trivagel N Cre 60Gr;360.0;14
Mioflex A 30mg + 125mg + 50mg + 300mg, caixa com 12 comprimidos;360.0;13
Cloridrato De Metilfenidato 10Mg Ems, Caixa Com 30 Comprimidos;360.0;12
Acido Acetilsalicilico Ems 100Mg, Blister Com 10 Comprimidos;360.0;13
Dorilax DT 450mg + 50mg + 35mg, caixa com 12 comprimidos;360.0;14
Neblock 5mg, caixa com 30 comprimidos;360.0;12
Beclosol nasal aquoso 200doses;360.0;13
Prednisolona 20mg Germed 10 Comprimidos;360.0;14
Synthroid 150Mcg, Caixa Contendo 30 Comprimidos;360.0;13
Aflexa colágeno 30 cápsulas;360.0;15
Olanzapina 10mg Prati Donaduzzi 30 Comprimidos;360.0;13
VELIJA 60MG 30CAP;360.0;12
Gel Facial Anti-idade Ivy C AOX 30gr;360.0;13
Lugano 12mcg + 250mcg 60 Cápsulas;359.0;14
Hixizine 25mg caixa com 30 comprimidos;359.0;14
Acetato De Ciproterona + Etinilestradiol Melcon 2,0 + 0,035Mg, Caixa Com 63 Comprimidos Revestidos;359.0;15
Azitromicina 1g Germed 1 Comprimido Revestido;359.0;13
Amoxicilina 80mg + Clavulanato 11,4mg Eurofarma Suspensão Oral 70ml;359.0;12
Pasta D'água ADV Farma simples, fraco com 135g de pasta dermatológica;359.0;14
Seretide Spray 25 mcg/dose + 125 mcg/dose, caixa com 1 tubo com 120 doses de suspensão de uso inalatória + válvula dosadora;359.0;13
Fumarato Quetiapina 50Mg Xr 30Cp Eur;359.0;12
Dipirona Monoidratada Medley 500Mg, Caixa Com 30 Comprimidos;359.0;14
Prelone Gotas Aché 20mL;359.0;14
Ansitec 5mg 60 Comprimidos;359.0;14
Mestinon 60mg, caixa com 60 comprimidos;359.0;13
Maxidrate 6mg Gel Nasal com 30g;359.0;14
Trezor 10mg, caixa com 30 comprimidos revestidos;359.0;14
Nitrato De Miconazol Locao Cimed 20Mg G, Caixa Com 1 Frasco Com 30Ml De Locao De Uso Dermatologico;359.0;12
Celecoxibe 200Mg Ems, Caixa Com 30 Capsulas;358.0;14
Menelat 30mg 30 Comprimidos Torrent;358.0;13
Babydrax 3,5mg + 2,9mg + 20mg + 1,5mg, caixa com 4 envelopes com 27,9g de pó para solução de uso oral;358.0;12
Xarelto 20mg 28 Comprimidos;358.0;13
Esperson 2,5Mg G, Caixa Com 1 Bisnaga Com 20G De Pomada De Uso Dermatologico;358.0;14
Flogoral 1,5mg/mL, caixa contendo 1 frasco spray com 30mL de colutório sabor cereja;358.0;14
Acebrofilina Neo Química 5mg/mL, caixa com 1 frasco com 120mL de xarope infantil + copo medidor;358.0;13
Pondicilina 1,25mg + 1,25mg, caixa com 12 pastilhas, menta;358.0;13
Levoid 25Mcg, Caixa Contendo 30 Comprimidos;358.0;14
Cloridrato de Sertralina 100mg Eurofarma 30 Comprimidos Revestidos;358.0;14
Algi Articular Com 30 Sachês Sabor Abacaxi;358.0;13
Selene 0,035mg + 2mg, caixa com 63 comprimidos revestidos;358.0;13
Maracujá Concentrix sem Açúcar Legrand Pharma 100mL;358.0;12
Esomeprazol Magnésico 40mg 14 Comprimidos Revestidos - EMS;358.0;13
Ácido Acetilsalicílico 100mg Genérico Cimed 30 Comprimidos;358.0;14
Fledoid 5mg/g, caixa com 1 bisnaga com 40g de gel de uso dermatológico;358.0;14
Lavitan A-Z + Mulher 60 Comprimidos Revestidos;357.0;13
Tylenol Comprimido 500Mg, Caixa Com 20 Comprimidos Revestidos;357.0;13
Trol Par 37,5Mg + 325Mg, Com 20 Comprimidos;357.0;13
Resist 500mg 30 Cápsulas;357.0;13
Neozine 100mg caixa com 20 comprimidos;357.0;13
Lavie 50mg ml Xarope 100ml;357.0;16
Viagra 50mg, 2 comprimidos;357.0;13
Bup Xl 300Mg Com 30 Comprimidos De Liberacao Prolongada;357.0;12
Floral De Bach Deixar De Fumar 30mL;357.0;14
Magnazia 153mg + 200mg + 25mg, caixa com 30 comprimidos, sabor abacaxi;357.0;13
Minima 0,06Mg + 0,015Mg, Caixa Com 72 Comprimidos Revestidos + 12 Comprimidos Inertes;357.0;14
Xalacom 2,5ml Solução Oftálmica Pfizer;356.0;15
Eliquis 2,5mg 60 Comprimidos Revestidos;356.0;13
Frusalt 460Mg G + 100Mg G + 440Mg G, Frasco Com 100G De Po Efervescente De Uso Oral;356.0;14
Fumarato Quetiapina 25mg 30Cp Teu;356.0;13
Bramicar 40mg, Caixa Com 30 Comprimidos;356.0;14
Novalgina 500mg 30 Comprimidos;356.0;12
Dipirona Monoidratada Comprimido Prati-Donaduzzi 500mg, blíster com 10 comprimidos;356.0;14
Dorflex UNO 1g, caixa com 10 comprimidos;356.0;13
Simeticona Medquímica 75mg/mL, caixa com 1 frasco gotejador com 15mL de emulsão de uso oral;356.0;14
Organoneuro Cerebral 100Mg + 100Mg + 25Mg + 10Mg + 5Mcg, Frasco Com 25 Drageas;356.0;14
Atroveran Dip 1g, caixa com 20 comprimidos;356.0;13
Tericin AT 25 + 125mg creme vaginal bisnaga com 45g + 10 aplicadores;356.0;13
Coversyl 4mg, caixa com 30 comprimidos;356.0;14
Levolukast 10mg + 5mg, caixa com 14 comprimidos revestidos;356.0;15
Rinosoro Jet XT 9,0mg ml Descongestionante Spray 100mL;356.0;12
Suplemento Alimentar Infantil Liromag com 30 sachês;356.0;13
Adorlan 25mg + 25mg, caixa com 20 comprimidos;356.0;12
Cilodex Colírio 5ml;356.0;13
Solução Antisséptica Bucal Malvatricin PPU com 250mL;356.0;14
Sandrena 0,5mg 0,5g Organon 28 Sachês;356.0;14
Pressat 2,5mg, caixa com 30 comprimidos;355.0;14
Diclofenaco Sódico Comprimido EMS 100mg, caixa com 10 comprimidos revestidos de liberação prolongada;355.0;12
Contractubex 100Mg G + 10Mg G + 0,4Mg G, Caixa Com 1 Bisnaga Com 20G De Gel De Uso Dermatologico;355.0;15
@ Cylocort Pom Oft3,5Gr;355.0;15
Rosuvastatina Calcica 10mg com 30 Comprimidos Germed;355.0;13
Frontal 1mg caixa com 30 comprimidos;355.0;15
Biotonico Fontoura Frasco Com 400Ml De Solucao De Uso Oral;355.0;15
Diclofenaco Potassico Cimed 50Mg, Caixa Com 20 Comprimidos Revestidos;355.0;12
Glicerin 6 supositórios Infantil;355.0;12
Dozemast 1.000mcg, caixa com 30 comprimidos sublingual;355.0;14
Doxaprost Mesilato de Doxazosina 2mg 30 Comprimidos;355.0;14
Labirin 24Mg, Caixa Com 30 Comprimidos;355.0;16
Diclofenaco Sódico Biosintética - Aché 50mg, caixa com 20 comprimidos revestidos;355.0;12
Angeliq Estradiol 1mg + Drospirenona 2mg 28 comprimidos;355.0;15
Valtrian 50mg, caixa com 30 comprimidos revestidos;354.0;13
Flebon 50mg Farmoquimica 30 Comprimidos;354.0;13
Diclofenaco Dietilamônio Cimed 10mg/g, caixa com 1 bisnaga com 60g de gel de uso dermatológico;354.0;13
Tylenol Comprimido 750mg, blíster com 4 comprimidos revestidos;354.0;14
Profenid Retard 200Mg Com 10 Comprimidos;354.0;14
Crestor 10mg, caixa com 30 comprimidos revestidos;354.0;13
Aerolin 5mg Solução para Nebulização 10mL GSK;354.0;13
Leite de Magnésia Magmax 1200mg/15mL, caixa com 1 frasco com 100mL de suspensão de uso oral, sabor tradicional;354.0;12
Drospirenona + Etinilestradiol Eurofarma 3mg + 0,03mg, caixa com 63 comprimido revestidos;354.0;16
Divena 40mg com 30 comprimidos;354.0;15
Bi-Profenid 150mg caixa com 10 comprimidos;354.0;15
Fibra Leve Fiber Kester 200g;354.0;12
Bissulfato de Clopidogrel Nova Química 75mg, caixa com 28 comprimidos revestidos;354.0;14
Epez 10mg caixa com 30 comprimidos;354.0;12
Baclofeno Uniao Quimica 10Mg, Caixa Com 20 Comprimidos;354.0;14
Gino-Canesten 500mg, caixa com 1 comprimido vaginal + 1 aplicador;354.0;15
Solução Injetável Trulicity 1,5mg  0,5mL Eli Lilly 2 Canetas Descartáveis;354.0;13
Celecoxibe 200mg Eurofarma 30 Comprimidos;354.0;13
Diovan Hct 80Mg + 12,5Mg, Caixa Com 28 Comprimidos Revestidos;353.0;14
Diovan Amlo Fix 160mg + 5mg, caixa com 28 comprimidos revestidos;353.0;12
Diosmin 500mg Caixa Com 30 Comprimidos Revestidos;353.0;13
Tilugen 3,54mg mL Xarope 120mL;353.0;12
Sinvastatina Sandoz 40mg, caixa com 30 comprimidos revestidos;353.0;13
Quelatus Mulher 30 Cápsulas;353.0;13
Rosuvastatina 10Mg Com 30 Comprimidos Althaia;353.0;14
Quet XR 50mg 30 Comprimidos;353.0;13
Ritmonorm 300mg 30 Comprimidos Abbott;353.0;13
Sabonete Antisséptico Darrow Soapelle barra com 70g;353.0;13
Dipirona Monoidratada Comprimido Prati-Donaduzzi 500mg, caixa com 20 comprimidos;353.0;13
Dramin B6 25mg/mL + 5mg/mL, caixa com 1 frasco gotejador com 30mL de solução de uso oral;353.0;14
Nisulid 100Mg, Caixa Com 12 Comprimidos Dispersiveis;353.0;13
Ezetimiba Ems 10Mg, Caixa Com 15 Comprimidos;353.0;14
Micardis 40mg caixa 30 comprimidos;353.0;14
Cilostazol 50mg 60 comprimidos Eurofarma Genérico;353.0;12
Folifer Gotas 30Ml;353.0;14
Arnica Gel 250mg 30g;353.0;15
Suplemento Alimentar de Fibras Nestlé FiberMais Zero Açúcares laranja, lata com 170g;353.0;13
Cloridrato de Terbinafina 1  EMS Creme Dermatológico 20g;352.0;12
Adipept 40mg 42 Comprimidos;352.0;12
Etna Cápsula 1,0mg + 2,5mg + 1,5mg, caixa com 20 cápsulas gelatinosas duras;352.0;12
Glimepirida Cimed 4Mg, Caixa Com 30 Comprimidos;352.0;13
Sonitus PLUS Triptofano 210mcg Kester 60 comprimídos;352.0;14
Hidroclorotiazida Medley 25mg, caixa com 30 comprimidos﻿;352.0;12
Montelucaste de Sódio Medquímica 4mg, caixa com 30 comprimidos mastigáveis;352.0;14
Actonel Chronos 35mg, caixa com 4 comprimidos revestidos de liberação retardada;352.0;14
Paracetamol 750mg 20 Comprimidos - Cimed;352.0;13
Avamys 0,5mg/g, caixa com 1 frasco spray com 120 doses de suspensão de uso nasal;352.0;14
Daivobet Pomada 30g;351.0;12
Novaderm Creme 5mg/g + 5mg/g, caixa com 1 bisnaga com 30g de creme de uso dermatológico;351.0;14
Neosoro H 3  Solução Nasal Spray 60ml;351.0;12
Salsep Kids Lencos Umedecidos Nasais Com 30 Unidades;351.0;14
Ácido Acetilsalicílico EMS 100mg, caixa com 30 comprimidos;351.0;14
Hidraplex 1 envelope com 28,31g de pó para solução de uso oral, sabor uva;351.0;13
Montelucaste De Sodio Comprimido Biosintetica 5Mg, Caixa Com 30 Comprimidos Mastigaveis;351.0;13
Naldecon Noite 400mg + 20mg + 400mg + 4mg, blíster com 4 comprimidos;351.0;13
Restitue 40mg 30 Comprimidos;351.0;13
Cloridrato de Tansulosina 0,4mg EMS com 30 Comprimidos;351.0;13
Predsim Comprimido 5Mg, Caixa Com 10 Comprimidos;351.0;15
GENFIBROZILA 600 24CPR EMS GEN;351.0;13
Sinustrat 9,0mg/mL, caixa com 1 frasco com 10mL de solução de uso nasal;350.0;13
Cloridrato de Fexofenadina Cimed 180mg, caixa com 10 comprimidos revestidos;350.0;13
Ganfort Solução Oftálmica Estéril 3ml;350.0;13
Glifage Xr 850Mg, Caixa Com 30 Comprimidos De Liberacao Prolongada;350.0;13
Brasart HCT 80mg + 12,5mg, caixa com 30 comprimidos revestidos;350.0;13
Sal de Frutas Eno 2 envelopes com 5g de pó efervescente de uso oral, limão;350.0;15
Prednisolona Eurofarma 5mg, caixa com 20 comprimidos;350.0;15
Bactrim 400 + 80mg caixa com 20 comprimidos;350.0;12
Amytril 25mg cx 30 comp rev;350.0;13
Ebatz 2mg 30 Comprimidos;350.0;14
Xarope 44E 1,30mg/mL + 13,30mg/mL, caixa com 1 frasco com 240mL de xarope;350.0;12
Ansitec 10Mg 60Cpr;350.0;12
Montelair 5Mg, Caixa Contendo 30 Comprimidos Mastigaveis;350.0;12
Prometazina Teuto 20mg/g, caixa com 1 bisnaga com 30g de creme de uso dermatológico;349.0;14
Bicarbonato de Sódio ADV Farma caixa com 100g de pó para solução oral;349.0;13
Protetor Solar SEC OC FPS60 Cor Clara Com 60 Ml;349.0;12
Cloridrato de Propranolol União Química 40mg, caixa com 30 comprimidos;349.0;12
Tobramicina 3mg ml Germed Solução Oftálmica 5ml;349.0;13
Olmesartana Medoxomila 40mg + Hidroclorotiazida 25mg 30 comprimidos Eurofarma Genérico;349.0;12
Fumasil 300 Mg 60 Comprimidos;349.0;13
Fumarato Quetiapina  100 30cp Mer;349.0;13
Venula 200mg 60 Cápsulas Biolab;349.0;13
Lantus 100UI/mL, caixa com 1 carpule com 3mL de solução de uso subcutâneo;349.0;13
Venlafaxina 75 30Cap Eur;349.0;14
Claritromicina 500mg Medley 10 Comprimidos;349.0;12
Loratamed 10mg, caixa com 12 comprimidos;349.0;14
Suplemento Alimentar Gummmy Hair Men Sabor Blueberry Com 180Gr;349.0;14
Atacand 8mg caixa com 30 comprimidos;349.0;14
Aldomet 250mg com 30 comprimidos revestidos;349.0;13
Nistatina Gotas Prati-Donaduzzi 100.000Ui Ml, Caixa Com 1 Frasco Gotejador Com 50Ml De Suspensao De Uso Oral;349.0;16
Dexador 5000mg 20 comprimidos;348.0;12
Oxalato de Escitalopram 10mg Nova Química 30 Comprimidos Revestidos;348.0;15
Fluconazol 150mg 2 cápsula Eurofarma Genérico;348.0;15
Cimelide 50mg ml Gotas Suspensão Oral 15ml;348.0;13
Alprazolam 0,5mg 30 Comprimidos Bio;348.0;14
Doss 50000UI, caixa com 4 cápsulas moles;348.0;14
Apice 150Mg Caixa Com 30 Capsulas;348.0;13
Gynotran Óvulo Com 7 Unidades;348.0;14
Diprospan 5mg/mL + 2mg/mL, caixa com 1 ampola com 1mL de suspensão de uso intramuscular + seringa dosadora;348.0;13
Alopurinol Medley 100mg, caixa com 30 comprimidos;348.0;12
Glyxambi 10mg + 5mg, caixa com 30 comprimidos revestidos;348.0;13
Zovirax Cre 10Gr;348.0;14
Tylenol Bebê 100mg/mL, caixa com 1 frasco com 15mL de suspensão de uso oral + seringa dosadora;348.0;14
Sany D 7.000UI, caixa com 8 comprimidos revestidos;348.0;12
Sedamed 20 Comprimidos;348.0;15
Energisan 60 Ml;348.0;14
Fentizol Creme Vaginal 7 Aplicadores;348.0;12
Droxaíne Suspensão Oral 240ml;348.0;13
Venolise 26,7mg, caixa com 30 comprimidos revestidos;348.0;16
Vatis 300mg, caixa com 90 comprimidos revestidos;348.0;14
@ Vigamox Col 5Ml;348.0;13
Aerodini 100mcg/jato-dose, caixa com 1 tubo aerossol com 200 doses de solução de uso oral;348.0;15
Revange 37,5mg + 325,0mg 30 Comprimidos Revestidos;348.0;13
Xefo 8mg 30 Comprimidos;347.0;12
Rosuvastatina Calcica Althaia 5Mg, Caixa Com 30 Comprimidos Revestidos;347.0;14
Novanlo 5mg, caixa com 60 comprimidos;347.0;13
Tecnomet 2,5mg, caixa com 20 comprimidos;347.0;14
Rizi-M 10mg + 5mg, caixa com 14 comprimidos revestidos;347.0;14
Leucogen 80mg Aché 30 Cápsulas;347.0;14
Metamucil 0,562g/g, caixa com 10 envelopes com 5,85g de pó para solução de uso oral sabor laranja;347.0;12
Novalgina Solução Oral 500mg/mL, caixa com 1 frasco gotejador com 20mL de solução de uso oral;347.0;13
Losartana Potássica Medley 50mg, caixa com 30 comprimidos revestidos;347.0;13
Codein 30Mg 30Cpr A2;347.0;13
Luftal 75mg/mL, caixa com 1 frasco gotejador com 30mL de emulsão de uso oral;347.0;15
Calicida frasco com 10mL de solução de uso dermatológico;347.0;12
Pregabalina Althaia 75Mg, Caixa Com 30 Capsulas;347.0;13
Aspirina C 400Mg + 240Mg, Envelope Com 2 Comprimidos Efervescentes Sabor Limao;347.0;12
Esomeprazol Magnésico Tri-Hidratado Legrand 40mg, caixa com 14 comprimidos revestidos de liberação retardada;347.0;13
Epiduo 1mg/g + 25mg/g, caixa com 1 bisnaga com 30g de gel de uso dermatológico;347.0;12
Bactrim 40 + 8mg suspensão frasco com 100ml pediátrico;347.0;13
Florastor Caixa Com 6 Saches Com 4G De Po Para Solucao De Uso Oral;347.0;15
OHDE 15.000UI 4 Cápsulas Moles;346.0;13
Descongestionante Inalador Vick 0,5g;346.0;14
Montelair 10mg, caixa contendo 60 comprimidos revestidos;346.0;13
Tâmisa 30 0,075mg + 0,030mg, caixa com 28 comprimidos revestidos;346.0;13
Fenobarbital 40mg ml União Química Solução Oral;346.0;13
Esomeprazol 40Mg Com 28 Comprimidos Ranbaxy;346.0;14
Rosuvastatina Cálcica Biosintética - Aché 10mg, caixa com 30 comprimidos revestidos;346.0;13
Addera +Muscular Com 30 Saches;346.0;14
Odorizante De Ambiente Bendita Canfora 8 Tabletes;346.0;13
Vick Vapo Spray caixa com 1 frasco spray com 100mL de solução de uso nasal;346.0;15
Sabonete Galderma Soapex Essencial líquido, 1 unidade com 120mL;346.0;12
Atenolol 50mg + Clortalidona 12,5mg Eurofarma 30 Comprimidos;346.0;14
Euthyrox 75Mcg, Caixa Com 50 Comprimidos;346.0;12
Depakene 500mg caixa com 50 comprimidos revestidos;346.0;13
Melocox 15mg, caixa com 10 comprimidos;346.0;15
Dprev Todo Dia Capsula 2.000Ui, Caixa Com 30 Capsulas Moles;346.0;13
Diprosalic 064 + 30mg pomada bisnaga com 30g;345.0;16
Quetros 25Mg Com 60 Comprimidos;345.0;15
Galvus 50mg Caixa com 56 Comprimidos;345.0;13
Urovit 200mg, caixa com 18 drágeas;345.0;14
20 bi com 10 cápsulas;345.0;14
Resfenol 4Mg + 4 Mg + 400 Mg 200 Capsulas Kelyhertz;345.0;13
Fluviral Dia 800mg + 20mg, caixa com 20 comprimidos;345.0;15
Hidraplex 1 envelope com 28,31g de pó para solução de uso oral, sabor água de coco;345.0;14
Omnaris 50mcg/dose, caixa com 1 frasco com 120 doses de suspensão de uso nasal;345.0;14
Dunia 35 21 Comprimidos Revestidos;345.0;12
Rosuvastatina 20mg 30cpr germed;345.0;13
Simeticona 75mg ml Biosintética Sabor Laranja Emulsão Gotas 10ml;345.0;13
Dprev 10.000UI, caixa com 4 comprimidos revestidos;345.0;14
Zirvit Baby caixa com frasco de 30mL com solução oral;345.0;13
Flanax 275Mg, Caixa Com 2 Comprimidos Revestidos;345.0;13
Addera D3 4.000Ui Com 90 Capsulas;345.0;15
Corus H 50mg + 12,5mg 30 Comprimidos Biosintética;344.0;13
Depakote ER 250mg cx 60 comp rev;344.0;13
Depakote Sprinkle 125mg 60 Cápsulas Gelatinosas;344.0;13
Sorine 0,5mg/mL, caixa com 1 frasco gotejador com 30mL de solução de uso nasal;344.0;13
Tylenol Dc 500Mg, Caixa Com 20 Comprimidos;344.0;14
Oxalato de Escitalopram 10mg Eurofarma 30 Comprimidos Revestidos;344.0;12
Naproxeno Neo Química 550mg, caixa com 10 comprimidos revestidos;344.0;13
Atak Clav 875mg + 125mg 14 Comprimidos Revestidos;344.0;15
Astro 500mg 3 Comprimidos;344.0;12
Allestra 30 0,075Mg + 0,030Mg, Caixa Com 63 Comprimidos Revestidos;344.0;12
Glineon Abacaxi 500Ml;344.0;13
Suplemento Alimentar Extima Baunilha Com 30 Saches;344.0;15
Imunoflan Pelargonium Sidoides 307,39mg mL Xarope 120mL;344.0;13
Hidraenema Hidratante Anal em Gel com 15gr C 5bisnagas;344.0;13
Hidroclorotiazida Medquimica 25Mg, Caixa Com 30 Comprimidos;344.0;16
Imussuprex 50mg, caixa com 50 comprimidos revestidos;344.0;16
Apracur 1mg + 100mg + 50mg, blíster com 6 comprimidos revestidos;344.0;14
Clortalidona Ems 25Mg, Caixa Com 60 Comprimidos;344.0;13
Zanidip 10mg, caixa com 30 comprimidos revestidos;343.0;12
Sonrisal 2 Comprimidos Efervescentes Sabor Limao;343.0;15
Rehidrat 50 Sabor Laranja Rehidrat 4 envelopes;343.0;12
Ibuprofeno Comprimido Prati-Donaduzzi 600mg, caixa com 20 comprimidos revestidos;343.0;12
Sinvastatina Merck 10mg, caixa com 30 comprimidos revestidos;343.0;12
Phosfoenema caixa com 1 frasco com 130mL de solução de uso retal;343.0;15
Femina 150mcg + 20mcg comprimidos;343.0;14
Diminut 0075 + 002mg caixa com 63 comprimidos revestidos;343.0;13
Complexo B Kester 100 comprimidos;343.0;13
Varfarina Sodica Uniao Quimica 5Mg, Caixa Com 30 Comprimidos;343.0;15
Seki 3,54mg/mL, caixa com 1 frasco com 120mL de xarope + copo medidor;343.0;12
Hirudoid 300mg Gel com 40g;343.0;14
Trok N Pomada 30g;342.0;16
Bamifix 300Mg, Caixa Com 20 Drageas;342.0;14
@ Tobradex Col 5Ml;342.0;14
Meloxicam 7,5Mg Com 10 Comprimidos Nova Quimica;342.0;12
Procimax 40mg caixa com 28 comprimidos revestidos;342.0;14
Piascledine 300mg 30 cápsulas;342.0;14
Dicloridrato de Cetirizina Comprimido Medley 10mg, caixa com 12 comprimidos revestidos;342.0;12
Carvedilol Biosintética - Aché 12,5mg, caixa com 30 comprimidos;342.0;13
Nuvaring 1Anel Vaginal;342.0;14
Ecos 3mg/mL, caixa com 1 frasco com 120mL de xarope;342.0;12
Clotrimazol 10 Mg Creme Dermatologico 20 Gramas  Ems Gen;342.0;12
Toragesic 10Mg, Caixa Com 10 Comprimidos Sublinguais;342.0;14
Dexa-Citoneurin NFF 100mg + 100mg + 5mg + 4,37mg, caixa com 3 ampolas com 1mL de solução de uso intramuscular + 3 ampolas com 2mL de diluente;342.0;13
Araceli 0,075mg, caixa contendo 28 comprimidos revestidos;342.0;13
Sumax Succinato de Sumatriptana 100mg 2 comprimidos;342.0;15
Aas Protect 100Mg 30Cpr;342.0;14
Isordil SL 5mg caixa com 30 comprimidos sublinguais;342.0;13
Desogestrel Eurofarma 75mcg, caixa com 84 comprimidos revestidos;342.0;13
Maxalgina Solução Oral 500mg/mL, caixa com 1 frasco gotejador com 20mL de solução de uso oral;342.0;14
Spidufen 770mg, caixa com 6 comprimidos revestidos;342.0;13
Niquitin 21Mg 7 Adesivos;341.0;15
@ Amoxicilina+Clav 875Mg 14Cp Eur;341.0;14
Estomazil 1 Envelope Abacaxi X50;341.0;12
Cloridrato de Duloxetina 30mg Genérico Legrand Pharma 30 cápsulas;341.0;13
Alprazolam 1 30Cpr Ger;341.0;12
Camilia 3,333Mg + 3,333Mg + 3,333Mg, 30 Flaconetes Com 1Ml De Solucao De Uso Oral;341.0;12
Aerolin para Nebulização Nebules 1mg/mL, caixa com 20 ampolas com 2,5mL de solução para nebulização + envelope;341.0;12
Amoxicilina 875mg 14cpr ger;341.0;14
Micardis Anlo 40 5 30Cpr Zz;341.0;15
Artrogen Duo 30 Saches De 11G Com Po Para Solucao Oral;341.0;14
Nistatina + Óxido de Zinco EMS 100.000UI/g + 200mg/g, caixa com 1 bisnaga com 60g de pomada de uso dermatológico;341.0;13
Traum Retard 100mg 10 Comprimidos;341.0;16
Traturil 5,631g 1 Envelope 8g;341.0;12
Ezetimiba 10Mg 30Cpr Alth;341.0;14
Xarope Desloratadina 0,5mg mL Nova Química;341.0;16
Cloridrato De Fexofenadina Cimed 60Mg, Caixa Com 10 Comprimidos Revestidos;341.0;13
Bupropiona 150 30Cpr Ems;341.0;12
Combigan Allergan Solução Estéril - 5mL;341.0;15
Bepantriz 50mg/g, caixa com 1 bisnaga com 30g de pomada de uso dermatológico;340.0;14
Salsep Jet 9mg/mL, frasco com 100mL de solução de uso nasal;340.0;13
Pondera 20mg 30 Comprimidos;340.0;12
Digesan 10Mg Com 20 Capsulas;340.0;12
Brasart BCC 320 + 10mg, caixa com 30 comprimidos revestidos;340.0;13
Sumax Comprimido 25mg, caixa com 4 comprimidos revestidos;340.0;13
Dprev 2.000UI, caixa com 30 comprimidos revestidos;340.0;16
Bicarbonato de Sódio ADV Farma caixa com 10 sachês de 2,5g de pó para solução de uso oral;340.0;14
Dipirona Gotas 10ml Germed;340.0;12
Caltrate 600 + D 600mg + 200UI, caixa com 60 comprimidos revestidos;340.0;14
Calman 0,5Ml 5Ml + 0,35Ml Ml, Caixa Com 1 Frasco Com 100Ml De Solucao De Uso Oral;340.0;12
ZZ FOLAGEST 400MG 45CPR;339.0;13
Nitrato De Miconazol Creme Neo Quimica 20Mg G, Caixa Com 1 Bisnaga Com 28G De Creme De Uso Dermatologico;339.0;13
Nortriptilina 25 30Cap Eur;339.0;13
Diosmin SDU 900mg + 100mg, caixa com 30 sachês com 5g de granulado para solução oral (sabor abacaxi);339.0;15
Benicar Anlo 20mg + 5mg com 30 comprimidos;339.0;15
Diprosalic 064 + 20mg solução frasco com 30ml;339.0;13
Ablok 25Mg 30Cpr;339.0;12
Atorvastatina 20 Mg 30 Comprimidos Leg;339.0;13
Synthroid 50Mcg, Caixa Contendo 30 Comprimidos;339.0;14
Seretide Diskus 50mcg + 250mcg, caixa com 1 frasco com 60 doses de pó para inalação de uso oral;339.0;12
Candicort 20Mg G + 0,64Mg G, Caixa Com 1 Bisnaga Com 30G De Pomada De Uso Dermatologico;339.0;12
Vick Pastilhas Sabor Menta 5 Unidades;339.0;15
Cetoprofeno 150mg 10 comprimidos EMS Genérico;339.0;12
Clinfar 10mg caixa com 30 comprimidos revestidos;339.0;13
Plaq 75mg, caixa com 30 comprimidos revestidos;339.0;15
Amoxicilina 500mg Eurofarma Frasco 150ml;339.0;12
Pietra ED 2mg, caixa com 30 comprimidos revestidos;339.0;13
Vitergan Master 30Cpr;339.0;12
Acetilcisteína  600mg Kester 16 sachês;339.0;13
Dicloridrato de Betaistina Eurofarma 24mg, caixa com 30 comprimidos;339.0;13
Carvedilol 25 mg 30 comprimidos;338.0;16
Astro 600mg Suspensão Oral 15ml;338.0;14
Pharmaton Imunidade e Energia caixa com 60 cápsulas;338.0;13
Phitóss 7mg/mL, caixa com 1 frasco com 240mL de xarope;338.0;13
Cloridrato de Tramadol 100Mg ml Neo Química 10ml solução gotas;338.0;16
Dorto 150Mg, Caixa Com 1 Comprimido Revestido;338.0;13
Sabonete Soapex 1  80g;338.0;15
Diovan Amlo Fix 320mg + 5mg, caixa com 28 comprimidos revestidos;338.0;13
Xafac 15Mg Com 28 Comprimidos Revestidos;338.0;19
Dicloridrato de Pramipexol 0,250mg Genérico Prati- Donaduzzi 30 Comprimidos;338.0;13
Acetilcisteína Legrand 20mg/mL, caixa com 1 frasco com 120mL de xarope infantil + copo medidor;338.0;14
Maracugina PI 90mg/mL, frasco com 100mL de solução de uso oral;338.0;14
Xarelto 20mg, caixa com 14 comprimidos revestidos;338.0;15
Insit 100Mg Com 30 Capsulas Duras;338.0;15
Allexofedrin D 60 + 120mg, caixa com 10 comprimidos revestidos;337.0;12
Spiriva Respimat 2,5 mcg Boehringer 4mL;337.0;12
Carbocisteína EMS 50mg/mL, caixa com 1 frasco com 20mL de solução de uso oral;337.0;17
Puran T4 88Mcg 30 Comprimidos;337.0;12
Cloridrato de Fexofenadina 120mg Cimed;337.0;15
Olmesartana Medoxomila 20mg + Hidroclorotiazida 12,5mg 30 comprimidos Eurofarma Genérico;337.0;14
Glyquin XM 40mg/g + 100mg/g, caixa com 28 sachês com 1g de creme de uso dermatológico;337.0;12
Gliclazida 60 Mg 60 Comprimidos Ems;337.0;13
Donaren 50mg 60 Comprimidos Revestidos;337.0;12
Miorrelax 300 35 50mg 10 comprimidos;337.0;12
Florax Sm 50Mi Ml, Caixa Com 5 Flaconetes Com 5Ml De Solucao De Uso Oral, Pediatrico;337.0;14
Vazidin Mr 35Mg, Caixa Com 60 Comprimidos Revestidos;337.0;14
Rosuvastatina Calcica Nova Quimica 10Mg, Caixa Com 30 Comprimidos Revestidos;337.0;13
Tramal 100mg caixa com 10 comprimidos;337.0;12
Humulin N 2 refis com 30ml;337.0;12
Sulfato de Neomicina + Bacitracina Zíncica EMS 5mg + 250UI/g, caixa com 1 bisnaga com 15g de pomada de uso dermatológico;337.0;14
Tiorfan Racecadotrila 100mg 9 cápsulas;337.0;15
Tylenol Gotas 200mg/mL, caixa com 1 frasco gotejador com 15mL de solução de uso oral;336.0;13
Canesten Clotrimazol 10mg g Creme Dermatológico 20g;336.0;14
Lamotrigina - Althaia 50mg caixa com 30 comprimidos;336.0;13
Paxil CR 125mg caixa com 30 comprimidos;336.0;15
Insit 50mg 30 Cápsulas Duras;336.0;16
Piroxicam 20mg Genérico Neo Química 15 Cápsulas;336.0;15
Cilostazol Biosintética - Aché 50mg, caixa com 60 comprimidos;336.0;13
Pantogar Men 30 Cápsulas;336.0;12
Mylanta Plus 80mg/mL + 80mg/mL + 6mg/mL, caixa com 1 frasco com 240mL de suspensão de uso oral, morango;336.0;13
Betina 24Mg, Caixa Com 30 Comprimidos;336.0;14
Cetoconazol Xampu EMS 20mg/g, caixa com 1 frasco com 100mL de xampu;336.0;15
Flutivate 05mg creme dermatológico frasco com 15g;336.0;16
Duomo HP 2mg + 5 mg, caixa com 30 cápsulas duras;336.0;14
Peridal 10Mg, Caixa Com 60 Comprimidos;336.0;13
Cloridrato de Duloxetina 30mg 30 Cápsulas Nova Quimica;336.0;14
Pomada Imescard Caixa Com 1 Bisnaga Com 25G De Pomada De Uso Retal + Aplicador;336.0;13
Spray Apis Flora Propolis, Mel E Menta 30Ml;336.0;13
Combodart 0,5Mg + 0,4Mg, Caixa Com 30 Capsulas Gelatinosas Duras;336.0;12
Doricin 36 Comprimidos;335.0;13
Locao Para Pernas E Pes Fletop 200Ml;335.0;13
Sintocalmy 300Mg, Caixa Com 20 Comprimidos Revestidos;335.0;14
Enalapril 5mg 30 Comprimidos-Legrand Genérico;335.0;13
Ansitec 5mg 90 Comprimidos;335.0;13
Vesicare 10mg com 30 Comprimidos;335.0;13
Amato 25mg 60 Comprimidos;335.0;13
Anafranil 25mg caixa com 20 drágeas;335.0;13
Olmecor 40 Mg 30 Comprimidos;335.0;13
Base Fortalecedora Top Beauty Super D-tone SOS Unhas 7mL;335.0;12
Pilulas Imescard 10Mg + 10Mg + 10Mg + 30Mg, Caixa Com 36 Drageas;335.0;14
Trezete 20mg + 10mg, caixa com 30 comprimidos revestidos;335.0;13
Torval CR 500mg caixa com 30 comprimidos;335.0;12
Azitromicina 500mg Globo Genérico com 5 Comprimidos Revestidos;335.0;13
Maleato de Midazolam - Medley 15mg caixa com 30 comprimidos;335.0;13
Novalgina 50Mg Ml, Caixa Com 1 Frasco Com 100Ml De Solucao De Uso Oral + Seringa Dosadora Copo;334.0;14
Puran T4 37,5Mcg 30 Comprimidos;334.0;13
Calcitran D3 400UI, caixa com 30 comprimidos revestidos;334.0;15
Canesten 10mg/mL, caixa com 1 frasco spray com 30mL de solução de uso dermatológico;334.0;13
Parasin 40Mg Ml, Caixa Contendo 1 Frasco Com 10Ml De Suspensao De Uso Oral;334.0;12
Versa 60mg + 2 Seringas Preenchidas com 0,6ml;334.0;12
Lisinopril Medley 10mg, caixa com 30 comprimidos;334.0;13
Astro 500mg 2cpr;334.0;12
Fluimucil 40Mg Ml, Caixa Com 1 Frasco Com 120Ml De Xarope + Copo Medidor;334.0;13
Concor HCT 5mg + 12,5mg caixa com 30 comprimidos;334.0;14
Suplemento Vitaminico Velus Mag 30 Cpr;334.0;12
Musculare 10mg, Caixa Com 15 Comprimidos;334.0;14
Pressat Besilato de Anlodipino 2,5mg 60 comprimidos;334.0;13
Polaramine 0,4mg/mL, caixa com 1 frasco com 120mL de solução de uso oral + copo medidor;334.0;13
Base Endurecedora com Formol Top Beauty Concreto SOS Unhas 7mL;334.0;12
Neosaldina 30mg + 300mg + 30mg, blíster com 4 drágeas;334.0;15
Femiane 0,075Mg + 0,020Mg, Caixa Com 21 Drageas;334.0;12
Allegra 6mg/mL, caixa com 1 frasco com 150mL de suspensão de uso oral + seringa dosadora, sabor framboesa;334.0;16
Gabapentina 300 30Cap Biol;333.0;12
Olmesartana 40mg 30 Comprimidos Althaia;333.0;15
Fitoless 30Caps;333.0;12
Brasart BCC 320 + 5mg, caixa com 30 comprimidos revestidos;333.0;13
Toperma 5 , Caixa Com 10 Emplastros;333.0;14
Fenazic 7,5 Com 30 Comprimidos;333.0;14
Risperidon 1mg ml solução oral frasco com 30ml;333.0;13
Prednisona Neo Quimica 20Mg, Caixa Com 10 Comprimidos;333.0;14
Remilev 20Cpr;333.0;12
Losartana Potássica 50mg 30 Comprimidos Revestidos;333.0;12
Proctan 5Mg G + 20Mg G + 20Mg G + 100Mg G, Caixa Com 1 Bisnaga Com 25G De Pomada De Uso Retal;333.0;13
Corticorten 5Mg, Caixa Com 20 Comprimidos;333.0;13
Babymed 10000UI/g + 400UI/g + 100mg/g, bisnaga com 45g de pomada de uso dermatológico;333.0;14
Conexium 30 Comprimidos;333.0;12
Tadalafila 20Mg Germed, Caixa Com 2 Comprimidos Revestidos;332.0;12
Andolba Aerossol 4,5Mg G + 0,5Mg G + 0,5Mg G, Caixa Com 1 Tubo Aerosol Com 43G De Solucao De Uso Dermatologico;332.0;13
Psorex Pomada 30 Gramas;332.0;13
Besilato de Anlodipino Geolab 10mg, caixa com 30 comprimidos;332.0;14
Pentoxifilina 400mg EMS com 30 comprimidos;332.0;15
Aradois 25mg, caixa com 60 comprimidos revestidos;332.0;14
Arflex Retard 200Mg, Caixa Com 6 Capsulas De Acao Prolongada;332.0;13
Prelone 20mg 10 Comprimidos;332.0;13
@ Azitromicina 500Mg 5Cpr Neo;332.0;13
Xafac 20mg, caixa com 28 comprimidos revestidos;332.0;13
Nistatina Creme Vaginal Neo Química 25.000UI/g, caixa com 1 bisnaga com 60g de creme de uso vaginal + 14 aplicadores;332.0;13
Lavitan Kids Sabor Tutti-Frutti Solução Oral com 240ml;332.0;14
Seretide Spray 25mcg/dose + 50mcg/dose, caixa com 1 tubo aerossol com 120 doses de suspensão de uso oral + válvula dosadora;332.0;13
Cilostazol Biosintetica 50Mg, Caixa Com 30 Comprimidos;332.0;12
Aciclovir 200mg 30 comprimidos Cimed Genérico;332.0;15
Procoralan Ivabradina 5mg 56 Comprimidos;331.0;13
Desalex 0,5mg ml Xarope Pediátrico Uso Oral 100ml + Seringa Dosadora;331.0;13
Osteoban 150Mg, Caixa Com 3 Comprimidos Revestidos;331.0;14
Meloxicam 15 Mg 10 Comprimidos Neo;331.0;12
Succinato de Metoprolol 100mg 30 Comprimidos - Biolab;331.0;14
@ Ciprofloxacino 500 14Cp Eur;331.0;14
@ Maxiflox D Pom Oft;331.0;14
Corus 25mg 30 Comprimidos;331.0;13
Bravan Duo 320Mg + 5Mg Com 30 Comprimidos Revestidos;331.0;14
Resfenol 400mg + 4mg + 4mg, envelope com 5g pó para solução de uso oral;331.0;13
Lamotrigina 50mg 30 Comprimidos - Eurofarma;331.0;14
Cloridrato de Bromexina 8mg 5ml Medley Frasco 120ml + Copo Medidor;331.0;15
Rinosoro SIC 30mg/mL, frasco spray com 50mL de solução de uso nasal;331.0;12
Tamisa 20 0,075Mg + 0,020Mg, Caixa Com 63 Comprimidos Revestidos;331.0;13
Rilan 20mg/mL, caixa com 1 frasco spray com 15mL de solução de uso nasal;331.0;12
Máscara Facial Anti-idade Collagen Mask 10gr;331.0;13
Naridrin 0,5Mg Ml + 0,2Mg Ml + 5Mg Ml, Caixa Com 1 Frasco Gotejador Com 15Ml De Solucao De Uso Nasal;331.0;14
Cloridrato De Ambroxol Cimed 6Mg Ml, Caixa Com 1 Frasco Com 120Ml De Xarope + Copo Medidor;331.0;12
Hemifumarato De Bisoprolol Medley 5Mg, Caixa Com 30 Comprimidos Revestidos;331.0;13
Contraceptivo Niki 3Mg+0,02Mg Blt 28 Comprimidos  24 + 4  Caixa;331.0;13
Pergo Solução Oral 2mg mL Eurofarma 120mL;331.0;13
Diovan 160Mg, Caixa Com 28 Comprimidos Revestidos;331.0;12
Cewin Comprimido 500mg, caixa com 30 comprimidos de desintegração lenta;331.0;14
Melagrião 0,125mg/mL + 0,125mg/mL + 0,0064mg/mL, caixa com 1 frasco com 150mL de xarope;331.0;13
Polvilho Antisséptico Pink 100g;331.0;13
Acetato De Ciproterona + Etinilestradiol Melcon 2,0 + 0,035Mg, Caixa Com 21 Comprimidos Revestidos;330.0;13
Pressat 5mg 30 comprimidos;330.0;12
Puran T4 62,5Mcg 30 Comprimidos;330.0;15
Avide Racecadotrila 100mg 9 cápsulas;330.0;14
Concor 5Mg, Caixa Com 30 Comprimidos Revestidos;330.0;13
Codeina 30Mg Paracetamol 24Cpr Biol;330.0;13
Mesalazina Neo Química 800mg, caixa com 30 comprimidos revestidos;330.0;12
Miosan 5Mg, Caixa Com 30 Comprimidos Revestidos;330.0;12
Zetron XL 150mg 60 Comprimidos Revestidos de Liberação Prolongada;330.0;12
Clonazepam 2mg 30 Comprimidos Ger;330.0;13
Ivermectina Neo Química 6mg, caixa com 2 comprimidos;329.0;12
Nimesulida 100mg Genérico Cimed 12 Comprimidos;329.0;13
Foritus 500mg 14 Comprimidos;329.0;13
Addera D3 50.000ui 4 Comprimidos Revestidos;329.0;13
Clor Tramadol Gts Ger;329.0;13
Bucliplex Liq 120Ml;329.0;15
Paco 500+30Mg Com 24 Comprimidos;329.0;14
Glifage XR 500mg, caixa com 30 comprimidos de ação prolongada;329.0;15
Besilato De Anlodipino Cimed 10Mg, Caixa Com 30 Comprimidos;329.0;13
Levotiroxina Sodica Merck 25Mcg, Caixa Com 30 Comprimidos;329.0;12
Alprazolam 0,5mg 30 comprimidos Nova Quimica;329.0;13
Desloratadina 5mg 10 comprimidos;329.0;14
Albendazol Prati-Donaduzzi 40Mg Ml, Caixa Com 1 Frasco Com 10Ml De Suspensao De Uso Oral;329.0;14
Maresis 9Mg Ml, Frasco Spray Com 100Ml De Solucao De Uso Nasal, Baby;329.0;14
Cloridrato de Metformina 1g 30 comprimidos Merck Genérico;329.0;13
Propomax Dia Laranja, Frasco Com 140Ml;329.0;12
Acnase Gel Antiacne Peróxido de Benzoíla 5  com 20g;329.0;12
Gastrogel Comprimido 153Mg + 200Mg + 25Mg, Caixa Com 20 Comprimidos Mastigaveis;329.0;15
Predsim Comprimido 40Mg, Caixa Com 10 Comprimidos;329.0;17
Captopril Medley 25Mg, Caixa Com 30 Comprimidos;329.0;13
Sulfato Ferroso Kester 60 comprimidos;329.0;13
Venlafaxina 37,5mg 30 Cápsulas - Eurofarma;329.0;12
Busonid 200 mcg + Inalador 60 Cápsulas;329.0;13
Selozok 25mg, caixa com 30 comprimidos de liberação controlada;329.0;14
Hidroclorotiazida 1Farma 25mg, caixa com 30 comprimidos;329.0;13
Sof D 7000UI, caixa com 8 cápsulas gelatinosas moles;328.0;12
Drospirenona + Etinilestradiol 3Mg + 0,02Mg Eurofarma 72 Comprimidos;328.0;13
Astro 900Mg Suspensão 12Ml;328.0;13
Aspirina Prevent 100mg, caixa com 30 comprimidos revestidos;328.0;14
@ Ciprofloxacino 500 6Cp Neo;328.0;14
Desonida 0,5mg g Gel Creme 30g Aché Genérico;328.0;14
Cerazette 75mcg, caixa com 28 comprimidos revestidos;328.0;13
Diovan HCT 320mg + 25mg 28 Comprimidos;328.0;13
Ebastel 10Mg, Caixa Com 10 Comprimidos;328.0;14
Ciflogex Pastilha 3mg, caixa com 12 pastilhas, sabor menta-limão diet;328.0;12
Brondilat Xarope Pediátrico 5mg mL 120mL;328.0;13
Efexor Xr 75Mg 30Cap;328.0;14
Unizinco 17,60Mg Ml, Caixa Com 1 Frasco Com 100Ml De Solucao De Uso Oral + Copo Medidor;328.0;14
Orlistate Neo Quimica 120Mg, Caixa Com 42 Capsulas Gelatinosas Duras;328.0;14
Indapamida Pharlab 1,5mg, caixa com 30 comprimidos revestidos de liberação prolongada;328.0;13
Ferane 35 2mg + 0,035mg 21 Comprimidos Revestidos;328.0;13
Naldecon Multi 400mg + 20mg + 400mg 16 Comprimidos;328.0;14
Fumarato Quetiapina 25mg 30Cp Ems;328.0;12
Concor 2,5Mg, Caixa Com 30 Comprimidos Revestidos;328.0;12
Oxotron 60mg 30 Comprimidos;328.0;15
Latanoprosta Geolab 0,05mg/mL, caixa com 1 frasco gotejador com 2,5mL de solução de uso oftálmico;327.0;12
Azitromicina 900mg Eurofarma Pó para Suspensão Oral 15ml + Diluente 12ml + Seringa Dosadora;327.0;13
Manivasc 10mg caixa com 28 comprimidos;327.0;12
Kaloba 111,111Mg, Caixa Com 21 Comprimidos Revestidos;327.0;14
Spray Nasal Vick Primeira Proteção 15mL;327.0;14
Dramin Capsulas Gelatinosas 50 Mg 10 Capsulas X20;327.0;14
Antrofi Creme Vaginal Eurofarma 30g + 20 Aplicadores;327.0;14
Atorvastatina Cálcica Nova Química 40mg, caixa com 30 comprimidos revestidos;327.0;13
Trok G Creme 30g;327.0;12
Fluimucil 600mg, caixa com 16 comprimidos efervescentes;327.0;12
Rosuvastatina Cálcica 5mg 30 Comprimidos Revestidos - EMS;327.0;13
Mantidan 100Mg 20Cpr;327.0;13
Galvus Met 50mg + 1000mg, caixa com 56 comprimidos revestidos﻿;327.0;13
Levofloxacino Hemi-hidratado 750mg Eurofarma 7 Comprimidos Revestidos;327.0;13
Maleato De Dexclorfeniramina 2 5ML Xpe 100Ml Teu Gen;327.0;13
Floral DE Bach Falta de Memoria 30mL;327.0;14
Alendronato de Sódio 70mg EMS com 4 comprimidos;327.0;12
Flogo Rosa Po 10Env;327.0;15
Dorspan Composto Gotas 10mg 250mg mL 20mL;327.0;12
Atenolol 100mg Medley 30 comprimidos;326.0;14
Prednisolona Prati-Donaduzzi 20mg, caixa com 10 comprimidos;326.0;13
Acebrofilina Xpe Ped Cim;326.0;13
Vitanol-A 0,25mg/g, caixa com 1 bisnaga com 30g de creme de uso dermatológico;326.0;13
Aciclovir 400 Mg 30 Comprimidos Merck;326.0;14
Xarelto 15Mg, Caixa Com 28 Comprimidos Revestidos;326.0;12
Oxipelle 10mg ml Solução  frasco 20ml;326.0;12
Riss 2mg 30 Comprimidos;326.0;12
Comprar Algy-Flanderil 300mg, caixa com 20 comprimidos;326.0;14
Busonid 100mcg Spray com 120 doses;326.0;14
Simeticona 125mg 10 Cápsulas - Biolab;326.0;13
Indapamida Germed Pharma 1,5Mg, Caixa Com 30 Comprimidos Revestidos;326.0;12
Ibuprofeno Comprimido Prati-Donaduzzi 600mg, caixa com 30 comprimidos revestidos;326.0;12
Lisador Dip 500Mg Ml, Frasco Com 20Ml De Solucao De Uso Oral;326.0;14
ZZ Castanha Da India 60 Comprimidoss;326.0;14
Lansoprazol Nova Quimica 30Mg, Caixa Com 28 Capsulas Gelatinosas Duras Com Microgranulos De Liberacao Retardada;326.0;12
Protena Colágeno Não Hidrolisado Tipo II 40mg + Ômega 3 + Vitamina D - 60 cápsulas;326.0;13
Lamitor CD 100mg 30 Comprimidos Para Suspensão de Uso Oral;326.0;12
Ivermectina 6Mg 2Cpr L2 Vitamedic;325.0;15
Cloridrato de Minociclina - Ranbaxy 100mg caixa com 30 comprimidos;325.0;13
@ Rifamicina Spray 20Ml Med;325.0;13
Pulmicort 0,25mg/mL, caixa com 5 frascos com 2mL de suspensão para nebulização;325.0;13
Trol100Mg Com 10 Comprimidos;325.0;13
Succinato de Metoprolol 50mg Biolab 30 Comprimidos;325.0;13
Azitromicina Di-Hidratada 15ml Suspensão Oral Prati Donaduzzi;325.0;15
Domperidona Eurofarma 10 mg, caixa com 60 comprimidos;325.0;13
Micardis HCT 80mg + 12,5mg 30 Comprimidos;325.0;14
Fostair 200mcg + 6mcg, caixa com 1 frasco com 8mL (120 doses) de solução de uso inalatório + dispositivo para inalação com contador;325.0;13
Nascere Vit 30 comprimidos;325.0;13
Base Top Beauty Xi Lascou!! SOS Unhas 7mL;325.0;12
Cloridrato de Ciprofloxacino 500mg Medley 14 Comprimidos Revestidos;325.0;12
Floralac frasco com 120mL de solução de uso oral;325.0;13
Cloridrato de Terbinafina Comprimido Prati-Donaduzzi 250mg, caixa com 28 comprimidos;325.0;12
Plenance Rosuvastatina Cálcica 20mg 90 comprimidos;325.0;12
Plesonax 5mg, caixa com 20 comprimidos revestidos;325.0;13
Plenance 5Mg, Caixa Com 30 Comprimidos Revestidos;325.0;13
Narix 0,5mg/mL, caixa com 1 frasco gotejador com 30mL de solução de uso nasal;325.0;14
Tibolona Nova Química 2,5mg, caixa com 30 comprimidos;325.0;13
Patanol S 2mg/mL, caixa com 1 frasco com 2,5mL de solução de uso oftálmico;324.0;14
Exodus 15mg 60 Comprimidos;324.0;12
Dicoxibe 200mg 15cap zz;324.0;14
Olanzapina 2,5mg Prati Donaduzzi 30 Comprimidos;324.0;12
Esomeprazol Magnésico 40mg 28 Comprimidos Revestidos - EMS;324.0;16
Valerato de Betametasona 1mg Neo Química Creme Dermatológico 30g;324.0;14
Perlatte 9.000FCC, com 30 comprimidos;324.0;13
Diva 3mg + 0,03mg, caixa com 21 comprimidos revestidos;324.0;12
Forfig 200Mg, Caixa Com 60 Comprimidos Revestidos;324.0;14
Narix Spray 9,0mg/mL, frasco com 50mL de solução nasal;324.0;12
Policalcio B12 Suspensao Oral;324.0;13
Tapazol 10Mg, Caixa Com 50 Comprimidos;324.0;14
Multigood Dr. Good Kids morango, frasco com 30 gomas mastigáveis;324.0;12
Melhoral Infantil 8 Comprimidos X25;323.0;12
Mercilon 0,15mg + 0,02mg, caixa com 21 comprimidos;323.0;14
Doriless Comprimido 500Mg + 10Mg + 5Mg, Caixa Com 12 Comprimidos;323.0;12
Venocel Gel 300 Gramas  + Valv Pump;323.0;12
Risperidona - Aché 1mg caixa com 30 comprimidos revestidos;323.0;13
Roxetin Xr 12,5Mg Com 30 Comprimidos;323.0;12
Floratil 200mg, caixa com 6 cápsulas gelatinosas duras;323.0;13
Trayenta Duo 2,5 1000mg com 60 Comprimidos;323.0;13
Dprev Todo Dia Capsula 1.000Ui, Caixa Com 30 Capsulas Moles;323.0;12
Florax SM Pediátrico Sabor Uva com 5 Flaconetes Hebron;323.0;14
Gel Bucal Gengi Baby 10g;323.0;15
Alginac Retard 1mg + 100mg + 100mg + 100mg, caixa com 10 comprimidos revestidos de liberação retardada;323.0;14
Alivium Cápsula 600mg, caixa com 10 cápsulas moles;323.0;12
Ibuprofeno Biosintética - Aché 100mg/mL, caixa com 1 frasco gotejador com 20mL de suspensão de uso oral;323.0;12
Azopt 10Mg Ml, Caixa Com 1 Frasco Com 5Ml De Suspensao De Uso Oftalmico;323.0;14
Ciclopirox Olamina Medley 10mg/mL, caixa com 1 frasco gotejador com 15mL de solução de uso dermatológico;323.0;14
Suplemento Alimentar Algi Ósseo Com 30 Comprimidos;323.0;13
Listo 4mg 10 Comprimidos;323.0;13
Levofloxacino Hemi-hidratado 750mg Eurofarma 5 Comprimidos Revestidos;323.0;13
Zafolat caixa com 90 comprimidos;323.0;13
Sulfato De Salbutamol Prati-Donaduzzi 0,48Mg Ml, Caixa Com 1 Frasco Com 120Ml De Xarope + Copo Medidor;323.0;13
Decadron 0,5Mg 5Ml, Caixa Com 1 Frasco Com 120Ml De Elixir + Copo Dosador;323.0;13
Primosiston Oral 30 Comprimidos;322.0;12
Dorflex 300mg + 35mg + 50mg, caixa com 36 comprimidos;322.0;12
Claritromicina 500mg EMS 10 Comprimidos;322.0;13
Zolfest D 10Mg 20Cpr;322.0;14
Suplemento Alimentar Pharmaton Imunidade e Energia 30 Cápsulas;322.0;12
Lisinopril Medley 20Mg, Caixa Com 30 Comprimidos;322.0;14
Indocid 50Mg, Caixa Com 30 Capsulas Gelatinosas;322.0;13
Contractubex Spray 100mL;322.0;13
Aciclovir Merck 200mg, caixa com 25 comprimidos;322.0;13
Suplemento Calceos Kids Cereja, 200Ml;322.0;14
Salsep Jet Kids 9mg/mL, frasco com 100mL de solução de uso nasal;322.0;14
Nimesulida 50mg mL Genérico Neo Química Gotas 15mL;322.0;12
Piroxicam Neo Química 20mg, caixa com 10 cápsulas gelatinosas duras;322.0;14
Stezza 2,5mg + 1,5mg, caixa com 28 comprimidos revestidos;322.0;13
Voltaren Retard 100Mg, Caixa Com 10 Comprimidos De Desintegracao Lenta;322.0;15
Teflan Tenoxicam 20mg 10 comprimidos;322.0;13
Hidroclorotiazida Neo Química 50mg, caixa com 20 comprimidos;322.0;14
Duomo 2Mg, Caixa Com 30 Comprimidos;322.0;14
Pregabalina 75Mg 30Cap Med;321.0;13
Penetro Descongestionante Solução Via Inalatória 45ml;321.0;13
Dozemast 1.000Mcg, Caixa Com 90 Comprimidos Sublingual;321.0;12
Advil 400Mg Com 20 Capsulas Liquidas;321.0;13
Floral de Bach Polinize Sentimento de Ansiedade 30mL;321.0;14
Betnovate 1mg Creme com 30g;321.0;12
Viverdal 1mg 30 Comprimidos Revestidos;321.0;13
Depura 7000UI, caixa com 8 comprimidos revestidos;321.0;13
Tobrex Pomada Oftalmica 3, 5g;321.0;15
Ezetimiba + Sinvastatina Ems 10Mg + 10Mg, Caixa Com 30 Comprimidos;321.0;14
Duovent N 10mL 200 Doses + Bocal;321.0;13
Tâmisa 30 0,075mg + 0,030mg, caixa com 21 comprimidos revestidos;320.0;14
Lisador 500Mg + 5Mg + 10Mg, Blister Com 8 Comprimidos;320.0;13
Amoxicilina 500mg cx 15 capsulas;320.0;13
Enzilac 9000FCC 30 Comprimidos;320.0;12
Ohde Caps 7.000UI, caixa com 4 cápsulas moles;320.0;12
Acheflan 5mg ml 75ml Aerossol Aché;320.0;12
Ácido Mefenâmico Medley 500mg, caixa com 24 comprimidos﻿;320.0;14
Rinosoro Gotas XT 30ml;320.0;14
Meritor 2mg + 1000mg 30 Comprimidos Revestidos;320.0;13
Vidisic 2mg/ml gel oftálmico tubo com 10g;320.0;13
Neosoro Infantil 9mg mL Descongestionante Gotas 30mL;320.0;16
Extrato de Própolis Propomax sem álcool com 30mL;320.0;12
Rehidrat po 50 4env 7,337gr;320.0;13
Neo Fedipina 10Mg, Caixa Com 30 Comprimidos;320.0;13
Atenolol 25Mg 30Cpr Bio Genn;320.0;13
Riopan Plus Suspensão Oral 80mg/mL + 10mg/mL, caixa com 1 frasco com 240mL de suspensão de uso oral, sabor menta;320.0;12
Clonixinato De Lisina + Cloridrato De Ciclobenzaprina Ems 125Mg + 5Mg, Caixa Com 15 Comprimidos Revestidos;320.0;12
Permese Suspensao Injetavel 1 Ml+Seringa;320.0;15
Florent 200mg/g, caixa com 4 sachês com 1g de pó para suspensão de uso oral;320.0;13
Coristina D 1mg + 10mg + 30mg + 400mg, caixa com 8 comprimidos;320.0;13
Dual 30mg cx 30 cap lib retard;319.0;13
Bromazepam 6mg 30cpr bio g;319.0;15
Plenance Libbs 5mg 90 Comprimidos Revestidos;319.0;12
Addera D3 Capsulas 50.000Ui, Caixa Com 4 Capsulas Moles;319.0;14
Flanax 275mg, caixa com 8 comprimidos revestidos;319.0;14
Decadron 4mg, caixa com 10 comprimidos;319.0;13
Procimax 20mg caixa com 28 comprimidos;319.0;14
Vitaceklitos Duplação Zinco Mastigável Laranja 20 comprimidos;319.0;14
Sany D 5.000ui 4 Cápsulas Moles;319.0;14
@ Amoxicilina 500Mg 21Caps Neo;319.0;13
Osteoban 150Mg, Caixa Contendo 1 Comprimido Revestido;319.0;13
Rubralong morango, frasco com 120mL;319.0;12
Betalor 5mg + 50mg com 30 cápsulas;319.0;14
Risperidona Gts 30Ml Prat;319.0;15
Vertix 5mg/mL, caixa contendo 1 frasco gotejador com 30mL de solução de uso oral;319.0;14
Rilan 40mg/mL, caixa com 1 frasco spray com 13mL de solução de uso nasal;319.0;15
Miosan 10mg 10 Comprimidos Revestidos;319.0;14
Osteotrat Risedronato Sódico 35mg 4 comprimidos;319.0;13
Gestinol 0,030mg + 0,075mg, caixa com 28 comprimidos revestidos;319.0;15
Quelatus Bari caixa com 30 comprimidos;319.0;15
Hidratante Top Beauty Abençoada Cerinha SOS Unhas 6g;319.0;12
Retemic 5mg, caixa com 30 comprimidos;319.0;13
Emulvit D3 1000UI 30 comprimidos;319.0;13
Reconter 10mg caixa com 60 comprimidos revestidos;319.0;15
Celltrient Protect Nutren limão, sachês com 30 unidades de 2,5g cada;319.0;12
Cewin Solução Oral 200mg/mL, caixa com 1 frasco com 20mL de solução de uso oral;319.0;13
Primera 20mcg 21 Comprimidos;319.0;14
Novanlo 2,5mg, caixa com 30 comprimidos;318.0;15
Stilnox 10mg caixa com 20 comprimidos;318.0;12
Hirudoid 300 Mg Pomada 40 Gramas;318.0;12
Deocil SL 10mg comprimidos;318.0;12
Lativax Lactulose Kester Ameixa 120ml;318.0;13
Deller 100mg com 30 comprimidos revestidos;318.0;12
Coryzalia Caixa Com 20 Flaconetes Com 1Ml De Solucao De Uso Oral;318.0;15
Atenolol + Clortalidona Biosintetica 50Mg + 12,5Mg, Caixa Com 30 Comprimidos;318.0;12
Oxalato de Escitalopram 10mg Torrent 30 Comprimidos Revestidos;318.0;12
Buscoduo 10mg + 500mg, caixa com 20 comprimidos revestidos;318.0;15
Tegretol CR 400mg caixa com 60 comprimidos;318.0;14
Rifocina Spray 10mg solução tópica spray frasco com 20ml;318.0;13
Cefalium One 750Mg, Caixa Com 20 Comprimidos;318.0;13
Addera D3 Comprimido 50.000UI, caixa com 6 comprimidos revestidos;318.0;13
Repoflor 200Mg G, Caixa Com 4 Envelopes Com 1G De Po Para Solucao De Uso Oral;318.0;13
Advil 400Mg 8 Capsulas Gelatinosas Moles Blister;318.0;13
Aspirina 500mg, blíster com 10 comprimidos;318.0;14
Azitromicina 500mg Genérico Prati 3 Comprimidos Revestidos;318.0;12
Concardio 5mg, Caixa Com 30 Comprimidos Revestidos;318.0;15
Vitamina D3 Alta D Colecalciferol 7.000UI 4 cápsulas;318.0;14
Edistride 10Mg Com 30 Comprimidos Revestidos;318.0;13
Imosec 2mg, caixa com 12 comprimidos;317.0;13
Mag-B Aspen caixa com 30 comprimidos revestidos;317.0;12
Puran T4 12,5Mcg 30 Comprimidos;317.0;14
Crestor 5mg caixa com 30 comprimidos revestidos;317.0;14
Dolamin Flex 125mg + 5mg, caixa com 15 comprimidos revestidos;317.0;14
Esc 10mg 60 Comprimidos Revestidos;317.0;12
Losartana Potássica 100mg + Hidroclorotiazida 25mg 30 comprimidos;317.0;14
Sany D 10.000ui 4 Cápsulas Moles;317.0;14
Pasalix Pi 500Mg, Caixa Com 30 Comprimidos;317.0;15
Ácido Acetilsalicílico EMS 500mg, blister com 10 comprimidos;317.0;12
Diazepam 5mg Germed 30 comprimidos;317.0;13
Cloridrato de Metformina Medley 500mg, caixa com 30 comprimidos revestidos﻿;317.0;13
Doril Enxaqueca 250Mg + 250Mg + 65Mg, Caixa Com 18 Comprimidos Revestidos;317.0;14
Allestra 20 0,075mg + 0,020mg, caixa com 21 drágeas;317.0;14
Tamoxifeno 20Mg 30Cp Blau;317.0;12
Clonazepam 2,5mg ml Legrand Genérico Gotas com 20ml;317.0;13
Ciprofibrato Biolab Genericos 100Mg, Caixa Com 30 Comprimidos;317.0;13
Anador 500mg/mL, caixa com 1 frasco gotejador com 20mL de solução de uso oral;317.0;13
Brintellix 10Mg 30Cpr;316.0;12
Kóide D 0,25mg/5mL + 2mg/5mL, caixa com 1 frasco com 120mL de xarope + copo medidor;316.0;13
Voltaren 50mg 20 Comprimidos;316.0;12
Drospirenona 3mg + Etinilestradiol 0,03mg;316.0;12
Dprev 50.000Ui, Caixa Com 4 Comprimidos Revestidos;316.0;13
Venlift OD 75mg 30 Cápsulas;316.0;14
Bravan Duo 160Mg + 5Mg Com 30 Comprimidos Revestidos;316.0;14
Gotas Preciosas 0,67Ml Ml, Caixa Com 1 Frasco Com 30Ml De Solucao De Uso Oral;316.0;13
Secnidazol Medley 1000mg, caixa com 2 comprimidos revestidos;316.0;14
Complexo B Kester gotas 20ml;316.0;14
Allegra 180mg, caixa com 10 comprimidos revestidos;316.0;15
Cetoconazol 200mg 10 Comprimidos;316.0;14
Level 100mcg + 20mcg, caixa com 21 comprimidos revestidos;316.0;13
VACINA GRIPE FLUARIX TETRA;316.0;13
Luftal Gel Caps 125mg, caixa com 10 cápsulas gelatinosas moles;316.0;13
Apresolina 50Mg, Caixa Com 20 Drageas;316.0;12
Epez 5mg caixa com 30 comprimidos;316.0;13
Gastrol Abacaxi 1 Envelope X25;316.0;12
Vasogard 50mg, caixa com 60 comprimidos;316.0;13
Promim Creme 30 G 20 Aplicadores;316.0;13
Clotrimazol EMS Sigma Pharma 10mg/g, caixa com 1 bisnaga com 35g de creme de uso vaginal + 6 aplicadores;316.0;13
Refil Foraseq Fumarato de Formoterol Di-Hidratado 12mcg + Budesonida 400mcg 120 cápsulas para inalação;316.0;14
Ácido Tranexâmico EMS 250mg, caixa com 12 comprimidos;315.0;14
Inversion caixa com 30 cápsulas;315.0;12
Zinnat 500mg 14 Comprimidos Revestidos;315.0;14
Secnidazol Nova Quimica 1000Mg, Caixa Com 4 Comprimidos Revestidos;315.0;14
Paratram 375 + 325mg caixa com 30 comprimidos;315.0;15
Diamox 250Mg, Caixa Com 25 Comprimidos;315.0;13
Paco 500+30Mg Com 12 Comprimidos;315.0;13
Maleato de Enalapril Pharlab 20mg, caixa com 30 comprimidos;315.0;12
Rubralong caixa com 30 comprimidos;315.0;13
Pantoprazol Medley 20Mg, Caixa Com 28 Comprimidos Revestidos;315.0;12
Fluxon Cinarizina 75mg 30 Comprimidos;315.0;14
Paco 500+30Mg Com 36 Comprimidos;315.0;12
Proflam Comprimido 100Mg, Caixa Com 12 Comprimidos Revestidos;315.0;14
Dprev 1.000UI, caixa com 30 comprimidos revestidos;315.0;13
Bravan Duo 160mg + 10mg, caixa com 30 comprimidos revestidos;315.0;13
Revange 375 + 325mg caixa com 20 comprimidos revestidos;315.0;13
Famox 40mg Com 30 Comprimidos;315.0;15
Floral De Bach Polinize Fase De Estudante 30mL;315.0;13
Risperidona 1mg Medley 30 Comprimidos Revestidos;315.0;12
Pondera 10mg 20 Comprimidos;315.0;13
Levofloxacino 750Mg Ache, Caixa Com 7 Comprimidos Revestidos;315.0;13
Naprix A 5Mg + 5Mg, Caixa Com 30 Capsulas Gelatinosas Duras;315.0;14
Bravan HCT 160mg + 25mg 30 Comprimidos Revestidos;315.0;12
Coristina D 1mg + 10mg + 400mg + 30mg, caixa com 16 comprimidos;315.0;12
Depakote ER 250mg caixa com 30 comprimidos;315.0;12
Cystex 15mg + 250mg + 20mg + 15mg, caixa com 24 drágeas;315.0;13
Crestor 20mg caixa com 30 comprimidos revestidos;315.0;12
Daktarin Miconazol 20mg g Gel Oral 40g;314.0;12
Cataflampro Emulgel 11,6mg/g, caixa com 1 tubo com 30g de gel de uso dermatológico;314.0;13
Damater Ômega com 30 cápsulas;314.0;12
Atensina 150mg, Caixa com 30 comprimidos;314.0;13
Cloridrato De Bromexina Xarope Pediatrico Medley;314.0;13
Tenadren 40 + 25mg caixa com 30 comprimidos;314.0;14
Evanor 0,25mg + 0,05mg, caixa com 21 comprimidos;314.0;12
Tamarine 6MG Caixa Com 20 Capsulas;314.0;13
Dicloridrato De Manidipino 10Mg Pharlab, Caixa Com 30 Comprimidos;314.0;14
Vertizine D 3mg + 10mg, caixa contendo 20 comprimidos;314.0;13
Pamelor 25mg 30 Cápsulas Gel Duras;314.0;13
Saxenda 6mg ml solução injetável 3 carpules com 3ml + 3 sistema para aplicação;314.0;13
Buclina 25Mg, Caixa Com 30 Comprimidos;314.0;13
Colageno Hidrolisado 30Saches Biol;314.0;13
Dprev Caps 7000Ui, Caixa Com 12 Capsulas Moles;314.0;15
Pomada Minancora 20% + 0,5% + 5%, pote com 30g de pomada dermatológica;314.0;12
Relvar Ellipta 100mcg + 25mcg com 30 doses;314.0;13
Biomag 10mg 60 Cápsulas;314.0;14
Expectuss Expect Adulto Xarope 100mL;314.0;12
Natifa Pro 1Mg + 0,5Mg, Caixa Com 28 Comprimidos Revestidos;314.0;13
Polivitamínico Infantil Emulvit Kids 150mL;314.0;12
ZZ Sene 60 Comprimidoss;314.0;14
Allurene 2mg, caixa com 28 comprimidos;314.0;12
Nactali 3 Cartelas x 28 Comprimidos;314.0;13
Isordil 10mg caixa com 30 comprimidos;313.0;12
Addera D3 4.000Ui Com 30 Capsulas;313.0;12
Advil Extra 400 Mg 8 Capsula;313.0;13
Floral De Bach Polinize Estado De Depressao 30mL;313.0;13
Cloridrato De Amiodarona Medley 100Mg, Caixa Com 30 Comprimidos;313.0;12
Tramal 50mg caixa com 10 cápsulas;313.0;12
Maleato De Enalapril Medley 5Mg, Caixa Com 30 Comprimidos;313.0;13
Atacand Hct 16Mg + 12,5Mg, Caixa Com 30 Comprimidos;313.0;13
Trayenta Duo 2,5 850mg com 60 Comprimidos;313.0;12
Cimegripe Dor e Febre 200mg/mL, caixa com frasco conta-gotas com 15mL de solução de uso oral;313.0;15
Ancoron 100Mg, Caixa Com 30 Comprimidos Revestidos;313.0;14
Furosemida Geolab 40Mg, Caixa Com 20 Comprimidos;313.0;14
Polivitamínico Emulvit Cálcio 60 comprimidos;313.0;14
Cefalexina 1g EMS 8 Comprimidos;313.0;13
Risperidona 3mg Medley 30 Comprimidos Revestidos;313.0;12
Sinvastatina Multilab Nova Quimica 20Mg, Caixa Com 30 Comprimidos Revestidos;313.0;15
Elastigem 30 Saches;313.0;14
Aglucose 100mg, caixa com 30 comprimidos;313.0;14
Azox 20mg ml Eurofarma 45ml;313.0;13
Depakote Er 500Mg 60Cpr;313.0;14
Desalex 0,5mg mL Xarope Solução Oral 60mL;313.0;13
Dermodex Tratamento 100.000Ui G + 200Mg G, Caixa Com 1 Bisnaga Com 60G De Pomada De Uso Dermatologico;313.0;12
Denyl 20mg caixa com 28 cápsulas;313.0;14
Engov 15mg + 150mg + 150mg + 50mg, caixa com 24 comprimidos;313.0;13
Ceci 1Mg + 2Mg, Caixa Com 28 Comprimidos Revestidos;313.0;13
Prednisona 20mg Genérico Neo Química 20 Comprimidos;313.0;13
Amplictil 100mg caixa com 20 comprimidos;313.0;12
Tapazol 5mg 100 Comprimidos;313.0;12
Orlistate 120mg 42 cápsulas Prati Donaduzzi Genérico;313.0;14
Sany D 7.000ui 12 Comprimidos Revestidos;312.0;14
Desogestrel + Etinilestradiol Eurofarma 0,150 + 0,030Mg, Caixa Com 21 Comprimidos;312.0;14
Xantinon Complex 40mg/mL + 53mg/mL + 50mg/mL, caixa com 1 frasco com 100mL de solução de uso oral;312.0;13
Vick Pyrena, 1 Envelope Camomila E Erva-Cidreira;312.0;13
Evra 3 adesivos transdérmicos;312.0;14
Bifilac 250mg, caixa com 30 cápsulas;312.0;14
Ebatz 4Mg, Caixa Com 30 Comprimidos Revestidos;312.0;12
Selozok 25Mg, Caixa Com 60 Comp desodalinarimidos De Liberacao Controlada;312.0;12
Addera Cal 2000UI, frasco com 30 comprimidos;312.0;12
Atensina 200mg, Caixa com 30 comprimidos;312.0;13
Dexfer 400mg 30 Comprimidos Revestidos;312.0;12
AAS Infantil 100mg 120 comprimidos;312.0;12
Motilium 1mg Suspensão 100mL;312.0;13
@ Claritromicina 500 14 Med;312.0;13
@ Amoxicilina  500MG 15Cap Medley;312.0;12
Indapen SR 1,5mg 60 Comprimidos Revestidos;312.0;13
Risperidona 1mg 30 Comprimidos Revestidos - Biolab;312.0;12
Ciclopirox Olamina 10mg mL EMS Solução Tópica com 15mL;312.0;14
Somalgin Cardio 325mg 32 comprimidos;312.0;12
Cloridrato de Paroxetina 20mg União Química 30 Comprimidos Revestidos;312.0;12
Bramicar HCT 40mg + 12,5mg 30 Comprimidos;312.0;15
Paxil CR 25mg caixa com 30 comprimidos;312.0;14
Suplemento Alimentar de Fibras Nestlé FiberMais Zero Açúcares sem sabor, sachê, 10 unidades com 5g cada;311.0;13
Broncho-Vaxom 3,5Mg, Caixa Com 10 Capsulas;311.0;15
ProHn Com 15 Capsulas;311.0;12
Succinato de Metoprolol 50mg 30 comprimidos Neo Química Genérico;311.0;14
Juliet 0,075mg 28 Comprimidos;311.0;13
Gel Oftálmico Epitegel 50mg Bl. Indústria Ótica 10g;311.0;12
Paroxetina 20Mg 30Cpr Med;311.0;13
Suplemento Alimentar Ogestan Pré 30 Cápsulas;311.0;12
Losartana Potássica 50mg Germed 30 Comprimidos Revestidos;311.0;14
Engov After tangerina com 250mL;311.0;13
Trileptal 300mg caixa com 60 comprimidos revestidos;311.0;12
Dexametasona Germed Pharma 1Mg G, Caixa Com 1 Bisnaga Com 10G De Creme De Uso Dermatologico;311.0;13
Noex Budesonida 32mcg Spray Nasal 120 doses;311.0;14
Puran T4 25Mcg 30 Comprimidos;311.0;12
Cetoconazol Comprimido Pharlab 200mg, caixa com 30 comprimidos;311.0;13
@ Amoxicilina 500Mg  21Caps Ger;311.0;13
Prednisona Ems 5mg, caixa com 20 comprimidos;311.0;13
Coristina D 1mg + 10mg + 400mg + 30mg, blíster com 4 comprimidos;311.0;13
Maresis AR Spray Solução Nasal Farmoquímica 100mL;311.0;13
Rosuvastatina Sandoz Gen 20mg com 30 Comprimidos;311.0;14
Advantan Creme Dermatologico 1Mg G, Caixa Com 1 Bisnaga Com 15G De Creme Dermatologico;310.0;13
Levotiroxina Sodica Merck 200Mcg, Caixa Com 30 Comprimidos;310.0;13
Cocyntal 333,3Mg + 333,3Mg + 333,3Mg, 10 Flaconetes Com 1Ml De Solucao De Uso Oral;310.0;13
Losartana Potássica 50mg + Hidroclorotiaziada 12,5mg 30 comprimidos;310.0;14
Gaeso 40Mg, Caixa Com 28 Comprimidos Revestidos De Liberacao Retardada;310.0;12
Calde KM 30 Comprimidos Revestidos;310.0;13
Cloridrato de Moxifloxacino 400mg Eurofarma 5 Comprimidos Revestidos;310.0;12
Indapamida Eurofarma 1,5mg, caixa com 30 comprimidos revestidos de liberação prolongada;310.0;14
Risperidona 2mg 30 Comprimidos Revestidos - Biolab;310.0;13
Xigduo XR 5mg + 1000mg, caixa com 60 comprimidos revestidos﻿;310.0;13
Untral Biotina 2,5mg 30 cápsulas;310.0;12
Tamarine 29,268mg + 23,400mg, caixa com 20 cápsulas;310.0;14
Sibutramina 15Mg 30Cap Eur;310.0;12
Tylex 7,5 12 Comprimidos;310.0;13
Dutam 0,5+0,4mg Zodiac 90 Cápsulas;310.0;13
Clenil Hfa 200Mcg Dose, Caixa Com 1 Tubo Com 200 Doses De Suspensao De Uso Inalatorio + 1 Dispositivo Oral;310.0;12
Diovan Amlo Fix 160mg + 10mg, Caixa Com 28 Comprimidos Revestidos;310.0;12
Cloridrato de Oximetazolina Teuto 0,5mg/mL, caixa com 1 frasco com 30mL de solução de uso nasal;310.0;12
Topison 1Mg G, Caixa Com 1 Bisnaga Com 20G De Creme De Uso Dermatologico;309.0;13
@ Amoxicilina 500Mg 21Caps Cim;309.0;13
Decadron 2Mg 2Amp 1Cc;309.0;13
Loratamed 1mg/mL, caixa com 1 frasco com 100mL de xarope;309.0;12
Paracetamol + Fosfato de Codeína 500mg + 30mg 24 Comprimidos - Eurofarma;309.0;12
Oscal D Vitamina D 1.000 UI Cálcio 500mg;309.0;13
Levoid 50mcg, caixa contendo 30 comprimidos;309.0;13
Hidroxizina Solucao Oral 120 Ml Ger;309.0;13
Flavenos 450mg + 50mg, caixa com 30 comprimidos revestidos;309.0;12
Adoless 0,060mg + 0,015mg, caixa com 28 comprimidos revestidos;309.0;13
Predsim Comprimido 5Mg, Caixa Com 20 Comprimidos;309.0;13
Sulfato De Neomicina + Bacitracina Zincica Medley 5Mg G + 250Ui G, Caixa Com 1 Bisnaga Com 15G De Pomada De Uso Dermatologico;309.0;12
Tylex 30mg c  12 Comprimidos;309.0;14
Esc 20mg 60 Comprimidos Revestidos;309.0;14
Propionato De Clobetasol Neo Quimica 0,5Mg G, Caixa Com 1 Bisnaga Com 30G De Pomada De Uso Dermatologico;309.0;13
Flogoral caixa com 12 pastilhas sabor laranja;309.0;14
Olmesartana Medoxomila + Hidroclorotiazida Neo Quimica 40Mg + 25Mg, Caixa Com 30 Comprimidos Revestidos;309.0;13
Diosmin SDU 900mg + 100mg Aché 30 Sachês Sabor Laranja Limão;309.0;15
Diovan Amlo Fix 80mg + 5mg, Caixa Com 28 Comprimidos Revestidos;309.0;13
Acetilcisteina 40Mg Ml Geovit, Caixa Com 1 Frasco Com 120Ml De Xarope;309.0;12
Celestone 2mg 10 Comprimidos;309.0;13
Maleato de Dexclorfeniramina + Betametasona Pharlab 0,4mg/mL + 0,05mg/mL, caixa com 1 frasco com 120mL de xarope + copo medidor;309.0;12
Cloridrato de Ambroxol 30mg 5mL Neo Química;309.0;15
Addera D3 1000Ui Com 30 Comprimidos Revestidos;309.0;12
Memoactive Tangerina Susp 120Ml;309.0;13
Ciprofibrato Eurofarma 100Mg, Caixa Com 30 Comprimidos;309.0;12
Risperidona 1mg Supera RX Solução Oral Frasco 60ml;308.0;12
Floral de Bach Baixa Imunidade 30mL;308.0;13
Labirin 16Mg, Caixa Com 30 Comprimidos;308.0;12
Lactoflor caixa com 15 sachês de 2g de pó para solução de uso oral;308.0;13
Atroveran Dip 500Mg Ml, Caixa Com 1 Frasco Gotejador Com 20Ml De Solucao De Uso Oral;308.0;14
Cloridrato de Sertralina 50mg Cimed 30 Comprimidos Revestidos;308.0;13
Proctyl 100Mg + 27Mg, Caixa Com 15 Supositorios De Uso Retal;308.0;12
Amoxicilina 500mg Medley 21 Cápsulas;308.0;13
Amoxicilina Tri-hidratada 875mg + Clavulanato de Potássio 125mg EMS 20 Comprimidos;308.0;12
Piemonte 5Mg 30Cpr Mastigaveis;308.0;14
Benegrip 500mg + 30mg + 2mg, caixa com 20 comprimidos revestidos;308.0;13
Benegrip Multi 13,30Mg + 0,33Mg + 0,13Mg, Caixa Com 1 Frasco Com 240Ml De Solucao De Uso Oral;308.0;12
Perola 75Mcg 28 Comprimidos Revestidos;308.0;12
Ultibro 110mcg + 50mcg 30 Cápsulas Novartis;308.0;13
Pastilhas para Garganta Strepsils Laranja 16 unidades;308.0;13
Paxtrat 20mg caixa com 30 comprimidos revestidos;308.0;13
Cloridrato de Memantina 10mg 30 Comprimidos Revestidos - Biolab;308.0;14
Cloridrato De Tramadol 100Mg Ml Eurofarma, Caixa Com 10Ml;308.0;14
Natifa 1Mg, Caixa Com 28 Comprimidos Revestidos;308.0;12
Ofolato G frasco com 15mL de solução de uso oral;308.0;14
Suplemento Alimentar Gummmy Kids Com 180Gr;308.0;12
Glimepirida 1Farma 20Mg, Com 30 Comprimidos;308.0;13
Dilatador Nasal Respire Melhor pele normal, grande com 10 unidades;308.0;13
Gino- Canesten 20mg  2   Creme Com 20g + 3 Aplicadores;308.0;13
Dobeven Dobesilato 500mg 60 cápsulas;308.0;12
Musculare 5Mg, Caixa Com 15 Comprimidos;308.0;12
Cefalexina 500MG Com 40 comprimidos Teuto Genérico;308.0;13
Irritratil 200Mg Com 60 Capsulas;308.0;13
Leite De Magnesia Eno Hortela 350Ml;308.0;14
Itraconazol 100mg 4 cápsulas Legrand;308.0;13
Desogestrel + Etinilestradiol 150+20Mcg Ache 21 Comprimidos;307.0;14
Captopril 25mg 30cpr teuto gen;307.0;13
Sorine Ssc Jet Baby 0,9 , Caixa Com 1 Frasco Com 100Ml De Solucao De Uso Nasal;307.0;13
Tadalafila 5mg Neo Química 28 Comprimidos Revestidos;307.0;12
Insulina Humulin Nph Lilly;307.0;15
Zinnat 250mg 14 Comprimidos Revestidos;307.0;12
Diamicron Mr 30Mg, Caixa Com 60 Comprimidos De Liberacao Prolongada;307.0;13
Ducox 200mg 10 Cápsulas Duras;307.0;13
Amitriptilina 25 30Cp Ems;307.0;13
Beneum Tiamina 300mg 30 comprimidos;307.0;13
Tobramicina 3mg ml Nova Química Frasco 5ml Uso Oftálmico;307.0;15
Thioctacid 600 Hr 600Mg, Caixa Com 30 Comprimidos Revestidos;307.0;12
Atenolol + Clortalidona 100mg 25mg Genérico Eurofarma 30 Comprimidos;307.0;12
Equilid 50mg caixa com 20 cápsulas;307.0;14
Vannair 6mcg + 200mcg 120 Doses Astra Zeneca;307.0;12
Natazy DHA Cifarma 30 Cápsulas;307.0;13
Pioglitazona 15 mg 15 comprimidos;307.0;14
Diclofenaco Potássico 50mg com 20 Comprimidos;307.0;12
Lorazepam 2Mg 30Cpr Ger;307.0;13
Artroflan 150mg, caixa com 40 comprimidos;307.0;13
Vazidin Mr Trimetazidina 35mg 30 comprimidos;307.0;13
Diclin 2mg + 0,035mg, caixa com 21 comprimidos revestidos;307.0;12
Carbocisteína 50mg mL Xarope 100mL Prati Donaduzzi Genérico;307.0;13
Amplictil 25Mg 20Cpr C1;307.0;13
Daonil Glibenclamida 5mg 30 comprimidos;307.0;12
Ibuflex Ibuprofeno 400mg 8 cápsulas;307.0;12
Dexilant 60mg, caixa com 60 cápsulas de liberação retardada;306.0;12
Olmecor 20 Mg 30 Comprimidos;306.0;13
Domperidona Nova Quimica 10Mg, Caixa Com 30 Comprimidos;306.0;14
Floral De Bach Medo e Insegurança 30mL;306.0;15
Zart H 50mg + 12,5mg 30 Comprimidos;306.0;14
Allegra D 24 horas 180 + 240mg, caixa com 5 comprimidos revestidos;306.0;13
Nesina Met 12,5Mg + 1000Mg, Caixa Com 60 Comprimidos Revestidos;306.0;13
Neutrofer Poli caixa com 1 frasco com 30mL de suspensão de uso oral;306.0;12
Cetoprofeno 50 Mg 24 Comprimidos Med;306.0;13
Acido Mefenamico Ache 500Mg, Caixa Com 24 Comprimidos;306.0;12
Betametasona Elixir 0,5mg 5ml EMS 120ml;306.0;14
Loredon 50mg 60 Comprimidos;306.0;15
Revoc 50mg 30 Comprimidos Revestidos;306.0;14
Nites 0,5Mg G, Caixa Com 1 Frasco Spray Com 120 Doses De Suspensao De Uso Nasal;306.0;13
Gastrogel Fresh Susp 150 Ml;306.0;13
Tadalafila 5Mg Ache, Caixa Com 30 Comprimidos Revestidos;306.0;15
Cimegripe Dia 800mg + 20mg, caixa com 12 comprimidos revestidos;306.0;14
Somalium 6mg Aché 30 Comprimidos;306.0;12
Muvinlax Pó 20 Envelopes de 14g cada;306.0;14
Aflexa colágeno 60 cápsulas;306.0;13
Cetoconazol Shampoo Cimed 20mg/mL, caixa com 1 frasco com 100mL de shampoo;306.0;13
Profenid 20mg/mL, caixa com 1 frasco com 20mL de solução de uso oral;306.0;12
Cibex 200mg 10 Cápsulas Duras;306.0;12
CafiLisador 500mg + 65mg com 4 comprimidos Caixa com 25 Cartelas;305.0;14
Allestra 20 0,075mg + 0,020mg, caixa com 63 drágeas;305.0;12
Duphaston 10Mg 28Cpr;305.0;13
Pant Sec 50Mg Ml, Caixa Com 3 Frascos Com 50Ml De Solucao De Uso Capilar + 1 Valvula Spray;305.0;14
Carvedilol 6,25mg 30 comprimidos;305.0;13
Lexotan 3mg caixa com 30 comprimidos;305.0;13
Desogestrel Neo Química 75mcg, caixa com 28 comprimidos revestidos;305.0;12
Benalet 5Mg + 50Mg + 10Mg, Caixa Com 12 Pastilhas, Sabor Mel E Limao;305.0;12
Pyridium 100mg, caixa com 25 drágeas;305.0;13
Nimesulida EMS 100mg, caixa com 12 comprimidos;305.0;15
Floratil 200mg/g, caixa com 6 envelopes com 1g de pó de uso oral;305.0;13
Lumier Aox Com 30 Capsulas;305.0;12
Rosucor 10Mg, Caixa Com 60 Comprimidos Revestidos;305.0;14
Venaflon 450Mg + 50Mg 60 Comprimidos Revestidos;305.0;12
Dprev 7.000Ui, Caixa Com 30 Comprimidos Revestidos;305.0;13
Carverol 250Mg 20Cpr;305.0;14
Inelatte 800 DKM Achevita com 30 comprimidos;305.0;13
Cromolerg 40mg/mL, caixa com 1 frasco gotejador com 5mL de solução de uso oftálmico;305.0;12
Profenid Entérico 100mg caixa com 20 comprimidos revestidos;304.0;15
Creme Dermatológico Trok-N Bisnaga 10g;304.0;13
Cloridrato de Metformina Prati-Donaduzzi 850mg, caixa com 30 comprimidos revestidos;304.0;12
Lonium 40mg 60 Comprimidos Apsen;304.0;15
Sulglic 1,5g, caixa com 30 envelopes com 3,95g de pó para solução de uso oral;304.0;14
Gardenal 40mg solução oral frasco gotejador com 20ml pediátrico;304.0;13
Wellbutrin XL 150mg caixa com 30 comprimidos;304.0;13
Dipirona Prati Donaduzzi 1G, Caixa Com 10 Comprimidos;304.0;13
Maleato de Dexclorfeniramina + Betametasona Teuto 0,4mg/mL + 0,05mg/mL, caixa com 1 frasco com 120mL de xarope + copo medidor;304.0;12
Vytorin Ezetimiba 10mg + Sinvastatina 20mg 30 comprimidos;304.0;13
Aplause 20mg Caixa Com 60 Comprimidos;304.0;13
Amoxicilina 500mg + Clavulanato de Potássio 125mg Sandoz 12 Comprimidos;304.0;13
Noretisterona 0,35mg 35 comprimidos Biolab Genérico;304.0;13
Nasoclean 9mg/mL, caixa com 1 frasco com 125mL de solução de uso nasal;304.0;12
Tylenol Sinus 500mg + 30mg, caixa com 36 comprimidos revestidos;304.0;13
Vartaz 320mg 30 comprimidos revestidos;304.0;12
Acetilcisteína 100mg 16 Envelopes com 5g Cada;304.0;12
Alginac 1Mg + 50Mg + 50Mg + 50Mg, Caixa Com 15 Comprimidos Revestidos;303.0;12
Rivotril Gts 20Ml  B1;303.0;14
Cloridrato de Tizanidina 2mg Ranbaxy;303.0;12
IBUPROFENO 100MG GTS 20ML GEO;303.0;12
Flogoral Sabor Cereja 12 Pastilhas;303.0;12
Dividol 70Mg, Caixa Com 36 Capsulas Gelatinosas Duras;303.0;12
Metrexato 2,5mg, caixa com 24 comprimidos;303.0;13
Euthyrox Levotiroxina Sódica 50mcg 50 comprimidos;303.0;13
Acetato de Dexametasona Creme 1mg Genérico União Química 10g;303.0;14
Synthroid 88mcg, caixa com 30 comprimidos;303.0;13
Acetato de Dexametasona Teuto 1mg/g, caixa com 1 bisnaga com 10g de creme de uso dermatológico;303.0;14
Meloxicam Ems 15Mg, Caixa Com 10 Comprimidos Lv2;303.0;15
Diltiazem 60mg 50 Comprimidos Nova Quimica Genérico;303.0;12
Dprev 7.000Ui, Caixa Com 8 Comprimidos Revestidos;303.0;12
Desogestrel 0,075Mg Ems 84 Comprimidos;303.0;12
Gummy Hair Vitamin uva do céu, frasco com 60 pastilhas de goma;303.0;14
Anti-Hipertensivo Brasart Mono 320Mg 30 Comprimidos;303.0;13
Cloridrato de Amilorida + Hidroclorotiazida EMS 2,5 + 25mg, caixa com 30 comprimidos;303.0;12
Prosso 250mg + 2,5mg, caixa com 30 comprimidos;303.0;14
Ofolato D 1.000UI, caixa com 90 comprimidos;303.0;13
Removedor de Verrugas Verrux com 10ml;303.0;13
Cloridrato De Dorzolamida + Maleato De Timolol Teuto 20Mg Ml + 5Mg Ml, Caixa Com 1 Frasco Gotejador Com 5Ml De Solucao De Uso Oftalmico;302.0;14
Cloreto de Magnésio P.A. Kester em pó  33g;302.0;13
Coristina D Pro 400Mg + 4Mg + 4Mg Com 8 Comprimidos;302.0;14
Elifore 100Mg Com 28 Comprimidos;302.0;12
Slow-K 600mg, caixa com 20 comprimidos revestidos de liberação prolongada;302.0;12
Benatux Sabor Mel E Limao, Caxa Com 12 Pastilhas;302.0;12
Difebril Gotas 500Mg Ml, Caixa Com 1 Frasco Gotejador Com 20Ml De Solucao De Uso Oral;302.0;14
Dprev Todo Dia Gotas 1000Ui 10Ml, Frasco Gotejador Com 10Ml Solucao De Uso Oral;302.0;14
Liberaflux 100Ml;302.0;13
Xarelto 10mg, caixa com 30 comprimidos revestidos;302.0;12
Acetato de Clormadinona + Etinilestradiol Althaia 2mg + 0,03mg, caixa com 21 comprimidos revestidos;302.0;13
Glifage 500mg com 30 comprimidos;302.0;12
Brasart BCC 160 + 5mg, caixa 60 comprimidos revestidos;302.0;14
Domperidona Eurofarma 10mg, caixa com 30 comprimidos;302.0;14
Forteviron 250mg, caixa com 60 comprimidos;302.0;12
Levofloxacino 500mg 10cpr med;302.0;12
Xarope 44E 1,3 + 13,3Mg, Xarope, Frasco Com 120Ml;302.0;12
Dprev 5.000Ui, Caixa Com 30 Comprimidos Revestidos;302.0;13
Paratram 375 + 325mg caixa com 20 comprimidos;302.0;12
Listo 8mg 10 Comprimidos;302.0;12
Montelucaste de Sódio Medquímica 5mg, caixa com 30 comprimidos mastigáveis;302.0;14
Paracetamol Gotas Biosintetica 200Mg Ml, Caixa Com 1 Frasco Gotejador Com 15Ml De Solucao De Uso Oral;302.0;13
Cerumin 0,4Mg Ml + 140Mg Ml, Caixa Com 1 Frasco Gotejador Com 8Ml De Solucao De Uso Otologico;302.0;13
Seki 35,4mg/mL, caixa com 1 frasco com 15mL de suspensão de uso oral + conta gotas;302.0;13
Prelone Solucao Oral 3Mg Ml, Caixa Com 1 Frasco Com 60Ml De Solucao De Uso Oral + 1 Pipeta Dosadora;301.0;13
Centrum Multivitamínico De A a Zinco Homem com 30 comprimidos;301.0;14
Kollagenase com Cloranfenicol 10mg g + 0,6UI g 50g Pomada de Uso Dermatológico;301.0;15
Dipirona Solução Oral 100ml EMS Genérico;301.0;13
Ciflogex Pastilha 3mg, caixa com 12 pastilhas, sabor mel-limão;301.0;13
Torsilax 125mg + 50mg + 300mg + 30mg, caixa com 12 comprimidos;301.0;14
Vitamina D Doss 2.000UI com 30 Cápsulas;301.0;13
Ezetimiba 10Mg 30 Comprimidos Biolab Genérico;301.0;12
Aceratum 100mg mL 10mL Delta;301.0;13
Cimegripe 400mg + 4mg + 4mg, caixa com 20 cápsulas gelatinosas duras;301.0;13
Flancox 400Mg, Caixa Com 10 Comprimidos Revestidos;301.0;13
Insulina Tresiba Flext 100Ui Inj 3Ml;301.0;14
Succinato de Desvenlafaxina 50mg EMS 30 Comprimidos Revestidos;301.0;14
Citrato de Sildenafila Eurofarma 50mg, caixa com 4 comprimidos revestidos;301.0;12
Synthroid 75mcg, caixa com 30 comprimidos;301.0;13
Cloridrato de Bromexina Xarope Infantil Expectorante Morango sem Açúcar 4mg 5ml EMS 120ml;301.0;13
Cloridrato de Duloxetina 60mg Eurofarma 30 Cápsulas;301.0;12
Daforin Gotas 20ml;301.0;12
Égide 25mg caixa com 60 comprimidos revestidos;300.0;13
LANTUS 100UI 10ML zz;300.0;12
Zetia Ezetimiba 10mg 30 comprimidos;300.0;13
Cedur Retard 400Mg, Caixa Com 30 Comprimidos De Acao Prolongada;300.0;14
Donaren 100mg 30 Comprimidos Revestidos;300.0;14
Aceviton Arginina Laranja 16 Comprimidos Efervecente;300.0;12
Betatrinta 5Mg Ml + 2Mg Ml, Caixa Com 1 Ampola Com 1Ml De Suspensao De Uso Intramuscular + Seringa Dosadora;300.0;12
Suc Desvenlafaxina 100Mg 30Cpr Eur;300.0;14
Kollagenase com Cloranfenicol 10mg g + 0,6UI g 30g Pomada de Uso Dermatológico;300.0;12
Ginna Creme Vaginal 40g;300.0;12
Meloxicam Legrand 15mg, caixa com 10 comprimidos;300.0;14
Ciclopirox Olamina 10mg g Medley Creme Dermatológico Genérico;300.0;13
Microdiol 015 + 003mg caixa com 21 comprimidos;300.0;13
Enax 200mg 30 Comprimidos;300.0;12
Prednisona Ems 20mg, caixa com 10 comprimidos;300.0;13
Alprazolam Legrand 1mg, caixa com 30 comprimidos;300.0;12
Colágeno Condres Ultra 30 Capsulas;300.0;13
Plurair Fluticasona 50mcg Spray Nasal 120 doses;300.0;14
Penvir Fanciclovir 125mg 10 comprimidos;300.0;14
Ultraproct LDO 1mg g + 20mg g Creme com 30g;300.0;12
Azitromicina 500Mg Medley, Caixa Com 3 Comprimidos;300.0;13
Hemitartarato De Zolpidem 5Mg Neo Quimica, Caixa Com 30 Comprimidos Subilinguais;300.0;12
Neosaldina 30mg + 300mg + 30mg, caixa com 20 Drágeas;300.0;13
Nitazoxanida Eurofarma 20Mg Ml, Caixa Com 1 Frasco De Po Para Suspensao De Uso Oral  Frasco Com Capacidade De 100Ml  + Seringa Dosadora;300.0;13
Esalerg D12 2,5Mg + 120Mg, Caixa Com 10 Comprimidos De Liberacao Moderada;300.0;12
Molieri 20 3Mg + 0,02Mg, Caixa Com 24 Comprimidos Revestidos;300.0;13
Esmalte Tratamento Sos Unhas Camuflagem 7Ml;300.0;13
Nootropil 800mg c  30 Comprimidos;300.0;16
Fibrinase com Cloranfenicol 666u g + 1u g + 10mg g pomada com 10g;300.0;14
Carvedilol Nova Química 25mg, caixa com 30 comprimidos;300.0;12
Flixotide Fluticasona 250mcg Spray 60 doses;300.0;14
Azorga 10Mg Ml + 5Mg Ml, Caixa Com 1 Frasco Gotejador Com 5Ml De Suspensao De Uso Oftalmico;300.0;12
Bion3 - frasco com 60 tabletes;300.0;12
Flavonid 450Mg + 50Mg, Caixa Com 30 Comprimidos Revestidos;300.0;15
Lorasliv 10mg, caixa com 12 comprimidos;300.0;15
Ibuprofeno Comprimido Neo Química 400mg, caixa com 10 comprimidos;300.0;14
Dorflex 50cpr;299.0;14
Prednisona Neo Quimica 5Mg, Caixa Com 20 Comprimidos;299.0;14
Naproxeno Sodico Neo Quimica 550Mg, Caixa Com 20 Comprimidos Revestidos;299.0;13
Iumi 3mg + 0,02mg, caixa com 24 comprimidos revestidos;299.0;14
Drospirenona + Etinilestradiol Althaia 3Mg + 0,03Mg, Caixa Com 21 Comprimidos Revestidos;299.0;14
Mesilato De Doxazosina Ranbaxy 2Mg, Caixa Com 30 Comprimidos;299.0;12
Tadalafila Medley 20mg, caixa com 2 comprimidos revestidos﻿;299.0;12
Gaballon Com 20 Comprimidos;299.0;12
Bromoprida Gotas Prati-Donaduzzi 4Mg Ml, Caixa Com 1 Frasco Gotejador Com 20Ml De Solucao De Uso Oral;299.0;12
Montelair 4Mg, Caixa Contendo 30 Comprimidos Mastigaveis;299.0;12
Aciclovir 200mg 10 Comprimidos Ranbaxy Genérico;299.0;14
Halobex Creme 30g;299.0;13
Cetoprofeno Ems 50Mg, Caixa Com 24 Capsulas Gelatinosas Duras;299.0;13
Trezor 20mg 30 Comprimidos Revestidos;299.0;13
Acetilcisteína Legrand 40mg/mL, caixa com 1 frasco com 120mL de xarope adulto + copo medidor;299.0;14
Advil 12h 600mg, caixa com 6 comprimidos revestidos de liberação prolongada;299.0;14
Primid 100mg 100 Comprimidos;299.0;12
Belara 21 Comprimidos Revestidos;299.0;12
Profenid Protect 200mg + 20mg, caixa com 10 cápsulas gelatinosas duras com microgrânulos;299.0;14
Arcoxia 90Mg 7Cpr C1;299.0;12
Diclofenaco Sódico Ranbaxy 100mg, caixa com 10 comprimidos de desintegração lenta;299.0;13
Cetoconazol Creme Medley 20mg/g, caixa com 1 bisnaga com 30g de creme de uso dermatológico;299.0;13
Cetoconazol Comprimido Pharlab 200Mg, Caixa Com 10 Comprimidos;299.0;12
Simeticona 75mg mL Gotas 15mL Teuto;299.0;15
Cloridrato de Propafenona Althaia 300Mg com 30 Comprimidos Revestidos;299.0;12
Cloridrato De Metoclopramida Gotas Teuto 4Mg Ml, Caixa Com 1 Frasco Gotejador Com 10Ml De Solucao De Uso Oral;298.0;13
ZZ Ginseng 60 Comprimidoss;298.0;12
Adeforte 10.000UI + 800UI + 15mg, caixa com 1 ampola com 3mL de solução de uso oral;298.0;12
Suc Desvenlafaxina 50Mg 30Cpr Med;298.0;14
Stanglit 30Mg, Caixa Com 30 Comprimidos;298.0;12
Pediderm 0,2mg ml Shampoo 100ml;298.0;12
Flucomed 150mg, caixa com 2 cápsulas gelatinosas duras;298.0;12
Cloridrato De Memantina 10mg Medley 60 Comprimidos;298.0;12
Ezetimiba + Sinvastatina EMS 10mg + 20mg, caixa com 30 comprimidos;298.0;15
Kalyamon Kids frasco com 250mL de suspensão de uso oral + copo medidor;298.0;12
Venocel 100Mg, Caixa Com 60 Capsulas Gelatinosas;298.0;14
Nimovas 30mg, caixa com 30 comprimidos revestidos;298.0;12
Matrion 30 Comprimidos Revestidos;298.0;13
Maleato de Enalapril 5mg Teuto 30 Comprimidos;298.0;13
Prebictal 50Mg 30Cpr;298.0;15
Artrosil 160Mg, Caixa Com 10 Capsulas Gelatinosas Duras De Liberacao Prolongada;298.0;14
Aciclovir Ranbaxy 400Mg, Caixa Com 10 Comprimidos;298.0;12
Fostair Spray100 6mcg com 120 Doses;298.0;13
Neutrofer 500mg, caixa com 30 comprimidos revestidos;298.0;14
Gestinol 0,30mg+0,075mg 84 Comprimidos Revestidos;298.0;12
Amoxicilina 250mg 5ml Eurofarma Suspensão Oral 150ml;298.0;14
Eparema Takeda 200mL Líquido;298.0;15
Lamitor Cd 50 mg 30 comprimidos sus;297.0;13
Pedialyte Max frasco com 500mL de solução de uso oral, sabor maçã;297.0;14
Euthyrox 112mcg, caixa com 50 comprimidos;297.0;16
Luftal 40mg, caixa com 20 comprimidos;297.0;13
Rosuvastatina Calcica Nova Quimica 20Mg, Caixa Com 30 Comprimidos Revestidos;297.0;13
Motix caixa com 50 comprimidos sublinguais;297.0;14
Rinosoro Jet 0,9  Solução Nasal 100mL;297.0;13
Besilato de Anlodipino Vitamedic 10mg, caixa com 30 comprimidos;297.0;13
Buscoplex Composto 6,67mg/mL + 333,4mg/mL, caixa com 1 frasco gotejador com 20mL de solução de uso oral;297.0;14
Euthyrox 88mcg, caixa com 50 comprimidos;297.0;12
Bezafibrato Ems 200Mg, Caixa Com 20 Comprimidos;297.0;14
Acetilcisteina Ems 20Mg Ml, Caixa Com 1 Frasco Com 120Ml De Xarope De Uso Pediatrico + Copo Medidor;297.0;14
Berotec 2mg/mL, caixa com 1 tubo com 10mL de solução aerossol dosificado + 1 bocal + 1 aerocâmera;297.0;12
Novalgina Supositório 300mg, caixa com 5 supositórios infantil;297.0;12
Suprelle 1mg + 0,5mg, caixa com 84 comprimidos revestidos﻿;297.0;12
Bromoprida Medley 10mg, caixa contendo 20 cápsulas gelatinosas duras;297.0;13
Guttalax Gotas 30 Ml;297.0;12
Trimusk 125Mg + 50Mg + 300Mg + 30Mg, Caixa Com 15 Comprimidos;297.0;12
Adorlan 50mg + 50mg, caixa com 20 comprimidos;297.0;13
Alopurinol Medley 300mg, caixa com 30 comprimidos;297.0;12
Predsim Solução Oral 3mg/mL, caixa com 1 frasco com 60mL de solução de uso oral + dosador;297.0;13
@ Regencel Pom Oft 3,5Gr;297.0;13
Esmalte Tratamento Sos Unhas Sara Bifinho;297.0;13
Decongex Plus 12Mg + 15Mg, Blister Com 4 Comprimidos Revestidos De Liberacao Prolongada;297.0;15
Xantinon 100mg + 20mg, caixa com 30 comprimidos revestidos;297.0;14
ZZ Oleo Mineral Naturol Farmax Frasco Com 100Ml De Oleo De Uso Dermatologico;297.0;12
Zyad Diario 5mg 30 comprimidos;297.0;14
Rusovas 10mg, caixa com 30 comprimidos revestidos;297.0;15
Buscofem 400mg, caixa com 10 cápsulas moles;297.0;15
Novacort 20mg + 0,64mg + 2,5mg Creme;296.0;13
Triplenex Solução Oftalmica Estéril 5mL Allergan;296.0;14
Otomixyn 5ml Frasco Gotejador 15ml;296.0;13
Prop propomune crav cane 30ml;296.0;13
Sany D Gotas Sabor Maçã Verde 10ml;296.0;13
Xantinon 100mg + 20mg com 10 comprimidos;296.0;12
Rubia 0,075Mg, Caixa Com 28 Comprimidos Revestidos;296.0;12
Cetoconazol 20mg g Neo Química Creme com 30g;296.0;14
Luvox 50mg 30 Comprimidos Revestidos;296.0;14
Alivium 100mg/mL, caixa com 1 frasco gotejador com 20mL de suspensão de uso oral;296.0;14
Olmetec 20mg, caixa com 30 comprimidos revestidos;296.0;15
Clenil HFA 250mcg/dose, caixa com 1 tubo com 200 doses de suspensão de uso inalatório + 1 dispositivo oral﻿;296.0;12
Clopin 75mg, caixa contendo 30 comprimidos revestidos;296.0;14
Naramig Cloridrato de Naratriptana 2,5mg 4 comprimidos;296.0;14
Mucosolvan 3mg/mL, caixa com 1 frasco com 120mL de xarope de uso pediátrico;296.0;12
Carvedilol  6,25Mg 30Cp Med;296.0;12
Xyloproct 50mg g + 2,2mg g + 180mg g + 35mg g bisnaga com 25g + 10 Aplicadores;296.0;12
Florax Sm 50 Milhoes Ml, Caixa Com 5 Flaconetes Com 5Ml De Suspensao De Uso Oral;296.0;13
Razapina ODT 15mg caixa com 28 comprimidos orodispersíveis;296.0;13
Cloridrato De Naratriptana Nova Quimica 2,5Mg, Caixa Com 4 Comprimidos Revestidos;295.0;15
Cloridrato de Ciclobenzaprina Eurofarma 10mg, caixa com 15 comprimidos revestidos;295.0;13
Salicetil 100mg, blíster com 10 comprimidos;295.0;15
Cebion 1g, caixa com 30 comprimidos efervescentes, sabor laranja;295.0;14
Coglive 8 mg cap dura lib prol ct fr plas opc x 30;295.0;12
Vitanol-A 0,5mg/g, caixa com 1 bisnaga com 30g de creme de uso dermatológico;295.0;13
Vitacid Tretinoína 0,25mg g Gel 25g;295.0;13
Magnesia Bisurada 40 Pastilhas;295.0;13
Cloridrato De Nebivolol Biolab Genericos 5Mg, Caixa Com 30 Comprimidos;295.0;12
Etira 500Mg Com 30 Comprimidos Revestidos;295.0;13
Euthyrox 137Mcg, Caixa Com 50 Comprimidos;295.0;12
Florax SM 100 milhões/mL, caixa com 5 flaconetes com 5mL de suspensão de uso oral;295.0;15
Decongex Plus 0,4mg/mL + 1mg/mL, caixa com 1 frasco com 120mL de xarope + copo medidor;295.0;13
Spray para Garganta Sanilin Sabor Menta 50mL;295.0;13
Atenolol + Clortalidona Legrand 100mg + 25mg, caixa com 30 comprimidos;295.0;14
Sinvastamed 20mg, caixa com 30 comprimidos revestidos;295.0;12
Ezetimiba + Sinvastatina Ems 10Mg + 30Mg, Caixa Com 30 Comprimidos;294.0;12
Celergin 0,25 mg + 2 mg 20 comprimidos;294.0;14
Babydrax 1,5g + 2,9g + 3,5g + 20g, sachê com 27,9g de pó para solução de uso oral;294.0;12
Cloridrato de Ticlopidina Medley 250mg, caixa com 30 comprimidos revestidos;294.0;13
Óleo Mineral ADV Farma frasco com 100mL de óleo de uso dermatológico ou oral;294.0;14
Carvedilol  25Mg 30Cpr  Leg;294.0;13
Lacday 10.000U.Fcc 8 Comprimidos Mastigáveis;294.0;13
Propionato de Clobetasol Neo Química 0,50mg/g, caixa com 1 bisnaga com 30g de creme de uso dermatológico;294.0;12
Ecasil Ácido Acetilsalicílico 81mg 90 comprimidos;294.0;14
Atenolol 25mg 30 comprimidos Aché Biosintética Genérico;294.0;14
@ Levofloxacino 500Mg 7Cp Eur;294.0;13
Meritor 4 1000mg Aché 30 Comprimidos;294.0;12
Losartana 50mg + Hidroclorotiazida 12,5mg Comprimidos;294.0;13
Olanzapina 5mg Genérico Geolab 30 Comprimidos;294.0;15
Advil Mulher 400Mg Com 2 Comprimidos;294.0;13
Miorrelax 300mg + 50mg + 35mg, caixa com 30 comprimidos;294.0;14
ZZ Mix De Fibras Fibernorm Sache, 5G, 10 Unidades;293.0;12
Kaloba 825Mg Ml, Caixa Com 1 Frasco Com 50Ml De Solucao De Uso Oral;293.0;12
Neosaldina Dip 1Gr Com 10 Comprimidos;293.0;13
Diad 0,75mg, caixa com 2 comprimidos;293.0;12
Bravan Hct 80Mg + 12,5Mg, Caixa Com 30 Comprimidos Revestidos;293.0;12
Cloridrato de Nortriptilina 50mg Ranbaxy 30 Cápsulas Gelatinosas Duras;293.0;12
Supositório de Glicerina Granado Pharmacias caixa com 12 supositórios, uso lactantes;293.0;13
Bicarbonato de Sódio Farmax caixa com 80g de pó para solução de uso oral;293.0;13
Floratil AT 250mg/1,25g, caixa com 10 envelopes com 1,25g de pó para solução de uso oral;293.0;13
Toragesic 10Mg, Caixa Com 20 Comprimidos Sublinguais;293.0;12
Regenesis 30 Capsulas;293.0;12
Isossorbida 20mg 30 Comprimidos Biolab;293.0;12
Oxalato De Escitalopram 20mg Legrand 30 Comprimidos;293.0;15
Cimetidina 200 Mg 20 Comprimidos Teu;293.0;14
Busonid 200mcg Refil 60 Cápsulas Biosintética;293.0;13
Dprev 50.000ui 8 Comprimidos Revestidos;293.0;13
Fenofibrato EMS Sigma Pharma 200mg, caixa com 30 cápsulas gelatinosas duras;293.0;12
Gerovital caixa com 60 cápsulas gelatinosas moles;293.0;13
Air Salonpas 30mg/mL + 38,5mg/mL + 38,5mg/mL + 19mg/mL, tubo aerossol com 80mL de solução para uso dermatológico;293.0;12
Emistin 1mg + 0,5mg 20g Creme;293.0;14
Cloridrato De Tansulosina Ems 0,4Mg, Caixa Com 30 Comprimidos Revestidos De Liberacao Prolongada;293.0;12
Citoneurin 100Mg Ml + 100Mg Ml + 5000Mcg Ml, Caixa Com 3 Ampolas Com 1Ml De Solucao De Uso Intramuscular + 3 Ampolas Com 1Ml De Diluente;292.0;14
Sintocalmy 300mg 40 Comprimidos Revestidos;292.0;14
Histamin 0,4mg/mL, caixa com 1 frasco com 100mL de xarope + copo medidor;292.0;13
Carvedilol Biosintética - Aché 3,125mg, caixa com 30 comprimidos;292.0;14
Sinvastatina Pharlab 10mg, caixa com 30 comprimidos revestidos;292.0;14
Complexo Senna Almeida Prado 46 60 comprimidos;292.0;13
Cloridrato de Bupropiona 150mg 30 Comprimidos Revestidos - Nova Química;292.0;13
Resfenol 40mg/mL + 0,6mg/mL + 0,6mg/mL, caixa com 1 frasco com 100mL de solução de uso oral;292.0;13
Naprix 2,5mg, caixa com 30 comprimidos;292.0;13
Tamisa 15 0,060Mg + 0,015Mg, Caixa Com 28 Comprimidos Revestidos;292.0;13
Ablok 50mg 30 comprimidos;292.0;15
Luvox 100mg 30 Comprimidos Revestidos;292.0;14
Lamisilate 10mg/g, caixa com 1 bisnaga com 30g de creme de uso dermatológico;292.0;12
Flexive CDM 350mg g Creme Dermatológico 50g;292.0;12
Algi Articular 30 Comprimidos;292.0;12
Hidroclorotiazida Neo Química 25mg, caixa com 30 comprimidos;292.0;12
Eudok 20Mg 30 Comprimidos;292.0;12
Pant 50mg/mL, caixa contendo 1 frasco com 50mL de solução de uso capilar + 1 válvula spray;292.0;14
Desloratadina Eurofarma 0,5Mg Ml, Caixa Com 1 Frasco Com 60Ml De Xarope + Seringa Dosadora + Adaptador;292.0;13
Bravan HCT Valsartana 160mg + Hidroclorotiazida 12,5mg 30 comprimidos;292.0;12
Fitocor 60Caps;291.0;12
Óleo Mineral - Nativita Frasco com 100mL de óleo uso oral e tópico;291.0;13
Peg-Lax 8,5g Pó Para Solução Oral Sem Sabor 14 Envelopes;291.0;14
Isotretinoina 20Mg 30Cap Nq;291.0;12
Consoni Melatonina 210mcg Kester 30ml;291.0;13
Adinos Gen 0,5Mg G+1,00Mg G Gel 30Gr;291.0;12
Acetato de Prednisolona 10mg mL Suspensão Oftálmica 5mL Geolab Genérico;291.0;16
Acertanlo 7mg + 5mg 30 Comprimidos;291.0;12
Betaserc 24mg, caixa com 30 comprimidos;291.0;12
Biofladex 11,6mg/g, caixa com 1 tubo aerosol com 85mL de solução de uso dermatológico;291.0;13
Doril 500mg + 30mg, caixa com 20 comprimidos;291.0;14
Cloridrato de Amiodarona Medley 200mg, caixa com 30 comprimidos;291.0;12
Cetoconazol + Dipropionato De Betametasona + Sulfato De Neomicina Eurofarma 20Mg G + 0,64Mg G + 2,5Mg G, Caixa Com 1 Bisnaga Com 30G De Pomada De Uso Dermatologico;291.0;13
Amoxicilina 400mg EMS 400mg 100ml Suspensão Oral;291.0;12
Cimetidina Prati-Donaduzzi 200mg, caixa com 20 comprimidos revestidos;291.0;13
Mix de Fibras Fibernorm Lata, 225g;291.0;14
Levoid 112mcg, caixa contendo 30 comprimidos;291.0;12
Mirtazapina 30mg 30 comprimidos Med;291.0;17
Eliquis 5mg 60 comprimidos;291.0;14
Trombofob Gel 40Gr;291.0;14
Guaraflora Guaraná Extra Forte 30 Cápsulas;291.0;14
Haldol 5mg caixa com 20 comprimidos;291.0;12
Cremefenergan 20mg/g, caixa com 1 bisnaga com 30g de creme de uso dermatológico;291.0;13
Zinco 60 Comprimidos Kester;291.0;13
Creme Dermatológico Emla 25mg 1 bisnaga com 5g + 2 bandagens oclusivas;291.0;12
Ponstan 500mg Pfizer 24 comprimidos;291.0;12
Atorvastatina Cálcica 40mg Eurofarma com 30 Comprimidos;290.0;14
Prozac 20mg caixa com 30 cápsulas;290.0;15
Lavitan 5G guaraná e cafeína, caixa com 10 comprimidos efervescentes;290.0;13
Arpadol 400mg com 60 comprimidos revestidos;290.0;12
Vasopril Plus 20mg + 12,5mg 30 comprimidos;290.0;15
Pastilhas Drops Vick Limão Unitária 24 unidades;290.0;12
Dicloridrato De Betaistina Biosintetica 24Mg, Caixa Com 30 Comprimidos;290.0;12
Leite De Magnésia ADV Farma 8%, frasco com 100g de solução de uso oral;290.0;12
Colchis 0,5mg, caixa com 20 comprimidos;290.0;14
Risperidona 2mg União Química 30 Comprimidos Revestidos;290.0;13
Trezete 10mg + 10mg, caixa com 30 comprimidos revestidos;290.0;13
Tamisa 20 0,075 + 0,020Mg, Caixa Com 21 Drageas;290.0;14
Naldecon Multi 400mg + 20mg + 400mg 4 Comprimidos;290.0;12
Sal de Frutas Eno 2 envelopes com 5g de pó efervescente de uso oral, laranja;289.0;12
Benzoilmetronidazol 40mg ml EMS Suspensão Oral 120ml;289.0;12
Cetoconazol + Dipropionato de Betametasona + Sulfato de Neomicina Medley 20mg/g + 0,5mg/g + 2,5mg/g, caixa contendo 1 bisnaga com 30g de creme de uso dermatológico;289.0;12
Cilostazol Eurofarma 100Mg, Caixa Com 30 Comprimidos;289.0;14
Doril DC 500 500mg + 65mg, blister com 4 comprimidos;289.0;13
Puravit Multi Tutti-Frutti, 120mL;289.0;12
Unizinco Comprimido 20Mg, Caixa Com 14 Comprimidos;289.0;13
Pulmicort 0,5mg/mL, caixa com 5 frascos com 2mL de suspensão para nebulização;289.0;12
Hemifumarato de Quetiapina 100mg Medley 30 Comprimidos Revestidos;289.0;12
Cetoprofeno Comprimido Eurofarma 150mg, caixa com 10 comprimidos de liberação prolongada;289.0;14
Cloridrato de Sotalol 120mg Biosintética 30 Comprimidos;289.0;12
Sedatif Pc Com 60 Comprimidos;289.0;13
Broncho-Vaxom 7,0Mg, Caixa Com 10 Capsulas De Uso Adulto;289.0;12
Albocresil 90mg Óvulo Vaginal 6 Unidades;289.0;13
Cloridrato de Venlafaxina 150mg 30 Capsulas EMS;289.0;12
Dutam 0,5mg + 0,4mg, caixa com 30 cápsulas duras de liberação prolongada;289.0;13
Clilon 0,4  Solucao Oftalmica Gotas 5Ml;289.0;12
Fosfato Sódico de Prednisolona 3mg ml Solução Oral 120mL;289.0;13
Complexo B Ems Caixa Com 1 Frasco Com 120Ml De Xarope;289.0;12
Trimbow Solução Aerosol 120Doses;289.0;13
Clortalidona 50mg Genérico EMS 30 comprimidos;289.0;13
Reconter 20mg 60 Comprimidos Revestidos;289.0;13
Nimesulida Eurofarma 100mg, caixa com 12 comprimidos;288.0;12
Noripurum Folico 100Mg + 0,35Mg, Caixa Com 30 Comprimidos Mastigaveis;288.0;12
Cloridrato de Ciprofloxacino 3,5mg ml + Dexametasona 1mg ml Geolab Solução Oftálmica 5ml;288.0;12
Busonid 64mcg/dose, caixa com 1 frasco com 6mL de suspensão de uso nasal (120 doses)﻿;288.0;13
Filinar G 5mg/mL, caixa com 1 frasco com 120mL de gel de uso oral + colher medidora;288.0;14
Inilok 40Mg, Caixa Com 30 Comprimidos Revestidos De Liberacao Retardada;288.0;14
Doilamim Flex Clonixinato de Lisina 125mg + Cloridrato de Ciclobenzaprina 5mg 12comp.;288.0;13
Vick Vaporub 30 Gramas Pomada;288.0;13
Ciproterona+Etin 2+0,035Mg 21Cpr Cif;288.0;13
Angiopril 10mg, caixa com 30 comprimidos;288.0;12
PraKalmar 210mg Aspen com 20 comprimidos;288.0;13
Sorine H 3  Descongestionante Spray 50mL;288.0;13
Deposteron 200mg 2ml com 3 Ampolas;288.0;12
Belfaren Diclofenaco Sódico 50mg 20 Comprimidos;288.0;13
Novalgina Comprimido 1g, caixa com 10 comprimidos efervescentes;288.0;13
Valsartana 80Mg Althaia, Caixa Com 30 Comprimidos Revestidos;288.0;13
Creme Dermatológico ABC 10mg g 20g;288.0;13
Cronobe Injetável 5000mcg 2 Ampolas;288.0;15
Spidufen 770mg 10 comprimidos;288.0;13
Nienza 6,25Mg Com 30 Comprimidos Revestidos;287.0;13
Minesse 0,06mcg + 0,015mg, caixa com 24 comprimidos revestidos;287.0;12
Budesonida Ems 64Mcg Acionamento, Caixa Com 1 Frasco Com 120 Doses De Suspensao De Uso Nasal;287.0;12
Inseris Xr 300Mg Com 30 Comprimidos Revestidos;287.0;13
Citalor 10mg, caixa com 30 comprimidos revestidos;287.0;13
Enterogermina Plus 4bcfu/5mL, caixa com 5 frascos com 5mL de suspensão de uso oral;287.0;13
Annita 500mg, caixa com 6 comprimidos revestidos;287.0;12
Allegra 120mg, caixa com 10 comprimidos revestidos;287.0;12
Imunoglucan DS caixa com 30 cápsulas;287.0;12
Benicar HCT 40mg + 12,5mg com 30 Comprimidos;287.0;12
Aerolin 2mg, caixa com 20 comprimidos;287.0;12
Bálsamo Bengué Aerossol 10mg g + 50mg g 60g;287.0;13
Daflon 500Mg 30Cpr Rev;287.0;15
Losartana Potassica + Hidroclorotiazida 50 12,5Mg 30Cpr Biol;287.0;15
Venzer 16mg, caixa com 30 comprimidos;287.0;14
Noripurum 100Mg, Caixa Com 30 Comprimidos Mastigaveis;287.0;13
Sal de Frutas Eno frasco com 100g de pó efervescente de uso oral, abacaxi;287.0;12
Xultophy 100U/mL + 3,6mg/mL, caixa com 1 carpule com 3mL de solução de uso subcutâneo + 1 sistema de aplicação;287.0;13
Zz Rohyonol 1Mg 20Cpr  B1;287.0;12
Pointts Anti-Verrugas C 12 Aplicações 80Ml;287.0;13
Valium 10mg caixa com 30 comprimidos;287.0;13
Akineton 2Mg 80Cpr;287.0;12
Albendazol Prati-Donaduzzi 400mg, caixa com 5 comprimidos mastigáveis;287.0;12
Gazia 40Mg, Caixa Com 28 Comprimidos Revestidos De Liberacao Retardada;287.0;13
Secnidazol 1000mg 4 Comprimidos Medley Genérico;287.0;13
Diovan Hct 160Mg + 12,5Mg, Caixa Com 28 Comprimidos Revestidos;287.0;12
Condres Colágeno 40mg 90 Cápsulas;287.0;13
Tansulosina 0,4 Mg 30 Comprimidos Euro;287.0;13
Addera D3 30.000Ui Com 2 Capsulas;287.0;12
Aradois H 50 12,5mg com 60 comprimidos;287.0;13
Levotiroxina Sodica Merck 88Mcg, Caixa Com 30 Comprimidos;286.0;12
Spidufen 1155mg, caixa com 10 envelopes com 3g de granulado de uso oral, sabor menta anis;286.0;14
Hemifumarato De Bisoprolol Merck 1,25mg, Caixa Com 30 Comprimidos Revestidos;286.0;12
Lativax Lactulose Kester Salada de Frutas 120ml;286.0;15
Ibuprofeno Althaia 600mg, caixa com 10 cápsulas gelatinosas moles;286.0;12
Alenia 12mcg + 400mcg, caixa com 60 cápsulas gelatinosas duras com pó de uso inalatório﻿ (refil);286.0;12
Pedialyte Max frasco com 500mL de solução de uso oral, sabor coco;286.0;13
Bravan 160mg, caixa com 30 comprimidos revestidos;286.0;12
Sinot 400mg Suspensão Oral 100ml + Seringa Dosadora;286.0;13
Clenil A 400mcg/mL, caixa com 10 flaconetes com 2mL de suspensão para nebulização;286.0;15
Centrum Multivitamínico De A a Zinco Mulher com 30 comprimidos;286.0;14
Finasterida 1mg Biosintética - Aché caixa com 30 comprimidos revestidos;286.0;13
Diclofenaco Colestiramina 70mg 14 cápsulas;286.0;12
Esomeprazol Magnésico Tri-Hidratado 40mg 28 comprimidos EMS Genérico;286.0;12
Galvus Met 50Mg + 850Mg, Caixa Com 56 Comprimidos Revestidos;286.0;15
Estriol Creme Vaginal 50g + Aplicador - Biolab;286.0;12
Dorflex 300mg + 35mg + 50mg, blíster com 10 comprimidos;286.0;12
Suplemento Alimentar Calde Mdk 2000 30Cpr;286.0;12
Neo Fedipina 20Mg, Caixa Com 30 Comprimidos;286.0;12
Haldol 2mg ml Solução Oral 30ml;286.0;13
Abrilar 7mg/mL, frasco com 200mL de xarope + copo medidor;285.0;12
Atensina 100mg, Caixa com 30 comprimidos;285.0;13
Multisoro Cloridrato de Nafazolina 0,5mg mL Solução Nasal Adulto 30mL;285.0;13
Tam 250Mg Com 30 Comprimidos;285.0;12
Neocopan Composto 6,667mg/mL + 333,4mg/mL, caixa com 1 frasco gotejador com 20mL de solução de uso oral;285.0;12
Naridrin Jet 9Mg Ml, Caixa Com 1 Frasco Com 100Ml De Solucao De Uso Nasal;285.0;12
Dipropionato de Betametasona EMS 0,5mg/g, caixa com 1 bisnaga com 30g de creme de uso dermatológico;285.0;13
Lavitan  5G Lar+Ace+Caf 10Cpr Eferv;285.0;12
Cataflampro XT Emulgel 100g;285.0;14
Cataflam Aerosol Sport Ice 120g;285.0;12
Losartana Potássica Multilab 50mg, caixa com 30 comprimidos revestidos;285.0;13
Sandrena 1mg 28 Sachets;285.0;14
Zoloft 50mg 30 Comprimidos Revestidos;285.0;12
Cloridrato de Memantina 10mg 30Comprimidos Med;285.0;14
Topcoid 5mg/g, caixa com 1 bisnaga com 40g de gel de uso dermatológico;285.0;14
Oxotron 60mg 60 Comprimidos Aché;285.0;13
Alivik Bravir 40g;285.0;14
Clinfar 20Mg, Caixa Com 30 Comprimidos Revestidos;285.0;13
Cloridrato de Propranolol 40mg 30 Comprimidos Neo Química Genérico;285.0;15
Ritmonorm 300mg 60 Comprimidos;285.0;16
Amoxicilina 500mg + Clavulanato de Potássio 125mg EMS 12 Comprimidos;285.0;14
Pantoprazol Medley 20Mg, Caixa Com 42 Comprimidos Revestidos;285.0;13
Desloratadina Eurofarma 0,5Mg Ml, Caixa Com 1 Frasco Com 100Ml De Xarope + Seringa Dosadora + Adaptador;285.0;12
DIPIRONA GTS 20ML GEN PRATI;285.0;12
Dexilant 60mg, caixa com 30 cápsulas de liberação retardada;285.0;13
Pharmaton 50+ Caixa Com 30 Capsulas;285.0;13
@ Traturil 2Env;284.0;12
Neovlar 0,25Mg + 0,05Mg, Caixa Com 21 Drageas;284.0;12
Diclofenaco Colestiramina - Medley 70mg caixa com 14 cápsulas;284.0;13
Fexx Cloridrato de Fexofenadina 180mg 10 comprimidos;284.0;12
Protect Wellmune caixa com 20 cápsulas;284.0;13
Lasix 40mg, caixa com 20 comprimidos;284.0;13
Gliclazida Legrand 60mg, caixa com 30 comprimidos;284.0;14
Dulcolax 5mg, caixa com 20 drágeas com revestimento entérico;284.0;14
Suprema 2mg 1mg Biolab 28 comprimidos revestidos;284.0;13
Prednisolona Legrand 20mg, caixa com 10 comprimidos;284.0;12
Ster 12ml suspensão oftálmica frasco com 10ml;284.0;13
Suplemento Vitaminico Vitergan Zinco Pl Caixa Com 30 Comprimidos;284.0;12
Peg-Lax 17g Pó Para Solução Oral Sabor Limão 14 Envelopes;284.0;15
Enxak 1mg + 350mg + 100mg, caixa com 12 comprimidos;284.0;13
Foldan Pom 45Gr;284.0;13
Nistatina Suspensão Oral Teuto 100.000UI/mL, caixa com 1 frasco com 50mL de suspensão de uso oral;284.0;14
Motilex Ha Com 30 Capsulas;283.0;13
Creme Dermatológico Cortigen Genom 20g;283.0;12
Decadron 0,5mg 20 Comprimidos;283.0;14
Esio Comprimido 40Mg, Caixa Com 28 Comprimidos Revestidos;283.0;12
Leg 50mg, caixa com 1 frasco com 100mL de xarope + seringa dosadora + adaptador;283.0;12
Vick Vapobanho Vapores Relaxantes Com 3 Pastilhas;283.0;12
Vertigium 10mg, caixa com 50 comprimidos;283.0;15
Supositório de Glicerina Granado Pharmacias caixa com 12 supositórios, uso infantil;283.0;13
Cloridrato de Moxifloxacino 400mg EMS 5 Comprimidos Revestidos;283.0;13
Bálsamo Bengué 0,25g/g + 0,25g/g, caixa com 1 bisnaga com 20g de pomada de uso dermatológico;283.0;13
Suplemento Vitamínico Cogmax 60 Cápsulas;283.0;14
Alprazolam 1mg 30 Comprimidos - Bio;283.0;13
Kaloba 825 Mg Ml, Caixa Com 1 Frasco Com 20Ml De Solucao De Uso Oral;283.0;12
Flanax 550mg, caixa com 10 comprimidos revestidos;283.0;13
Simeticona Comprimido Ems 40Mg, Caixa Com 20 Comprimidos;283.0;12
Oxalato de Escitalopram 10mg EMS 30 Comprimidos Revestidos;283.0;14
Janumet 50 500mg 56 Comprimidos Revestidos;283.0;13
Revange 375 + 325mg caixa com 10 comprimidos revestidos;283.0;13
FLUCONAZOL 150MG2CAP CIM OF;283.0;12
Lactosil 10.000 com 30 cápsulas;282.0;12
Succinato De Metoprolol Medley 50Mg, Caixa Com 30 Comprimidos Revestidos De Liberacao Prolongadaï»¿;282.0;12
Gardenal 50mg caixa com 20 comprimidos;282.0;13
Cor - Select 2,5mg Biolab 30 Comprimidos;282.0;14
Tamareti Sabor Ameixa 150g - Kley Hertz;282.0;14
Puran T4 175Mcg 30 Comprimidos;282.0;12
DoisKa Biolab caixa com 30 comprimidos;282.0;15
Ivy C Ferulic Creme Com 30 Gramas;282.0;12
Vick Vaporub 28,2 + 52,6 + 13,3mg/g, unguento, pote com 50g;282.0;12
Budesonida EMS 32mcg/acionamento, caixa com 1 frasco com 120 doses de suspensão de uso nasal;282.0;13
AD-Muc Pomada com 10g;282.0;12
Duomo 4mg, caixa com 30 comprimidos;282.0;13
Pepsamar 230mg, caixa com 50 comprimidos mastigáveis;282.0;14
Pressat 5mg 60 Comprimidos;282.0;13
Dprev Caps 5000Ui, Caixa Com 30 Capsulas Moles;282.0;14
Xafac 10Mg Com 10 Comprimidos Revestidos;281.0;14
Puran T4 200Mcg 30 Comprimidos;281.0;13
Arflex Retard 200Mg, Caixa Com 12 Capsulas De Acao Prolongada;281.0;12
Decongex Plus 2mg/mL + 2,5mg/mL, caixa contendo 1 frasco gotejador com 20mL de solução de uso oral;281.0;13
Belarina 2mg + 0,02mg, caixa com 24 comprimidos revestidos + 4 placebos;281.0;15
Fostair DPI 100 6mcg com 120 Doses;281.0;13
Infralax 300mg + 30mg + 125mg + 50mg, caixa com 30 comprimidos;281.0;12
Amoxicilina 250mg susp 150ml neo;281.0;13
Sepurin 120mg + 20mg, caixa com 20 drágeas;281.0;12
Glifage XR 1g, caixa com 30 comprimidos;281.0;13
Maleato de Enalapril Multilab 10mg, caixa com 30 comprimidos;281.0;14
Cloridrato de Ciprofloxacino 3,5mg ml + Dexametasona 1mg ml EMS Solução Oftálmica 5ml;281.0;13
Plenance 10mg 90 comprimidos;281.0;12
Rosucor 20Mg, Caixa Com 30 Comprimidos Revestidos;281.0;12
Amoxicilina 875mg Nova Química 14 Comprimidos Revestidos;281.0;13
Besilato De Anlodipino 5Mg Com 30 Comprimidos Neo Quimica;280.0;13
Norestin 0,35 Mg 35 Comprimidos;280.0;14
Vecasten Melilotus Officinalis 26,7mg 30 comprimidos;280.0;14
Gino Canesten 50mg 5g Creme Vaginal 35g + 6 Aplicadores;280.0;13
Addera Cal 1000UI, frasco com 30 comprimidos;280.0;14
Cloridrato de Duloxetina - EMS 60mg 3bl x 10 cap;280.0;12
Benatux 12 Pastilhas Sabor Menta;280.0;14
Zinpass + Eze 10Mg 10Mg Com 30 Comprimidos Revestidos;280.0;13
Press Plus 2,5Mg + 10Mg, Caixa Com 30 Capsulas Gelatinosas Duras;280.0;12
Motilium 10mg, caixa com 30 comprimidos;280.0;12
Calcitran D3 400UI, caixa com 60 comprimidos revestidos;280.0;15
Aciclovir Comprimido Teuto 200Mg, Caixa Com 25 Comprimidos;280.0;14
Magnen B6 722,22Mg + 1Mg, Caixa Com 30 Comprimidos Revestidos;280.0;13
Dropropizina Biosintetica 3Mg Ml, Caixa Com 1 Frasco Com 120Ml De Xarope Adulto + 1 Copo Medidor;280.0;14
Hetori 90Mg 7Cpr;280.0;13
Onglyza Saxagliptina 5mg 28 Comprimidos;280.0;12
Nervocalm 250mg 60 Comprimidos;280.0;15
Cinarizina Ranbaxy 25Mg, caixa com 30 comprimidos;280.0;13
Clortalidona Ems 12,5Mg, Caixa Com 60 Comprimidos;280.0;13
Leucogen 20mg 5ml Aché Xarope 120mL;280.0;14
Finasterida 5mg Eurofarma 30 comprimidos;280.0;15
Mtor 1Gr Com 90 Comprimidos;280.0;14
Trok Creme 10GR;280.0;12
Dicloridrato De Betaistina Biosintetica 8Mg, Caixa Com 30 Comprimidos;280.0;13
Levotiroxina Sodica Merck 100Mcg, Caixa Com 30 Comprimidos;280.0;12
Auris Sedina Gotas com 10ml;280.0;14
Piotaz 15mg, caixa com 30 comprimidos;280.0;14
Tolrest 50mg 30 Comprimidos;280.0;13
Atorvastatina 10 Mg 30 Comprimidos Ems;279.0;14
NiQuitin Adesivo 14mg, caixa com 7 adesivos transdérmicos transparentes (etapa 2);279.0;12
Metformina 850mg Genérico Prati 30 Comprimidos;279.0;15
Meticorten 5mg 20 comprimidos;279.0;13
Neuleptil 10mg caixa com 20 comprimidos revestidos;279.0;13
Minian 0,150Mg + 0,02Mg, Caixa Com 21 Comprimidos Revestidos;279.0;14
Sinot Clav 400+57Mg 70Ml;279.0;12
Clotrimix 10mg/g, caixa com 1 bisnaga com 20g de creme de uso dermatológico;279.0;13
Arpadol 400Mg, Caixa Com 30 Comprimidos Revestidos;279.0;12
Valerato de Betametasona 1mg g Solução 50mL Neo Química Genérico;279.0;12
Deltalab Loção 100mL;279.0;13
Desogestrel + Etinilestradiol Biosintética - Aché 0,15mg + 0,02mg, caixa com 63 comprimidos revestidos;279.0;12
Adipept 40mg 28 Comprimidos Revestidos;279.0;13
Lavitan 5G Limão 10Cpr Eferv;279.0;15
Venlift OD 150mg 30 Cápsulas;279.0;12
Berlison 10mg/g, caixa com 1 bisnaga com 15g de creme de uso dermatológico﻿;279.0;13
Ultrafer 50Mg Ml, Caixa Com 1 Frasco Gotejador Com 30Ml De Solucao De Uso Oral;279.0;14
Suplemento Vitamínico Puravit ADE Solução Gotas Sabor Tutti-Frutti 20ml + Conta Gotas;279.0;12
Mesacol 500mg 15 Supositórios;279.0;13
NovoRapid FlexPen 100U/mL, caixa com 1 carpule com 3mL de solução de uso subcutâneo + 1 sistema de aplicação;279.0;13
Aires 20mg/mL, frasco com 100mL de xarope + copo medidor;279.0;12
Puran T4 150Mcg 30 Comprimidos;279.0;13
Cefalexina 500mg Cimed 8 Cápsulas;279.0;12
Coltrax 2mg solução injetável caixa com 3 ampolas com 2ml;279.0;13
Probiótico Colidis Gotas 5mL;279.0;13
Cerazette 75mcg Organon 84 Comprimidos;279.0;12
Sinvastatina Merck 20mg, caixa com 30 comprimidos revestidos;278.0;12
Citoneurin 5000mcg + 100mg + 100mg, caixa com 60 drágeas;278.0;12
Esperson N 20g Pomada;278.0;12
Alektos Bilastina 20mg 30 comprimidos;278.0;13
Monocordil 20mg, caixa com 30 comprimidos;278.0;12
Furosemida Comprimido Teuto 40mg, caixa com 20 comprimidos;278.0;14
Targifor C 16 Comprimidos;278.0;12
Zinnat 250mg ml Pó para Suspensão Oral 50ml;278.0;12
Levoid 75Mcg, Caixa Contendo 30 Comprimidos;278.0;12
Paracetamol 500mg + Fosfato de Codeína 30mg EMS 24 Comprimidos;278.0;12
Baristar frasco com 30 cápsulas gelatinosas moles;278.0;13
Efurix 50mg g creme bg 15g;278.0;13
Tramal Retard 50mg 10 Comprimidos;278.0;14
Eparema 125Mg, Caixa Com 20 Drageas;278.0;13
Cutisanol Gel 1,5Mg G + 45Mg G, Tubo Com 100G De Gel De Uso Dermatologico;278.0;13
Combigan 10mL Solução Estéril;278.0;13
Lisador Dip 1g, caixa com 20 comprimidos;278.0;13
Esomeprazol Magnésico 20mg 28 Comprimidos Revestidos - EMS;278.0;12
Quadriderm Pomada 20g;278.0;12
Benicar HCT 40mg + 25mg com 30 comprimidos;278.0;13
Tylenol 750mg 10 Comprimidos;278.0;12
Queimalive 74mg/g + 20g/g, caixa com 1 bisnaga com 30g de pomada de uso dermatológico;278.0;12
Lotar 5Mg + 100Mg, Caixa Com 30 Capsulas Gelatinosas Duras;278.0;12
Orlistate Prati-Donaduzzi 120mg, caixa com 84 cápsulas duras;277.0;14
Tylex 30Mg 36Cpr;277.0;15
Sérum Facial Ácido Hialurônico Hidraderm Ciclos - 30ml;277.0;14
Simeticona Gotas 15 Ml Med Gen;277.0;15
Vitamina B12 Kester 60 cápsulas;277.0;13
Fluoxetina 20 30Cap Teu;277.0;12
Florastor 200mg 12 Cápsulas;277.0;12
Garasone 1mg ml + 3mg ml Solução Oftálmica 20ml;277.0;12
Anti-Hipertensivo Brasart Bcc 160Mg+5Mg 30 Comprimidos;277.0;12
Triancinolona Acetonida Prati-Donaduzzi 1Mg G, Caixa Com 1 Bisnaga Com 10G De Pomada De Uso Bucal;277.0;12
Annita 20 Mg Suspensao 45 Ml;277.0;12
Foraseq 12mcg + 400mcg 120 cápsulas para inalação;277.0;14
Frontal 05mg caixa com 30 comprimidos;277.0;12
Bupropiona 150mg 30 Comprimidos - Eurofarma;277.0;12
Paracetamol 500mg + Cafeína 65mg EMS 20 Comprimidos Revestidos;277.0;12
Pantogar Suplemento com 90 cápsulas;277.0;12
Polaramine 6Mg, Caixa Com 12 Drageas;277.0;12
Cebralat 100mg, caixa com 60 comprimidos;277.0;13
Sorine Ssc 9Mg Ml, Caixa Com 1 Frasco Spray Com 50Ml De Solucao De Uso Nasal Sem Conservante;277.0;12
Benicar HCT 20mg + 12,5mg, caixa com 30 comprimidos revestidos;277.0;12
Cetoconazol + Dipropionato De Betametasona + Sulfato De Neomicina Medley 20Mg G + 0,5Mg G + 2,5Mg G, Caixa Contendo 1 Bisnaga Com 30G De Pomada De Uso Dermatologico;277.0;12
Bactrim F 80 + 16mg suspensão frasco com 100ml;277.0;13
Vaslip Sinvastatina 10mg 30 comprimidos;277.0;13
Paracetamol 750 Mg 20Cpr Neo;277.0;14
Lavitan tonico sol oral morango 400ml;277.0;13
Risedronato Sodico Com 4 Comprimidos Biossintetica;277.0;13
Risperidona 2Mg 30 Eur;276.0;14
Paracetamol + Cloridrato de Pseudoefedrina EMS 500mg + 30mg, caixa com 24 comprimidos revestidos;276.0;13
Creme Para Varizes Varicell Pele Normal, 300G;276.0;13
Xafac 2,5mg, caixa com 30 comprimidos revestidos;276.0;14
Creme Revitalizante Para Pernas Cedraflon 150ml;276.0;12
Sildenafila 50mg Genérico Neo Química 4 Comprimidos Revestidos;276.0;12
Flunarin 10mg 60 Cápsulas;276.0;14
Tadalafila Eurofarma 5mg, caixa com 30 comprimidos revestidos;276.0;14
Rosuvastatina Cálcica Legrand 10mg, caixa com 30 comprimidos revestidos;276.0;12
Hidroquinona 40mg g Creme 30g EMS Genérico;276.0;12
Alektos Pediatrico Solucao Oral Com 120Ml + Copo Dosador;276.0;13
Besilato de Anlodipino 5mg 30 Comprimidos Teuto Genérico;276.0;14
Cloridrato de Propranolol Pharlab 40mg, caixa com 30 comprimidos;276.0;14
Hemifumarato de Quetiapina 25mg 30 Comprimidos Revestidos - Biolab;276.0;13
Suplemento Alimentar DayVit Kids Suspensão Oral 120ml;276.0;14
Ocupress 20mg 5mL Solução oftálmica;276.0;15
Drospirenona + Etinilestradiol Ems 3Mg + 0,02Mg, Caixa Com 24 Comprimidos Revestidos;276.0;13
Crestor 5mg caixa com 60 comprimidos revestidos;276.0;14
Cloridrato de Ciclobenzaprina Biosintética - Aché 5mg, caixa com 15 comprimidos revestidos;276.0;13
Azelan 150Mg G, Caixa Com 1 Bisnaga Com 30G De Gel De Uso Dermatologico;276.0;13
Pedialyte Max frasco com 500mL de solução de uso oral, sabor morango;276.0;13
Neocoflan 11,6Mg G, Caixa Com 1 Tubo Aerossol Com 85Ml De Solucao De Uso Dermatologico;276.0;13
Glineon Ômega 30 Cápsulas;276.0;12
Suplemento Vitamínico Bioargi C 1000mg com 16 comprimidos;276.0;13
Exforge HCT 160mg + 12,5mg + 5mg, caixa com 28 comprimidos revestidos﻿;275.0;13
Floral De Bach Reequilibrio de Chakras 30mL;275.0;13
Lorazepam 2mg 20 Comprimidos;275.0;12
Rizi 5mg, caixa com 10 comprimidos revestidos;275.0;14
Sinvastatina Merck 40mg, caixa com 30 comprimidos revestidos;275.0;13
Addera D3 Capsulas 7000Ui, Caixa Com 4 Capsulas Moles;275.0;12
Sulfato De Neomicina + Bacitracina Zincica Medley 5Mg G + 250Ui G, Caixa Com 1 Bisnaga Com 50G De Pomada De Uso Dermatologico;275.0;12
Nitazoxanida Althaia 500mg, caixa com 6 comprimidos revestidos;275.0;13
Azukon MR 30mg, caixa com 60 comprimidos de liberação prolongada;275.0;13
Cardizem Sr 90Mg, Caixa Com 20 Capsulas Gelatinosas Duras De Liberacao Prolongada;275.0;13
Dastene 0,5Mg 30Caps;275.0;12
Montelucaste de Sódio Medley 10mg, caixa contendo 30 comprimidos revestidos;275.0;13
Allexofedrin 120Mg 10Cpr;275.0;12
Symbicort Turbuhaler 12 400mcg Pó Inalante com 60 Doses;275.0;12
Drenison N 0,125mg/g + 0,35mg/g, caixa com 1 bisnaga com 30g de creme de uso dermatológico﻿;275.0;12
Dropy D 2000Ui Com 30 Comprimidos;275.0;13
Varivax 100mg, caixa com 30 comprimidos;275.0;12
Primolut-Nor 10Mg, Caixa Com 30 Comprimidos;275.0;13
Cloridrato de Nebivolol 5mg Biolab 60 comprimidos;275.0;13
ZincoPro Sachê caixa com 4 sachês com 2g de solução de uso oral;275.0;12
Anti-Hipertensivo Brasart Hct 160 12,5 Mg 30 Comprimidos;274.0;12
Rohydorm 2mg caixa com 20 comprimidos revestidos;274.0;13
Dual 60mg cx 30 cap lib retard;274.0;14
@ Colpistatin 40Gr C 10 Aplic;274.0;13
Lavitan Kids caixa com 10 comprimidos efervescentes, sabor tutti-frutti;274.0;13
Elani 28 3 + 003mg caixa com 28 comprimidos revestidos;274.0;13
Selozok Succinato de Metoprolol 100mg 30 comprimidos;274.0;13
Tyflen Suspensão Oral 160mg/5mL, caixa com 1 frasco com 60mL de suspensão de uso oral + 1 copo medidor;274.0;13
Suplevit C + Zinco 1g Sabor Laranja 30 Comprimidos Efervescentes;274.0;12
Clor Tramadol 50Mg 10Caps Eur;274.0;13
Enterogermina 2Bcfu 20X5mL Tamanho Familia;274.0;12
Fluconazol 150mg 1 cápsula Eurofarma Genérico;274.0;15
Ômega 3 Alaska Kester 60 cápsulas;274.0;12
Dilatador Nasal Respire Melhor Pele Normal Lv 30 Pg 20;274.0;12
Xigduo XR 10mg + 1000mg, caixa com 30 comprimidos revestidos;274.0;12
Fumarato Quetiapina 25 30Cp Eur;274.0;12
Alprazolam 0,25 30Cpr Med;273.0;12
Succinato de Metoprolol 100mg 30 comprimidos Neo Química Genérico;273.0;12
Capilarema 75mg, caixa com 60 comprimidos;273.0;14
Redoxon 500Mg, Caixa Com 30 Comprimidos;273.0;12
Betrat 5000mcg + 100mg + 100mg 42 Comprimidos Myralis;273.0;13
Eudok 10Mg 30Cpr;273.0;15
Lomecan Creme Vaginal 3 Dias 20 Gramas;273.0;14
Zirk 500mg 5 Comprimidos Revestidos;273.0;14
Tartarato de Brimonidina 0,2  Solução Oftálmica 5mL Aché Biosintética Genérico;273.0;13
Clor Donepezila 5Mg 30Cpr Ems;273.0;15
Nordette 0,15Mg + 0,03Mg, Caixa Com 21 Drageas;273.0;14
Sumax 50Mg, Caixa Com 2 Comprimidos Revestidos;273.0;12
Aftine Gotas 20 Ml;273.0;15
Verutex 20mg creme dermatológico bisnaga com 15g;273.0;13
@ Metronidazol 250Mg 20Cpr Prat;273.0;12
Primera 20 Mg 63 Comprimidos;273.0;12
Polivitamínico Emulvit Kids gotas 20 ml;273.0;12
Esomeprazol Magnesico Germed Pharma 40Mg, Caixa Com 28 Comprimidos Revestidos De Liberacao Retardada;273.0;12
Quet 25mg 30 Comprimidos;273.0;14
Paracetamol + Fosfato de Codeína 500mg + 30mg Biolab 12 Comprimidos;273.0;13
Januvia 25mg caixa com 28 comprimidos;272.0;12
Vick Vaporub 28,2mg/g + 52,6mg/g + 13,3mg/g, caixa com 1 frasco com 100g de unguento;272.0;13
Oto-Xilodase 100UTR/mL + 50mg/mL + 5m/mL, caixa com 1 frasco gotejador com 8mL de solução de uso otológico;272.0;14
Bravan 80Mg, Caixa Com 30 Comprimidos Revestidos;272.0;13
Cetoprofeno - Eurofarma 20Mg mL Solução 20mL;272.0;14
Nebacetin 5mg/g + 250UI/g, caixa com 1 bisnaga com 50g de pomada de uso dermatológico;272.0;13
Carvedilol 3,125mg 30 comprimidos;272.0;14
Loratadina 1mg mL + Sulfato de Pseudoefedrina 12mg mL Xarope 60ml Aché Biosintética Genérico;272.0;12
Coliaft 1mg/g, caixa com 1 bisnaga com 10g de pasta de uso dermatológico;272.0;13
Rusovas 10mg caixa 60 comprimidos revestidos;272.0;13
Rosuvastatina Cálcica Legrand 20mg, caixa com 30 comprimidos revestidos;272.0;12
Dobeven 500mg Apsen 30 Cápsulas;272.0;14
Kalist 2Mg 28Cpr;272.0;13
Lactopurga Ultracet 10 Comprimidos Revestidos 325mg 37,5mg;272.0;13
Klaricid 50mg ml Pediátrico Suspensão Oral 60ml + Seringa Dosadora;272.0;13
Dolamin 125mg, caixa com 16 comprimidos revestidos;272.0;14
Suplemento Alimentar Vitamina C 500mg Biolab 60 Cápsulas Gelatinosas Moles;272.0;14
Vasogard 100mg caixa com 60 comprimidos;272.0;15
Marevan 5Mg, Caixa Com 30 Comprimidos;272.0;12
Propionato De Clobetasol Solucao Capilar Prati-Donaduzzi 0,5Mg G, Caixa Com 1 Frasco Gotejador Com 50G De Solucao De Uso Capilar;272.0;12
Bálsamo Bengué 0,10g + 0,15g, caixa com 1 bisnaga com 20g de gel de uso dermatológico;272.0;13
Pílulas De-Lussen caixa com 36 drágeas;271.0;13
PARACETAMOL 750MG 1X4 MED;271.0;13
Maracugina PI 260mg, caixa com 20 comprimidos revestidos;271.0;14
Suplemento Alimentar Imunoglucan Ds 60 Caps;271.0;12
Diclin 2mg + 0,035mg, caixa com 63 comprimidos revestidos;271.0;13
Alprazolam 2mg Germed 30 Comprimidos;271.0;13
Adacne Clin 1 + 10mg gel bisnaga com 45g;271.0;14
Maleato de Timolol EMS 5mg/mL, caixa com 1 frasco com 5mL de solução de uso oftálmico;271.0;12
Livalo 2mg Caixa Com 30 Comprimidos Revestidos;271.0;14
Rosuvastatina Cálcica Torrent 20mg, caixa com 30 Comprimidos;271.0;14
Diclofenaco Colestiramina - Medley 70mg caixa com 20 cápsulas;271.0;12
Ácido Acetilsalicílico Cimed 500mg, caixa com 20 comprimidos;271.0;12
Reparil Gel 30g;271.0;14
ZZ Máscara Facial Antioxidante Resveratrol e Berry Mask 10gr;271.0;12
Reconter 20Mg Com 30 Comprimidos;271.0;13
Aciclovir Creme Biosintetica 50Mg G, Caixa Com 1 Bisnaga Com 10G De Creme De Uso Dermatologico;271.0;14
Histamin Creme 10mg/g, caixa com 1 bisnaga com 30g de creme de uso dermatológico;271.0;13
Cabergolina 0,5mg 2 comprimidos Prati Donaduzzi Genérico;271.0;14
Gracial 025 + 0040 + 0125 + 0030mg caixa com 22 comprimidos;271.0;14
Sulfato Glicosamina 1,5g Nova Química com 30 envelopes;270.0;14
Etira 100mg sol oral 100ml+ser dos;270.0;14
Buscopan 10Mg Ml, Caixa Com 1 Frasco Com 20Ml De Solucao De Uso Oral;270.0;14
Expec 0,4mg/mL + 20mg/mL + 4mg/mL + 6mg/mL, caixa com 1 frasco com 120mL de xarope;270.0;12
Bravan Duo 80Mg + 5Mg Com 30 Comprimidos Revestidos;270.0;13
Hemifumarato de Quetiapina 100mg Teuto 30 Comprimidos;270.0;12
Hemifumarato De Bisoprolol 10mg 30 Comprimidos;270.0;12
Bromidrato de Citalopram 20mg Biolab 28 Comprimidos Revestidos;270.0;12
Cloridrato de Propafenona Althaia 300mg com 60 comprimidos revestidos;270.0;13
Esalerg Gotas 1,25 Mg Ml, Caixa Com 1 Frasco Gotejador Com 20Ml De Solucao De Uso Oral;270.0;14
Gelol 52,2Mg G + 44,4Mg G + 20,0Mg G + 191,97Mg Mg, Caixa Com 1 Bisnaga Com 20G De Pomada De Uso Dermatologico;270.0;13
Sintocalmy 600Mg, Caixa Com 30 Comprimidos Revestidos;270.0;13
Carbamazepina 200 30Cp Teu;270.0;14
Leite De Magnesia Eno 120Ml;270.0;13
Naturetti 16 Cápsulas;270.0;12
Esmalte Tratamento Sos Unhas Ton Milagr;270.0;14
ZZ Florais Bach Tpm Menopausa 30 Ml;269.0;14
Picoprep contém 2 sachês com 16,1g cada - sabor laranja;269.0;14
Cloridrato De Ambroxol Ems 6Mg Ml, Caixa Com 1 Frasco Com 120Ml De Xarope + Copo Medidor;269.0;13
Mylanta Plus 80Mg Ml + 80Mg Ml + 6Mg Ml, Caixa Com 1 Frasco Com 240Ml De Suspensao De Uso Oral, Menta;269.0;14
Vitamina C ACEVITON Imunidade 10 Comprimidos Efervescentes;269.0;12
Azorga Colírio 6mL;269.0;14
Dicloridrato de Pramipexol - Biosintética 0250mg caixa com 30 comprimidos;269.0;12
Bimatoprosta Medley 0,3Mg Ml, Caixa Com 1 Frasco Gotejador Com 3Ml De Solucao De Uso Oftalmico;269.0;14
Concor 10Mg, Caixa Com 30 Comprimidos Revestidos;269.0;12
Glifage 850 Mg 30 Comprimidos;269.0;13
Probians 30caps;269.0;13
Malvatricin Fluor 100Ml;269.0;13
Novalgina 1 Gramas  Efervecente  Limao 2 X50;269.0;12
Vatis 300mg, caixa com 60 comprimidos revestidos;269.0;13
Lipanon Retard 30 Capsulas;269.0;12
Nutren Senior Sopa Frango 40Gr;269.0;13
Lufta Gastro Pro C 12 Sachet 10Ml;269.0;15
Coques 200mg 10 Cápsulas;269.0;12
Calman 100mg + 30mg + 100mg, caixa com 20 comprimidos revestidos;269.0;13
Canabidiol 20Mg ml Prati Donaduzzi Solução Oral 30Ml + Seringa Dosadora;269.0;12
Desogestrel EMS 75mcg, caixa com 28 comprimidos revestidos;269.0;12
Multisoro Solução Nasal Infantil 30mL;268.0;13
Lânico 875mg + 125mg 14 Comprimidos Revestidos;268.0;12
Sinvastatina 20mg Genérico Cimed 30 Comprimidos;268.0;13
Gelol 0,0333mL/mL + 0,0333g/mL + 0,0083g/mL, tubo aerossol com 60mL de solução de uso dermatológico;268.0;12
Ozempic 1,34mg Ml 1,5 de Solução Injetável + 1 Sistema para Aplicação 0,25mg e 0,5mg + 6 Agulhas;268.0;14
Carbonato de Lítio Eurofarma 300mg, caixa com 90 comprimidos revestidos;268.0;13
Sedantol SR Strip frasco  30 Comprimidos Revestidos;268.0;13
Emulvit AD gotas 20 ml;268.0;13
Novanlo Besilato de Levanlodipino 2,5mg 60 comprimidos;268.0;14
Lidopass 50Mg G, Caixa Com 1 Bisnaga Com 25G De Pomada De Uso Dermatologico, Sabor Laranja;268.0;14
Amato 50mg 60 Comprimidos;268.0;13
Zina 5Mg, Caixa Com 10 Comprimidos;268.0;13
Levoid 38Mcg, Caixa Contendo 30 Comprimidos;268.0;12
Dicloridrato De Betaistina Eurofarma 16Mg, Caixa Com 30 Comprimidos;268.0;12
Levofloxacino 500mg Genérico Cimed 10 Comprimidos;268.0;13
TOPIRAMATO 100MG 60CPR EUR;268.0;13
Ácido Acetilsalicílico Cimed 500mg, blíster com 10 Comprimidos;268.0;13
Benegrip 6 Comprimidos X25;267.0;13
Ivermectina Vitamedic 6Mg, Caixa Com 4 Comprimidos;267.0;13
Tetralysal 300mg 28 Cápsulas;267.0;12
Clorana 50mg caixa com 20 comprimidos;267.0;12
Legalon Silimarina 90mg 30 drágeas;267.0;12
Piroxicam Cápsula EMS 20mg, caixa com 15 cápsulas gelatinosas duras;267.0;13
Daflon Flex 1000mg Suspensão Oral;267.0;13
Telmisartana 80Mg Althaia, Caixa Com 30 Comprimidos;267.0;14
Nautex 8mg, caixa com 10 comprimidos revestidos;267.0;13
Cloridrato de Ambroxol 15mg 5mL EMS;267.0;12
Ibandronato De Sodio 150Mg 1 Comprimido Eurofarma;267.0;12
Drusolol Colírio 5mL;267.0;12
Dramin B6 50mg + 10mg, caixa com 30 comprimidos revestidos;267.0;13
Calcitotal frasco com 60 cápsulas;267.0;14
Pyridium 200mg, caixa com 18 drágeas;267.0;13
Vitamina C Cebion 1g Sabor Laranja Sem Açúcar 10 Comprimidos;267.0;13
Velija 60Mg Com 60 Capsulas;267.0;12
Ceclor BD 750mg caixa com 14 comprimidos revestidos;267.0;14
Allegra D 60mg + 120mg, caixa com 10 comprimidos revestidos de liberação prolongada;267.0;15
Alta D Caps 15000Ui 4 Capsulas;267.0;12
XX INSULINA HUMULIN REG LILLY;267.0;13
Peridal 10mg caixa com 30 comprimidos;267.0;13
Addera D3 Capsulas 10000Ui, Caixa Com 10 Capsulas Moles;267.0;12
Janumet Xr 50Mg 1000Mg, Caixa Com 60 Comprimidos Revestidos De Liberacao Prolongada;267.0;12
Xantinon Complex 40Mg Ml + 53Mg Ml + 50Mg Ml, 1 Flaconete Com 10Ml De Solucao De Uso Oral;267.0;12
Prolopa Bd 100 25 Mg 30 Comprimidos;267.0;12
Triquilar 21 Drageas;266.0;13
Diprosone 0,5mg ml pomada bisnaga 30g;266.0;13
Nociclin 0,15 + 0,03Mg, Caixa Com 21 Comprimidos;266.0;14
Cloridrato de Metformina Medley 850mg, caixa com 30 comprimidos revestidos﻿;266.0;13
Nitrendipino 20mg Genérico Biosintética 30 Comprimidos;266.0;14
Bromoprida Comprimido Prati-Donaduzzi 10Mg, Caixa Com 20 Comprimidos;266.0;14
Andriodermol Solução Tópica 50ml;266.0;12
Diosmin creme 200gr;266.0;13
Engov After citrus com 250mL;266.0;13
Bissulfato de Clopidogrel 75mg 28 Comprimidos Revestidos - Medley;266.0;13
Trezor 5mg 30 Comprimidos;266.0;15
Flutinol 1mg/mL, caixa com 1 frasco gotejador com 5mL de suspensão de uso oftálmico;266.0;13
Vitamina C Aceviton Zinco 10 Comprimidos Efervecente;266.0;12
Deriva C Micro 1 + 10mg g gel dermatológico bisnaga com 30g;266.0;14
Desogestrel 0,075 Mg 84 Comprimidos Mel;266.0;12
Aminofilina Comprimido Teuto 200Mg, Caixa Com 20 Comprimidos;266.0;13
Cosopt 2  5ml Solução Merck;266.0;12
Annita 20 Mg Suspensao 100 Ml;265.0;12
Figatil com 20 Drageas;265.0;12
Famox Famotidina 40mg 10 comprimidos;265.0;14
Bromidrato de Citalopram 20mg Genérico Teuto 30 Comprimidos;265.0;13
Tegretol CR 200mg caixa com 60 comprimidos desintegração lenta;265.0;13
Atorvastatina Calcica Nova Quimica 10Mg, Caixa Com 30 Comprimidos Revestidos;265.0;12
Cipide 100Mg, Caixa Com 30 Comprimidos;265.0;13
DTN-fol 400mcg + 10mg 90 Cápsulas Gelatinosa Moles;265.0;13
Prolopa 200mg + 50mg Roche 30 comprimidos simples;265.0;15
Atenolol 50mg + Clortalidona 12,5mg Germed 30 Comprimidos;265.0;13
Prefolin 30Cap;265.0;13
Fenitoina 100Mg 30Cpr Teu Ge;265.0;16
Succinato De Metoprolol Biolab 25Mg, Caixa Com 30 Comprimidos Revestidos De Liberacao Prolongada;265.0;12
Dexametasona EMS 4mg, caixa com 10 comprimidos;265.0;12
Repopil 2 + 0035mg caixa com 21 comprimidos revestidos;265.0;13
Dramin 25Mg com 10 Cápsulas;265.0;13
Tropinal 300mg/mL + 6,5mcg/mL + 104mcg/mL + 1mg/mL, caixa com 1 frasco com 15mL de solução de uso oral;265.0;13
Cloridrato de Propranolol EMS 10mg, caixa com 30 comprimidos;265.0;12
Glibenclamida Biosintética - Aché 5mg, caixa com 30 comprimidos;265.0;13
Escitalopram 20Mg 30Cpr Med;265.0;13
Abc Spray 30Ml;264.0;13
Naldecon Dia Caixa Com 24 Comprimidos;264.0;12
Dramin Capsgel 50mg, caixa com 10 cápsulas gelatinosas moles;264.0;15
Xylocaina Pomada 50Mg G, Caixa Com 1 Bisnaga Com 25G De Pomada De Uso Dermatologico;264.0;15
Foxis 200Mg 10Caps;264.0;12
Neosaldina 30 Drageas;264.0;14
Loratadina Biosintética - Aché 1mg/mL, caixa com 1 frasco com 100mL de xarope + 1 copo medidor;264.0;12
Trok Cetoconazol 20mg + Betametasona 0,5mg Pomada 10g;264.0;13
Cloridrato De Ondansetrona Blau 8Mg, Caixa Com 10 Comprimidos Revestidos;264.0;13
Cloridrato de Duloxetina - Biosintética 60 mg cap dura lib retard ct bl al plas trans x 30;264.0;13
Vastarel MR Trimetazidina 35mg 60 comprimidos;264.0;13
Press Plus 5mg + 20mg, caixa com 30 cápsulas gelatinosas duras﻿;264.0;13
Pondera XR 12,5mg 30 Comprimidos Revestidos Liberação Controlada;264.0;12
Coryzalia Caixa Com 40 Comprimidos;264.0;13
Depakote 250mg caixa com 30 comprimidos revestidos;264.0;15
Omeprazol Medley 10mg, caixa com 14 cápsulas gelatinosas duras de liberação retardada;264.0;12
Predsim Gotas 11Mg Ml, Caixa Com 1 Frasco Gotejador Com 20Ml De Solucao De Uso Oral;264.0;12
Dexfer 100Mg Ml, Caixa Com 1 Frasco Gotejador Com 30Ml De Solucao De Uso Oral;264.0;13
Diazepam - Germed Pharma 10mg caixa com 30 comprimidos;264.0;13
Doril 500Mg + 30Mg, Blister Com 6 Comprimidos;264.0;14
Ciclo 21 0,15mg + 0,03mg, caixa com 21 comprimidos;264.0;14
Noripurum 50Mg Ml, Caixa Com 1 Frasco Gotejador Com 30Ml De Solucao De Uso Oral;264.0;13
Drospirenona 3mg + Etinilestradiol 0,03mg EMS 63 Comprimidos Neo Química;264.0;15
Centrum Pró-Imunidade 60 comprimidos;264.0;13
Sulfato Ferrosso 60Cpr Zz;264.0;13
Ibupril Ibuprofeno 600mg 20 comprimidos;264.0;12
Vasopril 10mg 30 Comprimidos;263.0;12
Insit 75mg 30 Cápsulas Duras;263.0;14
Pristiq 100mg 28 comprimidos;263.0;13
Alendronato sod 70mg 4cpr ger;263.0;14
Nimesulida Legrand 100mg, caixa com 12 comprimidos;263.0;13
Artrolive Sulfato De Condroitina 400mg + Sulfato De Glicosamina 500mg 30 Cápsulas;263.0;13
Hidróxido de Alumínio EMS 61,5mg/mL, caixa com 1 frasco com 240mL de suspensão de uso oral;263.0;12
Nutraplus 01g g creme dermatológico bisnaga com 60g;263.0;14
@ Amoxicilina+Clav 875Mg 14Cpr Ems;263.0;12
Simeticona 125mg 10 cápsulas;263.0;12
Retemic 5Mg, Caixa Com 60 Comprimidos;263.0;12
Simeticona 75mg mL com 15mL;263.0;12
Atorvastatina Cálcica EMS 20mg, caixa com 30 comprimidos revestidos;263.0;14
Xarope Ambroxmel Adulto Cimed 120mL;263.0;12
Prolive Caixa Contendo 15 Capsulas;263.0;13
Coristina D Pro Com 16 Comprimidos;263.0;12
Steaton 200Mg, Caixa Com 60 Capsulas;263.0;15
Notuss 3mg/mL + 50mg/mL + 3mg/mL + 3mg/mL .caixa contendo 120mL de xarope adulto + copo medidor de 10mL;263.0;15
Tandene 30 Comprimidos Delta;263.0;14
Leg 0,5mg/mL, caixa com 1 frasco com 60mL de xarope + seringa dosadora + adaptador;263.0;12
Diosmin 450mg + 50mg, caixa com 60 comprimidos revestidos;263.0;12
Captopril 50mg Germed Pharma 30 Comprimidos;263.0;12
Sucrafilm 200Mg Ml, Caixa Com 20 Flaconetes Com 10Ml De Suspensao De Uso Oral;262.0;12
AVODART 0,5MG 30CAP;262.0;14
Dexametasona Elixir Teu Gen;262.0;12
Depakene 50Mg ml Xarope 100Ml;262.0;13
Vitergyl C 1g 30 Comprimidos;262.0;14
Valtrex Cloridrato de Valaciclovir 500mg 10 comprimidos;262.0;13
Candicort 20mg/g + 0,64mg/g, caixa com 1 bisnaga com 30g de creme de uso dermatológico;262.0;12
Flagyl 400mg 24 Comprimidos Revestidos;262.0;14
Calamed Locao Pos Sol 100 Ml;262.0;13
Synthroid 100mcg, caixa com 30 comprimidos;262.0;12
Glifage Xr 750Mg, Caixa Com 30 Comprimidos De Acao Prolongada;262.0;13
Pantogar 60 Cápsulas Biolab;262.0;13
Broncho-Vaxom 3,5mg/g, caixa com 30 sachês de granulado de uso oral;262.0;13
Massageol Pomada 15g;261.0;14
Suplemento Alimentar Gummmy Hair Sabor Melancia Com 180Gr;261.0;12
Cefalexina 50mg Eurofarma Suspensão Oral 100ml;261.0;13
Depura Solucao Oral 5.600Ui Ml, Caixa Com 1 Frasco Gotejador Com 10Ml De Solucao De Uso Oral;261.0;12
Polaramine 2mg, caixa com 20 comprimidos revestidos;261.0;12
Pregabalina Althaia 150Mg, Caixa Com 30 Capsulas;261.0;13
Concardio 2,5Mg, Caixa Com 30 Comprimidos Revestidos;261.0;12
Diminut 0075 + 002mg caixa com 21 comprimidos revestidos;261.0;13
Maleato de Enalapril Cimed 10mg, caixa com 30 comprimidos;261.0;12
Bronxol 6mg mL Xarope Adulto 120mL;261.0;12
Malvatricin Spray 1mg/mL + 2mg/mL + 4mg/mL, caixa com 1 frasco spray com 50mL de solução de uso tópico;261.0;12
Pristiq 50mg 28 Comprimidos Revestidos de Liberação Controlada;261.0;14
Etna Cápsula 1,0mg + 2,5mg + 1,5mg, caixa com 50 cápsulas gelatinosas duras;261.0;13
Nevralgex 300mg + 50mg + 35mg, caixa com 30 comprimidos;261.0;15
Gastrol Laranja 1 Envelope X25;261.0;12
Exforge Hct 320Mg + 25Mg + 10Mg, Caixa Com 28 Comprimidos Revestidos;261.0;12
Myrbetric 50mg com 30 comprimidos;261.0;14
Motix Pomada Bisnaga Com 50G De Pomada De Uso Dermatologico;261.0;12
Losec Mups 10mg, caixa com 14 comprimidos revestidos;260.0;12
Zetron XL 150mg 30 Comprimidos Revestidos de Liberação Prolongada;260.0;12
Dprev Caps 50000UI, caixa com 12 cápsulas moles;260.0;12
Pantoprazol 40mg Aché Biosintética 28 comprimidos;260.0;14
Lumigan 0,3mg/mL, caixa com 1 frasco gotejador com 3mL de solução de uso oftálmico;260.0;14
Finasterida 1mg EMS 30 Comprimidos União Química;260.0;12
Torval CR 300mg caixa com 30 comprimidos;260.0;12
Dipirona Monoidratada Comprimido Prati-Donaduzzi 500mg, caixa com 30 comprimidos;260.0;12
Diclofenaco Resinato Cimed 15Mg Ml, Caixa Com 1 Frasco Gotejador Com 20Ml De Suspensao De Uso Oral;260.0;13
Pioglitazona 30 Mg 30 Comprimidos Nq;260.0;12
Paracetamol 750mg Com 20 Comprimidos Genérico;260.0;14
Daflon 1000mg Servier 60 Comprimidos;260.0;13
ZZ Valeriana 60 Comprimidoss;259.0;12
Cataflampro Aerossol 85mL;259.0;13
Drospirenona + Etinilestradiol Ems 3Mg + 0,02Mg, Caixa Com 3 Cartelas Com 24 Comprimidos Revestidos;259.0;12
Cod Par 500 30mg 36 Comprimidos;259.0;16
Succinato de Sumatriptana 100mg 2 Comprimidos Revestidos - Biolab;259.0;12
Prysma 2mg 20 Comprimidos Revestidos;259.0;12
Quadriderm Creme 20g;259.0;14
Albocresil Policresuleno 360mg g Solução 12ml;259.0;12
Bup Xl 150Mg Com 30 Comprimidos De Liberacao Prolongada;259.0;13
Gynopac 1000Mg + 100Mg + 150Mg, Caixa Com 4 Comprimidos + 1 Bisnaga Com 35G De Creme De Uso Ginecologico + 7 Aplicadores;259.0;13
Mesacol MMX 1200mg Takeda 30 Comprimidos Revestidos;259.0;12
Cetoprofeno Gotas Teuto 20mg/mL, caixa com 1 frasco gotejador com 20mL de solução de uso oral;259.0;13
Oflox Solução Oftálmica 5ml;259.0;12
Bissulfato de Clopidogrel Sandoz 75mg, caixa com 28 comprimidos revestidos;259.0;14
Neuleptil 40mg ml solução oral frasco com conta gotas 20ml;259.0;12
Clorana 25Mg, Caixa Com 30 Comprimidos;259.0;12
Apresolina 25 Mg 20 Drageas;259.0;13
Cloridrato de Ciclobenzaprina Biosintética - Aché 10mg, caixa com 30 comprimidos revestidos;259.0;13
Yaz Bayer 24 comprimidos;259.0;13
Cimegripe Rub caixa com 1 frasco com 30g de pomada de uso dermatológico;259.0;14
Montelucaste de Sódio Medquímica 10mg, caixa com 30 comprimidos revestidos;259.0;12
Pradaxa Etexilato de Dabigatrana 110mg 30 cápsulas;259.0;12
Aradois 50Mg, Caixa Com 30 Comprimidos Revestidos;258.0;14
Estomazil Laranja 1  Envelope X50;258.0;12
Nistatina Creme Vaginal Medley 25.000UI/g, caixa com 1 bisnaga com 60g de creme de uso vaginal + 14 aplicadores;258.0;12
Cordarex Besilato de Anlodipino 2,5mg 30 comprimidos;258.0;12
Acetilcisteina Ems 40Mg Ml, Caixa Com 1 Frasco Com 120Ml De Xarope + Copo Medidor;258.0;13
Travoprosta 0,04mg 2,5mL Solução Oftálmica Medley;258.0;13
Voltaren SR 75mg 20 Comprimidos;258.0;12
Brometo De Ipratropio Biosintetica 0,25Mg Ml, Caixa Com 1 Frasco Gotejador Com 20Ml De Solucao De Uso Inalatorio;258.0;12
Artrosil 320mg 10 Cápsulas Aché;258.0;13
Cloridrato de Metformina EMS 500mg, caixa com 30 comprimidos de liberação prolongada;258.0;12
Indapen Sr 1,5Mg, Caixa Com 30 Comprimidos Revestidos De Liberacao Prolongada;258.0;13
Tadalafila Eurofarma 20mg, caixa com 4 comprimidos revestidos;258.0;13
Besilato De Anlodipino 10Mg Com 30 Comprimidos Nova Quimica;258.0;13
Trok N Creme 30g;258.0;13
Antimais Séptico Hertz 21mg/mL + 1,33mg/mL, caixa com 1 frasco spray com 50mL de solução de uso dermatológico;258.0;15
Lamotrigina 100Mg 30Comprimidos Teu;258.0;13
Soanza Xr 35Mg Com 30 Comprimidos Revestidos De Liberacao Prolongada;257.0;13
Foxis 200mg 15caps;257.0;13
Micolamina Esmalte 80mg/mg, caixa com 1 frasco com 6g de esmalte para unhas + 24 lixas;257.0;14
Aglucose 50mg, caixa com 30 comprimidos;257.0;13
Maleato de Enalapril 20mg 30 comprimidos Generico;257.0;13
Amoxicilina + Clavulanato de Potássio 400 57mg Com 70ml - EMS - Genéri;257.0;12
Hidraplex 1 envelope com 28,31g de pó para solução de uso oral, sabor guaraná;257.0;12
Sarcopen Caixa com 30 sachês de 24g de pó para solução oral;257.0;14
Diclofenaco Sódico Gel 10mg g Genérico EMS 60g;257.0;13
Betalor 5mg + 25mg com 30 cápsulas;257.0;12
Biofenac Aerosol 60g;257.0;15
Nasojet 9mg/mL, caixa com 1 frasco spray com 50mL de solução de uso nasal;257.0;12
Levofloxacino 500mg Genérico Cimed 7 Comprimidos;257.0;13
Cimelide 100mg, caixa com 12 comprimidos;257.0;12
Lumigan RC 3mL Solução Allergan;257.0;13
Pilocarpina 2  Col 10Ml Oculum;257.0;12
Fenazic 7,5mg, caixa com 28 comprimidos revestidos de liberação prolongada;257.0;14
@ Otociriax Oto 5Ml;257.0;12
Zetron XL 300mg 60 Comprimidos Revestidos de Liberação Prolongada;256.0;13
Aturgyl 0,5Mg Ml, Caixa Com 1 Frasco Spray Com 15Ml De Solucao De Uso Nasal;256.0;12
Spray para Garganta Flogoral Sabor Menta 30mL;256.0;13
Ster 10mg 5ml Suspensão Genom;256.0;12
Lipless 100mg 30 comprimidos;256.0;13
@ Atak Clav 400+57Mg 70Ml;256.0;13
Neutrofer 250mg/mL, caixa com 1 frasco gotejador com 30mL de suspensão de uso oral;256.0;12
Vonau Flash 8mg 30 Comprimidos Orodispersíveis;256.0;13
Contraceptivo Niki 3Mg+0,02Mg 24 Comprimidos;256.0;12
Capilarema 75mg 30 comprimidos;256.0;12
Lexapro 20mg frasco com 15ml;256.0;13
@ Mupirocina Pomada 15Gr Prati;256.0;13
Fenobarbital 100 30Cpr Teu;256.0;13
Hemifumarato De Bisoprolol 2,5mg 30 Comprimidos;256.0;15
Rivotril 0,5Mg 30Cpr B1;256.0;12
Artico 500mg + 400mg 30 Cápsulas;256.0;13
Dipropionato de Betametasona + Ácido Salicílico EMS 0,64mg/g + 30mg/g, caixa com 1 bisnaga com 30g de pomada de uso dermatológico;256.0;13
Azitromicina 500mg 5Comprimidos Sandoz;256.0;14
Dipirona Monoidratada Neo Química 500mg/mL, caixa com 1 frasco com 20mL de solução de uso oral;256.0;13
Dipirona Monoidratada Medley 500Mg, Blister Com 10 Comprimidos;256.0;12
Disfor Caps 40mg, caixa com 30 cápsulas gelatinosas moles;256.0;14
Maleato de Enalapril 10mg 30 Comprimidos EMS;256.0;14
Merthiolate 30mg/mL, caixa com 1 frasco com 30mL de solução aquosa de uso dermatológico + espatúla;256.0;12
Esmalte Tratamento Sos Unhas Sorinho;256.0;12
Emprol XR 25mg 30 Comprimidos;256.0;12
Ferro Biolab 100mg, caixa com 30 comprimidos;255.0;13
Polinize Florais Bom Sono Florais de Bach com 30mL;255.0;12
Cimegripe 100Mg Ml + 2Mg Ml + 2Mg Ml, Frasco Gotejador Com 20Ml De Solucao De Uso Oral;255.0;12
Esalerg 0,5mg/mL, caixa com 1 frasco com 60mL de xarope + 1 seringa dosadora;255.0;14
Vitacid Tretinoína 0,50mg g Creme 25g;255.0;13
Dermomax 40Mg G Caixa Com 1 Bisnaga Com 5G De Creme De Uso Dermatologico;255.0;12
Celestamine Xarope Sem Açúcar 120mL;255.0;13
Celecoxibe 200mg 10 Cápsulas - Eurofarma;255.0;12
Gynazole-1 20mg g Creme Vaginal;255.0;13
Hepatilon 0,67Ml 10Ml, Frasco Com 150Ml De Solucao De Uso Oral;255.0;13
Gestodeno+Etinilestradiol Ache 0,3+0,075Mg, Caixa Com 21 Comprimidos Revestidos;255.0;13
Don 5mg 30 Comprimidos;255.0;12
Carvedilol Biosintetica 6,25Mg, Caixa Com 30 Comprimidos;255.0;13
Snif SC 9mg/mL, caixa com 1 frasco spray com 50mL de solução de uso nasal;255.0;13
Stugeron 75Mg, Caixa Com 30 Comprimidos;254.0;12
Cloridrato de Propranolol Cimed 40mg, caixa com 30 comprimidos;254.0;12
Probenxil Gel 10Mg G, Caixa Com 1 Bisnaga Com 60G De Gel De Uso Dermatologico;254.0;12
Acertil 10mg 60 Comprimidos;254.0;12
Cocyntal 333,3mg + 333,3mg + 333,3mg, 30 flaconetes com 1mL de solução de uso oral;254.0;12
Drospirenona 3mg + Etinilestradiol 0,03mg 63 comprimidos EMS Genérico;254.0;14
Citoneurin 5000mcg + 100mg + 100mg, caixa com 20 drágeas;254.0;14
Gelmax Dim 400mg/5mL + 400mg/5mL + 30mg/5mL, caixa com 1 frasco com 240mL de suspensão de uso oral;254.0;13
Miosan 10mg 30 Comprimidos Revestidos;254.0;13
Florax SM 100MI/mL, caixa com 5 flaconetes com 5mL de solução de uso oral, adulto;254.0;12
Nesina Met 12,5Mg + 850Mg, Caixa Com 60 Comprimidos Revestidos;254.0;14
Bicerto 150 Mg 10 Comprimidos;254.0;12
Marevan 2,5Mg, Caixa Com 60 Comprimidos;254.0;16
Amoxicilina 400mg 5ml + Clavulanato de Potássio 57mg 5ml Sandoz Suspensão Oral 70ml;254.0;13
Ibuprofeno Comprimido Prati-Donaduzzi 600mg, blíster com 10 comprimidos revestidos;254.0;12
Novalgina Comprimido 1g, caixa com 10 comprimidos;254.0;12
Bes anlodipino 5mg 30 bio gen;253.0;12
Synthroid 175mcg, caixa com 30 comprimidos;253.0;13
Miosan Caf 10Mg + 60Mg, Caixa Com 15 Comprimidos Revestidos;253.0;13
Symbicort 6mcg/dose + 200mcg/dose, caixa com 1 tubo com 120 doses de suspensão aerossol de uso inalatório + 1 válvula dosadora;253.0;13
Acetilcisteína  200mg Kester 16 sachês;253.0;14
Leite de Magnésia de Phillips 1282,50mg/15mL, frasco com 350mL de suspensão de uso oral (sabor tradicional);253.0;15
Cloridrato De Diltiazem Nova Química 30Mg Caixa Com 50 Comprimidos;253.0;13
Nene Dent N 150Mg G + 3,4Mg G + 3,2Mg G, Caixa Com 1 Bisnaga Com 10G De Gel De Uso Bucal;253.0;12
Amoxicilina tri-hidratada 875mg + clavulanato de potássio 125mg 14 comprimidos aché genérico;253.0;14
Acetato De Dexametasona Prati-Donaduzzi 1Mg G, Caixa Com 1 Bisnga Com 10G De Creme De Uso Dermatologico;253.0;13
Becan Suspensão Oral em Gotas com 20mL;253.0;13
Spidufen 400 770Mg 20Env;252.0;14
Atenolol Vitamedic 25mg, caixa com 30 comprimidos;252.0;12
Vendexla 100Mg Com 30 Comprimidos;252.0;15
Pred Mild Suspensão Oftálmica 0,12  10mL;252.0;13
@ Monuril Po 2Env;252.0;13
Benegrip Multi Dia 800mg + 20mg, blíster com 4 comprimidos;252.0;14
Takil 20mg + 30mg, caixa com 1 bisnaga com 35g de creme de uso vaginal + 7 aplicadores;252.0;12
Sonridor Caf 2Cpr Eferv X12;252.0;12
Voltaren 75mg Solução Injetável 5 Ampolas de 3mL;252.0;12
Fluimucil D 600 16Env;252.0;13
Venzer 32mg, caixa com 30 comprimidos;252.0;14
Vecasten Gel para Pernas com 150g;252.0;14
Carbolitium Cr 450Mg Com 60 Comprimidos Revestidos;252.0;12
Stanglit 15mg frasco com 30 comprimidos;252.0;13
Sanasar Emulsao 250Mg Ml, Caixa Com 1 Frasco Com 100Ml De Emulsao De Uso Dermatologico;252.0;13
Valerato De Estradiol + Enantato De Noretisterona Mabra 50Mg Ml + 5Mg Ml, Caixa Com 1 Ampola Com 1Ml De Solucao De Uso Intramuscular + Seringa;252.0;12
Tinidazol + Nitrato de Miconazol Creme Vaginal Cosmed 30mg/g + 20mg/g, caixa com 1 bisnaga com 40g de creme de uso vaginal + 7 aplicadores;252.0;12
Cilostazol Biosintetica 100Mg, Caixa Com 30 Comprimidos;252.0;13
Acertil 5mg 30 Comprimidos;251.0;14
Nactali 75mcg, caixa com 28 comprimidos revestidos;251.0;15
Sustrate 10mg, caixa com 50 comprimidos;251.0;12
Propolis Propomune Extrato70 30Ml;251.0;13
Colact Sabor Ameixa Xarope 120mL;251.0;13
Succinato Desvenlafaxina 100Mg 30Cpr BioSintética;251.0;12
Suavicid 40mg + 0,5mg + 0,1mg Creme com 30g;251.0;13
Prebictal 75mg 30 Cápsulas Duras;251.0;12
Alopurinol Prati-Donaduzzi 300mg, caixa com 30 comprimidos;251.0;12
Aerolin 0,4mg/mL, caixa com 1 frasco com 120mL de xarope;251.0;12
Neralgyn 30mg + 300mg + 30mg, blíster com 4 drágeas;251.0;13
Renitec Maleato de Enalapril 10mg 30 comprimidos;251.0;13
Magnen B6 Suplemento Vitamínico com 60 comprimidos;251.0;13
Estomazil Pó Efervescente Sabor Abacaxi Frasco 100g;251.0;14
Mesidox 2mg, caixa com 30 comprimidos;251.0;14
Loratadina Cimed 1mg/mL, caixa com 1 frasco com 100mL de xarope + copo dosador;250.0;12
Acertil Perindopril Arginina 10mg 30 comprimidos;250.0;13
Pazine Passiflora Incarnata 315mg 30 comprimidos;250.0;14
Tamarine 4,878mg/g + 4,719mg/g, frasco com 150g de geléia uso oral, zero açúcar;250.0;12
Aixa 2mg + 0,03mg, caixa com 21 comprimidos revestidos;250.0;12
Clob-X 30g Creme;250.0;13
Nicotinell 14mg, caixa com 7 adesivos transdérmicos;250.0;12
Uniprazol 20mg 56 Cápsulas;250.0;14
Infralax 300mg + 30mg + 125mg + 50mg, caixa com 15 comprimidos;250.0;13
Next 400mg + 4mg + 4mg, caixa com 20 cápsulas duras;250.0;14
Topiramato 25mg 60 Comprimidos - Eurofarma;250.0;14
Naproxeno Teuto 500mg, caixa com 20 comprimidos;250.0;15
Naldecon Pack caixa com 24 comprimidos;250.0;12
@ Metronidazol 400Mg 24Cpr Teu;250.0;12
Leite De Magnesia De Phillips, Hortela, 120Ml;250.0;12
Polivitamíco Emulvit D Gotas Vit 20 Ml 94,9mg;250.0;13
Vitamina C Efervescente Targifor Cewin 1g com 10 comprimidos;250.0;13
Vitamina D3 Kester 60 cápsulas;250.0;12
Dexalgen 5mg/mL + 1,5mg/mL + 500mg/mL, caixa com 6 ampolas com 1mL de solução de uso injetável + 3 ampolas com 1mL de diluente;249.0;13
Buscofem 400mg, blister com 2 cápsulas gelatinosas moles;249.0;12
Topiramato 25Mg 60Cpr Bio Gen;249.0;14
Neosaldina 50mg + 300mg + 30mg, caixa com 1 frasco gotejador com 15mL de solução de uso oral;249.0;13
Montelucaste de Sódio Biosintética - Aché 4mg, caixa com 30 comprimidos mastigáveis;249.0;13
Citrato de Tamoxifeno 10mg 30 comprimidos Blau Genérico;249.0;14
Cilostazol Biosintetica 100Mg, Caixa Com 60 Comprimidos;249.0;12
Tegretol 200mg caixa com 20 comprimidos;249.0;14
Metildopa EMS 250mg, caixa com 30 comprimidos revestidos;249.0;13
Andes 50Mg Com 60 Comprimidos;249.0;12
Cinarizina Ranbaxy 75mg, caixa com 30 comprimidos;249.0;12
Benicaranlo 40Mg + 10Mg, Caixa Com 30 Comprimidos Revestidos;249.0;12
Vick Vaporub 28,2 + 52,6 + 13,3mg/g, unguento, pote 12g;249.0;13
Omeprazol Cimed 20mg, caixa com 56 cápsulas duras de liberação retardada;249.0;13
Desloratadina Prati-Donaduzzi 0,5Mg Ml, Caixa Com 1 Frasco Com 100Ml De Xarope + Seringa Dosadora;249.0;14
Sucrafilm 1 Gramas  30 Comprimidos Mastigaveis;249.0;12
Lipidil 160mg, caixa contendo 30 comprimidos revestidos;249.0;14
Lisador 500mg + 5mg + 10mg, caixa com 16 comprimidos;249.0;13
Mel Rosado ADV Farma 10%, frasco com 30mL de solução tópica;249.0;12
Apevitin BC 4mg, caixa com 1 frasco com 240mL de xarope + doseador;248.0;13
Colageno Tipo 2 Flex Ha Com 30 Capsulas;248.0;13
Hidrion 40 + 100mg com 30 Comprimidos;248.0;13
Gripinew 250mg + 30mg + 250mg + 2mg, caixa com 20 comprimidos revestidos;248.0;15
Suplemento Alimentar Gummmy Hair Sabor Tutti-Frutti Com 180Gr;248.0;12
Ibuprofeno Gotas Cimed 100Mg Ml, Caixa Com 1 Frasco Gotejador Com 20Ml De Suspensao De Uso Oral;248.0;12
Aletam 40mg, caixa com 30 cápsulas gelatinosas;248.0;12
Assert 50mg cx 30 comp rev;248.0;13
Benegrip 500mg + 30mg + 2mg, caixa com 12 comprimidos revestidos;248.0;15
Clonazepam 2Mg 30Cp G Med;248.0;13
Vonau Flash Menta 4 Mg 10 Comprimidos;248.0;12
Zymar Xd Colírio Allergan 5ml;248.0;14
Andantol Geleia 40 Gramas;248.0;13
Zymar 03  solução frasco com 5ml;248.0;13
Attivs 900mg, caixa com 30 comprimidos;248.0;14
Vitamina C Aceviton Imunidade 1Gr Com 30 Comprimidos Efervecentes;248.0;14
Daforin 20mg caixa com 2 blísteres com 15 comprimidos revestidos;247.0;12
Advil Extra Alivio 16 Capsulas;247.0;13
Escitalopram 10Mg 30Cp Bio;247.0;13
Bramicar HCT 80mg + 25mg, caixa com 30 comprimidos;247.0;14
Sal de Frutas Eno 2 envelopes com 5g de pó efervescente de uso oral, guaraná;247.0;13
Furoato de Mometasona Medley 1mg/g, caixa com 1 bisnaga com 20g de creme de uso dermatológico;247.0;15
Aflexa Max colágeno 30 cápsulas;247.0;13
Pravastatina 10Mg 30Cpr Med;247.0;14
Magnazia 37mg/mL + 40mg/mL + 5mg/mL, frasco com 240mL de suspensão de uso oral;247.0;13
Ginesse 0075 + 0020mg caixa com 21 comprimidos revestidos;247.0;14
Drospirenona + Etinilestradiol EMS 3mg + 0,03mg, caixa com 21 comprimidos revestidos;247.0;13
Doralgina 30mg+ 300mg + 30mg, caixa com 20 drágeas;247.0;13
Carvedilol 25mg Medley 30 comprimidos;247.0;12
Doss 7000UI, caixa com 30 cápsulas moles;247.0;12
Vitamina Zirvit Kids Suspensão Oral 150mL;247.0;12
Orlistate Neo Quimica 120mg, Caixa Com 84 Capsulas Gelatinosas Duras;246.0;12
Hemitartarato De Zolpidem 10Mg Com 30 Comprimidos Ems;246.0;12
Paracetamol 500mg + Fosfato de Codeína 30mg Nova Química 24 Comprimidos;246.0;14
Succinato De Metoprolol Medley100Mg, Caixa Com 30 Comprimidos Revestidos De Liberacao Prolongada;246.0;13
Desogestrel 0,075Mg Germed 28 Comprimidos;246.0;12
Benatux Xarope Sabor Menta Frasco 120ml + Copo Medidor;246.0;12
Alenthus XR 75mg caixa com 30 cápsulas;246.0;12
Pitavastatina Calcica Eurofarma 2Mg, Caixa Com 30 Comprimidos Revestidos;246.0;14
Contraceptivo Dalyne Mono 3Mg + 0,03Mg 63 Comprimidos;246.0;13
Allestra 20 0,02mg + 0,075mg, caixa com 21 comprimidos revestidos;246.0;13
Tadalafila Medley 5mg, caixa com 30 comprimidos revestidos;246.0;13
Cipide 100Mg, Caixa Com 60 Comprimidos;246.0;13
Clenil Hfa 50Mcg Dose, Caixa Com 1 Tubo Com 200 Doses De Suspensao De Uso Inalatorio + 1 Dispositivo Oral;246.0;14
Clonazepam 2mg Eurofarma 30 Comprimidos;246.0;12
Clinfar 40mg, caixa com 30 comprimidos revestidos;246.0;12
Oxalato de Escitalopram 15mg Legrand 30 Comprimidos Revestidos;245.0;13
@ AZITROMICINA 600MG SUSP EURO;245.0;12
Luvox 100mg 60 Comprimidos Revestidos;245.0;14
Provance Mini Com 30 Saches;245.0;13
Epocler 100Mg Ml + 50Mg Ml + 10Mg Ml, Flaconete Com 10Ml De Solucao De Uso Oral;245.0;14
Elatium 24Mg Com 30 Capsulas;245.0;12
Ebastel 1Mg Ml, Caixa Com 1 Frasco Com 60Ml De Solucao De Uso Oral;245.0;12
Cloridrato de Verapamil 120mg com 20 Comprimidos;245.0;14
Regulador Intestinal Duphalac Solução 200mL;245.0;13
Aradois 50mg, caixa com 60 comprimidos revestidos;245.0;12
Verutex B 20 + 1mg Creme Dermatológico Bisnaga 15g;245.0;13
Polivitamínico Emulvit A-Z 60 comprimidos;244.0;12
Angipress CD 50mg + 12,5mg, caixa com 30 comprimidos﻿;244.0;12
Renovi B 5000mcg + 100mg + 100mg, caixa com 30 comprimidos revestidos;244.0;14
Naprix A 10 5 Mg 30 Capsula;244.0;16
Bromazepam 6mg União Química 30 Comprimidos;244.0;13
Dexilant 30mg, caixa com 60 cápsulas de liberação retardada;244.0;13
Levofloxacino 500mg 7cpr med;244.0;12
Busonid 50mcg/dose, caixa com 1 frasco com 6mL de suspensão de uso nasal (120 doses)﻿;244.0;13
Digesan Gts Ped 20Ml;244.0;12
Óleo Mineral Bravir frasco com 200mL de óleo uso oral ou tópico;244.0;13
Paracetamol 100 mg mL 15 mL;244.0;13
Humalog 100ui ml solução injetável 5 carpule contendo 3ml + aplicador;244.0;12
Hidantal 100Mg 25Cpr C1;244.0;14
Aciclovir Comprimido Uniao Quimica 200Mg, Caixa Com 30 Comprimidos;244.0;13
Hidroxizina Sol Oral 120Ml Eurofarma;244.0;13
Alprazolam 2Mg 30Cpr Med;244.0;13
Varicoss 20 Drageas;244.0;13
Citalopram 20Mg 30 Cp Medley;243.0;13
Roxetin Xr 25Mg Com 30 Comprimidos;243.0;13
Musculare 10mg c  30 Comprimidos Revestidos;243.0;15
Acetato de Hidrocortisona 10mg g Creme Dermatológico 20g União;243.0;13
Antux 30mg/mL, caixa com 1 frasco gotejador com 20mL de solução de uso oral;243.0;13
Neutrofer 150Mg, Caixa Com 30 Comprimidos Revestidos;243.0;12
Sorine SSC 9mg/mL, caixa com 1 frasco spray com 100mL de solução de uso nasal;243.0;13
Salonpas Adesivo envelope com 4 emplastros, tamanho pequeno;243.0;12
Protetor Solar Vichy Ideal Soleil Purify FPS 70 40g;243.0;14
Simeticona + Metilbrometo Homatropina 80+25mg m Genérico EMS 20mL;243.0;12
Desogestrel Eurofarma 75mcg, caixa com 28 comprimidos revestidos;243.0;13
Vimovo 500mg + 20mg, caixa com 20 comprimidos revestidos;243.0;13
Impere 5Mg 30 comprimidos revestidos;243.0;12
Penvir 500mg 21 Comprimidos Revestidos;243.0;12
Januvia 50mg caixa com 28 comprimidos;242.0;12
Janumet 50 850mg com 56 Comprimidos;242.0;12
Suplemento Vitamínico Caldê K2 30 Comprimidos;242.0;12
Dprev Caps 10000UI, caixa com 8 cápsulas moles;242.0;12
Synthroid 125mcg 30 Comprimidos;242.0;13
Atorvastatina 10 Mg 30 Comprimidos Leg;242.0;14
Level Com 3 X 21 Comprimidos Revestidos;242.0;15
Desogestrel Melcon 0,075mg, caixa com 28 comprimidos revestidos;242.0;13
Florate 1mg ml Suspensão Oftálmica Estéril 5ml;242.0;12
Nausilon B6 25Mg Ml + 5Mg Ml, Caixa Com 1 Frasco Gotejador Com 20Ml De Solucao De Uso Oral;242.0;12
Flogoral Pastilha 3Mg, Caixa Com 12 Pastilhas, Menta;242.0;13
Suavlax c  30 Cápsulas - Dovalle;242.0;14
Novalgina 1Gr, Caixa Com 20 Comprimidos;242.0;12
Losartana Potássica Biosintética - Aché 50mg, caixa com 30 comprimidos revestidos;242.0;14
Prosso Km 30 Tabletes;242.0;14
Drenison 0,125mg/g, caixa com 1 bisnaga com 30g de pomada de uso dermatológico;242.0;14
Doss 50.000UI 8 Cápsulas;242.0;13
Dorilen 500mg + 10mg + 5mg/1,5mL, caixa com 1 frasco gotejador com 15mL de solução de uso oral;241.0;13
Trezor 20mg 60 Comprimidos Revestidos;241.0;13
Extima pote com 600g de pó para solução de uso oral, sabor baunilha;241.0;12
Levoid 125Mcg, Caixa Contendo 30 Comprimidos;241.0;14
Synthroid 112Mcg 30 Comprimidos;241.0;13
Advil Mulher 10 Capsulas;241.0;12
Unguento Canela Pomada P  Massagem 100g;241.0;12
Simeticona Comprimido Biosintética 40mg, caixa com 20 comprimidos;241.0;13
Neosaldina 10 Drageas;241.0;12
Angino-Rub 3mg, caixa com 16 pastilhas, menta;241.0;12
Figatil Catarinense Solução Oral 150mL;240.0;13
Mylicon 75mg/mL, caixa com 1 frasco gotejador com 15mL de suspensão de uso oral;240.0;12
Metamucil Solúvel Sabor Laranja 174g;240.0;14
Mirtazapina 30mg EMS 30 Comprimidos Oroispersível;240.0;12
Bupropiona 150mg 60 Comprimidos - Eurofarma;240.0;12
Anti-Inflamatório Nivux 100 Mg + 20 Mg 12 Comprimidos;240.0;14
Colirio neo brasil 20ml;240.0;13
Limbitrol 5Mg 20Cap B1;240.0;13
Cloridrato de Tramadol 50mg Genérico Legrand 10 Cápsulas;240.0;13
Quelatus Bari 60 Comprimidos;240.0;12
Losartana Potassica + Hidroclorotiazida Germed Pharma 100Mg + 25Mg, Caixa Com 30 Comprimidos Revestidos;240.0;15
Alivium 400Mg 10 Capsulas;240.0;12
Paracetamol Cimed 200Mg Ml, Caixa Com 1 Frasco Com 15Ml De Solucao De Uso Oral;239.0;12
@ Cylocort Colirio 5Ml;239.0;13
Camomilina C 25mg + 5mg + 25mg + 150UI, caixa com 20 cápsulas gelatinosas duras;239.0;14
Ácido Tranexâmico Legrand 250mg, caixa com 12 comprimidos;239.0;13
Albendazol Medley 400Mg, Caixa Com 3 Comprimidos Mastigaveis;239.0;13
Nimesulida Gotas 50mg mL Caixa Com 1 Frasco Gotejador Com 15mL De Solução De Uso Oral - Ache  Genérico;239.0;12
Cloridrato de Terbinafina Biosintética - Aché 250mg, caixa com 14 comprimidos;239.0;14
Cloridrato De Naratriptana Nova Quimica 2,5Mg, Caixa Com 10 Comprimidos Revestidos;239.0;12
Ritmoneuran Rtm Caixa Com 20 Capsulas;239.0;12
Maxsulid 400mg, caixa com 10 comprimidos;239.0;13
Cloridrato De Ambroxol Cimed 3Mg Ml, Caixa Com 1 Frasco Com 120Ml De Xarope + Copo Medidor;239.0;12
Colágeno Fascia Prime 30 Saches;239.0;14
Decongex Plus 12mg + 15mg, caixa com 12 comprimidos revestidos de liberação prolongada;239.0;13
Trileptal 600mg 60cpr;238.0;13
Adeplex Plus Gts 20Ml;238.0;13
Yasmin 21+7Cpr;238.0;12
Addera D3 5000Ui 30Caps;238.0;12
Leite de Magnésia de Phillips 1282,50mg/15mL, frasco com 120mL de suspensão de uso oral (sabor tradicional);238.0;13
Novacort Creme 30Gr;238.0;13
Cicatricure Gel Cicatrizante 30g;238.0;12
Aceclofenaco Multilab 100mg, caixa com 24 comprimidos;238.0;12
Carvedilol 12,5 Mg 30 Comprimidos L3 Ems;238.0;14
Polvilho Antisséptico Granado 3,0g + 0,352g + 17,602g + 11,735g, caixa com 1 frasco com 200g de pó de uso dermatológico;238.0;12
Iumi 3mg + 0,02mg, com 72 comprimidos revestidos;238.0;12
ZZ Sabonete Soapelle Darrow Liquido Com 140Ml;238.0;12
Emama 400 Mg 30 Capsula;238.0;14
Suplemento Alimentar Probid 15 Cápsulas;238.0;12
Lotar 5mg + 50mg 30 Cápsulas;238.0;15
Ofolato D 1.000UI, caixa com 30 comprimidos;238.0;13
Colchis 0,5Mg, Caixa Com 30 Comprimidos;238.0;12
Olanzapina 5mg Prati Donaduzzi 30 Comprimidos;238.0;13
Gelmax Limão 24 Comprimidos Mastigáveis;237.0;12
Ad-Til Vitamina A 50.000 U.I mL + Vitamina D 10.000 U.I mL Solução Oral 20mL;237.0;13
Nexium 40mg com 28 comprimidos;237.0;13
Daflon 500mg caixa com 60 comprimidos revestidos;237.0;13
Nesina 12,5mg, caixa com 30 comprimidos revestidos;237.0;13
Penvir Labia 10Mg G - Caixa Com 1 Tubo Com 5G De Creme De Uso Dermatologico;237.0;12
Previane 0,075mg + 0,02mg, caixa com 21 comprimidos revestidos;237.0;13
Bromoprida Biosintetica 4Mg Ml, Caixa Com 1 Frasco Gotejador Com 20Ml De Solucao De Uso Oral;237.0;14
Deltametrina Shampoo 100mL;237.0;12
Carvedilol  12,5Mg 30Cpr Leg;237.0;12
Baristar 100 Capsulas;237.0;13
Zinpass Eze 10mg + 10mg com 30 Comprimidos Revestidos;237.0;13
Tylenol Comprimido 750Mg, Caixa Com 20 Comprimidos Revestidos;237.0;13
Cloridrato De Ondansetrona 4mg Genérico Blau 10 Comprimidos;237.0;13
Cloridrato de Ciprofloxacino 500mg Prati-Donaduzzi 14 Comprimidos Revestidos;237.0;12
Clor Tramadol 50Mg 10Cap Ems;236.0;13
Lavitan Multi 5G Mulher caixa com 60 comprimidos;236.0;13
Levotiroxina Sodica Merck 175Mcg, Caixa Com 30 Comprimidos;236.0;12
Alopurinol Prati-Donaduzzi 100Mg, Caixa Com 30 Comprimidos;236.0;12
Maxidex 1Mg Ml, Caixa Com 1 Frasco Gotejador Com 5Ml De Solucao De Uso Oftalmico;236.0;12
Hixizine 120Ml;236.0;12
Cloridrato de Memantina 10mg Biolab 60 Comprimidos Revestidos;236.0;15
Glimepirida 2mg 30 Comprimidos Eurofarma;236.0;14
Suplemento de Vitaminas A e D Emulsão Scott Sabor Regular 400mL;236.0;12
Turno SL 5mg 30 Comprimidos Sublinguais;236.0;13
Umma 20Mg G, Caixa Com 1 Bisnaga Com 6,5G De Creme De Uso Ginecologico + Aplicador;235.0;13
@ Amoxicilina 400Mg suspensão 100Ml Eur;235.0;13
Prednisolona 40mg Eurofarma 7 Comprimidos;235.0;13
Prebictal 100Mg Com 30 Capsulas;235.0;13
Maleato De Timolol 0,5  Neo Ge;235.0;12
Alenia 12 400 Mcg 60 Capsula Com Inalador;235.0;13
Suplemento Alimentar Caldê MDK 2.000ui 90 Comprimidos Revestidos;235.0;14
Trelegy 100Mcg + 62,5Mcg + 25Mcg, Caixa Com 30 Doses De Po Para Inalacao De Uso Oral + Dispositivo Inalatorio;235.0;12
Pregabalina 150Mg 30Cap Med;235.0;13
Crevagin Creme Vaginal 40 Gramas 7 Aplicadores;235.0;15
Cicatenol 50mg g Pomada Dermatólogica 30g;235.0;13
Anador 500mg, caixa com 24 comprimidos;234.0;12
Repoflor 200Mg, Caixa Com 6 Capsulas Gelatinosas Duras;234.0;13
Naldecon Dia 800mg + 20mg, blíster com 4 comprimidos;234.0;13
Clor Tramadol 50Mg 10 Teu;234.0;12
Brometo Ipratrópio Solução para Inalação Genérico Teuto 20mL;234.0;12
Aldactone 50Mg 30Cpr;234.0;14
Nistatina + Óxido de Zinco Cimed 100.000UI/g + 200mg/g, caixa com 1 bisnaga com 60g de pomada de uso dermatológico;234.0;13
Busonid Budesonida 32mcg Spray Nasal 120 doses 6ml;234.0;12
Ciflogex Pastilha 3mg, caixa com 12 pastilhas, sabor menta-limão;234.0;13
Ibupril 400Mg, Caixa Com 10 Capsulas Gelatinosas Moles;234.0;12
Prolopa Bd 125mg caixa com 60 comprimidos;234.0;13
Diupress 25mg + 5mg, caixa com 20 comprimidos;234.0;13
Itraconazol 100mg Genérico Eurofarma 4 Cápsulas;234.0;13
Irritratil 200mg, caixa com 30 cápsulas gelatinosas moles;234.0;13
Ômega 3 - 1gr Kester 60 cápsulas;234.0;12
Floral De Bach Urgencias 30mL;233.0;14
Cloridrato de Ciclobenzaprina Eurofarma 5mg, caixa com 30 comprimidos revestidos;233.0;13
Mobility Oscal D 500Mg + 400Ui, Caixa Com 60 Comprimidos Revestidos;233.0;12
Cloridrato de Moxifloxacino 400mg Eurofarma 7 Comprimidos Revestidos;233.0;15
Spidufen 1155mg, caixa com 10 envelopes com 3g de granulado de uso oral, sabor damasco;233.0;13
Latanoprosta + Maleato de Timolol Solução Oftálmica Genérico Germed 2,5ml;233.0;12
Puran T4 125Mcg 30 Comprimidos;233.0;13
Nimegon Met 50mg + 500mg, caixa com 56 comprimidos revestidos;233.0;12
Maleato de Dexclorfeniramina Neo Química 2mg, caixa com 20 comprimidos;233.0;12
Probiótico ZincoPro Suplemento Alimentar com 30 cápsulas;233.0;12
Ultrafer Ferro Polimaltosado 100mg 30 comprimidos;233.0;13
Suplemento Alimentar Calde Mdk 1000Ul, Caixa Com 30 Comprimidos;233.0;12
Naprix 5Mg, Caixa Com 30 Comprimidos;232.0;12
Atenolol 50mg 30cpr neo gen;232.0;13
Simeticona 75mg ml Frasco 15ml - Cimed;232.0;14
Indux 50Mg, Caixa Com 10 Comprimidos;232.0;14
Lisador Dip 1g, caixa com 10 comprimidos;232.0;13
Risedross 150mg, caixa com 1 comprimido revestido;232.0;14
Cetoconazol + Dipropionato de Betametasona + Sulfato de Neomicina Eurofarma 20mg/g + 0,5mg/g + 2,5mg/g, caixa com 1 bisnaga com 30g de creme de uso dermatológico;232.0;13
Provance 100.000.000Ufc, Caixa Com 30 Comprimidos Mastigaveis, Limao;232.0;12
Cloridrato De Verapamil Biosintetica 80Mg, Caixa Com 30 Comprimidos Revestidos;232.0;13
Glineon Az 60Cpr;232.0;13
Orlistate 120mg 84 cápsulas EMS Genérico;232.0;13
Diazepam 5Mg 30Cpr Neo;232.0;13
Neolefrin Comprimido 400mg + 20mg, 400mg + 4mg, caixa com 20 comprimidos;232.0;12
Predsim Comprimido 20mg, caixa com 10 comprimidos;232.0;12
Lisador Dip 1g, blister com 4 comprimidos;231.0;13
Losartana Potássica + Hidroclorotiazida Legrand 100mg + 25mg, caixa com 30 comprimidos revestidos;231.0;12
Cloridrato de Pioglitazona 15mg com 15 Comprimidos EMS;231.0;16
Acetilcisteína Eurofarma 20mg/mL, caixa com 1 frasco com 100mL de xarope infantil + 1 copo medidor;231.0;13
Nevrix 100mg + 100mg + 5000mcg, caixa com 20 comprimidos revestidos;231.0;13
Colaten Force 60 Comprimidos  Revestidos;231.0;13
Drenison Oclusivo Fludroxicortida 4mcg Curativo 200cm;231.0;14
Simeticona Medquímica 125mg, caixa com 10 cápsulas;231.0;13
Press Plus 5 10Mg 30Cap;231.0;13
Pondera XR 25mg 30 Comprimidos Revestidos Liberação Controlada;231.0;12
Bronxol 6mg mL Xarope Infantil 120mL;231.0;13
Alenthus xr 37,5mg 30cpr;231.0;13
Neovangy Mr 35 Mg 30 Comprimidos;231.0;12
Ciloxan col 5ml;231.0;12
Strepsils Laranja 8 Pastilhas;230.0;12
Aciclovir Creme Cimed 50mg/g, caixa com 1 bisnaga com 10g de creme de uso dermatológico;230.0;13
Risperidona 1Mg 30 Bio;230.0;12
Donaren Retard 150mg 30 Comprimidos De Liberação Prolongada;230.0;12
Alurax 2Mg, Caixa Com 30 Comprimidos Revestidos;230.0;13
Insulina Levemir Flexpen 1 Caneta Descartável com 3ml de Cada;230.0;12
Silimalon 100mg + 70mg, caixa com 30 comprimidos revestidos;229.0;13
Mesalazina 400mg 30 comprimidos Neo Química Genérico;229.0;13
Furosemida Biosintetica 40Mg, Caixa Com 30 Comprimidos;229.0;12
Flogoral Colutorio 1,5Mg Ml, Caixa Contendo 1 Frasco Com 250Ml De Colutorio Sabor Menta + 1 Copo Medidor;229.0;13
Liberfem 2mg + 0,03mg, caixa com 21 comprimidos revestidos;229.0;12
Dordent 1Flaconete  3Ml;229.0;14
Levolukast 10mg + 5mg, caixa com 7 comprimidos revestidos;229.0;12
Cloridrato de Tetraciclina 500mg Prati-Donaduzzi 12 Cápsulas;229.0;12
Roacutan 20mg caixa com 30 cápsulas;229.0;12
Vitacid Plus Creme 0,1mg + 40g + 0,5mg Theraskin 15g;229.0;13
Escitalopram 10Mg 30Cpr Med;229.0;13
Acnase Clean Sabonete Antiacneico Com 80g;229.0;13
Polivitamínico Centrum de A a Zinco 30 comprimidos;229.0;12
Sany D 7.000ui 12 Cápsulas Moles;229.0;13
Keltrina Plus 5  Loção Cremosa 60mL;229.0;12
Somalgin Cardio 100Mg + 30Mg + 15Mg, Caixa Com 60 Comprimidos Revestidos;228.0;13
Dramavit B6 Gotas 20ml;228.0;12
Euthyrox 25mcg, caixa com 50 comprimidos;228.0;14
Anador 500mg, blíster com 4 comprimidos;228.0;14
Lânico 400mg ml + 57mg ml Pó para Suspensão Oral 70ml + Seringa Dosadora;228.0;14
Stanglit 30Mg 60Cpr;228.0;12
Acheflan 5Mg G, Caixa Contendo 1 Bisnaga Com 60G De Creme De Uso Dermatologico;228.0;14
Gliclazida 30mg EMS 60 Comprimidos de Liberação Prolongada;228.0;13
Cobavital 1mg + 4mg, caixa com 30 microcomprimidos;227.0;12
Proctyl 50mg/g + 10mg/g, caixa com 1 bisnaga com 30g de pomada de uso retal + 10 aplicadores;227.0;12
Azitromicina 600mg EMS Suspensão Oral 15ml;227.0;12
Adapaleno gel 30gr med;227.0;12
Fenticonazol Creme Vaginal 40g+7 Aplicadores;227.0;14
Benalet 5mg + 50mg + 10mg, caixa com 12 pastilhas, sabor framboesa;227.0;12
Melhoral Adulto 8 Comprimidos X25;227.0;13
Aerolin 4mg, caixa com 20 comprimidos;227.0;13
Bramicar 80Mg, Caixa Com 30 Comprimidos;227.0;13
Aciclovir Creme Prati-Donaduzzi 50mg/g, caixa com 1 bisnaga com 10g de creme de uso dermatológico;226.0;13
Clenil Nasal Aquoso 0,4mg/mL, caixa com 1 frasco com 20mL de suspensão de uso nasal + 1 válvula dosadora + 1 pulsadora;226.0;13
Inalide 32mcg/acionamento, caixa com 1 frasco spray com 120 doses de suspensão de uso nasal;226.0;13
Sany D 50.000ui 4 Comprimidos Revestidos;226.0;12
Algie 150Mg, Caixa Com 10 Comprimidos Revestidos De Liberacao Prolongada;226.0;12
Suplemento Alimentar Caldê MDK 2.000ui 60 Comprimidos Revestidos;226.0;13
Zimiex 10mg, caixa com 30 comprimidos;226.0;12
Emulvit D3 2000UI 30 comprimidos;226.0;12
FLUCONAZOL 150MG 1CPR MEDQ;225.0;12
Succinato de Metoprolol 25mg 30 comprimidos Neo Química Genérico;225.0;12
@ Clindamicina 300Mg 16Cpr Teu;225.0;12
Floratil At 250Mg, Caixa Com 10 Capsulas Gelatinosas Duras;225.0;12
Vodol 20Mg Ml, Frasco Spray Com 60Ml De Suspensao De Uso Dermatologico;225.0;12
Cálcio e Vitamina D3 Kester 60 comprimidos;225.0;13
Prebictal 150Mg Com 30 Capsulas;225.0;13
Enemin 714mg/g + 7,70mg/g, caixa com 7 bisnagas com 6,5g de solução de uso retal;225.0;13
Puran T4 75Mcg 30 Comprimidos;225.0;12
Tarta Zolpidem 10 30Cpr Biol;225.0;13
Biofenac Gel 11,6Mg G, Caixa Com 1 Bisnaga Com 30G De Gel De Uso Dermatologico;225.0;12
Ibandronato de Sódio 150mg 1 comprimido Biolab Genérico;225.0;12
Sonrisal 2 Comprimidos Efervescentes;225.0;12
Benalet 5Mg + 50Mg + 10Mg, Caixa Com 12 Pastilhas, Sabor Menta;224.0;12
Azitromicina 500mg Geolab 3 Comprimidos Revestidos;224.0;14
Cloridrato de Prometazina Teuto 25mg, caixa com 20 comprimidos revestidos;224.0;13
Yasmin 3mg + 0,03mg, caixa com 21 comprimidos revestidos;224.0;13
Suplemento Alimentar Imunoglucan Ds Susp 150Ml;224.0;13
Drospirenona + Etinilestradiol 3Mg + 0,02Mg Eurofarma 24 Comprimidos;224.0;14
Comprar Stele 1mg g Creme Vaginal 50g;224.0;12
Vitaceklitos Gotas 20ml;224.0;14
Lactulona 667mg ml Xarope Sabor Ameixa 120ml + Copo Medidor;224.0;14
Milgamma 150Mg, Caixa Com 30 Drageas;224.0;12
Luftal 75mg/mL, caixa com 1 frasco gotejador com 15mL de emulsão de uso oral;224.0;12
Aradois 25mg Biolab 30 comprimidos;223.0;14
Bicarbonato de Sódio Farmax frasco com 100g de pó de uso oral;223.0;14
Prolopa Hbs 100 25Mg 30Cpr;223.0;13
Levotiroxina Sodica Merck 75Mcg, Caixa Com 30 Comprimidos;223.0;13
Maca Peruana Kester 60 cápsulas;223.0;13
Allestra 30 0,075Mg + 0,030Mg, Caixa Com 21 Comprimidos Revestidos;223.0;14
Losartana Potássica EMS 50mg, caixa com 30 comprimidos revestidos;223.0;13
Glimepirida 4mg 30 Comprimidos Eurofarma;223.0;14
@ Nitrofurantoina 100Mg 28Cap Teu;223.0;14
Deller 50mg com 30 comprimidos revestidos;223.0;13
Cloridrato de Ciclobenzaprina Eurofarma 5mg, caixa com 15 comprimidos revestidos;222.0;13
@ Monuril Po 1Env;222.0;13
Gastrol 185mg + 231,5mg + 178mg, blíster com 10 pastilhas;222.0;13
Ceftriaxona Sódica 1g Eurofarma 5 Ampolas 3,5;222.0;12
Glaucotrat 0,5%, caixa com 1 frasco gotejador com 5mL de solução de uso oftálmico;222.0;13
Sany D 50000ui 8 Cápsulas Moles;222.0;13
20Bi 30Cap;222.0;12
Mirtazapina 15Mg 30Cpr Orodisp Ems;222.0;12
Beserol 300Mg + 125Mg + 50Mg + 30Mg, Caixa Com 4 Comprimidos;222.0;12
Tramadon Retard 100mg 10 comprimidos;221.0;14
Advantan Locao 1Mg G, Caixa Com 1 Bisnaga Com 20G De Emulsao De Uso Dermatologico;221.0;12
Rinosoro 9,0mg mL Descongestionante Spray 30mL;221.0;13
Fentizol 20mg Aché 30mL Spray;221.0;13
Dicloridrato de Hidroxizina EMS 25mg, caixa com 30 comprimidos;221.0;12
Profenid Cetoprofeno 50mg 24 cápsulas;221.0;14
Aerolin 100Mcg Dose, Caixa Com 1 Lata Aerosol Com 200 Doses Com Aplicador;221.0;13
Bendita Canfora Liquida Bravir 100Ml;221.0;15
Hora H Uno 1,5Mg, Caixa Com 1 Comprimido;221.0;12
Paracetamol 500mg + Fosfato de Codeína 30mg EMS 36 Comprimidos;221.0;12
Cobapetit 0,8mg mL + 0,2mg mL Xarope 100mL;221.0;14
Mesigyna 50mg/mL + 5mg/mL, caixa com ampola de 1mL de solução de uso intramuscular;221.0;12
Mesilato De Doxazosina 4Mg Com 30 Comprimidos Prati;221.0;14
Anti-Hipertensivo Brasart Hct 320+12,5Mg 30 Comprimidos;220.0;13
Hytós Plus Xarope 100mL;220.0;12
Onaz 5mg Prati-Donaduzzi 30 Comprimidos Revestidos;220.0;14
Mononitrato De Isossorbida Ache 20Mg, Caixa Com 30 Comprimidos;220.0;13
Suplemento Vitamínico Caldê Mag com 60 comprimidos;220.0;14
Vitamina C Suplevit C Prevent 1G, Caixa Com 10 Comprimidos Efervescentes;220.0;13
Gabapentina 400mg Biolab 30 Cápsulas Gelatinosas Duras;220.0;13
Prednisona Biosintética - Aché 20mg, caixa com 10 comprimidos;220.0;13
Esomex Esomeprazol Magnésico 20mg 28 Comprimidos;220.0;12
Hemifumarato De Bisoprolol Merck 10mg, Caixa Com 30 Comprimidos Revestidos;220.0;12
Algi Muscular Com 30 Sachês Sabor Frutas Vermelhas;220.0;13
Bamifix 600Mg, Caixa Com 20 Drageas;220.0;12
Fluoxetina 20Mg 28Caps Cim;219.0;12
Frisium 10mg caixa com 20 comprimidos;219.0;13
Dorene Tabs 150mg 30 Comprimidos;219.0;12
Succinato De Sumatriptana Biolab Genericos 50Mg, Caixa Com 2 Comprimidos Revestidos;219.0;12
Libiam 1,25Mg, Caixa Com 28 Comprimidos Revestidos;219.0;12
Betadine xr 48mg 30cpr;219.0;15
Trileptal 60mg ml suspensão oral frasco com 100ml + 2 seringas dosadoras;219.0;12
Insulina Humana Novolin 100ui frasco com 10ml;219.0;12
Neotoss Dropropizina 1,5mg ml Xarope Pediátrico 60mL;219.0;13
Sal De Frutas Eno Frasco Com 100G De Po Efervescente De Uso Oral, Guarana;219.0;13
Clexane Safety Lock 40mg 0,4mL;219.0;13
Cataflam 50Mg, Caixa Com 20 Drageas;219.0;12
Acebrofilina 25mg 5ml Aché Biosintética Xarope com 120mL Pediátrica;218.0;13
Cloridrato de Ciclobenzaprina Biosintética - Aché 10mg, caixa com 15 comprimidos revestidos;218.0;12
Desloratadina Xarope 0,5Mg 60mL Genério Prati;218.0;12
Lânico 875mg + 125mg 20 Comprimidos Revestidos;218.0;13
Passiflorine 20cpr;218.0;13
Digoxina 0,25mg Genérico Pharlab 20 Comprimidos;218.0;13
Nasonex 0,05mg/g, caixa com 1 frasco com 60 doses de suspensão de uso nasal;218.0;12
Rapilax 7,5mg/mL, caixa com 1 frasco gotejador com 30mL de solução de uso oral;218.0;12
Spray Nasal Prevent Filtrair em pó, caixa com 800mg;218.0;14
Aas 100Mg Infantil Com 10 Comprimidos Caixa com 20 Cartelas;218.0;12
Lacto-Leve 698mg/mL, frasco com 120mL de solução de uso oral, sem sabor;217.0;14
Ofolato Caixa Com 30 Comprimidos;217.0;12
Xefo 8mg 20 Comprimidos;217.0;13
Entresto 97mg 103mg Novartis 60 Comprimidos Revestidos;217.0;13
Venocel 100Mg, Caixa Com 30 Capsulas Gelatinosas;217.0;12
Tylenol Sinus 500mg + 30mg, caixa com 24 comprimidos revestidos;217.0;13
Trok-N 20mg + 0,5mg + 2,5mg 10g Pomada;217.0;13
Malvona 0,2mg/mL + 60mg/mL + 1mg/mL, caixa com 1 frasco com 100mL de solução de uso dermatológico;217.0;13
Clavulin BD 400mg + 57mg ml Suspensão Oral 70ml;217.0;13
Sulfadiazina de Prata 10mg g Prati Donaduzzi Bisnaga 50g Uso Dermatológico;216.0;14
Levofloxacino 500mg 10 Comprimidos Revestidos - Bio;216.0;14
Euthyrox 125Mcg, Caixa Com 50 Comprimidos;216.0;13
Olmesartana Medoxomila 40mg + Hidroclorotiazida 12,5mg 30 comprimidos Eurofarma Genérico;216.0;13
Aradois HTC 50 12,5mg 30 Comprimidos;216.0;12
Decadron 0,75mg 20 Comprimidos Aché;216.0;12
Gliclazida 60 Mg 30 Comprimidos Ems;216.0;12
Rinosoft Baby Aerosol 100mL;216.0;12
Diamicron MR 30mg caixa com 30 comprimidos;216.0;12
Oxcarbazepina 300mg Ranbaxy 30 Comprimidos Revestidos;215.0;12
Addera D3 Capsulas 7000Ui, Caixa Com 10 Capsulas Moles;215.0;15
Oestrogel 0,6Mg G, Tubo Com Valvula Dosadora Com 80G De Gel De Uso Dermatologico;215.0;14
Hemifumarato de Quetiapina 25mg 30 Comprimidos Revestidos - Bio;215.0;12
Base Fortalecedora para Unhas Nail Force 8ml;215.0;13
Sibus 10mg Eurofarma 30 Comprimidos;215.0;13
Florent Capsula 200Mg, Caixa Com 6 Capsulas Gelatinosas Duras;215.0;13
Tobramicina 0,3  col 5ml neo;215.0;12
Zyloric 100Mg 30Cpr;215.0;13
Predsim Solucao Oral 3Mg Ml, Caixa Com 1 Frasco Com 100Ml De Solucao De Uso Oral + Dosador;215.0;13
Deflazacorte 6mg 20 comprimidos EMS Genérico;215.0;13
Xafac 15Mg Com 14 Comprimidos Revestidos;215.0;12
@ Diprop Betame Genta Cre Ems;215.0;13
Ambroxmel 3mg/mL, caixa com 1 frasco spray com 30mL de solução de uso oral, mel e gengibre;214.0;13
Gravisop 30 sachês;214.0;13
Pradaxa 150mg Boehringer 30 Cápsulas;214.0;12
Symbicort Turbuhaler 6Mcg Dose + 200Mcg Dose, Caixa Com 1 Tubo Com 60 Doses De Po De Uso Inalatorio;214.0;12
Albendazol Prati-Donaduzzi 400mg, caixa com 3 comprimidos mastigáveis;214.0;13
Diamicron MR 60mg Servier 30 Comprimidos;214.0;14
Paracetamol Prati-Donaduzzi 750mg, caixa com 24 comprimidos revestidos;214.0;12
Soyfemme Isoflavonas de Soja 150mg 30 cápsulas;214.0;13
Rinosoro SIC 9mg/mL, frasco com 50mL de solução de uso nasal;214.0;13
Metronidazol Gel 100mg g Prati-Donaduzzi Bisnaga 50g de Uso Ginecológico + 10 Aplicadores;214.0;14
Sal de Frutas Eno frasco com 100g de pó efervescente de uso oral, laranja;214.0;13
Mylus 0,075Mg, Caixa Com 28 Comprimidos Revestidos;213.0;12
Cloridrato de Trazodona 100Mg 30 Comprimidos Nova Química;213.0;13
Colchis 1mg 30 Comprimidos;213.0;13
Vitergan Zinco 30 comprimidos;213.0;13
Loceryl Esmalte 50Mg Ml, Caixa Com 1 Frasco Com 2,5Ml De Esmalte De Uso Dermatologico + 10 Espatulas + 30 Compressas + 30 Lixas;213.0;14
Aldactone 25Mg, Caixa Com 30 Comprimidos;213.0;12
Norfloxacino 400mg Cimed 14 Comprimidos Revestidos;213.0;12
Amplictil 40mg solução oral gotas 20ml;213.0;12
Meloxicam 7,5mg Eurofarma 10 Comprimidos;212.0;13
Pivast 2mg 30 Comprimidos Revestidos;212.0;14
Maleato de Enalapril Cimed 20mg, caixa com 30 comprimidos;212.0;13
Furoato de Mometasona Pomada 20g Medley Genérico;212.0;14
Ibuprofeno Suspensão Oral Medquímica 100mg/mL, caixa com 1 frasco gotejador com 20mL de suspensão de uso oral;212.0;12
Nimesulida Vitamedic 100mg, caixa com 12 comprimidos;212.0;12
Anti-Hipertensivo Brasart Hct 160 25 Mg 30 Comprimidos;212.0;13
Azitromicina 500mg Eurofarma 5 Comprimidos;211.0;13
Cefadroxila 500mg Eurofarma 8 Cápsulas;211.0;12
Atak Clav 875mg + 125mg 20 Comprimidos Revestidos;211.0;13
Zart Losartana Potássica 50mg 30 comprimidos;211.0;14
Cloridrato de Diltiazem EMS 60mg, caixa com 50 comprimidos;211.0;13
Cloridrato de Amitriptilina 25mg Germed Pharma 30 Comprimidos;211.0;14
Acebrofilina 10Mg Ml Neo Quimica, Xarope Com 120Ml;211.0;13
Addera +Imunidade Kids 600Ui Com 75Ml;211.0;13
Vastarel Mr 35Mg, Caixa Com 30 Comprimidos Revestidos;211.0;14
Cloridrato de Venlafaxina 37,5mg Aché 28 Comprimidos;211.0;13
Simeco Plus suspensão oral sabor hortelã 240ml;211.0;12
Allegra 6Mg Ml, Caixa Com 1 Frasco Com 60Ml De Suspensao De Uso Oral + Seringa Dosadora;211.0;12
Xafac 20Mg Com 14 Comprimidos Revestidos;211.0;13
Ciflogex Colutório Spray 1,5mg/mL, caixa com 1 frasco spray com 30mL de colutório, sabor mel;211.0;13
Euthyrox Levotiroxina Sódica 175mcg 50 comprimidos;211.0;12
Omnic Cloridrato de Tansulosina 0,4mg 30 Comprimidos;211.0;12
Meclin 50Mg, Caixa Com 15 Comprimidos;211.0;15
Natrilix 2,5mg, caixa com 30 drágeas;210.0;12
Doriless Gotas 15mL;210.0;13
Cataflampro Emulgel 11,6mg/g, caixa com 1 tubo com 60g de gel de uso dermatológico;210.0;12
Attenze 10Mg 30 Comprimidos;210.0;12
Risedronato Sódico Althaia 150mg, caixa com 1 comprimidos revestidos;210.0;12
Nasonex 0,05Mg G, Caixa Com 1 Frasco Com 120 Doses De Suspensao De Uso Nasal;210.0;14
Suplemento Alimentar de Fibras Nestlé FiberMais Zero Açúcares sem sabor, lata com 260g;210.0;12
Geleia FiberMais ameixa, pote com 190g;210.0;13
Esio Comprimido 20Mg, Caixa Com 28 Comprimidos Revestidos;210.0;13
Ritalina 10mg caixa com 30 comprimidos;210.0;14
Florent 100mg 12 Cápsulas;210.0;14
Aceclofenaco 100mg 12 comprimidos Neo Química Genérico;210.0;13
Stanglit 15 Mg 60 comprimidos;209.0;12
Oxcarbazepina 600Mg Medley, Caixa Com 30 Comprimidos Revestidos;209.0;12
Pantoprazol 20mg Aché Biosintética 28 comprimidos;209.0;14
Acetilcisteina Eurofarma 200Mg G, Caixa Com 16 Envelopes Com 5G De Granulado De Uso Oral;209.0;14
Dexclorfeniramina 2 5 Ml Xarope 120 Ml Neo G;209.0;13
Tadalafila Medley 20mg, caixa com 4 comprimidos revestidos﻿;209.0;13
Amoxicilina 500mg Neo Química 15 Cápsulas;209.0;12
Predsim Comprimido 40Mg, Caixa Com 7 Comprimidos;208.0;12
Creme Para Pernas E Pes Venalot 240Ml;208.0;12
Engov 15mg + 150mg +150mg + 50mg, blíster com 6 comprimidos;208.0;13
Entresto 49mg 51mg Novartis 60 Comprimidos Revestidos;208.0;13
Profergan Cloridrato de Prometazina 25mg 20 comprimidos;208.0;13
Vonau Flash 8mg, caixa com 10 comprimidos de desintegração oral;208.0;12
Promestrieno Eurofarma 10mg/g, caixa com 1 bisnaga com 30g de creme de uso vaginal + 20 aplicadores;208.0;13
Canabidiol 50Mg ml Prati Donaduzzi Solução Oral 30Ml + Seringa Dosadora;208.0;14
Siilif 100mg 30 comprimidos revestidos;208.0;13
Actonel 150mg, caixa com 1 comprimido revestido;208.0;12
Paracetamol 750mg 10 comprimidos Cimed Genérico;207.0;15
Sorine Nebulizador 0,9 , Frasco Gotejador Com 45Ml De Solucao De Uso Nasal  Bico Nebulizador;207.0;13
Piroxicam Germed Pharma 20Mg, Caixa Com 10 Capsulas Gelatinosas Duras;207.0;13
Micardis Hct 80 + 25Mg Caixa Com 30 Comprimidos;207.0;15
@ Axet Cefuroxima 500Mg 10Cp Ran;207.0;13
Venzer 8Mg, Caixa Com 30 Comprimidos;206.0;13
Spidufen 400 770 Mg 6 Envelopes;206.0;12
Lixiana 30Mg, Caixa Com 30 Comprimidos Revestidos;206.0;12
Stilnox CR 125mg caixa com 20 comprimidos;206.0;12
Cloridrato De Ciclobenzaprina Biosintetica 5Mg, Caixa Com 30 Comprimidos Revestidos;205.0;12
Ceftriaxona 1g 1 Frasco-Ampola de Pó + 1 Ampola com 3,5ml de Diluente - Eurofarma;205.0;14
Desloratadina Biosintética - Aché 5mg, caixa com 10 comprimidos revestidos;205.0;12
Apidra Solostrar Inj 1Carp 3Ml;205.0;12
Feldene 20mg, caixa com 10 cápsulas duras;205.0;13
Ancoron 200Mg, Caixa Com 30 Comprimidos Revestidos;205.0;14
Simeticona 125mg Biosintética 10 Cápsulas Gelatinosas Moles;204.0;16
Nasalfree 9,0mg/mL, caixa com 1 frasco spray com 50mL de solução de uso nasal;204.0;12
@ Ciprofloxacino 500 14Cp Neo;204.0;12
Decadron 4mg 2,5cc amp;203.0;12
Nitrato De Miconazol Creme Cimed 20Mg G, Caixa Com 1 Bisnaga Com 28G De Creme De Uso Dermatologico;203.0;14
Cloridrato de Ciprofloxacino 500mg Cimed 14 Comprimidos;202.0;14
Gyno-Icaden Creme Vaginal 40g + 7 Aplicadores;202.0;13
Venalot 60 drágeas;202.0;14
Yaz 3mg + 0,02mg, caixa com 24 comprimidos revestidos + 4 comprimidos placebos﻿;202.0;12
Maleato de Dexclorfeniramina Creme EMS 10mg/g, caixa com 1 bisnaga com 30g de creme de uso dermatológico;202.0;12
Alivium Ibuprofeno 50mg mL Gotas Sabor Tutti-Frutti 20mL;202.0;12
Hidroquinona 40mg Gel 30g Legrand Genérico;201.0;12
Acertanlo 3,5mg + 2,5mg 30 Comprimidos;201.0;12
Carbamazepina  EMS 400mg com 20 comprimidos;201.0;12
Naldecon Noite 400mg + 20mg + 4mg, caixa com 24 comprimidos;201.0;12
Esomex Esomeprazol Magnésico 40mg 28 Comprimidos;200.0;12
Azulfin Sulfasalazina 500mg 60 comprimidos;200.0;13
Dorilen 500mg + 10mg + 5mg, caixa com 12 comprimidos;199.0;13
Unoprost 4Mg, Caixa Com 30 Comprimidos;199.0;12
Simeticona 75mg mL EMS Gotas 15mL;199.0;13
Valsartana Neo Quimica 160Mg, Caixa Com 30 Comprimidos Revestidos;199.0;13
Cloridrato de Sibutramina 10mg 30 comprimidos SEM;198.0;12
Cialis Diário 5mg 30 Comprimidos Revestidos;198.0;12
REVITAM JUNIOR 120ML;198.0;13
Dicloridrato De Betaistina Biosintetica 16Mg, Caixa Com 30 Comprimidos;198.0;13
Addera D3 Gotas 600Ui Ml, Caixa Com 1 Frasco Gotejador Com 5Ml De Solucao De Uso Oral;198.0;12
Flagass Simeticona 75mg mL Gotas 10mL;198.0;14
Alendronato De Sodio Ems 70Mg, Caixa Com 4 Comprimidos;198.0;12
Nicorette 2Mg, Caixa Com 30 Gomas Mastigaveis;198.0;12
Pondera 15mg 20 Comprimidos;197.0;12
Corus H 100mg + 25mg 30 Comprimidos Biosintética;197.0;12
Citrato de Sildenafila Eurofarma 50mg, caixa com 2 comprimidos revestidos;197.0;12
Ferane 35 2mg + 0,035mg 63 Comprimidos Revestidos;197.0;13
Genfibrozila Medley 600Mg, Caixa Com 30 Comprimidos Revestidos;197.0;13
Iumi ES 3mg + 0,02mg, caixa com 30 comprimidos revestidos;197.0;12
Lisinopril Medley 5Mg, Caixa Com 30 Comprimidos;197.0;13
Vesomni 6Mg + 0,4Mg, Caixa Com 30 Comprimidos Revestidos De Liberacao Prolongada;197.0;13
Velija 30Mg 60Cpr;197.0;13
Supradyn Ativa frutas amarelas com 30 comprimidos;197.0;12
Lavitan A-Z 60 Comprimidos;197.0;14
Maleato De Trimebutina Althaia 200Mg, Caixa Com 30 Capsulas Gelatinosas Moles;196.0;13
Venalot 15mg + 90mg, caixa com 30 comprimidos revestidos de liberação prolongada;196.0;13
Dprev 2.000UI, caixa com 60 comprimidos revestidos;196.0;12
Clomid 50mg caixa com 10 comprimidos;196.0;13
Suplemento de Arginina Reforgan 250mg com 30 comprimidos;195.0;13
Atropa Belladonna D1 pomada com 25g;195.0;14
Primera 30mg 21 Comprimidos;195.0;13
Vit Neo Quimica Cabelos E Unhas Com 60 Capsulas;195.0;13
Esogastro IBP 56 Cápsulas;195.0;13
Allexofedrin 180Mg Co 10 Comprimidos;194.0;12
Dicloridrato de Pramipexol 0,250mg Com 30 Comprimidos - EMS Genérico;194.0;12
Atorvastatina 40 Mg 30 Comprimidos Ems;194.0;15
Duloxetina 30Mg 30Cap Bio;194.0;12
Cardizem SR 120mg, caixa com 20 cápsulas gelatinosas duras de liberação prolongada﻿;194.0;12
Strepsils 8,75mg Sabor Mel e Limão 16 Pastilhas;194.0;13
Dipirona Monoidratada Biosintética - Aché 500mg/mL, caixa com 1 frasco gotejador com 20mL de solução de uso oral;194.0;12
Ktriz Colagenase 0,6U + Cloranfenicol 0,01Gr Pomada Com 15Gr;194.0;12
Mobiflex 3,3mg, caixa com 30 sachês com 12g de pó para uso oral;193.0;13
Itraconazol 100mg Genérico Eurofarma 15 Cápsulas;193.0;14
Vatis 150Mg, Caixa Com 60 Comprimidos Revestidos;193.0;12
Prednisolona EMS 20mg, caixa com 10 comprimidos;193.0;15
Atacand Hct 8Mg + 12,5Mg, Caixa Com 30 Comprimidos;192.0;14
Percof 6Mg Ml, Caixa Com 1 Frasco Com 120Ml De Xarope + Copo Medidor;192.0;13
Amoxicilina Tri-hidratada 500mg + Claulanato de Potássio 125mg 14comp Sandoz Genérico.;192.0;12
Amoxicilina 500Mg 21 Capsulas  Nq;192.0;14
Exodus 10Mg 60Cpr C1;192.0;12
Adinos 0,5Mg G, Caixa Com 1 Bisnaga Com 15G De Gel Creme De Uso Dermatologico;191.0;12
Vonau Flash 4mg, caixa com 10 comprimidos de desintegração oral;191.0;12
Miocardil 30mg 30 Comprimidos;191.0;12
Cloridrato de Sertralina 25mg Eurofarma 30 Comprimidos Revestidos;191.0;12
Bromelin S Frasco Com 100Ml De Solucao Oral;190.0;12
Fenergan Exp  Adu 100Ml;190.0;13
Massageol 52,50Mg + 44,40Mg + 20Mg, Bisnaga Com 30G De Pomada De Uso Dermatologico;190.0;13
Lugano 12mcg + 250mcg 60 Cápsulas + Inalador;190.0;12
Dorflex Icyhot Caixa Com 5 Adesivos, Tamanho P;190.0;13
Duo travatan 2,5ml col;190.0;13
Neozine 25mg caixa com 20 comprimidos revestidos;189.0;12
Prednisona 5mg Germed 20 Comprimidos;189.0;14
Naridrin 1mg/mL + 0,2mg/mL + 5mg/mL, caixa com 1 frasco com 15mL de solução de uso nasal;188.0;14
Pedialyte Pro frasco com 500mL de solução oral, sabor maçã;188.0;12
Ezetimiba 10Mg Com 60 Comprimidos Althaia;188.0;12
Olmetec HCT 40mg + 25mg, caixa com 30 comprimidos revestidos;188.0;13
Dipirona Monoidratada Biosintética - Aché 50mg/mL, caixa com 1 frasco com 100mL de solução oral + 1 copo medidor;187.0;13
Atorvastatina 10 Mg 30 Comprimidos Eur;187.0;12
Ducodil 5mg, caixa com 20 comprimidos revestidos;187.0;13
Predsim Comprimido 20Mg, Caixa Com 20 Comprimidos;187.0;15
Cordarex 5mg Caixa Com 30 Comprimidos;187.0;13
Dicloridrato de Levocetirizina Eurofarma 5mg, caixa com 10 comprimidos revestidos;186.0;12
Naridrin 1Mg Ml + 0,2Mg Ml + 5Mg Ml, Caixa Com 1 Frasco Com 30Ml De Solucao De Uso Nasal;186.0;12
Filinar G 10mg ml xpe fr 120 ml+copo med;186.0;12
Colidis caixa com 1 frasco gotejador com 10mL de solução oral;186.0;12
Livalo 4mg Caixa Com 30 Comprimidos Revestidos;185.0;12
Glyxambi 25mg + 5mg, caixa com 30 comprimidos revestidos;185.0;12
Noripurum Endovenoso Solução Injetável 100mg 5ml Blanver 5 Ampolas de 5ml;185.0;13
Lamotrigina 25Mg 30Cpr Euro;185.0;13
Micardis Anlo 80mg + 5mg, caixa com 30 comprimidos;184.0;12
Duomo Hp 2mg + 5mg Eurofarma 60 Cápsulas;184.0;13
Indapamida 1,5mg 30 comprimidos EMS Genérico;184.0;12
Dulcogas 75mg/mL, caixa com 1 frasco gotejador com 15mL de emulsão de uso oral;184.0;12
Microvlar 0,15Mg + 0,03Mg, Caixa Com 63 Drageas;184.0;12
Naprix 10mg, caixa com 30 comprimidos;184.0;15
Diovan Amlo Fix 320mg + 10mg, Caixa Com 28 Comprimidos Revestidos;183.0;13
Irbesartana+Hct 150 12,5 30 Eu;183.0;13
Buona 150mg 30 Cápsulas Duras;183.0;15
Cetrolac Solução Oftálmica 5mg/mL, caixa com 1 frasco gotejador com 5mL de solução de uso oftálmico;183.0;12
Micropil Gestodeno 0,075mg + Etinilestradiol 0,020mg 21 comprimidos;183.0;13
Cloridrato de Ciclobenzaprina Eurofarma 10mg, caixa com 30 comprimidos revestidos;182.0;14
Combodart 0,5mg + 0,4mg, caixa com 90 cápsulas gelatinosas duras;181.0;12
Cramberry Kester 30 cápsulas;181.0;12
Ibuliv 400 mg 8 cápsulas gelatinosas moles;181.0;14
Espironolactona Eurofarma 50Mg, Caixa Com 30 Comprimidos;181.0;13
Nuit Flash 5mg 30 Comprimidos;181.0;14
Progress 600mg com 30 saches;181.0;13
Levotiroxina Sodica Merck 50Mcg, Caixa Com 30 Comprimidos;181.0;14
Alivium 400Mg 8 Capsulas;180.0;12
Besilato De Anlodipino Teuto 10Mg, Caixa Com 30 Comprimidos;180.0;12
Suplemento Alimentar Pantogar 30Cap;180.0;13
Diclofenaco Potássico Medley 50mg, caixa com 20 comprimidos revestidos;180.0;13
Rosuvastatina Calcica Ems 10Mg, Caixa Com 30 Comprimidos Revestidos;180.0;12
Prednisolona 3mg Genérico Biosintética 60mL;180.0;13
Cloridrato de Amiodarona Geolab 200mg, caixa com 30 comprimidos;179.0;12
Omenax 20mg, caixa com 56 cápsulas gelatinosas duras;179.0;14
Acheflan 5mg/g, caixa contendo 1 bisnaga com 30g de creme de uso dermatológico;178.0;13
Elani Ciclo 3 + 0,03Mg, Caixa Com 21 Comprimidos Revestidos;178.0;12
Maleato de Enalapril 20mg 30 Comprimidos EMS Genérico;178.0;13
Clotrimazol 10 Mg Creme Vaginal 6 Apliocador Med;178.0;13
Meticorten 20mg 10 comprimidos;177.0;13
Topiramato 25mg Germed 60 Comprimidos Revestidos;177.0;13
Risperidona 3Mg 30Cpr Eur;177.0;12
Nistatina + Óxido de Zinco Neo Química 100.000UI/g + 200mg/g, caixa com 1 bisnaga com 60g de pomada de uso dermatológico;177.0;13
Nimesulida Neo Química 100mg, caixa com 12 comprimidos;177.0;13
Dexametasona Legrand 4mg, caixa com 10 comprimidos;176.0;14
Cloridrato de Sertralina 50mg Legrand 30 Comprimidos Revestidos;176.0;12
Vitamina D Doss 2.000UI com 12 Cápsulas;176.0;13
Xalatan 50mcg/mL, caixa com 1 frasco gotejador com 2,5mL de solução de uso oftálmico;175.0;12
Rosuvastatina Calcica Ems 20Mg, Caixa Com 30 Comprimidos Revestidos;175.0;12
Zincopro 6Caps;175.0;12
Lamotrigina 100mg 30 Comprimidos - Biolab;175.0;12
Acetofenida De Algestona + Enantato De Estradiol Mabra 150Mg Ml + 10Mg Ml, Caixa Com 1 Ampola Com 1Ml De Solucao De Uso Intramuscular;175.0;12
Sany D 7.000ui 30 Comprimidos Revestidos;174.0;14
Sany D 7000ui 8 Cápsulas Moles;174.0;12
Antialérgico Allexofedrin Pediátrico 6mg mL EMS 60mL;174.0;12
Lacto-Leve 698mg/mL, frasco com 120mL de solução de uso oral, sabor ameixa;173.0;14
Supositório de Glicerina Granado Pharmacias caixa com 12 supositórios, uso adulto;173.0;15
Doril Enxaqueca 4  Comprimidosx25;173.0;14
Selene 0,035mg + 2mg, caixa com 21 comprimidos revestidos;173.0;12
Permetrina 10mg g Loção 60mL Prati Donaduzzi Genérico;173.0;13
AltaD Caps 1.000UI, caixa com 30 cápsulas moles;172.0;14
Alendronato sod 70mg 4cpr bio;172.0;12
Carbolitium Cr 450Mg Com 30 Compridos Revestidos;172.0;12
Amoxicilina 250mg 5ml Suspensão Oral 150ml Cimed Genérico;172.0;12
Venzer Hct 8Mg + 12,5Mg, Caixa Com 30 Comprimidos;171.0;12
Atorvastatina 20 Mg 30Cpr Nq;170.0;12
Gastrogel Fresh Frasco Com 240Ml De Suspensao De Uso Oral, Menta;169.0;13
Drospirenona + Etinilestradiol 3Mg + 0,03Mg Eurofarma 21 Comprimidos;169.0;13
Levoid 150Mcg, Caixa Contendo 30 Comprimidos;168.0;14
Feldene Piroxicam 20mg 10 comprimidos sublinguais;168.0;13
Flexive CDM 350mg/g, bisnaga com 25g de creme de uso dermatológico;168.0;14
Maxitrol Pom Oft 3, 5g;168.0;14
Besilato de Anlodipino Merck 5mg, caixa com 60 comprimidos;167.0;14
Massageol Aerossol 120mL;167.0;12
Buscopan Composto 10mg + 250mg, caixa com 20 comprimidos revestidos;167.0;14
Simeticona Medley 40Mg, Caixa Com 20 Comprimidos;167.0;12
Elani 28 3mg+0,03mg 84 Comprimidos Revestidos;167.0;12
@ Amoxicilina 500Mg 21Cap Ems;166.0;12
Gastroliv Efervescente Abacaxi 5g caixa com 50 envelopes;166.0;14
Allexofedrin Pediátrico Suspensão 150Ml;166.0;14
Cimegripe Dor e Febre 750mg, caixa com 20 comprimidos;165.0;12
Flogo Rosa - Benzidamina 50mg ml - Sol Ginecológica 100ml;165.0;12
Sibus 15Mg Com 60 Capsulas;162.0;13
Corticorten 20mg, caixa com 20 comprimidos;162.0;12
Clor Trazodona 50Mg 60Cpr Nq;162.0;14
Nexium 20mg com 28 comprimidos;162.0;14
Mirtazapina 15mg Medley 30 Comprimidos;161.0;13
Alenia 6mcg + 100mcg, caixa com 60 cápsulas gelatinosas duras com pó de uso inalatório﻿ + 1 inalador;161.0;13
Cimegripe Rub frasco com 12g de pomada de uso dermatológico;160.0;14
Astro 1.500mg Suspensão Oral 37,5ml;160.0;12
Pos Sol Sunless 120Ml;159.0;12
Finalop 1Mg, Caixa Com 30 Comprimidos Revestidos;156.0;12
Roxflan 5Mg, Caixa Com 30 Comprimidos;156.0;14
Quitlis Solucao Oral, Frasco Com 150Ml;155.0;12
Addera +Muscular Com 60 Comprimidos Revestidos;152.0;16
Seakalm 260mg, caixa com 20 comprimidos revestidos;151.0;13
Oxalato de Escitalopram 10mg Legrand 30 Comprimidos Revestidos;151.0;13
Oleo Mineral Bravir 100Ml;151.0;13
Allestra 30 0,075mg + 0,030mg, caixa com 21 drágeas;150.0;13
Solução Antisséptica Bucal Malvona com 200mL;150.0;13
Dprev Todo Dia Gotas 400Ui 10Ml, Frasco Gotejador Com 10Ml Solucao De Uso Oral;149.0;13
20 Bi Com 5 Capsulas;148.0;12
Metamucil pó solúvel frasco 210g;146.0;12
Flavonid Diosmina 450mg + Hesperidina 50mg 60 comprimidos;145.0;14
Donila 10mg caixa com 30 comprimidos revestidos;138.0;12
@ Clavulin Bd 875Mg 14Cpr;132.0;12
Razapina 30mg caixa com 28 comprimidos revestidos;130.0;12
Mirtax 10mg 15 Comprimidos Revestidos;129.0;13
Forxiga 10mg, caixa com 30 comprimidos revestidos;127.0;13
Flodin Duo 150mg 10 comprimidos;124.0;12
Cataflampro XT Emulgel 50g;116.0;12
Floratil 200mg/g, caixa com 4 envelopes com 1g de pó de uso oral;115.0;13
Levofloxacino 750Mg Ache, Caixa Com 5 Comprimidos Revestidos;113.0;13
Domperidona 1mg ml Eurofarma Suspensão Oral 100mL;109.0;13
