Nome da Farmácia;EAN;Nome do produto;Status do produto;Preço original;Preço PIX;Desconto PIX;Preço à vista no cartão;Desconto cartão;Subcategoria;Código do produto;URL do produto
FarmaPonte;8903855076072;Serenata 100mg 60 Comprimidos Torrent;Disponível;0;251,13;0;0;0;Psicotropico;22721;https://www.farmaponte.com.br/serenata-100mg-60cpr/p
FarmaPonte;7895858017385;Benestare 625Mg, Caixa Com 30 Comprimidos Revestidos;Disponível;71,93;65,50;-8.9%;66,84;-7.1%;Laxantes e Purgantes;14418;https://www.farmaponte.com.br/benestare-625mg-caixa-com-30-comprimidos-revestidos/p
FarmaPonte;7896112403517;Flavenos 1g com 30 comprimidos;Disponível;131,10;109,21;-16.7%;55,72;-57.5%;Antivaricoso;25961;https://www.farmaponte.com.br/flavenos-1g-com-30-comprimidos/p
FarmaPonte;7891035528583;Dermodex Tratamento 100.000Ui G + 200Mg G, Caixa Com 1 Bisnaga Com 60G De Pomada De Uso Dermatologico;Disponível;99,99;88,19;-11.8%;89,99;-10.0%;Antimicotico;12040;https://www.farmaponte.com.br/dermodex-tratamento-100000uig-200mgg-caixa-com-1-bisnaga-com-60g-de-pomada-de-uso-dermatologico/p
FarmaPonte;7891142206718;Bifilac Geflora 5Bi 14 Sticks;Disponível;0;111,07;0;0;0;Regulador Intestinal;20555;https://www.farmaponte.com.br/bifilac-geflora-5bi-po-com-14-stick/p
FarmaPonte;7891317010478;Ebastel 10mg 30 comprimidos;Disponível;218,94;190,53;-13.0%;64,81;-70.4%;Anti Histaminico E Antialergico Topico;26348;https://www.farmaponte.com.br/ebastel-10mg-30-comprimidos/p
FarmaPonte;7891317014728;Ducox 200mg 10 Cápsulas Duras;Disponível;49,23;41,01;-16.7%;41,85;-15.0%;Psicotropico;21945;https://www.farmaponte.com.br/ducox-200mg-10caps/p
FarmaPonte;7896026307154;Cardizem Sr 90Mg, Caixa Com 20 Capsulas Gelatinosas Duras De Liberacao Prolongada;Disponível;0;50,43;0;0;0;Anti-hipertensivos;14215;https://www.farmaponte.com.br/cardizem-sr-90mg-caixa-com-20-capsulas-gelatinosas-duras-de-liberacao-prolongada/p
FarmaPonte;7896523207711;Carbocisteína Adulto 50mg mL Prati Donaduzzi Xarope com 100mL;Disponível;0;19,98;0;0;0;Broncodilatador;13973;https://www.farmaponte.com.br/carbocisteina-cimed-50mgml-caixa-com-1-frasco-com-100ml-de-xarope/p
FarmaPonte;7896004748795;Cloridrato de Tramadol  37,5mg + Paracetamol Germed Pharma 325mg, caixa com 10 comprimidos revestidos;Disponível;36,41;34,61;-4.9%;35,32;-3.0%;Psicotropico;25948;https://www.farmaponte.com.br/cloridrato-de-tramadol-375mg-paracetamol-germed-pharma-325mg-caixa-com-10-comprimidos-revestidos/p
FarmaPonte;7896004781396;Etoricoxibe 90mg 7 comprimidos EMS Genérico;Disponível;47,67;35,98;-24.5%;36,71;-23.0%;Anti-inflamatório;28848;https://www.farmaponte.com.br/etoricoxibe-90mg-7-comprimidos-ems-generico/p
FarmaPonte;7896112136675;Simeticona 125mg 10 Capsulas Teuto Genérico;Disponível;10,11;9,91;-2.0%;10,11;-0.0%;Digestivo;28361;https://www.farmaponte.com.br/simeticona-125mg-10-capsulas-teuto-generico/p
FarmaPonte;7896290401626;Suavie sab liquido 140ml;Disponível;0;43,11;0;0;0;Dermatológico;16210;https://www.farmaponte.com.br/sabonete-darrow-suavie-liquido-com-140ml/p
FarmaPonte;7896006201892;Fosfato Sódico de Prednisolona 3mg mL Solução Oral 120mL Aché Biosintética Genérico;Disponível;36,47;23,49;-35.6%;33,55;-8.0%;Anti Histaminico E Antialergico Topico;22244;https://www.farmaponte.com.br/fosfato-de-prednisolona-3mg-ml-uniao-quimica-caixa-com-120ml/p
FarmaPonte;7896094207615;Reconter 20Mg Com 30 Comprimidos;Disponível;0;164,31;0;0;0;Psicotropico;21988;https://www.farmaponte.com.br/reconter-20mg-30cpr/p
FarmaPonte;7891317004583;Turno SL 5mg 30 Comprimidos Sublinguais;Disponível;82,85;66,58;-19.6%;67,94;-18.0%;Psicotropico;20348;https://www.farmaponte.com.br/turno-sl-5mg-30cpr/p
FarmaPonte;7891317439002;Melocox 7,5mg, caixa com 10 comprimidos;Disponível;0;18,38;0;0;0;Anti-inflamatório;15773;https://www.farmaponte.com.br/melocox-75mg-caixa-com-10-comprimidos/p
FarmaPonte;7891721277429;Besilato de Anlodipino Merck 5mg, caixa com 60 comprimidos;Disponível;0;35,01;0;0;0;Anti-hipertensivos;17843;https://www.farmaponte.com.br/besilato-de-anlodipino-merck-5mg-caixa-com-60-comprimidos/p
FarmaPonte;7896004743967;Esomeprazol Magnésio 40mg Genérico Germed 28 Comprimidos Revestidos;Disponível;0;92,98;0;0;0;Antiulceroso;14773;https://www.farmaponte.com.br/esomeprazol-magnesico-germed-pharma-40mg-caixa-com-28-comprimidos-revestidos-de-liberacao-retardada/p
FarmaPonte;7896006261308;Sulfadiazina de Prata 10mg g Creme Dermatológico 30g União Química Genérico;Disponível;27,66;24,94;-9.8%;25,45;-8.0%;Antibiotico;20385;https://www.farmaponte.com.br/sulfadiazina-prata-30gr-uq/p
FarmaPonte;7896004753218;Benziflex Lis 125 5mg com 15 Comprimidos;Disponível;37,99;29,27;-23.0%;29,87;-21.4%;Relaxante Muscular;20225;https://www.farmaponte.com.br/benziflex-lis-125-5mg-15cpr/p
FarmaPonte;7896422507158;Bromoprida Capsulas Medley 10Mg, Caixa Contendo 20 Capsulas Gelatinosas Duras;Disponível;25,61;23,09;-9.8%;23,56;-8.0%;Digestivo;13969;https://www.farmaponte.com.br/bromoprida-capsulas-medley-10mg-caixa-contendo-20-capsulas-gelatinosas-duras/p
FarmaPonte;7891317025854;Cloridrato de Sibutramina 15mg Genérico Eurofarma 30 Comprimidos;Disponível;0;59,77;0;0;0;Psicotropico;26643;https://www.farmaponte.com.br/cloridrato-de-sibutramina-15mg-generico-eurofarma-30-comprimidos/p
FarmaPonte;7897595638618;Amoxicilina 500mg + Clavulanato de Potássio 125mg Novartis 18 Comprimidos;Disponível;110,53;72,58;-34.3%;74,06;-33.0%;Antibiotico;27197;https://www.farmaponte.com.br/amoxicilina-500mg-clavulanato-de-potassio-125mg-novartis-18-comprimidos/p
FarmaPonte;7896023701436;Elixir Paregorico 0,05Ml Ml, Caixa Com 1 Frasco Com 30Ml De Elixir;Disponível;28,01;27,07;-3.4%;27,62;-1.4%;Antidiarreico;12102;https://www.farmaponte.com.br/elixir-paregorico-005mlml-caixa-com-1-frasco-com-30ml-de-elixir/p
FarmaPonte;7896004772868;Pregabalina 150Mg EMS, Caixa Com 30 Capsulas;Disponível;165,59;51,93;-68.6%;52,99;-68.0%;Psicotropico;24105;https://www.farmaponte.com.br/pregabalina-150mg-ems-caixa-com-30-capsulas/p
FarmaPonte;7896094211391;Libiam 2,5Mg, Caixa Com 84 Comprimidos;Disponível;0;193,30;0;0;0;Tratamento De Distúrbios Hormonais;26681;https://www.farmaponte.com.br/libiam-25mg-caixa-com-84-comprimidos/p
FarmaPonte;7891452375166;Silimarina Figalon Com 60 Cápsulas Good Vit;Disponível;62,69;55,29;-11.8%;56,42;-10.0%;Digestivo;26486;https://www.farmaponte.com.br/silimarina-figalon-com-60-capsulas-good-vit/p
FarmaPonte;7898569765514;Prednisolona 40mg Althaia 7 Comprimidos;Disponível;38,96;22,37;-42.6%;31,95;-18.0%;Corticóide Tópico;21658;https://www.farmaponte.com.br/prednisolona-40mg-7cpr-alth/p
FarmaPonte;7896094918610;Fluviral Dia 800mg + 20mg, caixa com 20 comprimidos;Disponível;0;25,94;0;0;0;Antigripal;17734;https://www.farmaponte.com.br/fluviral-dia-800mg-20mg-caixa-com-20-comprimidos/p
FarmaPonte;7896637022569;Retemic 5mg 60 Comprimidos;Disponível;75,20;64,11;-14.7%;65,42;-13.0%;Antiespamódico Urinário;15998;https://www.farmaponte.com.br/retemic-5mg-caixa-com-60-comprimidos/p
FarmaPonte;7896112151180;Lansoprazol 30mg + Claritromicina 500mg + Amoxicilina Tri-Hidratada 500mg 84 cápsulas Teuto Genérico;Disponível;229,37;184,32;-19.6%;62,69;-72.7%;Antibiotico;23859;https://www.farmaponte.com.br/lans-clarit-amox-84caps-teu/p
FarmaPonte;7894916503198;Sigma Clav Bd 875 + 125mg caixa com 14 comprimidos;Disponível;0;80,47;0;0;0;Antibiotico;22554;https://www.farmaponte.com.br/sigma-clav-bd-875mg-14cpr/p
FarmaPonte;7896658003165;Adinos 0,5Mg G, Caixa Com 1 Bisnaga Com 15G De Gel Creme De Uso Dermatologico;Disponível;22,20;20,01;-9.9%;20,42;-8.0%;Corticóide Tópico;14303;https://www.farmaponte.com.br/adinos-05mgg-caixa-com-1-bisnaga-com-15g-de-gel-creme-de-uso-dermatologico/p
FarmaPonte;7896422506533;Omeprazol Medley 10Mg, Caixa Com 14 Capsulas Gelatinosas Duras De Liberacao Retardada;Disponível;22,35;20,15;-9.8%;20,56;-8.0%;Antiulceroso;17650;https://www.farmaponte.com.br/omeprazol-medley-10mg-caixa-com-14-capsulas-gelatinosas-duras-de-liberacao-retardada/p
FarmaPonte;7899095204072;Oftalmox Cloridrato de Moxifloxacino 5mg ml Solução Oftálmica Estéril 5ml;Disponível;35,84;29,43;-17.9%;30,03;-16.2%;Anti-infeccioso Ocular;28731;https://www.farmaponte.com.br/oftalmox-cloridrato-de-moxifloxacino-5mg-ml-solucao-oftalmica-esteril-5ml/p
FarmaPonte;7896862992316;Gastrogel Comprimido 153Mg + 200Mg + 25Mg, Caixa Com 20 Comprimidos Mastigaveis;Disponível;0;19,70;0;0;0;Digestivo;14067;https://www.farmaponte.com.br/gastrogel-comprimido-153mg-200mg-25mg-caixa-com-20-comprimidos-mastigaveis/p
FarmaPonte;7894916508506;Concardio 2,5mg, Caixa Com 30 Comprimidos Revestidos;Disponível;69,66;48,90;-29.8%;49,90;-28.4%;Anti-hipertensivos;12543;https://www.farmaponte.com.br/concardio-25mg-caixa-com-30-comprimidos-revestidos/p
FarmaPonte;7891317023348;Forfig 200Mg, Caixa Com 60 Comprimidos Revestidos;Disponível;0;178,82;0;0;0;Digestivo;15491;https://www.farmaponte.com.br/forfig-200mg-caixa-com-60-comprimidos-revestidos/p
FarmaPonte;7896181901631;Cordarex Besilato de Anlodipino 2,5mg 30 comprimidos;Disponível;39,25;35,01;-10.8%;35,72;-9.0%;Anti-hipertensivos;16114;https://www.farmaponte.com.br/cordarex-25mg-caixa-com-30-comprimidos/p
FarmaPonte;7896226110349;Suplemento Alimentar Biotta 25Bi 10 Cápsulas;Disponível;91,52;87,02;-4.9%;88,80;-3.0%;Regulador Intestinal;25563;https://www.farmaponte.com.br/suplemento-alimentar-biotta-25bi-10-capsulas/p
FarmaPonte;7897316805671;Zymar XD Gatifloxacino 5mg mL Solução Oftálmica Estéril 3mL;Disponível;55,33;49,88;-9.8%;50,90;-8.0%;Antibiotico;18852;https://www.farmaponte.com.br/zymar-xd-col-3ml/p
FarmaPonte;7896658040290;Nautex 8Mg, Caixa Com 10 Envelopes;Disponível;0;73,95;0;0;0;Antiemetico;17296;https://www.farmaponte.com.br/nautex-8mg-caixa-com-10-comprimidos-revestidos/p
FarmaPonte;7896658024191;Dual 60mg cx 30 cap lib retard;Disponível;129,08;111,32;-13.8%;56,80;-56.0%;Psicotropico;19271;https://www.farmaponte.com.br/dual-60mg-30caps/p
FarmaPonte;7896523211855;Diclofenaco Resinato Cimed 15Mg Ml, Caixa Com 1 Frasco Gotejador Com 20Ml De Suspensao De Uso Oral;Disponível;0;15,26;0;0;0;Reumatismo;12795;https://www.farmaponte.com.br/diclofenaco-resinato-cimed-15mgml-caixa-com-1-frasco-gotejador-com-20ml-de-suspensao-de-uso-oral/p
FarmaPonte;7896714292212;Besilato de Levanlodipino 2,5mg 30 Comprimidos;Disponível;47,74;32,42;-32.1%;46,31;-3.0%;Anti-hipertensivos;28726;https://www.farmaponte.com.br/besilato-de-levanlodipino-25mg-30-comprimidos/p
FarmaPonte;7896637033015;Xafac 20mg Com 28 Comprimidos Revestidos;Disponível;0;183,98;0;0;0;Anticoagulante;21671;https://www.farmaponte.com.br/xafac-20mg-com-28-comprimidos-revestidos/p
FarmaPonte;7896658018763;Bravan HCT 160mg + 12,5mg 30 Comprimidos Revestidos;Disponível;84,94;74,09;-12.8%;75,60;-11.0%;Anti-hipertensivos;16967;https://www.farmaponte.com.br/bravan-hct-160mg-125mg-caixa-com-30-comprimidos-revestidos/p
FarmaPonte;7891721277450;Besilato de Anlodipino Merck 10mg, caixa com 30 comprimidos;Disponível;0;10,73;0;0;0;Anti-hipertensivos;19622;https://www.farmaponte.com.br/bes-anlodipino-10mg-30cpr-mer/p
FarmaPonte;7896094916227;Lisador Dip 1Gr 10Cpr;Disponível;26,48;24,60;-7.1%;25,10;-5.2%;Analgésico Antitérmico;19491;https://www.farmaponte.com.br/lisador-dip-1gr-10cpr/p
FarmaPonte;7896015519834;Bactroban Mupirocina 20mg g Pomada 10g;Disponível;0;51,36;0;0;0;Antibiotico;19913;https://www.farmaponte.com.br/bactroban-pom-10gr/p
FarmaPonte;7898029550131;Arcalion Sulbutiamina 200mg 60 drágeas;Disponível;0;169,94;0;0;0;Antidepressivo;19615;https://www.farmaponte.com.br/zz-arcalion-60cpr/p
FarmaPonte;7898029550315;Acertanlo 3,5mg + 2,5mg 30 Comprimidos;Disponível;65,61;61,08;-6.9%;62,33;-5.0%;Anti-hipertensivos;16898;https://www.farmaponte.com.br/acertanlo-35mg-25mg-caixa-com-30-comprimidos/p
FarmaPonte;7896004754161;Cloridrato de Metilfenidato 10mg EMS 60 Comprimidos;Disponível;63,85;51,31;-19.6%;52,36;-18.0%;Psicotropico;26464;https://www.farmaponte.com.br/cloridrato-de-metilfenidato-10mg-ems-60-comprimidos/p
FarmaPonte;7896422504621;Zinpass + Eze 10mg 10mg Com 30 Comprimidos Revestidos;Disponível;91,10;80,35;-11.8%;81,99;-10.0%;Relaxante Muscular;22369;https://www.farmaponte.com.br/zinpass-eze-10mg-10mg-com-30-comprimidos-revestidos/p
FarmaPonte;7898216365715;Azitromicina 900mg Genérico Pharmax Suspensão Oral 22,5mL;Disponível;48,63;46,23;-4.9%;47,17;-3.0%;Antibiotico;26647;https://www.farmaponte.com.br/azitromicina-900mg-generico-pharmax-suspensao-oral-225ml/p
FarmaPonte;7899095202559;Duodex 3,5mg+1mg Com 5mL;Disponível;33,99;28,31;-16.7%;28,89;-15.0%;Anti-infeccioso Ocular;28825;https://www.farmaponte.com.br/duodex-35mg1mg-com-5ml/p
FarmaPonte;7891010256630;Tylenol DC Paracetamol 500mg + Cafeína 65mg C 10 comprimidos;Disponível;22,13;15,18;-31.4%;15,49;-30.0%;Analgésico Antitérmico;26910;https://www.farmaponte.com.br/tylenol-dc-paracetamol-500mg-cafeina-65mg-c-10-comprimidos/p
FarmaPonte;7896658020582;Exodus 15mg 60 Comprimidos;Disponível;0;97,02;0;0;0;Psicotropico;19387;https://www.farmaponte.com.br/exodus-15mg-60cpr/p
FarmaPonte;0609963220380;Principia Tônico 7  de Ácido Lático e 1  de Ácido Salicílico 120ML;Disponível;49,00;48,02;-2.0%;49,00;-0.0%;Dermatológico;25105;https://www.farmaponte.com.br/principia-tonico-7-de-acido-latico-e-1-de-acido-salicilico-120m/p
FarmaPonte;7896094999992;Neosaldina 30 Drageas;Disponível;47,98;42,32;-11.8%;43,18;-10.0%;Analgésico Antitérmico;12677;https://www.farmaponte.com.br/neosaldina-30mg-300mg-30mg-caixa-com-30-drageas/p
FarmaPonte;7896714294377;Paracetamol 750 Mg 20 Comprimidos Neo;Disponível;26,02;16,57;-36.3%;16,91;-35.0%;Analgésico Antitérmico;22098;https://www.farmaponte.com.br/paracetamol-750mg-20cpr-neo/p
FarmaPonte;7891142207654;Olzicar Anlo Olmesartana Medoxomila 40mg + Besilato de Anlodipino 5mg 30 comprimidos;Disponível;0;66,09;0;0;0;Anti-hipertensivos;29547;https://www.farmaponte.com.br/olzicar-anlo-olmesartana-medoxomila-40mg-besilato-de-anlodipino-5mg-30-comprimidos/p
FarmaPonte;7899551308917;Sutriptan 50mg 2 Comprimidos Revestidos;Disponível;0;20,01;0;0;0;Tratamento De Disfunção Erétil;23513;https://www.farmaponte.com.br/sutriptan-50mg-2cpr/p
FarmaPonte;7896658039249;Fusor 15mg 30 comprimidos;Disponível;0;76,70;0;0;0;Psicotropico;25749;https://www.farmaponte.com.br/fusor-15mg-30-comprimidos/p
FarmaPonte;7896181917007;Amoxicilina 500mg com 30 Cápsulas Aché Biosintética Genérico;Disponível;0;54,84;0;0;0;Antibiotico;22731;https://www.farmaponte.com.br/amoxicilina-500mg-30caps-bio/p
FarmaPonte;7896261020306;Entresto 49mg 51mg Novartis 60 Comprimidos Revestidos;Disponível;433,52;403,60;-6.9%;137,28;-68.3%;Anti-hipertensivos;19742;https://www.farmaponte.com.br/entresto-49-51mg-60cpr/p
FarmaPonte;7897930761414;Epiduo Gel 30g;Disponível;0;125,82;0;0;0;Antiacneico;14279;https://www.farmaponte.com.br/epiduo-1mgg-25mgg-caixa-com-1-bisnaga-com-30g-de-gel-de-uso-dermatologico/p
FarmaPonte;7894916513722;Suplemento Alimentar Pediátrico Kollis 8Ml Gotas;Disponível;160,20;132,09;-17.5%;67,40;-57.9%;Anestésico Tópico;23511;https://www.farmaponte.com.br/kollis-solucao-gotas-8ml/p
FarmaPonte;7896658021732;Adipept Pantoprazol 40mg 28 Comprimidos;Disponível;59,76;53,29;-10.8%;54,38;-9.0%;Antiulceroso;17561;https://www.farmaponte.com.br/adipept-40mg-caixa-com-28-comprimidos-revestidos/p
FarmaPonte;7896658004148;@ NOVOCILIN 875MG 14CAP;Disponível;63,73;54,96;-13.8%;56,08;-12.0%;Antibiotico;29738;https://www.farmaponte.com.br/novocilin-875mg-14cap/p
FarmaPonte;7896094208506;Natifa Pro UBD 0,5mg + 0,1mg 28 Comprimidos Revestidos;Disponível;98,17;82,74;-15.7%;84,43;-14.0%;Tratamento De Distúrbios Hormonais;24143;https://www.farmaponte.com.br/natifa-pro-ubd-28cpr/p
FarmaPonte;7896658023354;Montelair 5Mg, Caixa Contendo 30 Comprimidos Mastigaveis;Disponível;78,90;69,59;-11.8%;71,01;-10.0%;Antiasmático;12871;https://www.farmaponte.com.br/montelair-5mg-caixa-contendo-30-comprimidos-mastigaveis/p
FarmaPonte;7896523227559;Finasterida 5mg Cimed 30 Comprimidos;Disponível;118,97;43,14;-63.7%;44,02;-63.0%;Antiespamódico Urinário;24149;https://www.farmaponte.com.br/finasterida-5mg-30cpr-cim/p
FarmaPonte;7896261016262;Galvus Met 50Mg + 1000Mg, Caixa Com 56 Comprimidos Revestidos;Disponível;261,38;256,15;-2.0%;87,13;-66.7%;Antidiabéticos;14362;https://www.farmaponte.com.br/galvus-met-50mg-1000mg-caixa-com-56-comprimidos-revestidos/p
FarmaPonte;7891106007047;Xarelto 10mg, caixa com 30 comprimidos revestidos;Disponível;369,62;326,01;-11.8%;110,89;-70.0%;Anticoagulante;16244;https://www.farmaponte.com.br/xarelto-10mg-caixa-com-30-comprimidos-revestidos/p
FarmaPonte;7896006201021;Suplemento Alimentar Flex-HA com 30 Cápsulas;Disponível;0;129,36;0;0;0;Relaxante Muscular;19841;https://www.farmaponte.com.br/colageno-tipo-2-flex-ha-com-30-capsulas/p
FarmaPonte;7896112480846;Serenus 0,15mg + 0,2mg + 1,5mg, caixa com 20 comprimidos revestidos;Disponível;0;57,82;0;0;0;Hipnóticos Sedativos;16039;https://www.farmaponte.com.br/serenus-015mg-02mg-15mg-caixa-com-20-comprimidos-revestidos/p
FarmaPonte;7896548139585;Vigamox 5mg Solução Oftálmica 5ml;Disponível;55,17;45,95;-16.7%;46,89;-15.0%;Antibiotico;18820;https://www.farmaponte.com.br/vigamox-col-5ml/p
FarmaPonte;7896422506366;Atenolol 100mg Medley 30 comprimidos;Disponível;36,96;35,13;-5.0%;35,85;-3.0%;Anti-hipertensivos;22364;https://www.farmaponte.com.br/atenolol-100mg-30cpr-med/p
FarmaPonte;7896227800881;Salonpas Pequeno Adesivo Com 4 Unidades;Disponível;4,98;4,88;-2.0%;4,98;-0.0%;Reumatismo;16031;https://www.farmaponte.com.br/salonpas-emplastro-11414mg-2184mg-13104mg-2840mg-1842mg-caixa-com-4-emplastros/p
FarmaPonte;7896261012486;Diovan Amlo Fix 160Mg + 5Mg, Caixa Com 28 Comprimidos Revestidos;Disponível;176,33;159,13;-9.8%;55,84;-68.3%;Anti-hipertensivos;12076;https://www.farmaponte.com.br/diovan-amlo-fix-160mg-5mg-caixa-com-28-comprimidos-revestidos/p
FarmaPonte;7896360001794;Algi Articular 30 Sachês;Disponível;0;211,82;0;0;0;Relaxante Muscular;20523;https://www.farmaponte.com.br/algi-articular-30saches/p
FarmaPonte;7896523228150;Cimetosse 30mg 5mL Xarope 120mL;Disponível;28,83;16,99;-41.1%;19,99;-30.7%;Broncodilatador;23500;https://www.farmaponte.com.br/cimetosse-xarope-1333mg-ml-120ml/p
FarmaPonte;7896523210865;Ducodil 5Mg, Caixa Com 20 Comprimidos Revestidos;Disponível;11,24;8,16;-27.4%;8,33;-25.9%;Laxantes e Purgantes;12847;https://www.farmaponte.com.br/ducodil-5mg-caixa-com-20-comprimidos-revestidos/p
FarmaPonte;;ATACAND COMB 16 2,5MG 30CPR;Disponível;0;90,68;0;0;0;Anti-hipertensivos;22148;https://www.farmaponte.com.br/atacand-comb-16-25mg-30cpr-zz/p
FarmaPonte;7898582380183;Belara 21 Comprimidos Revestidos;Disponível;0;53,99;0;0;0;Anticoncepcional;12344;https://www.farmaponte.com.br/belara-21cpr-rev/p
FarmaPonte;7896512900074;Supositorio De Glicerina Granado Pharmacias Caixa Com 12 Supositorios, Uso Adulto;Disponível;28,45;27,88;-2.0%;28,45;-0.0%;Laxantes e Purgantes;12185;https://www.farmaponte.com.br/supositorio-de-glicerina-granado-pharmacias-caixa-com-12-supositorios-uso-adulto/p
FarmaPonte;7896112400394;Cloridrato De Ondansetrona 8Mg Biolab, Caixa Com 10 Comprimidos Revestidos;Disponível;57,97;40,91;-29.4%;41,74;-28.0%;Antiemetico;24271;https://www.farmaponte.com.br/cloridrato-de-ondansetrona-8mg-biolab-caixa-com-10-comprimidos-revestidos/p
FarmaPonte;7891317005757;ZZ Cabergolina 0,5mg Eurofarma 2 Comprimidos;Disponível;0;57,23;0;0;0;Tratamento De Distúrbios Hormonais;17316;https://www.farmaponte.com.br/mamades-0075mg-caixa-com-28-comprimidos-revestidos/p
FarmaPonte;7891317430146;Nortriptilina 25mg 30 Cápsulas - Eurofarma;Disponível;0;25,36;0;0;0;Psicotropico;19119;https://www.farmaponte.com.br/nortriptilina-25-30cap-eur/p
FarmaPonte;7896422516112;Bissulfato de Clopidogrel 75mg 28 Comprimidos Revestidos - Medley;Disponível;93,49;61,39;-34.3%;62,64;-33.0%;Vasodilatador Periferico;14405;https://www.farmaponte.com.br/bissulfato-de-clopidogrel-medley-75mg-caixa-com-28-comprimidos-revestidos/p
FarmaPonte;7896637032346;Inseris XR 150Mg Com 10 Comprimidos Revestidos;Disponível;0;48,65;0;0;0;Psicotropico;21706;https://www.farmaponte.com.br/inseris-xr-150mg-com-10-comprimidos-revestidos/p
FarmaPonte;7891317414139;Levofloxacino 500mg 7 Comprimidos - Eurofarma;Disponível;120,71;43,77;-63.7%;44,66;-63.0%;Antibiotico;18822;https://www.farmaponte.com.br/levofloxacino-500mg-7cp-eur/p
FarmaPonte;7896026170994;Malvona Propolis Spray 30mL;Disponível;22,55;19,89;-11.8%;20,30;-10.0%;Antigripal;24052;https://www.farmaponte.com.br/malvona-prop-spray-30ml/p
FarmaPonte;7896658012341;Sintocalmy 300Mg, Caixa Com 20 Comprimidos Revestidos;Disponível;56,78;47,92;-15.6%;48,90;-13.9%;Hipnóticos Sedativos;14285;https://www.farmaponte.com.br/sintocalmy-300mg-caixa-com-20-comprimidos-revestidos/p
FarmaPonte;7896070602403;Imovane 7,5mg com 20 Comprimidos B1;Disponível;0;66,89;0;0;0;Psicotropico;26454;https://www.farmaponte.com.br/imovane-75mg-com-20-comprimidos-b1/p
FarmaPonte;7896016805608;Naldecon Dia Caixa Com 24 Comprimidos;Disponível;0;40,37;0;0;0;Antigripal;19851;https://www.farmaponte.com.br/naldecon-dia-24cpr/p
FarmaPonte;7896658034435;Gaeso 40mg 28 Comprimidos;Disponível;193,56;174,52;-9.8%;59,36;-69.3%;Antiulceroso;21735;https://www.farmaponte.com.br/gaeso-40mg-caixa-com-28-comprimidos-revestidos-de-liberacao-retardada/p
FarmaPonte;7891317477202;Piemonte 4Mg, Caixa Com 30 Comprimidos Mastigaveis;Disponível;76,50;66,73;-12.8%;68,09;-11.0%;Antiasmático;14521;https://www.farmaponte.com.br/piemonte-4mg-caixa-com-30-comprimidos-mastigaveis/p
FarmaPonte;7897129302541;Vitacid Plus Creme com 15g;Disponível;0;128,59;0;0;0;Corticóide Tópico;12319;https://www.farmaponte.com.br/vitacid-plus-01mgg-40gg-05mgg-caixa-com-1-bisnaga-com-15g-de-creme-de-uso-dermatologico/p
FarmaPonte;7896676432602;Tramadon 100Mg Com 10 Comprimidos C1;Disponível;94,54;78,75;-16.7%;80,36;-15.0%;Psicotropico;19456;https://www.farmaponte.com.br/tramadon-100mg-10cpr-c1/p
FarmaPonte;7896181908890;Lotar 5Mg + 100Mg, Caixa Com 30 Capsulas Gelatinosas Duras;Disponível;92,68;80,84;-12.8%;82,49;-11.0%;Anti-hipertensivos;14179;https://www.farmaponte.com.br/lotar-5mg-100mg-caixa-com-30-capsulas-gelatinosas-duras/p
FarmaPonte;7896112480709;Xefo 8mg 20 Comprimidos;Disponível;36,28;32,71;-9.8%;33,38;-8.0%;Reumatismo;14353;https://www.farmaponte.com.br/xefo-8mg-caixa-com-20-comprimidos-revestidos/p
FarmaPonte;7896181927655;Nimesulida Gotas 50Mg mL Caixa Com 1 Frasco Gotejador Com 15mL De Solução De Uso Oral - Ache  Genérico;Disponível;0;16,67;0;0;0;Reumatismo;19559;https://www.farmaponte.com.br/nimesulida-gts-bio-gen/p
FarmaPonte;7891317498306;Molieri 30mcg 21 Comprimidos;Disponível;73,93;65,93;-10.8%;67,28;-9.0%;Anticoncepcional;14630;https://www.farmaponte.com.br/molieri-30-3-003mg-caixa-com-21-comprimidos-revestidos/p
FarmaPonte;7898096577857;Arflex Retard 200Mg, Caixa Com 12 Capsulas De Acao Prolongada;Disponível;97,38;76,34;-21.6%;77,90;-20.0%;Reumatismo;16522;https://www.farmaponte.com.br/arflex-retard-200mg-caixa-com-12-capsulas-de-acao-prolongada/p
FarmaPonte;7899547508321;Valproato De Sódio Xarope 100mL Prati;Disponível;15,79;15,01;-4.9%;15,32;-3.0%;Psicotropico;25733;https://www.farmaponte.com.br/valproato-de-sodio-xarope-100ml-prati/p
FarmaPonte;7899547502565;Sulfato De Salbutamol Prati-Donaduzzi 0,48Mg Ml, Caixa Com 1 Frasco Com 120Ml De Xarope + Copo Medidor;Disponível;8,10;7,30;-9.9%;7,45;-8.0%;Broncodilatador;12834;https://www.farmaponte.com.br/sulfato-de-salbutamol-prati-donaduzzi-048mgml-caixa-com-1-frasco-com-120ml-de-xarope-copo-medidor/p
FarmaPonte;7896112402411;Suplemento Alimentar Trifor Sabor Tangerina 30 Sachês 12,3g;Disponível;248,89;208,15;-16.4%;70,80;-71.6%;Relaxante Muscular;21862;https://www.farmaponte.com.br/trifor-30-saches/p
FarmaPonte;7894916146012;Rosuvastatina Cálcica Legrand 20mg, caixa com 30 comprimidos revestidos;Disponível;0;27,93;0;0;0;Redutor De Colesterol Antihipertensivo;12965;https://www.farmaponte.com.br/rosuvastatina-calcica-legrand-20mg-caixa-com-30-comprimidos-revestidos/p
FarmaPonte;7891058022600;Dulcogas 75mg/mL, caixa com 1 frasco gotejador com 15mL de emulsão de uso oral;Disponível;0;16,36;0;0;0;Digestivo;19041;https://www.farmaponte.com.br/dulcogas-gts-15ml/p
FarmaPonte;7896255767927;Aletam 40mg, caixa com 30 cápsulas gelatinosas;Disponível;0;101,91;0;0;0;Relaxante Muscular;20212;https://www.farmaponte.com.br/aletam-40mg-30cap/p
FarmaPonte;7899547501230;Olanzapina 5mg Prati Donaduzzi 30 Comprimidos;Disponível;124,63;57,41;-53.9%;58,58;-53.0%;Psicotropico;20842;https://www.farmaponte.com.br/olanzapina-5mg-30cpr-prat/p
FarmaPonte;8902220114876;Olmesartana 20mg Genérico Torrent do Brasil 30 Comprimidos;Disponível;0;39,96;0;0;0;Anti-hipertensivos;25659;https://www.farmaponte.com.br/olmesartana-20mg-generico-torrent-do-brasil-30-comprimidos/p
FarmaPonte;7898948648377;Vagifem Estradiol 10mcg 18 comprimidos;Disponível;156,12;134,64;-13.8%;68,70;-56.0%;Tratamento De Distúrbios Hormonais;25837;https://www.farmaponte.com.br/vagifem-estradiol-10mcg-18-comprimidos/p
FarmaPonte;7891106916653;Aspdip 1g 10 Comprimidos;Disponível;16,90;9,70;-42.6%;9,90;-41.4%;Analgésico Antitérmico;29536;https://www.farmaponte.com.br/aspdip-1g-10-comprimidos/p
FarmaPonte;7501019042683;Adesivo Térmico para Cólica Menstrual Libresse V-Acalma 3 unidades;Disponível;29,97;26,36;-12.0%;26,90;-10.2%;Analgésico Antitérmico;27816;https://www.farmaponte.com.br/adesivo-termico-para-colica-menstrual-libresse-v-acalma-3-unidades/p
FarmaPonte;7898687730289;Cloridrato De Metilfenidato 10Mg Althaia, Caixa Com 30 Comprimidos;Disponível;32,03;22,60;-29.4%;23,06;-28.0%;Psicotropico;24060;https://www.farmaponte.com.br/cloridrato-de-metilfenidato-10mg-althaia-caixa-com-30-comprimidos/p
FarmaPonte;7896658008467;Somalium 6mg Aché 30 Comprimidos;Disponível;0;49,42;0;0;0;Psicotropico;19549;https://www.farmaponte.com.br/somalium-6mg-30cpr/p
FarmaPonte;7891317197506;Don Cloridrato de Donepezila 10mg 30 comprimidos;Disponível;101,32;86,39;-14.7%;88,15;-13.0%;Psicotropico;25395;https://www.farmaponte.com.br/don-10mg-30-comprimidos/p
FarmaPonte;7897337716307;Mercilon 0,15Mg + 0,02Mg, Caixa Com 21 Comprimidos;Disponível;65,51;47,04;-28.2%;48,00;-26.7%;Anticoncepcional;15775;https://www.farmaponte.com.br/mercilon-015mg-002mg-caixa-com-21-comprimidos/p
FarmaPonte;7899547510911;Cabergolina 0,5mg 2 comprimidos Prati Donaduzzi Genérico;Disponível;86,78;56,98;-34.3%;58,14;-33.0%;Tratamento De Distúrbios Hormonais;18202;https://www.farmaponte.com.br/cabergolina-05mg-2cpr-prat/p
FarmaPonte;7898606971625;Floral de Bach Calmstow 30ml;Disponível;43,89;43,01;-2.0%;43,89;-0.0%;Calmante Tranquilizante;25619;https://www.farmaponte.com.br/floral-de-bach-calmstow-30ml/p
FarmaPonte;7891317100933;Artico 500mg + 400mg 30 Cápsulas;Disponível;122,92;112,59;-8.4%;57,45;-53.3%;Relaxante Muscular;18153;https://www.farmaponte.com.br/artico-30cap/p
FarmaPonte;7896212420100;Concerta 18mg 30 Comprimidos Revestidos A3;Disponível;314,62;252,83;-19.6%;86,00;-72.7%;Psicotropico;26333;https://www.farmaponte.com.br/concerta-18mg-30-comprimidos-revestidos-a3/p
FarmaPonte;7896004779386;Rivaroxabana 10mg Germed, Caixa Com 10 Comprimidos Revestidos;Disponível;0;31,01;0;0;0;Vasodilatador Periferico;22680;https://www.farmaponte.com.br/rivaroxabana-10mg-germed-caixa-com-10-comprimidos-revestidos/p
FarmaPonte;5060632508768;Stezza 2,5Mg + 1,5Mg, Caixa Com 28 Comprimidos Revestidos;Disponível;60,80;55,41;-8.9%;56,54;-7.0%;Anticoncepcional;16394;https://www.farmaponte.com.br/stezza-25mg-15mg-caixa-com-28-comprimidos-revestidos/p
FarmaPonte;7898049792979;Atenolol 25mg Vitamedic 30 Comprimidos;Disponível;0;2,84;0;0;0;Anti-hipertensivos;22651;https://www.farmaponte.com.br/atenolol-25mg-30cpr-vit/p
FarmaPonte;7899547520408;Propionato De Clobetasol Solucao Capilar Prati-Donaduzzi 0,5Mg G, Caixa Com 1 Frasco Gotejador Com 50G De Solucao De Uso Capilar;Disponível;46,92;30,22;-35.6%;43,17;-8.0%;Corticóide Tópico;16379;https://www.farmaponte.com.br/propionato-de-clobetasol-prati-donaduzzi-05mgg-solucao-capilar-50-g/p
FarmaPonte;7896004707990;Prednisona Germed Pharma 20Mg, Caixa Com 10 Comprimidos;Disponível;25,91;19,55;-24.5%;19,95;-23.0%;Corticóide Tópico;12691;https://www.farmaponte.com.br/prednisona-germed-pharma-20mg-caixa-com-10-comprimidos/p
FarmaPonte;7896658017247;Osteotrat Risedronato Sódico 35mg 4 comprimidos;Disponível;106,28;98,95;-6.9%;50,49;-52.5%;Manutenção Óssea;20769;https://www.farmaponte.com.br/osteotrat-35mg-4cpr-rev/p
FarmaPonte;5702157108411;Clopixol 10mg 20 Comprimidos;Disponível;0;56,33;0;0;0;Psicotropico;22741;https://www.farmaponte.com.br/clopixol-10mg-20cpr/p
FarmaPonte;7896112486886;Aradois 50Mg, Caixa Com 60 Comprimidos Revestidos;Disponível;100,33;21,98;-78.1%;22,43;-77.6%;Anti-hipertensivos;11866;https://www.farmaponte.com.br/aradois-50mg-caixa-com-60-comprimidos-revestidos/p
FarmaPonte;7894916514606;Suplemento Alimentar Fixare Pro + 30 Comprimidos;Disponível;192,87;133,18;-30.9%;67,95;-64.8%;Relaxante Muscular;23689;https://www.farmaponte.com.br/fixare-pro-30cpr/p
FarmaPonte;7896658035227;Naucloz Dicloridrato de Meclozina Monoidratada 50mg 15 comprimidos;Disponível;48,49;43,72;-9.8%;44,61;-8.0%;-;29750;https://www.farmaponte.com.br/naucloz-dicloridrato-de-meclozina-monoidratada-50mg-15-comprimidos/p
FarmaPonte;7896004769943;Repoflor 250mg Pó Oral 10 Sachês;Disponível;73,55;39,10;-46.8%;39,90;-45.8%;Antidiarreico;26757;https://www.farmaponte.com.br/repoflor-250mg-po-oral-10-saches/p
FarmaPonte;7896004722344;Paracetamol 500mg + Cloridrato de Pseudoefedrina 30mg Germed 24 Comprimidos Revestidos;Disponível;14,61;14,32;-2.0%;14,61;-0.0%;Antigripal;24183;https://www.farmaponte.com.br/paracetamol-pseudo-24cpr-germ/p
FarmaPonte;7897572020177;Janumet 50 850mg com 56 Comprimidos;Disponível;339,79;316,34;-6.9%;107,60;-68.3%;Antidiabéticos;16306;https://www.farmaponte.com.br/janumet-50mg-850mg-caixa-com-56-comprimidos-revestidos/p
FarmaPonte;7896422503617;Claritromicina 500mg Medley 14 Comprimidos;Disponível;148,16;90,02;-39.2%;91,86;-38.0%;Antibiotico;19094;https://www.farmaponte.com.br/claritromicina-500-14-med/p
FarmaPonte;7891142180766;Quadriderm Creme 20g;Disponível;60,92;50,74;-16.7%;51,78;-15.0%;Antibiotico;18793;https://www.farmaponte.com.br/quadriderm-cr-20gr/p
FarmaPonte;7896004758930;Mirtazapina 30Mg 30comprimidos Orodisp Ger;Disponível;0;84,84;0;0;0;Psicotropico;25355;https://www.farmaponte.com.br/mirtazapina-30mg-30comprimidos-orodisp-ger/p
FarmaPonte;7896637033350;Meclin JET Dicloridrato de Meclozina 50mg 10 comprimidos;Disponível;34,13;31,11;-8.8%;31,74;-7.0%;-;25898;https://www.farmaponte.com.br/meclin-jet-dicloridrato-de-meclozina-50mg-10-comprimidos/p
FarmaPonte;7896004799902;Ibuflex 100Mg Gotas, Caixa Com 1 Frasco Gotejador Com 30Ml De Suspensao De Uso Oral;Disponível;0;11,11;0;0;0;Analgésico Antitérmico;24113;https://www.farmaponte.com.br/ibuflex-100mg-gotas-caixa-com-1-frasco-gotejador-com-30ml-de-suspensao-de-uso-oral/p
FarmaPonte;7891317011468;Esc ODT 15mg Com 30 Comprimidos;Disponível;159,60;129,82;-18.7%;66,24;-58.5%;Psicotropico;25250;https://www.farmaponte.com.br/esc-odt-15mg-com-30-comprimidos/p
FarmaPonte;7896004715322;Alendronato De Sodio Ems 70Mg, Caixa Com 4 Comprimidos;Disponível;94,79;18,58;-80.4%;18,96;-80.0%;Manutenção Óssea;13959;https://www.farmaponte.com.br/alendronato-de-sodio-ems-70mg-caixa-com-4-comprimidos/p
FarmaPonte;7896422519342;Carvedilol  6,25Mg 30Cp Med;Disponível;40,64;24,70;-39.2%;25,20;-38.0%;Anti-hipertensivos;19010;https://www.farmaponte.com.br/carvedilol-625mg-30cp-med/p
FarmaPonte;7896004721095;Cloridrato de Sibutramina 10mg 30 comprimidos SEM;Disponível;0;36,15;0;0;0;Psicotropico;19160;https://www.farmaponte.com.br/sibutramina-10mg-30cap-ems/p
FarmaPonte;7896181913719;Busonid 100mcg Spray com 120 doses;Disponível;95,02;82,88;-12.8%;84,57;-11.0%;Descongestionante Nasal;12386;https://www.farmaponte.com.br/busonid-100mcgdose-caixa-com-1-frasco-com-6ml-de-suspensao-de-uso-nasal-120-doses/p
FarmaPonte;7896015529086;Anoro Ellipta 62,5mcg + 25mcg com 30 doses;Disponível;0;382,18;0;0;0;Antiasmático;27114;https://www.farmaponte.com.br/anoro-ellipta-625mcg-25mcg-com-30-doses/p
FarmaPonte;7908134200552;Slinda Drospirenona 4mg 72 + 12 Comprimidos;Disponível;311,61;262,62;-15.7%;89,33;-71.3%;Anticoncepcional;25526;https://www.farmaponte.com.br/slinda-drospirenona-4mg-72-12-comprimidos/p
FarmaPonte;7896181900085;Corus H 100mg + 25mg 30 Comprimidos;Disponível;156,31;145,52;-6.9%;74,25;-52.5%;Anti-hipertensivos;14528;https://www.farmaponte.com.br/corus-h-100mg-25mg-caixa-com-30-comprimidos-revestidos/p
FarmaPonte;7891317432447;Musculare 5Mg, Caixa Com 15 Comprimidos;Disponível;20,62;18,59;-9.8%;18,97;-8.0%;Relaxante Muscular;15799;https://www.farmaponte.com.br/musculare-5mg-caixa-com-15-comprimidos/p
FarmaPonte;7899547500257;Orlistate Prati-Donaduzzi 120Mg, Caixa Com 84 Capsulas Duras;Disponível;386,76;140,24;-63.7%;71,55;-81.5%;Digestivo;17028;https://www.farmaponte.com.br/orlistate-prati-donaduzzi-120mg-caixa-com-84-capsulas-duras/p
FarmaPonte;7500435209786;Xarope Vick Mel Expectorante 100mL;Disponível;45,23;35,18;-22.2%;35,90;-20.6%;Antitussigeno;25678;https://www.farmaponte.com.br/xarope-vick-mel-expectorante-100ml/p
FarmaPonte;7891058003562;Puran T4 37,5Mcg 30 Comprimidos;Disponível;11,67;10,06;-13.8%;10,27;-12.0%;Tratamento De Distúrbios Hormonais;12748;https://www.farmaponte.com.br/puran-t4-375mcg-caixa-com-30-comprimidos/p
FarmaPonte;7898158695826;Gastroliv Abacaxi 1 Envelope X50 FR5;Disponível;0;2,70;0;0;0;Digestivo;17898;https://www.farmaponte.com.br/gastroliv-abacaxi-1env-x50-fr25/p
FarmaPonte;7895296193016;Amoxicilina 875mg Genérico EMS 14 Comprimidos;Disponível;78,98;55,73;-29.4%;56,87;-28.0%;Antibiotico;19225;https://www.farmaponte.com.br/amoxicilina-875mg-14cpr-nq/p
FarmaPonte;7896181901341;Cloridrato de Ciclobenzaprina 10mg com 30 Comprimidos Revestidos Aché Biosintética Genérico;Disponível;40,57;26,64;-34.3%;27,18;-33.0%;Relaxante Muscular;19566;https://www.farmaponte.com.br/clor-ciclobenzaprina-10-30-bio/p
FarmaPonte;7896112425496;Pantogar Suplemento com 90 cápsulas;Disponível;345,95;220,26;-36.3%;109,55;-68.3%;Dermatológico;15892;https://www.farmaponte.com.br/pantogar-caixa-com-90-capsulas-gelatinosas-duras/p
FarmaPonte;7894916143080;Nimesulida Legrand 100mg, caixa com 12 comprimidos;Disponível;0;20,98;0;0;0;Anti-inflamatório;14809;https://www.farmaponte.com.br/nimesulida-legrand-100mg-caixa-com-12-comprimidos/p
FarmaPonte;7896015516956;Paxil Cr 12,5mg 30 Comprimidos C1;Disponível;0;116,34;0;0;0;Psicotropico;19191;https://www.farmaponte.com.br/paxil-cr-125mg-30cp-c1/p
FarmaPonte;7898100264018;Biovicerin com 6 Flaconetes de 5mL cada;Disponível;47,90;45,54;-4.9%;46,47;-3.0%;Antidiarreico;21906;https://www.farmaponte.com.br/biovicerin-6flac-5ml/p
FarmaPonte;7891058017002;Probiótico Enterogermina com 20 frascos de 50mL;Disponível;107,70;66,63;-38.1%;67,99;-36.9%;Regulador Intestinal;21640;https://www.farmaponte.com.br/enterogermina-20x5ml/p
FarmaPonte;7891721201691;Contrave 8mg + 90mg 120 comprimidos;Disponível;954,44;666,34;-30.2%;226,65;-76.3%;Psicotropico;25904;https://www.farmaponte.com.br/contrave-8mg-90mg-120-comprimidos/p
FarmaPonte;7897595634177;Zinnat 500mg Sandoz 14 Comprimidos;Disponível;341,13;317,59;-6.9%;108,02;-68.3%;Antibiotico;18785;https://www.farmaponte.com.br/zinnat-500mg-14cpr/p
FarmaPonte;7896658039461;Runner Rosuvastatina Cálcica 20mg 30 comprimidos;Disponível;0;44,41;0;0;0;Redutor De Colesterol Antihipertensivo;22811;https://www.farmaponte.com.br/runner-rosuvastatina-calcica-com-20mg-com-30-comprimidos/p
FarmaPonte;7896548199855;Azorga Colírio 6mL;Disponível;0;125,22;0;0;0;Antiglaucomatoso;22155;https://www.farmaponte.com.br/azorga-6ml-zz/p
FarmaPonte;7896094999510;Nesina Pio 25Mg + 30Mg, Caixa Com 30 Comprimidos Revestidos;Disponível;279,27;240,84;-13.8%;81,92;-70.7%;Antidiabéticos;16869;https://www.farmaponte.com.br/nesina-pio-25mg-30mg-caixa-com-30-comprimidos-revestidos/p
FarmaPonte;7896181922872;Valsartana 160mg + Hidroclorotiazida 25mg 30 comprimidos Ache Genérico;Disponível;61,42;40,33;-34.3%;41,15;-33.0%;Anti-hipertensivos;27123;https://www.farmaponte.com.br/valsartana-160mg-hidroclorotiazida-25mg-30-comprimidos-ache-generico/p
FarmaPonte;7896672203886;Broncho-Vaxom 7,0mg, Caixa Com 10 Capsulas De Uso Adulto;Disponível;110,72;96,57;-12.8%;98,54;-11.0%;Imunizante;12375;https://www.farmaponte.com.br/broncho-vaxom-70mg-caixa-com-10-capsulas-de-uso-adulto/p
FarmaPonte;7891317022662;Anastrozol 1mg Genérico Eurofarma 30 Cápsulas;Disponível;0;187,60;0;0;0;Antineoplasico;26839;https://www.farmaponte.com.br/anastrozol-1mg-generico-eurofarma-30-capsulas/p
FarmaPonte;7896112401735;SIMETICONA 125MG 30CAPS BIOL;Disponível;0;28,87;0;0;0;Digestivo;26886;https://www.farmaponte.com.br/simeticona-125mg-30caps-biol/p
FarmaPonte;7891317000189;Carbolitium Carbonato de Lítio 300mg 50 comprimidos;Disponível;0;41,90;0;0;0;Psicotropico;19083;https://www.farmaponte.com.br/carbolitium-300mg-50cpr/p
FarmaPonte;7896658005046;Allestra 20 0,075mg + 0,020mg, caixa com 63 drágeas;Disponível;0;61,08;0;0;0;Anticoncepcional;14287;https://www.farmaponte.com.br/allestra-20-0075mg-0020mg-caixa-com-63-drageas/p
FarmaPonte;7891317011253;Cloridrato De Trazodona 50Mg Eurofarma, Caixa Com 60 Comprimidos Revestidos;Disponível;77,78;51,07;-34.3%;52,11;-33.0%;Psicotropico;25324;https://www.farmaponte.com.br/cloridrato-de-trazodona-50mg-eurofarma-caixa-com-60-comprimidos-revestidos/p
FarmaPonte;7898132544744;Probiótico Floraliv Sanavita 12 cápsulas;Disponível;0;22,78;0;0;0;Regulador Intestinal;29576;https://www.farmaponte.com.br/probiotico-floraliv-sanavita-12-capsulas/p
FarmaPonte;7898767760199;Colageno Femme Qualynutri, Com 60 Capsulas;Disponível;43,22;38,12;-11.8%;38,90;-10.0%;Relaxante Muscular;23667;https://www.farmaponte.com.br/colageno-femme-qualynutri-com-60-capsulas/p
FarmaPonte;7896658030192;Oxotron Loxoprofeno Sódico 60mg 15 comprimidos;Disponível;40,77;36,76;-9.8%;37,51;-8.0%;Reumatismo;16829;https://www.farmaponte.com.br/oxotron-60mg-caixa-contendo-15-comprimidos/p
FarmaPonte;7891317016333;Bilastina 20mg 30 comprimidos Eurofarma Genérico;Disponível;0;66,39;0;0;0;Anti Histaminico E Antialergico Topico;25846;https://www.farmaponte.com.br/bilastina-20mg-30-comprimidos-eurofarma-generico/p
FarmaPonte;7896658039492;Runner Rosuvastatina Cálcica 5mg 30 comprimidos;Disponível;0;20,86;0;0;0;Redutor De Colesterol Antihipertensivo;22812;https://www.farmaponte.com.br/runner-rosuvastatina-calcica-com-5mg-com-30-comprimidos/p
FarmaPonte;7896637028530;Labirin Dicloridrato de Betaistina 24mg 60 comprimidos;Disponível;66,46;54,06;-18.7%;55,16;-17.0%;Antivertiginoso;14972;https://www.farmaponte.com.br/labirin-24mg-caixa-com-60-comprimidos/p
FarmaPonte;7896181927839;Cloridrato de Nebivolol 5mg 60 Comprimidos Biolab;Disponível;0;59,10;0;0;0;Anti-hipertensivos;24596;https://www.farmaponte.com.br/cloridrato-de-nebivolol-5mg-biosintetica-60-comprimidos/p
FarmaPonte;7896094211407;Comprar Libiam 1,25mg, caixa com 84 comprimidos;Disponível;167,69;146,26;-12.8%;74,62;-55.5%;Tratamento De Distúrbios Hormonais;24139;https://www.farmaponte.com.br/libiam-125mg-caixa-com-84-comprimidos/p
FarmaPonte;7895858017118;Xylocaina Pomada 50Mg G, Caixa Com 1 Bisnaga Com 25G De Pomada De Uso Dermatologico;Disponível;0;28,82;0;0;0;Anestésico Tópico;12335;https://www.farmaponte.com.br/xylocaina-pomada-50mgg-caixa-com-1-bisnaga-com-25g-de-pomada-de-uso-dermatologico/p
FarmaPonte;7896241245989;Hepa-Merz 0,6g g 10 envelopes;Disponível;144,59;121,86;-15.7%;62,18;-57.0%;Digestivo;23188;https://www.farmaponte.com.br/hepa-merz-06gr-10env/p
FarmaPonte;7896004765716;Inalide 32mcg/acionamento, caixa com 1 frasco spray com 120 doses de suspensão de uso nasal;Disponível;0;20,69;0;0;0;Descongestionante Nasal;15392;https://www.farmaponte.com.br/inalide-32mcgacionamento-caixa-com-1-frasco-spray-com-120-doses-de-suspensao-de-uso-nasal/p
FarmaPonte;7896112405870;Livalo 4mg Caixa Com 30 Comprimidos Revestidos;Disponível;0;195,48;0;0;0;Redutor De Colesterol Antihipertensivo;20595;https://www.farmaponte.com.br/livalo-4mg-30cpr-zz/p
FarmaPonte;7896548112793;Ciloxan 3,5mg mL Solução Oftálmica Estéril 5ml;Disponível;34,01;29,66;-12.8%;30,27;-11.0%;Antibiotico;21403;https://www.farmaponte.com.br/ciloxan-col-5ml/p
FarmaPonte;;Vacina Gripe Tetravalente Fluarix;Disponível;0;73,50;0;0;0;-;22290;https://www.farmaponte.com.br/vacina-gripe-fluarix-tetra/p
FarmaPonte;7899470802565;Buscoplex Composto 6,67Mg Ml + 333,4Mg Ml, Caixa Com 1 Frasco Gotejador Com 20Ml De Solucao De Uso Oral;Disponível;15,09;13,11;-13.1%;14,90;-1.3%;Antigases Antiespasmódico;13429;https://www.farmaponte.com.br/buscoplex-composto-667mgml-3334mgml-caixa-com-1-frasco-gotejador-com-20ml-de-solucao-de-uso-oral/p
FarmaPonte;7908236800483;Lipitor Atorvastatina Cálcica 20mg 30 comprimidos;Disponível;254,48;236,92;-6.9%;80,59;-68.3%;Redutor De Colesterol Antihipertensivo;14172;https://www.farmaponte.com.br/lipitor-20mg-caixa-com-30-comprimidos-revestidos/p
FarmaPonte;7891317032494;Fortice + Curcuma Com 30 Comprimidos;Disponível;369,88;293,90;-20.5%;99,97;-73.0%;Antigotoso;26792;https://www.farmaponte.com.br/fortice-curcuma-com-30-comprimidos/p
FarmaPonte;7898430195808;Piomi 30mg 60 Comprimidos;Disponível;111,47;78,30;-29.8%;79,90;-28.3%;Antidiabéticos;29506;https://www.farmaponte.com.br/piomi-30mg-60-comprimidos/p
FarmaPonte;7896181908302;Mononitrato de Isossorbida 20mg com 30 Comprimidos Aché Biosintética Genérico;Disponível;13,78;9,61;-30.3%;11,30;-18.0%;Antianginoso;14027;https://www.farmaponte.com.br/mononitrato-de-isossorbida-ache-20mg-caixa-com-30-comprimidos/p
FarmaPonte;7894916509329;Brasart Bcc 320+5 Mg  30 Comprimidos;Disponível;130,86;121,83;-6.9%;62,16;-52.5%;Anti-hipertensivos;17893;https://www.farmaponte.com.br/brasart-bcc-3205mg-30cpr/p
FarmaPonte;7898040322670;Flebon 50mg Farmoquimica 30 Comprimidos;Disponível;0;76,95;0;0;0;Antivaricoso;14428;https://www.farmaponte.com.br/flebon-50mg-caixa-com-30-comprimidos/p
FarmaPonte;7898560666957;Zeforus Eletriptana 80mg 2 comprimidos;Disponível;0;41,35;0;0;0;Tratamento De Enxaqueca;25964;https://www.farmaponte.com.br/zeforus-eletriptana-80mg-2-comprimidos/p
FarmaPonte;7896714219318;Histamin Liquido 100 Ml Neo;Disponível;26,90;17,01;-36.8%;17,36;-35.5%;Anti Histaminico E Antialergico Topico;14110;https://www.farmaponte.com.br/histamin-liq-100ml-neo/p
FarmaPonte;7896004707846;Previane 0,075Mg + 0,02Mg, Caixa Com 21 Comprimidos Revestidos;Disponível;43,02;24,03;-44.1%;24,52;-43.0%;Anticoncepcional;15957;https://www.farmaponte.com.br/previane-0075mg-002mg-caixa-com-21-comprimidos-revestidos/p
FarmaPonte;7891317017521;Lemont 10mg + 5mg Eurofarma 14 Comprimidos;Disponível;133,05;118,66;-10.8%;60,54;-54.5%;Antiasmático;25874;https://www.farmaponte.com.br/lemont-10mg-5mg-eurofarma-14-comprimidos/p
FarmaPonte;7897473203082;AEROGOLD 100MCG 200 DOSES;Disponível;41,43;25,18;-39.2%;25,69;-38.0%;Broncodilatador;28213;https://www.farmaponte.com.br/aerogold-100mcg-200-doses/p
FarmaPonte;7896714226033;Histamin Creme 10Mg G, Caixa Com 1 Bisnaga Com 30G De Creme De Uso Dermatologico;Disponível;0;16,48;0;0;0;Anti Histaminico E Antialergico Topico;12960;https://www.farmaponte.com.br/histamin-creme-10mgg-caixa-com-1-bisnaga-com-30g-de-creme-de-uso-dermatologico/p
FarmaPonte;7896004709307;Deflazacorte 6mg Genérico EMS 20 Comprimidos;Disponível;61,74;40,54;-34.3%;41,37;-33.0%;Corticóide Tópico;13998;https://www.farmaponte.com.br/deflazacorte-ems-6mg-caixa-com-20-comprimidos/p
FarmaPonte;8903855080802;Ivahart 7,5mg Com 60 Comprimidos;Disponível;0;142,09;0;0;0;Antianginoso;25888;https://www.farmaponte.com.br/ivahart-75mg-com-60-comprimidos/p
FarmaPonte;7891317180553;Desogestrel Eurofarma 75Mcg, Caixa Com 84 Comprimidos;Disponível;89,83;41,38;-53.9%;42,22;-53.0%;Anticoncepcional;13725;https://www.farmaponte.com.br/desogestrel-eurofarma-75mcg-caixa-com-84-comprimidos/p
FarmaPonte;7896261016255;Galvus Met 50Mg + 850Mg, Caixa Com 56 Comprimidos Revestidos;Disponível;261,38;256,15;-2.0%;87,13;-66.7%;Antidiabéticos;17651;https://www.farmaponte.com.br/galvus-met-50mg-850mg-caixa-com-56-comprimidos-revestidos/p
FarmaPonte;7896004774527;Nitazoxanida 20Mg Ml Germed, Caixa Com 1 Frasco De Po Para Suspensao De Uso Oral  Frasco Com Capacidade De 45Ml  + Seringa Dosadora;Disponível;0;19,46;0;0;0;Antiparasitario;24651;https://www.farmaponte.com.br/nitazoxanida-20mg-ml-germed-caixa-com-1-frasco-de-po-para-suspensao-de-uso-oral-frasco-com-capacidade-de-45ml-seringa-dosadora/p
FarmaPonte;7896658033421;Esalerg D12 2,5Mg + 120Mg, Caixa Com 10 Comprimidos De Liberacao Moderada;Disponível;0;55,39;0;0;0;Anti Histaminico E Antialergico Topico;13546;https://www.farmaponte.com.br/esalerg-d12-25mg-120mg-caixa-com-10-comprimidos-de-liberacao-moderada/p
FarmaPonte;7891317411909;Percof 6Mg Ml, Caixa Com 1 Frasco Com 120Ml De Xarope + Copo Medidor;Disponível;46,63;41,52;-11.0%;42,37;-9.1%;Antitussigeno;15904;https://www.farmaponte.com.br/percof-6mgml-caixa-com-1-frasco-com-120ml-de-xarope-copo-medidor/p
FarmaPonte;7896181926597;Azitromicina Di-Hidratada 500mg com 3 Comprimidos Revestidos Aché Biosintética Genérico;Disponível;15,83;15,05;-4.9%;15,36;-3.0%;Antibiotico;24806;https://www.farmaponte.com.br/azitromicina-di-hidratada-500mg-ache-caixa-com-3-comprimidos-revestidos/p
FarmaPonte;7891106910163;Gyno-Icaden Creme Vaginal 40g + 7 Aplicadores;Disponível;0;89,99;0;0;0;Antimicotico;18252;https://www.farmaponte.com.br/gyno-icaden-cre-vag-40gr/p
FarmaPonte;7896658035203;NAUCLOZ 25MG 10CPR;Disponível;0;16,91;0;0;0;-;29767;https://www.farmaponte.com.br/naucloz-25mg-10cpr/p
FarmaPonte;7896094210325;Coglive Bromidrato de Galantamina 24mg 60 cápsulas;Disponível;421,02;358,96;-14.7%;122,10;-71.0%;Psicotropico;24127;https://www.farmaponte.com.br/coglive-24mg-com-60-capsulas/p
FarmaPonte;7896015500016;Sonridor 2Cpr Eferv;Disponível;0;8,16;0;0;0;Analgésico Antitérmico;25455;https://www.farmaponte.com.br/sonridor-2cpr-eferv-x12/p
FarmaPonte;7896637028523;Labirin 24Mg, Caixa Com 30 Comprimidos;Disponível;34,57;29,81;-13.8%;30,42;-12.0%;Antivertiginoso;17657;https://www.farmaponte.com.br/labirin-24mg-caixa-com-30-comprimidos/p
FarmaPonte;7897947614673;Lavitan Kids Sabor Tutti-Frutti Solução Oral com 240ml;Disponível;0;26,37;0;0;0;Mucolítico;20939;https://www.farmaponte.com.br/lavitan-patati-patata-tutti-frutti-240ml/p
FarmaPonte;7898495602327;Benatux Sabor Mel E Limao, Caxa Com 12 Pastilhas;Disponível;23,42;17,25;-26.3%;17,60;-24.9%;Descongestionante Nasal;22152;https://www.farmaponte.com.br/benatux-sabor-mel-e-limao-caxa-com-12-pastilhas/p
FarmaPonte;7899547531848;Pratiprazol 40mg Com 28 Cápsulas;Disponível;48,41;45,50;-6.0%;45,50;-6.0%;Digestivo;29815;https://www.farmaponte.com.br/pratiprazol-40mg-com-28-capsulas/p
FarmaPonte;7898040329112;Creme para Pernas Cansadas Varicell com 150g;Disponível;35,54;31,35;-11.8%;31,99;-10.0%;Antivaricoso;25901;https://www.farmaponte.com.br/creme-para-pernas-cansadas-varicell-com-150g/p
FarmaPonte;7895296100038;Drospirenona + Etinilestradiol 3mg + 0,03mg Genérico Eurofarma 21 Comprimidos;Disponível;0;31,61;0;0;0;Anticoncepcional;18171;https://www.farmaponte.com.br/drospetin-3003mg-21cpr-nq/p
FarmaPonte;7896004701035;Cloridrato de Terbinafina 1  EMS Creme Dermatológico 20g;Disponível;39,69;27,22;-31.4%;27,78;-30.0%;Antimicotico;20448;https://www.farmaponte.com.br/terbinafina-cre-20gr-ems/p
FarmaPonte;7896637025362;Postec 2,5Mg G + 150Utr G, Caixa Com 1 Bisnaga Com 20G De Pomada De Uso Dermatologico;Disponível;150,74;128,52;-14.7%;65,57;-56.5%;Corticóide Tópico;15919;https://www.farmaponte.com.br/postec-25mgg-150utrg-caixa-com-1-bisnaga-com-20g-de-pomada-de-uso-dermatologico/p
FarmaPonte;7896004719597;Amoxicilina 875mg + Clavulanato de Potássio 125mg EMS 14 Comprimidos Revestidos;Disponível;183,19;75,40;-58.8%;76,94;-58.0%;Antibiotico;18837;https://www.farmaponte.com.br/amoxicilinaclav-875mg-14cpr-ems/p
FarmaPonte;7896004746937;Ezetimiba Ems 10Mg, Caixa Com 15 Comprimidos;Disponível;93,81;27,77;-70.4%;34,71;-63.0%;Redutor De Colesterol Antihipertensivo;13082;https://www.farmaponte.com.br/ezetimiba-ems-10mg-caixa-com-15-comprimidos/p
FarmaPonte;7897595619518;Razapina ODT 15mg caixa com 28 comprimidos orodispersíveis;Disponível;0;73,44;0;0;0;Psicotropico;19222;https://www.farmaponte.com.br/razapina-odt-orodisp-15mg-28cpr/p
FarmaPonte;7896004704210;Carbamazepina  EMS 400mg com 20 comprimidos;Disponível;35,21;28,29;-19.7%;28,87;-18.0%;Psicotropico;21357;https://www.farmaponte.com.br/carbamazepina-400-20cp-ems/p
FarmaPonte;7896261000124;Tegretol CR 400mg Navartis 20 Comprimidos;Disponível;0;73,27;0;0;0;Psicotropico;23753;https://www.farmaponte.com.br/tegretol-cr-400mg-20cpr-zz/p
FarmaPonte;7896094915381;Atroveran Dip 1G, Caixa Com 20 Comprimidos;Disponível;27,49;24,99;-9.1%;25,50;-7.2%;Analgésico Antitérmico;15397;https://www.farmaponte.com.br/atroveran-dip-1g-caixa-com-20-comprimidos/p
FarmaPonte;7896523209142;Sulfato De Neomicina + Bacitracina Zincica Cimed 5Mg + 250Ui G, Caixa Com 1 Bisnaga Com 15G De Pomada De Uso Dermatologico;Disponível;0;12,31;0;0;0;Anti-infeccioso Topico Cicatrizante;12737;https://www.farmaponte.com.br/sulfato-de-neomicina-bacitracina-zincica-cimed-5mg-250uig-caixa-com-1-bisnaga-com-15g-de-pomada-de-uso-dermatologico/p
FarmaPonte;7896714274652;Peridal 10Mg, Caixa Com 60 Comprimidos;Disponível;53,56;47,77;-10.8%;48,74;-9.0%;Digestivo;14377;https://www.farmaponte.com.br/peridal-10mg-caixa-com-60-comprimidos/p
FarmaPonte;7898133139239;Hidralyte 45 Sabor Uva 500ml;Disponível;26,57;14,68;-44.7%;20,97;-21.1%;Rehidratante;12624;https://www.farmaponte.com.br/hidralyte-205mgml-098mgml-2275mgml-216mgml-frasco-com-500ml-de-solucao-de-uso-oral-sabor-uva/p
FarmaPonte;7896094999497;Lacto Purga 12 Comprimidos;Disponível;0;11,75;0;0;0;Laxantes e Purgantes;28425;https://www.farmaponte.com.br/lacto-purga-12-comprimidos/p
FarmaPonte;7896637018012;Artane Cloridrato de Triexifenidil 2mg 30 comprimidos;Disponível;16,06;12,91;-19.6%;13,17;-18.0%;Psicotropico;26378;https://www.farmaponte.com.br/artane-cloridrato-de-triexifenidil-2mg-30-comprimidos/p
FarmaPonte;7894916516709;Colágeno Condres Performa Sabor Tangerina 5G X 30 Sachês;Disponível;0;188,68;0;0;0;Relaxante Muscular;23483;https://www.farmaponte.com.br/condres-performa-com-30-saches/p
FarmaPonte;7908135002575;Acetilcisteína 20mg Kester xarope 120ml;Disponível;0;39,17;0;0;0;Broncodilatador;23518;https://www.farmaponte.com.br/acetilcisteina-kester-20mg-ml-caixa-com-1-frasco-com-100ml-de-xarope/p
FarmaPonte;7896112400349;DoisKa Biolab caixa com 30 comprimidos;Disponível;0;60,95;0;0;0;Anti-inflamatório;21145;https://www.farmaponte.com.br/doiska-30cpr/p
FarmaPonte;7896094912472;Lacto-Purga 5Mg, Blister Com 6 Comprimidos Revestidos;Disponível;6,59;6,20;-5.9%;6,33;-3.9%;Laxantes e Purgantes;16207;https://www.farmaponte.com.br/lacto-purga-5mg-blister-com-6-comprimidos-revestidos/p
FarmaPonte;7891317443955;Tâmisa 30 0,075mg + 0,030mg, caixa com 84 comprimidos revestidos;Disponível;0;93,42;0;0;0;Anticoncepcional;12545;https://www.farmaponte.com.br/tamisa-30-075-030mg-caixa-com-84-drageas/p
FarmaPonte;7891317122027;Vartaz 320mg 30 comprimidos revestidos;Disponível;0;52,10;0;0;0;Anti-hipertensivos;18114;https://www.farmaponte.com.br/vartaz-320mg-30cpr/p
FarmaPonte;7895858015664;Leite De Magnesia De Phillips, Hortela, 120Ml;Disponível;22,76;21,84;-4.0%;22,29;-2.1%;Laxantes e Purgantes;14149;https://www.farmaponte.com.br/leite-de-magnesia-de-phillips-121425mg15ml-frasco-com-120ml-de-suspensao-de-uso-oral-sabor-hortela/p
FarmaPonte;7896112170310;Furosemida Comprimido Teuto 40mg, caixa com 20 comprimidos;Disponível;0;7,51;0;0;0;Diurético;16229;https://www.farmaponte.com.br/furosemida-comprimido-teuto-40mg-caixa-com-20-comprimidos/p
FarmaPonte;7896094208339;Coglive Bromidrato de Galantamina 8mg 30 cápsulas;Disponível;150,96;118,35;-21.6%;60,39;-60.0%;Psicotropico;19288;https://www.farmaponte.com.br/coglive-8mg-30caps/p
FarmaPonte;7891317180621;Mamades 0,075 Mg 28 Comprimidos;Disponível;43,93;38,32;-12.8%;39,10;-11.0%;Anticoncepcional;13604;https://www.farmaponte.com.br/mamades-0075mg-28cpr/p
FarmaPonte;7896004700038;Paracetamol 200Mg Gts 15Ml Ems Gen;Disponível;11,30;6,73;-40.4%;9,61;-15.0%;Analgésico Antitérmico;18991;https://www.farmaponte.com.br/paracetamol-200mg-gts-15ml-ems-gen/p
FarmaPonte;7896714214115;Acebrofilina 5Mg Ml Neo Quimica, Xarope Com 120Ml;Disponível;29,03;24,19;-16.7%;24,68;-15.0%;Broncodilatador;14312;https://www.farmaponte.com.br/acebrofilina-neo-quimica-5mgml-caixa-com-1-frasco-com-120ml-de-xarope-copo-medidor/p
FarmaPonte;7898029550063;Creme Revitalizante Para Pernas Cedraflon 150ml;Disponível;134,21;98,65;-26.5%;50,33;-62.5%;Antivaricoso;19617;https://www.farmaponte.com.br/cedraflon-150ml-zz/p
FarmaPonte;7896658025129;Prolive Caixa Contendo 15 Capsulas;Disponível;90,00;81,24;-9.7%;82,90;-7.9%;Regulador Intestinal;16328;https://www.farmaponte.com.br/prolive-1000000000ufc-caixa-contendo-15-capsulas/p
FarmaPonte;7891317445720;Creme Dermatológico Trok Bisnaga 30g;Disponível;41,06;35,41;-13.8%;36,13;-12.0%;Corticóide Tópico;16054;https://www.farmaponte.com.br/trok-20mgg-064mgg-caixa-com-1-bisnaga-com-30g-de-creme-de-uso-dermatologico/p
FarmaPonte;7896181928591;Alenia em Pó de Uso Inalatório 12mcg + 400mcg com 60 Cápsulas Refil Aché;Disponível;159,89;148,86;-6.9%;50,63;-68.3%;-;12432;https://www.farmaponte.com.br/alenia-12mcg-400mcg-caixa-com-60-capsulas-gelatinosas-duras-com-po-de-uso-inalatorio-refil/p
FarmaPonte;7896658049866;SANY D IMUNE SUSORAL 120ML;Disponível;71,90;70,46;-2.0%;71,90;-0.0%;-;29752;https://www.farmaponte.com.br/sany-d-imune-susoral-120ml/p
FarmaPonte;7898586630338;Restiva Buprenorfina 10mg 2 Adesivos Transdérmicos;Disponível;195,71;159,19;-18.7%;54,15;-72.3%;Psicotropico;19644;https://www.farmaponte.com.br/restiva-10mg-2ades-trans/p
FarmaPonte;7891317001483;Cetoprofeno Gotas Teuto 20mg mL, caixa com 1 frasco gotejador com 20mL de solução de uso oral;Disponível;0;22,05;0;0;0;Reumatismo;15075;https://www.farmaponte.com.br/cetoprofeno-eurofarma-20mgml-caixa-com-1-frasco-com-20ml-de-solucao-de-uso-oral/p
FarmaPonte;7895858015695;Leite De Magnesia De Phillips, Tradicional, 350Ml;Disponível;36,75;35,38;-3.7%;36,10;-1.8%;Laxantes e Purgantes;14152;https://www.farmaponte.com.br/leite-de-magnesia-de-phillips-128250mg15ml-frasco-com-350ml-de-suspensao-de-uso-oral-sabor-tradicional/p
FarmaPonte;7896112405818;Pitavastatina Calcica 2Mg, Caixa Com 30 Comprimidos;Disponível;102,57;72,37;-29.4%;73,85;-28.0%;Redutor De Colesterol Antihipertensivo;24647;https://www.farmaponte.com.br/pitavastatina-calcica-2mg-caixa-com-30-comprimidos/p
FarmaPonte;7896004747637;Aripiprazol 15mg 30 comprimidos EMS Genérico;Disponível;0;229,11;0;0;0;Antidepressivo;25926;https://www.farmaponte.com.br/aripiprazol-15mg-30-comprimidos-ems-generico/p
FarmaPonte;7891142981301;Predsim 5mg Farmasa 20 Comprimidos;Disponível;27,77;24,49;-11.8%;24,99;-10.0%;Corticóide Tópico;17764;https://www.farmaponte.com.br/predsim-comprimido-5mg-caixa-com-20-comprimidos/p
FarmaPonte;7891721029424;Acetato de Ciproterona 2mg + Etinilestradiol 0,035mg Merck 21 comprimidos Genérico;Disponível;0;17,60;0;0;0;Antiacneico;25921;https://www.farmaponte.com.br/acetato-de-ciproterona-2mg-etinilestradiol-0035mg-merck-21-comprimidos-generico/p
FarmaPonte;7896004711744;Cloridrato de Tramadol 50mg EMS 10 Cápsulas;Disponível;33,33;25,15;-24.5%;25,66;-23.0%;Psicotropico;19137;https://www.farmaponte.com.br/clor-tramadol-50mg-10cap-ems/p
FarmaPonte;7896094907119;Maracugina Pi 420Mg, Caixa Com 20 Comprimidos Revestidos;Disponível;41,00;40,18;-2.0%;41,00;-0.0%;Hipnóticos Sedativos;21289;https://www.farmaponte.com.br/maracugina-pi-420mg-caixa-com-20-comprimidos-revestidos/p
FarmaPonte;7896094920255;Colflex Trio com MSM Colágeno Hidrolisado em Pó - 30 Sachês de 12g Cada;Disponível;289,30;236,17;-18.4%;80,33;-72.2%;Relaxante Muscular;26638;https://www.farmaponte.com.br/colflex-trio-com-msm-colageno-hidrolisado-em-po-30-saches-de-12g-cada/p
FarmaPonte;0618231848683;Gel Aderente 50g Ultragrip;Disponível;49,90;48,90;-2.0%;49,90;-0.0%;Reumatismo;29677;https://www.farmaponte.com.br/gel-aderente-50g-ultragrip/p
FarmaPonte;7891268116908;Pyridium 100Mg, Caixa Com 25 Drageas;Disponível;29,90;24,91;-16.7%;25,42;-15.0%;Antisséptico Vias Urinárias;12520;https://www.farmaponte.com.br/pyridium-100mg-caixa-com-25-drageas/p
FarmaPonte;7896181921288;Dicloridrato de Betaistina 8mg com 30 Comprimidos Aché Biosintética Genérico;Disponível;23,84;21,49;-9.9%;21,93;-8.0%;Antivertiginoso;12706;https://www.farmaponte.com.br/dicloridrato-de-betaistina-biosintetica-8mg-caixa-com-30-comprimidos/p
FarmaPonte;7896658031885;Suplemento Alimentar Puravida Biomag 60 Cápsulas;Disponível;125,75;99,82;-20.6%;50,93;-59.5%;Psicotropico;20962;https://www.farmaponte.com.br/biomag-10mg-60cap/p
FarmaPonte;7896112407645;Solly Succinato de Solifenacina 10mg 30 comprimidos;Disponível;0;118,45;0;0;0;Antisséptico Vias Urinárias;28663;https://www.farmaponte.com.br/solly-succinato-de-solifenacina-10mg-30-comprimidos/p
FarmaPonte;7898586631366;Saflutan 15mcg 30 Flaconetes;Disponível;0;132,35;0;0;0;Antiglaucomatoso;25460;https://www.farmaponte.com.br/saflutan-15mg-30fla/p
FarmaPonte;7896862960261;Gastrogel Fresh Frasco Com 240Ml De Suspensao De Uso Oral, Menta;Disponível;0;25,87;0;0;0;Digestivo;13221;https://www.farmaponte.com.br/gastrogel-fresh-frasco-com-240ml-de-suspensao-de-uso-oral-menta/p
FarmaPonte;7896658018800;Bravan HCT 80mg + 12,5mg 30 Comprimidos Revestidos;Disponível;84,94;71,59;-15.7%;73,05;-14.0%;Anti-hipertensivos;16966;https://www.farmaponte.com.br/bravan-hct-80mg-125mg-caixa-com-30-comprimidos-revestidos/p
FarmaPonte;7896714215495;Azitromicina Di-Hidratada 900mg Suspensão Oral 22,5ml Neo Química Genérico;Disponível;82,53;46,10;-44.1%;47,04;-43.0%;Antibiotico;18872;https://www.farmaponte.com.br/azitromicina-900mg-susp-neo/p
FarmaPonte;7899420506932;Cod Par 500mg + 30mg 36 Comprimidos;Disponível;78,25;65,18;-16.7%;66,51;-15.0%;Psicotropico;22635;https://www.farmaponte.com.br/cod-par-paracetamol-500mg-fosfato-de-codeina-30mg-com-36-comprimidos/p
FarmaPonte;7898216367498;Dimesilato de Lisdexanfetamina 30Mg Com 30CPR;Disponível;285,83;252,11;-11.8%;85,75;-70.0%;Psicotropico;28752;https://www.farmaponte.com.br/dimesilato-de-lisdexanfetamina-30mg-com-30cpr-1/p
FarmaPonte;7896658022944;Donila Duo 10mg+20mg 30 comprimidos revestidos;Disponível;241,99;180,23;-25.5%;61,30;-74.7%;Psicotropico;23111;https://www.farmaponte.com.br/donila-duo-10mg-20mg-30cp/p
FarmaPonte;7896004784076;Bilastina 20Mg E.M.S., Caixa Com 15 Comprimidos;Disponível;43,93;33,15;-24.5%;33,83;-23.0%;Anti Histaminico E Antialergico Topico;24636;https://www.farmaponte.com.br/bilastina-20mg-ems-caixa-com-15-comprimidos/p
FarmaPonte;7896004760995;Migraliv 12 Comprimidos;Disponível;21,96;18,02;-17.9%;18,39;-16.3%;Analgésico Antitérmico;25498;https://www.farmaponte.com.br/migraliv-12cpr/p
FarmaPonte;7896112158363;Ibupril Comprimido 600Mg, Caixa Com 20 Comprimidos;Disponível;25,01;12,93;-48.3%;13,19;-47.3%;Reumatismo;14115;https://www.farmaponte.com.br/ibupril-comprimido-600mg-caixa-com-20-comprimidos/p
FarmaPonte;7500435188067;Vick Pyrena Grip 7 Com 20 Capsulas;Disponível;30,10;29,50;-2.0%;30,10;-0.0%;Antigripal;21494;https://www.farmaponte.com.br/vick-pirena-grip-7-com-20-capsulas/p
FarmaPonte;7896094209558;Velija 60mg frasco 60 cápsulas liberação retardada;Disponível;267,94;204,81;-23.6%;69,66;-74.0%;Psicotropico;19324;https://www.farmaponte.com.br/velija-60mg-60cpr/p
FarmaPonte;7891058006082;Cloridrato De Bromexina Xarope Pediatrico Medley;Disponível;24,84;21,91;-11.8%;22,36;-10.0%;Broncodilatador;20410;https://www.farmaponte.com.br/clor-bromexina-xpe-ped-med/p
FarmaPonte;7896094925885;Rinosoro Alto Volume com 30 Sachês;Disponível;79,72;58,70;-26.4%;59,90;-24.9%;Descongestionante Nasal;24166;https://www.farmaponte.com.br/rinosoro-30-saches/p
FarmaPonte;7896094928084;Hidantal 100mg caixa com 25 comprimidos;Disponível;16,44;14,34;-12.8%;14,63;-11.0%;Psicotropico;19121;https://www.farmaponte.com.br/hidantal-100mg-25cpr-c1/p
FarmaPonte;7891317001568;Amoxicilina 250mg 5ml Eurofarma Suspensão Oral 150ml;Disponível;0;31,95;0;0;0;Antibiotico;18789;https://www.farmaponte.com.br/amoxicilina-250mg-susp-eur/p
FarmaPonte;7896112127680;Maleato De Dexclorfeniramina 2 5ML Xpe 100Ml Teu Gen;Disponível;15,98;15,19;-4.9%;15,50;-3.0%;Anti Histaminico E Antialergico Topico;22147;https://www.farmaponte.com.br/dexclorfeniramina-2-5ml-xpe-100ml-teu-gen/p
FarmaPonte;7891317177652;Primera 20mg 63 Comprimidos;Disponível;94,63;84,39;-10.8%;86,11;-9.0%;Anticoncepcional;14461;https://www.farmaponte.com.br/primera-20mg-63cpr/p
FarmaPonte;7896641812767;Inzelm Fumarato de Vonoprazana 10mg 30 comprimidos;Disponível;234,11;206,49;-11.8%;70,23;-70.0%;Antiulceroso;28604;https://www.farmaponte.com.br/inzelm-fumarato-de-vonoprazana-10mg-30-comprimidos/p
FarmaPonte;7891317439354;Noex Budesonida 100mcg Spray Nasal Aerossol 100 doses;Disponível;80,87;71,32;-11.8%;72,78;-10.0%;Descongestionante Nasal;14337;https://www.farmaponte.com.br/noex-100mcgdose-caixa-com-1-frasco-com-100-doses-de-suspensao-de-uso-nasal/p
FarmaPonte;7895858017415;Magnesia Bisurada 10 Comprimidos;Disponível;13,49;13,22;-2.0%;13,49;-0.0%;Digestivo;15752;https://www.farmaponte.com.br/magnesia-bisurada-10cpr-x20-fr10/p
FarmaPonte;7898100241057;Supositorio Glicerina Glicel Adulto 6 Unidades;Disponível;0;18,43;0;0;0;Laxantes e Purgantes;18180;https://www.farmaponte.com.br/sup-glicerina-glicel-adu-6un/p
FarmaPonte;7896658039805;Preten com 30 Sachês de 11g Aché;Disponível;0;152,00;0;0;0;Relaxante Muscular;23643;https://www.farmaponte.com.br/preten-30-saches/p
FarmaPonte;7894916518857;Lyberdia 30mg Ems 30 Cápsulas;Disponível;445,10;366,40;-17.7%;124,63;-72.0%;Psicotropico;28813;https://www.farmaponte.com.br/lyberdia-30mg-ems-30-capsulas-1/p
FarmaPonte;7896004702742;Glicerin Infantil EMS 6 Supositórios;Disponível;0;19,71;0;0;0;Laxantes e Purgantes;12188;https://www.farmaponte.com.br/glicerin-0828g-caixa-com-6-supositorios/p
FarmaPonte;7899547528619;Ibuprofeno Prati-Donaduzzi 600Mg, Caixa Com 30 Comprimidos Revestidos;Disponível;31,40;24,00;-23.6%;24,49;-22.0%;Reumatismo;17065;https://www.farmaponte.com.br/ibuprofeno-prati-donaduzzi-600mg-caixa-com-30-comprimidos-revestidos/p
FarmaPonte;7896112128762;Aciclovir Comprimido Teuto 200Mg, Caixa Com 25 Comprimidos;Disponível;73,77;37,59;-49.0%;38,36;-48.0%;Antiviral;14860;https://www.farmaponte.com.br/aciclovir-comprimido-teuto-200mg-caixa-com-25-comprimidos/p
FarmaPonte;7896658049804;Sorine Jet Baby Xtm 9mg Ml Solução Nasal 100ml;Disponível;57,66;56,51;-2.0%;57,66;-0.0%;-;29759;https://www.farmaponte.com.br/sorine-jet-baby-xtm-9mg-ml-solucao-nasal-100ml/p
FarmaPonte;7891721026676;Concor HCT 10mg + 25mg 30 comprimidos;Disponível;0;123,81;0;0;0;Anti-hipertensivos;23283;https://www.farmaponte.com.br/concor-hct-10-25mg-30cpr/p
FarmaPonte;7896714205762;Cloridrato de Ciprofloxacino 500mg Neo Química 6 Comprimidos;Disponível;57,52;32,13;-44.1%;32,79;-43.0%;Antibiotico;20863;https://www.farmaponte.com.br/ciprofloxacino-500-6cp-neo/p
FarmaPonte;7500435153089;Xarope Vick 16mg/mL, frasco com 120mL de xarope, sabor mel;Disponível;0;31,72;0;0;0;Broncodilatador;21053;https://www.farmaponte.com.br/xarope-vick-mel-120ml/p
FarmaPonte;7896676432824;Maxiflox D 35 + 1mg pomada oftálmica bisnaga com 35g;Disponível;51,25;45,21;-11.8%;46,13;-10.0%;Antibiotico;19130;https://www.farmaponte.com.br/maxiflox-d-pom-oft/p
FarmaPonte;7891721024924;Concor 1,25Mg, Caixa Com 30 Comprimidos Revestidos;Disponível;77,14;55,94;-27.5%;57,08;-26.0%;Anti-hipertensivos;15008;https://www.farmaponte.com.br/concor-125mg-caixa-com-30-comprimidos-revestidos/p
FarmaPonte;7891317101985;Azitromicina 900mg Eurofarma Pó para Suspensão Oral 15ml + Diluente 12ml + Seringa Dosadora;Disponível;0;43,85;0;0;0;Antibiotico;22135;https://www.farmaponte.com.br/azitromicina-900mg-susp-euro/p
FarmaPonte;7896094922037;Alektos Bilastina 20mg 30 comprimidos;Disponível;0;123,89;0;0;0;Anti Histaminico E Antialergico Topico;16047;https://www.farmaponte.com.br/alektos-20mg-caixa-com-30-comprimidos/p
FarmaPonte;7896637031943;Flancox 600Mg, Caixa Com 14 Comprimidos Revestidos;Disponível;65,29;57,58;-11.8%;58,76;-10.0%;Reumatismo;24643;https://www.farmaponte.com.br/flancox-600mg-caixa-com-14-comprimidos-revestidos/p
FarmaPonte;7896006277408;Oleo Mineral 100 Ml Uniao Quimica;Disponível;21,04;16,07;-23.6%;16,40;-22.1%;Laxantes e Purgantes;18001;https://www.farmaponte.com.br/oleo-mineral-100ml-uniao/p
FarmaPonte;7897322714462;Mioflex A 12 Comprimidos;Disponível;26,47;23,86;-9.9%;24,35;-8.0%;Relaxante Muscular;15289;https://www.farmaponte.com.br/mioflex-a-500mg-300mg-125mg-30mg-caixa-com-12-comprimidos/p
FarmaPonte;7896026170550;Malvona 0,2Mg Ml + 60Mg Ml + 1Mg Ml, Caixa Com 1 Frasco Com 100Ml De Solucao De Uso Dermatologico;Disponível;27,67;25,56;-7.6%;26,91;-2.7%;Descongestionante Nasal;15754;https://www.farmaponte.com.br/malvona-02mgml-60mgml-1mgml-caixa-com-1-frasco-com-100ml-de-solucao-de-uso-dermatologico/p
FarmaPonte;7894916515672;Colágeno Condres Ah 30 Cápsulas;Disponível;217,23;162,77;-25.1%;55,36;-74.5%;-;25509;https://www.farmaponte.com.br/suplemento-alimentar-condres-ah-30-capsulas/p
FarmaPonte;7893454714516;Ossotrat-D 60 Comprimidos Revestidos;Disponível;91,22;40,74;-55.3%;41,57;-54.4%;Calcificantes;25634;https://www.farmaponte.com.br/ossotrat-d-60-comprimidos-revestidos/p
FarmaPonte;7899095241725;Montelucaste de Sódio 5mg Geolab com 30 Comprimidos;Disponível;0;47,48;0;0;0;Antiasmático;26679;https://www.farmaponte.com.br/montelucaste-de-sodio-5mg-geolab-com-30-comprimidos/p
FarmaPonte;7891058005979;Pantoprazol 40Mg 28Cpr Med Gen;Disponível;45,34;28,88;-36.3%;29,47;-35.0%;Antiulceroso;19680;https://www.farmaponte.com.br/pantoprazol-40mg-28cpr-med-gen/p
FarmaPonte;7896006202073;Unitidazin 100mg 20 comprimidos;Disponível;0;46,59;0;0;0;Psicotropico;24730;https://www.farmaponte.com.br/unitidazin-100mg-20-comprimidos-revestidos/p
FarmaPonte;7891105131309;Lativax Lactulose Kester Salada de Frutas 120ml;Disponível;41,69;36,77;-11.8%;37,52;-10.0%;Laxantes e Purgantes;14882;https://www.farmaponte.com.br/lativax-sfrutas-120ml/p
FarmaPonte;7897316801277;Cicloplégico  C1  1  solução frasco com 5mL;Disponível;0;11,97;0;0;0;Psicotropico;26388;https://www.farmaponte.com.br/cicloplegico-c1-1-solucao-frasco-com-5ml/p
FarmaPonte;7896658008849;Levoid 112Mcg, Caixa Contendo 30 Comprimidos;Disponível;34,41;30,35;-11.8%;30,97;-10.0%;Tratamento De Distúrbios Hormonais;14165;https://www.farmaponte.com.br/levoid-112mcg-caixa-contendo-30-comprimidos/p
FarmaPonte;7898037086639;Poma Belladonna Almeida Prado 25;Disponível;42,54;41,69;-2.0%;42,54;-0.0%;Relaxante Muscular;18272;https://www.farmaponte.com.br/poma-belladonna-almeida-prado-25/p
FarmaPonte;7896181922797;Valsartana Hct 80Mg + 12,5Mg, Caixa Com 30 Comprimidos Revestidos;Disponível;61,16;42,38;-30.7%;47,09;-23.0%;Anti-hipertensivos;27122;https://www.farmaponte.com.br/valsartana-hct-80mg-125mg-caixa-com-30-comprimidos-revestidos/p
FarmaPonte;7891058003555;Puran T4 12,5Mcg 30 Comprimidos;Disponível;3,87;3,65;-5.7%;3,72;-3.9%;Tratamento De Distúrbios Hormonais;12747;https://www.farmaponte.com.br/puran-t4-125mcg-caixa-com-30-comprimidos/p
FarmaPonte;7896382709159;MOUNJARO TIRZEPATIDA 7,5MG 0,5ML C  4 CANETAS;Disponível;3175,00;2644,78;-16.7%;899,58;-71.7%;Antidiabéticos;29742;https://www.farmaponte.com.br/mounjaro-tirzepatida-75mg-05ml-c-4-canetas/p
FarmaPonte;7896094999411;Dramin Capsgel Dimenidrinato 50mg 10 cápsulas;Disponível;24,03;23,55;-2.0%;24,03;-0.0%;Antiemetico;18104;https://www.farmaponte.com.br/zz-dramin-caps-gel-50mg-10cps/p
FarmaPonte;7896004703572;Acido Acetilsalicilico Ems 500Mg, Blister Com 10 Comprimidos;Disponível;0;3,61;0;0;0;Analgésico Antitérmico;12491;https://www.farmaponte.com.br/acido-acetilsalicilico-ems-500mg-blister-com-10-comprimidos/p
FarmaPonte;7891058002657;Hidroclorotiazida Sanofi Medley 25Mg, Caixa Com 30 Comprimidos;Disponível;0;4,75;0;0;0;Diurético;14024;https://www.farmaponte.com.br/hidroclorotiazida-sanofi-medley-25mg-caixa-com-30-comprimidos/p
FarmaPonte;7896094206403;Venzer Hct 8Mg + 12,5Mg, Caixa Com 30 Comprimidos;Disponível;96,18;75,10;-21.9%;76,63;-20.3%;Anti-hipertensivos;17692;https://www.farmaponte.com.br/venzer-hct-8mg-125mg-caixa-com-30-comprimidos/p
FarmaPonte;7896637022835;Miosan 5Mg, Caixa Com 30 Comprimidos Revestidos;Disponível;63,57;39,10;-38.5%;39,90;-37.2%;Relaxante Muscular;15793;https://www.farmaponte.com.br/miosan-5mg-caixa-com-30-comprimidos-revestidos/p
FarmaPonte;7896004747576;Oxalato de Escitalopram 15mg Germed 30 Comprimidos Revestidos;Disponível;182,79;57,32;-68.6%;58,49;-68.0%;Psicotropico;24023;https://www.farmaponte.com.br/escitalopram-15mg-30cpr-ger/p
FarmaPonte;9786526104415;Mega Kit Para Colorir Maria Clara e Jp Ciranda;Disponível;35,90;35,18;-2.0%;35,90;-0.0%;Dermatológico;27840;https://www.farmaponte.com.br/mega-kit-para-colorir-maria-clara-e-jp-ciranda/p
FarmaPonte;7896422507202;Clotrimazol+Acetato Dexametasona 40g Genérico;Disponível;0;22,47;0;0;0;Corticóide Tópico;17888;https://www.farmaponte.com.br/clotrimazoldexametasona-cr-med/p
FarmaPonte;7898040321499;Ixium 50mg creme dermatológico 12 sachês com 025g;Disponível;353,21;328,84;-6.9%;111,85;-68.3%;Antiviral;20094;https://www.farmaponte.com.br/ixium-cre-12saches/p
FarmaPonte;7896658033445;Trezor Rosuvastatina Calcica 40mg 30 comprimidos;Disponível;128,39;109,47;-14.7%;55,85;-56.5%;Redutor De Colesterol Antihipertensivo;25247;https://www.farmaponte.com.br/trezor-40mg-caixa-com-30-comprimidos-revestidos/p
FarmaPonte;7896714211305;Besilato De Anlodipino 5Mg Com 30 Comprimidos Neo Quimica;Disponível;44,17;6,85;-84.5%;6,99;-84.2%;Anti-hipertensivos;20809;https://www.farmaponte.com.br/besilato-de-anlodipino-5mg-com-30-comprimidos-neo-quimica/p
FarmaPonte;7897076922892;Amoxicilina 500mg + Clavulanato de Potássio 125mg Ranbaxy 14 Comprimidos;Disponível;105,02;68,95;-34.3%;70,36;-33.0%;Antibiotico;28696;https://www.farmaponte.com.br/amoxicilina-500mg-clavulanato-de-potassio-125mg-ranbaxy-14-comprimidos/p
FarmaPonte;7896006212300;Cefalexina 250mg 5mL 100mL Suspensao Oral Uniao Quimica;Disponível;0;47,22;0;0;0;Psicotropico;22243;https://www.farmaponte.com.br/cefalexina-250mg-ml-uniao-quimica-caixa-com-100ml/p
FarmaPonte;7897411650787;Benicar ODT Olmesartana Medoxomila 20mg 30 comprimidos;Disponível;84,43;71,98;-14.7%;73,45;-13.0%;Anti-hipertensivos;26481;https://www.farmaponte.com.br/benicar-odt-olmesartana-medoxomila-20mg-30-comprimidos/p
FarmaPonte;7896004751641;Desogestrel 0,075Mg Ems 28 Comprimidos;Disponível;35,39;16,30;-53.9%;16,63;-53.0%;Anticoncepcional;20733;https://www.farmaponte.com.br/desogestrel-0075mg-ems-28-comprimidos/p
FarmaPonte;7898581711223;Neozine 4  solução oral frasco gotejador com 20ml;Disponível;21,12;20,70;-2.0%;21,12;-0.0%;Psicotropico;19079;https://www.farmaponte.com.br/neozine-4-gts-20ml-c1/p
FarmaPonte;7896094200357;Sumax Succinato de Sumatriptana 6mg 1 Ampola 0,5ml;Disponível;0;68,16;0;0;0;Tratamento De Enxaqueca;24784;https://www.farmaponte.com.br/sumax-succinato-de-sumatriptana-6mg-1-ampola-05ml/p
FarmaPonte;7896206401351;Losec Mups 10mg, caixa com 14 comprimidos revestidos;Disponível;0;120,43;0;0;0;Antiulceroso;20588;https://www.farmaponte.com.br/losec-mups-10mg-14cpr-zz/p
FarmaPonte;7896658046520;Totti 10mg, Caixa Com 10 Comprimidos Sublinguais;Disponível;29,93;23,76;-20.6%;24,24;-19.0%;Analgésico Antitérmico;26338;https://www.farmaponte.com.br/totti-10mg-caixa-com-10-comprimidos-sublinguais/p
FarmaPonte;7896230303669;Hidroral Uva 4 Saches;Disponível;0;17,16;0;0;0;Antidiarreico;17494;https://www.farmaponte.com.br/zz-hidroral-uva-4sac-adv/p
FarmaPonte;7896004727233;Ciclopirox Olamina 10mg mL EMS Solução Tópica com 15mL;Disponível;33,54;22,02;-34.3%;22,47;-33.0%;Antimicotico;12893;https://www.farmaponte.com.br/ciclopirox-olamina-ems-10mgml-caixa-com-1-frasco-gotejador-com-15ml-de-solucao-de-uso-dermatologico/p
FarmaPonte;7897473207011;Furoato de Mometasona 50mcg Suspensão Nasal 120 doses Glenmark Genérico;Disponível;54,25;39,35;-27.5%;40,15;-26.0%;Descongestionante Nasal;25838;https://www.farmaponte.com.br/furoato-de-mometasona-50mcg-suspensao-nasal-120-doses-glenmark-generico/p
FarmaPonte;-;Leite de Magnésia ENO Magno Tradicional Suspensão 10ml;Disponível;5,00;4,90;-2.0%;5,00;-0.0%;Laxantes e Purgantes;-;https://www.farmaponte.com.br/leite-de-magnesia-eno-magno-tradicional-suspensao-10ml/p
FarmaPonte;7896658006005;Soyfemme Isoflavonas de Soja 150mg 30 cápsulas;Disponível;0;130,24;0;0;0;Tratamento De Distúrbios Hormonais;12174;https://www.farmaponte.com.br/soyfemme-150mg-caixa-com-30-capsulas/p
FarmaPonte;7891058002695;Dicloridrato de Trimetazidina 35mg 60 comprimidos Medley Genérico;Disponível;123,37;105,18;-14.7%;53,67;-56.5%;Antianginoso;26161;https://www.farmaponte.com.br/dicloridrato-de-trimetazidina-35mg-60-comprimidos-medley-generico/p
FarmaPonte;7896004776804;Secrelise Xarope 120ml;Disponível;51,79;24,40;-52.9%;24,90;-51.9%;Broncodilatador;29658;https://www.farmaponte.com.br/secrelise-xarope-120ml/p
FarmaPonte;7896112401551;Vonau Flash 4mg 30 Comprimidos Orodispersíveis Biolab;Disponível;122,61;90,12;-26.5%;91,96;-25.0%;Antiemetico;15448;https://www.farmaponte.com.br/vonau-flash-4mg-caixa-com-30-comprimidos-orodispersiveis/p
FarmaPonte;7896181928676;Simeticona 125mg Biosintética 10 Cápsulas Gelatinosas Moles;Disponível;0;11,66;0;0;0;Digestivo;14614;https://www.farmaponte.com.br/simeticona-125mg-10cap-bio-gen/p
FarmaPonte;5702157141326;Lexapro 20mg mL 15ml Solução;Disponível;0;255,28;0;0;0;Psicotropico;20489;https://www.farmaponte.com.br/lexapro-20mg-gts/p
FarmaPonte;7896004706375;Clortalidona Ems 12,5Mg, Caixa Com 60 Comprimidos;Disponível;20,58;19,56;-5.0%;19,96;-3.0%;Diurético;13993;https://www.farmaponte.com.br/clortalidona-ems-125mg-caixa-com-60-comprimidos/p
FarmaPonte;7896094916258;Lisador Dip 1G, Blister Com 8 Comprimidos;Disponível;20,04;19,64;-2.0%;20,04;-0.0%;Analgésico Antitérmico;13265;https://www.farmaponte.com.br/lisador-dip-1g-blister-com-8-comprimidos/p
FarmaPonte;7898216367467;Maleato de Enalapril Pharlab 20mg, caixa com 30 comprimidos;Disponível;0;17,76;0;0;0;Anti-hipertensivos;13326;https://www.farmaponte.com.br/maleato-de-enalapril-pharlab-20mg-caixa-com-30-comprimidos/p
FarmaPonte;7896714290812;Rivaroxabana Neo Química 15mg, caixa com 15 comprimidos Neo Química;Disponível;101,46;25,85;-74.5%;26,38;-74.0%;Antitrombotico;22695;https://www.farmaponte.com.br/rivaroxabana-15mg-neo-quimica-caixa-com-15-comprimidos-revestidos/p
FarmaPonte;7896015516949;Paxil CR 25mg caixa com 30 comprimidos;Disponível;258,18;240,36;-6.9%;81,76;-68.3%;Psicotropico;19189;https://www.farmaponte.com.br/paxil-cr-25mg-30cpr-c1/p
FarmaPonte;7898074617438;Fluimucil 40Mg Ml, Caixa Com 1 Frasco Com 120Ml De Xarope + Copo Medidor;Disponível;48,90;44,09;-9.8%;44,99;-8.0%;Broncodilatador;13934;https://www.farmaponte.com.br/fluimucil-40mgml-caixa-com-1-frasco-com-120ml-de-xarope-copo-medidor/p
FarmaPonte;7896658001864;Artrosil 160mg 20 Cápsulas Aché;Disponível;83,00;70,77;-14.7%;72,21;-13.0%;Reumatismo;23456;https://www.farmaponte.com.br/artrosil-160mg-20cpr/p
FarmaPonte;7896004747453;Cabergolina 0,5mg 2 comprimidos Genérico Germed;Disponível;0;49,73;0;0;0;Tratamento De Distúrbios Hormonais;25100;https://www.farmaponte.com.br/cabergolina-050mg-germed-caixa-com-2-comprimidos/p
FarmaPonte;7896004711485;Dexclorfeniramina Beta 2Mg 20Cpr  EMS;Disponível;24,29;23,09;-4.9%;23,56;-3.0%;Anti Histaminico E Antialergico Topico;24179;https://www.farmaponte.com.br/dexclorfeniramina-beta-2mg-20cpr-ems/p
FarmaPonte;8903855083452;Olmecor Triplo 40mg + 10mg + 25mg Com Comprimidos Revestidos;Disponível;0;150,48;0;0;0;Anti-hipertensivos;26397;https://www.farmaponte.com.br/olmecor-triplo-40mg-10mg-25mg-com-comprimidos-revestidos/p
FarmaPonte;7891317035105;Snif Air Solução Nasal Adulto 30 envelopes;Disponível;0;68,50;0;0;0;Descongestionante Nasal;28585;https://www.farmaponte.com.br/snif-air-solucao-nasal-adulto-30-envelopes/p
FarmaPonte;7896658050831;Deconlerg 1,25Mg Ml, Caixa Contendo 1 Frasco Gotejador Com 20Ml De Solucao De Uso Oral;Disponível;46,12;45,09;-2.2%;46,01;-0.2%;-;29758;https://www.farmaponte.com.br/deconlerg-125mg-ml-caixa-contendo-1-frasco-gotejador-com-20ml-de-solucao-de-uso-oral/p
FarmaPonte;7891721202889;Levotiroxina Sodica Merck 125Mcg, Caixa Com 30 Comprimidos;Disponível;15,39;13,57;-11.8%;13,85;-10.0%;Tratamento De Distúrbios Hormonais;14240;https://www.farmaponte.com.br/levotiroxina-sodica-merck-125mcg-caixa-com-30-comprimidos/p
FarmaPonte;7793640000143;Aspirina 500mg com 20 Comprimidos;Disponível;17,99;17,63;-2.0%;17,99;-0.0%;Analgésico Antitérmico;28367;https://www.farmaponte.com.br/aspirina-500mg-com-20-comprimidos/p
FarmaPonte;7896714202693;Metronidazol 100mg g Gel 55g Neo Química;Disponível;42,32;29,86;-29.4%;30,47;-28.0%;Antibiotico;23778;https://www.farmaponte.com.br/metronidazol-gel-vag-neo/p
FarmaPonte;7896658051623;Minoxidil Solução Spray 50mg ml 3 Frascos de 50ml cada Biosintética;Disponível;133,27;97,95;-26.5%;99,95;-25.0%;Dermatológico;28870;https://www.farmaponte.com.br/minoxidil-solucao-spray-50mg-ml-3-frascos-de-50ml-cada-biosintetica/p
FarmaPonte;7896226109589;Colágeno Tipo II Colaten HA 60 cápsulas;Disponível;260,89;250,17;-4.1%;85,09;-67.4%;Relaxante Muscular;21639;https://www.farmaponte.com.br/colaten-ha-com-60-capsulas-duras/p
FarmaPonte;7898586631335;Cosopt Colírio 2,0   com 10mL;Disponível;0;357,66;0;0;0;Antiglaucomatoso;26701;https://www.farmaponte.com.br/cosopt-colirio-20-com-10ml/p
FarmaPonte;7896004714196;Nociclin 0,15 + 0,03Mg, Caixa Com 21 Comprimidos;Disponível;0;9,42;0;0;0;Anticoncepcional;15851;https://www.farmaponte.com.br/nociclin-015-003mg-caixa-com-21-comprimidos/p
FarmaPonte;7896094929203;Rinosoro XT Infantil Sic 0,9  Spray Nasal 50ml;Disponível;38,98;38,20;-2.0%;38,98;-0.0%;Descongestionante Nasal;27134;https://www.farmaponte.com.br/rinosoro-xt-infantil-sic-09-spray-nasal-50ml/p
FarmaPonte;7896658008788;Levoid 75Mcg, Caixa Contendo 30 Comprimidos;Disponível;21,55;19,01;-11.8%;19,40;-10.0%;Tratamento De Distúrbios Hormonais;14163;https://www.farmaponte.com.br/levoid-75mcg-caixa-contendo-30-comprimidos/p
FarmaPonte;7896658015427;Trezor 20mg 30 Comprimidos Revestidos;Disponível;71,61;65,27;-8.9%;66,60;-7.0%;Redutor De Colesterol Antihipertensivo;12590;https://www.farmaponte.com.br/trezor-20mg-caixa-com-30-comprimidos-revestidos/p
FarmaPonte;7896422515641;Atenolol + Clortalidona Medley 50mg + 12,5mg, caixa com 30 comprimidos;Disponível;0;24,79;0;0;0;Anti-hipertensivos;18090;https://www.farmaponte.com.br/atenololclorta-50mg-30cpr-med/p
FarmaPonte;7893454714752;Culturelle Junior Probiotico com 30 comprimidos mastigaveis;Disponível;0;125,43;0;0;0;Regulador Intestinal;25102;https://www.farmaponte.com.br/culturelle-junior-probiotico-com-30-comprimidos-mastigaveis/p
FarmaPonte;7891058022778;Allenasal 55Mcg 120Doses, Caixa Com 1 Frasco Spray Com 16,5 Ml De Suspensao De Uso Nasal;Disponível;0;66,62;0;0;0;Descongestionante Nasal;13758;https://www.farmaponte.com.br/allenasal-55mcg120doses-caixa-com-1-frasco-spray-com-165-ml-de-suspensao-de-uso-nasal/p
FarmaPonte;7898945030212;Maleato De Trimebutina Althaia 200Mg, Caixa Com 30 Capsulas Gelatinosas Moles;Disponível;85,40;68,63;-19.6%;70,03;-18.0%;Digestivo;14579;https://www.farmaponte.com.br/maleato-de-trimebutina-althaia-200mg-caixa-com-30-capsulas-gelatinosas-moles/p
FarmaPonte;7891035650130;Luftagastro Pro Sachê Líquido 10mL Com 12 Unidades;Disponível;0;4,69;0;0;0;Digestivo;20224;https://www.farmaponte.com.br/lufta-gastro-pro-10ml-sac-x24/p
FarmaPonte;7897076907424;Aciclovir 400mg com 10 comprimidos;Disponível;105,25;63,95;-39.2%;65,26;-38.0%;Antiviral;16203;https://www.farmaponte.com.br/aciclovir-ranbaxy-400mg-caixa-com-10-comprimidos/p
FarmaPonte;7891058168049;Allegra 120Mg, Caixa Com 10 Comprimidos Revestidos;Disponível;59,90;47,55;-20.6%;48,52;-19.0%;Anti Histaminico E Antialergico Topico;14191;https://www.farmaponte.com.br/allegra-120mg-caixa-com-10-comprimidos-revestidos/p
FarmaPonte;7896016807404;Eliquis 2,5mg 60 Comprimidos Revestidos;Disponível;0;369,70;0;0;0;Anticoagulante;18948;https://www.farmaponte.com.br/eliquis-25mg-60cpr/p
FarmaPonte;7899547527681;Albendazol Prati-Donaduzzi 400Mg, Caixa Com 5 Comprimidos Mastigaveis;Disponível;43,69;21,41;-51.0%;21,85;-50.0%;Escabicida;14949;https://www.farmaponte.com.br/albendazol-prati-donaduzzi-400mg-caixa-com-5-comprimidos-mastigaveis/p
FarmaPonte;7896523227542;Finasterida 1mg 30 Comprimidos Cimed;Disponível;75,04;38,24;-49.0%;39,02;-48.0%;Dermatológico;23095;https://www.farmaponte.com.br/finasterida-1mg-30cpr-cim/p
FarmaPonte;7898148298877;Amoxicilina 500mg 5ml Prati150ml;Disponível;26,97;26,43;-2.0%;26,97;-0.0%;Antibiotico;18881;https://www.farmaponte.com.br/amoxicilina-250mg-susp-150ml-prat/p
FarmaPonte;7896422507097;Cloridrato de Ciprofloxacino 500mg Medley 7 Comprimidos Revestidos;Disponível;48,05;36,26;-24.5%;37,00;-23.0%;Antibiotico;20959;https://www.farmaponte.com.br/ciprofloxacino-500-7cp-med/p
FarmaPonte;7894916146487;Oxalato de Escitalopram 10mg 30 comprimidos Legrand;Disponível;0;33,82;0;0;0;Psicotropico;19371;https://www.farmaponte.com.br/escitalopram-10mg-30cpr-leg/p
FarmaPonte;7896360001817;Lizalac 10000 FCC ALU Com 30 Comprimidos;Disponível;0;84,85;0;0;0;Antigases Antiespasmódico;20532;https://www.farmaponte.com.br/lizalac-10000-fcc-alu-30cpr/p
FarmaPonte;7893454714844;Tylex 7,5 12 Comprimidos;Disponível;34,68;29,57;-14.7%;30,17;-13.0%;Psicotropico;19099;https://www.farmaponte.com.br/tylex-75mg-12cpr/p
FarmaPonte;7896112106425;Ibuprofeno 600Mg Teuto, Caixa Com 10 Capsulas;Disponível;29,49;23,12;-21.6%;23,59;-20.0%;Reumatismo;24096;https://www.farmaponte.com.br/ibuprofeno-600mg-teuto-caixa-com-10-capsulas/p
FarmaPonte;7896094928046;AAS Protect 100mg 30 Comprimidos Revestidos;Disponível;23,27;20,98;-9.8%;21,41;-8.0%;Vasodilatador Periferico;17437;https://www.farmaponte.com.br/aas-protect-100mg-caixa-com-30-comprimidos-revestidos/p
FarmaPonte;7896658034787;Rubia 0,075mg, caixa com 84 comprimidos revestidos;Disponível;0;81,77;0;0;0;Anticoncepcional;17297;https://www.farmaponte.com.br/rubia-0075mg-caixa-com-84-comprimidos-revestidos/p
FarmaPonte;7894916143868;Amoxicilina 875mg + Clavulanato de Potássio 125mg 14 comprimidos Ranbaxy Genérico;Disponível;0;137,61;0;0;0;Antibiotico;23114;https://www.farmaponte.com.br/amoxicilinaclav-875mg-14cpr-leg/p
FarmaPonte;7896181906384;Mononitrato De Isossorbida Ache 40Mg, Caixa Com 30 Comprimidos;Disponível;27,33;20,62;-24.6%;21,04;-23.0%;Antianginoso;14028;https://www.farmaponte.com.br/mononitrato-de-isossorbida-ache-40mg-caixa-com-30-comprimidos/p
FarmaPonte;7893595770624;Floral Thérapi Zero Angústia - 30 Ml;Disponível;36,90;36,16;-2.0%;36,90;-0.0%;Calmante Tranquilizante;28754;https://www.farmaponte.com.br/floral-therapi-zero-angustia-30-ml/p
FarmaPonte;7898430192425;Venolise 26,7mg, caixa com 30 comprimidos revestidos;Disponível;0;97,70;0;0;0;Antivaricoso;14439;https://www.farmaponte.com.br/venolise-267mg-caixa-com-30-comprimidos-revestidos/p
FarmaPonte;7896186000384;Óleo Mineral Bravir frasco com 200mL de óleo uso oral ou tópico;Disponível;0;28,54;0;0;0;Laxantes e Purgantes;13229;https://www.farmaponte.com.br/oleo-mineral-bravir-frasco-com-200ml-de-oleo-uso-oral-ou-topico/p
FarmaPonte;7891721029974;Concor Anlo 5+5Mg Com 30 Comprimidos;Disponível;98,73;89,01;-9.8%;90,83;-8.0%;Anti-hipertensivos;24117;https://www.farmaponte.com.br/concor-anlo-55mg-com-30-comprimidos/p
FarmaPonte;7898040329655;Floratil 200Mg, Caixa Com 6 Capsulas Gelatinosas Duras;Disponível;51,86;35,18;-32.2%;35,90;-30.8%;Antidiarreico;13931;https://www.farmaponte.com.br/floratil-200mg-caixa-com-6-capsulas-gelatinosas-duras/p
FarmaPonte;7896360001398;Fitoles 30 Cápsulas;Disponível;0;53,24;0;0;0;Redutor De Colesterol Antihipertensivo;20529;https://www.farmaponte.com.br/fitoless-30caps/p
FarmaPonte;7891106900614;Canesten 10mg/mL, caixa com 1 frasco spray com 30mL de solução de uso dermatológico;Disponível;0;54,58;0;0;0;Antimicotico;18010;https://www.farmaponte.com.br/canesten-spray-30ml/p
FarmaPonte;7898907312264;Levonorgestrel Melcon 1,5mg com 1 Comprimido Aché Biosintética Genérico;Disponível;0;13,66;0;0;0;Anticoncepcional;15052;https://www.farmaponte.com.br/levonorgestrel-melcon-15mg-caixa-com-1-comprimido/p
FarmaPonte;7891721026706;Concor HCT 5mg + 12,5mg 30 comprimidos;Disponível;148,41;119,27;-19.6%;60,85;-59.0%;Anti-hipertensivos;21064;https://www.farmaponte.com.br/concor-hct-5-125mg-30cpr/p
FarmaPonte;7896112452690;Venula 200mg 60 Cápsulas;Disponível;91,07;80,32;-11.8%;81,96;-10.0%;Antivaricoso;13063;https://www.farmaponte.com.br/venula-200mg-caixa-com-60-capsulas-gelatinosas-duras/p
FarmaPonte;7898146823804;Paracetamol + Fosfato de Codeína 500mg + 30mg Biolab 12 Comprimidos;Disponível;25,67;16,86;-34.3%;17,20;-33.0%;Psicotropico;19243;https://www.farmaponte.com.br/codeina-30mg-paracetamol-12cpr-biol/p
FarmaPonte;7896006207436;Cloridrato de Paroxetina 20mg União Química 30 Comprimidos Revestidos;Disponível;56,29;36,96;-34.3%;37,71;-33.0%;Psicotropico;19274;https://www.farmaponte.com.br/paroxetina-20mg-30cpr-uq/p
FarmaPonte;7891058003166;Olmesartana 40mg 30 comprimidos Medley Genérico;Disponível;53,29;32,82;-38.4%;41,03;-23.0%;Anti-hipertensivos;24299;https://www.farmaponte.com.br/olmesartana-40mg-30-comprimidos-medley-generico/p
FarmaPonte;7891721202728;Levotiroxina Sodica Merck 175Mcg, Caixa Com 30 Comprimidos;Disponível;20,96;18,48;-11.8%;18,86;-10.0%;Tratamento De Distúrbios Hormonais;14242;https://www.farmaponte.com.br/levotiroxina-sodica-merck-175mcg-caixa-com-30-comprimidos/p
FarmaPonte;7896637033923;Tanduo 0,5+0,4mg 30 Cápsulas;Disponível;107,40;97,88;-8.9%;99,88;-7.0%;Antiespamódico Urinário;26668;https://www.farmaponte.com.br/tanduo-0504mg-30-capsulas/p
FarmaPonte;7896112144816;Cloridrato De Metoclopramida Gotas Teuto 4Mg Ml, Caixa Com 1 Frasco Gotejador Com 10Ml De Solucao De Uso Oral;Disponível;6,98;6,63;-5.0%;6,77;-3.0%;Digestivo;16060;https://www.farmaponte.com.br/cloridrato-de-metoclopramida-gotas-teuto-4mgml-caixa-com-1-frasco-gotejador-com-10ml-de-solucao-de-uso-oral/p
FarmaPonte;7896202500454;Estomazil 1 Envelope Abacaxi X50;Disponível;3,48;3,41;-2.0%;3,48;-0.0%;Digestivo;18173;https://www.farmaponte.com.br/estomazil-1env-abacaxi-x50/p
FarmaPonte;7898606971120;Florais De Bach para TPM e Menopausa 30mL;Disponível;0;43,01;0;0;0;Calmante Tranquilizante;15424;https://www.farmaponte.com.br/florais-bach-tpm-menopausa-30ml/p
FarmaPonte;7896269901720;Seretide Diskus 50Mcg + 250Mcg, Caixa Com 1 Frasco Com 60 Doses De Po Para Inalacao De Uso Oral;Disponível;194,05;180,66;-6.9%;61,45;-68.3%;Antiasmático;16041;https://www.farmaponte.com.br/seretide-diskus-50mcg-250mcg-caixa-com-1-frasco-com-60-doses-de-po-para-inalacao-de-uso-oral/p
FarmaPonte;7891142177162;Predsim Solucao Oral 3Mg Ml, Caixa Com 1 Frasco Com 60Ml De Solucao De Uso Oral + Dosador;Disponível;0;32,73;0;0;0;Corticóide Tópico;15923;https://www.farmaponte.com.br/predsim-solucao-oral-3mgml-caixa-com-1-frasco-com-60ml-de-solucao-de-uso-oral-dosador/p
FarmaPonte;7896422507264;Diclofenaco Colestiramina - Medley 70mg caixa com 14 cápsulas;Disponível;0;26,48;0;0;0;Reumatismo;21939;https://www.farmaponte.com.br/diclo-colestiramina-70-14-med/p
FarmaPonte;7896862993009;Dalmadorm Flurazepam 30mg 30 comprimidos;Disponível;0;27,98;0;0;0;Psicotropico;20838;https://www.farmaponte.com.br/dalmadorm-30mg-30cpr-b1/p
FarmaPonte;7896902218567;Tintura Iodo 2  Farmax 30Ml;Disponível;7,25;7,11;-1.9%;7,25;-0.0%;Antisséptico;13038;https://www.farmaponte.com.br/tintura-iodo-2-farmax-30ml/p
FarmaPonte;7896472521852;Deradop XL 300mg 30 Comprimidos Revestidos;Disponível;116,72;93,80;-19.6%;95,71;-18.0%;Antidepressivo;29703;https://www.farmaponte.com.br/deradop-xl-300mg-30-comprimidos-revestidos/p
FarmaPonte;5702191025590;Advantan Locao 1Mg G, Caixa Com 1 Bisnaga Com 20G De Emulsao De Uso Dermatologico;Disponível;112,13;98,90;-11.8%;50,46;-55.0%;Corticóide Tópico;12415;https://www.farmaponte.com.br/advantan-locao-1mgg-caixa-com-1-bisnaga-com-20g-de-emulsao-de-uso-dermatologico/p
FarmaPonte;7896422508209;Genfibrozila Medley 600Mg, Caixa Com 30 Comprimidos Revestidos;Disponível;122,42;74,38;-39.2%;75,90;-38.0%;Redutor De Colesterol Antihipertensivo;14021;https://www.farmaponte.com.br/genfibrozila-medley-600mg-caixa-com-30-comprimidos-revestidos/p
FarmaPonte;7896862960087;Ibuprofeno Suspensão Oral Medquímica 100mg/mL, caixa com 1 frasco gotejador com 20mL de suspensão de uso oral;Disponível;0;17,02;0;0;0;Analgésico Antitérmico;16906;https://www.farmaponte.com.br/ibuprofeno-gotas-medquimica-100mgml-caixa-com-1-frasco-gotejador-com-20ml-de-suspensao-de-uso-oral/p
FarmaPonte;7896112134213;Cefalexina 500mg 10 Cápsula;Disponível;30,28;27,30;-9.8%;27,86;-8.0%;Antibiotico;18956;https://www.farmaponte.com.br/cefalexina-500mg-10cpr-teu/p
FarmaPonte;7898040323721;Fitocor 60Caps;Disponível;0;102,78;0;0;0;Redutor De Colesterol Antihipertensivo;20095;https://www.farmaponte.com.br/fitocor-60caps/p
FarmaPonte;7899420508639;Probiótico Multi-Bi com 5 Cápsulas;Disponível;82,63;69,24;-16.2%;70,65;-14.5%;Regulador Intestinal;27595;https://www.farmaponte.com.br/probiotico-multi-bi-com-5-capsulas/p
FarmaPonte;7891317461089;Amoxicilina Tri-Hidratada 875mg + Clavulanato de Potássio 125mg 20 comprimidos Eurofarma Genérico;Disponível;124,05;93,61;-24.5%;95,52;-23.0%;Antibiotico;18867;https://www.farmaponte.com.br/amoxicilinaclav-875mg-20cpr-eur/p
FarmaPonte;7897595611178;Candesartana Cilexetila 16mg Sandoz 30 Comprimidos;Disponível;109,28;61,04;-44.1%;62,29;-43.0%;Anti-hipertensivos;25350;https://www.farmaponte.com.br/candesartana-cilexetila-16mg-sandoz-30-comprimidos/p
FarmaPonte;7891721202858;Levotiroxina Sodica Merck 100Mcg, Caixa Com 30 Comprimidos;Disponível;10,49;9,67;-7.8%;10,18;-3.0%;Tratamento De Distúrbios Hormonais;14238;https://www.farmaponte.com.br/levotiroxina-sodica-merck-100mcg-caixa-com-30-comprimidos/p
FarmaPonte;7896422519373;Carvedilol 12,5Mg 30Cp Med Gen;Disponível;47,09;33,22;-29.5%;33,90;-28.0%;Anti-hipertensivos;19657;https://www.farmaponte.com.br/carvedilol-125mg-30cp-med-gen/p
FarmaPonte;7897947617025;Acnezil Sabonete Barra Pele Acneica 70g;Disponível;20,80;9,70;-53.4%;9,90;-52.4%;Antiacneico;28316;https://www.farmaponte.com.br/acnezil-sabonete-barra-pele-acneica-70g/p
FarmaPonte;7897595902146;Stilnox 10mg caixa com 20 comprimidos;Disponível;0;92,14;0;0;0;Psicotropico;19101;https://www.farmaponte.com.br/stilnox-10mg-20cpr-c1/p
FarmaPonte;7891317434335;Topiramato 50mg 60 comprimidos Eurofarma Genérico;Disponível;184,33;75,87;-58.8%;77,42;-58.0%;Psicotropico;19257;https://www.farmaponte.com.br/topiramato-50mg-60cpr-eur/p
FarmaPonte;7891317123604;Esio Comprimido 40Mg, Caixa Com 28 Comprimidos Revestidos;Disponível;203,68;175,66;-13.8%;59,75;-70.7%;Antiulceroso;17711;https://www.farmaponte.com.br/esio-comprimido-40mg-caixa-com-28-comprimidos-revestidos/p
FarmaPonte;7898430194511;Refil Nasoar XT 5  15 Envelopes;Disponível;0;92,06;0;0;0;Descongestionante Nasal;25915;https://www.farmaponte.com.br/refil-nasoar-xt-5-15-envelopes/p
FarmaPonte;7896658039232;Fusor 10mg 30 comprimidos;Disponível;58,68;49,45;-15.7%;50,46;-14.0%;Psicotropico;26287;https://www.farmaponte.com.br/fusor-10mg-30-comprimidos/p
FarmaPonte;7891317013943;Alurax 2Mg, Caixa Com 30 Comprimidos Revestidos;Disponível;69,06;60,91;-11.8%;62,15;-10.0%;Tratamento De Distúrbios Hormonais;14839;https://www.farmaponte.com.br/alurax-2mg-caixa-com-30-comprimidos-revestidos/p
FarmaPonte;7891158103070;Depakote ER 500mg com 60 Comprimidos Abbott;Disponível;298,40;277,81;-6.9%;94,49;-68.3%;Psicotropico;19295;https://www.farmaponte.com.br/depakote-er-500mg-60cpr/p
FarmaPonte;7896006248316;Histadin D Comprimido 5Mg + 120Mg, Caixa Com 12 Drageas De Desintegracao Lenta;Disponível;58,55;47,80;-18.4%;48,78;-16.7%;Anti Histaminico E Antialergico Topico;14430;https://www.farmaponte.com.br/histadin-d-comprimido-5mg-120mg-caixa-com-12-drageas-de-desintegracao-lenta/p
FarmaPonte;7896004713571;Pentoxifilina 400mg 30 Comprimidos Genérico Germed;Disponível;82,56;54,21;-34.3%;55,32;-33.0%;Antivertiginoso;20764;https://www.farmaponte.com.br/pentoxifilina-400mg-30cp-ems-g/p
FarmaPonte;7898148294596;Acetato De Dexametasona Prati-Donaduzzi 1Mg G, Caixa Com 1 Bisnga Com 10G De Creme De Uso Dermatologico;Disponível;13,13;12,49;-4.9%;12,74;-3.0%;Corticóide Tópico;16163;https://www.farmaponte.com.br/acetato-de-dexametasona-prati-donaduzzi-1mgg-caixa-com-1-bisnga-com-10g-de-creme-de-uso-dermatologico/p
FarmaPonte;7896006290537;Tobracort 3,5g Pomada Genom;Disponível;44,18;38,96;-11.8%;39,76;-10.0%;Antibiotico;24016;https://www.farmaponte.com.br/tobracort-pomada-oftalmica-bisnaga-com-35gr/p
FarmaPonte;7895296449687;Amoxicilina 500mg Genérico Nova Química 21 Cápsulas;Disponível;31,91;30,33;-5.0%;30,95;-3.0%;Antibiotico;19995;https://www.farmaponte.com.br/amoxicilina-500mg-21caps-mult/p
FarmaPonte;7896094211001;Ancoron 200Mg Com 60 Comprimidos Revestidos;Disponível;81,69;69,65;-14.7%;71,07;-13.0%;Antiarritmico;24097;https://www.farmaponte.com.br/ancoron-200mg-com-60-comprimidos-revestidos/p
FarmaPonte;7896206403645;Crestor Rosuvastatina Cálcica 5mg 30 Comprimidos;Disponível;0;103,47;0;0;0;Redutor De Colesterol Antihipertensivo;14385;https://www.farmaponte.com.br/crestor-5mg-caixa-com-30-comprimidos-revestidos/p
FarmaPonte;7891106914048;Primogyna Estradiol 2mg 28 drágeas;Disponível;114,76;101,21;-11.8%;51,64;-55.0%;Tratamento De Distúrbios Hormonais;20064;https://www.farmaponte.com.br/primogyna-2mg-28drg/p
FarmaPonte;7896006257929;Bisalax 5 Mg 20 Comprimidos;Disponível;9,48;9,29;-2.0%;9,48;-0.0%;Laxantes e Purgantes;18046;https://www.farmaponte.com.br/bisalax-5mg-20cpr/p
FarmaPonte;7896714292236;Besilato de Levanlodipino 5mg 30 Comprimidos;Disponível;92,74;60,84;-34.4%;76,05;-18.0%;Anti-hipertensivos;28748;https://www.farmaponte.com.br/besilato-de-levanlodipino-5mg-30-comprimidos/p
FarmaPonte;7899547503913;Alopurinol Prati-Donaduzzi 300Mg, Caixa Com 30 Comprimidos;Disponível;40,51;24,62;-39.2%;25,12;-38.0%;Antigotoso;14687;https://www.farmaponte.com.br/alopurinol-prati-donaduzzi-300mg-caixa-com-30-comprimidos/p
FarmaPonte;7896685302880;Bromelin S Frasco Com 100Ml De Solucao Oral;Disponível;68,31;66,28;-3.0%;67,63;-1.0%;Mucolítico;13240;https://www.farmaponte.com.br/bromelin-s-frasco-com-100ml-de-solucao-oral/p
FarmaPonte;7896658025525;Zolfest D Hemitartarato de Zolpidem 10mg 20 comprimidos;Disponível;0;71,95;0;0;0;Psicotropico;19478;https://www.farmaponte.com.br/zolfest-d-10mg-20cpr/p
FarmaPonte;7896094917545;Vit Neo Quimica Cabelos E Unhas Com 60 Capsulas;Disponível;32,90;32,24;-2.0%;32,90;-0.0%;Relaxante Muscular;22368;https://www.farmaponte.com.br/centrotabs-cabelos-e-unhas-com-60-capsulas/p
FarmaPonte;7896181919391;Alprazolam 2mg 30 Comprimidos - Bio;Disponível;70,62;46,37;-34.3%;47,32;-33.0%;Psicotropico;19214;https://www.farmaponte.com.br/alprazolam-2-30-cpr-bio/p
FarmaPonte;8903855072333;Espran 10 mg com rev ct bl al al x 60;Disponível;117,78;90,03;-23.6%;91,87;-22.0%;Psicotropico;22722;https://www.farmaponte.com.br/espran-10mg-60cpr/p
FarmaPonte;7897473205772;Deriva C Micro 1 + 10mg g gel dermatológico bisnaga com 30g;Disponível;0;41,99;0;0;0;Antibiotico;19434;https://www.farmaponte.com.br/deriva-c-micro-gel-30gr/p
FarmaPonte;-;Floral Thérapi Kids Sonequita - 30Ml;Disponível;36,90;36,16;-2.0%;36,90;-0.0%;Calmante Tranquilizante;-;https://www.farmaponte.com.br/floral-therapi-kids-sonequita-30ml/p
FarmaPonte;7896523201399;Nitrato De Miconazol Creme Cimed 20Mg G, Caixa Com 1 Bisnaga Com 28G De Creme De Uso Dermatologico;Disponível;20,90;18,43;-11.8%;18,81;-10.0%;Antimicotico;12735;https://www.farmaponte.com.br/nitrato-de-miconazol-creme-cimed-20mgg-caixa-com-1-bisnaga-com-28g-de-creme-de-uso-dermatologico/p
FarmaPonte;7898569762858;Telmisartana 80mg Althaia com 30 Comprimidos;Disponível;100,43;65,94;-34.3%;67,29;-33.0%;Anti-hipertensivos;21705;https://www.farmaponte.com.br/telmisartana-80mg-althaia-caixa-com-30-comprimidos/p
FarmaPonte;7896658050954;ProHN Fibras 15 Cápsulas;Disponível;85,70;83,99;-2.0%;85,70;-0.0%;-;29765;https://www.farmaponte.com.br/prohn-fibras-15-capsulas/p
FarmaPonte;7896523219707;Frusalt 460mg/g + 100mg/g + 440mg/g, envelope com 5g de pó efervescente de uso oral;Disponível;0;1,31;0;0;0;Digestivo;12781;https://www.farmaponte.com.br/frusalt-1env-5gr-x60-fr30/p
FarmaPonte;7898087340156;Dersani Original Loção Oleosa com 200mL;Disponível;0;156,69;0;0;0;Cicatrizante;23011;https://www.farmaponte.com.br/kit-locao-hidratante-e-dermoprotetora-dersani-com-3-unidades-de-200ml-cada/p
FarmaPonte;7896658011412;Adinos Gen 0,5mg g + 1mg g 30g Gel Aché;Disponível;53,51;44,05;-17.7%;44,95;-16.0%;Antibiotico;18945;https://www.farmaponte.com.br/adinos-gen-05mg-g100mg-g-gel-30gr/p
FarmaPonte;7898158690401;Pediderm 0,2mg ml Shampoo 100ml;Disponível;0;20,49;0;0;0;Escabicida;20665;https://www.farmaponte.com.br/pediderm-sh-100ml/p
FarmaPonte;7891106914031;Primogyna 1mg 28 Drágeas;Disponível;57,40;49,50;-13.8%;50,51;-12.0%;Tratamento De Distúrbios Hormonais;15958;https://www.farmaponte.com.br/primogyna-1mg-caixa-com-28-drageas/p
FarmaPonte;7898581710424;Rivotril 2mg caixa com 30 comprimidos;Disponível;0;29,10;0;0;0;Psicotropico;19093;https://www.farmaponte.com.br/rivotril-2mg-30cpr-b1/p
FarmaPonte;7896548198636;Travatan Bak Free Colírio 5mL;Disponível;0;171,73;0;0;0;Antiglaucomatoso;17518;https://www.farmaponte.com.br/travatan-bak-free-col-25ml/p
FarmaPonte;7898636193622;Proctan Pomada 25g - 10 protetores;Disponível;62,99;61,73;-2.0%;62,99;-0.0%;Antihemorroidal;27593;https://www.farmaponte.com.br/proctan-pomada-25g-10-protetores/p
FarmaPonte;7891058025137;Lantus 100ui solução injetável caixa com 1 carpule contendo 3ml;Disponível;0;102,07;0;0;0;Antidiabéticos;16068;https://www.farmaponte.com.br/lantus-100uiml-caixa-com-1-carpule-com-3ml-de-solucao-de-uso-subcutaneo/p
FarmaPonte;7896637022767;Donaren 50mg 60 Comprimidos Revestidos;Disponível;61,88;52,16;-15.7%;53,22;-14.0%;Psicotropico;19105;https://www.farmaponte.com.br/donaren-50mg-60-rev-c1/p
FarmaPonte;7896015568214;Clavulin BD 400mg + 57mg ml Suspensão Oral 70ml;Disponível;107,07;52,82;-50.7%;53,90;-49.7%;Antibiotico;18800;https://www.farmaponte.com.br/clavulin-bd-400mg-70ml/p
FarmaPonte;7891317018542;Isotretinoina 20Mg Eurofarma, Caixa Com 30 Capsulas;Disponível;183,17;84,37;-53.9%;86,09;-53.0%;Psicotropico;24169;https://www.farmaponte.com.br/isotretinoina-20mg-eurofarma-caixa-com-30-capsulas/p
FarmaPonte;7896230303454;Bicarbonato de Sódio ADV Antiácido em Pó com 50g;Disponível;0;9,30;0;0;0;Digestivo;25871;https://www.farmaponte.com.br/bicarbonato-de-sodio-adv-antiacido-em-po-com-50g/p
FarmaPonte;7891058002862;Allegra D 24 horas 180 + 240mg, caixa com 5 comprimidos revestidos;Disponível;0;57,12;0;0;0;Anti Histaminico E Antialergico Topico;14916;https://www.farmaponte.com.br/allegra-d-24-horas-180-240mg-caixa-com-5-comprimidos-revestidos/p
FarmaPonte;8902220113107;Lamitor Cd 50 mg 30 comprimidos sus;Disponível;69,19;52,89;-23.6%;53,97;-22.0%;Psicotropico;22002;https://www.farmaponte.com.br/lamitor-cd-50mg-30cpr/p
FarmaPonte;7899547514322;Gabapentina 300mg 60 cápsulas Prati Donaduzzi Genérico;Disponível;147,73;89,76;-39.2%;91,59;-38.0%;Psicotropico;23782;https://www.farmaponte.com.br/gabapentina-300-60cap-prat/p
FarmaPonte;7898029550216;Acertil 5mg 30 Comprimidos;Disponível;81,36;75,74;-6.9%;77,29;-5.0%;Anti-hipertensivos;16761;https://www.farmaponte.com.br/acertil-5mg-caixa-com-30-comprimidos-revestidos/p
FarmaPonte;7891317020651;Pietra Ed 2Mg, Caixa Com 90 Comprimidos Revestidos;Disponível;165,76;138,08;-16.7%;70,45;-57.5%;Antiasmático;24626;https://www.farmaponte.com.br/pietra-ed-2mg-caixa-com-90-comprimidos-revestidos/p
FarmaPonte;7896676427745;Kollagenase 0,6U G, Caixa Com 1 Bisnaga Com 30G De Pomada De Uso Dermatologico + Espatula;Disponível;74,80;67,44;-9.8%;68,82;-8.0%;Cicatrizante;14136;https://www.farmaponte.com.br/kollagenase-06ug-caixa-com-1-bisnaga-com-30g-de-pomada-de-uso-dermatologico-espatula/p
FarmaPonte;7896181925262;Cloridrato de Duloxetina 60mg com 30 Cápsulas Duras de Liberação Retardada  Aché Biosintética Genérico;Disponível;159,64;112,64;-29.4%;57,47;-64.0%;Psicotropico;19565;https://www.farmaponte.com.br/duloxetina-60mg-30cap-bio/p
FarmaPonte;7898927111304;Quiétude com 20 flaconetes;Disponível;149,99;127,38;-15.1%;64,99;-56.7%;Hipnóticos Sedativos;25555;https://www.farmaponte.com.br/quietude-com-20-flaconetes/p
